Process,Rev_num,Sw_rev,Sw,Pc,krw,kro,Swi
0,0,1.0,0.995022316491948,2037.56173928571,0.98526349493936,0.0,0.06
0,0,1.0,0.985058756904694,1941.19606607143,0.95702067653227,0.0,0.06
0,0,1.0,0.975046705256625,954.496757142857,0.951861542441212,0.0,0.06
0,0,1.0,0.965049728602838,1006.1356875,0.868515494955764,0.0,0.06
0,0,1.0,0.955059479586763,1082.32371964286,0.856206501738905,0.0,0.06
0,0,1.0,0.945075261674012,1885.36690714286,0.838634742096768,0.0,0.06
0,0,1.0,0.935097251762206,1700.45427857143,0.795926416218107,0.0,0.06
0,0,1.0,0.925121945067196,2141.08251428571,0.764286904927224,0.0,0.06
0,0,1.0,0.91515727434175,2357.805375,0.747194501117819,0.0,0.06
0,0,1.0,0.905186981588733,2102.931975,0.693593747901803,0.0,0.06
0,0,1.0,0.895214980668047,2030.95325892857,0.624824672150571,0.0,0.06
0,0,1.0,0.885248590718831,2116.67127321429,0.535037949070433,0.0,0.06
0,0,1.0,0.875274174039985,2083.12354821429,0.489797851816215,0.0,0.06
0,0,1.0,0.865302554554798,2282.45599821429,0.454339688425946,0.0,0.06
0,0,1.0,0.855330166670563,2195.24535535714,0.456913691103436,0.0,0.06
0,0,1.0,0.845352250735619,2440.35459642857,0.447452689403007,0.0,0.06
0,0,1.0,0.835376142473257,2598.51158035714,0.435836411760983,0.0,0.06
0,0,1.0,0.82538634122929,3237.10812857143,0.420109738665274,0.0,0.06
0,0,1.0,0.815431294840127,2378.95997142857,0.413532366167903,0.0,0.06
0,0,1.0,0.80544618138316,2552.77483392857,0.408921032852849,0.0,0.06
0,0,1.0,0.795469835414618,3208.14353035714,0.400833545548574,0.0,0.06
0,0,1.0,0.785493859825472,2996.26524642857,0.399406124326798,0.0950007610801082,0.06
0,0,1.0,0.775520432667704,3274.33155535714,0.394468053250359,0.108480532712654,0.06
0,0,1.0,0.765552030508029,2808.05957678571,0.39419150737524,0.122146580410385,0.06
0,0,1.0,0.75557321350082,3277.19670535714,0.392432572041479,0.133017964465721,0.06
0,0,1.0,0.745624773132254,2073.78470357143,0.379270622315866,0.143239102261586,0.06
0,0,1.0,0.735641030631863,2370.54882321429,0.376345823222118,0.14842068680866,0.06
0,0,1.0,0.725648161319753,2532.45539464286,0.372806064968178,0.151596149425153,0.06
0,0,1.0,0.71567711675184,2565.17821071429,0.361820522917115,0.151902373001944,0.06
0,0,1.0,0.70569541410216,2736.05972142857,0.349010720494798,0.152587604019307,0.06
0,0,1.0,0.695734087847393,2552.50737857143,0.325671236068877,0.155339340009664,0.06
0,0,1.0,0.685761987421794,2550.4993875,0.316571178519481,0.155353014524528,0.06
0,0,1.0,0.67578703452203,2859.2476875,0.314530969205967,0.156530536118015,0.06
0,0,1.0,0.665827383266627,2186.34471964286,0.298370018091433,0.151012011396019,0.06
0,0,1.0,0.655851286060366,2471.18608392857,0.295923738567013,0.154068468905435,0.06
0,0,1.0,0.645863253792626,2530.9965,0.289245612411371,0.15525241203695,0.06
0,0,1.0,0.635877968966087,2866.141425,0.287806772977724,0.156731969457409,0.06
0,0,1.0,0.625886221848271,2974.77451071429,0.287290090849566,0.157247976142048,0.06
0,0,1.0,0.615917841800799,2723.77929107143,0.252363549754818,0.156381842051875,0.06
0,0,1.0,0.605937012583131,2844.68476607143,0.248207272387797,0.160252205785447,0.06
0,0,1.0,0.595975459678285,2365.9184625,0.232207350224621,0.157354665662293,0.06
0,0,1.0,0.585998173941122,2646.05338392857,0.229785338420924,0.159313371457831,0.06
0,0,1.0,0.576015293816642,2969.176575,0.228007924882318,0.160790354151923,0.06
0,0,1.0,0.5660295943863,3072.58715892857,0.207773341739925,0.161348420061219,0.06
0,0,1.0,0.556063044123613,2866.26482678571,0.196343985050827,0.237373528226664,0.06
0,0,1.0,0.546088395266638,3102.14815178571,0.189417585155939,0.251253313593228,0.06
0,0,1.0,0.536109214513692,2861.76859821429,0.183788438867497,0.271094402639762,0.06
0,0,1.0,0.526134756374466,3078.29312142857,0.181823525424378,0.280223037882813,0.06
0,0,1.0,0.516166049066392,3487.71957321429,0.180172532397769,0.293832887071553,0.06
0,0,1.0,0.50615545903493,3244.36120178571,0.171397556164938,0.321974935738384,0.06
0,0,1.0,0.496178360145881,3605.82782678571,0.169886974980366,0.323510058037484,0.06
0,0,1.0,0.486190112284163,3641.03952321429,0.168841147182922,0.343210879979878,0.06
0,0,1.0,0.476207709230459,3027.25075714286,0.144300663068429,0.40831048015752,0.06
0,0,1.0,0.466221711838184,3122.58051964286,0.14061444292836,0.420747920216933,0.06
0,0,1.0,0.456256037218729,3001.93081607143,0.0996884227292212,0.419949063517663,0.06
0,0,1.0,0.446279613304671,3297.41304642857,0.0960500336394996,0.423926669991886,0.06
0,0,1.0,0.436303915223672,3678.36169285714,0.0952526001962163,0.425766449482092,0.06
0,0,1.0,0.426312645729436,3298.93763571429,0.0784469173360861,0.444873106275489,0.06
0,0,1.0,0.416325198329461,3474.84998571429,0.0496400617773508,0.454091189538859,0.06
0,0,1.0,0.406368144705086,3231.91711607143,0.0410716908514311,0.453074711370521,0.06
0,0,1.0,0.396397631935651,3622.6733625,0.0403985760042418,0.458975418117631,0.06
0,0,1.0,0.38640737352189,3568.1603625,0.0402408904983028,0.460813734146878,0.06
0,0,1.0,0.376432924227545,4053.69214285714,0.0400697636663331,0.495291748580945,0.06
0,0,1.0,0.366439779065704,3396.22414821429,0.0400428295519084,0.504285713251872,0.06
0,0,1.0,0.356464311504419,3831.73933392857,0.0398162182512397,0.509102445724696,0.06
0,0,1.0,0.346459997468927,3901.9482,0.0397808008878544,0.529562594838502,0.06
0,0,1.0,0.336475237807206,3940.17986785714,0.0396843829336973,0.580789952102209,0.06
0,0,1.0,0.326535147559235,3355.00272321429,0.0387193944681015,0.594860148213215,0.06
0,0,1.0,0.316569027378893,3804.65981785714,0.0386184188783891,0.596347137120583,0.06
0,0,1.0,0.306562988038774,3757.65181607143,0.0384499713057119,0.597176710417984,0.06
0,0,1.0,0.296578065852362,3682.61311071429,0.0384443635163043,0.598284373461406,0.06
0,0,1.0,0.28661018941031,4133.76745714286,0.0383632700890371,0.599550572747961,0.06
0,0,1.0,0.276627825605766,3870.32187321429,0.0352161230297855,0.612378499571375,0.06
0,0,1.0,0.26663912665511,3999.40684285714,0.0286210378302245,0.614341515339845,0.06
0,0,1.0,0.256662739778992,4192.29220714286,0.0060232955645151,0.614948546079682,0.06
0,0,1.0,0.24669540840274,3741.59463214286,0.0050035503402024,0.630969374827973,0.06
0,0,1.0,0.236720963530836,4183.28649642857,0.0,0.640851258250764,0.06
0,0,1.0,0.226761689841296,3513.50089821429,0.0025823056473591,0.638914922501299,0.06
0,0,1.0,0.216779043553361,3500.66858035714,0.001414637552585,0.638972110052586,0.06
0,0,1.0,0.206816994782366,4013.48352857143,0.0012970296004277,0.640538576147372,0.06
0,0,1.0,0.196822700891588,4340.60824285714,0.0,0.641393655478615,0.06
0,0,1.0,0.186822043661639,4554.26555357143,0.0,0.64751357581166,0.06
0,0,1.0,0.176822158700374,3952.93005,0.0,0.665512006692037,0.06
0,0,1.0,0.166845969175667,4598.90968928571,0.0,0.667619052749968,0.06
0,0,1.0,0.156836466511779,4475.10004821429,0.0,0.704676537737633,0.06
0,0,1.0,0.146840871317864,4823.35437857143,0.0,0.744979560998701,0.06
0,0,1.0,0.136829043555849,4223.47849285714,0.0,0.804768599081091,0.06
0,0,1.0,0.126858988509012,4899.79355892857,0.0,0.806643485552303,0.06
0,0,1.0,0.116839181558604,4675.27944642857,0.0,0.82914543609649,0.06
0,0,1.0,0.106850911031878,5292.8579625,0.0,0.858913936675401,0.06
0,0,1.0,0.0968330842292336,4868.26344642857,0.0,0.880126610279462,0.06
0,0,1.0,0.0868443078858677,5792.56167857143,0.0,0.895340026710575,0.06
0,0,1.0,0.0768033467438131,4629.55913035714,0.0,0.935642631839941,0.06
0,0,1.0,0.0668317305754566,5788.40405357143,0.0,0.949706941943137,0.06
0,0,1.0,0.0567709773534503,5644.36896428571,0.0,0.955124336688331,0.06
0,0,1.0,0.0467689185415249,6245.83473214286,0.0,0.964666584594918,0.06
0,0,1.0,0.0367638580533453,6802.30425,0.0,0.983162865594861,0.06
1,1,0.0617889658435399,0.0617889658435399,4838.500023214286,0.0,0.9581822785652904,0.06
1,1,0.0617889658435399,0.0718063562512205,4149.0743892857145,0.0,0.954792388362655,0.06
1,1,0.0617889658435399,0.0818339233219425,3687.6779142857145,0.0,0.9477049273524312,0.06
1,1,0.0617889658435399,0.0918805744024677,3406.567017857143,0.0,0.9350997039064678,0.06
1,1,0.0617889658435399,0.1018999822151857,3187.767348214285,0.0,0.9089145598524574,0.06
1,1,0.0617889658435399,0.111900358583509,2947.785471428571,0.0,0.8970149658181354,0.06
1,1,0.0617889658435399,0.1219437904477675,2839.9108553571427,0.0,0.8802233434405952,0.06
1,1,0.0617889658435399,0.1319131714847732,2741.1737196428567,0.0,0.8679763784535769,0.06
1,1,0.0617889658435399,0.1419056032832863,2619.4039125000004,0.0,0.8526278894006267,0.06
1,1,0.0617889658435399,0.1519652905850628,2546.386982142857,0.0,0.8166380393868805,0.06
1,1,0.0617889658435399,0.1619580449691866,2465.6221875,0.0,0.8027983946637389,0.06
1,1,0.0617889658435399,0.1718995679997685,2480.041596428571,0.0,0.7798278632191493,0.06
1,1,0.0617889658435399,0.1818944698191503,2402.8398053571427,0.0,0.7668890671666665,0.06
1,1,0.0617889658435399,0.1918824678638056,2400.613516071429,0.0002356753506456,0.727738784762927,0.06
1,1,0.0617889658435399,0.201867676068582,2342.5421035714285,0.0003777840354582,0.7067035919845118,0.06
1,1,0.0617889658435399,0.2118525484080654,2336.429073214286,0.0006947899744561,0.6989020906826346,0.06
1,1,0.0617889658435399,0.2217851303393604,2214.917742857143,0.0010244385757694,0.6856264895439333,0.06
1,1,0.0617889658435399,0.2318101377513596,2204.9661964285715,0.0011900159637859,0.6630943691892258,0.06
1,1,0.0617889658435399,0.2417983687437716,2144.3288035714286,0.0019557920608529,0.6506207607375618,0.06
1,1,0.0617889658435399,0.2517852889208973,2144.665414285714,0.0028614013217625,0.6321068538781676,0.06
1,1,0.0617889658435399,0.2617546323321371,2109.706853571429,0.0049208471058813,0.6043994209519202,0.06
1,1,0.0617889658435399,0.2717367247915032,2114.4664071428574,0.0065124234567703,0.5856877538793174,0.06
1,1,0.0617889658435399,0.2817098966244254,2041.052930357143,0.0079019735253479,0.5774189904000981,0.06
1,1,0.0617889658435399,0.2916944674044615,2032.8683142857144,0.009911558712164,0.5691941468316111,0.06
1,1,0.0617889658435399,0.3016838504092947,2053.0912714285714,0.0116278581211589,0.5439726516135501,0.06
1,1,0.0617889658435399,0.311650298849839,1957.145169642857,0.012992806767751,0.5331779062746532,0.06
1,1,0.0617889658435399,0.3216566953407095,1956.838167857143,0.0142889072956182,0.4739622875760286,0.06
1,1,0.0617889658435399,0.3316388519852056,1932.1832303571432,0.0168427647093305,0.455068797540871,0.06
1,1,0.0617889658435399,0.3416189519389381,1925.9206982142853,0.0197924426393663,0.4385574842237702,0.06
1,1,0.0617889658435399,0.3515991354440038,1931.3259857142857,0.0215920155499963,0.405061323436692,0.06
1,1,0.0617889658435399,0.3615700015921232,1873.9311321428568,0.0256071831166781,0.394237727010335,0.06
1,1,0.0617889658435399,0.3715654633714331,1857.3213910714285,0.0300709561457841,0.3627055951570057,0.06
1,1,0.0617889658435399,0.3815403942089121,1872.232575,0.0315702123940186,0.3459547567024301,0.06
1,1,0.0617889658435399,0.3915249710754691,1797.7833321428573,0.0360580649845818,0.3334521845893862,0.06
1,1,0.0617889658435399,0.4014999688646787,1822.8699803571428,0.0415826751310461,0.3056555448726479,0.06
1,1,0.0617889658435399,0.4114617096579221,1746.1146696428573,0.0484086430074347,0.2993895357556078,0.06
1,1,0.0617889658435399,0.4214528422608707,1763.1556767857144,0.0549443309904824,0.2702592006463672,0.06
1,1,0.0617889658435399,0.4314243286808078,1785.7236857142857,0.0592384052682021,0.2486257739758527,0.06
1,1,0.0617889658435399,0.4413951323037574,1698.8153089285715,0.0662420759016789,0.2432665960292123,0.06
1,1,0.0617889658435399,0.4513798917659431,1762.3680267857144,0.0670740791875508,0.1931100258091793,0.06
1,1,0.0617889658435399,0.4613431995616731,1698.1521589285717,0.0736824255948707,0.189989685816643,0.06
1,1,0.0617889658435399,0.4713184640511647,1731.2911875000002,0.0838085558269748,0.182787962277766,0.06
1,1,0.0617889658435399,0.4812887027343053,1655.7656357142855,0.0938239712171001,0.1794128675045972,0.06
1,1,0.0617889658435399,0.4912737488162961,1636.835373214286,0.1045010510785667,0.17465998052632,0.06
1,1,0.0617889658435399,0.5012592790533632,1645.296032142857,0.1088307935986931,0.1698149759176242,0.06
1,1,0.0617889658435399,0.5112261474638535,1582.4328589285717,0.1150992632599815,0.1668301910065821,0.06
1,1,0.0617889658435399,0.5212256827856444,1655.9636035714284,0.1162467115348786,0.1401836273616701,0.06
1,1,0.0617889658435399,0.5411419335852334,1538.3039196428572,0.1288977091448539,0.1356752300307334,0.06
1,1,0.0617889658435399,0.5511239767991117,1535.422783928571,0.136116576083526,0.1304759086584863,0.06
1,1,0.0617889658435399,0.5610918605519618,1504.9068214285712,0.1428872347848909,0.1257013608498301,0.06
1,1,0.0617889658435399,0.5710718459684363,1517.5412464285714,0.1517049183465174,0.1155144342682088,0.06
1,1,0.0617889658435399,0.5810369028089616,1468.826625,0.1636007990496831,0.0536360853448617,0.06
1,1,0.0617889658435399,0.5910315124753374,1558.9539803571429,0.1674333620691665,0.0545750306381984,0.06
1,1,0.0617889658435399,0.6009739883231092,1441.6255607142857,0.1767444474723255,0.0518602365837417,0.06
1,1,0.0617889658435399,0.6109423650841568,1405.0578267857145,0.1874849643458293,0.046689340126258,0.06
1,1,0.0617889658435399,0.620914659351421,1401.6880607142857,0.2003044963712199,0.03780551456212,0.06
1,1,0.0617889658435399,0.6308852327932144,1348.3505196428573,0.2108621449529131,0.0322979802710989,0.06
1,1,0.0617889658435399,0.6408917167086587,1539.0218357142858,0.2479327689252238,0.0,0.06
1,1,0.0617889658435399,0.6507775322237963,1396.4633517857142,0.2603753552209734,0.0,0.06
1,1,0.0617889658435399,0.660763134049587,1408.8089785714287,0.2807790887189433,0.0,0.06
1,1,0.0617889658435399,0.6707261112498839,1382.1054857142858,0.2913914643076748,0.0,0.06
1,1,0.0617889658435399,0.680671224861752,1285.787019642857,0.3022969502197322,0.0,0.06
1,1,0.0617889658435399,0.6906274401700591,1230.9922607142855,0.3119060509527251,0.0,0.06
1,1,0.0617889658435399,0.7006204135666255,1246.0752,0.3113286914817647,0.0,0.06
1,1,0.0617889658435399,0.7105794075320943,1220.510475,0.3262548514333836,0.0,0.06
1,1,0.0617889658435399,0.7205720276081616,1273.7263660714286,0.3363148107153968,0.0,0.06
1,1,0.0617889658435399,0.7305272292893706,1228.6956910714289,0.3421157287235492,0.0,0.06
1,1,0.0617889658435399,0.7404574354384269,1073.2277517857144,0.3469382507122511,0.0,0.06
1,1,0.0617889658435399,0.7504155333832948,1027.9494642857144,0.3518618479989945,0.0,0.06
1,1,0.0617889658435399,0.7602886132284568,804.2018946428572,0.3627253920849116,0.0,0.06
1,1,0.0617889658435399,0.7702784202668325,751.7908232142858,0.3686490156657062,0.0,0.06
1,1,0.0617889658435399,0.7803440128709512,922.5272571428573,0.3743982944086222,0.0,0.06
0,2,0.201813790495219,0.201813790495219,2294.73430178571,0.0003965480333215,0.70740026372853,0.06
0,2,0.201813790495219,0.191833054057603,2455.63733571429,0.0,0.714786093872336,0.06
0,2,0.201813790495219,0.181855508370877,2612.88965357143,0.0,0.721176191613034,0.06
0,2,0.201813790495219,0.171879207598255,2786.41686428571,0.0,0.725969235316722,0.06
0,2,0.201813790495219,0.161897992603458,2995.32289285714,0.0,0.729527085807782,0.06
0,2,0.201813790495219,0.151907704985213,3192.79236964286,0.0,0.732330096002235,0.06
0,2,0.201813790495219,0.141931125839816,3495.19937142857,0.0,0.734463178799629,0.06
0,2,0.201813790495219,0.131945465753059,3757.67696785714,0.0,0.736119687948311,0.06
0,2,0.201813790495219,0.121953287196244,3955.14272678571,0.0,0.749190163323047,0.06
0,2,0.201813790495219,0.111960804203864,4153.72847678571,0.0,0.752310937529274,0.06
0,2,0.201813790495219,0.101961207178954,4562.72446071429,0.0,0.767650420668636,0.06
0,2,0.201813790495219,0.0919219303885401,4742.60241964286,0.0,0.815856856793028,0.06
0,2,0.201813790495219,0.0819023748120062,4988.23452321429,0.0,0.856302302144702,0.06
0,2,0.201813790495219,0.0718764959590726,5322.10608214286,0.0,0.895425550725688,0.06
0,2,0.401451935796925,0.401451935796925,1801.25308392857,0.0426343471231293,0.306431870705958,0.06
0,2,0.401451935796925,0.391467889847715,1917.62064642857,0.0364662837491586,0.312553190172007,0.06
0,2,0.401451935796925,0.381492328414405,2030.03457857143,0.0313247127977972,0.317359372860342,0.06
0,2,0.401451935796925,0.371521141220403,2146.79245714286,0.0257550972063736,0.320660731716005,0.06
0,2,0.401451935796925,0.361552903088856,2246.94474642857,0.0214756800530191,0.322878132379371,0.06
0,2,0.401451935796925,0.351583655133553,2349.92213035714,0.0191578538039491,0.324729925115024,0.06
0,2,0.401451935796925,0.341621019555218,2471.07084642857,0.01787193960763,0.326547945674721,0.06
0,2,0.401451935796925,0.331661246530547,2598.67190892857,0.0168410809251293,0.328669176046553,0.06
0,2,0.401451935796925,0.321688482214766,2672.64381428571,0.0142192862765235,0.330614389053698,0.06
0,2,0.401451935796925,0.31172713262286,2788.23407678571,0.0120349496991583,0.331590710496626,0.06
0,2,0.401451935796925,0.30176941085468,2912.64155357143,0.0109128250883524,0.332429900823181,0.06
0,2,0.401451935796925,0.291780045169455,2845.96960178571,0.0078982878552119,0.333228065996943,0.06
0,2,0.401451935796925,0.281836059444337,3035.08618392857,0.0063033650033253,0.343756316703565,0.06
0,2,0.401451935796925,0.27187768941478,3176.97105,0.0047585108496733,0.357497153689051,0.06
0,2,0.401451935796925,0.261881035364033,3136.55383928571,0.0041226288615568,0.363603709889611,0.06
0,2,0.401451935796925,0.251913541984437,3303.74050714286,0.0036777523298177,0.375152780901481,0.06
0,2,0.401451935796925,0.241938304404545,3400.69240178571,0.0023053316697052,0.428324916958642,0.06
0,2,0.401451935796925,0.231942342424115,3468.47548928571,0.0,0.460612580634085,0.06
0,2,0.401451935796925,0.221982400818213,3696.21282321429,0.0,0.480694722607006,0.06
0,2,0.401451935796925,0.211960936490254,3597.29957142857,0.0,0.492157224274507,0.06
0,2,0.401451935796925,0.201986213526751,3741.1639125,0.0,0.51353200432316,0.06
0,2,0.401451935796925,0.191992773610263,3855.69362142857,0.0,0.523964486787963,0.06
0,2,0.401451935796925,0.182004767665756,3941.13165,0.0,0.547531547433865,0.06
0,2,0.401451935796925,0.171997100935189,4076.13583928571,0.0,0.582780291169227,0.06
0,2,0.401451935796925,0.161983644770244,4248.769425,0.0,0.625456002775108,0.06
0,2,0.401451935796925,0.151943423562167,4603.13924464286,0.0,0.632437129677034,0.06
0,2,0.401451935796925,0.141983235184398,4489.64873035714,0.0,0.649303243825542,0.06
0,2,0.401451935796925,0.131984087905973,4252.79905714286,0.0,0.689368092836174,0.06
0,2,0.401451935796925,0.122022890813536,4942.10989285714,0.0,0.700511592178782,0.06
0,2,0.401451935796925,0.111951115524464,4400.06912678571,0.0,0.804164672165045,0.06
0,2,0.401451935796925,0.101972670464835,5079.49959107143,0.0,0.806523980295383,0.06
0,2,0.401451935796925,0.0919333703535498,5204.29301785714,0.0,0.836443796304568,0.06
0,2,0.401451935796925,0.0819119587072253,5436.76280357143,0.0,0.872029361208137,0.06
0,2,0.401451935796925,0.0718304983155269,4922.32604464286,0.0,0.890634822828351,0.06
0,2,0.600923635528911,0.600923635528911,1441.1608875,0.177339368474783,0.0521314368058662,0.06
0,2,0.600923635528911,0.591005234208135,1576.37891785714,0.168182268111998,0.0547167258229214,0.06
0,2,0.600923635528911,0.581075873719903,1743.4630875,0.159612319543001,0.0561861869709679,0.06
0,2,0.600923635528911,0.571139639499933,1855.47312857143,0.151262563953043,0.0573447060867834,0.06
0,2,0.600923635528911,0.561183671017877,1967.74778571429,0.143367680976447,0.0582688237866763,0.06
0,2,0.600923635528911,0.551262693710699,2132.35581964286,0.134465189048198,0.0593194842216796,0.06
0,2,0.600923635528911,0.541325030419728,2261.33793214286,0.128125829981378,0.059820254830366,0.06
0,2,0.600923635528911,0.531371436146788,2329.72744285714,0.12031816284509,0.06009173648729,0.06
0,2,0.600923635528911,0.521454705031957,2494.06868035714,0.118574027765392,0.0607177600556051,0.06
0,2,0.600923635528911,0.511475621963934,2504.97401785714,0.117696329117252,0.0645010961081346,0.06
0,2,0.600923635528911,0.50148652652957,2445.36458035714,0.109303333884678,0.0644548668238467,0.06
0,2,0.600923635528911,0.491531763722234,2806.20224464286,0.107687864362579,0.0674478036948851,0.06
0,2,0.600923635528911,0.481604294064563,2523.06959464286,0.103330211551322,0.0699340308788654,0.06
0,2,0.600923635528911,0.471740513966106,2803.02174107143,0.101930240675804,0.0706963348263583,0.06
0,2,0.600923635528911,0.461700742498839,2696.74473214286,0.0970388073661619,0.0726073655668382,0.06
0,2,0.600923635528911,0.451791965511162,2872.27041428571,0.0932428823329948,0.0730044186067643,0.06
0,2,0.600923635528911,0.441841967197721,2949.5017875,0.0876202508581148,0.0777763048463153,0.06
0,2,0.600923635528911,0.431938953058039,3145.18752321429,0.0825446610893794,0.0784205251846755,0.06
0,2,0.600923635528911,0.421947468447562,3138.54464464286,0.0727187815835178,0.101731070072199,0.06
0,2,0.600923635528911,0.411789253158792,2827.01806607143,0.0646533266035572,0.109293408081344,0.06
0,2,0.600923635528911,0.401878104179332,3019.10765357143,0.0592419223990982,0.180290606357709,0.06
0,2,0.600923635528911,0.391982070757696,3239.57576785714,0.0576286142962606,0.195696057814106,0.06
0,2,0.600923635528911,0.381963392777532,3183.76896964286,0.0523187147789374,0.214743195167877,0.06
0,2,0.600923635528911,0.372054415675567,3370.97398928571,0.0519523831617399,0.22316782528013,0.06
0,2,0.600923635528911,0.361810167873436,2797.07665178571,0.029929363885788,0.266146328566444,0.06
0,2,0.600923635528911,0.351941091675542,3126.31031785714,0.0260403032323269,0.277503621864847,0.06
0,2,0.600923635528911,0.341974443964299,3269.2234125,0.0232852189719541,0.284311658324001,0.06
0,2,0.600923635528911,0.332108325134052,3568.47479464286,0.0226515693246683,0.2884251254375,0.06
0,2,0.600923635528911,0.322039601952173,3349.58491607143,0.0171891627017194,0.299443201351402,0.06
0,2,0.600923635528911,0.312169966986409,3593.34979285714,0.0160847047986161,0.322866038723981,0.06
0,2,0.600923635528911,0.302150092755189,3519.52473214286,0.0136311462445381,0.373145539664496,0.06
0,2,0.600923635528911,0.292241849036055,3859.80227142857,0.0124634322517687,0.380217964015425,0.06
0,2,0.600923635528911,0.28213222770467,3548.306175,0.0121763711684361,0.483967519851004,0.06
0,2,0.600923635528911,0.272248493828179,4047.88609285714,0.0119161187600176,0.509033743469607,0.06
0,2,0.600923635528911,0.262082706347833,3655.38721071429,0.010368704836248,0.587993862791529,0.06
0,2,0.600923635528911,0.252201862764671,4190.31874285714,0.0100832652998209,0.595113359122946,0.06
0,2,0.600923635528911,0.242127148349516,3866.64864107143,0.0093124571967823,0.600358483606785,0.06
0,2,0.600923635528911,0.232190005577424,4649.32608214286,0.0087037373656882,0.60146022847842,0.06
0,2,0.600923635528911,0.222028908310322,3242.52389464286,0.0055856802114266,0.635347052931373,0.06
0,2,0.600923635528911,0.21201544937728,3263.68498392857,0.0044488584321042,0.643213879270743,0.06
0,2,0.600923635528911,0.20213407862324,3937.23355714286,0.0044624366158575,0.644873074111512,0.06
0,2,0.600923635528911,0.192229941958819,4605.07093928571,0.0044577024000679,0.648409841115582,0.06
0,2,0.600923635528911,0.182147622092096,4111.29019821429,0.0043742542480371,0.682588859218513,0.06
0,2,0.600923635528911,0.17219605224402,4531.57119642857,0.0044224941025337,0.714031462641581,0.06
0,2,0.600923635528911,0.162185944809533,4493.92675714286,0.0044296417423451,0.756094530893621,0.06
0,2,0.600923635528911,0.152212507070867,4892.33856428571,0.0044618287166902,0.781614797294977,0.06
0,2,0.600923635528911,0.142060618941294,4405.67535,0.0039030096878703,0.800678611670876,0.06
0,2,0.600923635528911,0.132109297434493,4964.56617857143,0.0039444076211578,0.823972744889084,0.06
0,2,0.600923635528911,0.12201342467525,4311.11329821429,0.0,0.849983093809536,0.06
0,2,0.600923635528911,0.112081364029978,5203.95251785714,0.0,0.860083241980938,0.06
0,2,0.600923635528911,0.102019848842759,5090.48547321429,0.0,0.882997406055657,0.06
0,2,0.600923635528911,0.0919906551617027,5251.900125,0.0,0.891845523172417,0.06
0,2,0.600923635528911,0.0819183127383304,5498.01321428571,0.0,0.917653544594912,0.06
0,2,0.600923635528911,0.0718616097176606,5530.90741071429,0.0,0.938487889418317,0.06
0,2,0.7710699141182538,0.7710699141182538,2488.785182142857,0.3740637890467667,0.0,0.06
0,2,0.7710699141182538,0.7607305654503753,2480.376433928572,0.3619854758736802,0.0,0.06
0,2,0.7710699141182538,0.7509102832572631,2326.075955357143,0.3564644327122764,0.0,0.06
0,2,0.7710699141182538,0.7409159646884885,2385.491748214285,0.3386122675177684,0.0,0.06
0,2,0.7710699141182538,0.730924772056211,2459.612646428571,0.3305760335110044,0.0,0.06
0,2,0.7710699141182538,0.7206699624808778,1690.0138767857145,0.2822737808988271,0.0,0.06
0,2,0.7710699141182538,0.7107127276241162,1818.2130803571429,0.2429677605179622,0.0,0.06
0,2,0.7710699141182538,0.7008599238115649,2281.4089339285715,0.2323979217889475,0.0,0.06
0,2,0.7710699141182538,0.6909298798677517,2467.242921428571,0.2214281400866642,0.0,0.06
0,2,0.7710699141182538,0.6809750875484893,2571.1456125,0.2166943585107853,0.0,0.06
0,2,0.7710699141182538,0.670962119321964,2459.4385392857143,0.1887588025769457,0.0,0.06
0,2,0.7710699141182538,0.6610579294847884,2674.287117857143,0.17501219215757,0.0,0.06
0,2,0.7710699141182538,0.6511629966735438,2928.515217857143,0.166235672053838,0.0,0.06
0,2,0.7710699141182538,0.6413076368146897,3338.0794607142857,0.1578388219686075,0.0,0.06
0,2,0.7710699141182538,0.6311297423914707,2749.9163517857146,0.126636353190381,0.0,0.06
0,2,0.7710699141182538,0.6212459891337517,3034.020171428572,0.1228703567379069,0.0,0.06
0,2,0.7710699141182538,0.6114230344220952,3545.335601785714,0.1181749966408746,0.0706928386020474,0.06
0,2,0.7710699141182538,0.6013195073668618,3140.1171107142864,0.1070459340993881,0.0828033945539793,0.06
0,2,0.7710699141182538,0.5912598150520676,3036.193596428572,0.0963655172252973,0.0880472662509097,0.06
0,2,0.7710699141182538,0.5814211689591205,3522.6608410714284,0.0898382192156765,0.0887845225012349,0.06
0,2,0.7710699141182538,0.5712575545819059,2951.7248785714287,0.06375208231598,0.0901197456826494,0.06
0,2,0.7710699141182538,0.5614642823627612,3042.773941071429,0.058144553436548,0.1786856078183552,0.06
0,2,0.7710699141182538,0.5513194993100266,2597.718423214286,0.0572628535896566,0.1850214931756483,0.06
0,2,0.7710699141182538,0.5413798027218868,2763.6725464285714,0.0497997913040345,0.2064777284963107,0.06
0,2,0.7710699141182538,0.5315036051087425,3107.620376785714,0.045386070247895,0.2093491193060815,0.06
0,2,0.7710699141182538,0.5213481175779425,3038.4418982142856,0.0487853491154464,0.2565994651291428,0.06
0,2,0.7710699141182538,0.5114514344886859,3036.9454125,0.0456372693008588,0.2628752360132332,0.06
0,2,0.7710699141182538,0.5013590503144864,2542.4776392857143,0.0536435248727653,0.269034653710159,0.06
0,2,0.7710699141182538,0.491442596862705,2813.596328571429,0.0503431148544262,0.2708311244051976,0.06
0,2,0.7710699141182538,0.4815019228970975,3006.2650714285714,0.0474559974680517,0.2720054633731504,0.06
0,2,0.7710699141182538,0.4715688818105547,3208.7464017857146,0.0456981589259097,0.2727543694159817,0.06
0,2,0.7710699141182538,0.4615406539379819,3307.4492625000003,0.0433908695957382,0.2745175503947203,0.06
0,2,0.7710699141182538,0.45152265491237,3204.125373214285,0.0272153128192023,0.2858806171270122,0.06
0,2,0.7710699141182538,0.441491702189584,2649.647367857143,0.0310249863443814,0.2883034008661598,0.06
0,2,0.7710699141182538,0.4316042186164404,2954.5157571428576,0.0247711802402536,0.2901215661637534,0.06
0,2,0.7710699141182538,0.421636317979547,3144.240546428572,0.0241340231112649,0.2946148737648329,0.06
0,2,0.7710699141182538,0.4118420087032716,3236.620982142857,0.0228180436373501,0.2958211676440361,0.06
0,2,0.7710699141182538,0.4018688306496435,3338.1190017857143,0.0202786992533856,0.3183258038803104,0.06
0,2,0.7710699141182538,0.3918478277101018,3269.082685714286,0.0192953982274271,0.3400968602088423,0.06
0,2,0.7710699141182538,0.381957256884319,3546.3968196428573,0.0191611554361986,0.3444896714634682,0.06
0,2,0.7710699141182538,0.37180937959631,3177.670591071429,0.0181690495215085,0.4364037360710882,0.06
0,2,0.7710699141182538,0.3619196157609036,3511.138928571429,0.0176685844706046,0.4374225943737324,0.06
0,2,0.7710699141182538,0.351965006272195,3618.8084571428576,0.0164698266112363,0.4579914255661644,0.06
0,2,0.7710699141182538,0.341933408455554,3445.783398214285,0.0164621828420781,0.4846278623828859,0.06
0,2,0.7710699141182538,0.3320096909588919,3836.3571,0.0164244030345747,0.4936501474356505,0.06
0,2,0.7710699141182538,0.321997814630017,3936.254051785714,0.0163948636380047,0.5574902705979516,0.06
0,2,0.7710699141182538,0.3119996832771333,3940.721180357143,0.0163006183605007,0.5790552684071828,0.06
0,2,0.7710699141182538,0.301667791605319,5486.513892857142,0.0168653663360397,0.5888668735400067,0.06
0,2,0.7710699141182538,0.2920367652357489,4082.447533928572,0.0169761615879612,0.5908764466653313,0.06
0,2,0.7710699141182538,0.2816689972522784,5399.013053571429,0.0163778022563512,0.6053092594541789,0.06
0,2,0.7710699141182538,0.2720698272588435,4286.115723214286,0.0151962963502007,0.6228809386863733,0.06
0,2,0.7710699141182538,0.2619713098625642,3870.3745982142855,0.0151269475991721,0.6728383656421824,0.06
0,2,0.7710699141182538,0.25193392184826,3661.819028571429,0.0148935000059905,0.7039848674920534,0.06
0,2,0.7710699141182538,0.2418912358392446,3444.13155,0.0105129514284544,0.7096948418549512,0.06
0,2,0.7710699141182538,0.2317035902212098,2909.2226892857143,0.0069979470537515,0.7167112365577694,0.06
0,2,0.7710699141182538,0.2219908175618391,3834.416282142857,0.0072524649466926,0.7207458215174273,0.06
0,2,0.7710699141182538,0.2120819328931162,4355.505712499999,0.0074066048566158,0.7247073781670763,0.06
0,2,0.7710699141182538,0.2018913913420077,3470.7369803571432,0.0059202011728111,0.7604594077341338,0.06
0,2,0.7710699141182538,0.1919905226293811,4030.0923375,0.0057661719069692,0.7647724201615709,0.06
0,2,0.7710699141182538,0.181930166256313,3836.955048214286,0.0016317703865137,0.7766959281128679,0.06
0,2,0.7710699141182538,0.1716696974040254,3691.979266071429,0.0,0.7848886398682305,0.06
0,2,0.7710699141182538,0.1617153131607355,4397.401419642857,0.0,0.7876609656285287,0.06
0,2,0.7710699141182538,0.1518835130358894,3619.884991071429,0.0,0.7921434982972793,0.06
0,2,0.7710699141182538,0.1418920272570982,3707.288780357144,0.0,0.8134391388802737,0.06
0,2,0.7710699141182538,0.1318954932001216,4029.8852625,0.0,0.8189066451017921,0.06
0,2,0.7710699141182538,0.1218779818426498,4267.437,0.0,0.8448262111968754,0.06
0,2,0.7710699141182538,0.1114996853395546,4584.942525,0.0,0.8553868349464506,0.06
0,2,0.7710699141182538,0.1016405590118309,5030.482366071428,0.0,0.8912662177808416,0.06
0,2,0.7710699141182538,0.0916698047749562,5283.4989160714285,0.0,0.9051334431143478,0.06
0,2,0.7710699141182538,0.0815803721112842,5120.696003571429,0.0,0.9218842011589806,0.06
0,2,0.7710699141182538,0.0716570565219113,5673.531535714285,0.0,0.9307309352247252,0.06
0,2,0.7710699141182538,0.0616131903815512,7322.214214285715,0.0,0.950468986970614,0.06
0,2,0.7710699141182538,0.0516672708403957,8328.07725,0.0,0.9584520539232292,0.06
1,3,0.2015591555571252,0.2015591555571252,3531.364821428572,0.0,0.715173074762833,0.06
1,3,0.2015591555571252,0.211526415978404,3311.150383928571,0.0,0.7027494812955618,0.06
1,3,0.2015591555571252,0.2214759802626465,3228.374775,0.0019583331758638,0.6940429982519682,0.06
1,3,0.2015591555571252,0.2314353976856471,3194.774239285714,0.0020785111423655,0.675842963563119,0.06
1,3,0.2015591555571252,0.2414441776364481,3118.953267857143,0.0022562586073818,0.6578880505437601,0.06
1,3,0.2015591555571252,0.2514126423611595,3031.5093,0.0024205504333975,0.6401603277766579,0.06
1,3,0.2015591555571252,0.2613870028301241,3072.4254482142856,0.0024700660720458,0.5963279995542073,0.06
1,3,0.2015591555571252,0.2713317037097009,2931.935748214285,0.0029749592984972,0.5862865828049931,0.06
1,3,0.2015591555571252,0.2813567879477764,2809.066928571429,0.0040426872263096,0.5787489226072795,0.06
1,3,0.2015591555571252,0.2913456490314534,2783.9498035714287,0.0052232139001773,0.5691019809552267,0.06
1,3,0.2015591555571252,0.3013229529204063,2734.6826464285714,0.0077159179442265,0.5570308564310223,0.06
1,3,0.2015591555571252,0.3113053439339787,2725.5679928571426,0.0098304247582857,0.54461715338671,0.06
1,3,0.2015591555571252,0.321278591924865,2621.5911160714286,0.0113142382770143,0.5294059241060405,0.06
1,3,0.2015591555571252,0.3312664735380977,2609.1201803571425,0.012386672759596,0.5119825368902725,0.06
1,3,0.2015591555571252,0.3412478700552589,2589.9157446428576,0.0136699881065653,0.4914402731429263,0.06
1,3,0.2015591555571252,0.3512255774192527,2546.970578571428,0.0169917852398383,0.4536359727709418,0.06
1,3,0.2015591555571252,0.3611986773765377,2535.944576785714,0.0201481247637455,0.428581328184095,0.06
1,3,0.2015591555571252,0.3711837613773144,2464.879275,0.0255449007914187,0.3776340548329873,0.06
1,3,0.2015591555571252,0.3811639074001073,2440.297226785714,0.0319055893996537,0.3684310403928894,0.06
1,3,0.2015591555571252,0.3911423476973824,2412.3864,0.035660354191324,0.3534327366406318,0.06
1,3,0.2015591555571252,0.4011376849728542,2356.7571267857147,0.0373764840961596,0.3328723324102003,0.06
1,3,0.2015591555571252,0.4111250067296854,2227.6105017857144,0.0408533247862924,0.3207712632233145,0.06
1,3,0.2015591555571252,0.4210964081961775,2316.461185714286,0.0437105087673774,0.2903401364701466,0.06
1,3,0.2015591555571252,0.431072782701243,2202.4771928571427,0.0529643246011083,0.2832748686041228,0.06
1,3,0.2015591555571252,0.4410223358551395,1982.72235,0.0570820630907668,0.2539981391531047,0.06
1,3,0.2015591555571252,0.4510393611662251,2204.048078571429,0.0611267105506609,0.2348767030122288,0.06
1,3,0.2015591555571252,0.4610262666481176,2152.359835714285,0.0690360914399354,0.2319260119169143,0.06
1,3,0.2015591555571252,0.4709904895979849,2197.618548214285,0.074615859590731,0.1833090508707874,0.06
1,3,0.2015591555571252,0.4809594212407092,2109.3072482142857,0.0828919677141214,0.1810698269489581,0.06
1,3,0.2015591555571252,0.4909461286024436,2146.9413375000004,0.0987777206241773,0.1783350687139145,0.06
1,3,0.2015591555571252,0.5009077387035976,2075.806157142857,0.1073855776565857,0.1753841524707603,0.06
1,3,0.2015591555571252,0.510895081608086,2038.4523857142856,0.1122489704109905,0.1539565318323263,0.06
1,3,0.2015591555571252,0.5208718395535697,2008.3157625,0.1158428365154094,0.146704288334616,0.06
1,3,0.2015591555571252,0.5308595269422657,2082.431608928571,0.1170490853650446,0.1352174690922272,0.06
1,3,0.2015591555571252,0.5408182871183375,1959.856757142857,0.1242195423017812,0.1324128876874928,0.06
1,3,0.2015591555571252,0.550804934932721,1962.3609,0.1324756540806075,0.1314709495360869,0.06
1,3,0.2015591555571252,0.5607931148392254,1936.5281678571428,0.1405462118755353,0.1307804581002684,0.06
1,3,0.2015591555571252,0.5707646749131473,1883.6619160714283,0.1529860690578278,0.1276015458972314,0.06
1,3,0.2015591555571252,0.580733741789575,1863.3808982142853,0.1605134930698288,0.1210538784409123,0.06
1,3,0.2015591555571252,0.5907229545921843,1896.6376553571429,0.163799620674136,0.1117486275831995,0.06
1,3,0.2015591555571252,0.6006862336887144,1854.019751785714,0.1698226148621858,0.0526863377798155,0.06
1,3,0.2015591555571252,0.610649184440039,1762.6170267857142,0.1824681880174229,0.0497809705528336,0.06
1,3,0.2015591555571252,0.6206388201957945,1754.8735660714287,0.1941873421402055,0.0470838892005667,0.06
1,3,0.2015591555571252,0.6306231801675667,1815.038646428572,0.2094223084359759,0.0397305511064287,0.06
1,3,0.2015591555571252,0.6405954859746676,1727.072892857143,0.2177422126387865,0.0338590428177316,0.06
1,3,0.2015591555571252,0.6505786716949413,1737.8814857142856,0.2309323058443635,0.0,0.06
1,3,0.2015591555571252,0.6605538157402615,1935.994633928572,0.2734179605095513,0.0,0.06
1,3,0.2015591555571252,0.670477749063835,1713.9421982142856,0.2848432002095805,0.0,0.06
1,3,0.2015591555571252,0.6804697555832793,1755.4757625000002,0.2926501693875649,0.0,0.06
1,3,0.2015591555571252,0.6904210361668682,1653.2352375,0.29268395764551,0.0,0.06
1,3,0.2015591555571252,0.7004007158281655,1573.6382678571429,0.2985417254831893,0.0,0.06
1,3,0.2015591555571252,0.710383690071866,1574.1500142857144,0.3083194297841484,0.0,0.06
1,3,0.2015591555571252,0.7203485329820032,1547.0958214285715,0.3191663129299268,0.0,0.06
1,3,0.2015591555571252,0.7303104747767304,1161.7453017857142,0.324384853886691,0.0,0.06
1,3,0.2015591555571252,0.7402784647445991,1126.1759035714283,0.3313110125517508,0.0,0.06
1,3,0.2015591555571252,0.7502040910237753,926.4967982142856,0.3358543190552346,0.0,0.06
1,3,0.2015591555571252,0.7602160539214028,975.7249392857144,0.3404505031370733,0.0,0.06
1,3,0.2015591555571252,0.7701922181656911,936.0388017857144,0.3459553517360064,0.0,0.06
1,3,0.2015591555571252,0.7802038246915947,983.405892857143,0.3502351226931091,0.0,0.06
1,3,0.4018267103260424,0.4018267103260424,3245.2528232142854,0.0205557195471665,0.3183141122746341,0.06
1,3,0.4018267103260424,0.411740500366028,2945.9848982142857,0.0238675252625927,0.3170469963147319,0.06
1,3,0.4018267103260424,0.4216698278085466,2654.1940285714286,0.029280801410519,0.3151366490587654,0.06
1,3,0.4018267103260424,0.4316072509295852,2457.580601785714,0.0343191243871857,0.3129856509261255,0.06
1,3,0.4018267103260424,0.4415549336228661,2292.3488142857145,0.0449107767254707,0.3099090700244358,0.06
1,3,0.4018267103260424,0.4515145661520816,2169.939605357143,0.048792843322111,0.3066085474321768,0.06
1,3,0.4018267103260424,0.4614704024058134,2058.9695464285714,0.0538384610887843,0.3020568782946466,0.06
1,3,0.4018267103260424,0.4714511601701165,2039.0746125,0.0574914799634906,0.2966409952563762,0.06
1,3,0.4018267103260424,0.4814013852158985,1948.307325,0.0628015547744891,0.29029859669372,0.06
1,3,0.4018267103260424,0.4913709773331186,1916.3266232142853,0.0662218077715083,0.2669015387487875,0.06
1,3,0.4018267103260424,0.5013398553876727,1881.5249517857144,0.0715618867485459,0.2565224163219962,0.06
1,3,0.4018267103260424,0.5112945362290157,1814.1060696428567,0.0797388236813392,0.2522382710640077,0.06
1,3,0.4018267103260424,0.5212640387405544,1754.3608339285713,0.0890527748948579,0.2337504652720312,0.06
1,3,0.4018267103260424,0.5312340594066856,1735.550732142857,0.0961301669720502,0.2158602500926121,0.06
1,3,0.4018267103260424,0.5412003277653383,1694.033057142857,0.1026077732452479,0.1816825507127417,0.06
1,3,0.4018267103260424,0.5511647366669625,1670.9039035714286,0.1110665454191943,0.1779116460373618,0.06
1,3,0.4018267103260424,0.5611191253158663,1647.546407142857,0.120194637091032,0.1685763733234225,0.06
1,3,0.4018267103260424,0.5710092271756534,1812.821667857143,0.1304640964378958,0.1645259636870306,0.06
1,3,0.4018267103260424,0.5810734924260129,1566.3166660714287,0.1357255956024767,0.1475623396173435,0.06
1,3,0.4018267103260424,0.5910461706519499,1527.3538071428572,0.1422613286150923,0.1377517412170028,0.06
1,3,0.4018267103260424,0.6008432328734726,1894.540896428572,0.1509979203576505,0.1297168387988909,0.06
1,3,0.4018267103260424,0.6109851934848521,1491.3682660714287,0.1568309782199216,0.1253792804323288,0.06
1,3,0.4018267103260424,0.620951627140942,1457.5384821428572,0.1631474799564145,0.1205709877870966,0.06
1,3,0.4018267103260424,0.6309211107295418,1440.414305357143,0.1717305819838467,0.0539249548478069,0.06
1,3,0.4018267103260424,0.6408923196449264,1435.9218642857145,0.1825087307105593,0.0524469879360158,0.06
1,3,0.4018267103260424,0.6508508668879385,1351.991657142857,0.1908973693324358,0.0486711139261738,0.06
1,3,0.4018267103260424,0.660840136078861,1363.9974107142857,0.2037028296178445,0.0386252472907276,0.06
1,3,0.4018267103260424,0.6708197955604333,1324.1904964285714,0.2176530219302841,0.0271205320114796,0.06
1,3,0.4018267103260424,0.6807957169562348,1331.3400589285714,0.2303093539358616,0.0,0.06
1,3,0.4018267103260424,0.6907562444773638,1323.2631375,0.2645362320367203,0.0,0.06
1,3,0.4018267103260424,0.7007223247094366,1341.3282589285716,0.2840422206878218,0.0,0.06
1,3,0.4018267103260424,0.7106453756087597,1188.9496392857145,0.2950040578877611,0.0,0.06
1,3,0.4018267103260424,0.7206062707115561,1175.5778785714283,0.3006166397279957,0.0,0.06
1,3,0.4018267103260424,0.7305783603469472,1133.2397517857144,0.3086984500903124,0.0,0.06
1,3,0.4018267103260424,0.740526323258358,1061.1251678571427,0.3197176517434122,0.0,0.06
1,3,0.4018267103260424,0.7504564083341323,945.1242214285714,0.329722530214639,0.0,0.06
1,3,0.4018267103260424,0.7603812358781806,807.3426482142856,0.3380535309895496,0.0,0.06
1,3,0.4018267103260424,0.7703276393522149,706.7770392857143,0.3475734892600058,0.0,0.06
1,3,0.4018267103260424,0.7803739192207874,817.5253071428572,0.3534013285169922,0.0,0.06
1,3,0.60134177264995,0.60134177264995,3077.466530357144,0.1090798151504072,0.0828532648004752,0.06
1,3,0.60134177264995,0.6111958567384234,2621.077028571429,0.1137795061269562,0.0816606615181252,0.06
1,3,0.60134177264995,0.6210832370617299,2359.6046625,0.1195767365351339,0.0798745717466961,0.06
1,3,0.60134177264995,0.6309996320399058,2293.003907142857,0.1320221452198741,0.0775819395408897,0.06
1,3,0.60134177264995,0.6408844823386883,2030.4853875,0.145173067525938,0.0741304376319175,0.06
1,3,0.60134177264995,0.65086537904099,1967.0116928571424,0.1536483768087111,0.0625613027311317,0.06
1,3,0.60134177264995,0.6607951636874154,1863.830978571429,0.1686863419611325,0.0543241950381758,0.06
1,3,0.60134177264995,0.6707527396801495,1799.6253,0.1801940983444155,0.0,0.06
1,3,0.60134177264995,0.6807167936477634,1737.5402142857142,0.1999829048461705,0.0,0.06
1,3,0.60134177264995,0.6906802748845511,1775.9450625000002,0.227758059026205,0.0,0.06
1,3,0.60134177264995,0.700734853685679,1623.5679857142857,0.2430266527600351,0.0,0.06
1,3,0.60134177264995,0.7106993969767174,1577.2045017857142,0.260391549783444,0.0,0.06
1,3,0.60134177264995,0.7206834464788102,1583.7918696428571,0.2817926721293429,0.0,0.06
1,3,0.60134177264995,0.7306226005567144,1510.5802714285717,0.3108633591430487,0.0,0.06
1,3,0.60134177264995,0.7405640233159497,1442.8063660714286,0.3249311268737829,0.0,0.06
1,3,0.60134177264995,0.7504067361952992,1097.7996803571427,0.330566705957645,0.0,0.06
1,3,0.60134177264995,0.7602477753661177,750.1957875,0.3393776897628413,0.0,0.06
1,3,0.60134177264995,0.7702749520554791,819.9458517857144,0.3480169500942927,0.0,0.06
1,3,0.60134177264995,0.7802669197002577,818.1217232142857,0.3557413221790805,0.0,0.06
1,1,0.201775345978124,0.201775345978124,3925.50815357143,0.0011828920127436,0.64039433679206,0.2
1,1,0.201775345978124,0.211766111834755,3480.52094464286,0.0013138742933674,0.638839449729031,0.2
1,1,0.201775345978124,0.221745000167983,3235.26935357143,0.0015367442802196,0.636650626759319,0.2
1,1,0.201775345978124,0.231737563485393,3003.26191607143,0.001918314916374,0.633303000022595,0.2
1,1,0.201775345978124,0.241723399749094,2806.88633571429,0.0024849480226109,0.628583563580504,0.2
1,1,0.201775345978124,0.251705857539392,2681.99967857143,0.0039017532021048,0.619310785474072,0.2
1,1,0.201775345978124,0.261706421688539,2563.74246428571,0.0049293120213748,0.61167369034115,0.2
1,1,0.201775345978124,0.271699600028717,2481.56950178571,0.007603168730696,0.60038450426426,0.2
1,1,0.201775345978124,0.28169679788313,2435.34962142857,0.0081796034873148,0.590176783671442,0.2
1,1,0.201775345978124,0.291676239792207,2329.96889464286,0.0093376298510011,0.568619328314842,0.2
1,1,0.201775345978124,0.30164630301926,2335.35029464286,0.0103759907811609,0.561806081291397,0.2
1,1,0.201775345978124,0.311600883283409,2258.09109107143,0.0125572975118832,0.552395560953028,0.2
1,1,0.201775345978124,0.32159026907545,2270.80520892857,0.0201506126473743,0.531066019538169,0.2
1,1,0.201775345978124,0.33157664950421,2147.43214821429,0.0222094416872322,0.514985397956446,0.2
1,1,0.201775345978124,0.341534024219242,2197.48002857143,0.0229971857324136,0.50069671194899,0.2
1,1,0.201775345978124,0.351499700911273,2213.20513392857,0.0253069967183898,0.490424036204416,0.2
1,1,0.201775345978124,0.36146882748799,2100.16396071429,0.0271243852559364,0.474511278419186,0.2
1,1,0.201775345978124,0.371470358180569,2106.6094125,0.0305249329923845,0.436573963919898,0.2
1,1,0.201775345978124,0.381447605161406,2097.61383214286,0.0324495031590252,0.391784371410952,0.2
1,1,0.201775345978124,0.391492389502898,1910.90725178571,0.0364073143135407,0.37556126341067,0.2
1,1,0.201775345978124,0.401471431730211,1887.53667857143,0.0413697576436284,0.365981496224793,0.2
1,1,0.201775345978124,0.411524551263252,1781.99830178571,0.0459369089115364,0.356986325404725,0.2
1,1,0.201775345978124,0.421469014375197,1883.58242142857,0.0497836401629331,0.327765738175738,0.2
1,1,0.201775345978124,0.431348214769648,1578.91151785714,0.0533068629162451,0.317097702824632,0.2
1,1,0.201775345978124,0.441420189096085,1764.53231785714,0.0580356831986561,0.307583180266306,0.2
1,1,0.201775345978124,0.451379272699761,1830.57567857143,0.062991732330096,0.276932116237719,0.2
1,1,0.201775345978124,0.461348877012436,1756.9122,0.069924015016396,0.263329214468032,0.2
1,1,0.201775345978124,0.47133699290148,1731.89375357143,0.0782540653457833,0.235735272134988,0.2
1,1,0.201775345978124,0.481309326896663,1750.56194464286,0.0825899238461555,0.22418550959761,0.2
1,1,0.201775345978124,0.491281506997761,1684.94524285714,0.0909926229506219,0.212190517207205,0.2
1,1,0.201775345978124,0.501271933512396,1687.61648571429,0.100164739066117,0.166752161198134,0.2
1,1,0.201775345978124,0.511240021580822,1676.82723214286,0.113288640415018,0.164266931097444,0.2
1,1,0.201775345978124,0.521205537735857,1653.06024642857,0.120198779811283,0.162432876795162,0.2
1,1,0.201775345978124,0.531088051835337,1737.81443035714,0.124223503295561,0.156690075877234,0.2
1,1,0.201775345978124,0.541180684505283,1636.59084642857,0.140129656208094,0.150079574483449,0.2
1,1,0.201775345978124,0.551166217409419,1606.49087678571,0.145538236415363,0.146413653029328,0.2
1,1,0.201775345978124,0.561134871232362,1586.10409285714,0.149663124957131,0.137285072465038,0.2
1,1,0.201775345978124,0.571106698705644,1562.65798392857,0.157474307616116,0.135765889024791,0.2
1,1,0.201775345978124,0.581081105842379,1537.20621964286,0.1654876183564,0.134360649689823,0.2
1,1,0.201775345978124,0.59105074669106,1531.43717678571,0.17237659546393,0.129226722507619,0.2
1,1,0.201775345978124,0.60101724876468,1465.3205625,0.188039519557025,0.123231950601277,0.2
1,1,0.201775345978124,0.610994789140717,1481.94207321429,0.196228645028941,0.115999885174602,0.2
1,1,0.201775345978124,0.620958063867142,1406.96224285714,0.205377865217336,0.103822225517243,0.2
1,1,0.201775345978124,0.630932947079107,1454.50502142857,0.214409622561357,0.0479667131784579,0.2
1,1,0.201775345978124,0.640906285814454,1461.96951428571,0.226454742510075,0.0408013268927113,0.2
1,1,0.201775345978124,0.650857016512155,1365.36214821429,0.2376392348415,0.0378324985307093,0.2
1,1,0.201775345978124,0.660850815410859,1413.14175,0.249840157095297,0.0306360193282988,0.2
1,1,0.201775345978124,0.670819930362483,1458.15929464286,0.291861878554773,0.0,0.2
1,1,0.201775345978124,0.680774990023318,1419.00221785714,0.30123401118647,0.0,0.2
1,1,0.201775345978124,0.690721945333732,1305.31647857143,0.312119024727103,0.0,0.2
1,1,0.201775345978124,0.700705818617474,1359.87533035714,0.326371317194468,0.0,0.2
1,1,0.201775345978124,0.710665749745774,1341.25487678571,0.352809270108496,0.0,0.2
1,1,0.201775345978124,0.720589781480307,1214.4549,0.358154376315155,0.0,0.2
1,1,0.201775345978124,0.730575714066206,1213.47492321429,0.368377053157324,0.0,0.2
1,1,0.201775345978124,0.740544900982691,1227.33675535714,0.37454213171422,0.0,0.2
1,1,0.201775345978124,0.750480009769949,1152.11702678571,0.395740540594437,0.0,0.2
1,1,0.201775345978124,0.76041156898097,1065.65115535714,0.402756726231404,0.0,0.2
1,1,0.201775345978124,0.77031804680383,847.250914285714,0.412320797396455,0.0,0.2
1,1,0.201775345978124,0.780290177468896,808.649528571429,0.421304694742549,0.0,0.2
1,1,0.201775345978124,0.790272896407931,791.317039285714,0.427233014264,0.0,0.2
0,2,0.790323068220732,0.790323068220732,969.940644642857,0.425201231912487,0.0,0.2
0,2,0.790323068220732,0.780390818782902,1059.10706785714,0.411778400168604,0.0,0.2
0,2,0.790323068220732,0.77049182310871,1307.1863625,0.402541179338858,0.0,0.2
0,2,0.790323068220732,0.760761199235588,1982.6176125,0.396759704454864,0.0,0.2
0,2,0.790323068220732,0.750739126349442,1894.649775,0.376715805450717,0.0,0.2
0,2,0.790323068220732,0.740906349666615,2265.36134464286,0.354069519059287,0.0,0.2
0,2,0.790323068220732,0.730950246077296,2291.79413035714,0.341775096124056,0.0,0.2
0,2,0.790323068220732,0.720845002715067,1067.6137875,0.303891013006871,0.0,0.2
0,2,0.790323068220732,0.710767270142112,1290.38072142857,0.284904552995902,0.0,0.2
0,2,0.790323068220732,0.700898465311897,1781.88541071429,0.277280162633934,0.0,0.2
0,2,0.790323068220732,0.691047305562337,2388.84987321429,0.252139608064249,0.0,0.2
0,2,0.790323068220732,0.681013047582757,2356.87556785714,0.240203974293585,0.0,0.2
0,2,0.790323068220732,0.671014301715187,2295.50097857143,0.201887768144041,0.0,0.2
0,2,0.790323068220732,0.661177463334549,2720.68926964286,0.198375670910409,0.0,0.2
0,2,0.790323068220732,0.651163624819375,2630.4330375,0.167292355193554,0.0,0.2
0,2,0.790323068220732,0.641209274640587,2710.58435357143,0.164114795485754,0.0,0.2
0,2,0.790323068220732,0.631245247411275,2712.50702678571,0.159471772612261,0.0,0.2
0,2,0.790323068220732,0.621280887255914,2777.60353928571,0.154768871670797,0.0,0.2
0,2,0.790323068220732,0.611444825702726,3223.62771428571,0.153835640307993,0.0640317143247016,0.2
0,2,0.790323068220732,0.601333062538682,2923.33014107143,0.138480658956264,0.0777857208506118,0.2
0,2,0.790323068220732,0.591453920354612,3293.75232321429,0.135181471169055,0.178512083161893,0.2
0,2,0.790323068220732,0.581183456891254,2434.65884464286,0.133462716683688,0.200498525563085,0.2
0,2,0.790323068220732,0.571273052951078,2740.84358035714,0.129418569373638,0.203265013561539,0.2
0,2,0.790323068220732,0.56131163919126,2857.6409625,0.1266349218934,0.225804628122911,0.2
0,2,0.790323068220732,0.551220610661617,2306.56206428571,0.130732424416865,0.222738773907585,0.2
0,2,0.790323068220732,0.541323693555731,2546.61334821429,0.127281203942692,0.225352547342761,0.2
0,2,0.790323068220732,0.531331062429949,2533.92927857143,0.122096201973051,0.227238015762439,0.2
0,2,0.790323068220732,0.521435569692681,2859.24972857143,0.118905699480865,0.228790120641449,0.2
0,2,0.790323068220732,0.51145664013849,2862.81361071429,0.115412661011864,0.228962342656839,0.2
0,2,0.790323068220732,0.501482581292413,2881.10014821429,0.110693047667899,0.229120171292476,0.2
0,2,0.790323068220732,0.491524547841756,2946.75850714286,0.1097619150046,0.229843040595844,0.2
0,2,0.790323068220732,0.481566472220467,3102.8278125,0.108676144372193,0.233117896334376,0.2
0,2,0.790323068220732,0.471622123695101,3292.55447678571,0.10278297042852,0.235303744136205,0.2
0,2,0.790323068220732,0.461617518329049,3247.61949107143,0.100756443670865,0.256905778765069,0.2
0,2,0.790323068220732,0.451623539962518,3330.39482142857,0.0999608355332824,0.258796152191255,0.2
0,2,0.790323068220732,0.441672102886668,3517.65691071429,0.099590152129983,0.259621319023794,0.2
0,2,0.790323068220732,0.431724640392979,3724.06268571429,0.0970380579454954,0.28396279174637,0.2
0,2,0.790323068220732,0.421545505758561,3106.77148928571,0.0794677681971118,0.32774862693992,0.2
0,2,0.790323068220732,0.411625992961655,3174.16453392857,0.0747858655080988,0.378762608379536,0.2
0,2,0.790323068220732,0.401686267114494,3538.53405535714,0.0729586557001442,0.392845171539737,0.2
0,2,0.790323068220732,0.391710358864208,3647.46362142857,0.0557011316814933,0.421247812749045,0.2
0,2,0.790323068220732,0.381685888355624,3460.57893214286,0.0434889359537218,0.461865415788155,0.2
0,2,0.790323068220732,0.37174674346442,3946.04676964286,0.0348039995583886,0.46958726300074,0.2
0,2,0.790323068220732,0.361677512158154,3701.57190535714,0.0347380296331546,0.54413499928797,0.2
0,2,0.790323068220732,0.351703635866527,3941.70623035714,0.0344585809591025,0.56438548751704,0.2
0,2,0.790323068220732,0.34168928741962,3556.65167678571,0.0334418679937309,0.571389338268788,0.2
0,2,0.790323068220732,0.3317421240045,3977.98285714286,0.0330816250173987,0.572850419092601,0.2
0,2,0.790323068220732,0.321751182478422,3405.78491785714,0.0303745712240315,0.575717516011429,0.2
0,2,0.790323068220732,0.311815479487699,3882.10722321429,0.0292968399777007,0.577380329299622,0.2
0,2,0.790323068220732,0.301814046352029,3875.10272678571,0.0284721057506538,0.588401541201291,0.2
0,2,0.790323068220732,0.291833203027927,3813.17260178571,0.0266450551543859,0.588504771485798,0.2
0,2,0.790323068220732,0.281900412585266,4410.4127625,0.0260612066010452,0.589843999082362,0.2
0,2,0.790323068220732,0.271863377447552,3918.09563571429,0.0182815928855856,0.612271280953707,0.2
0,2,0.790323068220732,0.261935988730054,4571.94931607143,0.0171998218437308,0.616752430571442,0.2
0,2,0.790323068220732,0.251883692817079,3853.12082142857,0.0095652699164773,0.650102084442823,0.2
0,2,0.790323068220732,0.24193843984261,4467.69140357143,0.0087817591331422,0.653887205596082,0.2
0,2,0.790323068220732,0.231851140639605,4091.04043392857,0.0083607354068216,0.670877102810464,0.2
0,2,0.790323068220732,0.221897270984082,4456.45757678571,0.0078640311289403,0.672255329229264,0.2
0,2,0.790323068220732,0.2119257945344,4654.08014464286,0.0076976073137024,0.715953019043567,0.2
0,2,0.790323068220732,0.201890097759407,4608.5913375,0.0061280920738874,0.727604998700173,0.2
0,2,0.790323068220732,0.191900083432378,3767.57799642857,0.0055457941458827,0.72975958311626,0.2
0,2,0.790323068220732,0.181957109891598,4337.62193571429,0.0055622159468516,0.731678566400078,0.2
0,2,0.790323068220732,0.171987664845698,4562.83678928571,0.0043148708620339,0.750141750667583,0.2
0,2,0.790323068220732,0.162025039235058,4978.82783035714,0.0041548624736687,0.7599167049485,0.2
0,2,0.341541373072331,0.341541373072331,2139.98472321429,0.0236191904117898,0.503086688431494,0.2
0,2,0.341541373072331,0.331553181066386,2300.4161625,0.0218296269308337,0.513079280263468,0.2
0,2,0.341541373072331,0.321572921347108,2437.04772321429,0.0208331981776212,0.520300318270594,0.2
0,2,0.341541373072331,0.311601457217153,2597.60499107143,0.0197444395117412,0.525894164594167,0.2
0,2,0.341541373072331,0.30163267676004,2710.29228214286,0.0183417556047539,0.529942949949716,0.2
0,2,0.341541373072331,0.291651453315369,2895.99344464286,0.0164149436089092,0.532577533478077,0.2
0,2,0.341541373072331,0.281668094916576,3019.62744107143,0.0155351650771899,0.534881503485811,0.2
0,2,0.341541373072331,0.271708028489986,3231.2026125,0.0148883629363878,0.536365501143309,0.2
0,2,0.341541373072331,0.261733366367421,3370.31967321429,0.0113525893167511,0.538222021983596,0.2
0,2,0.341541373072331,0.251746130874186,3537.97692321429,0.0068812085421412,0.540817317213927,0.2
0,2,0.341541373072331,0.241756910228702,3687.69889285714,0.0066167910595079,0.542289896659554,0.2
0,2,0.341541373072331,0.231765715527405,3779.84096785714,0.0060407181476315,0.555245208914278,0.2
0,2,0.341541373072331,0.221779874856069,3913.86829821429,0.0012765613620736,0.566611845848029,0.2
0,2,0.341541373072331,0.211790133232955,3998.75187857143,0.0010635627088598,0.581641461231994,0.2
0,2,0.341541373072331,0.201786165425156,4358.319,0.0,0.61385397377494,0.2
0,2,0.341541373072331,0.191750247651627,4201.21497321429,0.0,0.639817620600641,0.2
0,2,0.341541373072331,0.181764610045053,4587.32382857143,0.0,0.646525176795331,0.2
0,2,0.341541373072331,0.171785754024823,3800.93072678571,0.0,0.695252669348767,0.2
0,2,0.341541373072331,0.16180898080547,4487.03129464286,0.0,0.700261517256818,0.2
0,2,0.491249494831345,0.491249494831345,1770.71462678571,0.0929741056665449,0.169786912847603,0.2
0,2,0.491249494831345,0.481274065440347,1870.51659642857,0.0837342908120463,0.171929001558586,0.2
0,2,0.491249494831345,0.471300407821586,1959.85662857143,0.0744894101311542,0.173469286176011,0.2
0,2,0.491249494831345,0.461332847673219,2075.92926428571,0.0651081590119484,0.175126406440257,0.2
0,2,0.491249494831345,0.451360050978225,2204.01934285714,0.0590636406904223,0.176238845834279,0.2
0,2,0.491249494831345,0.441403439871947,2300.92131964286,0.0538370185344114,0.177199776814163,0.2
0,2,0.491249494831345,0.431442068722596,2419.24853035714,0.0511142831940084,0.178047844398398,0.2
0,2,0.491249494831345,0.421477426395761,2508.88279285714,0.048665108911649,0.178674704230118,0.2
0,2,0.491249494831345,0.411513246149788,2605.72405714286,0.0442693626941126,0.179081369474601,0.2
0,2,0.491249494831345,0.401547026202337,2706.86071607143,0.0419946828121255,0.180945207619678,0.2
0,2,0.491249494831345,0.39158426825568,2841.25870178571,0.0393632738683044,0.1815397587364,0.2
0,2,0.491249494831345,0.381613862953961,2854.39873928571,0.0358390845874805,0.181649437898316,0.2
0,2,0.491249494831345,0.371648318099439,3026.99014821429,0.0296305637549127,0.205930763983711,0.2
0,2,0.491249494831345,0.361414659284038,2744.9829,0.026922350450171,0.206201005719318,0.2
0,2,0.491249494831345,0.351451774306749,3726.20180357143,0.0244624816454254,0.207065541259829,0.2
0,2,0.491249494831345,0.341471185475053,3742.16839821429,0.0208352116425878,0.20745303677396,0.2
0,2,0.491249494831345,0.331502567477702,3947.69490535714,0.0162689931300157,0.231012394147346,0.2
0,2,0.491249494831345,0.321494293179313,3880.81749107143,0.013935881272468,0.321477117782796,0.2
0,2,0.491249494831345,0.311530885656798,4110.76063928571,0.0133150650520457,0.335129214355458,0.2
0,2,0.491249494831345,0.30148629169169,3849.68986071429,0.0136524471600133,0.355166760974128,0.2
0,2,0.491249494831345,0.291530264704436,4064.84118214286,0.0132050870867824,0.356187693853295,0.2
0,2,0.491249494831345,0.281853385592146,3359.55973392857,0.0123294047983668,0.417418353553352,0.2
0,2,0.491249494831345,0.2718226568265,3360.65914821429,0.0124009828346483,0.44418188632559,0.2
0,2,0.491249494831345,0.261823327925453,3262.3169625,0.0108839190004915,0.479153553480211,0.2
0,2,0.491249494831345,0.25188416827647,3586.24688571429,0.0103385421018017,0.490537108665916,0.2
0,2,0.491249494831345,0.241844154625503,3474.02530178571,0.0093254985637578,0.559583035850049,0.2
0,2,0.491249494831345,0.231823678729699,3507.29263928571,0.0080369615559259,0.590658905606205,0.2
0,2,0.491249494831345,0.22182937447265,3703.04206071429,0.0056209867699108,0.601495496279311,0.2
0,2,0.491249494831345,0.21181090887822,3660.13693928571,0.0039287564690804,0.621244403367472,0.2
0,2,0.491249494831345,0.201831203713768,3574.63945178571,0.0030095313925643,0.62392596238439,0.2
0,2,0.491249494831345,0.1918750707752,4030.35725357143,0.0,0.626943892273835,0.2
0,2,0.491249494831345,0.181873153555661,3383.35710535714,0.0,0.68693483972248,0.2
0,2,0.491249494831345,0.171890559969781,3821.65767321429,0.0,0.691603392752797,0.2
0,2,0.491249494831345,0.161857618985073,3843.31613035714,0.0,0.709736108237572,0.2
0,2,0.650846192408663,0.650846192408663,1348.53613928571,0.238263023013406,0.0383250946646154,0.2
0,2,0.650846192408663,0.640877025352887,1470.275925,0.227923767836232,0.0415526645322115,0.2
0,2,0.650846192408663,0.630938147782967,1566.18936964286,0.219545196539188,0.0438480644482475,0.2
0,2,0.650846192408663,0.621001133498885,1721.68753928571,0.212546170384005,0.0452030298788069,0.2
0,2,0.650846192408663,0.611049739749987,1831.95852857143,0.205482880602573,0.0461519492214428,0.2
0,2,0.650846192408663,0.601097469813106,1935.30451607143,0.198702875049462,0.0471243209279822,0.2
0,2,0.650846192408663,0.59116108771529,2086.28667857143,0.189867092817921,0.0480327554726404,0.2
0,2,0.650846192408663,0.581217424384422,2228.49178392857,0.181437975830862,0.0484767695273335,0.2
0,2,0.650846192408663,0.571261122873719,2289.66275892857,0.173847727530587,0.0486902289777653,0.2
0,2,0.650846192408663,0.561331528460028,2445.54795,0.171102306937135,0.0512833499232447,0.2
0,2,0.650846192408663,0.551349483104545,2429.064,0.168270638639084,0.0514760073214861,0.2
0,2,0.650846192408663,0.54136372448657,2388.05571964286,0.155106778373231,0.0596341926556292,0.2
0,2,0.650846192408663,0.531472115040155,2637.31436785714,0.153153754344248,0.0631350373218729,0.2
0,2,0.650846192408663,0.521437339250005,2484.47895535714,0.146629251384237,0.0672298059072843,0.2
0,2,0.650846192408663,0.511536534266159,2702.46010714286,0.142570598120514,0.0676280474061642,0.2
0,2,0.650846192408663,0.501504947260484,2627.46386785714,0.134788691113487,0.0698356300155199,0.2
0,2,0.650846192408663,0.491570275093759,2778.02593928571,0.130316315828705,0.0701434746567561,0.2
0,2,0.650846192408663,0.481606429162353,2852.98730892857,0.125824343032675,0.0703069898835447,0.2
0,2,0.650846192408663,0.471638939633683,2946.27435,0.114736550090208,0.074589893612017,0.2
0,2,0.650846192408663,0.46169758328167,3092.59826785714,0.112522886880981,0.0751442896115259,0.2
0,2,0.650846192408663,0.451671501910504,2901.97440535714,0.0989648361691642,0.075516418785596,0.2
0,2,0.650846192408663,0.441775569478233,3295.07835535714,0.0966208847296935,0.0965297432759799,0.2
0,2,0.650846192408663,0.431764549456622,3169.23111428571,0.0920782247221495,0.109356796847416,0.2
0,2,0.650846192408663,0.42184115733842,3464.45171785714,0.091191964023305,0.110517927678172,0.2
0,2,0.650846192408663,0.4118154341081,3330.83138035714,0.083934990812762,0.112645696986549,0.2
0,2,0.650846192408663,0.401865263049205,3502.26945,0.0830772933337826,0.165930114271374,0.2
0,2,0.650846192408663,0.391802232647816,3054.65618035714,0.0763612249425531,0.254001307304849,0.2
0,2,0.650846192408663,0.381909740588701,3488.6956875,0.0754818859315809,0.259246045820963,0.2
0,2,0.650846192408663,0.371977761974296,3825.59155714286,0.0752662763192799,0.271486594094549,0.2
0,2,0.650846192408663,0.361813609810812,3233.76642857143,0.0734504075296514,0.32618209651718,0.2
0,2,0.650846192408663,0.351886887815623,3659.71280357143,0.0730606991338965,0.330179532083286,0.2
0,2,0.650846192408663,0.3417331966964,3002.08268035714,0.0482111690536224,0.411606757104801,0.2
0,2,0.650846192408663,0.331799222487883,3292.2673125,0.0474999286361758,0.419009569828517,0.2
0,2,0.650846192408663,0.321840881930885,3520.78832678571,0.0447736279189111,0.430191376467853,0.2
0,2,0.650846192408663,0.311847836137714,3627.74624464286,0.042800512661631,0.46126258244733,0.2
0,2,0.650846192408663,0.301863420150802,3677.55701785714,0.0335332458526763,0.496715004567687,0.2
0,2,0.650846192408663,0.291892892255136,3765.73663928571,0.0273973689705911,0.498087907848276,0.2
0,2,0.650846192408663,0.281899778165339,3841.81587321429,0.0239686069934296,0.51006593374076,0.2
0,2,0.650846192408663,0.271884713095561,3899.91498214286,0.0237153607033233,0.566193939293549,0.2
0,2,0.650846192408663,0.261907243375301,4063.76202857143,0.0234133200517551,0.594924701315257,0.2
0,2,0.650846192408663,0.251907406232216,4221.99495535714,0.0228357885035171,0.61075476551536,0.2
0,2,0.650846192408663,0.24189967388805,4429.96692321429,0.016576326364016,0.623403908872055,0.2
0,2,0.650846192408663,0.231888055299257,3886.41725892857,0.0113129185890339,0.633857844709585,0.2
0,2,0.650846192408663,0.221952921158602,4554.1492125,0.0106844659971681,0.63731820618605,0.2
0,2,0.650846192408663,0.211920917414925,4270.01306785714,0.0100891990711365,0.712934092070832,0.2
0,2,0.650846192408663,0.201879378240616,4202.85497678571,0.0056075267887734,0.732789478005187,0.2
0,2,0.650846192408663,0.19192704501047,4661.86721785714,0.0054990158225056,0.734616407986541,0.2
0,2,0.650846192408663,0.181875650577423,3999.69042321429,0.0027502665790627,0.750766278610963,0.2
0,2,0.650846192408663,0.171907625225627,4382.82700714286,0.0024677721371989,0.753955465596485,0.2
0,2,0.650846192408663,0.161956085457914,4873.69518214286,0.0023787581697507,0.75773164516411,0.2
1,3,0.351665603718339,0.351665603718339,3837.60910714286,0.0325684101659717,0.564250640043042,0.2
1,3,0.351665603718339,0.361644041951415,3371.92954821429,0.0334539359179394,0.562166140933059,0.2
1,3,0.351665603718339,0.371611248043879,2982.34605535714,0.0342744486229918,0.558860263038613,0.2
1,3,0.351665603718339,0.381575864496211,2789.14257321429,0.0354287108364379,0.553978125118353,0.2
1,3,0.351665603718339,0.391562383761576,2540.59673035714,0.0368270220507382,0.544470533897093,0.2
1,3,0.351665603718339,0.401481749543102,2464.961775,0.0395911813772502,0.533673183276051,0.2
1,3,0.351665603718339,0.41145247050419,2355.73105178571,0.0549289389192405,0.522040292939854,0.2
1,3,0.351665603718339,0.421392866074025,2261.10638035714,0.0658290212831449,0.510226029936783,0.2
1,3,0.351665603718339,0.431380899804035,2197.97539285714,0.070344981973297,0.488602751001043,0.2
1,3,0.351665603718339,0.441359881178447,2181.4179,0.0750259679889626,0.467022491384678,0.2
1,3,0.351665603718339,0.451313489299941,2139.87961607143,0.0796870107306265,0.449166160955135,0.2
1,3,0.351665603718339,0.461290416400527,2072.34073928571,0.0827946073554352,0.41863502031517,0.2
1,3,0.351665603718339,0.471275240154135,2087.49418928571,0.0836642135469364,0.37879197409063,0.2
1,3,0.351665603718339,0.481241748160035,2059.88619107143,0.0858317889933745,0.359883511724132,0.2
1,3,0.351665603718339,0.491203182403927,1945.76720357143,0.091002010007339,0.346445771976862,0.2
1,3,0.351665603718339,0.501303165449365,1838.14557857143,0.0939153201284661,0.326907474610762,0.2
1,3,0.351665603718339,0.511187065434519,1888.61095178571,0.100306670656072,0.311352074693117,0.2
1,3,0.351665603718339,0.521163125063974,1903.76265,0.104280879006114,0.277448396316163,0.2
1,3,0.351665603718339,0.5311274827189,1830.66259821429,0.109831254106435,0.258430672919451,0.2
1,3,0.351665603718339,0.541113848705115,1822.73154107143,0.115805125860457,0.224895304244286,0.2
1,3,0.351665603718339,0.55107419333418,1782.78848571429,0.12464194538026,0.182808402485214,0.2
1,3,0.351665603718339,0.561090618694573,1709.77472142857,0.136719197142102,0.161748716838236,0.2
1,3,0.351665603718339,0.571097714575107,1590.80442857143,0.147832452697042,0.154817251116954,0.2
1,3,0.351665603718339,0.580943711847549,1687.24471607143,0.156387079955546,0.15170627727455,0.2
1,3,0.351665603718339,0.591052366272147,1532.67709285714,0.167256154637326,0.140147040837717,0.2
1,3,0.351665603718339,0.6010041206045,1595.788125,0.174276296443476,0.137109552033797,0.2
1,3,0.351665603718339,0.610983598470072,1583.63447142857,0.18435256286188,0.135894670372707,0.2
1,3,0.351665603718339,0.620956795222649,1580.43200892857,0.195312679289044,0.131647899656111,0.2
1,3,0.351665603718339,0.630923349878725,1514.16739285714,0.207604480860142,0.126547487338047,0.2
1,3,0.351665603718339,0.640901033933954,1541.97546428571,0.217238846397148,0.0547122775448882,0.2
1,3,0.351665603718339,0.650824614892106,1555.18285178571,0.223349873390525,0.0534610007355097,0.2
1,3,0.351665603718339,0.660820375890569,1316.79765,0.232394206849592,0.0511421195079909,0.2
1,3,0.351665603718339,0.670806034904473,1373.51205535714,0.244186501856304,0.0450937029124401,0.2
1,3,0.351665603718339,0.68080391737523,1426.08230357143,0.258858260831038,0.0377253715803762,0.2
1,3,0.351665603718339,0.690769283562534,1401.32966785714,0.264375026183488,0.0,0.2
1,3,0.351665603718339,0.700741441793334,1349.52026785714,0.290125988710605,0.0,0.2
1,3,0.351665603718339,0.710648961762289,1555.95933214286,0.30654159811384,0.0,0.2
1,3,0.351665603718339,0.720650881694715,1360.50054642857,0.322597373023252,0.0,0.2
1,3,0.351665603718339,0.730567176339648,1271.86714285714,0.322480489130465,0.0,0.2
1,3,0.351665603718339,0.740567096978813,1239.50266607143,0.328456797305752,0.0,0.2
1,3,0.351665603718339,0.750529536422927,1189.73266071429,0.354252178285247,0.0,0.2
1,3,0.351665603718339,0.760411304383963,979.233230357143,0.362365412853192,0.0,0.2
1,3,0.351665603718339,0.770308672386026,863.067246428571,0.371008548943884,0.0,0.2
1,3,0.351665603718339,0.780303317112419,863.833007142857,0.378414594147298,0.0,0.2
1,3,0.501398230349039,0.501398230349039,2500.00868035714,0.112888687792556,0.228054208845367,0.2
1,3,0.501398230349039,0.511354678170666,2315.00762142857,0.116059843652515,0.22562542652449,0.2
1,3,0.501398230349039,0.521306607013555,2157.80404821429,0.119143971831432,0.222875100924529,0.2
1,3,0.501398230349039,0.531276095157971,2059.30838571429,0.122579375669865,0.21920494990742,0.2
1,3,0.501398230349039,0.54126115114248,2008.97188392857,0.128060635207992,0.216883434450177,0.2
1,3,0.501398230349039,0.551211332943188,1940.60758928571,0.133868756338816,0.210027730976957,0.2
1,3,0.501398230349039,0.561170723794853,1859.7711375,0.140253312226259,0.206298928947604,0.2
1,3,0.501398230349039,0.571134135898773,1760.38048928571,0.14657964970695,0.1774352814545,0.2
1,3,0.501398230349039,0.581137799410116,1746.07121785714,0.154572835446761,0.158565591154199,0.2
1,3,0.501398230349039,0.591065898486573,1725.67731428571,0.162427328509112,0.152618163013951,0.2
1,3,0.501398230349039,0.601033632367331,1690.74024642857,0.169264505531521,0.14644970723946,0.2
1,3,0.501398230349039,0.610955187673715,1431.3735375,0.177569292665093,0.139754027593315,0.2
1,3,0.501398230349039,0.620888719523627,1762.18704107143,0.183533812742773,0.131986930489545,0.2
1,3,0.501398230349039,0.630932273368494,1554.04691785714,0.19670891753502,0.129443763416902,0.2
1,3,0.501398230349039,0.640909267406053,1539.13377857143,0.213618549544546,0.125671861658232,0.2
1,3,0.501398230349039,0.650881217518972,1547.98638214286,0.222965240470356,0.0549021768820932,0.2
1,3,0.501398230349039,0.660848856965018,1530.82122857143,0.234994117610638,0.0544079838067241,0.2
1,3,0.501398230349039,0.67081029149496,1457.27139642857,0.240686562606016,0.0523370723688681,0.2
1,3,0.501398230349039,0.680779175257217,1473.0661125,0.252099499584803,0.0487918574962129,0.2
1,3,0.501398230349039,0.690725994626665,1344.20029821429,0.264617333504982,0.0417290807302156,0.2
1,3,0.501398230349039,0.700747717388014,1549.36575,0.278315151171094,0.0,0.2
1,3,0.501398230349039,0.710680832614195,1389.28883035714,0.31996846643685,0.0,0.2
1,3,0.501398230349039,0.720663609389143,1452.18406607143,0.338917777054267,0.0,0.2
1,3,0.501398230349039,0.730613311794812,1354.1938875,0.346971186624803,0.0,0.2
1,3,0.501398230349039,0.74054879899877,1227.69389464286,0.349793382631597,0.0,0.2
1,3,0.501398230349039,0.750535625356387,1265.01661607143,0.357334339636964,0.0,0.2
1,3,0.501398230349039,0.760477128607024,1168.01674821429,0.367480562705563,0.0,0.2
1,3,0.501398230349039,0.770406883068439,1036.64172321429,0.375243611972815,0.0,0.2
1,3,0.501398230349039,0.780255912515682,703.920867857143,0.380907318454653,0.0,0.2
1,3,0.651097818864237,0.651097818864237,2461.92184821429,0.171850553618435,0.0,0.2
1,3,0.651097818864237,0.660998920533242,2155.86921964286,0.175689259957545,0.0,0.2
1,3,0.651097818864237,0.670933333626572,1983.50869285714,0.183691158918753,0.0,0.2
1,3,0.651097818864237,0.680848786199287,1755.5280375,0.201607523411556,0.0,0.2
1,3,0.651097818864237,0.690797539088815,1628.58936964286,0.223140518063571,0.0,0.2
1,3,0.651097818864237,0.700761137166276,1542.98843035714,0.242906809781355,0.0,0.2
1,3,0.651097818864237,0.710732821511463,1582.13588035714,0.273945546225947,0.0,0.2
1,3,0.651097818864237,0.720679680570432,1462.10088214286,0.294900007421838,0.0,0.2
1,3,0.651097818864237,0.730653519772677,1430.60985535714,0.318065018353971,0.0,0.2
1,3,0.651097818864237,0.740620050232939,1377.88464642857,0.341848269171962,0.0,0.2
1,3,0.651097818864237,0.750612400101618,1464.09432857143,0.376708053932235,0.0,0.2
1,3,0.651097818864237,0.760549356814877,1352.23353214286,0.409026627189673,0.0,0.2
1,3,0.651097818864237,0.770531793230335,1416.89014285714,0.438982659837075,0.0,0.2
1,3,0.651097818864237,0.780399511276198,1109.86065,0.44443622297452,0.0,0.2
1,3,0.651097818864237,0.790273793860831,796.785616071429,0.456306017084057,0.0,0.2
1,3,0.651097818864237,0.800273108138664,807.144075,0.467636083575843,0.0,0.2
1,1,0.351431032800229,0.351431032800229,3581.38845,0.0398456981444521,0.528739390008566,0.35
1,1,0.351431032800229,0.361432077751553,3207.47758392857,0.0403159290568806,0.526319677929232,0.35
1,1,0.351431032800229,0.371446513269451,2897.97773571429,0.0407062147960245,0.523352438467698,0.35
1,1,0.351431032800229,0.381441012951689,2677.29728035714,0.0411881823436973,0.516279161771376,0.35
1,1,0.351431032800229,0.39143973683457,2480.36566071429,0.0417035811291695,0.506473346154431,0.35
1,1,0.351431032800229,0.40143301592155,2376.92709642857,0.0436301663689757,0.495260871162928,0.35
1,1,0.351431032800229,0.411413485677793,2292.3517875,0.0549626515918395,0.486049815728555,0.35
1,1,0.351431032800229,0.421391036523017,2180.72363571429,0.0589493524305875,0.47825328376114,0.35
1,1,0.351431032800229,0.431374246944622,2066.15309464286,0.0607655637665722,0.467317628038561,0.35
1,1,0.351431032800229,0.441368203032963,2077.82160535714,0.06458222009118,0.459764464803885,0.35
1,1,0.351431032800229,0.451349752780747,2018.85538392857,0.0671625043933982,0.440178066210029,0.35
1,1,0.351431032800229,0.461292238498246,2008.3743,0.0727908883955828,0.416465527895697,0.35
1,1,0.351431032800229,0.47127730112472,1945.3123875,0.0782806601302496,0.388456541602134,0.35
1,1,0.351431032800229,0.481262001170742,1946.07476785714,0.0863746123939222,0.333975749808644,0.35
1,1,0.351431032800229,0.491229215428548,1963.3329,0.088785809060319,0.326186985441699,0.35
1,1,0.351431032800229,0.501202550930057,1871.24554821429,0.0938475136401396,0.319037206725841,0.35
1,1,0.351431032800229,0.511216051488594,1830.35232321429,0.0971718906460159,0.293712030927594,0.35
1,1,0.351431032800229,0.521196404444112,1851.03846428571,0.10018454081862,0.274577005506392,0.35
1,1,0.351431032800229,0.531161244491912,1811.96209821429,0.107985009656832,0.26402178530497,0.35
1,1,0.351431032800229,0.541135618468117,1709.89735178571,0.115112984412613,0.253884584231948,0.35
1,1,0.351431032800229,0.550936717184309,2110.19336785714,0.11521448749155,0.186729625507578,0.35
1,1,0.351431032800229,0.561087020177292,1726.04483035714,0.123650891227621,0.179943187159047,0.35
1,1,0.351431032800229,0.571065975952568,1724.79980357143,0.12765354700721,0.165793980238292,0.35
1,1,0.351431032800229,0.581047527914585,1654.67749285714,0.137371323386034,0.151741073873177,0.35
1,1,0.351431032800229,0.590965752848237,1769.16980357143,0.154679828916589,0.147249778128865,0.35
1,1,0.351431032800229,0.600901985021685,1732.49140714286,0.164162848467543,0.144442076818352,0.35
1,1,0.351431032800229,0.610933888613946,1741.562025,0.174868949885548,0.141804410372786,0.35
1,1,0.351431032800229,0.620983506060294,1555.06502678571,0.18083499775214,0.138161860872626,0.35
1,1,0.351431032800229,0.630962827183811,1552.86366964286,0.187705930868517,0.136874539502309,0.35
1,1,0.351431032800229,0.640939197843507,1568.4328125,0.193636357130468,0.136946855380225,0.35
1,1,0.351431032800229,0.65090400467783,1484.64711964286,0.203864469684768,0.133271648185915,0.35
1,1,0.351431032800229,0.660883237232077,1501.42456071429,0.218830287820153,0.125826031641473,0.35
1,1,0.351431032800229,0.670847900141336,1460.68695,0.230677872703502,0.121245530714869,0.35
1,1,0.351431032800229,0.680821359086266,1448.31399642857,0.240318960511722,0.100301389331032,0.35
1,1,0.351431032800229,0.690792282735829,1439.62600714286,0.248944808464723,0.0506812708276829,0.35
1,1,0.351431032800229,0.700753447158906,1402.97012678571,0.261714373751686,0.0466524496527215,0.35
1,1,0.351431032800229,0.710727526088729,1347.9397875,0.275739186491001,0.0356742104326594,0.35
1,1,0.351431032800229,0.720712172439631,1447.96485535714,0.302374996110169,0.0,0.35
1,1,0.351431032800229,0.730675058427902,1469.27997857143,0.334676683279629,0.0,0.35
1,1,0.351431032800229,0.740614135889163,1304.37128035714,0.347922371919626,0.0,0.35
1,1,0.351431032800229,0.750593119342337,1356.68621785714,0.362795252243176,0.0,0.35
1,1,0.351431032800229,0.760554178589405,1314.93311785714,0.365161572120522,0.0,0.35
1,1,0.351431032800229,0.770504305067154,1234.41201964286,0.378688116608569,0.0,0.35
1,1,0.351431032800229,0.780491420286469,1233.971925,0.389539711776993,0.0,0.35
1,1,0.351431032800229,0.790437090622799,1148.94616607143,0.409181384165497,0.0,0.35
1,1,0.351431032800229,0.8003265194724,916.2708,0.413652257392548,0.0,0.35
1,1,0.351431032800229,0.810341838468771,943.473723214286,0.420766173273938,0.0,0.35
1,1,0.351431032800229,0.820214810040808,658.847067857143,0.422714023727205,0.0,0.35
0,2,0.810848143980306,0.810848143980306,2177.64546428571,0.420365860414933,0.0,0.35
0,2,0.810848143980306,0.800598605269943,2152.43131607143,0.411860852523903,0.0,0.35
0,2,0.810848143980306,0.79072511286295,2508.85450178571,0.400775682553768,0.0,0.35
0,2,0.810848143980306,0.780693423463083,2468.0915625,0.383607243102495,0.0,0.35
0,2,0.810848143980306,0.77077356622154,2712.97181785714,0.370794240364456,0.0,0.35
0,2,0.810848143980306,0.760756916012985,2582.48045357143,0.346729924632565,0.0,0.35
0,2,0.810848143980306,0.750931407107649,3148.61934642857,0.342932790233859,0.0,0.35
0,2,0.810848143980306,0.740868486302013,2861.84157857143,0.320083275753114,0.0,0.35
0,2,0.810848143980306,0.730924681656685,3010.11938035714,0.312877933766813,0.0,0.35
0,2,0.810848143980306,0.720904577922075,2842.86213214286,0.304822690849582,0.0,0.35
0,2,0.810848143980306,0.711036074557536,3240.73060714286,0.295695133099764,0.0,0.35
0,2,0.810848143980306,0.701068372398848,3323.51260714286,0.292551104338092,0.0753285232641644,0.35
0,2,0.810848143980306,0.691039510123039,2892.74974821429,0.272009741182105,0.0873386439811992,0.35
0,2,0.810848143980306,0.68079932863897,2297.9002875,0.259193940178058,0.0922185223820674,0.35
0,2,0.810848143980306,0.670859764679728,2547.51995357143,0.25574427322398,0.0992798003067318,0.35
0,2,0.810848143980306,0.660917146317828,2561.14165178571,0.240489895968028,0.0980423218435298,0.35
0,2,0.810848143980306,0.6510292466649,2820.05350178571,0.232195562127013,0.0996291413030254,0.35
0,2,0.810848143980306,0.641120570421837,3157.79642678571,0.224731750420725,0.100606482344027,0.35
0,2,0.810848143980306,0.631127640338466,3076.42688035714,0.202806435658014,0.100782681435186,0.35
0,2,0.810848143980306,0.62115909558594,3127.4324625,0.19665565398894,0.101023835678101,0.35
0,2,0.810848143980306,0.611287177499011,3534.84110357143,0.193182008789932,0.101760620726161,0.35
0,2,0.810848143980306,0.601181273320933,3156.16216607143,0.160827170648312,0.101560129791297,0.35
0,2,0.810848143980306,0.59123117139535,3329.45363571429,0.156573941405114,0.101932699611853,0.35
0,2,0.810848143980306,0.58130543817047,3622.63803214286,0.150217390692533,0.102872061428693,0.35
0,2,0.810848143980306,0.571160091406568,3341.77641964286,0.140193065880751,0.102644342079014,0.35
0,2,0.810848143980306,0.561252251603909,3784.64821607143,0.136801485461118,0.103280976543374,0.35
0,2,0.810848143980306,0.551285135536157,3864.45983571429,0.13266432153749,0.103367986534229,0.35
0,2,0.810848143980306,0.54145202477813,3019.1523,0.133096549102774,0.155751707927287,0.35
0,2,0.810848143980306,0.53128061576049,2440.20858214286,0.131693149547296,0.168095216307973,0.35
0,2,0.810848143980306,0.521353361325615,2736.144675,0.129050714792125,0.169464018681481,0.35
0,2,0.810848143980306,0.511310738606674,2696.30233392857,0.121841993980029,0.249230215515533,0.35
0,2,0.810848143980306,0.501361230526354,3024.75094821429,0.120337681554594,0.280707427377961,0.35
0,2,0.810848143980306,0.491385589093358,3057.09384107143,0.116641334586335,0.288890136136445,0.35
0,2,0.810848143980306,0.481441919445134,3352.0704375,0.113944190514312,0.301878062663951,0.35
0,2,0.810848143980306,0.471411148426975,3314.26959642857,0.101335012507365,0.349138684877696,0.35
0,2,0.810848143980306,0.461461982804361,3656.74451785714,0.101125449722759,0.350331292984643,0.35
0,2,0.810848143980306,0.451425312855095,3282.20204464286,0.0896523162526265,0.374707020342831,0.35
0,2,0.810848143980306,0.441490659224644,3792.88007142857,0.0784244234587002,0.383379087930926,0.35
0,2,0.810848143980306,0.431480082110368,3524.31137678571,0.0760319799991525,0.40820716946307,0.35
0,2,0.810848143980306,0.421493779530525,3706.4433375,0.0756700612796133,0.430280663668287,0.35
0,2,0.810848143980306,0.411521948425159,3854.74579821429,0.0664833427185138,0.462926215916939,0.35
0,2,0.810848143980306,0.401544557516171,3630.52001785714,0.0658618462299758,0.474679865905163,0.35
0,2,0.810848143980306,0.391533512505873,2852.41753928571,0.0661958417927943,0.488057169539459,0.35
0,2,0.810848143980306,0.38161306670742,3369.14915357143,0.065394159488136,0.49071783805325,0.35
0,2,0.810848143980306,0.371634804945693,3653.73744642857,0.0646651323913523,0.492098734082148,0.35
0,2,0.810848143980306,0.361684126292763,4127.30934107143,0.0635079175248083,0.493861513011173,0.35
0,2,0.810848143980306,0.351613919354951,3330.86881607143,0.0620414025970642,0.53304688631393,0.35
0,2,0.810848143980306,0.341651706482287,3692.17872857143,0.0614061865640936,0.539454738569988,0.35
0,2,0.810848143980306,0.331658221726256,3579.3573375,0.0487235991040081,0.539570384149656,0.35
0,2,0.810848143980306,0.321701077449646,4079.1233625,0.0475973774457991,0.543563011201185,0.35
0,2,0.810848143980306,0.311679734841604,4152.77851607143,0.0121816688971045,0.596192090668965,0.35
0,2,0.810848143980306,0.301681749292164,3765.01178571429,0.0126548088804419,0.597002864121751,0.35
0,2,0.810848143980306,0.291740771572418,4326.12737678571,0.0096806044704872,0.605944112034208,0.35
0,2,0.810848143980306,0.281732785369923,3412.98293035714,0.0115694822717385,0.607338227457696,0.35
0,2,0.810848143980306,0.271792782294797,3981.46879285714,0.0106850772735529,0.609236481058272,0.35
0,2,0.810848143980306,0.261819548056402,4395.05270357143,0.0082993092866327,0.610072519315071,0.35
0,2,0.810848143980306,0.251806721377976,3799.27674107143,0.0017646482993739,0.626621786125152,0.35
0,2,0.810848143980306,0.241785392645853,3958.38538928571,0.0,0.628400261075002,0.35
0,2,0.810848143980306,0.2318115406515,4498.73704821429,0.0,0.631787819389298,0.35
0,2,0.810848143980306,0.221804350371775,4276.4240625,0.0,0.643794229991574,0.35
0,2,0.810848143980306,0.211820015397387,4626.06763392857,0.0,0.654081395607832,0.35
0,2,0.810848143980306,0.201799819495372,4336.59634821429,0.0,0.705332136082892,0.35
0,2,0.501170797727293,0.501170797727293,1830.400125,0.0940232865586016,0.319402155292024,0.35
0,2,0.501170797727293,0.491180111846526,1974.13130892857,0.0887372012499243,0.327434754769375,0.35
0,2,0.501170797727293,0.481206001371923,2097.404775,0.0827275470713774,0.333759913440305,0.35
0,2,0.501170797727293,0.47122836227982,2233.55318571429,0.0769892330282553,0.337828141920011,0.35
0,2,0.501170797727293,0.461012935855186,2512.66869107143,0.0731636737147858,0.340909193614518,0.35
0,2,0.501170797727293,0.451284406509582,2527.65017678571,0.071418760266842,0.343635926937275,0.35
0,2,0.501170797727293,0.441312063116928,2650.10244107143,0.0699793257996186,0.346414203033336,0.35
0,2,0.501170797727293,0.431341928854031,2766.62149285714,0.0684143762363531,0.348067608358228,0.35
0,2,0.501170797727293,0.421377164612297,2944.44211607143,0.0665008190154719,0.349806859338003,0.35
0,2,0.501170797727293,0.411400356370401,3063.231375,0.05790909221758,0.355585069578321,0.35
0,2,0.501170797727293,0.401424020126853,3294.58565357143,0.056696870517397,0.356486304216705,0.35
0,2,0.501170797727293,0.391430175018596,3320.17671964286,0.0506481097672912,0.385166938680101,0.35
0,2,0.501170797727293,0.38143250733382,3521.4484125,0.0412130676127808,0.441016146879375,0.35
0,2,0.501170797727293,0.371444502581157,3663.125325,0.0403953145769637,0.459748768783059,0.35
0,2,0.501170797727293,0.361441414957648,3592.24692857143,0.0403505953914006,0.473089083843689,0.35
0,2,0.501170797727293,0.351458692593083,4037.26497321429,0.039932331816775,0.476615011587475,0.35
0,2,0.501170797727293,0.341425140277105,3791.30729464286,0.0399310098773161,0.575427670331779,0.35
0,2,0.501170797727293,0.331442939828458,3801.26410178571,0.0387068489088331,0.590775532187175,0.35
0,2,0.501170797727293,0.321523987158517,3288.96099642857,0.038915002911242,0.59530595701783,0.35
0,2,0.501170797727293,0.311551627681313,3498.88693928571,0.0388410627524822,0.596467703788748,0.35
0,2,0.501170797727293,0.30156203665923,3940.22056071429,0.0387435544395013,0.598084040130029,0.35
0,2,0.600841634649233,0.600841634649233,1775.53587321429,0.164822226080113,0.144538588048043,0.35
0,2,0.600841634649233,0.590876417771001,1880.02569107143,0.15579294375413,0.14761751852826,0.35
0,2,0.600841634649233,0.581040403742408,1771.7500125,0.145519978533762,0.150294391253714,0.35
0,2,0.600841634649233,0.571070794887828,1878.92158392857,0.133172681236573,0.152291081098011,0.35
0,2,0.600841634649233,0.561099283952584,1969.47339107143,0.119237808626427,0.153679780107754,0.35
0,2,0.600841634649233,0.55113436098186,2087.9574375,0.108580073788988,0.154859741338904,0.35
0,2,0.600841634649233,0.541164282984352,2195.99818392857,0.102004151886984,0.155682656693046,0.35
0,2,0.600841634649233,0.531201870981924,2327.77053214286,0.097184706382692,0.156495491856764,0.35
0,2,0.600841634649233,0.521235565536827,2439.92701071429,0.0945610730803352,0.15713179664036,0.35
0,2,0.600841634649233,0.511256032590239,2492.49550178571,0.088608249432929,0.157393759368261,0.35
0,2,0.600841634649233,0.501288481088216,2637.48195535714,0.0810185061070949,0.157876352505288,0.35
0,2,0.600841634649233,0.491315142935539,2694.49802142857,0.0765236337285294,0.158270206837692,0.35
0,2,0.600841634649233,0.481310436298689,2740.59514821429,0.073510922444369,0.15975218138103,0.35
0,2,0.600841634649233,0.471328151509158,2886.78347678571,0.0687680127317887,0.184908887091816,0.35
0,2,0.600841634649233,0.461344456969633,2871.59777142857,0.0610899953707996,0.1871787954478,0.35
0,2,0.600841634649233,0.451383129093744,3065.72755178571,0.0588819512083725,0.187834763678797,0.35
0,2,0.600841634649233,0.441409622066182,3188.13813214286,0.0575055420542794,0.192067961197056,0.35
0,2,0.600841634649233,0.431415904365226,3256.21031785714,0.0551413047944509,0.22150287308746,0.35
0,2,0.600841634649233,0.421417488237943,3297.21399642857,0.0419555746323678,0.25834268836009,0.35
0,2,0.600841634649233,0.411322646099515,3805.28913214286,0.0413013464725324,0.37050146776289,0.35
0,2,0.600841634649233,0.401404576838026,3333.60089464286,0.041023166667377,0.398701765392252,0.35
0,2,0.600841634649233,0.391427451322593,3643.43919642857,0.0406814774812357,0.402517603143643,0.35
0,2,0.600841634649233,0.381411139310306,3519.5575875,0.0407137765470411,0.444391804522143,0.35
0,2,0.600841634649233,0.371438063702888,3800.28231428571,0.040630951089607,0.448664611978203,0.35
0,2,0.600841634649233,0.361423857154159,3744.54171964286,0.0402172258521504,0.489379543212022,0.35
0,2,0.600841634649233,0.351430686918146,3963.93176785714,0.0400604457621668,0.514980428621983,0.35
0,2,0.600841634649233,0.341425350300941,3897.80470714286,0.0399334479067804,0.588089341557555,0.35
0,2,0.600841634649233,0.331460212379975,3470.51989285714,0.0386493606243607,0.588589571811426,0.35
0,2,0.600841634649233,0.321483562703747,3838.52365178571,0.0385745842021963,0.589675266858487,0.35
0,2,0.600841634649233,0.311540926369319,3367.09693392857,0.03773396257866,0.593958398951197,0.35
0,2,0.600841634649233,0.301567500406545,3818.72041071429,0.037587774086336,0.5954204768583,0.35
0,2,0.700738554279928,0.700738554279928,1386.71179821429,0.262066617546913,0.0470112146943059,0.35
0,2,0.700738554279928,0.690782611935565,1529.02301785714,0.251549978036024,0.0509375260578471,0.35
0,2,0.700738554279928,0.680827939280254,1647.57238928571,0.24077284247459,0.0526875069403832,0.35
0,2,0.700738554279928,0.670883008300329,1792.442625,0.230825875244135,0.0540255637681804,0.35
0,2,0.700738554279928,0.660927021600017,1897.43423035714,0.222934411298305,0.0553097234195486,0.35
0,2,0.700738554279928,0.650985622462562,2062.76245178571,0.21323566956113,0.0563881092028134,0.35
0,2,0.700738554279928,0.641025466303007,2156.0444625,0.199245127539416,0.0567535836500212,0.35
0,2,0.700738554279928,0.631090166108595,2326.85678035714,0.19255617820548,0.0572206287205178,0.35
0,2,0.700738554279928,0.621134284753663,2428.96997142857,0.189956010132618,0.0606118923249755,0.35
0,2,0.700738554279928,0.611135821687309,2360.52193928571,0.181737615441539,0.0642233135280964,0.35
0,2,0.700738554279928,0.601175587904842,2442.29612678571,0.177298230748071,0.067212009578754,0.35
0,2,0.700738554279928,0.591244374002268,2606.78372142857,0.173787146679717,0.0675362514155165,0.35
0,2,0.700738554279928,0.581248627737816,2577.1515,0.170847182270766,0.0697191529970434,0.35
0,2,0.700738554279928,0.571315262571696,2807.67340714286,0.162374981636379,0.0700590538660578,0.35
0,2,0.700738554279928,0.561330344703389,2868.9669,0.149527918854789,0.0745178398705143,0.35
0,2,0.700738554279928,0.551338592137731,2848.64259642857,0.145737101461185,0.0749119708131206,0.35
0,2,0.700738554279928,0.54142587078491,3206.46505178571,0.143824165005062,0.0754704387721305,0.35
0,2,0.700738554279928,0.531398655083258,3007.9443375,0.131195363755685,0.0972077808198646,0.35
0,2,0.700738554279928,0.521485015007836,3417.41417142857,0.127785998264914,0.104234147963783,0.35
0,2,0.700738554279928,0.511392852770628,2856.03602142857,0.126724440674469,0.107907285406166,0.35
0,2,0.700738554279928,0.501474938445031,3268.938075,0.124696749580843,0.109684174671946,0.35
0,2,0.700738554279928,0.491452579719839,3127.52853214286,0.116313554712091,0.110034556172898,0.35
0,2,0.700738554279928,0.48152636695056,3541.49823214286,0.115436484869703,0.113733749653132,0.35
0,2,0.700738554279928,0.471436128098208,2911.00339285714,0.0990128103492099,0.199579616819283,0.35
0,2,0.700738554279928,0.461481390017871,2892.92509821429,0.0977301656211632,0.203906234609034,0.35
0,2,0.700738554279928,0.45152442027883,3150.36975,0.0960193845857195,0.206326332656094,0.35
0,2,0.700738554279928,0.441536916458674,3048.045675,0.0821046176776595,0.239734444555857,0.35
0,2,0.700738554279928,0.431585324878498,3367.60365535714,0.080192417776612,0.289310438907219,0.35
0,2,0.700738554279928,0.421516552642306,2890.91008392857,0.0751153709797139,0.360628911893459,0.35
0,2,0.700738554279928,0.411557846922296,3215.55767142857,0.0739920923254097,0.367903068708768,0.35
0,2,0.700738554279928,0.401539909930809,3234.12983571429,0.0731974298087538,0.370079958842975,0.35
0,2,0.700738554279928,0.391550578091089,3421.143075,0.0730517559400634,0.393945533360356,0.35
0,2,0.700738554279928,0.381535908469724,3301.12013035714,0.0730698176214047,0.474312135154962,0.35
0,2,0.700738554279928,0.371539927673189,3538.67141785714,0.0729303353183064,0.536314087025912,0.35
0,2,0.700738554279928,0.361555505482617,3131.63439642857,0.0696521763393261,0.574579039877944,0.35
0,2,0.700738554279928,0.351595618231005,3047.98977321429,0.0697737577809686,0.579287910453558,0.35
0,2,0.700738554279928,0.341633547003334,3416.91511071429,0.0694443664914722,0.58084387500982,0.35
0,2,0.700738554279928,0.331625989304006,3292.23318214286,0.0692679004393036,0.603458994507438,0.35
0,2,0.700738554279928,0.321601201417477,3511.08594642857,0.0568834103271937,0.609910734510251,0.35
0,2,0.700738554279928,0.311626326604163,4019.34776785714,0.0475403426734038,0.612878392103486,0.35
0,2,0.700738554279928,0.301621971975812,3710.1178125,0.0468983191346797,0.614044304109439,0.35
0,2,0.700738554279928,0.291607133119648,3604.68529285714,0.0393346688352692,0.614588743749836,0.35
0,2,0.700738554279928,0.28162897407702,4151.69754107143,0.038221066713476,0.615989951330274,0.35
0,2,0.700738554279928,0.27163791452837,3660.38399464286,0.0261459072183443,0.616490696207779,0.35
0,2,0.700738554279928,0.261658465213158,4115.75712321429,0.0144112814184764,0.61769057337355,0.35
0,2,0.700738554279928,0.251724596649968,3368.17378928571,0.0112971609741922,0.630968474236614,0.35
0,2,0.700738554279928,0.241752967219052,3856.6203,0.010507474063974,0.632601600173943,0.35
0,2,0.700738554279928,0.231765850632429,3498.69674464286,0.0108683685216624,0.632095548240216,0.35
0,2,0.700738554279928,0.221787937435287,3984.39729107143,0.0098976082303757,0.63359245973452,0.35
0,2,0.700738554279928,0.211799590511323,4493.38665535714,0.007607669275192,0.634672349183714,0.35
0,2,0.700738554279928,0.201786614642284,3818.80931785714,0.0015028313064533,0.648322339015877,0.35
1,3,0.461435068870716,0.461435068870716,3617.13617678571,0.101301496035026,0.350286086514826,0.35
1,3,0.461435068870716,0.471362361153951,3190.91891785714,0.101761645148832,0.349080130357383,0.35
1,3,0.461435068870716,0.481303930263232,2937.35267678571,0.102876456636164,0.347089099764857,0.35
1,3,0.461435068870716,0.491255287402696,2732.95394464286,0.105555871924008,0.344982664822491,0.35
1,3,0.461435068870716,0.501233840057154,2494.91904642857,0.112164203857538,0.341517816471221,0.35
1,3,0.461435068870716,0.511205685347419,2314.82751428571,0.116760974931959,0.336234030886906,0.35
1,3,0.461435068870716,0.521155668241002,2228.71577678571,0.120148041137405,0.330267500560658,0.35
1,3,0.461435068870716,0.531148106111424,2224.53759642857,0.124569922194535,0.321244668720283,0.35
1,3,0.461435068870716,0.541095878768805,2126.675775,0.127899866784848,0.313258530107855,0.35
1,3,0.461435068870716,0.551069764875306,2046.94866964286,0.130585846740418,0.301320033743228,0.35
1,3,0.461435068870716,0.561156980162555,1883.25432321429,0.135951558799007,0.285168217198191,0.35
1,3,0.461435068870716,0.571120634969587,1786.4516625,0.142508306146062,0.273378479227659,0.35
1,3,0.461435068870716,0.581101309539675,1765.12356964286,0.150767730814529,0.244435402793104,0.35
1,3,0.461435068870716,0.591068474950575,1791.04481785714,0.154008725926168,0.204658855591221,0.35
1,3,0.461435068870716,0.601033418460293,1695.33947678571,0.161907832032957,0.194342211689949,0.35
1,3,0.461435068870716,0.611015687244479,1724.243475,0.170974889341847,0.156129391820202,0.35
1,3,0.461435068870716,0.62097778116593,1621.01327678571,0.181118619702221,0.152809519379319,0.35
1,3,0.461435068870716,0.630953128727934,1694.47745357143,0.190474573853437,0.144111894295019,0.35
1,3,0.461435068870716,0.640857697627778,1693.77529821429,0.201756265723662,0.138541973145813,0.35
1,3,0.461435068870716,0.650907012280137,1558.39557857143,0.215909605715474,0.137162477858117,0.35
1,3,0.461435068870716,0.660889714335053,1545.42560892857,0.224900546972554,0.135509842860478,0.35
1,3,0.461435068870716,0.670864650845338,1603.32350892857,0.232745244495678,0.136621941316341,0.35
1,3,0.461435068870716,0.680814896478735,1459.87663928571,0.240408778417778,0.131320451070831,0.35
1,3,0.461435068870716,0.690799659346998,1505.93281071429,0.254800115758154,0.113664679120505,0.35
1,3,0.461435068870716,0.700770885282309,1450.06082142857,0.261406033785202,0.0528544106421594,0.35
1,3,0.461435068870716,0.710741300223688,1438.54512857143,0.269590431152484,0.0517284688105512,0.35
1,3,0.461435068870716,0.720688568509501,1380.93837857143,0.282167704102346,0.0449576525056984,0.35
1,3,0.461435068870716,0.730709176198586,1513.52270357143,0.304351118699308,0.0,0.35
1,3,0.461435068870716,0.740680885397403,1557.954525,0.346930483111781,0.0,0.35
1,3,0.461435068870716,0.750588242783232,1316.58812142857,0.356904789722773,0.0,0.35
1,3,0.461435068870716,0.760559718682425,1341.35925535714,0.369623921893641,0.0,0.35
1,3,0.461435068870716,0.77050059900234,1232.30238214286,0.382819193499532,0.0,0.35
1,3,0.461435068870716,0.780484278693776,1229.41790892857,0.390659339819896,0.0,0.35
1,3,0.461435068870716,0.790402129007937,1047.19239107143,0.407027861160655,0.0,0.35
1,3,0.461435068870716,0.800383770105039,1056.0544125,0.416617020227845,0.0,0.35
1,3,0.461435068870716,0.810259665370128,748.805041071428,0.427669093465542,0.0,0.35
1,3,0.461435068870716,0.820253510259473,744.8037375,0.434374269525926,0.0,0.35
1,3,0.581175721255144,0.581175721255144,3452.26030178571,0.151207089133537,0.102374939823209,0.35
1,3,0.581175721255144,0.591104344552251,3139.21335535714,0.153855966333322,0.101505779102791,0.35
1,3,0.581175721255144,0.60103718025258,2881.99515535714,0.158685728433269,0.100371828440884,0.35
1,3,0.581175721255144,0.610978757105843,2629.53640714286,0.167560860074397,0.0988255581073204,0.35
1,3,0.581175721255144,0.620946463068953,2485.23308571429,0.176077607817069,0.0961300334915453,0.35
1,3,0.581175721255144,0.630911005567193,2360.08090714286,0.186981710678111,0.0944353183626638,0.35
1,3,0.581175721255144,0.640878561681968,2284.70592857143,0.199360081593577,0.0915104227769847,0.35
1,3,0.581175721255144,0.65083642205441,2159.7544875,0.208466909660153,0.081957980497855,0.35
1,3,0.581175721255144,0.660821643623017,2187.98897142857,0.21571168468238,0.0693567228702683,0.35
1,3,0.581175721255144,0.670772150327118,2031.02314821429,0.227498045435317,0.0674555359149803,0.35
1,3,0.581175721255144,0.680748486444395,2020.16419285714,0.237995563461818,0.0657932629816023,0.35
1,3,0.581175721255144,0.69071937807213,1961.24822678571,0.252321205878964,0.0623985723053844,0.35
1,3,0.581175721255144,0.700688571418724,1880.74483928571,0.25926605181472,0.0614914934723611,0.35
1,3,0.581175721255144,0.710661150227724,1843.0468875,0.267586808362924,0.0602072373290615,0.35
1,3,0.581175721255144,0.720648908118167,1900.59196607143,0.280617818537756,0.0599213108300212,0.35
1,3,0.581175721255144,0.730611802284711,1762.34161607143,0.291597345925102,0.0554016368087127,0.35
1,3,0.581175721255144,0.740582483014788,1726.30433035714,0.297755477062943,0.0516113549453281,0.35
1,3,0.581175721255144,0.750548474046943,1686.65625,0.308164978366107,0.0450958659399002,0.35
1,3,0.581175721255144,0.760547587111292,1765.78566428571,0.334756385614886,0.0,0.35
1,3,0.581175721255144,0.77053035560714,1853.45306785714,0.380734533569664,0.0,0.35
1,3,0.581175721255144,0.780488554525822,1739.854575,0.392037839632501,0.0,0.35
1,3,0.581175721255144,0.790436863454328,1663.88897678571,0.394073272595415,0.0,0.35
1,3,0.581175721255144,0.800386809614653,1555.35117857143,0.401423915348272,0.0,0.35
1,3,0.581175721255144,0.810317441989449,1367.59240178571,0.418850277731922,0.0,0.35
1,3,0.581175721255144,0.82018518801257,1007.62620535714,0.430456600623032,0.0,0.35
1,3,0.70103779479163,0.70103779479163,3387.03692678571,0.292918867252271,0.0762409992125454,0.35
1,3,0.70103779479163,0.710879446282737,2448.45573214286,0.297353234365312,0.0747832891735329,0.35
1,3,0.70103779479163,0.72078126894309,2490.01922142857,0.305185034133619,0.0721840088264386,0.35
1,3,0.70103779479163,0.730729328455068,2289.62285892857,0.311483255473726,0.0688897389113282,0.35
1,3,0.70103779479163,0.740669741017749,2128.84915714286,0.320649393914077,0.0561789098711487,0.35
1,3,0.70103779479163,0.75061470956401,1979.63145535714,0.331348773060868,0.0,0.35
1,3,0.70103779479163,0.760572158508651,1877.86007678571,0.342195865272498,0.0,0.35
1,3,0.70103779479163,0.77058926808601,1961.1508875,0.360240033328313,0.0,0.35
1,3,0.70103779479163,0.780534014659868,1821.77206607143,0.371467464569168,0.0,0.35
1,3,0.70103779479163,0.790503006169484,1769.82895714286,0.382128761567071,0.0,0.35
1,3,0.70103779479163,0.800472397229427,1722.950475,0.402316690860678,0.0,0.35
1,3,0.70103779479163,0.810474740092652,1826.95197321429,0.422294557219836,0.0,0.35
1,3,0.70103779479163,0.82042741108131,1738.70638392857,0.446766406623592,0.0,0.35
1,1,0.650834127886871,0.650834127886871,2336.74973035714,0.29089205423522,0.153822028512883,0.65
1,1,0.650834127886871,0.660830723242583,2147.49969642857,0.296864647471152,0.149942961207108,0.65
1,1,0.650834127886871,0.670817105993903,2062.82179821429,0.300172004908545,0.146439112425403,0.65
1,1,0.650834127886871,0.680794604609694,1955.69286964286,0.303862966018839,0.13888573369208,0.65
1,1,0.650834127886871,0.690770387286535,1927.14218035714,0.308620114724082,0.127840356994415,0.65
1,1,0.650834127886871,0.70073961064836,1818.04776428571,0.313093721889187,0.121290317444784,0.65
1,1,0.650834127886871,0.710724869736432,1741.8541125,0.338484721266572,0.0845159574737544,0.65
1,1,0.650834127886871,0.720705816835983,1668.73985357143,0.349128714044795,0.0813603689787125,0.65
1,1,0.650834127886871,0.730674442386818,1684.46790535714,0.357019824186877,0.0772820506593897,0.65
1,1,0.650834127886871,0.740658317653157,1586.53984821429,0.365262422270724,0.0707730217887626,0.65
1,1,0.650834127886871,0.75063240099691,1588.50906428571,0.375940155060925,0.0703797094193735,0.65
1,1,0.650834127886871,0.760600201789992,1550.99656607143,0.382193266423148,0.06934871403997,0.65
1,1,0.650834127886871,0.770573781422634,1457.72446607143,0.395356374051937,0.0661883186385503,0.65
1,1,0.650834127886871,0.780544859105581,1466.16831964286,0.414878396445623,0.0611309240316613,0.65
1,1,0.650834127886871,0.790514353696466,1488.7852875,0.448228902662397,0.0,0.65
1,1,0.650834127886871,0.800488149205298,1429.99396071429,0.46838137117125,0.0,0.65
1,1,0.650834127886871,0.810470181221087,1383.98126785714,0.498707096571457,0.0,0.65
1,1,0.650834127886871,0.820435873069848,1364.12943214286,0.515596963817054,0.0,0.65
1,1,0.650834127886871,0.830401980065129,1378.13368392857,0.538770948498799,0.0,0.65
1,1,0.650834127886871,0.840369481952717,1407.03167142857,0.565806636763281,0.0,0.65
1,1,0.650834127886871,0.850331852629318,1304.77164107143,0.587505999586854,0.0,0.65
1,1,0.650834127886871,0.860306412007747,1305.42348214286,0.59342627811403,0.0,0.65
1,1,0.650834127886871,0.87026331122402,1240.74246964286,0.632153121759228,0.0,0.65
1,1,0.650834127886871,0.88022448433589,1146.27188035714,0.647836260911931,0.0,0.65
1,1,0.650834127886871,0.890121178222777,817.361008928571,0.66515455233252,0.0,0.65
1,1,0.650834127886871,0.900139006836532,737.657367857143,0.682368921943093,0.0,0.65
1,1,0.650834127886871,0.910128028413191,730.163791071429,0.693291261779152,0.0,0.65
0,2,0.900351991918576,0.900351991918576,2287.01558571429,0.675711605880636,0.0,0.65
0,2,0.900351991918576,0.890365028590582,2046.56858571429,0.648721863857443,0.0,0.65
0,2,0.900351991918576,0.880299730114983,3417.9579,0.64282519368946,0.0,0.65
0,2,0.900351991918576,0.870441650756394,2119.71305892857,0.598061686165944,0.0,0.65
0,2,0.900351991918576,0.860402990777934,1406.91830357143,0.583823787078331,0.0,0.65
0,2,0.900351991918576,0.850474716428651,2148.7669875,0.579144716427502,0.0,0.65
0,2,0.900351991918576,0.840543514284511,2528.40231964286,0.565586683405872,0.0,0.65
0,2,0.900351991918576,0.830565966478612,2587.6545,0.512750001547891,0.0,0.65
0,2,0.900351991918576,0.820399592539677,1748.250225,0.430494232476241,0.0,0.65
0,2,0.900351991918576,0.81045644632334,2116.69475892857,0.407800665038473,0.0,0.65
0,2,0.900351991918576,0.800469843424636,2186.12990357143,0.396627574836931,0.0,0.65
0,2,0.900351991918576,0.790530196144955,2584.44027857143,0.391214200588874,0.0,0.65
0,2,0.900351991918576,0.780547874037216,2651.15485178571,0.36648487854842,0.0,0.65
0,2,0.900351991918576,0.770642040570098,3279.52067142857,0.357488839300971,0.0,0.65
0,2,0.900351991918576,0.760512513594838,1877.64212678571,0.314773115707576,0.0,0.65
0,2,0.900351991918576,0.750621435548389,3173.70169821429,0.287906497388727,0.0612977167677165,0.65
0,2,0.900351991918576,0.740629808819876,3099.46824107143,0.27671959275902,0.0967906188614547,0.65
0,2,0.900351991918576,0.730681904936896,3535.52860178571,0.270132265510736,0.123632099423999,0.65
0,2,0.900351991918576,0.720654168738488,2929.90305,0.26567842310956,0.125579594465319,0.65
0,2,0.900351991918576,0.710693355941824,3183.15619285714,0.25614019570011,0.138900461577194,0.65
0,2,0.900351991918576,0.700752011871942,3643.66276607143,0.253273581240939,0.143806576134184,0.65
0,2,0.900351991918576,0.690730946387951,3114.14427857143,0.240903363893668,0.1670053238619,0.65
0,2,0.900351991918576,0.680717982245408,2534.956275,0.231043930926894,0.165380078098961,0.65
0,2,0.900351991918576,0.670751419215286,2782.98914464286,0.227981470011152,0.167905690072902,0.65
0,2,0.900351991918576,0.660778590260566,2925.06910714286,0.213620977924817,0.169069833060114,0.65
0,2,0.900351991918576,0.65079180991975,3151.31192142857,0.195659423044187,0.169653368014678,0.65
0,2,0.900351991918576,0.640821376433549,2777.83525178571,0.196052997549989,0.169791094164626,0.65
0,2,0.900351991918576,0.630877204379999,3235.23246428571,0.190584831966941,0.170912153504511,0.65
0,2,0.900351991918576,0.620927570436423,3609.81001607143,0.185032750567634,0.242586601307321,0.65
0,2,0.900351991918576,0.610924570777511,3428.15792678571,0.180805439057184,0.253581197517938,0.65
0,2,0.900351991918576,0.601000405322145,3926.41271785714,0.178733532144236,0.254627475611061,0.65
0,2,0.730649639611939,0.730649639611939,1663.09325892857,0.357122957979453,0.0772371545719526,0.65
0,2,0.730649639611939,0.72066998569138,1823.65963928571,0.343939844356907,0.0790677882352695,0.65
0,2,0.730649639611939,0.710688175772994,1911.69236785714,0.333443050019889,0.0801302094285,0.65
0,2,0.730649639611939,0.70072762654269,2199.76485535714,0.32587560597938,0.0807814302564764,0.65
0,2,0.730649639611939,0.690747640077479,2400.25301785714,0.317879914665752,0.0814800382719164,0.65
0,2,0.730649639611939,0.68076651187563,2531.74148035714,0.30596501057833,0.0820861185662296,0.65
0,2,0.730649639611939,0.670785666336734,2721.15013928571,0.299840619452468,0.082396102111943,0.65
0,2,0.730649639611939,0.660806865947449,2749.56239464286,0.295824802173449,0.0825651045132251,0.65
0,2,0.730649639611939,0.650833364102951,2714.73435535714,0.293726971094957,0.0894677352290353,0.65
0,2,0.730649639611939,0.6408547854101,2819.43754285714,0.289180255209901,0.09090240621125,0.65
0,2,0.730649639611939,0.630883993804516,3037.06234285714,0.288124327923647,0.0911311644573901,0.65
0,2,0.730649639611939,0.620904927379509,2841.92578928571,0.245381843901304,0.0942493317732732,0.65
0,2,0.730649639611939,0.610942033709408,2342.94283392857,0.231734314613389,0.0933544816843438,0.65
0,2,0.730649639611939,0.600967273737644,2631.4836,0.228056524651718,0.0938766349050073,0.65
0,2,0.820425339442091,0.820425339442091,1351.57063392857,0.516399117323976,0.0,0.65
0,2,0.820425339442091,0.810459777249508,1539.92631964286,0.500902754386302,0.0,0.65
0,2,0.820425339442091,0.800476991969359,1636.35656785714,0.489257963378578,0.0,0.65
0,2,0.820425339442091,0.790511269072291,1798.69007142857,0.474531043183114,0.0,0.65
0,2,0.820425339442091,0.780534191572126,2142.47250535714,0.463617596686724,0.0,0.65
0,2,0.820425339442091,0.770580105896387,2125.82994107143,0.420805863621681,0.0,0.65
0,2,0.820425339442091,0.760622490263511,2402.01853928571,0.415696905334902,0.0,0.65
0,2,0.820425339442091,0.750630866236685,2187.09200892857,0.397902474479291,0.0,0.65
0,2,0.820425339442091,0.740666174064935,2431.25256964286,0.393123824155356,0.0,0.65
0,2,0.820425339442091,0.730696017940694,2274.31566964286,0.376735473722714,0.0,0.65
0,2,0.820425339442091,0.720739920688125,2706.96338571429,0.373112394686093,0.0,0.65
0,2,0.820425339442091,0.710749238722074,2581.85044821429,0.347659302750913,0.0,0.65
0,2,0.820425339442091,0.700781432208234,2676.75865714286,0.33777333450303,0.0,0.65
0,2,0.820425339442091,0.69079583182883,2528.22844285714,0.33121370043903,0.0,0.65
0,2,0.820425339442091,0.680855051376143,3026.36393035714,0.328476851545475,0.0,0.65
0,2,0.820425339442091,0.670870991543181,2852.79135535714,0.317237969928772,0.0,0.65
0,2,0.820425339442091,0.660884349355391,2611.89647142857,0.275630697396238,0.0,0.65
0,2,0.820425339442091,0.650932829409878,2982.88835892857,0.269295809122235,0.0,0.65
0,2,0.820425339442091,0.640921338983784,2252.54884821429,0.254177356833514,0.0,0.65
0,2,0.820425339442091,0.630953831712779,2446.0553625,0.250867217212102,0.0,0.65
0,2,0.820425339442091,0.620995008025499,2798.77791964286,0.247753293932997,0.0,0.65
0,2,0.820425339442091,0.611026924434961,2840.79392142857,0.227252827273895,0.0,0.65
0,2,0.820425339442091,0.601087557073436,3275.47101964286,0.223054222113008,0.0,0.65
1,3,0.73067364278265,0.73067364278265,3384.95436964286,0.270247106990977,0.123720982966521,0.65
1,3,0.73067364278265,0.740615581306796,2854.85301428571,0.292892766184853,0.122840527865543,0.65
1,3,0.73067364278265,0.750571591412411,2490.56968392857,0.305963611445326,0.120787020355697,0.65
1,3,0.73067364278265,0.760547665728828,2253.95244642857,0.319314025994765,0.113500227921983,0.65
1,3,0.73067364278265,0.770520005749373,2057.64482678571,0.332917844437799,0.109494617881097,0.65
1,3,0.73067364278265,0.780500530147942,1942.70029821429,0.347297474090509,0.0801587469171833,0.65
1,3,0.73067364278265,0.790470051413208,1854.62942678571,0.375572810278449,0.0770052957184198,0.65
1,3,0.73067364278265,0.800438501773419,1731.73911964286,0.398935131128112,0.0709424793103207,0.65
1,3,0.73067364278265,0.810414459566487,1635.02779821429,0.427154067782205,0.0689765205379457,0.65
1,3,0.73067364278265,0.820378115823232,1747.87738392857,0.483057536610848,0.0600988399016329,0.65
1,3,0.73067364278265,0.830349862129575,1662.45501964286,0.503744795566968,0.0,0.65
1,3,0.73067364278265,0.840316908660876,1700.98345714286,0.51967006513929,0.0,0.65
1,3,0.73067364278265,0.850296134656423,1604.6175375,0.556222945572198,0.0,0.65
1,3,0.73067364278265,0.860343171691849,1425.2597625,0.601041775136329,0.0,0.65
1,3,0.73067364278265,0.870316005549441,1408.85634642857,0.633710871416219,0.0,0.65
1,3,0.73067364278265,0.880246635760088,1159.28980714286,0.65311300258526,0.0,0.65
1,3,0.73067364278265,0.890198656328212,942.6391875,0.662774128551215,0.0,0.65
1,3,0.73067364278265,0.9001634889159,779.244176785714,0.684514468281615,0.0,0.65
1,3,0.73067364278265,0.91013598984964,665.073830357143,0.699647796409744,0.0,0.65
1,3,0.820407095745662,0.820407095745662,1706.29244464286,0.430331064620405,0.0,0.65
1,3,0.820407095745662,0.830384474691157,1711.77813214286,0.464157420796407,0.0,0.65
1,3,0.820407095745662,0.840165018533363,2244.92973214286,0.531277111719886,0.0,0.65
1,3,0.820407095745662,0.850273593135915,1490.33360357143,0.579891451401879,0.0,0.65
1,3,0.820407095745662,0.860294626280711,1390.89178392857,0.589876500781223,0.0,0.65
1,3,0.820407095745662,0.870343571033806,1578.66893571429,0.619066966445655,0.0,0.65
1,3,0.820407095745662,0.880277007230571,1349.43290892857,0.641893419354818,0.0,0.65
1,3,0.820407095745662,0.890189917574635,901.694426785714,0.652433120437289,0.0,0.65
1,3,0.820407095745662,0.900172135272106,826.550941071428,0.670537997999883,0.0,0.65
1,1,0.800451432794893,0.800451432794893,2752.63219821429,0.404819852378603,0.0,0.8
1,1,0.800451432794893,0.810446010188375,2274.6280875,0.415438853746617,0.0,0.8
1,1,0.800451432794893,0.820425749466196,2042.68160892857,0.426525873145435,0.0,0.8
1,1,0.800451432794893,0.830408802700497,1851.79201607143,0.439080164933658,0.0,0.8
1,1,0.800451432794893,0.840397006675171,1636.86807321429,0.467724534512872,0.0,0.8
1,1,0.800451432794893,0.850374875974211,1599.35045357143,0.496519431504921,0.0,0.8
1,1,0.800451432794893,0.860347312376315,1476.22315714286,0.545034288005739,0.0,0.8
1,1,0.800451432794893,0.870326365626418,1425.5304375,0.570653892850374,0.0,0.8
1,1,0.800451432794893,0.88030231515434,1384.0278375,0.583913492410467,0.0,0.8
1,1,0.800451432794893,0.890279072424577,1463.65134107143,0.630205673355675,0.0,0.8
1,1,0.800451432794893,0.900248510221653,1415.89979464286,0.674116224370437,0.0,0.8
1,1,0.800451432794893,0.910214617464803,1417.06520892857,0.697954089621545,0.0,0.8
1,1,0.800451432794893,0.920166273866005,1178.2989,0.727797837824885,0.0,0.8
1,1,0.800451432794893,0.930124818206804,885.489417857143,0.74199376292238,0.0,0.8
1,1,0.800451432794893,0.940113802261384,789.528546428571,0.766626190981816,0.0,0.8
0,2,0.940123062062526,0.940123062062526,853.058491071429,0.761100355387824,0.0,0.8
0,2,0.940123062062526,0.930143623168838,1013.32733035714,0.737268472636456,0.0,0.8
0,2,0.940123062062526,0.920196236676995,1458.09995892857,0.722592098131008,0.0,0.8
0,2,0.940123062062526,0.910228809127399,1764.90801964286,0.713447236161509,0.0,0.8
0,2,0.940123062062526,0.900245239084475,1817.60188392857,0.671630656547987,0.0,0.8
0,2,0.940123062062526,0.890320557300228,2396.53880357143,0.643925844985873,0.0,0.8
0,2,0.940123062062526,0.880341434057353,2212.39322142857,0.576287686833507,0.0,0.8
0,2,0.940123062062526,0.87036172381472,2000.63192678571,0.555826846194193,0.0,0.8
0,2,0.940123062062526,0.86040584797733,2257.85698392857,0.540955927873246,0.0,0.8
0,2,0.940123062062526,0.850405620431858,2202.85700892857,0.482953888194638,0.0,0.8
0,2,0.940123062062526,0.840446643463674,2592.12173035714,0.454243952348103,0.0,0.8
0,2,0.940123062062526,0.830494162256956,3292.095,0.441849258214258,0.0,0.8
0,2,0.940123062062526,0.820505724546233,2445.35829107143,0.432558259214799,0.0,0.8
0,2,0.940123062062526,0.810518826325439,2661.34314107143,0.418822520219683,0.0,0.8
0,2,0.940123062062526,0.800563664855678,3081.97266964286,0.411661017734172,0.0,0.8
0,2,0.940123062062526,0.790603264689969,3235.97099464286,0.403274308950921,0.0,0.8
0,2,0.940123062062526,0.780583018237678,2393.42778214286,0.380278351882433,0.0,0.8
0,2,0.940123062062526,0.77061154260485,2967.5079,0.377952848092029,0.0,0.8
0,2,0.940123062062526,0.760646989138971,2785.89466071429,0.371713020452349,0.072210614868297,0.8
0,2,0.940123062062526,0.750672035809466,2155.60445357143,0.359083046826007,0.0840080142981744,0.8
0,2,0.940123062062526,0.740696766829149,2487.66854464286,0.35596259425955,0.086068310015388,0.8
0,2,0.940123062062526,0.730713351842765,2634.47040535714,0.354916991609946,0.134542599700087,0.8
0,2,0.940123062062526,0.720737656456963,2686.35698035714,0.335312259549143,0.137557178103118,0.8
0,2,0.940123062062526,0.710769536690672,2706.78515892857,0.330053883506739,0.138376515214808,0.8
0,2,0.940123062062526,0.700801367084778,2565.145875,0.320704780282646,0.141560512542624,0.8
0,2,0.940123062062526,0.690832826450736,2923.33003928571,0.318890973203949,0.142644396757775,0.8
0,2,0.940123062062526,0.680821384994805,2219.99575714286,0.315426173098645,0.144524495401476,0.8
0,2,0.940123062062526,0.670866035242103,2492.04726964286,0.31322540121144,0.146957504068944,0.8
0,2,0.940123062062526,0.660875659324634,2544.050775,0.311080916284163,0.148094291593631,0.8
0,2,0.8703236465787,0.8703236465787,1648.27503214286,0.558499801347236,0.0,0.8
0,2,0.8703236465787,0.860357191573468,1935.64887321429,0.537678113048821,0.0,0.8
0,2,0.8703236465787,0.850387070581736,2211.52396071429,0.490836796522559,0.0,0.8
0,2,0.8703236465787,0.84041657856116,2424.24474642857,0.475191594780848,0.0,0.8
0,2,0.8703236465787,0.830453246843519,2915.98141071429,0.464510854658787,0.0,0.8
0,2,0.8703236465787,0.82046852835872,2745.65504464286,0.449083515615973,0.0,0.8
0,2,0.8703236465787,0.810499143886935,3264.20266071429,0.438590500546265,0.0,0.8
0,2,0.8703236465787,0.800523008905268,2330.84271964286,0.419638600728691,0.0,0.8
0,2,0.8703236465787,0.790541923180504,2954.69021785714,0.417200732084283,0.0,0.8
0,2,0.8703236465787,0.780573408134521,2902.92490178571,0.404240016281405,0.0,0.8
0,2,0.8703236465787,0.770609871520353,3383.25245357143,0.402576624041624,0.0,0.8
0,2,0.8703236465787,0.760595382124047,2502.64891607143,0.379124276220054,0.0,0.8
0,2,0.8703236465787,0.750621412400267,2837.59078928571,0.372603801798175,0.0,0.8
0,2,0.8703236465787,0.740651878409395,2892.36028392857,0.370084831685506,0.0728070797416557,0.8
0,2,0.8703236465787,0.730699184697893,2102.08081607143,0.359039159079251,0.0878084985750956,0.8
0,2,0.8703236465787,0.720716620395493,2397.44121964286,0.35569383206689,0.0896881726542992,0.8
0,2,0.8703236465787,0.710725705175208,2574.8094375,0.354254638829495,0.138289870285093,0.8
0,2,0.8703236465787,0.700748473720237,2656.3255125,0.334582491072687,0.13974663309498,0.8
0,2,0.8703236465787,0.69078037400505,2701.34885892857,0.329433649454302,0.141686347670238,0.8
0,2,0.8703236465787,0.680816793088931,2545.06618392857,0.320028613074029,0.144374386120343,0.8
0,2,0.8703236465787,0.670841510919833,2892.8086875,0.318180117146029,0.145604536021363,0.8
0,2,0.8703236465787,0.660873749007027,2218.8474,0.314209892304551,0.148565829971729,0.8
1,3,0.860397008310793,0.860397008310793,2242.77590357143,0.541158384027112,0.0,0.8
1,3,0.860397008310793,0.870341608844652,1751.40469285714,0.553886087897877,0.0,0.8
1,3,0.860397008310793,0.8803079988765,1544.67107142857,0.583018240271824,0.0,0.8
1,3,0.860397008310793,0.89027488210909,1469.01510535714,0.625725649477138,0.0,0.8
1,3,0.860397008310793,0.900250986533098,1488.14006785714,0.665551777449723,0.0,0.8
1,3,0.860397008310793,0.910219831485498,1480.56645,0.700449901670702,0.0,0.8
1,3,0.860397008310793,0.92016380027908,1139.31225535714,0.718597750306704,0.0,0.8
1,3,0.860397008310793,0.930124083488246,860.586230357143,0.732590881528574,0.0,0.8
1,3,0.860397008310793,0.94011036779725,803.772294642857,0.753026569937794,0.0,0.8
