


 ########  #          ######   #           #
 #         #         #      #   #         # 
 #####     #         #      #    #   #   #  
 #         #         #      #     # # # #   
 #         #######    ######       #   #    

Flow is a simulator for fully implicit three-phase black-oil flow, and is part of OPM.
For more information visit: https://opm-project.org 

Flow Version     =  2025.10-pre (04484abca)
Machine name     =  Macbookns-MacBook-Pro-2.local (Number of logical cores: 10, Memory size: 16384.00 MB) 
Operating system =  Darwin arm64 (Kernel: 24.6.0, Darwin Kernel Version 24.6.0: Mon Jul 14 11:30:29 PDT 2025; root:xnu-11417.140.69~1/RELEASE_ARM64_T6000 )
Build time       =  2025-09-10 at 13:09:08 hrs
User             =  root
Simulation started on 15-09-2025 at 16:55:45 hrs
Using 1 MPI processes with 1 OMP threads on each 
Parameters used by Flow:
# [known parameters which were specified at run-time]
ActivateMLRelPErm="False" # default: "0"
NewtonMaxIterations="20" # default: "20"
RelaxedMaxPvFraction="0" # default: "0.03"
OutputExtraConvergenceInfo="steps,iterations" # default: "none"
EnableOpmRstFile="true" # default: "0"
NewtonMinIterations="1" # default: "2"
EnableWellOperabilityCheck="false" # default: "1"
MinTimeStepBeforeShuttingProblematicWellsInDays="1e-99" # default: "0.01"
OutputDir="one-d-hyst" # default: ""
EclDeckFileName="SPE1CASE2_2P.DATA" # default: ""
# [parameters which were specified at compile-time]
AcceleratorMode="none"
ActionParsingStrictness="normal"
AllowDistributedWells="0"
AllowSplittingInactiveWells="1"
AlternativeWellRateInit="1"
CheckGroupConstraintsInnerWellIterations="1"
CheckSatfuncConsistency="0"
ContinueOnConvergenceError="0"
ConvergenceMonitoring="0"
ConvergenceMonitoringCutOff="6"
ConvergenceMonitoringDecayFactor="0.75"
CprReuseInterval="30"
CprReuseSetup="4"
DbhpMaxRel="1"
DebugEmitCellPartition="0"
DpMaxRel="0.3"
DsMax="0.2"
DwellFractionMax="0.2"
EclOutputDoublePrecision="0"
EclOutputInterval="-1"
EdgeWeightsMethod="1"
EnableAdaptiveTimeStepping="1"
EnableAsyncEclOutput="1"
EnableAsyncVtkOutput="1"
EnableDriftCompensation="0"
EnableDryRun="auto"
EnableEclOutput="1"
EnableEsmry="0"
EnableGravity="1"
EnableGridAdaptation="0"
EnableIntensiveQuantityCache="1"
EnableLoggingFalloutWarning="0"
EnableStorageCache="1"
EnableTerminalOutput="1"
EnableThermodynamicHints="0"
EnableTuning="0"
EnableVtkOutput="0"
EnableWellOperabilityCheckIter="0"
EnableWriteAllSolutions="0"
EndTime="1e+100"
ExplicitRockCompaction="0"
ForceDisableFluidInPlaceOutput="0"
ForceDisableResvFluidInPlaceOutput="0"
FullTimeStepInitially="0"
GpuDeviceId="0"
IgnoreKeywords=""
IluFillinLevel="0"
IluRedblack="0"
IluRelaxation="0.9"
IluReorderSpheres="0"
InitialTimeStepInDays="1"
InitialTimeStepSize="86400"
InjMultDampMult="0.9"
InjMultMinDampFactor="0.05"
InjMultOscThreshold="0.1"
InputSkipMode="100"
LinearSolver="cprw"
LinearSolverIgnoreConvergenceFailure="0"
LinearSolverMaxIter="200"
LinearSolverPrintJsonDefinition="1"
LinearSolverReduction="0.01"
LinearSolverRestart="40"
LinearSolverVerbosity="0"
LoadFile=""
LoadStep="-1"
LocalDomainsOrderingMeasure="maxpressure"
LocalDomainsPartitionWellNeighborLevels="1"
LocalDomainsPartitioningImbalance="1.03"
LocalDomainsPartitioningMethod="zoltan"
LocalSolveApproach="gauss-seidel"
LocalToleranceScalingCnv="0.1"
LocalToleranceScalingMb="1"
LocalWellSolveControlSwitching="1"
MatrixAddWellContributions="0"
MaxInnerIterMsWells="100"
MaxInnerIterWells="50"
MaxLocalSolveIterations="20"
MaxNewtonIterationsWithInnerWellIterations="8"
MaxPressureChangeMsWells="1e+06"
MaxResidualAllowed="1e+07"
MaxSinglePrecisionDays="20"
MaxTemperatureChange="5"
MaxTimeStepDivisions="10"
MaxTimeStepSize="inf"
MaxWelleqIter="30"
MaximumNumberOfGroupSwitches="3"
MaximumNumberOfWellSwitches="3"
MaximumWaterSaturation="1"
MiluVariant="ILU"
MinStrictCnvIter="-1"
MinStrictMbIter="-1"
MinTimeStepBasedOnNewtonIterations="0"
MinTimeStepSize="0"
NetworkMaxOuterIterations="10"
NetworkMaxPressureUpdateInBars="5"
NetworkMaxStrictOuterIterations="10"
NetworkMaxSubIterations="20"
NetworkPressureUpdateDampingFactor="0.1"
NewtonMaxError="1e+100"
NewtonMaxRelax="0.5"
NewtonRelaxationType="dampen"
NewtonTargetIterations="10"
NewtonTolerance="0.01"
NewtonVerbose="1"
NewtonWriteConvergence="0"
NlddLocalLinearSolver="ilu0"
NlddLocalLinearSolverMaxIter="200"
NlddLocalLinearSolverReduction="0.01"
NlddNumInitialNewtonIter="1"
NonlinearSolver="newton"
NumLocalDomains="0"
NumPressurePointsEquil="2000"
NumSatfuncConsistencySamplePoints="5"
NupcolGroupRateTolerance="0.001"
OpenclIluParallel="1"
OpenclPlatformId="0"
OutputInterval="1"
OutputMode="all"
OwnerCellsFirst="1"
ParameterFile=""
ParsingStrictness="normal"
PreSolveNetwork="1"
PredeterminedTimeStepsFile=""
PressureMax="1e+99"
PressureMin="-1e+99"
PressureScale="1"
PriVarOscilationThreshold="1e-05"
PrintParameters="2"
ProjectSaturations="0"
RegularizationFactorWells="100"
RelaxedLinearSolverReduction="0.01"
RelaxedPressureTolMsw="10000"
RelaxedWellFlowTol="0.001"
RestartTime="-1e+35"
RestartWritingInterval="16777215"
SaveFile=""
SaveStep=""
ScaleLinearSystem="0"
SchedRestart="0"
ShutUnsolvableWells="1"
Slave="0"
SolveWelleqInitially="1"
SolverContinueOnConvergenceFailure="0"
SolverGrowthFactor="2"
SolverMaxGrowth="3"
SolverMaxRestarts="10"
SolverMaxTimeStepInDays="365"
SolverMinTimeStep="1e-12"
SolverRestartFactor="0.33"
SolverVerbosity="1"
StrictInnerIterWells="40"
StrictOuterIterWells="6"
TemperatureMax="1e+09"
TemperatureMin="0"
ThreadsPerProcess="1"
TimeStepAfterEventInDays="-1"
TimeStepControl="pid+newtoniteration"
TimeStepControlDecayDampingFactor="1"
TimeStepControlDecayRate="0.75"
TimeStepControlFileName="timesteps"
TimeStepControlGrowthDampingFactor="3.2"
TimeStepControlGrowthRate="1.25"
TimeStepControlSafetyFactor="0.8"
TimeStepControlTargetIterations="30"
TimeStepControlTargetNewtonIterations="8"
TimeStepControlTolerance="0.1"
TimeStepVerbosity="1"
ToleranceCnv="0.01"
ToleranceCnvEnergy="0.01"
ToleranceCnvEnergyRelaxed="1"
ToleranceCnvRelaxed="1"
ToleranceEnergyBalance="1e-07"
ToleranceEnergyBalanceRelaxed="1e-06"
ToleranceMb="1e-07"
ToleranceMbRelaxed="1e-06"
TolerancePressureMsWells="1000"
ToleranceWellControl="1e-07"
ToleranceWells="0.0001"
UpdateEquationsScaling="0"
UseAverageDensityMsWells="0"
UseGmres="0"
UseImplicitIpr="1"
UseMultisegmentWell="1"
UseUpdateStabilization="1"
VtkWriteAverageMolarMasses="0"
VtkWriteDensities="1"
VtkWriteDiffusionCoefficients="0"
VtkWriteDofIndex="0"
VtkWriteEffectiveDiffusionCoefficients="0"
VtkWriteExtrusionFactor="0"
VtkWriteFilterVelocities="0"
VtkWriteFugacities="0"
VtkWriteFugacityCoeffs="0"
VtkWriteGasDissolutionFactor="0"
VtkWriteGasFormationVolumeFactor="0"
VtkWriteGasSaturationPressure="0"
VtkWriteIntrinsicPermeabilities="0"
VtkWriteMassFractions="0"
VtkWriteMobilities="0"
VtkWriteMolarities="0"
VtkWriteMoleFractions="1"
VtkWriteOilFormationVolumeFactor="0"
VtkWriteOilSaturationPressure="0"
VtkWriteOilVaporizationFactor="0"
VtkWritePorosity="1"
VtkWritePotentialGradients="0"
VtkWritePressures="1"
VtkWritePrimaryVars="0"
VtkWritePrimaryVarsMeaning="0"
VtkWriteProcessRank="0"
VtkWriteRelativePermeabilities="1"
VtkWriteSaturatedGasOilVaporizationFactor="0"
VtkWriteSaturatedOilGasDissolutionFactor="0"
VtkWriteSaturationRatios="0"
VtkWriteSaturations="1"
VtkWriteTemperature="1"
VtkWriteTortuosities="0"
VtkWriteTotalMassFractions="0"
VtkWriteTotalMoleFractions="0"
VtkWriteTracerConcentration="0"
VtkWriteViscosities="0"
VtkWriteWaterFormationVolumeFactor="0"
WaterOnlyThreshold="1"

Reading deck file 'SPE1CASE2_2P.DATA'
    0 Reading RUNSPEC  in SPE1CASE2_2P.DATA line 19
    1 Reading TITLE    in SPE1CASE2_2P.DATA line 22
    2 Reading DIMENS   in SPE1CASE2_2P.DATA line 25
    3 Reading EQLDIMS  in SPE1CASE2_2P.DATA line 30
    4 Reading TABDIMS  in SPE1CASE2_2P.DATA line 35
    5 Reading OIL      in SPE1CASE2_2P.DATA line 39
    6 Reading WATER    in SPE1CASE2_2P.DATA line 40
    7 Reading METRIC   in SPE1CASE2_2P.DATA line 43
    8 Reading SATOPTS  in SPE1CASE2_2P.DATA line 46
    9 Reading START    in SPE1CASE2_2P.DATA line 50
   10 Reading WELLDIMS in SPE1CASE2_2P.DATA line 53
   11 Reading UNIFIN   in SPE1CASE2_2P.DATA line 64
   12 Reading UNIFOUT  in SPE1CASE2_2P.DATA line 65
   13 Reading GRID     in SPE1CASE2_2P.DATA line 67
   14 Reading INIT     in SPE1CASE2_2P.DATA line 74
   15 Reading NOECHO   in SPE1CASE2_2P.DATA line 77
   16 Reading DX       in SPE1CASE2_2P.DATA line 79
   17 Reading DY       in SPE1CASE2_2P.DATA line 82
   18 Reading DZ       in SPE1CASE2_2P.DATA line 85
   19 Reading TOPS     in SPE1CASE2_2P.DATA line 89
   20 Reading PORO     in SPE1CASE2_2P.DATA line 93
   21 Reading PERMX    in SPE1CASE2_2P.DATA line 97
   22 Reading PERMY    in SPE1CASE2_2P.DATA line 101
   23 Reading PERMZ    in SPE1CASE2_2P.DATA line 105
   24 Reading ECHO     in SPE1CASE2_2P.DATA line 109
   25 Reading PROPS    in SPE1CASE2_2P.DATA line 111
   26 Reading EHYSTR   in SPE1CASE2_2P.DATA line 114
   27 Reading PVTW     in SPE1CASE2_2P.DATA line 117
   28 Reading PVCDO    in SPE1CASE2_2P.DATA line 130
   29 Reading SWATINIT in SPE1CASE2_2P.DATA line 143
   30 Reading ROCK     in SPE1CASE2_2P.DATA line 147
   31 Reading SWOF     in SPE1CASE2_2P.DATA line 154
   32 Reading DENSITY  in SPE1CASE2_2P.DATA line 337
   33 Reading REGIONS  in SPE1CASE2_2P.DATA line 358
   34 Reading EQUALS   in SPE1CASE2_2P.DATA line 361
   35 Reading SOLUTION in SPE1CASE2_2P.DATA line 366
   36 Reading EQUIL    in SPE1CASE2_2P.DATA line 369
   37 Reading SUMMARY  in SPE1CASE2_2P.DATA line 390
   38 Reading FOPR     in SPE1CASE2_2P.DATA line 394
   39 Reading BPR      in SPE1CASE2_2P.DATA line 398
   40 Reading WBHP     in SPE1CASE2_2P.DATA line 404
   41 Reading WOIR     in SPE1CASE2_2P.DATA line 409
   42 Reading WOIT     in SPE1CASE2_2P.DATA line 413
   43 Reading WOPR     in SPE1CASE2_2P.DATA line 417
   44 Reading WOPT     in SPE1CASE2_2P.DATA line 421
   45 Reading WWIR     in SPE1CASE2_2P.DATA line 425
   46 Reading WWIT     in SPE1CASE2_2P.DATA line 429
   47 Reading WWPR     in SPE1CASE2_2P.DATA line 433
   48 Reading WWPT     in SPE1CASE2_2P.DATA line 437
   49 Reading SCHEDULE in SPE1CASE2_2P.DATA line 441
   50 Reading RPTSCHED in SPE1CASE2_2P.DATA line 443
   51 Reading RPTRST   in SPE1CASE2_2P.DATA line 446
   52 Reading WELSPECS in SPE1CASE2_2P.DATA line 457
   53 Reading COMPDAT  in SPE1CASE2_2P.DATA line 466
   54 Reading WCONPROD in SPE1CASE2_2P.DATA line 476
   55 Reading WCONINJE in SPE1CASE2_2P.DATA line 485
   56 Reading TSTEP    in SPE1CASE2_2P.DATA line 493
   57 Reading WELOPEN  in SPE1CASE2_2P.DATA line 497
   58 Reading TSTEP    in SPE1CASE2_2P.DATA line 503
   59 Reading WELOPEN  in SPE1CASE2_2P.DATA line 506
   60 Reading TSTEP    in SPE1CASE2_2P.DATA line 512
   61 Reading WELOPEN  in SPE1CASE2_2P.DATA line 515
   62 Reading TSTEP    in SPE1CASE2_2P.DATA line 521
   63 Reading WELOPEN  in SPE1CASE2_2P.DATA line 524
   64 Reading TSTEP    in SPE1CASE2_2P.DATA line 530
   65 Reading WELOPEN  in SPE1CASE2_2P.DATA line 533
   66 Reading TSTEP    in SPE1CASE2_2P.DATA line 539
   67 Reading WELOPEN  in SPE1CASE2_2P.DATA line 542
   68 Reading TSTEP    in SPE1CASE2_2P.DATA line 547
   69 Reading WELOPEN  in SPE1CASE2_2P.DATA line 550
   70 Reading TSTEP    in SPE1CASE2_2P.DATA line 556
   71 Reading WELOPEN  in SPE1CASE2_2P.DATA line 559

Warning: Unsupported keywords or keyword items:

  NOECHO: keyword not supported
  In file: SPE1CASE2_2P.DATA, line 77

  ECHO: keyword not supported
  In file: SPE1CASE2_2P.DATA, line 109

Creating grid from keywords DX, DY, DZ and TOPS
2 fluid phases are active

Processing dynamic information from
SPE1CASE2_2P.DATA line 441
Initializing report step 0/96 at 2015-01-01 0 DAYS line 441
Processing keyword RPTSCHED at line 443
Processing keyword RPTRST at line 446
Processing keyword WELSPECS at line 457
Processing keyword COMPDAT at line 466
Processing keyword WCONPROD at line 476
Processing keyword WCONINJE at line 485
Complete report step 1 (31 DAYS) at 2015-02-01 (0 DAYS)

Initializing report step 2/96 at 2015-02-01 (0 DAYS) line 493
Complete report step 2 (28 DAYS) at 2015-03-01 (31 DAYS)

Initializing report step 3/96 at 2015-03-01 (31 DAYS) line 493
Complete report step 3 (31 DAYS) at 2015-04-01 (59 DAYS)

Initializing report step 4/96 at 2015-04-01 (59 DAYS) line 493
Complete report step 4 (30 DAYS) at 2015-05-01 (90 DAYS)

Initializing report step 5/96 at 2015-05-01 (90 DAYS) line 493
Complete report step 5 (31 DAYS) at 2015-06-01 (120 DAYS)
Report limit reached, see PRT-file for remaining Schedule initialization.

Initializing report step 6/96 at 2015-06-01 (120 DAYS) line 493
Complete report step 6 (30 DAYS) at 2015-07-01 (151 DAYS)

Initializing report step 7/96 at 2015-07-01 (151 DAYS) line 493
Complete report step 7 (31 DAYS) at 2015-08-01 (181 DAYS)

Initializing report step 8/96 at 2015-08-01 (181 DAYS) line 493
Complete report step 8 (31 DAYS) at 2015-09-01 (212 DAYS)

Initializing report step 9/96 at 2015-09-01 (212 DAYS) line 493
Complete report step 9 (30 DAYS) at 2015-10-01 (243 DAYS)

Initializing report step 10/96 at 2015-10-01 (243 DAYS) line 493
Complete report step 10 (31 DAYS) at 2015-11-01 (273 DAYS)

Initializing report step 11/96 at 2015-11-01 (273 DAYS) line 493
Complete report step 11 (30 DAYS) at 2015-12-01 (304 DAYS)

Initializing report step 12/96 at 2015-12-01 (304 DAYS) line 493
Complete report step 12 (31 DAYS) at 2016-01-01 (334 DAYS)

Initializing report step 13/96 at 2016-01-01 (334 DAYS) line 493
Processing keyword WELOPEN at line 497
Complete report step 13 (31 DAYS) at 2016-02-01 (365 DAYS)

Initializing report step 14/96 at 2016-02-01 (365 DAYS) line 503
Complete report step 14 (28 DAYS) at 2016-02-29 (396 DAYS)

Initializing report step 15/96 at 2016-02-29 (396 DAYS) line 503
Complete report step 15 (31 DAYS) at 2016-03-31 (424 DAYS)

Initializing report step 16/96 at 2016-03-31 (424 DAYS) line 503
Complete report step 16 (30 DAYS) at 2016-04-30 (455 DAYS)

Initializing report step 17/96 at 2016-04-30 (455 DAYS) line 503
Complete report step 17 (31 DAYS) at 2016-05-31 (485 DAYS)

Initializing report step 18/96 at 2016-05-31 (485 DAYS) line 503
Complete report step 18 (30 DAYS) at 2016-06-30 (516 DAYS)

Initializing report step 19/96 at 2016-06-30 (516 DAYS) line 503
Complete report step 19 (31 DAYS) at 2016-07-31 (546 DAYS)

Initializing report step 20/96 at 2016-07-31 (546 DAYS) line 503
Complete report step 20 (31 DAYS) at 2016-08-31 (577 DAYS)

Initializing report step 21/96 at 2016-08-31 (577 DAYS) line 503
Complete report step 21 (30 DAYS) at 2016-09-30 (608 DAYS)

Initializing report step 22/96 at 2016-09-30 (608 DAYS) line 503
Complete report step 22 (31 DAYS) at 2016-10-31 (638 DAYS)

Initializing report step 23/96 at 2016-10-31 (638 DAYS) line 503
Complete report step 23 (30 DAYS) at 2016-11-30 (669 DAYS)

Initializing report step 24/96 at 2016-11-30 (669 DAYS) line 503
Complete report step 24 (31 DAYS) at 2016-12-31 (699 DAYS)

Initializing report step 25/96 at 2016-12-31 (699 DAYS) line 503
Processing keyword WELOPEN at line 506
Complete report step 25 (31 DAYS) at 2017-01-31 (730 DAYS)

Initializing report step 26/96 at 2017-01-31 (730 DAYS) line 512
Complete report step 26 (28 DAYS) at 2017-02-28 (761 DAYS)

Initializing report step 27/96 at 2017-02-28 (761 DAYS) line 512
Complete report step 27 (31 DAYS) at 2017-03-31 (789 DAYS)

Initializing report step 28/96 at 2017-03-31 (789 DAYS) line 512
Complete report step 28 (30 DAYS) at 2017-04-30 (820 DAYS)

Initializing report step 29/96 at 2017-04-30 (820 DAYS) line 512
Complete report step 29 (31 DAYS) at 2017-05-31 (850 DAYS)

Initializing report step 30/96 at 2017-05-31 (850 DAYS) line 512
Complete report step 30 (30 DAYS) at 2017-06-30 (881 DAYS)

Initializing report step 31/96 at 2017-06-30 (881 DAYS) line 512
Complete report step 31 (31 DAYS) at 2017-07-31 (911 DAYS)

Initializing report step 32/96 at 2017-07-31 (911 DAYS) line 512
Complete report step 32 (31 DAYS) at 2017-08-31 (942 DAYS)

Initializing report step 33/96 at 2017-08-31 (942 DAYS) line 512
Complete report step 33 (30 DAYS) at 2017-09-30 (973 DAYS)

Initializing report step 34/96 at 2017-09-30 (973 DAYS) line 512
Complete report step 34 (31 DAYS) at 2017-10-31 (1003 DAYS)

Initializing report step 35/96 at 2017-10-31 (1003 DAYS) line 512
Complete report step 35 (30 DAYS) at 2017-11-30 (1034 DAYS)

Initializing report step 36/96 at 2017-11-30 (1034 DAYS) line 512
Complete report step 36 (31 DAYS) at 2017-12-31 (1064 DAYS)

Initializing report step 37/96 at 2017-12-31 (1064 DAYS) line 512
Processing keyword WELOPEN at line 515
Complete report step 37 (31 DAYS) at 2018-01-31 (1095 DAYS)

Initializing report step 38/96 at 2018-01-31 (1095 DAYS) line 521
Complete report step 38 (28 DAYS) at 2018-02-28 (1126 DAYS)

Initializing report step 39/96 at 2018-02-28 (1126 DAYS) line 521
Complete report step 39 (31 DAYS) at 2018-03-31 (1154 DAYS)

Initializing report step 40/96 at 2018-03-31 (1154 DAYS) line 521
Complete report step 40 (30 DAYS) at 2018-04-30 (1185 DAYS)

Initializing report step 41/96 at 2018-04-30 (1185 DAYS) line 521
Complete report step 41 (31 DAYS) at 2018-05-31 (1215 DAYS)

Initializing report step 42/96 at 2018-05-31 (1215 DAYS) line 521
Complete report step 42 (30 DAYS) at 2018-06-30 (1246 DAYS)

Initializing report step 43/96 at 2018-06-30 (1246 DAYS) line 521
Complete report step 43 (31 DAYS) at 2018-07-31 (1276 DAYS)

Initializing report step 44/96 at 2018-07-31 (1276 DAYS) line 521
Complete report step 44 (31 DAYS) at 2018-08-31 (1307 DAYS)

Initializing report step 45/96 at 2018-08-31 (1307 DAYS) line 521
Complete report step 45 (30 DAYS) at 2018-09-30 (1338 DAYS)

Initializing report step 46/96 at 2018-09-30 (1338 DAYS) line 521
Complete report step 46 (31 DAYS) at 2018-10-31 (1368 DAYS)

Initializing report step 47/96 at 2018-10-31 (1368 DAYS) line 521
Complete report step 47 (30 DAYS) at 2018-11-30 (1399 DAYS)

Initializing report step 48/96 at 2018-11-30 (1399 DAYS) line 521
Complete report step 48 (31 DAYS) at 2018-12-31 (1429 DAYS)

Initializing report step 49/96 at 2018-12-31 (1429 DAYS) line 521
Processing keyword WELOPEN at line 524
Complete report step 49 (31 DAYS) at 2019-01-31 (1460 DAYS)

Initializing report step 50/96 at 2019-01-31 (1460 DAYS) line 530
Complete report step 50 (28 DAYS) at 2019-02-28 (1491 DAYS)

Initializing report step 51/96 at 2019-02-28 (1491 DAYS) line 530
Complete report step 51 (31 DAYS) at 2019-03-31 (1519 DAYS)

Initializing report step 52/96 at 2019-03-31 (1519 DAYS) line 530
Complete report step 52 (30 DAYS) at 2019-04-30 (1550 DAYS)

Initializing report step 53/96 at 2019-04-30 (1550 DAYS) line 530
Complete report step 53 (31 DAYS) at 2019-05-31 (1580 DAYS)

Initializing report step 54/96 at 2019-05-31 (1580 DAYS) line 530
Complete report step 54 (30 DAYS) at 2019-06-30 (1611 DAYS)

Initializing report step 55/96 at 2019-06-30 (1611 DAYS) line 530
Complete report step 55 (31 DAYS) at 2019-07-31 (1641 DAYS)

Initializing report step 56/96 at 2019-07-31 (1641 DAYS) line 530
Complete report step 56 (31 DAYS) at 2019-08-31 (1672 DAYS)

Initializing report step 57/96 at 2019-08-31 (1672 DAYS) line 530
Complete report step 57 (30 DAYS) at 2019-09-30 (1703 DAYS)

Initializing report step 58/96 at 2019-09-30 (1703 DAYS) line 530
Complete report step 58 (31 DAYS) at 2019-10-31 (1733 DAYS)

Initializing report step 59/96 at 2019-10-31 (1733 DAYS) line 530
Complete report step 59 (30 DAYS) at 2019-11-30 (1764 DAYS)

Initializing report step 60/96 at 2019-11-30 (1764 DAYS) line 530
Complete report step 60 (31 DAYS) at 2019-12-31 (1794 DAYS)

Initializing report step 61/96 at 2019-12-31 (1794 DAYS) line 530
Processing keyword WELOPEN at line 533
Complete report step 61 (31 DAYS) at 2020-01-31 (1825 DAYS)

Initializing report step 62/96 at 2020-01-31 (1825 DAYS) line 539
Complete report step 62 (28 DAYS) at 2020-02-28 (1856 DAYS)

Initializing report step 63/96 at 2020-02-28 (1856 DAYS) line 539
Complete report step 63 (31 DAYS) at 2020-03-30 (1884 DAYS)

Initializing report step 64/96 at 2020-03-30 (1884 DAYS) line 539
Complete report step 64 (30 DAYS) at 2020-04-29 (1915 DAYS)

Initializing report step 65/96 at 2020-04-29 (1915 DAYS) line 539
Complete report step 65 (31 DAYS) at 2020-05-30 (1945 DAYS)

Initializing report step 66/96 at 2020-05-30 (1945 DAYS) line 539
Complete report step 66 (30 DAYS) at 2020-06-29 (1976 DAYS)

Initializing report step 67/96 at 2020-06-29 (1976 DAYS) line 539
Complete report step 67 (31 DAYS) at 2020-07-30 (2006 DAYS)

Initializing report step 68/96 at 2020-07-30 (2006 DAYS) line 539
Complete report step 68 (31 DAYS) at 2020-08-30 (2037 DAYS)

Initializing report step 69/96 at 2020-08-30 (2037 DAYS) line 539
Complete report step 69 (30 DAYS) at 2020-09-29 (2068 DAYS)

Initializing report step 70/96 at 2020-09-29 (2068 DAYS) line 539
Complete report step 70 (31 DAYS) at 2020-10-30 (2098 DAYS)

Initializing report step 71/96 at 2020-10-30 (2098 DAYS) line 539
Complete report step 71 (30 DAYS) at 2020-11-29 (2129 DAYS)

Initializing report step 72/96 at 2020-11-29 (2129 DAYS) line 539
Complete report step 72 (31 DAYS) at 2020-12-30 (2159 DAYS)

Initializing report step 73/96 at 2020-12-30 (2159 DAYS) line 539
Processing keyword WELOPEN at line 542
Complete report step 73 (31 DAYS) at 2021-01-30 (2190 DAYS)

Initializing report step 74/96 at 2021-01-30 (2190 DAYS) line 547
Complete report step 74 (28 DAYS) at 2021-02-27 (2221 DAYS)

Initializing report step 75/96 at 2021-02-27 (2221 DAYS) line 547
Complete report step 75 (31 DAYS) at 2021-03-30 (2249 DAYS)

Initializing report step 76/96 at 2021-03-30 (2249 DAYS) line 547
Complete report step 76 (30 DAYS) at 2021-04-29 (2280 DAYS)

Initializing report step 77/96 at 2021-04-29 (2280 DAYS) line 547
Complete report step 77 (31 DAYS) at 2021-05-30 (2310 DAYS)

Initializing report step 78/96 at 2021-05-30 (2310 DAYS) line 547
Complete report step 78 (30 DAYS) at 2021-06-29 (2341 DAYS)

Initializing report step 79/96 at 2021-06-29 (2341 DAYS) line 547
Complete report step 79 (31 DAYS) at 2021-07-30 (2371 DAYS)

Initializing report step 80/96 at 2021-07-30 (2371 DAYS) line 547
Complete report step 80 (31 DAYS) at 2021-08-30 (2402 DAYS)

Initializing report step 81/96 at 2021-08-30 (2402 DAYS) line 547
Complete report step 81 (30 DAYS) at 2021-09-29 (2433 DAYS)

Initializing report step 82/96 at 2021-09-29 (2433 DAYS) line 547
Complete report step 82 (31 DAYS) at 2021-10-30 (2463 DAYS)

Initializing report step 83/96 at 2021-10-30 (2463 DAYS) line 547
Complete report step 83 (30 DAYS) at 2021-11-29 (2494 DAYS)

Initializing report step 84/96 at 2021-11-29 (2494 DAYS) line 547
Complete report step 84 (31 DAYS) at 2021-12-30 (2524 DAYS)

Initializing report step 85/96 at 2021-12-30 (2524 DAYS) line 547
Processing keyword WELOPEN at line 550
Complete report step 85 (31 DAYS) at 2022-01-30 (2555 DAYS)

Initializing report step 86/96 at 2022-01-30 (2555 DAYS) line 556
Complete report step 86 (28 DAYS) at 2022-02-27 (2586 DAYS)

Initializing report step 87/96 at 2022-02-27 (2586 DAYS) line 556
Complete report step 87 (31 DAYS) at 2022-03-30 (2614 DAYS)

Initializing report step 88/96 at 2022-03-30 (2614 DAYS) line 556
Complete report step 88 (30 DAYS) at 2022-04-29 (2645 DAYS)

Initializing report step 89/96 at 2022-04-29 (2645 DAYS) line 556
Complete report step 89 (31 DAYS) at 2022-05-30 (2675 DAYS)

Initializing report step 90/96 at 2022-05-30 (2675 DAYS) line 556
Complete report step 90 (30 DAYS) at 2022-06-29 (2706 DAYS)

Initializing report step 91/96 at 2022-06-29 (2706 DAYS) line 556
Complete report step 91 (31 DAYS) at 2022-07-30 (2736 DAYS)

Initializing report step 92/96 at 2022-07-30 (2736 DAYS) line 556
Complete report step 92 (31 DAYS) at 2022-08-30 (2767 DAYS)

Initializing report step 93/96 at 2022-08-30 (2767 DAYS) line 556
Complete report step 93 (30 DAYS) at 2022-09-29 (2798 DAYS)

Initializing report step 94/96 at 2022-09-29 (2798 DAYS) line 556
Complete report step 94 (31 DAYS) at 2022-10-30 (2828 DAYS)

Initializing report step 95/96 at 2022-10-30 (2828 DAYS) line 556
Complete report step 95 (30 DAYS) at 2022-11-29 (2859 DAYS)

Initializing report step 96/96 at 2022-11-29 (2859 DAYS) line 556
Complete report step 96 (31 DAYS) at 2022-12-30 (2889 DAYS)

Processing keyword WELOPEN at line 559

Processing grid
Total number of active cells: 300 / total pore volume: 81360000 RM3

Property tree for linear solvers:
{
    "maxiter": "20",
    "tol": "0.0050000000000000001",
    "verbosity": "0",
    "solver": "bicgstab",
    "preconditioner": {
        "type": "cprw",
        "use_well_weights": "false",
        "add_wells": "true",
        "weight_type": "trueimpes",
        "pre_smooth": "0",
        "post_smooth": "1",
        "finesmoother": {
            "type": "ParOverILU0",
            "relaxation": "1"
        },
        "verbosity": "0",
        "coarsesolver": {
            "maxiter": "1",
            "tol": "0.10000000000000001",
            "solver": "loopsolver",
            "verbosity": "0",
            "preconditioner": {
                "type": "amg",
                "alpha": "0.33333333333300003",
                "relaxation": "1",
                "iterations": "1",
                "coarsenTarget": "1200",
                "pre_smooth": "1",
                "post_smooth": "1",
                "beta": "0",
                "smoother": "ILU0",
                "verbosity": "0",
                "maxlevel": "15",
                "skip_isolated": "0",
                "accumulate": "1",
                "prolongationdamping": "1",
                "maxdistance": "2",
                "maxconnectivity": "15",
                "maxaggsize": "6",
                "minaggsize": "4"
            }
        }
    }
}


===============Saturation Functions Diagnostics===============

System: Oil-Water system.
Relative permeability input format: Saturation Family I.
Number of saturation regions: 2



================ Starting main simulation loop ===============


Report step  0/96 at day 0/2920, date = 01-Jan-2015
Using Newton nonlinear solver.
Restart file written for report step  0/96, date = 01-Jan-2015 00:00:00

Starting time step 0, stepsize 1 days, at day 0/31, date = 01-Jan-2015
 Newton its= 1, linearizations= 2 (0.0sec), linear its=  0 (0.0sec)

Starting time step 1, stepsize 3 days, at day 1/31, date = 02-Jan-2015
 Newton its= 2, linearizations= 3 (0.0sec), linear its=  0 (0.0sec)

Starting time step 2, stepsize 7.9323 days, at day 4/31, date = 05-Jan-2015
 Newton its= 2, linearizations= 3 (0.0sec), linear its=  2 (0.0sec)

Starting time step 3, stepsize 19.0677 days, at day 11.9323/31, date = 12-Jan-2015

Warning: Keyword 'WELLS' is unhandled for output to restart file.
 Newton its= 2, linearizations= 3 (0.0sec), linear its=  2 (0.0sec)

                              **************************************************************************
  WELLS    AT        31  DAYS *                 SPE1 - CASE 2                                          *
  REPORT    1    01 Feb 2015  *                                             Flow  version 2025.10-pre  *
                              **************************************************************************


======================================================= PRODUCTION REPORT =======================================================
:  WELL  : LOCATION  :CTRL:    OIL    :   WATER   :    GAS    :   FLUID   :   WATER   : GAS/OIL  :  WAT/GAS   : BHP OR : THP OR :
:  NAME  :  (I,J,K)  :MODE:   RATE    :   RATE    :   RATE    : RES.VOL.  :    CUT    :  RATIO   :   RATIO    :CON.PR. :BLK.PR. :
:        :           :    :  SCM/DAY  :  SCM/DAY  :  RCM/DAY  :  SCM/SCM  :  SCM/SCM  : SCM/SCM  :  SCM/SCM   : BARSA  : BARSA  :
=================================================================================================================================
:FIELD   :           :    :     1256.4:      319.1:       -0.0:     1721.1:      0.203:     -0.00:      0.0000:        :        :
:G1      :           :    :     1256.4:      319.1:       -0.0:     1721.1:      0.203:     -0.00:      0.0000:        :        :
:PROD    : 10, 10    : BHP:     1256.4:      319.1:       -0.0:     1721.1:      0.203:     -0.00:      0.0000:   245.0:     0.0:
:--------:-----------:----:-----------:-----------:-----------:-----------:-----------:----------:------------:--------:--------:

============================================= INJECTION REPORT ==============================================
:  WELL  : LOCATION  : CTRL : CTRL : CTRL :    OIL    :   WATER   :    GAS    :   FLUID   : BHP OR : THP OR :
:  NAME  :  (I,J,K)  : MODE : MODE : MODE :   RATE    :   RATE    :   RATE    : RES.VOL.  :CON.PR. :BLK.PR. :
:        :           : OIL  : WAT  : GAS  :  SCM/DAY  :  SCM/DAY  :  SCM/DAY  :  RCM/DAY  : BARSA  : BARSA  :
=============================================================================================================
:FIELD   :           :      :      :      :        0.0:     2000.0:        0.0:     2077.8:        :        :
:G1      :           :      :      :      :        0.0:     2000.0:        0.0:     2077.8:        :        :
:INJ     :  1,  1    :      :  WRAT:      :        0.0:     2000.0:        0.0:     2077.8:   278.1:     0.0:
:--------:-----------:------:------:------:-----------:-----------:-----------:-----------:--------:--------:

============================================== CUMULATIVE PRODUCTION/INJECTION TOTALS ==============================================
:  WELL  : LOCATION  :  WELL  :CTRL:    OIL    :   WATER   :    GAS    :   Prod    :    OIL    :   WATER   :    GAS    :    INJ    :
:  NAME  :  (I,J,K)  :  TYPE  :MODE:   PROD    :   PROD    :   PROD    : RES.VOL.  :    INJ    :    INJ    :    INJ    : RES.VOL.  :
:        :           :        :    :   MSCM    :   MSCM    :   MMSCM   :   MRCM    :   MSCM    :   MSCM    :   MMSCM   :   MRCM    :
====================================================================================================================================
:FIELD   :           :        :    :       32.6:        8.3:        0.0:       44.8:        0.0:       62.0:        0.0:       64.4:
:G1      :           :        :    :       32.6:        8.3:        0.0:       44.8:        0.0:       62.0:        0.0:       64.4:
:PROD    : 10, 10    :    PROD: BHP:       32.6:        8.3:        0.0:       44.8:        0.0:        0.0:        0.0:        0.0:
:INJ     :  1,  1    :     INJ:WRAT:        0.0:        0.0:        0.0:        0.0:        0.0:       62.0:        0.0:       64.4:
:--------:-----------:--------:----:-----------:-----------:-----------:-----------:-----------:-----------:-----------:-----------:


Report step  1/96 at day 31/2920, date = 01-Feb-2015

Starting time step 0, stepsize 28 days, at day 31/59, date = 01-Feb-2015
Restart file written for report step  1/96, date = 01-Feb-2015 00:00:00
    Oscillating behavior detected: Relaxation set to 0.900000
    Oscillating behavior detected: Relaxation set to 0.800000

Warning: Keyword 'WELLS' is unhandled for output to restart file.
 Newton its=20, linearizations=21 (0.0sec), linear its=  9 (0.0sec)

                              **************************************************************************
  WELLS    AT        59  DAYS *                 SPE1 - CASE 2                                          *
  REPORT    2    01 Mar 2015  *                                             Flow  version 2025.10-pre  *
                              **************************************************************************


======================================================= PRODUCTION REPORT =======================================================
:  WELL  : LOCATION  :CTRL:    OIL    :   WATER   :    GAS    :   FLUID   :   WATER   : GAS/OIL  :  WAT/GAS   : BHP OR : THP OR :
:  NAME  :  (I,J,K)  :MODE:   RATE    :   RATE    :   RATE    : RES.VOL.  :    CUT    :  RATIO   :   RATIO    :CON.PR. :BLK.PR. :
:        :           :    :  SCM/DAY  :  SCM/DAY  :  RCM/DAY  :  SCM/SCM  :  SCM/SCM  : SCM/SCM  :  SCM/SCM   : BARSA  : BARSA  :
=================================================================================================================================
:FIELD   :           :    :     1418.0:      369.6:       -0.0:     1952.3:      0.207:     -0.00:      0.0000:        :        :
:G1      :           :    :     1418.0:      369.6:       -0.0:     1952.3:      0.207:     -0.00:      0.0000:        :        :
:PROD    : 10, 10    : BHP:     1418.0:      369.6:       -0.0:     1952.3:      0.207:     -0.00:      0.0000:   245.0:     0.0:
:--------:-----------:----:-----------:-----------:-----------:-----------:-----------:----------:------------:--------:--------:

============================================= INJECTION REPORT ==============================================
:  WELL  : LOCATION  : CTRL : CTRL : CTRL :    OIL    :   WATER   :    GAS    :   FLUID   : BHP OR : THP OR :
:  NAME  :  (I,J,K)  : MODE : MODE : MODE :   RATE    :   RATE    :   RATE    : RES.VOL.  :CON.PR. :BLK.PR. :
:        :           : OIL  : WAT  : GAS  :  SCM/DAY  :  SCM/DAY  :  SCM/DAY  :  RCM/DAY  : BARSA  : BARSA  :
=============================================================================================================
:FIELD   :           :      :      :      :        0.0:     2000.0:        0.0:     2077.4:        :        :
:G1      :           :      :      :      :        0.0:     2000.0:        0.0:     2077.4:        :        :
:INJ     :  1,  1    :      :  WRAT:      :        0.0:     2000.0:        0.0:     2077.4:   279.0:     0.0:
:--------:-----------:------:------:------:-----------:-----------:-----------:-----------:--------:--------:

============================================== CUMULATIVE PRODUCTION/INJECTION TOTALS ==============================================
:  WELL  : LOCATION  :  WELL  :CTRL:    OIL    :   WATER   :    GAS    :   Prod    :    OIL    :   WATER   :    GAS    :    INJ    :
:  NAME  :  (I,J,K)  :  TYPE  :MODE:   PROD    :   PROD    :   PROD    : RES.VOL.  :    INJ    :    INJ    :    INJ    : RES.VOL.  :
:        :           :        :    :   MSCM    :   MSCM    :   MMSCM   :   MRCM    :   MSCM    :   MSCM    :   MMSCM   :   MRCM    :
====================================================================================================================================
:FIELD   :           :        :    :       72.4:       18.7:        0.0:       99.4:        0.0:      118.0:        0.0:      122.6:
:G1      :           :        :    :       72.4:       18.7:        0.0:       99.4:        0.0:      118.0:        0.0:      122.6:
:PROD    : 10, 10    :    PROD: BHP:       72.4:       18.7:        0.0:       99.4:        0.0:        0.0:        0.0:        0.0:
:INJ     :  1,  1    :     INJ:WRAT:        0.0:        0.0:        0.0:        0.0:        0.0:      118.0:        0.0:      122.6:
:--------:-----------:--------:----:-----------:-----------:-----------:-----------:-----------:-----------:-----------:-----------:


Report step  2/96 at day 59/2920, date = 01-Mar-2015

Starting time step 0, stepsize 11.2 days, at day 59/90, date = 01-Mar-2015
Restart file written for report step  2/96, date = 01-Mar-2015 00:00:00
    Oscillating behavior detected: Relaxation set to 0.900000
    Oscillating behavior detected: Relaxation set to 0.800000
 Newton its= 8, linearizations= 9 (0.0sec), linear its=  1 (0.0sec)

Starting time step 1, stepsize 11.2 days, at day 70.2/90, date = 12-Mar-2015
 Newton its= 1, linearizations= 2 (0.0sec), linear its=  1 (0.0sec)

Starting time step 2, stepsize 8.6 days, at day 81.4/90, date = 23-Mar-2015

Warning: Keyword 'WELLS' is unhandled for output to restart file.
 Newton its= 2, linearizations= 3 (0.0sec), linear its=  2 (0.0sec)

                              **************************************************************************
  WELLS    AT        90  DAYS *                 SPE1 - CASE 2                                          *
  REPORT    3    01 Apr 2015  *                                             Flow  version 2025.10-pre  *
                              **************************************************************************


======================================================= PRODUCTION REPORT =======================================================
:  WELL  : LOCATION  :CTRL:    OIL    :   WATER   :    GAS    :   FLUID   :   WATER   : GAS/OIL  :  WAT/GAS   : BHP OR : THP OR :
:  NAME  :  (I,J,K)  :MODE:   RATE    :   RATE    :   RATE    : RES.VOL.  :    CUT    :  RATIO   :   RATIO    :CON.PR. :BLK.PR. :
:        :           :    :  SCM/DAY  :  SCM/DAY  :  RCM/DAY  :  SCM/SCM  :  SCM/SCM  : SCM/SCM  :  SCM/SCM   : BARSA  : BARSA  :
=================================================================================================================================
:FIELD   :           :    :     1489.6:      390.6:       -0.0:     2053.2:      0.208:     -0.00:      0.0000:        :        :
:G1      :           :    :     1489.6:      390.6:       -0.0:     2053.2:      0.208:     -0.00:      0.0000:        :        :
:PROD    : 10, 10    : BHP:     1489.6:      390.6:       -0.0:     2053.2:      0.208:     -0.00:      0.0000:   245.0:     0.0:
:--------:-----------:----:-----------:-----------:-----------:-----------:-----------:----------:------------:--------:--------:

============================================= INJECTION REPORT ==============================================
:  WELL  : LOCATION  : CTRL : CTRL : CTRL :    OIL    :   WATER   :    GAS    :   FLUID   : BHP OR : THP OR :
:  NAME  :  (I,J,K)  : MODE : MODE : MODE :   RATE    :   RATE    :   RATE    : RES.VOL.  :CON.PR. :BLK.PR. :
:        :           : OIL  : WAT  : GAS  :  SCM/DAY  :  SCM/DAY  :  SCM/DAY  :  RCM/DAY  : BARSA  : BARSA  :
=============================================================================================================
:FIELD   :           :      :      :      :        0.0:     2000.0:        0.0:     2077.1:        :        :
:G1      :           :      :      :      :        0.0:     2000.0:        0.0:     2077.1:        :        :
:INJ     :  1,  1    :      :  WRAT:      :        0.0:     2000.0:        0.0:     2077.1:   278.6:     0.0:
:--------:-----------:------:------:------:-----------:-----------:-----------:-----------:--------:--------:

============================================== CUMULATIVE PRODUCTION/INJECTION TOTALS ==============================================
:  WELL  : LOCATION  :  WELL  :CTRL:    OIL    :   WATER   :    GAS    :   Prod    :    OIL    :   WATER   :    GAS    :    INJ    :
:  NAME  :  (I,J,K)  :  TYPE  :MODE:   PROD    :   PROD    :   PROD    : RES.VOL.  :    INJ    :    INJ    :    INJ    : RES.VOL.  :
:        :           :        :    :   MSCM    :   MSCM    :   MMSCM   :   MRCM    :   MSCM    :   MSCM    :   MMSCM   :   MRCM    :
====================================================================================================================================
:FIELD   :           :        :    :      118.1:       30.6:        0.0:      162.4:        0.0:      180.0:        0.0:      187.0:
:G1      :           :        :    :      118.1:       30.6:        0.0:      162.4:        0.0:      180.0:        0.0:      187.0:
:PROD    : 10, 10    :    PROD: BHP:      118.1:       30.6:        0.0:      162.4:        0.0:        0.0:        0.0:        0.0:
:INJ     :  1,  1    :     INJ:WRAT:        0.0:        0.0:        0.0:        0.0:        0.0:      180.0:        0.0:      187.0:
:--------:-----------:--------:----:-----------:-----------:-----------:-----------:-----------:-----------:-----------:-----------:


Report step  3/96 at day 90/2920, date = 01-Apr-2015

Starting time step 0, stepsize 15 days, at day 90/120, date = 01-Apr-2015
Restart file written for report step  3/96, date = 01-Apr-2015 00:00:00
 Newton its= 3, linearizations= 4 (0.0sec), linear its=  3 (0.0sec)

Starting time step 1, stepsize 15 days, at day 105/120, date = 16-Apr-2015

Warning: Keyword 'WELLS' is unhandled for output to restart file.
 Newton its=20, linearizations=21 (0.0sec), linear its= 10 (0.0sec)

                              **************************************************************************
  WELLS    AT       120  DAYS *                 SPE1 - CASE 2                                          *
  REPORT    4    01 May 2015  *                                             Flow  version 2025.10-pre  *
                              **************************************************************************


======================================================= PRODUCTION REPORT =======================================================
:  WELL  : LOCATION  :CTRL:    OIL    :   WATER   :    GAS    :   FLUID   :   WATER   : GAS/OIL  :  WAT/GAS   : BHP OR : THP OR :
:  NAME  :  (I,J,K)  :MODE:   RATE    :   RATE    :   RATE    : RES.VOL.  :    CUT    :  RATIO   :   RATIO    :CON.PR. :BLK.PR. :
:        :           :    :  SCM/DAY  :  SCM/DAY  :  RCM/DAY  :  SCM/SCM  :  SCM/SCM  : SCM/SCM  :  SCM/SCM   : BARSA  : BARSA  :
=================================================================================================================================
:FIELD   :           :    :     1502.1:      394.4:       -0.0:     2071.0:      0.208:     -0.00:      0.0000:        :        :
:G1      :           :    :     1502.1:      394.4:       -0.0:     2071.0:      0.208:     -0.00:      0.0000:        :        :
:PROD    : 10, 10    : BHP:     1502.1:      394.4:       -0.0:     2071.0:      0.208:     -0.00:      0.0000:   245.0:     0.0:
:--------:-----------:----:-----------:-----------:-----------:-----------:-----------:----------:------------:--------:--------:

============================================= INJECTION REPORT ==============================================
:  WELL  : LOCATION  : CTRL : CTRL : CTRL :    OIL    :   WATER   :    GAS    :   FLUID   : BHP OR : THP OR :
:  NAME  :  (I,J,K)  : MODE : MODE : MODE :   RATE    :   RATE    :   RATE    : RES.VOL.  :CON.PR. :BLK.PR. :
:        :           : OIL  : WAT  : GAS  :  SCM/DAY  :  SCM/DAY  :  SCM/DAY  :  RCM/DAY  : BARSA  : BARSA  :
=============================================================================================================
:FIELD   :           :      :      :      :        0.0:     2000.0:        0.0:     2077.1:        :        :
:G1      :           :      :      :      :        0.0:     2000.0:        0.0:     2077.1:        :        :
:INJ     :  1,  1    :      :  WRAT:      :        0.0:     2000.0:        0.0:     2077.1:   278.6:     0.0:
:--------:-----------:------:------:------:-----------:-----------:-----------:-----------:--------:--------:

============================================== CUMULATIVE PRODUCTION/INJECTION TOTALS ==============================================
:  WELL  : LOCATION  :  WELL  :CTRL:    OIL    :   WATER   :    GAS    :   Prod    :    OIL    :   WATER   :    GAS    :    INJ    :
:  NAME  :  (I,J,K)  :  TYPE  :MODE:   PROD    :   PROD    :   PROD    : RES.VOL.  :    INJ    :    INJ    :    INJ    : RES.VOL.  :
:        :           :        :    :   MSCM    :   MSCM    :   MMSCM   :   MRCM    :   MSCM    :   MSCM    :   MMSCM   :   MRCM    :
====================================================================================================================================
:FIELD   :           :        :    :      163.1:       42.5:        0.0:      224.5:        0.0:      240.0:        0.0:      249.3:
:G1      :           :        :    :      163.1:       42.5:        0.0:      224.5:        0.0:      240.0:        0.0:      249.3:
:PROD    : 10, 10    :    PROD: BHP:      163.1:       42.5:        0.0:      224.5:        0.0:        0.0:        0.0:        0.0:
:INJ     :  1,  1    :     INJ:WRAT:        0.0:        0.0:        0.0:        0.0:        0.0:      240.0:        0.0:      249.3:
:--------:-----------:--------:----:-----------:-----------:-----------:-----------:-----------:-----------:-----------:-----------:


Report step  4/96 at day 120/2920, date = 01-May-2015

Starting time step 0, stepsize 6 days, at day 120/151, date = 01-May-2015
Restart file written for report step  4/96, date = 01-May-2015 00:00:00
    Oscillating behavior detected: Relaxation set to 0.900000
    Oscillating behavior detected: Relaxation set to 0.800000
    Oscillating behavior detected: Relaxation set to 0.700000
    Oscillating behavior detected: Relaxation set to 0.600000
    Oscillating behavior detected: Relaxation set to 0.500000
    Oscillating behavior detected: Relaxation set to 0.500000
    Oscillating behavior detected: Relaxation set to 0.500000
    Oscillating behavior detected: Relaxation set to 0.500000
    Oscillating behavior detected: Relaxation set to 0.500000
    Oscillating behavior detected: Relaxation set to 0.500000
    Oscillating behavior detected: Relaxation set to 0.500000
    Oscillating behavior detected: Relaxation set to 0.500000
 Newton its=20, linearizations=21 (0.0sec), linear its=  3 (0.0sec)

Starting time step 1, stepsize 2.4 days, at day 126/151, date = 07-May-2015
 Newton its=20, linearizations=21 (0.0sec), linear its=  8 (0.0sec)

Starting time step 2, stepsize 0.96 days, at day 128.4/151, date = 09-May-2015
 Newton its= 1, linearizations= 2 (0.0sec), linear its=  0 (0.0sec)

Starting time step 3, stepsize 2.88 days, at day 129.36/151, date = 10-May-2015

Problem: Solver convergence failure - Iteration limit reached
Timestep chopped to 0.9504 days


Starting time step 3, stepsize 0.9504 days, at day 129.36/151, date = 10-May-2015
 Newton its= 2, linearizations= 3 (0.0sec), linear its=  0 (0.0sec)

Starting time step 4, stepsize 1.9008 days, at day 130.31/151, date = 11-May-2015
    Oscillating behavior detected: Relaxation set to 0.900000
    Oscillating behavior detected: Relaxation set to 0.800000
 Newton its=20, linearizations=21 (0.0sec), linear its= 11 (0.0sec)

Starting time step 5, stepsize 0.76032 days, at day 132.211/151, date = 13-May-2015
 Newton its= 1, linearizations= 2 (0.0sec), linear its=  0 (0.0sec)

Starting time step 6, stepsize 2.28096 days, at day 132.972/151, date = 13-May-2015
 Newton its= 1, linearizations= 2 (0.0sec), linear its=  1 (0.0sec)

Starting time step 7, stepsize 6.84288 days, at day 135.252/151, date = 16-May-2015
 Newton its= 7, linearizations= 8 (0.0sec), linear its=  3 (0.0sec)

Starting time step 8, stepsize 8.90464 days, at day 142.095/151, date = 23-May-2015

Warning: Keyword 'WELLS' is unhandled for output to restart file.
 Newton its=20, linearizations=21 (0.0sec), linear its=  2 (0.0sec)

                              **************************************************************************
  WELLS    AT       151  DAYS *                 SPE1 - CASE 2                                          *
  REPORT    5    01 Jun 2015  *                                             Flow  version 2025.10-pre  *
                              **************************************************************************


======================================================= PRODUCTION REPORT =======================================================
:  WELL  : LOCATION  :CTRL:    OIL    :   WATER   :    GAS    :   FLUID   :   WATER   : GAS/OIL  :  WAT/GAS   : BHP OR : THP OR :
:  NAME  :  (I,J,K)  :MODE:   RATE    :   RATE    :   RATE    : RES.VOL.  :    CUT    :  RATIO   :   RATIO    :CON.PR. :BLK.PR. :
:        :           :    :  SCM/DAY  :  SCM/DAY  :  RCM/DAY  :  SCM/SCM  :  SCM/SCM  : SCM/SCM  :  SCM/SCM   : BARSA  : BARSA  :
=================================================================================================================================
:FIELD   :           :    :     1505.0:      395.2:       -0.0:     2074.9:      0.208:     -0.00:      0.0000:        :        :
:G1      :           :    :     1505.0:      395.2:       -0.0:     2074.9:      0.208:     -0.00:      0.0000:        :        :
:PROD    : 10, 10    : BHP:     1505.0:      395.2:       -0.0:     2074.9:      0.208:     -0.00:      0.0000:   245.0:     0.0:
:--------:-----------:----:-----------:-----------:-----------:-----------:-----------:----------:------------:--------:--------:

============================================= INJECTION REPORT ==============================================
:  WELL  : LOCATION  : CTRL : CTRL : CTRL :    OIL    :   WATER   :    GAS    :   FLUID   : BHP OR : THP OR :
:  NAME  :  (I,J,K)  : MODE : MODE : MODE :   RATE    :   RATE    :   RATE    : RES.VOL.  :CON.PR. :BLK.PR. :
:        :           : OIL  : WAT  : GAS  :  SCM/DAY  :  SCM/DAY  :  SCM/DAY  :  RCM/DAY  : BARSA  : BARSA  :
=============================================================================================================
:FIELD   :           :      :      :      :        0.0:     2000.0:        0.0:     2077.1:        :        :
:G1      :           :      :      :      :        0.0:     2000.0:        0.0:     2077.1:        :        :
:INJ     :  1,  1    :      :  WRAT:      :        0.0:     2000.0:        0.0:     2077.1:   278.3:     0.0:
:--------:-----------:------:------:------:-----------:-----------:-----------:-----------:--------:--------:

============================================== CUMULATIVE PRODUCTION/INJECTION TOTALS ==============================================
:  WELL  : LOCATION  :  WELL  :CTRL:    OIL    :   WATER   :    GAS    :   Prod    :    OIL    :   WATER   :    GAS    :    INJ    :
:  NAME  :  (I,J,K)  :  TYPE  :MODE:   PROD    :   PROD    :   PROD    : RES.VOL.  :    INJ    :    INJ    :    INJ    : RES.VOL.  :
:        :           :        :    :   MSCM    :   MSCM    :   MMSCM   :   MRCM    :   MSCM    :   MSCM    :   MMSCM   :   MRCM    :
====================================================================================================================================
:FIELD   :           :        :    :      209.7:       54.7:        0.0:      288.7:        0.0:      302.0:        0.0:      313.7:
:G1      :           :        :    :      209.7:       54.7:        0.0:      288.7:        0.0:      302.0:        0.0:      313.7:
:PROD    : 10, 10    :    PROD: BHP:      209.7:       54.7:        0.0:      288.7:        0.0:        0.0:        0.0:        0.0:
:INJ     :  1,  1    :     INJ:WRAT:        0.0:        0.0:        0.0:        0.0:        0.0:      302.0:        0.0:      313.7:
:--------:-----------:--------:----:-----------:-----------:-----------:-----------:-----------:-----------:-----------:-----------:


Report step  5/96 at day 151/2920, date = 01-Jun-2015

Starting time step 0, stepsize 3.56186 days, at day 151/181, date = 01-Jun-2015
Restart file written for report step  5/96, date = 01-Jun-2015 00:00:00
 Newton its= 2, linearizations= 3 (0.0sec), linear its=  0 (0.0sec)

Starting time step 1, stepsize 10.6856 days, at day 154.562/181, date = 04-Jun-2015
    Oscillating behavior detected: Relaxation set to 0.900000
    Oscillating behavior detected: Relaxation set to 0.800000

Problem: Solver convergence failure - Iteration limit reached
Timestep chopped to 3.526237439999999 days


Starting time step 1, stepsize 3.52624 days, at day 154.562/181, date = 04-Jun-2015
 Newton its= 2, linearizations= 3 (0.0sec), linear its=  2 (0.0sec)

Starting time step 2, stepsize 7.05247 days, at day 158.088/181, date = 08-Jun-2015

Problem: Solver convergence failure - Iteration limit reached
Timestep chopped to 2.3273167103999994 days


Starting time step 2, stepsize 2.32732 days, at day 158.088/181, date = 08-Jun-2015
 Newton its= 3, linearizations= 4 (0.0sec), linear its=  3 (0.0sec)

Starting time step 3, stepsize 4.65463 days, at day 160.415/181, date = 10-Jun-2015
 Newton its= 1, linearizations= 2 (0.0sec), linear its=  1 (0.0sec)

Starting time step 4, stepsize 7.96498 days, at day 165.07/181, date = 15-Jun-2015
 Newton its= 3, linearizations= 4 (0.0sec), linear its=  2 (0.0sec)

Starting time step 5, stepsize 7.96498 days, at day 173.035/181, date = 23-Jun-2015

Warning: Keyword 'WELLS' is unhandled for output to restart file.
 Newton its= 1, linearizations= 2 (0.0sec), linear its=  1 (0.0sec)

                              **************************************************************************
  WELLS    AT       181  DAYS *                 SPE1 - CASE 2                                          *
  REPORT    6    01 Jul 2015  *                                             Flow  version 2025.10-pre  *
                              **************************************************************************


======================================================= PRODUCTION REPORT =======================================================
:  WELL  : LOCATION  :CTRL:    OIL    :   WATER   :    GAS    :   FLUID   :   WATER   : GAS/OIL  :  WAT/GAS   : BHP OR : THP OR :
:  NAME  :  (I,J,K)  :MODE:   RATE    :   RATE    :   RATE    : RES.VOL.  :    CUT    :  RATIO   :   RATIO    :CON.PR. :BLK.PR. :
:        :           :    :  SCM/DAY  :  SCM/DAY  :  RCM/DAY  :  SCM/SCM  :  SCM/SCM  : SCM/SCM  :  SCM/SCM   : BARSA  : BARSA  :
=================================================================================================================================
:FIELD   :           :    :     1506.1:      395.5:       -0.0:     2076.5:      0.208:     -0.00:      0.0000:        :        :
:G1      :           :    :     1506.1:      395.5:       -0.0:     2076.5:      0.208:     -0.00:      0.0000:        :        :
:PROD    : 10, 10    : BHP:     1506.1:      395.5:       -0.0:     2076.5:      0.208:     -0.00:      0.0000:   245.0:     0.0:
:--------:-----------:----:-----------:-----------:-----------:-----------:-----------:----------:------------:--------:--------:

============================================= INJECTION REPORT ==============================================
:  WELL  : LOCATION  : CTRL : CTRL : CTRL :    OIL    :   WATER   :    GAS    :   FLUID   : BHP OR : THP OR :
:  NAME  :  (I,J,K)  : MODE : MODE : MODE :   RATE    :   RATE    :   RATE    : RES.VOL.  :CON.PR. :BLK.PR. :
:        :           : OIL  : WAT  : GAS  :  SCM/DAY  :  SCM/DAY  :  SCM/DAY  :  RCM/DAY  : BARSA  : BARSA  :
=============================================================================================================
:FIELD   :           :      :      :      :        0.0:     2000.0:        0.0:     2077.1:        :        :
:G1      :           :      :      :      :        0.0:     2000.0:        0.0:     2077.1:        :        :
:INJ     :  1,  1    :      :  WRAT:      :        0.0:     2000.0:        0.0:     2077.1:   277.6:     0.0:
:--------:-----------:------:------:------:-----------:-----------:-----------:-----------:--------:--------:

============================================== CUMULATIVE PRODUCTION/INJECTION TOTALS ==============================================
:  WELL  : LOCATION  :  WELL  :CTRL:    OIL    :   WATER   :    GAS    :   Prod    :    OIL    :   WATER   :    GAS    :    INJ    :
:  NAME  :  (I,J,K)  :  TYPE  :MODE:   PROD    :   PROD    :   PROD    : RES.VOL.  :    INJ    :    INJ    :    INJ    : RES.VOL.  :
:        :           :        :    :   MSCM    :   MSCM    :   MMSCM   :   MRCM    :   MSCM    :   MSCM    :   MMSCM   :   MRCM    :
====================================================================================================================================
:FIELD   :           :        :    :      254.9:       66.5:        0.0:      351.0:        0.0:      362.0:        0.0:      376.0:
:G1      :           :        :    :      254.9:       66.5:        0.0:      351.0:        0.0:      362.0:        0.0:      376.0:
:PROD    : 10, 10    :    PROD: BHP:      254.9:       66.5:        0.0:      351.0:        0.0:        0.0:        0.0:        0.0:
:INJ     :  1,  1    :     INJ:WRAT:        0.0:        0.0:        0.0:        0.0:        0.0:      362.0:        0.0:      376.0:
:--------:-----------:--------:----:-----------:-----------:-----------:-----------:-----------:-----------:-----------:-----------:


Report step  6/96 at day 181/2920, date = 01-Jul-2015

Starting time step 0, stepsize 15.5 days, at day 181/212, date = 01-Jul-2015
Restart file written for report step  6/96, date = 01-Jul-2015 00:00:00
 Newton its= 3, linearizations= 4 (0.0sec), linear its=  2 (0.0sec)

Starting time step 1, stepsize 15.5 days, at day 196.5/212, date = 16-Jul-2015
    Oscillating behavior detected: Relaxation set to 0.900000
    Oscillating behavior detected: Relaxation set to 0.800000
    Oscillating behavior detected: Relaxation set to 0.700000
    Oscillating behavior detected: Relaxation set to 0.600000
    Oscillating behavior detected: Relaxation set to 0.500000
    Oscillating behavior detected: Relaxation set to 0.500000

Problem: Solver convergence failure - Iteration limit reached
Timestep chopped to 5.115 days


Starting time step 1, stepsize 5.115 days, at day 196.5/212, date = 16-Jul-2015
 Newton its= 1, linearizations= 2 (0.0sec), linear its=  1 (0.0sec)

Starting time step 2, stepsize 10.385 days, at day 201.615/212, date = 21-Jul-2015

Warning: Keyword 'WELLS' is unhandled for output to restart file.
 Newton its= 3, linearizations= 4 (0.0sec), linear its=  1 (0.0sec)

                              **************************************************************************
  WELLS    AT       212  DAYS *                 SPE1 - CASE 2                                          *
  REPORT    7    01 Aug 2015  *                                             Flow  version 2025.10-pre  *
                              **************************************************************************


======================================================= PRODUCTION REPORT =======================================================
:  WELL  : LOCATION  :CTRL:    OIL    :   WATER   :    GAS    :   FLUID   :   WATER   : GAS/OIL  :  WAT/GAS   : BHP OR : THP OR :
:  NAME  :  (I,J,K)  :MODE:   RATE    :   RATE    :   RATE    : RES.VOL.  :    CUT    :  RATIO   :   RATIO    :CON.PR. :BLK.PR. :
:        :           :    :  SCM/DAY  :  SCM/DAY  :  RCM/DAY  :  SCM/SCM  :  SCM/SCM  : SCM/SCM  :  SCM/SCM   : BARSA  : BARSA  :
=================================================================================================================================
:FIELD   :           :    :     1506.0:      395.5:       -0.0:     2076.4:      0.208:     -0.00:      0.0000:        :        :
:G1      :           :    :     1506.0:      395.5:       -0.0:     2076.4:      0.208:     -0.00:      0.0000:        :        :
:PROD    : 10, 10    : BHP:     1506.0:      395.5:       -0.0:     2076.4:      0.208:     -0.00:      0.0000:   245.0:     0.0:
:--------:-----------:----:-----------:-----------:-----------:-----------:-----------:----------:------------:--------:--------:

============================================= INJECTION REPORT ==============================================
:  WELL  : LOCATION  : CTRL : CTRL : CTRL :    OIL    :   WATER   :    GAS    :   FLUID   : BHP OR : THP OR :
:  NAME  :  (I,J,K)  : MODE : MODE : MODE :   RATE    :   RATE    :   RATE    : RES.VOL.  :CON.PR. :BLK.PR. :
:        :           : OIL  : WAT  : GAS  :  SCM/DAY  :  SCM/DAY  :  SCM/DAY  :  RCM/DAY  : BARSA  : BARSA  :
=============================================================================================================
:FIELD   :           :      :      :      :        0.0:     2000.0:        0.0:     2077.1:        :        :
:G1      :           :      :      :      :        0.0:     2000.0:        0.0:     2077.1:        :        :
:INJ     :  1,  1    :      :  WRAT:      :        0.0:     2000.0:        0.0:     2077.1:   277.2:     0.0:
:--------:-----------:------:------:------:-----------:-----------:-----------:-----------:--------:--------:

============================================== CUMULATIVE PRODUCTION/INJECTION TOTALS ==============================================
:  WELL  : LOCATION  :  WELL  :CTRL:    OIL    :   WATER   :    GAS    :   Prod    :    OIL    :   WATER   :    GAS    :    INJ    :
:  NAME  :  (I,J,K)  :  TYPE  :MODE:   PROD    :   PROD    :   PROD    : RES.VOL.  :    INJ    :    INJ    :    INJ    : RES.VOL.  :
:        :           :        :    :   MSCM    :   MSCM    :   MMSCM   :   MRCM    :   MSCM    :   MSCM    :   MMSCM   :   MRCM    :
====================================================================================================================================
:FIELD   :           :        :    :      301.5:       78.8:        0.0:      415.4:        0.0:      424.0:        0.0:      440.4:
:G1      :           :        :    :      301.5:       78.8:        0.0:      415.4:        0.0:      424.0:        0.0:      440.4:
:PROD    : 10, 10    :    PROD: BHP:      301.5:       78.8:        0.0:      415.4:        0.0:        0.0:        0.0:        0.0:
:INJ     :  1,  1    :     INJ:WRAT:        0.0:        0.0:        0.0:        0.0:        0.0:      424.0:        0.0:      440.4:
:--------:-----------:--------:----:-----------:-----------:-----------:-----------:-----------:-----------:-----------:-----------:


Report step  7/96 at day 212/2920, date = 01-Aug-2015

Starting time step 0, stepsize 31 days, at day 212/243, date = 01-Aug-2015
Restart file written for report step  7/96, date = 01-Aug-2015 00:00:00

Warning: Keyword 'WELLS' is unhandled for output to restart file.
 Newton its=10, linearizations=11 (0.0sec), linear its=  7 (0.0sec)

                              **************************************************************************
  WELLS    AT       243  DAYS *                 SPE1 - CASE 2                                          *
  REPORT    8    01 Sep 2015  *                                             Flow  version 2025.10-pre  *
                              **************************************************************************


======================================================= PRODUCTION REPORT =======================================================
:  WELL  : LOCATION  :CTRL:    OIL    :   WATER   :    GAS    :   FLUID   :   WATER   : GAS/OIL  :  WAT/GAS   : BHP OR : THP OR :
:  NAME  :  (I,J,K)  :MODE:   RATE    :   RATE    :   RATE    : RES.VOL.  :    CUT    :  RATIO   :   RATIO    :CON.PR. :BLK.PR. :
:        :           :    :  SCM/DAY  :  SCM/DAY  :  RCM/DAY  :  SCM/SCM  :  SCM/SCM  : SCM/SCM  :  SCM/SCM   : BARSA  : BARSA  :
=================================================================================================================================
:FIELD   :           :    :     1506.5:      395.6:       -0.0:     2077.0:      0.208:     -0.00:      0.0000:        :        :
:G1      :           :    :     1506.5:      395.6:       -0.0:     2077.0:      0.208:     -0.00:      0.0000:        :        :
:PROD    : 10, 10    : BHP:     1506.5:      395.6:       -0.0:     2077.0:      0.208:     -0.00:      0.0000:   245.0:     0.0:
:--------:-----------:----:-----------:-----------:-----------:-----------:-----------:----------:------------:--------:--------:

============================================= INJECTION REPORT ==============================================
:  WELL  : LOCATION  : CTRL : CTRL : CTRL :    OIL    :   WATER   :    GAS    :   FLUID   : BHP OR : THP OR :
:  NAME  :  (I,J,K)  : MODE : MODE : MODE :   RATE    :   RATE    :   RATE    : RES.VOL.  :CON.PR. :BLK.PR. :
:        :           : OIL  : WAT  : GAS  :  SCM/DAY  :  SCM/DAY  :  SCM/DAY  :  RCM/DAY  : BARSA  : BARSA  :
=============================================================================================================
:FIELD   :           :      :      :      :        0.0:     2000.0:        0.0:     2077.1:        :        :
:G1      :           :      :      :      :        0.0:     2000.0:        0.0:     2077.1:        :        :
:INJ     :  1,  1    :      :  WRAT:      :        0.0:     2000.0:        0.0:     2077.1:   277.1:     0.0:
:--------:-----------:------:------:------:-----------:-----------:-----------:-----------:--------:--------:

============================================== CUMULATIVE PRODUCTION/INJECTION TOTALS ==============================================
:  WELL  : LOCATION  :  WELL  :CTRL:    OIL    :   WATER   :    GAS    :   Prod    :    OIL    :   WATER   :    GAS    :    INJ    :
:  NAME  :  (I,J,K)  :  TYPE  :MODE:   PROD    :   PROD    :   PROD    : RES.VOL.  :    INJ    :    INJ    :    INJ    : RES.VOL.  :
:        :           :        :    :   MSCM    :   MSCM    :   MMSCM   :   MRCM    :   MSCM    :   MSCM    :   MMSCM   :   MRCM    :
====================================================================================================================================
:FIELD   :           :        :    :      348.2:       91.1:        0.0:      479.8:        0.0:      486.0:        0.0:      504.8:
:G1      :           :        :    :      348.2:       91.1:        0.0:      479.8:        0.0:      486.0:        0.0:      504.8:
:PROD    : 10, 10    :    PROD: BHP:      348.2:       91.1:        0.0:      479.8:        0.0:        0.0:        0.0:        0.0:
:INJ     :  1,  1    :     INJ:WRAT:        0.0:        0.0:        0.0:        0.0:        0.0:      486.0:        0.0:      504.8:
:--------:-----------:--------:----:-----------:-----------:-----------:-----------:-----------:-----------:-----------:-----------:


Report step  8/96 at day 243/2920, date = 01-Sep-2015

Starting time step 0, stepsize 15 days, at day 243/273, date = 01-Sep-2015
Restart file written for report step  8/96, date = 01-Sep-2015 00:00:00
 Newton its= 4, linearizations= 5 (0.0sec), linear its=  2 (0.0sec)

Starting time step 1, stepsize 15 days, at day 258/273, date = 16-Sep-2015

Warning: Keyword 'WELLS' is unhandled for output to restart file.
 Newton its=20, linearizations=21 (0.0sec), linear its=  2 (0.0sec)

                              **************************************************************************
  WELLS    AT       273  DAYS *                 SPE1 - CASE 2                                          *
  REPORT    9    01 Oct 2015  *                                             Flow  version 2025.10-pre  *
                              **************************************************************************


======================================================= PRODUCTION REPORT =======================================================
:  WELL  : LOCATION  :CTRL:    OIL    :   WATER   :    GAS    :   FLUID   :   WATER   : GAS/OIL  :  WAT/GAS   : BHP OR : THP OR :
:  NAME  :  (I,J,K)  :MODE:   RATE    :   RATE    :   RATE    : RES.VOL.  :    CUT    :  RATIO   :   RATIO    :CON.PR. :BLK.PR. :
:        :           :    :  SCM/DAY  :  SCM/DAY  :  RCM/DAY  :  SCM/SCM  :  SCM/SCM  : SCM/SCM  :  SCM/SCM   : BARSA  : BARSA  :
=================================================================================================================================
:FIELD   :           :    :     1506.2:      395.5:       -0.0:     2076.7:      0.208:     -0.00:      0.0000:        :        :
:G1      :           :    :     1506.2:      395.5:       -0.0:     2076.7:      0.208:     -0.00:      0.0000:        :        :
:PROD    : 10, 10    : BHP:     1506.2:      395.5:       -0.0:     2076.7:      0.208:     -0.00:      0.0000:   245.0:     0.0:
:--------:-----------:----:-----------:-----------:-----------:-----------:-----------:----------:------------:--------:--------:

============================================= INJECTION REPORT ==============================================
:  WELL  : LOCATION  : CTRL : CTRL : CTRL :    OIL    :   WATER   :    GAS    :   FLUID   : BHP OR : THP OR :
:  NAME  :  (I,J,K)  : MODE : MODE : MODE :   RATE    :   RATE    :   RATE    : RES.VOL.  :CON.PR. :BLK.PR. :
:        :           : OIL  : WAT  : GAS  :  SCM/DAY  :  SCM/DAY  :  SCM/DAY  :  RCM/DAY  : BARSA  : BARSA  :
=============================================================================================================
:FIELD   :           :      :      :      :        0.0:     2000.0:        0.0:     2077.1:        :        :
:G1      :           :      :      :      :        0.0:     2000.0:        0.0:     2077.1:        :        :
:INJ     :  1,  1    :      :  WRAT:      :        0.0:     2000.0:        0.0:     2077.1:   277.1:     0.0:
:--------:-----------:------:------:------:-----------:-----------:-----------:-----------:--------:--------:

============================================== CUMULATIVE PRODUCTION/INJECTION TOTALS ==============================================
:  WELL  : LOCATION  :  WELL  :CTRL:    OIL    :   WATER   :    GAS    :   Prod    :    OIL    :   WATER   :    GAS    :    INJ    :
:  NAME  :  (I,J,K)  :  TYPE  :MODE:   PROD    :   PROD    :   PROD    : RES.VOL.  :    INJ    :    INJ    :    INJ    : RES.VOL.  :
:        :           :        :    :   MSCM    :   MSCM    :   MMSCM   :   MRCM    :   MSCM    :   MSCM    :   MMSCM   :   MRCM    :
====================================================================================================================================
:FIELD   :           :        :    :      393.4:      102.9:        0.0:      542.1:        0.0:      546.0:        0.0:      567.1:
:G1      :           :        :    :      393.4:      102.9:        0.0:      542.1:        0.0:      546.0:        0.0:      567.1:
:PROD    : 10, 10    :    PROD: BHP:      393.4:      102.9:        0.0:      542.1:        0.0:        0.0:        0.0:        0.0:
:INJ     :  1,  1    :     INJ:WRAT:        0.0:        0.0:        0.0:        0.0:        0.0:      546.0:        0.0:      567.1:
:--------:-----------:--------:----:-----------:-----------:-----------:-----------:-----------:-----------:-----------:-----------:


Report step  9/96 at day 273/2920, date = 01-Oct-2015

Starting time step 0, stepsize 6 days, at day 273/304, date = 01-Oct-2015
Restart file written for report step  9/96, date = 01-Oct-2015 00:00:00
 Newton its= 7, linearizations= 8 (0.0sec), linear its=  2 (0.0sec)

Starting time step 1, stepsize 8.4 days, at day 279/304, date = 07-Oct-2015
 Newton its= 2, linearizations= 3 (0.0sec), linear its=  0 (0.0sec)

Starting time step 2, stepsize 16.6 days, at day 287.4/304, date = 15-Oct-2015

Warning: Keyword 'WELLS' is unhandled for output to restart file.
 Newton its= 3, linearizations= 4 (0.0sec), linear its=  1 (0.0sec)

                              **************************************************************************
  WELLS    AT       304  DAYS *                 SPE1 - CASE 2                                          *
  REPORT   10    01 Nov 2015  *                                             Flow  version 2025.10-pre  *
                              **************************************************************************


======================================================= PRODUCTION REPORT =======================================================
:  WELL  : LOCATION  :CTRL:    OIL    :   WATER   :    GAS    :   FLUID   :   WATER   : GAS/OIL  :  WAT/GAS   : BHP OR : THP OR :
:  NAME  :  (I,J,K)  :MODE:   RATE    :   RATE    :   RATE    : RES.VOL.  :    CUT    :  RATIO   :   RATIO    :CON.PR. :BLK.PR. :
:        :           :    :  SCM/DAY  :  SCM/DAY  :  RCM/DAY  :  SCM/SCM  :  SCM/SCM  : SCM/SCM  :  SCM/SCM   : BARSA  : BARSA  :
=================================================================================================================================
:FIELD   :           :    :     1506.1:      395.5:       -0.0:     2076.5:      0.208:     -0.00:      0.0000:        :        :
:G1      :           :    :     1506.1:      395.5:       -0.0:     2076.5:      0.208:     -0.00:      0.0000:        :        :
:PROD    : 10, 10    : BHP:     1506.1:      395.5:       -0.0:     2076.5:      0.208:     -0.00:      0.0000:   245.0:     0.0:
:--------:-----------:----:-----------:-----------:-----------:-----------:-----------:----------:------------:--------:--------:

============================================= INJECTION REPORT ==============================================
:  WELL  : LOCATION  : CTRL : CTRL : CTRL :    OIL    :   WATER   :    GAS    :   FLUID   : BHP OR : THP OR :
:  NAME  :  (I,J,K)  : MODE : MODE : MODE :   RATE    :   RATE    :   RATE    : RES.VOL.  :CON.PR. :BLK.PR. :
:        :           : OIL  : WAT  : GAS  :  SCM/DAY  :  SCM/DAY  :  SCM/DAY  :  RCM/DAY  : BARSA  : BARSA  :
=============================================================================================================
:FIELD   :           :      :      :      :        0.0:     2000.0:        0.0:     2077.1:        :        :
:G1      :           :      :      :      :        0.0:     2000.0:        0.0:     2077.1:        :        :
:INJ     :  1,  1    :      :  WRAT:      :        0.0:     2000.0:        0.0:     2077.1:   277.1:     0.0:
:--------:-----------:------:------:------:-----------:-----------:-----------:-----------:--------:--------:

============================================== CUMULATIVE PRODUCTION/INJECTION TOTALS ==============================================
:  WELL  : LOCATION  :  WELL  :CTRL:    OIL    :   WATER   :    GAS    :   Prod    :    OIL    :   WATER   :    GAS    :    INJ    :
:  NAME  :  (I,J,K)  :  TYPE  :MODE:   PROD    :   PROD    :   PROD    : RES.VOL.  :    INJ    :    INJ    :    INJ    : RES.VOL.  :
:        :           :        :    :   MSCM    :   MSCM    :   MMSCM   :   MRCM    :   MSCM    :   MSCM    :   MMSCM   :   MRCM    :
====================================================================================================================================
:FIELD   :           :        :    :      440.1:      115.2:        0.0:      606.4:        0.0:      608.0:        0.0:      631.5:
:G1      :           :        :    :      440.1:      115.2:        0.0:      606.4:        0.0:      608.0:        0.0:      631.5:
:PROD    : 10, 10    :    PROD: BHP:      440.1:      115.2:        0.0:      606.4:        0.0:        0.0:        0.0:        0.0:
:INJ     :  1,  1    :     INJ:WRAT:        0.0:        0.0:        0.0:        0.0:        0.0:      608.0:        0.0:      631.5:
:--------:-----------:--------:----:-----------:-----------:-----------:-----------:-----------:-----------:-----------:-----------:


Report step 10/96 at day 304/2920, date = 01-Nov-2015

Starting time step 0, stepsize 30 days, at day 304/334, date = 01-Nov-2015
Restart file written for report step 10/96, date = 01-Nov-2015 00:00:00

Problem: Solver convergence failure - Iteration limit reached
Timestep chopped to 9.9 days


Starting time step 0, stepsize 9.9 days, at day 304/334, date = 01-Nov-2015
 Newton its= 2, linearizations= 3 (0.0sec), linear its=  0 (0.0sec)

Starting time step 1, stepsize 20.1 days, at day 313.9/334, date = 10-Nov-2015
    Oscillating behavior detected: Relaxation set to 0.900000

Problem: Solver convergence failure - Iteration limit reached
Timestep chopped to 6.633000000000001 days


Starting time step 1, stepsize 6.633 days, at day 313.9/334, date = 10-Nov-2015
 Newton its= 3, linearizations= 4 (0.0sec), linear its=  0 (0.0sec)

Starting time step 2, stepsize 13.467 days, at day 320.533/334, date = 17-Nov-2015

Warning: Keyword 'WELLS' is unhandled for output to restart file.
 Newton its=20, linearizations=21 (0.0sec), linear its=  9 (0.0sec)

                              **************************************************************************
  WELLS    AT       334  DAYS *                 SPE1 - CASE 2                                          *
  REPORT   11    01 Dec 2015  *                                             Flow  version 2025.10-pre  *
                              **************************************************************************


======================================================= PRODUCTION REPORT =======================================================
:  WELL  : LOCATION  :CTRL:    OIL    :   WATER   :    GAS    :   FLUID   :   WATER   : GAS/OIL  :  WAT/GAS   : BHP OR : THP OR :
:  NAME  :  (I,J,K)  :MODE:   RATE    :   RATE    :   RATE    : RES.VOL.  :    CUT    :  RATIO   :   RATIO    :CON.PR. :BLK.PR. :
:        :           :    :  SCM/DAY  :  SCM/DAY  :  RCM/DAY  :  SCM/SCM  :  SCM/SCM  : SCM/SCM  :  SCM/SCM   : BARSA  : BARSA  :
=================================================================================================================================
:FIELD   :           :    :     1506.3:      395.5:       -0.0:     2076.7:      0.208:     -0.00:      0.0000:        :        :
:G1      :           :    :     1506.3:      395.5:       -0.0:     2076.7:      0.208:     -0.00:      0.0000:        :        :
:PROD    : 10, 10    : BHP:     1506.3:      395.5:       -0.0:     2076.7:      0.208:     -0.00:      0.0000:   245.0:     0.0:
:--------:-----------:----:-----------:-----------:-----------:-----------:-----------:----------:------------:--------:--------:

============================================= INJECTION REPORT ==============================================
:  WELL  : LOCATION  : CTRL : CTRL : CTRL :    OIL    :   WATER   :    GAS    :   FLUID   : BHP OR : THP OR :
:  NAME  :  (I,J,K)  : MODE : MODE : MODE :   RATE    :   RATE    :   RATE    : RES.VOL.  :CON.PR. :BLK.PR. :
:        :           : OIL  : WAT  : GAS  :  SCM/DAY  :  SCM/DAY  :  SCM/DAY  :  RCM/DAY  : BARSA  : BARSA  :
=============================================================================================================
:FIELD   :           :      :      :      :        0.0:     2000.0:        0.0:     2077.1:        :        :
:G1      :           :      :      :      :        0.0:     2000.0:        0.0:     2077.1:        :        :
:INJ     :  1,  1    :      :  WRAT:      :        0.0:     2000.0:        0.0:     2077.1:   277.1:     0.0:
:--------:-----------:------:------:------:-----------:-----------:-----------:-----------:--------:--------:

============================================== CUMULATIVE PRODUCTION/INJECTION TOTALS ==============================================
:  WELL  : LOCATION  :  WELL  :CTRL:    OIL    :   WATER   :    GAS    :   Prod    :    OIL    :   WATER   :    GAS    :    INJ    :
:  NAME  :  (I,J,K)  :  TYPE  :MODE:   PROD    :   PROD    :   PROD    : RES.VOL.  :    INJ    :    INJ    :    INJ    : RES.VOL.  :
:        :           :        :    :   MSCM    :   MSCM    :   MMSCM   :   MRCM    :   MSCM    :   MSCM    :   MMSCM   :   MRCM    :
====================================================================================================================================
:FIELD   :           :        :    :      485.3:      127.1:        0.0:      668.7:        0.0:      668.0:        0.0:      693.8:
:G1      :           :        :    :      485.3:      127.1:        0.0:      668.7:        0.0:      668.0:        0.0:      693.8:
:PROD    : 10, 10    :    PROD: BHP:      485.3:      127.1:        0.0:      668.7:        0.0:        0.0:        0.0:        0.0:
:INJ     :  1,  1    :     INJ:WRAT:        0.0:        0.0:        0.0:        0.0:        0.0:      668.0:        0.0:      693.8:
:--------:-----------:--------:----:-----------:-----------:-----------:-----------:-----------:-----------:-----------:-----------:


Report step 11/96 at day 334/2920, date = 01-Dec-2015

Starting time step 0, stepsize 5.3868 days, at day 334/365, date = 01-Dec-2015
Restart file written for report step 11/96, date = 01-Dec-2015 00:00:00
 Newton its=20, linearizations=21 (0.0sec), linear its=  7 (0.0sec)

Starting time step 1, stepsize 2.15472 days, at day 339.387/365, date = 06-Dec-2015
 Newton its= 1, linearizations= 2 (0.0sec), linear its=  0 (0.0sec)

Starting time step 2, stepsize 6.46416 days, at day 341.542/365, date = 08-Dec-2015
 Newton its= 1, linearizations= 2 (0.0sec), linear its=  1 (0.0sec)

Starting time step 3, stepsize 16.9943 days, at day 348.006/365, date = 15-Dec-2015

Warning: Keyword 'WELLS' is unhandled for output to restart file.
 Newton its=20, linearizations=21 (0.0sec), linear its= 14 (0.0sec)

                              **************************************************************************
  WELLS    AT       365  DAYS *                 SPE1 - CASE 2                                          *
  REPORT   12    01 Jan 2016  *                                             Flow  version 2025.10-pre  *
                              **************************************************************************


======================================================= PRODUCTION REPORT =======================================================
:  WELL  : LOCATION  :CTRL:    OIL    :   WATER   :    GAS    :   FLUID   :   WATER   : GAS/OIL  :  WAT/GAS   : BHP OR : THP OR :
:  NAME  :  (I,J,K)  :MODE:   RATE    :   RATE    :   RATE    : RES.VOL.  :    CUT    :  RATIO   :   RATIO    :CON.PR. :BLK.PR. :
:        :           :    :  SCM/DAY  :  SCM/DAY  :  RCM/DAY  :  SCM/SCM  :  SCM/SCM  : SCM/SCM  :  SCM/SCM   : BARSA  : BARSA  :
=================================================================================================================================
:FIELD   :           :    :     1506.3:      395.5:       -0.0:     2076.8:      0.208:     -0.00:      0.0000:        :        :
:G1      :           :    :     1506.3:      395.5:       -0.0:     2076.8:      0.208:     -0.00:      0.0000:        :        :
:PROD    : 10, 10    : BHP:     1506.3:      395.5:       -0.0:     2076.8:      0.208:     -0.00:      0.0000:   245.0:     0.0:
:--------:-----------:----:-----------:-----------:-----------:-----------:-----------:----------:------------:--------:--------:

============================================= INJECTION REPORT ==============================================
:  WELL  : LOCATION  : CTRL : CTRL : CTRL :    OIL    :   WATER   :    GAS    :   FLUID   : BHP OR : THP OR :
:  NAME  :  (I,J,K)  : MODE : MODE : MODE :   RATE    :   RATE    :   RATE    : RES.VOL.  :CON.PR. :BLK.PR. :
:        :           : OIL  : WAT  : GAS  :  SCM/DAY  :  SCM/DAY  :  SCM/DAY  :  RCM/DAY  : BARSA  : BARSA  :
=============================================================================================================
:FIELD   :           :      :      :      :        0.0:     2000.0:        0.0:     2077.1:        :        :
:G1      :           :      :      :      :        0.0:     2000.0:        0.0:     2077.1:        :        :
:INJ     :  1,  1    :      :  WRAT:      :        0.0:     2000.0:        0.0:     2077.1:   277.0:     0.0:
:--------:-----------:------:------:------:-----------:-----------:-----------:-----------:--------:--------:

============================================== CUMULATIVE PRODUCTION/INJECTION TOTALS ==============================================
:  WELL  : LOCATION  :  WELL  :CTRL:    OIL    :   WATER   :    GAS    :   Prod    :    OIL    :   WATER   :    GAS    :    INJ    :
:  NAME  :  (I,J,K)  :  TYPE  :MODE:   PROD    :   PROD    :   PROD    : RES.VOL.  :    INJ    :    INJ    :    INJ    : RES.VOL.  :
:        :           :        :    :   MSCM    :   MSCM    :   MMSCM   :   MRCM    :   MSCM    :   MSCM    :   MMSCM   :   MRCM    :
====================================================================================================================================
:FIELD   :           :        :    :      532.0:      139.3:        0.0:      733.1:        0.0:      730.0:        0.0:      758.2:
:G1      :           :        :    :      532.0:      139.3:        0.0:      733.1:        0.0:      730.0:        0.0:      758.2:
:PROD    : 10, 10    :    PROD: BHP:      532.0:      139.3:        0.0:      733.1:        0.0:        0.0:        0.0:        0.0:
:INJ     :  1,  1    :     INJ:WRAT:        0.0:        0.0:        0.0:        0.0:        0.0:      730.0:        0.0:      758.2:
:--------:-----------:--------:----:-----------:-----------:-----------:-----------:-----------:-----------:-----------:-----------:


Report step 12/96 at day 365/2920, date = 01-Jan-2016

Starting time step 0, stepsize 6.79773 days, at day 365/396, date = 01-Jan-2016
 Newton its= 1, linearizations= 2 (0.0sec), linear its=  1 (0.0sec)
Restart file written for report step 12/96, date = 01-Jan-2016 00:00:00

Starting time step 1, stepsize 5.36909 days, at day 371.798/396, date = 07-Jan-2016
 Newton its= 2, linearizations= 3 (0.0sec), linear its=  1 (0.0sec)

Starting time step 2, stepsize 9.41659 days, at day 377.167/396, date = 13-Jan-2016
 Newton its= 1, linearizations= 2 (0.0sec), linear its=  1 (0.0sec)

Starting time step 3, stepsize 9.41659 days, at day 386.583/396, date = 22-Jan-2016

Warning: Keyword 'WELLS' is unhandled for output to restart file.
 Newton its= 2, linearizations= 3 (0.0sec), linear its=  1 (0.0sec)

                              **************************************************************************
  WELLS    AT       396  DAYS *                 SPE1 - CASE 2                                          *
  REPORT   13    01 Feb 2016  *                                             Flow  version 2025.10-pre  *
                              **************************************************************************


======================================================= PRODUCTION REPORT =======================================================
:  WELL  : LOCATION  :CTRL:    OIL    :   WATER   :    GAS    :   FLUID   :   WATER   : GAS/OIL  :  WAT/GAS   : BHP OR : THP OR :
:  NAME  :  (I,J,K)  :MODE:   RATE    :   RATE    :   RATE    : RES.VOL.  :    CUT    :  RATIO   :   RATIO    :CON.PR. :BLK.PR. :
:        :           :    :  SCM/DAY  :  SCM/DAY  :  RCM/DAY  :  SCM/SCM  :  SCM/SCM  : SCM/SCM  :  SCM/SCM   : BARSA  : BARSA  :
=================================================================================================================================
:FIELD   :           :    :      270.4:       71.0:       -0.0:      372.9:      0.208:     -0.00:      0.0000:        :        :
:G1      :           :    :      270.4:       71.0:       -0.0:      372.9:      0.208:     -0.00:      0.0000:        :        :
:PROD    : 10, 10    : BHP:      270.4:       71.0:       -0.0:      372.9:      0.208:     -0.00:      0.0000:   245.0:     0.0:
:--------:-----------:----:-----------:-----------:-----------:-----------:-----------:----------:------------:--------:--------:

============================================= INJECTION REPORT ==============================================
:  WELL  : LOCATION  : CTRL : CTRL : CTRL :    OIL    :   WATER   :    GAS    :   FLUID   : BHP OR : THP OR :
:  NAME  :  (I,J,K)  : MODE : MODE : MODE :   RATE    :   RATE    :   RATE    : RES.VOL.  :CON.PR. :BLK.PR. :
:        :           : OIL  : WAT  : GAS  :  SCM/DAY  :  SCM/DAY  :  SCM/DAY  :  RCM/DAY  : BARSA  : BARSA  :
=============================================================================================================
:FIELD   :           :      :      :      :        0.0:        0.0:        0.0:        0.0:        :        :
:G1      :           :      :      :      :        0.0:        0.0:        0.0:        0.0:        :        :
:INJ     :  1,  1    :      :  WRAT:      :        0.0:        0.0:        0.0:        0.0:     0.0:     0.0:
:--------:-----------:------:------:------:-----------:-----------:-----------:-----------:--------:--------:

============================================== CUMULATIVE PRODUCTION/INJECTION TOTALS ==============================================
:  WELL  : LOCATION  :  WELL  :CTRL:    OIL    :   WATER   :    GAS    :   Prod    :    OIL    :   WATER   :    GAS    :    INJ    :
:  NAME  :  (I,J,K)  :  TYPE  :MODE:   PROD    :   PROD    :   PROD    : RES.VOL.  :    INJ    :    INJ    :    INJ    : RES.VOL.  :
:        :           :        :    :   MSCM    :   MSCM    :   MMSCM   :   MRCM    :   MSCM    :   MSCM    :   MMSCM   :   MRCM    :
====================================================================================================================================
:FIELD   :           :        :    :      550.1:      144.1:        0.0:      758.0:        0.0:      730.0:        0.0:      758.2:
:G1      :           :        :    :      550.1:      144.1:        0.0:      758.0:        0.0:      730.0:        0.0:      758.2:
:PROD    : 10, 10    :    PROD: BHP:      550.1:      144.1:        0.0:      758.0:        0.0:        0.0:        0.0:        0.0:
:INJ     :  1,  1    :     INJ:WRAT:        0.0:        0.0:        0.0:        0.0:        0.0:      730.0:        0.0:      758.2:
:--------:-----------:--------:----:-----------:-----------:-----------:-----------:-----------:-----------:-----------:-----------:


Report step 13/96 at day 396/2920, date = 01-Feb-2016

Starting time step 0, stepsize 28 days, at day 396/424, date = 01-Feb-2016
Restart file written for report step 13/96, date = 01-Feb-2016 00:00:00

Warning: Keyword 'WELLS' is unhandled for output to restart file.
 Newton its=20, linearizations=21 (0.0sec), linear its=  6 (0.0sec)

                              **************************************************************************
  WELLS    AT       424  DAYS *                 SPE1 - CASE 2                                          *
  REPORT   14    29 Feb 2016  *                                             Flow  version 2025.10-pre  *
                              **************************************************************************


======================================================= PRODUCTION REPORT =======================================================
:  WELL  : LOCATION  :CTRL:    OIL    :   WATER   :    GAS    :   FLUID   :   WATER   : GAS/OIL  :  WAT/GAS   : BHP OR : THP OR :
:  NAME  :  (I,J,K)  :MODE:   RATE    :   RATE    :   RATE    : RES.VOL.  :    CUT    :  RATIO   :   RATIO    :CON.PR. :BLK.PR. :
:        :           :    :  SCM/DAY  :  SCM/DAY  :  RCM/DAY  :  SCM/SCM  :  SCM/SCM  : SCM/SCM  :  SCM/SCM   : BARSA  : BARSA  :
=================================================================================================================================
:FIELD   :           :    :       89.8:       23.6:       -0.0:      123.8:      0.208:     -0.00:      0.0000:        :        :
:G1      :           :    :       89.8:       23.6:       -0.0:      123.8:      0.208:     -0.00:      0.0000:        :        :
:PROD    : 10, 10    : BHP:       89.8:       23.6:       -0.0:      123.8:      0.208:     -0.00:      0.0000:   245.0:     0.0:
:--------:-----------:----:-----------:-----------:-----------:-----------:-----------:----------:------------:--------:--------:

============================================= INJECTION REPORT ==============================================
:  WELL  : LOCATION  : CTRL : CTRL : CTRL :    OIL    :   WATER   :    GAS    :   FLUID   : BHP OR : THP OR :
:  NAME  :  (I,J,K)  : MODE : MODE : MODE :   RATE    :   RATE    :   RATE    : RES.VOL.  :CON.PR. :BLK.PR. :
:        :           : OIL  : WAT  : GAS  :  SCM/DAY  :  SCM/DAY  :  SCM/DAY  :  RCM/DAY  : BARSA  : BARSA  :
=============================================================================================================
:FIELD   :           :      :      :      :        0.0:        0.0:        0.0:        0.0:        :        :
:G1      :           :      :      :      :        0.0:        0.0:        0.0:        0.0:        :        :
:INJ     :  1,  1    :      :  WRAT:      :        0.0:        0.0:        0.0:        0.0:     0.0:     0.0:
:--------:-----------:------:------:------:-----------:-----------:-----------:-----------:--------:--------:

============================================== CUMULATIVE PRODUCTION/INJECTION TOTALS ==============================================
:  WELL  : LOCATION  :  WELL  :CTRL:    OIL    :   WATER   :    GAS    :   Prod    :    OIL    :   WATER   :    GAS    :    INJ    :
:  NAME  :  (I,J,K)  :  TYPE  :MODE:   PROD    :   PROD    :   PROD    : RES.VOL.  :    INJ    :    INJ    :    INJ    : RES.VOL.  :
:        :           :        :    :   MSCM    :   MSCM    :   MMSCM   :   MRCM    :   MSCM    :   MSCM    :   MMSCM   :   MRCM    :
====================================================================================================================================
:FIELD   :           :        :    :      552.6:      144.7:        0.0:      761.5:        0.0:      730.0:        0.0:      758.2:
:G1      :           :        :    :      552.6:      144.7:        0.0:      761.5:        0.0:      730.0:        0.0:      758.2:
:PROD    : 10, 10    :    PROD: BHP:      552.6:      144.7:        0.0:      761.5:        0.0:        0.0:        0.0:        0.0:
:INJ     :  1,  1    :     INJ:WRAT:        0.0:        0.0:        0.0:        0.0:        0.0:      730.0:        0.0:      758.2:
:--------:-----------:--------:----:-----------:-----------:-----------:-----------:-----------:-----------:-----------:-----------:


Report step 14/96 at day 424/2920, date = 29-Feb-2016

Starting time step 0, stepsize 11.2 days, at day 424/455, date = 29-Feb-2016
Restart file written for report step 14/96, date = 29-Feb-2016 00:00:00
 Newton its=20, linearizations=21 (0.0sec), linear its=  0 (0.0sec)

Starting time step 1, stepsize 4.48 days, at day 435.2/455, date = 11-Mar-2016
 Newton its=20, linearizations=21 (0.0sec), linear its=  0 (0.0sec)

Starting time step 2, stepsize 1.792 days, at day 439.68/455, date = 15-Mar-2016
 Newton its= 1, linearizations= 2 (0.0sec), linear its=  0 (0.0sec)

Starting time step 3, stepsize 5.376 days, at day 441.472/455, date = 17-Mar-2016
    Oscillating behavior detected: Relaxation set to 0.900000
 Newton its=20, linearizations=21 (0.0sec), linear its=  0 (0.0sec)

Starting time step 4, stepsize 2.1504 days, at day 446.848/455, date = 22-Mar-2016
 Newton its= 7, linearizations= 8 (0.0sec), linear its=  1 (0.0sec)

Starting time step 5, stepsize 3.01056 days, at day 448.998/455, date = 24-Mar-2016
    Oscillating behavior detected: Relaxation set to 0.900000
 Newton its=20, linearizations=21 (0.0sec), linear its=  0 (0.0sec)

Starting time step 6, stepsize 1.20422 days, at day 452.009/455, date = 28-Mar-2016
 Newton its=20, linearizations=21 (0.0sec), linear its=  0 (0.0sec)

Starting time step 7, stepsize 0.48169 days, at day 453.213/455, date = 29-Mar-2016
 Newton its= 1, linearizations= 2 (0.0sec), linear its=  0 (0.0sec)

Starting time step 8, stepsize 1.30513 days, at day 453.695/455, date = 29-Mar-2016

Warning: Keyword 'WELLS' is unhandled for output to restart file.
 Newton its=20, linearizations=21 (0.0sec), linear its=  0 (0.0sec)

                              **************************************************************************
  WELLS    AT       455  DAYS *                 SPE1 - CASE 2                                          *
  REPORT   15    31 Mar 2016  *                                             Flow  version 2025.10-pre  *
                              **************************************************************************


======================================================= PRODUCTION REPORT =======================================================
:  WELL  : LOCATION  :CTRL:    OIL    :   WATER   :    GAS    :   FLUID   :   WATER   : GAS/OIL  :  WAT/GAS   : BHP OR : THP OR :
:  NAME  :  (I,J,K)  :MODE:   RATE    :   RATE    :   RATE    : RES.VOL.  :    CUT    :  RATIO   :   RATIO    :CON.PR. :BLK.PR. :
:        :           :    :  SCM/DAY  :  SCM/DAY  :  RCM/DAY  :  SCM/SCM  :  SCM/SCM  : SCM/SCM  :  SCM/SCM   : BARSA  : BARSA  :
=================================================================================================================================
:FIELD   :           :    :       13.9:        3.7:       -0.0:       19.2:      0.208:     -0.00:      0.0000:        :        :
:G1      :           :    :       13.9:        3.7:       -0.0:       19.2:      0.208:     -0.00:      0.0000:        :        :
:PROD    : 10, 10    : BHP:       13.9:        3.7:       -0.0:       19.2:      0.208:     -0.00:      0.0000:   245.0:     0.0:
:--------:-----------:----:-----------:-----------:-----------:-----------:-----------:----------:------------:--------:--------:

============================================= INJECTION REPORT ==============================================
:  WELL  : LOCATION  : CTRL : CTRL : CTRL :    OIL    :   WATER   :    GAS    :   FLUID   : BHP OR : THP OR :
:  NAME  :  (I,J,K)  : MODE : MODE : MODE :   RATE    :   RATE    :   RATE    : RES.VOL.  :CON.PR. :BLK.PR. :
:        :           : OIL  : WAT  : GAS  :  SCM/DAY  :  SCM/DAY  :  SCM/DAY  :  RCM/DAY  : BARSA  : BARSA  :
=============================================================================================================
:FIELD   :           :      :      :      :        0.0:        0.0:        0.0:        0.0:        :        :
:G1      :           :      :      :      :        0.0:        0.0:        0.0:        0.0:        :        :
:INJ     :  1,  1    :      :  WRAT:      :        0.0:        0.0:        0.0:        0.0:     0.0:     0.0:
:--------:-----------:------:------:------:-----------:-----------:-----------:-----------:--------:--------:

============================================== CUMULATIVE PRODUCTION/INJECTION TOTALS ==============================================
:  WELL  : LOCATION  :  WELL  :CTRL:    OIL    :   WATER   :    GAS    :   Prod    :    OIL    :   WATER   :    GAS    :    INJ    :
:  NAME  :  (I,J,K)  :  TYPE  :MODE:   PROD    :   PROD    :   PROD    : RES.VOL.  :    INJ    :    INJ    :    INJ    : RES.VOL.  :
:        :           :        :    :   MSCM    :   MSCM    :   MMSCM   :   MRCM    :   MSCM    :   MSCM    :   MMSCM   :   MRCM    :
====================================================================================================================================
:FIELD   :           :        :    :      553.6:      145.0:        0.0:      763.0:        0.0:      730.0:        0.0:      758.2:
:G1      :           :        :    :      553.6:      145.0:        0.0:      763.0:        0.0:      730.0:        0.0:      758.2:
:PROD    : 10, 10    :    PROD: BHP:      553.6:      145.0:        0.0:      763.0:        0.0:        0.0:        0.0:        0.0:
:INJ     :  1,  1    :     INJ:WRAT:        0.0:        0.0:        0.0:        0.0:        0.0:      730.0:        0.0:      758.2:
:--------:-----------:--------:----:-----------:-----------:-----------:-----------:-----------:-----------:-----------:-----------:


Report step 15/96 at day 455/2920, date = 31-Mar-2016

Starting time step 0, stepsize 0.522051 days, at day 455/485, date = 31-Mar-2016
Restart file written for report step 15/96, date = 31-Mar-2016 00:00:00
 Newton its= 1, linearizations= 2 (0.0sec), linear its=  0 (0.0sec)

Starting time step 1, stepsize 1.56615 days, at day 455.522/485, date = 31-Mar-2016
 Newton its= 4, linearizations= 5 (0.0sec), linear its=  0 (0.0sec)

Starting time step 2, stepsize 4.07199 days, at day 457.088/485, date = 02-Apr-2016
 Newton its= 1, linearizations= 2 (0.0sec), linear its=  0 (0.0sec)

Starting time step 3, stepsize 12.216 days, at day 461.16/485, date = 06-Apr-2016
 Newton its= 1, linearizations= 2 (0.0sec), linear its=  1 (0.0sec)

Starting time step 4, stepsize 11.6238 days, at day 473.376/485, date = 18-Apr-2016

Warning: Keyword 'WELLS' is unhandled for output to restart file.
 Newton its= 1, linearizations= 2 (0.0sec), linear its=  1 (0.0sec)

                              **************************************************************************
  WELLS    AT       485  DAYS *                 SPE1 - CASE 2                                          *
  REPORT   16    30 Apr 2016  *                                             Flow  version 2025.10-pre  *
                              **************************************************************************


======================================================= PRODUCTION REPORT =======================================================
:  WELL  : LOCATION  :CTRL:    OIL    :   WATER   :    GAS    :   FLUID   :   WATER   : GAS/OIL  :  WAT/GAS   : BHP OR : THP OR :
:  NAME  :  (I,J,K)  :MODE:   RATE    :   RATE    :   RATE    : RES.VOL.  :    CUT    :  RATIO   :   RATIO    :CON.PR. :BLK.PR. :
:        :           :    :  SCM/DAY  :  SCM/DAY  :  RCM/DAY  :  SCM/SCM  :  SCM/SCM  : SCM/SCM  :  SCM/SCM   : BARSA  : BARSA  :
=================================================================================================================================
:FIELD   :           :    :        2.7:        0.7:       -0.0:        3.7:      0.208:     -0.00:      0.0000:        :        :
:G1      :           :    :        2.7:        0.7:       -0.0:        3.7:      0.208:     -0.00:      0.0000:        :        :
:PROD    : 10, 10    : BHP:        2.7:        0.7:       -0.0:        3.7:      0.208:     -0.00:      0.0000:   245.0:     0.0:
:--------:-----------:----:-----------:-----------:-----------:-----------:-----------:----------:------------:--------:--------:

============================================= INJECTION REPORT ==============================================
:  WELL  : LOCATION  : CTRL : CTRL : CTRL :    OIL    :   WATER   :    GAS    :   FLUID   : BHP OR : THP OR :
:  NAME  :  (I,J,K)  : MODE : MODE : MODE :   RATE    :   RATE    :   RATE    : RES.VOL.  :CON.PR. :BLK.PR. :
:        :           : OIL  : WAT  : GAS  :  SCM/DAY  :  SCM/DAY  :  SCM/DAY  :  RCM/DAY  : BARSA  : BARSA  :
=============================================================================================================
:FIELD   :           :      :      :      :        0.0:        0.0:        0.0:        0.0:        :        :
:G1      :           :      :      :      :        0.0:        0.0:        0.0:        0.0:        :        :
:INJ     :  1,  1    :      :  WRAT:      :        0.0:        0.0:        0.0:        0.0:     0.0:     0.0:
:--------:-----------:------:------:------:-----------:-----------:-----------:-----------:--------:--------:

============================================== CUMULATIVE PRODUCTION/INJECTION TOTALS ==============================================
:  WELL  : LOCATION  :  WELL  :CTRL:    OIL    :   WATER   :    GAS    :   Prod    :    OIL    :   WATER   :    GAS    :    INJ    :
:  NAME  :  (I,J,K)  :  TYPE  :MODE:   PROD    :   PROD    :   PROD    : RES.VOL.  :    INJ    :    INJ    :    INJ    : RES.VOL.  :
:        :           :        :    :   MSCM    :   MSCM    :   MMSCM   :   MRCM    :   MSCM    :   MSCM    :   MMSCM   :   MRCM    :
====================================================================================================================================
:FIELD   :           :        :    :      553.8:      145.0:        0.0:      763.2:        0.0:      730.0:        0.0:      758.2:
:G1      :           :        :    :      553.8:      145.0:        0.0:      763.2:        0.0:      730.0:        0.0:      758.2:
:PROD    : 10, 10    :    PROD: BHP:      553.8:      145.0:        0.0:      763.2:        0.0:        0.0:        0.0:        0.0:
:INJ     :  1,  1    :     INJ:WRAT:        0.0:        0.0:        0.0:        0.0:        0.0:      730.0:        0.0:      758.2:
:--------:-----------:--------:----:-----------:-----------:-----------:-----------:-----------:-----------:-----------:-----------:


Report step 16/96 at day 485/2920, date = 30-Apr-2016

Starting time step 0, stepsize 31 days, at day 485/516, date = 30-Apr-2016
Restart file written for report step 16/96, date = 30-Apr-2016 00:00:00
    Oscillating behavior detected: Relaxation set to 0.900000
    Oscillating behavior detected: Relaxation set to 0.800000
    Oscillating behavior detected: Relaxation set to 0.700000
    Oscillating behavior detected: Relaxation set to 0.600000
    Oscillating behavior detected: Relaxation set to 0.500000
    Oscillating behavior detected: Relaxation set to 0.500000

Problem: Solver convergence failure - Iteration limit reached
Timestep chopped to 10.23 days


Starting time step 0, stepsize 10.23 days, at day 485/516, date = 30-Apr-2016
 Newton its= 2, linearizations= 3 (0.0sec), linear its=  1 (0.0sec)

Starting time step 1, stepsize 20.77 days, at day 495.23/516, date = 10-May-2016

Warning: Keyword 'WELLS' is unhandled for output to restart file.
 Newton its=20, linearizations=21 (0.0sec), linear its=  1 (0.0sec)

                              **************************************************************************
  WELLS    AT       516  DAYS *                 SPE1 - CASE 2                                          *
  REPORT   17    31 May 2016  *                                             Flow  version 2025.10-pre  *
                              **************************************************************************


======================================================= PRODUCTION REPORT =======================================================
:  WELL  : LOCATION  :CTRL:    OIL    :   WATER   :    GAS    :   FLUID   :   WATER   : GAS/OIL  :  WAT/GAS   : BHP OR : THP OR :
:  NAME  :  (I,J,K)  :MODE:   RATE    :   RATE    :   RATE    : RES.VOL.  :    CUT    :  RATIO   :   RATIO    :CON.PR. :BLK.PR. :
:        :           :    :  SCM/DAY  :  SCM/DAY  :  RCM/DAY  :  SCM/SCM  :  SCM/SCM  : SCM/SCM  :  SCM/SCM   : BARSA  : BARSA  :
=================================================================================================================================
:FIELD   :           :    :        0.6:        0.2:       -0.0:        0.9:      0.208:     -0.00:      0.0000:        :        :
:G1      :           :    :        0.6:        0.2:       -0.0:        0.9:      0.208:     -0.00:      0.0000:        :        :
:PROD    : 10, 10    : BHP:        0.6:        0.2:       -0.0:        0.9:      0.208:     -0.00:      0.0000:   245.0:     0.0:
:--------:-----------:----:-----------:-----------:-----------:-----------:-----------:----------:------------:--------:--------:

============================================= INJECTION REPORT ==============================================
:  WELL  : LOCATION  : CTRL : CTRL : CTRL :    OIL    :   WATER   :    GAS    :   FLUID   : BHP OR : THP OR :
:  NAME  :  (I,J,K)  : MODE : MODE : MODE :   RATE    :   RATE    :   RATE    : RES.VOL.  :CON.PR. :BLK.PR. :
:        :           : OIL  : WAT  : GAS  :  SCM/DAY  :  SCM/DAY  :  SCM/DAY  :  RCM/DAY  : BARSA  : BARSA  :
=============================================================================================================
:FIELD   :           :      :      :      :        0.0:        0.0:        0.0:        0.0:        :        :
:G1      :           :      :      :      :        0.0:        0.0:        0.0:        0.0:        :        :
:INJ     :  1,  1    :      :  WRAT:      :        0.0:        0.0:        0.0:        0.0:     0.0:     0.0:
:--------:-----------:------:------:------:-----------:-----------:-----------:-----------:--------:--------:

============================================== CUMULATIVE PRODUCTION/INJECTION TOTALS ==============================================
:  WELL  : LOCATION  :  WELL  :CTRL:    OIL    :   WATER   :    GAS    :   Prod    :    OIL    :   WATER   :    GAS    :    INJ    :
:  NAME  :  (I,J,K)  :  TYPE  :MODE:   PROD    :   PROD    :   PROD    : RES.VOL.  :    INJ    :    INJ    :    INJ    : RES.VOL.  :
:        :           :        :    :   MSCM    :   MSCM    :   MMSCM   :   MRCM    :   MSCM    :   MSCM    :   MMSCM   :   MRCM    :
====================================================================================================================================
:FIELD   :           :        :    :      553.8:      145.1:        0.0:      763.2:        0.0:      730.0:        0.0:      758.2:
:G1      :           :        :    :      553.8:      145.1:        0.0:      763.2:        0.0:      730.0:        0.0:      758.2:
:PROD    : 10, 10    :    PROD: BHP:      553.8:      145.1:        0.0:      763.2:        0.0:        0.0:        0.0:        0.0:
:INJ     :  1,  1    :     INJ:WRAT:        0.0:        0.0:        0.0:        0.0:        0.0:      730.0:        0.0:      758.2:
:--------:-----------:--------:----:-----------:-----------:-----------:-----------:-----------:-----------:-----------:-----------:


Report step 17/96 at day 516/2920, date = 31-May-2016

Starting time step 0, stepsize 8.308 days, at day 516/546, date = 31-May-2016
 Newton its= 1, linearizations= 2 (0.0sec), linear its=  0 (0.0sec)
Restart file written for report step 17/96, date = 31-May-2016 00:00:00

Starting time step 1, stepsize 21.692 days, at day 524.308/546, date = 08-Jun-2016

Warning: Keyword 'WELLS' is unhandled for output to restart file.
 Newton its= 3, linearizations= 4 (0.0sec), linear its=  2 (0.0sec)

                              **************************************************************************
  WELLS    AT       546  DAYS *                 SPE1 - CASE 2                                          *
  REPORT   18    30 Jun 2016  *                                             Flow  version 2025.10-pre  *
                              **************************************************************************


======================================================= PRODUCTION REPORT =======================================================
:  WELL  : LOCATION  :CTRL:    OIL    :   WATER   :    GAS    :   FLUID   :   WATER   : GAS/OIL  :  WAT/GAS   : BHP OR : THP OR :
:  NAME  :  (I,J,K)  :MODE:   RATE    :   RATE    :   RATE    : RES.VOL.  :    CUT    :  RATIO   :   RATIO    :CON.PR. :BLK.PR. :
:        :           :    :  SCM/DAY  :  SCM/DAY  :  RCM/DAY  :  SCM/SCM  :  SCM/SCM  : SCM/SCM  :  SCM/SCM   : BARSA  : BARSA  :
=================================================================================================================================
:FIELD   :           :    :        0.2:        0.0:       -0.0:        0.2:      0.208:     -0.00:      0.0000:        :        :
:G1      :           :    :        0.2:        0.0:       -0.0:        0.2:      0.208:     -0.00:      0.0000:        :        :
:PROD    : 10, 10    : BHP:        0.2:        0.0:       -0.0:        0.2:      0.208:     -0.00:      0.0000:   245.0:     0.0:
:--------:-----------:----:-----------:-----------:-----------:-----------:-----------:----------:------------:--------:--------:

============================================= INJECTION REPORT ==============================================
:  WELL  : LOCATION  : CTRL : CTRL : CTRL :    OIL    :   WATER   :    GAS    :   FLUID   : BHP OR : THP OR :
:  NAME  :  (I,J,K)  : MODE : MODE : MODE :   RATE    :   RATE    :   RATE    : RES.VOL.  :CON.PR. :BLK.PR. :
:        :           : OIL  : WAT  : GAS  :  SCM/DAY  :  SCM/DAY  :  SCM/DAY  :  RCM/DAY  : BARSA  : BARSA  :
=============================================================================================================
:FIELD   :           :      :      :      :        0.0:        0.0:        0.0:        0.0:        :        :
:G1      :           :      :      :      :        0.0:        0.0:        0.0:        0.0:        :        :
:INJ     :  1,  1    :      :  WRAT:      :        0.0:        0.0:        0.0:        0.0:     0.0:     0.0:
:--------:-----------:------:------:------:-----------:-----------:-----------:-----------:--------:--------:

============================================== CUMULATIVE PRODUCTION/INJECTION TOTALS ==============================================
:  WELL  : LOCATION  :  WELL  :CTRL:    OIL    :   WATER   :    GAS    :   Prod    :    OIL    :   WATER   :    GAS    :    INJ    :
:  NAME  :  (I,J,K)  :  TYPE  :MODE:   PROD    :   PROD    :   PROD    : RES.VOL.  :    INJ    :    INJ    :    INJ    : RES.VOL.  :
:        :           :        :    :   MSCM    :   MSCM    :   MMSCM   :   MRCM    :   MSCM    :   MSCM    :   MMSCM   :   MRCM    :
====================================================================================================================================
:FIELD   :           :        :    :      553.8:      145.1:        0.0:      763.2:        0.0:      730.0:        0.0:      758.2:
:G1      :           :        :    :      553.8:      145.1:        0.0:      763.2:        0.0:      730.0:        0.0:      758.2:
:PROD    : 10, 10    :    PROD: BHP:      553.8:      145.1:        0.0:      763.2:        0.0:        0.0:        0.0:        0.0:
:INJ     :  1,  1    :     INJ:WRAT:        0.0:        0.0:        0.0:        0.0:        0.0:      730.0:        0.0:      758.2:
:--------:-----------:--------:----:-----------:-----------:-----------:-----------:-----------:-----------:-----------:-----------:


Report step 18/96 at day 546/2920, date = 30-Jun-2016

Starting time step 0, stepsize 31 days, at day 546/577, date = 30-Jun-2016
Restart file written for report step 18/96, date = 30-Jun-2016 00:00:00

Warning: Keyword 'WELLS' is unhandled for output to restart file.
 Newton its= 8, linearizations= 9 (0.0sec), linear its=  2 (0.0sec)

                              **************************************************************************
  WELLS    AT       577  DAYS *                 SPE1 - CASE 2                                          *
  REPORT   19    31 Jul 2016  *                                             Flow  version 2025.10-pre  *
                              **************************************************************************


======================================================= PRODUCTION REPORT =======================================================
:  WELL  : LOCATION  :CTRL:    OIL    :   WATER   :    GAS    :   FLUID   :   WATER   : GAS/OIL  :  WAT/GAS   : BHP OR : THP OR :
:  NAME  :  (I,J,K)  :MODE:   RATE    :   RATE    :   RATE    : RES.VOL.  :    CUT    :  RATIO   :   RATIO    :CON.PR. :BLK.PR. :
:        :           :    :  SCM/DAY  :  SCM/DAY  :  RCM/DAY  :  SCM/SCM  :  SCM/SCM  : SCM/SCM  :  SCM/SCM   : BARSA  : BARSA  :
=================================================================================================================================
:FIELD   :           :    :        0.1:        0.0:       -0.0:        0.1:      0.208:     -0.00:      0.0000:        :        :
:G1      :           :    :        0.1:        0.0:       -0.0:        0.1:      0.208:     -0.00:      0.0000:        :        :
:PROD    : 10, 10    : BHP:        0.1:        0.0:       -0.0:        0.1:      0.208:     -0.00:      0.0000:   245.0:     0.0:
:--------:-----------:----:-----------:-----------:-----------:-----------:-----------:----------:------------:--------:--------:

============================================= INJECTION REPORT ==============================================
:  WELL  : LOCATION  : CTRL : CTRL : CTRL :    OIL    :   WATER   :    GAS    :   FLUID   : BHP OR : THP OR :
:  NAME  :  (I,J,K)  : MODE : MODE : MODE :   RATE    :   RATE    :   RATE    : RES.VOL.  :CON.PR. :BLK.PR. :
:        :           : OIL  : WAT  : GAS  :  SCM/DAY  :  SCM/DAY  :  SCM/DAY  :  RCM/DAY  : BARSA  : BARSA  :
=============================================================================================================
:FIELD   :           :      :      :      :        0.0:        0.0:        0.0:        0.0:        :        :
:G1      :           :      :      :      :        0.0:        0.0:        0.0:        0.0:        :        :
:INJ     :  1,  1    :      :  WRAT:      :        0.0:        0.0:        0.0:        0.0:     0.0:     0.0:
:--------:-----------:------:------:------:-----------:-----------:-----------:-----------:--------:--------:

============================================== CUMULATIVE PRODUCTION/INJECTION TOTALS ==============================================
:  WELL  : LOCATION  :  WELL  :CTRL:    OIL    :   WATER   :    GAS    :   Prod    :    OIL    :   WATER   :    GAS    :    INJ    :
:  NAME  :  (I,J,K)  :  TYPE  :MODE:   PROD    :   PROD    :   PROD    : RES.VOL.  :    INJ    :    INJ    :    INJ    : RES.VOL.  :
:        :           :        :    :   MSCM    :   MSCM    :   MMSCM   :   MRCM    :   MSCM    :   MSCM    :   MMSCM   :   MRCM    :
====================================================================================================================================
:FIELD   :           :        :    :      553.8:      145.1:        0.0:      763.2:        0.0:      730.0:        0.0:      758.2:
:G1      :           :        :    :      553.8:      145.1:        0.0:      763.2:        0.0:      730.0:        0.0:      758.2:
:PROD    : 10, 10    :    PROD: BHP:      553.8:      145.1:        0.0:      763.2:        0.0:        0.0:        0.0:        0.0:
:INJ     :  1,  1    :     INJ:WRAT:        0.0:        0.0:        0.0:        0.0:        0.0:      730.0:        0.0:      758.2:
:--------:-----------:--------:----:-----------:-----------:-----------:-----------:-----------:-----------:-----------:-----------:


Report step 19/96 at day 577/2920, date = 31-Jul-2016

Starting time step 0, stepsize 31 days, at day 577/608, date = 31-Jul-2016
Restart file written for report step 19/96, date = 31-Jul-2016 00:00:00

Warning: Keyword 'WELLS' is unhandled for output to restart file.
 Newton its= 2, linearizations= 3 (0.0sec), linear its=  1 (0.0sec)

                              **************************************************************************
  WELLS    AT       608  DAYS *                 SPE1 - CASE 2                                          *
  REPORT   20    31 Aug 2016  *                                             Flow  version 2025.10-pre  *
                              **************************************************************************


======================================================= PRODUCTION REPORT =======================================================
:  WELL  : LOCATION  :CTRL:    OIL    :   WATER   :    GAS    :   FLUID   :   WATER   : GAS/OIL  :  WAT/GAS   : BHP OR : THP OR :
:  NAME  :  (I,J,K)  :MODE:   RATE    :   RATE    :   RATE    : RES.VOL.  :    CUT    :  RATIO   :   RATIO    :CON.PR. :BLK.PR. :
:        :           :    :  SCM/DAY  :  SCM/DAY  :  RCM/DAY  :  SCM/SCM  :  SCM/SCM  : SCM/SCM  :  SCM/SCM   : BARSA  : BARSA  :
=================================================================================================================================
:FIELD   :           :    :        0.0:        0.0:       -0.0:        0.0:      0.208:     -0.00:      0.0000:        :        :
:G1      :           :    :        0.0:        0.0:       -0.0:        0.0:      0.208:     -0.00:      0.0000:        :        :
:PROD    : 10, 10    : BHP:        0.0:        0.0:       -0.0:        0.0:      0.208:     -0.00:      0.0000:   245.0:     0.0:
:--------:-----------:----:-----------:-----------:-----------:-----------:-----------:----------:------------:--------:--------:

============================================= INJECTION REPORT ==============================================
:  WELL  : LOCATION  : CTRL : CTRL : CTRL :    OIL    :   WATER   :    GAS    :   FLUID   : BHP OR : THP OR :
:  NAME  :  (I,J,K)  : MODE : MODE : MODE :   RATE    :   RATE    :   RATE    : RES.VOL.  :CON.PR. :BLK.PR. :
:        :           : OIL  : WAT  : GAS  :  SCM/DAY  :  SCM/DAY  :  SCM/DAY  :  RCM/DAY  : BARSA  : BARSA  :
=============================================================================================================
:FIELD   :           :      :      :      :        0.0:        0.0:        0.0:        0.0:        :        :
:G1      :           :      :      :      :        0.0:        0.0:        0.0:        0.0:        :        :
:INJ     :  1,  1    :      :  WRAT:      :        0.0:        0.0:        0.0:        0.0:     0.0:     0.0:
:--------:-----------:------:------:------:-----------:-----------:-----------:-----------:--------:--------:

============================================== CUMULATIVE PRODUCTION/INJECTION TOTALS ==============================================
:  WELL  : LOCATION  :  WELL  :CTRL:    OIL    :   WATER   :    GAS    :   Prod    :    OIL    :   WATER   :    GAS    :    INJ    :
:  NAME  :  (I,J,K)  :  TYPE  :MODE:   PROD    :   PROD    :   PROD    : RES.VOL.  :    INJ    :    INJ    :    INJ    : RES.VOL.  :
:        :           :        :    :   MSCM    :   MSCM    :   MMSCM   :   MRCM    :   MSCM    :   MSCM    :   MMSCM   :   MRCM    :
====================================================================================================================================
:FIELD   :           :        :    :      553.8:      145.1:        0.0:      763.2:        0.0:      730.0:        0.0:      758.2:
:G1      :           :        :    :      553.8:      145.1:        0.0:      763.2:        0.0:      730.0:        0.0:      758.2:
:PROD    : 10, 10    :    PROD: BHP:      553.8:      145.1:        0.0:      763.2:        0.0:        0.0:        0.0:        0.0:
:INJ     :  1,  1    :     INJ:WRAT:        0.0:        0.0:        0.0:        0.0:        0.0:      730.0:        0.0:      758.2:
:--------:-----------:--------:----:-----------:-----------:-----------:-----------:-----------:-----------:-----------:-----------:


Report step 20/96 at day 608/2920, date = 31-Aug-2016

Starting time step 0, stepsize 30 days, at day 608/638, date = 31-Aug-2016

Warning: Keyword 'WELLS' is unhandled for output to restart file.
 Newton its= 1, linearizations= 2 (0.0sec), linear its=  1 (0.0sec)
Restart file written for report step 20/96, date = 31-Aug-2016 00:00:00

                              **************************************************************************
  WELLS    AT       638  DAYS *                 SPE1 - CASE 2                                          *
  REPORT   21    30 Sep 2016  *                                             Flow  version 2025.10-pre  *
                              **************************************************************************


======================================================= PRODUCTION REPORT =======================================================
:  WELL  : LOCATION  :CTRL:    OIL    :   WATER   :    GAS    :   FLUID   :   WATER   : GAS/OIL  :  WAT/GAS   : BHP OR : THP OR :
:  NAME  :  (I,J,K)  :MODE:   RATE    :   RATE    :   RATE    : RES.VOL.  :    CUT    :  RATIO   :   RATIO    :CON.PR. :BLK.PR. :
:        :           :    :  SCM/DAY  :  SCM/DAY  :  RCM/DAY  :  SCM/SCM  :  SCM/SCM  : SCM/SCM  :  SCM/SCM   : BARSA  : BARSA  :
=================================================================================================================================
:FIELD   :           :    :        0.0:        0.0:       -0.0:        0.0:      0.208:     -0.00:      0.0000:        :        :
:G1      :           :    :        0.0:        0.0:       -0.0:        0.0:      0.208:     -0.00:      0.0000:        :        :
:PROD    : 10, 10    : BHP:        0.0:        0.0:       -0.0:        0.0:      0.208:     -0.00:      0.0000:   245.0:     0.0:
:--------:-----------:----:-----------:-----------:-----------:-----------:-----------:----------:------------:--------:--------:

============================================= INJECTION REPORT ==============================================
:  WELL  : LOCATION  : CTRL : CTRL : CTRL :    OIL    :   WATER   :    GAS    :   FLUID   : BHP OR : THP OR :
:  NAME  :  (I,J,K)  : MODE : MODE : MODE :   RATE    :   RATE    :   RATE    : RES.VOL.  :CON.PR. :BLK.PR. :
:        :           : OIL  : WAT  : GAS  :  SCM/DAY  :  SCM/DAY  :  SCM/DAY  :  RCM/DAY  : BARSA  : BARSA  :
=============================================================================================================
:FIELD   :           :      :      :      :        0.0:        0.0:        0.0:        0.0:        :        :
:G1      :           :      :      :      :        0.0:        0.0:        0.0:        0.0:        :        :
:INJ     :  1,  1    :      :  WRAT:      :        0.0:        0.0:        0.0:        0.0:     0.0:     0.0:
:--------:-----------:------:------:------:-----------:-----------:-----------:-----------:--------:--------:

============================================== CUMULATIVE PRODUCTION/INJECTION TOTALS ==============================================
:  WELL  : LOCATION  :  WELL  :CTRL:    OIL    :   WATER   :    GAS    :   Prod    :    OIL    :   WATER   :    GAS    :    INJ    :
:  NAME  :  (I,J,K)  :  TYPE  :MODE:   PROD    :   PROD    :   PROD    : RES.VOL.  :    INJ    :    INJ    :    INJ    : RES.VOL.  :
:        :           :        :    :   MSCM    :   MSCM    :   MMSCM   :   MRCM    :   MSCM    :   MSCM    :   MMSCM   :   MRCM    :
====================================================================================================================================
:FIELD   :           :        :    :      553.8:      145.1:        0.0:      763.2:        0.0:      730.0:        0.0:      758.2:
:G1      :           :        :    :      553.8:      145.1:        0.0:      763.2:        0.0:      730.0:        0.0:      758.2:
:PROD    : 10, 10    :    PROD: BHP:      553.8:      145.1:        0.0:      763.2:        0.0:        0.0:        0.0:        0.0:
:INJ     :  1,  1    :     INJ:WRAT:        0.0:        0.0:        0.0:        0.0:        0.0:      730.0:        0.0:      758.2:
:--------:-----------:--------:----:-----------:-----------:-----------:-----------:-----------:-----------:-----------:-----------:


Report step 21/96 at day 638/2920, date = 30-Sep-2016

Starting time step 0, stepsize 31 days, at day 638/669, date = 30-Sep-2016

Warning: Keyword 'WELLS' is unhandled for output to restart file.
 Newton its= 1, linearizations= 2 (0.0sec), linear its=  1 (0.0sec)
Restart file written for report step 21/96, date = 30-Sep-2016 00:00:00

                              **************************************************************************
  WELLS    AT       669  DAYS *                 SPE1 - CASE 2                                          *
  REPORT   22    31 Oct 2016  *                                             Flow  version 2025.10-pre  *
                              **************************************************************************


======================================================= PRODUCTION REPORT =======================================================
:  WELL  : LOCATION  :CTRL:    OIL    :   WATER   :    GAS    :   FLUID   :   WATER   : GAS/OIL  :  WAT/GAS   : BHP OR : THP OR :
:  NAME  :  (I,J,K)  :MODE:   RATE    :   RATE    :   RATE    : RES.VOL.  :    CUT    :  RATIO   :   RATIO    :CON.PR. :BLK.PR. :
:        :           :    :  SCM/DAY  :  SCM/DAY  :  RCM/DAY  :  SCM/SCM  :  SCM/SCM  : SCM/SCM  :  SCM/SCM   : BARSA  : BARSA  :
=================================================================================================================================
:FIELD   :           :    :        0.0:        0.0:       -0.0:        0.0:      0.208:     -0.00:      0.0000:        :        :
:G1      :           :    :        0.0:        0.0:       -0.0:        0.0:      0.208:     -0.00:      0.0000:        :        :
:PROD    : 10, 10    : BHP:        0.0:        0.0:       -0.0:        0.0:      0.208:     -0.00:      0.0000:   245.0:     0.0:
:--------:-----------:----:-----------:-----------:-----------:-----------:-----------:----------:------------:--------:--------:

============================================= INJECTION REPORT ==============================================
:  WELL  : LOCATION  : CTRL : CTRL : CTRL :    OIL    :   WATER   :    GAS    :   FLUID   : BHP OR : THP OR :
:  NAME  :  (I,J,K)  : MODE : MODE : MODE :   RATE    :   RATE    :   RATE    : RES.VOL.  :CON.PR. :BLK.PR. :
:        :           : OIL  : WAT  : GAS  :  SCM/DAY  :  SCM/DAY  :  SCM/DAY  :  RCM/DAY  : BARSA  : BARSA  :
=============================================================================================================
:FIELD   :           :      :      :      :        0.0:        0.0:        0.0:        0.0:        :        :
:G1      :           :      :      :      :        0.0:        0.0:        0.0:        0.0:        :        :
:INJ     :  1,  1    :      :  WRAT:      :        0.0:        0.0:        0.0:        0.0:     0.0:     0.0:
:--------:-----------:------:------:------:-----------:-----------:-----------:-----------:--------:--------:

============================================== CUMULATIVE PRODUCTION/INJECTION TOTALS ==============================================
:  WELL  : LOCATION  :  WELL  :CTRL:    OIL    :   WATER   :    GAS    :   Prod    :    OIL    :   WATER   :    GAS    :    INJ    :
:  NAME  :  (I,J,K)  :  TYPE  :MODE:   PROD    :   PROD    :   PROD    : RES.VOL.  :    INJ    :    INJ    :    INJ    : RES.VOL.  :
:        :           :        :    :   MSCM    :   MSCM    :   MMSCM   :   MRCM    :   MSCM    :   MSCM    :   MMSCM   :   MRCM    :
====================================================================================================================================
:FIELD   :           :        :    :      553.8:      145.1:        0.0:      763.2:        0.0:      730.0:        0.0:      758.2:
:G1      :           :        :    :      553.8:      145.1:        0.0:      763.2:        0.0:      730.0:        0.0:      758.2:
:PROD    : 10, 10    :    PROD: BHP:      553.8:      145.1:        0.0:      763.2:        0.0:        0.0:        0.0:        0.0:
:INJ     :  1,  1    :     INJ:WRAT:        0.0:        0.0:        0.0:        0.0:        0.0:      730.0:        0.0:      758.2:
:--------:-----------:--------:----:-----------:-----------:-----------:-----------:-----------:-----------:-----------:-----------:


Report step 22/96 at day 669/2920, date = 31-Oct-2016

Starting time step 0, stepsize 30 days, at day 669/699, date = 31-Oct-2016
Restart file written for report step 22/96, date = 31-Oct-2016 00:00:00
Well PROD will be shut as it can not operate under current reservoir conditions.

Warning: Keyword 'WELLS' is unhandled for output to restart file.
 Newton its= 2, linearizations= 3 (0.0sec), linear its=  1 (0.0sec)

                              **************************************************************************
  WELLS    AT       699  DAYS *                 SPE1 - CASE 2                                          *
  REPORT   23    30 Nov 2016  *                                             Flow  version 2025.10-pre  *
                              **************************************************************************


======================================================= PRODUCTION REPORT =======================================================
:  WELL  : LOCATION  :CTRL:    OIL    :   WATER   :    GAS    :   FLUID   :   WATER   : GAS/OIL  :  WAT/GAS   : BHP OR : THP OR :
:  NAME  :  (I,J,K)  :MODE:   RATE    :   RATE    :   RATE    : RES.VOL.  :    CUT    :  RATIO   :   RATIO    :CON.PR. :BLK.PR. :
:        :           :    :  SCM/DAY  :  SCM/DAY  :  RCM/DAY  :  SCM/SCM  :  SCM/SCM  : SCM/SCM  :  SCM/SCM   : BARSA  : BARSA  :
=================================================================================================================================
:FIELD   :           :    :       -0.0:       -0.0:       -0.0:       -0.0:      0.000:      0.00:      0.0000:        :        :
:G1      :           :    :       -0.0:       -0.0:       -0.0:       -0.0:      0.000:      0.00:      0.0000:        :        :
:PROD    : 10, 10    : BHP:       -0.0:       -0.0:       -0.0:       -0.0:      0.000:      0.00:      0.0000:   245.0:     0.0:
:--------:-----------:----:-----------:-----------:-----------:-----------:-----------:----------:------------:--------:--------:

============================================= INJECTION REPORT ==============================================
:  WELL  : LOCATION  : CTRL : CTRL : CTRL :    OIL    :   WATER   :    GAS    :   FLUID   : BHP OR : THP OR :
:  NAME  :  (I,J,K)  : MODE : MODE : MODE :   RATE    :   RATE    :   RATE    : RES.VOL.  :CON.PR. :BLK.PR. :
:        :           : OIL  : WAT  : GAS  :  SCM/DAY  :  SCM/DAY  :  SCM/DAY  :  RCM/DAY  : BARSA  : BARSA  :
=============================================================================================================
:FIELD   :           :      :      :      :        0.0:        0.0:        0.0:        0.0:        :        :
:G1      :           :      :      :      :        0.0:        0.0:        0.0:        0.0:        :        :
:INJ     :  1,  1    :      :  WRAT:      :        0.0:        0.0:        0.0:        0.0:     0.0:     0.0:
:--------:-----------:------:------:------:-----------:-----------:-----------:-----------:--------:--------:

============================================== CUMULATIVE PRODUCTION/INJECTION TOTALS ==============================================
:  WELL  : LOCATION  :  WELL  :CTRL:    OIL    :   WATER   :    GAS    :   Prod    :    OIL    :   WATER   :    GAS    :    INJ    :
:  NAME  :  (I,J,K)  :  TYPE  :MODE:   PROD    :   PROD    :   PROD    : RES.VOL.  :    INJ    :    INJ    :    INJ    : RES.VOL.  :
:        :           :        :    :   MSCM    :   MSCM    :   MMSCM   :   MRCM    :   MSCM    :   MSCM    :   MMSCM   :   MRCM    :
====================================================================================================================================
:FIELD   :           :        :    :      553.8:      145.1:        0.0:      763.2:        0.0:      730.0:        0.0:      758.2:
:G1      :           :        :    :      553.8:      145.1:        0.0:      763.2:        0.0:      730.0:        0.0:      758.2:
:PROD    : 10, 10    :    PROD: BHP:      553.8:      145.1:        0.0:      763.2:        0.0:        0.0:        0.0:        0.0:
:INJ     :  1,  1    :     INJ:WRAT:        0.0:        0.0:        0.0:        0.0:        0.0:      730.0:        0.0:      758.2:
:--------:-----------:--------:----:-----------:-----------:-----------:-----------:-----------:-----------:-----------:-----------:


Report step 23/96 at day 699/2920, date = 30-Nov-2016

Starting time step 0, stepsize 31 days, at day 699/730, date = 30-Nov-2016

Warning: Keyword 'WELLS' is unhandled for output to restart file.
 Newton its= 1, linearizations= 2 (0.0sec), linear its=  1 (0.0sec)
Restart file written for report step 23/96, date = 30-Nov-2016 00:00:00

                              **************************************************************************
  WELLS    AT       730  DAYS *                 SPE1 - CASE 2                                          *
  REPORT   24    31 Dec 2016  *                                             Flow  version 2025.10-pre  *
                              **************************************************************************


======================================================= PRODUCTION REPORT =======================================================
:  WELL  : LOCATION  :CTRL:    OIL    :   WATER   :    GAS    :   FLUID   :   WATER   : GAS/OIL  :  WAT/GAS   : BHP OR : THP OR :
:  NAME  :  (I,J,K)  :MODE:   RATE    :   RATE    :   RATE    : RES.VOL.  :    CUT    :  RATIO   :   RATIO    :CON.PR. :BLK.PR. :
:        :           :    :  SCM/DAY  :  SCM/DAY  :  RCM/DAY  :  SCM/SCM  :  SCM/SCM  : SCM/SCM  :  SCM/SCM   : BARSA  : BARSA  :
=================================================================================================================================
:FIELD   :           :    :       -0.0:       -0.0:       -0.0:       -0.0:      0.000:      0.00:      0.0000:        :        :
:G1      :           :    :       -0.0:       -0.0:       -0.0:       -0.0:      0.000:      0.00:      0.0000:        :        :
:PROD    : 10, 10    : BHP:       -0.0:       -0.0:       -0.0:       -0.0:      0.000:      0.00:      0.0000:     0.0:     0.0:
:--------:-----------:----:-----------:-----------:-----------:-----------:-----------:----------:------------:--------:--------:

============================================= INJECTION REPORT ==============================================
:  WELL  : LOCATION  : CTRL : CTRL : CTRL :    OIL    :   WATER   :    GAS    :   FLUID   : BHP OR : THP OR :
:  NAME  :  (I,J,K)  : MODE : MODE : MODE :   RATE    :   RATE    :   RATE    : RES.VOL.  :CON.PR. :BLK.PR. :
:        :           : OIL  : WAT  : GAS  :  SCM/DAY  :  SCM/DAY  :  SCM/DAY  :  RCM/DAY  : BARSA  : BARSA  :
=============================================================================================================
:FIELD   :           :      :      :      :        0.0:        0.0:        0.0:        0.0:        :        :
:G1      :           :      :      :      :        0.0:        0.0:        0.0:        0.0:        :        :
:INJ     :  1,  1    :      :  WRAT:      :        0.0:        0.0:        0.0:        0.0:     0.0:     0.0:
:--------:-----------:------:------:------:-----------:-----------:-----------:-----------:--------:--------:

============================================== CUMULATIVE PRODUCTION/INJECTION TOTALS ==============================================
:  WELL  : LOCATION  :  WELL  :CTRL:    OIL    :   WATER   :    GAS    :   Prod    :    OIL    :   WATER   :    GAS    :    INJ    :
:  NAME  :  (I,J,K)  :  TYPE  :MODE:   PROD    :   PROD    :   PROD    : RES.VOL.  :    INJ    :    INJ    :    INJ    : RES.VOL.  :
:        :           :        :    :   MSCM    :   MSCM    :   MMSCM   :   MRCM    :   MSCM    :   MSCM    :   MMSCM   :   MRCM    :
====================================================================================================================================
:FIELD   :           :        :    :      553.8:      145.1:        0.0:      763.2:        0.0:      730.0:        0.0:      758.2:
:G1      :           :        :    :      553.8:      145.1:        0.0:      763.2:        0.0:      730.0:        0.0:      758.2:
:PROD    : 10, 10    :    PROD: BHP:      553.8:      145.1:        0.0:      763.2:        0.0:        0.0:        0.0:        0.0:
:INJ     :  1,  1    :     INJ:WRAT:        0.0:        0.0:        0.0:        0.0:        0.0:      730.0:        0.0:      758.2:
:--------:-----------:--------:----:-----------:-----------:-----------:-----------:-----------:-----------:-----------:-----------:


Report step 24/96 at day 730/2920, date = 31-Dec-2016

Starting time step 0, stepsize 31 days, at day 730/761, date = 31-Dec-2016
Restart file written for report step 24/96, date = 31-Dec-2016 00:00:00

Problem: Solver convergence failure - Iteration limit reached
Timestep chopped to 10.23 days


Starting time step 0, stepsize 10.23 days, at day 730/761, date = 31-Dec-2016
 Newton its=20, linearizations=21 (0.0sec), linear its= 10 (0.0sec)

Starting time step 1, stepsize 3.36779 days, at day 740.23/761, date = 10-Jan-2017
 Newton its= 1, linearizations= 2 (0.0sec), linear its=  0 (0.0sec)

Starting time step 2, stepsize 10.1034 days, at day 743.598/761, date = 13-Jan-2017
    Oscillating behavior detected: Relaxation set to 0.900000
    Oscillating behavior detected: Relaxation set to 0.800000
 Newton its= 7, linearizations= 8 (0.0sec), linear its= 14 (0.0sec)

Starting time step 3, stepsize 7.29885 days, at day 753.701/761, date = 23-Jan-2017

Warning: Keyword 'WELLS' is unhandled for output to restart file.
 Newton its= 5, linearizations= 6 (0.0sec), linear its=  3 (0.0sec)

                              **************************************************************************
  WELLS    AT       761  DAYS *                 SPE1 - CASE 2                                          *
  REPORT   25    31 Jan 2017  *                                             Flow  version 2025.10-pre  *
                              **************************************************************************


======================================================= PRODUCTION REPORT =======================================================
:  WELL  : LOCATION  :CTRL:    OIL    :   WATER   :    GAS    :   FLUID   :   WATER   : GAS/OIL  :  WAT/GAS   : BHP OR : THP OR :
:  NAME  :  (I,J,K)  :MODE:   RATE    :   RATE    :   RATE    : RES.VOL.  :    CUT    :  RATIO   :   RATIO    :CON.PR. :BLK.PR. :
:        :           :    :  SCM/DAY  :  SCM/DAY  :  RCM/DAY  :  SCM/SCM  :  SCM/SCM  : SCM/SCM  :  SCM/SCM   : BARSA  : BARSA  :
=================================================================================================================================
:FIELD   :           :    :     1229.8:      322.9:       -0.0:     1695.7:      0.208:     -0.00:      0.0000:        :        :
:G1      :           :    :     1229.8:      322.9:       -0.0:     1695.7:      0.208:     -0.00:      0.0000:        :        :
:PROD    : 10, 10    : BHP:     1229.8:      322.9:       -0.0:     1695.7:      0.208:     -0.00:      0.0000:   245.0:     0.0:
:--------:-----------:----:-----------:-----------:-----------:-----------:-----------:----------:------------:--------:--------:

============================================= INJECTION REPORT ==============================================
:  WELL  : LOCATION  : CTRL : CTRL : CTRL :    OIL    :   WATER   :    GAS    :   FLUID   : BHP OR : THP OR :
:  NAME  :  (I,J,K)  : MODE : MODE : MODE :   RATE    :   RATE    :   RATE    : RES.VOL.  :CON.PR. :BLK.PR. :
:        :           : OIL  : WAT  : GAS  :  SCM/DAY  :  SCM/DAY  :  SCM/DAY  :  RCM/DAY  : BARSA  : BARSA  :
=============================================================================================================
:FIELD   :           :      :      :      :        0.0:     2000.0:        0.0:     2077.6:        :        :
:G1      :           :      :      :      :        0.0:     2000.0:        0.0:     2077.6:        :        :
:INJ     :  1,  1    :      :  WRAT:      :        0.0:     2000.0:        0.0:     2077.6:   273.3:     0.0:
:--------:-----------:------:------:------:-----------:-----------:-----------:-----------:--------:--------:

============================================== CUMULATIVE PRODUCTION/INJECTION TOTALS ==============================================
:  WELL  : LOCATION  :  WELL  :CTRL:    OIL    :   WATER   :    GAS    :   Prod    :    OIL    :   WATER   :    GAS    :    INJ    :
:  NAME  :  (I,J,K)  :  TYPE  :MODE:   PROD    :   PROD    :   PROD    : RES.VOL.  :    INJ    :    INJ    :    INJ    : RES.VOL.  :
:        :           :        :    :   MSCM    :   MSCM    :   MMSCM   :   MRCM    :   MSCM    :   MSCM    :   MMSCM   :   MRCM    :
====================================================================================================================================
:FIELD   :           :        :    :      582.5:      152.6:        0.0:      802.8:        0.0:      792.0:        0.0:      822.6:
:G1      :           :        :    :      582.5:      152.6:        0.0:      802.8:        0.0:      792.0:        0.0:      822.6:
:PROD    : 10, 10    :    PROD: BHP:      582.5:      152.6:        0.0:      802.8:        0.0:        0.0:        0.0:        0.0:
:INJ     :  1,  1    :     INJ:WRAT:        0.0:        0.0:        0.0:        0.0:        0.0:      792.0:        0.0:      822.6:
:--------:-----------:--------:----:-----------:-----------:-----------:-----------:-----------:-----------:-----------:-----------:


Report step 25/96 at day 761/2920, date = 31-Jan-2017

Starting time step 0, stepsize 16.0575 days, at day 761/789, date = 31-Jan-2017
Restart file written for report step 25/96, date = 31-Jan-2017 00:00:00
 Newton its=20, linearizations=21 (0.0sec), linear its=  1 (0.0sec)

Starting time step 1, stepsize 6.42299 days, at day 777.057/789, date = 16-Feb-2017
 Newton its=19, linearizations=20 (0.0sec), linear its=  7 (0.0sec)

Starting time step 2, stepsize 2.70442 days, at day 783.48/789, date = 22-Feb-2017
 Newton its= 1, linearizations= 2 (0.0sec), linear its=  0 (0.0sec)

Starting time step 3, stepsize 2.81513 days, at day 786.185/789, date = 25-Feb-2017

Warning: Keyword 'WELLS' is unhandled for output to restart file.
 Newton its= 1, linearizations= 2 (0.0sec), linear its=  0 (0.0sec)

                              **************************************************************************
  WELLS    AT       789  DAYS *                 SPE1 - CASE 2                                          *
  REPORT   26    28 Feb 2017  *                                             Flow  version 2025.10-pre  *
                              **************************************************************************


======================================================= PRODUCTION REPORT =======================================================
:  WELL  : LOCATION  :CTRL:    OIL    :   WATER   :    GAS    :   FLUID   :   WATER   : GAS/OIL  :  WAT/GAS   : BHP OR : THP OR :
:  NAME  :  (I,J,K)  :MODE:   RATE    :   RATE    :   RATE    : RES.VOL.  :    CUT    :  RATIO   :   RATIO    :CON.PR. :BLK.PR. :
:        :           :    :  SCM/DAY  :  SCM/DAY  :  RCM/DAY  :  SCM/SCM  :  SCM/SCM  : SCM/SCM  :  SCM/SCM   : BARSA  : BARSA  :
=================================================================================================================================
:FIELD   :           :    :     1445.4:      379.5:       -0.0:     1992.9:      0.208:     -0.00:      0.0000:        :        :
:G1      :           :    :     1445.4:      379.5:       -0.0:     1992.9:      0.208:     -0.00:      0.0000:        :        :
:PROD    : 10, 10    : BHP:     1445.4:      379.5:       -0.0:     1992.9:      0.208:     -0.00:      0.0000:   245.0:     0.0:
:--------:-----------:----:-----------:-----------:-----------:-----------:-----------:----------:------------:--------:--------:

============================================= INJECTION REPORT ==============================================
:  WELL  : LOCATION  : CTRL : CTRL : CTRL :    OIL    :   WATER   :    GAS    :   FLUID   : BHP OR : THP OR :
:  NAME  :  (I,J,K)  : MODE : MODE : MODE :   RATE    :   RATE    :   RATE    : RES.VOL.  :CON.PR. :BLK.PR. :
:        :           : OIL  : WAT  : GAS  :  SCM/DAY  :  SCM/DAY  :  SCM/DAY  :  RCM/DAY  : BARSA  : BARSA  :
=============================================================================================================
:FIELD   :           :      :      :      :        0.0:     2000.0:        0.0:     2077.1:        :        :
:G1      :           :      :      :      :        0.0:     2000.0:        0.0:     2077.1:        :        :
:INJ     :  1,  1    :      :  WRAT:      :        0.0:     2000.0:        0.0:     2077.1:   276.2:     0.0:
:--------:-----------:------:------:------:-----------:-----------:-----------:-----------:--------:--------:

============================================== CUMULATIVE PRODUCTION/INJECTION TOTALS ==============================================
:  WELL  : LOCATION  :  WELL  :CTRL:    OIL    :   WATER   :    GAS    :   Prod    :    OIL    :   WATER   :    GAS    :    INJ    :
:  NAME  :  (I,J,K)  :  TYPE  :MODE:   PROD    :   PROD    :   PROD    : RES.VOL.  :    INJ    :    INJ    :    INJ    : RES.VOL.  :
:        :           :        :    :   MSCM    :   MSCM    :   MMSCM   :   MRCM    :   MSCM    :   MSCM    :   MMSCM   :   MRCM    :
====================================================================================================================================
:FIELD   :           :        :    :      621.7:      162.9:        0.0:      856.8:        0.0:      848.0:        0.0:      880.8:
:G1      :           :        :    :      621.7:      162.9:        0.0:      856.8:        0.0:      848.0:        0.0:      880.8:
:PROD    : 10, 10    :    PROD: BHP:      621.7:      162.9:        0.0:      856.8:        0.0:        0.0:        0.0:        0.0:
:INJ     :  1,  1    :     INJ:WRAT:        0.0:        0.0:        0.0:        0.0:        0.0:      848.0:        0.0:      880.8:
:--------:-----------:--------:----:-----------:-----------:-----------:-----------:-----------:-----------:-----------:-----------:


Report step 26/96 at day 789/2920, date = 28-Feb-2017

Starting time step 0, stepsize 8.44538 days, at day 789/820, date = 28-Feb-2017
Restart file written for report step 26/96, date = 28-Feb-2017 00:00:00
 Newton its= 3, linearizations= 4 (0.0sec), linear its=  1 (0.0sec)

Starting time step 1, stepsize 22.5546 days, at day 797.445/820, date = 08-Mar-2017
    Oscillating behavior detected: Relaxation set to 0.900000
    Oscillating behavior detected: Relaxation set to 0.800000

Problem: Solver convergence failure - Iteration limit reached
Timestep chopped to 7.443023153475518 days


Starting time step 1, stepsize 7.44302 days, at day 797.445/820, date = 08-Mar-2017
 Newton its= 3, linearizations= 4 (0.0sec), linear its=  1 (0.0sec)

Starting time step 2, stepsize 15.1116 days, at day 804.888/820, date = 15-Mar-2017

Warning: Keyword 'WELLS' is unhandled for output to restart file.
 Newton its= 3, linearizations= 4 (0.0sec), linear its=  1 (0.0sec)

                              **************************************************************************
  WELLS    AT       820  DAYS *                 SPE1 - CASE 2                                          *
  REPORT   27    31 Mar 2017  *                                             Flow  version 2025.10-pre  *
                              **************************************************************************


======================================================= PRODUCTION REPORT =======================================================
:  WELL  : LOCATION  :CTRL:    OIL    :   WATER   :    GAS    :   FLUID   :   WATER   : GAS/OIL  :  WAT/GAS   : BHP OR : THP OR :
:  NAME  :  (I,J,K)  :MODE:   RATE    :   RATE    :   RATE    : RES.VOL.  :    CUT    :  RATIO   :   RATIO    :CON.PR. :BLK.PR. :
:        :           :    :  SCM/DAY  :  SCM/DAY  :  RCM/DAY  :  SCM/SCM  :  SCM/SCM  : SCM/SCM  :  SCM/SCM   : BARSA  : BARSA  :
=================================================================================================================================
:FIELD   :           :    :     1494.6:      392.4:       -0.0:     2060.6:      0.208:     -0.00:      0.0000:        :        :
:G1      :           :    :     1494.6:      392.4:       -0.0:     2060.6:      0.208:     -0.00:      0.0000:        :        :
:PROD    : 10, 10    : BHP:     1494.6:      392.4:       -0.0:     2060.6:      0.208:     -0.00:      0.0000:   245.0:     0.0:
:--------:-----------:----:-----------:-----------:-----------:-----------:-----------:----------:------------:--------:--------:

============================================= INJECTION REPORT ==============================================
:  WELL  : LOCATION  : CTRL : CTRL : CTRL :    OIL    :   WATER   :    GAS    :   FLUID   : BHP OR : THP OR :
:  NAME  :  (I,J,K)  : MODE : MODE : MODE :   RATE    :   RATE    :   RATE    : RES.VOL.  :CON.PR. :BLK.PR. :
:        :           : OIL  : WAT  : GAS  :  SCM/DAY  :  SCM/DAY  :  SCM/DAY  :  RCM/DAY  : BARSA  : BARSA  :
=============================================================================================================
:FIELD   :           :      :      :      :        0.0:     2000.0:        0.0:     2077.1:        :        :
:G1      :           :      :      :      :        0.0:     2000.0:        0.0:     2077.1:        :        :
:INJ     :  1,  1    :      :  WRAT:      :        0.0:     2000.0:        0.0:     2077.1:   276.8:     0.0:
:--------:-----------:------:------:------:-----------:-----------:-----------:-----------:--------:--------:

============================================== CUMULATIVE PRODUCTION/INJECTION TOTALS ==============================================
:  WELL  : LOCATION  :  WELL  :CTRL:    OIL    :   WATER   :    GAS    :   Prod    :    OIL    :   WATER   :    GAS    :    INJ    :
:  NAME  :  (I,J,K)  :  TYPE  :MODE:   PROD    :   PROD    :   PROD    : RES.VOL.  :    INJ    :    INJ    :    INJ    : RES.VOL.  :
:        :           :        :    :   MSCM    :   MSCM    :   MMSCM   :   MRCM    :   MSCM    :   MSCM    :   MMSCM   :   MRCM    :
====================================================================================================================================
:FIELD   :           :        :    :      667.7:      175.0:        0.0:      920.3:        0.0:      910.0:        0.0:      945.1:
:G1      :           :        :    :      667.7:      175.0:        0.0:      920.3:        0.0:      910.0:        0.0:      945.1:
:PROD    : 10, 10    :    PROD: BHP:      667.7:      175.0:        0.0:      920.3:        0.0:        0.0:        0.0:        0.0:
:INJ     :  1,  1    :     INJ:WRAT:        0.0:        0.0:        0.0:        0.0:        0.0:      910.0:        0.0:      945.1:
:--------:-----------:--------:----:-----------:-----------:-----------:-----------:-----------:-----------:-----------:-----------:


Report step 27/96 at day 820/2920, date = 31-Mar-2017

Starting time step 0, stepsize 30 days, at day 820/850, date = 31-Mar-2017
Restart file written for report step 27/96, date = 31-Mar-2017 00:00:00

Warning: Keyword 'WELLS' is unhandled for output to restart file.
 Newton its= 3, linearizations= 4 (0.0sec), linear its=  1 (0.0sec)

                              **************************************************************************
  WELLS    AT       850  DAYS *                 SPE1 - CASE 2                                          *
  REPORT   28    30 Apr 2017  *                                             Flow  version 2025.10-pre  *
                              **************************************************************************


======================================================= PRODUCTION REPORT =======================================================
:  WELL  : LOCATION  :CTRL:    OIL    :   WATER   :    GAS    :   FLUID   :   WATER   : GAS/OIL  :  WAT/GAS   : BHP OR : THP OR :
:  NAME  :  (I,J,K)  :MODE:   RATE    :   RATE    :   RATE    : RES.VOL.  :    CUT    :  RATIO   :   RATIO    :CON.PR. :BLK.PR. :
:        :           :    :  SCM/DAY  :  SCM/DAY  :  RCM/DAY  :  SCM/SCM  :  SCM/SCM  : SCM/SCM  :  SCM/SCM   : BARSA  : BARSA  :
=================================================================================================================================
:FIELD   :           :    :     1502.6:      394.5:       -0.0:     2071.7:      0.208:     -0.00:      0.0000:        :        :
:G1      :           :    :     1502.6:      394.5:       -0.0:     2071.7:      0.208:     -0.00:      0.0000:        :        :
:PROD    : 10, 10    : BHP:     1502.6:      394.5:       -0.0:     2071.7:      0.208:     -0.00:      0.0000:   245.0:     0.0:
:--------:-----------:----:-----------:-----------:-----------:-----------:-----------:----------:------------:--------:--------:

============================================= INJECTION REPORT ==============================================
:  WELL  : LOCATION  : CTRL : CTRL : CTRL :    OIL    :   WATER   :    GAS    :   FLUID   : BHP OR : THP OR :
:  NAME  :  (I,J,K)  : MODE : MODE : MODE :   RATE    :   RATE    :   RATE    : RES.VOL.  :CON.PR. :BLK.PR. :
:        :           : OIL  : WAT  : GAS  :  SCM/DAY  :  SCM/DAY  :  SCM/DAY  :  RCM/DAY  : BARSA  : BARSA  :
=============================================================================================================
:FIELD   :           :      :      :      :        0.0:     2000.0:        0.0:     2077.1:        :        :
:G1      :           :      :      :      :        0.0:     2000.0:        0.0:     2077.1:        :        :
:INJ     :  1,  1    :      :  WRAT:      :        0.0:     2000.0:        0.0:     2077.1:   276.9:     0.0:
:--------:-----------:------:------:------:-----------:-----------:-----------:-----------:--------:--------:

============================================== CUMULATIVE PRODUCTION/INJECTION TOTALS ==============================================
:  WELL  : LOCATION  :  WELL  :CTRL:    OIL    :   WATER   :    GAS    :   Prod    :    OIL    :   WATER   :    GAS    :    INJ    :
:  NAME  :  (I,J,K)  :  TYPE  :MODE:   PROD    :   PROD    :   PROD    : RES.VOL.  :    INJ    :    INJ    :    INJ    : RES.VOL.  :
:        :           :        :    :   MSCM    :   MSCM    :   MMSCM   :   MRCM    :   MSCM    :   MSCM    :   MMSCM   :   MRCM    :
====================================================================================================================================
:FIELD   :           :        :    :      712.8:      186.8:        0.0:      982.4:        0.0:      970.0:        0.0:     1007.5:
:G1      :           :        :    :      712.8:      186.8:        0.0:      982.4:        0.0:      970.0:        0.0:     1007.5:
:PROD    : 10, 10    :    PROD: BHP:      712.8:      186.8:        0.0:      982.4:        0.0:        0.0:        0.0:        0.0:
:INJ     :  1,  1    :     INJ:WRAT:        0.0:        0.0:        0.0:        0.0:        0.0:      970.0:        0.0:     1007.5:
:--------:-----------:--------:----:-----------:-----------:-----------:-----------:-----------:-----------:-----------:-----------:


Report step 28/96 at day 850/2920, date = 30-Apr-2017

Starting time step 0, stepsize 31 days, at day 850/881, date = 30-Apr-2017
Restart file written for report step 28/96, date = 30-Apr-2017 00:00:00

Problem: Solver convergence failure - Iteration limit reached
Timestep chopped to 10.23 days


Starting time step 0, stepsize 10.23 days, at day 850/881, date = 30-Apr-2017
 Newton its= 1, linearizations= 2 (0.0sec), linear its=  1 (0.0sec)

Starting time step 1, stepsize 20.77 days, at day 860.23/881, date = 10-May-2017

Problem: Solver convergence failure - Iteration limit reached
Timestep chopped to 6.8541 days


Starting time step 1, stepsize 6.8541 days, at day 860.23/881, date = 10-May-2017
 Newton its= 1, linearizations= 2 (0.0sec), linear its=  1 (0.0sec)

Starting time step 2, stepsize 13.9159 days, at day 867.084/881, date = 17-May-2017

Problem: Solver convergence failure - Iteration limit reached
Timestep chopped to 4.592247000000021 days


Starting time step 2, stepsize 4.59225 days, at day 867.084/881, date = 17-May-2017
 Newton its= 1, linearizations= 2 (0.0sec), linear its=  1 (0.0sec)

Starting time step 3, stepsize 9.32365 days, at day 871.676/881, date = 21-May-2017

Warning: Keyword 'WELLS' is unhandled for output to restart file.
 Newton its=11, linearizations=12 (0.0sec), linear its=  5 (0.0sec)

                              **************************************************************************
  WELLS    AT       881  DAYS *                 SPE1 - CASE 2                                          *
  REPORT   29    31 May 2017  *                                             Flow  version 2025.10-pre  *
                              **************************************************************************


======================================================= PRODUCTION REPORT =======================================================
:  WELL  : LOCATION  :CTRL:    OIL    :   WATER   :    GAS    :   FLUID   :   WATER   : GAS/OIL  :  WAT/GAS   : BHP OR : THP OR :
:  NAME  :  (I,J,K)  :MODE:   RATE    :   RATE    :   RATE    : RES.VOL.  :    CUT    :  RATIO   :   RATIO    :CON.PR. :BLK.PR. :
:        :           :    :  SCM/DAY  :  SCM/DAY  :  RCM/DAY  :  SCM/SCM  :  SCM/SCM  : SCM/SCM  :  SCM/SCM   : BARSA  : BARSA  :
=================================================================================================================================
:FIELD   :           :    :     1505.8:      395.4:       -0.0:     2076.1:      0.208:     -0.00:      0.0000:        :        :
:G1      :           :    :     1505.8:      395.4:       -0.0:     2076.1:      0.208:     -0.00:      0.0000:        :        :
:PROD    : 10, 10    : BHP:     1505.8:      395.4:       -0.0:     2076.1:      0.208:     -0.00:      0.0000:   245.0:     0.0:
:--------:-----------:----:-----------:-----------:-----------:-----------:-----------:----------:------------:--------:--------:

============================================= INJECTION REPORT ==============================================
:  WELL  : LOCATION  : CTRL : CTRL : CTRL :    OIL    :   WATER   :    GAS    :   FLUID   : BHP OR : THP OR :
:  NAME  :  (I,J,K)  : MODE : MODE : MODE :   RATE    :   RATE    :   RATE    : RES.VOL.  :CON.PR. :BLK.PR. :
:        :           : OIL  : WAT  : GAS  :  SCM/DAY  :  SCM/DAY  :  SCM/DAY  :  RCM/DAY  : BARSA  : BARSA  :
=============================================================================================================
:FIELD   :           :      :      :      :        0.0:     2000.0:        0.0:     2077.1:        :        :
:G1      :           :      :      :      :        0.0:     2000.0:        0.0:     2077.1:        :        :
:INJ     :  1,  1    :      :  WRAT:      :        0.0:     2000.0:        0.0:     2077.1:   276.8:     0.0:
:--------:-----------:------:------:------:-----------:-----------:-----------:-----------:--------:--------:

============================================== CUMULATIVE PRODUCTION/INJECTION TOTALS ==============================================
:  WELL  : LOCATION  :  WELL  :CTRL:    OIL    :   WATER   :    GAS    :   Prod    :    OIL    :   WATER   :    GAS    :    INJ    :
:  NAME  :  (I,J,K)  :  TYPE  :MODE:   PROD    :   PROD    :   PROD    : RES.VOL.  :    INJ    :    INJ    :    INJ    : RES.VOL.  :
:        :           :        :    :   MSCM    :   MSCM    :   MMSCM   :   MRCM    :   MSCM    :   MSCM    :   MMSCM   :   MRCM    :
====================================================================================================================================
:FIELD   :           :        :    :      759.5:      199.1:        0.0:     1046.8:        0.0:     1032.0:        0.0:     1071.9:
:G1      :           :        :    :      759.5:      199.1:        0.0:     1046.8:        0.0:     1032.0:        0.0:     1071.9:
:PROD    : 10, 10    :    PROD: BHP:      759.5:      199.1:        0.0:     1046.8:        0.0:        0.0:        0.0:        0.0:
:INJ     :  1,  1    :     INJ:WRAT:        0.0:        0.0:        0.0:        0.0:        0.0:     1032.0:        0.0:     1071.9:
:--------:-----------:--------:----:-----------:-----------:-----------:-----------:-----------:-----------:-----------:-----------:


Report step 29/96 at day 881/2920, date = 31-May-2017

Starting time step 0, stepsize 6.78084 days, at day 881/911, date = 31-May-2017
 Newton its= 1, linearizations= 2 (0.0sec), linear its=  1 (0.0sec)
Restart file written for report step 29/96, date = 31-May-2017 00:00:00

Starting time step 1, stepsize 11.6096 days, at day 887.781/911, date = 06-Jun-2017
    Oscillating behavior detected: Relaxation set to 0.900000
    Oscillating behavior detected: Relaxation set to 0.800000
    Oscillating behavior detected: Relaxation set to 0.700000
    Oscillating behavior detected: Relaxation set to 0.600000

Problem: Solver convergence failure - Iteration limit reached
Timestep chopped to 3.831161639999992 days


Starting time step 1, stepsize 3.83116 days, at day 887.781/911, date = 06-Jun-2017
 Newton its= 1, linearizations= 2 (0.0sec), linear its=  1 (0.0sec)

Starting time step 2, stepsize 7.66232 days, at day 891.612/911, date = 10-Jun-2017
 Newton its= 4, linearizations= 5 (0.0sec), linear its=  1 (0.0sec)

Starting time step 3, stepsize 11.7257 days, at day 899.274/911, date = 18-Jun-2017

Problem: Solver convergence failure - Iteration limit reached
Timestep chopped to 3.869473256400005 days


Starting time step 3, stepsize 3.86947 days, at day 899.274/911, date = 18-Jun-2017
 Newton its= 1, linearizations= 2 (0.0sec), linear its=  0 (0.0sec)

Starting time step 4, stepsize 7.8562 days, at day 903.144/911, date = 22-Jun-2017

Warning: Keyword 'WELLS' is unhandled for output to restart file.
 Newton its= 2, linearizations= 3 (0.0sec), linear its=  1 (0.0sec)

                              **************************************************************************
  WELLS    AT       911  DAYS *                 SPE1 - CASE 2                                          *
  REPORT   30    30 Jun 2017  *                                             Flow  version 2025.10-pre  *
                              **************************************************************************


======================================================= PRODUCTION REPORT =======================================================
:  WELL  : LOCATION  :CTRL:    OIL    :   WATER   :    GAS    :   FLUID   :   WATER   : GAS/OIL  :  WAT/GAS   : BHP OR : THP OR :
:  NAME  :  (I,J,K)  :MODE:   RATE    :   RATE    :   RATE    : RES.VOL.  :    CUT    :  RATIO   :   RATIO    :CON.PR. :BLK.PR. :
:        :           :    :  SCM/DAY  :  SCM/DAY  :  RCM/DAY  :  SCM/SCM  :  SCM/SCM  : SCM/SCM  :  SCM/SCM   : BARSA  : BARSA  :
=================================================================================================================================
:FIELD   :           :    :     1506.2:      395.5:       -0.0:     2076.7:      0.208:     -0.00:      0.0000:        :        :
:G1      :           :    :     1506.2:      395.5:       -0.0:     2076.7:      0.208:     -0.00:      0.0000:        :        :
:PROD    : 10, 10    : BHP:     1506.2:      395.5:       -0.0:     2076.7:      0.208:     -0.00:      0.0000:   245.0:     0.0:
:--------:-----------:----:-----------:-----------:-----------:-----------:-----------:----------:------------:--------:--------:

============================================= INJECTION REPORT ==============================================
:  WELL  : LOCATION  : CTRL : CTRL : CTRL :    OIL    :   WATER   :    GAS    :   FLUID   : BHP OR : THP OR :
:  NAME  :  (I,J,K)  : MODE : MODE : MODE :   RATE    :   RATE    :   RATE    : RES.VOL.  :CON.PR. :BLK.PR. :
:        :           : OIL  : WAT  : GAS  :  SCM/DAY  :  SCM/DAY  :  SCM/DAY  :  RCM/DAY  : BARSA  : BARSA  :
=============================================================================================================
:FIELD   :           :      :      :      :        0.0:     2000.0:        0.0:     2077.1:        :        :
:G1      :           :      :      :      :        0.0:     2000.0:        0.0:     2077.1:        :        :
:INJ     :  1,  1    :      :  WRAT:      :        0.0:     2000.0:        0.0:     2077.1:   276.8:     0.0:
:--------:-----------:------:------:------:-----------:-----------:-----------:-----------:--------:--------:

============================================== CUMULATIVE PRODUCTION/INJECTION TOTALS ==============================================
:  WELL  : LOCATION  :  WELL  :CTRL:    OIL    :   WATER   :    GAS    :   Prod    :    OIL    :   WATER   :    GAS    :    INJ    :
:  NAME  :  (I,J,K)  :  TYPE  :MODE:   PROD    :   PROD    :   PROD    : RES.VOL.  :    INJ    :    INJ    :    INJ    : RES.VOL.  :
:        :           :        :    :   MSCM    :   MSCM    :   MMSCM   :   MRCM    :   MSCM    :   MSCM    :   MMSCM   :   MRCM    :
====================================================================================================================================
:FIELD   :           :        :    :      804.7:      210.9:        0.0:     1109.1:        0.0:     1092.0:        0.0:     1134.2:
:G1      :           :        :    :      804.7:      210.9:        0.0:     1109.1:        0.0:     1092.0:        0.0:     1134.2:
:PROD    : 10, 10    :    PROD: BHP:      804.7:      210.9:        0.0:     1109.1:        0.0:        0.0:        0.0:        0.0:
:INJ     :  1,  1    :     INJ:WRAT:        0.0:        0.0:        0.0:        0.0:        0.0:     1092.0:        0.0:     1134.2:
:--------:-----------:--------:----:-----------:-----------:-----------:-----------:-----------:-----------:-----------:-----------:


Report step 30/96 at day 911/2920, date = 30-Jun-2017

Starting time step 0, stepsize 15.5 days, at day 911/942, date = 30-Jun-2017
Restart file written for report step 30/96, date = 30-Jun-2017 00:00:00
 Newton its=20, linearizations=21 (0.0sec), linear its= 10 (0.0sec)

Starting time step 1, stepsize 6.2 days, at day 926.5/942, date = 15-Jul-2017
 Newton its=20, linearizations=21 (0.0sec), linear its=  8 (0.0sec)

Starting time step 2, stepsize 2.48 days, at day 932.7/942, date = 21-Jul-2017

Problem: Solver convergence failure - Iteration limit reached
Timestep chopped to 0.8184000000000001 days


Starting time step 2, stepsize 0.8184 days, at day 932.7/942, date = 21-Jul-2017
 Newton its= 1, linearizations= 2 (0.0sec), linear its=  0 (0.0sec)

Starting time step 3, stepsize 1.6368 days, at day 933.518/942, date = 22-Jul-2017
 Newton its=20, linearizations=21 (0.0sec), linear its=  0 (0.0sec)

Starting time step 4, stepsize 0.65472 days, at day 935.155/942, date = 24-Jul-2017
 Newton its=20, linearizations=21 (0.0sec), linear its=  9 (0.0sec)

Starting time step 5, stepsize 0.261888 days, at day 935.81/942, date = 24-Jul-2017
 Newton its= 1, linearizations= 2 (0.0sec), linear its=  0 (0.0sec)

Starting time step 6, stepsize 0.785664 days, at day 936.072/942, date = 25-Jul-2017
 Newton its= 1, linearizations= 2 (0.0sec), linear its=  0 (0.0sec)

Starting time step 7, stepsize 2.35699 days, at day 936.857/942, date = 25-Jul-2017
 Newton its= 1, linearizations= 2 (0.0sec), linear its=  0 (0.0sec)

Starting time step 8, stepsize 2.78554 days, at day 939.214/942, date = 28-Jul-2017

Warning: Keyword 'WELLS' is unhandled for output to restart file.
 Newton its= 1, linearizations= 2 (0.0sec), linear its=  0 (0.0sec)

                              **************************************************************************
  WELLS    AT       942  DAYS *                 SPE1 - CASE 2                                          *
  REPORT   31    31 Jul 2017  *                                             Flow  version 2025.10-pre  *
                              **************************************************************************


======================================================= PRODUCTION REPORT =======================================================
:  WELL  : LOCATION  :CTRL:    OIL    :   WATER   :    GAS    :   FLUID   :   WATER   : GAS/OIL  :  WAT/GAS   : BHP OR : THP OR :
:  NAME  :  (I,J,K)  :MODE:   RATE    :   RATE    :   RATE    : RES.VOL.  :    CUT    :  RATIO   :   RATIO    :CON.PR. :BLK.PR. :
:        :           :    :  SCM/DAY  :  SCM/DAY  :  RCM/DAY  :  SCM/SCM  :  SCM/SCM  : SCM/SCM  :  SCM/SCM   : BARSA  : BARSA  :
=================================================================================================================================
:FIELD   :           :    :     1506.1:      395.5:       -0.0:     2076.5:      0.208:     -0.00:      0.0000:        :        :
:G1      :           :    :     1506.1:      395.5:       -0.0:     2076.5:      0.208:     -0.00:      0.0000:        :        :
:PROD    : 10, 10    : BHP:     1506.1:      395.5:       -0.0:     2076.5:      0.208:     -0.00:      0.0000:   245.0:     0.0:
:--------:-----------:----:-----------:-----------:-----------:-----------:-----------:----------:------------:--------:--------:

============================================= INJECTION REPORT ==============================================
:  WELL  : LOCATION  : CTRL : CTRL : CTRL :    OIL    :   WATER   :    GAS    :   FLUID   : BHP OR : THP OR :
:  NAME  :  (I,J,K)  : MODE : MODE : MODE :   RATE    :   RATE    :   RATE    : RES.VOL.  :CON.PR. :BLK.PR. :
:        :           : OIL  : WAT  : GAS  :  SCM/DAY  :  SCM/DAY  :  SCM/DAY  :  RCM/DAY  : BARSA  : BARSA  :
=============================================================================================================
:FIELD   :           :      :      :      :        0.0:     2000.0:        0.0:     2077.1:        :        :
:G1      :           :      :      :      :        0.0:     2000.0:        0.0:     2077.1:        :        :
:INJ     :  1,  1    :      :  WRAT:      :        0.0:     2000.0:        0.0:     2077.1:   276.8:     0.0:
:--------:-----------:------:------:------:-----------:-----------:-----------:-----------:--------:--------:

============================================== CUMULATIVE PRODUCTION/INJECTION TOTALS ==============================================
:  WELL  : LOCATION  :  WELL  :CTRL:    OIL    :   WATER   :    GAS    :   Prod    :    OIL    :   WATER   :    GAS    :    INJ    :
:  NAME  :  (I,J,K)  :  TYPE  :MODE:   PROD    :   PROD    :   PROD    : RES.VOL.  :    INJ    :    INJ    :    INJ    : RES.VOL.  :
:        :           :        :    :   MSCM    :   MSCM    :   MMSCM   :   MRCM    :   MSCM    :   MSCM    :   MMSCM   :   MRCM    :
====================================================================================================================================
:FIELD   :           :        :    :      851.4:      223.2:        0.0:     1173.4:        0.0:     1154.0:        0.0:     1198.6:
:G1      :           :        :    :      851.4:      223.2:        0.0:     1173.4:        0.0:     1154.0:        0.0:     1198.6:
:PROD    : 10, 10    :    PROD: BHP:      851.4:      223.2:        0.0:     1173.4:        0.0:        0.0:        0.0:        0.0:
:INJ     :  1,  1    :     INJ:WRAT:        0.0:        0.0:        0.0:        0.0:        0.0:     1154.0:        0.0:     1198.6:
:--------:-----------:--------:----:-----------:-----------:-----------:-----------:-----------:-----------:-----------:-----------:


Report step 31/96 at day 942/2920, date = 31-Jul-2017

Starting time step 0, stepsize 8.35661 days, at day 942/973, date = 31-Jul-2017
 Newton its= 2, linearizations= 3 (0.0sec), linear its=  1 (0.0sec)
Restart file written for report step 31/96, date = 31-Jul-2017 00:00:00

Starting time step 1, stepsize 22.6434 days, at day 950.357/973, date = 08-Aug-2017

Problem: Solver convergence failure - Iteration limit reached
Timestep chopped to 7.4723193599998945 days


Starting time step 1, stepsize 7.47232 days, at day 950.357/973, date = 08-Aug-2017
 Newton its= 2, linearizations= 3 (0.0sec), linear its=  1 (0.0sec)

Starting time step 2, stepsize 15.1711 days, at day 957.829/973, date = 15-Aug-2017

Warning: Keyword 'WELLS' is unhandled for output to restart file.
 Newton its=20, linearizations=21 (0.0sec), linear its=  9 (0.0sec)

                              **************************************************************************
  WELLS    AT       973  DAYS *                 SPE1 - CASE 2                                          *
  REPORT   32    31 Aug 2017  *                                             Flow  version 2025.10-pre  *
                              **************************************************************************


======================================================= PRODUCTION REPORT =======================================================
:  WELL  : LOCATION  :CTRL:    OIL    :   WATER   :    GAS    :   FLUID   :   WATER   : GAS/OIL  :  WAT/GAS   : BHP OR : THP OR :
:  NAME  :  (I,J,K)  :MODE:   RATE    :   RATE    :   RATE    : RES.VOL.  :    CUT    :  RATIO   :   RATIO    :CON.PR. :BLK.PR. :
:        :           :    :  SCM/DAY  :  SCM/DAY  :  RCM/DAY  :  SCM/SCM  :  SCM/SCM  : SCM/SCM  :  SCM/SCM   : BARSA  : BARSA  :
=================================================================================================================================
:FIELD   :           :    :     1506.5:      395.6:       -0.0:     2077.0:      0.208:     -0.00:      0.0000:        :        :
:G1      :           :    :     1506.5:      395.6:       -0.0:     2077.0:      0.208:     -0.00:      0.0000:        :        :
:PROD    : 10, 10    : BHP:     1506.5:      395.6:       -0.0:     2077.0:      0.208:     -0.00:      0.0000:   245.0:     0.0:
:--------:-----------:----:-----------:-----------:-----------:-----------:-----------:----------:------------:--------:--------:

============================================= INJECTION REPORT ==============================================
:  WELL  : LOCATION  : CTRL : CTRL : CTRL :    OIL    :   WATER   :    GAS    :   FLUID   : BHP OR : THP OR :
:  NAME  :  (I,J,K)  : MODE : MODE : MODE :   RATE    :   RATE    :   RATE    : RES.VOL.  :CON.PR. :BLK.PR. :
:        :           : OIL  : WAT  : GAS  :  SCM/DAY  :  SCM/DAY  :  SCM/DAY  :  RCM/DAY  : BARSA  : BARSA  :
=============================================================================================================
:FIELD   :           :      :      :      :        0.0:     2000.0:        0.0:     2077.1:        :        :
:G1      :           :      :      :      :        0.0:     2000.0:        0.0:     2077.1:        :        :
:INJ     :  1,  1    :      :  WRAT:      :        0.0:     2000.0:        0.0:     2077.1:   276.8:     0.0:
:--------:-----------:------:------:------:-----------:-----------:-----------:-----------:--------:--------:

============================================== CUMULATIVE PRODUCTION/INJECTION TOTALS ==============================================
:  WELL  : LOCATION  :  WELL  :CTRL:    OIL    :   WATER   :    GAS    :   Prod    :    OIL    :   WATER   :    GAS    :    INJ    :
:  NAME  :  (I,J,K)  :  TYPE  :MODE:   PROD    :   PROD    :   PROD    : RES.VOL.  :    INJ    :    INJ    :    INJ    : RES.VOL.  :
:        :           :        :    :   MSCM    :   MSCM    :   MMSCM   :   MRCM    :   MSCM    :   MSCM    :   MMSCM   :   MRCM    :
====================================================================================================================================
:FIELD   :           :        :    :      898.1:      235.4:        0.0:     1237.8:        0.0:     1216.0:        0.0:     1262.9:
:G1      :           :        :    :      898.1:      235.4:        0.0:     1237.8:        0.0:     1216.0:        0.0:     1262.9:
:PROD    : 10, 10    :    PROD: BHP:      898.1:      235.4:        0.0:     1237.8:        0.0:        0.0:        0.0:        0.0:
:INJ     :  1,  1    :     INJ:WRAT:        0.0:        0.0:        0.0:        0.0:        0.0:     1216.0:        0.0:     1262.9:
:--------:-----------:--------:----:-----------:-----------:-----------:-----------:-----------:-----------:-----------:-----------:


Report step 32/96 at day 973/2920, date = 31-Aug-2017

Starting time step 0, stepsize 6.06843 days, at day 973/1003, date = 31-Aug-2017
Restart file written for report step 32/96, date = 31-Aug-2017 00:00:00
 Newton its=20, linearizations=21 (0.0sec), linear its=  0 (0.0sec)

Starting time step 1, stepsize 2.42737 days, at day 979.068/1003, date = 06-Sep-2017
    Oscillating behavior detected: Relaxation set to 0.900000
    Oscillating behavior detected: Relaxation set to 0.800000
 Newton its=20, linearizations=21 (0.0sec), linear its=  0 (0.0sec)

Starting time step 2, stepsize 0.970949 days, at day 981.496/1003, date = 08-Sep-2017
 Newton its= 4, linearizations= 5 (0.0sec), linear its=  0 (0.0sec)

Starting time step 3, stepsize 2.52447 days, at day 982.467/1003, date = 09-Sep-2017
    Oscillating behavior detected: Relaxation set to 0.900000
    Oscillating behavior detected: Relaxation set to 0.800000
    Oscillating behavior detected: Relaxation set to 0.700000
 Newton its=20, linearizations=21 (0.0sec), linear its=  0 (0.0sec)

Starting time step 4, stepsize 1.00979 days, at day 984.991/1003, date = 11-Sep-2017
 Newton its= 4, linearizations= 5 (0.0sec), linear its=  0 (0.0sec)

Starting time step 5, stepsize 2.62545 days, at day 986.001/1003, date = 13-Sep-2017
 Newton its= 2, linearizations= 3 (0.0sec), linear its=  0 (0.0sec)

Starting time step 6, stepsize 7.87634 days, at day 988.626/1003, date = 15-Sep-2017
 Newton its= 8, linearizations= 9 (0.0sec), linear its=  4 (0.0sec)

Starting time step 7, stepsize 6.49722 days, at day 996.503/1003, date = 23-Sep-2017

Warning: Keyword 'WELLS' is unhandled for output to restart file.
 Newton its= 2, linearizations= 3 (0.0sec), linear its=  0 (0.0sec)

                              **************************************************************************
  WELLS    AT      1003  DAYS *                 SPE1 - CASE 2                                          *
  REPORT   33    30 Sep 2017  *                                             Flow  version 2025.10-pre  *
                              **************************************************************************


======================================================= PRODUCTION REPORT =======================================================
:  WELL  : LOCATION  :CTRL:    OIL    :   WATER   :    GAS    :   FLUID   :   WATER   : GAS/OIL  :  WAT/GAS   : BHP OR : THP OR :
:  NAME  :  (I,J,K)  :MODE:   RATE    :   RATE    :   RATE    : RES.VOL.  :    CUT    :  RATIO   :   RATIO    :CON.PR. :BLK.PR. :
:        :           :    :  SCM/DAY  :  SCM/DAY  :  RCM/DAY  :  SCM/SCM  :  SCM/SCM  : SCM/SCM  :  SCM/SCM   : BARSA  : BARSA  :
=================================================================================================================================
:FIELD   :           :    :     1506.2:      395.5:       -0.0:     2076.6:      0.208:     -0.00:      0.0000:        :        :
:G1      :           :    :     1506.2:      395.5:       -0.0:     2076.6:      0.208:     -0.00:      0.0000:        :        :
:PROD    : 10, 10    : BHP:     1506.2:      395.5:       -0.0:     2076.6:      0.208:     -0.00:      0.0000:   245.0:     0.0:
:--------:-----------:----:-----------:-----------:-----------:-----------:-----------:----------:------------:--------:--------:

============================================= INJECTION REPORT ==============================================
:  WELL  : LOCATION  : CTRL : CTRL : CTRL :    OIL    :   WATER   :    GAS    :   FLUID   : BHP OR : THP OR :
:  NAME  :  (I,J,K)  : MODE : MODE : MODE :   RATE    :   RATE    :   RATE    : RES.VOL.  :CON.PR. :BLK.PR. :
:        :           : OIL  : WAT  : GAS  :  SCM/DAY  :  SCM/DAY  :  SCM/DAY  :  RCM/DAY  : BARSA  : BARSA  :
=============================================================================================================
:FIELD   :           :      :      :      :        0.0:     2000.0:        0.0:     2077.1:        :        :
:G1      :           :      :      :      :        0.0:     2000.0:        0.0:     2077.1:        :        :
:INJ     :  1,  1    :      :  WRAT:      :        0.0:     2000.0:        0.0:     2077.1:   276.8:     0.0:
:--------:-----------:------:------:------:-----------:-----------:-----------:-----------:--------:--------:

============================================== CUMULATIVE PRODUCTION/INJECTION TOTALS ==============================================
:  WELL  : LOCATION  :  WELL  :CTRL:    OIL    :   WATER   :    GAS    :   Prod    :    OIL    :   WATER   :    GAS    :    INJ    :
:  NAME  :  (I,J,K)  :  TYPE  :MODE:   PROD    :   PROD    :   PROD    : RES.VOL.  :    INJ    :    INJ    :    INJ    : RES.VOL.  :
:        :           :        :    :   MSCM    :   MSCM    :   MMSCM   :   MRCM    :   MSCM    :   MSCM    :   MMSCM   :   MRCM    :
====================================================================================================================================
:FIELD   :           :        :    :      943.2:      247.3:        0.0:     1300.1:        0.0:     1276.0:        0.0:     1325.3:
:G1      :           :        :    :      943.2:      247.3:        0.0:     1300.1:        0.0:     1276.0:        0.0:     1325.3:
:PROD    : 10, 10    :    PROD: BHP:      943.2:      247.3:        0.0:     1300.1:        0.0:        0.0:        0.0:        0.0:
:INJ     :  1,  1    :     INJ:WRAT:        0.0:        0.0:        0.0:        0.0:        0.0:     1276.0:        0.0:     1325.3:
:--------:-----------:--------:----:-----------:-----------:-----------:-----------:-----------:-----------:-----------:-----------:


Report step 33/96 at day 1003/2920, date = 30-Sep-2017

Starting time step 0, stepsize 19.4917 days, at day 1003/1034, date = 30-Sep-2017
Restart file written for report step 33/96, date = 30-Sep-2017 00:00:00
 Newton its= 5, linearizations= 6 (0.0sec), linear its=  3 (0.0sec)

Starting time step 1, stepsize 11.5083 days, at day 1022.49/1034, date = 19-Oct-2017

Warning: Keyword 'WELLS' is unhandled for output to restart file.
 Newton its=20, linearizations=21 (0.0sec), linear its= 10 (0.0sec)

                              **************************************************************************
  WELLS    AT      1034  DAYS *                 SPE1 - CASE 2                                          *
  REPORT   34    31 Oct 2017  *                                             Flow  version 2025.10-pre  *
                              **************************************************************************


======================================================= PRODUCTION REPORT =======================================================
:  WELL  : LOCATION  :CTRL:    OIL    :   WATER   :    GAS    :   FLUID   :   WATER   : GAS/OIL  :  WAT/GAS   : BHP OR : THP OR :
:  NAME  :  (I,J,K)  :MODE:   RATE    :   RATE    :   RATE    : RES.VOL.  :    CUT    :  RATIO   :   RATIO    :CON.PR. :BLK.PR. :
:        :           :    :  SCM/DAY  :  SCM/DAY  :  RCM/DAY  :  SCM/SCM  :  SCM/SCM  : SCM/SCM  :  SCM/SCM   : BARSA  : BARSA  :
=================================================================================================================================
:FIELD   :           :    :     1506.4:      395.5:       -0.0:     2076.8:      0.208:     -0.00:      0.0000:        :        :
:G1      :           :    :     1506.4:      395.5:       -0.0:     2076.8:      0.208:     -0.00:      0.0000:        :        :
:PROD    : 10, 10    : BHP:     1506.4:      395.5:       -0.0:     2076.8:      0.208:     -0.00:      0.0000:   245.0:     0.0:
:--------:-----------:----:-----------:-----------:-----------:-----------:-----------:----------:------------:--------:--------:

============================================= INJECTION REPORT ==============================================
:  WELL  : LOCATION  : CTRL : CTRL : CTRL :    OIL    :   WATER   :    GAS    :   FLUID   : BHP OR : THP OR :
:  NAME  :  (I,J,K)  : MODE : MODE : MODE :   RATE    :   RATE    :   RATE    : RES.VOL.  :CON.PR. :BLK.PR. :
:        :           : OIL  : WAT  : GAS  :  SCM/DAY  :  SCM/DAY  :  SCM/DAY  :  RCM/DAY  : BARSA  : BARSA  :
=============================================================================================================
:FIELD   :           :      :      :      :        0.0:     2000.0:        0.0:     2077.1:        :        :
:G1      :           :      :      :      :        0.0:     2000.0:        0.0:     2077.1:        :        :
:INJ     :  1,  1    :      :  WRAT:      :        0.0:     2000.0:        0.0:     2077.1:   276.8:     0.0:
:--------:-----------:------:------:------:-----------:-----------:-----------:-----------:--------:--------:

============================================== CUMULATIVE PRODUCTION/INJECTION TOTALS ==============================================
:  WELL  : LOCATION  :  WELL  :CTRL:    OIL    :   WATER   :    GAS    :   Prod    :    OIL    :   WATER   :    GAS    :    INJ    :
:  NAME  :  (I,J,K)  :  TYPE  :MODE:   PROD    :   PROD    :   PROD    : RES.VOL.  :    INJ    :    INJ    :    INJ    : RES.VOL.  :
:        :           :        :    :   MSCM    :   MSCM    :   MMSCM   :   MRCM    :   MSCM    :   MSCM    :   MMSCM   :   MRCM    :
====================================================================================================================================
:FIELD   :           :        :    :      989.9:      259.6:        0.0:     1364.5:        0.0:     1338.0:        0.0:     1389.6:
:G1      :           :        :    :      989.9:      259.6:        0.0:     1364.5:        0.0:     1338.0:        0.0:     1389.6:
:PROD    : 10, 10    :    PROD: BHP:      989.9:      259.6:        0.0:     1364.5:        0.0:        0.0:        0.0:        0.0:
:INJ     :  1,  1    :     INJ:WRAT:        0.0:        0.0:        0.0:        0.0:        0.0:     1338.0:        0.0:     1389.6:
:--------:-----------:--------:----:-----------:-----------:-----------:-----------:-----------:-----------:-----------:-----------:


Report step 34/96 at day 1034/2920, date = 31-Oct-2017

Starting time step 0, stepsize 4.60334 days, at day 1034/1064, date = 31-Oct-2017
 Newton its= 1, linearizations= 2 (0.0sec), linear its=  0 (0.0sec)
Restart file written for report step 34/96, date = 31-Oct-2017 00:00:00

Starting time step 1, stepsize 13.81 days, at day 1038.6/1064, date = 04-Nov-2017
 Newton its= 4, linearizations= 5 (0.0sec), linear its=  1 (0.0sec)

Starting time step 2, stepsize 11.5866 days, at day 1052.41/1064, date = 18-Nov-2017

Warning: Keyword 'WELLS' is unhandled for output to restart file.
 Newton its=15, linearizations=16 (0.0sec), linear its=  8 (0.0sec)

                              **************************************************************************
  WELLS    AT      1064  DAYS *                 SPE1 - CASE 2                                          *
  REPORT   35    30 Nov 2017  *                                             Flow  version 2025.10-pre  *
                              **************************************************************************


======================================================= PRODUCTION REPORT =======================================================
:  WELL  : LOCATION  :CTRL:    OIL    :   WATER   :    GAS    :   FLUID   :   WATER   : GAS/OIL  :  WAT/GAS   : BHP OR : THP OR :
:  NAME  :  (I,J,K)  :MODE:   RATE    :   RATE    :   RATE    : RES.VOL.  :    CUT    :  RATIO   :   RATIO    :CON.PR. :BLK.PR. :
:        :           :    :  SCM/DAY  :  SCM/DAY  :  RCM/DAY  :  SCM/SCM  :  SCM/SCM  : SCM/SCM  :  SCM/SCM   : BARSA  : BARSA  :
=================================================================================================================================
:FIELD   :           :    :     1506.3:      395.5:       -0.0:     2076.8:      0.208:     -0.00:      0.0000:        :        :
:G1      :           :    :     1506.3:      395.5:       -0.0:     2076.8:      0.208:     -0.00:      0.0000:        :        :
:PROD    : 10, 10    : BHP:     1506.3:      395.5:       -0.0:     2076.8:      0.208:     -0.00:      0.0000:   245.0:     0.0:
:--------:-----------:----:-----------:-----------:-----------:-----------:-----------:----------:------------:--------:--------:

============================================= INJECTION REPORT ==============================================
:  WELL  : LOCATION  : CTRL : CTRL : CTRL :    OIL    :   WATER   :    GAS    :   FLUID   : BHP OR : THP OR :
:  NAME  :  (I,J,K)  : MODE : MODE : MODE :   RATE    :   RATE    :   RATE    : RES.VOL.  :CON.PR. :BLK.PR. :
:        :           : OIL  : WAT  : GAS  :  SCM/DAY  :  SCM/DAY  :  SCM/DAY  :  RCM/DAY  : BARSA  : BARSA  :
=============================================================================================================
:FIELD   :           :      :      :      :        0.0:     2000.0:        0.0:     2077.1:        :        :
:G1      :           :      :      :      :        0.0:     2000.0:        0.0:     2077.1:        :        :
:INJ     :  1,  1    :      :  WRAT:      :        0.0:     2000.0:        0.0:     2077.1:   276.8:     0.0:
:--------:-----------:------:------:------:-----------:-----------:-----------:-----------:--------:--------:

============================================== CUMULATIVE PRODUCTION/INJECTION TOTALS ==============================================
:  WELL  : LOCATION  :  WELL  :CTRL:    OIL    :   WATER   :    GAS    :   Prod    :    OIL    :   WATER   :    GAS    :    INJ    :
:  NAME  :  (I,J,K)  :  TYPE  :MODE:   PROD    :   PROD    :   PROD    : RES.VOL.  :    INJ    :    INJ    :    INJ    : RES.VOL.  :
:        :           :        :    :   MSCM    :   MSCM    :   MMSCM   :   MRCM    :   MSCM    :   MSCM    :   MMSCM   :   MRCM    :
====================================================================================================================================
:FIELD   :           :        :    :     1035.1:      271.4:        0.0:     1426.8:        0.0:     1398.0:        0.0:     1452.0:
:G1      :           :        :    :     1035.1:      271.4:        0.0:     1426.8:        0.0:     1398.0:        0.0:     1452.0:
:PROD    : 10, 10    :    PROD: BHP:     1035.1:      271.4:        0.0:     1426.8:        0.0:        0.0:        0.0:        0.0:
:INJ     :  1,  1    :     INJ:WRAT:        0.0:        0.0:        0.0:        0.0:        0.0:     1398.0:        0.0:     1452.0:
:--------:-----------:--------:----:-----------:-----------:-----------:-----------:-----------:-----------:-----------:-----------:


Report step 35/96 at day 1064/2920, date = 30-Nov-2017

Starting time step 0, stepsize 6.17954 days, at day 1064/1095, date = 30-Nov-2017
 Newton its= 2, linearizations= 3 (0.0sec), linear its=  0 (0.0sec)
Restart file written for report step 35/96, date = 30-Nov-2017 00:00:00

Starting time step 1, stepsize 12.4102 days, at day 1070.18/1095, date = 06-Dec-2017
 Newton its= 2, linearizations= 3 (0.0sec), linear its=  1 (0.0sec)

Starting time step 2, stepsize 12.4102 days, at day 1082.59/1095, date = 18-Dec-2017

Warning: Keyword 'WELLS' is unhandled for output to restart file.
 Newton its= 3, linearizations= 4 (0.0sec), linear its=  1 (0.0sec)

                              **************************************************************************
  WELLS    AT      1095  DAYS *                 SPE1 - CASE 2                                          *
  REPORT   36    31 Dec 2017  *                                             Flow  version 2025.10-pre  *
                              **************************************************************************


======================================================= PRODUCTION REPORT =======================================================
:  WELL  : LOCATION  :CTRL:    OIL    :   WATER   :    GAS    :   FLUID   :   WATER   : GAS/OIL  :  WAT/GAS   : BHP OR : THP OR :
:  NAME  :  (I,J,K)  :MODE:   RATE    :   RATE    :   RATE    : RES.VOL.  :    CUT    :  RATIO   :   RATIO    :CON.PR. :BLK.PR. :
:        :           :    :  SCM/DAY  :  SCM/DAY  :  RCM/DAY  :  SCM/SCM  :  SCM/SCM  : SCM/SCM  :  SCM/SCM   : BARSA  : BARSA  :
=================================================================================================================================
:FIELD   :           :    :     1506.3:      395.5:       -0.0:     2076.8:      0.208:     -0.00:      0.0000:        :        :
:G1      :           :    :     1506.3:      395.5:       -0.0:     2076.8:      0.208:     -0.00:      0.0000:        :        :
:PROD    : 10, 10    : BHP:     1506.3:      395.5:       -0.0:     2076.8:      0.208:     -0.00:      0.0000:   245.0:     0.0:
:--------:-----------:----:-----------:-----------:-----------:-----------:-----------:----------:------------:--------:--------:

============================================= INJECTION REPORT ==============================================
:  WELL  : LOCATION  : CTRL : CTRL : CTRL :    OIL    :   WATER   :    GAS    :   FLUID   : BHP OR : THP OR :
:  NAME  :  (I,J,K)  : MODE : MODE : MODE :   RATE    :   RATE    :   RATE    : RES.VOL.  :CON.PR. :BLK.PR. :
:        :           : OIL  : WAT  : GAS  :  SCM/DAY  :  SCM/DAY  :  SCM/DAY  :  RCM/DAY  : BARSA  : BARSA  :
=============================================================================================================
:FIELD   :           :      :      :      :        0.0:     2000.0:        0.0:     2077.1:        :        :
:G1      :           :      :      :      :        0.0:     2000.0:        0.0:     2077.1:        :        :
:INJ     :  1,  1    :      :  WRAT:      :        0.0:     2000.0:        0.0:     2077.1:   276.8:     0.0:
:--------:-----------:------:------:------:-----------:-----------:-----------:-----------:--------:--------:

============================================== CUMULATIVE PRODUCTION/INJECTION TOTALS ==============================================
:  WELL  : LOCATION  :  WELL  :CTRL:    OIL    :   WATER   :    GAS    :   Prod    :    OIL    :   WATER   :    GAS    :    INJ    :
:  NAME  :  (I,J,K)  :  TYPE  :MODE:   PROD    :   PROD    :   PROD    : RES.VOL.  :    INJ    :    INJ    :    INJ    : RES.VOL.  :
:        :           :        :    :   MSCM    :   MSCM    :   MMSCM   :   MRCM    :   MSCM    :   MSCM    :   MMSCM   :   MRCM    :
====================================================================================================================================
:FIELD   :           :        :    :     1081.8:      283.7:        0.0:     1491.2:        0.0:     1460.0:        0.0:     1516.3:
:G1      :           :        :    :     1081.8:      283.7:        0.0:     1491.2:        0.0:     1460.0:        0.0:     1516.3:
:PROD    : 10, 10    :    PROD: BHP:     1081.8:      283.7:        0.0:     1491.2:        0.0:        0.0:        0.0:        0.0:
:INJ     :  1,  1    :     INJ:WRAT:        0.0:        0.0:        0.0:        0.0:        0.0:     1460.0:        0.0:     1516.3:
:--------:-----------:--------:----:-----------:-----------:-----------:-----------:-----------:-----------:-----------:-----------:


Report step 36/96 at day 1095/2920, date = 31-Dec-2017

Starting time step 0, stepsize 31 days, at day 1095/1126, date = 31-Dec-2017

Warning: Keyword 'WELLS' is unhandled for output to restart file.
Restart file written for report step 36/96, date = 31-Dec-2017 00:00:00
 Newton its= 4, linearizations= 5 (0.0sec), linear its=  1 (0.0sec)

                              **************************************************************************
  WELLS    AT      1126  DAYS *                 SPE1 - CASE 2                                          *
  REPORT   37    31 Jan 2018  *                                             Flow  version 2025.10-pre  *
                              **************************************************************************


======================================================= PRODUCTION REPORT =======================================================
:  WELL  : LOCATION  :CTRL:    OIL    :   WATER   :    GAS    :   FLUID   :   WATER   : GAS/OIL  :  WAT/GAS   : BHP OR : THP OR :
:  NAME  :  (I,J,K)  :MODE:   RATE    :   RATE    :   RATE    : RES.VOL.  :    CUT    :  RATIO   :   RATIO    :CON.PR. :BLK.PR. :
:        :           :    :  SCM/DAY  :  SCM/DAY  :  RCM/DAY  :  SCM/SCM  :  SCM/SCM  : SCM/SCM  :  SCM/SCM   : BARSA  : BARSA  :
=================================================================================================================================
:FIELD   :           :    :      493.3:      129.5:       -0.0:      680.1:      0.208:     -0.00:      0.0000:        :        :
:G1      :           :    :      493.3:      129.5:       -0.0:      680.1:      0.208:     -0.00:      0.0000:        :        :
:PROD    : 10, 10    : BHP:      493.3:      129.5:       -0.0:      680.1:      0.208:     -0.00:      0.0000:   245.0:     0.0:
:--------:-----------:----:-----------:-----------:-----------:-----------:-----------:----------:------------:--------:--------:

============================================= INJECTION REPORT ==============================================
:  WELL  : LOCATION  : CTRL : CTRL : CTRL :    OIL    :   WATER   :    GAS    :   FLUID   : BHP OR : THP OR :
:  NAME  :  (I,J,K)  : MODE : MODE : MODE :   RATE    :   RATE    :   RATE    : RES.VOL.  :CON.PR. :BLK.PR. :
:        :           : OIL  : WAT  : GAS  :  SCM/DAY  :  SCM/DAY  :  SCM/DAY  :  RCM/DAY  : BARSA  : BARSA  :
=============================================================================================================
:FIELD   :           :      :      :      :        0.0:        0.0:        0.0:        0.0:        :        :
:G1      :           :      :      :      :        0.0:        0.0:        0.0:        0.0:        :        :
:INJ     :  1,  1    :      :  WRAT:      :        0.0:        0.0:        0.0:        0.0:     0.0:     0.0:
:--------:-----------:------:------:------:-----------:-----------:-----------:-----------:--------:--------:

============================================== CUMULATIVE PRODUCTION/INJECTION TOTALS ==============================================
:  WELL  : LOCATION  :  WELL  :CTRL:    OIL    :   WATER   :    GAS    :   Prod    :    OIL    :   WATER   :    GAS    :    INJ    :
:  NAME  :  (I,J,K)  :  TYPE  :MODE:   PROD    :   PROD    :   PROD    : RES.VOL.  :    INJ    :    INJ    :    INJ    : RES.VOL.  :
:        :           :        :    :   MSCM    :   MSCM    :   MMSCM   :   MRCM    :   MSCM    :   MSCM    :   MMSCM   :   MRCM    :
====================================================================================================================================
:FIELD   :           :        :    :     1097.1:      287.7:        0.0:     1512.3:        0.0:     1460.0:        0.0:     1516.3:
:G1      :           :        :    :     1097.1:      287.7:        0.0:     1512.3:        0.0:     1460.0:        0.0:     1516.3:
:PROD    : 10, 10    :    PROD: BHP:     1097.1:      287.7:        0.0:     1512.3:        0.0:        0.0:        0.0:        0.0:
:INJ     :  1,  1    :     INJ:WRAT:        0.0:        0.0:        0.0:        0.0:        0.0:     1460.0:        0.0:     1516.3:
:--------:-----------:--------:----:-----------:-----------:-----------:-----------:-----------:-----------:-----------:-----------:


Report step 37/96 at day 1126/2920, date = 31-Jan-2018

Starting time step 0, stepsize 14.1102 days, at day 1126/1154, date = 31-Jan-2018
 Newton its= 2, linearizations= 3 (0.0sec), linear its=  0 (0.0sec)
Restart file written for report step 37/96, date = 31-Jan-2018 00:00:00

Starting time step 1, stepsize 13.8898 days, at day 1140.11/1154, date = 14-Feb-2018

Warning: Keyword 'WELLS' is unhandled for output to restart file.
 Newton its= 2, linearizations= 3 (0.0sec), linear its=  0 (0.0sec)

                              **************************************************************************
  WELLS    AT      1154  DAYS *                 SPE1 - CASE 2                                          *
  REPORT   38    28 Feb 2018  *                                             Flow  version 2025.10-pre  *
                              **************************************************************************


======================================================= PRODUCTION REPORT =======================================================
:  WELL  : LOCATION  :CTRL:    OIL    :   WATER   :    GAS    :   FLUID   :   WATER   : GAS/OIL  :  WAT/GAS   : BHP OR : THP OR :
:  NAME  :  (I,J,K)  :MODE:   RATE    :   RATE    :   RATE    : RES.VOL.  :    CUT    :  RATIO   :   RATIO    :CON.PR. :BLK.PR. :
:        :           :    :  SCM/DAY  :  SCM/DAY  :  RCM/DAY  :  SCM/SCM  :  SCM/SCM  : SCM/SCM  :  SCM/SCM   : BARSA  : BARSA  :
=================================================================================================================================
:FIELD   :           :    :      124.8:       32.8:       -0.0:      172.1:      0.208:     -0.00:      0.0000:        :        :
:G1      :           :    :      124.8:       32.8:       -0.0:      172.1:      0.208:     -0.00:      0.0000:        :        :
:PROD    : 10, 10    : BHP:      124.8:       32.8:       -0.0:      172.1:      0.208:     -0.00:      0.0000:   245.0:     0.0:
:--------:-----------:----:-----------:-----------:-----------:-----------:-----------:----------:------------:--------:--------:

============================================= INJECTION REPORT ==============================================
:  WELL  : LOCATION  : CTRL : CTRL : CTRL :    OIL    :   WATER   :    GAS    :   FLUID   : BHP OR : THP OR :
:  NAME  :  (I,J,K)  : MODE : MODE : MODE :   RATE    :   RATE    :   RATE    : RES.VOL.  :CON.PR. :BLK.PR. :
:        :           : OIL  : WAT  : GAS  :  SCM/DAY  :  SCM/DAY  :  SCM/DAY  :  RCM/DAY  : BARSA  : BARSA  :
=============================================================================================================
:FIELD   :           :      :      :      :        0.0:        0.0:        0.0:        0.0:        :        :
:G1      :           :      :      :      :        0.0:        0.0:        0.0:        0.0:        :        :
:INJ     :  1,  1    :      :  WRAT:      :        0.0:        0.0:        0.0:        0.0:     0.0:     0.0:
:--------:-----------:------:------:------:-----------:-----------:-----------:-----------:--------:--------:

============================================== CUMULATIVE PRODUCTION/INJECTION TOTALS ==============================================
:  WELL  : LOCATION  :  WELL  :CTRL:    OIL    :   WATER   :    GAS    :   Prod    :    OIL    :   WATER   :    GAS    :    INJ    :
:  NAME  :  (I,J,K)  :  TYPE  :MODE:   PROD    :   PROD    :   PROD    : RES.VOL.  :    INJ    :    INJ    :    INJ    : RES.VOL.  :
:        :           :        :    :   MSCM    :   MSCM    :   MMSCM   :   MRCM    :   MSCM    :   MSCM    :   MMSCM   :   MRCM    :
====================================================================================================================================
:FIELD   :           :        :    :     1102.3:      289.1:        0.0:     1519.5:        0.0:     1460.0:        0.0:     1516.3:
:G1      :           :        :    :     1102.3:      289.1:        0.0:     1519.5:        0.0:     1460.0:        0.0:     1516.3:
:PROD    : 10, 10    :    PROD: BHP:     1102.3:      289.1:        0.0:     1519.5:        0.0:        0.0:        0.0:        0.0:
:INJ     :  1,  1    :     INJ:WRAT:        0.0:        0.0:        0.0:        0.0:        0.0:     1460.0:        0.0:     1516.3:
:--------:-----------:--------:----:-----------:-----------:-----------:-----------:-----------:-----------:-----------:-----------:


Report step 38/96 at day 1154/2920, date = 28-Feb-2018

Starting time step 0, stepsize 31 days, at day 1154/1185, date = 28-Feb-2018

Warning: Keyword 'WELLS' is unhandled for output to restart file.
 Newton its= 1, linearizations= 2 (0.0sec), linear its=  1 (0.0sec)
Restart file written for report step 38/96, date = 28-Feb-2018 00:00:00

                              **************************************************************************
  WELLS    AT      1185  DAYS *                 SPE1 - CASE 2                                          *
  REPORT   39    31 Mar 2018  *                                             Flow  version 2025.10-pre  *
                              **************************************************************************


======================================================= PRODUCTION REPORT =======================================================
:  WELL  : LOCATION  :CTRL:    OIL    :   WATER   :    GAS    :   FLUID   :   WATER   : GAS/OIL  :  WAT/GAS   : BHP OR : THP OR :
:  NAME  :  (I,J,K)  :MODE:   RATE    :   RATE    :   RATE    : RES.VOL.  :    CUT    :  RATIO   :   RATIO    :CON.PR. :BLK.PR. :
:        :           :    :  SCM/DAY  :  SCM/DAY  :  RCM/DAY  :  SCM/SCM  :  SCM/SCM  : SCM/SCM  :  SCM/SCM   : BARSA  : BARSA  :
=================================================================================================================================
:FIELD   :           :    :       39.1:       10.3:       -0.0:       53.9:      0.208:     -0.00:      0.0000:        :        :
:G1      :           :    :       39.1:       10.3:       -0.0:       53.9:      0.208:     -0.00:      0.0000:        :        :
:PROD    : 10, 10    : BHP:       39.1:       10.3:       -0.0:       53.9:      0.208:     -0.00:      0.0000:   245.0:     0.0:
:--------:-----------:----:-----------:-----------:-----------:-----------:-----------:----------:------------:--------:--------:

============================================= INJECTION REPORT ==============================================
:  WELL  : LOCATION  : CTRL : CTRL : CTRL :    OIL    :   WATER   :    GAS    :   FLUID   : BHP OR : THP OR :
:  NAME  :  (I,J,K)  : MODE : MODE : MODE :   RATE    :   RATE    :   RATE    : RES.VOL.  :CON.PR. :BLK.PR. :
:        :           : OIL  : WAT  : GAS  :  SCM/DAY  :  SCM/DAY  :  SCM/DAY  :  RCM/DAY  : BARSA  : BARSA  :
=============================================================================================================
:FIELD   :           :      :      :      :        0.0:        0.0:        0.0:        0.0:        :        :
:G1      :           :      :      :      :        0.0:        0.0:        0.0:        0.0:        :        :
:INJ     :  1,  1    :      :  WRAT:      :        0.0:        0.0:        0.0:        0.0:     0.0:     0.0:
:--------:-----------:------:------:------:-----------:-----------:-----------:-----------:--------:--------:

============================================== CUMULATIVE PRODUCTION/INJECTION TOTALS ==============================================
:  WELL  : LOCATION  :  WELL  :CTRL:    OIL    :   WATER   :    GAS    :   Prod    :    OIL    :   WATER   :    GAS    :    INJ    :
:  NAME  :  (I,J,K)  :  TYPE  :MODE:   PROD    :   PROD    :   PROD    : RES.VOL.  :    INJ    :    INJ    :    INJ    : RES.VOL.  :
:        :           :        :    :   MSCM    :   MSCM    :   MMSCM   :   MRCM    :   MSCM    :   MSCM    :   MMSCM   :   MRCM    :
====================================================================================================================================
:FIELD   :           :        :    :     1103.6:      289.4:        0.0:     1521.1:        0.0:     1460.0:        0.0:     1516.3:
:G1      :           :        :    :     1103.6:      289.4:        0.0:     1521.1:        0.0:     1460.0:        0.0:     1516.3:
:PROD    : 10, 10    :    PROD: BHP:     1103.6:      289.4:        0.0:     1521.1:        0.0:        0.0:        0.0:        0.0:
:INJ     :  1,  1    :     INJ:WRAT:        0.0:        0.0:        0.0:        0.0:        0.0:     1460.0:        0.0:     1516.3:
:--------:-----------:--------:----:-----------:-----------:-----------:-----------:-----------:-----------:-----------:-----------:


Report step 39/96 at day 1185/2920, date = 31-Mar-2018

Starting time step 0, stepsize 30 days, at day 1185/1215, date = 31-Mar-2018

Warning: Keyword 'WELLS' is unhandled for output to restart file.
 Newton its= 1, linearizations= 2 (0.0sec), linear its=  1 (0.0sec)
Restart file written for report step 39/96, date = 31-Mar-2018 00:00:00

                              **************************************************************************
  WELLS    AT      1215  DAYS *                 SPE1 - CASE 2                                          *
  REPORT   40    30 Apr 2018  *                                             Flow  version 2025.10-pre  *
                              **************************************************************************


======================================================= PRODUCTION REPORT =======================================================
:  WELL  : LOCATION  :CTRL:    OIL    :   WATER   :    GAS    :   FLUID   :   WATER   : GAS/OIL  :  WAT/GAS   : BHP OR : THP OR :
:  NAME  :  (I,J,K)  :MODE:   RATE    :   RATE    :   RATE    : RES.VOL.  :    CUT    :  RATIO   :   RATIO    :CON.PR. :BLK.PR. :
:        :           :    :  SCM/DAY  :  SCM/DAY  :  RCM/DAY  :  SCM/SCM  :  SCM/SCM  : SCM/SCM  :  SCM/SCM   : BARSA  : BARSA  :
=================================================================================================================================
:FIELD   :           :    :       12.5:        3.3:       -0.0:       17.3:      0.208:     -0.00:      0.0000:        :        :
:G1      :           :    :       12.5:        3.3:       -0.0:       17.3:      0.208:     -0.00:      0.0000:        :        :
:PROD    : 10, 10    : BHP:       12.5:        3.3:       -0.0:       17.3:      0.208:     -0.00:      0.0000:   245.0:     0.0:
:--------:-----------:----:-----------:-----------:-----------:-----------:-----------:----------:------------:--------:--------:

============================================= INJECTION REPORT ==============================================
:  WELL  : LOCATION  : CTRL : CTRL : CTRL :    OIL    :   WATER   :    GAS    :   FLUID   : BHP OR : THP OR :
:  NAME  :  (I,J,K)  : MODE : MODE : MODE :   RATE    :   RATE    :   RATE    : RES.VOL.  :CON.PR. :BLK.PR. :
:        :           : OIL  : WAT  : GAS  :  SCM/DAY  :  SCM/DAY  :  SCM/DAY  :  RCM/DAY  : BARSA  : BARSA  :
=============================================================================================================
:FIELD   :           :      :      :      :        0.0:        0.0:        0.0:        0.0:        :        :
:G1      :           :      :      :      :        0.0:        0.0:        0.0:        0.0:        :        :
:INJ     :  1,  1    :      :  WRAT:      :        0.0:        0.0:        0.0:        0.0:     0.0:     0.0:
:--------:-----------:------:------:------:-----------:-----------:-----------:-----------:--------:--------:

============================================== CUMULATIVE PRODUCTION/INJECTION TOTALS ==============================================
:  WELL  : LOCATION  :  WELL  :CTRL:    OIL    :   WATER   :    GAS    :   Prod    :    OIL    :   WATER   :    GAS    :    INJ    :
:  NAME  :  (I,J,K)  :  TYPE  :MODE:   PROD    :   PROD    :   PROD    : RES.VOL.  :    INJ    :    INJ    :    INJ    : RES.VOL.  :
:        :           :        :    :   MSCM    :   MSCM    :   MMSCM   :   MRCM    :   MSCM    :   MSCM    :   MMSCM   :   MRCM    :
====================================================================================================================================
:FIELD   :           :        :    :     1103.9:      289.5:        0.0:     1521.7:        0.0:     1460.0:        0.0:     1516.3:
:G1      :           :        :    :     1103.9:      289.5:        0.0:     1521.7:        0.0:     1460.0:        0.0:     1516.3:
:PROD    : 10, 10    :    PROD: BHP:     1103.9:      289.5:        0.0:     1521.7:        0.0:        0.0:        0.0:        0.0:
:INJ     :  1,  1    :     INJ:WRAT:        0.0:        0.0:        0.0:        0.0:        0.0:     1460.0:        0.0:     1516.3:
:--------:-----------:--------:----:-----------:-----------:-----------:-----------:-----------:-----------:-----------:-----------:


Report step 40/96 at day 1215/2920, date = 30-Apr-2018

Starting time step 0, stepsize 31 days, at day 1215/1246, date = 30-Apr-2018

Warning: Keyword 'WELLS' is unhandled for output to restart file.
 Newton its= 2, linearizations= 3 (0.0sec), linear its=  1 (0.0sec)
Restart file written for report step 40/96, date = 30-Apr-2018 00:00:00

                              **************************************************************************
  WELLS    AT      1246  DAYS *                 SPE1 - CASE 2                                          *
  REPORT   41    31 May 2018  *                                             Flow  version 2025.10-pre  *
                              **************************************************************************


======================================================= PRODUCTION REPORT =======================================================
:  WELL  : LOCATION  :CTRL:    OIL    :   WATER   :    GAS    :   FLUID   :   WATER   : GAS/OIL  :  WAT/GAS   : BHP OR : THP OR :
:  NAME  :  (I,J,K)  :MODE:   RATE    :   RATE    :   RATE    : RES.VOL.  :    CUT    :  RATIO   :   RATIO    :CON.PR. :BLK.PR. :
:        :           :    :  SCM/DAY  :  SCM/DAY  :  RCM/DAY  :  SCM/SCM  :  SCM/SCM  : SCM/SCM  :  SCM/SCM   : BARSA  : BARSA  :
=================================================================================================================================
:FIELD   :           :    :        3.9:        1.0:       -0.0:        5.4:      0.208:     -0.00:      0.0000:        :        :
:G1      :           :    :        3.9:        1.0:       -0.0:        5.4:      0.208:     -0.00:      0.0000:        :        :
:PROD    : 10, 10    : BHP:        3.9:        1.0:       -0.0:        5.4:      0.208:     -0.00:      0.0000:   245.0:     0.0:
:--------:-----------:----:-----------:-----------:-----------:-----------:-----------:----------:------------:--------:--------:

============================================= INJECTION REPORT ==============================================
:  WELL  : LOCATION  : CTRL : CTRL : CTRL :    OIL    :   WATER   :    GAS    :   FLUID   : BHP OR : THP OR :
:  NAME  :  (I,J,K)  : MODE : MODE : MODE :   RATE    :   RATE    :   RATE    : RES.VOL.  :CON.PR. :BLK.PR. :
:        :           : OIL  : WAT  : GAS  :  SCM/DAY  :  SCM/DAY  :  SCM/DAY  :  RCM/DAY  : BARSA  : BARSA  :
=============================================================================================================
:FIELD   :           :      :      :      :        0.0:        0.0:        0.0:        0.0:        :        :
:G1      :           :      :      :      :        0.0:        0.0:        0.0:        0.0:        :        :
:INJ     :  1,  1    :      :  WRAT:      :        0.0:        0.0:        0.0:        0.0:     0.0:     0.0:
:--------:-----------:------:------:------:-----------:-----------:-----------:-----------:--------:--------:

============================================== CUMULATIVE PRODUCTION/INJECTION TOTALS ==============================================
:  WELL  : LOCATION  :  WELL  :CTRL:    OIL    :   WATER   :    GAS    :   Prod    :    OIL    :   WATER   :    GAS    :    INJ    :
:  NAME  :  (I,J,K)  :  TYPE  :MODE:   PROD    :   PROD    :   PROD    : RES.VOL.  :    INJ    :    INJ    :    INJ    : RES.VOL.  :
:        :           :        :    :   MSCM    :   MSCM    :   MMSCM   :   MRCM    :   MSCM    :   MSCM    :   MMSCM   :   MRCM    :
====================================================================================================================================
:FIELD   :           :        :    :     1104.1:      289.5:        0.0:     1521.8:        0.0:     1460.0:        0.0:     1516.3:
:G1      :           :        :    :     1104.1:      289.5:        0.0:     1521.8:        0.0:     1460.0:        0.0:     1516.3:
:PROD    : 10, 10    :    PROD: BHP:     1104.1:      289.5:        0.0:     1521.8:        0.0:        0.0:        0.0:        0.0:
:INJ     :  1,  1    :     INJ:WRAT:        0.0:        0.0:        0.0:        0.0:        0.0:     1460.0:        0.0:     1516.3:
:--------:-----------:--------:----:-----------:-----------:-----------:-----------:-----------:-----------:-----------:-----------:


Report step 41/96 at day 1246/2920, date = 31-May-2018

Starting time step 0, stepsize 30 days, at day 1246/1276, date = 31-May-2018

Warning: Keyword 'WELLS' is unhandled for output to restart file.
 Newton its= 1, linearizations= 2 (0.0sec), linear its=  1 (0.0sec)
Restart file written for report step 41/96, date = 31-May-2018 00:00:00

                              **************************************************************************
  WELLS    AT      1276  DAYS *                 SPE1 - CASE 2                                          *
  REPORT   42    30 Jun 2018  *                                             Flow  version 2025.10-pre  *
                              **************************************************************************


======================================================= PRODUCTION REPORT =======================================================
:  WELL  : LOCATION  :CTRL:    OIL    :   WATER   :    GAS    :   FLUID   :   WATER   : GAS/OIL  :  WAT/GAS   : BHP OR : THP OR :
:  NAME  :  (I,J,K)  :MODE:   RATE    :   RATE    :   RATE    : RES.VOL.  :    CUT    :  RATIO   :   RATIO    :CON.PR. :BLK.PR. :
:        :           :    :  SCM/DAY  :  SCM/DAY  :  RCM/DAY  :  SCM/SCM  :  SCM/SCM  : SCM/SCM  :  SCM/SCM   : BARSA  : BARSA  :
=================================================================================================================================
:FIELD   :           :    :        1.3:        0.3:       -0.0:        1.7:      0.208:     -0.00:      0.0000:        :        :
:G1      :           :    :        1.3:        0.3:       -0.0:        1.7:      0.208:     -0.00:      0.0000:        :        :
:PROD    : 10, 10    : BHP:        1.3:        0.3:       -0.0:        1.7:      0.208:     -0.00:      0.0000:   245.0:     0.0:
:--------:-----------:----:-----------:-----------:-----------:-----------:-----------:----------:------------:--------:--------:

============================================= INJECTION REPORT ==============================================
:  WELL  : LOCATION  : CTRL : CTRL : CTRL :    OIL    :   WATER   :    GAS    :   FLUID   : BHP OR : THP OR :
:  NAME  :  (I,J,K)  : MODE : MODE : MODE :   RATE    :   RATE    :   RATE    : RES.VOL.  :CON.PR. :BLK.PR. :
:        :           : OIL  : WAT  : GAS  :  SCM/DAY  :  SCM/DAY  :  SCM/DAY  :  RCM/DAY  : BARSA  : BARSA  :
=============================================================================================================
:FIELD   :           :      :      :      :        0.0:        0.0:        0.0:        0.0:        :        :
:G1      :           :      :      :      :        0.0:        0.0:        0.0:        0.0:        :        :
:INJ     :  1,  1    :      :  WRAT:      :        0.0:        0.0:        0.0:        0.0:     0.0:     0.0:
:--------:-----------:------:------:------:-----------:-----------:-----------:-----------:--------:--------:

============================================== CUMULATIVE PRODUCTION/INJECTION TOTALS ==============================================
:  WELL  : LOCATION  :  WELL  :CTRL:    OIL    :   WATER   :    GAS    :   Prod    :    OIL    :   WATER   :    GAS    :    INJ    :
:  NAME  :  (I,J,K)  :  TYPE  :MODE:   PROD    :   PROD    :   PROD    : RES.VOL.  :    INJ    :    INJ    :    INJ    : RES.VOL.  :
:        :           :        :    :   MSCM    :   MSCM    :   MMSCM   :   MRCM    :   MSCM    :   MSCM    :   MMSCM   :   MRCM    :
====================================================================================================================================
:FIELD   :           :        :    :     1104.1:      289.5:        0.0:     1521.9:        0.0:     1460.0:        0.0:     1516.3:
:G1      :           :        :    :     1104.1:      289.5:        0.0:     1521.9:        0.0:     1460.0:        0.0:     1516.3:
:PROD    : 10, 10    :    PROD: BHP:     1104.1:      289.5:        0.0:     1521.9:        0.0:        0.0:        0.0:        0.0:
:INJ     :  1,  1    :     INJ:WRAT:        0.0:        0.0:        0.0:        0.0:        0.0:     1460.0:        0.0:     1516.3:
:--------:-----------:--------:----:-----------:-----------:-----------:-----------:-----------:-----------:-----------:-----------:


Report step 42/96 at day 1276/2920, date = 30-Jun-2018

Starting time step 0, stepsize 31 days, at day 1276/1307, date = 30-Jun-2018

Warning: Keyword 'WELLS' is unhandled for output to restart file.
 Newton its= 1, linearizations= 2 (0.0sec), linear its=  1 (0.0sec)
Restart file written for report step 42/96, date = 30-Jun-2018 00:00:00

                              **************************************************************************
  WELLS    AT      1307  DAYS *                 SPE1 - CASE 2                                          *
  REPORT   43    31 Jul 2018  *                                             Flow  version 2025.10-pre  *
                              **************************************************************************


======================================================= PRODUCTION REPORT =======================================================
:  WELL  : LOCATION  :CTRL:    OIL    :   WATER   :    GAS    :   FLUID   :   WATER   : GAS/OIL  :  WAT/GAS   : BHP OR : THP OR :
:  NAME  :  (I,J,K)  :MODE:   RATE    :   RATE    :   RATE    : RES.VOL.  :    CUT    :  RATIO   :   RATIO    :CON.PR. :BLK.PR. :
:        :           :    :  SCM/DAY  :  SCM/DAY  :  RCM/DAY  :  SCM/SCM  :  SCM/SCM  : SCM/SCM  :  SCM/SCM   : BARSA  : BARSA  :
=================================================================================================================================
:FIELD   :           :    :        0.4:        0.1:       -0.0:        0.5:      0.208:     -0.00:      0.0000:        :        :
:G1      :           :    :        0.4:        0.1:       -0.0:        0.5:      0.208:     -0.00:      0.0000:        :        :
:PROD    : 10, 10    : BHP:        0.4:        0.1:       -0.0:        0.5:      0.208:     -0.00:      0.0000:   245.0:     0.0:
:--------:-----------:----:-----------:-----------:-----------:-----------:-----------:----------:------------:--------:--------:

============================================= INJECTION REPORT ==============================================
:  WELL  : LOCATION  : CTRL : CTRL : CTRL :    OIL    :   WATER   :    GAS    :   FLUID   : BHP OR : THP OR :
:  NAME  :  (I,J,K)  : MODE : MODE : MODE :   RATE    :   RATE    :   RATE    : RES.VOL.  :CON.PR. :BLK.PR. :
:        :           : OIL  : WAT  : GAS  :  SCM/DAY  :  SCM/DAY  :  SCM/DAY  :  RCM/DAY  : BARSA  : BARSA  :
=============================================================================================================
:FIELD   :           :      :      :      :        0.0:        0.0:        0.0:        0.0:        :        :
:G1      :           :      :      :      :        0.0:        0.0:        0.0:        0.0:        :        :
:INJ     :  1,  1    :      :  WRAT:      :        0.0:        0.0:        0.0:        0.0:     0.0:     0.0:
:--------:-----------:------:------:------:-----------:-----------:-----------:-----------:--------:--------:

============================================== CUMULATIVE PRODUCTION/INJECTION TOTALS ==============================================
:  WELL  : LOCATION  :  WELL  :CTRL:    OIL    :   WATER   :    GAS    :   Prod    :    OIL    :   WATER   :    GAS    :    INJ    :
:  NAME  :  (I,J,K)  :  TYPE  :MODE:   PROD    :   PROD    :   PROD    : RES.VOL.  :    INJ    :    INJ    :    INJ    : RES.VOL.  :
:        :           :        :    :   MSCM    :   MSCM    :   MMSCM   :   MRCM    :   MSCM    :   MSCM    :   MMSCM   :   MRCM    :
====================================================================================================================================
:FIELD   :           :        :    :     1104.1:      289.5:        0.0:     1521.9:        0.0:     1460.0:        0.0:     1516.3:
:G1      :           :        :    :     1104.1:      289.5:        0.0:     1521.9:        0.0:     1460.0:        0.0:     1516.3:
:PROD    : 10, 10    :    PROD: BHP:     1104.1:      289.5:        0.0:     1521.9:        0.0:        0.0:        0.0:        0.0:
:INJ     :  1,  1    :     INJ:WRAT:        0.0:        0.0:        0.0:        0.0:        0.0:     1460.0:        0.0:     1516.3:
:--------:-----------:--------:----:-----------:-----------:-----------:-----------:-----------:-----------:-----------:-----------:


Report step 43/96 at day 1307/2920, date = 31-Jul-2018

Starting time step 0, stepsize 31 days, at day 1307/1338, date = 31-Jul-2018

Warning: Keyword 'WELLS' is unhandled for output to restart file.
 Newton its= 1, linearizations= 2 (0.0sec), linear its=  1 (0.0sec)
Restart file written for report step 43/96, date = 31-Jul-2018 00:00:00

                              **************************************************************************
  WELLS    AT      1338  DAYS *                 SPE1 - CASE 2                                          *
  REPORT   44    31 Aug 2018  *                                             Flow  version 2025.10-pre  *
                              **************************************************************************


======================================================= PRODUCTION REPORT =======================================================
:  WELL  : LOCATION  :CTRL:    OIL    :   WATER   :    GAS    :   FLUID   :   WATER   : GAS/OIL  :  WAT/GAS   : BHP OR : THP OR :
:  NAME  :  (I,J,K)  :MODE:   RATE    :   RATE    :   RATE    : RES.VOL.  :    CUT    :  RATIO   :   RATIO    :CON.PR. :BLK.PR. :
:        :           :    :  SCM/DAY  :  SCM/DAY  :  RCM/DAY  :  SCM/SCM  :  SCM/SCM  : SCM/SCM  :  SCM/SCM   : BARSA  : BARSA  :
=================================================================================================================================
:FIELD   :           :    :        0.1:        0.0:       -0.0:        0.2:      0.208:     -0.00:      0.0000:        :        :
:G1      :           :    :        0.1:        0.0:       -0.0:        0.2:      0.208:     -0.00:      0.0000:        :        :
:PROD    : 10, 10    : BHP:        0.1:        0.0:       -0.0:        0.2:      0.208:     -0.00:      0.0000:   245.0:     0.0:
:--------:-----------:----:-----------:-----------:-----------:-----------:-----------:----------:------------:--------:--------:

============================================= INJECTION REPORT ==============================================
:  WELL  : LOCATION  : CTRL : CTRL : CTRL :    OIL    :   WATER   :    GAS    :   FLUID   : BHP OR : THP OR :
:  NAME  :  (I,J,K)  : MODE : MODE : MODE :   RATE    :   RATE    :   RATE    : RES.VOL.  :CON.PR. :BLK.PR. :
:        :           : OIL  : WAT  : GAS  :  SCM/DAY  :  SCM/DAY  :  SCM/DAY  :  RCM/DAY  : BARSA  : BARSA  :
=============================================================================================================
:FIELD   :           :      :      :      :        0.0:        0.0:        0.0:        0.0:        :        :
:G1      :           :      :      :      :        0.0:        0.0:        0.0:        0.0:        :        :
:INJ     :  1,  1    :      :  WRAT:      :        0.0:        0.0:        0.0:        0.0:     0.0:     0.0:
:--------:-----------:------:------:------:-----------:-----------:-----------:-----------:--------:--------:

============================================== CUMULATIVE PRODUCTION/INJECTION TOTALS ==============================================
:  WELL  : LOCATION  :  WELL  :CTRL:    OIL    :   WATER   :    GAS    :   Prod    :    OIL    :   WATER   :    GAS    :    INJ    :
:  NAME  :  (I,J,K)  :  TYPE  :MODE:   PROD    :   PROD    :   PROD    : RES.VOL.  :    INJ    :    INJ    :    INJ    : RES.VOL.  :
:        :           :        :    :   MSCM    :   MSCM    :   MMSCM   :   MRCM    :   MSCM    :   MSCM    :   MMSCM   :   MRCM    :
====================================================================================================================================
:FIELD   :           :        :    :     1104.1:      289.5:        0.0:     1521.9:        0.0:     1460.0:        0.0:     1516.3:
:G1      :           :        :    :     1104.1:      289.5:        0.0:     1521.9:        0.0:     1460.0:        0.0:     1516.3:
:PROD    : 10, 10    :    PROD: BHP:     1104.1:      289.5:        0.0:     1521.9:        0.0:        0.0:        0.0:        0.0:
:INJ     :  1,  1    :     INJ:WRAT:        0.0:        0.0:        0.0:        0.0:        0.0:     1460.0:        0.0:     1516.3:
:--------:-----------:--------:----:-----------:-----------:-----------:-----------:-----------:-----------:-----------:-----------:


Report step 44/96 at day 1338/2920, date = 31-Aug-2018

Starting time step 0, stepsize 30 days, at day 1338/1368, date = 31-Aug-2018

Warning: Keyword 'WELLS' is unhandled for output to restart file.
 Newton its= 3, linearizations= 4 (0.0sec), linear its=  2 (0.0sec)
Restart file written for report step 44/96, date = 31-Aug-2018 00:00:00

                              **************************************************************************
  WELLS    AT      1368  DAYS *                 SPE1 - CASE 2                                          *
  REPORT   45    30 Sep 2018  *                                             Flow  version 2025.10-pre  *
                              **************************************************************************


======================================================= PRODUCTION REPORT =======================================================
:  WELL  : LOCATION  :CTRL:    OIL    :   WATER   :    GAS    :   FLUID   :   WATER   : GAS/OIL  :  WAT/GAS   : BHP OR : THP OR :
:  NAME  :  (I,J,K)  :MODE:   RATE    :   RATE    :   RATE    : RES.VOL.  :    CUT    :  RATIO   :   RATIO    :CON.PR. :BLK.PR. :
:        :           :    :  SCM/DAY  :  SCM/DAY  :  RCM/DAY  :  SCM/SCM  :  SCM/SCM  : SCM/SCM  :  SCM/SCM   : BARSA  : BARSA  :
=================================================================================================================================
:FIELD   :           :    :        0.0:        0.0:       -0.0:        0.1:      0.208:     -0.00:      0.0000:        :        :
:G1      :           :    :        0.0:        0.0:       -0.0:        0.1:      0.208:     -0.00:      0.0000:        :        :
:PROD    : 10, 10    : BHP:        0.0:        0.0:       -0.0:        0.1:      0.208:     -0.00:      0.0000:   245.0:     0.0:
:--------:-----------:----:-----------:-----------:-----------:-----------:-----------:----------:------------:--------:--------:

============================================= INJECTION REPORT ==============================================
:  WELL  : LOCATION  : CTRL : CTRL : CTRL :    OIL    :   WATER   :    GAS    :   FLUID   : BHP OR : THP OR :
:  NAME  :  (I,J,K)  : MODE : MODE : MODE :   RATE    :   RATE    :   RATE    : RES.VOL.  :CON.PR. :BLK.PR. :
:        :           : OIL  : WAT  : GAS  :  SCM/DAY  :  SCM/DAY  :  SCM/DAY  :  RCM/DAY  : BARSA  : BARSA  :
=============================================================================================================
:FIELD   :           :      :      :      :        0.0:        0.0:        0.0:        0.0:        :        :
:G1      :           :      :      :      :        0.0:        0.0:        0.0:        0.0:        :        :
:INJ     :  1,  1    :      :  WRAT:      :        0.0:        0.0:        0.0:        0.0:     0.0:     0.0:
:--------:-----------:------:------:------:-----------:-----------:-----------:-----------:--------:--------:

============================================== CUMULATIVE PRODUCTION/INJECTION TOTALS ==============================================
:  WELL  : LOCATION  :  WELL  :CTRL:    OIL    :   WATER   :    GAS    :   Prod    :    OIL    :   WATER   :    GAS    :    INJ    :
:  NAME  :  (I,J,K)  :  TYPE  :MODE:   PROD    :   PROD    :   PROD    : RES.VOL.  :    INJ    :    INJ    :    INJ    : RES.VOL.  :
:        :           :        :    :   MSCM    :   MSCM    :   MMSCM   :   MRCM    :   MSCM    :   MSCM    :   MMSCM   :   MRCM    :
====================================================================================================================================
:FIELD   :           :        :    :     1104.1:      289.5:        0.0:     1521.9:        0.0:     1460.0:        0.0:     1516.3:
:G1      :           :        :    :     1104.1:      289.5:        0.0:     1521.9:        0.0:     1460.0:        0.0:     1516.3:
:PROD    : 10, 10    :    PROD: BHP:     1104.1:      289.5:        0.0:     1521.9:        0.0:        0.0:        0.0:        0.0:
:INJ     :  1,  1    :     INJ:WRAT:        0.0:        0.0:        0.0:        0.0:        0.0:     1460.0:        0.0:     1516.3:
:--------:-----------:--------:----:-----------:-----------:-----------:-----------:-----------:-----------:-----------:-----------:


Report step 45/96 at day 1368/2920, date = 30-Sep-2018

Starting time step 0, stepsize 31 days, at day 1368/1399, date = 30-Sep-2018

Warning: Keyword 'WELLS' is unhandled for output to restart file.
 Newton its= 2, linearizations= 3 (0.0sec), linear its=  1 (0.0sec)
Restart file written for report step 45/96, date = 30-Sep-2018 00:00:00

                              **************************************************************************
  WELLS    AT      1399  DAYS *                 SPE1 - CASE 2                                          *
  REPORT   46    31 Oct 2018  *                                             Flow  version 2025.10-pre  *
                              **************************************************************************


======================================================= PRODUCTION REPORT =======================================================
:  WELL  : LOCATION  :CTRL:    OIL    :   WATER   :    GAS    :   FLUID   :   WATER   : GAS/OIL  :  WAT/GAS   : BHP OR : THP OR :
:  NAME  :  (I,J,K)  :MODE:   RATE    :   RATE    :   RATE    : RES.VOL.  :    CUT    :  RATIO   :   RATIO    :CON.PR. :BLK.PR. :
:        :           :    :  SCM/DAY  :  SCM/DAY  :  RCM/DAY  :  SCM/SCM  :  SCM/SCM  : SCM/SCM  :  SCM/SCM   : BARSA  : BARSA  :
=================================================================================================================================
:FIELD   :           :    :        0.0:        0.0:       -0.0:        0.0:      0.208:     -0.00:      0.0000:        :        :
:G1      :           :    :        0.0:        0.0:       -0.0:        0.0:      0.208:     -0.00:      0.0000:        :        :
:PROD    : 10, 10    : BHP:        0.0:        0.0:       -0.0:        0.0:      0.208:     -0.00:      0.0000:   245.0:     0.0:
:--------:-----------:----:-----------:-----------:-----------:-----------:-----------:----------:------------:--------:--------:

============================================= INJECTION REPORT ==============================================
:  WELL  : LOCATION  : CTRL : CTRL : CTRL :    OIL    :   WATER   :    GAS    :   FLUID   : BHP OR : THP OR :
:  NAME  :  (I,J,K)  : MODE : MODE : MODE :   RATE    :   RATE    :   RATE    : RES.VOL.  :CON.PR. :BLK.PR. :
:        :           : OIL  : WAT  : GAS  :  SCM/DAY  :  SCM/DAY  :  SCM/DAY  :  RCM/DAY  : BARSA  : BARSA  :
=============================================================================================================
:FIELD   :           :      :      :      :        0.0:        0.0:        0.0:        0.0:        :        :
:G1      :           :      :      :      :        0.0:        0.0:        0.0:        0.0:        :        :
:INJ     :  1,  1    :      :  WRAT:      :        0.0:        0.0:        0.0:        0.0:     0.0:     0.0:
:--------:-----------:------:------:------:-----------:-----------:-----------:-----------:--------:--------:

============================================== CUMULATIVE PRODUCTION/INJECTION TOTALS ==============================================
:  WELL  : LOCATION  :  WELL  :CTRL:    OIL    :   WATER   :    GAS    :   Prod    :    OIL    :   WATER   :    GAS    :    INJ    :
:  NAME  :  (I,J,K)  :  TYPE  :MODE:   PROD    :   PROD    :   PROD    : RES.VOL.  :    INJ    :    INJ    :    INJ    : RES.VOL.  :
:        :           :        :    :   MSCM    :   MSCM    :   MMSCM   :   MRCM    :   MSCM    :   MSCM    :   MMSCM   :   MRCM    :
====================================================================================================================================
:FIELD   :           :        :    :     1104.1:      289.5:        0.0:     1521.9:        0.0:     1460.0:        0.0:     1516.3:
:G1      :           :        :    :     1104.1:      289.5:        0.0:     1521.9:        0.0:     1460.0:        0.0:     1516.3:
:PROD    : 10, 10    :    PROD: BHP:     1104.1:      289.5:        0.0:     1521.9:        0.0:        0.0:        0.0:        0.0:
:INJ     :  1,  1    :     INJ:WRAT:        0.0:        0.0:        0.0:        0.0:        0.0:     1460.0:        0.0:     1516.3:
:--------:-----------:--------:----:-----------:-----------:-----------:-----------:-----------:-----------:-----------:-----------:


Report step 46/96 at day 1399/2920, date = 31-Oct-2018

Starting time step 0, stepsize 30 days, at day 1399/1429, date = 31-Oct-2018

Warning: Keyword 'WELLS' is unhandled for output to restart file.
 Newton its= 2, linearizations= 3 (0.0sec), linear its=  0 (0.0sec)
Restart file written for report step 46/96, date = 31-Oct-2018 00:00:00

                              **************************************************************************
  WELLS    AT      1429  DAYS *                 SPE1 - CASE 2                                          *
  REPORT   47    30 Nov 2018  *                                             Flow  version 2025.10-pre  *
                              **************************************************************************


======================================================= PRODUCTION REPORT =======================================================
:  WELL  : LOCATION  :CTRL:    OIL    :   WATER   :    GAS    :   FLUID   :   WATER   : GAS/OIL  :  WAT/GAS   : BHP OR : THP OR :
:  NAME  :  (I,J,K)  :MODE:   RATE    :   RATE    :   RATE    : RES.VOL.  :    CUT    :  RATIO   :   RATIO    :CON.PR. :BLK.PR. :
:        :           :    :  SCM/DAY  :  SCM/DAY  :  RCM/DAY  :  SCM/SCM  :  SCM/SCM  : SCM/SCM  :  SCM/SCM   : BARSA  : BARSA  :
=================================================================================================================================
:FIELD   :           :    :        0.0:        0.0:       -0.0:        0.0:      0.208:     -0.00:      0.0000:        :        :
:G1      :           :    :        0.0:        0.0:       -0.0:        0.0:      0.208:     -0.00:      0.0000:        :        :
:PROD    : 10, 10    : BHP:        0.0:        0.0:       -0.0:        0.0:      0.208:     -0.00:      0.0000:   245.0:     0.0:
:--------:-----------:----:-----------:-----------:-----------:-----------:-----------:----------:------------:--------:--------:

============================================= INJECTION REPORT ==============================================
:  WELL  : LOCATION  : CTRL : CTRL : CTRL :    OIL    :   WATER   :    GAS    :   FLUID   : BHP OR : THP OR :
:  NAME  :  (I,J,K)  : MODE : MODE : MODE :   RATE    :   RATE    :   RATE    : RES.VOL.  :CON.PR. :BLK.PR. :
:        :           : OIL  : WAT  : GAS  :  SCM/DAY  :  SCM/DAY  :  SCM/DAY  :  RCM/DAY  : BARSA  : BARSA  :
=============================================================================================================
:FIELD   :           :      :      :      :        0.0:        0.0:        0.0:        0.0:        :        :
:G1      :           :      :      :      :        0.0:        0.0:        0.0:        0.0:        :        :
:INJ     :  1,  1    :      :  WRAT:      :        0.0:        0.0:        0.0:        0.0:     0.0:     0.0:
:--------:-----------:------:------:------:-----------:-----------:-----------:-----------:--------:--------:

============================================== CUMULATIVE PRODUCTION/INJECTION TOTALS ==============================================
:  WELL  : LOCATION  :  WELL  :CTRL:    OIL    :   WATER   :    GAS    :   Prod    :    OIL    :   WATER   :    GAS    :    INJ    :
:  NAME  :  (I,J,K)  :  TYPE  :MODE:   PROD    :   PROD    :   PROD    : RES.VOL.  :    INJ    :    INJ    :    INJ    : RES.VOL.  :
:        :           :        :    :   MSCM    :   MSCM    :   MMSCM   :   MRCM    :   MSCM    :   MSCM    :   MMSCM   :   MRCM    :
====================================================================================================================================
:FIELD   :           :        :    :     1104.1:      289.5:        0.0:     1521.9:        0.0:     1460.0:        0.0:     1516.3:
:G1      :           :        :    :     1104.1:      289.5:        0.0:     1521.9:        0.0:     1460.0:        0.0:     1516.3:
:PROD    : 10, 10    :    PROD: BHP:     1104.1:      289.5:        0.0:     1521.9:        0.0:        0.0:        0.0:        0.0:
:INJ     :  1,  1    :     INJ:WRAT:        0.0:        0.0:        0.0:        0.0:        0.0:     1460.0:        0.0:     1516.3:
:--------:-----------:--------:----:-----------:-----------:-----------:-----------:-----------:-----------:-----------:-----------:


Report step 47/96 at day 1429/2920, date = 30-Nov-2018

Starting time step 0, stepsize 31 days, at day 1429/1460, date = 30-Nov-2018

Warning: Keyword 'WELLS' is unhandled for output to restart file.
 Newton its= 1, linearizations= 2 (0.0sec), linear its=  1 (0.0sec)
Restart file written for report step 47/96, date = 30-Nov-2018 00:00:00

                              **************************************************************************
  WELLS    AT      1460  DAYS *                 SPE1 - CASE 2                                          *
  REPORT   48    31 Dec 2018  *                                             Flow  version 2025.10-pre  *
                              **************************************************************************


======================================================= PRODUCTION REPORT =======================================================
:  WELL  : LOCATION  :CTRL:    OIL    :   WATER   :    GAS    :   FLUID   :   WATER   : GAS/OIL  :  WAT/GAS   : BHP OR : THP OR :
:  NAME  :  (I,J,K)  :MODE:   RATE    :   RATE    :   RATE    : RES.VOL.  :    CUT    :  RATIO   :   RATIO    :CON.PR. :BLK.PR. :
:        :           :    :  SCM/DAY  :  SCM/DAY  :  RCM/DAY  :  SCM/SCM  :  SCM/SCM  : SCM/SCM  :  SCM/SCM   : BARSA  : BARSA  :
=================================================================================================================================
:FIELD   :           :    :        0.0:        0.0:       -0.0:        0.0:      0.208:     -0.00:      0.0000:        :        :
:G1      :           :    :        0.0:        0.0:       -0.0:        0.0:      0.208:     -0.00:      0.0000:        :        :
:PROD    : 10, 10    : BHP:        0.0:        0.0:       -0.0:        0.0:      0.208:     -0.00:      0.0000:   245.0:     0.0:
:--------:-----------:----:-----------:-----------:-----------:-----------:-----------:----------:------------:--------:--------:

============================================= INJECTION REPORT ==============================================
:  WELL  : LOCATION  : CTRL : CTRL : CTRL :    OIL    :   WATER   :    GAS    :   FLUID   : BHP OR : THP OR :
:  NAME  :  (I,J,K)  : MODE : MODE : MODE :   RATE    :   RATE    :   RATE    : RES.VOL.  :CON.PR. :BLK.PR. :
:        :           : OIL  : WAT  : GAS  :  SCM/DAY  :  SCM/DAY  :  SCM/DAY  :  RCM/DAY  : BARSA  : BARSA  :
=============================================================================================================
:FIELD   :           :      :      :      :        0.0:        0.0:        0.0:        0.0:        :        :
:G1      :           :      :      :      :        0.0:        0.0:        0.0:        0.0:        :        :
:INJ     :  1,  1    :      :  WRAT:      :        0.0:        0.0:        0.0:        0.0:     0.0:     0.0:
:--------:-----------:------:------:------:-----------:-----------:-----------:-----------:--------:--------:

============================================== CUMULATIVE PRODUCTION/INJECTION TOTALS ==============================================
:  WELL  : LOCATION  :  WELL  :CTRL:    OIL    :   WATER   :    GAS    :   Prod    :    OIL    :   WATER   :    GAS    :    INJ    :
:  NAME  :  (I,J,K)  :  TYPE  :MODE:   PROD    :   PROD    :   PROD    : RES.VOL.  :    INJ    :    INJ    :    INJ    : RES.VOL.  :
:        :           :        :    :   MSCM    :   MSCM    :   MMSCM   :   MRCM    :   MSCM    :   MSCM    :   MMSCM   :   MRCM    :
====================================================================================================================================
:FIELD   :           :        :    :     1104.1:      289.5:        0.0:     1521.9:        0.0:     1460.0:        0.0:     1516.3:
:G1      :           :        :    :     1104.1:      289.5:        0.0:     1521.9:        0.0:     1460.0:        0.0:     1516.3:
:PROD    : 10, 10    :    PROD: BHP:     1104.1:      289.5:        0.0:     1521.9:        0.0:        0.0:        0.0:        0.0:
:INJ     :  1,  1    :     INJ:WRAT:        0.0:        0.0:        0.0:        0.0:        0.0:     1460.0:        0.0:     1516.3:
:--------:-----------:--------:----:-----------:-----------:-----------:-----------:-----------:-----------:-----------:-----------:


Report step 48/96 at day 1460/2920, date = 31-Dec-2018

Starting time step 0, stepsize 31 days, at day 1460/1491, date = 31-Dec-2018
Restart file written for report step 48/96, date = 31-Dec-2018 00:00:00

Warning: Keyword 'WELLS' is unhandled for output to restart file.
 Newton its= 6, linearizations= 7 (0.0sec), linear its=  2 (0.0sec)

                              **************************************************************************
  WELLS    AT      1491  DAYS *                 SPE1 - CASE 2                                          *
  REPORT   49    31 Jan 2019  *                                             Flow  version 2025.10-pre  *
                              **************************************************************************


======================================================= PRODUCTION REPORT =======================================================
:  WELL  : LOCATION  :CTRL:    OIL    :   WATER   :    GAS    :   FLUID   :   WATER   : GAS/OIL  :  WAT/GAS   : BHP OR : THP OR :
:  NAME  :  (I,J,K)  :MODE:   RATE    :   RATE    :   RATE    : RES.VOL.  :    CUT    :  RATIO   :   RATIO    :CON.PR. :BLK.PR. :
:        :           :    :  SCM/DAY  :  SCM/DAY  :  RCM/DAY  :  SCM/SCM  :  SCM/SCM  : SCM/SCM  :  SCM/SCM   : BARSA  : BARSA  :
=================================================================================================================================
:FIELD   :           :    :     1013.4:      266.1:       -0.0:     1397.4:      0.208:     -0.00:      0.0000:        :        :
:G1      :           :    :     1013.4:      266.1:       -0.0:     1397.4:      0.208:     -0.00:      0.0000:        :        :
:PROD    : 10, 10    : BHP:     1013.4:      266.1:       -0.0:     1397.4:      0.208:     -0.00:      0.0000:   245.0:     0.0:
:--------:-----------:----:-----------:-----------:-----------:-----------:-----------:----------:------------:--------:--------:

============================================= INJECTION REPORT ==============================================
:  WELL  : LOCATION  : CTRL : CTRL : CTRL :    OIL    :   WATER   :    GAS    :   FLUID   : BHP OR : THP OR :
:  NAME  :  (I,J,K)  : MODE : MODE : MODE :   RATE    :   RATE    :   RATE    : RES.VOL.  :CON.PR. :BLK.PR. :
:        :           : OIL  : WAT  : GAS  :  SCM/DAY  :  SCM/DAY  :  SCM/DAY  :  RCM/DAY  : BARSA  : BARSA  :
=============================================================================================================
:FIELD   :           :      :      :      :        0.0:     2000.0:        0.0:     2079.0:        :        :
:G1      :           :      :      :      :        0.0:     2000.0:        0.0:     2079.0:        :        :
:INJ     :  1,  1    :      :  WRAT:      :        0.0:     2000.0:        0.0:     2079.0:   270.1:     0.0:
:--------:-----------:------:------:------:-----------:-----------:-----------:-----------:--------:--------:

============================================== CUMULATIVE PRODUCTION/INJECTION TOTALS ==============================================
:  WELL  : LOCATION  :  WELL  :CTRL:    OIL    :   WATER   :    GAS    :   Prod    :    OIL    :   WATER   :    GAS    :    INJ    :
:  NAME  :  (I,J,K)  :  TYPE  :MODE:   PROD    :   PROD    :   PROD    : RES.VOL.  :    INJ    :    INJ    :    INJ    : RES.VOL.  :
:        :           :        :    :   MSCM    :   MSCM    :   MMSCM   :   MRCM    :   MSCM    :   MSCM    :   MMSCM   :   MRCM    :
====================================================================================================================================
:FIELD   :           :        :    :     1135.5:      297.8:        0.0:     1565.2:        0.0:     1522.0:        0.0:     1580.8:
:G1      :           :        :    :     1135.5:      297.8:        0.0:     1565.2:        0.0:     1522.0:        0.0:     1580.8:
:PROD    : 10, 10    :    PROD: BHP:     1135.5:      297.8:        0.0:     1565.2:        0.0:        0.0:        0.0:        0.0:
:INJ     :  1,  1    :     INJ:WRAT:        0.0:        0.0:        0.0:        0.0:        0.0:     1522.0:        0.0:     1580.8:
:--------:-----------:--------:----:-----------:-----------:-----------:-----------:-----------:-----------:-----------:-----------:


Report step 49/96 at day 1491/2920, date = 31-Jan-2019

Starting time step 0, stepsize 8.88768 days, at day 1491/1519, date = 31-Jan-2019
 Newton its= 2, linearizations= 3 (0.0sec), linear its=  1 (0.0sec)
Restart file written for report step 49/96, date = 31-Jan-2019 00:00:00

Starting time step 1, stepsize 19.1123 days, at day 1499.89/1519, date = 08-Feb-2019

Warning: Keyword 'WELLS' is unhandled for output to restart file.
 Newton its= 7, linearizations= 8 (0.0sec), linear its=  3 (0.0sec)

                              **************************************************************************
  WELLS    AT      1519  DAYS *                 SPE1 - CASE 2                                          *
  REPORT   50    28 Feb 2019  *                                             Flow  version 2025.10-pre  *
                              **************************************************************************


======================================================= PRODUCTION REPORT =======================================================
:  WELL  : LOCATION  :CTRL:    OIL    :   WATER   :    GAS    :   FLUID   :   WATER   : GAS/OIL  :  WAT/GAS   : BHP OR : THP OR :
:  NAME  :  (I,J,K)  :MODE:   RATE    :   RATE    :   RATE    : RES.VOL.  :    CUT    :  RATIO   :   RATIO    :CON.PR. :BLK.PR. :
:        :           :    :  SCM/DAY  :  SCM/DAY  :  RCM/DAY  :  SCM/SCM  :  SCM/SCM  : SCM/SCM  :  SCM/SCM   : BARSA  : BARSA  :
=================================================================================================================================
:FIELD   :           :    :     1377.4:      361.6:       -0.0:     1899.1:      0.208:     -0.00:      0.0000:        :        :
:G1      :           :    :     1377.4:      361.6:       -0.0:     1899.1:      0.208:     -0.00:      0.0000:        :        :
:PROD    : 10, 10    : BHP:     1377.4:      361.6:       -0.0:     1899.1:      0.208:     -0.00:      0.0000:   245.0:     0.0:
:--------:-----------:----:-----------:-----------:-----------:-----------:-----------:----------:------------:--------:--------:

============================================= INJECTION REPORT ==============================================
:  WELL  : LOCATION  : CTRL : CTRL : CTRL :    OIL    :   WATER   :    GAS    :   FLUID   : BHP OR : THP OR :
:  NAME  :  (I,J,K)  : MODE : MODE : MODE :   RATE    :   RATE    :   RATE    : RES.VOL.  :CON.PR. :BLK.PR. :
:        :           : OIL  : WAT  : GAS  :  SCM/DAY  :  SCM/DAY  :  SCM/DAY  :  RCM/DAY  : BARSA  : BARSA  :
=============================================================================================================
:FIELD   :           :      :      :      :        0.0:     2000.0:        0.0:     2077.4:        :        :
:G1      :           :      :      :      :        0.0:     2000.0:        0.0:     2077.4:        :        :
:INJ     :  1,  1    :      :  WRAT:      :        0.0:     2000.0:        0.0:     2077.4:   275.0:     0.0:
:--------:-----------:------:------:------:-----------:-----------:-----------:-----------:--------:--------:

============================================== CUMULATIVE PRODUCTION/INJECTION TOTALS ==============================================
:  WELL  : LOCATION  :  WELL  :CTRL:    OIL    :   WATER   :    GAS    :   Prod    :    OIL    :   WATER   :    GAS    :    INJ    :
:  NAME  :  (I,J,K)  :  TYPE  :MODE:   PROD    :   PROD    :   PROD    : RES.VOL.  :    INJ    :    INJ    :    INJ    : RES.VOL.  :
:        :           :        :    :   MSCM    :   MSCM    :   MMSCM   :   MRCM    :   MSCM    :   MSCM    :   MMSCM   :   MRCM    :
====================================================================================================================================
:FIELD   :           :        :    :     1172.5:      307.5:        0.0:     1616.3:        0.0:     1578.0:        0.0:     1639.0:
:G1      :           :        :    :     1172.5:      307.5:        0.0:     1616.3:        0.0:     1578.0:        0.0:     1639.0:
:PROD    : 10, 10    :    PROD: BHP:     1172.5:      307.5:        0.0:     1616.3:        0.0:        0.0:        0.0:        0.0:
:INJ     :  1,  1    :     INJ:WRAT:        0.0:        0.0:        0.0:        0.0:        0.0:     1578.0:        0.0:     1639.0:
:--------:-----------:--------:----:-----------:-----------:-----------:-----------:-----------:-----------:-----------:-----------:


Report step 50/96 at day 1519/2920, date = 28-Feb-2019

Starting time step 0, stepsize 15.5 days, at day 1519/1550, date = 28-Feb-2019
 Newton its= 3, linearizations= 4 (0.0sec), linear its=  0 (0.0sec)
Restart file written for report step 50/96, date = 28-Feb-2019 00:00:00

Starting time step 1, stepsize 15.5 days, at day 1534.5/1550, date = 15-Mar-2019

Warning: Keyword 'WELLS' is unhandled for output to restart file.
 Newton its= 2, linearizations= 3 (0.0sec), linear its=  1 (0.0sec)

                              **************************************************************************
  WELLS    AT      1550  DAYS *                 SPE1 - CASE 2                                          *
  REPORT   51    31 Mar 2019  *                                             Flow  version 2025.10-pre  *
                              **************************************************************************


======================================================= PRODUCTION REPORT =======================================================
:  WELL  : LOCATION  :CTRL:    OIL    :   WATER   :    GAS    :   FLUID   :   WATER   : GAS/OIL  :  WAT/GAS   : BHP OR : THP OR :
:  NAME  :  (I,J,K)  :MODE:   RATE    :   RATE    :   RATE    : RES.VOL.  :    CUT    :  RATIO   :   RATIO    :CON.PR. :BLK.PR. :
:        :           :    :  SCM/DAY  :  SCM/DAY  :  RCM/DAY  :  SCM/SCM  :  SCM/SCM  : SCM/SCM  :  SCM/SCM   : BARSA  : BARSA  :
=================================================================================================================================
:FIELD   :           :    :     1477.0:      387.8:       -0.0:     2036.4:      0.208:     -0.00:      0.0000:        :        :
:G1      :           :    :     1477.0:      387.8:       -0.0:     2036.4:      0.208:     -0.00:      0.0000:        :        :
:PROD    : 10, 10    : BHP:     1477.0:      387.8:       -0.0:     2036.4:      0.208:     -0.00:      0.0000:   245.0:     0.0:
:--------:-----------:----:-----------:-----------:-----------:-----------:-----------:----------:------------:--------:--------:

============================================= INJECTION REPORT ==============================================
:  WELL  : LOCATION  : CTRL : CTRL : CTRL :    OIL    :   WATER   :    GAS    :   FLUID   : BHP OR : THP OR :
:  NAME  :  (I,J,K)  : MODE : MODE : MODE :   RATE    :   RATE    :   RATE    : RES.VOL.  :CON.PR. :BLK.PR. :
:        :           : OIL  : WAT  : GAS  :  SCM/DAY  :  SCM/DAY  :  SCM/DAY  :  RCM/DAY  : BARSA  : BARSA  :
=============================================================================================================
:FIELD   :           :      :      :      :        0.0:     2000.0:        0.0:     2077.1:        :        :
:G1      :           :      :      :      :        0.0:     2000.0:        0.0:     2077.1:        :        :
:INJ     :  1,  1    :      :  WRAT:      :        0.0:     2000.0:        0.0:     2077.1:   276.3:     0.0:
:--------:-----------:------:------:------:-----------:-----------:-----------:-----------:--------:--------:

============================================== CUMULATIVE PRODUCTION/INJECTION TOTALS ==============================================
:  WELL  : LOCATION  :  WELL  :CTRL:    OIL    :   WATER   :    GAS    :   Prod    :    OIL    :   WATER   :    GAS    :    INJ    :
:  NAME  :  (I,J,K)  :  TYPE  :MODE:   PROD    :   PROD    :   PROD    : RES.VOL.  :    INJ    :    INJ    :    INJ    : RES.VOL.  :
:        :           :        :    :   MSCM    :   MSCM    :   MMSCM   :   MRCM    :   MSCM    :   MSCM    :   MMSCM   :   MRCM    :
====================================================================================================================================
:FIELD   :           :        :    :     1217.8:      319.4:        0.0:     1678.7:        0.0:     1640.0:        0.0:     1703.4:
:G1      :           :        :    :     1217.8:      319.4:        0.0:     1678.7:        0.0:     1640.0:        0.0:     1703.4:
:PROD    : 10, 10    :    PROD: BHP:     1217.8:      319.4:        0.0:     1678.7:        0.0:        0.0:        0.0:        0.0:
:INJ     :  1,  1    :     INJ:WRAT:        0.0:        0.0:        0.0:        0.0:        0.0:     1640.0:        0.0:     1703.4:
:--------:-----------:--------:----:-----------:-----------:-----------:-----------:-----------:-----------:-----------:-----------:


Report step 51/96 at day 1550/2920, date = 31-Mar-2019

Starting time step 0, stepsize 30 days, at day 1550/1580, date = 31-Mar-2019

Warning: Keyword 'WELLS' is unhandled for output to restart file.
 Newton its= 3, linearizations= 4 (0.0sec), linear its=  1 (0.0sec)
Restart file written for report step 51/96, date = 31-Mar-2019 00:00:00

                              **************************************************************************
  WELLS    AT      1580  DAYS *                 SPE1 - CASE 2                                          *
  REPORT   52    30 Apr 2019  *                                             Flow  version 2025.10-pre  *
                              **************************************************************************


======================================================= PRODUCTION REPORT =======================================================
:  WELL  : LOCATION  :CTRL:    OIL    :   WATER   :    GAS    :   FLUID   :   WATER   : GAS/OIL  :  WAT/GAS   : BHP OR : THP OR :
:  NAME  :  (I,J,K)  :MODE:   RATE    :   RATE    :   RATE    : RES.VOL.  :    CUT    :  RATIO   :   RATIO    :CON.PR. :BLK.PR. :
:        :           :    :  SCM/DAY  :  SCM/DAY  :  RCM/DAY  :  SCM/SCM  :  SCM/SCM  : SCM/SCM  :  SCM/SCM   : BARSA  : BARSA  :
=================================================================================================================================
:FIELD   :           :    :     1497.0:      393.1:       -0.0:     2063.9:      0.208:     -0.00:      0.0000:        :        :
:G1      :           :    :     1497.0:      393.1:       -0.0:     2063.9:      0.208:     -0.00:      0.0000:        :        :
:PROD    : 10, 10    : BHP:     1497.0:      393.1:       -0.0:     2063.9:      0.208:     -0.00:      0.0000:   245.0:     0.0:
:--------:-----------:----:-----------:-----------:-----------:-----------:-----------:----------:------------:--------:--------:

============================================= INJECTION REPORT ==============================================
:  WELL  : LOCATION  : CTRL : CTRL : CTRL :    OIL    :   WATER   :    GAS    :   FLUID   : BHP OR : THP OR :
:  NAME  :  (I,J,K)  : MODE : MODE : MODE :   RATE    :   RATE    :   RATE    : RES.VOL.  :CON.PR. :BLK.PR. :
:        :           : OIL  : WAT  : GAS  :  SCM/DAY  :  SCM/DAY  :  SCM/DAY  :  RCM/DAY  : BARSA  : BARSA  :
=============================================================================================================
:FIELD   :           :      :      :      :        0.0:     2000.0:        0.0:     2077.1:        :        :
:G1      :           :      :      :      :        0.0:     2000.0:        0.0:     2077.1:        :        :
:INJ     :  1,  1    :      :  WRAT:      :        0.0:     2000.0:        0.0:     2077.1:   276.5:     0.0:
:--------:-----------:------:------:------:-----------:-----------:-----------:-----------:--------:--------:

============================================== CUMULATIVE PRODUCTION/INJECTION TOTALS ==============================================
:  WELL  : LOCATION  :  WELL  :CTRL:    OIL    :   WATER   :    GAS    :   Prod    :    OIL    :   WATER   :    GAS    :    INJ    :
:  NAME  :  (I,J,K)  :  TYPE  :MODE:   PROD    :   PROD    :   PROD    : RES.VOL.  :    INJ    :    INJ    :    INJ    : RES.VOL.  :
:        :           :        :    :   MSCM    :   MSCM    :   MMSCM   :   MRCM    :   MSCM    :   MSCM    :   MMSCM   :   MRCM    :
====================================================================================================================================
:FIELD   :           :        :    :     1262.7:      331.2:        0.0:     1740.6:        0.0:     1700.0:        0.0:     1765.7:
:G1      :           :        :    :     1262.7:      331.2:        0.0:     1740.6:        0.0:     1700.0:        0.0:     1765.7:
:PROD    : 10, 10    :    PROD: BHP:     1262.7:      331.2:        0.0:     1740.6:        0.0:        0.0:        0.0:        0.0:
:INJ     :  1,  1    :     INJ:WRAT:        0.0:        0.0:        0.0:        0.0:        0.0:     1700.0:        0.0:     1765.7:
:--------:-----------:--------:----:-----------:-----------:-----------:-----------:-----------:-----------:-----------:-----------:


Report step 52/96 at day 1580/2920, date = 30-Apr-2019

Starting time step 0, stepsize 31 days, at day 1580/1611, date = 30-Apr-2019
Restart file written for report step 52/96, date = 30-Apr-2019 00:00:00

Warning: Keyword 'WELLS' is unhandled for output to restart file.
 Newton its= 9, linearizations=10 (0.0sec), linear its=  3 (0.0sec)

                              **************************************************************************
  WELLS    AT      1611  DAYS *                 SPE1 - CASE 2                                          *
  REPORT   53    31 May 2019  *                                             Flow  version 2025.10-pre  *
                              **************************************************************************


======================================================= PRODUCTION REPORT =======================================================
:  WELL  : LOCATION  :CTRL:    OIL    :   WATER   :    GAS    :   FLUID   :   WATER   : GAS/OIL  :  WAT/GAS   : BHP OR : THP OR :
:  NAME  :  (I,J,K)  :MODE:   RATE    :   RATE    :   RATE    : RES.VOL.  :    CUT    :  RATIO   :   RATIO    :CON.PR. :BLK.PR. :
:        :           :    :  SCM/DAY  :  SCM/DAY  :  RCM/DAY  :  SCM/SCM  :  SCM/SCM  : SCM/SCM  :  SCM/SCM   : BARSA  : BARSA  :
=================================================================================================================================
:FIELD   :           :    :     1503.4:      394.7:       -0.0:     2072.7:      0.208:     -0.00:      0.0000:        :        :
:G1      :           :    :     1503.4:      394.7:       -0.0:     2072.7:      0.208:     -0.00:      0.0000:        :        :
:PROD    : 10, 10    : BHP:     1503.4:      394.7:       -0.0:     2072.7:      0.208:     -0.00:      0.0000:   245.0:     0.0:
:--------:-----------:----:-----------:-----------:-----------:-----------:-----------:----------:------------:--------:--------:

============================================= INJECTION REPORT ==============================================
:  WELL  : LOCATION  : CTRL : CTRL : CTRL :    OIL    :   WATER   :    GAS    :   FLUID   : BHP OR : THP OR :
:  NAME  :  (I,J,K)  : MODE : MODE : MODE :   RATE    :   RATE    :   RATE    : RES.VOL.  :CON.PR. :BLK.PR. :
:        :           : OIL  : WAT  : GAS  :  SCM/DAY  :  SCM/DAY  :  SCM/DAY  :  RCM/DAY  : BARSA  : BARSA  :
=============================================================================================================
:FIELD   :           :      :      :      :        0.0:     2000.0:        0.0:     2077.1:        :        :
:G1      :           :      :      :      :        0.0:     2000.0:        0.0:     2077.1:        :        :
:INJ     :  1,  1    :      :  WRAT:      :        0.0:     2000.0:        0.0:     2077.1:   276.6:     0.0:
:--------:-----------:------:------:------:-----------:-----------:-----------:-----------:--------:--------:

============================================== CUMULATIVE PRODUCTION/INJECTION TOTALS ==============================================
:  WELL  : LOCATION  :  WELL  :CTRL:    OIL    :   WATER   :    GAS    :   Prod    :    OIL    :   WATER   :    GAS    :    INJ    :
:  NAME  :  (I,J,K)  :  TYPE  :MODE:   PROD    :   PROD    :   PROD    : RES.VOL.  :    INJ    :    INJ    :    INJ    : RES.VOL.  :
:        :           :        :    :   MSCM    :   MSCM    :   MMSCM   :   MRCM    :   MSCM    :   MSCM    :   MMSCM   :   MRCM    :
====================================================================================================================================
:FIELD   :           :        :    :     1309.3:      343.4:        0.0:     1804.9:        0.0:     1762.0:        0.0:     1830.1:
:G1      :           :        :    :     1309.3:      343.4:        0.0:     1804.9:        0.0:     1762.0:        0.0:     1830.1:
:PROD    : 10, 10    :    PROD: BHP:     1309.3:      343.4:        0.0:     1804.9:        0.0:        0.0:        0.0:        0.0:
:INJ     :  1,  1    :     INJ:WRAT:        0.0:        0.0:        0.0:        0.0:        0.0:     1762.0:        0.0:     1830.1:
:--------:-----------:--------:----:-----------:-----------:-----------:-----------:-----------:-----------:-----------:-----------:


Report step 53/96 at day 1611/2920, date = 31-May-2019

Starting time step 0, stepsize 15 days, at day 1611/1641, date = 31-May-2019
Restart file written for report step 53/96, date = 31-May-2019 00:00:00
 Newton its=20, linearizations=21 (0.0sec), linear its=  1 (0.0sec)

Starting time step 1, stepsize 6 days, at day 1626/1641, date = 15-Jun-2019
 Newton its= 3, linearizations= 4 (0.0sec), linear its=  1 (0.0sec)

Starting time step 2, stepsize 9 days, at day 1632/1641, date = 21-Jun-2019

Warning: Keyword 'WELLS' is unhandled for output to restart file.
 Newton its= 2, linearizations= 3 (0.0sec), linear its=  1 (0.0sec)

                              **************************************************************************
  WELLS    AT      1641  DAYS *                 SPE1 - CASE 2                                          *
  REPORT   54    30 Jun 2019  *                                             Flow  version 2025.10-pre  *
                              **************************************************************************


======================================================= PRODUCTION REPORT =======================================================
:  WELL  : LOCATION  :CTRL:    OIL    :   WATER   :    GAS    :   FLUID   :   WATER   : GAS/OIL  :  WAT/GAS   : BHP OR : THP OR :
:  NAME  :  (I,J,K)  :MODE:   RATE    :   RATE    :   RATE    : RES.VOL.  :    CUT    :  RATIO   :   RATIO    :CON.PR. :BLK.PR. :
:        :           :    :  SCM/DAY  :  SCM/DAY  :  RCM/DAY  :  SCM/SCM  :  SCM/SCM  : SCM/SCM  :  SCM/SCM   : BARSA  : BARSA  :
=================================================================================================================================
:FIELD   :           :    :     1505.7:      395.4:       -0.0:     2076.0:      0.208:     -0.00:      0.0000:        :        :
:G1      :           :    :     1505.7:      395.4:       -0.0:     2076.0:      0.208:     -0.00:      0.0000:        :        :
:PROD    : 10, 10    : BHP:     1505.7:      395.4:       -0.0:     2076.0:      0.208:     -0.00:      0.0000:   245.0:     0.0:
:--------:-----------:----:-----------:-----------:-----------:-----------:-----------:----------:------------:--------:--------:

============================================= INJECTION REPORT ==============================================
:  WELL  : LOCATION  : CTRL : CTRL : CTRL :    OIL    :   WATER   :    GAS    :   FLUID   : BHP OR : THP OR :
:  NAME  :  (I,J,K)  : MODE : MODE : MODE :   RATE    :   RATE    :   RATE    : RES.VOL.  :CON.PR. :BLK.PR. :
:        :           : OIL  : WAT  : GAS  :  SCM/DAY  :  SCM/DAY  :  SCM/DAY  :  RCM/DAY  : BARSA  : BARSA  :
=============================================================================================================
:FIELD   :           :      :      :      :        0.0:     2000.0:        0.0:     2077.1:        :        :
:G1      :           :      :      :      :        0.0:     2000.0:        0.0:     2077.1:        :        :
:INJ     :  1,  1    :      :  WRAT:      :        0.0:     2000.0:        0.0:     2077.1:   276.6:     0.0:
:--------:-----------:------:------:------:-----------:-----------:-----------:-----------:--------:--------:

============================================== CUMULATIVE PRODUCTION/INJECTION TOTALS ==============================================
:  WELL  : LOCATION  :  WELL  :CTRL:    OIL    :   WATER   :    GAS    :   Prod    :    OIL    :   WATER   :    GAS    :    INJ    :
:  NAME  :  (I,J,K)  :  TYPE  :MODE:   PROD    :   PROD    :   PROD    : RES.VOL.  :    INJ    :    INJ    :    INJ    : RES.VOL.  :
:        :           :        :    :   MSCM    :   MSCM    :   MMSCM   :   MRCM    :   MSCM    :   MSCM    :   MMSCM   :   MRCM    :
====================================================================================================================================
:FIELD   :           :        :    :     1354.5:      355.3:        0.0:     1867.1:        0.0:     1822.0:        0.0:     1892.4:
:G1      :           :        :    :     1354.5:      355.3:        0.0:     1867.1:        0.0:     1822.0:        0.0:     1892.4:
:PROD    : 10, 10    :    PROD: BHP:     1354.5:      355.3:        0.0:     1867.1:        0.0:        0.0:        0.0:        0.0:
:INJ     :  1,  1    :     INJ:WRAT:        0.0:        0.0:        0.0:        0.0:        0.0:     1822.0:        0.0:     1892.4:
:--------:-----------:--------:----:-----------:-----------:-----------:-----------:-----------:-----------:-----------:-----------:


Report step 54/96 at day 1641/2920, date = 30-Jun-2019

Starting time step 0, stepsize 15.5 days, at day 1641/1672, date = 30-Jun-2019
Restart file written for report step 54/96, date = 30-Jun-2019 00:00:00
 Newton its=20, linearizations=21 (0.0sec), linear its=  1 (0.0sec)

Starting time step 1, stepsize 6.2 days, at day 1656.5/1672, date = 15-Jul-2019
 Newton its= 5, linearizations= 6 (0.0sec), linear its=  1 (0.0sec)

Starting time step 2, stepsize 9.3 days, at day 1662.7/1672, date = 21-Jul-2019
    Oscillating behavior detected: Relaxation set to 0.900000
    Oscillating behavior detected: Relaxation set to 0.800000
    Oscillating behavior detected: Relaxation set to 0.700000
    Oscillating behavior detected: Relaxation set to 0.600000

Warning: Keyword 'WELLS' is unhandled for output to restart file.
 Newton its=20, linearizations=21 (0.0sec), linear its=  0 (0.0sec)

                              **************************************************************************
  WELLS    AT      1672  DAYS *                 SPE1 - CASE 2                                          *
  REPORT   55    31 Jul 2019  *                                             Flow  version 2025.10-pre  *
                              **************************************************************************


======================================================= PRODUCTION REPORT =======================================================
:  WELL  : LOCATION  :CTRL:    OIL    :   WATER   :    GAS    :   FLUID   :   WATER   : GAS/OIL  :  WAT/GAS   : BHP OR : THP OR :
:  NAME  :  (I,J,K)  :MODE:   RATE    :   RATE    :   RATE    : RES.VOL.  :    CUT    :  RATIO   :   RATIO    :CON.PR. :BLK.PR. :
:        :           :    :  SCM/DAY  :  SCM/DAY  :  RCM/DAY  :  SCM/SCM  :  SCM/SCM  : SCM/SCM  :  SCM/SCM   : BARSA  : BARSA  :
=================================================================================================================================
:FIELD   :           :    :     1506.3:      395.5:       -0.0:     2076.7:      0.208:     -0.00:      0.0000:        :        :
:G1      :           :    :     1506.3:      395.5:       -0.0:     2076.7:      0.208:     -0.00:      0.0000:        :        :
:PROD    : 10, 10    : BHP:     1506.3:      395.5:       -0.0:     2076.7:      0.208:     -0.00:      0.0000:   245.0:     0.0:
:--------:-----------:----:-----------:-----------:-----------:-----------:-----------:----------:------------:--------:--------:

============================================= INJECTION REPORT ==============================================
:  WELL  : LOCATION  : CTRL : CTRL : CTRL :    OIL    :   WATER   :    GAS    :   FLUID   : BHP OR : THP OR :
:  NAME  :  (I,J,K)  : MODE : MODE : MODE :   RATE    :   RATE    :   RATE    : RES.VOL.  :CON.PR. :BLK.PR. :
:        :           : OIL  : WAT  : GAS  :  SCM/DAY  :  SCM/DAY  :  SCM/DAY  :  RCM/DAY  : BARSA  : BARSA  :
=============================================================================================================
:FIELD   :           :      :      :      :        0.0:     2000.0:        0.0:     2077.1:        :        :
:G1      :           :      :      :      :        0.0:     2000.0:        0.0:     2077.1:        :        :
:INJ     :  1,  1    :      :  WRAT:      :        0.0:     2000.0:        0.0:     2077.1:   276.6:     0.0:
:--------:-----------:------:------:------:-----------:-----------:-----------:-----------:--------:--------:

============================================== CUMULATIVE PRODUCTION/INJECTION TOTALS ==============================================
:  WELL  : LOCATION  :  WELL  :CTRL:    OIL    :   WATER   :    GAS    :   Prod    :    OIL    :   WATER   :    GAS    :    INJ    :
:  NAME  :  (I,J,K)  :  TYPE  :MODE:   PROD    :   PROD    :   PROD    : RES.VOL.  :    INJ    :    INJ    :    INJ    : RES.VOL.  :
:        :           :        :    :   MSCM    :   MSCM    :   MMSCM   :   MRCM    :   MSCM    :   MSCM    :   MMSCM   :   MRCM    :
====================================================================================================================================
:FIELD   :           :        :    :     1401.2:      367.5:        0.0:     1931.5:        0.0:     1884.0:        0.0:     1956.8:
:G1      :           :        :    :     1401.2:      367.5:        0.0:     1931.5:        0.0:     1884.0:        0.0:     1956.8:
:PROD    : 10, 10    :    PROD: BHP:     1401.2:      367.5:        0.0:     1931.5:        0.0:        0.0:        0.0:        0.0:
:INJ     :  1,  1    :     INJ:WRAT:        0.0:        0.0:        0.0:        0.0:        0.0:     1884.0:        0.0:     1956.8:
:--------:-----------:--------:----:-----------:-----------:-----------:-----------:-----------:-----------:-----------:-----------:


Report step 55/96 at day 1672/2920, date = 31-Jul-2019

Starting time step 0, stepsize 3.72 days, at day 1672/1703, date = 31-Jul-2019
 Newton its= 1, linearizations= 2 (0.0sec), linear its=  1 (0.0sec)
Restart file written for report step 55/96, date = 31-Jul-2019 00:00:00

Starting time step 1, stepsize 11.16 days, at day 1675.72/1703, date = 03-Aug-2019
 Newton its= 5, linearizations= 6 (0.0sec), linear its=  2 (0.0sec)

Starting time step 2, stepsize 16.12 days, at day 1686.88/1703, date = 14-Aug-2019
    Oscillating behavior detected: Relaxation set to 0.900000
    Oscillating behavior detected: Relaxation set to 0.800000
    Oscillating behavior detected: Relaxation set to 0.700000
    Oscillating behavior detected: Relaxation set to 0.600000
    Oscillating behavior detected: Relaxation set to 0.500000

Warning: Keyword 'WELLS' is unhandled for output to restart file.
 Newton its=19, linearizations=20 (0.0sec), linear its=  2 (0.0sec)

                              **************************************************************************
  WELLS    AT      1703  DAYS *                 SPE1 - CASE 2                                          *
  REPORT   56    31 Aug 2019  *                                             Flow  version 2025.10-pre  *
                              **************************************************************************


======================================================= PRODUCTION REPORT =======================================================
:  WELL  : LOCATION  :CTRL:    OIL    :   WATER   :    GAS    :   FLUID   :   WATER   : GAS/OIL  :  WAT/GAS   : BHP OR : THP OR :
:  NAME  :  (I,J,K)  :MODE:   RATE    :   RATE    :   RATE    : RES.VOL.  :    CUT    :  RATIO   :   RATIO    :CON.PR. :BLK.PR. :
:        :           :    :  SCM/DAY  :  SCM/DAY  :  RCM/DAY  :  SCM/SCM  :  SCM/SCM  : SCM/SCM  :  SCM/SCM   : BARSA  : BARSA  :
=================================================================================================================================
:FIELD   :           :    :     1506.3:      395.5:       -0.0:     2076.8:      0.208:     -0.00:      0.0000:        :        :
:G1      :           :    :     1506.3:      395.5:       -0.0:     2076.8:      0.208:     -0.00:      0.0000:        :        :
:PROD    : 10, 10    : BHP:     1506.3:      395.5:       -0.0:     2076.8:      0.208:     -0.00:      0.0000:   245.0:     0.0:
:--------:-----------:----:-----------:-----------:-----------:-----------:-----------:----------:------------:--------:--------:

============================================= INJECTION REPORT ==============================================
:  WELL  : LOCATION  : CTRL : CTRL : CTRL :    OIL    :   WATER   :    GAS    :   FLUID   : BHP OR : THP OR :
:  NAME  :  (I,J,K)  : MODE : MODE : MODE :   RATE    :   RATE    :   RATE    : RES.VOL.  :CON.PR. :BLK.PR. :
:        :           : OIL  : WAT  : GAS  :  SCM/DAY  :  SCM/DAY  :  SCM/DAY  :  RCM/DAY  : BARSA  : BARSA  :
=============================================================================================================
:FIELD   :           :      :      :      :        0.0:     2000.0:        0.0:     2077.1:        :        :
:G1      :           :      :      :      :        0.0:     2000.0:        0.0:     2077.1:        :        :
:INJ     :  1,  1    :      :  WRAT:      :        0.0:     2000.0:        0.0:     2077.1:   276.6:     0.0:
:--------:-----------:------:------:------:-----------:-----------:-----------:-----------:--------:--------:

============================================== CUMULATIVE PRODUCTION/INJECTION TOTALS ==============================================
:  WELL  : LOCATION  :  WELL  :CTRL:    OIL    :   WATER   :    GAS    :   Prod    :    OIL    :   WATER   :    GAS    :    INJ    :
:  NAME  :  (I,J,K)  :  TYPE  :MODE:   PROD    :   PROD    :   PROD    : RES.VOL.  :    INJ    :    INJ    :    INJ    : RES.VOL.  :
:        :           :        :    :   MSCM    :   MSCM    :   MMSCM   :   MRCM    :   MSCM    :   MSCM    :   MMSCM   :   MRCM    :
====================================================================================================================================
:FIELD   :           :        :    :     1447.9:      379.8:        0.0:     1995.9:        0.0:     1946.0:        0.0:     2021.1:
:G1      :           :        :    :     1447.9:      379.8:        0.0:     1995.9:        0.0:     1946.0:        0.0:     2021.1:
:PROD    : 10, 10    :    PROD: BHP:     1447.9:      379.8:        0.0:     1995.9:        0.0:        0.0:        0.0:        0.0:
:INJ     :  1,  1    :     INJ:WRAT:        0.0:        0.0:        0.0:        0.0:        0.0:     1946.0:        0.0:     2021.1:
:--------:-----------:--------:----:-----------:-----------:-----------:-----------:-----------:-----------:-----------:-----------:


Report step 56/96 at day 1703/2920, date = 31-Aug-2019

Starting time step 0, stepsize 6.78737 days, at day 1703/1733, date = 31-Aug-2019
 Newton its= 2, linearizations= 3 (0.0sec), linear its=  1 (0.0sec)
Restart file written for report step 56/96, date = 31-Aug-2019 00:00:00

Starting time step 1, stepsize 11.6063 days, at day 1709.79/1733, date = 06-Sep-2019
 Newton its= 3, linearizations= 4 (0.0sec), linear its=  0 (0.0sec)

Starting time step 2, stepsize 11.6063 days, at day 1721.39/1733, date = 18-Sep-2019

Warning: Keyword 'WELLS' is unhandled for output to restart file.
 Newton its= 3, linearizations= 4 (0.0sec), linear its=  2 (0.0sec)

                              **************************************************************************
  WELLS    AT      1733  DAYS *                 SPE1 - CASE 2                                          *
  REPORT   57    30 Sep 2019  *                                             Flow  version 2025.10-pre  *
                              **************************************************************************


======================================================= PRODUCTION REPORT =======================================================
:  WELL  : LOCATION  :CTRL:    OIL    :   WATER   :    GAS    :   FLUID   :   WATER   : GAS/OIL  :  WAT/GAS   : BHP OR : THP OR :
:  NAME  :  (I,J,K)  :MODE:   RATE    :   RATE    :   RATE    : RES.VOL.  :    CUT    :  RATIO   :   RATIO    :CON.PR. :BLK.PR. :
:        :           :    :  SCM/DAY  :  SCM/DAY  :  RCM/DAY  :  SCM/SCM  :  SCM/SCM  : SCM/SCM  :  SCM/SCM   : BARSA  : BARSA  :
=================================================================================================================================
:FIELD   :           :    :     1506.5:      395.5:       -0.0:     2077.0:      0.208:     -0.00:      0.0000:        :        :
:G1      :           :    :     1506.5:      395.5:       -0.0:     2077.0:      0.208:     -0.00:      0.0000:        :        :
:PROD    : 10, 10    : BHP:     1506.5:      395.5:       -0.0:     2077.0:      0.208:     -0.00:      0.0000:   245.0:     0.0:
:--------:-----------:----:-----------:-----------:-----------:-----------:-----------:----------:------------:--------:--------:

============================================= INJECTION REPORT ==============================================
:  WELL  : LOCATION  : CTRL : CTRL : CTRL :    OIL    :   WATER   :    GAS    :   FLUID   : BHP OR : THP OR :
:  NAME  :  (I,J,K)  : MODE : MODE : MODE :   RATE    :   RATE    :   RATE    : RES.VOL.  :CON.PR. :BLK.PR. :
:        :           : OIL  : WAT  : GAS  :  SCM/DAY  :  SCM/DAY  :  SCM/DAY  :  RCM/DAY  : BARSA  : BARSA  :
=============================================================================================================
:FIELD   :           :      :      :      :        0.0:     2000.0:        0.0:     2077.1:        :        :
:G1      :           :      :      :      :        0.0:     2000.0:        0.0:     2077.1:        :        :
:INJ     :  1,  1    :      :  WRAT:      :        0.0:     2000.0:        0.0:     2077.1:   276.6:     0.0:
:--------:-----------:------:------:------:-----------:-----------:-----------:-----------:--------:--------:

============================================== CUMULATIVE PRODUCTION/INJECTION TOTALS ==============================================
:  WELL  : LOCATION  :  WELL  :CTRL:    OIL    :   WATER   :    GAS    :   Prod    :    OIL    :   WATER   :    GAS    :    INJ    :
:  NAME  :  (I,J,K)  :  TYPE  :MODE:   PROD    :   PROD    :   PROD    : RES.VOL.  :    INJ    :    INJ    :    INJ    : RES.VOL.  :
:        :           :        :    :   MSCM    :   MSCM    :   MMSCM   :   MRCM    :   MSCM    :   MSCM    :   MMSCM   :   MRCM    :
====================================================================================================================================
:FIELD   :           :        :    :     1493.1:      391.7:        0.0:     2058.2:        0.0:     2006.0:        0.0:     2083.5:
:G1      :           :        :    :     1493.1:      391.7:        0.0:     2058.2:        0.0:     2006.0:        0.0:     2083.5:
:PROD    : 10, 10    :    PROD: BHP:     1493.1:      391.7:        0.0:     2058.2:        0.0:        0.0:        0.0:        0.0:
:INJ     :  1,  1    :     INJ:WRAT:        0.0:        0.0:        0.0:        0.0:        0.0:     2006.0:        0.0:     2083.5:
:--------:-----------:--------:----:-----------:-----------:-----------:-----------:-----------:-----------:-----------:-----------:


Report step 57/96 at day 1733/2920, date = 30-Sep-2019

Starting time step 0, stepsize 31 days, at day 1733/1764, date = 30-Sep-2019
    Oscillating behavior detected: Relaxation set to 0.900000
    Oscillating behavior detected: Relaxation set to 0.800000
Restart file written for report step 57/96, date = 30-Sep-2019 00:00:00

Warning: Keyword 'WELLS' is unhandled for output to restart file.
 Newton its=20, linearizations=21 (0.0sec), linear its=  1 (0.0sec)

                              **************************************************************************
  WELLS    AT      1764  DAYS *                 SPE1 - CASE 2                                          *
  REPORT   58    31 Oct 2019  *                                             Flow  version 2025.10-pre  *
                              **************************************************************************


======================================================= PRODUCTION REPORT =======================================================
:  WELL  : LOCATION  :CTRL:    OIL    :   WATER   :    GAS    :   FLUID   :   WATER   : GAS/OIL  :  WAT/GAS   : BHP OR : THP OR :
:  NAME  :  (I,J,K)  :MODE:   RATE    :   RATE    :   RATE    : RES.VOL.  :    CUT    :  RATIO   :   RATIO    :CON.PR. :BLK.PR. :
:        :           :    :  SCM/DAY  :  SCM/DAY  :  RCM/DAY  :  SCM/SCM  :  SCM/SCM  : SCM/SCM  :  SCM/SCM   : BARSA  : BARSA  :
=================================================================================================================================
:FIELD   :           :    :     1506.4:      395.5:       -0.0:     2076.9:      0.208:     -0.00:      0.0000:        :        :
:G1      :           :    :     1506.4:      395.5:       -0.0:     2076.9:      0.208:     -0.00:      0.0000:        :        :
:PROD    : 10, 10    : BHP:     1506.4:      395.5:       -0.0:     2076.9:      0.208:     -0.00:      0.0000:   245.0:     0.0:
:--------:-----------:----:-----------:-----------:-----------:-----------:-----------:----------:------------:--------:--------:

============================================= INJECTION REPORT ==============================================
:  WELL  : LOCATION  : CTRL : CTRL : CTRL :    OIL    :   WATER   :    GAS    :   FLUID   : BHP OR : THP OR :
:  NAME  :  (I,J,K)  : MODE : MODE : MODE :   RATE    :   RATE    :   RATE    : RES.VOL.  :CON.PR. :BLK.PR. :
:        :           : OIL  : WAT  : GAS  :  SCM/DAY  :  SCM/DAY  :  SCM/DAY  :  RCM/DAY  : BARSA  : BARSA  :
=============================================================================================================
:FIELD   :           :      :      :      :        0.0:     2000.0:        0.0:     2077.1:        :        :
:G1      :           :      :      :      :        0.0:     2000.0:        0.0:     2077.1:        :        :
:INJ     :  1,  1    :      :  WRAT:      :        0.0:     2000.0:        0.0:     2077.1:   276.6:     0.0:
:--------:-----------:------:------:------:-----------:-----------:-----------:-----------:--------:--------:

============================================== CUMULATIVE PRODUCTION/INJECTION TOTALS ==============================================
:  WELL  : LOCATION  :  WELL  :CTRL:    OIL    :   WATER   :    GAS    :   Prod    :    OIL    :   WATER   :    GAS    :    INJ    :
:  NAME  :  (I,J,K)  :  TYPE  :MODE:   PROD    :   PROD    :   PROD    : RES.VOL.  :    INJ    :    INJ    :    INJ    : RES.VOL.  :
:        :           :        :    :   MSCM    :   MSCM    :   MMSCM   :   MRCM    :   MSCM    :   MSCM    :   MMSCM   :   MRCM    :
====================================================================================================================================
:FIELD   :           :        :    :     1539.8:      403.9:        0.0:     2122.6:        0.0:     2068.0:        0.0:     2147.8:
:G1      :           :        :    :     1539.8:      403.9:        0.0:     2122.6:        0.0:     2068.0:        0.0:     2147.8:
:PROD    : 10, 10    :    PROD: BHP:     1539.8:      403.9:        0.0:     2122.6:        0.0:        0.0:        0.0:        0.0:
:INJ     :  1,  1    :     INJ:WRAT:        0.0:        0.0:        0.0:        0.0:        0.0:     2068.0:        0.0:     2147.8:
:--------:-----------:--------:----:-----------:-----------:-----------:-----------:-----------:-----------:-----------:-----------:


Report step 58/96 at day 1764/2920, date = 31-Oct-2019

Starting time step 0, stepsize 12.4 days, at day 1764/1794, date = 31-Oct-2019
Restart file written for report step 58/96, date = 31-Oct-2019 00:00:00
 Newton its=20, linearizations=21 (0.0sec), linear its= 10 (0.0sec)

Starting time step 1, stepsize 4.96 days, at day 1776.4/1794, date = 12-Nov-2019
 Newton its= 1, linearizations= 2 (0.0sec), linear its=  0 (0.0sec)

Starting time step 2, stepsize 12.64 days, at day 1781.36/1794, date = 17-Nov-2019
    Oscillating behavior detected: Relaxation set to 0.900000
    Oscillating behavior detected: Relaxation set to 0.800000
    Oscillating behavior detected: Relaxation set to 0.700000

Warning: Keyword 'WELLS' is unhandled for output to restart file.
 Newton its=10, linearizations=11 (0.0sec), linear its=  4 (0.0sec)

                              **************************************************************************
  WELLS    AT      1794  DAYS *                 SPE1 - CASE 2                                          *
  REPORT   59    30 Nov 2019  *                                             Flow  version 2025.10-pre  *
                              **************************************************************************


======================================================= PRODUCTION REPORT =======================================================
:  WELL  : LOCATION  :CTRL:    OIL    :   WATER   :    GAS    :   FLUID   :   WATER   : GAS/OIL  :  WAT/GAS   : BHP OR : THP OR :
:  NAME  :  (I,J,K)  :MODE:   RATE    :   RATE    :   RATE    : RES.VOL.  :    CUT    :  RATIO   :   RATIO    :CON.PR. :BLK.PR. :
:        :           :    :  SCM/DAY  :  SCM/DAY  :  RCM/DAY  :  SCM/SCM  :  SCM/SCM  : SCM/SCM  :  SCM/SCM   : BARSA  : BARSA  :
=================================================================================================================================
:FIELD   :           :    :     1506.4:      395.5:       -0.0:     2076.9:      0.208:     -0.00:      0.0000:        :        :
:G1      :           :    :     1506.4:      395.5:       -0.0:     2076.9:      0.208:     -0.00:      0.0000:        :        :
:PROD    : 10, 10    : BHP:     1506.4:      395.5:       -0.0:     2076.9:      0.208:     -0.00:      0.0000:   245.0:     0.0:
:--------:-----------:----:-----------:-----------:-----------:-----------:-----------:----------:------------:--------:--------:

============================================= INJECTION REPORT ==============================================
:  WELL  : LOCATION  : CTRL : CTRL : CTRL :    OIL    :   WATER   :    GAS    :   FLUID   : BHP OR : THP OR :
:  NAME  :  (I,J,K)  : MODE : MODE : MODE :   RATE    :   RATE    :   RATE    : RES.VOL.  :CON.PR. :BLK.PR. :
:        :           : OIL  : WAT  : GAS  :  SCM/DAY  :  SCM/DAY  :  SCM/DAY  :  RCM/DAY  : BARSA  : BARSA  :
=============================================================================================================
:FIELD   :           :      :      :      :        0.0:     2000.0:        0.0:     2077.1:        :        :
:G1      :           :      :      :      :        0.0:     2000.0:        0.0:     2077.1:        :        :
:INJ     :  1,  1    :      :  WRAT:      :        0.0:     2000.0:        0.0:     2077.1:   276.6:     0.0:
:--------:-----------:------:------:------:-----------:-----------:-----------:-----------:--------:--------:

============================================== CUMULATIVE PRODUCTION/INJECTION TOTALS ==============================================
:  WELL  : LOCATION  :  WELL  :CTRL:    OIL    :   WATER   :    GAS    :   Prod    :    OIL    :   WATER   :    GAS    :    INJ    :
:  NAME  :  (I,J,K)  :  TYPE  :MODE:   PROD    :   PROD    :   PROD    : RES.VOL.  :    INJ    :    INJ    :    INJ    : RES.VOL.  :
:        :           :        :    :   MSCM    :   MSCM    :   MMSCM   :   MRCM    :   MSCM    :   MSCM    :   MMSCM   :   MRCM    :
====================================================================================================================================
:FIELD   :           :        :    :     1585.0:      415.8:        0.0:     2184.9:        0.0:     2128.0:        0.0:     2210.2:
:G1      :           :        :    :     1585.0:      415.8:        0.0:     2184.9:        0.0:     2128.0:        0.0:     2210.2:
:PROD    : 10, 10    :    PROD: BHP:     1585.0:      415.8:        0.0:     2184.9:        0.0:        0.0:        0.0:        0.0:
:INJ     :  1,  1    :     INJ:WRAT:        0.0:        0.0:        0.0:        0.0:        0.0:     2128.0:        0.0:     2210.2:
:--------:-----------:--------:----:-----------:-----------:-----------:-----------:-----------:-----------:-----------:-----------:


Report step 59/96 at day 1794/2920, date = 30-Nov-2019

Starting time step 0, stepsize 10.112 days, at day 1794/1825, date = 30-Nov-2019
Restart file written for report step 59/96, date = 30-Nov-2019 00:00:00

Problem: Solver convergence failure - Iteration limit reached
Timestep chopped to 3.3369600000000004 days


Starting time step 0, stepsize 3.33696 days, at day 1794/1825, date = 30-Nov-2019
 Newton its=20, linearizations=21 (0.0sec), linear its=  9 (0.0sec)

Starting time step 1, stepsize 1.33478 days, at day 1797.34/1825, date = 03-Dec-2019
 Newton its= 1, linearizations= 2 (0.0sec), linear its=  1 (0.0sec)

Starting time step 2, stepsize 4.00435 days, at day 1798.67/1825, date = 04-Dec-2019
 Newton its= 1, linearizations= 2 (0.0sec), linear its=  0 (0.0sec)

Starting time step 3, stepsize 12.0131 days, at day 1802.68/1825, date = 08-Dec-2019
 Newton its=20, linearizations=21 (0.0sec), linear its=  1 (0.0sec)

Starting time step 4, stepsize 4.80522 days, at day 1814.69/1825, date = 20-Dec-2019
    Oscillating behavior detected: Relaxation set to 0.900000
    Oscillating behavior detected: Relaxation set to 0.800000
    Oscillating behavior detected: Relaxation set to 0.700000
    Oscillating behavior detected: Relaxation set to 0.600000
 Newton its=20, linearizations=21 (0.0sec), linear its=  0 (0.0sec)

Starting time step 5, stepsize 1.92209 days, at day 1819.49/1825, date = 25-Dec-2019
 Newton its=20, linearizations=21 (0.0sec), linear its=  0 (0.0sec)

Starting time step 6, stepsize 0.768836 days, at day 1821.42/1825, date = 27-Dec-2019
 Newton its= 2, linearizations= 3 (0.0sec), linear its=  0 (0.0sec)

Starting time step 7, stepsize 1.40735 days, at day 1822.19/1825, date = 28-Dec-2019
 Newton its=20, linearizations=21 (0.0sec), linear its=  3 (0.0sec)

Starting time step 8, stepsize 0.56294 days, at day 1823.59/1825, date = 29-Dec-2019
 Newton its= 1, linearizations= 2 (0.0sec), linear its=  0 (0.0sec)

Starting time step 9, stepsize 0.84441 days, at day 1824.16/1825, date = 30-Dec-2019

Warning: Keyword 'WELLS' is unhandled for output to restart file.
 Newton its= 1, linearizations= 2 (0.0sec), linear its=  0 (0.0sec)

                              **************************************************************************
  WELLS    AT      1825  DAYS *                 SPE1 - CASE 2                                          *
  REPORT   60    31 Dec 2019  *                                             Flow  version 2025.10-pre  *
                              **************************************************************************


======================================================= PRODUCTION REPORT =======================================================
:  WELL  : LOCATION  :CTRL:    OIL    :   WATER   :    GAS    :   FLUID   :   WATER   : GAS/OIL  :  WAT/GAS   : BHP OR : THP OR :
:  NAME  :  (I,J,K)  :MODE:   RATE    :   RATE    :   RATE    : RES.VOL.  :    CUT    :  RATIO   :   RATIO    :CON.PR. :BLK.PR. :
:        :           :    :  SCM/DAY  :  SCM/DAY  :  RCM/DAY  :  SCM/SCM  :  SCM/SCM  : SCM/SCM  :  SCM/SCM   : BARSA  : BARSA  :
=================================================================================================================================
:FIELD   :           :    :     1506.6:      395.6:       -0.0:     2077.2:      0.208:     -0.00:      0.0000:        :        :
:G1      :           :    :     1506.6:      395.6:       -0.0:     2077.2:      0.208:     -0.00:      0.0000:        :        :
:PROD    : 10, 10    : BHP:     1506.6:      395.6:       -0.0:     2077.2:      0.208:     -0.00:      0.0000:   245.0:     0.0:
:--------:-----------:----:-----------:-----------:-----------:-----------:-----------:----------:------------:--------:--------:

============================================= INJECTION REPORT ==============================================
:  WELL  : LOCATION  : CTRL : CTRL : CTRL :    OIL    :   WATER   :    GAS    :   FLUID   : BHP OR : THP OR :
:  NAME  :  (I,J,K)  : MODE : MODE : MODE :   RATE    :   RATE    :   RATE    : RES.VOL.  :CON.PR. :BLK.PR. :
:        :           : OIL  : WAT  : GAS  :  SCM/DAY  :  SCM/DAY  :  SCM/DAY  :  RCM/DAY  : BARSA  : BARSA  :
=============================================================================================================
:FIELD   :           :      :      :      :        0.0:     2000.0:        0.0:     2077.1:        :        :
:G1      :           :      :      :      :        0.0:     2000.0:        0.0:     2077.1:        :        :
:INJ     :  1,  1    :      :  WRAT:      :        0.0:     2000.0:        0.0:     2077.1:   276.6:     0.0:
:--------:-----------:------:------:------:-----------:-----------:-----------:-----------:--------:--------:

============================================== CUMULATIVE PRODUCTION/INJECTION TOTALS ==============================================
:  WELL  : LOCATION  :  WELL  :CTRL:    OIL    :   WATER   :    GAS    :   Prod    :    OIL    :   WATER   :    GAS    :    INJ    :
:  NAME  :  (I,J,K)  :  TYPE  :MODE:   PROD    :   PROD    :   PROD    : RES.VOL.  :    INJ    :    INJ    :    INJ    : RES.VOL.  :
:        :           :        :    :   MSCM    :   MSCM    :   MMSCM   :   MRCM    :   MSCM    :   MSCM    :   MMSCM   :   MRCM    :
====================================================================================================================================
:FIELD   :           :        :    :     1631.7:      428.1:        0.0:     2249.3:        0.0:     2190.0:        0.0:     2274.5:
:G1      :           :        :    :     1631.7:      428.1:        0.0:     2249.3:        0.0:     2190.0:        0.0:     2274.5:
:PROD    : 10, 10    :    PROD: BHP:     1631.7:      428.1:        0.0:     2249.3:        0.0:        0.0:        0.0:        0.0:
:INJ     :  1,  1    :     INJ:WRAT:        0.0:        0.0:        0.0:        0.0:        0.0:     2190.0:        0.0:     2274.5:
:--------:-----------:--------:----:-----------:-----------:-----------:-----------:-----------:-----------:-----------:-----------:


Report step 60/96 at day 1825/2920, date = 31-Dec-2019

Starting time step 0, stepsize 2.53323 days, at day 1825/1856, date = 31-Dec-2019
 Newton its= 3, linearizations= 4 (0.0sec), linear its=  1 (0.0sec)
Restart file written for report step 60/96, date = 31-Dec-2019 00:00:00

Starting time step 1, stepsize 2.18185 days, at day 1827.53/1856, date = 02-Jan-2020
 Newton its= 1, linearizations= 2 (0.0sec), linear its=  0 (0.0sec)

Starting time step 2, stepsize 6.54555 days, at day 1829.72/1856, date = 04-Jan-2020
 Newton its= 2, linearizations= 3 (0.0sec), linear its=  0 (0.0sec)

Starting time step 3, stepsize 9.86969 days, at day 1836.26/1856, date = 11-Jan-2020
 Newton its=20, linearizations=21 (0.0sec), linear its=  1 (0.0sec)

Starting time step 4, stepsize 3.94787 days, at day 1846.13/1856, date = 21-Jan-2020
 Newton its= 1, linearizations= 2 (0.0sec), linear its=  0 (0.0sec)

Starting time step 5, stepsize 5.92181 days, at day 1850.08/1856, date = 25-Jan-2020

Warning: Keyword 'WELLS' is unhandled for output to restart file.
 Newton its= 1, linearizations= 2 (0.0sec), linear its=  0 (0.0sec)

                              **************************************************************************
  WELLS    AT      1856  DAYS *                 SPE1 - CASE 2                                          *
  REPORT   61    31 Jan 2020  *                                             Flow  version 2025.10-pre  *
                              **************************************************************************


======================================================= PRODUCTION REPORT =======================================================
:  WELL  : LOCATION  :CTRL:    OIL    :   WATER   :    GAS    :   FLUID   :   WATER   : GAS/OIL  :  WAT/GAS   : BHP OR : THP OR :
:  NAME  :  (I,J,K)  :MODE:   RATE    :   RATE    :   RATE    : RES.VOL.  :    CUT    :  RATIO   :   RATIO    :CON.PR. :BLK.PR. :
:        :           :    :  SCM/DAY  :  SCM/DAY  :  RCM/DAY  :  SCM/SCM  :  SCM/SCM  : SCM/SCM  :  SCM/SCM   : BARSA  : BARSA  :
=================================================================================================================================
:FIELD   :           :    :      264.9:       69.5:       -0.0:      365.2:      0.208:     -0.00:      0.0000:        :        :
:G1      :           :    :      264.9:       69.5:       -0.0:      365.2:      0.208:     -0.00:      0.0000:        :        :
:PROD    : 10, 10    : BHP:      264.9:       69.5:       -0.0:      365.2:      0.208:     -0.00:      0.0000:   245.0:     0.0:
:--------:-----------:----:-----------:-----------:-----------:-----------:-----------:----------:------------:--------:--------:

============================================= INJECTION REPORT ==============================================
:  WELL  : LOCATION  : CTRL : CTRL : CTRL :    OIL    :   WATER   :    GAS    :   FLUID   : BHP OR : THP OR :
:  NAME  :  (I,J,K)  : MODE : MODE : MODE :   RATE    :   RATE    :   RATE    : RES.VOL.  :CON.PR. :BLK.PR. :
:        :           : OIL  : WAT  : GAS  :  SCM/DAY  :  SCM/DAY  :  SCM/DAY  :  RCM/DAY  : BARSA  : BARSA  :
=============================================================================================================
:FIELD   :           :      :      :      :        0.0:        0.0:        0.0:        0.0:        :        :
:G1      :           :      :      :      :        0.0:        0.0:        0.0:        0.0:        :        :
:INJ     :  1,  1    :      :  WRAT:      :        0.0:        0.0:        0.0:        0.0:     0.0:     0.0:
:--------:-----------:------:------:------:-----------:-----------:-----------:-----------:--------:--------:

============================================== CUMULATIVE PRODUCTION/INJECTION TOTALS ==============================================
:  WELL  : LOCATION  :  WELL  :CTRL:    OIL    :   WATER   :    GAS    :   Prod    :    OIL    :   WATER   :    GAS    :    INJ    :
:  NAME  :  (I,J,K)  :  TYPE  :MODE:   PROD    :   PROD    :   PROD    : RES.VOL.  :    INJ    :    INJ    :    INJ    : RES.VOL.  :
:        :           :        :    :   MSCM    :   MSCM    :   MMSCM   :   MRCM    :   MSCM    :   MSCM    :   MMSCM   :   MRCM    :
====================================================================================================================================
:FIELD   :           :        :    :     1650.6:      433.0:        0.0:     2275.3:        0.0:     2190.0:        0.0:     2274.5:
:G1      :           :        :    :     1650.6:      433.0:        0.0:     2275.3:        0.0:     2190.0:        0.0:     2274.5:
:PROD    : 10, 10    :    PROD: BHP:     1650.6:      433.0:        0.0:     2275.3:        0.0:        0.0:        0.0:        0.0:
:INJ     :  1,  1    :     INJ:WRAT:        0.0:        0.0:        0.0:        0.0:        0.0:     2190.0:        0.0:     2274.5:
:--------:-----------:--------:----:-----------:-----------:-----------:-----------:-----------:-----------:-----------:-----------:


Report step 61/96 at day 1856/2920, date = 31-Jan-2020

Starting time step 0, stepsize 17.7654 days, at day 1856/1884, date = 31-Jan-2020
 Newton its= 2, linearizations= 3 (0.0sec), linear its=  0 (0.0sec)
Restart file written for report step 61/96, date = 31-Jan-2020 00:00:00

Starting time step 1, stepsize 10.2346 days, at day 1873.77/1884, date = 17-Feb-2020

Warning: Keyword 'WELLS' is unhandled for output to restart file.
 Newton its= 2, linearizations= 3 (0.0sec), linear its=  0 (0.0sec)

                              **************************************************************************
  WELLS    AT      1884  DAYS *                 SPE1 - CASE 2                                          *
  REPORT   62    28 Feb 2020  *                                             Flow  version 2025.10-pre  *
                              **************************************************************************


======================================================= PRODUCTION REPORT =======================================================
:  WELL  : LOCATION  :CTRL:    OIL    :   WATER   :    GAS    :   FLUID   :   WATER   : GAS/OIL  :  WAT/GAS   : BHP OR : THP OR :
:  NAME  :  (I,J,K)  :MODE:   RATE    :   RATE    :   RATE    : RES.VOL.  :    CUT    :  RATIO   :   RATIO    :CON.PR. :BLK.PR. :
:        :           :    :  SCM/DAY  :  SCM/DAY  :  RCM/DAY  :  SCM/SCM  :  SCM/SCM  : SCM/SCM  :  SCM/SCM   : BARSA  : BARSA  :
=================================================================================================================================
:FIELD   :           :    :       69.4:       18.2:       -0.0:       95.7:      0.208:     -0.00:      0.0000:        :        :
:G1      :           :    :       69.4:       18.2:       -0.0:       95.7:      0.208:     -0.00:      0.0000:        :        :
:PROD    : 10, 10    : BHP:       69.4:       18.2:       -0.0:       95.7:      0.208:     -0.00:      0.0000:   245.0:     0.0:
:--------:-----------:----:-----------:-----------:-----------:-----------:-----------:----------:------------:--------:--------:

============================================= INJECTION REPORT ==============================================
:  WELL  : LOCATION  : CTRL : CTRL : CTRL :    OIL    :   WATER   :    GAS    :   FLUID   : BHP OR : THP OR :
:  NAME  :  (I,J,K)  : MODE : MODE : MODE :   RATE    :   RATE    :   RATE    : RES.VOL.  :CON.PR. :BLK.PR. :
:        :           : OIL  : WAT  : GAS  :  SCM/DAY  :  SCM/DAY  :  SCM/DAY  :  RCM/DAY  : BARSA  : BARSA  :
=============================================================================================================
:FIELD   :           :      :      :      :        0.0:        0.0:        0.0:        0.0:        :        :
:G1      :           :      :      :      :        0.0:        0.0:        0.0:        0.0:        :        :
:INJ     :  1,  1    :      :  WRAT:      :        0.0:        0.0:        0.0:        0.0:     0.0:     0.0:
:--------:-----------:------:------:------:-----------:-----------:-----------:-----------:--------:--------:

============================================== CUMULATIVE PRODUCTION/INJECTION TOTALS ==============================================
:  WELL  : LOCATION  :  WELL  :CTRL:    OIL    :   WATER   :    GAS    :   Prod    :    OIL    :   WATER   :    GAS    :    INJ    :
:  NAME  :  (I,J,K)  :  TYPE  :MODE:   PROD    :   PROD    :   PROD    : RES.VOL.  :    INJ    :    INJ    :    INJ    : RES.VOL.  :
:        :           :        :    :   MSCM    :   MSCM    :   MMSCM   :   MRCM    :   MSCM    :   MSCM    :   MMSCM   :   MRCM    :
====================================================================================================================================
:FIELD   :           :        :    :     1653.4:      433.8:        0.0:     2279.2:        0.0:     2190.0:        0.0:     2274.5:
:G1      :           :        :    :     1653.4:      433.8:        0.0:     2279.2:        0.0:     2190.0:        0.0:     2274.5:
:PROD    : 10, 10    :    PROD: BHP:     1653.4:      433.8:        0.0:     2279.2:        0.0:        0.0:        0.0:        0.0:
:INJ     :  1,  1    :     INJ:WRAT:        0.0:        0.0:        0.0:        0.0:        0.0:     2190.0:        0.0:     2274.5:
:--------:-----------:--------:----:-----------:-----------:-----------:-----------:-----------:-----------:-----------:-----------:


Report step 62/96 at day 1884/2920, date = 28-Feb-2020

Starting time step 0, stepsize 31 days, at day 1884/1915, date = 28-Feb-2020
Restart file written for report step 62/96, date = 28-Feb-2020 00:00:00

Warning: Keyword 'WELLS' is unhandled for output to restart file.
 Newton its=20, linearizations=21 (0.0sec), linear its=  7 (0.0sec)

                              **************************************************************************
  WELLS    AT      1915  DAYS *                 SPE1 - CASE 2                                          *
  REPORT   63    30 Mar 2020  *                                             Flow  version 2025.10-pre  *
                              **************************************************************************


======================================================= PRODUCTION REPORT =======================================================
:  WELL  : LOCATION  :CTRL:    OIL    :   WATER   :    GAS    :   FLUID   :   WATER   : GAS/OIL  :  WAT/GAS   : BHP OR : THP OR :
:  NAME  :  (I,J,K)  :MODE:   RATE    :   RATE    :   RATE    : RES.VOL.  :    CUT    :  RATIO   :   RATIO    :CON.PR. :BLK.PR. :
:        :           :    :  SCM/DAY  :  SCM/DAY  :  RCM/DAY  :  SCM/SCM  :  SCM/SCM  : SCM/SCM  :  SCM/SCM   : BARSA  : BARSA  :
=================================================================================================================================
:FIELD   :           :    :       22.0:        5.8:       -0.0:       30.4:      0.208:     -0.00:      0.0000:        :        :
:G1      :           :    :       22.0:        5.8:       -0.0:       30.4:      0.208:     -0.00:      0.0000:        :        :
:PROD    : 10, 10    : BHP:       22.0:        5.8:       -0.0:       30.4:      0.208:     -0.00:      0.0000:   245.0:     0.0:
:--------:-----------:----:-----------:-----------:-----------:-----------:-----------:----------:------------:--------:--------:

============================================= INJECTION REPORT ==============================================
:  WELL  : LOCATION  : CTRL : CTRL : CTRL :    OIL    :   WATER   :    GAS    :   FLUID   : BHP OR : THP OR :
:  NAME  :  (I,J,K)  : MODE : MODE : MODE :   RATE    :   RATE    :   RATE    : RES.VOL.  :CON.PR. :BLK.PR. :
:        :           : OIL  : WAT  : GAS  :  SCM/DAY  :  SCM/DAY  :  SCM/DAY  :  RCM/DAY  : BARSA  : BARSA  :
=============================================================================================================
:FIELD   :           :      :      :      :        0.0:        0.0:        0.0:        0.0:        :        :
:G1      :           :      :      :      :        0.0:        0.0:        0.0:        0.0:        :        :
:INJ     :  1,  1    :      :  WRAT:      :        0.0:        0.0:        0.0:        0.0:     0.0:     0.0:
:--------:-----------:------:------:------:-----------:-----------:-----------:-----------:--------:--------:

============================================== CUMULATIVE PRODUCTION/INJECTION TOTALS ==============================================
:  WELL  : LOCATION  :  WELL  :CTRL:    OIL    :   WATER   :    GAS    :   Prod    :    OIL    :   WATER   :    GAS    :    INJ    :
:  NAME  :  (I,J,K)  :  TYPE  :MODE:   PROD    :   PROD    :   PROD    : RES.VOL.  :    INJ    :    INJ    :    INJ    : RES.VOL.  :
:        :           :        :    :   MSCM    :   MSCM    :   MMSCM   :   MRCM    :   MSCM    :   MSCM    :   MMSCM   :   MRCM    :
====================================================================================================================================
:FIELD   :           :        :    :     1654.1:      433.9:        0.0:     2280.1:        0.0:     2190.0:        0.0:     2274.5:
:G1      :           :        :    :     1654.1:      433.9:        0.0:     2280.1:        0.0:     2190.0:        0.0:     2274.5:
:PROD    : 10, 10    :    PROD: BHP:     1654.1:      433.9:        0.0:     2280.1:        0.0:        0.0:        0.0:        0.0:
:INJ     :  1,  1    :     INJ:WRAT:        0.0:        0.0:        0.0:        0.0:        0.0:     2190.0:        0.0:     2274.5:
:--------:-----------:--------:----:-----------:-----------:-----------:-----------:-----------:-----------:-----------:-----------:


Report step 63/96 at day 1915/2920, date = 30-Mar-2020

Starting time step 0, stepsize 12.4 days, at day 1915/1945, date = 30-Mar-2020
Restart file written for report step 63/96, date = 30-Mar-2020 00:00:00
 Newton its=20, linearizations=21 (0.0sec), linear its=  9 (0.0sec)

Starting time step 1, stepsize 4.96 days, at day 1927.4/1945, date = 11-Apr-2020
 Newton its= 4, linearizations= 5 (0.0sec), linear its=  1 (0.0sec)

Starting time step 2, stepsize 12.64 days, at day 1932.36/1945, date = 16-Apr-2020

Warning: Keyword 'WELLS' is unhandled for output to restart file.
 Newton its= 2, linearizations= 3 (0.0sec), linear its=  1 (0.0sec)

                              **************************************************************************
  WELLS    AT      1945  DAYS *                 SPE1 - CASE 2                                          *
  REPORT   64    29 Apr 2020  *                                             Flow  version 2025.10-pre  *
                              **************************************************************************


======================================================= PRODUCTION REPORT =======================================================
:  WELL  : LOCATION  :CTRL:    OIL    :   WATER   :    GAS    :   FLUID   :   WATER   : GAS/OIL  :  WAT/GAS   : BHP OR : THP OR :
:  NAME  :  (I,J,K)  :MODE:   RATE    :   RATE    :   RATE    : RES.VOL.  :    CUT    :  RATIO   :   RATIO    :CON.PR. :BLK.PR. :
:        :           :    :  SCM/DAY  :  SCM/DAY  :  RCM/DAY  :  SCM/SCM  :  SCM/SCM  : SCM/SCM  :  SCM/SCM   : BARSA  : BARSA  :
=================================================================================================================================
:FIELD   :           :    :        4.7:        1.2:       -0.0:        6.5:      0.208:     -0.00:      0.0000:        :        :
:G1      :           :    :        4.7:        1.2:       -0.0:        6.5:      0.208:     -0.00:      0.0000:        :        :
:PROD    : 10, 10    : BHP:        4.7:        1.2:       -0.0:        6.5:      0.208:     -0.00:      0.0000:   245.0:     0.0:
:--------:-----------:----:-----------:-----------:-----------:-----------:-----------:----------:------------:--------:--------:

============================================= INJECTION REPORT ==============================================
:  WELL  : LOCATION  : CTRL : CTRL : CTRL :    OIL    :   WATER   :    GAS    :   FLUID   : BHP OR : THP OR :
:  NAME  :  (I,J,K)  : MODE : MODE : MODE :   RATE    :   RATE    :   RATE    : RES.VOL.  :CON.PR. :BLK.PR. :
:        :           : OIL  : WAT  : GAS  :  SCM/DAY  :  SCM/DAY  :  SCM/DAY  :  RCM/DAY  : BARSA  : BARSA  :
=============================================================================================================
:FIELD   :           :      :      :      :        0.0:        0.0:        0.0:        0.0:        :        :
:G1      :           :      :      :      :        0.0:        0.0:        0.0:        0.0:        :        :
:INJ     :  1,  1    :      :  WRAT:      :        0.0:        0.0:        0.0:        0.0:     0.0:     0.0:
:--------:-----------:------:------:------:-----------:-----------:-----------:-----------:--------:--------:

============================================== CUMULATIVE PRODUCTION/INJECTION TOTALS ==============================================
:  WELL  : LOCATION  :  WELL  :CTRL:    OIL    :   WATER   :    GAS    :   Prod    :    OIL    :   WATER   :    GAS    :    INJ    :
:  NAME  :  (I,J,K)  :  TYPE  :MODE:   PROD    :   PROD    :   PROD    : RES.VOL.  :    INJ    :    INJ    :    INJ    : RES.VOL.  :
:        :           :        :    :   MSCM    :   MSCM    :   MMSCM   :   MRCM    :   MSCM    :   MSCM    :   MMSCM   :   MRCM    :
====================================================================================================================================
:FIELD   :           :        :    :     1654.3:      434.0:        0.0:     2280.5:        0.0:     2190.0:        0.0:     2274.5:
:G1      :           :        :    :     1654.3:      434.0:        0.0:     2280.5:        0.0:     2190.0:        0.0:     2274.5:
:PROD    : 10, 10    :    PROD: BHP:     1654.3:      434.0:        0.0:     2280.5:        0.0:        0.0:        0.0:        0.0:
:INJ     :  1,  1    :     INJ:WRAT:        0.0:        0.0:        0.0:        0.0:        0.0:     2190.0:        0.0:     2274.5:
:--------:-----------:--------:----:-----------:-----------:-----------:-----------:-----------:-----------:-----------:-----------:


Report step 64/96 at day 1945/2920, date = 29-Apr-2020

Starting time step 0, stepsize 31 days, at day 1945/1976, date = 29-Apr-2020

Warning: Keyword 'WELLS' is unhandled for output to restart file.
 Newton its= 1, linearizations= 2 (0.0sec), linear its=  1 (0.0sec)
Restart file written for report step 64/96, date = 29-Apr-2020 00:00:00

                              **************************************************************************
  WELLS    AT      1976  DAYS *                 SPE1 - CASE 2                                          *
  REPORT   65    30 May 2020  *                                             Flow  version 2025.10-pre  *
                              **************************************************************************


======================================================= PRODUCTION REPORT =======================================================
:  WELL  : LOCATION  :CTRL:    OIL    :   WATER   :    GAS    :   FLUID   :   WATER   : GAS/OIL  :  WAT/GAS   : BHP OR : THP OR :
:  NAME  :  (I,J,K)  :MODE:   RATE    :   RATE    :   RATE    : RES.VOL.  :    CUT    :  RATIO   :   RATIO    :CON.PR. :BLK.PR. :
:        :           :    :  SCM/DAY  :  SCM/DAY  :  RCM/DAY  :  SCM/SCM  :  SCM/SCM  : SCM/SCM  :  SCM/SCM   : BARSA  : BARSA  :
=================================================================================================================================
:FIELD   :           :    :        1.5:        0.4:       -0.0:        2.1:      0.208:     -0.00:      0.0000:        :        :
:G1      :           :    :        1.5:        0.4:       -0.0:        2.1:      0.208:     -0.00:      0.0000:        :        :
:PROD    : 10, 10    : BHP:        1.5:        0.4:       -0.0:        2.1:      0.208:     -0.00:      0.0000:   245.0:     0.0:
:--------:-----------:----:-----------:-----------:-----------:-----------:-----------:----------:------------:--------:--------:

============================================= INJECTION REPORT ==============================================
:  WELL  : LOCATION  : CTRL : CTRL : CTRL :    OIL    :   WATER   :    GAS    :   FLUID   : BHP OR : THP OR :
:  NAME  :  (I,J,K)  : MODE : MODE : MODE :   RATE    :   RATE    :   RATE    : RES.VOL.  :CON.PR. :BLK.PR. :
:        :           : OIL  : WAT  : GAS  :  SCM/DAY  :  SCM/DAY  :  SCM/DAY  :  RCM/DAY  : BARSA  : BARSA  :
=============================================================================================================
:FIELD   :           :      :      :      :        0.0:        0.0:        0.0:        0.0:        :        :
:G1      :           :      :      :      :        0.0:        0.0:        0.0:        0.0:        :        :
:INJ     :  1,  1    :      :  WRAT:      :        0.0:        0.0:        0.0:        0.0:     0.0:     0.0:
:--------:-----------:------:------:------:-----------:-----------:-----------:-----------:--------:--------:

============================================== CUMULATIVE PRODUCTION/INJECTION TOTALS ==============================================
:  WELL  : LOCATION  :  WELL  :CTRL:    OIL    :   WATER   :    GAS    :   Prod    :    OIL    :   WATER   :    GAS    :    INJ    :
:  NAME  :  (I,J,K)  :  TYPE  :MODE:   PROD    :   PROD    :   PROD    : RES.VOL.  :    INJ    :    INJ    :    INJ    : RES.VOL.  :
:        :           :        :    :   MSCM    :   MSCM    :   MMSCM   :   MRCM    :   MSCM    :   MSCM    :   MMSCM   :   MRCM    :
====================================================================================================================================
:FIELD   :           :        :    :     1654.4:      434.0:        0.0:     2280.6:        0.0:     2190.0:        0.0:     2274.5:
:G1      :           :        :    :     1654.4:      434.0:        0.0:     2280.6:        0.0:     2190.0:        0.0:     2274.5:
:PROD    : 10, 10    :    PROD: BHP:     1654.4:      434.0:        0.0:     2280.6:        0.0:        0.0:        0.0:        0.0:
:INJ     :  1,  1    :     INJ:WRAT:        0.0:        0.0:        0.0:        0.0:        0.0:     2190.0:        0.0:     2274.5:
:--------:-----------:--------:----:-----------:-----------:-----------:-----------:-----------:-----------:-----------:-----------:


Report step 65/96 at day 1976/2920, date = 30-May-2020

Starting time step 0, stepsize 30 days, at day 1976/2006, date = 30-May-2020

Warning: Keyword 'WELLS' is unhandled for output to restart file.
 Newton its= 1, linearizations= 2 (0.0sec), linear its=  1 (0.0sec)
Restart file written for report step 65/96, date = 30-May-2020 00:00:00

                              **************************************************************************
  WELLS    AT      2006  DAYS *                 SPE1 - CASE 2                                          *
  REPORT   66    29 Jun 2020  *                                             Flow  version 2025.10-pre  *
                              **************************************************************************


======================================================= PRODUCTION REPORT =======================================================
:  WELL  : LOCATION  :CTRL:    OIL    :   WATER   :    GAS    :   FLUID   :   WATER   : GAS/OIL  :  WAT/GAS   : BHP OR : THP OR :
:  NAME  :  (I,J,K)  :MODE:   RATE    :   RATE    :   RATE    : RES.VOL.  :    CUT    :  RATIO   :   RATIO    :CON.PR. :BLK.PR. :
:        :           :    :  SCM/DAY  :  SCM/DAY  :  RCM/DAY  :  SCM/SCM  :  SCM/SCM  : SCM/SCM  :  SCM/SCM   : BARSA  : BARSA  :
=================================================================================================================================
:FIELD   :           :    :        0.5:        0.1:       -0.0:        0.7:      0.208:     -0.00:      0.0000:        :        :
:G1      :           :    :        0.5:        0.1:       -0.0:        0.7:      0.208:     -0.00:      0.0000:        :        :
:PROD    : 10, 10    : BHP:        0.5:        0.1:       -0.0:        0.7:      0.208:     -0.00:      0.0000:   245.0:     0.0:
:--------:-----------:----:-----------:-----------:-----------:-----------:-----------:----------:------------:--------:--------:

============================================= INJECTION REPORT ==============================================
:  WELL  : LOCATION  : CTRL : CTRL : CTRL :    OIL    :   WATER   :    GAS    :   FLUID   : BHP OR : THP OR :
:  NAME  :  (I,J,K)  : MODE : MODE : MODE :   RATE    :   RATE    :   RATE    : RES.VOL.  :CON.PR. :BLK.PR. :
:        :           : OIL  : WAT  : GAS  :  SCM/DAY  :  SCM/DAY  :  SCM/DAY  :  RCM/DAY  : BARSA  : BARSA  :
=============================================================================================================
:FIELD   :           :      :      :      :        0.0:        0.0:        0.0:        0.0:        :        :
:G1      :           :      :      :      :        0.0:        0.0:        0.0:        0.0:        :        :
:INJ     :  1,  1    :      :  WRAT:      :        0.0:        0.0:        0.0:        0.0:     0.0:     0.0:
:--------:-----------:------:------:------:-----------:-----------:-----------:-----------:--------:--------:

============================================== CUMULATIVE PRODUCTION/INJECTION TOTALS ==============================================
:  WELL  : LOCATION  :  WELL  :CTRL:    OIL    :   WATER   :    GAS    :   Prod    :    OIL    :   WATER   :    GAS    :    INJ    :
:  NAME  :  (I,J,K)  :  TYPE  :MODE:   PROD    :   PROD    :   PROD    : RES.VOL.  :    INJ    :    INJ    :    INJ    : RES.VOL.  :
:        :           :        :    :   MSCM    :   MSCM    :   MMSCM   :   MRCM    :   MSCM    :   MSCM    :   MMSCM   :   MRCM    :
====================================================================================================================================
:FIELD   :           :        :    :     1654.4:      434.0:        0.0:     2280.6:        0.0:     2190.0:        0.0:     2274.5:
:G1      :           :        :    :     1654.4:      434.0:        0.0:     2280.6:        0.0:     2190.0:        0.0:     2274.5:
:PROD    : 10, 10    :    PROD: BHP:     1654.4:      434.0:        0.0:     2280.6:        0.0:        0.0:        0.0:        0.0:
:INJ     :  1,  1    :     INJ:WRAT:        0.0:        0.0:        0.0:        0.0:        0.0:     2190.0:        0.0:     2274.5:
:--------:-----------:--------:----:-----------:-----------:-----------:-----------:-----------:-----------:-----------:-----------:


Report step 66/96 at day 2006/2920, date = 29-Jun-2020

Starting time step 0, stepsize 31 days, at day 2006/2037, date = 29-Jun-2020

Warning: Keyword 'WELLS' is unhandled for output to restart file.
 Newton its= 1, linearizations= 2 (0.0sec), linear its=  1 (0.0sec)
Restart file written for report step 66/96, date = 29-Jun-2020 00:00:00

                              **************************************************************************
  WELLS    AT      2037  DAYS *                 SPE1 - CASE 2                                          *
  REPORT   67    30 Jul 2020  *                                             Flow  version 2025.10-pre  *
                              **************************************************************************


======================================================= PRODUCTION REPORT =======================================================
:  WELL  : LOCATION  :CTRL:    OIL    :   WATER   :    GAS    :   FLUID   :   WATER   : GAS/OIL  :  WAT/GAS   : BHP OR : THP OR :
:  NAME  :  (I,J,K)  :MODE:   RATE    :   RATE    :   RATE    : RES.VOL.  :    CUT    :  RATIO   :   RATIO    :CON.PR. :BLK.PR. :
:        :           :    :  SCM/DAY  :  SCM/DAY  :  RCM/DAY  :  SCM/SCM  :  SCM/SCM  : SCM/SCM  :  SCM/SCM   : BARSA  : BARSA  :
=================================================================================================================================
:FIELD   :           :    :        0.2:        0.0:       -0.0:        0.2:      0.208:     -0.00:      0.0000:        :        :
:G1      :           :    :        0.2:        0.0:       -0.0:        0.2:      0.208:     -0.00:      0.0000:        :        :
:PROD    : 10, 10    : BHP:        0.2:        0.0:       -0.0:        0.2:      0.208:     -0.00:      0.0000:   245.0:     0.0:
:--------:-----------:----:-----------:-----------:-----------:-----------:-----------:----------:------------:--------:--------:

============================================= INJECTION REPORT ==============================================
:  WELL  : LOCATION  : CTRL : CTRL : CTRL :    OIL    :   WATER   :    GAS    :   FLUID   : BHP OR : THP OR :
:  NAME  :  (I,J,K)  : MODE : MODE : MODE :   RATE    :   RATE    :   RATE    : RES.VOL.  :CON.PR. :BLK.PR. :
:        :           : OIL  : WAT  : GAS  :  SCM/DAY  :  SCM/DAY  :  SCM/DAY  :  RCM/DAY  : BARSA  : BARSA  :
=============================================================================================================
:FIELD   :           :      :      :      :        0.0:        0.0:        0.0:        0.0:        :        :
:G1      :           :      :      :      :        0.0:        0.0:        0.0:        0.0:        :        :
:INJ     :  1,  1    :      :  WRAT:      :        0.0:        0.0:        0.0:        0.0:     0.0:     0.0:
:--------:-----------:------:------:------:-----------:-----------:-----------:-----------:--------:--------:

============================================== CUMULATIVE PRODUCTION/INJECTION TOTALS ==============================================
:  WELL  : LOCATION  :  WELL  :CTRL:    OIL    :   WATER   :    GAS    :   Prod    :    OIL    :   WATER   :    GAS    :    INJ    :
:  NAME  :  (I,J,K)  :  TYPE  :MODE:   PROD    :   PROD    :   PROD    : RES.VOL.  :    INJ    :    INJ    :    INJ    : RES.VOL.  :
:        :           :        :    :   MSCM    :   MSCM    :   MMSCM   :   MRCM    :   MSCM    :   MSCM    :   MMSCM   :   MRCM    :
====================================================================================================================================
:FIELD   :           :        :    :     1654.4:      434.0:        0.0:     2280.6:        0.0:     2190.0:        0.0:     2274.5:
:G1      :           :        :    :     1654.4:      434.0:        0.0:     2280.6:        0.0:     2190.0:        0.0:     2274.5:
:PROD    : 10, 10    :    PROD: BHP:     1654.4:      434.0:        0.0:     2280.6:        0.0:        0.0:        0.0:        0.0:
:INJ     :  1,  1    :     INJ:WRAT:        0.0:        0.0:        0.0:        0.0:        0.0:     2190.0:        0.0:     2274.5:
:--------:-----------:--------:----:-----------:-----------:-----------:-----------:-----------:-----------:-----------:-----------:


Report step 67/96 at day 2037/2920, date = 30-Jul-2020

Starting time step 0, stepsize 31 days, at day 2037/2068, date = 30-Jul-2020

Warning: Keyword 'WELLS' is unhandled for output to restart file.
 Newton its= 2, linearizations= 3 (0.0sec), linear its=  1 (0.0sec)
Restart file written for report step 67/96, date = 30-Jul-2020 00:00:00

                              **************************************************************************
  WELLS    AT      2068  DAYS *                 SPE1 - CASE 2                                          *
  REPORT   68    30 Aug 2020  *                                             Flow  version 2025.10-pre  *
                              **************************************************************************


======================================================= PRODUCTION REPORT =======================================================
:  WELL  : LOCATION  :CTRL:    OIL    :   WATER   :    GAS    :   FLUID   :   WATER   : GAS/OIL  :  WAT/GAS   : BHP OR : THP OR :
:  NAME  :  (I,J,K)  :MODE:   RATE    :   RATE    :   RATE    : RES.VOL.  :    CUT    :  RATIO   :   RATIO    :CON.PR. :BLK.PR. :
:        :           :    :  SCM/DAY  :  SCM/DAY  :  RCM/DAY  :  SCM/SCM  :  SCM/SCM  : SCM/SCM  :  SCM/SCM   : BARSA  : BARSA  :
=================================================================================================================================
:FIELD   :           :    :        0.0:        0.0:       -0.0:        0.1:      0.208:     -0.00:      0.0000:        :        :
:G1      :           :    :        0.0:        0.0:       -0.0:        0.1:      0.208:     -0.00:      0.0000:        :        :
:PROD    : 10, 10    : BHP:        0.0:        0.0:       -0.0:        0.1:      0.208:     -0.00:      0.0000:   245.0:     0.0:
:--------:-----------:----:-----------:-----------:-----------:-----------:-----------:----------:------------:--------:--------:

============================================= INJECTION REPORT ==============================================
:  WELL  : LOCATION  : CTRL : CTRL : CTRL :    OIL    :   WATER   :    GAS    :   FLUID   : BHP OR : THP OR :
:  NAME  :  (I,J,K)  : MODE : MODE : MODE :   RATE    :   RATE    :   RATE    : RES.VOL.  :CON.PR. :BLK.PR. :
:        :           : OIL  : WAT  : GAS  :  SCM/DAY  :  SCM/DAY  :  SCM/DAY  :  RCM/DAY  : BARSA  : BARSA  :
=============================================================================================================
:FIELD   :           :      :      :      :        0.0:        0.0:        0.0:        0.0:        :        :
:G1      :           :      :      :      :        0.0:        0.0:        0.0:        0.0:        :        :
:INJ     :  1,  1    :      :  WRAT:      :        0.0:        0.0:        0.0:        0.0:     0.0:     0.0:
:--------:-----------:------:------:------:-----------:-----------:-----------:-----------:--------:--------:

============================================== CUMULATIVE PRODUCTION/INJECTION TOTALS ==============================================
:  WELL  : LOCATION  :  WELL  :CTRL:    OIL    :   WATER   :    GAS    :   Prod    :    OIL    :   WATER   :    GAS    :    INJ    :
:  NAME  :  (I,J,K)  :  TYPE  :MODE:   PROD    :   PROD    :   PROD    : RES.VOL.  :    INJ    :    INJ    :    INJ    : RES.VOL.  :
:        :           :        :    :   MSCM    :   MSCM    :   MMSCM   :   MRCM    :   MSCM    :   MSCM    :   MMSCM   :   MRCM    :
====================================================================================================================================
:FIELD   :           :        :    :     1654.4:      434.0:        0.0:     2280.6:        0.0:     2190.0:        0.0:     2274.5:
:G1      :           :        :    :     1654.4:      434.0:        0.0:     2280.6:        0.0:     2190.0:        0.0:     2274.5:
:PROD    : 10, 10    :    PROD: BHP:     1654.4:      434.0:        0.0:     2280.6:        0.0:        0.0:        0.0:        0.0:
:INJ     :  1,  1    :     INJ:WRAT:        0.0:        0.0:        0.0:        0.0:        0.0:     2190.0:        0.0:     2274.5:
:--------:-----------:--------:----:-----------:-----------:-----------:-----------:-----------:-----------:-----------:-----------:


Report step 68/96 at day 2068/2920, date = 30-Aug-2020

Starting time step 0, stepsize 30 days, at day 2068/2098, date = 30-Aug-2020

Warning: Keyword 'WELLS' is unhandled for output to restart file.
 Newton its= 1, linearizations= 2 (0.0sec), linear its=  1 (0.0sec)
Restart file written for report step 68/96, date = 30-Aug-2020 00:00:00

                              **************************************************************************
  WELLS    AT      2098  DAYS *                 SPE1 - CASE 2                                          *
  REPORT   69    29 Sep 2020  *                                             Flow  version 2025.10-pre  *
                              **************************************************************************


======================================================= PRODUCTION REPORT =======================================================
:  WELL  : LOCATION  :CTRL:    OIL    :   WATER   :    GAS    :   FLUID   :   WATER   : GAS/OIL  :  WAT/GAS   : BHP OR : THP OR :
:  NAME  :  (I,J,K)  :MODE:   RATE    :   RATE    :   RATE    : RES.VOL.  :    CUT    :  RATIO   :   RATIO    :CON.PR. :BLK.PR. :
:        :           :    :  SCM/DAY  :  SCM/DAY  :  RCM/DAY  :  SCM/SCM  :  SCM/SCM  : SCM/SCM  :  SCM/SCM   : BARSA  : BARSA  :
=================================================================================================================================
:FIELD   :           :    :        0.0:        0.0:       -0.0:        0.0:      0.208:     -0.00:      0.0000:        :        :
:G1      :           :    :        0.0:        0.0:       -0.0:        0.0:      0.208:     -0.00:      0.0000:        :        :
:PROD    : 10, 10    : BHP:        0.0:        0.0:       -0.0:        0.0:      0.208:     -0.00:      0.0000:   245.0:     0.0:
:--------:-----------:----:-----------:-----------:-----------:-----------:-----------:----------:------------:--------:--------:

============================================= INJECTION REPORT ==============================================
:  WELL  : LOCATION  : CTRL : CTRL : CTRL :    OIL    :   WATER   :    GAS    :   FLUID   : BHP OR : THP OR :
:  NAME  :  (I,J,K)  : MODE : MODE : MODE :   RATE    :   RATE    :   RATE    : RES.VOL.  :CON.PR. :BLK.PR. :
:        :           : OIL  : WAT  : GAS  :  SCM/DAY  :  SCM/DAY  :  SCM/DAY  :  RCM/DAY  : BARSA  : BARSA  :
=============================================================================================================
:FIELD   :           :      :      :      :        0.0:        0.0:        0.0:        0.0:        :        :
:G1      :           :      :      :      :        0.0:        0.0:        0.0:        0.0:        :        :
:INJ     :  1,  1    :      :  WRAT:      :        0.0:        0.0:        0.0:        0.0:     0.0:     0.0:
:--------:-----------:------:------:------:-----------:-----------:-----------:-----------:--------:--------:

============================================== CUMULATIVE PRODUCTION/INJECTION TOTALS ==============================================
:  WELL  : LOCATION  :  WELL  :CTRL:    OIL    :   WATER   :    GAS    :   Prod    :    OIL    :   WATER   :    GAS    :    INJ    :
:  NAME  :  (I,J,K)  :  TYPE  :MODE:   PROD    :   PROD    :   PROD    : RES.VOL.  :    INJ    :    INJ    :    INJ    : RES.VOL.  :
:        :           :        :    :   MSCM    :   MSCM    :   MMSCM   :   MRCM    :   MSCM    :   MSCM    :   MMSCM   :   MRCM    :
====================================================================================================================================
:FIELD   :           :        :    :     1654.4:      434.0:        0.0:     2280.6:        0.0:     2190.0:        0.0:     2274.5:
:G1      :           :        :    :     1654.4:      434.0:        0.0:     2280.6:        0.0:     2190.0:        0.0:     2274.5:
:PROD    : 10, 10    :    PROD: BHP:     1654.4:      434.0:        0.0:     2280.6:        0.0:        0.0:        0.0:        0.0:
:INJ     :  1,  1    :     INJ:WRAT:        0.0:        0.0:        0.0:        0.0:        0.0:     2190.0:        0.0:     2274.5:
:--------:-----------:--------:----:-----------:-----------:-----------:-----------:-----------:-----------:-----------:-----------:


Report step 69/96 at day 2098/2920, date = 29-Sep-2020

Starting time step 0, stepsize 31 days, at day 2098/2129, date = 29-Sep-2020

Warning: Keyword 'WELLS' is unhandled for output to restart file.
 Newton its= 1, linearizations= 2 (0.0sec), linear its=  1 (0.0sec)
Restart file written for report step 69/96, date = 29-Sep-2020 00:00:00

                              **************************************************************************
  WELLS    AT      2129  DAYS *                 SPE1 - CASE 2                                          *
  REPORT   70    30 Oct 2020  *                                             Flow  version 2025.10-pre  *
                              **************************************************************************


======================================================= PRODUCTION REPORT =======================================================
:  WELL  : LOCATION  :CTRL:    OIL    :   WATER   :    GAS    :   FLUID   :   WATER   : GAS/OIL  :  WAT/GAS   : BHP OR : THP OR :
:  NAME  :  (I,J,K)  :MODE:   RATE    :   RATE    :   RATE    : RES.VOL.  :    CUT    :  RATIO   :   RATIO    :CON.PR. :BLK.PR. :
:        :           :    :  SCM/DAY  :  SCM/DAY  :  RCM/DAY  :  SCM/SCM  :  SCM/SCM  : SCM/SCM  :  SCM/SCM   : BARSA  : BARSA  :
=================================================================================================================================
:FIELD   :           :    :        0.0:        0.0:       -0.0:        0.0:      0.208:     -0.00:      0.0000:        :        :
:G1      :           :    :        0.0:        0.0:       -0.0:        0.0:      0.208:     -0.00:      0.0000:        :        :
:PROD    : 10, 10    : BHP:        0.0:        0.0:       -0.0:        0.0:      0.208:     -0.00:      0.0000:   245.0:     0.0:
:--------:-----------:----:-----------:-----------:-----------:-----------:-----------:----------:------------:--------:--------:

============================================= INJECTION REPORT ==============================================
:  WELL  : LOCATION  : CTRL : CTRL : CTRL :    OIL    :   WATER   :    GAS    :   FLUID   : BHP OR : THP OR :
:  NAME  :  (I,J,K)  : MODE : MODE : MODE :   RATE    :   RATE    :   RATE    : RES.VOL.  :CON.PR. :BLK.PR. :
:        :           : OIL  : WAT  : GAS  :  SCM/DAY  :  SCM/DAY  :  SCM/DAY  :  RCM/DAY  : BARSA  : BARSA  :
=============================================================================================================
:FIELD   :           :      :      :      :        0.0:        0.0:        0.0:        0.0:        :        :
:G1      :           :      :      :      :        0.0:        0.0:        0.0:        0.0:        :        :
:INJ     :  1,  1    :      :  WRAT:      :        0.0:        0.0:        0.0:        0.0:     0.0:     0.0:
:--------:-----------:------:------:------:-----------:-----------:-----------:-----------:--------:--------:

============================================== CUMULATIVE PRODUCTION/INJECTION TOTALS ==============================================
:  WELL  : LOCATION  :  WELL  :CTRL:    OIL    :   WATER   :    GAS    :   Prod    :    OIL    :   WATER   :    GAS    :    INJ    :
:  NAME  :  (I,J,K)  :  TYPE  :MODE:   PROD    :   PROD    :   PROD    : RES.VOL.  :    INJ    :    INJ    :    INJ    : RES.VOL.  :
:        :           :        :    :   MSCM    :   MSCM    :   MMSCM   :   MRCM    :   MSCM    :   MSCM    :   MMSCM   :   MRCM    :
====================================================================================================================================
:FIELD   :           :        :    :     1654.4:      434.0:        0.0:     2280.6:        0.0:     2190.0:        0.0:     2274.5:
:G1      :           :        :    :     1654.4:      434.0:        0.0:     2280.6:        0.0:     2190.0:        0.0:     2274.5:
:PROD    : 10, 10    :    PROD: BHP:     1654.4:      434.0:        0.0:     2280.6:        0.0:        0.0:        0.0:        0.0:
:INJ     :  1,  1    :     INJ:WRAT:        0.0:        0.0:        0.0:        0.0:        0.0:     2190.0:        0.0:     2274.5:
:--------:-----------:--------:----:-----------:-----------:-----------:-----------:-----------:-----------:-----------:-----------:


Report step 70/96 at day 2129/2920, date = 30-Oct-2020

Starting time step 0, stepsize 30 days, at day 2129/2159, date = 30-Oct-2020

Warning: Keyword 'WELLS' is unhandled for output to restart file.
 Newton its= 1, linearizations= 2 (0.0sec), linear its=  1 (0.0sec)
Restart file written for report step 70/96, date = 30-Oct-2020 00:00:00

                              **************************************************************************
  WELLS    AT      2159  DAYS *                 SPE1 - CASE 2                                          *
  REPORT   71    29 Nov 2020  *                                             Flow  version 2025.10-pre  *
                              **************************************************************************


======================================================= PRODUCTION REPORT =======================================================
:  WELL  : LOCATION  :CTRL:    OIL    :   WATER   :    GAS    :   FLUID   :   WATER   : GAS/OIL  :  WAT/GAS   : BHP OR : THP OR :
:  NAME  :  (I,J,K)  :MODE:   RATE    :   RATE    :   RATE    : RES.VOL.  :    CUT    :  RATIO   :   RATIO    :CON.PR. :BLK.PR. :
:        :           :    :  SCM/DAY  :  SCM/DAY  :  RCM/DAY  :  SCM/SCM  :  SCM/SCM  : SCM/SCM  :  SCM/SCM   : BARSA  : BARSA  :
=================================================================================================================================
:FIELD   :           :    :        0.0:        0.0:       -0.0:        0.0:      0.208:     -0.00:      0.0000:        :        :
:G1      :           :    :        0.0:        0.0:       -0.0:        0.0:      0.208:     -0.00:      0.0000:        :        :
:PROD    : 10, 10    : BHP:        0.0:        0.0:       -0.0:        0.0:      0.208:     -0.00:      0.0000:   245.0:     0.0:
:--------:-----------:----:-----------:-----------:-----------:-----------:-----------:----------:------------:--------:--------:

============================================= INJECTION REPORT ==============================================
:  WELL  : LOCATION  : CTRL : CTRL : CTRL :    OIL    :   WATER   :    GAS    :   FLUID   : BHP OR : THP OR :
:  NAME  :  (I,J,K)  : MODE : MODE : MODE :   RATE    :   RATE    :   RATE    : RES.VOL.  :CON.PR. :BLK.PR. :
:        :           : OIL  : WAT  : GAS  :  SCM/DAY  :  SCM/DAY  :  SCM/DAY  :  RCM/DAY  : BARSA  : BARSA  :
=============================================================================================================
:FIELD   :           :      :      :      :        0.0:        0.0:        0.0:        0.0:        :        :
:G1      :           :      :      :      :        0.0:        0.0:        0.0:        0.0:        :        :
:INJ     :  1,  1    :      :  WRAT:      :        0.0:        0.0:        0.0:        0.0:     0.0:     0.0:
:--------:-----------:------:------:------:-----------:-----------:-----------:-----------:--------:--------:

============================================== CUMULATIVE PRODUCTION/INJECTION TOTALS ==============================================
:  WELL  : LOCATION  :  WELL  :CTRL:    OIL    :   WATER   :    GAS    :   Prod    :    OIL    :   WATER   :    GAS    :    INJ    :
:  NAME  :  (I,J,K)  :  TYPE  :MODE:   PROD    :   PROD    :   PROD    : RES.VOL.  :    INJ    :    INJ    :    INJ    : RES.VOL.  :
:        :           :        :    :   MSCM    :   MSCM    :   MMSCM   :   MRCM    :   MSCM    :   MSCM    :   MMSCM   :   MRCM    :
====================================================================================================================================
:FIELD   :           :        :    :     1654.4:      434.0:        0.0:     2280.6:        0.0:     2190.0:        0.0:     2274.5:
:G1      :           :        :    :     1654.4:      434.0:        0.0:     2280.6:        0.0:     2190.0:        0.0:     2274.5:
:PROD    : 10, 10    :    PROD: BHP:     1654.4:      434.0:        0.0:     2280.6:        0.0:        0.0:        0.0:        0.0:
:INJ     :  1,  1    :     INJ:WRAT:        0.0:        0.0:        0.0:        0.0:        0.0:     2190.0:        0.0:     2274.5:
:--------:-----------:--------:----:-----------:-----------:-----------:-----------:-----------:-----------:-----------:-----------:


Report step 71/96 at day 2159/2920, date = 29-Nov-2020

Starting time step 0, stepsize 31 days, at day 2159/2190, date = 29-Nov-2020
Well PROD will be shut as it can not operate under current reservoir conditions.

Warning: Keyword 'WELLS' is unhandled for output to restart file.
 Newton its= 1, linearizations= 2 (0.0sec), linear its=  1 (0.0sec)
Restart file written for report step 71/96, date = 29-Nov-2020 00:00:00

                              **************************************************************************
  WELLS    AT      2190  DAYS *                 SPE1 - CASE 2                                          *
  REPORT   72    30 Dec 2020  *                                             Flow  version 2025.10-pre  *
                              **************************************************************************


======================================================= PRODUCTION REPORT =======================================================
:  WELL  : LOCATION  :CTRL:    OIL    :   WATER   :    GAS    :   FLUID   :   WATER   : GAS/OIL  :  WAT/GAS   : BHP OR : THP OR :
:  NAME  :  (I,J,K)  :MODE:   RATE    :   RATE    :   RATE    : RES.VOL.  :    CUT    :  RATIO   :   RATIO    :CON.PR. :BLK.PR. :
:        :           :    :  SCM/DAY  :  SCM/DAY  :  RCM/DAY  :  SCM/SCM  :  SCM/SCM  : SCM/SCM  :  SCM/SCM   : BARSA  : BARSA  :
=================================================================================================================================
:FIELD   :           :    :       -0.0:       -0.0:       -0.0:       -0.0:      0.000:      0.00:      0.0000:        :        :
:G1      :           :    :       -0.0:       -0.0:       -0.0:       -0.0:      0.000:      0.00:      0.0000:        :        :
:PROD    : 10, 10    : BHP:       -0.0:       -0.0:       -0.0:       -0.0:      0.000:      0.00:      0.0000:   245.0:     0.0:
:--------:-----------:----:-----------:-----------:-----------:-----------:-----------:----------:------------:--------:--------:

============================================= INJECTION REPORT ==============================================
:  WELL  : LOCATION  : CTRL : CTRL : CTRL :    OIL    :   WATER   :    GAS    :   FLUID   : BHP OR : THP OR :
:  NAME  :  (I,J,K)  : MODE : MODE : MODE :   RATE    :   RATE    :   RATE    : RES.VOL.  :CON.PR. :BLK.PR. :
:        :           : OIL  : WAT  : GAS  :  SCM/DAY  :  SCM/DAY  :  SCM/DAY  :  RCM/DAY  : BARSA  : BARSA  :
=============================================================================================================
:FIELD   :           :      :      :      :        0.0:        0.0:        0.0:        0.0:        :        :
:G1      :           :      :      :      :        0.0:        0.0:        0.0:        0.0:        :        :
:INJ     :  1,  1    :      :  WRAT:      :        0.0:        0.0:        0.0:        0.0:     0.0:     0.0:
:--------:-----------:------:------:------:-----------:-----------:-----------:-----------:--------:--------:

============================================== CUMULATIVE PRODUCTION/INJECTION TOTALS ==============================================
:  WELL  : LOCATION  :  WELL  :CTRL:    OIL    :   WATER   :    GAS    :   Prod    :    OIL    :   WATER   :    GAS    :    INJ    :
:  NAME  :  (I,J,K)  :  TYPE  :MODE:   PROD    :   PROD    :   PROD    : RES.VOL.  :    INJ    :    INJ    :    INJ    : RES.VOL.  :
:        :           :        :    :   MSCM    :   MSCM    :   MMSCM   :   MRCM    :   MSCM    :   MSCM    :   MMSCM   :   MRCM    :
====================================================================================================================================
:FIELD   :           :        :    :     1654.4:      434.0:        0.0:     2280.6:        0.0:     2190.0:        0.0:     2274.5:
:G1      :           :        :    :     1654.4:      434.0:        0.0:     2280.6:        0.0:     2190.0:        0.0:     2274.5:
:PROD    : 10, 10    :    PROD: BHP:     1654.4:      434.0:        0.0:     2280.6:        0.0:        0.0:        0.0:        0.0:
:INJ     :  1,  1    :     INJ:WRAT:        0.0:        0.0:        0.0:        0.0:        0.0:     2190.0:        0.0:     2274.5:
:--------:-----------:--------:----:-----------:-----------:-----------:-----------:-----------:-----------:-----------:-----------:


Report step 72/96 at day 2190/2920, date = 30-Dec-2020

Starting time step 0, stepsize 31 days, at day 2190/2221, date = 30-Dec-2020
Restart file written for report step 72/96, date = 30-Dec-2020 00:00:00
    Oscillating behavior detected: Relaxation set to 0.900000
    Oscillating behavior detected: Relaxation set to 0.800000
    Oscillating behavior detected: Relaxation set to 0.700000

Warning: Keyword 'WELLS' is unhandled for output to restart file.
 Newton its=20, linearizations=21 (0.0sec), linear its= 14 (0.0sec)

                              **************************************************************************
  WELLS    AT      2221  DAYS *                 SPE1 - CASE 2                                          *
  REPORT   73    30 Jan 2021  *                                             Flow  version 2025.10-pre  *
                              **************************************************************************


======================================================= PRODUCTION REPORT =======================================================
:  WELL  : LOCATION  :CTRL:    OIL    :   WATER   :    GAS    :   FLUID   :   WATER   : GAS/OIL  :  WAT/GAS   : BHP OR : THP OR :
:  NAME  :  (I,J,K)  :MODE:   RATE    :   RATE    :   RATE    : RES.VOL.  :    CUT    :  RATIO   :   RATIO    :CON.PR. :BLK.PR. :
:        :           :    :  SCM/DAY  :  SCM/DAY  :  RCM/DAY  :  SCM/SCM  :  SCM/SCM  : SCM/SCM  :  SCM/SCM   : BARSA  : BARSA  :
=================================================================================================================================
:FIELD   :           :    :     1006.9:      264.3:       -0.0:     1388.4:      0.208:     -0.00:      0.0000:        :        :
:G1      :           :    :     1006.9:      264.3:       -0.0:     1388.4:      0.208:     -0.00:      0.0000:        :        :
:PROD    : 10, 10    : BHP:     1006.9:      264.3:       -0.0:     1388.4:      0.208:     -0.00:      0.0000:   245.0:     0.0:
:--------:-----------:----:-----------:-----------:-----------:-----------:-----------:----------:------------:--------:--------:

============================================= INJECTION REPORT ==============================================
:  WELL  : LOCATION  : CTRL : CTRL : CTRL :    OIL    :   WATER   :    GAS    :   FLUID   : BHP OR : THP OR :
:  NAME  :  (I,J,K)  : MODE : MODE : MODE :   RATE    :   RATE    :   RATE    : RES.VOL.  :CON.PR. :BLK.PR. :
:        :           : OIL  : WAT  : GAS  :  SCM/DAY  :  SCM/DAY  :  SCM/DAY  :  RCM/DAY  : BARSA  : BARSA  :
=============================================================================================================
:FIELD   :           :      :      :      :        0.0:     2000.0:        0.0:     2079.0:        :        :
:G1      :           :      :      :      :        0.0:     2000.0:        0.0:     2079.0:        :        :
:INJ     :  1,  1    :      :  WRAT:      :        0.0:     2000.0:        0.0:     2079.0:   269.8:     0.0:
:--------:-----------:------:------:------:-----------:-----------:-----------:-----------:--------:--------:

============================================== CUMULATIVE PRODUCTION/INJECTION TOTALS ==============================================
:  WELL  : LOCATION  :  WELL  :CTRL:    OIL    :   WATER   :    GAS    :   Prod    :    OIL    :   WATER   :    GAS    :    INJ    :
:  NAME  :  (I,J,K)  :  TYPE  :MODE:   PROD    :   PROD    :   PROD    : RES.VOL.  :    INJ    :    INJ    :    INJ    : RES.VOL.  :
:        :           :        :    :   MSCM    :   MSCM    :   MMSCM   :   MRCM    :   MSCM    :   MSCM    :   MMSCM   :   MRCM    :
====================================================================================================================================
:FIELD   :           :        :    :     1685.6:      442.2:        0.0:     2323.6:        0.0:     2252.0:        0.0:     2339.0:
:G1      :           :        :    :     1685.6:      442.2:        0.0:     2323.6:        0.0:     2252.0:        0.0:     2339.0:
:PROD    : 10, 10    :    PROD: BHP:     1685.6:      442.2:        0.0:     2323.6:        0.0:        0.0:        0.0:        0.0:
:INJ     :  1,  1    :     INJ:WRAT:        0.0:        0.0:        0.0:        0.0:        0.0:     2252.0:        0.0:     2339.0:
:--------:-----------:--------:----:-----------:-----------:-----------:-----------:-----------:-----------:-----------:-----------:


Report step 73/96 at day 2221/2920, date = 30-Jan-2021

Starting time step 0, stepsize 8.90806 days, at day 2221/2249, date = 30-Jan-2021
 Newton its= 3, linearizations= 4 (0.0sec), linear its=  0 (0.0sec)
Restart file written for report step 73/96, date = 30-Jan-2021 00:00:00

Starting time step 1, stepsize 19.0919 days, at day 2229.91/2249, date = 07-Feb-2021

Warning: Keyword 'WELLS' is unhandled for output to restart file.
 Newton its= 5, linearizations= 6 (0.0sec), linear its=  1 (0.0sec)

                              **************************************************************************
  WELLS    AT      2249  DAYS *                 SPE1 - CASE 2                                          *
  REPORT   74    27 Feb 2021  *                                             Flow  version 2025.10-pre  *
                              **************************************************************************


======================================================= PRODUCTION REPORT =======================================================
:  WELL  : LOCATION  :CTRL:    OIL    :   WATER   :    GAS    :   FLUID   :   WATER   : GAS/OIL  :  WAT/GAS   : BHP OR : THP OR :
:  NAME  :  (I,J,K)  :MODE:   RATE    :   RATE    :   RATE    : RES.VOL.  :    CUT    :  RATIO   :   RATIO    :CON.PR. :BLK.PR. :
:        :           :    :  SCM/DAY  :  SCM/DAY  :  RCM/DAY  :  SCM/SCM  :  SCM/SCM  : SCM/SCM  :  SCM/SCM   : BARSA  : BARSA  :
=================================================================================================================================
:FIELD   :           :    :     1373.2:      360.5:       -0.0:     1893.4:      0.208:     -0.00:      0.0000:        :        :
:G1      :           :    :     1373.2:      360.5:       -0.0:     1893.4:      0.208:     -0.00:      0.0000:        :        :
:PROD    : 10, 10    : BHP:     1373.2:      360.5:       -0.0:     1893.4:      0.208:     -0.00:      0.0000:   245.0:     0.0:
:--------:-----------:----:-----------:-----------:-----------:-----------:-----------:----------:------------:--------:--------:

============================================= INJECTION REPORT ==============================================
:  WELL  : LOCATION  : CTRL : CTRL : CTRL :    OIL    :   WATER   :    GAS    :   FLUID   : BHP OR : THP OR :
:  NAME  :  (I,J,K)  : MODE : MODE : MODE :   RATE    :   RATE    :   RATE    : RES.VOL.  :CON.PR. :BLK.PR. :
:        :           : OIL  : WAT  : GAS  :  SCM/DAY  :  SCM/DAY  :  SCM/DAY  :  RCM/DAY  : BARSA  : BARSA  :
=============================================================================================================
:FIELD   :           :      :      :      :        0.0:     2000.0:        0.0:     2077.4:        :        :
:G1      :           :      :      :      :        0.0:     2000.0:        0.0:     2077.4:        :        :
:INJ     :  1,  1    :      :  WRAT:      :        0.0:     2000.0:        0.0:     2077.4:   274.7:     0.0:
:--------:-----------:------:------:------:-----------:-----------:-----------:-----------:--------:--------:

============================================== CUMULATIVE PRODUCTION/INJECTION TOTALS ==============================================
:  WELL  : LOCATION  :  WELL  :CTRL:    OIL    :   WATER   :    GAS    :   Prod    :    OIL    :   WATER   :    GAS    :    INJ    :
:  NAME  :  (I,J,K)  :  TYPE  :MODE:   PROD    :   PROD    :   PROD    : RES.VOL.  :    INJ    :    INJ    :    INJ    : RES.VOL.  :
:        :           :        :    :   MSCM    :   MSCM    :   MMSCM   :   MRCM    :   MSCM    :   MSCM    :   MMSCM   :   MRCM    :
====================================================================================================================================
:FIELD   :           :        :    :     1722.5:      451.9:        0.0:     2374.5:        0.0:     2308.0:        0.0:     2397.2:
:G1      :           :        :    :     1722.5:      451.9:        0.0:     2374.5:        0.0:     2308.0:        0.0:     2397.2:
:PROD    : 10, 10    :    PROD: BHP:     1722.5:      451.9:        0.0:     2374.5:        0.0:        0.0:        0.0:        0.0:
:INJ     :  1,  1    :     INJ:WRAT:        0.0:        0.0:        0.0:        0.0:        0.0:     2308.0:        0.0:     2397.2:
:--------:-----------:--------:----:-----------:-----------:-----------:-----------:-----------:-----------:-----------:-----------:


Report step 74/96 at day 2249/2920, date = 27-Feb-2021

Starting time step 0, stepsize 31 days, at day 2249/2280, date = 27-Feb-2021
Restart file written for report step 74/96, date = 27-Feb-2021 00:00:00

Problem: Solver convergence failure - Iteration limit reached
Timestep chopped to 10.23 days


Starting time step 0, stepsize 10.23 days, at day 2249/2280, date = 27-Feb-2021
 Newton its= 1, linearizations= 2 (0.0sec), linear its=  1 (0.0sec)

Starting time step 1, stepsize 20.77 days, at day 2259.23/2280, date = 09-Mar-2021
    Oscillating behavior detected: Relaxation set to 0.900000

Warning: Keyword 'WELLS' is unhandled for output to restart file.
 Newton its=20, linearizations=21 (0.0sec), linear its=  7 (0.0sec)

                              **************************************************************************
  WELLS    AT      2280  DAYS *                 SPE1 - CASE 2                                          *
  REPORT   75    30 Mar 2021  *                                             Flow  version 2025.10-pre  *
                              **************************************************************************


======================================================= PRODUCTION REPORT =======================================================
:  WELL  : LOCATION  :CTRL:    OIL    :   WATER   :    GAS    :   FLUID   :   WATER   : GAS/OIL  :  WAT/GAS   : BHP OR : THP OR :
:  NAME  :  (I,J,K)  :MODE:   RATE    :   RATE    :   RATE    : RES.VOL.  :    CUT    :  RATIO   :   RATIO    :CON.PR. :BLK.PR. :
:        :           :    :  SCM/DAY  :  SCM/DAY  :  RCM/DAY  :  SCM/SCM  :  SCM/SCM  : SCM/SCM  :  SCM/SCM   : BARSA  : BARSA  :
=================================================================================================================================
:FIELD   :           :    :     1474.5:      387.1:       -0.0:     2032.9:      0.208:     -0.00:      0.0000:        :        :
:G1      :           :    :     1474.5:      387.1:       -0.0:     2032.9:      0.208:     -0.00:      0.0000:        :        :
:PROD    : 10, 10    : BHP:     1474.5:      387.1:       -0.0:     2032.9:      0.208:     -0.00:      0.0000:   245.0:     0.0:
:--------:-----------:----:-----------:-----------:-----------:-----------:-----------:----------:------------:--------:--------:

============================================= INJECTION REPORT ==============================================
:  WELL  : LOCATION  : CTRL : CTRL : CTRL :    OIL    :   WATER   :    GAS    :   FLUID   : BHP OR : THP OR :
:  NAME  :  (I,J,K)  : MODE : MODE : MODE :   RATE    :   RATE    :   RATE    : RES.VOL.  :CON.PR. :BLK.PR. :
:        :           : OIL  : WAT  : GAS  :  SCM/DAY  :  SCM/DAY  :  SCM/DAY  :  RCM/DAY  : BARSA  : BARSA  :
=============================================================================================================
:FIELD   :           :      :      :      :        0.0:     2000.0:        0.0:     2077.2:        :        :
:G1      :           :      :      :      :        0.0:     2000.0:        0.0:     2077.2:        :        :
:INJ     :  1,  1    :      :  WRAT:      :        0.0:     2000.0:        0.0:     2077.2:   276.1:     0.0:
:--------:-----------:------:------:------:-----------:-----------:-----------:-----------:--------:--------:

============================================== CUMULATIVE PRODUCTION/INJECTION TOTALS ==============================================
:  WELL  : LOCATION  :  WELL  :CTRL:    OIL    :   WATER   :    GAS    :   Prod    :    OIL    :   WATER   :    GAS    :    INJ    :
:  NAME  :  (I,J,K)  :  TYPE  :MODE:   PROD    :   PROD    :   PROD    : RES.VOL.  :    INJ    :    INJ    :    INJ    : RES.VOL.  :
:        :           :        :    :   MSCM    :   MSCM    :   MMSCM   :   MRCM    :   MSCM    :   MSCM    :   MMSCM   :   MRCM    :
====================================================================================================================================
:FIELD   :           :        :    :     1767.7:      463.8:        0.0:     2436.8:        0.0:     2370.0:        0.0:     2461.6:
:G1      :           :        :    :     1767.7:      463.8:        0.0:     2436.8:        0.0:     2370.0:        0.0:     2461.6:
:PROD    : 10, 10    :    PROD: BHP:     1767.7:      463.8:        0.0:     2436.8:        0.0:        0.0:        0.0:        0.0:
:INJ     :  1,  1    :     INJ:WRAT:        0.0:        0.0:        0.0:        0.0:        0.0:     2370.0:        0.0:     2461.6:
:--------:-----------:--------:----:-----------:-----------:-----------:-----------:-----------:-----------:-----------:-----------:


Report step 75/96 at day 2280/2920, date = 30-Mar-2021

Starting time step 0, stepsize 8.308 days, at day 2280/2310, date = 30-Mar-2021
Restart file written for report step 75/96, date = 30-Mar-2021 00:00:00
 Newton its=20, linearizations=21 (0.0sec), linear its=  0 (0.0sec)

Starting time step 1, stepsize 3.3232 days, at day 2288.31/2310, date = 07-Apr-2021
 Newton its= 2, linearizations= 3 (0.0sec), linear its=  0 (0.0sec)

Starting time step 2, stepsize 9.9696 days, at day 2291.63/2310, date = 10-Apr-2021
    Oscillating behavior detected: Relaxation set to 0.900000
    Oscillating behavior detected: Relaxation set to 0.800000
    Oscillating behavior detected: Relaxation set to 0.700000
    Oscillating behavior detected: Relaxation set to 0.600000
    Oscillating behavior detected: Relaxation set to 0.500000
    Oscillating behavior detected: Relaxation set to 0.500000
    Oscillating behavior detected: Relaxation set to 0.500000
    Oscillating behavior detected: Relaxation set to 0.500000
    Oscillating behavior detected: Relaxation set to 0.500000
    Oscillating behavior detected: Relaxation set to 0.500000
    Oscillating behavior detected: Relaxation set to 0.500000
    Oscillating behavior detected: Relaxation set to 0.500000
    Oscillating behavior detected: Relaxation set to 0.500000
    Oscillating behavior detected: Relaxation set to 0.500000
 Newton its=20, linearizations=21 (0.0sec), linear its=  0 (0.0sec)

Starting time step 3, stepsize 3.98784 days, at day 2301.6/2310, date = 20-Apr-2021
    Oscillating behavior detected: Relaxation set to 0.900000
 Newton its=10, linearizations=11 (0.0sec), linear its=  2 (0.0sec)

Starting time step 4, stepsize 2.20568 days, at day 2305.59/2310, date = 24-Apr-2021
 Newton its= 1, linearizations= 2 (0.0sec), linear its=  0 (0.0sec)

Starting time step 5, stepsize 2.20568 days, at day 2307.79/2310, date = 26-Apr-2021

Warning: Keyword 'WELLS' is unhandled for output to restart file.
 Newton its= 6, linearizations= 7 (0.0sec), linear its=  1 (0.0sec)

                              **************************************************************************
  WELLS    AT      2310  DAYS *                 SPE1 - CASE 2                                          *
  REPORT   76    29 Apr 2021  *                                             Flow  version 2025.10-pre  *
                              **************************************************************************


======================================================= PRODUCTION REPORT =======================================================
:  WELL  : LOCATION  :CTRL:    OIL    :   WATER   :    GAS    :   FLUID   :   WATER   : GAS/OIL  :  WAT/GAS   : BHP OR : THP OR :
:  NAME  :  (I,J,K)  :MODE:   RATE    :   RATE    :   RATE    : RES.VOL.  :    CUT    :  RATIO   :   RATIO    :CON.PR. :BLK.PR. :
:        :           :    :  SCM/DAY  :  SCM/DAY  :  RCM/DAY  :  SCM/SCM  :  SCM/SCM  : SCM/SCM  :  SCM/SCM   : BARSA  : BARSA  :
=================================================================================================================================
:FIELD   :           :    :     1500.7:      394.0:       -0.0:     2069.0:      0.208:     -0.00:      0.0000:        :        :
:G1      :           :    :     1500.7:      394.0:       -0.0:     2069.0:      0.208:     -0.00:      0.0000:        :        :
:PROD    : 10, 10    : BHP:     1500.7:      394.0:       -0.0:     2069.0:      0.208:     -0.00:      0.0000:   245.0:     0.0:
:--------:-----------:----:-----------:-----------:-----------:-----------:-----------:----------:------------:--------:--------:

============================================= INJECTION REPORT ==============================================
:  WELL  : LOCATION  : CTRL : CTRL : CTRL :    OIL    :   WATER   :    GAS    :   FLUID   : BHP OR : THP OR :
:  NAME  :  (I,J,K)  : MODE : MODE : MODE :   RATE    :   RATE    :   RATE    : RES.VOL.  :CON.PR. :BLK.PR. :
:        :           : OIL  : WAT  : GAS  :  SCM/DAY  :  SCM/DAY  :  SCM/DAY  :  RCM/DAY  : BARSA  : BARSA  :
=============================================================================================================
:FIELD   :           :      :      :      :        0.0:     2000.0:        0.0:     2077.1:        :        :
:G1      :           :      :      :      :        0.0:     2000.0:        0.0:     2077.1:        :        :
:INJ     :  1,  1    :      :  WRAT:      :        0.0:     2000.0:        0.0:     2077.1:   276.4:     0.0:
:--------:-----------:------:------:------:-----------:-----------:-----------:-----------:--------:--------:

============================================== CUMULATIVE PRODUCTION/INJECTION TOTALS ==============================================
:  WELL  : LOCATION  :  WELL  :CTRL:    OIL    :   WATER   :    GAS    :   Prod    :    OIL    :   WATER   :    GAS    :    INJ    :
:  NAME  :  (I,J,K)  :  TYPE  :MODE:   PROD    :   PROD    :   PROD    : RES.VOL.  :    INJ    :    INJ    :    INJ    : RES.VOL.  :
:        :           :        :    :   MSCM    :   MSCM    :   MMSCM   :   MRCM    :   MSCM    :   MSCM    :   MMSCM   :   MRCM    :
====================================================================================================================================
:FIELD   :           :        :    :     1812.5:      475.5:        0.0:     2498.6:        0.0:     2430.0:        0.0:     2523.9:
:G1      :           :        :    :     1812.5:      475.5:        0.0:     2498.6:        0.0:     2430.0:        0.0:     2523.9:
:PROD    : 10, 10    :    PROD: BHP:     1812.5:      475.5:        0.0:     2498.6:        0.0:        0.0:        0.0:        0.0:
:INJ     :  1,  1    :     INJ:WRAT:        0.0:        0.0:        0.0:        0.0:        0.0:     2430.0:        0.0:     2523.9:
:--------:-----------:--------:----:-----------:-----------:-----------:-----------:-----------:-----------:-----------:-----------:


Report step 76/96 at day 2310/2920, date = 29-Apr-2021

Starting time step 0, stepsize 3.97022 days, at day 2310/2341, date = 29-Apr-2021
    Oscillating behavior detected: Relaxation set to 0.900000
    Oscillating behavior detected: Relaxation set to 0.800000
    Oscillating behavior detected: Relaxation set to 0.700000
Restart file written for report step 76/96, date = 29-Apr-2021 00:00:00
    Oscillating behavior detected: Relaxation set to 0.600000
 Newton its=20, linearizations=21 (0.0sec), linear its=  0 (0.0sec)

Starting time step 1, stepsize 1.58809 days, at day 2313.97/2341, date = 02-May-2021
 Newton its= 3, linearizations= 4 (0.0sec), linear its=  0 (0.0sec)

Starting time step 2, stepsize 4.76427 days, at day 2315.56/2341, date = 04-May-2021
 Newton its=20, linearizations=21 (0.0sec), linear its=  0 (0.0sec)

Starting time step 3, stepsize 1.90571 days, at day 2320.32/2341, date = 09-May-2021
 Newton its= 3, linearizations= 4 (0.0sec), linear its=  0 (0.0sec)

Starting time step 4, stepsize 5.71712 days, at day 2322.23/2341, date = 11-May-2021
    Oscillating behavior detected: Relaxation set to 0.900000
 Newton its=20, linearizations=21 (0.0sec), linear its=  0 (0.0sec)

Starting time step 5, stepsize 2.28685 days, at day 2327.95/2341, date = 16-May-2021
 Newton its= 2, linearizations= 3 (0.0sec), linear its=  0 (0.0sec)

Starting time step 6, stepsize 6.86055 days, at day 2330.23/2341, date = 19-May-2021
    Oscillating behavior detected: Relaxation set to 0.900000
    Oscillating behavior detected: Relaxation set to 0.800000
    Oscillating behavior detected: Relaxation set to 0.700000
    Oscillating behavior detected: Relaxation set to 0.600000
    Oscillating behavior detected: Relaxation set to 0.500000
    Oscillating behavior detected: Relaxation set to 0.500000
    Oscillating behavior detected: Relaxation set to 0.500000
    Oscillating behavior detected: Relaxation set to 0.500000
    Oscillating behavior detected: Relaxation set to 0.500000
    Oscillating behavior detected: Relaxation set to 0.500000
    Oscillating behavior detected: Relaxation set to 0.500000
    Oscillating behavior detected: Relaxation set to 0.500000
    Oscillating behavior detected: Relaxation set to 0.500000
    Oscillating behavior detected: Relaxation set to 0.500000
    Oscillating behavior detected: Relaxation set to 0.500000
 Newton its=20, linearizations=21 (0.0sec), linear its=  0 (0.0sec)

Starting time step 7, stepsize 1.9536 days, at day 2337.09/2341, date = 26-May-2021
 Newton its= 1, linearizations= 2 (0.0sec), linear its=  0 (0.0sec)

Starting time step 8, stepsize 1.9536 days, at day 2339.05/2341, date = 28-May-2021

Warning: Keyword 'WELLS' is unhandled for output to restart file.
 Newton its=20, linearizations=21 (0.0sec), linear its=  3 (0.0sec)

                              **************************************************************************
  WELLS    AT      2341  DAYS *                 SPE1 - CASE 2                                          *
  REPORT   77    30 May 2021  *                                             Flow  version 2025.10-pre  *
                              **************************************************************************


======================================================= PRODUCTION REPORT =======================================================
:  WELL  : LOCATION  :CTRL:    OIL    :   WATER   :    GAS    :   FLUID   :   WATER   : GAS/OIL  :  WAT/GAS   : BHP OR : THP OR :
:  NAME  :  (I,J,K)  :MODE:   RATE    :   RATE    :   RATE    : RES.VOL.  :    CUT    :  RATIO   :   RATIO    :CON.PR. :BLK.PR. :
:        :           :    :  SCM/DAY  :  SCM/DAY  :  RCM/DAY  :  SCM/SCM  :  SCM/SCM  : SCM/SCM  :  SCM/SCM   : BARSA  : BARSA  :
=================================================================================================================================
:FIELD   :           :    :     1505.6:      395.3:       -0.0:     2075.8:      0.208:     -0.00:      0.0000:        :        :
:G1      :           :    :     1505.6:      395.3:       -0.0:     2075.8:      0.208:     -0.00:      0.0000:        :        :
:PROD    : 10, 10    : BHP:     1505.6:      395.3:       -0.0:     2075.8:      0.208:     -0.00:      0.0000:   245.0:     0.0:
:--------:-----------:----:-----------:-----------:-----------:-----------:-----------:----------:------------:--------:--------:

============================================= INJECTION REPORT ==============================================
:  WELL  : LOCATION  : CTRL : CTRL : CTRL :    OIL    :   WATER   :    GAS    :   FLUID   : BHP OR : THP OR :
:  NAME  :  (I,J,K)  : MODE : MODE : MODE :   RATE    :   RATE    :   RATE    : RES.VOL.  :CON.PR. :BLK.PR. :
:        :           : OIL  : WAT  : GAS  :  SCM/DAY  :  SCM/DAY  :  SCM/DAY  :  RCM/DAY  : BARSA  : BARSA  :
=============================================================================================================
:FIELD   :           :      :      :      :        0.0:     2000.0:        0.0:     2077.1:        :        :
:G1      :           :      :      :      :        0.0:     2000.0:        0.0:     2077.1:        :        :
:INJ     :  1,  1    :      :  WRAT:      :        0.0:     2000.0:        0.0:     2077.1:   276.5:     0.0:
:--------:-----------:------:------:------:-----------:-----------:-----------:-----------:--------:--------:

============================================== CUMULATIVE PRODUCTION/INJECTION TOTALS ==============================================
:  WELL  : LOCATION  :  WELL  :CTRL:    OIL    :   WATER   :    GAS    :   Prod    :    OIL    :   WATER   :    GAS    :    INJ    :
:  NAME  :  (I,J,K)  :  TYPE  :MODE:   PROD    :   PROD    :   PROD    : RES.VOL.  :    INJ    :    INJ    :    INJ    : RES.VOL.  :
:        :           :        :    :   MSCM    :   MSCM    :   MMSCM   :   MRCM    :   MSCM    :   MSCM    :   MMSCM   :   MRCM    :
====================================================================================================================================
:FIELD   :           :        :    :     1859.2:      487.8:        0.0:     2562.9:        0.0:     2492.0:        0.0:     2588.3:
:G1      :           :        :    :     1859.2:      487.8:        0.0:     2562.9:        0.0:     2492.0:        0.0:     2588.3:
:PROD    : 10, 10    :    PROD: BHP:     1859.2:      487.8:        0.0:     2562.9:        0.0:        0.0:        0.0:        0.0:
:INJ     :  1,  1    :     INJ:WRAT:        0.0:        0.0:        0.0:        0.0:        0.0:     2492.0:        0.0:     2588.3:
:--------:-----------:--------:----:-----------:-----------:-----------:-----------:-----------:-----------:-----------:-----------:


Report step 77/96 at day 2341/2920, date = 30-May-2021

Starting time step 0, stepsize 0.781438 days, at day 2341/2371, date = 30-May-2021
 Newton its= 1, linearizations= 2 (0.0sec), linear its=  0 (0.0sec)
Restart file written for report step 77/96, date = 30-May-2021 00:00:00

Starting time step 1, stepsize 2.34431 days, at day 2341.78/2371, date = 30-May-2021
 Newton its= 1, linearizations= 2 (0.0sec), linear its=  0 (0.0sec)

Starting time step 2, stepsize 7.03294 days, at day 2344.13/2371, date = 02-Jun-2021
 Newton its=20, linearizations=21 (0.0sec), linear its=  0 (0.0sec)

Starting time step 3, stepsize 2.81318 days, at day 2351.16/2371, date = 09-Jun-2021
 Newton its= 1, linearizations= 2 (0.0sec), linear its=  0 (0.0sec)

Starting time step 4, stepsize 8.43953 days, at day 2353.97/2371, date = 11-Jun-2021
 Newton its=20, linearizations=21 (0.0sec), linear its=  5 (0.0sec)

Starting time step 5, stepsize 3.37581 days, at day 2362.41/2371, date = 20-Jun-2021
    Oscillating behavior detected: Relaxation set to 0.900000
 Newton its=11, linearizations=12 (0.0sec), linear its=  2 (0.0sec)

Starting time step 6, stepsize 2.45514 days, at day 2365.79/2371, date = 23-Jun-2021
 Newton its= 6, linearizations= 7 (0.0sec), linear its=  2 (0.0sec)

Starting time step 7, stepsize 2.75764 days, at day 2368.24/2371, date = 26-Jun-2021

Warning: Keyword 'WELLS' is unhandled for output to restart file.
 Newton its=20, linearizations=21 (0.0sec), linear its=  0 (0.0sec)

                              **************************************************************************
  WELLS    AT      2371  DAYS *                 SPE1 - CASE 2                                          *
  REPORT   78    29 Jun 2021  *                                             Flow  version 2025.10-pre  *
                              **************************************************************************


======================================================= PRODUCTION REPORT =======================================================
:  WELL  : LOCATION  :CTRL:    OIL    :   WATER   :    GAS    :   FLUID   :   WATER   : GAS/OIL  :  WAT/GAS   : BHP OR : THP OR :
:  NAME  :  (I,J,K)  :MODE:   RATE    :   RATE    :   RATE    : RES.VOL.  :    CUT    :  RATIO   :   RATIO    :CON.PR. :BLK.PR. :
:        :           :    :  SCM/DAY  :  SCM/DAY  :  RCM/DAY  :  SCM/SCM  :  SCM/SCM  : SCM/SCM  :  SCM/SCM   : BARSA  : BARSA  :
=================================================================================================================================
:FIELD   :           :    :     1506.3:      395.5:       -0.0:     2076.7:      0.208:     -0.00:      0.0000:        :        :
:G1      :           :    :     1506.3:      395.5:       -0.0:     2076.7:      0.208:     -0.00:      0.0000:        :        :
:PROD    : 10, 10    : BHP:     1506.3:      395.5:       -0.0:     2076.7:      0.208:     -0.00:      0.0000:   245.0:     0.0:
:--------:-----------:----:-----------:-----------:-----------:-----------:-----------:----------:------------:--------:--------:

============================================= INJECTION REPORT ==============================================
:  WELL  : LOCATION  : CTRL : CTRL : CTRL :    OIL    :   WATER   :    GAS    :   FLUID   : BHP OR : THP OR :
:  NAME  :  (I,J,K)  : MODE : MODE : MODE :   RATE    :   RATE    :   RATE    : RES.VOL.  :CON.PR. :BLK.PR. :
:        :           : OIL  : WAT  : GAS  :  SCM/DAY  :  SCM/DAY  :  SCM/DAY  :  RCM/DAY  : BARSA  : BARSA  :
=============================================================================================================
:FIELD   :           :      :      :      :        0.0:     2000.0:        0.0:     2077.1:        :        :
:G1      :           :      :      :      :        0.0:     2000.0:        0.0:     2077.1:        :        :
:INJ     :  1,  1    :      :  WRAT:      :        0.0:     2000.0:        0.0:     2077.1:   276.5:     0.0:
:--------:-----------:------:------:------:-----------:-----------:-----------:-----------:--------:--------:

============================================== CUMULATIVE PRODUCTION/INJECTION TOTALS ==============================================
:  WELL  : LOCATION  :  WELL  :CTRL:    OIL    :   WATER   :    GAS    :   Prod    :    OIL    :   WATER   :    GAS    :    INJ    :
:  NAME  :  (I,J,K)  :  TYPE  :MODE:   PROD    :   PROD    :   PROD    : RES.VOL.  :    INJ    :    INJ    :    INJ    : RES.VOL.  :
:        :           :        :    :   MSCM    :   MSCM    :   MMSCM   :   MRCM    :   MSCM    :   MSCM    :   MMSCM   :   MRCM    :
====================================================================================================================================
:FIELD   :           :        :    :     1904.3:      499.6:        0.0:     2625.2:        0.0:     2552.0:        0.0:     2650.6:
:G1      :           :        :    :     1904.3:      499.6:        0.0:     2625.2:        0.0:     2552.0:        0.0:     2650.6:
:PROD    : 10, 10    :    PROD: BHP:     1904.3:      499.6:        0.0:     2625.2:        0.0:        0.0:        0.0:        0.0:
:INJ     :  1,  1    :     INJ:WRAT:        0.0:        0.0:        0.0:        0.0:        0.0:     2552.0:        0.0:     2650.6:
:--------:-----------:--------:----:-----------:-----------:-----------:-----------:-----------:-----------:-----------:-----------:


Report step 78/96 at day 2371/2920, date = 29-Jun-2021

Starting time step 0, stepsize 1.10306 days, at day 2371/2402, date = 29-Jun-2021
 Newton its= 1, linearizations= 2 (0.0sec), linear its=  0 (0.0sec)
Restart file written for report step 78/96, date = 29-Jun-2021 00:00:00

Starting time step 1, stepsize 3.30917 days, at day 2372.1/2402, date = 30-Jun-2021
 Newton its= 1, linearizations= 2 (0.0sec), linear its=  0 (0.0sec)

Starting time step 2, stepsize 9.92751 days, at day 2375.41/2402, date = 03-Jul-2021
    Oscillating behavior detected: Relaxation set to 0.900000
    Oscillating behavior detected: Relaxation set to 0.800000
    Oscillating behavior detected: Relaxation set to 0.700000
    Oscillating behavior detected: Relaxation set to 0.600000
 Newton its=20, linearizations=21 (0.0sec), linear its=  0 (0.0sec)

Starting time step 3, stepsize 3.971 days, at day 2385.34/2402, date = 13-Jul-2021
 Newton its=20, linearizations=21 (0.0sec), linear its=  0 (0.0sec)

Starting time step 4, stepsize 1.5884 days, at day 2389.31/2402, date = 17-Jul-2021
 Newton its=20, linearizations=21 (0.0sec), linear its=  0 (0.0sec)

Starting time step 5, stepsize 0.63536 days, at day 2390.9/2402, date = 18-Jul-2021
 Newton its= 5, linearizations= 6 (0.0sec), linear its=  1 (0.0sec)

Starting time step 6, stepsize 1.39779 days, at day 2391.53/2402, date = 19-Jul-2021
 Newton its= 1, linearizations= 2 (0.0sec), linear its=  0 (0.0sec)

Starting time step 7, stepsize 4.19338 days, at day 2392.93/2402, date = 20-Jul-2021
    Oscillating behavior detected: Relaxation set to 0.900000
    Oscillating behavior detected: Relaxation set to 0.800000
 Newton its=20, linearizations=21 (0.0sec), linear its=  0 (0.0sec)

Starting time step 8, stepsize 1.67735 days, at day 2397.13/2402, date = 25-Jul-2021
 Newton its= 1, linearizations= 2 (0.0sec), linear its=  0 (0.0sec)

Starting time step 9, stepsize 3.19698 days, at day 2398.8/2402, date = 26-Jul-2021

Warning: Keyword 'WELLS' is unhandled for output to restart file.
 Newton its= 2, linearizations= 3 (0.0sec), linear its=  0 (0.0sec)

                              **************************************************************************
  WELLS    AT      2402  DAYS *                 SPE1 - CASE 2                                          *
  REPORT   79    30 Jul 2021  *                                             Flow  version 2025.10-pre  *
                              **************************************************************************


======================================================= PRODUCTION REPORT =======================================================
:  WELL  : LOCATION  :CTRL:    OIL    :   WATER   :    GAS    :   FLUID   :   WATER   : GAS/OIL  :  WAT/GAS   : BHP OR : THP OR :
:  NAME  :  (I,J,K)  :MODE:   RATE    :   RATE    :   RATE    : RES.VOL.  :    CUT    :  RATIO   :   RATIO    :CON.PR. :BLK.PR. :
:        :           :    :  SCM/DAY  :  SCM/DAY  :  RCM/DAY  :  SCM/SCM  :  SCM/SCM  : SCM/SCM  :  SCM/SCM   : BARSA  : BARSA  :
=================================================================================================================================
:FIELD   :           :    :     1506.4:      395.5:       -0.0:     2076.9:      0.208:     -0.00:      0.0000:        :        :
:G1      :           :    :     1506.4:      395.5:       -0.0:     2076.9:      0.208:     -0.00:      0.0000:        :        :
:PROD    : 10, 10    : BHP:     1506.4:      395.5:       -0.0:     2076.9:      0.208:     -0.00:      0.0000:   245.0:     0.0:
:--------:-----------:----:-----------:-----------:-----------:-----------:-----------:----------:------------:--------:--------:

============================================= INJECTION REPORT ==============================================
:  WELL  : LOCATION  : CTRL : CTRL : CTRL :    OIL    :   WATER   :    GAS    :   FLUID   : BHP OR : THP OR :
:  NAME  :  (I,J,K)  : MODE : MODE : MODE :   RATE    :   RATE    :   RATE    : RES.VOL.  :CON.PR. :BLK.PR. :
:        :           : OIL  : WAT  : GAS  :  SCM/DAY  :  SCM/DAY  :  SCM/DAY  :  RCM/DAY  : BARSA  : BARSA  :
=============================================================================================================
:FIELD   :           :      :      :      :        0.0:     2000.0:        0.0:     2077.1:        :        :
:G1      :           :      :      :      :        0.0:     2000.0:        0.0:     2077.1:        :        :
:INJ     :  1,  1    :      :  WRAT:      :        0.0:     2000.0:        0.0:     2077.1:   276.5:     0.0:
:--------:-----------:------:------:------:-----------:-----------:-----------:-----------:--------:--------:

============================================== CUMULATIVE PRODUCTION/INJECTION TOTALS ==============================================
:  WELL  : LOCATION  :  WELL  :CTRL:    OIL    :   WATER   :    GAS    :   Prod    :    OIL    :   WATER   :    GAS    :    INJ    :
:  NAME  :  (I,J,K)  :  TYPE  :MODE:   PROD    :   PROD    :   PROD    : RES.VOL.  :    INJ    :    INJ    :    INJ    : RES.VOL.  :
:        :           :        :    :   MSCM    :   MSCM    :   MMSCM   :   MRCM    :   MSCM    :   MSCM    :   MMSCM   :   MRCM    :
====================================================================================================================================
:FIELD   :           :        :    :     1951.0:      511.9:        0.0:     2689.6:        0.0:     2614.0:        0.0:     2715.0:
:G1      :           :        :    :     1951.0:      511.9:        0.0:     2689.6:        0.0:     2614.0:        0.0:     2715.0:
:PROD    : 10, 10    :    PROD: BHP:     1951.0:      511.9:        0.0:     2689.6:        0.0:        0.0:        0.0:        0.0:
:INJ     :  1,  1    :     INJ:WRAT:        0.0:        0.0:        0.0:        0.0:        0.0:     2614.0:        0.0:     2715.0:
:--------:-----------:--------:----:-----------:-----------:-----------:-----------:-----------:-----------:-----------:-----------:


Report step 79/96 at day 2402/2920, date = 30-Jul-2021

Starting time step 0, stepsize 9.59095 days, at day 2402/2433, date = 30-Jul-2021
 Newton its= 4, linearizations= 5 (0.0sec), linear its=  1 (0.0sec)
Restart file written for report step 79/96, date = 30-Jul-2021 00:00:00

Starting time step 1, stepsize 21.4091 days, at day 2411.59/2433, date = 08-Aug-2021

Warning: Keyword 'WELLS' is unhandled for output to restart file.
 Newton its=20, linearizations=21 (0.0sec), linear its=  1 (0.0sec)

                              **************************************************************************
  WELLS    AT      2433  DAYS *                 SPE1 - CASE 2                                          *
  REPORT   80    30 Aug 2021  *                                             Flow  version 2025.10-pre  *
                              **************************************************************************


======================================================= PRODUCTION REPORT =======================================================
:  WELL  : LOCATION  :CTRL:    OIL    :   WATER   :    GAS    :   FLUID   :   WATER   : GAS/OIL  :  WAT/GAS   : BHP OR : THP OR :
:  NAME  :  (I,J,K)  :MODE:   RATE    :   RATE    :   RATE    : RES.VOL.  :    CUT    :  RATIO   :   RATIO    :CON.PR. :BLK.PR. :
:        :           :    :  SCM/DAY  :  SCM/DAY  :  RCM/DAY  :  SCM/SCM  :  SCM/SCM  : SCM/SCM  :  SCM/SCM   : BARSA  : BARSA  :
=================================================================================================================================
:FIELD   :           :    :     1506.3:      395.5:       -0.0:     2076.8:      0.208:     -0.00:      0.0000:        :        :
:G1      :           :    :     1506.3:      395.5:       -0.0:     2076.8:      0.208:     -0.00:      0.0000:        :        :
:PROD    : 10, 10    : BHP:     1506.3:      395.5:       -0.0:     2076.8:      0.208:     -0.00:      0.0000:   245.0:     0.0:
:--------:-----------:----:-----------:-----------:-----------:-----------:-----------:----------:------------:--------:--------:

============================================= INJECTION REPORT ==============================================
:  WELL  : LOCATION  : CTRL : CTRL : CTRL :    OIL    :   WATER   :    GAS    :   FLUID   : BHP OR : THP OR :
:  NAME  :  (I,J,K)  : MODE : MODE : MODE :   RATE    :   RATE    :   RATE    : RES.VOL.  :CON.PR. :BLK.PR. :
:        :           : OIL  : WAT  : GAS  :  SCM/DAY  :  SCM/DAY  :  SCM/DAY  :  RCM/DAY  : BARSA  : BARSA  :
=============================================================================================================
:FIELD   :           :      :      :      :        0.0:     2000.0:        0.0:     2077.1:        :        :
:G1      :           :      :      :      :        0.0:     2000.0:        0.0:     2077.1:        :        :
:INJ     :  1,  1    :      :  WRAT:      :        0.0:     2000.0:        0.0:     2077.1:   276.5:     0.0:
:--------:-----------:------:------:------:-----------:-----------:-----------:-----------:--------:--------:

============================================== CUMULATIVE PRODUCTION/INJECTION TOTALS ==============================================
:  WELL  : LOCATION  :  WELL  :CTRL:    OIL    :   WATER   :    GAS    :   Prod    :    OIL    :   WATER   :    GAS    :    INJ    :
:  NAME  :  (I,J,K)  :  TYPE  :MODE:   PROD    :   PROD    :   PROD    : RES.VOL.  :    INJ    :    INJ    :    INJ    : RES.VOL.  :
:        :           :        :    :   MSCM    :   MSCM    :   MMSCM   :   MRCM    :   MSCM    :   MSCM    :   MMSCM   :   MRCM    :
====================================================================================================================================
:FIELD   :           :        :    :     1997.7:      524.2:        0.0:     2754.0:        0.0:     2676.0:        0.0:     2779.3:
:G1      :           :        :    :     1997.7:      524.2:        0.0:     2754.0:        0.0:     2676.0:        0.0:     2779.3:
:PROD    : 10, 10    :    PROD: BHP:     1997.7:      524.2:        0.0:     2754.0:        0.0:        0.0:        0.0:        0.0:
:INJ     :  1,  1    :     INJ:WRAT:        0.0:        0.0:        0.0:        0.0:        0.0:     2676.0:        0.0:     2779.3:
:--------:-----------:--------:----:-----------:-----------:-----------:-----------:-----------:-----------:-----------:-----------:


Report step 80/96 at day 2433/2920, date = 30-Aug-2021

Starting time step 0, stepsize 8.56362 days, at day 2433/2463, date = 30-Aug-2021
    Oscillating behavior detected: Relaxation set to 0.900000
    Oscillating behavior detected: Relaxation set to 0.800000
Restart file written for report step 80/96, date = 30-Aug-2021 00:00:00
    Oscillating behavior detected: Relaxation set to 0.700000
 Newton its=10, linearizations=11 (0.0sec), linear its=  0 (0.0sec)

Starting time step 1, stepsize 6.8509 days, at day 2441.56/2463, date = 07-Sep-2021
 Newton its=20, linearizations=21 (0.0sec), linear its=  0 (0.0sec)

Starting time step 2, stepsize 2.74036 days, at day 2448.41/2463, date = 14-Sep-2021
 Newton its= 2, linearizations= 3 (0.0sec), linear its=  0 (0.0sec)

Starting time step 3, stepsize 5.92256 days, at day 2451.15/2463, date = 17-Sep-2021
 Newton its=20, linearizations=21 (0.0sec), linear its=  0 (0.0sec)

Starting time step 4, stepsize 2.36902 days, at day 2457.08/2463, date = 23-Sep-2021
    Oscillating behavior detected: Relaxation set to 0.900000
    Oscillating behavior detected: Relaxation set to 0.800000
 Newton its= 7, linearizations= 8 (0.0sec), linear its=  0 (0.0sec)

Starting time step 5, stepsize 1.77677 days, at day 2459.45/2463, date = 25-Sep-2021
 Newton its=10, linearizations=11 (0.0sec), linear its=  1 (0.0sec)

Starting time step 6, stepsize 0.888384 days, at day 2461.22/2463, date = 27-Sep-2021
 Newton its= 1, linearizations= 2 (0.0sec), linear its=  0 (0.0sec)

Starting time step 7, stepsize 0.888384 days, at day 2462.11/2463, date = 28-Sep-2021

Warning: Keyword 'WELLS' is unhandled for output to restart file.
 Newton its= 1, linearizations= 2 (0.0sec), linear its=  0 (0.0sec)

                              **************************************************************************
  WELLS    AT      2463  DAYS *                 SPE1 - CASE 2                                          *
  REPORT   81    29 Sep 2021  *                                             Flow  version 2025.10-pre  *
                              **************************************************************************


======================================================= PRODUCTION REPORT =======================================================
:  WELL  : LOCATION  :CTRL:    OIL    :   WATER   :    GAS    :   FLUID   :   WATER   : GAS/OIL  :  WAT/GAS   : BHP OR : THP OR :
:  NAME  :  (I,J,K)  :MODE:   RATE    :   RATE    :   RATE    : RES.VOL.  :    CUT    :  RATIO   :   RATIO    :CON.PR. :BLK.PR. :
:        :           :    :  SCM/DAY  :  SCM/DAY  :  RCM/DAY  :  SCM/SCM  :  SCM/SCM  : SCM/SCM  :  SCM/SCM   : BARSA  : BARSA  :
=================================================================================================================================
:FIELD   :           :    :     1506.3:      395.5:       -0.0:     2076.8:      0.208:     -0.00:      0.0000:        :        :
:G1      :           :    :     1506.3:      395.5:       -0.0:     2076.8:      0.208:     -0.00:      0.0000:        :        :
:PROD    : 10, 10    : BHP:     1506.3:      395.5:       -0.0:     2076.8:      0.208:     -0.00:      0.0000:   245.0:     0.0:
:--------:-----------:----:-----------:-----------:-----------:-----------:-----------:----------:------------:--------:--------:

============================================= INJECTION REPORT ==============================================
:  WELL  : LOCATION  : CTRL : CTRL : CTRL :    OIL    :   WATER   :    GAS    :   FLUID   : BHP OR : THP OR :
:  NAME  :  (I,J,K)  : MODE : MODE : MODE :   RATE    :   RATE    :   RATE    : RES.VOL.  :CON.PR. :BLK.PR. :
:        :           : OIL  : WAT  : GAS  :  SCM/DAY  :  SCM/DAY  :  SCM/DAY  :  RCM/DAY  : BARSA  : BARSA  :
=============================================================================================================
:FIELD   :           :      :      :      :        0.0:     2000.0:        0.0:     2077.1:        :        :
:G1      :           :      :      :      :        0.0:     2000.0:        0.0:     2077.1:        :        :
:INJ     :  1,  1    :      :  WRAT:      :        0.0:     2000.0:        0.0:     2077.1:   276.5:     0.0:
:--------:-----------:------:------:------:-----------:-----------:-----------:-----------:--------:--------:

============================================== CUMULATIVE PRODUCTION/INJECTION TOTALS ==============================================
:  WELL  : LOCATION  :  WELL  :CTRL:    OIL    :   WATER   :    GAS    :   Prod    :    OIL    :   WATER   :    GAS    :    INJ    :
:  NAME  :  (I,J,K)  :  TYPE  :MODE:   PROD    :   PROD    :   PROD    : RES.VOL.  :    INJ    :    INJ    :    INJ    : RES.VOL.  :
:        :           :        :    :   MSCM    :   MSCM    :   MMSCM   :   MRCM    :   MSCM    :   MSCM    :   MMSCM   :   MRCM    :
====================================================================================================================================
:FIELD   :           :        :    :     2042.9:      536.0:        0.0:     2816.3:        0.0:     2736.0:        0.0:     2841.7:
:G1      :           :        :    :     2042.9:      536.0:        0.0:     2816.3:        0.0:     2736.0:        0.0:     2841.7:
:PROD    : 10, 10    :    PROD: BHP:     2042.9:      536.0:        0.0:     2816.3:        0.0:        0.0:        0.0:        0.0:
:INJ     :  1,  1    :     INJ:WRAT:        0.0:        0.0:        0.0:        0.0:        0.0:     2736.0:        0.0:     2841.7:
:--------:-----------:--------:----:-----------:-----------:-----------:-----------:-----------:-----------:-----------:-----------:


Report step 81/96 at day 2463/2920, date = 29-Sep-2021

Starting time step 0, stepsize 2.66515 days, at day 2463/2494, date = 29-Sep-2021
 Newton its= 1, linearizations= 2 (0.0sec), linear its=  0 (0.0sec)
Restart file written for report step 81/96, date = 29-Sep-2021 00:00:00

Starting time step 1, stepsize 7.99546 days, at day 2465.67/2494, date = 01-Oct-2021
 Newton its=20, linearizations=21 (0.0sec), linear its=  0 (0.0sec)

Starting time step 2, stepsize 3.19818 days, at day 2473.66/2494, date = 09-Oct-2021
 Newton its= 1, linearizations= 2 (0.0sec), linear its=  0 (0.0sec)

Starting time step 3, stepsize 9.59455 days, at day 2476.86/2494, date = 12-Oct-2021

Problem: Solver convergence failure - Iteration limit reached
Timestep chopped to 3.1662012860326096 days


Starting time step 3, stepsize 3.1662 days, at day 2476.86/2494, date = 12-Oct-2021
 Newton its=20, linearizations=21 (0.0sec), linear its=  3 (0.0sec)

Starting time step 4, stepsize 1.26648 days, at day 2480.02/2494, date = 16-Oct-2021
 Newton its= 1, linearizations= 2 (0.0sec), linear its=  0 (0.0sec)

Starting time step 5, stepsize 3.79944 days, at day 2481.29/2494, date = 17-Oct-2021
 Newton its= 1, linearizations= 2 (0.0sec), linear its=  0 (0.0sec)

Starting time step 6, stepsize 8.90908 days, at day 2485.09/2494, date = 21-Oct-2021
    Oscillating behavior detected: Relaxation set to 0.900000
    Oscillating behavior detected: Relaxation set to 0.800000
    Oscillating behavior detected: Relaxation set to 0.700000
    Oscillating behavior detected: Relaxation set to 0.600000
    Oscillating behavior detected: Relaxation set to 0.500000
    Oscillating behavior detected: Relaxation set to 0.500000

Warning: Keyword 'WELLS' is unhandled for output to restart file.
 Newton its=20, linearizations=21 (0.0sec), linear its=  1 (0.0sec)

                              **************************************************************************
  WELLS    AT      2494  DAYS *                 SPE1 - CASE 2                                          *
  REPORT   82    30 Oct 2021  *                                             Flow  version 2025.10-pre  *
                              **************************************************************************


======================================================= PRODUCTION REPORT =======================================================
:  WELL  : LOCATION  :CTRL:    OIL    :   WATER   :    GAS    :   FLUID   :   WATER   : GAS/OIL  :  WAT/GAS   : BHP OR : THP OR :
:  NAME  :  (I,J,K)  :MODE:   RATE    :   RATE    :   RATE    : RES.VOL.  :    CUT    :  RATIO   :   RATIO    :CON.PR. :BLK.PR. :
:        :           :    :  SCM/DAY  :  SCM/DAY  :  RCM/DAY  :  SCM/SCM  :  SCM/SCM  : SCM/SCM  :  SCM/SCM   : BARSA  : BARSA  :
=================================================================================================================================
:FIELD   :           :    :     1506.6:      395.6:       -0.0:     2077.2:      0.208:     -0.00:      0.0000:        :        :
:G1      :           :    :     1506.6:      395.6:       -0.0:     2077.2:      0.208:     -0.00:      0.0000:        :        :
:PROD    : 10, 10    : BHP:     1506.6:      395.6:       -0.0:     2077.2:      0.208:     -0.00:      0.0000:   245.0:     0.0:
:--------:-----------:----:-----------:-----------:-----------:-----------:-----------:----------:------------:--------:--------:

============================================= INJECTION REPORT ==============================================
:  WELL  : LOCATION  : CTRL : CTRL : CTRL :    OIL    :   WATER   :    GAS    :   FLUID   : BHP OR : THP OR :
:  NAME  :  (I,J,K)  : MODE : MODE : MODE :   RATE    :   RATE    :   RATE    : RES.VOL.  :CON.PR. :BLK.PR. :
:        :           : OIL  : WAT  : GAS  :  SCM/DAY  :  SCM/DAY  :  SCM/DAY  :  RCM/DAY  : BARSA  : BARSA  :
=============================================================================================================
:FIELD   :           :      :      :      :        0.0:     2000.0:        0.0:     2077.1:        :        :
:G1      :           :      :      :      :        0.0:     2000.0:        0.0:     2077.1:        :        :
:INJ     :  1,  1    :      :  WRAT:      :        0.0:     2000.0:        0.0:     2077.1:   276.5:     0.0:
:--------:-----------:------:------:------:-----------:-----------:-----------:-----------:--------:--------:

============================================== CUMULATIVE PRODUCTION/INJECTION TOTALS ==============================================
:  WELL  : LOCATION  :  WELL  :CTRL:    OIL    :   WATER   :    GAS    :   Prod    :    OIL    :   WATER   :    GAS    :    INJ    :
:  NAME  :  (I,J,K)  :  TYPE  :MODE:   PROD    :   PROD    :   PROD    : RES.VOL.  :    INJ    :    INJ    :    INJ    : RES.VOL.  :
:        :           :        :    :   MSCM    :   MSCM    :   MMSCM   :   MRCM    :   MSCM    :   MSCM    :   MMSCM   :   MRCM    :
====================================================================================================================================
:FIELD   :           :        :    :     2089.6:      548.3:        0.0:     2880.7:        0.0:     2798.0:        0.0:     2906.1:
:G1      :           :        :    :     2089.6:      548.3:        0.0:     2880.7:        0.0:     2798.0:        0.0:     2906.1:
:PROD    : 10, 10    :    PROD: BHP:     2089.6:      548.3:        0.0:     2880.7:        0.0:        0.0:        0.0:        0.0:
:INJ     :  1,  1    :     INJ:WRAT:        0.0:        0.0:        0.0:        0.0:        0.0:     2798.0:        0.0:     2906.1:
:--------:-----------:--------:----:-----------:-----------:-----------:-----------:-----------:-----------:-----------:-----------:


Report step 82/96 at day 2494/2920, date = 30-Oct-2021

Starting time step 0, stepsize 3.56363 days, at day 2494/2524, date = 30-Oct-2021
 Newton its= 1, linearizations= 2 (0.0sec), linear its=  0 (0.0sec)
Restart file written for report step 82/96, date = 30-Oct-2021 00:00:00

Starting time step 1, stepsize 10.6909 days, at day 2497.56/2524, date = 02-Nov-2021
    Oscillating behavior detected: Relaxation set to 0.900000
    Oscillating behavior detected: Relaxation set to 0.800000
 Newton its=20, linearizations=21 (0.0sec), linear its=  0 (0.0sec)

Starting time step 2, stepsize 4.27636 days, at day 2508.25/2524, date = 13-Nov-2021

Problem: Solver convergence failure - Iteration limit reached
Timestep chopped to 1.4111987707110494 days


Starting time step 2, stepsize 1.4112 days, at day 2508.25/2524, date = 13-Nov-2021
 Newton its= 2, linearizations= 3 (0.0sec), linear its=  0 (0.0sec)

Starting time step 3, stepsize 2.8224 days, at day 2509.67/2524, date = 14-Nov-2021
 Newton its= 2, linearizations= 3 (0.0sec), linear its=  0 (0.0sec)

Starting time step 4, stepsize 5.75594 days, at day 2512.49/2524, date = 17-Nov-2021
 Newton its= 2, linearizations= 3 (0.0sec), linear its=  0 (0.0sec)

Starting time step 5, stepsize 5.75594 days, at day 2518.24/2524, date = 23-Nov-2021

Warning: Keyword 'WELLS' is unhandled for output to restart file.
 Newton its= 6, linearizations= 7 (0.0sec), linear its=  2 (0.0sec)

                              **************************************************************************
  WELLS    AT      2524  DAYS *                 SPE1 - CASE 2                                          *
  REPORT   83    29 Nov 2021  *                                             Flow  version 2025.10-pre  *
                              **************************************************************************


======================================================= PRODUCTION REPORT =======================================================
:  WELL  : LOCATION  :CTRL:    OIL    :   WATER   :    GAS    :   FLUID   :   WATER   : GAS/OIL  :  WAT/GAS   : BHP OR : THP OR :
:  NAME  :  (I,J,K)  :MODE:   RATE    :   RATE    :   RATE    : RES.VOL.  :    CUT    :  RATIO   :   RATIO    :CON.PR. :BLK.PR. :
:        :           :    :  SCM/DAY  :  SCM/DAY  :  RCM/DAY  :  SCM/SCM  :  SCM/SCM  : SCM/SCM  :  SCM/SCM   : BARSA  : BARSA  :
=================================================================================================================================
:FIELD   :           :    :     1506.4:      395.5:       -0.0:     2076.9:      0.208:     -0.00:      0.0000:        :        :
:G1      :           :    :     1506.4:      395.5:       -0.0:     2076.9:      0.208:     -0.00:      0.0000:        :        :
:PROD    : 10, 10    : BHP:     1506.4:      395.5:       -0.0:     2076.9:      0.208:     -0.00:      0.0000:   245.0:     0.0:
:--------:-----------:----:-----------:-----------:-----------:-----------:-----------:----------:------------:--------:--------:

============================================= INJECTION REPORT ==============================================
:  WELL  : LOCATION  : CTRL : CTRL : CTRL :    OIL    :   WATER   :    GAS    :   FLUID   : BHP OR : THP OR :
:  NAME  :  (I,J,K)  : MODE : MODE : MODE :   RATE    :   RATE    :   RATE    : RES.VOL.  :CON.PR. :BLK.PR. :
:        :           : OIL  : WAT  : GAS  :  SCM/DAY  :  SCM/DAY  :  SCM/DAY  :  RCM/DAY  : BARSA  : BARSA  :
=============================================================================================================
:FIELD   :           :      :      :      :        0.0:     2000.0:        0.0:     2077.1:        :        :
:G1      :           :      :      :      :        0.0:     2000.0:        0.0:     2077.1:        :        :
:INJ     :  1,  1    :      :  WRAT:      :        0.0:     2000.0:        0.0:     2077.1:   276.5:     0.0:
:--------:-----------:------:------:------:-----------:-----------:-----------:-----------:--------:--------:

============================================== CUMULATIVE PRODUCTION/INJECTION TOTALS ==============================================
:  WELL  : LOCATION  :  WELL  :CTRL:    OIL    :   WATER   :    GAS    :   Prod    :    OIL    :   WATER   :    GAS    :    INJ    :
:  NAME  :  (I,J,K)  :  TYPE  :MODE:   PROD    :   PROD    :   PROD    : RES.VOL.  :    INJ    :    INJ    :    INJ    : RES.VOL.  :
:        :           :        :    :   MSCM    :   MSCM    :   MMSCM   :   MRCM    :   MSCM    :   MSCM    :   MMSCM   :   MRCM    :
====================================================================================================================================
:FIELD   :           :        :    :     2134.8:      560.2:        0.0:     2943.0:        0.0:     2858.0:        0.0:     2968.4:
:G1      :           :        :    :     2134.8:      560.2:        0.0:     2943.0:        0.0:     2858.0:        0.0:     2968.4:
:PROD    : 10, 10    :    PROD: BHP:     2134.8:      560.2:        0.0:     2943.0:        0.0:        0.0:        0.0:        0.0:
:INJ     :  1,  1    :     INJ:WRAT:        0.0:        0.0:        0.0:        0.0:        0.0:     2858.0:        0.0:     2968.4:
:--------:-----------:--------:----:-----------:-----------:-----------:-----------:-----------:-----------:-----------:-----------:


Report step 83/96 at day 2524/2920, date = 29-Nov-2021

Starting time step 0, stepsize 10.3607 days, at day 2524/2555, date = 29-Nov-2021
 Newton its= 5, linearizations= 6 (0.0sec), linear its=  2 (0.0sec)
Restart file written for report step 83/96, date = 29-Nov-2021 00:00:00

Starting time step 1, stepsize 20.6393 days, at day 2534.36/2555, date = 09-Dec-2021
    Oscillating behavior detected: Relaxation set to 0.900000

Warning: Keyword 'WELLS' is unhandled for output to restart file.
 Newton its= 7, linearizations= 8 (0.0sec), linear its=  1 (0.0sec)

                              **************************************************************************
  WELLS    AT      2555  DAYS *                 SPE1 - CASE 2                                          *
  REPORT   84    30 Dec 2021  *                                             Flow  version 2025.10-pre  *
                              **************************************************************************


======================================================= PRODUCTION REPORT =======================================================
:  WELL  : LOCATION  :CTRL:    OIL    :   WATER   :    GAS    :   FLUID   :   WATER   : GAS/OIL  :  WAT/GAS   : BHP OR : THP OR :
:  NAME  :  (I,J,K)  :MODE:   RATE    :   RATE    :   RATE    : RES.VOL.  :    CUT    :  RATIO   :   RATIO    :CON.PR. :BLK.PR. :
:        :           :    :  SCM/DAY  :  SCM/DAY  :  RCM/DAY  :  SCM/SCM  :  SCM/SCM  : SCM/SCM  :  SCM/SCM   : BARSA  : BARSA  :
=================================================================================================================================
:FIELD   :           :    :     1506.5:      395.5:       -0.0:     2077.0:      0.208:     -0.00:      0.0000:        :        :
:G1      :           :    :     1506.5:      395.5:       -0.0:     2077.0:      0.208:     -0.00:      0.0000:        :        :
:PROD    : 10, 10    : BHP:     1506.5:      395.5:       -0.0:     2077.0:      0.208:     -0.00:      0.0000:   245.0:     0.0:
:--------:-----------:----:-----------:-----------:-----------:-----------:-----------:----------:------------:--------:--------:

============================================= INJECTION REPORT ==============================================
:  WELL  : LOCATION  : CTRL : CTRL : CTRL :    OIL    :   WATER   :    GAS    :   FLUID   : BHP OR : THP OR :
:  NAME  :  (I,J,K)  : MODE : MODE : MODE :   RATE    :   RATE    :   RATE    : RES.VOL.  :CON.PR. :BLK.PR. :
:        :           : OIL  : WAT  : GAS  :  SCM/DAY  :  SCM/DAY  :  SCM/DAY  :  RCM/DAY  : BARSA  : BARSA  :
=============================================================================================================
:FIELD   :           :      :      :      :        0.0:     2000.0:        0.0:     2077.1:        :        :
:G1      :           :      :      :      :        0.0:     2000.0:        0.0:     2077.1:        :        :
:INJ     :  1,  1    :      :  WRAT:      :        0.0:     2000.0:        0.0:     2077.1:   276.4:     0.0:
:--------:-----------:------:------:------:-----------:-----------:-----------:-----------:--------:--------:

============================================== CUMULATIVE PRODUCTION/INJECTION TOTALS ==============================================
:  WELL  : LOCATION  :  WELL  :CTRL:    OIL    :   WATER   :    GAS    :   Prod    :    OIL    :   WATER   :    GAS    :    INJ    :
:  NAME  :  (I,J,K)  :  TYPE  :MODE:   PROD    :   PROD    :   PROD    : RES.VOL.  :    INJ    :    INJ    :    INJ    : RES.VOL.  :
:        :           :        :    :   MSCM    :   MSCM    :   MMSCM   :   MRCM    :   MSCM    :   MSCM    :   MMSCM   :   MRCM    :
====================================================================================================================================
:FIELD   :           :        :    :     2181.5:      572.4:        0.0:     3007.4:        0.0:     2920.0:        0.0:     3032.8:
:G1      :           :        :    :     2181.5:      572.4:        0.0:     3007.4:        0.0:     2920.0:        0.0:     3032.8:
:PROD    : 10, 10    :    PROD: BHP:     2181.5:      572.4:        0.0:     3007.4:        0.0:        0.0:        0.0:        0.0:
:INJ     :  1,  1    :     INJ:WRAT:        0.0:        0.0:        0.0:        0.0:        0.0:     2920.0:        0.0:     3032.8:
:--------:-----------:--------:----:-----------:-----------:-----------:-----------:-----------:-----------:-----------:-----------:


Report step 84/96 at day 2555/2920, date = 30-Dec-2021

Starting time step 0, stepsize 15.5 days, at day 2555/2586, date = 30-Dec-2021
 Newton its= 3, linearizations= 4 (0.0sec), linear its=  0 (0.0sec)
Restart file written for report step 84/96, date = 30-Dec-2021 00:00:00

Starting time step 1, stepsize 9.09848 days, at day 2570.5/2586, date = 14-Jan-2022
 Newton its= 2, linearizations= 3 (0.0sec), linear its=  1 (0.0sec)

Starting time step 2, stepsize 6.40152 days, at day 2579.6/2586, date = 23-Jan-2022

Warning: Keyword 'WELLS' is unhandled for output to restart file.
 Newton its= 1, linearizations= 2 (0.0sec), linear its=  0 (0.0sec)

                              **************************************************************************
  WELLS    AT      2586  DAYS *                 SPE1 - CASE 2                                          *
  REPORT   85    30 Jan 2022  *                                             Flow  version 2025.10-pre  *
                              **************************************************************************


======================================================= PRODUCTION REPORT =======================================================
:  WELL  : LOCATION  :CTRL:    OIL    :   WATER   :    GAS    :   FLUID   :   WATER   : GAS/OIL  :  WAT/GAS   : BHP OR : THP OR :
:  NAME  :  (I,J,K)  :MODE:   RATE    :   RATE    :   RATE    : RES.VOL.  :    CUT    :  RATIO   :   RATIO    :CON.PR. :BLK.PR. :
:        :           :    :  SCM/DAY  :  SCM/DAY  :  RCM/DAY  :  SCM/SCM  :  SCM/SCM  : SCM/SCM  :  SCM/SCM   : BARSA  : BARSA  :
=================================================================================================================================
:FIELD   :           :    :      330.2:       86.7:       -0.0:      455.3:      0.208:     -0.00:      0.0000:        :        :
:G1      :           :    :      330.2:       86.7:       -0.0:      455.3:      0.208:     -0.00:      0.0000:        :        :
:PROD    : 10, 10    : BHP:      330.2:       86.7:       -0.0:      455.3:      0.208:     -0.00:      0.0000:   245.0:     0.0:
:--------:-----------:----:-----------:-----------:-----------:-----------:-----------:----------:------------:--------:--------:

============================================= INJECTION REPORT ==============================================
:  WELL  : LOCATION  : CTRL : CTRL : CTRL :    OIL    :   WATER   :    GAS    :   FLUID   : BHP OR : THP OR :
:  NAME  :  (I,J,K)  : MODE : MODE : MODE :   RATE    :   RATE    :   RATE    : RES.VOL.  :CON.PR. :BLK.PR. :
:        :           : OIL  : WAT  : GAS  :  SCM/DAY  :  SCM/DAY  :  SCM/DAY  :  RCM/DAY  : BARSA  : BARSA  :
=============================================================================================================
:FIELD   :           :      :      :      :        0.0:        0.0:        0.0:        0.0:        :        :
:G1      :           :      :      :      :        0.0:        0.0:        0.0:        0.0:        :        :
:INJ     :  1,  1    :      :  WRAT:      :        0.0:        0.0:        0.0:        0.0:     0.0:     0.0:
:--------:-----------:------:------:------:-----------:-----------:-----------:-----------:--------:--------:

============================================== CUMULATIVE PRODUCTION/INJECTION TOTALS ==============================================
:  WELL  : LOCATION  :  WELL  :CTRL:    OIL    :   WATER   :    GAS    :   Prod    :    OIL    :   WATER   :    GAS    :    INJ    :
:  NAME  :  (I,J,K)  :  TYPE  :MODE:   PROD    :   PROD    :   PROD    : RES.VOL.  :    INJ    :    INJ    :    INJ    : RES.VOL.  :
:        :           :        :    :   MSCM    :   MSCM    :   MMSCM   :   MRCM    :   MSCM    :   MSCM    :   MMSCM   :   MRCM    :
====================================================================================================================================
:FIELD   :           :        :    :     2199.8:      577.2:        0.0:     3032.6:        0.0:     2920.0:        0.0:     3032.8:
:G1      :           :        :    :     2199.8:      577.2:        0.0:     3032.6:        0.0:     2920.0:        0.0:     3032.8:
:PROD    : 10, 10    :    PROD: BHP:     2199.8:      577.2:        0.0:     3032.6:        0.0:        0.0:        0.0:        0.0:
:INJ     :  1,  1    :     INJ:WRAT:        0.0:        0.0:        0.0:        0.0:        0.0:     2920.0:        0.0:     3032.8:
:--------:-----------:--------:----:-----------:-----------:-----------:-----------:-----------:-----------:-----------:-----------:


Report step 85/96 at day 2586/2920, date = 30-Jan-2022

Starting time step 0, stepsize 14 days, at day 2586/2614, date = 30-Jan-2022
 Newton its= 2, linearizations= 3 (0.0sec), linear its=  0 (0.0sec)
Restart file written for report step 85/96, date = 30-Jan-2022 00:00:00

Starting time step 1, stepsize 14 days, at day 2600/2614, date = 13-Feb-2022

Warning: Keyword 'WELLS' is unhandled for output to restart file.
 Newton its= 2, linearizations= 3 (0.0sec), linear its=  1 (0.0sec)

                              **************************************************************************
  WELLS    AT      2614  DAYS *                 SPE1 - CASE 2                                          *
  REPORT   86    27 Feb 2022  *                                             Flow  version 2025.10-pre  *
                              **************************************************************************


======================================================= PRODUCTION REPORT =======================================================
:  WELL  : LOCATION  :CTRL:    OIL    :   WATER   :    GAS    :   FLUID   :   WATER   : GAS/OIL  :  WAT/GAS   : BHP OR : THP OR :
:  NAME  :  (I,J,K)  :MODE:   RATE    :   RATE    :   RATE    : RES.VOL.  :    CUT    :  RATIO   :   RATIO    :CON.PR. :BLK.PR. :
:        :           :    :  SCM/DAY  :  SCM/DAY  :  RCM/DAY  :  SCM/SCM  :  SCM/SCM  : SCM/SCM  :  SCM/SCM   : BARSA  : BARSA  :
=================================================================================================================================
:FIELD   :           :    :       86.6:       22.7:       -0.0:      119.4:      0.208:     -0.00:      0.0000:        :        :
:G1      :           :    :       86.6:       22.7:       -0.0:      119.4:      0.208:     -0.00:      0.0000:        :        :
:PROD    : 10, 10    : BHP:       86.6:       22.7:       -0.0:      119.4:      0.208:     -0.00:      0.0000:   245.0:     0.0:
:--------:-----------:----:-----------:-----------:-----------:-----------:-----------:----------:------------:--------:--------:

============================================= INJECTION REPORT ==============================================
:  WELL  : LOCATION  : CTRL : CTRL : CTRL :    OIL    :   WATER   :    GAS    :   FLUID   : BHP OR : THP OR :
:  NAME  :  (I,J,K)  : MODE : MODE : MODE :   RATE    :   RATE    :   RATE    : RES.VOL.  :CON.PR. :BLK.PR. :
:        :           : OIL  : WAT  : GAS  :  SCM/DAY  :  SCM/DAY  :  SCM/DAY  :  RCM/DAY  : BARSA  : BARSA  :
=============================================================================================================
:FIELD   :           :      :      :      :        0.0:        0.0:        0.0:        0.0:        :        :
:G1      :           :      :      :      :        0.0:        0.0:        0.0:        0.0:        :        :
:INJ     :  1,  1    :      :  WRAT:      :        0.0:        0.0:        0.0:        0.0:     0.0:     0.0:
:--------:-----------:------:------:------:-----------:-----------:-----------:-----------:--------:--------:

============================================== CUMULATIVE PRODUCTION/INJECTION TOTALS ==============================================
:  WELL  : LOCATION  :  WELL  :CTRL:    OIL    :   WATER   :    GAS    :   Prod    :    OIL    :   WATER   :    GAS    :    INJ    :
:  NAME  :  (I,J,K)  :  TYPE  :MODE:   PROD    :   PROD    :   PROD    : RES.VOL.  :    INJ    :    INJ    :    INJ    : RES.VOL.  :
:        :           :        :    :   MSCM    :   MSCM    :   MMSCM   :   MRCM    :   MSCM    :   MSCM    :   MMSCM   :   MRCM    :
====================================================================================================================================
:FIELD   :           :        :    :     2203.4:      578.2:        0.0:     3037.5:        0.0:     2920.0:        0.0:     3032.8:
:G1      :           :        :    :     2203.4:      578.2:        0.0:     3037.5:        0.0:     2920.0:        0.0:     3032.8:
:PROD    : 10, 10    :    PROD: BHP:     2203.4:      578.2:        0.0:     3037.5:        0.0:        0.0:        0.0:        0.0:
:INJ     :  1,  1    :     INJ:WRAT:        0.0:        0.0:        0.0:        0.0:        0.0:     2920.0:        0.0:     3032.8:
:--------:-----------:--------:----:-----------:-----------:-----------:-----------:-----------:-----------:-----------:-----------:


Report step 86/96 at day 2614/2920, date = 27-Feb-2022

Starting time step 0, stepsize 31 days, at day 2614/2645, date = 27-Feb-2022

Warning: Keyword 'WELLS' is unhandled for output to restart file.
 Newton its= 2, linearizations= 3 (0.0sec), linear its=  1 (0.0sec)
Restart file written for report step 86/96, date = 27-Feb-2022 00:00:00

                              **************************************************************************
  WELLS    AT      2645  DAYS *                 SPE1 - CASE 2                                          *
  REPORT   87    30 Mar 2022  *                                             Flow  version 2025.10-pre  *
                              **************************************************************************


======================================================= PRODUCTION REPORT =======================================================
:  WELL  : LOCATION  :CTRL:    OIL    :   WATER   :    GAS    :   FLUID   :   WATER   : GAS/OIL  :  WAT/GAS   : BHP OR : THP OR :
:  NAME  :  (I,J,K)  :MODE:   RATE    :   RATE    :   RATE    : RES.VOL.  :    CUT    :  RATIO   :   RATIO    :CON.PR. :BLK.PR. :
:        :           :    :  SCM/DAY  :  SCM/DAY  :  RCM/DAY  :  SCM/SCM  :  SCM/SCM  : SCM/SCM  :  SCM/SCM   : BARSA  : BARSA  :
=================================================================================================================================
:FIELD   :           :    :       27.9:        7.3:       -0.0:       38.4:      0.208:     -0.00:      0.0000:        :        :
:G1      :           :    :       27.9:        7.3:       -0.0:       38.4:      0.208:     -0.00:      0.0000:        :        :
:PROD    : 10, 10    : BHP:       27.9:        7.3:       -0.0:       38.4:      0.208:     -0.00:      0.0000:   245.0:     0.0:
:--------:-----------:----:-----------:-----------:-----------:-----------:-----------:----------:------------:--------:--------:

============================================= INJECTION REPORT ==============================================
:  WELL  : LOCATION  : CTRL : CTRL : CTRL :    OIL    :   WATER   :    GAS    :   FLUID   : BHP OR : THP OR :
:  NAME  :  (I,J,K)  : MODE : MODE : MODE :   RATE    :   RATE    :   RATE    : RES.VOL.  :CON.PR. :BLK.PR. :
:        :           : OIL  : WAT  : GAS  :  SCM/DAY  :  SCM/DAY  :  SCM/DAY  :  RCM/DAY  : BARSA  : BARSA  :
=============================================================================================================
:FIELD   :           :      :      :      :        0.0:        0.0:        0.0:        0.0:        :        :
:G1      :           :      :      :      :        0.0:        0.0:        0.0:        0.0:        :        :
:INJ     :  1,  1    :      :  WRAT:      :        0.0:        0.0:        0.0:        0.0:     0.0:     0.0:
:--------:-----------:------:------:------:-----------:-----------:-----------:-----------:--------:--------:

============================================== CUMULATIVE PRODUCTION/INJECTION TOTALS ==============================================
:  WELL  : LOCATION  :  WELL  :CTRL:    OIL    :   WATER   :    GAS    :   Prod    :    OIL    :   WATER   :    GAS    :    INJ    :
:  NAME  :  (I,J,K)  :  TYPE  :MODE:   PROD    :   PROD    :   PROD    : RES.VOL.  :    INJ    :    INJ    :    INJ    : RES.VOL.  :
:        :           :        :    :   MSCM    :   MSCM    :   MMSCM   :   MRCM    :   MSCM    :   MSCM    :   MMSCM   :   MRCM    :
====================================================================================================================================
:FIELD   :           :        :    :     2204.3:      578.4:        0.0:     3038.7:        0.0:     2920.0:        0.0:     3032.8:
:G1      :           :        :    :     2204.3:      578.4:        0.0:     3038.7:        0.0:     2920.0:        0.0:     3032.8:
:PROD    : 10, 10    :    PROD: BHP:     2204.3:      578.4:        0.0:     3038.7:        0.0:        0.0:        0.0:        0.0:
:INJ     :  1,  1    :     INJ:WRAT:        0.0:        0.0:        0.0:        0.0:        0.0:     2920.0:        0.0:     3032.8:
:--------:-----------:--------:----:-----------:-----------:-----------:-----------:-----------:-----------:-----------:-----------:


Report step 87/96 at day 2645/2920, date = 30-Mar-2022

Starting time step 0, stepsize 30 days, at day 2645/2675, date = 30-Mar-2022

Warning: Keyword 'WELLS' is unhandled for output to restart file.
 Newton its= 1, linearizations= 2 (0.0sec), linear its=  1 (0.0sec)
Restart file written for report step 87/96, date = 30-Mar-2022 00:00:00

                              **************************************************************************
  WELLS    AT      2675  DAYS *                 SPE1 - CASE 2                                          *
  REPORT   88    29 Apr 2022  *                                             Flow  version 2025.10-pre  *
                              **************************************************************************


======================================================= PRODUCTION REPORT =======================================================
:  WELL  : LOCATION  :CTRL:    OIL    :   WATER   :    GAS    :   FLUID   :   WATER   : GAS/OIL  :  WAT/GAS   : BHP OR : THP OR :
:  NAME  :  (I,J,K)  :MODE:   RATE    :   RATE    :   RATE    : RES.VOL.  :    CUT    :  RATIO   :   RATIO    :CON.PR. :BLK.PR. :
:        :           :    :  SCM/DAY  :  SCM/DAY  :  RCM/DAY  :  SCM/SCM  :  SCM/SCM  : SCM/SCM  :  SCM/SCM   : BARSA  : BARSA  :
=================================================================================================================================
:FIELD   :           :    :        9.2:        2.4:       -0.0:       12.6:      0.208:     -0.00:      0.0000:        :        :
:G1      :           :    :        9.2:        2.4:       -0.0:       12.6:      0.208:     -0.00:      0.0000:        :        :
:PROD    : 10, 10    : BHP:        9.2:        2.4:       -0.0:       12.6:      0.208:     -0.00:      0.0000:   245.0:     0.0:
:--------:-----------:----:-----------:-----------:-----------:-----------:-----------:----------:------------:--------:--------:

============================================= INJECTION REPORT ==============================================
:  WELL  : LOCATION  : CTRL : CTRL : CTRL :    OIL    :   WATER   :    GAS    :   FLUID   : BHP OR : THP OR :
:  NAME  :  (I,J,K)  : MODE : MODE : MODE :   RATE    :   RATE    :   RATE    : RES.VOL.  :CON.PR. :BLK.PR. :
:        :           : OIL  : WAT  : GAS  :  SCM/DAY  :  SCM/DAY  :  SCM/DAY  :  RCM/DAY  : BARSA  : BARSA  :
=============================================================================================================
:FIELD   :           :      :      :      :        0.0:        0.0:        0.0:        0.0:        :        :
:G1      :           :      :      :      :        0.0:        0.0:        0.0:        0.0:        :        :
:INJ     :  1,  1    :      :  WRAT:      :        0.0:        0.0:        0.0:        0.0:     0.0:     0.0:
:--------:-----------:------:------:------:-----------:-----------:-----------:-----------:--------:--------:

============================================== CUMULATIVE PRODUCTION/INJECTION TOTALS ==============================================
:  WELL  : LOCATION  :  WELL  :CTRL:    OIL    :   WATER   :    GAS    :   Prod    :    OIL    :   WATER   :    GAS    :    INJ    :
:  NAME  :  (I,J,K)  :  TYPE  :MODE:   PROD    :   PROD    :   PROD    : RES.VOL.  :    INJ    :    INJ    :    INJ    : RES.VOL.  :
:        :           :        :    :   MSCM    :   MSCM    :   MMSCM   :   MRCM    :   MSCM    :   MSCM    :   MMSCM   :   MRCM    :
====================================================================================================================================
:FIELD   :           :        :    :     2204.5:      578.5:        0.0:     3039.1:        0.0:     2920.0:        0.0:     3032.8:
:G1      :           :        :    :     2204.5:      578.5:        0.0:     3039.1:        0.0:     2920.0:        0.0:     3032.8:
:PROD    : 10, 10    :    PROD: BHP:     2204.5:      578.5:        0.0:     3039.1:        0.0:        0.0:        0.0:        0.0:
:INJ     :  1,  1    :     INJ:WRAT:        0.0:        0.0:        0.0:        0.0:        0.0:     2920.0:        0.0:     3032.8:
:--------:-----------:--------:----:-----------:-----------:-----------:-----------:-----------:-----------:-----------:-----------:


Report step 88/96 at day 2675/2920, date = 29-Apr-2022

Starting time step 0, stepsize 31 days, at day 2675/2706, date = 29-Apr-2022

Warning: Keyword 'WELLS' is unhandled for output to restart file.
 Newton its= 1, linearizations= 2 (0.0sec), linear its=  1 (0.0sec)
Restart file written for report step 88/96, date = 29-Apr-2022 00:00:00

                              **************************************************************************
  WELLS    AT      2706  DAYS *                 SPE1 - CASE 2                                          *
  REPORT   89    30 May 2022  *                                             Flow  version 2025.10-pre  *
                              **************************************************************************


======================================================= PRODUCTION REPORT =======================================================
:  WELL  : LOCATION  :CTRL:    OIL    :   WATER   :    GAS    :   FLUID   :   WATER   : GAS/OIL  :  WAT/GAS   : BHP OR : THP OR :
:  NAME  :  (I,J,K)  :MODE:   RATE    :   RATE    :   RATE    : RES.VOL.  :    CUT    :  RATIO   :   RATIO    :CON.PR. :BLK.PR. :
:        :           :    :  SCM/DAY  :  SCM/DAY  :  RCM/DAY  :  SCM/SCM  :  SCM/SCM  : SCM/SCM  :  SCM/SCM   : BARSA  : BARSA  :
=================================================================================================================================
:FIELD   :           :    :        2.9:        0.8:       -0.0:        4.1:      0.208:     -0.00:      0.0000:        :        :
:G1      :           :    :        2.9:        0.8:       -0.0:        4.1:      0.208:     -0.00:      0.0000:        :        :
:PROD    : 10, 10    : BHP:        2.9:        0.8:       -0.0:        4.1:      0.208:     -0.00:      0.0000:   245.0:     0.0:
:--------:-----------:----:-----------:-----------:-----------:-----------:-----------:----------:------------:--------:--------:

============================================= INJECTION REPORT ==============================================
:  WELL  : LOCATION  : CTRL : CTRL : CTRL :    OIL    :   WATER   :    GAS    :   FLUID   : BHP OR : THP OR :
:  NAME  :  (I,J,K)  : MODE : MODE : MODE :   RATE    :   RATE    :   RATE    : RES.VOL.  :CON.PR. :BLK.PR. :
:        :           : OIL  : WAT  : GAS  :  SCM/DAY  :  SCM/DAY  :  SCM/DAY  :  RCM/DAY  : BARSA  : BARSA  :
=============================================================================================================
:FIELD   :           :      :      :      :        0.0:        0.0:        0.0:        0.0:        :        :
:G1      :           :      :      :      :        0.0:        0.0:        0.0:        0.0:        :        :
:INJ     :  1,  1    :      :  WRAT:      :        0.0:        0.0:        0.0:        0.0:     0.0:     0.0:
:--------:-----------:------:------:------:-----------:-----------:-----------:-----------:--------:--------:

============================================== CUMULATIVE PRODUCTION/INJECTION TOTALS ==============================================
:  WELL  : LOCATION  :  WELL  :CTRL:    OIL    :   WATER   :    GAS    :   Prod    :    OIL    :   WATER   :    GAS    :    INJ    :
:  NAME  :  (I,J,K)  :  TYPE  :MODE:   PROD    :   PROD    :   PROD    : RES.VOL.  :    INJ    :    INJ    :    INJ    : RES.VOL.  :
:        :           :        :    :   MSCM    :   MSCM    :   MMSCM   :   MRCM    :   MSCM    :   MSCM    :   MMSCM   :   MRCM    :
====================================================================================================================================
:FIELD   :           :        :    :     2204.6:      578.5:        0.0:     3039.2:        0.0:     2920.0:        0.0:     3032.8:
:G1      :           :        :    :     2204.6:      578.5:        0.0:     3039.2:        0.0:     2920.0:        0.0:     3032.8:
:PROD    : 10, 10    :    PROD: BHP:     2204.6:      578.5:        0.0:     3039.2:        0.0:        0.0:        0.0:        0.0:
:INJ     :  1,  1    :     INJ:WRAT:        0.0:        0.0:        0.0:        0.0:        0.0:     2920.0:        0.0:     3032.8:
:--------:-----------:--------:----:-----------:-----------:-----------:-----------:-----------:-----------:-----------:-----------:


Report step 89/96 at day 2706/2920, date = 30-May-2022

Starting time step 0, stepsize 30 days, at day 2706/2736, date = 30-May-2022

Warning: Keyword 'WELLS' is unhandled for output to restart file.
 Newton its= 1, linearizations= 2 (0.0sec), linear its=  1 (0.0sec)
Restart file written for report step 89/96, date = 30-May-2022 00:00:00

                              **************************************************************************
  WELLS    AT      2736  DAYS *                 SPE1 - CASE 2                                          *
  REPORT   90    29 Jun 2022  *                                             Flow  version 2025.10-pre  *
                              **************************************************************************


======================================================= PRODUCTION REPORT =======================================================
:  WELL  : LOCATION  :CTRL:    OIL    :   WATER   :    GAS    :   FLUID   :   WATER   : GAS/OIL  :  WAT/GAS   : BHP OR : THP OR :
:  NAME  :  (I,J,K)  :MODE:   RATE    :   RATE    :   RATE    : RES.VOL.  :    CUT    :  RATIO   :   RATIO    :CON.PR. :BLK.PR. :
:        :           :    :  SCM/DAY  :  SCM/DAY  :  RCM/DAY  :  SCM/SCM  :  SCM/SCM  : SCM/SCM  :  SCM/SCM   : BARSA  : BARSA  :
=================================================================================================================================
:FIELD   :           :    :        1.0:        0.3:       -0.0:        1.3:      0.208:     -0.00:      0.0000:        :        :
:G1      :           :    :        1.0:        0.3:       -0.0:        1.3:      0.208:     -0.00:      0.0000:        :        :
:PROD    : 10, 10    : BHP:        1.0:        0.3:       -0.0:        1.3:      0.208:     -0.00:      0.0000:   245.0:     0.0:
:--------:-----------:----:-----------:-----------:-----------:-----------:-----------:----------:------------:--------:--------:

============================================= INJECTION REPORT ==============================================
:  WELL  : LOCATION  : CTRL : CTRL : CTRL :    OIL    :   WATER   :    GAS    :   FLUID   : BHP OR : THP OR :
:  NAME  :  (I,J,K)  : MODE : MODE : MODE :   RATE    :   RATE    :   RATE    : RES.VOL.  :CON.PR. :BLK.PR. :
:        :           : OIL  : WAT  : GAS  :  SCM/DAY  :  SCM/DAY  :  SCM/DAY  :  RCM/DAY  : BARSA  : BARSA  :
=============================================================================================================
:FIELD   :           :      :      :      :        0.0:        0.0:        0.0:        0.0:        :        :
:G1      :           :      :      :      :        0.0:        0.0:        0.0:        0.0:        :        :
:INJ     :  1,  1    :      :  WRAT:      :        0.0:        0.0:        0.0:        0.0:     0.0:     0.0:
:--------:-----------:------:------:------:-----------:-----------:-----------:-----------:--------:--------:

============================================== CUMULATIVE PRODUCTION/INJECTION TOTALS ==============================================
:  WELL  : LOCATION  :  WELL  :CTRL:    OIL    :   WATER   :    GAS    :   Prod    :    OIL    :   WATER   :    GAS    :    INJ    :
:  NAME  :  (I,J,K)  :  TYPE  :MODE:   PROD    :   PROD    :   PROD    : RES.VOL.  :    INJ    :    INJ    :    INJ    : RES.VOL.  :
:        :           :        :    :   MSCM    :   MSCM    :   MMSCM   :   MRCM    :   MSCM    :   MSCM    :   MMSCM   :   MRCM    :
====================================================================================================================================
:FIELD   :           :        :    :     2204.7:      578.5:        0.0:     3039.3:        0.0:     2920.0:        0.0:     3032.8:
:G1      :           :        :    :     2204.7:      578.5:        0.0:     3039.3:        0.0:     2920.0:        0.0:     3032.8:
:PROD    : 10, 10    :    PROD: BHP:     2204.7:      578.5:        0.0:     3039.3:        0.0:        0.0:        0.0:        0.0:
:INJ     :  1,  1    :     INJ:WRAT:        0.0:        0.0:        0.0:        0.0:        0.0:     2920.0:        0.0:     3032.8:
:--------:-----------:--------:----:-----------:-----------:-----------:-----------:-----------:-----------:-----------:-----------:


Report step 90/96 at day 2736/2920, date = 29-Jun-2022

Starting time step 0, stepsize 31 days, at day 2736/2767, date = 29-Jun-2022

Warning: Keyword 'WELLS' is unhandled for output to restart file.
 Newton its= 1, linearizations= 2 (0.0sec), linear its=  1 (0.0sec)
Restart file written for report step 90/96, date = 29-Jun-2022 00:00:00

                              **************************************************************************
  WELLS    AT      2767  DAYS *                 SPE1 - CASE 2                                          *
  REPORT   91    30 Jul 2022  *                                             Flow  version 2025.10-pre  *
                              **************************************************************************


======================================================= PRODUCTION REPORT =======================================================
:  WELL  : LOCATION  :CTRL:    OIL    :   WATER   :    GAS    :   FLUID   :   WATER   : GAS/OIL  :  WAT/GAS   : BHP OR : THP OR :
:  NAME  :  (I,J,K)  :MODE:   RATE    :   RATE    :   RATE    : RES.VOL.  :    CUT    :  RATIO   :   RATIO    :CON.PR. :BLK.PR. :
:        :           :    :  SCM/DAY  :  SCM/DAY  :  RCM/DAY  :  SCM/SCM  :  SCM/SCM  : SCM/SCM  :  SCM/SCM   : BARSA  : BARSA  :
=================================================================================================================================
:FIELD   :           :    :        0.3:        0.1:       -0.0:        0.4:      0.208:     -0.00:      0.0000:        :        :
:G1      :           :    :        0.3:        0.1:       -0.0:        0.4:      0.208:     -0.00:      0.0000:        :        :
:PROD    : 10, 10    : BHP:        0.3:        0.1:       -0.0:        0.4:      0.208:     -0.00:      0.0000:   245.0:     0.0:
:--------:-----------:----:-----------:-----------:-----------:-----------:-----------:----------:------------:--------:--------:

============================================= INJECTION REPORT ==============================================
:  WELL  : LOCATION  : CTRL : CTRL : CTRL :    OIL    :   WATER   :    GAS    :   FLUID   : BHP OR : THP OR :
:  NAME  :  (I,J,K)  : MODE : MODE : MODE :   RATE    :   RATE    :   RATE    : RES.VOL.  :CON.PR. :BLK.PR. :
:        :           : OIL  : WAT  : GAS  :  SCM/DAY  :  SCM/DAY  :  SCM/DAY  :  RCM/DAY  : BARSA  : BARSA  :
=============================================================================================================
:FIELD   :           :      :      :      :        0.0:        0.0:        0.0:        0.0:        :        :
:G1      :           :      :      :      :        0.0:        0.0:        0.0:        0.0:        :        :
:INJ     :  1,  1    :      :  WRAT:      :        0.0:        0.0:        0.0:        0.0:     0.0:     0.0:
:--------:-----------:------:------:------:-----------:-----------:-----------:-----------:--------:--------:

============================================== CUMULATIVE PRODUCTION/INJECTION TOTALS ==============================================
:  WELL  : LOCATION  :  WELL  :CTRL:    OIL    :   WATER   :    GAS    :   Prod    :    OIL    :   WATER   :    GAS    :    INJ    :
:  NAME  :  (I,J,K)  :  TYPE  :MODE:   PROD    :   PROD    :   PROD    : RES.VOL.  :    INJ    :    INJ    :    INJ    : RES.VOL.  :
:        :           :        :    :   MSCM    :   MSCM    :   MMSCM   :   MRCM    :   MSCM    :   MSCM    :   MMSCM   :   MRCM    :
====================================================================================================================================
:FIELD   :           :        :    :     2204.7:      578.5:        0.0:     3039.3:        0.0:     2920.0:        0.0:     3032.8:
:G1      :           :        :    :     2204.7:      578.5:        0.0:     3039.3:        0.0:     2920.0:        0.0:     3032.8:
:PROD    : 10, 10    :    PROD: BHP:     2204.7:      578.5:        0.0:     3039.3:        0.0:        0.0:        0.0:        0.0:
:INJ     :  1,  1    :     INJ:WRAT:        0.0:        0.0:        0.0:        0.0:        0.0:     2920.0:        0.0:     3032.8:
:--------:-----------:--------:----:-----------:-----------:-----------:-----------:-----------:-----------:-----------:-----------:


Report step 91/96 at day 2767/2920, date = 30-Jul-2022

Starting time step 0, stepsize 31 days, at day 2767/2798, date = 30-Jul-2022

Warning: Keyword 'WELLS' is unhandled for output to restart file.
 Newton its= 2, linearizations= 3 (0.0sec), linear its=  1 (0.0sec)
Restart file written for report step 91/96, date = 30-Jul-2022 00:00:00

                              **************************************************************************
  WELLS    AT      2798  DAYS *                 SPE1 - CASE 2                                          *
  REPORT   92    30 Aug 2022  *                                             Flow  version 2025.10-pre  *
                              **************************************************************************


======================================================= PRODUCTION REPORT =======================================================
:  WELL  : LOCATION  :CTRL:    OIL    :   WATER   :    GAS    :   FLUID   :   WATER   : GAS/OIL  :  WAT/GAS   : BHP OR : THP OR :
:  NAME  :  (I,J,K)  :MODE:   RATE    :   RATE    :   RATE    : RES.VOL.  :    CUT    :  RATIO   :   RATIO    :CON.PR. :BLK.PR. :
:        :           :    :  SCM/DAY  :  SCM/DAY  :  RCM/DAY  :  SCM/SCM  :  SCM/SCM  : SCM/SCM  :  SCM/SCM   : BARSA  : BARSA  :
=================================================================================================================================
:FIELD   :           :    :        0.1:        0.0:       -0.0:        0.1:      0.208:     -0.00:      0.0000:        :        :
:G1      :           :    :        0.1:        0.0:       -0.0:        0.1:      0.208:     -0.00:      0.0000:        :        :
:PROD    : 10, 10    : BHP:        0.1:        0.0:       -0.0:        0.1:      0.208:     -0.00:      0.0000:   245.0:     0.0:
:--------:-----------:----:-----------:-----------:-----------:-----------:-----------:----------:------------:--------:--------:

============================================= INJECTION REPORT ==============================================
:  WELL  : LOCATION  : CTRL : CTRL : CTRL :    OIL    :   WATER   :    GAS    :   FLUID   : BHP OR : THP OR :
:  NAME  :  (I,J,K)  : MODE : MODE : MODE :   RATE    :   RATE    :   RATE    : RES.VOL.  :CON.PR. :BLK.PR. :
:        :           : OIL  : WAT  : GAS  :  SCM/DAY  :  SCM/DAY  :  SCM/DAY  :  RCM/DAY  : BARSA  : BARSA  :
=============================================================================================================
:FIELD   :           :      :      :      :        0.0:        0.0:        0.0:        0.0:        :        :
:G1      :           :      :      :      :        0.0:        0.0:        0.0:        0.0:        :        :
:INJ     :  1,  1    :      :  WRAT:      :        0.0:        0.0:        0.0:        0.0:     0.0:     0.0:
:--------:-----------:------:------:------:-----------:-----------:-----------:-----------:--------:--------:

============================================== CUMULATIVE PRODUCTION/INJECTION TOTALS ==============================================
:  WELL  : LOCATION  :  WELL  :CTRL:    OIL    :   WATER   :    GAS    :   Prod    :    OIL    :   WATER   :    GAS    :    INJ    :
:  NAME  :  (I,J,K)  :  TYPE  :MODE:   PROD    :   PROD    :   PROD    : RES.VOL.  :    INJ    :    INJ    :    INJ    : RES.VOL.  :
:        :           :        :    :   MSCM    :   MSCM    :   MMSCM   :   MRCM    :   MSCM    :   MSCM    :   MMSCM   :   MRCM    :
====================================================================================================================================
:FIELD   :           :        :    :     2204.7:      578.5:        0.0:     3039.3:        0.0:     2920.0:        0.0:     3032.8:
:G1      :           :        :    :     2204.7:      578.5:        0.0:     3039.3:        0.0:     2920.0:        0.0:     3032.8:
:PROD    : 10, 10    :    PROD: BHP:     2204.7:      578.5:        0.0:     3039.3:        0.0:        0.0:        0.0:        0.0:
:INJ     :  1,  1    :     INJ:WRAT:        0.0:        0.0:        0.0:        0.0:        0.0:     2920.0:        0.0:     3032.8:
:--------:-----------:--------:----:-----------:-----------:-----------:-----------:-----------:-----------:-----------:-----------:


Report step 92/96 at day 2798/2920, date = 30-Aug-2022

Starting time step 0, stepsize 30 days, at day 2798/2828, date = 30-Aug-2022

Warning: Keyword 'WELLS' is unhandled for output to restart file.
 Newton its= 2, linearizations= 3 (0.0sec), linear its=  1 (0.0sec)
Restart file written for report step 92/96, date = 30-Aug-2022 00:00:00

                              **************************************************************************
  WELLS    AT      2828  DAYS *                 SPE1 - CASE 2                                          *
  REPORT   93    29 Sep 2022  *                                             Flow  version 2025.10-pre  *
                              **************************************************************************


======================================================= PRODUCTION REPORT =======================================================
:  WELL  : LOCATION  :CTRL:    OIL    :   WATER   :    GAS    :   FLUID   :   WATER   : GAS/OIL  :  WAT/GAS   : BHP OR : THP OR :
:  NAME  :  (I,J,K)  :MODE:   RATE    :   RATE    :   RATE    : RES.VOL.  :    CUT    :  RATIO   :   RATIO    :CON.PR. :BLK.PR. :
:        :           :    :  SCM/DAY  :  SCM/DAY  :  RCM/DAY  :  SCM/SCM  :  SCM/SCM  : SCM/SCM  :  SCM/SCM   : BARSA  : BARSA  :
=================================================================================================================================
:FIELD   :           :    :        0.0:        0.0:       -0.0:        0.1:      0.208:     -0.00:      0.0000:        :        :
:G1      :           :    :        0.0:        0.0:       -0.0:        0.1:      0.208:     -0.00:      0.0000:        :        :
:PROD    : 10, 10    : BHP:        0.0:        0.0:       -0.0:        0.1:      0.208:     -0.00:      0.0000:   245.0:     0.0:
:--------:-----------:----:-----------:-----------:-----------:-----------:-----------:----------:------------:--------:--------:

============================================= INJECTION REPORT ==============================================
:  WELL  : LOCATION  : CTRL : CTRL : CTRL :    OIL    :   WATER   :    GAS    :   FLUID   : BHP OR : THP OR :
:  NAME  :  (I,J,K)  : MODE : MODE : MODE :   RATE    :   RATE    :   RATE    : RES.VOL.  :CON.PR. :BLK.PR. :
:        :           : OIL  : WAT  : GAS  :  SCM/DAY  :  SCM/DAY  :  SCM/DAY  :  RCM/DAY  : BARSA  : BARSA  :
=============================================================================================================
:FIELD   :           :      :      :      :        0.0:        0.0:        0.0:        0.0:        :        :
:G1      :           :      :      :      :        0.0:        0.0:        0.0:        0.0:        :        :
:INJ     :  1,  1    :      :  WRAT:      :        0.0:        0.0:        0.0:        0.0:     0.0:     0.0:
:--------:-----------:------:------:------:-----------:-----------:-----------:-----------:--------:--------:

============================================== CUMULATIVE PRODUCTION/INJECTION TOTALS ==============================================
:  WELL  : LOCATION  :  WELL  :CTRL:    OIL    :   WATER   :    GAS    :   Prod    :    OIL    :   WATER   :    GAS    :    INJ    :
:  NAME  :  (I,J,K)  :  TYPE  :MODE:   PROD    :   PROD    :   PROD    : RES.VOL.  :    INJ    :    INJ    :    INJ    : RES.VOL.  :
:        :           :        :    :   MSCM    :   MSCM    :   MMSCM   :   MRCM    :   MSCM    :   MSCM    :   MMSCM   :   MRCM    :
====================================================================================================================================
:FIELD   :           :        :    :     2204.7:      578.5:        0.0:     3039.3:        0.0:     2920.0:        0.0:     3032.8:
:G1      :           :        :    :     2204.7:      578.5:        0.0:     3039.3:        0.0:     2920.0:        0.0:     3032.8:
:PROD    : 10, 10    :    PROD: BHP:     2204.7:      578.5:        0.0:     3039.3:        0.0:        0.0:        0.0:        0.0:
:INJ     :  1,  1    :     INJ:WRAT:        0.0:        0.0:        0.0:        0.0:        0.0:     2920.0:        0.0:     3032.8:
:--------:-----------:--------:----:-----------:-----------:-----------:-----------:-----------:-----------:-----------:-----------:


Report step 93/96 at day 2828/2920, date = 29-Sep-2022

Starting time step 0, stepsize 31 days, at day 2828/2859, date = 29-Sep-2022

Warning: Keyword 'WELLS' is unhandled for output to restart file.
 Newton its= 1, linearizations= 2 (0.0sec), linear its=  1 (0.0sec)
Restart file written for report step 93/96, date = 29-Sep-2022 00:00:00

                              **************************************************************************
  WELLS    AT      2859  DAYS *                 SPE1 - CASE 2                                          *
  REPORT   94    30 Oct 2022  *                                             Flow  version 2025.10-pre  *
                              **************************************************************************


======================================================= PRODUCTION REPORT =======================================================
:  WELL  : LOCATION  :CTRL:    OIL    :   WATER   :    GAS    :   FLUID   :   WATER   : GAS/OIL  :  WAT/GAS   : BHP OR : THP OR :
:  NAME  :  (I,J,K)  :MODE:   RATE    :   RATE    :   RATE    : RES.VOL.  :    CUT    :  RATIO   :   RATIO    :CON.PR. :BLK.PR. :
:        :           :    :  SCM/DAY  :  SCM/DAY  :  RCM/DAY  :  SCM/SCM  :  SCM/SCM  : SCM/SCM  :  SCM/SCM   : BARSA  : BARSA  :
=================================================================================================================================
:FIELD   :           :    :        0.0:        0.0:       -0.0:        0.0:      0.208:     -0.00:      0.0000:        :        :
:G1      :           :    :        0.0:        0.0:       -0.0:        0.0:      0.208:     -0.00:      0.0000:        :        :
:PROD    : 10, 10    : BHP:        0.0:        0.0:       -0.0:        0.0:      0.208:     -0.00:      0.0000:   245.0:     0.0:
:--------:-----------:----:-----------:-----------:-----------:-----------:-----------:----------:------------:--------:--------:

============================================= INJECTION REPORT ==============================================
:  WELL  : LOCATION  : CTRL : CTRL : CTRL :    OIL    :   WATER   :    GAS    :   FLUID   : BHP OR : THP OR :
:  NAME  :  (I,J,K)  : MODE : MODE : MODE :   RATE    :   RATE    :   RATE    : RES.VOL.  :CON.PR. :BLK.PR. :
:        :           : OIL  : WAT  : GAS  :  SCM/DAY  :  SCM/DAY  :  SCM/DAY  :  RCM/DAY  : BARSA  : BARSA  :
=============================================================================================================
:FIELD   :           :      :      :      :        0.0:        0.0:        0.0:        0.0:        :        :
:G1      :           :      :      :      :        0.0:        0.0:        0.0:        0.0:        :        :
:INJ     :  1,  1    :      :  WRAT:      :        0.0:        0.0:        0.0:        0.0:     0.0:     0.0:
:--------:-----------:------:------:------:-----------:-----------:-----------:-----------:--------:--------:

============================================== CUMULATIVE PRODUCTION/INJECTION TOTALS ==============================================
:  WELL  : LOCATION  :  WELL  :CTRL:    OIL    :   WATER   :    GAS    :   Prod    :    OIL    :   WATER   :    GAS    :    INJ    :
:  NAME  :  (I,J,K)  :  TYPE  :MODE:   PROD    :   PROD    :   PROD    : RES.VOL.  :    INJ    :    INJ    :    INJ    : RES.VOL.  :
:        :           :        :    :   MSCM    :   MSCM    :   MMSCM   :   MRCM    :   MSCM    :   MSCM    :   MMSCM   :   MRCM    :
====================================================================================================================================
:FIELD   :           :        :    :     2204.7:      578.5:        0.0:     3039.3:        0.0:     2920.0:        0.0:     3032.8:
:G1      :           :        :    :     2204.7:      578.5:        0.0:     3039.3:        0.0:     2920.0:        0.0:     3032.8:
:PROD    : 10, 10    :    PROD: BHP:     2204.7:      578.5:        0.0:     3039.3:        0.0:        0.0:        0.0:        0.0:
:INJ     :  1,  1    :     INJ:WRAT:        0.0:        0.0:        0.0:        0.0:        0.0:     2920.0:        0.0:     3032.8:
:--------:-----------:--------:----:-----------:-----------:-----------:-----------:-----------:-----------:-----------:-----------:


Report step 94/96 at day 2859/2920, date = 30-Oct-2022

Starting time step 0, stepsize 30 days, at day 2859/2889, date = 30-Oct-2022

Warning: Keyword 'WELLS' is unhandled for output to restart file.
 Newton its= 1, linearizations= 2 (0.0sec), linear its=  1 (0.0sec)
Restart file written for report step 94/96, date = 30-Oct-2022 00:00:00

                              **************************************************************************
  WELLS    AT      2889  DAYS *                 SPE1 - CASE 2                                          *
  REPORT   95    29 Nov 2022  *                                             Flow  version 2025.10-pre  *
                              **************************************************************************


======================================================= PRODUCTION REPORT =======================================================
:  WELL  : LOCATION  :CTRL:    OIL    :   WATER   :    GAS    :   FLUID   :   WATER   : GAS/OIL  :  WAT/GAS   : BHP OR : THP OR :
:  NAME  :  (I,J,K)  :MODE:   RATE    :   RATE    :   RATE    : RES.VOL.  :    CUT    :  RATIO   :   RATIO    :CON.PR. :BLK.PR. :
:        :           :    :  SCM/DAY  :  SCM/DAY  :  RCM/DAY  :  SCM/SCM  :  SCM/SCM  : SCM/SCM  :  SCM/SCM   : BARSA  : BARSA  :
=================================================================================================================================
:FIELD   :           :    :        0.0:        0.0:       -0.0:        0.0:      0.208:     -0.00:      0.0000:        :        :
:G1      :           :    :        0.0:        0.0:       -0.0:        0.0:      0.208:     -0.00:      0.0000:        :        :
:PROD    : 10, 10    : BHP:        0.0:        0.0:       -0.0:        0.0:      0.208:     -0.00:      0.0000:   245.0:     0.0:
:--------:-----------:----:-----------:-----------:-----------:-----------:-----------:----------:------------:--------:--------:

============================================= INJECTION REPORT ==============================================
:  WELL  : LOCATION  : CTRL : CTRL : CTRL :    OIL    :   WATER   :    GAS    :   FLUID   : BHP OR : THP OR :
:  NAME  :  (I,J,K)  : MODE : MODE : MODE :   RATE    :   RATE    :   RATE    : RES.VOL.  :CON.PR. :BLK.PR. :
:        :           : OIL  : WAT  : GAS  :  SCM/DAY  :  SCM/DAY  :  SCM/DAY  :  RCM/DAY  : BARSA  : BARSA  :
=============================================================================================================
:FIELD   :           :      :      :      :        0.0:        0.0:        0.0:        0.0:        :        :
:G1      :           :      :      :      :        0.0:        0.0:        0.0:        0.0:        :        :
:INJ     :  1,  1    :      :  WRAT:      :        0.0:        0.0:        0.0:        0.0:     0.0:     0.0:
:--------:-----------:------:------:------:-----------:-----------:-----------:-----------:--------:--------:

============================================== CUMULATIVE PRODUCTION/INJECTION TOTALS ==============================================
:  WELL  : LOCATION  :  WELL  :CTRL:    OIL    :   WATER   :    GAS    :   Prod    :    OIL    :   WATER   :    GAS    :    INJ    :
:  NAME  :  (I,J,K)  :  TYPE  :MODE:   PROD    :   PROD    :   PROD    : RES.VOL.  :    INJ    :    INJ    :    INJ    : RES.VOL.  :
:        :           :        :    :   MSCM    :   MSCM    :   MMSCM   :   MRCM    :   MSCM    :   MSCM    :   MMSCM   :   MRCM    :
====================================================================================================================================
:FIELD   :           :        :    :     2204.7:      578.5:        0.0:     3039.3:        0.0:     2920.0:        0.0:     3032.8:
:G1      :           :        :    :     2204.7:      578.5:        0.0:     3039.3:        0.0:     2920.0:        0.0:     3032.8:
:PROD    : 10, 10    :    PROD: BHP:     2204.7:      578.5:        0.0:     3039.3:        0.0:        0.0:        0.0:        0.0:
:INJ     :  1,  1    :     INJ:WRAT:        0.0:        0.0:        0.0:        0.0:        0.0:     2920.0:        0.0:     3032.8:
:--------:-----------:--------:----:-----------:-----------:-----------:-----------:-----------:-----------:-----------:-----------:


Report step 95/96 at day 2889/2920, date = 29-Nov-2022

Starting time step 0, stepsize 31 days, at day 2889/2920, date = 29-Nov-2022

Warning: Keyword 'WELLS' is unhandled for output to restart file.
 Newton its= 1, linearizations= 2 (0.0sec), linear its=  1 (0.0sec)
Restart file written for report step 95/96, date = 29-Nov-2022 00:00:00

                              **************************************************************************
  WELLS    AT      2920  DAYS *                 SPE1 - CASE 2                                          *
  REPORT   96    30 Dec 2022  *                                             Flow  version 2025.10-pre  *
                              **************************************************************************


======================================================= PRODUCTION REPORT =======================================================
:  WELL  : LOCATION  :CTRL:    OIL    :   WATER   :    GAS    :   FLUID   :   WATER   : GAS/OIL  :  WAT/GAS   : BHP OR : THP OR :
:  NAME  :  (I,J,K)  :MODE:   RATE    :   RATE    :   RATE    : RES.VOL.  :    CUT    :  RATIO   :   RATIO    :CON.PR. :BLK.PR. :
:        :           :    :  SCM/DAY  :  SCM/DAY  :  RCM/DAY  :  SCM/SCM  :  SCM/SCM  : SCM/SCM  :  SCM/SCM   : BARSA  : BARSA  :
=================================================================================================================================
:FIELD   :           :    :        0.0:        0.0:       -0.0:        0.0:      0.208:     -0.00:      0.0000:        :        :
:G1      :           :    :        0.0:        0.0:       -0.0:        0.0:      0.208:     -0.00:      0.0000:        :        :
:PROD    : 10, 10    : BHP:        0.0:        0.0:       -0.0:        0.0:      0.208:     -0.00:      0.0000:   245.0:     0.0:
:--------:-----------:----:-----------:-----------:-----------:-----------:-----------:----------:------------:--------:--------:

============================================= INJECTION REPORT ==============================================
:  WELL  : LOCATION  : CTRL : CTRL : CTRL :    OIL    :   WATER   :    GAS    :   FLUID   : BHP OR : THP OR :
:  NAME  :  (I,J,K)  : MODE : MODE : MODE :   RATE    :   RATE    :   RATE    : RES.VOL.  :CON.PR. :BLK.PR. :
:        :           : OIL  : WAT  : GAS  :  SCM/DAY  :  SCM/DAY  :  SCM/DAY  :  RCM/DAY  : BARSA  : BARSA  :
=============================================================================================================
:FIELD   :           :      :      :      :        0.0:        0.0:        0.0:        0.0:        :        :
:G1      :           :      :      :      :        0.0:        0.0:        0.0:        0.0:        :        :
:INJ     :  1,  1    :      :  WRAT:      :        0.0:        0.0:        0.0:        0.0:     0.0:     0.0:
:--------:-----------:------:------:------:-----------:-----------:-----------:-----------:--------:--------:

============================================== CUMULATIVE PRODUCTION/INJECTION TOTALS ==============================================
:  WELL  : LOCATION  :  WELL  :CTRL:    OIL    :   WATER   :    GAS    :   Prod    :    OIL    :   WATER   :    GAS    :    INJ    :
:  NAME  :  (I,J,K)  :  TYPE  :MODE:   PROD    :   PROD    :   PROD    : RES.VOL.  :    INJ    :    INJ    :    INJ    : RES.VOL.  :
:        :           :        :    :   MSCM    :   MSCM    :   MMSCM   :   MRCM    :   MSCM    :   MSCM    :   MMSCM   :   MRCM    :
====================================================================================================================================
:FIELD   :           :        :    :     2204.7:      578.5:        0.0:     3039.3:        0.0:     2920.0:        0.0:     3032.8:
:G1      :           :        :    :     2204.7:      578.5:        0.0:     3039.3:        0.0:     2920.0:        0.0:     3032.8:
:PROD    : 10, 10    :    PROD: BHP:     2204.7:      578.5:        0.0:     3039.3:        0.0:        0.0:        0.0:        0.0:
:INJ     :  1,  1    :     INJ:WRAT:        0.0:        0.0:        0.0:        0.0:        0.0:     2920.0:        0.0:     3032.8:
:--------:-----------:--------:----:-----------:-----------:-----------:-----------:-----------:-----------:-----------:-----------:

Restart file written for report step 96/96, date = 30-Dec-2022 00:00:00


================    End of simulation     ===============

Number of MPI processes:         1
Threads per MPI process:         1
Setup time:                      0.04 s
  Deck input:                    0.03 s
Number of timesteps:           283
Simulation time:                 2.19 s
  Assembly time:                 0.27 s (Wasted: 0.0 s; 16.1%)
    Well assembly:               0.05 s (Wasted: 0.0 s; 15.0%)
  Linear solve time:             1.32 s (Wasted: 0.2 s; 18.0%)
    Linear setup:                1.17 s (Wasted: 0.2 s; 18.0%)
  Props/update time:             0.22 s (Wasted: 0.0 s; 17.6%)
  Pre/post step:                 0.15 s (Wasted: 0.0 s; 2.8%)
  Output write time:             0.22 s
Overall Linearizations:       2539      (Wasted:   420; 16.5%)
Overall Newton Iterations:    2276      (Wasted:   420; 18.5%)
Overall Linear Iterations:     521      (Wasted:   109; 20.9%)



Error summary:
Warnings          97
Info              974
Errors            0
Bugs              0
Debug             0
Problems          20

