


 ########  #          ######   #           #
 #         #         #      #   #         # 
 #####     #         #      #    #   #   #  
 #         #         #      #     # # # #   
 #         #######    ######       #   #    

Flow is a simulator for fully implicit three-phase black-oil flow, and is part of OPM.
For more information visit: https://opm-project.org 

Flow Version     =  2025.04-pre (ebe0754ff*)
Machine name     =  Macbookns-MacBook-Pro-2.local (Number of logical cores: 10, Memory size: 16384.00 MB) 
Operating system =  Darwin arm64 (Kernel: 24.2.0, Darwin Kernel Version 24.2.0: Fri Dec  6 19:01:59 PST 2024; root:xnu-11215.61.5~2/RELEASE_ARM64_T6000 )
Build time       =  2024-12-11 at 17:21:30 hrs
User             =  root
Simulation started on 18-12-2024 at 12:05:12 hrs
Using 1 MPI processes with 1 OMP threads on each 
Parameters used by Flow:
# [known parameters which were specified at run-time]
EclDeckFileName="SPE11B" # default: ""
UseBestResidual="true" # default: "0"
RelaxedMaxPvFraction="0" # default: "0.03"
OutputExtraConvergenceInfo="steps,iterations" # default: "none"
EnableEclOutput="0" # default: "1"
FullTimeStepInitially="1" # default: "0"
ToleranceCnvRelaxed="0.01" # default: "1"
ToleranceCnv="0.01" # default: "0.01"
ToleranceMb="1e-5" # default: "1e-07"
ToleranceMbRelaxed="1e-5" # default: "1e-06"
MinStrictCnvIter="5" # default: "-1"
SolverMaxTimeStepInDays="3650" # default: "365"
LinearSolver="cprw" # default: "cprw"
NewtonMinIterations="1" # default: "2"
NewtonMaxIterations="20" # default: "20"
LinearSolverReduction="0.00025" # default: "0.01"
OutputDir="/Users/macbookn/hackatonwork/opm-tests/spe11b/output/sim_6" # default: ""
# [parameters which were specified at compile-time]
AcceleratorMode="none"
ActionParsingStrictness="normal"
AllowDistributedWells="0"
AllowSplittingInactiveWells="1"
AlternativeWellRateInit="1"
BdaDeviceId="0"
CheckGroupConstraintsInnerWellIterations="1"
CheckSatfuncConsistency="0"
ContinueOnConvergenceError="0"
ConvergenceMonitoring="0"
ConvergenceMonitoringCutOff="6"
ConvergenceMonitoringDecayFactor="0.75"
CprReuseInterval="30"
CprReuseSetup="4"
DbhpMaxRel="1"
DebugEmitCellPartition="0"
DpMaxRel="0.3"
DsMax="0.2"
DwellFractionMax="0.2"
EclOutputDoublePrecision="0"
EclOutputInterval="-1"
EdgeWeightsMethod="1"
EnableAdaptiveTimeStepping="1"
EnableAsyncEclOutput="1"
EnableAsyncVtkOutput="1"
EnableDriftCompensation="0"
EnableDryRun="auto"
EnableEsmry="0"
EnableGravity="1"
EnableGridAdaptation="0"
EnableIntensiveQuantityCache="1"
EnableLoggingFalloutWarning="0"
EnableOpmRstFile="0"
EnableStorageCache="1"
EnableTerminalOutput="1"
EnableThermodynamicHints="0"
EnableTuning="0"
EnableVtkOutput="0"
EnableWellOperabilityCheck="1"
EnableWellOperabilityCheckIter="0"
EnableWriteAllSolutions="0"
EndTime="1e+100"
ExplicitRockCompaction="0"
ForceDisableFluidInPlaceOutput="0"
ForceDisableResvFluidInPlaceOutput="0"
IgnoreKeywords=""
IluFillinLevel="0"
IluRedblack="0"
IluRelaxation="0.9"
IluReorderSpheres="0"
InitialTimeStepInDays="1"
InitialTimeStepSize="86400"
InjMultDampMult="0.9"
InjMultMinDampFactor="0.05"
InjMultOscThreshold="0.1"
InputSkipMode="100"
LinearSolverIgnoreConvergenceFailure="0"
LinearSolverMaxIter="200"
LinearSolverPrintJsonDefinition="1"
LinearSolverRestart="40"
LinearSolverVerbosity="0"
LoadFile=""
LoadStep="-1"
LocalDomainsOrderingMeasure="maxpressure"
LocalDomainsPartitioningImbalance="1.03"
LocalDomainsPartitioningMethod="zoltan"
LocalSolveApproach="gauss-seidel"
LocalToleranceScalingCnv="0.1"
LocalToleranceScalingMb="1"
LocalWellSolveControlSwitching="1"
MatrixAddWellContributions="0"
MaxInnerIterMsWells="100"
MaxInnerIterWells="50"
MaxLocalSolveIterations="20"
MaxNewtonIterationsWithInnerWellIterations="8"
MaxPressureChangeMsWells="1e+06"
MaxResidualAllowed="1e+07"
MaxSinglePrecisionDays="20"
MaxTemperatureChange="5"
MaxTimeStepDivisions="10"
MaxTimeStepSize="inf"
MaxWelleqIter="30"
MaximumNumberOfWellSwitches="3"
MaximumWaterSaturation="1"
MiluVariant="ILU"
MinStrictMbIter="-1"
MinTimeStepBasedOnNewtonIterations="0"
MinTimeStepBeforeShuttingProblematicWellsInDays="0.01"
MinTimeStepSize="0"
NetworkMaxIterations="200"
NetworkMaxStrictIterations="100"
NewtonMaxError="1e+100"
NewtonMaxRelax="0.5"
NewtonRelaxationType="dampen"
NewtonTargetIterations="10"
NewtonTolerance="0.01"
NewtonVerbose="1"
NewtonWriteConvergence="0"
NlddLocalLinearSolver="ilu0"
NlddLocalLinearSolverMaxIter="200"
NlddLocalLinearSolverReduction="0.01"
NlddNumInitialNewtonIter="1"
NonlinearSolver="newton"
NumLocalDomains="0"
NumPressurePointsEquil="2000"
NumSatfuncConsistencySamplePoints="5"
OpenclIluParallel="1"
OpenclPlatformId="0"
OutputInterval="1"
OutputMode="all"
OwnerCellsFirst="1"
ParameterFile=""
ParsingStrictness="normal"
PredeterminedTimeStepsFile=""
PressureMax="1e+99"
PressureMin="-1e+99"
PressureScale="1"
PriVarOscilationThreshold="1e-05"
PrintParameters="2"
ProjectSaturations="0"
RegularizationFactorWells="100"
RelaxedLinearSolverReduction="0.01"
RelaxedPressureTolMsw="10000"
RelaxedWellFlowTol="0.001"
RestartTime="-1e+35"
RestartWritingInterval="16777215"
SaveFile=""
SaveStep=""
ScaleLinearSystem="0"
SchedRestart="0"
ShutUnsolvableWells="1"
SolveWelleqInitially="1"
SolverContinueOnConvergenceFailure="0"
SolverGrowthFactor="2"
SolverMaxGrowth="3"
SolverMaxRestarts="10"
SolverMinTimeStep="1e-12"
SolverRestartFactor="0.33"
SolverVerbosity="1"
StrictInnerIterWells="40"
StrictOuterIterWells="6"
TemperatureMax="1e+09"
TemperatureMin="0"
ThreadsPerProcess="1"
TimeStepAfterEventInDays="-1"
TimeStepControl="pid+newtoniteration"
TimeStepControlDecayDampingFactor="1"
TimeStepControlDecayRate="0.75"
TimeStepControlFileName="timesteps"
TimeStepControlGrowthDampingFactor="3.2"
TimeStepControlGrowthRate="1.25"
TimeStepControlTargetIterations="30"
TimeStepControlTargetNewtonIterations="8"
TimeStepControlTolerance="0.1"
TimeStepVerbosity="1"
ToleranceCnvEnergy="0.01"
ToleranceCnvEnergyRelaxed="1"
ToleranceEisenstat="0.5"
ToleranceEnergyBalance="1e-07"
ToleranceEnergyBalanceRelaxed="1e-06"
TolerancePressureMsWells="1000"
ToleranceWellControl="1e-07"
ToleranceWells="0.0001"
UpdateEquationsScaling="0"
UseAverageDensityMsWells="0"
UseBestPath="0"
UseEisenstat="0"
UseGmres="0"
UseImplicitIpr="1"
UseMLmethodsTols="0"
UseMultisegmentWell="1"
UseUpdateStabilization="1"
VtkWriteAverageMolarMasses="0"
VtkWriteDensities="1"
VtkWriteDiffusionCoefficients="0"
VtkWriteDofIndex="0"
VtkWriteEffectiveDiffusionCoefficients="0"
VtkWriteExtrusionFactor="0"
VtkWriteFilterVelocities="0"
VtkWriteFugacities="0"
VtkWriteFugacityCoeffs="0"
VtkWriteGasDissolutionFactor="0"
VtkWriteGasFormationVolumeFactor="0"
VtkWriteGasSaturationPressure="0"
VtkWriteIntrinsicPermeabilities="0"
VtkWriteMassFractions="0"
VtkWriteMobilities="0"
VtkWriteMolarities="0"
VtkWriteMoleFractions="1"
VtkWriteOilFormationVolumeFactor="0"
VtkWriteOilSaturationPressure="0"
VtkWriteOilVaporizationFactor="0"
VtkWritePorosity="1"
VtkWritePotentialGradients="0"
VtkWritePressures="1"
VtkWritePrimaryVars="0"
VtkWritePrimaryVarsMeaning="0"
VtkWriteProcessRank="0"
VtkWriteRelativePermeabilities="1"
VtkWriteSaturatedGasOilVaporizationFactor="0"
VtkWriteSaturatedOilGasDissolutionFactor="0"
VtkWriteSaturationRatios="0"
VtkWriteSaturations="1"
VtkWriteTemperature="1"
VtkWriteTortuosities="0"
VtkWriteTotalMassFractions="0"
VtkWriteTotalMoleFractions="0"
VtkWriteTracerConcentration="0"
VtkWriteViscosities="0"
VtkWriteWaterFormationVolumeFactor="0"
WaterOnlyThreshold="1"

Reading deck file 'SPE11B.data'
    0 Reading RUNSPEC  in SPE11B.DATA line 4
    1 Reading DIMENS   in SPE11B.DATA line 6
    2 Reading EQLDIMS  in SPE11B.DATA line 9
    3 Reading TABDIMS  in SPE11B.DATA line 12
    4 Reading WATER    in SPE11B.DATA line 15
    5 Reading GAS      in SPE11B.DATA line 16
    6 Reading CO2STORE in SPE11B.DATA line 17
    7 Reading DISGASW  in SPE11B.DATA line 18
    8 Reading VAPWAT   in SPE11B.DATA line 19
    9 Reading DIFFUSE  in SPE11B.DATA line 20
   10 Reading THERMAL  in SPE11B.DATA line 22
   11 Reading METRIC   in SPE11B.DATA line 24
   12 Reading START    in SPE11B.DATA line 26
   13 Reading UNIFOUT  in SPE11B.DATA line 30
   14 Reading GRID     in SPE11B.DATA line 32
   15 Reading INIT     in SPE11B.DATA line 34
   16 Reading DX       in /Users/macbookn/hackatonwork/opm-tests/spe11b/DX.INC line 3
   17 Reading DY       in SPE11B.DATA line 37
   18 Reading DZ       in SPE11B.DATA line 39
   19 Reading TOPS     in SPE11B.DATA line 41
   20 Reading PERMX    in /Users/macbookn/hackatonwork/opm-tests/spe11b/PERMX.INC line 3
   21 Reading COPY     in SPE11B.DATA line 47
   22 Reading MULTIPLY in SPE11B.DATA line 52
   23 Reading PORO     in /Users/macbookn/hackatonwork/opm-tests/spe11b/PORO.INC line 3
   24 Reading THCONR   in /Users/macbookn/hackatonwork/opm-tests/spe11b/THCONR.INC line 3
   25 Reading BCCON    in SPE11B.DATA line 62
   26 Reading DISPERC  in /Users/macbookn/hackatonwork/opm-tests/spe11b/DISPERC.INC line 3
   27 Reading EDIT     in SPE11B.DATA line 70
   28 Reading EQUALS   in /Users/macbookn/hackatonwork/opm-tests/spe11b/PVBOUNDARIES.INC line 3
   29 Reading PROPS    in SPE11B.DATA line 75
   30 Reading SGWFN    in /Users/macbookn/hackatonwork/opm-tests/spe11b/TABLES.INC line 3
   31 Reading DIFFAWAT in SPE11B.DATA line 80
   32 Reading DIFFAGAS in SPE11B.DATA line 82
   33 Reading SPECROCK in SPE11B.DATA line 85
   34 Reading THCO2MIX in SPE11B.DATA line 102
   35 Reading REGIONS  in SPE11B.DATA line 105
   36 Reading SATNUM   in /Users/macbookn/hackatonwork/opm-tests/spe11b/SATNUM.INC line 3
   37 Reading FIPNUM   in /Users/macbookn/hackatonwork/opm-tests/spe11b/FIPNUM.INC line 3
   38 Reading SOLUTION in SPE11B.DATA line 113
   39 Reading EQUIL    in SPE11B.DATA line 115
   40 Reading RPTRST   in SPE11B.DATA line 118
   41 Reading RTEMPVD  in SPE11B.DATA line 122
   42 Reading SUMMARY  in SPE11B.DATA line 127
   43 Reading PERFORMA in SPE11B.DATA line 129
   44 Reading FGIP     in SPE11B.DATA line 130
   45 Reading FGIR     in SPE11B.DATA line 131
   46 Reading FGIT     in SPE11B.DATA line 132
   47 Reading FGIPL    in SPE11B.DATA line 134
   48 Reading FGIPG    in SPE11B.DATA line 135
   49 Reading RGKDI    in SPE11B.DATA line 137
   50 Reading RGKDM    in SPE11B.DATA line 139
   51 Reading RGIP     in SPE11B.DATA line 141
   52 Reading RWCD     in SPE11B.DATA line 143
   53 Reading WBHP     in SPE11B.DATA line 145
   54 Reading WGIR     in SPE11B.DATA line 147
   55 Reading WGIT     in SPE11B.DATA line 149
   56 Reading BWPR     in SPE11B.DATA line 151
   57 Reading SCHEDULE in SPE11B.DATA line 156
   58 Reading RPTRST   in SPE11B.DATA line 158
   59 Reading BCPROP   in SPE11B.DATA line 162
   60 Reading TUNING   in SPE11B.DATA line 168
   61 Reading SOURCE   in SPE11B.DATA line 172
   62 Reading TSTEP    in SPE11B.DATA line 176
   63 Reading TUNING   in SPE11B.DATA line 179
   64 Reading SOURCE   in SPE11B.DATA line 183
   65 Reading TSTEP    in SPE11B.DATA line 187
   66 Reading TUNING   in SPE11B.DATA line 190
   67 Reading SOURCE   in SPE11B.DATA line 194
   68 Reading TSTEP    in SPE11B.DATA line 198
   69 Reading TUNING   in SPE11B.DATA line 201
   70 Reading SOURCE   in SPE11B.DATA line 205
   71 Reading TSTEP    in SPE11B.DATA line 209
   72 Reading TUNING   in SPE11B.DATA line 212
   73 Reading SOURCE   in SPE11B.DATA line 216
   74 Reading TSTEP    in SPE11B.DATA line 220
The CO2 storage option is given. PVT properties from the Brine-CO2 system is used
See the OPM manual for details on the used models.

Creating grid from keywords DX, DY, DZ and TOPS
3 fluid phases are active

Processing dynamic information from
SPE11B.DATA line 156
Initializing report step 0/17 at 2025-01-01 0 DAYS line 156
Processing keyword RPTRST at line 158
Processing keyword BCPROP at line 162
Processing keyword TUNING at line 168
Processing keyword SOURCE at line 172
Complete report step 1 (364963.5 DAYS) at 3024-03-28 (0 DAYS)

Initializing report step 2/17 at 3024-03-28 (0 DAYS) line 176
Processing keyword TUNING at line 179
Processing keyword SOURCE at line 183
Complete report step 2 (36.5 DAYS) at 3024-05-04 (364963.5 DAYS)

Initializing report step 3/17 at 3024-05-04 (364963.5 DAYS) line 187
Processing keyword TUNING at line 190
Processing keyword SOURCE at line 194
Complete report step 3 (1825 DAYS) at 3029-05-03 (365000 DAYS)

Initializing report step 4/17 at 3029-05-03 (365000 DAYS) line 198
Complete report step 4 (1825 DAYS) at 3034-05-02 (366825 DAYS)

Initializing report step 5/17 at 3034-05-02 (366825 DAYS) line 198
Complete report step 5 (1825 DAYS) at 3039-05-01 (368650 DAYS)
Report limit reached, see PRT-file for remaining Schedule initialization.

Initializing report step 6/17 at 3039-05-01 (368650 DAYS) line 198
Complete report step 6 (1825 DAYS) at 3044-04-29 (370475 DAYS)

Initializing report step 7/17 at 3044-04-29 (370475 DAYS) line 198
Complete report step 7 (1825 DAYS) at 3049-04-28 (372300 DAYS)

Initializing report step 8/17 at 3049-04-28 (372300 DAYS) line 198
Processing keyword TUNING at line 201
Processing keyword SOURCE at line 205
Complete report step 8 (1825 DAYS) at 3054-04-27 (374125 DAYS)

Initializing report step 9/17 at 3054-04-27 (374125 DAYS) line 209
Complete report step 9 (1825 DAYS) at 3059-04-26 (375950 DAYS)

Initializing report step 10/17 at 3059-04-26 (375950 DAYS) line 209
Complete report step 10 (1825 DAYS) at 3064-04-24 (377775 DAYS)

Initializing report step 11/17 at 3064-04-24 (377775 DAYS) line 209
Complete report step 11 (1825 DAYS) at 3069-04-23 (379600 DAYS)

Initializing report step 12/17 at 3069-04-23 (379600 DAYS) line 209
Complete report step 12 (1825 DAYS) at 3074-04-22 (381425 DAYS)

Initializing report step 13/17 at 3074-04-22 (381425 DAYS) line 209
Processing keyword TUNING at line 212
Processing keyword SOURCE at line 216
Complete report step 13 (1825 DAYS) at 3079-04-21 (383250 DAYS)

Initializing report step 14/17 at 3079-04-21 (383250 DAYS) line 220
Complete report step 14 (1825 DAYS) at 3084-04-19 (385075 DAYS)

Initializing report step 15/17 at 3084-04-19 (385075 DAYS) line 220
Complete report step 15 (1825 DAYS) at 3089-04-18 (386900 DAYS)

Initializing report step 16/17 at 3089-04-18 (386900 DAYS) line 220
Complete report step 16 (1825 DAYS) at 3094-04-17 (388725 DAYS)

Initializing report step 17/17 at 3094-04-17 (388725 DAYS) line 220
Complete report step 17 (1825 DAYS) at 3099-04-16 (390550 DAYS)


Processing grid
2 pinch-out connections generated
Total number of active cells: 101040 / total pore volume: 20437486 RM3
Property tree for linear solvers:
{
    "maxiter": "20",
    "tol": "0.00025000000000000001",
    "verbosity": "0",
    "solver": "bicgstab",
    "preconditioner": {
        "type": "cprw",
        "use_well_weights": "false",
        "add_wells": "true",
        "weight_type": "trueimpes",
        "finesmoother": {
            "type": "ParOverILU0",
            "relaxation": "1"
        },
        "verbosity": "0",
        "coarsesolver": {
            "maxiter": "1",
            "tol": "0.10000000000000001",
            "solver": "loopsolver",
            "verbosity": "0",
            "preconditioner": {
                "type": "amg",
                "alpha": "0.33333333333300003",
                "relaxation": "1",
                "iterations": "1",
                "coarsenTarget": "1200",
                "pre_smooth": "1",
                "post_smooth": "1",
                "beta": "0",
                "smoother": "ILU0",
                "verbosity": "0",
                "maxlevel": "15",
                "skip_isolated": "0",
                "accumulate": "1",
                "prolongationdamping": "1",
                "maxdistance": "2",
                "maxconnectivity": "15",
                "maxaggsize": "6",
                "minaggsize": "4"
            }
        }
    }
}


===============Saturation Functions Diagnostics===============

System:  Water-Gas system.
Relative permeability input format: Saturation Family II.
Number of saturation regions: 7


Warning: Dispersion is activated in combination with VAPWAT/VAPOIL. 
Water/oil is still allowed to vaporize, but dispersion in the gas phase is ignored.
CO2STORE/CO2SOL is enabled. 
 The surface density of CO2 is  1.868433kg/m3 
 The surface density of Brine is  998.107723kg/m3
 The surface densities are computed using the reference pressure ( 101325.000000Pa) and the reference temperature (288.710000K).

Warning: No explicit RVWVD table is given for EQUIL region 1. 
and datum depth is not at the gas-water-contact. 
Rvw is set to 0.0 in all cells. 



================ Starting main simulation loop ===============


Report step  0/17 at day 0/392375, date = 01-Jan-2025
Using Newton nonlinear solver.

Starting time step 0, stepsize 3650 days, at day 0/364964, date = 01-Jan-2025

Warning: Full linear solver tolerance not achieved. The reduction is:0.00366893 after 20 iterations 
 Newton its= 2, linearizations= 3 (0.8sec), linear its= 26 (1.3sec)

Starting time step 1, stepsize 3650 days, at day 3650/364964, date = 30-Dec-2034
 Newton its= 1, linearizations= 2 (0.3sec), linear its=  9 (0.4sec)

Starting time step 2, stepsize 3650 days, at day 7300/364964, date = 27-Dec-2044
 Newton its= 1, linearizations= 2 (0.3sec), linear its=  8 (0.5sec)

Starting time step 3, stepsize 3650 days, at day 10950/364964, date = 25-Dec-2054
 Newton its= 1, linearizations= 2 (0.3sec), linear its=  8 (0.5sec)

Starting time step 4, stepsize 3650 days, at day 14600/364964, date = 22-Dec-2064
 Newton its= 1, linearizations= 2 (0.2sec), linear its=  8 (0.5sec)

Starting time step 5, stepsize 3650 days, at day 18250/364964, date = 20-Dec-2074

Warning: Full linear solver tolerance not achieved. The reduction is:0.00128163 after 20 iterations 
 Newton its= 2, linearizations= 3 (0.4sec), linear its= 28 (1.4sec)

Starting time step 6, stepsize 3650 days, at day 21900/364964, date = 17-Dec-2084

Warning: Full linear solver tolerance not achieved. The reduction is:0.00095786 after 20 iterations 
 Newton its= 2, linearizations= 3 (0.4sec), linear its= 28 (1.3sec)

Starting time step 7, stepsize 3650 days, at day 25550/364964, date = 15-Dec-2094

Warning: Full linear solver tolerance not achieved. The reduction is:0.000962504 after 20 iterations 
 Newton its= 2, linearizations= 3 (0.4sec), linear its= 28 (1.3sec)

Starting time step 8, stepsize 3650 days, at day 29200/364964, date = 13-Dec-2104

Warning: Full linear solver tolerance not achieved. The reduction is:0.000995907 after 20 iterations 
 Newton its= 2, linearizations= 3 (0.4sec), linear its= 28 (1.3sec)

Starting time step 9, stepsize 3650 days, at day 32850/364964, date = 11-Dec-2114

Warning: Full linear solver tolerance not achieved. The reduction is:0.00071435 after 20 iterations 
 Newton its= 2, linearizations= 3 (0.4sec), linear its= 28 (1.3sec)

Starting time step 10, stepsize 3650 days, at day 36500/364964, date = 08-Dec-2124
 Newton its= 1, linearizations= 2 (0.3sec), linear its=  8 (0.5sec)

Starting time step 11, stepsize 3650 days, at day 40150/364964, date = 06-Dec-2134

Warning: Full linear solver tolerance not achieved. The reduction is:0.000850196 after 20 iterations 
 Newton its= 2, linearizations= 3 (0.4sec), linear its= 29 (1.3sec)

Starting time step 12, stepsize 3650 days, at day 43800/364964, date = 03-Dec-2144

Warning: Full linear solver tolerance not achieved. The reduction is:0.00127453 after 20 iterations 
 Newton its= 2, linearizations= 3 (0.4sec), linear its= 29 (1.4sec)

Starting time step 13, stepsize 3650 days, at day 47450/364964, date = 01-Dec-2154

Warning: Full linear solver tolerance not achieved. The reduction is:0.000750509 after 20 iterations 
 Newton its= 2, linearizations= 3 (0.4sec), linear its= 29 (1.4sec)

Starting time step 14, stepsize 3650 days, at day 51100/364964, date = 28-Nov-2164

Warning: Full linear solver tolerance not achieved. The reduction is:0.00108618 after 20 iterations 
 Newton its= 2, linearizations= 3 (0.4sec), linear its= 29 (1.3sec)

Starting time step 15, stepsize 3650 days, at day 54750/364964, date = 26-Nov-2174

Warning: Full linear solver tolerance not achieved. The reduction is:0.0010748 after 20 iterations 
 Newton its= 2, linearizations= 3 (0.4sec), linear its= 29 (1.3sec)

Starting time step 16, stepsize 3650 days, at day 58400/364964, date = 23-Nov-2184

Warning: Full linear solver tolerance not achieved. The reduction is:0.000868995 after 20 iterations 
 Newton its= 2, linearizations= 3 (0.4sec), linear its= 29 (1.4sec)

Starting time step 17, stepsize 3650 days, at day 62050/364964, date = 21-Nov-2194
 Newton its= 1, linearizations= 2 (0.3sec), linear its=  9 (0.5sec)

Starting time step 18, stepsize 3650 days, at day 65700/364964, date = 19-Nov-2204
 Newton its= 1, linearizations= 2 (0.2sec), linear its=  9 (0.7sec)

Starting time step 19, stepsize 3650 days, at day 69350/364964, date = 17-Nov-2214
 Newton its= 1, linearizations= 2 (0.3sec), linear its=  9 (0.5sec)

Starting time step 20, stepsize 3650 days, at day 73000/364964, date = 14-Nov-2224
 Newton its= 1, linearizations= 2 (0.2sec), linear its=  9 (0.5sec)

Starting time step 21, stepsize 3650 days, at day 76650/364964, date = 12-Nov-2234
 Newton its= 1, linearizations= 2 (0.2sec), linear its=  9 (0.5sec)

Starting time step 22, stepsize 3650 days, at day 80300/364964, date = 09-Nov-2244
 Newton its= 1, linearizations= 2 (0.2sec), linear its=  9 (0.5sec)

Starting time step 23, stepsize 3650 days, at day 83950/364964, date = 07-Nov-2254
 Newton its= 1, linearizations= 2 (0.2sec), linear its=  9 (0.5sec)

Starting time step 24, stepsize 3650 days, at day 87600/364964, date = 04-Nov-2264
 Newton its= 1, linearizations= 2 (0.2sec), linear its=  9 (0.5sec)

Starting time step 25, stepsize 3650 days, at day 91250/364964, date = 02-Nov-2274
 Newton its= 1, linearizations= 2 (0.1sec), linear its=  9 (0.5sec)

Starting time step 26, stepsize 3650 days, at day 94900/364964, date = 30-Oct-2284
 Newton its= 1, linearizations= 2 (0.2sec), linear its=  9 (0.5sec)

Starting time step 27, stepsize 3650 days, at day 98550/364964, date = 28-Oct-2294
 Newton its= 1, linearizations= 2 (0.2sec), linear its=  9 (0.5sec)

Starting time step 28, stepsize 3650 days, at day 102200/364964, date = 26-Oct-2304
 Newton its= 1, linearizations= 2 (0.2sec), linear its=  9 (0.5sec)

Starting time step 29, stepsize 3650 days, at day 105850/364964, date = 24-Oct-2314
 Newton its= 1, linearizations= 2 (0.2sec), linear its=  9 (0.5sec)

Starting time step 30, stepsize 3650 days, at day 109500/364964, date = 21-Oct-2324
 Newton its= 1, linearizations= 2 (0.2sec), linear its=  9 (0.5sec)

Starting time step 31, stepsize 3650 days, at day 113150/364964, date = 19-Oct-2334
 Newton its= 1, linearizations= 2 (0.2sec), linear its=  9 (0.5sec)

Starting time step 32, stepsize 3650 days, at day 116800/364964, date = 16-Oct-2344
 Newton its= 1, linearizations= 2 (0.2sec), linear its=  9 (0.5sec)

Starting time step 33, stepsize 3650 days, at day 120450/364964, date = 14-Oct-2354
 Newton its= 1, linearizations= 2 (0.2sec), linear its=  9 (0.6sec)

Starting time step 34, stepsize 3650 days, at day 124100/364964, date = 11-Oct-2364
 Newton its= 1, linearizations= 2 (0.3sec), linear its=  9 (0.5sec)

Starting time step 35, stepsize 3650 days, at day 127750/364964, date = 09-Oct-2374
 Newton its= 1, linearizations= 2 (0.3sec), linear its=  9 (0.5sec)

Starting time step 36, stepsize 3650 days, at day 131400/364964, date = 06-Oct-2384
 Newton its= 1, linearizations= 2 (0.2sec), linear its=  9 (0.5sec)

Starting time step 37, stepsize 3650 days, at day 135050/364964, date = 04-Oct-2394
 Newton its= 1, linearizations= 2 (0.2sec), linear its=  9 (0.5sec)

Starting time step 38, stepsize 3650 days, at day 138700/364964, date = 01-Oct-2404
 Newton its= 1, linearizations= 2 (0.2sec), linear its=  9 (0.5sec)

Starting time step 39, stepsize 3650 days, at day 142350/364964, date = 29-Sep-2414
 Newton its= 1, linearizations= 2 (0.3sec), linear its=  9 (0.4sec)

Starting time step 40, stepsize 3650 days, at day 146000/364964, date = 26-Sep-2424
 Newton its= 1, linearizations= 2 (0.3sec), linear its=  9 (0.5sec)

Starting time step 41, stepsize 3650 days, at day 149650/364964, date = 24-Sep-2434
 Newton its= 1, linearizations= 2 (0.2sec), linear its=  9 (0.5sec)

Starting time step 42, stepsize 3650 days, at day 153300/364964, date = 21-Sep-2444
 Newton its= 1, linearizations= 2 (0.2sec), linear its=  9 (0.5sec)

Starting time step 43, stepsize 3650 days, at day 156950/364964, date = 19-Sep-2454
 Newton its= 1, linearizations= 2 (0.1sec), linear its=  9 (0.5sec)

Starting time step 44, stepsize 3650 days, at day 160600/364964, date = 16-Sep-2464
 Newton its= 1, linearizations= 2 (0.2sec), linear its=  9 (0.4sec)

Starting time step 45, stepsize 3650 days, at day 164250/364964, date = 14-Sep-2474
 Newton its= 1, linearizations= 2 (0.2sec), linear its=  9 (0.5sec)

Starting time step 46, stepsize 3650 days, at day 167900/364964, date = 11-Sep-2484
 Newton its= 1, linearizations= 2 (0.2sec), linear its=  9 (0.4sec)

Starting time step 47, stepsize 3650 days, at day 171550/364964, date = 09-Sep-2494
 Newton its= 1, linearizations= 2 (0.1sec), linear its=  8 (0.4sec)

Starting time step 48, stepsize 3650 days, at day 175200/364964, date = 07-Sep-2504
 Newton its= 1, linearizations= 2 (0.2sec), linear its=  9 (0.6sec)

Starting time step 49, stepsize 3650 days, at day 178850/364964, date = 05-Sep-2514
 Newton its= 1, linearizations= 2 (0.2sec), linear its=  8 (0.4sec)

Starting time step 50, stepsize 3650 days, at day 182500/364964, date = 02-Sep-2524
 Newton its= 1, linearizations= 2 (0.1sec), linear its=  9 (0.5sec)

Starting time step 51, stepsize 3650 days, at day 186150/364964, date = 31-Aug-2534

Warning: Full linear solver tolerance not achieved. The reduction is:0.000374152 after 20 iterations 
 Newton its= 2, linearizations= 3 (0.3sec), linear its= 28 (1.4sec)

Starting time step 52, stepsize 3650 days, at day 189800/364964, date = 28-Aug-2544

Warning: Full linear solver tolerance not achieved. The reduction is:0.000491543 after 20 iterations 
 Newton its= 2, linearizations= 3 (0.3sec), linear its= 28 (1.4sec)

Starting time step 53, stepsize 3650 days, at day 193450/364964, date = 26-Aug-2554

Warning: Full linear solver tolerance not achieved. The reduction is:0.000448108 after 20 iterations 
 Newton its= 2, linearizations= 3 (0.4sec), linear its= 28 (1.4sec)

Starting time step 54, stepsize 3650 days, at day 197100/364964, date = 23-Aug-2564

Warning: Full linear solver tolerance not achieved. The reduction is:0.000999286 after 20 iterations 
 Newton its= 2, linearizations= 3 (0.5sec), linear its= 28 (1.4sec)

Starting time step 55, stepsize 3650 days, at day 200750/364964, date = 21-Aug-2574

Warning: Full linear solver tolerance not achieved. The reduction is:0.000860442 after 20 iterations 
 Newton its= 2, linearizations= 3 (0.5sec), linear its= 28 (1.5sec)

Starting time step 56, stepsize 3650 days, at day 204400/364964, date = 18-Aug-2584

Warning: Full linear solver tolerance not achieved. The reduction is:0.00140316 after 20 iterations 
 Newton its= 2, linearizations= 3 (0.4sec), linear its= 28 (1.3sec)

Starting time step 57, stepsize 3650 days, at day 208050/364964, date = 16-Aug-2594

Warning: Full linear solver tolerance not achieved. The reduction is:0.000739283 after 20 iterations 
 Newton its= 2, linearizations= 3 (0.5sec), linear its= 28 (1.4sec)

Starting time step 58, stepsize 3650 days, at day 211700/364964, date = 14-Aug-2604

Warning: Full linear solver tolerance not achieved. The reduction is:0.00150647 after 20 iterations 
 Newton its= 2, linearizations= 3 (0.5sec), linear its= 28 (1.4sec)

Starting time step 59, stepsize 3650 days, at day 215350/364964, date = 12-Aug-2614

Warning: Full linear solver tolerance not achieved. The reduction is:0.00128862 after 20 iterations 
 Newton its= 2, linearizations= 3 (0.4sec), linear its= 28 (1.4sec)

Starting time step 60, stepsize 3650 days, at day 219000/364964, date = 09-Aug-2624

Warning: Full linear solver tolerance not achieved. The reduction is:0.000574784 after 20 iterations 
 Newton its= 2, linearizations= 3 (0.5sec), linear its= 28 (1.4sec)

Starting time step 61, stepsize 3650 days, at day 222650/364964, date = 07-Aug-2634

Warning: Full linear solver tolerance not achieved. The reduction is:0.000463714 after 20 iterations 
 Newton its= 2, linearizations= 3 (0.4sec), linear its= 28 (1.4sec)

Starting time step 62, stepsize 3650 days, at day 226300/364964, date = 04-Aug-2644
 Newton its= 1, linearizations= 2 (0.2sec), linear its=  9 (0.6sec)

Starting time step 63, stepsize 3650 days, at day 229950/364964, date = 02-Aug-2654
 Newton its= 1, linearizations= 2 (0.2sec), linear its=  9 (0.5sec)

Starting time step 64, stepsize 3650 days, at day 233600/364964, date = 30-Jul-2664
 Newton its= 1, linearizations= 2 (0.3sec), linear its=  9 (0.5sec)

Starting time step 65, stepsize 3650 days, at day 237250/364964, date = 28-Jul-2674
 Newton its= 1, linearizations= 2 (0.4sec), linear its=  9 (0.5sec)

Starting time step 66, stepsize 3650 days, at day 240900/364964, date = 25-Jul-2684
 Newton its= 1, linearizations= 2 (0.2sec), linear its=  9 (0.5sec)

Starting time step 67, stepsize 3650 days, at day 244550/364964, date = 23-Jul-2694
 Newton its= 1, linearizations= 2 (0.3sec), linear its=  9 (0.6sec)

Starting time step 68, stepsize 3650 days, at day 248200/364964, date = 21-Jul-2704
 Newton its= 1, linearizations= 2 (0.3sec), linear its=  8 (0.5sec)

Starting time step 69, stepsize 3650 days, at day 251850/364964, date = 19-Jul-2714
 Newton its= 1, linearizations= 2 (0.3sec), linear its=  9 (0.5sec)

Starting time step 70, stepsize 3650 days, at day 255500/364964, date = 16-Jul-2724
 Newton its= 1, linearizations= 2 (0.2sec), linear its=  9 (0.5sec)

Starting time step 71, stepsize 3650 days, at day 259150/364964, date = 14-Jul-2734
 Newton its= 1, linearizations= 2 (0.3sec), linear its=  9 (0.5sec)

Starting time step 72, stepsize 3650 days, at day 262800/364964, date = 11-Jul-2744
 Newton its= 1, linearizations= 2 (0.2sec), linear its=  9 (0.5sec)

Starting time step 73, stepsize 3650 days, at day 266450/364964, date = 09-Jul-2754
 Newton its= 1, linearizations= 2 (0.3sec), linear its=  9 (0.6sec)

Starting time step 74, stepsize 3650 days, at day 270100/364964, date = 06-Jul-2764
 Newton its= 1, linearizations= 2 (0.3sec), linear its=  9 (0.5sec)

Starting time step 75, stepsize 3650 days, at day 273750/364964, date = 04-Jul-2774
 Newton its= 1, linearizations= 2 (0.2sec), linear its= 11 (0.6sec)

Starting time step 76, stepsize 3650 days, at day 277400/364964, date = 01-Jul-2784
 Newton its= 1, linearizations= 2 (0.2sec), linear its=  8 (0.5sec)

Starting time step 77, stepsize 3650 days, at day 281050/364964, date = 29-Jun-2794
 Newton its= 1, linearizations= 2 (0.2sec), linear its=  9 (0.5sec)

Starting time step 78, stepsize 3650 days, at day 284700/364964, date = 26-Jun-2804
 Newton its= 1, linearizations= 2 (0.2sec), linear its=  9 (0.6sec)

Starting time step 79, stepsize 3650 days, at day 288350/364964, date = 24-Jun-2814
 Newton its= 1, linearizations= 2 (0.2sec), linear its= 11 (0.5sec)

Starting time step 80, stepsize 3650 days, at day 292000/364964, date = 21-Jun-2824
 Newton its= 1, linearizations= 2 (0.2sec), linear its= 10 (0.5sec)

Starting time step 81, stepsize 3650 days, at day 295650/364964, date = 19-Jun-2834
 Newton its= 1, linearizations= 2 (0.2sec), linear its=  8 (0.4sec)

Starting time step 82, stepsize 3650 days, at day 299300/364964, date = 16-Jun-2844
 Newton its= 1, linearizations= 2 (0.2sec), linear its=  9 (0.6sec)

Starting time step 83, stepsize 3650 days, at day 302950/364964, date = 14-Jun-2854
 Newton its= 1, linearizations= 2 (0.2sec), linear its=  8 (0.5sec)

Starting time step 84, stepsize 3650 days, at day 306600/364964, date = 11-Jun-2864
 Newton its= 1, linearizations= 2 (0.1sec), linear its=  9 (0.5sec)

Starting time step 85, stepsize 3650 days, at day 310250/364964, date = 09-Jun-2874
 Newton its= 1, linearizations= 2 (0.2sec), linear its= 11 (0.5sec)

Starting time step 86, stepsize 3650 days, at day 313900/364964, date = 06-Jun-2884
 Newton its= 1, linearizations= 2 (0.2sec), linear its=  8 (0.4sec)

Starting time step 87, stepsize 3650 days, at day 317550/364964, date = 04-Jun-2894
 Newton its= 1, linearizations= 2 (0.3sec), linear its= 11 (0.7sec)

Starting time step 88, stepsize 3650 days, at day 321200/364964, date = 02-Jun-2904
 Newton its= 1, linearizations= 2 (0.3sec), linear its=  8 (0.5sec)

Starting time step 89, stepsize 3650 days, at day 324850/364964, date = 31-May-2914
 Newton its= 1, linearizations= 2 (0.3sec), linear its=  8 (0.5sec)

Starting time step 90, stepsize 3650 days, at day 328500/364964, date = 28-May-2924
 Newton its= 1, linearizations= 2 (0.2sec), linear its= 11 (0.6sec)

Starting time step 91, stepsize 3650 days, at day 332150/364964, date = 26-May-2934
 Newton its= 1, linearizations= 2 (0.3sec), linear its=  7 (0.4sec)

Starting time step 92, stepsize 3650 days, at day 335800/364964, date = 23-May-2944
 Newton its= 1, linearizations= 2 (0.3sec), linear its=  8 (0.4sec)

Starting time step 93, stepsize 3650 days, at day 339450/364964, date = 21-May-2954
 Newton its= 1, linearizations= 2 (0.2sec), linear its=  8 (0.4sec)

Starting time step 94, stepsize 3650 days, at day 343100/364964, date = 18-May-2964
 Newton its= 1, linearizations= 2 (0.2sec), linear its=  8 (0.4sec)

Starting time step 95, stepsize 3650 days, at day 346750/364964, date = 16-May-2974
 Newton its= 1, linearizations= 2 (0.2sec), linear its=  8 (0.4sec)

Starting time step 96, stepsize 3650 days, at day 350400/364964, date = 13-May-2984
 Newton its= 1, linearizations= 2 (0.2sec), linear its=  8 (0.4sec)

Starting time step 97, stepsize 3650 days, at day 354050/364964, date = 11-May-2994
 Newton its= 1, linearizations= 2 (0.3sec), linear its=  8 (0.5sec)

Starting time step 98, stepsize 3650 days, at day 357700/364964, date = 09-May-3004
 Newton its= 1, linearizations= 2 (0.3sec), linear its=  8 (0.5sec)

Starting time step 99, stepsize 3613.5 days, at day 361350/364964, date = 07-May-3014
 Newton its= 1, linearizations= 2 (0.2sec), linear its=  8 (0.5sec)

Report step  1/17 at day 364964/392375, date = 28-Mar-3024

Starting time step 0, stepsize 36.5 days, at day 364964/365000, date = 28-Mar-3024
 Newton its= 1, linearizations= 2 (0.3sec), linear its=  3 (0.3sec)

Report step  2/17 at day 365000/392375, date = 04-May-3024

Starting time step 0, stepsize 1825 days, at day 365000/366825, date = 04-May-3024

Warning: Full linear solver tolerance not achieved. The reduction is:0.00749017 after 20 iterations 

Warning: Full linear solver tolerance not achieved. The reduction is:0.00203873 after 20 iterations 

Warning: Full linear solver tolerance not achieved. The reduction is:0.00217348 after 20 iterations 

Problem: Solver convergence failure - Numerical problem encountered
Timestep chopped to 602.250000 days


Starting time step 0, stepsize 602.25 days, at day 365000/366825, date = 04-May-3024

Warning: Full linear solver tolerance not achieved. The reduction is:0.00150293 after 20 iterations 

Problem: Solver convergence failure - Numerical problem encountered
Timestep chopped to 198.742500 days


Starting time step 0, stepsize 198.743 days, at day 365000/366825, date = 04-May-3024

Problem: Solver convergence failure - Numerical problem encountered
Timestep chopped to 65.585025 days


Starting time step 0, stepsize 65.585 days, at day 365000/366825, date = 04-May-3024

Warning: Full linear solver tolerance not achieved. The reduction is:0.00533103 after 20 iterations 

Problem: Solver convergence failure - Iteration limit reached
Timestep chopped to 21.643058 days


Starting time step 0, stepsize 21.6431 days, at day 365000/366825, date = 04-May-3024
 Newton its= 9, linearizations=10 (1.6sec), linear its= 25 (2.3sec)

Starting time step 1, stepsize 19.2383 days, at day 365022/366825, date = 25-May-3024
 Newton its= 4, linearizations= 5 (0.9sec), linear its= 17 (1.2sec)

Starting time step 2, stepsize 50.0195 days, at day 365041/366825, date = 13-Jun-3024
 Newton its= 6, linearizations= 7 (1.1sec), linear its= 17 (1.6sec)

Starting time step 3, stepsize 90.0351 days, at day 365091/366825, date = 02-Aug-3024
 Newton its= 8, linearizations= 9 (1.4sec), linear its= 32 (2.4sec)

Starting time step 4, stepsize 90.0351 days, at day 365181/366825, date = 31-Oct-3024
 Newton its= 7, linearizations= 8 (1.2sec), linear its= 31 (2.5sec)

Starting time step 5, stepsize 126.049 days, at day 365271/366825, date = 29-Jan-3025
    Oscillating behavior detected: Relaxation set to 0.900000
 Newton its= 9, linearizations=10 (1.4sec), linear its= 56 (3.5sec)

Starting time step 6, stepsize 112.044 days, at day 365397/366825, date = 05-Jun-3025
 Newton its= 8, linearizations= 9 (1.5sec), linear its= 50 (3.2sec)

Starting time step 7, stepsize 112.044 days, at day 365509/366825, date = 25-Sep-3025
 Newton its= 6, linearizations= 7 (1.1sec), linear its= 26 (1.8sec)

Starting time step 8, stepsize 201.679 days, at day 365621/366825, date = 15-Jan-3026
    Oscillating behavior detected: Relaxation set to 0.900000
 Newton its=20, linearizations=21 (3.5sec), linear its=119 (7.8sec)

Starting time step 9, stepsize 80.6715 days, at day 365823/366825, date = 04-Aug-3026
 Newton its= 8, linearizations= 9 (1.5sec), linear its= 40 (2.8sec)

Starting time step 10, stepsize 80.6715 days, at day 365903/366825, date = 24-Oct-3026
 Newton its= 9, linearizations=10 (2.2sec), linear its= 51 (3.5sec)

Starting time step 11, stepsize 71.708 days, at day 365984/366825, date = 13-Jan-3027
 Newton its= 8, linearizations= 9 (1.6sec), linear its= 43 (2.8sec)

Starting time step 12, stepsize 71.708 days, at day 366056/366825, date = 25-Mar-3027
 Newton its= 8, linearizations= 9 (1.9sec), linear its= 44 (2.8sec)

Starting time step 13, stepsize 71.708 days, at day 366128/366825, date = 05-Jun-3027
 Newton its= 8, linearizations= 9 (2.1sec), linear its= 46 (3.2sec)

Starting time step 14, stepsize 71.708 days, at day 366199/366825, date = 16-Aug-3027
 Newton its= 8, linearizations= 9 (2.3sec), linear its= 42 (3.6sec)

Starting time step 15, stepsize 71.708 days, at day 366271/366825, date = 26-Oct-3027
    Oscillating behavior detected: Relaxation set to 0.900000
 Newton its= 6, linearizations= 7 (2.0sec), linear its= 36 (2.9sec)

Starting time step 16, stepsize 129.074 days, at day 366343/366825, date = 06-Jan-3028
    Oscillating behavior detected: Relaxation set to 0.900000
    Oscillating behavior detected: Relaxation set to 0.800000
    Oscillating behavior detected: Relaxation set to 0.700000

Problem: Solver convergence failure - Iteration limit reached
Timestep chopped to 42.594536 days


Starting time step 16, stepsize 42.5945 days, at day 366343/366825, date = 06-Jan-3028
 Newton its= 5, linearizations= 6 (0.6sec), linear its= 31 (1.7sec)

Starting time step 17, stepsize 85.1891 days, at day 366385/366825, date = 18-Feb-3028
 Newton its=10, linearizations=11 (1.0sec), linear its= 58 (3.2sec)

Starting time step 18, stepsize 68.1513 days, at day 366470/366825, date = 13-May-3028
 Newton its= 7, linearizations= 8 (0.8sec), linear its= 47 (2.5sec)

Starting time step 19, stepsize 95.4118 days, at day 366539/366825, date = 20-Jul-3028
 Newton its= 7, linearizations= 8 (0.7sec), linear its= 37 (2.1sec)

Starting time step 20, stepsize 95.4921 days, at day 366634/366825, date = 24-Oct-3028
 Newton its= 8, linearizations= 9 (0.9sec), linear its= 48 (2.9sec)

Starting time step 21, stepsize 95.4921 days, at day 366730/366825, date = 27-Jan-3029
 Newton its= 9, linearizations=10 (0.8sec), linear its= 48 (2.6sec)

Report step  3/17 at day 366825/392375, date = 03-May-3029

Starting time step 0, stepsize 1825 days, at day 366825/368650, date = 03-May-3029

Problem: Solver convergence failure - Numerical problem encountered
Timestep chopped to 602.250000 days


Starting time step 0, stepsize 602.25 days, at day 366825/368650, date = 03-May-3029

Problem: Solver convergence failure - Numerical problem encountered
Timestep chopped to 198.742500 days


Starting time step 0, stepsize 198.743 days, at day 366825/368650, date = 03-May-3029
    Oscillating behavior detected: Relaxation set to 0.900000

Problem: Solver convergence failure - Iteration limit reached
Timestep chopped to 65.585025 days


Starting time step 0, stepsize 65.585 days, at day 366825/368650, date = 03-May-3029
 Newton its= 7, linearizations= 8 (0.6sec), linear its= 50 (2.5sec)

Starting time step 1, stepsize 91.819 days, at day 366891/368650, date = 07-Jul-3029
 Newton its= 9, linearizations=10 (0.8sec), linear its= 65 (3.3sec)

Starting time step 2, stepsize 81.6169 days, at day 366982/368650, date = 07-Oct-3029
    Oscillating behavior detected: Relaxation set to 0.900000

Problem: Solver convergence failure - Iteration limit reached
Timestep chopped to 26.933584 days


Starting time step 2, stepsize 26.9336 days, at day 366982/368650, date = 07-Oct-3029
 Newton its= 4, linearizations= 5 (0.4sec), linear its= 29 (1.6sec)

Starting time step 3, stepsize 53.8672 days, at day 367009/368650, date = 03-Nov-3029
 Newton its= 5, linearizations= 6 (0.5sec), linear its= 27 (1.5sec)

Starting time step 4, stepsize 118.508 days, at day 367063/368650, date = 27-Dec-3029

Problem: Solver convergence failure - Numerical problem encountered
Timestep chopped to 39.107563 days


Starting time step 4, stepsize 39.1076 days, at day 367063/368650, date = 27-Dec-3029

Problem: Solver convergence failure - Numerical problem encountered
Timestep chopped to 12.905496 days


Starting time step 4, stepsize 12.9055 days, at day 367063/368650, date = 27-Dec-3029
 Newton its= 3, linearizations= 4 (0.3sec), linear its= 16 (0.9sec)

Starting time step 5, stepsize 25.811 days, at day 367076/368650, date = 09-Jan-3030
 Newton its= 4, linearizations= 5 (0.4sec), linear its= 17 (1.0sec)

Starting time step 6, stepsize 67.1086 days, at day 367102/368650, date = 03-Feb-3030
 Newton its= 9, linearizations=10 (0.8sec), linear its= 71 (3.6sec)

Starting time step 7, stepsize 59.6521 days, at day 367169/368650, date = 12-Apr-3030
 Newton its= 5, linearizations= 6 (0.5sec), linear its= 32 (1.7sec)

Starting time step 8, stepsize 131.235 days, at day 367229/368650, date = 10-Jun-3030

Warning: Full linear solver tolerance not achieved. The reduction is:0.00816762 after 20 iterations 

Warning: Full linear solver tolerance not achieved. The reduction is:0.00809913 after 20 iterations 

Problem: Solver convergence failure - Numerical problem encountered
Timestep chopped to 43.307403 days


Starting time step 8, stepsize 43.3074 days, at day 367229/368650, date = 10-Jun-3030

Problem: Solver convergence failure - Numerical problem encountered
Timestep chopped to 14.291443 days


Starting time step 8, stepsize 14.2914 days, at day 367229/368650, date = 10-Jun-3030
 Newton its= 2, linearizations= 3 (0.2sec), linear its= 10 (0.6sec)

Starting time step 9, stepsize 28.5829 days, at day 367243/368650, date = 24-Jun-3030
 Newton its= 3, linearizations= 4 (0.3sec), linear its= 20 (1.0sec)

Starting time step 10, stepsize 85.7487 days, at day 367272/368650, date = 23-Jul-3030
 Newton its=10, linearizations=11 (0.8sec), linear its= 78 (4.0sec)

Starting time step 11, stepsize 68.5989 days, at day 367357/368650, date = 17-Oct-3030
 Newton its= 7, linearizations= 8 (0.6sec), linear its= 45 (2.3sec)

Starting time step 12, stepsize 96.0385 days, at day 367426/368650, date = 24-Dec-3030

Warning: Full linear solver tolerance not achieved. The reduction is:0.00119792 after 20 iterations 

Problem: Solver convergence failure - Numerical problem encountered
Timestep chopped to 31.692704 days


Starting time step 12, stepsize 31.6927 days, at day 367426/368650, date = 24-Dec-3030

Problem: Solver convergence failure - Numerical problem encountered
Timestep chopped to 10.458592 days


Starting time step 12, stepsize 10.4586 days, at day 367426/368650, date = 24-Dec-3030
 Newton its= 1, linearizations= 2 (0.2sec), linear its=  5 (0.3sec)

Starting time step 13, stepsize 20.9172 days, at day 367436/368650, date = 04-Jan-3031
 Newton its= 2, linearizations= 3 (0.2sec), linear its= 11 (0.6sec)

Starting time step 14, stepsize 62.7516 days, at day 367457/368650, date = 25-Jan-3031
 Newton its= 7, linearizations= 8 (0.6sec), linear its= 51 (2.5sec)

Starting time step 15, stepsize 87.8522 days, at day 367520/368650, date = 29-Mar-3031

Problem: Solver convergence failure - Numerical problem encountered
Timestep chopped to 28.991218 days


Starting time step 15, stepsize 28.9912 days, at day 367520/368650, date = 29-Mar-3031

Problem: Solver convergence failure - Numerical problem encountered
Timestep chopped to 9.567102 days


Starting time step 15, stepsize 9.5671 days, at day 367520/368650, date = 29-Mar-3031
 Newton its= 1, linearizations= 2 (0.1sec), linear its=  4 (0.3sec)

Starting time step 16, stepsize 19.1342 days, at day 367530/368650, date = 07-Apr-3031
 Newton its= 2, linearizations= 3 (0.2sec), linear its= 11 (0.6sec)

Starting time step 17, stepsize 57.4026 days, at day 367549/368650, date = 26-Apr-3031
    Oscillating behavior detected: Relaxation set to 0.900000
 Newton its= 7, linearizations= 8 (0.6sec), linear its= 54 (2.8sec)

Starting time step 18, stepsize 80.3637 days, at day 367606/368650, date = 23-Jun-3031
    Oscillating behavior detected: Relaxation set to 0.900000

Warning: Full linear solver tolerance not achieved. The reduction is:0.000314059 after 20 iterations 

Warning: Full linear solver tolerance not achieved. The reduction is:0.00971529 after 20 iterations 

Problem: Solver convergence failure - Numerical problem encountered
Timestep chopped to 26.520006 days


Starting time step 18, stepsize 26.52 days, at day 367606/368650, date = 23-Jun-3031

Problem: Solver convergence failure - Numerical problem encountered
Timestep chopped to 8.751602 days


Starting time step 18, stepsize 8.7516 days, at day 367606/368650, date = 23-Jun-3031
 Newton its= 1, linearizations= 2 (0.2sec), linear its=  5 (0.3sec)

Starting time step 19, stepsize 17.5032 days, at day 367615/368650, date = 01-Jul-3031
 Newton its= 2, linearizations= 3 (0.2sec), linear its= 13 (0.6sec)

Starting time step 20, stepsize 52.5096 days, at day 367632/368650, date = 19-Jul-3031
 Newton its= 5, linearizations= 6 (0.5sec), linear its= 39 (2.0sec)

Starting time step 21, stepsize 115.521 days, at day 367685/368650, date = 09-Sep-3031

Warning: Full linear solver tolerance not achieved. The reduction is:0.00203825 after 20 iterations 

Problem: Solver convergence failure - Numerical problem encountered
Timestep chopped to 38.121979 days


Starting time step 21, stepsize 38.122 days, at day 367685/368650, date = 09-Sep-3031

Problem: Solver convergence failure - Numerical problem encountered
Timestep chopped to 12.580253 days


Starting time step 21, stepsize 12.5803 days, at day 367685/368650, date = 09-Sep-3031
 Newton its= 2, linearizations= 3 (0.2sec), linear its= 11 (0.7sec)

Starting time step 22, stepsize 25.1605 days, at day 367697/368650, date = 22-Sep-3031
 Newton its= 3, linearizations= 4 (0.3sec), linear its= 21 (1.1sec)

Starting time step 23, stepsize 75.4815 days, at day 367723/368650, date = 17-Oct-3031

Problem: Solver convergence failure - Iteration limit reached
Timestep chopped to 24.908901 days


Starting time step 23, stepsize 24.9089 days, at day 367723/368650, date = 17-Oct-3031
 Newton its= 3, linearizations= 4 (0.3sec), linear its= 14 (0.8sec)

Starting time step 24, stepsize 49.8178 days, at day 367748/368650, date = 11-Nov-3031
 Newton its= 6, linearizations= 7 (0.6sec), linear its= 38 (2.1sec)

Starting time step 25, stepsize 89.672 days, at day 367797/368650, date = 31-Dec-3031
 Newton its=14, linearizations=15 (1.3sec), linear its=107 (5.4sec)

Starting time step 26, stepsize 51.2412 days, at day 367887/368650, date = 30-Mar-3032
 Newton its= 5, linearizations= 6 (0.5sec), linear its= 23 (1.5sec)

Starting time step 27, stepsize 112.731 days, at day 367938/368650, date = 20-May-3032
 Newton its=11, linearizations=12 (1.2sec), linear its= 80 (4.4sec)

Starting time step 28, stepsize 81.9859 days, at day 368051/368650, date = 10-Sep-3032
 Newton its= 7, linearizations= 8 (1.0sec), linear its= 50 (2.8sec)

Starting time step 29, stepsize 114.78 days, at day 368133/368650, date = 30-Nov-3032

Warning: Full linear solver tolerance not achieved. The reduction is:0.00324855 after 20 iterations 

Problem: Solver convergence failure - Numerical problem encountered
Timestep chopped to 37.877471 days


Starting time step 29, stepsize 37.8775 days, at day 368133/368650, date = 30-Nov-3032

Problem: Solver convergence failure - Numerical problem encountered
Timestep chopped to 12.499565 days


Starting time step 29, stepsize 12.4996 days, at day 368133/368650, date = 30-Nov-3032
 Newton its= 1, linearizations= 2 (0.2sec), linear its=  4 (0.4sec)

Starting time step 30, stepsize 24.9991 days, at day 368145/368650, date = 13-Dec-3032
 Newton its= 3, linearizations= 4 (0.5sec), linear its= 14 (0.9sec)

Starting time step 31, stepsize 74.9974 days, at day 368170/368650, date = 07-Jan-3033
 Newton its= 6, linearizations= 7 (0.9sec), linear its= 45 (2.8sec)

Starting time step 32, stepsize 134.995 days, at day 368245/368650, date = 23-Mar-3033

Problem: Solver convergence failure - Numerical problem encountered
Timestep chopped to 44.548451 days


Starting time step 32, stepsize 44.5485 days, at day 368245/368650, date = 23-Mar-3033

Problem: Solver convergence failure - Numerical problem encountered
Timestep chopped to 14.700989 days


Starting time step 32, stepsize 14.701 days, at day 368245/368650, date = 23-Mar-3033
 Newton its= 1, linearizations= 2 (0.3sec), linear its=  4 (0.5sec)

Starting time step 33, stepsize 29.402 days, at day 368260/368650, date = 07-Apr-3033
 Newton its= 3, linearizations= 4 (0.3sec), linear its= 16 (1.0sec)

Starting time step 34, stepsize 88.2059 days, at day 368290/368650, date = 06-May-3033
 Newton its= 8, linearizations= 9 (0.7sec), linear its= 56 (3.0sec)

Starting time step 35, stepsize 88.2059 days, at day 368378/368650, date = 02-Aug-3033

Warning: Full linear solver tolerance not achieved. The reduction is:0.0004109 after 20 iterations 

Problem: Solver convergence failure - Numerical problem encountered
Timestep chopped to 29.107958 days


Starting time step 35, stepsize 29.108 days, at day 368378/368650, date = 02-Aug-3033

Problem: Solver convergence failure - Numerical problem encountered
Timestep chopped to 9.605626 days


Starting time step 35, stepsize 9.60563 days, at day 368378/368650, date = 02-Aug-3033
 Newton its= 1, linearizations= 2 (0.2sec), linear its=  5 (0.3sec)

Starting time step 36, stepsize 19.2113 days, at day 368387/368650, date = 12-Aug-3033
 Newton its= 1, linearizations= 2 (0.2sec), linear its=  3 (0.2sec)

Starting time step 37, stepsize 57.6338 days, at day 368407/368650, date = 31-Aug-3033
 Newton its= 5, linearizations= 6 (0.5sec), linear its= 35 (1.9sec)

Starting time step 38, stepsize 92.8739 days, at day 368464/368650, date = 28-Oct-3033

Problem: Solver convergence failure - Iteration limit reached
Timestep chopped to 30.648377 days


Starting time step 38, stepsize 30.6484 days, at day 368464/368650, date = 28-Oct-3033
 Newton its= 3, linearizations= 4 (0.4sec), linear its= 15 (1.0sec)

Starting time step 39, stepsize 61.2968 days, at day 368495/368650, date = 27-Nov-3033
 Newton its= 5, linearizations= 6 (0.5sec), linear its= 38 (1.9sec)

Starting time step 40, stepsize 93.8026 days, at day 368556/368650, date = 28-Jan-3034
    Oscillating behavior detected: Relaxation set to 0.900000

Warning: Full linear solver tolerance not achieved. The reduction is:0.00220711 after 20 iterations 

Warning: Full linear solver tolerance not achieved. The reduction is:0.00381044 after 20 iterations 

Problem: Solver convergence failure - Numerical problem encountered
Timestep chopped to 30.954861 days


Starting time step 40, stepsize 30.9549 days, at day 368556/368650, date = 28-Jan-3034

Problem: Solver convergence failure - Numerical problem encountered
Timestep chopped to 10.215104 days


Starting time step 40, stepsize 10.2151 days, at day 368556/368650, date = 28-Jan-3034
 Newton its= 1, linearizations= 2 (0.2sec), linear its=  4 (0.3sec)

Starting time step 41, stepsize 20.4302 days, at day 368566/368650, date = 07-Feb-3034
 Newton its= 3, linearizations= 4 (0.3sec), linear its= 17 (1.0sec)

Starting time step 42, stepsize 63.1573 days, at day 368587/368650, date = 27-Feb-3034
 Newton its= 6, linearizations= 7 (0.5sec), linear its= 42 (2.4sec)

Report step  4/17 at day 368650/392375, date = 02-May-3034

Starting time step 0, stepsize 1825 days, at day 368650/370475, date = 02-May-3034

Problem: Solver convergence failure - Numerical problem encountered
Timestep chopped to 602.250000 days


Starting time step 0, stepsize 602.25 days, at day 368650/370475, date = 02-May-3034

Problem: Solver convergence failure - Numerical problem encountered
Timestep chopped to 198.742500 days


Starting time step 0, stepsize 198.743 days, at day 368650/370475, date = 02-May-3034

Warning: Full linear solver tolerance not achieved. The reduction is:0.00790744 after 20 iterations 

Problem: Solver convergence failure - Numerical problem encountered
Timestep chopped to 65.585025 days


Starting time step 0, stepsize 65.585 days, at day 368650/370475, date = 02-May-3034

Problem: Solver convergence failure - Numerical problem encountered
Timestep chopped to 21.643058 days


Starting time step 0, stepsize 21.6431 days, at day 368650/370475, date = 02-May-3034
 Newton its= 3, linearizations= 4 (0.3sec), linear its= 20 (1.0sec)

Starting time step 1, stepsize 43.2861 days, at day 368672/370475, date = 23-May-3034
    Oscillating behavior detected: Relaxation set to 0.900000
 Newton its= 5, linearizations= 6 (0.4sec), linear its= 28 (1.5sec)

Starting time step 2, stepsize 95.2295 days, at day 368715/370475, date = 05-Jul-3034

Warning: Full linear solver tolerance not achieved. The reduction is:0.0019773 after 20 iterations 

Problem: Solver convergence failure - Numerical problem encountered
Timestep chopped to 31.425721 days


Starting time step 2, stepsize 31.4257 days, at day 368715/370475, date = 05-Jul-3034

Problem: Solver convergence failure - Numerical problem encountered
Timestep chopped to 10.370488 days


Starting time step 2, stepsize 10.3705 days, at day 368715/370475, date = 05-Jul-3034
 Newton its= 1, linearizations= 2 (0.2sec), linear its=  4 (0.2sec)

Starting time step 3, stepsize 20.741 days, at day 368725/370475, date = 16-Jul-3034
 Newton its= 3, linearizations= 4 (0.3sec), linear its= 18 (1.0sec)

Starting time step 4, stepsize 62.2229 days, at day 368746/370475, date = 06-Aug-3034
 Newton its= 6, linearizations= 7 (0.6sec), linear its= 52 (2.6sec)

Starting time step 5, stepsize 112.001 days, at day 368808/370475, date = 07-Oct-3034

Warning: Full linear solver tolerance not achieved. The reduction is:0.00119032 after 20 iterations 

Warning: Full linear solver tolerance not achieved. The reduction is:0.000467169 after 20 iterations 

Problem: Solver convergence failure - Numerical problem encountered
Timestep chopped to 36.960418 days


Starting time step 5, stepsize 36.9604 days, at day 368808/370475, date = 07-Oct-3034

Problem: Solver convergence failure - Numerical problem encountered
Timestep chopped to 12.196938 days


Starting time step 5, stepsize 12.1969 days, at day 368808/370475, date = 07-Oct-3034
 Newton its= 1, linearizations= 2 (0.2sec), linear its=  6 (0.3sec)

Starting time step 6, stepsize 24.3939 days, at day 368820/370475, date = 19-Oct-3034
 Newton its= 2, linearizations= 3 (0.2sec), linear its=  8 (0.5sec)

Starting time step 7, stepsize 73.1816 days, at day 368845/370475, date = 12-Nov-3034

Problem: Solver convergence failure - Numerical problem encountered
Timestep chopped to 24.149937 days


Starting time step 7, stepsize 24.1499 days, at day 368845/370475, date = 12-Nov-3034
 Newton its= 3, linearizations= 4 (0.3sec), linear its= 19 (1.1sec)

Starting time step 8, stepsize 48.2999 days, at day 368869/370475, date = 07-Dec-3034
 Newton its= 4, linearizations= 5 (0.4sec), linear its= 33 (1.7sec)

Starting time step 9, stepsize 125.58 days, at day 368917/370475, date = 24-Jan-3035

Problem: Solver convergence failure - Numerical problem encountered
Timestep chopped to 41.441293 days


Starting time step 9, stepsize 41.4413 days, at day 368917/370475, date = 24-Jan-3035

Problem: Solver convergence failure - Numerical problem encountered
Timestep chopped to 13.675627 days


Starting time step 9, stepsize 13.6756 days, at day 368917/370475, date = 24-Jan-3035
 Newton its= 2, linearizations= 3 (0.2sec), linear its= 11 (0.6sec)

Starting time step 10, stepsize 27.3513 days, at day 368931/370475, date = 06-Feb-3035
 Newton its= 3, linearizations= 4 (0.3sec), linear its= 24 (1.1sec)

Starting time step 11, stepsize 82.0538 days, at day 368958/370475, date = 06-Mar-3035

Warning: Full linear solver tolerance not achieved. The reduction is:0.000269549 after 20 iterations 

Warning: Full linear solver tolerance not achieved. The reduction is:0.0098104 after 20 iterations 

Problem: Solver convergence failure - Numerical problem encountered
Timestep chopped to 27.077741 days


Starting time step 11, stepsize 27.0777 days, at day 368958/370475, date = 06-Mar-3035

Problem: Solver convergence failure - Numerical problem encountered
Timestep chopped to 8.935654 days


Starting time step 11, stepsize 8.93565 days, at day 368958/370475, date = 06-Mar-3035
 Newton its= 1, linearizations= 2 (0.2sec), linear its=  3 (0.2sec)

Starting time step 12, stepsize 17.8713 days, at day 368967/370475, date = 15-Mar-3035
 Newton its= 2, linearizations= 3 (0.3sec), linear its= 10 (0.5sec)

Starting time step 13, stepsize 53.6139 days, at day 368985/370475, date = 02-Apr-3035
 Newton its= 4, linearizations= 5 (0.4sec), linear its= 32 (1.6sec)

Starting time step 14, stepsize 139.396 days, at day 369039/370475, date = 25-May-3035

Problem: Solver convergence failure - Numerical problem encountered
Timestep chopped to 46.000749 days


Starting time step 14, stepsize 46.0007 days, at day 369039/370475, date = 25-May-3035
 Newton its= 4, linearizations= 5 (0.4sec), linear its= 32 (1.6sec)

Starting time step 15, stepsize 92.0015 days, at day 369085/370475, date = 10-Jul-3035

Warning: Full linear solver tolerance not achieved. The reduction is:0.000452946 after 20 iterations 

Warning: Full linear solver tolerance not achieved. The reduction is:0.00045484 after 20 iterations 

Warning: Full linear solver tolerance not achieved. The reduction is:0.00798486 after 20 iterations 

Problem: Solver convergence failure - Numerical problem encountered
Timestep chopped to 30.360494 days


Starting time step 15, stepsize 30.3605 days, at day 369085/370475, date = 10-Jul-3035

Problem: Solver convergence failure - Numerical problem encountered
Timestep chopped to 10.018963 days


Starting time step 15, stepsize 10.019 days, at day 369085/370475, date = 10-Jul-3035
 Newton its= 1, linearizations= 2 (0.2sec), linear its=  3 (0.2sec)

Starting time step 16, stepsize 20.0379 days, at day 369095/370475, date = 20-Jul-3035
 Newton its= 3, linearizations= 4 (0.3sec), linear its= 20 (1.1sec)

Starting time step 17, stepsize 60.1138 days, at day 369115/370475, date = 09-Aug-3035
 Newton its= 6, linearizations= 7 (0.5sec), linear its= 47 (2.5sec)

Starting time step 18, stepsize 108.205 days, at day 369175/370475, date = 08-Oct-3035

Warning: Full linear solver tolerance not achieved. The reduction is:0.000422359 after 20 iterations 

Problem: Solver convergence failure - Numerical problem encountered
Timestep chopped to 35.707584 days


Starting time step 18, stepsize 35.7076 days, at day 369175/370475, date = 08-Oct-3035

Problem: Solver convergence failure - Numerical problem encountered
Timestep chopped to 11.783503 days


Starting time step 18, stepsize 11.7835 days, at day 369175/370475, date = 08-Oct-3035
 Newton its= 2, linearizations= 3 (0.2sec), linear its= 11 (0.5sec)

Starting time step 19, stepsize 23.567 days, at day 369187/370475, date = 20-Oct-3035
 Newton its= 2, linearizations= 3 (0.2sec), linear its= 11 (0.7sec)

Starting time step 20, stepsize 70.701 days, at day 369210/370475, date = 13-Nov-3035
 Newton its= 9, linearizations=10 (0.8sec), linear its= 87 (4.3sec)

Starting time step 21, stepsize 62.8453 days, at day 369281/370475, date = 22-Jan-3036
 Newton its= 5, linearizations= 6 (0.5sec), linear its= 33 (1.7sec)

Starting time step 22, stepsize 138.26 days, at day 369344/370475, date = 25-Mar-3036

Warning: Full linear solver tolerance not achieved. The reduction is:0.000613798 after 20 iterations 

Problem: Solver convergence failure - Numerical problem encountered
Timestep chopped to 45.625723 days


Starting time step 22, stepsize 45.6257 days, at day 369344/370475, date = 25-Mar-3036

Problem: Solver convergence failure - Numerical problem encountered
Timestep chopped to 15.056489 days


Starting time step 22, stepsize 15.0565 days, at day 369344/370475, date = 25-Mar-3036
 Newton its= 1, linearizations= 2 (0.2sec), linear its=  4 (0.3sec)

Starting time step 23, stepsize 30.113 days, at day 369359/370475, date = 09-Apr-3036
 Newton its= 3, linearizations= 4 (0.3sec), linear its= 13 (0.8sec)

Starting time step 24, stepsize 90.3389 days, at day 369389/370475, date = 09-May-3036
 Newton its= 7, linearizations= 8 (0.6sec), linear its= 68 (3.3sec)

Starting time step 25, stepsize 126.475 days, at day 369479/370475, date = 08-Aug-3036
 Newton its=10, linearizations=11 (0.9sec), linear its=100 (4.9sec)

Starting time step 26, stepsize 101.18 days, at day 369606/370475, date = 12-Dec-3036
 Newton its= 7, linearizations= 8 (0.6sec), linear its= 61 (2.9sec)

Starting time step 27, stepsize 141.651 days, at day 369707/370475, date = 23-Mar-3037
 Newton its=10, linearizations=11 (0.9sec), linear its= 75 (3.8sec)

Starting time step 28, stepsize 113.321 days, at day 369849/370475, date = 12-Aug-3037
 Newton its= 8, linearizations= 9 (0.7sec), linear its= 63 (3.1sec)

Starting time step 29, stepsize 113.321 days, at day 369962/370475, date = 03-Dec-3037
 Newton its= 8, linearizations= 9 (0.8sec), linear its= 65 (3.3sec)

Starting time step 30, stepsize 113.321 days, at day 370075/370475, date = 27-Mar-3038
 Newton its= 9, linearizations=10 (1.0sec), linear its= 80 (4.0sec)

Starting time step 31, stepsize 100.73 days, at day 370189/370475, date = 18-Jul-3038
 Newton its= 7, linearizations= 8 (0.7sec), linear its= 55 (2.8sec)

Starting time step 32, stepsize 92.8362 days, at day 370289/370475, date = 27-Oct-3038
 Newton its= 7, linearizations= 8 (0.8sec), linear its= 57 (2.8sec)

Starting time step 33, stepsize 92.8362 days, at day 370382/370475, date = 28-Jan-3039
 Newton its= 7, linearizations= 8 (0.7sec), linear its= 57 (3.0sec)

Report step  5/17 at day 370475/392375, date = 01-May-3039

Starting time step 0, stepsize 1825 days, at day 370475/372300, date = 01-May-3039

Warning: Full linear solver tolerance not achieved. The reduction is:0.00042306 after 20 iterations 

Problem: Solver convergence failure - Numerical problem encountered
Timestep chopped to 602.250000 days


Starting time step 0, stepsize 602.25 days, at day 370475/372300, date = 01-May-3039

Problem: Solver convergence failure - Numerical problem encountered
Timestep chopped to 198.742500 days


Starting time step 0, stepsize 198.743 days, at day 370475/372300, date = 01-May-3039
    Oscillating behavior detected: Relaxation set to 0.900000
    Oscillating behavior detected: Relaxation set to 0.800000

Problem: Solver convergence failure - Iteration limit reached
Timestep chopped to 65.585025 days


Starting time step 0, stepsize 65.585 days, at day 370475/372300, date = 01-May-3039
 Newton its= 5, linearizations= 6 (0.6sec), linear its= 42 (2.2sec)

Starting time step 1, stepsize 131.17 days, at day 370541/372300, date = 05-Jul-3039
    Oscillating behavior detected: Relaxation set to 0.900000
    Oscillating behavior detected: Relaxation set to 0.800000

Problem: Solver convergence failure - Iteration limit reached
Timestep chopped to 43.286117 days


Starting time step 1, stepsize 43.2861 days, at day 370541/372300, date = 05-Jul-3039
 Newton its= 4, linearizations= 5 (0.4sec), linear its= 21 (1.3sec)

Starting time step 2, stepsize 86.5722 days, at day 370584/372300, date = 17-Aug-3039

Warning: Full linear solver tolerance not achieved. The reduction is:0.00092906 after 20 iterations 

Warning: Full linear solver tolerance not achieved. The reduction is:0.000485335 after 20 iterations 

Problem: Solver convergence failure - Iteration limit reached
Timestep chopped to 28.568837 days


Starting time step 2, stepsize 28.5688 days, at day 370584/372300, date = 17-Aug-3039
 Newton its= 3, linearizations= 4 (0.4sec), linear its= 27 (1.4sec)

Starting time step 3, stepsize 57.1377 days, at day 370612/372300, date = 15-Sep-3039
 Newton its= 4, linearizations= 5 (0.4sec), linear its= 41 (2.0sec)

Starting time step 4, stepsize 148.558 days, at day 370670/372300, date = 11-Nov-3039

Problem: Solver convergence failure - Numerical problem encountered
Timestep chopped to 49.024124 days


Starting time step 4, stepsize 49.0241 days, at day 370670/372300, date = 11-Nov-3039

Problem: Solver convergence failure - Numerical problem encountered
Timestep chopped to 16.177961 days


Starting time step 4, stepsize 16.178 days, at day 370670/372300, date = 11-Nov-3039
 Newton its= 3, linearizations= 4 (0.3sec), linear its= 17 (1.0sec)

Starting time step 5, stepsize 32.3559 days, at day 370686/372300, date = 27-Nov-3039
 Newton its= 3, linearizations= 4 (0.4sec), linear its= 22 (1.2sec)

Starting time step 6, stepsize 97.0678 days, at day 370718/372300, date = 30-Dec-3039

Warning: Full linear solver tolerance not achieved. The reduction is:0.00145285 after 20 iterations 

Warning: Full linear solver tolerance not achieved. The reduction is:0.00133581 after 20 iterations 

Warning: Full linear solver tolerance not achieved. The reduction is:0.000510136 after 20 iterations 
    Oscillating behavior detected: Relaxation set to 0.900000

Warning: Full linear solver tolerance not achieved. The reduction is:0.000412747 after 20 iterations 

Warning: Full linear solver tolerance not achieved. The reduction is:0.00675037 after 20 iterations 

Warning: Full linear solver tolerance not achieved. The reduction is:0.00524642 after 20 iterations 

Problem: Solver convergence failure - Numerical problem encountered
Timestep chopped to 32.032363 days


Starting time step 6, stepsize 32.0324 days, at day 370718/372300, date = 30-Dec-3039

Problem: Solver convergence failure - Numerical problem encountered
Timestep chopped to 10.570680 days


Starting time step 6, stepsize 10.5707 days, at day 370718/372300, date = 30-Dec-3039
 Newton its= 2, linearizations= 3 (0.3sec), linear its=  9 (0.6sec)

Starting time step 7, stepsize 21.1414 days, at day 370729/372300, date = 09-Jan-3040
 Newton its= 3, linearizations= 4 (0.3sec), linear its= 19 (1.0sec)

Starting time step 8, stepsize 63.4241 days, at day 370750/372300, date = 30-Jan-3040
 Newton its= 5, linearizations= 6 (0.5sec), linear its= 44 (2.3sec)

Starting time step 9, stepsize 139.533 days, at day 370813/372300, date = 03-Apr-3040

Warning: Full linear solver tolerance not achieved. The reduction is:0.00201938 after 20 iterations 

Problem: Solver convergence failure - Numerical problem encountered
Timestep chopped to 46.045881 days


Starting time step 9, stepsize 46.0459 days, at day 370813/372300, date = 03-Apr-3040

Problem: Solver convergence failure - Numerical problem encountered
Timestep chopped to 15.195141 days


Starting time step 9, stepsize 15.1951 days, at day 370813/372300, date = 03-Apr-3040
 Newton its= 1, linearizations= 2 (0.2sec), linear its=  3 (0.2sec)

Starting time step 10, stepsize 30.3903 days, at day 370828/372300, date = 18-Apr-3040
 Newton its= 3, linearizations= 4 (0.3sec), linear its= 22 (1.2sec)

Starting time step 11, stepsize 91.1708 days, at day 370859/372300, date = 18-May-3040

Warning: Full linear solver tolerance not achieved. The reduction is:0.000831713 after 20 iterations 

Problem: Solver convergence failure - Numerical problem encountered
Timestep chopped to 30.086378 days


Starting time step 11, stepsize 30.0864 days, at day 370859/372300, date = 18-May-3040
 Newton its= 3, linearizations= 4 (0.3sec), linear its= 23 (1.2sec)

Starting time step 12, stepsize 60.1728 days, at day 370889/372300, date = 17-Jun-3040
 Newton its= 5, linearizations= 6 (0.5sec), linear its= 47 (2.3sec)

Starting time step 13, stepsize 132.38 days, at day 370949/372300, date = 17-Aug-3040

Warning: Full linear solver tolerance not achieved. The reduction is:0.000365745 after 20 iterations 

Problem: Solver convergence failure - Numerical problem encountered
Timestep chopped to 43.685422 days


Starting time step 13, stepsize 43.6854 days, at day 370949/372300, date = 17-Aug-3040
 Newton its= 5, linearizations= 6 (0.5sec), linear its= 52 (2.4sec)

Starting time step 14, stepsize 87.3708 days, at day 370993/372300, date = 29-Sep-3040

Problem: Solver convergence failure - Numerical problem encountered
Timestep chopped to 28.832378 days


Starting time step 14, stepsize 28.8324 days, at day 370993/372300, date = 29-Sep-3040
 Newton its= 3, linearizations= 4 (0.3sec), linear its= 23 (1.2sec)

Starting time step 15, stepsize 57.6648 days, at day 371022/372300, date = 28-Oct-3040
 Newton its= 5, linearizations= 6 (0.4sec), linear its= 41 (2.1sec)

Starting time step 16, stepsize 126.862 days, at day 371079/372300, date = 25-Dec-3040

Problem: Solver convergence failure - Iteration limit reached
Timestep chopped to 41.864613 days


Starting time step 16, stepsize 41.8646 days, at day 371079/372300, date = 25-Dec-3040
 Newton its= 4, linearizations= 5 (0.4sec), linear its= 29 (1.6sec)

Starting time step 17, stepsize 83.7292 days, at day 371121/372300, date = 05-Feb-3041

Warning: Full linear solver tolerance not achieved. The reduction is:0.00117962 after 20 iterations 

Warning: Full linear solver tolerance not achieved. The reduction is:0.000813187 after 20 iterations 

Problem: Solver convergence failure - Iteration limit reached
Timestep chopped to 27.630645 days


Starting time step 17, stepsize 27.6306 days, at day 371121/372300, date = 05-Feb-3041
 Newton its= 3, linearizations= 4 (0.4sec), linear its= 14 (0.9sec)

Starting time step 18, stepsize 55.2613 days, at day 371149/372300, date = 04-Mar-3041
 Newton its= 5, linearizations= 6 (0.5sec), linear its= 47 (2.3sec)

Starting time step 19, stepsize 121.575 days, at day 371204/372300, date = 29-Apr-3041

Problem: Solver convergence failure - Numerical problem encountered
Timestep chopped to 40.119696 days


Starting time step 19, stepsize 40.1197 days, at day 371204/372300, date = 29-Apr-3041

Problem: Solver convergence failure - Numerical problem encountered
Timestep chopped to 13.239500 days


Starting time step 19, stepsize 13.2395 days, at day 371204/372300, date = 29-Apr-3041
 Newton its= 2, linearizations= 3 (0.2sec), linear its= 12 (0.7sec)

Starting time step 20, stepsize 26.479 days, at day 371217/372300, date = 12-May-3041
 Newton its= 3, linearizations= 4 (0.4sec), linear its= 21 (1.1sec)

Starting time step 21, stepsize 79.437 days, at day 371244/372300, date = 07-Jun-3041

Problem: Solver convergence failure - Numerical problem encountered
Timestep chopped to 26.214209 days


Starting time step 21, stepsize 26.2142 days, at day 371244/372300, date = 07-Jun-3041
 Newton its= 3, linearizations= 4 (0.4sec), linear its= 22 (1.2sec)

Starting time step 22, stepsize 52.4284 days, at day 371270/372300, date = 03-Jul-3041
 Newton its= 4, linearizations= 5 (0.4sec), linear its= 30 (1.5sec)

Starting time step 23, stepsize 136.314 days, at day 371322/372300, date = 25-Aug-3041

Warning: Full linear solver tolerance not achieved. The reduction is:0.00208285 after 20 iterations 

Problem: Solver convergence failure - Numerical problem encountered
Timestep chopped to 44.983583 days


Starting time step 23, stepsize 44.9836 days, at day 371322/372300, date = 25-Aug-3041

Warning: Full linear solver tolerance not achieved. The reduction is:0.00750257 after 20 iterations 

Warning: Full linear solver tolerance not achieved. The reduction is:0.00846151 after 20 iterations 

Problem: Solver convergence failure - Numerical problem encountered
Timestep chopped to 14.844583 days


Starting time step 23, stepsize 14.8446 days, at day 371322/372300, date = 25-Aug-3041

Problem: Solver convergence failure - Numerical problem encountered
Timestep chopped to 4.898712 days


Starting time step 23, stepsize 4.89871 days, at day 371322/372300, date = 25-Aug-3041
 Newton its= 1, linearizations= 2 (0.2sec), linear its=  4 (0.3sec)

Starting time step 24, stepsize 9.79742 days, at day 371327/372300, date = 30-Aug-3041
 Newton its= 2, linearizations= 3 (0.2sec), linear its= 13 (0.7sec)

Starting time step 25, stepsize 29.3923 days, at day 371337/372300, date = 09-Sep-3041
 Newton its= 3, linearizations= 4 (0.3sec), linear its= 20 (1.0sec)

Starting time step 26, stepsize 88.1768 days, at day 371366/372300, date = 08-Oct-3041
    Oscillating behavior detected: Relaxation set to 0.900000
    Oscillating behavior detected: Relaxation set to 0.800000
    Oscillating behavior detected: Relaxation set to 0.700000

Problem: Solver convergence failure - Iteration limit reached
Timestep chopped to 29.098351 days


Starting time step 26, stepsize 29.0984 days, at day 371366/372300, date = 08-Oct-3041
 Newton its= 3, linearizations= 4 (0.3sec), linear its= 28 (1.3sec)

Starting time step 27, stepsize 58.1967 days, at day 371396/372300, date = 06-Nov-3041
 Newton its= 5, linearizations= 6 (0.5sec), linear its= 38 (1.9sec)

Starting time step 28, stepsize 128.033 days, at day 371454/372300, date = 03-Jan-3042

Warning: Full linear solver tolerance not achieved. The reduction is:0.00238394 after 20 iterations 

Warning: Full linear solver tolerance not achieved. The reduction is:0.000398793 after 20 iterations 

Problem: Solver convergence failure - Numerical problem encountered
Timestep chopped to 42.250805 days


Starting time step 28, stepsize 42.2508 days, at day 371454/372300, date = 03-Jan-3042

Problem: Solver convergence failure - Numerical problem encountered
Timestep chopped to 13.942766 days


Starting time step 28, stepsize 13.9428 days, at day 371454/372300, date = 03-Jan-3042
 Newton its= 2, linearizations= 3 (0.2sec), linear its= 12 (0.7sec)

Starting time step 29, stepsize 27.8855 days, at day 371468/372300, date = 17-Jan-3042
 Newton its= 3, linearizations= 4 (0.3sec), linear its= 17 (1.0sec)

Starting time step 30, stepsize 83.6566 days, at day 371496/372300, date = 14-Feb-3042
 Newton its= 7, linearizations= 8 (0.7sec), linear its= 69 (3.4sec)

Starting time step 31, stepsize 117.119 days, at day 371579/372300, date = 09-May-3042

Warning: Full linear solver tolerance not achieved. The reduction is:0.00449102 after 20 iterations 

Warning: Full linear solver tolerance not achieved. The reduction is:0.00101415 after 20 iterations 

Problem: Solver convergence failure - Numerical problem encountered
Timestep chopped to 38.649346 days


Starting time step 31, stepsize 38.6493 days, at day 371579/372300, date = 09-May-3042

Warning: Full linear solver tolerance not achieved. The reduction is:0.000309972 after 20 iterations 
 Newton its= 6, linearizations= 7 (0.7sec), linear its= 52 (2.6sec)

Starting time step 32, stepsize 69.5688 days, at day 371618/372300, date = 16-Jun-3042
 Newton its= 5, linearizations= 6 (0.6sec), linear its= 39 (2.0sec)

Starting time step 33, stepsize 153.051 days, at day 371687/372300, date = 25-Aug-3042
    Oscillating behavior detected: Relaxation set to 0.900000
    Oscillating behavior detected: Relaxation set to 0.800000
    Oscillating behavior detected: Relaxation set to 0.700000

Problem: Solver convergence failure - Iteration limit reached
Timestep chopped to 50.506966 days


Starting time step 33, stepsize 50.507 days, at day 371687/372300, date = 25-Aug-3042
 Newton its= 4, linearizations= 5 (0.5sec), linear its= 19 (1.1sec)

Starting time step 34, stepsize 101.014 days, at day 371738/372300, date = 14-Oct-3042
 Newton its= 9, linearizations=10 (1.0sec), linear its= 91 (4.5sec)

Starting time step 35, stepsize 89.7902 days, at day 371839/372300, date = 23-Jan-3043
 Newton its= 7, linearizations= 8 (0.8sec), linear its= 67 (3.3sec)

Starting time step 36, stepsize 125.706 days, at day 371929/372300, date = 23-Apr-3043

Warning: Full linear solver tolerance not achieved. The reduction is:0.00140924 after 20 iterations 

Warning: Full linear solver tolerance not achieved. The reduction is:0.00177895 after 20 iterations 

Problem: Solver convergence failure - Numerical problem encountered
Timestep chopped to 41.483055 days


Starting time step 36, stepsize 41.4831 days, at day 371929/372300, date = 23-Apr-3043

Warning: Full linear solver tolerance not achieved. The reduction is:0.000327357 after 20 iterations 
 Newton its= 6, linearizations= 7 (0.8sec), linear its= 51 (2.5sec)

Starting time step 37, stepsize 74.6695 days, at day 371970/372300, date = 04-Jun-3043
 Newton its= 6, linearizations= 7 (0.8sec), linear its= 56 (2.8sec)

Starting time step 38, stepsize 134.405 days, at day 372045/372300, date = 17-Aug-3043
 Newton its=11, linearizations=12 (2.1sec), linear its=124 (6.7sec)

Starting time step 39, stepsize 60.3262 days, at day 372179/372300, date = 30-Dec-3043
 Newton its= 4, linearizations= 5 (0.4sec), linear its= 23 (1.1sec)

Starting time step 40, stepsize 60.3262 days, at day 372240/372300, date = 28-Feb-3044
 Newton its= 5, linearizations= 6 (0.4sec), linear its= 33 (1.6sec)

Report step  6/17 at day 372300/392375, date = 29-Apr-3044

Starting time step 0, stepsize 1825 days, at day 372300/374125, date = 29-Apr-3044

Warning: Full linear solver tolerance not achieved. The reduction is:0.00233144 after 20 iterations 

Problem: Solver convergence failure - Numerical problem encountered
Timestep chopped to 602.250000 days


Starting time step 0, stepsize 602.25 days, at day 372300/374125, date = 29-Apr-3044

Problem: Solver convergence failure - Numerical problem encountered
Timestep chopped to 198.742500 days


Starting time step 0, stepsize 198.743 days, at day 372300/374125, date = 29-Apr-3044

Warning: Full linear solver tolerance not achieved. The reduction is:0.000633048 after 20 iterations 

Warning: Full linear solver tolerance not achieved. The reduction is:0.000487163 after 20 iterations 

Problem: Solver convergence failure - Numerical problem encountered
Timestep chopped to 65.585025 days


Starting time step 0, stepsize 65.585 days, at day 372300/374125, date = 29-Apr-3044

Problem: Solver convergence failure - Numerical problem encountered
Timestep chopped to 21.643058 days


Starting time step 0, stepsize 21.6431 days, at day 372300/374125, date = 29-Apr-3044
 Newton its= 3, linearizations= 4 (0.3sec), linear its= 23 (1.1sec)

Starting time step 1, stepsize 43.2861 days, at day 372322/374125, date = 20-May-3044
 Newton its= 4, linearizations= 5 (0.3sec), linear its= 24 (1.3sec)

Starting time step 2, stepsize 112.544 days, at day 372365/374125, date = 02-Jul-3044
 Newton its=10, linearizations=11 (0.8sec), linear its= 95 (4.3sec)

Starting time step 3, stepsize 90.0351 days, at day 372477/374125, date = 23-Oct-3044
 Newton its= 7, linearizations= 8 (0.6sec), linear its= 57 (2.8sec)

Starting time step 4, stepsize 126.049 days, at day 372568/374125, date = 21-Jan-3045
 Newton its=11, linearizations=12 (0.9sec), linear its=100 (4.6sec)

Starting time step 5, stepsize 91.6721 days, at day 372694/374125, date = 27-May-3045
 Newton its= 8, linearizations= 9 (0.7sec), linear its= 59 (2.8sec)

Starting time step 6, stepsize 91.6721 days, at day 372785/374125, date = 27-Aug-3045
 Newton its= 9, linearizations=10 (0.9sec), linear its= 70 (3.7sec)

Starting time step 7, stepsize 81.4863 days, at day 372877/374125, date = 26-Nov-3045
 Newton its= 5, linearizations= 6 (0.5sec), linear its= 47 (2.3sec)

Starting time step 8, stepsize 179.27 days, at day 372958/374125, date = 16-Feb-3046
 Newton its=11, linearizations=12 (0.8sec), linear its=106 (4.9sec)

Starting time step 9, stepsize 130.378 days, at day 373138/374125, date = 14-Aug-3046
 Newton its= 7, linearizations= 8 (0.6sec), linear its= 53 (2.6sec)

Starting time step 10, stepsize 182.529 days, at day 373268/374125, date = 23-Dec-3046
 Newton its=10, linearizations=11 (0.7sec), linear its= 74 (3.5sec)

Starting time step 11, stepsize 146.024 days, at day 373451/374125, date = 23-Jun-3047
 Newton its= 9, linearizations=10 (0.7sec), linear its= 79 (3.8sec)

Starting time step 12, stepsize 129.799 days, at day 373597/374125, date = 16-Nov-3047
 Newton its= 7, linearizations= 8 (0.6sec), linear its= 50 (2.3sec)

Starting time step 13, stepsize 181.718 days, at day 373726/374125, date = 25-Mar-3048

Problem: Solver convergence failure - Iteration limit reached
Timestep chopped to 59.966988 days


Starting time step 13, stepsize 59.967 days, at day 373726/374125, date = 25-Mar-3048
 Newton its= 4, linearizations= 5 (0.4sec), linear its= 27 (1.5sec)

Starting time step 14, stepsize 119.934 days, at day 373786/374125, date = 24-May-3048
 Newton its= 8, linearizations= 9 (0.6sec), linear its= 66 (3.0sec)

Starting time step 15, stepsize 119.934 days, at day 373906/374125, date = 21-Sep-3048
 Newton its= 7, linearizations= 8 (0.6sec), linear its= 50 (2.4sec)

Starting time step 16, stepsize 98.7775 days, at day 374026/374125, date = 19-Jan-3049
 Newton its= 6, linearizations= 7 (0.5sec), linear its= 44 (2.1sec)

Report step  7/17 at day 374125/392375, date = 28-Apr-3049

Starting time step 0, stepsize 1825 days, at day 374125/375950, date = 28-Apr-3049

Warning: Full linear solver tolerance not achieved. The reduction is:0.000260557 after 20 iterations 

Problem: Solver convergence failure - Numerical problem encountered
Timestep chopped to 602.250000 days


Starting time step 0, stepsize 602.25 days, at day 374125/375950, date = 28-Apr-3049

Warning: Full linear solver tolerance not achieved. The reduction is:0.00346171 after 20 iterations 

Warning: Full linear solver tolerance not achieved. The reduction is:0.000665988 after 20 iterations 

Problem: Solver convergence failure - Numerical problem encountered
Timestep chopped to 198.742500 days


Starting time step 0, stepsize 198.743 days, at day 374125/375950, date = 28-Apr-3049

Problem: Solver convergence failure - Numerical problem encountered
Timestep chopped to 65.585025 days


Starting time step 0, stepsize 65.585 days, at day 374125/375950, date = 28-Apr-3049
    Oscillating behavior detected: Relaxation set to 0.900000

Problem: Solver convergence failure - Iteration limit reached
Timestep chopped to 21.643058 days


Starting time step 0, stepsize 21.6431 days, at day 374125/375950, date = 28-Apr-3049
 Newton its= 9, linearizations=10 (0.7sec), linear its= 25 (1.7sec)

Starting time step 1, stepsize 19.2383 days, at day 374147/375950, date = 19-May-3049
 Newton its= 5, linearizations= 6 (0.4sec), linear its= 26 (1.5sec)

Starting time step 2, stepsize 42.3242 days, at day 374166/375950, date = 07-Jun-3049
 Newton its= 8, linearizations= 9 (0.6sec), linear its= 44 (2.3sec)

Starting time step 3, stepsize 42.3242 days, at day 374208/375950, date = 20-Jul-3049
 Newton its= 5, linearizations= 6 (0.4sec), linear its= 31 (1.6sec)

Starting time step 4, stepsize 93.1132 days, at day 374251/375950, date = 31-Aug-3049
 Newton its= 8, linearizations= 9 (0.6sec), linear its= 47 (2.3sec)

Starting time step 5, stepsize 93.1132 days, at day 374344/375950, date = 02-Dec-3049
 Newton its= 7, linearizations= 8 (0.6sec), linear its= 51 (2.6sec)

Starting time step 6, stepsize 130.359 days, at day 374437/375950, date = 05-Mar-3050
 Newton its= 9, linearizations=10 (0.7sec), linear its= 88 (4.1sec)

Starting time step 7, stepsize 115.874 days, at day 374567/375950, date = 14-Jul-3050
 Newton its= 7, linearizations= 8 (0.6sec), linear its= 54 (2.6sec)

Starting time step 8, stepsize 162.224 days, at day 374683/375950, date = 06-Nov-3050
 Newton its=10, linearizations=11 (0.8sec), linear its= 92 (4.2sec)

Starting time step 9, stepsize 129.779 days, at day 374845/375950, date = 18-Apr-3051
 Newton its= 7, linearizations= 8 (0.6sec), linear its= 68 (3.2sec)

Starting time step 10, stepsize 181.691 days, at day 374975/375950, date = 25-Aug-3051

Problem: Solver convergence failure - Numerical problem encountered
Timestep chopped to 59.957978 days


Starting time step 10, stepsize 59.958 days, at day 374975/375950, date = 25-Aug-3051
 Newton its= 5, linearizations= 6 (0.4sec), linear its= 37 (1.8sec)

Starting time step 11, stepsize 119.916 days, at day 375035/375950, date = 24-Oct-3051
    Oscillating behavior detected: Relaxation set to 0.900000
    Oscillating behavior detected: Relaxation set to 0.800000
    Oscillating behavior detected: Relaxation set to 0.700000
    Oscillating behavior detected: Relaxation set to 0.600000

Problem: Solver convergence failure - Iteration limit reached
Timestep chopped to 39.572266 days


Starting time step 11, stepsize 39.5723 days, at day 375035/375950, date = 24-Oct-3051
 Newton its= 4, linearizations= 5 (0.4sec), linear its= 24 (1.3sec)

Starting time step 12, stepsize 79.1445 days, at day 375075/375950, date = 03-Dec-3051
 Newton its= 6, linearizations= 7 (0.6sec), linear its= 51 (2.4sec)

Starting time step 13, stepsize 142.46 days, at day 375154/375950, date = 20-Feb-3052

Problem: Solver convergence failure - Iteration limit reached
Timestep chopped to 47.011851 days


Starting time step 13, stepsize 47.0119 days, at day 375154/375950, date = 20-Feb-3052
 Newton its= 3, linearizations= 4 (0.3sec), linear its= 22 (1.1sec)

Starting time step 14, stepsize 94.0237 days, at day 375201/375950, date = 07-Apr-3052
 Newton its= 9, linearizations=10 (0.9sec), linear its=107 (4.9sec)

Starting time step 15, stepsize 83.5766 days, at day 375295/375950, date = 10-Jul-3052

Problem: Solver convergence failure - Numerical problem encountered
Timestep chopped to 27.580286 days


Starting time step 15, stepsize 27.5803 days, at day 375295/375950, date = 10-Jul-3052
 Newton its= 3, linearizations= 4 (0.3sec), linear its= 20 (1.1sec)

Starting time step 16, stepsize 55.1606 days, at day 375322/375950, date = 07-Aug-3052
 Newton its= 5, linearizations= 6 (0.5sec), linear its= 36 (2.0sec)

Starting time step 17, stepsize 121.353 days, at day 375377/375950, date = 01-Oct-3052

Problem: Solver convergence failure - Numerical problem encountered
Timestep chopped to 40.046576 days


Starting time step 17, stepsize 40.0466 days, at day 375377/375950, date = 01-Oct-3052
 Newton its= 4, linearizations= 5 (0.5sec), linear its= 27 (1.4sec)

Starting time step 18, stepsize 80.0932 days, at day 375417/375950, date = 10-Nov-3052
 Newton its= 7, linearizations= 8 (0.8sec), linear its= 55 (2.8sec)

Starting time step 19, stepsize 112.13 days, at day 375498/375950, date = 29-Jan-3053
 Newton its= 7, linearizations= 8 (0.8sec), linear its= 64 (3.1sec)

Starting time step 20, stepsize 156.983 days, at day 375610/375950, date = 21-May-3053

Problem: Solver convergence failure - Iteration limit reached
Timestep chopped to 51.804250 days


Starting time step 20, stepsize 51.8043 days, at day 375610/375950, date = 21-May-3053
 Newton its= 4, linearizations= 5 (0.6sec), linear its= 28 (1.5sec)

Starting time step 21, stepsize 103.609 days, at day 375662/375950, date = 12-Jul-3053
 Newton its= 8, linearizations= 9 (0.8sec), linear its=111 (5.1sec)

Starting time step 22, stepsize 103.609 days, at day 375765/375950, date = 24-Oct-3053
 Newton its= 7, linearizations= 8 (0.7sec), linear its= 51 (2.7sec)

Starting time step 23, stepsize 81.2652 days, at day 375869/375950, date = 04-Feb-3054
 Newton its= 5, linearizations= 6 (0.5sec), linear its= 53 (2.8sec)

Report step  8/17 at day 375950/392375, date = 27-Apr-3054

Starting time step 0, stepsize 1825 days, at day 375950/377775, date = 27-Apr-3054

Problem: Solver convergence failure - Numerical problem encountered
Timestep chopped to 602.250000 days


Starting time step 0, stepsize 602.25 days, at day 375950/377775, date = 27-Apr-3054

Problem: Solver convergence failure - Numerical problem encountered
Timestep chopped to 198.742500 days


Starting time step 0, stepsize 198.743 days, at day 375950/377775, date = 27-Apr-3054

Problem: Solver convergence failure - Numerical problem encountered
Timestep chopped to 65.585025 days


Starting time step 0, stepsize 65.585 days, at day 375950/377775, date = 27-Apr-3054

Problem: Solver convergence failure - Numerical problem encountered
Timestep chopped to 21.643058 days


Starting time step 0, stepsize 21.6431 days, at day 375950/377775, date = 27-Apr-3054
 Newton its= 3, linearizations= 4 (0.3sec), linear its= 23 (1.1sec)

Starting time step 1, stepsize 43.2861 days, at day 375972/377775, date = 18-May-3054
 Newton its= 3, linearizations= 4 (0.3sec), linear its= 19 (0.9sec)

Starting time step 2, stepsize 129.858 days, at day 376015/377775, date = 30-Jun-3054
    Oscillating behavior detected: Relaxation set to 0.900000
 Newton its=13, linearizations=14 (1.4sec), linear its=138 (6.7sec)

Starting time step 3, stepsize 79.9128 days, at day 376145/377775, date = 07-Nov-3054
 Newton its= 6, linearizations= 7 (0.8sec), linear its= 49 (2.5sec)

Starting time step 4, stepsize 143.843 days, at day 376225/377775, date = 26-Jan-3055
    Oscillating behavior detected: Relaxation set to 0.900000
    Oscillating behavior detected: Relaxation set to 0.800000
    Oscillating behavior detected: Relaxation set to 0.700000
    Oscillating behavior detected: Relaxation set to 0.600000

Problem: Solver convergence failure - Iteration limit reached
Timestep chopped to 47.468221 days


Starting time step 4, stepsize 47.4682 days, at day 376225/377775, date = 26-Jan-3055
 Newton its= 4, linearizations= 5 (0.6sec), linear its= 28 (1.6sec)

Starting time step 5, stepsize 94.9364 days, at day 376272/377775, date = 15-Mar-3055
 Newton its= 5, linearizations= 6 (0.5sec), linear its= 44 (2.3sec)

Starting time step 6, stepsize 208.86 days, at day 376367/377775, date = 18-Jun-3055

Problem: Solver convergence failure - Iteration limit reached
Timestep chopped to 68.923857 days


Starting time step 6, stepsize 68.9239 days, at day 376367/377775, date = 18-Jun-3055
 Newton its= 5, linearizations= 6 (0.6sec), linear its= 37 (1.9sec)

Starting time step 7, stepsize 137.848 days, at day 376436/377775, date = 26-Aug-3055
    Oscillating behavior detected: Relaxation set to 0.900000
    Oscillating behavior detected: Relaxation set to 0.800000
    Oscillating behavior detected: Relaxation set to 0.700000
    Oscillating behavior detected: Relaxation set to 0.600000

Problem: Solver convergence failure - Iteration limit reached
Timestep chopped to 45.489746 days


Starting time step 7, stepsize 45.4897 days, at day 376436/377775, date = 26-Aug-3055
 Newton its= 5, linearizations= 6 (0.6sec), linear its= 34 (1.9sec)

Starting time step 8, stepsize 90.9795 days, at day 376482/377775, date = 10-Oct-3055
 Newton its= 6, linearizations= 7 (0.6sec), linear its= 54 (2.8sec)

Starting time step 9, stepsize 163.763 days, at day 376572/377775, date = 09-Jan-3056

Warning: Full linear solver tolerance not achieved. The reduction is:0.000351846 after 20 iterations 
    Oscillating behavior detected: Relaxation set to 0.900000
    Oscillating behavior detected: Relaxation set to 0.800000
    Oscillating behavior detected: Relaxation set to 0.700000

Problem: Solver convergence failure - Iteration limit reached
Timestep chopped to 54.041818 days


Starting time step 9, stepsize 54.0418 days, at day 376572/377775, date = 09-Jan-3056
 Newton its= 4, linearizations= 5 (0.4sec), linear its= 23 (1.4sec)

Starting time step 10, stepsize 108.084 days, at day 376627/377775, date = 03-Mar-3056
    Oscillating behavior detected: Relaxation set to 0.900000
    Oscillating behavior detected: Relaxation set to 0.800000
    Oscillating behavior detected: Relaxation set to 0.700000
    Oscillating behavior detected: Relaxation set to 0.600000
    Oscillating behavior detected: Relaxation set to 0.500000
    Oscillating behavior detected: Relaxation set to 0.500000

Problem: Solver convergence failure - Iteration limit reached
Timestep chopped to 35.667600 days


Starting time step 10, stepsize 35.6676 days, at day 376627/377775, date = 03-Mar-3056
 Newton its= 3, linearizations= 4 (0.9sec), linear its= 21 (1.2sec)

Starting time step 11, stepsize 71.3352 days, at day 376662/377775, date = 08-Apr-3056
 Newton its= 5, linearizations= 6 (1.3sec), linear its= 45 (2.7sec)

Starting time step 12, stepsize 156.937 days, at day 376734/377775, date = 18-Jun-3056

Problem: Solver convergence failure - Numerical problem encountered
Timestep chopped to 51.789355 days


Starting time step 12, stepsize 51.7894 days, at day 376734/377775, date = 18-Jun-3056

Problem: Solver convergence failure - Numerical problem encountered
Timestep chopped to 17.090487 days


Starting time step 12, stepsize 17.0905 days, at day 376734/377775, date = 18-Jun-3056
 Newton its= 1, linearizations= 2 (0.2sec), linear its=  6 (0.3sec)

Starting time step 13, stepsize 34.181 days, at day 376751/377775, date = 05-Jul-3056
 Newton its= 3, linearizations= 4 (0.3sec), linear its= 21 (1.0sec)

Starting time step 14, stepsize 102.543 days, at day 376785/377775, date = 08-Aug-3056

Warning: Full linear solver tolerance not achieved. The reduction is:0.000970623 after 20 iterations 

Problem: Solver convergence failure - Numerical problem encountered
Timestep chopped to 33.839165 days


Starting time step 14, stepsize 33.8392 days, at day 376785/377775, date = 08-Aug-3056

Warning: Full linear solver tolerance not achieved. The reduction is:0.0090778 after 20 iterations 

Problem: Solver convergence failure - Numerical problem encountered
Timestep chopped to 11.166924 days


Starting time step 14, stepsize 11.1669 days, at day 376785/377775, date = 08-Aug-3056

Problem: Solver convergence failure - Numerical problem encountered
Timestep chopped to 3.685085 days


Starting time step 14, stepsize 3.68509 days, at day 376785/377775, date = 08-Aug-3056
 Newton its= 1, linearizations= 2 (0.1sec), linear its=  4 (0.2sec)

Starting time step 15, stepsize 7.37017 days, at day 376788/377775, date = 12-Aug-3056
 Newton its= 2, linearizations= 3 (0.2sec), linear its= 12 (0.6sec)

Starting time step 16, stepsize 22.1105 days, at day 376796/377775, date = 19-Aug-3056
 Newton its= 2, linearizations= 3 (0.2sec), linear its= 13 (0.6sec)

Starting time step 17, stepsize 66.3315 days, at day 376818/377775, date = 10-Sep-3056
 Newton its= 5, linearizations= 6 (0.4sec), linear its= 42 (1.9sec)

Starting time step 18, stepsize 145.929 days, at day 376884/377775, date = 16-Nov-3056

Warning: Full linear solver tolerance not achieved. The reduction is:0.00638373 after 20 iterations 

Problem: Solver convergence failure - Numerical problem encountered
Timestep chopped to 48.156691 days


Starting time step 18, stepsize 48.1567 days, at day 376884/377775, date = 16-Nov-3056

Problem: Solver convergence failure - Numerical problem encountered
Timestep chopped to 15.891708 days


Starting time step 18, stepsize 15.8917 days, at day 376884/377775, date = 16-Nov-3056
 Newton its= 1, linearizations= 2 (0.1sec), linear its=  5 (0.3sec)

Starting time step 19, stepsize 31.7834 days, at day 376900/377775, date = 02-Dec-3056
 Newton its= 3, linearizations= 4 (0.3sec), linear its= 27 (1.2sec)

Starting time step 20, stepsize 95.3502 days, at day 376932/377775, date = 02-Jan-3057

Warning: Full linear solver tolerance not achieved. The reduction is:0.000418162 after 20 iterations 

Warning: Full linear solver tolerance not achieved. The reduction is:0.000759442 after 20 iterations 
    Oscillating behavior detected: Relaxation set to 0.900000
    Oscillating behavior detected: Relaxation set to 0.800000
    Oscillating behavior detected: Relaxation set to 0.700000
 Newton its=18, linearizations=19 (1.3sec), linear its=188 (8.1sec)

Starting time step 21, stepsize 42.3779 days, at day 377027/377775, date = 08-Apr-3057
 Newton its= 4, linearizations= 5 (0.3sec), linear its= 22 (1.3sec)

Starting time step 22, stepsize 110.183 days, at day 377070/377775, date = 20-May-3057

Problem: Solver convergence failure - Numerical problem encountered
Timestep chopped to 36.360228 days


Starting time step 22, stepsize 36.3602 days, at day 377070/377775, date = 20-May-3057
 Newton its= 3, linearizations= 4 (0.3sec), linear its= 21 (1.0sec)

Starting time step 23, stepsize 72.7205 days, at day 377106/377775, date = 26-Jun-3057
 Newton its= 5, linearizations= 6 (0.4sec), linear its= 43 (2.0sec)

Starting time step 24, stepsize 159.985 days, at day 377179/377775, date = 06-Sep-3057
    Oscillating behavior detected: Relaxation set to 0.900000
    Oscillating behavior detected: Relaxation set to 0.800000

Problem: Solver convergence failure - Iteration limit reached
Timestep chopped to 52.795051 days


Starting time step 24, stepsize 52.7951 days, at day 377179/377775, date = 06-Sep-3057
 Newton its= 4, linearizations= 5 (0.3sec), linear its= 34 (1.5sec)

Starting time step 25, stepsize 105.59 days, at day 377232/377775, date = 29-Oct-3057

Warning: Full linear solver tolerance not achieved. The reduction is:0.000297479 after 20 iterations 

Warning: Full linear solver tolerance not achieved. The reduction is:0.00067024 after 20 iterations 

Warning: Full linear solver tolerance not achieved. The reduction is:0.00081664 after 20 iterations 

Problem: Solver convergence failure - Iteration limit reached
Timestep chopped to 34.844734 days


Starting time step 25, stepsize 34.8447 days, at day 377232/377775, date = 29-Oct-3057
 Newton its= 3, linearizations= 4 (0.3sec), linear its= 20 (0.9sec)

Starting time step 26, stepsize 69.6895 days, at day 377266/377775, date = 03-Dec-3057
 Newton its= 5, linearizations= 6 (0.4sec), linear its= 50 (2.3sec)

Starting time step 27, stepsize 153.317 days, at day 377336/377775, date = 11-Feb-3058

Problem: Solver convergence failure - Iteration limit reached
Timestep chopped to 50.594553 days


Starting time step 27, stepsize 50.5946 days, at day 377336/377775, date = 11-Feb-3058
 Newton its= 3, linearizations= 4 (0.3sec), linear its= 26 (1.3sec)

Starting time step 28, stepsize 101.189 days, at day 377387/377775, date = 02-Apr-3058

Warning: Full linear solver tolerance not achieved. The reduction is:0.00356685 after 20 iterations 

Problem: Solver convergence failure - Numerical problem encountered
Timestep chopped to 33.392405 days


Starting time step 28, stepsize 33.3924 days, at day 377387/377775, date = 02-Apr-3058

Problem: Solver convergence failure - Numerical problem encountered
Timestep chopped to 11.019494 days


Starting time step 28, stepsize 11.0195 days, at day 377387/377775, date = 02-Apr-3058
 Newton its= 1, linearizations= 2 (0.1sec), linear its=  5 (0.3sec)

Starting time step 29, stepsize 22.039 days, at day 377398/377775, date = 13-Apr-3058
 Newton its= 2, linearizations= 3 (0.2sec), linear its= 12 (0.7sec)

Starting time step 30, stepsize 66.117 days, at day 377420/377775, date = 05-May-3058
 Newton its= 5, linearizations= 6 (0.5sec), linear its= 42 (2.1sec)

Starting time step 31, stepsize 145.457 days, at day 377486/377775, date = 10-Jul-3058

Problem: Solver convergence failure - Numerical problem encountered
Timestep chopped to 48.000915 days


Starting time step 31, stepsize 48.0009 days, at day 377486/377775, date = 10-Jul-3058

Problem: Solver convergence failure - Numerical problem encountered
Timestep chopped to 15.840302 days


Starting time step 31, stepsize 15.8403 days, at day 377486/377775, date = 10-Jul-3058
 Newton its= 1, linearizations= 2 (0.1sec), linear its=  5 (0.3sec)

Starting time step 32, stepsize 31.6806 days, at day 377502/377775, date = 26-Jul-3058
 Newton its= 3, linearizations= 4 (0.3sec), linear its= 17 (1.0sec)

Starting time step 33, stepsize 95.0418 days, at day 377533/377775, date = 27-Aug-3058
 Newton its= 7, linearizations= 8 (0.6sec), linear its= 71 (3.4sec)

Starting time step 34, stepsize 73.2713 days, at day 377628/377775, date = 30-Nov-3058
 Newton its= 5, linearizations= 6 (0.4sec), linear its= 45 (2.1sec)

Starting time step 35, stepsize 73.2713 days, at day 377702/377775, date = 11-Feb-3059
 Newton its= 5, linearizations= 6 (0.4sec), linear its= 45 (2.2sec)

Report step  9/17 at day 377775/392375, date = 26-Apr-3059

Starting time step 0, stepsize 1825 days, at day 377775/379600, date = 26-Apr-3059

Problem: Solver convergence failure - Numerical problem encountered
Timestep chopped to 602.250000 days


Starting time step 0, stepsize 602.25 days, at day 377775/379600, date = 26-Apr-3059

Warning: Full linear solver tolerance not achieved. The reduction is:0.00123614 after 20 iterations 

Warning: Full linear solver tolerance not achieved. The reduction is:0.00170651 after 20 iterations 

Problem: Solver convergence failure - Numerical problem encountered
Timestep chopped to 198.742500 days


Starting time step 0, stepsize 198.743 days, at day 377775/379600, date = 26-Apr-3059

Problem: Solver convergence failure - Numerical problem encountered
Timestep chopped to 65.585025 days


Starting time step 0, stepsize 65.585 days, at day 377775/379600, date = 26-Apr-3059
 Newton its= 4, linearizations= 5 (0.4sec), linear its= 31 (1.5sec)

Starting time step 1, stepsize 131.17 days, at day 377841/379600, date = 30-Jun-3059

Problem: Solver convergence failure - Iteration limit reached
Timestep chopped to 43.286117 days


Starting time step 1, stepsize 43.2861 days, at day 377841/379600, date = 30-Jun-3059
 Newton its= 3, linearizations= 4 (0.3sec), linear its= 23 (1.1sec)

Starting time step 2, stepsize 86.5722 days, at day 377884/379600, date = 12-Aug-3059
 Newton its= 5, linearizations= 6 (0.4sec), linear its= 46 (2.1sec)

Starting time step 3, stepsize 190.459 days, at day 377970/379600, date = 07-Nov-3059
    Oscillating behavior detected: Relaxation set to 0.900000

Problem: Solver convergence failure - Iteration limit reached
Timestep chopped to 62.851441 days


Starting time step 3, stepsize 62.8514 days, at day 377970/379600, date = 07-Nov-3059
 Newton its= 4, linearizations= 5 (0.3sec), linear its= 24 (1.2sec)

Starting time step 4, stepsize 125.703 days, at day 378033/379600, date = 09-Jan-3060

Warning: Full linear solver tolerance not achieved. The reduction is:0.00055427 after 20 iterations 

Problem: Solver convergence failure - Numerical problem encountered
Timestep chopped to 41.481951 days


Starting time step 4, stepsize 41.482 days, at day 378033/379600, date = 09-Jan-3060

Problem: Solver convergence failure - Numerical problem encountered
Timestep chopped to 13.689044 days


Starting time step 4, stepsize 13.689 days, at day 378033/379600, date = 09-Jan-3060
 Newton its= 1, linearizations= 2 (0.1sec), linear its=  7 (0.4sec)

Starting time step 5, stepsize 27.3781 days, at day 378047/379600, date = 22-Jan-3060
 Newton its= 3, linearizations= 4 (0.3sec), linear its= 19 (1.0sec)

Starting time step 6, stepsize 82.1343 days, at day 378074/379600, date = 19-Feb-3060
 Newton its= 5, linearizations= 6 (0.4sec), linear its= 33 (1.6sec)

Starting time step 7, stepsize 180.695 days, at day 378156/379600, date = 11-May-3060

Problem: Solver convergence failure - Iteration limit reached
Timestep chopped to 59.629475 days


Starting time step 7, stepsize 59.6295 days, at day 378156/379600, date = 11-May-3060
 Newton its= 4, linearizations= 5 (0.3sec), linear its= 22 (1.2sec)

Starting time step 8, stepsize 119.259 days, at day 378216/379600, date = 10-Jul-3060
    Oscillating behavior detected: Relaxation set to 0.900000
    Oscillating behavior detected: Relaxation set to 0.800000
    Oscillating behavior detected: Relaxation set to 0.700000
    Oscillating behavior detected: Relaxation set to 0.600000
    Oscillating behavior detected: Relaxation set to 0.500000
    Oscillating behavior detected: Relaxation set to 0.500000

Problem: Solver convergence failure - Iteration limit reached
Timestep chopped to 39.355454 days


Starting time step 8, stepsize 39.3555 days, at day 378216/379600, date = 10-Jul-3060
 Newton its= 3, linearizations= 4 (0.3sec), linear its= 26 (1.2sec)

Starting time step 9, stepsize 78.7109 days, at day 378255/379600, date = 18-Aug-3060
 Newton its= 5, linearizations= 6 (0.4sec), linear its= 46 (2.3sec)

Starting time step 10, stepsize 173.164 days, at day 378334/379600, date = 05-Nov-3060

Warning: Full linear solver tolerance not achieved. The reduction is:0.00632692 after 20 iterations 

Warning: Full linear solver tolerance not achieved. The reduction is:0.000278418 after 20 iterations 

Warning: Full linear solver tolerance not achieved. The reduction is:0.00038535 after 20 iterations 

Warning: Full linear solver tolerance not achieved. The reduction is:0.000736215 after 20 iterations 

Warning: Full linear solver tolerance not achieved. The reduction is:0.00264624 after 20 iterations 

Warning: Full linear solver tolerance not achieved. The reduction is:0.000984365 after 20 iterations 

Problem: Solver convergence failure - Iteration limit reached
Timestep chopped to 57.144119 days


Starting time step 10, stepsize 57.1441 days, at day 378334/379600, date = 05-Nov-3060
 Newton its= 5, linearizations= 6 (0.4sec), linear its= 39 (1.9sec)

Starting time step 11, stepsize 114.288 days, at day 378391/379600, date = 01-Jan-3061
 Newton its=12, linearizations=13 (0.9sec), linear its=162 (7.1sec)

Starting time step 12, stepsize 76.1922 days, at day 378506/379600, date = 25-Apr-3061
 Newton its= 4, linearizations= 5 (0.3sec), linear its= 37 (1.8sec)

Starting time step 13, stepsize 198.1 days, at day 378582/379600, date = 10-Jul-3061

Warning: Full linear solver tolerance not achieved. The reduction is:0.000293964 after 20 iterations 
    Oscillating behavior detected: Relaxation set to 0.900000
    Oscillating behavior detected: Relaxation set to 0.800000

Problem: Solver convergence failure - Iteration limit reached
Timestep chopped to 65.372872 days


Starting time step 13, stepsize 65.3729 days, at day 378582/379600, date = 10-Jul-3061
 Newton its= 4, linearizations= 5 (0.3sec), linear its= 26 (1.3sec)

Starting time step 14, stepsize 130.746 days, at day 378647/379600, date = 14-Sep-3061

Problem: Solver convergence failure - Numerical problem encountered
Timestep chopped to 43.146095 days


Starting time step 14, stepsize 43.1461 days, at day 378647/379600, date = 14-Sep-3061

Problem: Solver convergence failure - Numerical problem encountered
Timestep chopped to 14.238211 days


Starting time step 14, stepsize 14.2382 days, at day 378647/379600, date = 14-Sep-3061
 Newton its= 1, linearizations= 2 (0.1sec), linear its=  3 (0.2sec)

Starting time step 15, stepsize 28.4764 days, at day 378661/379600, date = 28-Sep-3061
 Newton its= 3, linearizations= 4 (0.3sec), linear its= 25 (1.3sec)

Starting time step 16, stepsize 85.4293 days, at day 378690/379600, date = 26-Oct-3061

Warning: Full linear solver tolerance not achieved. The reduction is:0.000863387 after 20 iterations 

Problem: Solver convergence failure - Numerical problem encountered
Timestep chopped to 28.191659 days


Starting time step 16, stepsize 28.1917 days, at day 378690/379600, date = 26-Oct-3061

Warning: Full linear solver tolerance not achieved. The reduction is:0.00100215 after 20 iterations 

Problem: Solver convergence failure - Numerical problem encountered
Timestep chopped to 9.303247 days


Starting time step 16, stepsize 9.30325 days, at day 378690/379600, date = 26-Oct-3061

Problem: Solver convergence failure - Numerical problem encountered
Timestep chopped to 3.070072 days


Starting time step 16, stepsize 3.07007 days, at day 378690/379600, date = 26-Oct-3061
 Newton its= 1, linearizations= 2 (0.2sec), linear its=  5 (0.3sec)

Starting time step 17, stepsize 6.14014 days, at day 378693/379600, date = 29-Oct-3061
 Newton its= 1, linearizations= 2 (0.1sec), linear its=  4 (0.2sec)

Starting time step 18, stepsize 18.4204 days, at day 378699/379600, date = 05-Nov-3061
 Newton its= 1, linearizations= 2 (0.1sec), linear its=  5 (0.3sec)

Starting time step 19, stepsize 55.2613 days, at day 378718/379600, date = 23-Nov-3061
 Newton its= 4, linearizations= 5 (0.4sec), linear its= 39 (1.9sec)

Starting time step 20, stepsize 143.679 days, at day 378773/379600, date = 17-Jan-3062

Warning: Full linear solver tolerance not achieved. The reduction is:0.000558537 after 20 iterations 

Problem: Solver convergence failure - Numerical problem encountered
Timestep chopped to 47.414186 days


Starting time step 20, stepsize 47.4142 days, at day 378773/379600, date = 17-Jan-3062

Warning: Full linear solver tolerance not achieved. The reduction is:0.00297347 after 20 iterations 

Problem: Solver convergence failure - Numerical problem encountered
Timestep chopped to 15.646681 days


Starting time step 20, stepsize 15.6467 days, at day 378773/379600, date = 17-Jan-3062
 Newton its= 1, linearizations= 2 (0.2sec), linear its=  5 (0.3sec)

Starting time step 21, stepsize 31.2934 days, at day 378788/379600, date = 02-Feb-3062
 Newton its= 3, linearizations= 4 (0.3sec), linear its= 20 (1.0sec)

Starting time step 22, stepsize 93.8801 days, at day 378820/379600, date = 05-Mar-3062
 Newton its= 6, linearizations= 7 (0.5sec), linear its= 72 (3.3sec)

Starting time step 23, stepsize 168.984 days, at day 378914/379600, date = 07-Jun-3062

Warning: Full linear solver tolerance not achieved. The reduction is:0.000770794 after 20 iterations 

Warning: Full linear solver tolerance not achieved. The reduction is:0.000612308 after 20 iterations 

Problem: Solver convergence failure - Iteration limit reached
Timestep chopped to 55.764773 days


Starting time step 23, stepsize 55.7648 days, at day 378914/379600, date = 07-Jun-3062
 Newton its= 3, linearizations= 4 (0.3sec), linear its= 21 (1.0sec)

Starting time step 24, stepsize 111.53 days, at day 378969/379600, date = 02-Aug-3062

Warning: Full linear solver tolerance not achieved. The reduction is:0.00735419 after 20 iterations 

Problem: Solver convergence failure - Numerical problem encountered
Timestep chopped to 36.804750 days


Starting time step 24, stepsize 36.8048 days, at day 378969/379600, date = 02-Aug-3062

Problem: Solver convergence failure - Numerical problem encountered
Timestep chopped to 12.145568 days


Starting time step 24, stepsize 12.1456 days, at day 378969/379600, date = 02-Aug-3062
 Newton its= 1, linearizations= 2 (0.1sec), linear its=  5 (0.3sec)

Starting time step 25, stepsize 24.2911 days, at day 378982/379600, date = 14-Aug-3062
 Newton its= 2, linearizations= 3 (0.3sec), linear its= 18 (0.8sec)

Starting time step 26, stepsize 72.8734 days, at day 379006/379600, date = 07-Sep-3062
 Newton its= 4, linearizations= 5 (0.4sec), linear its= 38 (1.9sec)

Starting time step 27, stepsize 189.471 days, at day 379079/379600, date = 19-Nov-3062

Problem: Solver convergence failure - Iteration limit reached
Timestep chopped to 62.525382 days


Starting time step 27, stepsize 62.5254 days, at day 379079/379600, date = 19-Nov-3062
 Newton its= 4, linearizations= 5 (0.4sec), linear its= 27 (1.3sec)

Starting time step 28, stepsize 125.051 days, at day 379141/379600, date = 21-Jan-3063

Problem: Solver convergence failure - Numerical problem encountered
Timestep chopped to 41.266752 days


Starting time step 28, stepsize 41.2668 days, at day 379141/379600, date = 21-Jan-3063

Problem: Solver convergence failure - Numerical problem encountered
Timestep chopped to 13.618028 days


Starting time step 28, stepsize 13.618 days, at day 379141/379600, date = 21-Jan-3063
 Newton its= 1, linearizations= 2 (0.2sec), linear its=  5 (0.2sec)

Starting time step 29, stepsize 27.2361 days, at day 379155/379600, date = 03-Feb-3063
 Newton its= 2, linearizations= 3 (0.2sec), linear its= 13 (0.6sec)

Starting time step 30, stepsize 81.7082 days, at day 379182/379600, date = 03-Mar-3063
 Newton its= 5, linearizations= 6 (0.5sec), linear its= 48 (2.2sec)

Starting time step 31, stepsize 179.758 days, at day 379264/379600, date = 23-May-3063

Warning: Full linear solver tolerance not achieved. The reduction is:0.00326067 after 20 iterations 

Problem: Solver convergence failure - Numerical problem encountered
Timestep chopped to 59.320130 days


Starting time step 31, stepsize 59.3201 days, at day 379264/379600, date = 23-May-3063
 Newton its= 4, linearizations= 5 (0.4sec), linear its= 31 (1.5sec)

Starting time step 32, stepsize 118.64 days, at day 379323/379600, date = 22-Jul-3063

Warning: Full linear solver tolerance not achieved. The reduction is:0.000257815 after 20 iterations 
    Oscillating behavior detected: Relaxation set to 0.900000

Warning: Full linear solver tolerance not achieved. The reduction is:0.00112725 after 20 iterations 

Problem: Solver convergence failure - Iteration limit reached
Timestep chopped to 39.151286 days


Starting time step 32, stepsize 39.1513 days, at day 379323/379600, date = 22-Jul-3063
 Newton its= 3, linearizations= 4 (0.3sec), linear its= 23 (1.1sec)

Starting time step 33, stepsize 78.3026 days, at day 379362/379600, date = 30-Aug-3063
 Newton its= 5, linearizations= 6 (0.5sec), linear its= 49 (2.4sec)

Starting time step 34, stepsize 159.447 days, at day 379441/379600, date = 16-Nov-3063

Warning: Full linear solver tolerance not achieved. The reduction is:0.00129814 after 20 iterations 

Problem: Solver convergence failure - Iteration limit reached
Timestep chopped to 52.617630 days


Starting time step 34, stepsize 52.6176 days, at day 379441/379600, date = 16-Nov-3063
 Newton its= 3, linearizations= 4 (0.3sec), linear its= 24 (1.2sec)

Starting time step 35, stepsize 106.83 days, at day 379493/379600, date = 08-Jan-3064

Problem: Solver convergence failure - Numerical problem encountered
Timestep chopped to 35.253812 days


Starting time step 35, stepsize 35.2538 days, at day 379493/379600, date = 08-Jan-3064
 Newton its= 3, linearizations= 4 (0.3sec), linear its= 19 (1.0sec)

Starting time step 36, stepsize 71.5759 days, at day 379528/379600, date = 12-Feb-3064
 Newton its= 5, linearizations= 6 (0.4sec), linear its= 55 (2.5sec)

Report step 10/17 at day 379600/392375, date = 24-Apr-3064

Starting time step 0, stepsize 1825 days, at day 379600/381425, date = 24-Apr-3064

Problem: Solver convergence failure - Numerical problem encountered
Timestep chopped to 602.250000 days


Starting time step 0, stepsize 602.25 days, at day 379600/381425, date = 24-Apr-3064

Warning: Full linear solver tolerance not achieved. The reduction is:0.00275625 after 20 iterations 

Warning: Full linear solver tolerance not achieved. The reduction is:0.00154983 after 20 iterations 

Problem: Solver convergence failure - Numerical problem encountered
Timestep chopped to 198.742500 days


Starting time step 0, stepsize 198.743 days, at day 379600/381425, date = 24-Apr-3064

Problem: Solver convergence failure - Numerical problem encountered
Timestep chopped to 65.585025 days


Starting time step 0, stepsize 65.585 days, at day 379600/381425, date = 24-Apr-3064
 Newton its= 4, linearizations= 5 (0.4sec), linear its= 33 (1.7sec)

Starting time step 1, stepsize 131.17 days, at day 379666/381425, date = 28-Jun-3064

Warning: Full linear solver tolerance not achieved. The reduction is:0.0028869 after 20 iterations 

Problem: Solver convergence failure - Numerical problem encountered
Timestep chopped to 43.286117 days


Starting time step 1, stepsize 43.2861 days, at day 379666/381425, date = 28-Jun-3064

Problem: Solver convergence failure - Numerical problem encountered
Timestep chopped to 14.284418 days


Starting time step 1, stepsize 14.2844 days, at day 379666/381425, date = 28-Jun-3064
 Newton its= 1, linearizations= 2 (0.1sec), linear its=  7 (0.3sec)

Starting time step 2, stepsize 28.5688 days, at day 379680/381425, date = 12-Jul-3064
 Newton its= 2, linearizations= 3 (0.2sec), linear its= 17 (0.9sec)

Starting time step 3, stepsize 85.7065 days, at day 379708/381425, date = 10-Aug-3064
 Newton its= 7, linearizations= 8 (0.6sec), linear its= 57 (2.8sec)

Starting time step 4, stepsize 119.989 days, at day 379794/381425, date = 04-Nov-3064

Warning: Full linear solver tolerance not achieved. The reduction is:0.000720309 after 20 iterations 

Warning: Full linear solver tolerance not achieved. The reduction is:0.00216877 after 20 iterations 

Warning: Full linear solver tolerance not achieved. The reduction is:0.000346324 after 20 iterations 

Warning: Full linear solver tolerance not achieved. The reduction is:0.00250608 after 20 iterations 

Warning: Full linear solver tolerance not achieved. The reduction is:0.00755507 after 20 iterations 

Problem: Solver convergence failure - Numerical problem encountered
Timestep chopped to 39.596408 days


Starting time step 4, stepsize 39.5964 days, at day 379794/381425, date = 04-Nov-3064

Problem: Solver convergence failure - Numerical problem encountered
Timestep chopped to 13.066815 days


Starting time step 4, stepsize 13.0668 days, at day 379794/381425, date = 04-Nov-3064
 Newton its= 1, linearizations= 2 (0.1sec), linear its=  5 (0.3sec)

Starting time step 5, stepsize 26.1336 days, at day 379807/381425, date = 17-Nov-3064
 Newton its= 3, linearizations= 4 (0.3sec), linear its= 24 (1.1sec)

Starting time step 6, stepsize 78.4009 days, at day 379833/381425, date = 13-Dec-3064
 Newton its= 5, linearizations= 6 (0.4sec), linear its= 44 (2.2sec)

Starting time step 7, stepsize 172.482 days, at day 379912/381425, date = 01-Mar-3065

Problem: Solver convergence failure - Iteration limit reached
Timestep chopped to 56.919044 days


Starting time step 7, stepsize 56.919 days, at day 379912/381425, date = 01-Mar-3065
 Newton its= 4, linearizations= 5 (0.4sec), linear its= 24 (1.4sec)

Starting time step 8, stepsize 113.838 days, at day 379969/381425, date = 27-Apr-3065

Problem: Solver convergence failure - Numerical problem encountered
Timestep chopped to 37.566569 days


Starting time step 8, stepsize 37.5666 days, at day 379969/381425, date = 27-Apr-3065
 Newton its= 3, linearizations= 4 (0.3sec), linear its= 23 (1.2sec)

Starting time step 9, stepsize 75.1331 days, at day 380006/381425, date = 04-Jun-3065
 Newton its= 4, linearizations= 5 (0.4sec), linear its= 33 (1.6sec)

Starting time step 10, stepsize 195.346 days, at day 380081/381425, date = 18-Aug-3065

Problem: Solver convergence failure - Iteration limit reached
Timestep chopped to 64.464233 days


Starting time step 10, stepsize 64.4642 days, at day 380081/381425, date = 18-Aug-3065
 Newton its= 4, linearizations= 5 (0.5sec), linear its= 29 (1.7sec)

Starting time step 11, stepsize 128.928 days, at day 380146/381425, date = 21-Oct-3065

Warning: Full linear solver tolerance not achieved. The reduction is:0.000723143 after 20 iterations 

Warning: Full linear solver tolerance not achieved. The reduction is:0.00113814 after 20 iterations 

Problem: Solver convergence failure - Numerical problem encountered
Timestep chopped to 42.546394 days


Starting time step 11, stepsize 42.5464 days, at day 380146/381425, date = 21-Oct-3065

Warning: Full linear solver tolerance not achieved. The reduction is:0.000514687 after 20 iterations 

Warning: Full linear solver tolerance not achieved. The reduction is:0.00135079 after 20 iterations 

Problem: Solver convergence failure - Numerical problem encountered
Timestep chopped to 14.040310 days


Starting time step 11, stepsize 14.0403 days, at day 380146/381425, date = 21-Oct-3065

Problem: Solver convergence failure - Numerical problem encountered
Timestep chopped to 4.633302 days


Starting time step 11, stepsize 4.6333 days, at day 380146/381425, date = 21-Oct-3065
 Newton its= 1, linearizations= 2 (0.2sec), linear its=  5 (0.3sec)

Starting time step 12, stepsize 9.2666 days, at day 380150/381425, date = 26-Oct-3065
 Newton its= 1, linearizations= 2 (0.2sec), linear its=  3 (0.2sec)

Starting time step 13, stepsize 27.7998 days, at day 380160/381425, date = 04-Nov-3065
 Newton its= 2, linearizations= 3 (0.2sec), linear its= 13 (0.7sec)

Starting time step 14, stepsize 83.3994 days, at day 380188/381425, date = 02-Dec-3065
 Newton its= 4, linearizations= 5 (0.5sec), linear its= 45 (2.3sec)

Starting time step 15, stepsize 216.839 days, at day 380271/381425, date = 23-Feb-3066

Problem: Solver convergence failure - Iteration limit reached
Timestep chopped to 71.556720 days


Starting time step 15, stepsize 71.5567 days, at day 380271/381425, date = 23-Feb-3066
 Newton its= 4, linearizations= 5 (0.4sec), linear its= 32 (1.7sec)

Starting time step 16, stepsize 143.113 days, at day 380342/381425, date = 06-May-3066

Warning: Full linear solver tolerance not achieved. The reduction is:0.00663368 after 20 iterations 

Warning: Full linear solver tolerance not achieved. The reduction is:0.000766669 after 20 iterations 

Problem: Solver convergence failure - Numerical problem encountered
Timestep chopped to 47.227436 days


Starting time step 16, stepsize 47.2274 days, at day 380342/381425, date = 06-May-3066

Problem: Solver convergence failure - Numerical problem encountered
Timestep chopped to 15.585054 days


Starting time step 16, stepsize 15.5851 days, at day 380342/381425, date = 06-May-3066
 Newton its= 1, linearizations= 2 (0.2sec), linear its=  4 (0.2sec)

Starting time step 17, stepsize 31.1701 days, at day 380358/381425, date = 22-May-3066
 Newton its= 3, linearizations= 4 (0.3sec), linear its= 28 (1.4sec)

Starting time step 18, stepsize 93.5103 days, at day 380389/381425, date = 22-Jun-3066

Warning: Full linear solver tolerance not achieved. The reduction is:0.00195425 after 20 iterations 
 Newton its= 8, linearizations= 9 (0.7sec), linear its=108 (5.2sec)

Starting time step 19, stepsize 93.5103 days, at day 380483/381425, date = 23-Sep-3066

Warning: Full linear solver tolerance not achieved. The reduction is:0.000376126 after 20 iterations 
    Oscillating behavior detected: Relaxation set to 0.900000
    Oscillating behavior detected: Relaxation set to 0.800000
    Oscillating behavior detected: Relaxation set to 0.700000

Problem: Solver convergence failure - Iteration limit reached
Timestep chopped to 30.858406 days


Starting time step 19, stepsize 30.8584 days, at day 380483/381425, date = 23-Sep-3066
 Newton its= 3, linearizations= 4 (0.3sec), linear its= 24 (1.2sec)

Starting time step 20, stepsize 61.7168 days, at day 380514/381425, date = 24-Oct-3066
 Newton its= 4, linearizations= 5 (0.4sec), linear its= 38 (1.9sec)

Starting time step 21, stepsize 160.464 days, at day 380575/381425, date = 25-Dec-3066

Warning: Full linear solver tolerance not achieved. The reduction is:0.000463106 after 20 iterations 

Problem: Solver convergence failure - Numerical problem encountered
Timestep chopped to 52.953025 days


Starting time step 21, stepsize 52.953 days, at day 380575/381425, date = 25-Dec-3066

Problem: Solver convergence failure - Numerical problem encountered
Timestep chopped to 17.474498 days


Starting time step 21, stepsize 17.4745 days, at day 380575/381425, date = 25-Dec-3066
 Newton its= 1, linearizations= 2 (0.2sec), linear its=  4 (0.3sec)

Starting time step 22, stepsize 34.949 days, at day 380593/381425, date = 11-Jan-3067
 Newton its= 3, linearizations= 4 (0.4sec), linear its= 23 (1059.8sec)

Starting time step 23, stepsize 104.847 days, at day 380628/381425, date = 15-Feb-3067

Warning: Full linear solver tolerance not achieved. The reduction is:0.00139363 after 20 iterations 

Warning: Full linear solver tolerance not achieved. The reduction is:0.00144174 after 20 iterations 

Warning: Full linear solver tolerance not achieved. The reduction is:0.000429648 after 20 iterations 

Problem: Solver convergence failure - Iteration limit reached
Timestep chopped to 34.599507 days


Starting time step 23, stepsize 34.5995 days, at day 380628/381425, date = 15-Feb-3067
 Newton its= 3, linearizations= 4 (0.5sec), linear its= 22 (1.2sec)

Starting time step 24, stepsize 69.199 days, at day 380662/381425, date = 22-Mar-3067
 Newton its= 4, linearizations= 5 (0.7sec), linear its= 38 (2.1sec)

Starting time step 25, stepsize 179.917 days, at day 380732/381425, date = 30-May-3067

Warning: Full linear solver tolerance not achieved. The reduction is:0.00845796 after 20 iterations 

Problem: Solver convergence failure - Numerical problem encountered
Timestep chopped to 59.372754 days


Starting time step 25, stepsize 59.3728 days, at day 380732/381425, date = 30-May-3067

Problem: Solver convergence failure - Numerical problem encountered
Timestep chopped to 19.593009 days


Starting time step 25, stepsize 19.593 days, at day 380732/381425, date = 30-May-3067
 Newton its= 2, linearizations= 3 (0.4sec), linear its= 14 (0.8sec)

Starting time step 26, stepsize 39.186 days, at day 380751/381425, date = 19-Jun-3067
 Newton its= 3, linearizations= 4 (0.3sec), linear its= 24 (1.1sec)

Starting time step 27, stepsize 117.558 days, at day 380790/381425, date = 28-Jul-3067

Warning: Full linear solver tolerance not achieved. The reduction is:0.00171389 after 20 iterations 

Warning: Full linear solver tolerance not achieved. The reduction is:0.000787308 after 20 iterations 

Warning: Full linear solver tolerance not achieved. The reduction is:0.00036111 after 20 iterations 

Warning: Full linear solver tolerance not achieved. The reduction is:0.00435446 after 20 iterations 
    Oscillating behavior detected: Relaxation set to 0.900000

Warning: Full linear solver tolerance not achieved. The reduction is:0.00419602 after 20 iterations 

Problem: Solver convergence failure - Numerical problem encountered
Timestep chopped to 38.794157 days


Starting time step 27, stepsize 38.7942 days, at day 380790/381425, date = 28-Jul-3067

Problem: Solver convergence failure - Numerical problem encountered
Timestep chopped to 12.802072 days


Starting time step 27, stepsize 12.8021 days, at day 380790/381425, date = 28-Jul-3067
 Newton its= 1, linearizations= 2 (0.2sec), linear its=  7 (408.4sec)

Starting time step 28, stepsize 25.6041 days, at day 380803/381425, date = 10-Aug-3067
 Newton its= 2, linearizations= 3 (0.2sec), linear its= 18 (0.9sec)

Starting time step 29, stepsize 76.8124 days, at day 380829/381425, date = 04-Sep-3067
    Oscillating behavior detected: Relaxation set to 0.900000
 Newton its= 4, linearizations= 5 (0.4sec), linear its= 44 (2.3sec)

Starting time step 30, stepsize 199.712 days, at day 380906/381425, date = 20-Nov-3067

Warning: Full linear solver tolerance not achieved. The reduction is:0.00115741 after 20 iterations 
    Oscillating behavior detected: Relaxation set to 0.900000
    Oscillating behavior detected: Relaxation set to 0.800000
    Oscillating behavior detected: Relaxation set to 0.700000
    Oscillating behavior detected: Relaxation set to 0.600000
    Oscillating behavior detected: Relaxation set to 0.500000

Problem: Solver convergence failure - Iteration limit reached
Timestep chopped to 65.905066 days


Starting time step 30, stepsize 65.9051 days, at day 380906/381425, date = 20-Nov-3067
 Newton its= 4, linearizations= 5 (0.4sec), linear its= 37 (1.7sec)

Starting time step 31, stepsize 131.81 days, at day 380971/381425, date = 25-Jan-3068

Warning: Full linear solver tolerance not achieved. The reduction is:0.00579302 after 20 iterations 

Warning: Full linear solver tolerance not achieved. The reduction is:0.000421083 after 20 iterations 

Warning: Full linear solver tolerance not achieved. The reduction is:0.00177703 after 20 iterations 

Warning: Full linear solver tolerance not achieved. The reduction is:0.00255945 after 20 iterations 

Warning: Full linear solver tolerance not achieved. The reduction is:0.00358965 after 20 iterations 

Problem: Solver convergence failure - Numerical problem encountered
Timestep chopped to 43.497344 days


Starting time step 31, stepsize 43.4973 days, at day 380971/381425, date = 25-Jan-3068

Problem: Solver convergence failure - Numerical problem encountered
Timestep chopped to 14.354123 days


Starting time step 31, stepsize 14.3541 days, at day 380971/381425, date = 25-Jan-3068
 Newton its= 1, linearizations= 2 (0.3sec), linear its=  5 (0.5sec)

Starting time step 32, stepsize 28.7082 days, at day 380986/381425, date = 08-Feb-3068
 Newton its= 3, linearizations= 4 (0.5sec), linear its= 23 (1.3sec)

Starting time step 33, stepsize 86.1247 days, at day 381015/381425, date = 08-Mar-3068

Warning: Full linear solver tolerance not achieved. The reduction is:0.000297363 after 20 iterations 
 Newton its= 5, linearizations= 6 (1.1sec), linear its= 68 (5.1sec)

Starting time step 34, stepsize 189.474 days, at day 381101/381425, date = 02-Jun-3068

Problem: Solver convergence failure - Iteration limit reached
Timestep chopped to 62.526561 days


Starting time step 34, stepsize 62.5266 days, at day 381101/381425, date = 02-Jun-3068
 Newton its= 3, linearizations= 4 (0.5sec), linear its= 23 (1.4sec)

Starting time step 35, stepsize 125.053 days, at day 381163/381425, date = 04-Aug-3068

Warning: Full linear solver tolerance not achieved. The reduction is:0.00825871 after 20 iterations 

Warning: Full linear solver tolerance not achieved. The reduction is:0.000345084 after 20 iterations 

Warning: Full linear solver tolerance not achieved. The reduction is:0.00455832 after 20 iterations 

Warning: Full linear solver tolerance not achieved. The reduction is:0.000271553 after 20 iterations 

Warning: Full linear solver tolerance not achieved. The reduction is:0.000343693 after 20 iterations 

Warning: Full linear solver tolerance not achieved. The reduction is:0.000602811 after 20 iterations 

Problem: Solver convergence failure - Numerical problem encountered
Timestep chopped to 41.267531 days


Starting time step 35, stepsize 41.2675 days, at day 381163/381425, date = 04-Aug-3068
 Newton its= 3, linearizations= 4 (0.5sec), linear its= 23 (1.3sec)

Starting time step 36, stepsize 82.5351 days, at day 381204/381425, date = 14-Sep-3068
 Newton its= 4, linearizations= 5 (0.5sec), linear its= 36 (2.2sec)

Starting time step 37, stepsize 138.033 days, at day 381287/381425, date = 05-Dec-3068

Warning: Full linear solver tolerance not achieved. The reduction is:0.000361789 after 20 iterations 

Problem: Solver convergence failure - Numerical problem encountered
Timestep chopped to 45.550986 days


Starting time step 37, stepsize 45.551 days, at day 381287/381425, date = 05-Dec-3068

Problem: Solver convergence failure - Numerical problem encountered
Timestep chopped to 15.031825 days


Starting time step 37, stepsize 15.0318 days, at day 381287/381425, date = 05-Dec-3068
 Newton its= 1, linearizations= 2 (0.2sec), linear its=  5 (0.4sec)

Starting time step 38, stepsize 30.0637 days, at day 381302/381425, date = 20-Dec-3068
 Newton its= 2, linearizations= 3 (0.4sec), linear its= 15 (0.9sec)

Starting time step 39, stepsize 92.9378 days, at day 381332/381425, date = 20-Jan-3069
 Newton its= 5, linearizations= 6 (0.6sec), linear its= 64 (3.2sec)

Report step 11/17 at day 381425/392375, date = 23-Apr-3069

Starting time step 0, stepsize 1825 days, at day 381425/383250, date = 23-Apr-3069

Warning: Full linear solver tolerance not achieved. The reduction is:0.00516845 after 20 iterations 

Problem: Solver convergence failure - Numerical problem encountered
Timestep chopped to 602.250000 days


Starting time step 0, stepsize 602.25 days, at day 381425/383250, date = 23-Apr-3069

Problem: Solver convergence failure - Numerical problem encountered
Timestep chopped to 198.742500 days


Starting time step 0, stepsize 198.743 days, at day 381425/383250, date = 23-Apr-3069
    Oscillating behavior detected: Relaxation set to 0.900000
    Oscillating behavior detected: Relaxation set to 0.800000

Problem: Solver convergence failure - Iteration limit reached
Timestep chopped to 65.585025 days


Starting time step 0, stepsize 65.585 days, at day 381425/383250, date = 23-Apr-3069
 Newton its= 3, linearizations= 4 (0.4sec), linear its= 24 (1.2sec)

Starting time step 1, stepsize 131.17 days, at day 381491/383250, date = 27-Jun-3069

Warning: Full linear solver tolerance not achieved. The reduction is:0.000803285 after 20 iterations 

Problem: Solver convergence failure - Numerical problem encountered
Timestep chopped to 43.286117 days


Starting time step 1, stepsize 43.2861 days, at day 381491/383250, date = 27-Jun-3069

Problem: Solver convergence failure - Numerical problem encountered
Timestep chopped to 14.284418 days


Starting time step 1, stepsize 14.2844 days, at day 381491/383250, date = 27-Jun-3069
 Newton its= 1, linearizations= 2 (0.2sec), linear its=  5 (0.3sec)

Starting time step 2, stepsize 28.5688 days, at day 381505/383250, date = 11-Jul-3069
 Newton its= 2, linearizations= 3 (0.2sec), linear its= 14 (0.8sec)

Starting time step 3, stepsize 85.7065 days, at day 381533/383250, date = 09-Aug-3069
 Newton its= 5, linearizations= 6 (0.5sec), linear its= 48 (2.5sec)

Starting time step 4, stepsize 188.554 days, at day 381619/383250, date = 03-Nov-3069
    Oscillating behavior detected: Relaxation set to 0.900000
 Newton its=12, linearizations=13 (1.1sec), linear its=145 (7.0sec)

Starting time step 5, stepsize 125.703 days, at day 381808/383250, date = 10-May-3070

Warning: Full linear solver tolerance not achieved. The reduction is:0.000396451 after 20 iterations 

Problem: Solver convergence failure - Numerical problem encountered
Timestep chopped to 41.481951 days


Starting time step 5, stepsize 41.482 days, at day 381808/383250, date = 10-May-3070

Problem: Solver convergence failure - Numerical problem encountered
Timestep chopped to 13.689044 days


Starting time step 5, stepsize 13.689 days, at day 381808/383250, date = 10-May-3070
 Newton its= 1, linearizations= 2 (0.2sec), linear its=  5 (0.3sec)

Starting time step 6, stepsize 27.3781 days, at day 381821/383250, date = 24-May-3070
 Newton its= 2, linearizations= 3 (0.2sec), linear its= 14 (0.7sec)

Starting time step 7, stepsize 82.1343 days, at day 381849/383250, date = 20-Jun-3070
 Newton its= 4, linearizations= 5 (0.4sec), linear its= 38 (1.9sec)

Starting time step 8, stepsize 213.549 days, at day 381931/383250, date = 10-Sep-3070

Problem: Solver convergence failure - Iteration limit reached
Timestep chopped to 70.471198 days


Starting time step 8, stepsize 70.4712 days, at day 381931/383250, date = 10-Sep-3070
 Newton its= 4, linearizations= 5 (0.4sec), linear its= 32 (1.8sec)

Starting time step 9, stepsize 140.942 days, at day 382001/383250, date = 20-Nov-3070

Warning: Full linear solver tolerance not achieved. The reduction is:0.00336124 after 20 iterations 

Problem: Solver convergence failure - Numerical problem encountered
Timestep chopped to 46.510991 days


Starting time step 9, stepsize 46.511 days, at day 382001/383250, date = 20-Nov-3070

Problem: Solver convergence failure - Numerical problem encountered
Timestep chopped to 15.348627 days


Starting time step 9, stepsize 15.3486 days, at day 382001/383250, date = 20-Nov-3070
 Newton its= 1, linearizations= 2 (0.2sec), linear its=  5 (0.3sec)

Starting time step 10, stepsize 30.6973 days, at day 382017/383250, date = 05-Dec-3070
 Newton its= 2, linearizations= 3 (0.2sec), linear its= 14 (0.7sec)

Starting time step 11, stepsize 92.0918 days, at day 382047/383250, date = 05-Jan-3071

Warning: Full linear solver tolerance not achieved. The reduction is:0.0084441 after 20 iterations 
 Newton its=14, linearizations=15 (1.5sec), linear its=160 (7.8sec)

Starting time step 12, stepsize 52.6239 days, at day 382140/383250, date = 07-Apr-3071
 Newton its= 4, linearizations= 5 (0.5sec), linear its= 33 (1.7sec)

Starting time step 13, stepsize 136.822 days, at day 382192/383250, date = 30-May-3071

Warning: Full linear solver tolerance not achieved. The reduction is:0.00173021 after 20 iterations 

Warning: Full linear solver tolerance not achieved. The reduction is:0.00314095 after 20 iterations 

Problem: Solver convergence failure - Numerical problem encountered
Timestep chopped to 45.151275 days


Starting time step 13, stepsize 45.1513 days, at day 382192/383250, date = 30-May-3071

Problem: Solver convergence failure - Numerical problem encountered
Timestep chopped to 14.899921 days


Starting time step 13, stepsize 14.8999 days, at day 382192/383250, date = 30-May-3071
 Newton its= 1, linearizations= 2 (0.2sec), linear its=  4 (0.2sec)

Starting time step 14, stepsize 29.7998 days, at day 382207/383250, date = 14-Jun-3071
 Newton its= 3, linearizations= 4 (0.4sec), linear its= 26 (1.3sec)

Starting time step 15, stepsize 89.3995 days, at day 382237/383250, date = 13-Jul-3071
 Newton its= 7, linearizations= 8 (0.7sec), linear its= 71 (3.4sec)

Starting time step 16, stepsize 125.159 days, at day 382326/383250, date = 11-Oct-3071

Problem: Solver convergence failure - Numerical problem encountered
Timestep chopped to 41.302580 days


Starting time step 16, stepsize 41.3026 days, at day 382326/383250, date = 11-Oct-3071

Problem: Solver convergence failure - Numerical problem encountered
Timestep chopped to 13.629852 days


Starting time step 16, stepsize 13.6299 days, at day 382326/383250, date = 11-Oct-3071
 Newton its= 1, linearizations= 2 (0.2sec), linear its=  5 (0.3sec)

Starting time step 17, stepsize 27.2597 days, at day 382340/383250, date = 24-Oct-3071
 Newton its= 3, linearizations= 4 (0.3sec), linear its= 23 (1.3sec)

Starting time step 18, stepsize 81.7791 days, at day 382367/383250, date = 21-Nov-3071
 Newton its= 4, linearizations= 5 (0.5sec), linear its= 41 (2.0sec)

Starting time step 19, stepsize 212.626 days, at day 382449/383250, date = 10-Feb-3072

Warning: Full linear solver tolerance not achieved. The reduction is:0.000286599 after 20 iterations 

Warning: Full linear solver tolerance not achieved. The reduction is:0.0052303 after 20 iterations 

Problem: Solver convergence failure - Iteration limit reached
Timestep chopped to 70.166476 days


Starting time step 19, stepsize 70.1665 days, at day 382449/383250, date = 10-Feb-3072
 Newton its= 5, linearizations= 6 (0.5sec), linear its= 42 (2.2sec)

Starting time step 20, stepsize 140.333 days, at day 382519/383250, date = 21-Apr-3072

Warning: Full linear solver tolerance not achieved. The reduction is:0.00128085 after 20 iterations 

Warning: Full linear solver tolerance not achieved. The reduction is:0.000544652 after 20 iterations 

Warning: Full linear solver tolerance not achieved. The reduction is:0.000500142 after 20 iterations 

Warning: Full linear solver tolerance not achieved. The reduction is:0.000376847 after 20 iterations 
    Oscillating behavior detected: Relaxation set to 0.900000

Problem: Solver convergence failure - Iteration limit reached
Timestep chopped to 46.309874 days


Starting time step 20, stepsize 46.3099 days, at day 382519/383250, date = 21-Apr-3072
 Newton its= 3, linearizations= 4 (0.4sec), linear its= 22 (1.1sec)

Starting time step 21, stepsize 92.6197 days, at day 382565/383250, date = 06-Jun-3072

Warning: Full linear solver tolerance not achieved. The reduction is:0.000405729 after 20 iterations 

Warning: Full linear solver tolerance not achieved. The reduction is:0.000434358 after 20 iterations 

Warning: Full linear solver tolerance not achieved. The reduction is:0.000465827 after 20 iterations 

Warning: Full linear solver tolerance not achieved. The reduction is:0.00512952 after 20 iterations 

Warning: Full linear solver tolerance not achieved. The reduction is:0.00191275 after 20 iterations 

Warning: Full linear solver tolerance not achieved. The reduction is:0.000564522 after 20 iterations 

Problem: Solver convergence failure - Iteration limit reached
Timestep chopped to 30.564517 days


Starting time step 21, stepsize 30.5645 days, at day 382565/383250, date = 06-Jun-3072
 Newton its= 3, linearizations= 4 (0.3sec), linear its= 22 (1.2sec)

Starting time step 22, stepsize 61.129 days, at day 382596/383250, date = 06-Jul-3072
 Newton its= 3, linearizations= 4 (0.3sec), linear its= 26 (1.4sec)

Starting time step 23, stepsize 183.387 days, at day 382657/383250, date = 06-Sep-3072

Warning: Full linear solver tolerance not achieved. The reduction is:0.000341927 after 20 iterations 

Warning: Full linear solver tolerance not achieved. The reduction is:0.000266159 after 20 iterations 

Problem: Solver convergence failure - Numerical problem encountered
Timestep chopped to 60.517743 days


Starting time step 23, stepsize 60.5177 days, at day 382657/383250, date = 06-Sep-3072
 Newton its= 4, linearizations= 5 (0.4sec), linear its= 34 (1.8sec)

Starting time step 24, stepsize 121.035 days, at day 382718/383250, date = 05-Nov-3072

Warning: Full linear solver tolerance not achieved. The reduction is:0.000509141 after 20 iterations 

Warning: Full linear solver tolerance not achieved. The reduction is:0.00248403 after 20 iterations 

Warning: Full linear solver tolerance not achieved. The reduction is:0.00586667 after 20 iterations 

Warning: Full linear solver tolerance not achieved. The reduction is:0.000321036 after 20 iterations 

Warning: Full linear solver tolerance not achieved. The reduction is:0.00879117 after 20 iterations 

Problem: Solver convergence failure - Numerical problem encountered
Timestep chopped to 39.941711 days


Starting time step 24, stepsize 39.9417 days, at day 382718/383250, date = 05-Nov-3072

Problem: Solver convergence failure - Numerical problem encountered
Timestep chopped to 13.180764 days


Starting time step 24, stepsize 13.1808 days, at day 382718/383250, date = 05-Nov-3072
 Newton its= 1, linearizations= 2 (0.2sec), linear its=  4 (0.3sec)

Starting time step 25, stepsize 26.3615 days, at day 382731/383250, date = 18-Nov-3072
 Newton its= 2, linearizations= 3 (0.3sec), linear its= 15 (0.8sec)

Starting time step 26, stepsize 79.0846 days, at day 382757/383250, date = 15-Dec-3072
 Newton its= 5, linearizations= 6 (0.5sec), linear its= 47 (2.4sec)

Starting time step 27, stepsize 173.986 days, at day 382836/383250, date = 04-Mar-3073

Warning: Full linear solver tolerance not achieved. The reduction is:0.00195294 after 20 iterations 

Problem: Solver convergence failure - Numerical problem encountered
Timestep chopped to 57.415410 days


Starting time step 27, stepsize 57.4154 days, at day 382836/383250, date = 04-Mar-3073

Warning: Full linear solver tolerance not achieved. The reduction is:0.00327905 after 20 iterations 

Warning: Full linear solver tolerance not achieved. The reduction is:0.000484748 after 20 iterations 

Problem: Solver convergence failure - Numerical problem encountered
Timestep chopped to 18.947085 days


Starting time step 27, stepsize 18.9471 days, at day 382836/383250, date = 04-Mar-3073

Problem: Solver convergence failure - Numerical problem encountered
Timestep chopped to 6.252538 days


Starting time step 27, stepsize 6.25254 days, at day 382836/383250, date = 04-Mar-3073
 Newton its= 1, linearizations= 2 (0.2sec), linear its=  5 (0.3sec)

Starting time step 28, stepsize 12.5051 days, at day 382842/383250, date = 10-Mar-3073
 Newton its= 1, linearizations= 2 (0.2sec), linear its=  4 (0.2sec)

Starting time step 29, stepsize 37.5152 days, at day 382855/383250, date = 22-Mar-3073
 Newton its= 3, linearizations= 4 (0.3sec), linear its= 29 (1.5sec)

Starting time step 30, stepsize 112.546 days, at day 382892/383250, date = 29-Apr-3073

Warning: Full linear solver tolerance not achieved. The reduction is:0.000548835 after 20 iterations 

Problem: Solver convergence failure - Iteration limit reached
Timestep chopped to 37.140077 days


Starting time step 30, stepsize 37.1401 days, at day 382892/383250, date = 29-Apr-3073
 Newton its= 3, linearizations= 4 (0.3sec), linear its= 22 (1.1sec)

Starting time step 31, stepsize 74.2802 days, at day 382930/383250, date = 05-Jun-3073
 Newton its= 5, linearizations= 6 (0.5sec), linear its= 55 (2.6sec)

Starting time step 32, stepsize 163.416 days, at day 383004/383250, date = 18-Aug-3073

Problem: Solver convergence failure - Numerical problem encountered
Timestep chopped to 53.927391 days


Starting time step 32, stepsize 53.9274 days, at day 383004/383250, date = 18-Aug-3073
 Newton its= 3, linearizations= 4 (0.4sec), linear its= 24 (1.3sec)

Starting time step 33, stepsize 107.855 days, at day 383058/383250, date = 11-Oct-3073

Warning: Full linear solver tolerance not achieved. The reduction is:0.00037713 after 20 iterations 

Problem: Solver convergence failure - Numerical problem encountered
Timestep chopped to 35.592078 days


Starting time step 33, stepsize 35.5921 days, at day 383058/383250, date = 11-Oct-3073
 Newton its= 3, linearizations= 4 (0.3sec), linear its= 22 (1.2sec)

Starting time step 34, stepsize 71.1842 days, at day 383093/383250, date = 16-Nov-3073
 Newton its= 5, linearizations= 6 (0.7sec), linear its= 47 (2.6sec)

Starting time step 35, stepsize 85.3876 days, at day 383165/383250, date = 26-Jan-3074
 Newton its= 5, linearizations= 6 (0.5sec), linear its= 43 (2.3sec)

Report step 12/17 at day 383250/392375, date = 22-Apr-3074

Starting time step 0, stepsize 1825 days, at day 383250/385075, date = 22-Apr-3074

Problem: Solver convergence failure - Numerical problem encountered
Timestep chopped to 602.250000 days


Starting time step 0, stepsize 602.25 days, at day 383250/385075, date = 22-Apr-3074
    Oscillating behavior detected: Relaxation set to 0.900000
    Oscillating behavior detected: Relaxation set to 0.800000
    Oscillating behavior detected: Relaxation set to 0.700000
    Oscillating behavior detected: Relaxation set to 0.600000
    Oscillating behavior detected: Relaxation set to 0.500000

Problem: Solver convergence failure - Iteration limit reached
Timestep chopped to 198.742500 days


Starting time step 0, stepsize 198.743 days, at day 383250/385075, date = 22-Apr-3074

Problem: Solver convergence failure - Iteration limit reached
Timestep chopped to 65.585025 days


Starting time step 0, stepsize 65.585 days, at day 383250/385075, date = 22-Apr-3074
 Newton its= 4, linearizations= 5 (0.4sec), linear its= 44 (2.2sec)

Starting time step 1, stepsize 131.17 days, at day 383316/385075, date = 26-Jun-3074

Warning: Full linear solver tolerance not achieved. The reduction is:0.000277131 after 20 iterations 

Warning: Full linear solver tolerance not achieved. The reduction is:0.00163443 after 20 iterations 

Warning: Full linear solver tolerance not achieved. The reduction is:0.00041268 after 20 iterations 
    Oscillating behavior detected: Relaxation set to 0.900000
    Oscillating behavior detected: Relaxation set to 0.800000
    Oscillating behavior detected: Relaxation set to 0.700000
    Oscillating behavior detected: Relaxation set to 0.600000
    Oscillating behavior detected: Relaxation set to 0.500000

Problem: Solver convergence failure - Iteration limit reached
Timestep chopped to 43.286117 days


Starting time step 1, stepsize 43.2861 days, at day 383316/385075, date = 26-Jun-3074
 Newton its= 3, linearizations= 4 (0.3sec), linear its= 42 (2.0sec)

Starting time step 2, stepsize 86.5722 days, at day 383359/385075, date = 08-Aug-3074
 Newton its= 4, linearizations= 5 (0.4sec), linear its= 51 (2.3sec)

Starting time step 3, stepsize 225.088 days, at day 383445/385075, date = 03-Nov-3074
    Oscillating behavior detected: Relaxation set to 0.900000
    Oscillating behavior detected: Relaxation set to 0.800000
    Oscillating behavior detected: Relaxation set to 0.700000
    Oscillating behavior detected: Relaxation set to 0.600000
    Oscillating behavior detected: Relaxation set to 0.500000
    Oscillating behavior detected: Relaxation set to 0.500000
    Oscillating behavior detected: Relaxation set to 0.500000
    Oscillating behavior detected: Relaxation set to 0.500000
    Oscillating behavior detected: Relaxation set to 0.500000

Problem: Solver convergence failure - Iteration limit reached
Timestep chopped to 74.278976 days


Starting time step 3, stepsize 74.279 days, at day 383445/385075, date = 03-Nov-3074
 Newton its= 4, linearizations= 5 (0.5sec), linear its= 40 (2.0sec)

Starting time step 4, stepsize 148.558 days, at day 383520/385075, date = 16-Jan-3075
    Oscillating behavior detected: Relaxation set to 0.900000
    Oscillating behavior detected: Relaxation set to 0.800000
    Oscillating behavior detected: Relaxation set to 0.700000
    Oscillating behavior detected: Relaxation set to 0.600000

Problem: Solver convergence failure - Iteration limit reached
Timestep chopped to 49.024124 days


Starting time step 4, stepsize 49.0241 days, at day 383520/385075, date = 16-Jan-3075
 Newton its= 3, linearizations= 4 (0.4sec), linear its= 30 (1.5sec)

Starting time step 5, stepsize 98.0482 days, at day 383569/385075, date = 06-Mar-3075

Warning: Full linear solver tolerance not achieved. The reduction is:0.000664054 after 20 iterations 
 Newton its= 4, linearizations= 5 (0.4sec), linear its= 60 (2.7sec)

Starting time step 6, stepsize 254.925 days, at day 383667/385075, date = 12-Jun-3075
    Oscillating behavior detected: Relaxation set to 0.900000
    Oscillating behavior detected: Relaxation set to 0.800000
    Oscillating behavior detected: Relaxation set to 0.700000
    Oscillating behavior detected: Relaxation set to 0.600000
    Oscillating behavior detected: Relaxation set to 0.500000
    Oscillating behavior detected: Relaxation set to 0.500000
    Oscillating behavior detected: Relaxation set to 0.500000

Problem: Solver convergence failure - Iteration limit reached
Timestep chopped to 84.125397 days


Starting time step 6, stepsize 84.1254 days, at day 383667/385075, date = 12-Jun-3075
 Newton its= 4, linearizations= 5 (0.5sec), linear its= 43 (2.1sec)

Starting time step 7, stepsize 168.251 days, at day 383751/385075, date = 04-Sep-3075

Problem: Solver convergence failure - Numerical problem encountered
Timestep chopped to 55.522762 days


Starting time step 7, stepsize 55.5228 days, at day 383751/385075, date = 04-Sep-3075
 Newton its= 3, linearizations= 4 (0.4sec), linear its= 32 (1.6sec)

Starting time step 8, stepsize 111.046 days, at day 383806/385075, date = 30-Oct-3075

Warning: Full linear solver tolerance not achieved. The reduction is:0.00159364 after 20 iterations 

Warning: Full linear solver tolerance not achieved. The reduction is:0.00270711 after 20 iterations 

Problem: Solver convergence failure - Numerical problem encountered
Timestep chopped to 36.645023 days


Starting time step 8, stepsize 36.645 days, at day 383806/385075, date = 30-Oct-3075
 Newton its= 3, linearizations= 4 (0.3sec), linear its= 32 (1.5sec)

Starting time step 9, stepsize 73.29 days, at day 383843/385075, date = 06-Dec-3075
 Newton its= 4, linearizations= 5 (0.4sec), linear its= 39 (2.1sec)

Starting time step 10, stepsize 190.554 days, at day 383916/385075, date = 17-Feb-3076
    Oscillating behavior detected: Relaxation set to 0.900000

Problem: Solver convergence failure - Iteration limit reached
Timestep chopped to 62.882859 days


Starting time step 10, stepsize 62.8829 days, at day 383916/385075, date = 17-Feb-3076
 Newton its= 3, linearizations= 4 (0.3sec), linear its= 31 (1.5sec)

Starting time step 11, stepsize 125.766 days, at day 383979/385075, date = 20-Apr-3076

Warning: Full linear solver tolerance not achieved. The reduction is:0.00824455 after 20 iterations 

Warning: Full linear solver tolerance not achieved. The reduction is:0.002331 after 20 iterations 

Warning: Full linear solver tolerance not achieved. The reduction is:0.000364526 after 20 iterations 

Warning: Full linear solver tolerance not achieved. The reduction is:0.00157289 after 20 iterations 

Problem: Solver convergence failure - Numerical problem encountered
Timestep chopped to 41.502687 days


Starting time step 11, stepsize 41.5027 days, at day 383979/385075, date = 20-Apr-3076

Problem: Solver convergence failure - Numerical problem encountered
Timestep chopped to 13.695887 days


Starting time step 11, stepsize 13.6959 days, at day 383979/385075, date = 20-Apr-3076
 Newton its= 1, linearizations= 2 (0.2sec), linear its=  4 (0.3sec)

Starting time step 12, stepsize 27.3918 days, at day 383993/385075, date = 03-May-3076
 Newton its= 2, linearizations= 3 (0.2sec), linear its= 20 (1.0sec)

Starting time step 13, stepsize 82.1753 days, at day 384020/385075, date = 31-May-3076
 Newton its= 4, linearizations= 5 (0.4sec), linear its= 42 (2.1sec)

Starting time step 14, stepsize 213.656 days, at day 384103/385075, date = 21-Aug-3076

Warning: Full linear solver tolerance not achieved. The reduction is:0.000314417 after 20 iterations 

Problem: Solver convergence failure - Iteration limit reached
Timestep chopped to 70.506425 days


Starting time step 14, stepsize 70.5064 days, at day 384103/385075, date = 21-Aug-3076
 Newton its= 3, linearizations= 4 (0.3sec), linear its= 22 (1.1sec)

Starting time step 15, stepsize 141.013 days, at day 384173/385075, date = 31-Oct-3076

Warning: Full linear solver tolerance not achieved. The reduction is:0.000609377 after 20 iterations 
    Oscillating behavior detected: Relaxation set to 0.900000

Problem: Solver convergence failure - Iteration limit reached
Timestep chopped to 46.534241 days


Starting time step 15, stepsize 46.5342 days, at day 384173/385075, date = 31-Oct-3076
 Newton its= 3, linearizations= 4 (0.3sec), linear its= 28 (1.4sec)

Starting time step 16, stepsize 93.0685 days, at day 384220/385075, date = 16-Dec-3076

Warning: Full linear solver tolerance not achieved. The reduction is:0.00340109 after 20 iterations 
 Newton its= 5, linearizations= 6 (0.5sec), linear its= 72 (3.4sec)

Starting time step 17, stepsize 204.751 days, at day 384313/385075, date = 19-Mar-3077
    Oscillating behavior detected: Relaxation set to 0.900000
    Oscillating behavior detected: Relaxation set to 0.800000
    Oscillating behavior detected: Relaxation set to 0.700000

Problem: Solver convergence failure - Iteration limit reached
Timestep chopped to 67.567717 days


Starting time step 17, stepsize 67.5677 days, at day 384313/385075, date = 19-Mar-3077
 Newton its= 3, linearizations= 4 (0.3sec), linear its= 26 (1.3sec)

Starting time step 18, stepsize 135.135 days, at day 384380/385075, date = 26-May-3077
    Oscillating behavior detected: Relaxation set to 0.900000

Warning: Full linear solver tolerance not achieved. The reduction is:0.00660425 after 20 iterations 

Problem: Solver convergence failure - Numerical problem encountered
Timestep chopped to 44.594693 days


Starting time step 18, stepsize 44.5947 days, at day 384380/385075, date = 26-May-3077
 Newton its= 3, linearizations= 4 (0.3sec), linear its= 22 (1.2sec)

Starting time step 19, stepsize 89.1894 days, at day 384425/385075, date = 09-Jul-3077
 Newton its= 4, linearizations= 5 (0.4sec), linear its= 41 (2.0sec)

Starting time step 20, stepsize 231.892 days, at day 384514/385075, date = 06-Oct-3077
    Oscillating behavior detected: Relaxation set to 0.900000

Problem: Solver convergence failure - Iteration limit reached
Timestep chopped to 76.524494 days


Starting time step 20, stepsize 76.5245 days, at day 384514/385075, date = 06-Oct-3077
 Newton its= 4, linearizations= 5 (0.4sec), linear its= 35 (1.8sec)

Starting time step 21, stepsize 153.049 days, at day 384591/385075, date = 22-Dec-3077
    Oscillating behavior detected: Relaxation set to 0.900000
    Oscillating behavior detected: Relaxation set to 0.800000

Problem: Solver convergence failure - Numerical problem encountered
Timestep chopped to 50.506166 days


Starting time step 21, stepsize 50.5062 days, at day 384591/385075, date = 22-Dec-3077
 Newton its= 3, linearizations= 4 (0.3sec), linear its= 21 (1.1sec)

Starting time step 22, stepsize 101.012 days, at day 384641/385075, date = 11-Feb-3078
    Oscillating behavior detected: Relaxation set to 0.900000
 Newton its= 6, linearizations= 7 (0.6sec), linear its= 83 (3.9sec)

Starting time step 23, stepsize 181.822 days, at day 384742/385075, date = 23-May-3078

Problem: Solver convergence failure - Iteration limit reached
Timestep chopped to 60.001325 days


Starting time step 23, stepsize 60.0013 days, at day 384742/385075, date = 23-May-3078
 Newton its= 3, linearizations= 4 (0.3sec), linear its= 20 (1.1sec)

Starting time step 24, stepsize 120.003 days, at day 384802/385075, date = 22-Jul-3078

Problem: Solver convergence failure - Numerical problem encountered
Timestep chopped to 39.600875 days


Starting time step 24, stepsize 39.6009 days, at day 384802/385075, date = 22-Jul-3078
 Newton its= 3, linearizations= 4 (0.3sec), linear its= 21 (1.1sec)

Starting time step 25, stepsize 79.2017 days, at day 384842/385075, date = 30-Aug-3078
 Newton its= 4, linearizations= 5 (0.4sec), linear its= 39 (2.0sec)

Starting time step 26, stepsize 154.168 days, at day 384921/385075, date = 17-Nov-3078

Warning: Full linear solver tolerance not achieved. The reduction is:0.000786118 after 20 iterations 

Warning: Full linear solver tolerance not achieved. The reduction is:0.00131317 after 20 iterations 

Problem: Solver convergence failure - Iteration limit reached
Timestep chopped to 50.875547 days


Starting time step 26, stepsize 50.8755 days, at day 384921/385075, date = 17-Nov-3078
 Newton its= 3, linearizations= 4 (0.4sec), linear its= 23 (1.1sec)

Starting time step 27, stepsize 103.293 days, at day 384972/385075, date = 07-Jan-3079
 Newton its= 4, linearizations= 5 (0.4sec), linear its= 46 (2.1sec)

Report step 13/17 at day 385075/392375, date = 21-Apr-3079

Starting time step 0, stepsize 1825 days, at day 385075/386900, date = 21-Apr-3079

Problem: Solver convergence failure - Numerical problem encountered
Timestep chopped to 602.250000 days


Starting time step 0, stepsize 602.25 days, at day 385075/386900, date = 21-Apr-3079

Warning: Full linear solver tolerance not achieved. The reduction is:0.000296819 after 20 iterations 
    Oscillating behavior detected: Relaxation set to 0.900000
    Oscillating behavior detected: Relaxation set to 0.800000

Problem: Solver convergence failure - Iteration limit reached
Timestep chopped to 198.742500 days


Starting time step 0, stepsize 198.743 days, at day 385075/386900, date = 21-Apr-3079

Warning: Full linear solver tolerance not achieved. The reduction is:0.000385365 after 20 iterations 

Problem: Solver convergence failure - Iteration limit reached
Timestep chopped to 65.585025 days


Starting time step 0, stepsize 65.585 days, at day 385075/386900, date = 21-Apr-3079
 Newton its= 3, linearizations= 4 (0.4sec), linear its= 23 (1.2sec)

Starting time step 1, stepsize 131.17 days, at day 385141/386900, date = 25-Jun-3079

Warning: Full linear solver tolerance not achieved. The reduction is:0.000569366 after 20 iterations 

Problem: Solver convergence failure - Numerical problem encountered
Timestep chopped to 43.286117 days


Starting time step 1, stepsize 43.2861 days, at day 385141/386900, date = 25-Jun-3079
 Newton its= 3, linearizations= 4 (0.3sec), linear its= 23 (1.2sec)

Starting time step 2, stepsize 86.5722 days, at day 385184/386900, date = 07-Aug-3079
 Newton its= 4, linearizations= 5 (0.4sec), linear its= 45 (2.0sec)

Starting time step 3, stepsize 225.088 days, at day 385270/386900, date = 02-Nov-3079
    Oscillating behavior detected: Relaxation set to 0.900000
    Oscillating behavior detected: Relaxation set to 0.800000
    Oscillating behavior detected: Relaxation set to 0.700000
    Oscillating behavior detected: Relaxation set to 0.600000

Problem: Solver convergence failure - Iteration limit reached
Timestep chopped to 74.278976 days


Starting time step 3, stepsize 74.279 days, at day 385270/386900, date = 02-Nov-3079
 Newton its= 3, linearizations= 4 (0.3sec), linear its= 24 (1.2sec)

Starting time step 4, stepsize 148.558 days, at day 385345/386900, date = 15-Jan-3080

Warning: Full linear solver tolerance not achieved. The reduction is:0.000269934 after 20 iterations 

Warning: Full linear solver tolerance not achieved. The reduction is:0.000438037 after 20 iterations 
    Oscillating behavior detected: Relaxation set to 0.900000

Problem: Solver convergence failure - Iteration limit reached
Timestep chopped to 49.024124 days


Starting time step 4, stepsize 49.0241 days, at day 385345/386900, date = 15-Jan-3080
 Newton its= 3, linearizations= 4 (0.3sec), linear its= 21 (1.0sec)

Starting time step 5, stepsize 98.0482 days, at day 385394/386900, date = 04-Mar-3080
 Newton its= 4, linearizations= 5 (0.4sec), linear its= 63 (2.9sec)

Starting time step 6, stepsize 254.925 days, at day 385492/386900, date = 10-Jun-3080

Warning: Full linear solver tolerance not achieved. The reduction is:0.000256242 after 20 iterations 
    Oscillating behavior detected: Relaxation set to 0.900000
    Oscillating behavior detected: Relaxation set to 0.800000

Problem: Solver convergence failure - Iteration limit reached
Timestep chopped to 84.125397 days


Starting time step 6, stepsize 84.1254 days, at day 385492/386900, date = 10-Jun-3080
 Newton its= 3, linearizations= 4 (0.3sec), linear its= 25 (1.2sec)

Starting time step 7, stepsize 168.251 days, at day 385576/386900, date = 02-Sep-3080

Warning: Full linear solver tolerance not achieved. The reduction is:0.000348226 after 20 iterations 
    Oscillating behavior detected: Relaxation set to 0.900000

Problem: Solver convergence failure - Iteration limit reached
Timestep chopped to 55.522762 days


Starting time step 7, stepsize 55.5228 days, at day 385576/386900, date = 02-Sep-3080
 Newton its= 3, linearizations= 4 (0.3sec), linear its= 23 (1.2sec)

Starting time step 8, stepsize 111.046 days, at day 385631/386900, date = 28-Oct-3080

Warning: Full linear solver tolerance not achieved. The reduction is:0.000539234 after 20 iterations 
    Oscillating behavior detected: Relaxation set to 0.900000
    Oscillating behavior detected: Relaxation set to 0.800000
    Oscillating behavior detected: Relaxation set to 0.700000

Warning: Full linear solver tolerance not achieved. The reduction is:0.000308169 after 20 iterations 
 Newton its=17, linearizations=18 (1.3sec), linear its=179 (8.6sec)

Starting time step 9, stepsize 52.2567 days, at day 385742/386900, date = 16-Feb-3081
 Newton its= 3, linearizations= 4 (0.3sec), linear its= 22 (1.0sec)

Starting time step 10, stepsize 156.77 days, at day 385795/386900, date = 09-Apr-3081

Warning: Full linear solver tolerance not achieved. The reduction is:0.000428461 after 20 iterations 

Warning: Full linear solver tolerance not achieved. The reduction is:0.000559241 after 20 iterations 

Warning: Full linear solver tolerance not achieved. The reduction is:0.000402459 after 20 iterations 

Warning: Full linear solver tolerance not achieved. The reduction is:0.00210773 after 20 iterations 

Warning: Full linear solver tolerance not achieved. The reduction is:0.00884753 after 20 iterations 

Problem: Solver convergence failure - Numerical problem encountered
Timestep chopped to 51.734150 days


Starting time step 10, stepsize 51.7341 days, at day 385795/386900, date = 09-Apr-3081

Problem: Solver convergence failure - Numerical problem encountered
Timestep chopped to 17.072269 days


Starting time step 10, stepsize 17.0723 days, at day 385795/386900, date = 09-Apr-3081
 Newton its= 1, linearizations= 2 (0.2sec), linear its=  4 (0.2sec)

Starting time step 11, stepsize 34.1445 days, at day 385812/386900, date = 26-Apr-3081
 Newton its= 3, linearizations= 4 (0.3sec), linear its= 21 (1.0sec)

Starting time step 12, stepsize 102.434 days, at day 385846/386900, date = 30-May-3081

Warning: Full linear solver tolerance not achieved. The reduction is:0.000262004 after 20 iterations 
    Oscillating behavior detected: Relaxation set to 0.900000
    Oscillating behavior detected: Relaxation set to 0.800000
    Oscillating behavior detected: Relaxation set to 0.700000

Problem: Solver convergence failure - Iteration limit reached
Timestep chopped to 33.803094 days


Starting time step 12, stepsize 33.8031 days, at day 385846/386900, date = 30-May-3081
 Newton its= 1, linearizations= 2 (0.2sec), linear its=  5 (0.3sec)

Starting time step 13, stepsize 67.6062 days, at day 385880/386900, date = 03-Jul-3081
 Newton its= 3, linearizations= 4 (0.3sec), linear its= 32 (1.5sec)

Starting time step 14, stepsize 202.819 days, at day 385947/386900, date = 09-Sep-3081

Warning: Full linear solver tolerance not achieved. The reduction is:0.00148491 after 20 iterations 
    Oscillating behavior detected: Relaxation set to 0.900000
    Oscillating behavior detected: Relaxation set to 0.800000
    Oscillating behavior detected: Relaxation set to 0.700000
    Oscillating behavior detected: Relaxation set to 0.600000
    Oscillating behavior detected: Relaxation set to 0.500000
    Oscillating behavior detected: Relaxation set to 0.500000

Problem: Solver convergence failure - Iteration limit reached
Timestep chopped to 66.930125 days


Starting time step 14, stepsize 66.9301 days, at day 385947/386900, date = 09-Sep-3081
 Newton its= 4, linearizations= 5 (0.4sec), linear its= 39 (1.9sec)

Starting time step 15, stepsize 133.86 days, at day 386014/386900, date = 15-Nov-3081

Problem: Solver convergence failure - Iteration limit reached
Timestep chopped to 44.173883 days


Starting time step 15, stepsize 44.1739 days, at day 386014/386900, date = 15-Nov-3081
 Newton its= 1, linearizations= 2 (0.2sec), linear its=  6 (0.3sec)

Starting time step 16, stepsize 88.3478 days, at day 386058/386900, date = 29-Dec-3081

Warning: Full linear solver tolerance not achieved. The reduction is:0.000511151 after 20 iterations 

Warning: Full linear solver tolerance not achieved. The reduction is:0.000375147 after 20 iterations 
 Newton its=13, linearizations=14 (1.1sec), linear its=156 (7.1sec)

Starting time step 17, stepsize 54.3679 days, at day 386147/386900, date = 27-Mar-3082
 Newton its= 3, linearizations= 4 (0.3sec), linear its= 27 (1.3sec)

Starting time step 18, stepsize 163.104 days, at day 386201/386900, date = 21-May-3082

Warning: Full linear solver tolerance not achieved. The reduction is:0.00230091 after 20 iterations 

Warning: Full linear solver tolerance not achieved. The reduction is:0.00489063 after 20 iterations 

Problem: Solver convergence failure - Numerical problem encountered
Timestep chopped to 53.824177 days


Starting time step 18, stepsize 53.8242 days, at day 386201/386900, date = 21-May-3082

Problem: Solver convergence failure - Numerical problem encountered
Timestep chopped to 17.761978 days


Starting time step 18, stepsize 17.762 days, at day 386201/386900, date = 21-May-3082
 Newton its= 1, linearizations= 2 (0.1sec), linear its=  4 (0.2sec)

Starting time step 19, stepsize 35.524 days, at day 386219/386900, date = 07-Jun-3082
 Newton its= 3, linearizations= 4 (0.3sec), linear its= 24 (1.3sec)

Starting time step 20, stepsize 106.572 days, at day 386254/386900, date = 13-Jul-3082

Problem: Solver convergence failure - Numerical problem encountered
Timestep chopped to 35.168717 days


Starting time step 20, stepsize 35.1687 days, at day 386254/386900, date = 13-Jul-3082
 Newton its= 3, linearizations= 4 (0.3sec), linear its= 22 (1.2sec)

Starting time step 21, stepsize 70.3374 days, at day 386290/386900, date = 17-Aug-3082
 Newton its= 3, linearizations= 4 (0.3sec), linear its= 36 (1.6sec)

Starting time step 22, stepsize 211.012 days, at day 386360/386900, date = 26-Oct-3082

Warning: Full linear solver tolerance not achieved. The reduction is:0.00462547 after 20 iterations 

Warning: Full linear solver tolerance not achieved. The reduction is:0.00102787 after 20 iterations 

Warning: Full linear solver tolerance not achieved. The reduction is:0.0022133 after 20 iterations 

Problem: Solver convergence failure - Numerical problem encountered
Timestep chopped to 69.634060 days


Starting time step 22, stepsize 69.6341 days, at day 386360/386900, date = 26-Oct-3082

Problem: Solver convergence failure - Numerical problem encountered
Timestep chopped to 22.979240 days


Starting time step 22, stepsize 22.9792 days, at day 386360/386900, date = 26-Oct-3082
 Newton its= 1, linearizations= 2 (0.1sec), linear its=  5 (0.3sec)

Starting time step 23, stepsize 45.9585 days, at day 386383/386900, date = 18-Nov-3082
 Newton its= 3, linearizations= 4 (0.3sec), linear its= 29 (1.5sec)

Starting time step 24, stepsize 137.875 days, at day 386429/386900, date = 03-Jan-3083

Problem: Solver convergence failure - Numerical problem encountered
Timestep chopped to 45.498895 days


Starting time step 24, stepsize 45.4989 days, at day 386429/386900, date = 03-Jan-3083
 Newton its= 3, linearizations= 4 (0.3sec), linear its= 21 (1.1sec)

Starting time step 25, stepsize 90.9978 days, at day 386474/386900, date = 18-Feb-3083

Problem: Solver convergence failure - Numerical problem encountered
Timestep chopped to 30.029271 days


Starting time step 25, stepsize 30.0293 days, at day 386474/386900, date = 18-Feb-3083
 Newton its= 1, linearizations= 2 (0.1sec), linear its=  4 (0.2sec)

Starting time step 26, stepsize 60.0585 days, at day 386504/386900, date = 20-Mar-3083
 Newton its= 3, linearizations= 4 (0.3sec), linear its= 29 (1.4sec)

Starting time step 27, stepsize 180.176 days, at day 386565/386900, date = 19-May-3083

Warning: Full linear solver tolerance not achieved. The reduction is:0.000506002 after 20 iterations 

Problem: Solver convergence failure - Iteration limit reached
Timestep chopped to 59.457956 days


Starting time step 27, stepsize 59.458 days, at day 386565/386900, date = 19-May-3083
 Newton its= 3, linearizations= 4 (0.3sec), linear its= 26 (1.1sec)

Starting time step 28, stepsize 118.916 days, at day 386624/386900, date = 17-Jul-3083

Warning: Full linear solver tolerance not achieved. The reduction is:0.000862691 after 20 iterations 

Warning: Full linear solver tolerance not achieved. The reduction is:0.000282716 after 20 iterations 

Warning: Full linear solver tolerance not achieved. The reduction is:0.000430822 after 20 iterations 

Warning: Full linear solver tolerance not achieved. The reduction is:0.00040158 after 20 iterations 

Warning: Full linear solver tolerance not achieved. The reduction is:0.00695663 after 20 iterations 

Problem: Solver convergence failure - Numerical problem encountered
Timestep chopped to 39.242251 days


Starting time step 28, stepsize 39.2423 days, at day 386624/386900, date = 17-Jul-3083
 Newton its= 3, linearizations= 4 (0.3sec), linear its= 32 (1.4sec)

Starting time step 29, stepsize 78.4845 days, at day 386663/386900, date = 26-Aug-3083
 Newton its= 3, linearizations= 4 (0.3sec), linear its= 35 (1.5sec)

Starting time step 30, stepsize 158.308 days, at day 386742/386900, date = 12-Nov-3083

Warning: Full linear solver tolerance not achieved. The reduction is:0.00231513 after 20 iterations 

Problem: Solver convergence failure - Iteration limit reached
Timestep chopped to 52.241619 days


Starting time step 30, stepsize 52.2416 days, at day 386742/386900, date = 12-Nov-3083
 Newton its= 3, linearizations= 4 (0.3sec), linear its= 20 (0.9sec)

Starting time step 31, stepsize 106.066 days, at day 386794/386900, date = 03-Jan-3084
    Oscillating behavior detected: Relaxation set to 0.900000
    Oscillating behavior detected: Relaxation set to 0.800000

Warning: Full linear solver tolerance not achieved. The reduction is:0.000271532 after 20 iterations 

Warning: Full linear solver tolerance not achieved. The reduction is:0.00231215 after 20 iterations 

Problem: Solver convergence failure - Iteration limit reached
Timestep chopped to 35.001885 days


Starting time step 31, stepsize 35.0019 days, at day 386794/386900, date = 03-Jan-3084

Warning: Full linear solver tolerance not achieved. The reduction is:0.00243737 after 20 iterations 

Warning: Full linear solver tolerance not achieved. The reduction is:0.000322265 after 20 iterations 

Problem: Solver convergence failure - Numerical problem encountered
Timestep chopped to 11.550622 days


Starting time step 31, stepsize 11.5506 days, at day 386794/386900, date = 03-Jan-3084

Problem: Solver convergence failure - Numerical problem encountered
Timestep chopped to 3.811705 days


Starting time step 31, stepsize 3.81171 days, at day 386794/386900, date = 03-Jan-3084
 Newton its= 1, linearizations= 2 (0.1sec), linear its=  3 (0.2sec)

Starting time step 32, stepsize 7.62341 days, at day 386798/386900, date = 07-Jan-3084
 Newton its= 1, linearizations= 2 (0.1sec), linear its=  3 (0.2sec)

Starting time step 33, stepsize 22.8702 days, at day 386805/386900, date = 15-Jan-3084
 Newton its= 1, linearizations= 2 (0.1sec), linear its=  4 (0.2sec)

Starting time step 34, stepsize 71.761 days, at day 386828/386900, date = 07-Feb-3084
 Newton its= 5, linearizations= 6 (0.4sec), linear its= 32 (1.4sec)

Report step 14/17 at day 386900/392375, date = 19-Apr-3084

Starting time step 0, stepsize 1825 days, at day 386900/388725, date = 19-Apr-3084

Warning: Full linear solver tolerance not achieved. The reduction is:0.00242012 after 20 iterations 

Warning: Full linear solver tolerance not achieved. The reduction is:0.000536926 after 20 iterations 

Problem: Solver convergence failure - Numerical problem encountered
Timestep chopped to 602.250000 days


Starting time step 0, stepsize 602.25 days, at day 386900/388725, date = 19-Apr-3084

Problem: Solver convergence failure - Numerical problem encountered
Timestep chopped to 198.742500 days


Starting time step 0, stepsize 198.743 days, at day 386900/388725, date = 19-Apr-3084

Problem: Solver convergence failure - Iteration limit reached
Timestep chopped to 65.585025 days


Starting time step 0, stepsize 65.585 days, at day 386900/388725, date = 19-Apr-3084
 Newton its= 3, linearizations= 4 (0.3sec), linear its= 22 (1.0sec)

Starting time step 1, stepsize 131.17 days, at day 386966/388725, date = 23-Jun-3084

Warning: Full linear solver tolerance not achieved. The reduction is:0.000360377 after 20 iterations 

Warning: Full linear solver tolerance not achieved. The reduction is:0.00633309 after 20 iterations 

Warning: Full linear solver tolerance not achieved. The reduction is:0.00168319 after 20 iterations 

Problem: Solver convergence failure - Numerical problem encountered
Timestep chopped to 43.286117 days


Starting time step 1, stepsize 43.2861 days, at day 386966/388725, date = 23-Jun-3084
 Newton its= 3, linearizations= 4 (0.3sec), linear its= 27 (1.3sec)

Starting time step 2, stepsize 86.5722 days, at day 387009/388725, date = 05-Aug-3084
 Newton its= 4, linearizations= 5 (0.4sec), linear its= 47 (2.1sec)

Starting time step 3, stepsize 225.088 days, at day 387095/388725, date = 31-Oct-3084

Warning: Full linear solver tolerance not achieved. The reduction is:0.000960908 after 20 iterations 

Warning: Full linear solver tolerance not achieved. The reduction is:0.00195751 after 20 iterations 

Warning: Full linear solver tolerance not achieved. The reduction is:0.000339569 after 20 iterations 

Warning: Full linear solver tolerance not achieved. The reduction is:0.00805617 after 20 iterations 

Warning: Full linear solver tolerance not achieved. The reduction is:0.000844497 after 20 iterations 

Problem: Solver convergence failure - Iteration limit reached
Timestep chopped to 74.278976 days


Starting time step 3, stepsize 74.279 days, at day 387095/388725, date = 31-Oct-3084
 Newton its= 3, linearizations= 4 (0.3sec), linear its= 24 (1.2sec)

Starting time step 4, stepsize 148.558 days, at day 387170/388725, date = 13-Jan-3085

Warning: Full linear solver tolerance not achieved. The reduction is:0.000328844 after 20 iterations 

Problem: Solver convergence failure - Numerical problem encountered
Timestep chopped to 49.024124 days


Starting time step 4, stepsize 49.0241 days, at day 387170/388725, date = 13-Jan-3085

Warning: Full linear solver tolerance not achieved. The reduction is:0.00576379 after 20 iterations 
 Newton its= 7, linearizations= 8 (0.6sec), linear its= 69 (3.2sec)

Starting time step 5, stepsize 68.6338 days, at day 387219/388725, date = 03-Mar-3085
 Newton its= 4, linearizations= 5 (0.4sec), linear its= 39 (1.8sec)

Starting time step 6, stepsize 178.448 days, at day 387287/388725, date = 11-May-3085

Warning: Full linear solver tolerance not achieved. The reduction is:0.00232247 after 20 iterations 

Problem: Solver convergence failure - Iteration limit reached
Timestep chopped to 58.887778 days


Starting time step 6, stepsize 58.8878 days, at day 387287/388725, date = 11-May-3085
 Newton its= 3, linearizations= 4 (0.3sec), linear its= 24 (1.2sec)

Starting time step 7, stepsize 117.776 days, at day 387346/388725, date = 09-Jul-3085

Warning: Full linear solver tolerance not achieved. The reduction is:0.000788647 after 20 iterations 

Warning: Full linear solver tolerance not achieved. The reduction is:0.00103257 after 20 iterations 

Warning: Full linear solver tolerance not achieved. The reduction is:0.00811997 after 20 iterations 

Warning: Full linear solver tolerance not achieved. The reduction is:0.0048678 after 20 iterations 

Warning: Full linear solver tolerance not achieved. The reduction is:0.000910456 after 20 iterations 
    Oscillating behavior detected: Relaxation set to 0.900000

Warning: Full linear solver tolerance not achieved. The reduction is:0.000449195 after 20 iterations 

Problem: Solver convergence failure - Iteration limit reached
Timestep chopped to 38.865933 days


Starting time step 7, stepsize 38.8659 days, at day 387346/388725, date = 09-Jul-3085
 Newton its= 3, linearizations= 4 (0.3sec), linear its= 20 (1.0sec)

Starting time step 8, stepsize 77.7319 days, at day 387385/388725, date = 17-Aug-3085
 Newton its= 3, linearizations= 4 (0.3sec), linear its= 28 (1.3sec)

Starting time step 9, stepsize 233.196 days, at day 387463/388725, date = 02-Nov-3085
    Oscillating behavior detected: Relaxation set to 0.900000
    Oscillating behavior detected: Relaxation set to 0.800000
    Oscillating behavior detected: Relaxation set to 0.700000

Problem: Solver convergence failure - Iteration limit reached
Timestep chopped to 76.954548 days


Starting time step 9, stepsize 76.9545 days, at day 387463/388725, date = 02-Nov-3085
 Newton its= 4, linearizations= 5 (0.4sec), linear its= 37 (1.6sec)

Starting time step 10, stepsize 153.909 days, at day 387540/388725, date = 18-Jan-3086

Warning: Full linear solver tolerance not achieved. The reduction is:0.000421277 after 20 iterations 

Warning: Full linear solver tolerance not achieved. The reduction is:0.00125828 after 20 iterations 

Warning: Full linear solver tolerance not achieved. The reduction is:0.000906428 after 20 iterations 

Warning: Full linear solver tolerance not achieved. The reduction is:0.00531565 after 20 iterations 

Problem: Solver convergence failure - Iteration limit reached
Timestep chopped to 50.790002 days


Starting time step 10, stepsize 50.79 days, at day 387540/388725, date = 18-Jan-3086
 Newton its= 3, linearizations= 4 (0.3sec), linear its= 24 (1.2sec)

Starting time step 11, stepsize 101.58 days, at day 387591/388725, date = 10-Mar-3086
    Oscillating behavior detected: Relaxation set to 0.900000
    Oscillating behavior detected: Relaxation set to 0.800000
    Oscillating behavior detected: Relaxation set to 0.700000

Problem: Solver convergence failure - Iteration limit reached
Timestep chopped to 33.521401 days


Starting time step 11, stepsize 33.5214 days, at day 387591/388725, date = 10-Mar-3086
 Newton its= 1, linearizations= 2 (0.1sec), linear its=  5 (0.2sec)

Starting time step 12, stepsize 67.0428 days, at day 387624/388725, date = 13-Apr-3086
 Newton its= 3, linearizations= 4 (0.3sec), linear its= 21 (1.1sec)

Starting time step 13, stepsize 201.128 days, at day 387691/388725, date = 19-Jun-3086
    Oscillating behavior detected: Relaxation set to 0.900000
    Oscillating behavior detected: Relaxation set to 0.800000

Problem: Solver convergence failure - Iteration limit reached
Timestep chopped to 66.372374 days


Starting time step 13, stepsize 66.3724 days, at day 387691/388725, date = 19-Jun-3086
 Newton its= 3, linearizations= 4 (0.3sec), linear its= 18 (1.0sec)

Starting time step 14, stepsize 132.745 days, at day 387758/388725, date = 24-Aug-3086

Warning: Full linear solver tolerance not achieved. The reduction is:0.00278623 after 20 iterations 

Problem: Solver convergence failure - Iteration limit reached
Timestep chopped to 43.805767 days


Starting time step 14, stepsize 43.8058 days, at day 387758/388725, date = 24-Aug-3086
 Newton its= 3, linearizations= 4 (0.3sec), linear its= 21 (1.0sec)

Starting time step 15, stepsize 87.6115 days, at day 387801/388725, date = 07-Oct-3086
 Newton its= 4, linearizations= 5 (0.4sec), linear its= 34 (1.5sec)

Starting time step 16, stepsize 227.79 days, at day 387889/388725, date = 02-Jan-3087

Warning: Full linear solver tolerance not achieved. The reduction is:0.00251259 after 20 iterations 

Warning: Full linear solver tolerance not achieved. The reduction is:0.000374676 after 20 iterations 
    Oscillating behavior detected: Relaxation set to 0.900000
    Oscillating behavior detected: Relaxation set to 0.800000
    Oscillating behavior detected: Relaxation set to 0.700000
    Oscillating behavior detected: Relaxation set to 0.600000

Problem: Solver convergence failure - Iteration limit reached
Timestep chopped to 75.170696 days


Starting time step 16, stepsize 75.1707 days, at day 387889/388725, date = 02-Jan-3087
 Newton its= 3, linearizations= 4 (0.3sec), linear its= 23 (1.0sec)

Starting time step 17, stepsize 150.341 days, at day 387964/388725, date = 19-Mar-3087

Warning: Full linear solver tolerance not achieved. The reduction is:0.00031752 after 20 iterations 

Problem: Solver convergence failure - Numerical problem encountered
Timestep chopped to 49.612660 days


Starting time step 17, stepsize 49.6127 days, at day 387964/388725, date = 19-Mar-3087
 Newton its= 3, linearizations= 4 (0.3sec), linear its= 29 (1.2sec)

Starting time step 18, stepsize 99.2253 days, at day 388014/388725, date = 07-May-3087
 Newton its= 6, linearizations= 7 (0.5sec), linear its= 71 (2.8sec)

Starting time step 19, stepsize 178.606 days, at day 388113/388725, date = 14-Aug-3087

Problem: Solver convergence failure - Iteration limit reached
Timestep chopped to 58.939840 days


Starting time step 19, stepsize 58.9398 days, at day 388113/388725, date = 14-Aug-3087
 Newton its= 3, linearizations= 4 (0.3sec), linear its= 26 (1.1sec)

Starting time step 20, stepsize 117.88 days, at day 388172/388725, date = 12-Oct-3087

Warning: Full linear solver tolerance not achieved. The reduction is:0.000308871 after 20 iterations 

Warning: Full linear solver tolerance not achieved. The reduction is:0.00198643 after 20 iterations 

Problem: Solver convergence failure - Numerical problem encountered
Timestep chopped to 38.900294 days


Starting time step 20, stepsize 38.9003 days, at day 388172/388725, date = 12-Oct-3087

Warning: Full linear solver tolerance not achieved. The reduction is:0.000982855 after 20 iterations 
 Newton its= 7, linearizations= 8 (0.6sec), linear its= 63 (2.6sec)

Starting time step 21, stepsize 54.4604 days, at day 388211/388725, date = 20-Nov-3087
 Newton its= 3, linearizations= 4 (0.3sec), linear its= 28 (1.2sec)

Starting time step 22, stepsize 163.381 days, at day 388265/388725, date = 14-Jan-3088

Problem: Solver convergence failure - Numerical problem encountered
Timestep chopped to 53.915808 days


Starting time step 22, stepsize 53.9158 days, at day 388265/388725, date = 14-Jan-3088
 Newton its= 3, linearizations= 4 (0.3sec), linear its= 25 (1.1sec)

Starting time step 23, stepsize 107.832 days, at day 388319/388725, date = 08-Mar-3088
    Oscillating behavior detected: Relaxation set to 0.900000
    Oscillating behavior detected: Relaxation set to 0.800000
    Oscillating behavior detected: Relaxation set to 0.700000
 Newton its=19, linearizations=20 (1.4sec), linear its=246 (9.6sec)

Starting time step 24, stepsize 45.4028 days, at day 388427/388725, date = 24-Jun-3088
 Newton its= 2, linearizations= 3 (0.2sec), linear its= 15 (0.6sec)

Starting time step 25, stepsize 136.208 days, at day 388472/388725, date = 08-Aug-3088

Problem: Solver convergence failure - Iteration limit reached
Timestep chopped to 44.948757 days


Starting time step 25, stepsize 44.9488 days, at day 388472/388725, date = 08-Aug-3088
 Newton its= 3, linearizations= 4 (0.3sec), linear its= 23 (1.0sec)

Starting time step 26, stepsize 89.8975 days, at day 388517/388725, date = 22-Sep-3088
 Newton its= 4, linearizations= 5 (0.4sec), linear its= 54 (2.1sec)

Starting time step 27, stepsize 117.73 days, at day 388607/388725, date = 21-Dec-3088

Problem: Solver convergence failure - Numerical problem encountered
Timestep chopped to 38.850915 days


Starting time step 27, stepsize 38.8509 days, at day 388607/388725, date = 21-Dec-3088
 Newton its= 1, linearizations= 2 (0.1sec), linear its=  5 (0.2sec)

Starting time step 28, stepsize 78.8791 days, at day 388646/388725, date = 29-Jan-3089
 Newton its= 3, linearizations= 4 (0.3sec), linear its= 30 (1.2sec)

Report step 15/17 at day 388725/392375, date = 18-Apr-3089

Starting time step 0, stepsize 1825 days, at day 388725/390550, date = 18-Apr-3089

Warning: Full linear solver tolerance not achieved. The reduction is:0.00604647 after 20 iterations 

Warning: Full linear solver tolerance not achieved. The reduction is:0.00057374 after 20 iterations 

Problem: Solver convergence failure - Numerical problem encountered
Timestep chopped to 602.250000 days


Starting time step 0, stepsize 602.25 days, at day 388725/390550, date = 18-Apr-3089

Problem: Solver convergence failure - Numerical problem encountered
Timestep chopped to 198.742500 days


Starting time step 0, stepsize 198.743 days, at day 388725/390550, date = 18-Apr-3089

Warning: Full linear solver tolerance not achieved. The reduction is:0.00396151 after 20 iterations 

Warning: Full linear solver tolerance not achieved. The reduction is:0.0018119 after 20 iterations 

Warning: Full linear solver tolerance not achieved. The reduction is:0.000723132 after 20 iterations 

Problem: Solver convergence failure - Iteration limit reached
Timestep chopped to 65.585025 days


Starting time step 0, stepsize 65.585 days, at day 388725/390550, date = 18-Apr-3089
 Newton its= 3, linearizations= 4 (0.3sec), linear its= 25 (1.2sec)

Starting time step 1, stepsize 131.17 days, at day 388791/390550, date = 22-Jun-3089

Warning: Full linear solver tolerance not achieved. The reduction is:0.000812973 after 20 iterations 
    Oscillating behavior detected: Relaxation set to 0.900000
    Oscillating behavior detected: Relaxation set to 0.800000

Problem: Solver convergence failure - Iteration limit reached
Timestep chopped to 43.286117 days


Starting time step 1, stepsize 43.2861 days, at day 388791/390550, date = 22-Jun-3089
 Newton its= 1, linearizations= 2 (0.1sec), linear its=  5 (0.2sec)

Starting time step 2, stepsize 86.5722 days, at day 388834/390550, date = 04-Aug-3089
 Newton its= 4, linearizations= 5 (0.4sec), linear its= 41 (1.7sec)

Starting time step 3, stepsize 225.088 days, at day 388920/390550, date = 30-Oct-3089

Warning: Full linear solver tolerance not achieved. The reduction is:0.00199049 after 20 iterations 
    Oscillating behavior detected: Relaxation set to 0.900000
    Oscillating behavior detected: Relaxation set to 0.800000
    Oscillating behavior detected: Relaxation set to 0.700000
    Oscillating behavior detected: Relaxation set to 0.600000
    Oscillating behavior detected: Relaxation set to 0.500000

Problem: Solver convergence failure - Iteration limit reached
Timestep chopped to 74.278976 days


Starting time step 3, stepsize 74.279 days, at day 388920/390550, date = 30-Oct-3089
 Newton its= 4, linearizations= 5 (0.4sec), linear its= 42 (1.8sec)

Starting time step 4, stepsize 148.558 days, at day 388995/390550, date = 12-Jan-3090
    Oscillating behavior detected: Relaxation set to 0.900000
    Oscillating behavior detected: Relaxation set to 0.800000
    Oscillating behavior detected: Relaxation set to 0.700000
    Oscillating behavior detected: Relaxation set to 0.600000

Problem: Solver convergence failure - Iteration limit reached
Timestep chopped to 49.024124 days


Starting time step 4, stepsize 49.0241 days, at day 388995/390550, date = 12-Jan-3090
 Newton its= 3, linearizations= 4 (0.3sec), linear its= 27 (1.2sec)

Starting time step 5, stepsize 98.0482 days, at day 389044/390550, date = 02-Mar-3090

Warning: Full linear solver tolerance not achieved. The reduction is:0.000400064 after 20 iterations 

Warning: Full linear solver tolerance not achieved. The reduction is:0.000299846 after 20 iterations 
 Newton its= 6, linearizations= 7 (0.5sec), linear its= 99 (3.9sec)

Starting time step 6, stepsize 176.487 days, at day 389142/390550, date = 08-Jun-3090

Warning: Full linear solver tolerance not achieved. The reduction is:0.00263454 after 20 iterations 

Problem: Solver convergence failure - Numerical problem encountered
Timestep chopped to 58.240659 days


Starting time step 6, stepsize 58.2407 days, at day 389142/390550, date = 08-Jun-3090
 Newton its= 3, linearizations= 4 (0.3sec), linear its= 33 (1.4sec)

Starting time step 7, stepsize 116.481 days, at day 389200/390550, date = 06-Aug-3090

Problem: Solver convergence failure - Numerical problem encountered
Timestep chopped to 38.438835 days


Starting time step 7, stepsize 38.4388 days, at day 389200/390550, date = 06-Aug-3090
 Newton its= 3, linearizations= 4 (0.3sec), linear its= 30 (1.3sec)

Starting time step 8, stepsize 76.8777 days, at day 389238/390550, date = 13-Sep-3090
 Newton its= 4, linearizations= 5 (0.4sec), linear its= 29 (1.3sec)

Starting time step 9, stepsize 199.882 days, at day 389315/390550, date = 29-Nov-3090

Problem: Solver convergence failure - Iteration limit reached
Timestep chopped to 65.961041 days


Starting time step 9, stepsize 65.961 days, at day 389315/390550, date = 29-Nov-3090
 Newton its= 3, linearizations= 4 (0.3sec), linear its= 25 (1.1sec)

Starting time step 10, stepsize 131.922 days, at day 389381/390550, date = 03-Feb-3091

Warning: Full linear solver tolerance not achieved. The reduction is:0.000290324 after 20 iterations 
    Oscillating behavior detected: Relaxation set to 0.900000
    Oscillating behavior detected: Relaxation set to 0.800000
    Oscillating behavior detected: Relaxation set to 0.700000

Problem: Solver convergence failure - Iteration limit reached
Timestep chopped to 43.534287 days


Starting time step 10, stepsize 43.5343 days, at day 389381/390550, date = 03-Feb-3091
 Newton its= 2, linearizations= 3 (0.2sec), linear its= 16 (0.7sec)

Starting time step 11, stepsize 87.0686 days, at day 389425/390550, date = 18-Mar-3091
 Newton its= 4, linearizations= 5 (0.4sec), linear its= 29 (1.3sec)

Starting time step 12, stepsize 226.378 days, at day 389512/390550, date = 13-Jun-3091

Problem: Solver convergence failure - Iteration limit reached
Timestep chopped to 74.704837 days


Starting time step 12, stepsize 74.7048 days, at day 389512/390550, date = 13-Jun-3091
 Newton its= 3, linearizations= 4 (0.3sec), linear its= 23 (1.0sec)

Starting time step 13, stepsize 149.41 days, at day 389587/390550, date = 27-Aug-3091

Warning: Full linear solver tolerance not achieved. The reduction is:0.00706521 after 20 iterations 

Warning: Full linear solver tolerance not achieved. The reduction is:0.000259298 after 20 iterations 

Problem: Solver convergence failure - Iteration limit reached
Timestep chopped to 49.305192 days


Starting time step 13, stepsize 49.3052 days, at day 389587/390550, date = 27-Aug-3091
 Newton its= 3, linearizations= 4 (0.3sec), linear its= 28 (1.2sec)

Starting time step 14, stepsize 98.6104 days, at day 389636/390550, date = 15-Oct-3091
 Newton its= 4, linearizations= 5 (0.4sec), linear its= 50 (2.0sec)

Starting time step 15, stepsize 256.387 days, at day 389735/390550, date = 22-Jan-3092

Warning: Full linear solver tolerance not achieved. The reduction is:0.000263142 after 20 iterations 
    Oscillating behavior detected: Relaxation set to 0.900000
    Oscillating behavior detected: Relaxation set to 0.800000
    Oscillating behavior detected: Relaxation set to 0.700000
    Oscillating behavior detected: Relaxation set to 0.600000
    Oscillating behavior detected: Relaxation set to 0.500000
    Oscillating behavior detected: Relaxation set to 0.500000
    Oscillating behavior detected: Relaxation set to 0.500000

Problem: Solver convergence failure - Iteration limit reached
Timestep chopped to 84.607710 days


Starting time step 15, stepsize 84.6077 days, at day 389735/390550, date = 22-Jan-3092
 Newton its= 4, linearizations= 5 (0.4sec), linear its= 45 (1.7sec)

Starting time step 16, stepsize 169.215 days, at day 389819/390550, date = 16-Apr-3092

Warning: Full linear solver tolerance not achieved. The reduction is:0.000301511 after 20 iterations 

Warning: Full linear solver tolerance not achieved. The reduction is:0.0010281 after 20 iterations 

Problem: Solver convergence failure - Numerical problem encountered
Timestep chopped to 55.841089 days


Starting time step 16, stepsize 55.8411 days, at day 389819/390550, date = 16-Apr-3092
 Newton its= 3, linearizations= 4 (0.3sec), linear its= 29 (1.3sec)

Starting time step 17, stepsize 111.682 days, at day 389875/390550, date = 10-Jun-3092

Warning: Full linear solver tolerance not achieved. The reduction is:0.00770882 after 20 iterations 

Warning: Full linear solver tolerance not achieved. The reduction is:0.000265766 after 20 iterations 

Warning: Full linear solver tolerance not achieved. The reduction is:0.000678359 after 20 iterations 

Warning: Full linear solver tolerance not achieved. The reduction is:0.00062377 after 20 iterations 

Problem: Solver convergence failure - Numerical problem encountered
Timestep chopped to 36.855118 days


Starting time step 17, stepsize 36.8551 days, at day 389875/390550, date = 10-Jun-3092

Problem: Solver convergence failure - Numerical problem encountered
Timestep chopped to 12.162189 days


Starting time step 17, stepsize 12.1622 days, at day 389875/390550, date = 10-Jun-3092
 Newton its= 1, linearizations= 2 (0.1sec), linear its=  4 (0.2sec)

Starting time step 18, stepsize 24.3244 days, at day 389887/390550, date = 23-Jun-3092
 Newton its= 1, linearizations= 2 (0.1sec), linear its=  5 (0.2sec)

Starting time step 19, stepsize 72.9731 days, at day 389911/390550, date = 17-Jul-3092
 Newton its= 4, linearizations= 5 (0.4sec), linear its= 37 (1.6sec)

Starting time step 20, stepsize 189.73 days, at day 389984/390550, date = 28-Sep-3092

Warning: Full linear solver tolerance not achieved. The reduction is:0.00235508 after 20 iterations 

Problem: Solver convergence failure - Numerical problem encountered
Timestep chopped to 62.610950 days


Starting time step 20, stepsize 62.6109 days, at day 389984/390550, date = 28-Sep-3092
 Newton its= 3, linearizations= 4 (0.3sec), linear its= 24 (1.0sec)

Starting time step 21, stepsize 125.222 days, at day 390047/390550, date = 30-Nov-3092

Problem: Solver convergence failure - Numerical problem encountered
Timestep chopped to 41.323227 days


Starting time step 21, stepsize 41.3232 days, at day 390047/390550, date = 30-Nov-3092
 Newton its= 2, linearizations= 3 (0.2sec), linear its= 19 (0.7sec)

Starting time step 22, stepsize 82.6465 days, at day 390088/390550, date = 10-Jan-3093
 Newton its= 3, linearizations= 4 (0.3sec), linear its= 25 (1.0sec)

Starting time step 23, stepsize 247.939 days, at day 390171/390550, date = 03-Apr-3093
    Oscillating behavior detected: Relaxation set to 0.900000
    Oscillating behavior detected: Relaxation set to 0.800000
    Oscillating behavior detected: Relaxation set to 0.700000
    Oscillating behavior detected: Relaxation set to 0.600000
    Oscillating behavior detected: Relaxation set to 0.500000
    Oscillating behavior detected: Relaxation set to 0.500000
    Oscillating behavior detected: Relaxation set to 0.500000

Problem: Solver convergence failure - Iteration limit reached
Timestep chopped to 81.819989 days


Starting time step 23, stepsize 81.82 days, at day 390171/390550, date = 03-Apr-3093
 Newton its= 4, linearizations= 5 (0.4sec), linear its= 37 (1.6sec)

Starting time step 24, stepsize 163.64 days, at day 390253/390550, date = 23-Jun-3093

Warning: Full linear solver tolerance not achieved. The reduction is:0.00111896 after 20 iterations 

Problem: Solver convergence failure - Numerical problem encountered
Timestep chopped to 54.001193 days


Starting time step 24, stepsize 54.0012 days, at day 390253/390550, date = 23-Jun-3093

Problem: Solver convergence failure - Numerical problem encountered
Timestep chopped to 17.820394 days


Starting time step 24, stepsize 17.8204 days, at day 390253/390550, date = 23-Jun-3093
 Newton its= 1, linearizations= 2 (0.1sec), linear its=  4 (0.2sec)

Starting time step 25, stepsize 35.6408 days, at day 390271/390550, date = 11-Jul-3093
 Newton its= 2, linearizations= 3 (0.2sec), linear its= 13 (0.6sec)

Starting time step 26, stepsize 106.922 days, at day 390306/390550, date = 16-Aug-3093
 Newton its= 5, linearizations= 6 (0.4sec), linear its= 63 (2.4sec)

Starting time step 27, stepsize 136.771 days, at day 390413/390550, date = 01-Dec-3093

Problem: Solver convergence failure - Iteration limit reached
Timestep chopped to 45.134474 days


Starting time step 27, stepsize 45.1345 days, at day 390413/390550, date = 01-Dec-3093
 Newton its= 3, linearizations= 4 (0.3sec), linear its= 22 (0.9sec)

Starting time step 28, stepsize 91.6367 days, at day 390458/390550, date = 15-Jan-3094

Warning: Full linear solver tolerance not achieved. The reduction is:0.00121548 after 20 iterations 
 Newton its= 5, linearizations= 6 (0.4sec), linear its= 62 (2.3sec)

Report step 16/17 at day 390550/392375, date = 17-Apr-3094

Starting time step 0, stepsize 1825 days, at day 390550/392375, date = 17-Apr-3094

Warning: Full linear solver tolerance not achieved. The reduction is:0.00199637 after 20 iterations 

Warning: Full linear solver tolerance not achieved. The reduction is:0.00736185 after 20 iterations 

Problem: Solver convergence failure - Numerical problem encountered
Timestep chopped to 602.250000 days


Starting time step 0, stepsize 602.25 days, at day 390550/392375, date = 17-Apr-3094

Problem: Solver convergence failure - Numerical problem encountered
Timestep chopped to 198.742500 days


Starting time step 0, stepsize 198.743 days, at day 390550/392375, date = 17-Apr-3094

Warning: Full linear solver tolerance not achieved. The reduction is:0.000528954 after 20 iterations 

Warning: Full linear solver tolerance not achieved. The reduction is:0.00452579 after 20 iterations 

Problem: Solver convergence failure - Numerical problem encountered
Timestep chopped to 65.585025 days


Starting time step 0, stepsize 65.585 days, at day 390550/392375, date = 17-Apr-3094

Problem: Solver convergence failure - Numerical problem encountered
Timestep chopped to 21.643058 days


Starting time step 0, stepsize 21.6431 days, at day 390550/392375, date = 17-Apr-3094
 Newton its= 1, linearizations= 2 (0.1sec), linear its=  5 (0.2sec)

Starting time step 1, stepsize 43.2861 days, at day 390572/392375, date = 08-May-3094
 Newton its= 1, linearizations= 2 (0.1sec), linear its=  5 (0.2sec)

Starting time step 2, stepsize 129.858 days, at day 390615/392375, date = 20-Jun-3094
    Oscillating behavior detected: Relaxation set to 0.900000

Warning: Full linear solver tolerance not achieved. The reduction is:0.000825793 after 20 iterations 

Warning: Full linear solver tolerance not achieved. The reduction is:0.000311194 after 20 iterations 

Warning: Full linear solver tolerance not achieved. The reduction is:0.00203407 after 20 iterations 

Warning: Full linear solver tolerance not achieved. The reduction is:0.000666065 after 20 iterations 
    Oscillating behavior detected: Relaxation set to 0.800000

Warning: Full linear solver tolerance not achieved. The reduction is:0.00874038 after 20 iterations 

Warning: Full linear solver tolerance not achieved. The reduction is:0.00092332 after 20 iterations 

Warning: Full linear solver tolerance not achieved. The reduction is:0.00268105 after 20 iterations 

Problem: Solver convergence failure - Iteration limit reached
Timestep chopped to 42.853255 days


Starting time step 2, stepsize 42.8533 days, at day 390615/392375, date = 20-Jun-3094

Problem: Solver convergence failure - Numerical problem encountered
Timestep chopped to 14.141574 days


Starting time step 2, stepsize 14.1416 days, at day 390615/392375, date = 20-Jun-3094
 Newton its= 1, linearizations= 2 (0.1sec), linear its=  3 (0.3sec)

Starting time step 3, stepsize 28.2831 days, at day 390629/392375, date = 05-Jul-3094
 Newton its= 1, linearizations= 2 (0.1sec), linear its=  5 (0.2sec)

Starting time step 4, stepsize 84.8494 days, at day 390657/392375, date = 02-Aug-3094
 Newton its= 4, linearizations= 5 (0.4sec), linear its= 45 (1.8sec)

Starting time step 5, stepsize 220.609 days, at day 390742/392375, date = 26-Oct-3094
    Oscillating behavior detected: Relaxation set to 0.900000
    Oscillating behavior detected: Relaxation set to 0.800000
    Oscillating behavior detected: Relaxation set to 0.700000
    Oscillating behavior detected: Relaxation set to 0.600000

Problem: Solver convergence failure - Iteration limit reached
Timestep chopped to 72.800824 days


Starting time step 5, stepsize 72.8008 days, at day 390742/392375, date = 26-Oct-3094
 Newton its= 3, linearizations= 4 (0.3sec), linear its= 29 (1.3sec)

Starting time step 6, stepsize 145.602 days, at day 390815/392375, date = 07-Jan-3095

Warning: Full linear solver tolerance not achieved. The reduction is:0.000534001 after 20 iterations 

Warning: Full linear solver tolerance not achieved. The reduction is:0.00074377 after 20 iterations 
    Oscillating behavior detected: Relaxation set to 0.900000

Problem: Solver convergence failure - Iteration limit reached
Timestep chopped to 48.048544 days


Starting time step 6, stepsize 48.0485 days, at day 390815/392375, date = 07-Jan-3095
 Newton its= 2, linearizations= 3 (0.2sec), linear its= 16 (0.7sec)

Starting time step 7, stepsize 96.0971 days, at day 390863/392375, date = 24-Feb-3095
 Newton its= 5, linearizations= 6 (0.4sec), linear its= 65 (2.7sec)

Starting time step 8, stepsize 211.414 days, at day 390959/392375, date = 31-May-3095

Warning: Full linear solver tolerance not achieved. The reduction is:0.00025419 after 20 iterations 

Warning: Full linear solver tolerance not achieved. The reduction is:0.000527282 after 20 iterations 

Warning: Full linear solver tolerance not achieved. The reduction is:0.000659371 after 20 iterations 

Problem: Solver convergence failure - Numerical problem encountered
Timestep chopped to 69.766486 days


Starting time step 8, stepsize 69.7665 days, at day 390959/392375, date = 31-May-3095

Problem: Solver convergence failure - Numerical problem encountered
Timestep chopped to 23.022940 days


Starting time step 8, stepsize 23.0229 days, at day 390959/392375, date = 31-May-3095
 Newton its= 1, linearizations= 2 (0.1sec), linear its=  5 (0.2sec)

Starting time step 9, stepsize 46.0459 days, at day 390982/392375, date = 23-Jun-3095
 Newton its= 3, linearizations= 4 (0.3sec), linear its= 23 (1.0sec)

Starting time step 10, stepsize 138.138 days, at day 391028/392375, date = 08-Aug-3095

Warning: Full linear solver tolerance not achieved. The reduction is:0.000612799 after 20 iterations 

Problem: Solver convergence failure - Numerical problem encountered
Timestep chopped to 45.585422 days


Starting time step 10, stepsize 45.5854 days, at day 391028/392375, date = 08-Aug-3095
 Newton its= 3, linearizations= 4 (0.3sec), linear its= 27 (1.2sec)

Starting time step 11, stepsize 91.1708 days, at day 391074/392375, date = 22-Sep-3095

Warning: Full linear solver tolerance not achieved. The reduction is:0.00179722 after 20 iterations 
 Newton its= 4, linearizations= 5 (0.4sec), linear its= 67 (2.6sec)

Starting time step 12, stepsize 237.044 days, at day 391165/392375, date = 22-Dec-3095
    Oscillating behavior detected: Relaxation set to 0.900000

Problem: Solver convergence failure - Iteration limit reached
Timestep chopped to 78.224584 days


Starting time step 12, stepsize 78.2246 days, at day 391165/392375, date = 22-Dec-3095
 Newton its= 4, linearizations= 5 (0.4sec), linear its= 36 (1.5sec)

Starting time step 13, stepsize 156.449 days, at day 391243/392375, date = 10-Mar-3096
    Oscillating behavior detected: Relaxation set to 0.900000
    Oscillating behavior detected: Relaxation set to 0.800000
    Oscillating behavior detected: Relaxation set to 0.700000
    Oscillating behavior detected: Relaxation set to 0.600000

Warning: Full linear solver tolerance not achieved. The reduction is:0.000263094 after 20 iterations 
    Oscillating behavior detected: Relaxation set to 0.500000

Problem: Solver convergence failure - Iteration limit reached
Timestep chopped to 51.628225 days


Starting time step 13, stepsize 51.6282 days, at day 391243/392375, date = 10-Mar-3096
 Newton its= 2, linearizations= 3 (0.2sec), linear its= 13 (0.6sec)

Starting time step 14, stepsize 103.256 days, at day 391295/392375, date = 30-Apr-3096
 Newton its= 5, linearizations= 6 (0.4sec), linear its= 62 (2.5sec)

Starting time step 15, stepsize 227.164 days, at day 391398/392375, date = 12-Aug-3096

Warning: Full linear solver tolerance not achieved. The reduction is:0.00352871 after 20 iterations 

Warning: Full linear solver tolerance not achieved. The reduction is:0.000732437 after 20 iterations 

Problem: Solver convergence failure - Iteration limit reached
Timestep chopped to 74.964183 days


Starting time step 15, stepsize 74.9642 days, at day 391398/392375, date = 12-Aug-3096
 Newton its= 3, linearizations= 4 (0.3sec), linear its= 28 (1.2sec)

Starting time step 16, stepsize 149.928 days, at day 391473/392375, date = 26-Oct-3096
    Oscillating behavior detected: Relaxation set to 0.900000
    Oscillating behavior detected: Relaxation set to 0.800000
    Oscillating behavior detected: Relaxation set to 0.700000

Problem: Solver convergence failure - Iteration limit reached
Timestep chopped to 49.476361 days


Starting time step 16, stepsize 49.4764 days, at day 391473/392375, date = 26-Oct-3096
 Newton its= 3, linearizations= 4 (0.3sec), linear its= 26 (1.1sec)

Starting time step 17, stepsize 98.9527 days, at day 391523/392375, date = 14-Dec-3096
 Newton its= 5, linearizations= 6 (0.4sec), linear its= 65 (2.7sec)

Starting time step 18, stepsize 217.696 days, at day 391621/392375, date = 23-Mar-3097

Warning: Full linear solver tolerance not achieved. The reduction is:0.000900944 after 20 iterations 

Warning: Full linear solver tolerance not achieved. The reduction is:0.000291876 after 20 iterations 
    Oscillating behavior detected: Relaxation set to 0.900000

Warning: Full linear solver tolerance not achieved. The reduction is:0.00119202 after 20 iterations 

Problem: Solver convergence failure - Iteration limit reached
Timestep chopped to 71.839676 days


Starting time step 18, stepsize 71.8397 days, at day 391621/392375, date = 23-Mar-3097
 Newton its= 3, linearizations= 4 (0.3sec), linear its= 23 (1.0sec)

Starting time step 19, stepsize 143.679 days, at day 391693/392375, date = 03-Jun-3097

Warning: Full linear solver tolerance not achieved. The reduction is:0.00158352 after 20 iterations 

Warning: Full linear solver tolerance not achieved. The reduction is:0.00255415 after 20 iterations 

Warning: Full linear solver tolerance not achieved. The reduction is:0.000473527 after 20 iterations 

Warning: Full linear solver tolerance not achieved. The reduction is:0.00129375 after 20 iterations 
    Oscillating behavior detected: Relaxation set to 0.900000

Problem: Solver convergence failure - Numerical problem encountered
Timestep chopped to 47.414186 days


Starting time step 19, stepsize 47.4142 days, at day 391693/392375, date = 03-Jun-3097
 Newton its= 3, linearizations= 4 (0.3sec), linear its= 26 (1.1sec)

Starting time step 20, stepsize 94.8284 days, at day 391741/392375, date = 20-Jul-3097
 Newton its= 4, linearizations= 5 (0.3sec), linear its= 70 (2.8sec)

Starting time step 21, stepsize 246.554 days, at day 391836/392375, date = 23-Oct-3097

Warning: Full linear solver tolerance not achieved. The reduction is:0.000769296 after 20 iterations 

Warning: Full linear solver tolerance not achieved. The reduction is:0.000296101 after 20 iterations 

Warning: Full linear solver tolerance not achieved. The reduction is:0.00121958 after 20 iterations 

Problem: Solver convergence failure - Iteration limit reached
Timestep chopped to 81.362744 days


Starting time step 21, stepsize 81.3627 days, at day 391836/392375, date = 23-Oct-3097
 Newton its= 3, linearizations= 4 (0.3sec), linear its= 21 (0.9sec)

Starting time step 22, stepsize 162.725 days, at day 391917/392375, date = 12-Jan-3098

Warning: Full linear solver tolerance not achieved. The reduction is:0.00091537 after 20 iterations 

Warning: Full linear solver tolerance not achieved. The reduction is:0.000632198 after 20 iterations 

Warning: Full linear solver tolerance not achieved. The reduction is:0.000753476 after 20 iterations 
 Newton its=15, linearizations=16 (1.1sec), linear its=199 (7.6sec)

Starting time step 23, stepsize 86.7869 days, at day 392080/392375, date = 24-Jun-3098
 Newton its= 4, linearizations= 5 (0.4sec), linear its= 38 (1.5sec)

Starting time step 24, stepsize 208.565 days, at day 392166/392375, date = 19-Sep-3098

Warning: Full linear solver tolerance not achieved. The reduction is:0.000976538 after 20 iterations 

Warning: Full linear solver tolerance not achieved. The reduction is:0.00154353 after 20 iterations 

Problem: Solver convergence failure - Numerical problem encountered
Timestep chopped to 68.826514 days


Starting time step 24, stepsize 68.8265 days, at day 392166/392375, date = 19-Sep-3098

Warning: Full linear solver tolerance not achieved. The reduction is:0.00219362 after 20 iterations 

Warning: Full linear solver tolerance not achieved. The reduction is:0.000380765 after 20 iterations 

Warning: Full linear solver tolerance not achieved. The reduction is:0.00190642 after 20 iterations 

Problem: Solver convergence failure - Numerical problem encountered
Timestep chopped to 22.712750 days


Starting time step 24, stepsize 22.7127 days, at day 392166/392375, date = 19-Sep-3098

Problem: Solver convergence failure - Numerical problem encountered
Timestep chopped to 7.495207 days


Starting time step 24, stepsize 7.49521 days, at day 392166/392375, date = 19-Sep-3098
 Newton its= 1, linearizations= 2 (0.1sec), linear its=  4 (0.2sec)

Starting time step 25, stepsize 14.9904 days, at day 392174/392375, date = 26-Sep-3098
 Newton its= 1, linearizations= 2 (0.1sec), linear its=  3 (0.2sec)

Starting time step 26, stepsize 44.9712 days, at day 392189/392375, date = 11-Oct-3098
 Newton its= 1, linearizations= 2 (0.1sec), linear its=  5 (0.2sec)

Starting time step 27, stepsize 141.108 days, at day 392234/392375, date = 25-Nov-3098

Warning: Full linear solver tolerance not achieved. The reduction is:0.000437838 after 20 iterations 
    Oscillating behavior detected: Relaxation set to 0.900000

Problem: Solver convergence failure - Numerical problem encountered
Timestep chopped to 46.565748 days


Starting time step 27, stepsize 46.5657 days, at day 392234/392375, date = 25-Nov-3098
 Newton its= 2, linearizations= 3 (0.2sec), linear its= 19 (0.7sec)

Starting time step 28, stepsize 94.5426 days, at day 392280/392375, date = 11-Jan-3099

Warning: Full linear solver tolerance not achieved. The reduction is:0.000313379 after 20 iterations 
 Newton its= 4, linearizations= 5 (0.3sec), linear its= 70 (2.5sec)


================    End of simulation     ===============

Number of MPI processes:         1
Threads per MPI process:         1
Setup time:                      1.84 s
  Deck input:                    0.28 s
Number of timesteps:           895
Simulation time:              6003.57 s
  Assembly time:               514.02 s (Wasted: 266.9 s; 51.9%)
    Well assembly:               0.00 s (Wasted: 0.0 s; 0.0%)
  Linear solve time:          4191.34 s (Wasted: 1818.9 s; 43.4%)
    Linear setup:             1383.55 s (Wasted: 186.2 s; 13.5%)
  Props/update time:          1117.71 s (Wasted: 621.3 s; 55.6%)
  Pre/post step:               176.66 s (Wasted: 45.1 s; 25.5%)
  Output write time:             0.03 s
Overall Linearizations:       5881      (Wasted:  3156; 53.7%)
Overall Newton Iterations:    5300      (Wasted:  3156; 59.5%)
Overall Linear Iterations:   58275      (Wasted: 40161; 68.9%)



Error summary:
Warnings          328
Info              1809
Errors            0
Bugs              0
Debug             0
Problems          314

