0.005, 0.005, 0.005
0.015, 0.005, 0.005
0.025, 0.005, 0.005
0.035, 0.005, 0.005
0.045, 0.005, 0.005
0.055, 0.005, 0.005
0.065, 0.005, 0.005
0.07500000000000001, 0.005, 0.005
0.08499999999999999, 0.005, 0.005
0.095, 0.005, 0.005
0.10500000000000001, 0.005, 0.005
0.11499999999999999, 0.005, 0.005
0.125, 0.005, 0.005
0.135, 0.005, 0.005
0.14500000000000002, 0.005, 0.005
0.155, 0.005, 0.005
0.165, 0.005, 0.005
0.175, 0.005, 0.005
0.185, 0.005, 0.005
0.195, 0.005, 0.005
0.20500000000000002, 0.005, 0.005
0.215, 0.005, 0.005
0.225, 0.005, 0.005
0.235, 0.005, 0.005
0.245, 0.005, 0.005
0.255, 0.005, 0.005
0.265, 0.005, 0.005
0.275, 0.005, 0.005
0.28500000000000003, 0.005, 0.005
0.295, 0.005, 0.005
0.305, 0.005, 0.005
0.315, 0.005, 0.005
0.325, 0.005, 0.005
0.335, 0.005, 0.005
0.34500000000000003, 0.005, 0.005
0.355, 0.005, 0.005
0.365, 0.005, 0.005
0.375, 0.005, 0.005
0.385, 0.005, 0.005
0.395, 0.005, 0.005
0.405, 0.005, 0.005
0.41500000000000004, 0.005, 0.005
0.425, 0.005, 0.005
0.435, 0.005, 0.005
0.445, 0.005, 0.005
0.455, 0.005, 0.005
0.465, 0.005, 0.005
0.475, 0.005, 0.005
0.485, 0.005, 0.005
0.495, 0.005, 0.005
0.505, 0.005, 0.005
0.515, 0.005, 0.005
0.525, 0.005, 0.005
0.535, 0.005, 0.005
0.545, 0.005, 0.005
0.555, 0.005, 0.005
0.5650000000000001, 0.005, 0.005
0.575, 0.005, 0.005
0.585, 0.005, 0.005
0.595, 0.005, 0.005
0.605, 0.005, 0.005
0.615, 0.005, 0.005
0.625, 0.005, 0.005
0.635, 0.005, 0.005
0.645, 0.005, 0.005
0.655, 0.005, 0.005
0.665, 0.005, 0.005
0.675, 0.005, 0.005
0.685, 0.005, 0.005
0.6950000000000001, 0.005, 0.005
0.7050000000000001, 0.005, 0.005
0.715, 0.005, 0.005
0.725, 0.005, 0.005
0.735, 0.005, 0.005
0.745, 0.005, 0.005
0.755, 0.005, 0.005
0.765, 0.005, 0.005
0.775, 0.005, 0.005
0.785, 0.005, 0.005
0.795, 0.005, 0.005
0.805, 0.005, 0.005
0.8150000000000001, 0.005, 0.005
0.8250000000000001, 0.005, 0.005
0.835, 0.005, 0.005
0.845, 0.005, 0.005
0.855, 0.005, 0.005
0.865, 0.005, 0.005
0.875, 0.005, 0.005
0.885, 0.005, 0.005
0.895, 0.005, 0.005
0.905, 0.005, 0.005
0.915, 0.005, 0.005
0.925, 0.005, 0.005
0.935, 0.005, 0.005
0.9450000000000001, 0.005, 0.005
0.9550000000000001, 0.005, 0.005
0.965, 0.005, 0.005
0.975, 0.005, 0.005
0.985, 0.005, 0.005
0.995, 0.005, 0.005
1.005, 0.005, 0.005
1.0150000000000001, 0.005, 0.005
1.025, 0.005, 0.005
1.0350000000000001, 0.005, 0.005
1.045, 0.005, 0.005
1.0550000000000002, 0.005, 0.005
1.065, 0.005, 0.005
1.0750000000000002, 0.005, 0.005
1.085, 0.005, 0.005
1.0950000000000002, 0.005, 0.005
1.105, 0.005, 0.005
1.1150000000000002, 0.005, 0.005
1.125, 0.005, 0.005
1.1350000000000002, 0.005, 0.005
1.145, 0.005, 0.005
1.155, 0.005, 0.005
1.165, 0.005, 0.005
1.1749999999999998, 0.005, 0.005
1.185, 0.005, 0.005
1.1949999999999998, 0.005, 0.005
1.205, 0.005, 0.005
1.2149999999999999, 0.005, 0.005
1.225, 0.005, 0.005
1.2349999999999999, 0.005, 0.005
1.245, 0.005, 0.005
1.255, 0.005, 0.005
1.2650000000000001, 0.005, 0.005
1.275, 0.005, 0.005
1.2850000000000001, 0.005, 0.005
1.295, 0.005, 0.005
1.3050000000000002, 0.005, 0.005
1.315, 0.005, 0.005
1.3250000000000002, 0.005, 0.005
1.335, 0.005, 0.005
1.3450000000000002, 0.005, 0.005
1.355, 0.005, 0.005
1.3650000000000002, 0.005, 0.005
1.375, 0.005, 0.005
1.3850000000000002, 0.005, 0.005
1.395, 0.005, 0.005
1.405, 0.005, 0.005
1.415, 0.005, 0.005
1.4249999999999998, 0.005, 0.005
1.435, 0.005, 0.005
1.4449999999999998, 0.005, 0.005
1.455, 0.005, 0.005
1.4649999999999999, 0.005, 0.005
1.475, 0.005, 0.005
1.4849999999999999, 0.005, 0.005
1.495, 0.005, 0.005
1.505, 0.005, 0.005
1.5150000000000001, 0.005, 0.005
1.525, 0.005, 0.005
1.5350000000000001, 0.005, 0.005
1.545, 0.005, 0.005
1.5550000000000002, 0.005, 0.005
1.565, 0.005, 0.005
1.5750000000000002, 0.005, 0.005
1.585, 0.005, 0.005
1.5950000000000002, 0.005, 0.005
1.605, 0.005, 0.005
1.6150000000000002, 0.005, 0.005
1.625, 0.005, 0.005
1.6350000000000002, 0.005, 0.005
1.645, 0.005, 0.005
1.6550000000000002, 0.005, 0.005
1.665, 0.005, 0.005
1.6749999999999998, 0.005, 0.005
1.685, 0.005, 0.005
1.6949999999999998, 0.005, 0.005
1.705, 0.005, 0.005
1.7149999999999999, 0.005, 0.005
1.725, 0.005, 0.005
1.7349999999999999, 0.005, 0.005
1.745, 0.005, 0.005
1.755, 0.005, 0.005
1.7650000000000001, 0.005, 0.005
1.775, 0.005, 0.005
1.7850000000000001, 0.005, 0.005
1.795, 0.005, 0.005
1.8050000000000002, 0.005, 0.005
1.815, 0.005, 0.005
1.8250000000000002, 0.005, 0.005
1.835, 0.005, 0.005
1.8450000000000002, 0.005, 0.005
1.855, 0.005, 0.005
1.8650000000000002, 0.005, 0.005
1.875, 0.005, 0.005
1.8850000000000002, 0.005, 0.005
1.895, 0.005, 0.005
1.9050000000000002, 0.005, 0.005
1.915, 0.005, 0.005
1.9249999999999998, 0.005, 0.005
1.935, 0.005, 0.005
1.9449999999999998, 0.005, 0.005
1.955, 0.005, 0.005
1.9649999999999999, 0.005, 0.005
1.975, 0.005, 0.005
1.9849999999999999, 0.005, 0.005
1.995, 0.005, 0.005
2.005, 0.005, 0.005
2.015, 0.005, 0.005
2.0250000000000004, 0.005, 0.005
2.035, 0.005, 0.005
2.045, 0.005, 0.005
2.0549999999999997, 0.005, 0.005
2.065, 0.005, 0.005
2.075, 0.005, 0.005
2.085, 0.005, 0.005
2.0949999999999998, 0.005, 0.005
2.105, 0.005, 0.005
2.115, 0.005, 0.005
2.125, 0.005, 0.005
2.135, 0.005, 0.005
2.145, 0.005, 0.005
2.1550000000000002, 0.005, 0.005
2.165, 0.005, 0.005
2.175, 0.005, 0.005
2.185, 0.005, 0.005
2.1950000000000003, 0.005, 0.005
2.205, 0.005, 0.005
2.215, 0.005, 0.005
2.225, 0.005, 0.005
2.2350000000000003, 0.005, 0.005
2.245, 0.005, 0.005
2.255, 0.005, 0.005
2.265, 0.005, 0.005
2.2750000000000004, 0.005, 0.005
2.285, 0.005, 0.005
2.295, 0.005, 0.005
2.305, 0.005, 0.005
2.315, 0.005, 0.005
2.325, 0.005, 0.005
2.335, 0.005, 0.005
2.3449999999999998, 0.005, 0.005
2.355, 0.005, 0.005
2.365, 0.005, 0.005
2.375, 0.005, 0.005
2.385, 0.005, 0.005
2.395, 0.005, 0.005
2.4050000000000002, 0.005, 0.005
2.415, 0.005, 0.005
2.425, 0.005, 0.005
2.435, 0.005, 0.005
2.4450000000000003, 0.005, 0.005
2.455, 0.005, 0.005
2.465, 0.005, 0.005
2.475, 0.005, 0.005
2.4850000000000003, 0.005, 0.005
2.495, 0.005, 0.005
2.505, 0.005, 0.005
2.515, 0.005, 0.005
2.5250000000000004, 0.005, 0.005
2.535, 0.005, 0.005
2.545, 0.005, 0.005
2.555, 0.005, 0.005
2.565, 0.005, 0.005
2.575, 0.005, 0.005
2.585, 0.005, 0.005
2.5949999999999998, 0.005, 0.005
2.605, 0.005, 0.005
2.615, 0.005, 0.005
2.625, 0.005, 0.005
2.635, 0.005, 0.005
2.645, 0.005, 0.005
2.6550000000000002, 0.005, 0.005
2.665, 0.005, 0.005
2.675, 0.005, 0.005
2.685, 0.005, 0.005
2.6950000000000003, 0.005, 0.005
2.705, 0.005, 0.005
2.715, 0.005, 0.005
2.725, 0.005, 0.005
2.7350000000000003, 0.005, 0.005
2.745, 0.005, 0.005
2.755, 0.005, 0.005
2.765, 0.005, 0.005
2.7750000000000004, 0.005, 0.005
2.785, 0.005, 0.005
2.795, 0.005, 0.005
0.005, 0.005, 0.015
0.015, 0.005, 0.015
0.025, 0.005, 0.015
0.035, 0.005, 0.015
0.045, 0.005, 0.015
0.055, 0.005, 0.015
0.065, 0.005, 0.015
0.07500000000000001, 0.005, 0.015
0.08499999999999999, 0.005, 0.015
0.095, 0.005, 0.015
0.10500000000000001, 0.005, 0.015
0.11499999999999999, 0.005, 0.015
0.125, 0.005, 0.015
0.135, 0.005, 0.015
0.14500000000000002, 0.005, 0.015
0.155, 0.005, 0.015
0.165, 0.005, 0.015
0.175, 0.005, 0.015
0.185, 0.005, 0.015
0.195, 0.005, 0.015
0.20500000000000002, 0.005, 0.015
0.215, 0.005, 0.015
0.225, 0.005, 0.015
0.235, 0.005, 0.015
0.245, 0.005, 0.015
0.255, 0.005, 0.015
0.265, 0.005, 0.015
0.275, 0.005, 0.015
0.28500000000000003, 0.005, 0.015
0.295, 0.005, 0.015
0.305, 0.005, 0.015
0.315, 0.005, 0.015
0.325, 0.005, 0.015
0.335, 0.005, 0.015
0.34500000000000003, 0.005, 0.015
0.355, 0.005, 0.015
0.365, 0.005, 0.015
0.375, 0.005, 0.015
0.385, 0.005, 0.015
0.395, 0.005, 0.015
0.405, 0.005, 0.015
0.41500000000000004, 0.005, 0.015
0.425, 0.005, 0.015
0.435, 0.005, 0.015
0.445, 0.005, 0.015
0.455, 0.005, 0.015
0.465, 0.005, 0.015
0.475, 0.005, 0.015
0.485, 0.005, 0.015
0.495, 0.005, 0.015
0.505, 0.005, 0.015
0.515, 0.005, 0.015
0.525, 0.005, 0.015
0.535, 0.005, 0.015
0.545, 0.005, 0.015
0.555, 0.005, 0.015
0.5650000000000001, 0.005, 0.015
0.575, 0.005, 0.015
0.585, 0.005, 0.015
0.595, 0.005, 0.015
0.605, 0.005, 0.015
0.615, 0.005, 0.015
0.625, 0.005, 0.015
0.635, 0.005, 0.015
0.645, 0.005, 0.015
0.655, 0.005, 0.015
0.665, 0.005, 0.015
0.675, 0.005, 0.015
0.685, 0.005, 0.015
0.6950000000000001, 0.005, 0.015
0.7050000000000001, 0.005, 0.015
0.715, 0.005, 0.015
0.725, 0.005, 0.015
0.735, 0.005, 0.015
0.745, 0.005, 0.015
0.755, 0.005, 0.015
0.765, 0.005, 0.015
0.775, 0.005, 0.015
0.785, 0.005, 0.015
0.795, 0.005, 0.015
0.805, 0.005, 0.015
0.8150000000000001, 0.005, 0.015
0.8250000000000001, 0.005, 0.015
0.835, 0.005, 0.015
0.845, 0.005, 0.015
0.855, 0.005, 0.015
0.865, 0.005, 0.015
0.875, 0.005, 0.015
0.885, 0.005, 0.015
0.895, 0.005, 0.015
0.905, 0.005, 0.015
0.915, 0.005, 0.015
0.925, 0.005, 0.015
0.935, 0.005, 0.015
0.9450000000000001, 0.005, 0.015
0.9550000000000001, 0.005, 0.015
0.965, 0.005, 0.015
0.975, 0.005, 0.015
0.985, 0.005, 0.015
0.995, 0.005, 0.015
1.005, 0.005, 0.015
1.0150000000000001, 0.005, 0.015
1.025, 0.005, 0.015
1.0350000000000001, 0.005, 0.015
1.045, 0.005, 0.015
1.0550000000000002, 0.005, 0.015
1.065, 0.005, 0.015
1.0750000000000002, 0.005, 0.015
1.085, 0.005, 0.015
1.0950000000000002, 0.005, 0.015
1.105, 0.005, 0.015
1.1150000000000002, 0.005, 0.015
1.125, 0.005, 0.015
1.1350000000000002, 0.005, 0.015
1.145, 0.005, 0.015
1.155, 0.005, 0.015
1.165, 0.005, 0.015
1.1749999999999998, 0.005, 0.015
1.185, 0.005, 0.015
1.1949999999999998, 0.005, 0.015
1.205, 0.005, 0.015
1.2149999999999999, 0.005, 0.015
1.225, 0.005, 0.015
1.2349999999999999, 0.005, 0.015
1.245, 0.005, 0.015
1.255, 0.005, 0.015
1.2650000000000001, 0.005, 0.015
1.275, 0.005, 0.015
1.2850000000000001, 0.005, 0.015
1.295, 0.005, 0.015
1.3050000000000002, 0.005, 0.015
1.315, 0.005, 0.015
1.3250000000000002, 0.005, 0.015
1.335, 0.005, 0.015
1.3450000000000002, 0.005, 0.015
1.355, 0.005, 0.015
1.3650000000000002, 0.005, 0.015
1.375, 0.005, 0.015
1.3850000000000002, 0.005, 0.015
1.395, 0.005, 0.015
1.405, 0.005, 0.015
1.415, 0.005, 0.015
1.4249999999999998, 0.005, 0.015
1.435, 0.005, 0.015
1.4449999999999998, 0.005, 0.015
1.455, 0.005, 0.015
1.4649999999999999, 0.005, 0.015
1.475, 0.005, 0.015
1.4849999999999999, 0.005, 0.015
1.495, 0.005, 0.015
1.505, 0.005, 0.015
1.5150000000000001, 0.005, 0.015
1.525, 0.005, 0.015
1.5350000000000001, 0.005, 0.015
1.545, 0.005, 0.015
1.5550000000000002, 0.005, 0.015
1.565, 0.005, 0.015
1.5750000000000002, 0.005, 0.015
1.585, 0.005, 0.015
1.5950000000000002, 0.005, 0.015
1.605, 0.005, 0.015
1.6150000000000002, 0.005, 0.015
1.625, 0.005, 0.015
1.6350000000000002, 0.005, 0.015
1.645, 0.005, 0.015
1.6550000000000002, 0.005, 0.015
1.665, 0.005, 0.015
1.6749999999999998, 0.005, 0.015
1.685, 0.005, 0.015
1.6949999999999998, 0.005, 0.015
1.705, 0.005, 0.015
1.7149999999999999, 0.005, 0.015
1.725, 0.005, 0.015
1.7349999999999999, 0.005, 0.015
1.745, 0.005, 0.015
1.755, 0.005, 0.015
1.7650000000000001, 0.005, 0.015
1.775, 0.005, 0.015
1.7850000000000001, 0.005, 0.015
1.795, 0.005, 0.015
1.8050000000000002, 0.005, 0.015
1.815, 0.005, 0.015
1.8250000000000002, 0.005, 0.015
1.835, 0.005, 0.015
1.8450000000000002, 0.005, 0.015
1.855, 0.005, 0.015
1.8650000000000002, 0.005, 0.015
1.875, 0.005, 0.015
1.8850000000000002, 0.005, 0.015
1.895, 0.005, 0.015
1.9050000000000002, 0.005, 0.015
1.915, 0.005, 0.015
1.9249999999999998, 0.005, 0.015
1.935, 0.005, 0.015
1.9449999999999998, 0.005, 0.015
1.955, 0.005, 0.015
1.9649999999999999, 0.005, 0.015
1.975, 0.005, 0.015
1.9849999999999999, 0.005, 0.015
1.995, 0.005, 0.015
2.005, 0.005, 0.015
2.015, 0.005, 0.015
2.0250000000000004, 0.005, 0.015
2.035, 0.005, 0.015
2.045, 0.005, 0.015
2.0549999999999997, 0.005, 0.015
2.065, 0.005, 0.015
2.075, 0.005, 0.015
2.085, 0.005, 0.015
2.0949999999999998, 0.005, 0.015
2.105, 0.005, 0.015
2.115, 0.005, 0.015
2.125, 0.005, 0.015
2.135, 0.005, 0.015
2.145, 0.005, 0.015
2.1550000000000002, 0.005, 0.015
2.165, 0.005, 0.015
2.175, 0.005, 0.015
2.185, 0.005, 0.015
2.1950000000000003, 0.005, 0.015
2.205, 0.005, 0.015
2.215, 0.005, 0.015
2.225, 0.005, 0.015
2.2350000000000003, 0.005, 0.015
2.245, 0.005, 0.015
2.255, 0.005, 0.015
2.265, 0.005, 0.015
2.2750000000000004, 0.005, 0.015
2.285, 0.005, 0.015
2.295, 0.005, 0.015
2.305, 0.005, 0.015
2.315, 0.005, 0.015
2.325, 0.005, 0.015
2.335, 0.005, 0.015
2.3449999999999998, 0.005, 0.015
2.355, 0.005, 0.015
2.365, 0.005, 0.015
2.375, 0.005, 0.015
2.385, 0.005, 0.015
2.395, 0.005, 0.015
2.4050000000000002, 0.005, 0.015
2.415, 0.005, 0.015
2.425, 0.005, 0.015
2.435, 0.005, 0.015
2.4450000000000003, 0.005, 0.015
2.455, 0.005, 0.015
2.465, 0.005, 0.015
2.475, 0.005, 0.015
2.4850000000000003, 0.005, 0.015
2.495, 0.005, 0.015
2.505, 0.005, 0.015
2.515, 0.005, 0.015
2.5250000000000004, 0.005, 0.015
2.535, 0.005, 0.015
2.545, 0.005, 0.015
2.555, 0.005, 0.015
2.565, 0.005, 0.015
2.575, 0.005, 0.015
2.585, 0.005, 0.015
2.5949999999999998, 0.005, 0.015
2.605, 0.005, 0.015
2.615, 0.005, 0.015
2.625, 0.005, 0.015
2.635, 0.005, 0.015
2.645, 0.005, 0.015
2.6550000000000002, 0.005, 0.015
2.665, 0.005, 0.015
2.675, 0.005, 0.015
2.685, 0.005, 0.015
2.6950000000000003, 0.005, 0.015
2.705, 0.005, 0.015
2.715, 0.005, 0.015
2.725, 0.005, 0.015
2.7350000000000003, 0.005, 0.015
2.745, 0.005, 0.015
2.755, 0.005, 0.015
2.765, 0.005, 0.015
2.7750000000000004, 0.005, 0.015
2.785, 0.005, 0.015
2.795, 0.005, 0.015
0.005, 0.005, 0.025
0.015, 0.005, 0.025
0.025, 0.005, 0.025
0.035, 0.005, 0.025
0.045, 0.005, 0.025
0.055, 0.005, 0.025
0.065, 0.005, 0.025
0.07500000000000001, 0.005, 0.025
0.08499999999999999, 0.005, 0.025
0.095, 0.005, 0.025
0.10500000000000001, 0.005, 0.025
0.11499999999999999, 0.005, 0.025
0.125, 0.005, 0.025
0.135, 0.005, 0.025
0.14500000000000002, 0.005, 0.025
0.155, 0.005, 0.025
0.165, 0.005, 0.025
0.175, 0.005, 0.025
0.185, 0.005, 0.025
0.195, 0.005, 0.025
0.20500000000000002, 0.005, 0.025
0.215, 0.005, 0.025
0.225, 0.005, 0.025
0.235, 0.005, 0.025
0.245, 0.005, 0.025
0.255, 0.005, 0.025
0.265, 0.005, 0.025
0.275, 0.005, 0.025
0.28500000000000003, 0.005, 0.025
0.295, 0.005, 0.025
0.305, 0.005, 0.025
0.315, 0.005, 0.025
0.325, 0.005, 0.025
0.335, 0.005, 0.025
0.34500000000000003, 0.005, 0.025
0.355, 0.005, 0.025
0.365, 0.005, 0.025
0.375, 0.005, 0.025
0.385, 0.005, 0.025
0.395, 0.005, 0.025
0.405, 0.005, 0.025
0.41500000000000004, 0.005, 0.025
0.425, 0.005, 0.025
0.435, 0.005, 0.025
0.445, 0.005, 0.025
0.455, 0.005, 0.025
0.465, 0.005, 0.025
0.475, 0.005, 0.025
0.485, 0.005, 0.025
0.495, 0.005, 0.025
0.505, 0.005, 0.025
0.515, 0.005, 0.025
0.525, 0.005, 0.025
0.535, 0.005, 0.025
0.545, 0.005, 0.025
0.555, 0.005, 0.025
0.5650000000000001, 0.005, 0.025
0.575, 0.005, 0.025
0.585, 0.005, 0.025
0.595, 0.005, 0.025
0.605, 0.005, 0.025
0.615, 0.005, 0.025
0.625, 0.005, 0.025
0.635, 0.005, 0.025
0.645, 0.005, 0.025
0.655, 0.005, 0.025
0.665, 0.005, 0.025
0.675, 0.005, 0.025
0.685, 0.005, 0.025
0.6950000000000001, 0.005, 0.025
0.7050000000000001, 0.005, 0.025
0.715, 0.005, 0.025
0.725, 0.005, 0.025
0.735, 0.005, 0.025
0.745, 0.005, 0.025
0.755, 0.005, 0.025
0.765, 0.005, 0.025
0.775, 0.005, 0.025
0.785, 0.005, 0.025
0.795, 0.005, 0.025
0.805, 0.005, 0.025
0.8150000000000001, 0.005, 0.025
0.8250000000000001, 0.005, 0.025
0.835, 0.005, 0.025
0.845, 0.005, 0.025
0.855, 0.005, 0.025
0.865, 0.005, 0.025
0.875, 0.005, 0.025
0.885, 0.005, 0.025
0.895, 0.005, 0.025
0.905, 0.005, 0.025
0.915, 0.005, 0.025
0.925, 0.005, 0.025
0.935, 0.005, 0.025
0.9450000000000001, 0.005, 0.025
0.9550000000000001, 0.005, 0.025
0.965, 0.005, 0.025
0.975, 0.005, 0.025
0.985, 0.005, 0.025
0.995, 0.005, 0.025
1.005, 0.005, 0.025
1.0150000000000001, 0.005, 0.025
1.025, 0.005, 0.025
1.0350000000000001, 0.005, 0.025
1.045, 0.005, 0.025
1.0550000000000002, 0.005, 0.025
1.065, 0.005, 0.025
1.0750000000000002, 0.005, 0.025
1.085, 0.005, 0.025
1.0950000000000002, 0.005, 0.025
1.105, 0.005, 0.025
1.1150000000000002, 0.005, 0.025
1.125, 0.005, 0.025
1.1350000000000002, 0.005, 0.025
1.145, 0.005, 0.025
1.155, 0.005, 0.025
1.165, 0.005, 0.025
1.1749999999999998, 0.005, 0.025
1.185, 0.005, 0.025
1.1949999999999998, 0.005, 0.025
1.205, 0.005, 0.025
1.2149999999999999, 0.005, 0.025
1.225, 0.005, 0.025
1.2349999999999999, 0.005, 0.025
1.245, 0.005, 0.025
1.255, 0.005, 0.025
1.2650000000000001, 0.005, 0.025
1.275, 0.005, 0.025
1.2850000000000001, 0.005, 0.025
1.295, 0.005, 0.025
1.3050000000000002, 0.005, 0.025
1.315, 0.005, 0.025
1.3250000000000002, 0.005, 0.025
1.335, 0.005, 0.025
1.3450000000000002, 0.005, 0.025
1.355, 0.005, 0.025
1.3650000000000002, 0.005, 0.025
1.375, 0.005, 0.025
1.3850000000000002, 0.005, 0.025
1.395, 0.005, 0.025
1.405, 0.005, 0.025
1.415, 0.005, 0.025
1.4249999999999998, 0.005, 0.025
1.435, 0.005, 0.025
1.4449999999999998, 0.005, 0.025
1.455, 0.005, 0.025
1.4649999999999999, 0.005, 0.025
1.475, 0.005, 0.025
1.4849999999999999, 0.005, 0.025
1.495, 0.005, 0.025
1.505, 0.005, 0.025
1.5150000000000001, 0.005, 0.025
1.525, 0.005, 0.025
1.5350000000000001, 0.005, 0.025
1.545, 0.005, 0.025
1.5550000000000002, 0.005, 0.025
1.565, 0.005, 0.025
1.5750000000000002, 0.005, 0.025
1.585, 0.005, 0.025
1.5950000000000002, 0.005, 0.025
1.605, 0.005, 0.025
1.6150000000000002, 0.005, 0.025
1.625, 0.005, 0.025
1.6350000000000002, 0.005, 0.025
1.645, 0.005, 0.025
1.6550000000000002, 0.005, 0.025
1.665, 0.005, 0.025
1.6749999999999998, 0.005, 0.025
1.685, 0.005, 0.025
1.6949999999999998, 0.005, 0.025
1.705, 0.005, 0.025
1.7149999999999999, 0.005, 0.025
1.725, 0.005, 0.025
1.7349999999999999, 0.005, 0.025
1.745, 0.005, 0.025
1.755, 0.005, 0.025
1.7650000000000001, 0.005, 0.025
1.775, 0.005, 0.025
1.7850000000000001, 0.005, 0.025
1.795, 0.005, 0.025
1.8050000000000002, 0.005, 0.025
1.815, 0.005, 0.025
1.8250000000000002, 0.005, 0.025
1.835, 0.005, 0.025
1.8450000000000002, 0.005, 0.025
1.855, 0.005, 0.025
1.8650000000000002, 0.005, 0.025
1.875, 0.005, 0.025
1.8850000000000002, 0.005, 0.025
1.895, 0.005, 0.025
1.9050000000000002, 0.005, 0.025
1.915, 0.005, 0.025
1.9249999999999998, 0.005, 0.025
1.935, 0.005, 0.025
1.9449999999999998, 0.005, 0.025
1.955, 0.005, 0.025
1.9649999999999999, 0.005, 0.025
1.975, 0.005, 0.025
1.9849999999999999, 0.005, 0.025
1.995, 0.005, 0.025
2.005, 0.005, 0.025
2.015, 0.005, 0.025
2.0250000000000004, 0.005, 0.025
2.035, 0.005, 0.025
2.045, 0.005, 0.025
2.0549999999999997, 0.005, 0.025
2.065, 0.005, 0.025
2.075, 0.005, 0.025
2.085, 0.005, 0.025
2.0949999999999998, 0.005, 0.025
2.105, 0.005, 0.025
2.115, 0.005, 0.025
2.125, 0.005, 0.025
2.135, 0.005, 0.025
2.145, 0.005, 0.025
2.1550000000000002, 0.005, 0.025
2.165, 0.005, 0.025
2.175, 0.005, 0.025
2.185, 0.005, 0.025
2.1950000000000003, 0.005, 0.025
2.205, 0.005, 0.025
2.215, 0.005, 0.025
2.225, 0.005, 0.025
2.2350000000000003, 0.005, 0.025
2.245, 0.005, 0.025
2.255, 0.005, 0.025
2.265, 0.005, 0.025
2.2750000000000004, 0.005, 0.025
2.285, 0.005, 0.025
2.295, 0.005, 0.025
2.305, 0.005, 0.025
2.315, 0.005, 0.025
2.325, 0.005, 0.025
2.335, 0.005, 0.025
2.3449999999999998, 0.005, 0.025
2.355, 0.005, 0.025
2.365, 0.005, 0.025
2.375, 0.005, 0.025
2.385, 0.005, 0.025
2.395, 0.005, 0.025
2.4050000000000002, 0.005, 0.025
2.415, 0.005, 0.025
2.425, 0.005, 0.025
2.435, 0.005, 0.025
2.4450000000000003, 0.005, 0.025
2.455, 0.005, 0.025
2.465, 0.005, 0.025
2.475, 0.005, 0.025
2.4850000000000003, 0.005, 0.025
2.495, 0.005, 0.025
2.505, 0.005, 0.025
2.515, 0.005, 0.025
2.5250000000000004, 0.005, 0.025
2.535, 0.005, 0.025
2.545, 0.005, 0.025
2.555, 0.005, 0.025
2.565, 0.005, 0.025
2.575, 0.005, 0.025
2.585, 0.005, 0.025
2.5949999999999998, 0.005, 0.025
2.605, 0.005, 0.025
2.615, 0.005, 0.025
2.625, 0.005, 0.025
2.635, 0.005, 0.025
2.645, 0.005, 0.025
2.6550000000000002, 0.005, 0.025
2.665, 0.005, 0.025
2.675, 0.005, 0.025
2.685, 0.005, 0.025
2.6950000000000003, 0.005, 0.025
2.705, 0.005, 0.025
2.715, 0.005, 0.025
2.725, 0.005, 0.025
2.7350000000000003, 0.005, 0.025
2.745, 0.005, 0.025
2.755, 0.005, 0.025
2.765, 0.005, 0.025
2.7750000000000004, 0.005, 0.025
2.785, 0.005, 0.025
2.795, 0.005, 0.025
0.005, 0.005, 0.035
0.015, 0.005, 0.035
0.025, 0.005, 0.035
0.035, 0.005, 0.035
0.045, 0.005, 0.035
0.055, 0.005, 0.035
0.065, 0.005, 0.035
0.07500000000000001, 0.005, 0.035
0.08499999999999999, 0.005, 0.035
0.095, 0.005, 0.035
0.10500000000000001, 0.005, 0.035
0.11499999999999999, 0.005, 0.035
0.125, 0.005, 0.035
0.135, 0.005, 0.035
0.14500000000000002, 0.005, 0.035
0.155, 0.005, 0.035
0.165, 0.005, 0.035
0.175, 0.005, 0.035
0.185, 0.005, 0.035
0.195, 0.005, 0.035
0.20500000000000002, 0.005, 0.035
0.215, 0.005, 0.035
0.225, 0.005, 0.035
0.235, 0.005, 0.035
0.245, 0.005, 0.035
0.255, 0.005, 0.035
0.265, 0.005, 0.035
0.275, 0.005, 0.035
0.28500000000000003, 0.005, 0.035
0.295, 0.005, 0.035
0.305, 0.005, 0.035
0.315, 0.005, 0.035
0.325, 0.005, 0.035
0.335, 0.005, 0.035
0.34500000000000003, 0.005, 0.035
0.355, 0.005, 0.035
0.365, 0.005, 0.035
0.375, 0.005, 0.035
0.385, 0.005, 0.035
0.395, 0.005, 0.035
0.405, 0.005, 0.035
0.41500000000000004, 0.005, 0.035
0.425, 0.005, 0.035
0.435, 0.005, 0.035
0.445, 0.005, 0.035
0.455, 0.005, 0.035
0.465, 0.005, 0.035
0.475, 0.005, 0.035
0.485, 0.005, 0.035
0.495, 0.005, 0.035
0.505, 0.005, 0.035
0.515, 0.005, 0.035
0.525, 0.005, 0.035
0.535, 0.005, 0.035
0.545, 0.005, 0.035
0.555, 0.005, 0.035
0.5650000000000001, 0.005, 0.035
0.575, 0.005, 0.035
0.585, 0.005, 0.035
0.595, 0.005, 0.035
0.605, 0.005, 0.035
0.615, 0.005, 0.035
0.625, 0.005, 0.035
0.635, 0.005, 0.035
0.645, 0.005, 0.035
0.655, 0.005, 0.035
0.665, 0.005, 0.035
0.675, 0.005, 0.035
0.685, 0.005, 0.035
0.6950000000000001, 0.005, 0.035
0.7050000000000001, 0.005, 0.035
0.715, 0.005, 0.035
0.725, 0.005, 0.035
0.735, 0.005, 0.035
0.745, 0.005, 0.035
0.755, 0.005, 0.035
0.765, 0.005, 0.035
0.775, 0.005, 0.035
0.785, 0.005, 0.035
0.795, 0.005, 0.035
0.805, 0.005, 0.035
0.8150000000000001, 0.005, 0.035
0.8250000000000001, 0.005, 0.035
0.835, 0.005, 0.035
0.845, 0.005, 0.035
0.855, 0.005, 0.035
0.865, 0.005, 0.035
0.875, 0.005, 0.035
0.885, 0.005, 0.035
0.895, 0.005, 0.035
0.905, 0.005, 0.035
0.915, 0.005, 0.035
0.925, 0.005, 0.035
0.935, 0.005, 0.035
0.9450000000000001, 0.005, 0.035
0.9550000000000001, 0.005, 0.035
0.965, 0.005, 0.035
0.975, 0.005, 0.035
0.985, 0.005, 0.035
0.995, 0.005, 0.035
1.005, 0.005, 0.035
1.0150000000000001, 0.005, 0.035
1.025, 0.005, 0.035
1.0350000000000001, 0.005, 0.035
1.045, 0.005, 0.035
1.0550000000000002, 0.005, 0.035
1.065, 0.005, 0.035
1.0750000000000002, 0.005, 0.035
1.085, 0.005, 0.035
1.0950000000000002, 0.005, 0.035
1.105, 0.005, 0.035
1.1150000000000002, 0.005, 0.035
1.125, 0.005, 0.035
1.1350000000000002, 0.005, 0.035
1.145, 0.005, 0.035
1.155, 0.005, 0.035
1.165, 0.005, 0.035
1.1749999999999998, 0.005, 0.035
1.185, 0.005, 0.035
1.1949999999999998, 0.005, 0.035
1.205, 0.005, 0.035
1.2149999999999999, 0.005, 0.035
1.225, 0.005, 0.035
1.2349999999999999, 0.005, 0.035
1.245, 0.005, 0.035
1.255, 0.005, 0.035
1.2650000000000001, 0.005, 0.035
1.275, 0.005, 0.035
1.2850000000000001, 0.005, 0.035
1.295, 0.005, 0.035
1.3050000000000002, 0.005, 0.035
1.315, 0.005, 0.035
1.3250000000000002, 0.005, 0.035
1.335, 0.005, 0.035
1.3450000000000002, 0.005, 0.035
1.355, 0.005, 0.035
1.3650000000000002, 0.005, 0.035
1.375, 0.005, 0.035
1.3850000000000002, 0.005, 0.035
1.395, 0.005, 0.035
1.405, 0.005, 0.035
1.415, 0.005, 0.035
1.4249999999999998, 0.005, 0.035
1.435, 0.005, 0.035
1.4449999999999998, 0.005, 0.035
1.455, 0.005, 0.035
1.4649999999999999, 0.005, 0.035
1.475, 0.005, 0.035
1.4849999999999999, 0.005, 0.035
1.495, 0.005, 0.035
1.505, 0.005, 0.035
1.5150000000000001, 0.005, 0.035
1.525, 0.005, 0.035
1.5350000000000001, 0.005, 0.035
1.545, 0.005, 0.035
1.5550000000000002, 0.005, 0.035
1.565, 0.005, 0.035
1.5750000000000002, 0.005, 0.035
1.585, 0.005, 0.035
1.5950000000000002, 0.005, 0.035
1.605, 0.005, 0.035
1.6150000000000002, 0.005, 0.035
1.625, 0.005, 0.035
1.6350000000000002, 0.005, 0.035
1.645, 0.005, 0.035
1.6550000000000002, 0.005, 0.035
1.665, 0.005, 0.035
1.6749999999999998, 0.005, 0.035
1.685, 0.005, 0.035
1.6949999999999998, 0.005, 0.035
1.705, 0.005, 0.035
1.7149999999999999, 0.005, 0.035
1.725, 0.005, 0.035
1.7349999999999999, 0.005, 0.035
1.745, 0.005, 0.035
1.755, 0.005, 0.035
1.7650000000000001, 0.005, 0.035
1.775, 0.005, 0.035
1.7850000000000001, 0.005, 0.035
1.795, 0.005, 0.035
1.8050000000000002, 0.005, 0.035
1.815, 0.005, 0.035
1.8250000000000002, 0.005, 0.035
1.835, 0.005, 0.035
1.8450000000000002, 0.005, 0.035
1.855, 0.005, 0.035
1.8650000000000002, 0.005, 0.035
1.875, 0.005, 0.035
1.8850000000000002, 0.005, 0.035
1.895, 0.005, 0.035
1.9050000000000002, 0.005, 0.035
1.915, 0.005, 0.035
1.9249999999999998, 0.005, 0.035
1.935, 0.005, 0.035
1.9449999999999998, 0.005, 0.035
1.955, 0.005, 0.035
1.9649999999999999, 0.005, 0.035
1.975, 0.005, 0.035
1.9849999999999999, 0.005, 0.035
1.995, 0.005, 0.035
2.005, 0.005, 0.035
2.015, 0.005, 0.035
2.0250000000000004, 0.005, 0.035
2.035, 0.005, 0.035
2.045, 0.005, 0.035
2.0549999999999997, 0.005, 0.035
2.065, 0.005, 0.035
2.075, 0.005, 0.035
2.085, 0.005, 0.035
2.0949999999999998, 0.005, 0.035
2.105, 0.005, 0.035
2.115, 0.005, 0.035
2.125, 0.005, 0.035
2.135, 0.005, 0.035
2.145, 0.005, 0.035
2.1550000000000002, 0.005, 0.035
2.165, 0.005, 0.035
2.175, 0.005, 0.035
2.185, 0.005, 0.035
2.1950000000000003, 0.005, 0.035
2.205, 0.005, 0.035
2.215, 0.005, 0.035
2.225, 0.005, 0.035
2.2350000000000003, 0.005, 0.035
2.245, 0.005, 0.035
2.255, 0.005, 0.035
2.265, 0.005, 0.035
2.2750000000000004, 0.005, 0.035
2.285, 0.005, 0.035
2.295, 0.005, 0.035
2.305, 0.005, 0.035
2.315, 0.005, 0.035
2.325, 0.005, 0.035
2.335, 0.005, 0.035
2.3449999999999998, 0.005, 0.035
2.355, 0.005, 0.035
2.365, 0.005, 0.035
2.375, 0.005, 0.035
2.385, 0.005, 0.035
2.395, 0.005, 0.035
2.4050000000000002, 0.005, 0.035
2.415, 0.005, 0.035
2.425, 0.005, 0.035
2.435, 0.005, 0.035
2.4450000000000003, 0.005, 0.035
2.455, 0.005, 0.035
2.465, 0.005, 0.035
2.475, 0.005, 0.035
2.4850000000000003, 0.005, 0.035
2.495, 0.005, 0.035
2.505, 0.005, 0.035
2.515, 0.005, 0.035
2.5250000000000004, 0.005, 0.035
2.535, 0.005, 0.035
2.545, 0.005, 0.035
2.555, 0.005, 0.035
2.565, 0.005, 0.035
2.575, 0.005, 0.035
2.585, 0.005, 0.035
2.5949999999999998, 0.005, 0.035
2.605, 0.005, 0.035
2.615, 0.005, 0.035
2.625, 0.005, 0.035
2.635, 0.005, 0.035
2.645, 0.005, 0.035
2.6550000000000002, 0.005, 0.035
2.665, 0.005, 0.035
2.675, 0.005, 0.035
2.685, 0.005, 0.035
2.6950000000000003, 0.005, 0.035
2.705, 0.005, 0.035
2.715, 0.005, 0.035
2.725, 0.005, 0.035
2.7350000000000003, 0.005, 0.035
2.745, 0.005, 0.035
2.755, 0.005, 0.035
2.765, 0.005, 0.035
2.7750000000000004, 0.005, 0.035
2.785, 0.005, 0.035
2.795, 0.005, 0.035
0.005, 0.005, 0.045
0.015, 0.005, 0.045
0.025, 0.005, 0.045
0.035, 0.005, 0.045
0.045, 0.005, 0.045
0.055, 0.005, 0.045
0.065, 0.005, 0.045
0.07500000000000001, 0.005, 0.045
0.08499999999999999, 0.005, 0.045
0.095, 0.005, 0.045
0.10500000000000001, 0.005, 0.045
0.11499999999999999, 0.005, 0.045
0.125, 0.005, 0.045
0.135, 0.005, 0.045
0.14500000000000002, 0.005, 0.045
0.155, 0.005, 0.045
0.165, 0.005, 0.045
0.175, 0.005, 0.045
0.185, 0.005, 0.045
0.195, 0.005, 0.045
0.20500000000000002, 0.005, 0.045
0.215, 0.005, 0.045
0.225, 0.005, 0.045
0.235, 0.005, 0.045
0.245, 0.005, 0.045
0.255, 0.005, 0.045
0.265, 0.005, 0.045
0.275, 0.005, 0.045
0.28500000000000003, 0.005, 0.045
0.295, 0.005, 0.045
0.305, 0.005, 0.045
0.315, 0.005, 0.045
0.325, 0.005, 0.045
0.335, 0.005, 0.045
0.34500000000000003, 0.005, 0.045
0.355, 0.005, 0.045
0.365, 0.005, 0.045
0.375, 0.005, 0.045
0.385, 0.005, 0.045
0.395, 0.005, 0.045
0.405, 0.005, 0.045
0.41500000000000004, 0.005, 0.045
0.425, 0.005, 0.045
0.435, 0.005, 0.045
0.445, 0.005, 0.045
0.455, 0.005, 0.045
0.465, 0.005, 0.045
0.475, 0.005, 0.045
0.485, 0.005, 0.045
0.495, 0.005, 0.045
0.505, 0.005, 0.045
0.515, 0.005, 0.045
0.525, 0.005, 0.045
0.535, 0.005, 0.045
0.545, 0.005, 0.045
0.555, 0.005, 0.045
0.5650000000000001, 0.005, 0.045
0.575, 0.005, 0.045
0.585, 0.005, 0.045
0.595, 0.005, 0.045
0.605, 0.005, 0.045
0.615, 0.005, 0.045
0.625, 0.005, 0.045
0.635, 0.005, 0.045
0.645, 0.005, 0.045
0.655, 0.005, 0.045
0.665, 0.005, 0.045
0.675, 0.005, 0.045
0.685, 0.005, 0.045
0.6950000000000001, 0.005, 0.045
0.7050000000000001, 0.005, 0.045
0.715, 0.005, 0.045
0.725, 0.005, 0.045
0.735, 0.005, 0.045
0.745, 0.005, 0.045
0.755, 0.005, 0.045
0.765, 0.005, 0.045
0.775, 0.005, 0.045
0.785, 0.005, 0.045
0.795, 0.005, 0.045
0.805, 0.005, 0.045
0.8150000000000001, 0.005, 0.045
0.8250000000000001, 0.005, 0.045
0.835, 0.005, 0.045
0.845, 0.005, 0.045
0.855, 0.005, 0.045
0.865, 0.005, 0.045
0.875, 0.005, 0.045
0.885, 0.005, 0.045
0.895, 0.005, 0.045
0.905, 0.005, 0.045
0.915, 0.005, 0.045
0.925, 0.005, 0.045
0.935, 0.005, 0.045
0.9450000000000001, 0.005, 0.045
0.9550000000000001, 0.005, 0.045
0.965, 0.005, 0.045
0.975, 0.005, 0.045
0.985, 0.005, 0.045
0.995, 0.005, 0.045
1.005, 0.005, 0.045
1.0150000000000001, 0.005, 0.045
1.025, 0.005, 0.045
1.0350000000000001, 0.005, 0.045
1.045, 0.005, 0.045
1.0550000000000002, 0.005, 0.045
1.065, 0.005, 0.045
1.0750000000000002, 0.005, 0.045
1.085, 0.005, 0.045
1.0950000000000002, 0.005, 0.045
1.105, 0.005, 0.045
1.1150000000000002, 0.005, 0.045
1.125, 0.005, 0.045
1.1350000000000002, 0.005, 0.045
1.145, 0.005, 0.045
1.155, 0.005, 0.045
1.165, 0.005, 0.045
1.1749999999999998, 0.005, 0.045
1.185, 0.005, 0.045
1.1949999999999998, 0.005, 0.045
1.205, 0.005, 0.045
1.2149999999999999, 0.005, 0.045
1.225, 0.005, 0.045
1.2349999999999999, 0.005, 0.045
1.245, 0.005, 0.045
1.255, 0.005, 0.045
1.2650000000000001, 0.005, 0.045
1.275, 0.005, 0.045
1.2850000000000001, 0.005, 0.045
1.295, 0.005, 0.045
1.3050000000000002, 0.005, 0.045
1.315, 0.005, 0.045
1.3250000000000002, 0.005, 0.045
1.335, 0.005, 0.045
1.3450000000000002, 0.005, 0.045
1.355, 0.005, 0.045
1.3650000000000002, 0.005, 0.045
1.375, 0.005, 0.045
1.3850000000000002, 0.005, 0.045
1.395, 0.005, 0.045
1.405, 0.005, 0.045
1.415, 0.005, 0.045
1.4249999999999998, 0.005, 0.045
1.435, 0.005, 0.045
1.4449999999999998, 0.005, 0.045
1.455, 0.005, 0.045
1.4649999999999999, 0.005, 0.045
1.475, 0.005, 0.045
1.4849999999999999, 0.005, 0.045
1.495, 0.005, 0.045
1.505, 0.005, 0.045
1.5150000000000001, 0.005, 0.045
1.525, 0.005, 0.045
1.5350000000000001, 0.005, 0.045
1.545, 0.005, 0.045
1.5550000000000002, 0.005, 0.045
1.565, 0.005, 0.045
1.5750000000000002, 0.005, 0.045
1.585, 0.005, 0.045
1.5950000000000002, 0.005, 0.045
1.605, 0.005, 0.045
1.6150000000000002, 0.005, 0.045
1.625, 0.005, 0.045
1.6350000000000002, 0.005, 0.045
1.645, 0.005, 0.045
1.6550000000000002, 0.005, 0.045
1.665, 0.005, 0.045
1.6749999999999998, 0.005, 0.045
1.685, 0.005, 0.045
1.6949999999999998, 0.005, 0.045
1.705, 0.005, 0.045
1.7149999999999999, 0.005, 0.045
1.725, 0.005, 0.045
1.7349999999999999, 0.005, 0.045
1.745, 0.005, 0.045
1.755, 0.005, 0.045
1.7650000000000001, 0.005, 0.045
1.775, 0.005, 0.045
1.7850000000000001, 0.005, 0.045
1.795, 0.005, 0.045
1.8050000000000002, 0.005, 0.045
1.815, 0.005, 0.045
1.8250000000000002, 0.005, 0.045
1.835, 0.005, 0.045
1.8450000000000002, 0.005, 0.045
1.855, 0.005, 0.045
1.8650000000000002, 0.005, 0.045
1.875, 0.005, 0.045
1.8850000000000002, 0.005, 0.045
1.895, 0.005, 0.045
1.9050000000000002, 0.005, 0.045
1.915, 0.005, 0.045
1.9249999999999998, 0.005, 0.045
1.935, 0.005, 0.045
1.9449999999999998, 0.005, 0.045
1.955, 0.005, 0.045
1.9649999999999999, 0.005, 0.045
1.975, 0.005, 0.045
1.9849999999999999, 0.005, 0.045
1.995, 0.005, 0.045
2.005, 0.005, 0.045
2.015, 0.005, 0.045
2.0250000000000004, 0.005, 0.045
2.035, 0.005, 0.045
2.045, 0.005, 0.045
2.0549999999999997, 0.005, 0.045
2.065, 0.005, 0.045
2.075, 0.005, 0.045
2.085, 0.005, 0.045
2.0949999999999998, 0.005, 0.045
2.105, 0.005, 0.045
2.115, 0.005, 0.045
2.125, 0.005, 0.045
2.135, 0.005, 0.045
2.145, 0.005, 0.045
2.1550000000000002, 0.005, 0.045
2.165, 0.005, 0.045
2.175, 0.005, 0.045
2.185, 0.005, 0.045
2.1950000000000003, 0.005, 0.045
2.205, 0.005, 0.045
2.215, 0.005, 0.045
2.225, 0.005, 0.045
2.2350000000000003, 0.005, 0.045
2.245, 0.005, 0.045
2.255, 0.005, 0.045
2.265, 0.005, 0.045
2.2750000000000004, 0.005, 0.045
2.285, 0.005, 0.045
2.295, 0.005, 0.045
2.305, 0.005, 0.045
2.315, 0.005, 0.045
2.325, 0.005, 0.045
2.335, 0.005, 0.045
2.3449999999999998, 0.005, 0.045
2.355, 0.005, 0.045
2.365, 0.005, 0.045
2.375, 0.005, 0.045
2.385, 0.005, 0.045
2.395, 0.005, 0.045
2.4050000000000002, 0.005, 0.045
2.415, 0.005, 0.045
2.425, 0.005, 0.045
2.435, 0.005, 0.045
2.4450000000000003, 0.005, 0.045
2.455, 0.005, 0.045
2.465, 0.005, 0.045
2.475, 0.005, 0.045
2.4850000000000003, 0.005, 0.045
2.495, 0.005, 0.045
2.505, 0.005, 0.045
2.515, 0.005, 0.045
2.5250000000000004, 0.005, 0.045
2.535, 0.005, 0.045
2.545, 0.005, 0.045
2.555, 0.005, 0.045
2.565, 0.005, 0.045
2.575, 0.005, 0.045
2.585, 0.005, 0.045
2.5949999999999998, 0.005, 0.045
2.605, 0.005, 0.045
2.615, 0.005, 0.045
2.625, 0.005, 0.045
2.635, 0.005, 0.045
2.645, 0.005, 0.045
2.6550000000000002, 0.005, 0.045
2.665, 0.005, 0.045
2.675, 0.005, 0.045
2.685, 0.005, 0.045
2.6950000000000003, 0.005, 0.045
2.705, 0.005, 0.045
2.715, 0.005, 0.045
2.725, 0.005, 0.045
2.7350000000000003, 0.005, 0.045
2.745, 0.005, 0.045
2.755, 0.005, 0.045
2.765, 0.005, 0.045
2.7750000000000004, 0.005, 0.045
2.785, 0.005, 0.045
2.795, 0.005, 0.045
0.005, 0.005, 0.055
0.015, 0.005, 0.055
0.025, 0.005, 0.055
0.035, 0.005, 0.055
0.045, 0.005, 0.055
0.055, 0.005, 0.055
0.065, 0.005, 0.055
0.07500000000000001, 0.005, 0.055
0.08499999999999999, 0.005, 0.055
0.095, 0.005, 0.055
0.10500000000000001, 0.005, 0.055
0.11499999999999999, 0.005, 0.055
0.125, 0.005, 0.055
0.135, 0.005, 0.055
0.14500000000000002, 0.005, 0.055
0.155, 0.005, 0.055
0.165, 0.005, 0.055
0.175, 0.005, 0.055
0.185, 0.005, 0.055
0.195, 0.005, 0.055
0.20500000000000002, 0.005, 0.055
0.215, 0.005, 0.055
0.225, 0.005, 0.055
0.235, 0.005, 0.055
0.245, 0.005, 0.055
0.255, 0.005, 0.055
0.265, 0.005, 0.055
0.275, 0.005, 0.055
0.28500000000000003, 0.005, 0.055
0.295, 0.005, 0.055
0.305, 0.005, 0.055
0.315, 0.005, 0.055
0.325, 0.005, 0.055
0.335, 0.005, 0.055
0.34500000000000003, 0.005, 0.055
0.355, 0.005, 0.055
0.365, 0.005, 0.055
0.375, 0.005, 0.055
0.385, 0.005, 0.055
0.395, 0.005, 0.055
0.405, 0.005, 0.055
0.41500000000000004, 0.005, 0.055
0.425, 0.005, 0.055
0.435, 0.005, 0.055
0.445, 0.005, 0.055
0.455, 0.005, 0.055
0.465, 0.005, 0.055
0.475, 0.005, 0.055
0.485, 0.005, 0.055
0.495, 0.005, 0.055
0.505, 0.005, 0.055
0.515, 0.005, 0.055
0.525, 0.005, 0.055
0.535, 0.005, 0.055
0.545, 0.005, 0.055
0.555, 0.005, 0.055
0.5650000000000001, 0.005, 0.055
0.575, 0.005, 0.055
0.585, 0.005, 0.055
0.595, 0.005, 0.055
0.605, 0.005, 0.055
0.615, 0.005, 0.055
0.625, 0.005, 0.055
0.635, 0.005, 0.055
0.645, 0.005, 0.055
0.655, 0.005, 0.055
0.665, 0.005, 0.055
0.675, 0.005, 0.055
0.685, 0.005, 0.055
0.6950000000000001, 0.005, 0.055
0.7050000000000001, 0.005, 0.055
0.715, 0.005, 0.055
0.725, 0.005, 0.055
0.735, 0.005, 0.055
0.745, 0.005, 0.055
0.755, 0.005, 0.055
0.765, 0.005, 0.055
0.775, 0.005, 0.055
0.785, 0.005, 0.055
0.795, 0.005, 0.055
0.805, 0.005, 0.055
0.8150000000000001, 0.005, 0.055
0.8250000000000001, 0.005, 0.055
0.835, 0.005, 0.055
0.845, 0.005, 0.055
0.855, 0.005, 0.055
0.865, 0.005, 0.055
0.875, 0.005, 0.055
0.885, 0.005, 0.055
0.895, 0.005, 0.055
0.905, 0.005, 0.055
0.915, 0.005, 0.055
0.925, 0.005, 0.055
0.935, 0.005, 0.055
0.9450000000000001, 0.005, 0.055
0.9550000000000001, 0.005, 0.055
0.965, 0.005, 0.055
0.975, 0.005, 0.055
0.985, 0.005, 0.055
0.995, 0.005, 0.055
1.005, 0.005, 0.055
1.0150000000000001, 0.005, 0.055
1.025, 0.005, 0.055
1.0350000000000001, 0.005, 0.055
1.045, 0.005, 0.055
1.0550000000000002, 0.005, 0.055
1.065, 0.005, 0.055
1.0750000000000002, 0.005, 0.055
1.085, 0.005, 0.055
1.0950000000000002, 0.005, 0.055
1.105, 0.005, 0.055
1.1150000000000002, 0.005, 0.055
1.125, 0.005, 0.055
1.1350000000000002, 0.005, 0.055
1.145, 0.005, 0.055
1.155, 0.005, 0.055
1.165, 0.005, 0.055
1.1749999999999998, 0.005, 0.055
1.185, 0.005, 0.055
1.1949999999999998, 0.005, 0.055
1.205, 0.005, 0.055
1.2149999999999999, 0.005, 0.055
1.225, 0.005, 0.055
1.2349999999999999, 0.005, 0.055
1.245, 0.005, 0.055
1.255, 0.005, 0.055
1.2650000000000001, 0.005, 0.055
1.275, 0.005, 0.055
1.2850000000000001, 0.005, 0.055
1.295, 0.005, 0.055
1.3050000000000002, 0.005, 0.055
1.315, 0.005, 0.055
1.3250000000000002, 0.005, 0.055
1.335, 0.005, 0.055
1.3450000000000002, 0.005, 0.055
1.355, 0.005, 0.055
1.3650000000000002, 0.005, 0.055
1.375, 0.005, 0.055
1.3850000000000002, 0.005, 0.055
1.395, 0.005, 0.055
1.405, 0.005, 0.055
1.415, 0.005, 0.055
1.4249999999999998, 0.005, 0.055
1.435, 0.005, 0.055
1.4449999999999998, 0.005, 0.055
1.455, 0.005, 0.055
1.4649999999999999, 0.005, 0.055
1.475, 0.005, 0.055
1.4849999999999999, 0.005, 0.055
1.495, 0.005, 0.055
1.505, 0.005, 0.055
1.5150000000000001, 0.005, 0.055
1.525, 0.005, 0.055
1.5350000000000001, 0.005, 0.055
1.545, 0.005, 0.055
1.5550000000000002, 0.005, 0.055
1.565, 0.005, 0.055
1.5750000000000002, 0.005, 0.055
1.585, 0.005, 0.055
1.5950000000000002, 0.005, 0.055
1.605, 0.005, 0.055
1.6150000000000002, 0.005, 0.055
1.625, 0.005, 0.055
1.6350000000000002, 0.005, 0.055
1.645, 0.005, 0.055
1.6550000000000002, 0.005, 0.055
1.665, 0.005, 0.055
1.6749999999999998, 0.005, 0.055
1.685, 0.005, 0.055
1.6949999999999998, 0.005, 0.055
1.705, 0.005, 0.055
1.7149999999999999, 0.005, 0.055
1.725, 0.005, 0.055
1.7349999999999999, 0.005, 0.055
1.745, 0.005, 0.055
1.755, 0.005, 0.055
1.7650000000000001, 0.005, 0.055
1.775, 0.005, 0.055
1.7850000000000001, 0.005, 0.055
1.795, 0.005, 0.055
1.8050000000000002, 0.005, 0.055
1.815, 0.005, 0.055
1.8250000000000002, 0.005, 0.055
1.835, 0.005, 0.055
1.8450000000000002, 0.005, 0.055
1.855, 0.005, 0.055
1.8650000000000002, 0.005, 0.055
1.875, 0.005, 0.055
1.8850000000000002, 0.005, 0.055
1.895, 0.005, 0.055
1.9050000000000002, 0.005, 0.055
1.915, 0.005, 0.055
1.9249999999999998, 0.005, 0.055
1.935, 0.005, 0.055
1.9449999999999998, 0.005, 0.055
1.955, 0.005, 0.055
1.9649999999999999, 0.005, 0.055
1.975, 0.005, 0.055
1.9849999999999999, 0.005, 0.055
1.995, 0.005, 0.055
2.005, 0.005, 0.055
2.015, 0.005, 0.055
2.0250000000000004, 0.005, 0.055
2.035, 0.005, 0.055
2.045, 0.005, 0.055
2.0549999999999997, 0.005, 0.055
2.065, 0.005, 0.055
2.075, 0.005, 0.055
2.085, 0.005, 0.055
2.0949999999999998, 0.005, 0.055
2.105, 0.005, 0.055
2.115, 0.005, 0.055
2.125, 0.005, 0.055
2.135, 0.005, 0.055
2.145, 0.005, 0.055
2.1550000000000002, 0.005, 0.055
2.165, 0.005, 0.055
2.175, 0.005, 0.055
2.185, 0.005, 0.055
2.1950000000000003, 0.005, 0.055
2.205, 0.005, 0.055
2.215, 0.005, 0.055
2.225, 0.005, 0.055
2.2350000000000003, 0.005, 0.055
2.245, 0.005, 0.055
2.255, 0.005, 0.055
2.265, 0.005, 0.055
2.2750000000000004, 0.005, 0.055
2.285, 0.005, 0.055
2.295, 0.005, 0.055
2.305, 0.005, 0.055
2.315, 0.005, 0.055
2.325, 0.005, 0.055
2.335, 0.005, 0.055
2.3449999999999998, 0.005, 0.055
2.355, 0.005, 0.055
2.365, 0.005, 0.055
2.375, 0.005, 0.055
2.385, 0.005, 0.055
2.395, 0.005, 0.055
2.4050000000000002, 0.005, 0.055
2.415, 0.005, 0.055
2.425, 0.005, 0.055
2.435, 0.005, 0.055
2.4450000000000003, 0.005, 0.055
2.455, 0.005, 0.055
2.465, 0.005, 0.055
2.475, 0.005, 0.055
2.4850000000000003, 0.005, 0.055
2.495, 0.005, 0.055
2.505, 0.005, 0.055
2.515, 0.005, 0.055
2.5250000000000004, 0.005, 0.055
2.535, 0.005, 0.055
2.545, 0.005, 0.055
2.555, 0.005, 0.055
2.565, 0.005, 0.055
2.575, 0.005, 0.055
2.585, 0.005, 0.055
2.5949999999999998, 0.005, 0.055
2.605, 0.005, 0.055
2.615, 0.005, 0.055
2.625, 0.005, 0.055
2.635, 0.005, 0.055
2.645, 0.005, 0.055
2.6550000000000002, 0.005, 0.055
2.665, 0.005, 0.055
2.675, 0.005, 0.055
2.685, 0.005, 0.055
2.6950000000000003, 0.005, 0.055
2.705, 0.005, 0.055
2.715, 0.005, 0.055
2.725, 0.005, 0.055
2.7350000000000003, 0.005, 0.055
2.745, 0.005, 0.055
2.755, 0.005, 0.055
2.765, 0.005, 0.055
2.7750000000000004, 0.005, 0.055
2.785, 0.005, 0.055
2.795, 0.005, 0.055
0.005, 0.005, 0.065
0.015, 0.005, 0.065
0.025, 0.005, 0.065
0.035, 0.005, 0.065
0.045, 0.005, 0.065
0.055, 0.005, 0.065
0.065, 0.005, 0.065
0.07500000000000001, 0.005, 0.065
0.08499999999999999, 0.005, 0.065
0.095, 0.005, 0.065
0.10500000000000001, 0.005, 0.065
0.11499999999999999, 0.005, 0.065
0.125, 0.005, 0.065
0.135, 0.005, 0.065
0.14500000000000002, 0.005, 0.065
0.155, 0.005, 0.065
0.165, 0.005, 0.065
0.175, 0.005, 0.065
0.185, 0.005, 0.065
0.195, 0.005, 0.065
0.20500000000000002, 0.005, 0.065
0.215, 0.005, 0.065
0.225, 0.005, 0.065
0.235, 0.005, 0.065
0.245, 0.005, 0.065
0.255, 0.005, 0.065
0.265, 0.005, 0.065
0.275, 0.005, 0.065
0.28500000000000003, 0.005, 0.065
0.295, 0.005, 0.065
0.305, 0.005, 0.065
0.315, 0.005, 0.065
0.325, 0.005, 0.065
0.335, 0.005, 0.065
0.34500000000000003, 0.005, 0.065
0.355, 0.005, 0.065
0.365, 0.005, 0.065
0.375, 0.005, 0.065
0.385, 0.005, 0.065
0.395, 0.005, 0.065
0.405, 0.005, 0.065
0.41500000000000004, 0.005, 0.065
0.425, 0.005, 0.065
0.435, 0.005, 0.065
0.445, 0.005, 0.065
0.455, 0.005, 0.065
0.465, 0.005, 0.065
0.475, 0.005, 0.065
0.485, 0.005, 0.065
0.495, 0.005, 0.065
0.505, 0.005, 0.065
0.515, 0.005, 0.065
0.525, 0.005, 0.065
0.535, 0.005, 0.065
0.545, 0.005, 0.065
0.555, 0.005, 0.065
0.5650000000000001, 0.005, 0.065
0.575, 0.005, 0.065
0.585, 0.005, 0.065
0.595, 0.005, 0.065
0.605, 0.005, 0.065
0.615, 0.005, 0.065
0.625, 0.005, 0.065
0.635, 0.005, 0.065
0.645, 0.005, 0.065
0.655, 0.005, 0.065
0.665, 0.005, 0.065
0.675, 0.005, 0.065
0.685, 0.005, 0.065
0.6950000000000001, 0.005, 0.065
0.7050000000000001, 0.005, 0.065
0.715, 0.005, 0.065
0.725, 0.005, 0.065
0.735, 0.005, 0.065
0.745, 0.005, 0.065
0.755, 0.005, 0.065
0.765, 0.005, 0.065
0.775, 0.005, 0.065
0.785, 0.005, 0.065
0.795, 0.005, 0.065
0.805, 0.005, 0.065
0.8150000000000001, 0.005, 0.065
0.8250000000000001, 0.005, 0.065
0.835, 0.005, 0.065
0.845, 0.005, 0.065
0.855, 0.005, 0.065
0.865, 0.005, 0.065
0.875, 0.005, 0.065
0.885, 0.005, 0.065
0.895, 0.005, 0.065
0.905, 0.005, 0.065
0.915, 0.005, 0.065
0.925, 0.005, 0.065
0.935, 0.005, 0.065
0.9450000000000001, 0.005, 0.065
0.9550000000000001, 0.005, 0.065
0.965, 0.005, 0.065
0.975, 0.005, 0.065
0.985, 0.005, 0.065
0.995, 0.005, 0.065
1.005, 0.005, 0.065
1.0150000000000001, 0.005, 0.065
1.025, 0.005, 0.065
1.0350000000000001, 0.005, 0.065
1.045, 0.005, 0.065
1.0550000000000002, 0.005, 0.065
1.065, 0.005, 0.065
1.0750000000000002, 0.005, 0.065
1.085, 0.005, 0.065
1.0950000000000002, 0.005, 0.065
1.105, 0.005, 0.065
1.1150000000000002, 0.005, 0.065
1.125, 0.005, 0.065
1.1350000000000002, 0.005, 0.065
1.145, 0.005, 0.065
1.155, 0.005, 0.065
1.165, 0.005, 0.065
1.1749999999999998, 0.005, 0.065
1.185, 0.005, 0.065
1.1949999999999998, 0.005, 0.065
1.205, 0.005, 0.065
1.2149999999999999, 0.005, 0.065
1.225, 0.005, 0.065
1.2349999999999999, 0.005, 0.065
1.245, 0.005, 0.065
1.255, 0.005, 0.065
1.2650000000000001, 0.005, 0.065
1.275, 0.005, 0.065
1.2850000000000001, 0.005, 0.065
1.295, 0.005, 0.065
1.3050000000000002, 0.005, 0.065
1.315, 0.005, 0.065
1.3250000000000002, 0.005, 0.065
1.335, 0.005, 0.065
1.3450000000000002, 0.005, 0.065
1.355, 0.005, 0.065
1.3650000000000002, 0.005, 0.065
1.375, 0.005, 0.065
1.3850000000000002, 0.005, 0.065
1.395, 0.005, 0.065
1.405, 0.005, 0.065
1.415, 0.005, 0.065
1.4249999999999998, 0.005, 0.065
1.435, 0.005, 0.065
1.4449999999999998, 0.005, 0.065
1.455, 0.005, 0.065
1.4649999999999999, 0.005, 0.065
1.475, 0.005, 0.065
1.4849999999999999, 0.005, 0.065
1.495, 0.005, 0.065
1.505, 0.005, 0.065
1.5150000000000001, 0.005, 0.065
1.525, 0.005, 0.065
1.5350000000000001, 0.005, 0.065
1.545, 0.005, 0.065
1.5550000000000002, 0.005, 0.065
1.565, 0.005, 0.065
1.5750000000000002, 0.005, 0.065
1.585, 0.005, 0.065
1.5950000000000002, 0.005, 0.065
1.605, 0.005, 0.065
1.6150000000000002, 0.005, 0.065
1.625, 0.005, 0.065
1.6350000000000002, 0.005, 0.065
1.645, 0.005, 0.065
1.6550000000000002, 0.005, 0.065
1.665, 0.005, 0.065
1.6749999999999998, 0.005, 0.065
1.685, 0.005, 0.065
1.6949999999999998, 0.005, 0.065
1.705, 0.005, 0.065
1.7149999999999999, 0.005, 0.065
1.725, 0.005, 0.065
1.7349999999999999, 0.005, 0.065
1.745, 0.005, 0.065
1.755, 0.005, 0.065
1.7650000000000001, 0.005, 0.065
1.775, 0.005, 0.065
1.7850000000000001, 0.005, 0.065
1.795, 0.005, 0.065
1.8050000000000002, 0.005, 0.065
1.815, 0.005, 0.065
1.8250000000000002, 0.005, 0.065
1.835, 0.005, 0.065
1.8450000000000002, 0.005, 0.065
1.855, 0.005, 0.065
1.8650000000000002, 0.005, 0.065
1.875, 0.005, 0.065
1.8850000000000002, 0.005, 0.065
1.895, 0.005, 0.065
1.9050000000000002, 0.005, 0.065
1.915, 0.005, 0.065
1.9249999999999998, 0.005, 0.065
1.935, 0.005, 0.065
1.9449999999999998, 0.005, 0.065
1.955, 0.005, 0.065
1.9649999999999999, 0.005, 0.065
1.975, 0.005, 0.065
1.9849999999999999, 0.005, 0.065
1.995, 0.005, 0.065
2.005, 0.005, 0.065
2.015, 0.005, 0.065
2.0250000000000004, 0.005, 0.065
2.035, 0.005, 0.065
2.045, 0.005, 0.065
2.0549999999999997, 0.005, 0.065
2.065, 0.005, 0.065
2.075, 0.005, 0.065
2.085, 0.005, 0.065
2.0949999999999998, 0.005, 0.065
2.105, 0.005, 0.065
2.115, 0.005, 0.065
2.125, 0.005, 0.065
2.135, 0.005, 0.065
2.145, 0.005, 0.065
2.1550000000000002, 0.005, 0.065
2.165, 0.005, 0.065
2.175, 0.005, 0.065
2.185, 0.005, 0.065
2.1950000000000003, 0.005, 0.065
2.205, 0.005, 0.065
2.215, 0.005, 0.065
2.225, 0.005, 0.065
2.2350000000000003, 0.005, 0.065
2.245, 0.005, 0.065
2.255, 0.005, 0.065
2.265, 0.005, 0.065
2.2750000000000004, 0.005, 0.065
2.285, 0.005, 0.065
2.295, 0.005, 0.065
2.305, 0.005, 0.065
2.315, 0.005, 0.065
2.325, 0.005, 0.065
2.335, 0.005, 0.065
2.3449999999999998, 0.005, 0.065
2.355, 0.005, 0.065
2.365, 0.005, 0.065
2.375, 0.005, 0.065
2.385, 0.005, 0.065
2.395, 0.005, 0.065
2.4050000000000002, 0.005, 0.065
2.415, 0.005, 0.065
2.425, 0.005, 0.065
2.435, 0.005, 0.065
2.4450000000000003, 0.005, 0.065
2.455, 0.005, 0.065
2.465, 0.005, 0.065
2.475, 0.005, 0.065
2.4850000000000003, 0.005, 0.065
2.495, 0.005, 0.065
2.505, 0.005, 0.065
2.515, 0.005, 0.065
2.5250000000000004, 0.005, 0.065
2.535, 0.005, 0.065
2.545, 0.005, 0.065
2.555, 0.005, 0.065
2.565, 0.005, 0.065
2.575, 0.005, 0.065
2.585, 0.005, 0.065
2.5949999999999998, 0.005, 0.065
2.605, 0.005, 0.065
2.615, 0.005, 0.065
2.625, 0.005, 0.065
2.635, 0.005, 0.065
2.645, 0.005, 0.065
2.6550000000000002, 0.005, 0.065
2.665, 0.005, 0.065
2.675, 0.005, 0.065
2.685, 0.005, 0.065
2.6950000000000003, 0.005, 0.065
2.705, 0.005, 0.065
2.715, 0.005, 0.065
2.725, 0.005, 0.065
2.7350000000000003, 0.005, 0.065
2.745, 0.005, 0.065
2.755, 0.005, 0.065
2.765, 0.005, 0.065
2.7750000000000004, 0.005, 0.065
2.785, 0.005, 0.065
2.795, 0.005, 0.065
0.005, 0.005, 0.07500000000000001
0.015, 0.005, 0.07500000000000001
0.025, 0.005, 0.07500000000000001
0.035, 0.005, 0.07500000000000001
0.045, 0.005, 0.07500000000000001
0.055, 0.005, 0.07500000000000001
0.065, 0.005, 0.07500000000000001
0.07500000000000001, 0.005, 0.07500000000000001
0.08499999999999999, 0.005, 0.07500000000000001
0.095, 0.005, 0.07500000000000001
0.10500000000000001, 0.005, 0.07500000000000001
0.11499999999999999, 0.005, 0.07500000000000001
0.125, 0.005, 0.07500000000000001
0.135, 0.005, 0.07500000000000001
0.14500000000000002, 0.005, 0.07500000000000001
0.155, 0.005, 0.07500000000000001
0.165, 0.005, 0.07500000000000001
0.175, 0.005, 0.07500000000000001
0.185, 0.005, 0.07500000000000001
0.195, 0.005, 0.07500000000000001
0.20500000000000002, 0.005, 0.07500000000000001
0.215, 0.005, 0.07500000000000001
0.225, 0.005, 0.07500000000000001
0.235, 0.005, 0.07500000000000001
0.245, 0.005, 0.07500000000000001
0.255, 0.005, 0.07500000000000001
0.265, 0.005, 0.07500000000000001
0.275, 0.005, 0.07500000000000001
0.28500000000000003, 0.005, 0.07500000000000001
0.295, 0.005, 0.07500000000000001
0.305, 0.005, 0.07500000000000001
0.315, 0.005, 0.07500000000000001
0.325, 0.005, 0.07500000000000001
0.335, 0.005, 0.07500000000000001
0.34500000000000003, 0.005, 0.07500000000000001
0.355, 0.005, 0.07500000000000001
0.365, 0.005, 0.07500000000000001
0.375, 0.005, 0.07500000000000001
0.385, 0.005, 0.07500000000000001
0.395, 0.005, 0.07500000000000001
0.405, 0.005, 0.07500000000000001
0.41500000000000004, 0.005, 0.07500000000000001
0.425, 0.005, 0.07500000000000001
0.435, 0.005, 0.07500000000000001
0.445, 0.005, 0.07500000000000001
0.455, 0.005, 0.07500000000000001
0.465, 0.005, 0.07500000000000001
0.475, 0.005, 0.07500000000000001
0.485, 0.005, 0.07500000000000001
0.495, 0.005, 0.07500000000000001
0.505, 0.005, 0.07500000000000001
0.515, 0.005, 0.07500000000000001
0.525, 0.005, 0.07500000000000001
0.535, 0.005, 0.07500000000000001
0.545, 0.005, 0.07500000000000001
0.555, 0.005, 0.07500000000000001
0.5650000000000001, 0.005, 0.07500000000000001
0.575, 0.005, 0.07500000000000001
0.585, 0.005, 0.07500000000000001
0.595, 0.005, 0.07500000000000001
0.605, 0.005, 0.07500000000000001
0.615, 0.005, 0.07500000000000001
0.625, 0.005, 0.07500000000000001
0.635, 0.005, 0.07500000000000001
0.645, 0.005, 0.07500000000000001
0.655, 0.005, 0.07500000000000001
0.665, 0.005, 0.07500000000000001
0.675, 0.005, 0.07500000000000001
0.685, 0.005, 0.07500000000000001
0.6950000000000001, 0.005, 0.07500000000000001
0.7050000000000001, 0.005, 0.07500000000000001
0.715, 0.005, 0.07500000000000001
0.725, 0.005, 0.07500000000000001
0.735, 0.005, 0.07500000000000001
0.745, 0.005, 0.07500000000000001
0.755, 0.005, 0.07500000000000001
0.765, 0.005, 0.07500000000000001
0.775, 0.005, 0.07500000000000001
0.785, 0.005, 0.07500000000000001
0.795, 0.005, 0.07500000000000001
0.805, 0.005, 0.07500000000000001
0.8150000000000001, 0.005, 0.07500000000000001
0.8250000000000001, 0.005, 0.07500000000000001
0.835, 0.005, 0.07500000000000001
0.845, 0.005, 0.07500000000000001
0.855, 0.005, 0.07500000000000001
0.865, 0.005, 0.07500000000000001
0.875, 0.005, 0.07500000000000001
0.885, 0.005, 0.07500000000000001
0.895, 0.005, 0.07500000000000001
0.905, 0.005, 0.07500000000000001
0.915, 0.005, 0.07500000000000001
0.925, 0.005, 0.07500000000000001
0.935, 0.005, 0.07500000000000001
0.9450000000000001, 0.005, 0.07500000000000001
0.9550000000000001, 0.005, 0.07500000000000001
0.965, 0.005, 0.07500000000000001
0.975, 0.005, 0.07500000000000001
0.985, 0.005, 0.07500000000000001
0.995, 0.005, 0.07500000000000001
1.005, 0.005, 0.07500000000000001
1.0150000000000001, 0.005, 0.07500000000000001
1.025, 0.005, 0.07500000000000001
1.0350000000000001, 0.005, 0.07500000000000001
1.045, 0.005, 0.07500000000000001
1.0550000000000002, 0.005, 0.07500000000000001
1.065, 0.005, 0.07500000000000001
1.0750000000000002, 0.005, 0.07500000000000001
1.085, 0.005, 0.07500000000000001
1.0950000000000002, 0.005, 0.07500000000000001
1.105, 0.005, 0.07500000000000001
1.1150000000000002, 0.005, 0.07500000000000001
1.125, 0.005, 0.07500000000000001
1.1350000000000002, 0.005, 0.07500000000000001
1.145, 0.005, 0.07500000000000001
1.155, 0.005, 0.07500000000000001
1.165, 0.005, 0.07500000000000001
1.1749999999999998, 0.005, 0.07500000000000001
1.185, 0.005, 0.07500000000000001
1.1949999999999998, 0.005, 0.07500000000000001
1.205, 0.005, 0.07500000000000001
1.2149999999999999, 0.005, 0.07500000000000001
1.225, 0.005, 0.07500000000000001
1.2349999999999999, 0.005, 0.07500000000000001
1.245, 0.005, 0.07500000000000001
1.255, 0.005, 0.07500000000000001
1.2650000000000001, 0.005, 0.07500000000000001
1.275, 0.005, 0.07500000000000001
1.2850000000000001, 0.005, 0.07500000000000001
1.295, 0.005, 0.07500000000000001
1.3050000000000002, 0.005, 0.07500000000000001
1.315, 0.005, 0.07500000000000001
1.3250000000000002, 0.005, 0.07500000000000001
1.335, 0.005, 0.07500000000000001
1.3450000000000002, 0.005, 0.07500000000000001
1.355, 0.005, 0.07500000000000001
1.3650000000000002, 0.005, 0.07500000000000001
1.375, 0.005, 0.07500000000000001
1.3850000000000002, 0.005, 0.07500000000000001
1.395, 0.005, 0.07500000000000001
1.405, 0.005, 0.07500000000000001
1.415, 0.005, 0.07500000000000001
1.4249999999999998, 0.005, 0.07500000000000001
1.435, 0.005, 0.07500000000000001
1.4449999999999998, 0.005, 0.07500000000000001
1.455, 0.005, 0.07500000000000001
1.4649999999999999, 0.005, 0.07500000000000001
1.475, 0.005, 0.07500000000000001
1.4849999999999999, 0.005, 0.07500000000000001
1.495, 0.005, 0.07500000000000001
1.505, 0.005, 0.07500000000000001
1.5150000000000001, 0.005, 0.07500000000000001
1.525, 0.005, 0.07500000000000001
1.5350000000000001, 0.005, 0.07500000000000001
1.545, 0.005, 0.07500000000000001
1.5550000000000002, 0.005, 0.07500000000000001
1.565, 0.005, 0.07500000000000001
1.5750000000000002, 0.005, 0.07500000000000001
1.585, 0.005, 0.07500000000000001
1.5950000000000002, 0.005, 0.07500000000000001
1.605, 0.005, 0.07500000000000001
1.6150000000000002, 0.005, 0.07500000000000001
1.625, 0.005, 0.07500000000000001
1.6350000000000002, 0.005, 0.07500000000000001
1.645, 0.005, 0.07500000000000001
1.6550000000000002, 0.005, 0.07500000000000001
1.665, 0.005, 0.07500000000000001
1.6749999999999998, 0.005, 0.07500000000000001
1.685, 0.005, 0.07500000000000001
1.6949999999999998, 0.005, 0.07500000000000001
1.705, 0.005, 0.07500000000000001
1.7149999999999999, 0.005, 0.07500000000000001
1.725, 0.005, 0.07500000000000001
1.7349999999999999, 0.005, 0.07500000000000001
1.745, 0.005, 0.07500000000000001
1.755, 0.005, 0.07500000000000001
1.7650000000000001, 0.005, 0.07500000000000001
1.775, 0.005, 0.07500000000000001
1.7850000000000001, 0.005, 0.07500000000000001
1.795, 0.005, 0.07500000000000001
1.8050000000000002, 0.005, 0.07500000000000001
1.815, 0.005, 0.07500000000000001
1.8250000000000002, 0.005, 0.07500000000000001
1.835, 0.005, 0.07500000000000001
1.8450000000000002, 0.005, 0.07500000000000001
1.855, 0.005, 0.07500000000000001
1.8650000000000002, 0.005, 0.07500000000000001
1.875, 0.005, 0.07500000000000001
1.8850000000000002, 0.005, 0.07500000000000001
1.895, 0.005, 0.07500000000000001
1.9050000000000002, 0.005, 0.07500000000000001
1.915, 0.005, 0.07500000000000001
1.9249999999999998, 0.005, 0.07500000000000001
1.935, 0.005, 0.07500000000000001
1.9449999999999998, 0.005, 0.07500000000000001
1.955, 0.005, 0.07500000000000001
1.9649999999999999, 0.005, 0.07500000000000001
1.975, 0.005, 0.07500000000000001
1.9849999999999999, 0.005, 0.07500000000000001
1.995, 0.005, 0.07500000000000001
2.005, 0.005, 0.07500000000000001
2.015, 0.005, 0.07500000000000001
2.0250000000000004, 0.005, 0.07500000000000001
2.035, 0.005, 0.07500000000000001
2.045, 0.005, 0.07500000000000001
2.0549999999999997, 0.005, 0.07500000000000001
2.065, 0.005, 0.07500000000000001
2.075, 0.005, 0.07500000000000001
2.085, 0.005, 0.07500000000000001
2.0949999999999998, 0.005, 0.07500000000000001
2.105, 0.005, 0.07500000000000001
2.115, 0.005, 0.07500000000000001
2.125, 0.005, 0.07500000000000001
2.135, 0.005, 0.07500000000000001
2.145, 0.005, 0.07500000000000001
2.1550000000000002, 0.005, 0.07500000000000001
2.165, 0.005, 0.07500000000000001
2.175, 0.005, 0.07500000000000001
2.185, 0.005, 0.07500000000000001
2.1950000000000003, 0.005, 0.07500000000000001
2.205, 0.005, 0.07500000000000001
2.215, 0.005, 0.07500000000000001
2.225, 0.005, 0.07500000000000001
2.2350000000000003, 0.005, 0.07500000000000001
2.245, 0.005, 0.07500000000000001
2.255, 0.005, 0.07500000000000001
2.265, 0.005, 0.07500000000000001
2.2750000000000004, 0.005, 0.07500000000000001
2.285, 0.005, 0.07500000000000001
2.295, 0.005, 0.07500000000000001
2.305, 0.005, 0.07500000000000001
2.315, 0.005, 0.07500000000000001
2.325, 0.005, 0.07500000000000001
2.335, 0.005, 0.07500000000000001
2.3449999999999998, 0.005, 0.07500000000000001
2.355, 0.005, 0.07500000000000001
2.365, 0.005, 0.07500000000000001
2.375, 0.005, 0.07500000000000001
2.385, 0.005, 0.07500000000000001
2.395, 0.005, 0.07500000000000001
2.4050000000000002, 0.005, 0.07500000000000001
2.415, 0.005, 0.07500000000000001
2.425, 0.005, 0.07500000000000001
2.435, 0.005, 0.07500000000000001
2.4450000000000003, 0.005, 0.07500000000000001
2.455, 0.005, 0.07500000000000001
2.465, 0.005, 0.07500000000000001
2.475, 0.005, 0.07500000000000001
2.4850000000000003, 0.005, 0.07500000000000001
2.495, 0.005, 0.07500000000000001
2.505, 0.005, 0.07500000000000001
2.515, 0.005, 0.07500000000000001
2.5250000000000004, 0.005, 0.07500000000000001
2.535, 0.005, 0.07500000000000001
2.545, 0.005, 0.07500000000000001
2.555, 0.005, 0.07500000000000001
2.565, 0.005, 0.07500000000000001
2.575, 0.005, 0.07500000000000001
2.585, 0.005, 0.07500000000000001
2.5949999999999998, 0.005, 0.07500000000000001
2.605, 0.005, 0.07500000000000001
2.615, 0.005, 0.07500000000000001
2.625, 0.005, 0.07500000000000001
2.635, 0.005, 0.07500000000000001
2.645, 0.005, 0.07500000000000001
2.6550000000000002, 0.005, 0.07500000000000001
2.665, 0.005, 0.07500000000000001
2.675, 0.005, 0.07500000000000001
2.685, 0.005, 0.07500000000000001
2.6950000000000003, 0.005, 0.07500000000000001
2.705, 0.005, 0.07500000000000001
2.715, 0.005, 0.07500000000000001
2.725, 0.005, 0.07500000000000001
2.7350000000000003, 0.005, 0.07500000000000001
2.745, 0.005, 0.07500000000000001
2.755, 0.005, 0.07500000000000001
2.765, 0.005, 0.07500000000000001
2.7750000000000004, 0.005, 0.07500000000000001
2.785, 0.005, 0.07500000000000001
2.795, 0.005, 0.07500000000000001
0.005, 0.005, 0.08499999999999999
0.015, 0.005, 0.08499999999999999
0.025, 0.005, 0.08499999999999999
0.035, 0.005, 0.08499999999999999
0.045, 0.005, 0.08499999999999999
0.055, 0.005, 0.08499999999999999
0.065, 0.005, 0.08499999999999999
0.07500000000000001, 0.005, 0.08499999999999999
0.08499999999999999, 0.005, 0.08499999999999999
0.095, 0.005, 0.08499999999999999
0.10500000000000001, 0.005, 0.08499999999999999
0.11499999999999999, 0.005, 0.08499999999999999
0.125, 0.005, 0.08499999999999999
0.135, 0.005, 0.08499999999999999
0.14500000000000002, 0.005, 0.08499999999999999
0.155, 0.005, 0.08499999999999999
0.165, 0.005, 0.08499999999999999
0.175, 0.005, 0.08499999999999999
0.185, 0.005, 0.08499999999999999
0.195, 0.005, 0.08499999999999999
0.20500000000000002, 0.005, 0.08499999999999999
0.215, 0.005, 0.08499999999999999
0.225, 0.005, 0.08499999999999999
0.235, 0.005, 0.08499999999999999
0.245, 0.005, 0.08499999999999999
0.255, 0.005, 0.08499999999999999
0.265, 0.005, 0.08499999999999999
0.275, 0.005, 0.08499999999999999
0.28500000000000003, 0.005, 0.08499999999999999
0.295, 0.005, 0.08499999999999999
0.305, 0.005, 0.08499999999999999
0.315, 0.005, 0.08499999999999999
0.325, 0.005, 0.08499999999999999
0.335, 0.005, 0.08499999999999999
0.34500000000000003, 0.005, 0.08499999999999999
0.355, 0.005, 0.08499999999999999
0.365, 0.005, 0.08499999999999999
0.375, 0.005, 0.08499999999999999
0.385, 0.005, 0.08499999999999999
0.395, 0.005, 0.08499999999999999
0.405, 0.005, 0.08499999999999999
0.41500000000000004, 0.005, 0.08499999999999999
0.425, 0.005, 0.08499999999999999
0.435, 0.005, 0.08499999999999999
0.445, 0.005, 0.08499999999999999
0.455, 0.005, 0.08499999999999999
0.465, 0.005, 0.08499999999999999
0.475, 0.005, 0.08499999999999999
0.485, 0.005, 0.08499999999999999
0.495, 0.005, 0.08499999999999999
0.505, 0.005, 0.08499999999999999
0.515, 0.005, 0.08499999999999999
0.525, 0.005, 0.08499999999999999
0.535, 0.005, 0.08499999999999999
0.545, 0.005, 0.08499999999999999
0.555, 0.005, 0.08499999999999999
0.5650000000000001, 0.005, 0.08499999999999999
0.575, 0.005, 0.08499999999999999
0.585, 0.005, 0.08499999999999999
0.595, 0.005, 0.08499999999999999
0.605, 0.005, 0.08499999999999999
0.615, 0.005, 0.08499999999999999
0.625, 0.005, 0.08499999999999999
0.635, 0.005, 0.08499999999999999
0.645, 0.005, 0.08499999999999999
0.655, 0.005, 0.08499999999999999
0.665, 0.005, 0.08499999999999999
0.675, 0.005, 0.08499999999999999
0.685, 0.005, 0.08499999999999999
0.6950000000000001, 0.005, 0.08499999999999999
0.7050000000000001, 0.005, 0.08499999999999999
0.715, 0.005, 0.08499999999999999
0.725, 0.005, 0.08499999999999999
0.735, 0.005, 0.08499999999999999
0.745, 0.005, 0.08499999999999999
0.755, 0.005, 0.08499999999999999
0.765, 0.005, 0.08499999999999999
0.775, 0.005, 0.08499999999999999
0.785, 0.005, 0.08499999999999999
0.795, 0.005, 0.08499999999999999
0.805, 0.005, 0.08499999999999999
0.8150000000000001, 0.005, 0.08499999999999999
0.8250000000000001, 0.005, 0.08499999999999999
0.835, 0.005, 0.08499999999999999
0.845, 0.005, 0.08499999999999999
0.855, 0.005, 0.08499999999999999
0.865, 0.005, 0.08499999999999999
0.875, 0.005, 0.08499999999999999
0.885, 0.005, 0.08499999999999999
0.895, 0.005, 0.08499999999999999
0.905, 0.005, 0.08499999999999999
0.915, 0.005, 0.08499999999999999
0.925, 0.005, 0.08499999999999999
0.935, 0.005, 0.08499999999999999
0.9450000000000001, 0.005, 0.08499999999999999
0.9550000000000001, 0.005, 0.08499999999999999
0.965, 0.005, 0.08499999999999999
0.975, 0.005, 0.08499999999999999
0.985, 0.005, 0.08499999999999999
0.995, 0.005, 0.08499999999999999
1.005, 0.005, 0.08499999999999999
1.0150000000000001, 0.005, 0.08499999999999999
1.025, 0.005, 0.08499999999999999
1.0350000000000001, 0.005, 0.08499999999999999
1.045, 0.005, 0.08499999999999999
1.0550000000000002, 0.005, 0.08499999999999999
1.065, 0.005, 0.08499999999999999
1.0750000000000002, 0.005, 0.08499999999999999
1.085, 0.005, 0.08499999999999999
1.0950000000000002, 0.005, 0.08499999999999999
1.105, 0.005, 0.08499999999999999
1.1150000000000002, 0.005, 0.08499999999999999
1.125, 0.005, 0.08499999999999999
1.1350000000000002, 0.005, 0.08499999999999999
1.145, 0.005, 0.08499999999999999
1.155, 0.005, 0.08499999999999999
1.165, 0.005, 0.08499999999999999
1.1749999999999998, 0.005, 0.08499999999999999
1.185, 0.005, 0.08499999999999999
1.1949999999999998, 0.005, 0.08499999999999999
1.205, 0.005, 0.08499999999999999
1.2149999999999999, 0.005, 0.08499999999999999
1.225, 0.005, 0.08499999999999999
1.2349999999999999, 0.005, 0.08499999999999999
1.245, 0.005, 0.08499999999999999
1.255, 0.005, 0.08499999999999999
1.2650000000000001, 0.005, 0.08499999999999999
1.275, 0.005, 0.08499999999999999
1.2850000000000001, 0.005, 0.08499999999999999
1.295, 0.005, 0.08499999999999999
1.3050000000000002, 0.005, 0.08499999999999999
1.315, 0.005, 0.08499999999999999
1.3250000000000002, 0.005, 0.08499999999999999
1.335, 0.005, 0.08499999999999999
1.3450000000000002, 0.005, 0.08499999999999999
1.355, 0.005, 0.08499999999999999
1.3650000000000002, 0.005, 0.08499999999999999
1.375, 0.005, 0.08499999999999999
1.3850000000000002, 0.005, 0.08499999999999999
1.395, 0.005, 0.08499999999999999
1.405, 0.005, 0.08499999999999999
1.415, 0.005, 0.08499999999999999
1.4249999999999998, 0.005, 0.08499999999999999
1.435, 0.005, 0.08499999999999999
1.4449999999999998, 0.005, 0.08499999999999999
1.455, 0.005, 0.08499999999999999
1.4649999999999999, 0.005, 0.08499999999999999
1.475, 0.005, 0.08499999999999999
1.4849999999999999, 0.005, 0.08499999999999999
1.495, 0.005, 0.08499999999999999
1.505, 0.005, 0.08499999999999999
1.5150000000000001, 0.005, 0.08499999999999999
1.525, 0.005, 0.08499999999999999
1.5350000000000001, 0.005, 0.08499999999999999
1.545, 0.005, 0.08499999999999999
1.5550000000000002, 0.005, 0.08499999999999999
1.565, 0.005, 0.08499999999999999
1.5750000000000002, 0.005, 0.08499999999999999
1.585, 0.005, 0.08499999999999999
1.5950000000000002, 0.005, 0.08499999999999999
1.605, 0.005, 0.08499999999999999
1.6150000000000002, 0.005, 0.08499999999999999
1.625, 0.005, 0.08499999999999999
1.6350000000000002, 0.005, 0.08499999999999999
1.645, 0.005, 0.08499999999999999
1.6550000000000002, 0.005, 0.08499999999999999
1.665, 0.005, 0.08499999999999999
1.6749999999999998, 0.005, 0.08499999999999999
1.685, 0.005, 0.08499999999999999
1.6949999999999998, 0.005, 0.08499999999999999
1.705, 0.005, 0.08499999999999999
1.7149999999999999, 0.005, 0.08499999999999999
1.725, 0.005, 0.08499999999999999
1.7349999999999999, 0.005, 0.08499999999999999
1.745, 0.005, 0.08499999999999999
1.755, 0.005, 0.08499999999999999
1.7650000000000001, 0.005, 0.08499999999999999
1.775, 0.005, 0.08499999999999999
1.7850000000000001, 0.005, 0.08499999999999999
1.795, 0.005, 0.08499999999999999
1.8050000000000002, 0.005, 0.08499999999999999
1.815, 0.005, 0.08499999999999999
1.8250000000000002, 0.005, 0.08499999999999999
1.835, 0.005, 0.08499999999999999
1.8450000000000002, 0.005, 0.08499999999999999
1.855, 0.005, 0.08499999999999999
1.8650000000000002, 0.005, 0.08499999999999999
1.875, 0.005, 0.08499999999999999
1.8850000000000002, 0.005, 0.08499999999999999
1.895, 0.005, 0.08499999999999999
1.9050000000000002, 0.005, 0.08499999999999999
1.915, 0.005, 0.08499999999999999
1.9249999999999998, 0.005, 0.08499999999999999
1.935, 0.005, 0.08499999999999999
1.9449999999999998, 0.005, 0.08499999999999999
1.955, 0.005, 0.08499999999999999
1.9649999999999999, 0.005, 0.08499999999999999
1.975, 0.005, 0.08499999999999999
1.9849999999999999, 0.005, 0.08499999999999999
1.995, 0.005, 0.08499999999999999
2.005, 0.005, 0.08499999999999999
2.015, 0.005, 0.08499999999999999
2.0250000000000004, 0.005, 0.08499999999999999
2.035, 0.005, 0.08499999999999999
2.045, 0.005, 0.08499999999999999
2.0549999999999997, 0.005, 0.08499999999999999
2.065, 0.005, 0.08499999999999999
2.075, 0.005, 0.08499999999999999
2.085, 0.005, 0.08499999999999999
2.0949999999999998, 0.005, 0.08499999999999999
2.105, 0.005, 0.08499999999999999
2.115, 0.005, 0.08499999999999999
2.125, 0.005, 0.08499999999999999
2.135, 0.005, 0.08499999999999999
2.145, 0.005, 0.08499999999999999
2.1550000000000002, 0.005, 0.08499999999999999
2.165, 0.005, 0.08499999999999999
2.175, 0.005, 0.08499999999999999
2.185, 0.005, 0.08499999999999999
2.1950000000000003, 0.005, 0.08499999999999999
2.205, 0.005, 0.08499999999999999
2.215, 0.005, 0.08499999999999999
2.225, 0.005, 0.08499999999999999
2.2350000000000003, 0.005, 0.08499999999999999
2.245, 0.005, 0.08499999999999999
2.255, 0.005, 0.08499999999999999
2.265, 0.005, 0.08499999999999999
2.2750000000000004, 0.005, 0.08499999999999999
2.285, 0.005, 0.08499999999999999
2.295, 0.005, 0.08499999999999999
2.305, 0.005, 0.08499999999999999
2.315, 0.005, 0.08499999999999999
2.325, 0.005, 0.08499999999999999
2.335, 0.005, 0.08499999999999999
2.3449999999999998, 0.005, 0.08499999999999999
2.355, 0.005, 0.08499999999999999
2.365, 0.005, 0.08499999999999999
2.375, 0.005, 0.08499999999999999
2.385, 0.005, 0.08499999999999999
2.395, 0.005, 0.08499999999999999
2.4050000000000002, 0.005, 0.08499999999999999
2.415, 0.005, 0.08499999999999999
2.425, 0.005, 0.08499999999999999
2.435, 0.005, 0.08499999999999999
2.4450000000000003, 0.005, 0.08499999999999999
2.455, 0.005, 0.08499999999999999
2.465, 0.005, 0.08499999999999999
2.475, 0.005, 0.08499999999999999
2.4850000000000003, 0.005, 0.08499999999999999
2.495, 0.005, 0.08499999999999999
2.505, 0.005, 0.08499999999999999
2.515, 0.005, 0.08499999999999999
2.5250000000000004, 0.005, 0.08499999999999999
2.535, 0.005, 0.08499999999999999
2.545, 0.005, 0.08499999999999999
2.555, 0.005, 0.08499999999999999
2.565, 0.005, 0.08499999999999999
2.575, 0.005, 0.08499999999999999
2.585, 0.005, 0.08499999999999999
2.5949999999999998, 0.005, 0.08499999999999999
2.605, 0.005, 0.08499999999999999
2.615, 0.005, 0.08499999999999999
2.625, 0.005, 0.08499999999999999
2.635, 0.005, 0.08499999999999999
2.645, 0.005, 0.08499999999999999
2.6550000000000002, 0.005, 0.08499999999999999
2.665, 0.005, 0.08499999999999999
2.675, 0.005, 0.08499999999999999
2.685, 0.005, 0.08499999999999999
2.6950000000000003, 0.005, 0.08499999999999999
2.705, 0.005, 0.08499999999999999
2.715, 0.005, 0.08499999999999999
2.725, 0.005, 0.08499999999999999
2.7350000000000003, 0.005, 0.08499999999999999
2.745, 0.005, 0.08499999999999999
2.755, 0.005, 0.08499999999999999
2.765, 0.005, 0.08499999999999999
2.7750000000000004, 0.005, 0.08499999999999999
2.785, 0.005, 0.08499999999999999
2.795, 0.005, 0.08499999999999999
0.005, 0.005, 0.095
0.015, 0.005, 0.095
0.025, 0.005, 0.095
0.035, 0.005, 0.095
0.045, 0.005, 0.095
0.055, 0.005, 0.095
0.065, 0.005, 0.095
0.07500000000000001, 0.005, 0.095
0.08499999999999999, 0.005, 0.095
0.095, 0.005, 0.095
0.10500000000000001, 0.005, 0.095
0.11499999999999999, 0.005, 0.095
0.125, 0.005, 0.095
0.135, 0.005, 0.095
0.14500000000000002, 0.005, 0.095
0.155, 0.005, 0.095
0.165, 0.005, 0.095
0.175, 0.005, 0.095
0.185, 0.005, 0.095
0.195, 0.005, 0.095
0.20500000000000002, 0.005, 0.095
0.215, 0.005, 0.095
0.225, 0.005, 0.095
0.235, 0.005, 0.095
0.245, 0.005, 0.095
0.255, 0.005, 0.095
0.265, 0.005, 0.095
0.275, 0.005, 0.095
0.28500000000000003, 0.005, 0.095
0.295, 0.005, 0.095
0.305, 0.005, 0.095
0.315, 0.005, 0.095
0.325, 0.005, 0.095
0.335, 0.005, 0.095
0.34500000000000003, 0.005, 0.095
0.355, 0.005, 0.095
0.365, 0.005, 0.095
0.375, 0.005, 0.095
0.385, 0.005, 0.095
0.395, 0.005, 0.095
0.405, 0.005, 0.095
0.41500000000000004, 0.005, 0.095
0.425, 0.005, 0.095
0.435, 0.005, 0.095
0.445, 0.005, 0.095
0.455, 0.005, 0.095
0.465, 0.005, 0.095
0.475, 0.005, 0.095
0.485, 0.005, 0.095
0.495, 0.005, 0.095
0.505, 0.005, 0.095
0.515, 0.005, 0.095
0.525, 0.005, 0.095
0.535, 0.005, 0.095
0.545, 0.005, 0.095
0.555, 0.005, 0.095
0.5650000000000001, 0.005, 0.095
0.575, 0.005, 0.095
0.585, 0.005, 0.095
0.595, 0.005, 0.095
0.605, 0.005, 0.095
0.615, 0.005, 0.095
0.625, 0.005, 0.095
0.635, 0.005, 0.095
0.645, 0.005, 0.095
0.655, 0.005, 0.095
0.665, 0.005, 0.095
0.675, 0.005, 0.095
0.685, 0.005, 0.095
0.6950000000000001, 0.005, 0.095
0.7050000000000001, 0.005, 0.095
0.715, 0.005, 0.095
0.725, 0.005, 0.095
0.735, 0.005, 0.095
0.745, 0.005, 0.095
0.755, 0.005, 0.095
0.765, 0.005, 0.095
0.775, 0.005, 0.095
0.785, 0.005, 0.095
0.795, 0.005, 0.095
0.805, 0.005, 0.095
0.8150000000000001, 0.005, 0.095
0.8250000000000001, 0.005, 0.095
0.835, 0.005, 0.095
0.845, 0.005, 0.095
0.855, 0.005, 0.095
0.865, 0.005, 0.095
0.875, 0.005, 0.095
0.885, 0.005, 0.095
0.895, 0.005, 0.095
0.905, 0.005, 0.095
0.915, 0.005, 0.095
0.925, 0.005, 0.095
0.935, 0.005, 0.095
0.9450000000000001, 0.005, 0.095
0.9550000000000001, 0.005, 0.095
0.965, 0.005, 0.095
0.975, 0.005, 0.095
0.985, 0.005, 0.095
0.995, 0.005, 0.095
1.005, 0.005, 0.095
1.0150000000000001, 0.005, 0.095
1.025, 0.005, 0.095
1.0350000000000001, 0.005, 0.095
1.045, 0.005, 0.095
1.0550000000000002, 0.005, 0.095
1.065, 0.005, 0.095
1.0750000000000002, 0.005, 0.095
1.085, 0.005, 0.095
1.0950000000000002, 0.005, 0.095
1.105, 0.005, 0.095
1.1150000000000002, 0.005, 0.095
1.125, 0.005, 0.095
1.1350000000000002, 0.005, 0.095
1.145, 0.005, 0.095
1.155, 0.005, 0.095
1.165, 0.005, 0.095
1.1749999999999998, 0.005, 0.095
1.185, 0.005, 0.095
1.1949999999999998, 0.005, 0.095
1.205, 0.005, 0.095
1.2149999999999999, 0.005, 0.095
1.225, 0.005, 0.095
1.2349999999999999, 0.005, 0.095
1.245, 0.005, 0.095
1.255, 0.005, 0.095
1.2650000000000001, 0.005, 0.095
1.275, 0.005, 0.095
1.2850000000000001, 0.005, 0.095
1.295, 0.005, 0.095
1.3050000000000002, 0.005, 0.095
1.315, 0.005, 0.095
1.3250000000000002, 0.005, 0.095
1.335, 0.005, 0.095
1.3450000000000002, 0.005, 0.095
1.355, 0.005, 0.095
1.3650000000000002, 0.005, 0.095
1.375, 0.005, 0.095
1.3850000000000002, 0.005, 0.095
1.395, 0.005, 0.095
1.405, 0.005, 0.095
1.415, 0.005, 0.095
1.4249999999999998, 0.005, 0.095
1.435, 0.005, 0.095
1.4449999999999998, 0.005, 0.095
1.455, 0.005, 0.095
1.4649999999999999, 0.005, 0.095
1.475, 0.005, 0.095
1.4849999999999999, 0.005, 0.095
1.495, 0.005, 0.095
1.505, 0.005, 0.095
1.5150000000000001, 0.005, 0.095
1.525, 0.005, 0.095
1.5350000000000001, 0.005, 0.095
1.545, 0.005, 0.095
1.5550000000000002, 0.005, 0.095
1.565, 0.005, 0.095
1.5750000000000002, 0.005, 0.095
1.585, 0.005, 0.095
1.5950000000000002, 0.005, 0.095
1.605, 0.005, 0.095
1.6150000000000002, 0.005, 0.095
1.625, 0.005, 0.095
1.6350000000000002, 0.005, 0.095
1.645, 0.005, 0.095
1.6550000000000002, 0.005, 0.095
1.665, 0.005, 0.095
1.6749999999999998, 0.005, 0.095
1.685, 0.005, 0.095
1.6949999999999998, 0.005, 0.095
1.705, 0.005, 0.095
1.7149999999999999, 0.005, 0.095
1.725, 0.005, 0.095
1.7349999999999999, 0.005, 0.095
1.745, 0.005, 0.095
1.755, 0.005, 0.095
1.7650000000000001, 0.005, 0.095
1.775, 0.005, 0.095
1.7850000000000001, 0.005, 0.095
1.795, 0.005, 0.095
1.8050000000000002, 0.005, 0.095
1.815, 0.005, 0.095
1.8250000000000002, 0.005, 0.095
1.835, 0.005, 0.095
1.8450000000000002, 0.005, 0.095
1.855, 0.005, 0.095
1.8650000000000002, 0.005, 0.095
1.875, 0.005, 0.095
1.8850000000000002, 0.005, 0.095
1.895, 0.005, 0.095
1.9050000000000002, 0.005, 0.095
1.915, 0.005, 0.095
1.9249999999999998, 0.005, 0.095
1.935, 0.005, 0.095
1.9449999999999998, 0.005, 0.095
1.955, 0.005, 0.095
1.9649999999999999, 0.005, 0.095
1.975, 0.005, 0.095
1.9849999999999999, 0.005, 0.095
1.995, 0.005, 0.095
2.005, 0.005, 0.095
2.015, 0.005, 0.095
2.0250000000000004, 0.005, 0.095
2.035, 0.005, 0.095
2.045, 0.005, 0.095
2.0549999999999997, 0.005, 0.095
2.065, 0.005, 0.095
2.075, 0.005, 0.095
2.085, 0.005, 0.095
2.0949999999999998, 0.005, 0.095
2.105, 0.005, 0.095
2.115, 0.005, 0.095
2.125, 0.005, 0.095
2.135, 0.005, 0.095
2.145, 0.005, 0.095
2.1550000000000002, 0.005, 0.095
2.165, 0.005, 0.095
2.175, 0.005, 0.095
2.185, 0.005, 0.095
2.1950000000000003, 0.005, 0.095
2.205, 0.005, 0.095
2.215, 0.005, 0.095
2.225, 0.005, 0.095
2.2350000000000003, 0.005, 0.095
2.245, 0.005, 0.095
2.255, 0.005, 0.095
2.265, 0.005, 0.095
2.2750000000000004, 0.005, 0.095
2.285, 0.005, 0.095
2.295, 0.005, 0.095
2.305, 0.005, 0.095
2.315, 0.005, 0.095
2.325, 0.005, 0.095
2.335, 0.005, 0.095
2.3449999999999998, 0.005, 0.095
2.355, 0.005, 0.095
2.365, 0.005, 0.095
2.375, 0.005, 0.095
2.385, 0.005, 0.095
2.395, 0.005, 0.095
2.4050000000000002, 0.005, 0.095
2.415, 0.005, 0.095
2.425, 0.005, 0.095
2.435, 0.005, 0.095
2.4450000000000003, 0.005, 0.095
2.455, 0.005, 0.095
2.465, 0.005, 0.095
2.475, 0.005, 0.095
2.4850000000000003, 0.005, 0.095
2.495, 0.005, 0.095
2.505, 0.005, 0.095
2.515, 0.005, 0.095
2.5250000000000004, 0.005, 0.095
2.535, 0.005, 0.095
2.545, 0.005, 0.095
2.555, 0.005, 0.095
2.565, 0.005, 0.095
2.575, 0.005, 0.095
2.585, 0.005, 0.095
2.5949999999999998, 0.005, 0.095
2.605, 0.005, 0.095
2.615, 0.005, 0.095
2.625, 0.005, 0.095
2.635, 0.005, 0.095
2.645, 0.005, 0.095
2.6550000000000002, 0.005, 0.095
2.665, 0.005, 0.095
2.675, 0.005, 0.095
2.685, 0.005, 0.095
2.6950000000000003, 0.005, 0.095
2.705, 0.005, 0.095
2.715, 0.005, 0.095
2.725, 0.005, 0.095
2.7350000000000003, 0.005, 0.095
2.745, 0.005, 0.095
2.755, 0.005, 0.095
2.765, 0.005, 0.095
2.7750000000000004, 0.005, 0.095
2.785, 0.005, 0.095
2.795, 0.005, 0.095
0.005, 0.005, 0.10500000000000001
0.015, 0.005, 0.10500000000000001
0.025, 0.005, 0.10500000000000001
0.035, 0.005, 0.10500000000000001
0.045, 0.005, 0.10500000000000001
0.055, 0.005, 0.10500000000000001
0.065, 0.005, 0.10500000000000001
0.07500000000000001, 0.005, 0.10500000000000001
0.08499999999999999, 0.005, 0.10500000000000001
0.095, 0.005, 0.10500000000000001
0.10500000000000001, 0.005, 0.10500000000000001
0.11499999999999999, 0.005, 0.10500000000000001
0.125, 0.005, 0.10500000000000001
0.135, 0.005, 0.10500000000000001
0.14500000000000002, 0.005, 0.10500000000000001
0.155, 0.005, 0.10500000000000001
0.165, 0.005, 0.10500000000000001
0.175, 0.005, 0.10500000000000001
0.185, 0.005, 0.10500000000000001
0.195, 0.005, 0.10500000000000001
0.20500000000000002, 0.005, 0.10500000000000001
0.215, 0.005, 0.10500000000000001
0.225, 0.005, 0.10500000000000001
0.235, 0.005, 0.10500000000000001
0.245, 0.005, 0.10500000000000001
0.255, 0.005, 0.10500000000000001
0.265, 0.005, 0.10500000000000001
0.275, 0.005, 0.10500000000000001
0.28500000000000003, 0.005, 0.10500000000000001
0.295, 0.005, 0.10500000000000001
0.305, 0.005, 0.10500000000000001
0.315, 0.005, 0.10500000000000001
0.325, 0.005, 0.10500000000000001
0.335, 0.005, 0.10500000000000001
0.34500000000000003, 0.005, 0.10500000000000001
0.355, 0.005, 0.10500000000000001
0.365, 0.005, 0.10500000000000001
0.375, 0.005, 0.10500000000000001
0.385, 0.005, 0.10500000000000001
0.395, 0.005, 0.10500000000000001
0.405, 0.005, 0.10500000000000001
0.41500000000000004, 0.005, 0.10500000000000001
0.425, 0.005, 0.10500000000000001
0.435, 0.005, 0.10500000000000001
0.445, 0.005, 0.10500000000000001
0.455, 0.005, 0.10500000000000001
0.465, 0.005, 0.10500000000000001
0.475, 0.005, 0.10500000000000001
0.485, 0.005, 0.10500000000000001
0.495, 0.005, 0.10500000000000001
0.505, 0.005, 0.10500000000000001
0.515, 0.005, 0.10500000000000001
0.525, 0.005, 0.10500000000000001
0.535, 0.005, 0.10500000000000001
0.545, 0.005, 0.10500000000000001
0.555, 0.005, 0.10500000000000001
0.5650000000000001, 0.005, 0.10500000000000001
0.575, 0.005, 0.10500000000000001
0.585, 0.005, 0.10500000000000001
0.595, 0.005, 0.10500000000000001
0.605, 0.005, 0.10500000000000001
0.615, 0.005, 0.10500000000000001
0.625, 0.005, 0.10500000000000001
0.635, 0.005, 0.10500000000000001
0.645, 0.005, 0.10500000000000001
0.655, 0.005, 0.10500000000000001
0.665, 0.005, 0.10500000000000001
0.675, 0.005, 0.10500000000000001
0.685, 0.005, 0.10500000000000001
0.6950000000000001, 0.005, 0.10500000000000001
0.7050000000000001, 0.005, 0.10500000000000001
0.715, 0.005, 0.10500000000000001
0.725, 0.005, 0.10500000000000001
0.735, 0.005, 0.10500000000000001
0.745, 0.005, 0.10500000000000001
0.755, 0.005, 0.10500000000000001
0.765, 0.005, 0.10500000000000001
0.775, 0.005, 0.10500000000000001
0.785, 0.005, 0.10500000000000001
0.795, 0.005, 0.10500000000000001
0.805, 0.005, 0.10500000000000001
0.8150000000000001, 0.005, 0.10500000000000001
0.8250000000000001, 0.005, 0.10500000000000001
0.835, 0.005, 0.10500000000000001
0.845, 0.005, 0.10500000000000001
0.855, 0.005, 0.10500000000000001
0.865, 0.005, 0.10500000000000001
0.875, 0.005, 0.10500000000000001
0.885, 0.005, 0.10500000000000001
0.895, 0.005, 0.10500000000000001
0.905, 0.005, 0.10500000000000001
0.915, 0.005, 0.10500000000000001
0.925, 0.005, 0.10500000000000001
0.935, 0.005, 0.10500000000000001
0.9450000000000001, 0.005, 0.10500000000000001
0.9550000000000001, 0.005, 0.10500000000000001
0.965, 0.005, 0.10500000000000001
0.975, 0.005, 0.10500000000000001
0.985, 0.005, 0.10500000000000001
0.995, 0.005, 0.10500000000000001
1.005, 0.005, 0.10500000000000001
1.0150000000000001, 0.005, 0.10500000000000001
1.025, 0.005, 0.10500000000000001
1.0350000000000001, 0.005, 0.10500000000000001
1.045, 0.005, 0.10500000000000001
1.0550000000000002, 0.005, 0.10500000000000001
1.065, 0.005, 0.10500000000000001
1.0750000000000002, 0.005, 0.10500000000000001
1.085, 0.005, 0.10500000000000001
1.0950000000000002, 0.005, 0.10500000000000001
1.105, 0.005, 0.10500000000000001
1.1150000000000002, 0.005, 0.10500000000000001
1.125, 0.005, 0.10500000000000001
1.1350000000000002, 0.005, 0.10500000000000001
1.145, 0.005, 0.10500000000000001
1.155, 0.005, 0.10500000000000001
1.165, 0.005, 0.10500000000000001
1.1749999999999998, 0.005, 0.10500000000000001
1.185, 0.005, 0.10500000000000001
1.1949999999999998, 0.005, 0.10500000000000001
1.205, 0.005, 0.10500000000000001
1.2149999999999999, 0.005, 0.10500000000000001
1.225, 0.005, 0.10500000000000001
1.2349999999999999, 0.005, 0.10500000000000001
1.245, 0.005, 0.10500000000000001
1.255, 0.005, 0.10500000000000001
1.2650000000000001, 0.005, 0.10500000000000001
1.275, 0.005, 0.10500000000000001
1.2850000000000001, 0.005, 0.10500000000000001
1.295, 0.005, 0.10500000000000001
1.3050000000000002, 0.005, 0.10500000000000001
1.315, 0.005, 0.10500000000000001
1.3250000000000002, 0.005, 0.10500000000000001
1.335, 0.005, 0.10500000000000001
1.3450000000000002, 0.005, 0.10500000000000001
1.355, 0.005, 0.10500000000000001
1.3650000000000002, 0.005, 0.10500000000000001
1.375, 0.005, 0.10500000000000001
1.3850000000000002, 0.005, 0.10500000000000001
1.395, 0.005, 0.10500000000000001
1.405, 0.005, 0.10500000000000001
1.415, 0.005, 0.10500000000000001
1.4249999999999998, 0.005, 0.10500000000000001
1.435, 0.005, 0.10500000000000001
1.4449999999999998, 0.005, 0.10500000000000001
1.455, 0.005, 0.10500000000000001
1.4649999999999999, 0.005, 0.10500000000000001
1.475, 0.005, 0.10500000000000001
1.4849999999999999, 0.005, 0.10500000000000001
1.495, 0.005, 0.10500000000000001
1.505, 0.005, 0.10500000000000001
1.5150000000000001, 0.005, 0.10500000000000001
1.525, 0.005, 0.10500000000000001
1.5350000000000001, 0.005, 0.10500000000000001
1.545, 0.005, 0.10500000000000001
1.5550000000000002, 0.005, 0.10500000000000001
1.565, 0.005, 0.10500000000000001
1.5750000000000002, 0.005, 0.10500000000000001
1.585, 0.005, 0.10500000000000001
1.5950000000000002, 0.005, 0.10500000000000001
1.605, 0.005, 0.10500000000000001
1.6150000000000002, 0.005, 0.10500000000000001
1.625, 0.005, 0.10500000000000001
1.6350000000000002, 0.005, 0.10500000000000001
1.645, 0.005, 0.10500000000000001
1.6550000000000002, 0.005, 0.10500000000000001
1.665, 0.005, 0.10500000000000001
1.6749999999999998, 0.005, 0.10500000000000001
1.685, 0.005, 0.10500000000000001
1.6949999999999998, 0.005, 0.10500000000000001
1.705, 0.005, 0.10500000000000001
1.7149999999999999, 0.005, 0.10500000000000001
1.725, 0.005, 0.10500000000000001
1.7349999999999999, 0.005, 0.10500000000000001
1.745, 0.005, 0.10500000000000001
1.755, 0.005, 0.10500000000000001
1.7650000000000001, 0.005, 0.10500000000000001
1.775, 0.005, 0.10500000000000001
1.7850000000000001, 0.005, 0.10500000000000001
1.795, 0.005, 0.10500000000000001
1.8050000000000002, 0.005, 0.10500000000000001
1.815, 0.005, 0.10500000000000001
1.8250000000000002, 0.005, 0.10500000000000001
1.835, 0.005, 0.10500000000000001
1.8450000000000002, 0.005, 0.10500000000000001
1.855, 0.005, 0.10500000000000001
1.8650000000000002, 0.005, 0.10500000000000001
1.875, 0.005, 0.10500000000000001
1.8850000000000002, 0.005, 0.10500000000000001
1.895, 0.005, 0.10500000000000001
1.9050000000000002, 0.005, 0.10500000000000001
1.915, 0.005, 0.10500000000000001
1.9249999999999998, 0.005, 0.10500000000000001
1.935, 0.005, 0.10500000000000001
1.9449999999999998, 0.005, 0.10500000000000001
1.955, 0.005, 0.10500000000000001
1.9649999999999999, 0.005, 0.10500000000000001
1.975, 0.005, 0.10500000000000001
1.9849999999999999, 0.005, 0.10500000000000001
1.995, 0.005, 0.10500000000000001
2.005, 0.005, 0.10500000000000001
2.015, 0.005, 0.10500000000000001
2.0250000000000004, 0.005, 0.10500000000000001
2.035, 0.005, 0.10500000000000001
2.045, 0.005, 0.10500000000000001
2.0549999999999997, 0.005, 0.10500000000000001
2.065, 0.005, 0.10500000000000001
2.075, 0.005, 0.10500000000000001
2.085, 0.005, 0.10500000000000001
2.0949999999999998, 0.005, 0.10500000000000001
2.105, 0.005, 0.10500000000000001
2.115, 0.005, 0.10500000000000001
2.125, 0.005, 0.10500000000000001
2.135, 0.005, 0.10500000000000001
2.145, 0.005, 0.10500000000000001
2.1550000000000002, 0.005, 0.10500000000000001
2.165, 0.005, 0.10500000000000001
2.175, 0.005, 0.10500000000000001
2.185, 0.005, 0.10500000000000001
2.1950000000000003, 0.005, 0.10500000000000001
2.205, 0.005, 0.10500000000000001
2.215, 0.005, 0.10500000000000001
2.225, 0.005, 0.10500000000000001
2.2350000000000003, 0.005, 0.10500000000000001
2.245, 0.005, 0.10500000000000001
2.255, 0.005, 0.10500000000000001
2.265, 0.005, 0.10500000000000001
2.2750000000000004, 0.005, 0.10500000000000001
2.285, 0.005, 0.10500000000000001
2.295, 0.005, 0.10500000000000001
2.305, 0.005, 0.10500000000000001
2.315, 0.005, 0.10500000000000001
2.325, 0.005, 0.10500000000000001
2.335, 0.005, 0.10500000000000001
2.3449999999999998, 0.005, 0.10500000000000001
2.355, 0.005, 0.10500000000000001
2.365, 0.005, 0.10500000000000001
2.375, 0.005, 0.10500000000000001
2.385, 0.005, 0.10500000000000001
2.395, 0.005, 0.10500000000000001
2.4050000000000002, 0.005, 0.10500000000000001
2.415, 0.005, 0.10500000000000001
2.425, 0.005, 0.10500000000000001
2.435, 0.005, 0.10500000000000001
2.4450000000000003, 0.005, 0.10500000000000001
2.455, 0.005, 0.10500000000000001
2.465, 0.005, 0.10500000000000001
2.475, 0.005, 0.10500000000000001
2.4850000000000003, 0.005, 0.10500000000000001
2.495, 0.005, 0.10500000000000001
2.505, 0.005, 0.10500000000000001
2.515, 0.005, 0.10500000000000001
2.5250000000000004, 0.005, 0.10500000000000001
2.535, 0.005, 0.10500000000000001
2.545, 0.005, 0.10500000000000001
2.555, 0.005, 0.10500000000000001
2.565, 0.005, 0.10500000000000001
2.575, 0.005, 0.10500000000000001
2.585, 0.005, 0.10500000000000001
2.5949999999999998, 0.005, 0.10500000000000001
2.605, 0.005, 0.10500000000000001
2.615, 0.005, 0.10500000000000001
2.625, 0.005, 0.10500000000000001
2.635, 0.005, 0.10500000000000001
2.645, 0.005, 0.10500000000000001
2.6550000000000002, 0.005, 0.10500000000000001
2.665, 0.005, 0.10500000000000001
2.675, 0.005, 0.10500000000000001
2.685, 0.005, 0.10500000000000001
2.6950000000000003, 0.005, 0.10500000000000001
2.705, 0.005, 0.10500000000000001
2.715, 0.005, 0.10500000000000001
2.725, 0.005, 0.10500000000000001
2.7350000000000003, 0.005, 0.10500000000000001
2.745, 0.005, 0.10500000000000001
2.755, 0.005, 0.10500000000000001
2.765, 0.005, 0.10500000000000001
2.7750000000000004, 0.005, 0.10500000000000001
2.785, 0.005, 0.10500000000000001
2.795, 0.005, 0.10500000000000001
0.005, 0.005, 0.11499999999999999
0.015, 0.005, 0.11499999999999999
0.025, 0.005, 0.11499999999999999
0.035, 0.005, 0.11499999999999999
0.045, 0.005, 0.11499999999999999
0.055, 0.005, 0.11499999999999999
0.065, 0.005, 0.11499999999999999
0.07500000000000001, 0.005, 0.11499999999999999
0.08499999999999999, 0.005, 0.11499999999999999
0.095, 0.005, 0.11499999999999999
0.10500000000000001, 0.005, 0.11499999999999999
0.11499999999999999, 0.005, 0.11499999999999999
0.125, 0.005, 0.11499999999999999
0.135, 0.005, 0.11499999999999999
0.14500000000000002, 0.005, 0.11499999999999999
0.155, 0.005, 0.11499999999999999
0.165, 0.005, 0.11499999999999999
0.175, 0.005, 0.11499999999999999
0.185, 0.005, 0.11499999999999999
0.195, 0.005, 0.11499999999999999
0.20500000000000002, 0.005, 0.11499999999999999
0.215, 0.005, 0.11499999999999999
0.225, 0.005, 0.11499999999999999
0.235, 0.005, 0.11499999999999999
0.245, 0.005, 0.11499999999999999
0.255, 0.005, 0.11499999999999999
0.265, 0.005, 0.11499999999999999
0.275, 0.005, 0.11499999999999999
0.28500000000000003, 0.005, 0.11499999999999999
0.295, 0.005, 0.11499999999999999
0.305, 0.005, 0.11499999999999999
0.315, 0.005, 0.11499999999999999
0.325, 0.005, 0.11499999999999999
0.335, 0.005, 0.11499999999999999
0.34500000000000003, 0.005, 0.11499999999999999
0.355, 0.005, 0.11499999999999999
0.365, 0.005, 0.11499999999999999
0.375, 0.005, 0.11499999999999999
0.385, 0.005, 0.11499999999999999
0.395, 0.005, 0.11499999999999999
0.405, 0.005, 0.11499999999999999
0.41500000000000004, 0.005, 0.11499999999999999
0.425, 0.005, 0.11499999999999999
0.435, 0.005, 0.11499999999999999
0.445, 0.005, 0.11499999999999999
0.455, 0.005, 0.11499999999999999
0.465, 0.005, 0.11499999999999999
0.475, 0.005, 0.11499999999999999
0.485, 0.005, 0.11499999999999999
0.495, 0.005, 0.11499999999999999
0.505, 0.005, 0.11499999999999999
0.515, 0.005, 0.11499999999999999
0.525, 0.005, 0.11499999999999999
0.535, 0.005, 0.11499999999999999
0.545, 0.005, 0.11499999999999999
0.555, 0.005, 0.11499999999999999
0.5650000000000001, 0.005, 0.11499999999999999
0.575, 0.005, 0.11499999999999999
0.585, 0.005, 0.11499999999999999
0.595, 0.005, 0.11499999999999999
0.605, 0.005, 0.11499999999999999
0.615, 0.005, 0.11499999999999999
0.625, 0.005, 0.11499999999999999
0.635, 0.005, 0.11499999999999999
0.645, 0.005, 0.11499999999999999
0.655, 0.005, 0.11499999999999999
0.665, 0.005, 0.11499999999999999
0.675, 0.005, 0.11499999999999999
0.685, 0.005, 0.11499999999999999
0.6950000000000001, 0.005, 0.11499999999999999
0.7050000000000001, 0.005, 0.11499999999999999
0.715, 0.005, 0.11499999999999999
0.725, 0.005, 0.11499999999999999
0.735, 0.005, 0.11499999999999999
0.745, 0.005, 0.11499999999999999
0.755, 0.005, 0.11499999999999999
0.765, 0.005, 0.11499999999999999
0.775, 0.005, 0.11499999999999999
0.785, 0.005, 0.11499999999999999
0.795, 0.005, 0.11499999999999999
0.805, 0.005, 0.11499999999999999
0.8150000000000001, 0.005, 0.11499999999999999
0.8250000000000001, 0.005, 0.11499999999999999
0.835, 0.005, 0.11499999999999999
0.845, 0.005, 0.11499999999999999
0.855, 0.005, 0.11499999999999999
0.865, 0.005, 0.11499999999999999
0.875, 0.005, 0.11499999999999999
0.885, 0.005, 0.11499999999999999
0.895, 0.005, 0.11499999999999999
0.905, 0.005, 0.11499999999999999
0.915, 0.005, 0.11499999999999999
0.925, 0.005, 0.11499999999999999
0.935, 0.005, 0.11499999999999999
0.9450000000000001, 0.005, 0.11499999999999999
0.9550000000000001, 0.005, 0.11499999999999999
0.965, 0.005, 0.11499999999999999
0.975, 0.005, 0.11499999999999999
0.985, 0.005, 0.11499999999999999
0.995, 0.005, 0.11499999999999999
1.005, 0.005, 0.11499999999999999
1.0150000000000001, 0.005, 0.11499999999999999
1.025, 0.005, 0.11499999999999999
1.0350000000000001, 0.005, 0.11499999999999999
1.045, 0.005, 0.11499999999999999
1.0550000000000002, 0.005, 0.11499999999999999
1.065, 0.005, 0.11499999999999999
1.0750000000000002, 0.005, 0.11499999999999999
1.085, 0.005, 0.11499999999999999
1.0950000000000002, 0.005, 0.11499999999999999
1.105, 0.005, 0.11499999999999999
1.1150000000000002, 0.005, 0.11499999999999999
1.125, 0.005, 0.11499999999999999
1.1350000000000002, 0.005, 0.11499999999999999
1.145, 0.005, 0.11499999999999999
1.155, 0.005, 0.11499999999999999
1.165, 0.005, 0.11499999999999999
1.1749999999999998, 0.005, 0.11499999999999999
1.185, 0.005, 0.11499999999999999
1.1949999999999998, 0.005, 0.11499999999999999
1.205, 0.005, 0.11499999999999999
1.2149999999999999, 0.005, 0.11499999999999999
1.225, 0.005, 0.11499999999999999
1.2349999999999999, 0.005, 0.11499999999999999
1.245, 0.005, 0.11499999999999999
1.255, 0.005, 0.11499999999999999
1.2650000000000001, 0.005, 0.11499999999999999
1.275, 0.005, 0.11499999999999999
1.2850000000000001, 0.005, 0.11499999999999999
1.295, 0.005, 0.11499999999999999
1.3050000000000002, 0.005, 0.11499999999999999
1.315, 0.005, 0.11499999999999999
1.3250000000000002, 0.005, 0.11499999999999999
1.335, 0.005, 0.11499999999999999
1.3450000000000002, 0.005, 0.11499999999999999
1.355, 0.005, 0.11499999999999999
1.3650000000000002, 0.005, 0.11499999999999999
1.375, 0.005, 0.11499999999999999
1.3850000000000002, 0.005, 0.11499999999999999
1.395, 0.005, 0.11499999999999999
1.405, 0.005, 0.11499999999999999
1.415, 0.005, 0.11499999999999999
1.4249999999999998, 0.005, 0.11499999999999999
1.435, 0.005, 0.11499999999999999
1.4449999999999998, 0.005, 0.11499999999999999
1.455, 0.005, 0.11499999999999999
1.4649999999999999, 0.005, 0.11499999999999999
1.475, 0.005, 0.11499999999999999
1.4849999999999999, 0.005, 0.11499999999999999
1.495, 0.005, 0.11499999999999999
1.505, 0.005, 0.11499999999999999
1.5150000000000001, 0.005, 0.11499999999999999
1.525, 0.005, 0.11499999999999999
1.5350000000000001, 0.005, 0.11499999999999999
1.545, 0.005, 0.11499999999999999
1.5550000000000002, 0.005, 0.11499999999999999
1.565, 0.005, 0.11499999999999999
1.5750000000000002, 0.005, 0.11499999999999999
1.585, 0.005, 0.11499999999999999
1.5950000000000002, 0.005, 0.11499999999999999
1.605, 0.005, 0.11499999999999999
1.6150000000000002, 0.005, 0.11499999999999999
1.625, 0.005, 0.11499999999999999
1.6350000000000002, 0.005, 0.11499999999999999
1.645, 0.005, 0.11499999999999999
1.6550000000000002, 0.005, 0.11499999999999999
1.665, 0.005, 0.11499999999999999
1.6749999999999998, 0.005, 0.11499999999999999
1.685, 0.005, 0.11499999999999999
1.6949999999999998, 0.005, 0.11499999999999999
1.705, 0.005, 0.11499999999999999
1.7149999999999999, 0.005, 0.11499999999999999
1.725, 0.005, 0.11499999999999999
1.7349999999999999, 0.005, 0.11499999999999999
1.745, 0.005, 0.11499999999999999
1.755, 0.005, 0.11499999999999999
1.7650000000000001, 0.005, 0.11499999999999999
1.775, 0.005, 0.11499999999999999
1.7850000000000001, 0.005, 0.11499999999999999
1.795, 0.005, 0.11499999999999999
1.8050000000000002, 0.005, 0.11499999999999999
1.815, 0.005, 0.11499999999999999
1.8250000000000002, 0.005, 0.11499999999999999
1.835, 0.005, 0.11499999999999999
1.8450000000000002, 0.005, 0.11499999999999999
1.855, 0.005, 0.11499999999999999
1.8650000000000002, 0.005, 0.11499999999999999
1.875, 0.005, 0.11499999999999999
1.8850000000000002, 0.005, 0.11499999999999999
1.895, 0.005, 0.11499999999999999
1.9050000000000002, 0.005, 0.11499999999999999
1.915, 0.005, 0.11499999999999999
1.9249999999999998, 0.005, 0.11499999999999999
1.935, 0.005, 0.11499999999999999
1.9449999999999998, 0.005, 0.11499999999999999
1.955, 0.005, 0.11499999999999999
1.9649999999999999, 0.005, 0.11499999999999999
1.975, 0.005, 0.11499999999999999
1.9849999999999999, 0.005, 0.11499999999999999
1.995, 0.005, 0.11499999999999999
2.005, 0.005, 0.11499999999999999
2.015, 0.005, 0.11499999999999999
2.0250000000000004, 0.005, 0.11499999999999999
2.035, 0.005, 0.11499999999999999
2.045, 0.005, 0.11499999999999999
2.0549999999999997, 0.005, 0.11499999999999999
2.065, 0.005, 0.11499999999999999
2.075, 0.005, 0.11499999999999999
2.085, 0.005, 0.11499999999999999
2.0949999999999998, 0.005, 0.11499999999999999
2.105, 0.005, 0.11499999999999999
2.115, 0.005, 0.11499999999999999
2.125, 0.005, 0.11499999999999999
2.135, 0.005, 0.11499999999999999
2.145, 0.005, 0.11499999999999999
2.1550000000000002, 0.005, 0.11499999999999999
2.165, 0.005, 0.11499999999999999
2.175, 0.005, 0.11499999999999999
2.185, 0.005, 0.11499999999999999
2.1950000000000003, 0.005, 0.11499999999999999
2.205, 0.005, 0.11499999999999999
2.215, 0.005, 0.11499999999999999
2.225, 0.005, 0.11499999999999999
2.2350000000000003, 0.005, 0.11499999999999999
2.245, 0.005, 0.11499999999999999
2.255, 0.005, 0.11499999999999999
2.265, 0.005, 0.11499999999999999
2.2750000000000004, 0.005, 0.11499999999999999
2.285, 0.005, 0.11499999999999999
2.295, 0.005, 0.11499999999999999
2.305, 0.005, 0.11499999999999999
2.315, 0.005, 0.11499999999999999
2.325, 0.005, 0.11499999999999999
2.335, 0.005, 0.11499999999999999
2.3449999999999998, 0.005, 0.11499999999999999
2.355, 0.005, 0.11499999999999999
2.365, 0.005, 0.11499999999999999
2.375, 0.005, 0.11499999999999999
2.385, 0.005, 0.11499999999999999
2.395, 0.005, 0.11499999999999999
2.4050000000000002, 0.005, 0.11499999999999999
2.415, 0.005, 0.11499999999999999
2.425, 0.005, 0.11499999999999999
2.435, 0.005, 0.11499999999999999
2.4450000000000003, 0.005, 0.11499999999999999
2.455, 0.005, 0.11499999999999999
2.465, 0.005, 0.11499999999999999
2.475, 0.005, 0.11499999999999999
2.4850000000000003, 0.005, 0.11499999999999999
2.495, 0.005, 0.11499999999999999
2.505, 0.005, 0.11499999999999999
2.515, 0.005, 0.11499999999999999
2.5250000000000004, 0.005, 0.11499999999999999
2.535, 0.005, 0.11499999999999999
2.545, 0.005, 0.11499999999999999
2.555, 0.005, 0.11499999999999999
2.565, 0.005, 0.11499999999999999
2.575, 0.005, 0.11499999999999999
2.585, 0.005, 0.11499999999999999
2.5949999999999998, 0.005, 0.11499999999999999
2.605, 0.005, 0.11499999999999999
2.615, 0.005, 0.11499999999999999
2.625, 0.005, 0.11499999999999999
2.635, 0.005, 0.11499999999999999
2.645, 0.005, 0.11499999999999999
2.6550000000000002, 0.005, 0.11499999999999999
2.665, 0.005, 0.11499999999999999
2.675, 0.005, 0.11499999999999999
2.685, 0.005, 0.11499999999999999
2.6950000000000003, 0.005, 0.11499999999999999
2.705, 0.005, 0.11499999999999999
2.715, 0.005, 0.11499999999999999
2.725, 0.005, 0.11499999999999999
2.7350000000000003, 0.005, 0.11499999999999999
2.745, 0.005, 0.11499999999999999
2.755, 0.005, 0.11499999999999999
2.765, 0.005, 0.11499999999999999
2.7750000000000004, 0.005, 0.11499999999999999
2.785, 0.005, 0.11499999999999999
2.795, 0.005, 0.11499999999999999
0.005, 0.005, 0.125
0.015, 0.005, 0.125
0.025, 0.005, 0.125
0.035, 0.005, 0.125
0.045, 0.005, 0.125
0.055, 0.005, 0.125
0.065, 0.005, 0.125
0.07500000000000001, 0.005, 0.125
0.08499999999999999, 0.005, 0.125
0.095, 0.005, 0.125
0.10500000000000001, 0.005, 0.125
0.11499999999999999, 0.005, 0.125
0.125, 0.005, 0.125
0.135, 0.005, 0.125
0.14500000000000002, 0.005, 0.125
0.155, 0.005, 0.125
0.165, 0.005, 0.125
0.175, 0.005, 0.125
0.185, 0.005, 0.125
0.195, 0.005, 0.125
0.20500000000000002, 0.005, 0.125
0.215, 0.005, 0.125
0.225, 0.005, 0.125
0.235, 0.005, 0.125
0.245, 0.005, 0.125
0.255, 0.005, 0.125
0.265, 0.005, 0.125
0.275, 0.005, 0.125
0.28500000000000003, 0.005, 0.125
0.295, 0.005, 0.125
0.305, 0.005, 0.125
0.315, 0.005, 0.125
0.325, 0.005, 0.125
0.335, 0.005, 0.125
0.34500000000000003, 0.005, 0.125
0.355, 0.005, 0.125
0.365, 0.005, 0.125
0.375, 0.005, 0.125
0.385, 0.005, 0.125
0.395, 0.005, 0.125
0.405, 0.005, 0.125
0.41500000000000004, 0.005, 0.125
0.425, 0.005, 0.125
0.435, 0.005, 0.125
0.445, 0.005, 0.125
0.455, 0.005, 0.125
0.465, 0.005, 0.125
0.475, 0.005, 0.125
0.485, 0.005, 0.125
0.495, 0.005, 0.125
0.505, 0.005, 0.125
0.515, 0.005, 0.125
0.525, 0.005, 0.125
0.535, 0.005, 0.125
0.545, 0.005, 0.125
0.555, 0.005, 0.125
0.5650000000000001, 0.005, 0.125
0.575, 0.005, 0.125
0.585, 0.005, 0.125
0.595, 0.005, 0.125
0.605, 0.005, 0.125
0.615, 0.005, 0.125
0.625, 0.005, 0.125
0.635, 0.005, 0.125
0.645, 0.005, 0.125
0.655, 0.005, 0.125
0.665, 0.005, 0.125
0.675, 0.005, 0.125
0.685, 0.005, 0.125
0.6950000000000001, 0.005, 0.125
0.7050000000000001, 0.005, 0.125
0.715, 0.005, 0.125
0.725, 0.005, 0.125
0.735, 0.005, 0.125
0.745, 0.005, 0.125
0.755, 0.005, 0.125
0.765, 0.005, 0.125
0.775, 0.005, 0.125
0.785, 0.005, 0.125
0.795, 0.005, 0.125
0.805, 0.005, 0.125
0.8150000000000001, 0.005, 0.125
0.8250000000000001, 0.005, 0.125
0.835, 0.005, 0.125
0.845, 0.005, 0.125
0.855, 0.005, 0.125
0.865, 0.005, 0.125
0.875, 0.005, 0.125
0.885, 0.005, 0.125
0.895, 0.005, 0.125
0.905, 0.005, 0.125
0.915, 0.005, 0.125
0.925, 0.005, 0.125
0.935, 0.005, 0.125
0.9450000000000001, 0.005, 0.125
0.9550000000000001, 0.005, 0.125
0.965, 0.005, 0.125
0.975, 0.005, 0.125
0.985, 0.005, 0.125
0.995, 0.005, 0.125
1.005, 0.005, 0.125
1.0150000000000001, 0.005, 0.125
1.025, 0.005, 0.125
1.0350000000000001, 0.005, 0.125
1.045, 0.005, 0.125
1.0550000000000002, 0.005, 0.125
1.065, 0.005, 0.125
1.0750000000000002, 0.005, 0.125
1.085, 0.005, 0.125
1.0950000000000002, 0.005, 0.125
1.105, 0.005, 0.125
1.1150000000000002, 0.005, 0.125
1.125, 0.005, 0.125
1.1350000000000002, 0.005, 0.125
1.145, 0.005, 0.125
1.155, 0.005, 0.125
1.165, 0.005, 0.125
1.1749999999999998, 0.005, 0.125
1.185, 0.005, 0.125
1.1949999999999998, 0.005, 0.125
1.205, 0.005, 0.125
1.2149999999999999, 0.005, 0.125
1.225, 0.005, 0.125
1.2349999999999999, 0.005, 0.125
1.245, 0.005, 0.125
1.255, 0.005, 0.125
1.2650000000000001, 0.005, 0.125
1.275, 0.005, 0.125
1.2850000000000001, 0.005, 0.125
1.295, 0.005, 0.125
1.3050000000000002, 0.005, 0.125
1.315, 0.005, 0.125
1.3250000000000002, 0.005, 0.125
1.335, 0.005, 0.125
1.3450000000000002, 0.005, 0.125
1.355, 0.005, 0.125
1.3650000000000002, 0.005, 0.125
1.375, 0.005, 0.125
1.3850000000000002, 0.005, 0.125
1.395, 0.005, 0.125
1.405, 0.005, 0.125
1.415, 0.005, 0.125
1.4249999999999998, 0.005, 0.125
1.435, 0.005, 0.125
1.4449999999999998, 0.005, 0.125
1.455, 0.005, 0.125
1.4649999999999999, 0.005, 0.125
1.475, 0.005, 0.125
1.4849999999999999, 0.005, 0.125
1.495, 0.005, 0.125
1.505, 0.005, 0.125
1.5150000000000001, 0.005, 0.125
1.525, 0.005, 0.125
1.5350000000000001, 0.005, 0.125
1.545, 0.005, 0.125
1.5550000000000002, 0.005, 0.125
1.565, 0.005, 0.125
1.5750000000000002, 0.005, 0.125
1.585, 0.005, 0.125
1.5950000000000002, 0.005, 0.125
1.605, 0.005, 0.125
1.6150000000000002, 0.005, 0.125
1.625, 0.005, 0.125
1.6350000000000002, 0.005, 0.125
1.645, 0.005, 0.125
1.6550000000000002, 0.005, 0.125
1.665, 0.005, 0.125
1.6749999999999998, 0.005, 0.125
1.685, 0.005, 0.125
1.6949999999999998, 0.005, 0.125
1.705, 0.005, 0.125
1.7149999999999999, 0.005, 0.125
1.725, 0.005, 0.125
1.7349999999999999, 0.005, 0.125
1.745, 0.005, 0.125
1.755, 0.005, 0.125
1.7650000000000001, 0.005, 0.125
1.775, 0.005, 0.125
1.7850000000000001, 0.005, 0.125
1.795, 0.005, 0.125
1.8050000000000002, 0.005, 0.125
1.815, 0.005, 0.125
1.8250000000000002, 0.005, 0.125
1.835, 0.005, 0.125
1.8450000000000002, 0.005, 0.125
1.855, 0.005, 0.125
1.8650000000000002, 0.005, 0.125
1.875, 0.005, 0.125
1.8850000000000002, 0.005, 0.125
1.895, 0.005, 0.125
1.9050000000000002, 0.005, 0.125
1.915, 0.005, 0.125
1.9249999999999998, 0.005, 0.125
1.935, 0.005, 0.125
1.9449999999999998, 0.005, 0.125
1.955, 0.005, 0.125
1.9649999999999999, 0.005, 0.125
1.975, 0.005, 0.125
1.9849999999999999, 0.005, 0.125
1.995, 0.005, 0.125
2.005, 0.005, 0.125
2.015, 0.005, 0.125
2.0250000000000004, 0.005, 0.125
2.035, 0.005, 0.125
2.045, 0.005, 0.125
2.0549999999999997, 0.005, 0.125
2.065, 0.005, 0.125
2.075, 0.005, 0.125
2.085, 0.005, 0.125
2.0949999999999998, 0.005, 0.125
2.105, 0.005, 0.125
2.115, 0.005, 0.125
2.125, 0.005, 0.125
2.135, 0.005, 0.125
2.145, 0.005, 0.125
2.1550000000000002, 0.005, 0.125
2.165, 0.005, 0.125
2.175, 0.005, 0.125
2.185, 0.005, 0.125
2.1950000000000003, 0.005, 0.125
2.205, 0.005, 0.125
2.215, 0.005, 0.125
2.225, 0.005, 0.125
2.2350000000000003, 0.005, 0.125
2.245, 0.005, 0.125
2.255, 0.005, 0.125
2.265, 0.005, 0.125
2.2750000000000004, 0.005, 0.125
2.285, 0.005, 0.125
2.295, 0.005, 0.125
2.305, 0.005, 0.125
2.315, 0.005, 0.125
2.325, 0.005, 0.125
2.335, 0.005, 0.125
2.3449999999999998, 0.005, 0.125
2.355, 0.005, 0.125
2.365, 0.005, 0.125
2.375, 0.005, 0.125
2.385, 0.005, 0.125
2.395, 0.005, 0.125
2.4050000000000002, 0.005, 0.125
2.415, 0.005, 0.125
2.425, 0.005, 0.125
2.435, 0.005, 0.125
2.4450000000000003, 0.005, 0.125
2.455, 0.005, 0.125
2.465, 0.005, 0.125
2.475, 0.005, 0.125
2.4850000000000003, 0.005, 0.125
2.495, 0.005, 0.125
2.505, 0.005, 0.125
2.515, 0.005, 0.125
2.5250000000000004, 0.005, 0.125
2.535, 0.005, 0.125
2.545, 0.005, 0.125
2.555, 0.005, 0.125
2.565, 0.005, 0.125
2.575, 0.005, 0.125
2.585, 0.005, 0.125
2.5949999999999998, 0.005, 0.125
2.605, 0.005, 0.125
2.615, 0.005, 0.125
2.625, 0.005, 0.125
2.635, 0.005, 0.125
2.645, 0.005, 0.125
2.6550000000000002, 0.005, 0.125
2.665, 0.005, 0.125
2.675, 0.005, 0.125
2.685, 0.005, 0.125
2.6950000000000003, 0.005, 0.125
2.705, 0.005, 0.125
2.715, 0.005, 0.125
2.725, 0.005, 0.125
2.7350000000000003, 0.005, 0.125
2.745, 0.005, 0.125
2.755, 0.005, 0.125
2.765, 0.005, 0.125
2.7750000000000004, 0.005, 0.125
2.785, 0.005, 0.125
2.795, 0.005, 0.125
0.005, 0.005, 0.135
0.015, 0.005, 0.135
0.025, 0.005, 0.135
0.035, 0.005, 0.135
0.045, 0.005, 0.135
0.055, 0.005, 0.135
0.065, 0.005, 0.135
0.07500000000000001, 0.005, 0.135
0.08499999999999999, 0.005, 0.135
0.095, 0.005, 0.135
0.10500000000000001, 0.005, 0.135
0.11499999999999999, 0.005, 0.135
0.125, 0.005, 0.135
0.135, 0.005, 0.135
0.14500000000000002, 0.005, 0.135
0.155, 0.005, 0.135
0.165, 0.005, 0.135
0.175, 0.005, 0.135
0.185, 0.005, 0.135
0.195, 0.005, 0.135
0.20500000000000002, 0.005, 0.135
0.215, 0.005, 0.135
0.225, 0.005, 0.135
0.235, 0.005, 0.135
0.245, 0.005, 0.135
0.255, 0.005, 0.135
0.265, 0.005, 0.135
0.275, 0.005, 0.135
0.28500000000000003, 0.005, 0.135
0.295, 0.005, 0.135
0.305, 0.005, 0.135
0.315, 0.005, 0.135
0.325, 0.005, 0.135
0.335, 0.005, 0.135
0.34500000000000003, 0.005, 0.135
0.355, 0.005, 0.135
0.365, 0.005, 0.135
0.375, 0.005, 0.135
0.385, 0.005, 0.135
0.395, 0.005, 0.135
0.405, 0.005, 0.135
0.41500000000000004, 0.005, 0.135
0.425, 0.005, 0.135
0.435, 0.005, 0.135
0.445, 0.005, 0.135
0.455, 0.005, 0.135
0.465, 0.005, 0.135
0.475, 0.005, 0.135
0.485, 0.005, 0.135
0.495, 0.005, 0.135
0.505, 0.005, 0.135
0.515, 0.005, 0.135
0.525, 0.005, 0.135
0.535, 0.005, 0.135
0.545, 0.005, 0.135
0.555, 0.005, 0.135
0.5650000000000001, 0.005, 0.135
0.575, 0.005, 0.135
0.585, 0.005, 0.135
0.595, 0.005, 0.135
0.605, 0.005, 0.135
0.615, 0.005, 0.135
0.625, 0.005, 0.135
0.635, 0.005, 0.135
0.645, 0.005, 0.135
0.655, 0.005, 0.135
0.665, 0.005, 0.135
0.675, 0.005, 0.135
0.685, 0.005, 0.135
0.6950000000000001, 0.005, 0.135
0.7050000000000001, 0.005, 0.135
0.715, 0.005, 0.135
0.725, 0.005, 0.135
0.735, 0.005, 0.135
0.745, 0.005, 0.135
0.755, 0.005, 0.135
0.765, 0.005, 0.135
0.775, 0.005, 0.135
0.785, 0.005, 0.135
0.795, 0.005, 0.135
0.805, 0.005, 0.135
0.8150000000000001, 0.005, 0.135
0.8250000000000001, 0.005, 0.135
0.835, 0.005, 0.135
0.845, 0.005, 0.135
0.855, 0.005, 0.135
0.865, 0.005, 0.135
0.875, 0.005, 0.135
0.885, 0.005, 0.135
0.895, 0.005, 0.135
0.905, 0.005, 0.135
0.915, 0.005, 0.135
0.925, 0.005, 0.135
0.935, 0.005, 0.135
0.9450000000000001, 0.005, 0.135
0.9550000000000001, 0.005, 0.135
0.965, 0.005, 0.135
0.975, 0.005, 0.135
0.985, 0.005, 0.135
0.995, 0.005, 0.135
1.005, 0.005, 0.135
1.0150000000000001, 0.005, 0.135
1.025, 0.005, 0.135
1.0350000000000001, 0.005, 0.135
1.045, 0.005, 0.135
1.0550000000000002, 0.005, 0.135
1.065, 0.005, 0.135
1.0750000000000002, 0.005, 0.135
1.085, 0.005, 0.135
1.0950000000000002, 0.005, 0.135
1.105, 0.005, 0.135
1.1150000000000002, 0.005, 0.135
1.125, 0.005, 0.135
1.1350000000000002, 0.005, 0.135
1.145, 0.005, 0.135
1.155, 0.005, 0.135
1.165, 0.005, 0.135
1.1749999999999998, 0.005, 0.135
1.185, 0.005, 0.135
1.1949999999999998, 0.005, 0.135
1.205, 0.005, 0.135
1.2149999999999999, 0.005, 0.135
1.225, 0.005, 0.135
1.2349999999999999, 0.005, 0.135
1.245, 0.005, 0.135
1.255, 0.005, 0.135
1.2650000000000001, 0.005, 0.135
1.275, 0.005, 0.135
1.2850000000000001, 0.005, 0.135
1.295, 0.005, 0.135
1.3050000000000002, 0.005, 0.135
1.315, 0.005, 0.135
1.3250000000000002, 0.005, 0.135
1.335, 0.005, 0.135
1.3450000000000002, 0.005, 0.135
1.355, 0.005, 0.135
1.3650000000000002, 0.005, 0.135
1.375, 0.005, 0.135
1.3850000000000002, 0.005, 0.135
1.395, 0.005, 0.135
1.405, 0.005, 0.135
1.415, 0.005, 0.135
1.4249999999999998, 0.005, 0.135
1.435, 0.005, 0.135
1.4449999999999998, 0.005, 0.135
1.455, 0.005, 0.135
1.4649999999999999, 0.005, 0.135
1.475, 0.005, 0.135
1.4849999999999999, 0.005, 0.135
1.495, 0.005, 0.135
1.505, 0.005, 0.135
1.5150000000000001, 0.005, 0.135
1.525, 0.005, 0.135
1.5350000000000001, 0.005, 0.135
1.545, 0.005, 0.135
1.5550000000000002, 0.005, 0.135
1.565, 0.005, 0.135
1.5750000000000002, 0.005, 0.135
1.585, 0.005, 0.135
1.5950000000000002, 0.005, 0.135
1.605, 0.005, 0.135
1.6150000000000002, 0.005, 0.135
1.625, 0.005, 0.135
1.6350000000000002, 0.005, 0.135
1.645, 0.005, 0.135
1.6550000000000002, 0.005, 0.135
1.665, 0.005, 0.135
1.6749999999999998, 0.005, 0.135
1.685, 0.005, 0.135
1.6949999999999998, 0.005, 0.135
1.705, 0.005, 0.135
1.7149999999999999, 0.005, 0.135
1.725, 0.005, 0.135
1.7349999999999999, 0.005, 0.135
1.745, 0.005, 0.135
1.755, 0.005, 0.135
1.7650000000000001, 0.005, 0.135
1.775, 0.005, 0.135
1.7850000000000001, 0.005, 0.135
1.795, 0.005, 0.135
1.8050000000000002, 0.005, 0.135
1.815, 0.005, 0.135
1.8250000000000002, 0.005, 0.135
1.835, 0.005, 0.135
1.8450000000000002, 0.005, 0.135
1.855, 0.005, 0.135
1.8650000000000002, 0.005, 0.135
1.875, 0.005, 0.135
1.8850000000000002, 0.005, 0.135
1.895, 0.005, 0.135
1.9050000000000002, 0.005, 0.135
1.915, 0.005, 0.135
1.9249999999999998, 0.005, 0.135
1.935, 0.005, 0.135
1.9449999999999998, 0.005, 0.135
1.955, 0.005, 0.135
1.9649999999999999, 0.005, 0.135
1.975, 0.005, 0.135
1.9849999999999999, 0.005, 0.135
1.995, 0.005, 0.135
2.005, 0.005, 0.135
2.015, 0.005, 0.135
2.0250000000000004, 0.005, 0.135
2.035, 0.005, 0.135
2.045, 0.005, 0.135
2.0549999999999997, 0.005, 0.135
2.065, 0.005, 0.135
2.075, 0.005, 0.135
2.085, 0.005, 0.135
2.0949999999999998, 0.005, 0.135
2.105, 0.005, 0.135
2.115, 0.005, 0.135
2.125, 0.005, 0.135
2.135, 0.005, 0.135
2.145, 0.005, 0.135
2.1550000000000002, 0.005, 0.135
2.165, 0.005, 0.135
2.175, 0.005, 0.135
2.185, 0.005, 0.135
2.1950000000000003, 0.005, 0.135
2.205, 0.005, 0.135
2.215, 0.005, 0.135
2.225, 0.005, 0.135
2.2350000000000003, 0.005, 0.135
2.245, 0.005, 0.135
2.255, 0.005, 0.135
2.265, 0.005, 0.135
2.2750000000000004, 0.005, 0.135
2.285, 0.005, 0.135
2.295, 0.005, 0.135
2.305, 0.005, 0.135
2.315, 0.005, 0.135
2.325, 0.005, 0.135
2.335, 0.005, 0.135
2.3449999999999998, 0.005, 0.135
2.355, 0.005, 0.135
2.365, 0.005, 0.135
2.375, 0.005, 0.135
2.385, 0.005, 0.135
2.395, 0.005, 0.135
2.4050000000000002, 0.005, 0.135
2.415, 0.005, 0.135
2.425, 0.005, 0.135
2.435, 0.005, 0.135
2.4450000000000003, 0.005, 0.135
2.455, 0.005, 0.135
2.465, 0.005, 0.135
2.475, 0.005, 0.135
2.4850000000000003, 0.005, 0.135
2.495, 0.005, 0.135
2.505, 0.005, 0.135
2.515, 0.005, 0.135
2.5250000000000004, 0.005, 0.135
2.535, 0.005, 0.135
2.545, 0.005, 0.135
2.555, 0.005, 0.135
2.565, 0.005, 0.135
2.575, 0.005, 0.135
2.585, 0.005, 0.135
2.5949999999999998, 0.005, 0.135
2.605, 0.005, 0.135
2.615, 0.005, 0.135
2.625, 0.005, 0.135
2.635, 0.005, 0.135
2.645, 0.005, 0.135
2.6550000000000002, 0.005, 0.135
2.665, 0.005, 0.135
2.675, 0.005, 0.135
2.685, 0.005, 0.135
2.6950000000000003, 0.005, 0.135
2.705, 0.005, 0.135
2.715, 0.005, 0.135
2.725, 0.005, 0.135
2.7350000000000003, 0.005, 0.135
2.745, 0.005, 0.135
2.755, 0.005, 0.135
2.765, 0.005, 0.135
2.7750000000000004, 0.005, 0.135
2.785, 0.005, 0.135
2.795, 0.005, 0.135
0.005, 0.005, 0.14500000000000002
0.015, 0.005, 0.14500000000000002
0.025, 0.005, 0.14500000000000002
0.035, 0.005, 0.14500000000000002
0.045, 0.005, 0.14500000000000002
0.055, 0.005, 0.14500000000000002
0.065, 0.005, 0.14500000000000002
0.07500000000000001, 0.005, 0.14500000000000002
0.08499999999999999, 0.005, 0.14500000000000002
0.095, 0.005, 0.14500000000000002
0.10500000000000001, 0.005, 0.14500000000000002
0.11499999999999999, 0.005, 0.14500000000000002
0.125, 0.005, 0.14500000000000002
0.135, 0.005, 0.14500000000000002
0.14500000000000002, 0.005, 0.14500000000000002
0.155, 0.005, 0.14500000000000002
0.165, 0.005, 0.14500000000000002
0.175, 0.005, 0.14500000000000002
0.185, 0.005, 0.14500000000000002
0.195, 0.005, 0.14500000000000002
0.20500000000000002, 0.005, 0.14500000000000002
0.215, 0.005, 0.14500000000000002
0.225, 0.005, 0.14500000000000002
0.235, 0.005, 0.14500000000000002
0.245, 0.005, 0.14500000000000002
0.255, 0.005, 0.14500000000000002
0.265, 0.005, 0.14500000000000002
0.275, 0.005, 0.14500000000000002
0.28500000000000003, 0.005, 0.14500000000000002
0.295, 0.005, 0.14500000000000002
0.305, 0.005, 0.14500000000000002
0.315, 0.005, 0.14500000000000002
0.325, 0.005, 0.14500000000000002
0.335, 0.005, 0.14500000000000002
0.34500000000000003, 0.005, 0.14500000000000002
0.355, 0.005, 0.14500000000000002
0.365, 0.005, 0.14500000000000002
0.375, 0.005, 0.14500000000000002
0.385, 0.005, 0.14500000000000002
0.395, 0.005, 0.14500000000000002
0.405, 0.005, 0.14500000000000002
0.41500000000000004, 0.005, 0.14500000000000002
0.425, 0.005, 0.14500000000000002
0.435, 0.005, 0.14500000000000002
0.445, 0.005, 0.14500000000000002
0.455, 0.005, 0.14500000000000002
0.465, 0.005, 0.14500000000000002
0.475, 0.005, 0.14500000000000002
0.485, 0.005, 0.14500000000000002
0.495, 0.005, 0.14500000000000002
0.505, 0.005, 0.14500000000000002
0.515, 0.005, 0.14500000000000002
0.525, 0.005, 0.14500000000000002
0.535, 0.005, 0.14500000000000002
0.545, 0.005, 0.14500000000000002
0.555, 0.005, 0.14500000000000002
0.5650000000000001, 0.005, 0.14500000000000002
0.575, 0.005, 0.14500000000000002
0.585, 0.005, 0.14500000000000002
0.595, 0.005, 0.14500000000000002
0.605, 0.005, 0.14500000000000002
0.615, 0.005, 0.14500000000000002
0.625, 0.005, 0.14500000000000002
0.635, 0.005, 0.14500000000000002
0.645, 0.005, 0.14500000000000002
0.655, 0.005, 0.14500000000000002
0.665, 0.005, 0.14500000000000002
0.675, 0.005, 0.14500000000000002
0.685, 0.005, 0.14500000000000002
0.6950000000000001, 0.005, 0.14500000000000002
0.7050000000000001, 0.005, 0.14500000000000002
0.715, 0.005, 0.14500000000000002
0.725, 0.005, 0.14500000000000002
0.735, 0.005, 0.14500000000000002
0.745, 0.005, 0.14500000000000002
0.755, 0.005, 0.14500000000000002
0.765, 0.005, 0.14500000000000002
0.775, 0.005, 0.14500000000000002
0.785, 0.005, 0.14500000000000002
0.795, 0.005, 0.14500000000000002
0.805, 0.005, 0.14500000000000002
0.8150000000000001, 0.005, 0.14500000000000002
0.8250000000000001, 0.005, 0.14500000000000002
0.835, 0.005, 0.14500000000000002
0.845, 0.005, 0.14500000000000002
0.855, 0.005, 0.14500000000000002
0.865, 0.005, 0.14500000000000002
0.875, 0.005, 0.14500000000000002
0.885, 0.005, 0.14500000000000002
0.895, 0.005, 0.14500000000000002
0.905, 0.005, 0.14500000000000002
0.915, 0.005, 0.14500000000000002
0.925, 0.005, 0.14500000000000002
0.935, 0.005, 0.14500000000000002
0.9450000000000001, 0.005, 0.14500000000000002
0.9550000000000001, 0.005, 0.14500000000000002
0.965, 0.005, 0.14500000000000002
0.975, 0.005, 0.14500000000000002
0.985, 0.005, 0.14500000000000002
0.995, 0.005, 0.14500000000000002
1.005, 0.005, 0.14500000000000002
1.0150000000000001, 0.005, 0.14500000000000002
1.025, 0.005, 0.14500000000000002
1.0350000000000001, 0.005, 0.14500000000000002
1.045, 0.005, 0.14500000000000002
1.0550000000000002, 0.005, 0.14500000000000002
1.065, 0.005, 0.14500000000000002
1.0750000000000002, 0.005, 0.14500000000000002
1.085, 0.005, 0.14500000000000002
1.0950000000000002, 0.005, 0.14500000000000002
1.105, 0.005, 0.14500000000000002
1.1150000000000002, 0.005, 0.14500000000000002
1.125, 0.005, 0.14500000000000002
1.1350000000000002, 0.005, 0.14500000000000002
1.145, 0.005, 0.14500000000000002
1.155, 0.005, 0.14500000000000002
1.165, 0.005, 0.14500000000000002
1.1749999999999998, 0.005, 0.14500000000000002
1.185, 0.005, 0.14500000000000002
1.1949999999999998, 0.005, 0.14500000000000002
1.205, 0.005, 0.14500000000000002
1.2149999999999999, 0.005, 0.14500000000000002
1.225, 0.005, 0.14500000000000002
1.2349999999999999, 0.005, 0.14500000000000002
1.245, 0.005, 0.14500000000000002
1.255, 0.005, 0.14500000000000002
1.2650000000000001, 0.005, 0.14500000000000002
1.275, 0.005, 0.14500000000000002
1.2850000000000001, 0.005, 0.14500000000000002
1.295, 0.005, 0.14500000000000002
1.3050000000000002, 0.005, 0.14500000000000002
1.315, 0.005, 0.14500000000000002
1.3250000000000002, 0.005, 0.14500000000000002
1.335, 0.005, 0.14500000000000002
1.3450000000000002, 0.005, 0.14500000000000002
1.355, 0.005, 0.14500000000000002
1.3650000000000002, 0.005, 0.14500000000000002
1.375, 0.005, 0.14500000000000002
1.3850000000000002, 0.005, 0.14500000000000002
1.395, 0.005, 0.14500000000000002
1.405, 0.005, 0.14500000000000002
1.415, 0.005, 0.14500000000000002
1.4249999999999998, 0.005, 0.14500000000000002
1.435, 0.005, 0.14500000000000002
1.4449999999999998, 0.005, 0.14500000000000002
1.455, 0.005, 0.14500000000000002
1.4649999999999999, 0.005, 0.14500000000000002
1.475, 0.005, 0.14500000000000002
1.4849999999999999, 0.005, 0.14500000000000002
1.495, 0.005, 0.14500000000000002
1.505, 0.005, 0.14500000000000002
1.5150000000000001, 0.005, 0.14500000000000002
1.525, 0.005, 0.14500000000000002
1.5350000000000001, 0.005, 0.14500000000000002
1.545, 0.005, 0.14500000000000002
1.5550000000000002, 0.005, 0.14500000000000002
1.565, 0.005, 0.14500000000000002
1.5750000000000002, 0.005, 0.14500000000000002
1.585, 0.005, 0.14500000000000002
1.5950000000000002, 0.005, 0.14500000000000002
1.605, 0.005, 0.14500000000000002
1.6150000000000002, 0.005, 0.14500000000000002
1.625, 0.005, 0.14500000000000002
1.6350000000000002, 0.005, 0.14500000000000002
1.645, 0.005, 0.14500000000000002
1.6550000000000002, 0.005, 0.14500000000000002
1.665, 0.005, 0.14500000000000002
1.6749999999999998, 0.005, 0.14500000000000002
1.685, 0.005, 0.14500000000000002
1.6949999999999998, 0.005, 0.14500000000000002
1.705, 0.005, 0.14500000000000002
1.7149999999999999, 0.005, 0.14500000000000002
1.725, 0.005, 0.14500000000000002
1.7349999999999999, 0.005, 0.14500000000000002
1.745, 0.005, 0.14500000000000002
1.755, 0.005, 0.14500000000000002
1.7650000000000001, 0.005, 0.14500000000000002
1.775, 0.005, 0.14500000000000002
1.7850000000000001, 0.005, 0.14500000000000002
1.795, 0.005, 0.14500000000000002
1.8050000000000002, 0.005, 0.14500000000000002
1.815, 0.005, 0.14500000000000002
1.8250000000000002, 0.005, 0.14500000000000002
1.835, 0.005, 0.14500000000000002
1.8450000000000002, 0.005, 0.14500000000000002
1.855, 0.005, 0.14500000000000002
1.8650000000000002, 0.005, 0.14500000000000002
1.875, 0.005, 0.14500000000000002
1.8850000000000002, 0.005, 0.14500000000000002
1.895, 0.005, 0.14500000000000002
1.9050000000000002, 0.005, 0.14500000000000002
1.915, 0.005, 0.14500000000000002
1.9249999999999998, 0.005, 0.14500000000000002
1.935, 0.005, 0.14500000000000002
1.9449999999999998, 0.005, 0.14500000000000002
1.955, 0.005, 0.14500000000000002
1.9649999999999999, 0.005, 0.14500000000000002
1.975, 0.005, 0.14500000000000002
1.9849999999999999, 0.005, 0.14500000000000002
1.995, 0.005, 0.14500000000000002
2.005, 0.005, 0.14500000000000002
2.015, 0.005, 0.14500000000000002
2.0250000000000004, 0.005, 0.14500000000000002
2.035, 0.005, 0.14500000000000002
2.045, 0.005, 0.14500000000000002
2.0549999999999997, 0.005, 0.14500000000000002
2.065, 0.005, 0.14500000000000002
2.075, 0.005, 0.14500000000000002
2.085, 0.005, 0.14500000000000002
2.0949999999999998, 0.005, 0.14500000000000002
2.105, 0.005, 0.14500000000000002
2.115, 0.005, 0.14500000000000002
2.125, 0.005, 0.14500000000000002
2.135, 0.005, 0.14500000000000002
2.145, 0.005, 0.14500000000000002
2.1550000000000002, 0.005, 0.14500000000000002
2.165, 0.005, 0.14500000000000002
2.175, 0.005, 0.14500000000000002
2.185, 0.005, 0.14500000000000002
2.1950000000000003, 0.005, 0.14500000000000002
2.205, 0.005, 0.14500000000000002
2.215, 0.005, 0.14500000000000002
2.225, 0.005, 0.14500000000000002
2.2350000000000003, 0.005, 0.14500000000000002
2.245, 0.005, 0.14500000000000002
2.255, 0.005, 0.14500000000000002
2.265, 0.005, 0.14500000000000002
2.2750000000000004, 0.005, 0.14500000000000002
2.285, 0.005, 0.14500000000000002
2.295, 0.005, 0.14500000000000002
2.305, 0.005, 0.14500000000000002
2.315, 0.005, 0.14500000000000002
2.325, 0.005, 0.14500000000000002
2.335, 0.005, 0.14500000000000002
2.3449999999999998, 0.005, 0.14500000000000002
2.355, 0.005, 0.14500000000000002
2.365, 0.005, 0.14500000000000002
2.375, 0.005, 0.14500000000000002
2.385, 0.005, 0.14500000000000002
2.395, 0.005, 0.14500000000000002
2.4050000000000002, 0.005, 0.14500000000000002
2.415, 0.005, 0.14500000000000002
2.425, 0.005, 0.14500000000000002
2.435, 0.005, 0.14500000000000002
2.4450000000000003, 0.005, 0.14500000000000002
2.455, 0.005, 0.14500000000000002
2.465, 0.005, 0.14500000000000002
2.475, 0.005, 0.14500000000000002
2.4850000000000003, 0.005, 0.14500000000000002
2.495, 0.005, 0.14500000000000002
2.505, 0.005, 0.14500000000000002
2.515, 0.005, 0.14500000000000002
2.5250000000000004, 0.005, 0.14500000000000002
2.535, 0.005, 0.14500000000000002
2.545, 0.005, 0.14500000000000002
2.555, 0.005, 0.14500000000000002
2.565, 0.005, 0.14500000000000002
2.575, 0.005, 0.14500000000000002
2.585, 0.005, 0.14500000000000002
2.5949999999999998, 0.005, 0.14500000000000002
2.605, 0.005, 0.14500000000000002
2.615, 0.005, 0.14500000000000002
2.625, 0.005, 0.14500000000000002
2.635, 0.005, 0.14500000000000002
2.645, 0.005, 0.14500000000000002
2.6550000000000002, 0.005, 0.14500000000000002
2.665, 0.005, 0.14500000000000002
2.675, 0.005, 0.14500000000000002
2.685, 0.005, 0.14500000000000002
2.6950000000000003, 0.005, 0.14500000000000002
2.705, 0.005, 0.14500000000000002
2.715, 0.005, 0.14500000000000002
2.725, 0.005, 0.14500000000000002
2.7350000000000003, 0.005, 0.14500000000000002
2.745, 0.005, 0.14500000000000002
2.755, 0.005, 0.14500000000000002
2.765, 0.005, 0.14500000000000002
2.7750000000000004, 0.005, 0.14500000000000002
2.785, 0.005, 0.14500000000000002
2.795, 0.005, 0.14500000000000002
0.005, 0.005, 0.155
0.015, 0.005, 0.155
0.025, 0.005, 0.155
0.035, 0.005, 0.155
0.045, 0.005, 0.155
0.055, 0.005, 0.155
0.065, 0.005, 0.155
0.07500000000000001, 0.005, 0.155
0.08499999999999999, 0.005, 0.155
0.095, 0.005, 0.155
0.10500000000000001, 0.005, 0.155
0.11499999999999999, 0.005, 0.155
0.125, 0.005, 0.155
0.135, 0.005, 0.155
0.14500000000000002, 0.005, 0.155
0.155, 0.005, 0.155
0.165, 0.005, 0.155
0.175, 0.005, 0.155
0.185, 0.005, 0.155
0.195, 0.005, 0.155
0.20500000000000002, 0.005, 0.155
0.215, 0.005, 0.155
0.225, 0.005, 0.155
0.235, 0.005, 0.155
0.245, 0.005, 0.155
0.255, 0.005, 0.155
0.265, 0.005, 0.155
0.275, 0.005, 0.155
0.28500000000000003, 0.005, 0.155
0.295, 0.005, 0.155
0.305, 0.005, 0.155
0.315, 0.005, 0.155
0.325, 0.005, 0.155
0.335, 0.005, 0.155
0.34500000000000003, 0.005, 0.155
0.355, 0.005, 0.155
0.365, 0.005, 0.155
0.375, 0.005, 0.155
0.385, 0.005, 0.155
0.395, 0.005, 0.155
0.405, 0.005, 0.155
0.41500000000000004, 0.005, 0.155
0.425, 0.005, 0.155
0.435, 0.005, 0.155
0.445, 0.005, 0.155
0.455, 0.005, 0.155
0.465, 0.005, 0.155
0.475, 0.005, 0.155
0.485, 0.005, 0.155
0.495, 0.005, 0.155
0.505, 0.005, 0.155
0.515, 0.005, 0.155
0.525, 0.005, 0.155
0.535, 0.005, 0.155
0.545, 0.005, 0.155
0.555, 0.005, 0.155
0.5650000000000001, 0.005, 0.155
0.575, 0.005, 0.155
0.585, 0.005, 0.155
0.595, 0.005, 0.155
0.605, 0.005, 0.155
0.615, 0.005, 0.155
0.625, 0.005, 0.155
0.635, 0.005, 0.155
0.645, 0.005, 0.155
0.655, 0.005, 0.155
0.665, 0.005, 0.155
0.675, 0.005, 0.155
0.685, 0.005, 0.155
0.6950000000000001, 0.005, 0.155
0.7050000000000001, 0.005, 0.155
0.715, 0.005, 0.155
0.725, 0.005, 0.155
0.735, 0.005, 0.155
0.745, 0.005, 0.155
0.755, 0.005, 0.155
0.765, 0.005, 0.155
0.775, 0.005, 0.155
0.785, 0.005, 0.155
0.795, 0.005, 0.155
0.805, 0.005, 0.155
0.8150000000000001, 0.005, 0.155
0.8250000000000001, 0.005, 0.155
0.835, 0.005, 0.155
0.845, 0.005, 0.155
0.855, 0.005, 0.155
0.865, 0.005, 0.155
0.875, 0.005, 0.155
0.885, 0.005, 0.155
0.895, 0.005, 0.155
0.905, 0.005, 0.155
0.915, 0.005, 0.155
0.925, 0.005, 0.155
0.935, 0.005, 0.155
0.9450000000000001, 0.005, 0.155
0.9550000000000001, 0.005, 0.155
0.965, 0.005, 0.155
0.975, 0.005, 0.155
0.985, 0.005, 0.155
0.995, 0.005, 0.155
1.005, 0.005, 0.155
1.0150000000000001, 0.005, 0.155
1.025, 0.005, 0.155
1.0350000000000001, 0.005, 0.155
1.045, 0.005, 0.155
1.0550000000000002, 0.005, 0.155
1.065, 0.005, 0.155
1.0750000000000002, 0.005, 0.155
1.085, 0.005, 0.155
1.0950000000000002, 0.005, 0.155
1.105, 0.005, 0.155
1.1150000000000002, 0.005, 0.155
1.125, 0.005, 0.155
1.1350000000000002, 0.005, 0.155
1.145, 0.005, 0.155
1.155, 0.005, 0.155
1.165, 0.005, 0.155
1.1749999999999998, 0.005, 0.155
1.185, 0.005, 0.155
1.1949999999999998, 0.005, 0.155
1.205, 0.005, 0.155
1.2149999999999999, 0.005, 0.155
1.225, 0.005, 0.155
1.2349999999999999, 0.005, 0.155
1.245, 0.005, 0.155
1.255, 0.005, 0.155
1.2650000000000001, 0.005, 0.155
1.275, 0.005, 0.155
1.2850000000000001, 0.005, 0.155
1.295, 0.005, 0.155
1.3050000000000002, 0.005, 0.155
1.315, 0.005, 0.155
1.3250000000000002, 0.005, 0.155
1.335, 0.005, 0.155
1.3450000000000002, 0.005, 0.155
1.355, 0.005, 0.155
1.3650000000000002, 0.005, 0.155
1.375, 0.005, 0.155
1.3850000000000002, 0.005, 0.155
1.395, 0.005, 0.155
1.405, 0.005, 0.155
1.415, 0.005, 0.155
1.4249999999999998, 0.005, 0.155
1.435, 0.005, 0.155
1.4449999999999998, 0.005, 0.155
1.455, 0.005, 0.155
1.4649999999999999, 0.005, 0.155
1.475, 0.005, 0.155
1.4849999999999999, 0.005, 0.155
1.495, 0.005, 0.155
1.505, 0.005, 0.155
1.5150000000000001, 0.005, 0.155
1.525, 0.005, 0.155
1.5350000000000001, 0.005, 0.155
1.545, 0.005, 0.155
1.5550000000000002, 0.005, 0.155
1.565, 0.005, 0.155
1.5750000000000002, 0.005, 0.155
1.585, 0.005, 0.155
1.5950000000000002, 0.005, 0.155
1.605, 0.005, 0.155
1.6150000000000002, 0.005, 0.155
1.625, 0.005, 0.155
1.6350000000000002, 0.005, 0.155
1.645, 0.005, 0.155
1.6550000000000002, 0.005, 0.155
1.665, 0.005, 0.155
1.6749999999999998, 0.005, 0.155
1.685, 0.005, 0.155
1.6949999999999998, 0.005, 0.155
1.705, 0.005, 0.155
1.7149999999999999, 0.005, 0.155
1.725, 0.005, 0.155
1.7349999999999999, 0.005, 0.155
1.745, 0.005, 0.155
1.755, 0.005, 0.155
1.7650000000000001, 0.005, 0.155
1.775, 0.005, 0.155
1.7850000000000001, 0.005, 0.155
1.795, 0.005, 0.155
1.8050000000000002, 0.005, 0.155
1.815, 0.005, 0.155
1.8250000000000002, 0.005, 0.155
1.835, 0.005, 0.155
1.8450000000000002, 0.005, 0.155
1.855, 0.005, 0.155
1.8650000000000002, 0.005, 0.155
1.875, 0.005, 0.155
1.8850000000000002, 0.005, 0.155
1.895, 0.005, 0.155
1.9050000000000002, 0.005, 0.155
1.915, 0.005, 0.155
1.9249999999999998, 0.005, 0.155
1.935, 0.005, 0.155
1.9449999999999998, 0.005, 0.155
1.955, 0.005, 0.155
1.9649999999999999, 0.005, 0.155
1.975, 0.005, 0.155
1.9849999999999999, 0.005, 0.155
1.995, 0.005, 0.155
2.005, 0.005, 0.155
2.015, 0.005, 0.155
2.0250000000000004, 0.005, 0.155
2.035, 0.005, 0.155
2.045, 0.005, 0.155
2.0549999999999997, 0.005, 0.155
2.065, 0.005, 0.155
2.075, 0.005, 0.155
2.085, 0.005, 0.155
2.0949999999999998, 0.005, 0.155
2.105, 0.005, 0.155
2.115, 0.005, 0.155
2.125, 0.005, 0.155
2.135, 0.005, 0.155
2.145, 0.005, 0.155
2.1550000000000002, 0.005, 0.155
2.165, 0.005, 0.155
2.175, 0.005, 0.155
2.185, 0.005, 0.155
2.1950000000000003, 0.005, 0.155
2.205, 0.005, 0.155
2.215, 0.005, 0.155
2.225, 0.005, 0.155
2.2350000000000003, 0.005, 0.155
2.245, 0.005, 0.155
2.255, 0.005, 0.155
2.265, 0.005, 0.155
2.2750000000000004, 0.005, 0.155
2.285, 0.005, 0.155
2.295, 0.005, 0.155
2.305, 0.005, 0.155
2.315, 0.005, 0.155
2.325, 0.005, 0.155
2.335, 0.005, 0.155
2.3449999999999998, 0.005, 0.155
2.355, 0.005, 0.155
2.365, 0.005, 0.155
2.375, 0.005, 0.155
2.385, 0.005, 0.155
2.395, 0.005, 0.155
2.4050000000000002, 0.005, 0.155
2.415, 0.005, 0.155
2.425, 0.005, 0.155
2.435, 0.005, 0.155
2.4450000000000003, 0.005, 0.155
2.455, 0.005, 0.155
2.465, 0.005, 0.155
2.475, 0.005, 0.155
2.4850000000000003, 0.005, 0.155
2.495, 0.005, 0.155
2.505, 0.005, 0.155
2.515, 0.005, 0.155
2.5250000000000004, 0.005, 0.155
2.535, 0.005, 0.155
2.545, 0.005, 0.155
2.555, 0.005, 0.155
2.565, 0.005, 0.155
2.575, 0.005, 0.155
2.585, 0.005, 0.155
2.5949999999999998, 0.005, 0.155
2.605, 0.005, 0.155
2.615, 0.005, 0.155
2.625, 0.005, 0.155
2.635, 0.005, 0.155
2.645, 0.005, 0.155
2.6550000000000002, 0.005, 0.155
2.665, 0.005, 0.155
2.675, 0.005, 0.155
2.685, 0.005, 0.155
2.6950000000000003, 0.005, 0.155
2.705, 0.005, 0.155
2.715, 0.005, 0.155
2.725, 0.005, 0.155
2.7350000000000003, 0.005, 0.155
2.745, 0.005, 0.155
2.755, 0.005, 0.155
2.765, 0.005, 0.155
2.7750000000000004, 0.005, 0.155
2.785, 0.005, 0.155
2.795, 0.005, 0.155
0.005, 0.005, 0.165
0.015, 0.005, 0.165
0.025, 0.005, 0.165
0.035, 0.005, 0.165
0.045, 0.005, 0.165
0.055, 0.005, 0.165
0.065, 0.005, 0.165
0.07500000000000001, 0.005, 0.165
0.08499999999999999, 0.005, 0.165
0.095, 0.005, 0.165
0.10500000000000001, 0.005, 0.165
0.11499999999999999, 0.005, 0.165
0.125, 0.005, 0.165
0.135, 0.005, 0.165
0.14500000000000002, 0.005, 0.165
0.155, 0.005, 0.165
0.165, 0.005, 0.165
0.175, 0.005, 0.165
0.185, 0.005, 0.165
0.195, 0.005, 0.165
0.20500000000000002, 0.005, 0.165
0.215, 0.005, 0.165
0.225, 0.005, 0.165
0.235, 0.005, 0.165
0.245, 0.005, 0.165
0.255, 0.005, 0.165
0.265, 0.005, 0.165
0.275, 0.005, 0.165
0.28500000000000003, 0.005, 0.165
0.295, 0.005, 0.165
0.305, 0.005, 0.165
0.315, 0.005, 0.165
0.325, 0.005, 0.165
0.335, 0.005, 0.165
0.34500000000000003, 0.005, 0.165
0.355, 0.005, 0.165
0.365, 0.005, 0.165
0.375, 0.005, 0.165
0.385, 0.005, 0.165
0.395, 0.005, 0.165
0.405, 0.005, 0.165
0.41500000000000004, 0.005, 0.165
0.425, 0.005, 0.165
0.435, 0.005, 0.165
0.445, 0.005, 0.165
0.455, 0.005, 0.165
0.465, 0.005, 0.165
0.475, 0.005, 0.165
0.485, 0.005, 0.165
0.495, 0.005, 0.165
0.505, 0.005, 0.165
0.515, 0.005, 0.165
0.525, 0.005, 0.165
0.535, 0.005, 0.165
0.545, 0.005, 0.165
0.555, 0.005, 0.165
0.5650000000000001, 0.005, 0.165
0.575, 0.005, 0.165
0.585, 0.005, 0.165
0.595, 0.005, 0.165
0.605, 0.005, 0.165
0.615, 0.005, 0.165
0.625, 0.005, 0.165
0.635, 0.005, 0.165
0.645, 0.005, 0.165
0.655, 0.005, 0.165
0.665, 0.005, 0.165
0.675, 0.005, 0.165
0.685, 0.005, 0.165
0.6950000000000001, 0.005, 0.165
0.7050000000000001, 0.005, 0.165
0.715, 0.005, 0.165
0.725, 0.005, 0.165
0.735, 0.005, 0.165
0.745, 0.005, 0.165
0.755, 0.005, 0.165
0.765, 0.005, 0.165
0.775, 0.005, 0.165
0.785, 0.005, 0.165
0.795, 0.005, 0.165
0.805, 0.005, 0.165
0.8150000000000001, 0.005, 0.165
0.8250000000000001, 0.005, 0.165
0.835, 0.005, 0.165
0.845, 0.005, 0.165
0.855, 0.005, 0.165
0.865, 0.005, 0.165
0.875, 0.005, 0.165
0.885, 0.005, 0.165
0.895, 0.005, 0.165
0.905, 0.005, 0.165
0.915, 0.005, 0.165
0.925, 0.005, 0.165
0.935, 0.005, 0.165
0.9450000000000001, 0.005, 0.165
0.9550000000000001, 0.005, 0.165
0.965, 0.005, 0.165
0.975, 0.005, 0.165
0.985, 0.005, 0.165
0.995, 0.005, 0.165
1.005, 0.005, 0.165
1.0150000000000001, 0.005, 0.165
1.025, 0.005, 0.165
1.0350000000000001, 0.005, 0.165
1.045, 0.005, 0.165
1.0550000000000002, 0.005, 0.165
1.065, 0.005, 0.165
1.0750000000000002, 0.005, 0.165
1.085, 0.005, 0.165
1.0950000000000002, 0.005, 0.165
1.105, 0.005, 0.165
1.1150000000000002, 0.005, 0.165
1.125, 0.005, 0.165
1.1350000000000002, 0.005, 0.165
1.145, 0.005, 0.165
1.155, 0.005, 0.165
1.165, 0.005, 0.165
1.1749999999999998, 0.005, 0.165
1.185, 0.005, 0.165
1.1949999999999998, 0.005, 0.165
1.205, 0.005, 0.165
1.2149999999999999, 0.005, 0.165
1.225, 0.005, 0.165
1.2349999999999999, 0.005, 0.165
1.245, 0.005, 0.165
1.255, 0.005, 0.165
1.2650000000000001, 0.005, 0.165
1.275, 0.005, 0.165
1.2850000000000001, 0.005, 0.165
1.295, 0.005, 0.165
1.3050000000000002, 0.005, 0.165
1.315, 0.005, 0.165
1.3250000000000002, 0.005, 0.165
1.335, 0.005, 0.165
1.3450000000000002, 0.005, 0.165
1.355, 0.005, 0.165
1.3650000000000002, 0.005, 0.165
1.375, 0.005, 0.165
1.3850000000000002, 0.005, 0.165
1.395, 0.005, 0.165
1.405, 0.005, 0.165
1.415, 0.005, 0.165
1.4249999999999998, 0.005, 0.165
1.435, 0.005, 0.165
1.4449999999999998, 0.005, 0.165
1.455, 0.005, 0.165
1.4649999999999999, 0.005, 0.165
1.475, 0.005, 0.165
1.4849999999999999, 0.005, 0.165
1.495, 0.005, 0.165
1.505, 0.005, 0.165
1.5150000000000001, 0.005, 0.165
1.525, 0.005, 0.165
1.5350000000000001, 0.005, 0.165
1.545, 0.005, 0.165
1.5550000000000002, 0.005, 0.165
1.565, 0.005, 0.165
1.5750000000000002, 0.005, 0.165
1.585, 0.005, 0.165
1.5950000000000002, 0.005, 0.165
1.605, 0.005, 0.165
1.6150000000000002, 0.005, 0.165
1.625, 0.005, 0.165
1.6350000000000002, 0.005, 0.165
1.645, 0.005, 0.165
1.6550000000000002, 0.005, 0.165
1.665, 0.005, 0.165
1.6749999999999998, 0.005, 0.165
1.685, 0.005, 0.165
1.6949999999999998, 0.005, 0.165
1.705, 0.005, 0.165
1.7149999999999999, 0.005, 0.165
1.725, 0.005, 0.165
1.7349999999999999, 0.005, 0.165
1.745, 0.005, 0.165
1.755, 0.005, 0.165
1.7650000000000001, 0.005, 0.165
1.775, 0.005, 0.165
1.7850000000000001, 0.005, 0.165
1.795, 0.005, 0.165
1.8050000000000002, 0.005, 0.165
1.815, 0.005, 0.165
1.8250000000000002, 0.005, 0.165
1.835, 0.005, 0.165
1.8450000000000002, 0.005, 0.165
1.855, 0.005, 0.165
1.8650000000000002, 0.005, 0.165
1.875, 0.005, 0.165
1.8850000000000002, 0.005, 0.165
1.895, 0.005, 0.165
1.9050000000000002, 0.005, 0.165
1.915, 0.005, 0.165
1.9249999999999998, 0.005, 0.165
1.935, 0.005, 0.165
1.9449999999999998, 0.005, 0.165
1.955, 0.005, 0.165
1.9649999999999999, 0.005, 0.165
1.975, 0.005, 0.165
1.9849999999999999, 0.005, 0.165
1.995, 0.005, 0.165
2.005, 0.005, 0.165
2.015, 0.005, 0.165
2.0250000000000004, 0.005, 0.165
2.035, 0.005, 0.165
2.045, 0.005, 0.165
2.0549999999999997, 0.005, 0.165
2.065, 0.005, 0.165
2.075, 0.005, 0.165
2.085, 0.005, 0.165
2.0949999999999998, 0.005, 0.165
2.105, 0.005, 0.165
2.115, 0.005, 0.165
2.125, 0.005, 0.165
2.135, 0.005, 0.165
2.145, 0.005, 0.165
2.1550000000000002, 0.005, 0.165
2.165, 0.005, 0.165
2.175, 0.005, 0.165
2.185, 0.005, 0.165
2.1950000000000003, 0.005, 0.165
2.205, 0.005, 0.165
2.215, 0.005, 0.165
2.225, 0.005, 0.165
2.2350000000000003, 0.005, 0.165
2.245, 0.005, 0.165
2.255, 0.005, 0.165
2.265, 0.005, 0.165
2.2750000000000004, 0.005, 0.165
2.285, 0.005, 0.165
2.295, 0.005, 0.165
2.305, 0.005, 0.165
2.315, 0.005, 0.165
2.325, 0.005, 0.165
2.335, 0.005, 0.165
2.3449999999999998, 0.005, 0.165
2.355, 0.005, 0.165
2.365, 0.005, 0.165
2.375, 0.005, 0.165
2.385, 0.005, 0.165
2.395, 0.005, 0.165
2.4050000000000002, 0.005, 0.165
2.415, 0.005, 0.165
2.425, 0.005, 0.165
2.435, 0.005, 0.165
2.4450000000000003, 0.005, 0.165
2.455, 0.005, 0.165
2.465, 0.005, 0.165
2.475, 0.005, 0.165
2.4850000000000003, 0.005, 0.165
2.495, 0.005, 0.165
2.505, 0.005, 0.165
2.515, 0.005, 0.165
2.5250000000000004, 0.005, 0.165
2.535, 0.005, 0.165
2.545, 0.005, 0.165
2.555, 0.005, 0.165
2.565, 0.005, 0.165
2.575, 0.005, 0.165
2.585, 0.005, 0.165
2.5949999999999998, 0.005, 0.165
2.605, 0.005, 0.165
2.615, 0.005, 0.165
2.625, 0.005, 0.165
2.635, 0.005, 0.165
2.645, 0.005, 0.165
2.6550000000000002, 0.005, 0.165
2.665, 0.005, 0.165
2.675, 0.005, 0.165
2.685, 0.005, 0.165
2.6950000000000003, 0.005, 0.165
2.705, 0.005, 0.165
2.715, 0.005, 0.165
2.725, 0.005, 0.165
2.7350000000000003, 0.005, 0.165
2.745, 0.005, 0.165
2.755, 0.005, 0.165
2.765, 0.005, 0.165
2.7750000000000004, 0.005, 0.165
2.785, 0.005, 0.165
2.795, 0.005, 0.165
0.005, 0.005, 0.175
0.015, 0.005, 0.175
0.025, 0.005, 0.175
0.035, 0.005, 0.175
0.045, 0.005, 0.175
0.055, 0.005, 0.175
0.065, 0.005, 0.175
0.07500000000000001, 0.005, 0.175
0.08499999999999999, 0.005, 0.175
0.095, 0.005, 0.175
0.10500000000000001, 0.005, 0.175
0.11499999999999999, 0.005, 0.175
0.125, 0.005, 0.175
0.135, 0.005, 0.175
0.14500000000000002, 0.005, 0.175
0.155, 0.005, 0.175
0.165, 0.005, 0.175
0.175, 0.005, 0.175
0.185, 0.005, 0.175
0.195, 0.005, 0.175
0.20500000000000002, 0.005, 0.175
0.215, 0.005, 0.175
0.225, 0.005, 0.175
0.235, 0.005, 0.175
0.245, 0.005, 0.175
0.255, 0.005, 0.175
0.265, 0.005, 0.175
0.275, 0.005, 0.175
0.28500000000000003, 0.005, 0.175
0.295, 0.005, 0.175
0.305, 0.005, 0.175
0.315, 0.005, 0.175
0.325, 0.005, 0.175
0.335, 0.005, 0.175
0.34500000000000003, 0.005, 0.175
0.355, 0.005, 0.175
0.365, 0.005, 0.175
0.375, 0.005, 0.175
0.385, 0.005, 0.175
0.395, 0.005, 0.175
0.405, 0.005, 0.175
0.41500000000000004, 0.005, 0.175
0.425, 0.005, 0.175
0.435, 0.005, 0.175
0.445, 0.005, 0.175
0.455, 0.005, 0.175
0.465, 0.005, 0.175
0.475, 0.005, 0.175
0.485, 0.005, 0.175
0.495, 0.005, 0.175
0.505, 0.005, 0.175
0.515, 0.005, 0.175
0.525, 0.005, 0.175
0.535, 0.005, 0.175
0.545, 0.005, 0.175
0.555, 0.005, 0.175
0.5650000000000001, 0.005, 0.175
0.575, 0.005, 0.175
0.585, 0.005, 0.175
0.595, 0.005, 0.175
0.605, 0.005, 0.175
0.615, 0.005, 0.175
0.625, 0.005, 0.175
0.635, 0.005, 0.175
0.645, 0.005, 0.175
0.655, 0.005, 0.175
0.665, 0.005, 0.175
0.675, 0.005, 0.175
0.685, 0.005, 0.175
0.6950000000000001, 0.005, 0.175
0.7050000000000001, 0.005, 0.175
0.715, 0.005, 0.175
0.725, 0.005, 0.175
0.735, 0.005, 0.175
0.745, 0.005, 0.175
0.755, 0.005, 0.175
0.765, 0.005, 0.175
0.775, 0.005, 0.175
0.785, 0.005, 0.175
0.795, 0.005, 0.175
0.805, 0.005, 0.175
0.8150000000000001, 0.005, 0.175
0.8250000000000001, 0.005, 0.175
0.835, 0.005, 0.175
0.845, 0.005, 0.175
0.855, 0.005, 0.175
0.865, 0.005, 0.175
0.875, 0.005, 0.175
0.885, 0.005, 0.175
0.895, 0.005, 0.175
0.905, 0.005, 0.175
0.915, 0.005, 0.175
0.925, 0.005, 0.175
0.935, 0.005, 0.175
0.9450000000000001, 0.005, 0.175
0.9550000000000001, 0.005, 0.175
0.965, 0.005, 0.175
0.975, 0.005, 0.175
0.985, 0.005, 0.175
0.995, 0.005, 0.175
1.005, 0.005, 0.175
1.0150000000000001, 0.005, 0.175
1.025, 0.005, 0.175
1.0350000000000001, 0.005, 0.175
1.045, 0.005, 0.175
1.0550000000000002, 0.005, 0.175
1.065, 0.005, 0.175
1.0750000000000002, 0.005, 0.175
1.085, 0.005, 0.175
1.0950000000000002, 0.005, 0.175
1.105, 0.005, 0.175
1.1150000000000002, 0.005, 0.175
1.125, 0.005, 0.175
1.1350000000000002, 0.005, 0.175
1.145, 0.005, 0.175
1.155, 0.005, 0.175
1.165, 0.005, 0.175
1.1749999999999998, 0.005, 0.175
1.185, 0.005, 0.175
1.1949999999999998, 0.005, 0.175
1.205, 0.005, 0.175
1.2149999999999999, 0.005, 0.175
1.225, 0.005, 0.175
1.2349999999999999, 0.005, 0.175
1.245, 0.005, 0.175
1.255, 0.005, 0.175
1.2650000000000001, 0.005, 0.175
1.275, 0.005, 0.175
1.2850000000000001, 0.005, 0.175
1.295, 0.005, 0.175
1.3050000000000002, 0.005, 0.175
1.315, 0.005, 0.175
1.3250000000000002, 0.005, 0.175
1.335, 0.005, 0.175
1.3450000000000002, 0.005, 0.175
1.355, 0.005, 0.175
1.3650000000000002, 0.005, 0.175
1.375, 0.005, 0.175
1.3850000000000002, 0.005, 0.175
1.395, 0.005, 0.175
1.405, 0.005, 0.175
1.415, 0.005, 0.175
1.4249999999999998, 0.005, 0.175
1.435, 0.005, 0.175
1.4449999999999998, 0.005, 0.175
1.455, 0.005, 0.175
1.4649999999999999, 0.005, 0.175
1.475, 0.005, 0.175
1.4849999999999999, 0.005, 0.175
1.495, 0.005, 0.175
1.505, 0.005, 0.175
1.5150000000000001, 0.005, 0.175
1.525, 0.005, 0.175
1.5350000000000001, 0.005, 0.175
1.545, 0.005, 0.175
1.5550000000000002, 0.005, 0.175
1.565, 0.005, 0.175
1.5750000000000002, 0.005, 0.175
1.585, 0.005, 0.175
1.5950000000000002, 0.005, 0.175
1.605, 0.005, 0.175
1.6150000000000002, 0.005, 0.175
1.625, 0.005, 0.175
1.6350000000000002, 0.005, 0.175
1.645, 0.005, 0.175
1.6550000000000002, 0.005, 0.175
1.665, 0.005, 0.175
1.6749999999999998, 0.005, 0.175
1.685, 0.005, 0.175
1.6949999999999998, 0.005, 0.175
1.705, 0.005, 0.175
1.7149999999999999, 0.005, 0.175
1.725, 0.005, 0.175
1.7349999999999999, 0.005, 0.175
1.745, 0.005, 0.175
1.755, 0.005, 0.175
1.7650000000000001, 0.005, 0.175
1.775, 0.005, 0.175
1.7850000000000001, 0.005, 0.175
1.795, 0.005, 0.175
1.8050000000000002, 0.005, 0.175
1.815, 0.005, 0.175
1.8250000000000002, 0.005, 0.175
1.835, 0.005, 0.175
1.8450000000000002, 0.005, 0.175
1.855, 0.005, 0.175
1.8650000000000002, 0.005, 0.175
1.875, 0.005, 0.175
1.8850000000000002, 0.005, 0.175
1.895, 0.005, 0.175
1.9050000000000002, 0.005, 0.175
1.915, 0.005, 0.175
1.9249999999999998, 0.005, 0.175
1.935, 0.005, 0.175
1.9449999999999998, 0.005, 0.175
1.955, 0.005, 0.175
1.9649999999999999, 0.005, 0.175
1.975, 0.005, 0.175
1.9849999999999999, 0.005, 0.175
1.995, 0.005, 0.175
2.005, 0.005, 0.175
2.015, 0.005, 0.175
2.0250000000000004, 0.005, 0.175
2.035, 0.005, 0.175
2.045, 0.005, 0.175
2.0549999999999997, 0.005, 0.175
2.065, 0.005, 0.175
2.075, 0.005, 0.175
2.085, 0.005, 0.175
2.0949999999999998, 0.005, 0.175
2.105, 0.005, 0.175
2.115, 0.005, 0.175
2.125, 0.005, 0.175
2.135, 0.005, 0.175
2.145, 0.005, 0.175
2.1550000000000002, 0.005, 0.175
2.165, 0.005, 0.175
2.175, 0.005, 0.175
2.185, 0.005, 0.175
2.1950000000000003, 0.005, 0.175
2.205, 0.005, 0.175
2.215, 0.005, 0.175
2.225, 0.005, 0.175
2.2350000000000003, 0.005, 0.175
2.245, 0.005, 0.175
2.255, 0.005, 0.175
2.265, 0.005, 0.175
2.2750000000000004, 0.005, 0.175
2.285, 0.005, 0.175
2.295, 0.005, 0.175
2.305, 0.005, 0.175
2.315, 0.005, 0.175
2.325, 0.005, 0.175
2.335, 0.005, 0.175
2.3449999999999998, 0.005, 0.175
2.355, 0.005, 0.175
2.365, 0.005, 0.175
2.375, 0.005, 0.175
2.385, 0.005, 0.175
2.395, 0.005, 0.175
2.4050000000000002, 0.005, 0.175
2.415, 0.005, 0.175
2.425, 0.005, 0.175
2.435, 0.005, 0.175
2.4450000000000003, 0.005, 0.175
2.455, 0.005, 0.175
2.465, 0.005, 0.175
2.475, 0.005, 0.175
2.4850000000000003, 0.005, 0.175
2.495, 0.005, 0.175
2.505, 0.005, 0.175
2.515, 0.005, 0.175
2.5250000000000004, 0.005, 0.175
2.535, 0.005, 0.175
2.545, 0.005, 0.175
2.555, 0.005, 0.175
2.565, 0.005, 0.175
2.575, 0.005, 0.175
2.585, 0.005, 0.175
2.5949999999999998, 0.005, 0.175
2.605, 0.005, 0.175
2.615, 0.005, 0.175
2.625, 0.005, 0.175
2.635, 0.005, 0.175
2.645, 0.005, 0.175
2.6550000000000002, 0.005, 0.175
2.665, 0.005, 0.175
2.675, 0.005, 0.175
2.685, 0.005, 0.175
2.6950000000000003, 0.005, 0.175
2.705, 0.005, 0.175
2.715, 0.005, 0.175
2.725, 0.005, 0.175
2.7350000000000003, 0.005, 0.175
2.745, 0.005, 0.175
2.755, 0.005, 0.175
2.765, 0.005, 0.175
2.7750000000000004, 0.005, 0.175
2.785, 0.005, 0.175
2.795, 0.005, 0.175
0.005, 0.005, 0.185
0.015, 0.005, 0.185
0.025, 0.005, 0.185
0.035, 0.005, 0.185
0.045, 0.005, 0.185
0.055, 0.005, 0.185
0.065, 0.005, 0.185
0.07500000000000001, 0.005, 0.185
0.08499999999999999, 0.005, 0.185
0.095, 0.005, 0.185
0.10500000000000001, 0.005, 0.185
0.11499999999999999, 0.005, 0.185
0.125, 0.005, 0.185
0.135, 0.005, 0.185
0.14500000000000002, 0.005, 0.185
0.155, 0.005, 0.185
0.165, 0.005, 0.185
0.175, 0.005, 0.185
0.185, 0.005, 0.185
0.195, 0.005, 0.185
0.20500000000000002, 0.005, 0.185
0.215, 0.005, 0.185
0.225, 0.005, 0.185
0.235, 0.005, 0.185
0.245, 0.005, 0.185
0.255, 0.005, 0.185
0.265, 0.005, 0.185
0.275, 0.005, 0.185
0.28500000000000003, 0.005, 0.185
0.295, 0.005, 0.185
0.305, 0.005, 0.185
0.315, 0.005, 0.185
0.325, 0.005, 0.185
0.335, 0.005, 0.185
0.34500000000000003, 0.005, 0.185
0.355, 0.005, 0.185
0.365, 0.005, 0.185
0.375, 0.005, 0.185
0.385, 0.005, 0.185
0.395, 0.005, 0.185
0.405, 0.005, 0.185
0.41500000000000004, 0.005, 0.185
0.425, 0.005, 0.185
0.435, 0.005, 0.185
0.445, 0.005, 0.185
0.455, 0.005, 0.185
0.465, 0.005, 0.185
0.475, 0.005, 0.185
0.485, 0.005, 0.185
0.495, 0.005, 0.185
0.505, 0.005, 0.185
0.515, 0.005, 0.185
0.525, 0.005, 0.185
0.535, 0.005, 0.185
0.545, 0.005, 0.185
0.555, 0.005, 0.185
0.5650000000000001, 0.005, 0.185
0.575, 0.005, 0.185
0.585, 0.005, 0.185
0.595, 0.005, 0.185
0.605, 0.005, 0.185
0.615, 0.005, 0.185
0.625, 0.005, 0.185
0.635, 0.005, 0.185
0.645, 0.005, 0.185
0.655, 0.005, 0.185
0.665, 0.005, 0.185
0.675, 0.005, 0.185
0.685, 0.005, 0.185
0.6950000000000001, 0.005, 0.185
0.7050000000000001, 0.005, 0.185
0.715, 0.005, 0.185
0.725, 0.005, 0.185
0.735, 0.005, 0.185
0.745, 0.005, 0.185
0.755, 0.005, 0.185
0.765, 0.005, 0.185
0.775, 0.005, 0.185
0.785, 0.005, 0.185
0.795, 0.005, 0.185
0.805, 0.005, 0.185
0.8150000000000001, 0.005, 0.185
0.8250000000000001, 0.005, 0.185
0.835, 0.005, 0.185
0.845, 0.005, 0.185
0.855, 0.005, 0.185
0.865, 0.005, 0.185
0.875, 0.005, 0.185
0.885, 0.005, 0.185
0.895, 0.005, 0.185
0.905, 0.005, 0.185
0.915, 0.005, 0.185
0.925, 0.005, 0.185
0.935, 0.005, 0.185
0.9450000000000001, 0.005, 0.185
0.9550000000000001, 0.005, 0.185
0.965, 0.005, 0.185
0.975, 0.005, 0.185
0.985, 0.005, 0.185
0.995, 0.005, 0.185
1.005, 0.005, 0.185
1.0150000000000001, 0.005, 0.185
1.025, 0.005, 0.185
1.0350000000000001, 0.005, 0.185
1.045, 0.005, 0.185
1.0550000000000002, 0.005, 0.185
1.065, 0.005, 0.185
1.0750000000000002, 0.005, 0.185
1.085, 0.005, 0.185
1.0950000000000002, 0.005, 0.185
1.105, 0.005, 0.185
1.1150000000000002, 0.005, 0.185
1.125, 0.005, 0.185
1.1350000000000002, 0.005, 0.185
1.145, 0.005, 0.185
1.155, 0.005, 0.185
1.165, 0.005, 0.185
1.1749999999999998, 0.005, 0.185
1.185, 0.005, 0.185
1.1949999999999998, 0.005, 0.185
1.205, 0.005, 0.185
1.2149999999999999, 0.005, 0.185
1.225, 0.005, 0.185
1.2349999999999999, 0.005, 0.185
1.245, 0.005, 0.185
1.255, 0.005, 0.185
1.2650000000000001, 0.005, 0.185
1.275, 0.005, 0.185
1.2850000000000001, 0.005, 0.185
1.295, 0.005, 0.185
1.3050000000000002, 0.005, 0.185
1.315, 0.005, 0.185
1.3250000000000002, 0.005, 0.185
1.335, 0.005, 0.185
1.3450000000000002, 0.005, 0.185
1.355, 0.005, 0.185
1.3650000000000002, 0.005, 0.185
1.375, 0.005, 0.185
1.3850000000000002, 0.005, 0.185
1.395, 0.005, 0.185
1.405, 0.005, 0.185
1.415, 0.005, 0.185
1.4249999999999998, 0.005, 0.185
1.435, 0.005, 0.185
1.4449999999999998, 0.005, 0.185
1.455, 0.005, 0.185
1.4649999999999999, 0.005, 0.185
1.475, 0.005, 0.185
1.4849999999999999, 0.005, 0.185
1.495, 0.005, 0.185
1.505, 0.005, 0.185
1.5150000000000001, 0.005, 0.185
1.525, 0.005, 0.185
1.5350000000000001, 0.005, 0.185
1.545, 0.005, 0.185
1.5550000000000002, 0.005, 0.185
1.565, 0.005, 0.185
1.5750000000000002, 0.005, 0.185
1.585, 0.005, 0.185
1.5950000000000002, 0.005, 0.185
1.605, 0.005, 0.185
1.6150000000000002, 0.005, 0.185
1.625, 0.005, 0.185
1.6350000000000002, 0.005, 0.185
1.645, 0.005, 0.185
1.6550000000000002, 0.005, 0.185
1.665, 0.005, 0.185
1.6749999999999998, 0.005, 0.185
1.685, 0.005, 0.185
1.6949999999999998, 0.005, 0.185
1.705, 0.005, 0.185
1.7149999999999999, 0.005, 0.185
1.725, 0.005, 0.185
1.7349999999999999, 0.005, 0.185
1.745, 0.005, 0.185
1.755, 0.005, 0.185
1.7650000000000001, 0.005, 0.185
1.775, 0.005, 0.185
1.7850000000000001, 0.005, 0.185
1.795, 0.005, 0.185
1.8050000000000002, 0.005, 0.185
1.815, 0.005, 0.185
1.8250000000000002, 0.005, 0.185
1.835, 0.005, 0.185
1.8450000000000002, 0.005, 0.185
1.855, 0.005, 0.185
1.8650000000000002, 0.005, 0.185
1.875, 0.005, 0.185
1.8850000000000002, 0.005, 0.185
1.895, 0.005, 0.185
1.9050000000000002, 0.005, 0.185
1.915, 0.005, 0.185
1.9249999999999998, 0.005, 0.185
1.935, 0.005, 0.185
1.9449999999999998, 0.005, 0.185
1.955, 0.005, 0.185
1.9649999999999999, 0.005, 0.185
1.975, 0.005, 0.185
1.9849999999999999, 0.005, 0.185
1.995, 0.005, 0.185
2.005, 0.005, 0.185
2.015, 0.005, 0.185
2.0250000000000004, 0.005, 0.185
2.035, 0.005, 0.185
2.045, 0.005, 0.185
2.0549999999999997, 0.005, 0.185
2.065, 0.005, 0.185
2.075, 0.005, 0.185
2.085, 0.005, 0.185
2.0949999999999998, 0.005, 0.185
2.105, 0.005, 0.185
2.115, 0.005, 0.185
2.125, 0.005, 0.185
2.135, 0.005, 0.185
2.145, 0.005, 0.185
2.1550000000000002, 0.005, 0.185
2.165, 0.005, 0.185
2.175, 0.005, 0.185
2.185, 0.005, 0.185
2.1950000000000003, 0.005, 0.185
2.205, 0.005, 0.185
2.215, 0.005, 0.185
2.225, 0.005, 0.185
2.2350000000000003, 0.005, 0.185
2.245, 0.005, 0.185
2.255, 0.005, 0.185
2.265, 0.005, 0.185
2.2750000000000004, 0.005, 0.185
2.285, 0.005, 0.185
2.295, 0.005, 0.185
2.305, 0.005, 0.185
2.315, 0.005, 0.185
2.325, 0.005, 0.185
2.335, 0.005, 0.185
2.3449999999999998, 0.005, 0.185
2.355, 0.005, 0.185
2.365, 0.005, 0.185
2.375, 0.005, 0.185
2.385, 0.005, 0.185
2.395, 0.005, 0.185
2.4050000000000002, 0.005, 0.185
2.415, 0.005, 0.185
2.425, 0.005, 0.185
2.435, 0.005, 0.185
2.4450000000000003, 0.005, 0.185
2.455, 0.005, 0.185
2.465, 0.005, 0.185
2.475, 0.005, 0.185
2.4850000000000003, 0.005, 0.185
2.495, 0.005, 0.185
2.505, 0.005, 0.185
2.515, 0.005, 0.185
2.5250000000000004, 0.005, 0.185
2.535, 0.005, 0.185
2.545, 0.005, 0.185
2.555, 0.005, 0.185
2.565, 0.005, 0.185
2.575, 0.005, 0.185
2.585, 0.005, 0.185
2.5949999999999998, 0.005, 0.185
2.605, 0.005, 0.185
2.615, 0.005, 0.185
2.625, 0.005, 0.185
2.635, 0.005, 0.185
2.645, 0.005, 0.185
2.6550000000000002, 0.005, 0.185
2.665, 0.005, 0.185
2.675, 0.005, 0.185
2.685, 0.005, 0.185
2.6950000000000003, 0.005, 0.185
2.705, 0.005, 0.185
2.715, 0.005, 0.185
2.725, 0.005, 0.185
2.7350000000000003, 0.005, 0.185
2.745, 0.005, 0.185
2.755, 0.005, 0.185
2.765, 0.005, 0.185
2.7750000000000004, 0.005, 0.185
2.785, 0.005, 0.185
2.795, 0.005, 0.185
0.005, 0.005, 0.195
0.015, 0.005, 0.195
0.025, 0.005, 0.195
0.035, 0.005, 0.195
0.045, 0.005, 0.195
0.055, 0.005, 0.195
0.065, 0.005, 0.195
0.07500000000000001, 0.005, 0.195
0.08499999999999999, 0.005, 0.195
0.095, 0.005, 0.195
0.10500000000000001, 0.005, 0.195
0.11499999999999999, 0.005, 0.195
0.125, 0.005, 0.195
0.135, 0.005, 0.195
0.14500000000000002, 0.005, 0.195
0.155, 0.005, 0.195
0.165, 0.005, 0.195
0.175, 0.005, 0.195
0.185, 0.005, 0.195
0.195, 0.005, 0.195
0.20500000000000002, 0.005, 0.195
0.215, 0.005, 0.195
0.225, 0.005, 0.195
0.235, 0.005, 0.195
0.245, 0.005, 0.195
0.255, 0.005, 0.195
0.265, 0.005, 0.195
0.275, 0.005, 0.195
0.28500000000000003, 0.005, 0.195
0.295, 0.005, 0.195
0.305, 0.005, 0.195
0.315, 0.005, 0.195
0.325, 0.005, 0.195
0.335, 0.005, 0.195
0.34500000000000003, 0.005, 0.195
0.355, 0.005, 0.195
0.365, 0.005, 0.195
0.375, 0.005, 0.195
0.385, 0.005, 0.195
0.395, 0.005, 0.195
0.405, 0.005, 0.195
0.41500000000000004, 0.005, 0.195
0.425, 0.005, 0.195
0.435, 0.005, 0.195
0.445, 0.005, 0.195
0.455, 0.005, 0.195
0.465, 0.005, 0.195
0.475, 0.005, 0.195
0.485, 0.005, 0.195
0.495, 0.005, 0.195
0.505, 0.005, 0.195
0.515, 0.005, 0.195
0.525, 0.005, 0.195
0.535, 0.005, 0.195
0.545, 0.005, 0.195
0.555, 0.005, 0.195
0.5650000000000001, 0.005, 0.195
0.575, 0.005, 0.195
0.585, 0.005, 0.195
0.595, 0.005, 0.195
0.605, 0.005, 0.195
0.615, 0.005, 0.195
0.625, 0.005, 0.195
0.635, 0.005, 0.195
0.645, 0.005, 0.195
0.655, 0.005, 0.195
0.665, 0.005, 0.195
0.675, 0.005, 0.195
0.685, 0.005, 0.195
0.6950000000000001, 0.005, 0.195
0.7050000000000001, 0.005, 0.195
0.715, 0.005, 0.195
0.725, 0.005, 0.195
0.735, 0.005, 0.195
0.745, 0.005, 0.195
0.755, 0.005, 0.195
0.765, 0.005, 0.195
0.775, 0.005, 0.195
0.785, 0.005, 0.195
0.795, 0.005, 0.195
0.805, 0.005, 0.195
0.8150000000000001, 0.005, 0.195
0.8250000000000001, 0.005, 0.195
0.835, 0.005, 0.195
0.845, 0.005, 0.195
0.855, 0.005, 0.195
0.865, 0.005, 0.195
0.875, 0.005, 0.195
0.885, 0.005, 0.195
0.895, 0.005, 0.195
0.905, 0.005, 0.195
0.915, 0.005, 0.195
0.925, 0.005, 0.195
0.935, 0.005, 0.195
0.9450000000000001, 0.005, 0.195
0.9550000000000001, 0.005, 0.195
0.965, 0.005, 0.195
0.975, 0.005, 0.195
0.985, 0.005, 0.195
0.995, 0.005, 0.195
1.005, 0.005, 0.195
1.0150000000000001, 0.005, 0.195
1.025, 0.005, 0.195
1.0350000000000001, 0.005, 0.195
1.045, 0.005, 0.195
1.0550000000000002, 0.005, 0.195
1.065, 0.005, 0.195
1.0750000000000002, 0.005, 0.195
1.085, 0.005, 0.195
1.0950000000000002, 0.005, 0.195
1.105, 0.005, 0.195
1.1150000000000002, 0.005, 0.195
1.125, 0.005, 0.195
1.1350000000000002, 0.005, 0.195
1.145, 0.005, 0.195
1.155, 0.005, 0.195
1.165, 0.005, 0.195
1.1749999999999998, 0.005, 0.195
1.185, 0.005, 0.195
1.1949999999999998, 0.005, 0.195
1.205, 0.005, 0.195
1.2149999999999999, 0.005, 0.195
1.225, 0.005, 0.195
1.2349999999999999, 0.005, 0.195
1.245, 0.005, 0.195
1.255, 0.005, 0.195
1.2650000000000001, 0.005, 0.195
1.275, 0.005, 0.195
1.2850000000000001, 0.005, 0.195
1.295, 0.005, 0.195
1.3050000000000002, 0.005, 0.195
1.315, 0.005, 0.195
1.3250000000000002, 0.005, 0.195
1.335, 0.005, 0.195
1.3450000000000002, 0.005, 0.195
1.355, 0.005, 0.195
1.3650000000000002, 0.005, 0.195
1.375, 0.005, 0.195
1.3850000000000002, 0.005, 0.195
1.395, 0.005, 0.195
1.405, 0.005, 0.195
1.415, 0.005, 0.195
1.4249999999999998, 0.005, 0.195
1.435, 0.005, 0.195
1.4449999999999998, 0.005, 0.195
1.455, 0.005, 0.195
1.4649999999999999, 0.005, 0.195
1.475, 0.005, 0.195
1.4849999999999999, 0.005, 0.195
1.495, 0.005, 0.195
1.505, 0.005, 0.195
1.5150000000000001, 0.005, 0.195
1.525, 0.005, 0.195
1.5350000000000001, 0.005, 0.195
1.545, 0.005, 0.195
1.5550000000000002, 0.005, 0.195
1.565, 0.005, 0.195
1.5750000000000002, 0.005, 0.195
1.585, 0.005, 0.195
1.5950000000000002, 0.005, 0.195
1.605, 0.005, 0.195
1.6150000000000002, 0.005, 0.195
1.625, 0.005, 0.195
1.6350000000000002, 0.005, 0.195
1.645, 0.005, 0.195
1.6550000000000002, 0.005, 0.195
1.665, 0.005, 0.195
1.6749999999999998, 0.005, 0.195
1.685, 0.005, 0.195
1.6949999999999998, 0.005, 0.195
1.705, 0.005, 0.195
1.7149999999999999, 0.005, 0.195
1.725, 0.005, 0.195
1.7349999999999999, 0.005, 0.195
1.745, 0.005, 0.195
1.755, 0.005, 0.195
1.7650000000000001, 0.005, 0.195
1.775, 0.005, 0.195
1.7850000000000001, 0.005, 0.195
1.795, 0.005, 0.195
1.8050000000000002, 0.005, 0.195
1.815, 0.005, 0.195
1.8250000000000002, 0.005, 0.195
1.835, 0.005, 0.195
1.8450000000000002, 0.005, 0.195
1.855, 0.005, 0.195
1.8650000000000002, 0.005, 0.195
1.875, 0.005, 0.195
1.8850000000000002, 0.005, 0.195
1.895, 0.005, 0.195
1.9050000000000002, 0.005, 0.195
1.915, 0.005, 0.195
1.9249999999999998, 0.005, 0.195
1.935, 0.005, 0.195
1.9449999999999998, 0.005, 0.195
1.955, 0.005, 0.195
1.9649999999999999, 0.005, 0.195
1.975, 0.005, 0.195
1.9849999999999999, 0.005, 0.195
1.995, 0.005, 0.195
2.005, 0.005, 0.195
2.015, 0.005, 0.195
2.0250000000000004, 0.005, 0.195
2.035, 0.005, 0.195
2.045, 0.005, 0.195
2.0549999999999997, 0.005, 0.195
2.065, 0.005, 0.195
2.075, 0.005, 0.195
2.085, 0.005, 0.195
2.0949999999999998, 0.005, 0.195
2.105, 0.005, 0.195
2.115, 0.005, 0.195
2.125, 0.005, 0.195
2.135, 0.005, 0.195
2.145, 0.005, 0.195
2.1550000000000002, 0.005, 0.195
2.165, 0.005, 0.195
2.175, 0.005, 0.195
2.185, 0.005, 0.195
2.1950000000000003, 0.005, 0.195
2.205, 0.005, 0.195
2.215, 0.005, 0.195
2.225, 0.005, 0.195
2.2350000000000003, 0.005, 0.195
2.245, 0.005, 0.195
2.255, 0.005, 0.195
2.265, 0.005, 0.195
2.2750000000000004, 0.005, 0.195
2.285, 0.005, 0.195
2.295, 0.005, 0.195
2.305, 0.005, 0.195
2.315, 0.005, 0.195
2.325, 0.005, 0.195
2.335, 0.005, 0.195
2.3449999999999998, 0.005, 0.195
2.355, 0.005, 0.195
2.365, 0.005, 0.195
2.375, 0.005, 0.195
2.385, 0.005, 0.195
2.395, 0.005, 0.195
2.4050000000000002, 0.005, 0.195
2.415, 0.005, 0.195
2.425, 0.005, 0.195
2.435, 0.005, 0.195
2.4450000000000003, 0.005, 0.195
2.455, 0.005, 0.195
2.465, 0.005, 0.195
2.475, 0.005, 0.195
2.4850000000000003, 0.005, 0.195
2.495, 0.005, 0.195
2.505, 0.005, 0.195
2.515, 0.005, 0.195
2.5250000000000004, 0.005, 0.195
2.535, 0.005, 0.195
2.545, 0.005, 0.195
2.555, 0.005, 0.195
2.565, 0.005, 0.195
2.575, 0.005, 0.195
2.585, 0.005, 0.195
2.5949999999999998, 0.005, 0.195
2.605, 0.005, 0.195
2.615, 0.005, 0.195
2.625, 0.005, 0.195
2.635, 0.005, 0.195
2.645, 0.005, 0.195
2.6550000000000002, 0.005, 0.195
2.665, 0.005, 0.195
2.675, 0.005, 0.195
2.685, 0.005, 0.195
2.6950000000000003, 0.005, 0.195
2.705, 0.005, 0.195
2.715, 0.005, 0.195
2.725, 0.005, 0.195
2.7350000000000003, 0.005, 0.195
2.745, 0.005, 0.195
2.755, 0.005, 0.195
2.765, 0.005, 0.195
2.7750000000000004, 0.005, 0.195
2.785, 0.005, 0.195
2.795, 0.005, 0.195
0.005, 0.005, 0.20500000000000002
0.015, 0.005, 0.20500000000000002
0.025, 0.005, 0.20500000000000002
0.035, 0.005, 0.20500000000000002
0.045, 0.005, 0.20500000000000002
0.055, 0.005, 0.20500000000000002
0.065, 0.005, 0.20500000000000002
0.07500000000000001, 0.005, 0.20500000000000002
0.08499999999999999, 0.005, 0.20500000000000002
0.095, 0.005, 0.20500000000000002
0.10500000000000001, 0.005, 0.20500000000000002
0.11499999999999999, 0.005, 0.20500000000000002
0.125, 0.005, 0.20500000000000002
0.135, 0.005, 0.20500000000000002
0.14500000000000002, 0.005, 0.20500000000000002
0.155, 0.005, 0.20500000000000002
0.165, 0.005, 0.20500000000000002
0.175, 0.005, 0.20500000000000002
0.185, 0.005, 0.20500000000000002
0.195, 0.005, 0.20500000000000002
0.20500000000000002, 0.005, 0.20500000000000002
0.215, 0.005, 0.20500000000000002
0.225, 0.005, 0.20500000000000002
0.235, 0.005, 0.20500000000000002
0.245, 0.005, 0.20500000000000002
0.255, 0.005, 0.20500000000000002
0.265, 0.005, 0.20500000000000002
0.275, 0.005, 0.20500000000000002
0.28500000000000003, 0.005, 0.20500000000000002
0.295, 0.005, 0.20500000000000002
0.305, 0.005, 0.20500000000000002
0.315, 0.005, 0.20500000000000002
0.325, 0.005, 0.20500000000000002
0.335, 0.005, 0.20500000000000002
0.34500000000000003, 0.005, 0.20500000000000002
0.355, 0.005, 0.20500000000000002
0.365, 0.005, 0.20500000000000002
0.375, 0.005, 0.20500000000000002
0.385, 0.005, 0.20500000000000002
0.395, 0.005, 0.20500000000000002
0.405, 0.005, 0.20500000000000002
0.41500000000000004, 0.005, 0.20500000000000002
0.425, 0.005, 0.20500000000000002
0.435, 0.005, 0.20500000000000002
0.445, 0.005, 0.20500000000000002
0.455, 0.005, 0.20500000000000002
0.465, 0.005, 0.20500000000000002
0.475, 0.005, 0.20500000000000002
0.485, 0.005, 0.20500000000000002
0.495, 0.005, 0.20500000000000002
0.505, 0.005, 0.20500000000000002
0.515, 0.005, 0.20500000000000002
0.525, 0.005, 0.20500000000000002
0.535, 0.005, 0.20500000000000002
0.545, 0.005, 0.20500000000000002
0.555, 0.005, 0.20500000000000002
0.5650000000000001, 0.005, 0.20500000000000002
0.575, 0.005, 0.20500000000000002
0.585, 0.005, 0.20500000000000002
0.595, 0.005, 0.20500000000000002
0.605, 0.005, 0.20500000000000002
0.615, 0.005, 0.20500000000000002
0.625, 0.005, 0.20500000000000002
0.635, 0.005, 0.20500000000000002
0.645, 0.005, 0.20500000000000002
0.655, 0.005, 0.20500000000000002
0.665, 0.005, 0.20500000000000002
0.675, 0.005, 0.20500000000000002
0.685, 0.005, 0.20500000000000002
0.6950000000000001, 0.005, 0.20500000000000002
0.7050000000000001, 0.005, 0.20500000000000002
0.715, 0.005, 0.20500000000000002
0.725, 0.005, 0.20500000000000002
0.735, 0.005, 0.20500000000000002
0.745, 0.005, 0.20500000000000002
0.755, 0.005, 0.20500000000000002
0.765, 0.005, 0.20500000000000002
0.775, 0.005, 0.20500000000000002
0.785, 0.005, 0.20500000000000002
0.795, 0.005, 0.20500000000000002
0.805, 0.005, 0.20500000000000002
0.8150000000000001, 0.005, 0.20500000000000002
0.8250000000000001, 0.005, 0.20500000000000002
0.835, 0.005, 0.20500000000000002
0.845, 0.005, 0.20500000000000002
0.855, 0.005, 0.20500000000000002
0.865, 0.005, 0.20500000000000002
0.875, 0.005, 0.20500000000000002
0.885, 0.005, 0.20500000000000002
0.895, 0.005, 0.20500000000000002
0.905, 0.005, 0.20500000000000002
0.915, 0.005, 0.20500000000000002
0.925, 0.005, 0.20500000000000002
0.935, 0.005, 0.20500000000000002
0.9450000000000001, 0.005, 0.20500000000000002
0.9550000000000001, 0.005, 0.20500000000000002
0.965, 0.005, 0.20500000000000002
0.975, 0.005, 0.20500000000000002
0.985, 0.005, 0.20500000000000002
0.995, 0.005, 0.20500000000000002
1.005, 0.005, 0.20500000000000002
1.0150000000000001, 0.005, 0.20500000000000002
1.025, 0.005, 0.20500000000000002
1.0350000000000001, 0.005, 0.20500000000000002
1.045, 0.005, 0.20500000000000002
1.0550000000000002, 0.005, 0.20500000000000002
1.065, 0.005, 0.20500000000000002
1.0750000000000002, 0.005, 0.20500000000000002
1.085, 0.005, 0.20500000000000002
1.0950000000000002, 0.005, 0.20500000000000002
1.105, 0.005, 0.20500000000000002
1.1150000000000002, 0.005, 0.20500000000000002
1.125, 0.005, 0.20500000000000002
1.1350000000000002, 0.005, 0.20500000000000002
1.145, 0.005, 0.20500000000000002
1.155, 0.005, 0.20500000000000002
1.165, 0.005, 0.20500000000000002
1.1749999999999998, 0.005, 0.20500000000000002
1.185, 0.005, 0.20500000000000002
1.1949999999999998, 0.005, 0.20500000000000002
1.205, 0.005, 0.20500000000000002
1.2149999999999999, 0.005, 0.20500000000000002
1.225, 0.005, 0.20500000000000002
1.2349999999999999, 0.005, 0.20500000000000002
1.245, 0.005, 0.20500000000000002
1.255, 0.005, 0.20500000000000002
1.2650000000000001, 0.005, 0.20500000000000002
1.275, 0.005, 0.20500000000000002
1.2850000000000001, 0.005, 0.20500000000000002
1.295, 0.005, 0.20500000000000002
1.3050000000000002, 0.005, 0.20500000000000002
1.315, 0.005, 0.20500000000000002
1.3250000000000002, 0.005, 0.20500000000000002
1.335, 0.005, 0.20500000000000002
1.3450000000000002, 0.005, 0.20500000000000002
1.355, 0.005, 0.20500000000000002
1.3650000000000002, 0.005, 0.20500000000000002
1.375, 0.005, 0.20500000000000002
1.3850000000000002, 0.005, 0.20500000000000002
1.395, 0.005, 0.20500000000000002
1.405, 0.005, 0.20500000000000002
1.415, 0.005, 0.20500000000000002
1.4249999999999998, 0.005, 0.20500000000000002
1.435, 0.005, 0.20500000000000002
1.4449999999999998, 0.005, 0.20500000000000002
1.455, 0.005, 0.20500000000000002
1.4649999999999999, 0.005, 0.20500000000000002
1.475, 0.005, 0.20500000000000002
1.4849999999999999, 0.005, 0.20500000000000002
1.495, 0.005, 0.20500000000000002
1.505, 0.005, 0.20500000000000002
1.5150000000000001, 0.005, 0.20500000000000002
1.525, 0.005, 0.20500000000000002
1.5350000000000001, 0.005, 0.20500000000000002
1.545, 0.005, 0.20500000000000002
1.5550000000000002, 0.005, 0.20500000000000002
1.565, 0.005, 0.20500000000000002
1.5750000000000002, 0.005, 0.20500000000000002
1.585, 0.005, 0.20500000000000002
1.5950000000000002, 0.005, 0.20500000000000002
1.605, 0.005, 0.20500000000000002
1.6150000000000002, 0.005, 0.20500000000000002
1.625, 0.005, 0.20500000000000002
1.6350000000000002, 0.005, 0.20500000000000002
1.645, 0.005, 0.20500000000000002
1.6550000000000002, 0.005, 0.20500000000000002
1.665, 0.005, 0.20500000000000002
1.6749999999999998, 0.005, 0.20500000000000002
1.685, 0.005, 0.20500000000000002
1.6949999999999998, 0.005, 0.20500000000000002
1.705, 0.005, 0.20500000000000002
1.7149999999999999, 0.005, 0.20500000000000002
1.725, 0.005, 0.20500000000000002
1.7349999999999999, 0.005, 0.20500000000000002
1.745, 0.005, 0.20500000000000002
1.755, 0.005, 0.20500000000000002
1.7650000000000001, 0.005, 0.20500000000000002
1.775, 0.005, 0.20500000000000002
1.7850000000000001, 0.005, 0.20500000000000002
1.795, 0.005, 0.20500000000000002
1.8050000000000002, 0.005, 0.20500000000000002
1.815, 0.005, 0.20500000000000002
1.8250000000000002, 0.005, 0.20500000000000002
1.835, 0.005, 0.20500000000000002
1.8450000000000002, 0.005, 0.20500000000000002
1.855, 0.005, 0.20500000000000002
1.8650000000000002, 0.005, 0.20500000000000002
1.875, 0.005, 0.20500000000000002
1.8850000000000002, 0.005, 0.20500000000000002
1.895, 0.005, 0.20500000000000002
1.9050000000000002, 0.005, 0.20500000000000002
1.915, 0.005, 0.20500000000000002
1.9249999999999998, 0.005, 0.20500000000000002
1.935, 0.005, 0.20500000000000002
1.9449999999999998, 0.005, 0.20500000000000002
1.955, 0.005, 0.20500000000000002
1.9649999999999999, 0.005, 0.20500000000000002
1.975, 0.005, 0.20500000000000002
1.9849999999999999, 0.005, 0.20500000000000002
1.995, 0.005, 0.20500000000000002
2.005, 0.005, 0.20500000000000002
2.015, 0.005, 0.20500000000000002
2.0250000000000004, 0.005, 0.20500000000000002
2.035, 0.005, 0.20500000000000002
2.045, 0.005, 0.20500000000000002
2.0549999999999997, 0.005, 0.20500000000000002
2.065, 0.005, 0.20500000000000002
2.075, 0.005, 0.20500000000000002
2.085, 0.005, 0.20500000000000002
2.0949999999999998, 0.005, 0.20500000000000002
2.105, 0.005, 0.20500000000000002
2.115, 0.005, 0.20500000000000002
2.125, 0.005, 0.20500000000000002
2.135, 0.005, 0.20500000000000002
2.145, 0.005, 0.20500000000000002
2.1550000000000002, 0.005, 0.20500000000000002
2.165, 0.005, 0.20500000000000002
2.175, 0.005, 0.20500000000000002
2.185, 0.005, 0.20500000000000002
2.1950000000000003, 0.005, 0.20500000000000002
2.205, 0.005, 0.20500000000000002
2.215, 0.005, 0.20500000000000002
2.225, 0.005, 0.20500000000000002
2.2350000000000003, 0.005, 0.20500000000000002
2.245, 0.005, 0.20500000000000002
2.255, 0.005, 0.20500000000000002
2.265, 0.005, 0.20500000000000002
2.2750000000000004, 0.005, 0.20500000000000002
2.285, 0.005, 0.20500000000000002
2.295, 0.005, 0.20500000000000002
2.305, 0.005, 0.20500000000000002
2.315, 0.005, 0.20500000000000002
2.325, 0.005, 0.20500000000000002
2.335, 0.005, 0.20500000000000002
2.3449999999999998, 0.005, 0.20500000000000002
2.355, 0.005, 0.20500000000000002
2.365, 0.005, 0.20500000000000002
2.375, 0.005, 0.20500000000000002
2.385, 0.005, 0.20500000000000002
2.395, 0.005, 0.20500000000000002
2.4050000000000002, 0.005, 0.20500000000000002
2.415, 0.005, 0.20500000000000002
2.425, 0.005, 0.20500000000000002
2.435, 0.005, 0.20500000000000002
2.4450000000000003, 0.005, 0.20500000000000002
2.455, 0.005, 0.20500000000000002
2.465, 0.005, 0.20500000000000002
2.475, 0.005, 0.20500000000000002
2.4850000000000003, 0.005, 0.20500000000000002
2.495, 0.005, 0.20500000000000002
2.505, 0.005, 0.20500000000000002
2.515, 0.005, 0.20500000000000002
2.5250000000000004, 0.005, 0.20500000000000002
2.535, 0.005, 0.20500000000000002
2.545, 0.005, 0.20500000000000002
2.555, 0.005, 0.20500000000000002
2.565, 0.005, 0.20500000000000002
2.575, 0.005, 0.20500000000000002
2.585, 0.005, 0.20500000000000002
2.5949999999999998, 0.005, 0.20500000000000002
2.605, 0.005, 0.20500000000000002
2.615, 0.005, 0.20500000000000002
2.625, 0.005, 0.20500000000000002
2.635, 0.005, 0.20500000000000002
2.645, 0.005, 0.20500000000000002
2.6550000000000002, 0.005, 0.20500000000000002
2.665, 0.005, 0.20500000000000002
2.675, 0.005, 0.20500000000000002
2.685, 0.005, 0.20500000000000002
2.6950000000000003, 0.005, 0.20500000000000002
2.705, 0.005, 0.20500000000000002
2.715, 0.005, 0.20500000000000002
2.725, 0.005, 0.20500000000000002
2.7350000000000003, 0.005, 0.20500000000000002
2.745, 0.005, 0.20500000000000002
2.755, 0.005, 0.20500000000000002
2.765, 0.005, 0.20500000000000002
2.7750000000000004, 0.005, 0.20500000000000002
2.785, 0.005, 0.20500000000000002
2.795, 0.005, 0.20500000000000002
0.005, 0.005, 0.215
0.015, 0.005, 0.215
0.025, 0.005, 0.215
0.035, 0.005, 0.215
0.045, 0.005, 0.215
0.055, 0.005, 0.215
0.065, 0.005, 0.215
0.07500000000000001, 0.005, 0.215
0.08499999999999999, 0.005, 0.215
0.095, 0.005, 0.215
0.10500000000000001, 0.005, 0.215
0.11499999999999999, 0.005, 0.215
0.125, 0.005, 0.215
0.135, 0.005, 0.215
0.14500000000000002, 0.005, 0.215
0.155, 0.005, 0.215
0.165, 0.005, 0.215
0.175, 0.005, 0.215
0.185, 0.005, 0.215
0.195, 0.005, 0.215
0.20500000000000002, 0.005, 0.215
0.215, 0.005, 0.215
0.225, 0.005, 0.215
0.235, 0.005, 0.215
0.245, 0.005, 0.215
0.255, 0.005, 0.215
0.265, 0.005, 0.215
0.275, 0.005, 0.215
0.28500000000000003, 0.005, 0.215
0.295, 0.005, 0.215
0.305, 0.005, 0.215
0.315, 0.005, 0.215
0.325, 0.005, 0.215
0.335, 0.005, 0.215
0.34500000000000003, 0.005, 0.215
0.355, 0.005, 0.215
0.365, 0.005, 0.215
0.375, 0.005, 0.215
0.385, 0.005, 0.215
0.395, 0.005, 0.215
0.405, 0.005, 0.215
0.41500000000000004, 0.005, 0.215
0.425, 0.005, 0.215
0.435, 0.005, 0.215
0.445, 0.005, 0.215
0.455, 0.005, 0.215
0.465, 0.005, 0.215
0.475, 0.005, 0.215
0.485, 0.005, 0.215
0.495, 0.005, 0.215
0.505, 0.005, 0.215
0.515, 0.005, 0.215
0.525, 0.005, 0.215
0.535, 0.005, 0.215
0.545, 0.005, 0.215
0.555, 0.005, 0.215
0.5650000000000001, 0.005, 0.215
0.575, 0.005, 0.215
0.585, 0.005, 0.215
0.595, 0.005, 0.215
0.605, 0.005, 0.215
0.615, 0.005, 0.215
0.625, 0.005, 0.215
0.635, 0.005, 0.215
0.645, 0.005, 0.215
0.655, 0.005, 0.215
0.665, 0.005, 0.215
0.675, 0.005, 0.215
0.685, 0.005, 0.215
0.6950000000000001, 0.005, 0.215
0.7050000000000001, 0.005, 0.215
0.715, 0.005, 0.215
0.725, 0.005, 0.215
0.735, 0.005, 0.215
0.745, 0.005, 0.215
0.755, 0.005, 0.215
0.765, 0.005, 0.215
0.775, 0.005, 0.215
0.785, 0.005, 0.215
0.795, 0.005, 0.215
0.805, 0.005, 0.215
0.8150000000000001, 0.005, 0.215
0.8250000000000001, 0.005, 0.215
0.835, 0.005, 0.215
0.845, 0.005, 0.215
0.855, 0.005, 0.215
0.865, 0.005, 0.215
0.875, 0.005, 0.215
0.885, 0.005, 0.215
0.895, 0.005, 0.215
0.905, 0.005, 0.215
0.915, 0.005, 0.215
0.925, 0.005, 0.215
0.935, 0.005, 0.215
0.9450000000000001, 0.005, 0.215
0.9550000000000001, 0.005, 0.215
0.965, 0.005, 0.215
0.975, 0.005, 0.215
0.985, 0.005, 0.215
0.995, 0.005, 0.215
1.005, 0.005, 0.215
1.0150000000000001, 0.005, 0.215
1.025, 0.005, 0.215
1.0350000000000001, 0.005, 0.215
1.045, 0.005, 0.215
1.0550000000000002, 0.005, 0.215
1.065, 0.005, 0.215
1.0750000000000002, 0.005, 0.215
1.085, 0.005, 0.215
1.0950000000000002, 0.005, 0.215
1.105, 0.005, 0.215
1.1150000000000002, 0.005, 0.215
1.125, 0.005, 0.215
1.1350000000000002, 0.005, 0.215
1.145, 0.005, 0.215
1.155, 0.005, 0.215
1.165, 0.005, 0.215
1.1749999999999998, 0.005, 0.215
1.185, 0.005, 0.215
1.1949999999999998, 0.005, 0.215
1.205, 0.005, 0.215
1.2149999999999999, 0.005, 0.215
1.225, 0.005, 0.215
1.2349999999999999, 0.005, 0.215
1.245, 0.005, 0.215
1.255, 0.005, 0.215
1.2650000000000001, 0.005, 0.215
1.275, 0.005, 0.215
1.2850000000000001, 0.005, 0.215
1.295, 0.005, 0.215
1.3050000000000002, 0.005, 0.215
1.315, 0.005, 0.215
1.3250000000000002, 0.005, 0.215
1.335, 0.005, 0.215
1.3450000000000002, 0.005, 0.215
1.355, 0.005, 0.215
1.3650000000000002, 0.005, 0.215
1.375, 0.005, 0.215
1.3850000000000002, 0.005, 0.215
1.395, 0.005, 0.215
1.405, 0.005, 0.215
1.415, 0.005, 0.215
1.4249999999999998, 0.005, 0.215
1.435, 0.005, 0.215
1.4449999999999998, 0.005, 0.215
1.455, 0.005, 0.215
1.4649999999999999, 0.005, 0.215
1.475, 0.005, 0.215
1.4849999999999999, 0.005, 0.215
1.495, 0.005, 0.215
1.505, 0.005, 0.215
1.5150000000000001, 0.005, 0.215
1.525, 0.005, 0.215
1.5350000000000001, 0.005, 0.215
1.545, 0.005, 0.215
1.5550000000000002, 0.005, 0.215
1.565, 0.005, 0.215
1.5750000000000002, 0.005, 0.215
1.585, 0.005, 0.215
1.5950000000000002, 0.005, 0.215
1.605, 0.005, 0.215
1.6150000000000002, 0.005, 0.215
1.625, 0.005, 0.215
1.6350000000000002, 0.005, 0.215
1.645, 0.005, 0.215
1.6550000000000002, 0.005, 0.215
1.665, 0.005, 0.215
1.6749999999999998, 0.005, 0.215
1.685, 0.005, 0.215
1.6949999999999998, 0.005, 0.215
1.705, 0.005, 0.215
1.7149999999999999, 0.005, 0.215
1.725, 0.005, 0.215
1.7349999999999999, 0.005, 0.215
1.745, 0.005, 0.215
1.755, 0.005, 0.215
1.7650000000000001, 0.005, 0.215
1.775, 0.005, 0.215
1.7850000000000001, 0.005, 0.215
1.795, 0.005, 0.215
1.8050000000000002, 0.005, 0.215
1.815, 0.005, 0.215
1.8250000000000002, 0.005, 0.215
1.835, 0.005, 0.215
1.8450000000000002, 0.005, 0.215
1.855, 0.005, 0.215
1.8650000000000002, 0.005, 0.215
1.875, 0.005, 0.215
1.8850000000000002, 0.005, 0.215
1.895, 0.005, 0.215
1.9050000000000002, 0.005, 0.215
1.915, 0.005, 0.215
1.9249999999999998, 0.005, 0.215
1.935, 0.005, 0.215
1.9449999999999998, 0.005, 0.215
1.955, 0.005, 0.215
1.9649999999999999, 0.005, 0.215
1.975, 0.005, 0.215
1.9849999999999999, 0.005, 0.215
1.995, 0.005, 0.215
2.005, 0.005, 0.215
2.015, 0.005, 0.215
2.0250000000000004, 0.005, 0.215
2.035, 0.005, 0.215
2.045, 0.005, 0.215
2.0549999999999997, 0.005, 0.215
2.065, 0.005, 0.215
2.075, 0.005, 0.215
2.085, 0.005, 0.215
2.0949999999999998, 0.005, 0.215
2.105, 0.005, 0.215
2.115, 0.005, 0.215
2.125, 0.005, 0.215
2.135, 0.005, 0.215
2.145, 0.005, 0.215
2.1550000000000002, 0.005, 0.215
2.165, 0.005, 0.215
2.175, 0.005, 0.215
2.185, 0.005, 0.215
2.1950000000000003, 0.005, 0.215
2.205, 0.005, 0.215
2.215, 0.005, 0.215
2.225, 0.005, 0.215
2.2350000000000003, 0.005, 0.215
2.245, 0.005, 0.215
2.255, 0.005, 0.215
2.265, 0.005, 0.215
2.2750000000000004, 0.005, 0.215
2.285, 0.005, 0.215
2.295, 0.005, 0.215
2.305, 0.005, 0.215
2.315, 0.005, 0.215
2.325, 0.005, 0.215
2.335, 0.005, 0.215
2.3449999999999998, 0.005, 0.215
2.355, 0.005, 0.215
2.365, 0.005, 0.215
2.375, 0.005, 0.215
2.385, 0.005, 0.215
2.395, 0.005, 0.215
2.4050000000000002, 0.005, 0.215
2.415, 0.005, 0.215
2.425, 0.005, 0.215
2.435, 0.005, 0.215
2.4450000000000003, 0.005, 0.215
2.455, 0.005, 0.215
2.465, 0.005, 0.215
2.475, 0.005, 0.215
2.4850000000000003, 0.005, 0.215
2.495, 0.005, 0.215
2.505, 0.005, 0.215
2.515, 0.005, 0.215
2.5250000000000004, 0.005, 0.215
2.535, 0.005, 0.215
2.545, 0.005, 0.215
2.555, 0.005, 0.215
2.565, 0.005, 0.215
2.575, 0.005, 0.215
2.585, 0.005, 0.215
2.5949999999999998, 0.005, 0.215
2.605, 0.005, 0.215
2.615, 0.005, 0.215
2.625, 0.005, 0.215
2.635, 0.005, 0.215
2.645, 0.005, 0.215
2.6550000000000002, 0.005, 0.215
2.665, 0.005, 0.215
2.675, 0.005, 0.215
2.685, 0.005, 0.215
2.6950000000000003, 0.005, 0.215
2.705, 0.005, 0.215
2.715, 0.005, 0.215
2.725, 0.005, 0.215
2.7350000000000003, 0.005, 0.215
2.745, 0.005, 0.215
2.755, 0.005, 0.215
2.765, 0.005, 0.215
2.7750000000000004, 0.005, 0.215
2.785, 0.005, 0.215
2.795, 0.005, 0.215
0.005, 0.005, 0.225
0.015, 0.005, 0.225
0.025, 0.005, 0.225
0.035, 0.005, 0.225
0.045, 0.005, 0.225
0.055, 0.005, 0.225
0.065, 0.005, 0.225
0.07500000000000001, 0.005, 0.225
0.08499999999999999, 0.005, 0.225
0.095, 0.005, 0.225
0.10500000000000001, 0.005, 0.225
0.11499999999999999, 0.005, 0.225
0.125, 0.005, 0.225
0.135, 0.005, 0.225
0.14500000000000002, 0.005, 0.225
0.155, 0.005, 0.225
0.165, 0.005, 0.225
0.175, 0.005, 0.225
0.185, 0.005, 0.225
0.195, 0.005, 0.225
0.20500000000000002, 0.005, 0.225
0.215, 0.005, 0.225
0.225, 0.005, 0.225
0.235, 0.005, 0.225
0.245, 0.005, 0.225
0.255, 0.005, 0.225
0.265, 0.005, 0.225
0.275, 0.005, 0.225
0.28500000000000003, 0.005, 0.225
0.295, 0.005, 0.225
0.305, 0.005, 0.225
0.315, 0.005, 0.225
0.325, 0.005, 0.225
0.335, 0.005, 0.225
0.34500000000000003, 0.005, 0.225
0.355, 0.005, 0.225
0.365, 0.005, 0.225
0.375, 0.005, 0.225
0.385, 0.005, 0.225
0.395, 0.005, 0.225
0.405, 0.005, 0.225
0.41500000000000004, 0.005, 0.225
0.425, 0.005, 0.225
0.435, 0.005, 0.225
0.445, 0.005, 0.225
0.455, 0.005, 0.225
0.465, 0.005, 0.225
0.475, 0.005, 0.225
0.485, 0.005, 0.225
0.495, 0.005, 0.225
0.505, 0.005, 0.225
0.515, 0.005, 0.225
0.525, 0.005, 0.225
0.535, 0.005, 0.225
0.545, 0.005, 0.225
0.555, 0.005, 0.225
0.5650000000000001, 0.005, 0.225
0.575, 0.005, 0.225
0.585, 0.005, 0.225
0.595, 0.005, 0.225
0.605, 0.005, 0.225
0.615, 0.005, 0.225
0.625, 0.005, 0.225
0.635, 0.005, 0.225
0.645, 0.005, 0.225
0.655, 0.005, 0.225
0.665, 0.005, 0.225
0.675, 0.005, 0.225
0.685, 0.005, 0.225
0.6950000000000001, 0.005, 0.225
0.7050000000000001, 0.005, 0.225
0.715, 0.005, 0.225
0.725, 0.005, 0.225
0.735, 0.005, 0.225
0.745, 0.005, 0.225
0.755, 0.005, 0.225
0.765, 0.005, 0.225
0.775, 0.005, 0.225
0.785, 0.005, 0.225
0.795, 0.005, 0.225
0.805, 0.005, 0.225
0.8150000000000001, 0.005, 0.225
0.8250000000000001, 0.005, 0.225
0.835, 0.005, 0.225
0.845, 0.005, 0.225
0.855, 0.005, 0.225
0.865, 0.005, 0.225
0.875, 0.005, 0.225
0.885, 0.005, 0.225
0.895, 0.005, 0.225
0.905, 0.005, 0.225
0.915, 0.005, 0.225
0.925, 0.005, 0.225
0.935, 0.005, 0.225
0.9450000000000001, 0.005, 0.225
0.9550000000000001, 0.005, 0.225
0.965, 0.005, 0.225
0.975, 0.005, 0.225
0.985, 0.005, 0.225
0.995, 0.005, 0.225
1.005, 0.005, 0.225
1.0150000000000001, 0.005, 0.225
1.025, 0.005, 0.225
1.0350000000000001, 0.005, 0.225
1.045, 0.005, 0.225
1.0550000000000002, 0.005, 0.225
1.065, 0.005, 0.225
1.0750000000000002, 0.005, 0.225
1.085, 0.005, 0.225
1.0950000000000002, 0.005, 0.225
1.105, 0.005, 0.225
1.1150000000000002, 0.005, 0.225
1.125, 0.005, 0.225
1.1350000000000002, 0.005, 0.225
1.145, 0.005, 0.225
1.155, 0.005, 0.225
1.165, 0.005, 0.225
1.1749999999999998, 0.005, 0.225
1.185, 0.005, 0.225
1.1949999999999998, 0.005, 0.225
1.205, 0.005, 0.225
1.2149999999999999, 0.005, 0.225
1.225, 0.005, 0.225
1.2349999999999999, 0.005, 0.225
1.245, 0.005, 0.225
1.255, 0.005, 0.225
1.2650000000000001, 0.005, 0.225
1.275, 0.005, 0.225
1.2850000000000001, 0.005, 0.225
1.295, 0.005, 0.225
1.3050000000000002, 0.005, 0.225
1.315, 0.005, 0.225
1.3250000000000002, 0.005, 0.225
1.335, 0.005, 0.225
1.3450000000000002, 0.005, 0.225
1.355, 0.005, 0.225
1.3650000000000002, 0.005, 0.225
1.375, 0.005, 0.225
1.3850000000000002, 0.005, 0.225
1.395, 0.005, 0.225
1.405, 0.005, 0.225
1.415, 0.005, 0.225
1.4249999999999998, 0.005, 0.225
1.435, 0.005, 0.225
1.4449999999999998, 0.005, 0.225
1.455, 0.005, 0.225
1.4649999999999999, 0.005, 0.225
1.475, 0.005, 0.225
1.4849999999999999, 0.005, 0.225
1.495, 0.005, 0.225
1.505, 0.005, 0.225
1.5150000000000001, 0.005, 0.225
1.525, 0.005, 0.225
1.5350000000000001, 0.005, 0.225
1.545, 0.005, 0.225
1.5550000000000002, 0.005, 0.225
1.565, 0.005, 0.225
1.5750000000000002, 0.005, 0.225
1.585, 0.005, 0.225
1.5950000000000002, 0.005, 0.225
1.605, 0.005, 0.225
1.6150000000000002, 0.005, 0.225
1.625, 0.005, 0.225
1.6350000000000002, 0.005, 0.225
1.645, 0.005, 0.225
1.6550000000000002, 0.005, 0.225
1.665, 0.005, 0.225
1.6749999999999998, 0.005, 0.225
1.685, 0.005, 0.225
1.6949999999999998, 0.005, 0.225
1.705, 0.005, 0.225
1.7149999999999999, 0.005, 0.225
1.725, 0.005, 0.225
1.7349999999999999, 0.005, 0.225
1.745, 0.005, 0.225
1.755, 0.005, 0.225
1.7650000000000001, 0.005, 0.225
1.775, 0.005, 0.225
1.7850000000000001, 0.005, 0.225
1.795, 0.005, 0.225
1.8050000000000002, 0.005, 0.225
1.815, 0.005, 0.225
1.8250000000000002, 0.005, 0.225
1.835, 0.005, 0.225
1.8450000000000002, 0.005, 0.225
1.855, 0.005, 0.225
1.8650000000000002, 0.005, 0.225
1.875, 0.005, 0.225
1.8850000000000002, 0.005, 0.225
1.895, 0.005, 0.225
1.9050000000000002, 0.005, 0.225
1.915, 0.005, 0.225
1.9249999999999998, 0.005, 0.225
1.935, 0.005, 0.225
1.9449999999999998, 0.005, 0.225
1.955, 0.005, 0.225
1.9649999999999999, 0.005, 0.225
1.975, 0.005, 0.225
1.9849999999999999, 0.005, 0.225
1.995, 0.005, 0.225
2.005, 0.005, 0.225
2.015, 0.005, 0.225
2.0250000000000004, 0.005, 0.225
2.035, 0.005, 0.225
2.045, 0.005, 0.225
2.0549999999999997, 0.005, 0.225
2.065, 0.005, 0.225
2.075, 0.005, 0.225
2.085, 0.005, 0.225
2.0949999999999998, 0.005, 0.225
2.105, 0.005, 0.225
2.115, 0.005, 0.225
2.125, 0.005, 0.225
2.135, 0.005, 0.225
2.145, 0.005, 0.225
2.1550000000000002, 0.005, 0.225
2.165, 0.005, 0.225
2.175, 0.005, 0.225
2.185, 0.005, 0.225
2.1950000000000003, 0.005, 0.225
2.205, 0.005, 0.225
2.215, 0.005, 0.225
2.225, 0.005, 0.225
2.2350000000000003, 0.005, 0.225
2.245, 0.005, 0.225
2.255, 0.005, 0.225
2.265, 0.005, 0.225
2.2750000000000004, 0.005, 0.225
2.285, 0.005, 0.225
2.295, 0.005, 0.225
2.305, 0.005, 0.225
2.315, 0.005, 0.225
2.325, 0.005, 0.225
2.335, 0.005, 0.225
2.3449999999999998, 0.005, 0.225
2.355, 0.005, 0.225
2.365, 0.005, 0.225
2.375, 0.005, 0.225
2.385, 0.005, 0.225
2.395, 0.005, 0.225
2.4050000000000002, 0.005, 0.225
2.415, 0.005, 0.225
2.425, 0.005, 0.225
2.435, 0.005, 0.225
2.4450000000000003, 0.005, 0.225
2.455, 0.005, 0.225
2.465, 0.005, 0.225
2.475, 0.005, 0.225
2.4850000000000003, 0.005, 0.225
2.495, 0.005, 0.225
2.505, 0.005, 0.225
2.515, 0.005, 0.225
2.5250000000000004, 0.005, 0.225
2.535, 0.005, 0.225
2.545, 0.005, 0.225
2.555, 0.005, 0.225
2.565, 0.005, 0.225
2.575, 0.005, 0.225
2.585, 0.005, 0.225
2.5949999999999998, 0.005, 0.225
2.605, 0.005, 0.225
2.615, 0.005, 0.225
2.625, 0.005, 0.225
2.635, 0.005, 0.225
2.645, 0.005, 0.225
2.6550000000000002, 0.005, 0.225
2.665, 0.005, 0.225
2.675, 0.005, 0.225
2.685, 0.005, 0.225
2.6950000000000003, 0.005, 0.225
2.705, 0.005, 0.225
2.715, 0.005, 0.225
2.725, 0.005, 0.225
2.7350000000000003, 0.005, 0.225
2.745, 0.005, 0.225
2.755, 0.005, 0.225
2.765, 0.005, 0.225
2.7750000000000004, 0.005, 0.225
2.785, 0.005, 0.225
2.795, 0.005, 0.225
0.005, 0.005, 0.235
0.015, 0.005, 0.235
0.025, 0.005, 0.235
0.035, 0.005, 0.235
0.045, 0.005, 0.235
0.055, 0.005, 0.235
0.065, 0.005, 0.235
0.07500000000000001, 0.005, 0.235
0.08499999999999999, 0.005, 0.235
0.095, 0.005, 0.235
0.10500000000000001, 0.005, 0.235
0.11499999999999999, 0.005, 0.235
0.125, 0.005, 0.235
0.135, 0.005, 0.235
0.14500000000000002, 0.005, 0.235
0.155, 0.005, 0.235
0.165, 0.005, 0.235
0.175, 0.005, 0.235
0.185, 0.005, 0.235
0.195, 0.005, 0.235
0.20500000000000002, 0.005, 0.235
0.215, 0.005, 0.235
0.225, 0.005, 0.235
0.235, 0.005, 0.235
0.245, 0.005, 0.235
0.255, 0.005, 0.235
0.265, 0.005, 0.235
0.275, 0.005, 0.235
0.28500000000000003, 0.005, 0.235
0.295, 0.005, 0.235
0.305, 0.005, 0.235
0.315, 0.005, 0.235
0.325, 0.005, 0.235
0.335, 0.005, 0.235
0.34500000000000003, 0.005, 0.235
0.355, 0.005, 0.235
0.365, 0.005, 0.235
0.375, 0.005, 0.235
0.385, 0.005, 0.235
0.395, 0.005, 0.235
0.405, 0.005, 0.235
0.41500000000000004, 0.005, 0.235
0.425, 0.005, 0.235
0.435, 0.005, 0.235
0.445, 0.005, 0.235
0.455, 0.005, 0.235
0.465, 0.005, 0.235
0.475, 0.005, 0.235
0.485, 0.005, 0.235
0.495, 0.005, 0.235
0.505, 0.005, 0.235
0.515, 0.005, 0.235
0.525, 0.005, 0.235
0.535, 0.005, 0.235
0.545, 0.005, 0.235
0.555, 0.005, 0.235
0.5650000000000001, 0.005, 0.235
0.575, 0.005, 0.235
0.585, 0.005, 0.235
0.595, 0.005, 0.235
0.605, 0.005, 0.235
0.615, 0.005, 0.235
0.625, 0.005, 0.235
0.635, 0.005, 0.235
0.645, 0.005, 0.235
0.655, 0.005, 0.235
0.665, 0.005, 0.235
0.675, 0.005, 0.235
0.685, 0.005, 0.235
0.6950000000000001, 0.005, 0.235
0.7050000000000001, 0.005, 0.235
0.715, 0.005, 0.235
0.725, 0.005, 0.235
0.735, 0.005, 0.235
0.745, 0.005, 0.235
0.755, 0.005, 0.235
0.765, 0.005, 0.235
0.775, 0.005, 0.235
0.785, 0.005, 0.235
0.795, 0.005, 0.235
0.805, 0.005, 0.235
0.8150000000000001, 0.005, 0.235
0.8250000000000001, 0.005, 0.235
0.835, 0.005, 0.235
0.845, 0.005, 0.235
0.855, 0.005, 0.235
0.865, 0.005, 0.235
0.875, 0.005, 0.235
0.885, 0.005, 0.235
0.895, 0.005, 0.235
0.905, 0.005, 0.235
0.915, 0.005, 0.235
0.925, 0.005, 0.235
0.935, 0.005, 0.235
0.9450000000000001, 0.005, 0.235
0.9550000000000001, 0.005, 0.235
0.965, 0.005, 0.235
0.975, 0.005, 0.235
0.985, 0.005, 0.235
0.995, 0.005, 0.235
1.005, 0.005, 0.235
1.0150000000000001, 0.005, 0.235
1.025, 0.005, 0.235
1.0350000000000001, 0.005, 0.235
1.045, 0.005, 0.235
1.0550000000000002, 0.005, 0.235
1.065, 0.005, 0.235
1.0750000000000002, 0.005, 0.235
1.085, 0.005, 0.235
1.0950000000000002, 0.005, 0.235
1.105, 0.005, 0.235
1.1150000000000002, 0.005, 0.235
1.125, 0.005, 0.235
1.1350000000000002, 0.005, 0.235
1.145, 0.005, 0.235
1.155, 0.005, 0.235
1.165, 0.005, 0.235
1.1749999999999998, 0.005, 0.235
1.185, 0.005, 0.235
1.1949999999999998, 0.005, 0.235
1.205, 0.005, 0.235
1.2149999999999999, 0.005, 0.235
1.225, 0.005, 0.235
1.2349999999999999, 0.005, 0.235
1.245, 0.005, 0.235
1.255, 0.005, 0.235
1.2650000000000001, 0.005, 0.235
1.275, 0.005, 0.235
1.2850000000000001, 0.005, 0.235
1.295, 0.005, 0.235
1.3050000000000002, 0.005, 0.235
1.315, 0.005, 0.235
1.3250000000000002, 0.005, 0.235
1.335, 0.005, 0.235
1.3450000000000002, 0.005, 0.235
1.355, 0.005, 0.235
1.3650000000000002, 0.005, 0.235
1.375, 0.005, 0.235
1.3850000000000002, 0.005, 0.235
1.395, 0.005, 0.235
1.405, 0.005, 0.235
1.415, 0.005, 0.235
1.4249999999999998, 0.005, 0.235
1.435, 0.005, 0.235
1.4449999999999998, 0.005, 0.235
1.455, 0.005, 0.235
1.4649999999999999, 0.005, 0.235
1.475, 0.005, 0.235
1.4849999999999999, 0.005, 0.235
1.495, 0.005, 0.235
1.505, 0.005, 0.235
1.5150000000000001, 0.005, 0.235
1.525, 0.005, 0.235
1.5350000000000001, 0.005, 0.235
1.545, 0.005, 0.235
1.5550000000000002, 0.005, 0.235
1.565, 0.005, 0.235
1.5750000000000002, 0.005, 0.235
1.585, 0.005, 0.235
1.5950000000000002, 0.005, 0.235
1.605, 0.005, 0.235
1.6150000000000002, 0.005, 0.235
1.625, 0.005, 0.235
1.6350000000000002, 0.005, 0.235
1.645, 0.005, 0.235
1.6550000000000002, 0.005, 0.235
1.665, 0.005, 0.235
1.6749999999999998, 0.005, 0.235
1.685, 0.005, 0.235
1.6949999999999998, 0.005, 0.235
1.705, 0.005, 0.235
1.7149999999999999, 0.005, 0.235
1.725, 0.005, 0.235
1.7349999999999999, 0.005, 0.235
1.745, 0.005, 0.235
1.755, 0.005, 0.235
1.7650000000000001, 0.005, 0.235
1.775, 0.005, 0.235
1.7850000000000001, 0.005, 0.235
1.795, 0.005, 0.235
1.8050000000000002, 0.005, 0.235
1.815, 0.005, 0.235
1.8250000000000002, 0.005, 0.235
1.835, 0.005, 0.235
1.8450000000000002, 0.005, 0.235
1.855, 0.005, 0.235
1.8650000000000002, 0.005, 0.235
1.875, 0.005, 0.235
1.8850000000000002, 0.005, 0.235
1.895, 0.005, 0.235
1.9050000000000002, 0.005, 0.235
1.915, 0.005, 0.235
1.9249999999999998, 0.005, 0.235
1.935, 0.005, 0.235
1.9449999999999998, 0.005, 0.235
1.955, 0.005, 0.235
1.9649999999999999, 0.005, 0.235
1.975, 0.005, 0.235
1.9849999999999999, 0.005, 0.235
1.995, 0.005, 0.235
2.005, 0.005, 0.235
2.015, 0.005, 0.235
2.0250000000000004, 0.005, 0.235
2.035, 0.005, 0.235
2.045, 0.005, 0.235
2.0549999999999997, 0.005, 0.235
2.065, 0.005, 0.235
2.075, 0.005, 0.235
2.085, 0.005, 0.235
2.0949999999999998, 0.005, 0.235
2.105, 0.005, 0.235
2.115, 0.005, 0.235
2.125, 0.005, 0.235
2.135, 0.005, 0.235
2.145, 0.005, 0.235
2.1550000000000002, 0.005, 0.235
2.165, 0.005, 0.235
2.175, 0.005, 0.235
2.185, 0.005, 0.235
2.1950000000000003, 0.005, 0.235
2.205, 0.005, 0.235
2.215, 0.005, 0.235
2.225, 0.005, 0.235
2.2350000000000003, 0.005, 0.235
2.245, 0.005, 0.235
2.255, 0.005, 0.235
2.265, 0.005, 0.235
2.2750000000000004, 0.005, 0.235
2.285, 0.005, 0.235
2.295, 0.005, 0.235
2.305, 0.005, 0.235
2.315, 0.005, 0.235
2.325, 0.005, 0.235
2.335, 0.005, 0.235
2.3449999999999998, 0.005, 0.235
2.355, 0.005, 0.235
2.365, 0.005, 0.235
2.375, 0.005, 0.235
2.385, 0.005, 0.235
2.395, 0.005, 0.235
2.4050000000000002, 0.005, 0.235
2.415, 0.005, 0.235
2.425, 0.005, 0.235
2.435, 0.005, 0.235
2.4450000000000003, 0.005, 0.235
2.455, 0.005, 0.235
2.465, 0.005, 0.235
2.475, 0.005, 0.235
2.4850000000000003, 0.005, 0.235
2.495, 0.005, 0.235
2.505, 0.005, 0.235
2.515, 0.005, 0.235
2.5250000000000004, 0.005, 0.235
2.535, 0.005, 0.235
2.545, 0.005, 0.235
2.555, 0.005, 0.235
2.565, 0.005, 0.235
2.575, 0.005, 0.235
2.585, 0.005, 0.235
2.5949999999999998, 0.005, 0.235
2.605, 0.005, 0.235
2.615, 0.005, 0.235
2.625, 0.005, 0.235
2.635, 0.005, 0.235
2.645, 0.005, 0.235
2.6550000000000002, 0.005, 0.235
2.665, 0.005, 0.235
2.675, 0.005, 0.235
2.685, 0.005, 0.235
2.6950000000000003, 0.005, 0.235
2.705, 0.005, 0.235
2.715, 0.005, 0.235
2.725, 0.005, 0.235
2.7350000000000003, 0.005, 0.235
2.745, 0.005, 0.235
2.755, 0.005, 0.235
2.765, 0.005, 0.235
2.7750000000000004, 0.005, 0.235
2.785, 0.005, 0.235
2.795, 0.005, 0.235
0.005, 0.005, 0.245
0.015, 0.005, 0.245
0.025, 0.005, 0.245
0.035, 0.005, 0.245
0.045, 0.005, 0.245
0.055, 0.005, 0.245
0.065, 0.005, 0.245
0.07500000000000001, 0.005, 0.245
0.08499999999999999, 0.005, 0.245
0.095, 0.005, 0.245
0.10500000000000001, 0.005, 0.245
0.11499999999999999, 0.005, 0.245
0.125, 0.005, 0.245
0.135, 0.005, 0.245
0.14500000000000002, 0.005, 0.245
0.155, 0.005, 0.245
0.165, 0.005, 0.245
0.175, 0.005, 0.245
0.185, 0.005, 0.245
0.195, 0.005, 0.245
0.20500000000000002, 0.005, 0.245
0.215, 0.005, 0.245
0.225, 0.005, 0.245
0.235, 0.005, 0.245
0.245, 0.005, 0.245
0.255, 0.005, 0.245
0.265, 0.005, 0.245
0.275, 0.005, 0.245
0.28500000000000003, 0.005, 0.245
0.295, 0.005, 0.245
0.305, 0.005, 0.245
0.315, 0.005, 0.245
0.325, 0.005, 0.245
0.335, 0.005, 0.245
0.34500000000000003, 0.005, 0.245
0.355, 0.005, 0.245
0.365, 0.005, 0.245
0.375, 0.005, 0.245
0.385, 0.005, 0.245
0.395, 0.005, 0.245
0.405, 0.005, 0.245
0.41500000000000004, 0.005, 0.245
0.425, 0.005, 0.245
0.435, 0.005, 0.245
0.445, 0.005, 0.245
0.455, 0.005, 0.245
0.465, 0.005, 0.245
0.475, 0.005, 0.245
0.485, 0.005, 0.245
0.495, 0.005, 0.245
0.505, 0.005, 0.245
0.515, 0.005, 0.245
0.525, 0.005, 0.245
0.535, 0.005, 0.245
0.545, 0.005, 0.245
0.555, 0.005, 0.245
0.5650000000000001, 0.005, 0.245
0.575, 0.005, 0.245
0.585, 0.005, 0.245
0.595, 0.005, 0.245
0.605, 0.005, 0.245
0.615, 0.005, 0.245
0.625, 0.005, 0.245
0.635, 0.005, 0.245
0.645, 0.005, 0.245
0.655, 0.005, 0.245
0.665, 0.005, 0.245
0.675, 0.005, 0.245
0.685, 0.005, 0.245
0.6950000000000001, 0.005, 0.245
0.7050000000000001, 0.005, 0.245
0.715, 0.005, 0.245
0.725, 0.005, 0.245
0.735, 0.005, 0.245
0.745, 0.005, 0.245
0.755, 0.005, 0.245
0.765, 0.005, 0.245
0.775, 0.005, 0.245
0.785, 0.005, 0.245
0.795, 0.005, 0.245
0.805, 0.005, 0.245
0.8150000000000001, 0.005, 0.245
0.8250000000000001, 0.005, 0.245
0.835, 0.005, 0.245
0.845, 0.005, 0.245
0.855, 0.005, 0.245
0.865, 0.005, 0.245
0.875, 0.005, 0.245
0.885, 0.005, 0.245
0.895, 0.005, 0.245
0.905, 0.005, 0.245
0.915, 0.005, 0.245
0.925, 0.005, 0.245
0.935, 0.005, 0.245
0.9450000000000001, 0.005, 0.245
0.9550000000000001, 0.005, 0.245
0.965, 0.005, 0.245
0.975, 0.005, 0.245
0.985, 0.005, 0.245
0.995, 0.005, 0.245
1.005, 0.005, 0.245
1.0150000000000001, 0.005, 0.245
1.025, 0.005, 0.245
1.0350000000000001, 0.005, 0.245
1.045, 0.005, 0.245
1.0550000000000002, 0.005, 0.245
1.065, 0.005, 0.245
1.0750000000000002, 0.005, 0.245
1.085, 0.005, 0.245
1.0950000000000002, 0.005, 0.245
1.105, 0.005, 0.245
1.1150000000000002, 0.005, 0.245
1.125, 0.005, 0.245
1.1350000000000002, 0.005, 0.245
1.145, 0.005, 0.245
1.155, 0.005, 0.245
1.165, 0.005, 0.245
1.1749999999999998, 0.005, 0.245
1.185, 0.005, 0.245
1.1949999999999998, 0.005, 0.245
1.205, 0.005, 0.245
1.2149999999999999, 0.005, 0.245
1.225, 0.005, 0.245
1.2349999999999999, 0.005, 0.245
1.245, 0.005, 0.245
1.255, 0.005, 0.245
1.2650000000000001, 0.005, 0.245
1.275, 0.005, 0.245
1.2850000000000001, 0.005, 0.245
1.295, 0.005, 0.245
1.3050000000000002, 0.005, 0.245
1.315, 0.005, 0.245
1.3250000000000002, 0.005, 0.245
1.335, 0.005, 0.245
1.3450000000000002, 0.005, 0.245
1.355, 0.005, 0.245
1.3650000000000002, 0.005, 0.245
1.375, 0.005, 0.245
1.3850000000000002, 0.005, 0.245
1.395, 0.005, 0.245
1.405, 0.005, 0.245
1.415, 0.005, 0.245
1.4249999999999998, 0.005, 0.245
1.435, 0.005, 0.245
1.4449999999999998, 0.005, 0.245
1.455, 0.005, 0.245
1.4649999999999999, 0.005, 0.245
1.475, 0.005, 0.245
1.4849999999999999, 0.005, 0.245
1.495, 0.005, 0.245
1.505, 0.005, 0.245
1.5150000000000001, 0.005, 0.245
1.525, 0.005, 0.245
1.5350000000000001, 0.005, 0.245
1.545, 0.005, 0.245
1.5550000000000002, 0.005, 0.245
1.565, 0.005, 0.245
1.5750000000000002, 0.005, 0.245
1.585, 0.005, 0.245
1.5950000000000002, 0.005, 0.245
1.605, 0.005, 0.245
1.6150000000000002, 0.005, 0.245
1.625, 0.005, 0.245
1.6350000000000002, 0.005, 0.245
1.645, 0.005, 0.245
1.6550000000000002, 0.005, 0.245
1.665, 0.005, 0.245
1.6749999999999998, 0.005, 0.245
1.685, 0.005, 0.245
1.6949999999999998, 0.005, 0.245
1.705, 0.005, 0.245
1.7149999999999999, 0.005, 0.245
1.725, 0.005, 0.245
1.7349999999999999, 0.005, 0.245
1.745, 0.005, 0.245
1.755, 0.005, 0.245
1.7650000000000001, 0.005, 0.245
1.775, 0.005, 0.245
1.7850000000000001, 0.005, 0.245
1.795, 0.005, 0.245
1.8050000000000002, 0.005, 0.245
1.815, 0.005, 0.245
1.8250000000000002, 0.005, 0.245
1.835, 0.005, 0.245
1.8450000000000002, 0.005, 0.245
1.855, 0.005, 0.245
1.8650000000000002, 0.005, 0.245
1.875, 0.005, 0.245
1.8850000000000002, 0.005, 0.245
1.895, 0.005, 0.245
1.9050000000000002, 0.005, 0.245
1.915, 0.005, 0.245
1.9249999999999998, 0.005, 0.245
1.935, 0.005, 0.245
1.9449999999999998, 0.005, 0.245
1.955, 0.005, 0.245
1.9649999999999999, 0.005, 0.245
1.975, 0.005, 0.245
1.9849999999999999, 0.005, 0.245
1.995, 0.005, 0.245
2.005, 0.005, 0.245
2.015, 0.005, 0.245
2.0250000000000004, 0.005, 0.245
2.035, 0.005, 0.245
2.045, 0.005, 0.245
2.0549999999999997, 0.005, 0.245
2.065, 0.005, 0.245
2.075, 0.005, 0.245
2.085, 0.005, 0.245
2.0949999999999998, 0.005, 0.245
2.105, 0.005, 0.245
2.115, 0.005, 0.245
2.125, 0.005, 0.245
2.135, 0.005, 0.245
2.145, 0.005, 0.245
2.1550000000000002, 0.005, 0.245
2.165, 0.005, 0.245
2.175, 0.005, 0.245
2.185, 0.005, 0.245
2.1950000000000003, 0.005, 0.245
2.205, 0.005, 0.245
2.215, 0.005, 0.245
2.225, 0.005, 0.245
2.2350000000000003, 0.005, 0.245
2.245, 0.005, 0.245
2.255, 0.005, 0.245
2.265, 0.005, 0.245
2.2750000000000004, 0.005, 0.245
2.285, 0.005, 0.245
2.295, 0.005, 0.245
2.305, 0.005, 0.245
2.315, 0.005, 0.245
2.325, 0.005, 0.245
2.335, 0.005, 0.245
2.3449999999999998, 0.005, 0.245
2.355, 0.005, 0.245
2.365, 0.005, 0.245
2.375, 0.005, 0.245
2.385, 0.005, 0.245
2.395, 0.005, 0.245
2.4050000000000002, 0.005, 0.245
2.415, 0.005, 0.245
2.425, 0.005, 0.245
2.435, 0.005, 0.245
2.4450000000000003, 0.005, 0.245
2.455, 0.005, 0.245
2.465, 0.005, 0.245
2.475, 0.005, 0.245
2.4850000000000003, 0.005, 0.245
2.495, 0.005, 0.245
2.505, 0.005, 0.245
2.515, 0.005, 0.245
2.5250000000000004, 0.005, 0.245
2.535, 0.005, 0.245
2.545, 0.005, 0.245
2.555, 0.005, 0.245
2.565, 0.005, 0.245
2.575, 0.005, 0.245
2.585, 0.005, 0.245
2.5949999999999998, 0.005, 0.245
2.605, 0.005, 0.245
2.615, 0.005, 0.245
2.625, 0.005, 0.245
2.635, 0.005, 0.245
2.645, 0.005, 0.245
2.6550000000000002, 0.005, 0.245
2.665, 0.005, 0.245
2.675, 0.005, 0.245
2.685, 0.005, 0.245
2.6950000000000003, 0.005, 0.245
2.705, 0.005, 0.245
2.715, 0.005, 0.245
2.725, 0.005, 0.245
2.7350000000000003, 0.005, 0.245
2.745, 0.005, 0.245
2.755, 0.005, 0.245
2.765, 0.005, 0.245
2.7750000000000004, 0.005, 0.245
2.785, 0.005, 0.245
2.795, 0.005, 0.245
0.005, 0.005, 0.255
0.015, 0.005, 0.255
0.025, 0.005, 0.255
0.035, 0.005, 0.255
0.045, 0.005, 0.255
0.055, 0.005, 0.255
0.065, 0.005, 0.255
0.07500000000000001, 0.005, 0.255
0.08499999999999999, 0.005, 0.255
0.095, 0.005, 0.255
0.10500000000000001, 0.005, 0.255
0.11499999999999999, 0.005, 0.255
0.125, 0.005, 0.255
0.135, 0.005, 0.255
0.14500000000000002, 0.005, 0.255
0.155, 0.005, 0.255
0.165, 0.005, 0.255
0.175, 0.005, 0.255
0.185, 0.005, 0.255
0.195, 0.005, 0.255
0.20500000000000002, 0.005, 0.255
0.215, 0.005, 0.255
0.225, 0.005, 0.255
0.235, 0.005, 0.255
0.245, 0.005, 0.255
0.255, 0.005, 0.255
0.265, 0.005, 0.255
0.275, 0.005, 0.255
0.28500000000000003, 0.005, 0.255
0.295, 0.005, 0.255
0.305, 0.005, 0.255
0.315, 0.005, 0.255
0.325, 0.005, 0.255
0.335, 0.005, 0.255
0.34500000000000003, 0.005, 0.255
0.355, 0.005, 0.255
0.365, 0.005, 0.255
0.375, 0.005, 0.255
0.385, 0.005, 0.255
0.395, 0.005, 0.255
0.405, 0.005, 0.255
0.41500000000000004, 0.005, 0.255
0.425, 0.005, 0.255
0.435, 0.005, 0.255
0.445, 0.005, 0.255
0.455, 0.005, 0.255
0.465, 0.005, 0.255
0.475, 0.005, 0.255
0.485, 0.005, 0.255
0.495, 0.005, 0.255
0.505, 0.005, 0.255
0.515, 0.005, 0.255
0.525, 0.005, 0.255
0.535, 0.005, 0.255
0.545, 0.005, 0.255
0.555, 0.005, 0.255
0.5650000000000001, 0.005, 0.255
0.575, 0.005, 0.255
0.585, 0.005, 0.255
0.595, 0.005, 0.255
0.605, 0.005, 0.255
0.615, 0.005, 0.255
0.625, 0.005, 0.255
0.635, 0.005, 0.255
0.645, 0.005, 0.255
0.655, 0.005, 0.255
0.665, 0.005, 0.255
0.675, 0.005, 0.255
0.685, 0.005, 0.255
0.6950000000000001, 0.005, 0.255
0.7050000000000001, 0.005, 0.255
0.715, 0.005, 0.255
0.725, 0.005, 0.255
0.735, 0.005, 0.255
0.745, 0.005, 0.255
0.755, 0.005, 0.255
0.765, 0.005, 0.255
0.775, 0.005, 0.255
0.785, 0.005, 0.255
0.795, 0.005, 0.255
0.805, 0.005, 0.255
0.8150000000000001, 0.005, 0.255
0.8250000000000001, 0.005, 0.255
0.835, 0.005, 0.255
0.845, 0.005, 0.255
0.855, 0.005, 0.255
0.865, 0.005, 0.255
0.875, 0.005, 0.255
0.885, 0.005, 0.255
0.895, 0.005, 0.255
0.905, 0.005, 0.255
0.915, 0.005, 0.255
0.925, 0.005, 0.255
0.935, 0.005, 0.255
0.9450000000000001, 0.005, 0.255
0.9550000000000001, 0.005, 0.255
0.965, 0.005, 0.255
0.975, 0.005, 0.255
0.985, 0.005, 0.255
0.995, 0.005, 0.255
1.005, 0.005, 0.255
1.0150000000000001, 0.005, 0.255
1.025, 0.005, 0.255
1.0350000000000001, 0.005, 0.255
1.045, 0.005, 0.255
1.0550000000000002, 0.005, 0.255
1.065, 0.005, 0.255
1.0750000000000002, 0.005, 0.255
1.085, 0.005, 0.255
1.0950000000000002, 0.005, 0.255
1.105, 0.005, 0.255
1.1150000000000002, 0.005, 0.255
1.125, 0.005, 0.255
1.1350000000000002, 0.005, 0.255
1.145, 0.005, 0.255
1.155, 0.005, 0.255
1.165, 0.005, 0.255
1.1749999999999998, 0.005, 0.255
1.185, 0.005, 0.255
1.1949999999999998, 0.005, 0.255
1.205, 0.005, 0.255
1.2149999999999999, 0.005, 0.255
1.225, 0.005, 0.255
1.2349999999999999, 0.005, 0.255
1.245, 0.005, 0.255
1.255, 0.005, 0.255
1.2650000000000001, 0.005, 0.255
1.275, 0.005, 0.255
1.2850000000000001, 0.005, 0.255
1.295, 0.005, 0.255
1.3050000000000002, 0.005, 0.255
1.315, 0.005, 0.255
1.3250000000000002, 0.005, 0.255
1.335, 0.005, 0.255
1.3450000000000002, 0.005, 0.255
1.355, 0.005, 0.255
1.3650000000000002, 0.005, 0.255
1.375, 0.005, 0.255
1.3850000000000002, 0.005, 0.255
1.395, 0.005, 0.255
1.405, 0.005, 0.255
1.415, 0.005, 0.255
1.4249999999999998, 0.005, 0.255
1.435, 0.005, 0.255
1.4449999999999998, 0.005, 0.255
1.455, 0.005, 0.255
1.4649999999999999, 0.005, 0.255
1.475, 0.005, 0.255
1.4849999999999999, 0.005, 0.255
1.495, 0.005, 0.255
1.505, 0.005, 0.255
1.5150000000000001, 0.005, 0.255
1.525, 0.005, 0.255
1.5350000000000001, 0.005, 0.255
1.545, 0.005, 0.255
1.5550000000000002, 0.005, 0.255
1.565, 0.005, 0.255
1.5750000000000002, 0.005, 0.255
1.585, 0.005, 0.255
1.5950000000000002, 0.005, 0.255
1.605, 0.005, 0.255
1.6150000000000002, 0.005, 0.255
1.625, 0.005, 0.255
1.6350000000000002, 0.005, 0.255
1.645, 0.005, 0.255
1.6550000000000002, 0.005, 0.255
1.665, 0.005, 0.255
1.6749999999999998, 0.005, 0.255
1.685, 0.005, 0.255
1.6949999999999998, 0.005, 0.255
1.705, 0.005, 0.255
1.7149999999999999, 0.005, 0.255
1.725, 0.005, 0.255
1.7349999999999999, 0.005, 0.255
1.745, 0.005, 0.255
1.755, 0.005, 0.255
1.7650000000000001, 0.005, 0.255
1.775, 0.005, 0.255
1.7850000000000001, 0.005, 0.255
1.795, 0.005, 0.255
1.8050000000000002, 0.005, 0.255
1.815, 0.005, 0.255
1.8250000000000002, 0.005, 0.255
1.835, 0.005, 0.255
1.8450000000000002, 0.005, 0.255
1.855, 0.005, 0.255
1.8650000000000002, 0.005, 0.255
1.875, 0.005, 0.255
1.8850000000000002, 0.005, 0.255
1.895, 0.005, 0.255
1.9050000000000002, 0.005, 0.255
1.915, 0.005, 0.255
1.9249999999999998, 0.005, 0.255
1.935, 0.005, 0.255
1.9449999999999998, 0.005, 0.255
1.955, 0.005, 0.255
1.9649999999999999, 0.005, 0.255
1.975, 0.005, 0.255
1.9849999999999999, 0.005, 0.255
1.995, 0.005, 0.255
2.005, 0.005, 0.255
2.015, 0.005, 0.255
2.0250000000000004, 0.005, 0.255
2.035, 0.005, 0.255
2.045, 0.005, 0.255
2.0549999999999997, 0.005, 0.255
2.065, 0.005, 0.255
2.075, 0.005, 0.255
2.085, 0.005, 0.255
2.0949999999999998, 0.005, 0.255
2.105, 0.005, 0.255
2.115, 0.005, 0.255
2.125, 0.005, 0.255
2.135, 0.005, 0.255
2.145, 0.005, 0.255
2.1550000000000002, 0.005, 0.255
2.165, 0.005, 0.255
2.175, 0.005, 0.255
2.185, 0.005, 0.255
2.1950000000000003, 0.005, 0.255
2.205, 0.005, 0.255
2.215, 0.005, 0.255
2.225, 0.005, 0.255
2.2350000000000003, 0.005, 0.255
2.245, 0.005, 0.255
2.255, 0.005, 0.255
2.265, 0.005, 0.255
2.2750000000000004, 0.005, 0.255
2.285, 0.005, 0.255
2.295, 0.005, 0.255
2.305, 0.005, 0.255
2.315, 0.005, 0.255
2.325, 0.005, 0.255
2.335, 0.005, 0.255
2.3449999999999998, 0.005, 0.255
2.355, 0.005, 0.255
2.365, 0.005, 0.255
2.375, 0.005, 0.255
2.385, 0.005, 0.255
2.395, 0.005, 0.255
2.4050000000000002, 0.005, 0.255
2.415, 0.005, 0.255
2.425, 0.005, 0.255
2.435, 0.005, 0.255
2.4450000000000003, 0.005, 0.255
2.455, 0.005, 0.255
2.465, 0.005, 0.255
2.475, 0.005, 0.255
2.4850000000000003, 0.005, 0.255
2.495, 0.005, 0.255
2.505, 0.005, 0.255
2.515, 0.005, 0.255
2.5250000000000004, 0.005, 0.255
2.535, 0.005, 0.255
2.545, 0.005, 0.255
2.555, 0.005, 0.255
2.565, 0.005, 0.255
2.575, 0.005, 0.255
2.585, 0.005, 0.255
2.5949999999999998, 0.005, 0.255
2.605, 0.005, 0.255
2.615, 0.005, 0.255
2.625, 0.005, 0.255
2.635, 0.005, 0.255
2.645, 0.005, 0.255
2.6550000000000002, 0.005, 0.255
2.665, 0.005, 0.255
2.675, 0.005, 0.255
2.685, 0.005, 0.255
2.6950000000000003, 0.005, 0.255
2.705, 0.005, 0.255
2.715, 0.005, 0.255
2.725, 0.005, 0.255
2.7350000000000003, 0.005, 0.255
2.745, 0.005, 0.255
2.755, 0.005, 0.255
2.765, 0.005, 0.255
2.7750000000000004, 0.005, 0.255
2.785, 0.005, 0.255
2.795, 0.005, 0.255
0.005, 0.005, 0.265
0.015, 0.005, 0.265
0.025, 0.005, 0.265
0.035, 0.005, 0.265
0.045, 0.005, 0.265
0.055, 0.005, 0.265
0.065, 0.005, 0.265
0.07500000000000001, 0.005, 0.265
0.08499999999999999, 0.005, 0.265
0.095, 0.005, 0.265
0.10500000000000001, 0.005, 0.265
0.11499999999999999, 0.005, 0.265
0.125, 0.005, 0.265
0.135, 0.005, 0.265
0.14500000000000002, 0.005, 0.265
0.155, 0.005, 0.265
0.165, 0.005, 0.265
0.175, 0.005, 0.265
0.185, 0.005, 0.265
0.195, 0.005, 0.265
0.20500000000000002, 0.005, 0.265
0.215, 0.005, 0.265
0.225, 0.005, 0.265
0.235, 0.005, 0.265
0.245, 0.005, 0.265
0.255, 0.005, 0.265
0.265, 0.005, 0.265
0.275, 0.005, 0.265
0.28500000000000003, 0.005, 0.265
0.295, 0.005, 0.265
0.305, 0.005, 0.265
0.315, 0.005, 0.265
0.325, 0.005, 0.265
0.335, 0.005, 0.265
0.34500000000000003, 0.005, 0.265
0.355, 0.005, 0.265
0.365, 0.005, 0.265
0.375, 0.005, 0.265
0.385, 0.005, 0.265
0.395, 0.005, 0.265
0.405, 0.005, 0.265
0.41500000000000004, 0.005, 0.265
0.425, 0.005, 0.265
0.435, 0.005, 0.265
0.445, 0.005, 0.265
0.455, 0.005, 0.265
0.465, 0.005, 0.265
0.475, 0.005, 0.265
0.485, 0.005, 0.265
0.495, 0.005, 0.265
0.505, 0.005, 0.265
0.515, 0.005, 0.265
0.525, 0.005, 0.265
0.535, 0.005, 0.265
0.545, 0.005, 0.265
0.555, 0.005, 0.265
0.5650000000000001, 0.005, 0.265
0.575, 0.005, 0.265
0.585, 0.005, 0.265
0.595, 0.005, 0.265
0.605, 0.005, 0.265
0.615, 0.005, 0.265
0.625, 0.005, 0.265
0.635, 0.005, 0.265
0.645, 0.005, 0.265
0.655, 0.005, 0.265
0.665, 0.005, 0.265
0.675, 0.005, 0.265
0.685, 0.005, 0.265
0.6950000000000001, 0.005, 0.265
0.7050000000000001, 0.005, 0.265
0.715, 0.005, 0.265
0.725, 0.005, 0.265
0.735, 0.005, 0.265
0.745, 0.005, 0.265
0.755, 0.005, 0.265
0.765, 0.005, 0.265
0.775, 0.005, 0.265
0.785, 0.005, 0.265
0.795, 0.005, 0.265
0.805, 0.005, 0.265
0.8150000000000001, 0.005, 0.265
0.8250000000000001, 0.005, 0.265
0.835, 0.005, 0.265
0.845, 0.005, 0.265
0.855, 0.005, 0.265
0.865, 0.005, 0.265
0.875, 0.005, 0.265
0.885, 0.005, 0.265
0.895, 0.005, 0.265
0.905, 0.005, 0.265
0.915, 0.005, 0.265
0.925, 0.005, 0.265
0.935, 0.005, 0.265
0.9450000000000001, 0.005, 0.265
0.9550000000000001, 0.005, 0.265
0.965, 0.005, 0.265
0.975, 0.005, 0.265
0.985, 0.005, 0.265
0.995, 0.005, 0.265
1.005, 0.005, 0.265
1.0150000000000001, 0.005, 0.265
1.025, 0.005, 0.265
1.0350000000000001, 0.005, 0.265
1.045, 0.005, 0.265
1.0550000000000002, 0.005, 0.265
1.065, 0.005, 0.265
1.0750000000000002, 0.005, 0.265
1.085, 0.005, 0.265
1.0950000000000002, 0.005, 0.265
1.105, 0.005, 0.265
1.1150000000000002, 0.005, 0.265
1.125, 0.005, 0.265
1.1350000000000002, 0.005, 0.265
1.145, 0.005, 0.265
1.155, 0.005, 0.265
1.165, 0.005, 0.265
1.1749999999999998, 0.005, 0.265
1.185, 0.005, 0.265
1.1949999999999998, 0.005, 0.265
1.205, 0.005, 0.265
1.2149999999999999, 0.005, 0.265
1.225, 0.005, 0.265
1.2349999999999999, 0.005, 0.265
1.245, 0.005, 0.265
1.255, 0.005, 0.265
1.2650000000000001, 0.005, 0.265
1.275, 0.005, 0.265
1.2850000000000001, 0.005, 0.265
1.295, 0.005, 0.265
1.3050000000000002, 0.005, 0.265
1.315, 0.005, 0.265
1.3250000000000002, 0.005, 0.265
1.335, 0.005, 0.265
1.3450000000000002, 0.005, 0.265
1.355, 0.005, 0.265
1.3650000000000002, 0.005, 0.265
1.375, 0.005, 0.265
1.3850000000000002, 0.005, 0.265
1.395, 0.005, 0.265
1.405, 0.005, 0.265
1.415, 0.005, 0.265
1.4249999999999998, 0.005, 0.265
1.435, 0.005, 0.265
1.4449999999999998, 0.005, 0.265
1.455, 0.005, 0.265
1.4649999999999999, 0.005, 0.265
1.475, 0.005, 0.265
1.4849999999999999, 0.005, 0.265
1.495, 0.005, 0.265
1.505, 0.005, 0.265
1.5150000000000001, 0.005, 0.265
1.525, 0.005, 0.265
1.5350000000000001, 0.005, 0.265
1.545, 0.005, 0.265
1.5550000000000002, 0.005, 0.265
1.565, 0.005, 0.265
1.5750000000000002, 0.005, 0.265
1.585, 0.005, 0.265
1.5950000000000002, 0.005, 0.265
1.605, 0.005, 0.265
1.6150000000000002, 0.005, 0.265
1.625, 0.005, 0.265
1.6350000000000002, 0.005, 0.265
1.645, 0.005, 0.265
1.6550000000000002, 0.005, 0.265
1.665, 0.005, 0.265
1.6749999999999998, 0.005, 0.265
1.685, 0.005, 0.265
1.6949999999999998, 0.005, 0.265
1.705, 0.005, 0.265
1.7149999999999999, 0.005, 0.265
1.725, 0.005, 0.265
1.7349999999999999, 0.005, 0.265
1.745, 0.005, 0.265
1.755, 0.005, 0.265
1.7650000000000001, 0.005, 0.265
1.775, 0.005, 0.265
1.7850000000000001, 0.005, 0.265
1.795, 0.005, 0.265
1.8050000000000002, 0.005, 0.265
1.815, 0.005, 0.265
1.8250000000000002, 0.005, 0.265
1.835, 0.005, 0.265
1.8450000000000002, 0.005, 0.265
1.855, 0.005, 0.265
1.8650000000000002, 0.005, 0.265
1.875, 0.005, 0.265
1.8850000000000002, 0.005, 0.265
1.895, 0.005, 0.265
1.9050000000000002, 0.005, 0.265
1.915, 0.005, 0.265
1.9249999999999998, 0.005, 0.265
1.935, 0.005, 0.265
1.9449999999999998, 0.005, 0.265
1.955, 0.005, 0.265
1.9649999999999999, 0.005, 0.265
1.975, 0.005, 0.265
1.9849999999999999, 0.005, 0.265
1.995, 0.005, 0.265
2.005, 0.005, 0.265
2.015, 0.005, 0.265
2.0250000000000004, 0.005, 0.265
2.035, 0.005, 0.265
2.045, 0.005, 0.265
2.0549999999999997, 0.005, 0.265
2.065, 0.005, 0.265
2.075, 0.005, 0.265
2.085, 0.005, 0.265
2.0949999999999998, 0.005, 0.265
2.105, 0.005, 0.265
2.115, 0.005, 0.265
2.125, 0.005, 0.265
2.135, 0.005, 0.265
2.145, 0.005, 0.265
2.1550000000000002, 0.005, 0.265
2.165, 0.005, 0.265
2.175, 0.005, 0.265
2.185, 0.005, 0.265
2.1950000000000003, 0.005, 0.265
2.205, 0.005, 0.265
2.215, 0.005, 0.265
2.225, 0.005, 0.265
2.2350000000000003, 0.005, 0.265
2.245, 0.005, 0.265
2.255, 0.005, 0.265
2.265, 0.005, 0.265
2.2750000000000004, 0.005, 0.265
2.285, 0.005, 0.265
2.295, 0.005, 0.265
2.305, 0.005, 0.265
2.315, 0.005, 0.265
2.325, 0.005, 0.265
2.335, 0.005, 0.265
2.3449999999999998, 0.005, 0.265
2.355, 0.005, 0.265
2.365, 0.005, 0.265
2.375, 0.005, 0.265
2.385, 0.005, 0.265
2.395, 0.005, 0.265
2.4050000000000002, 0.005, 0.265
2.415, 0.005, 0.265
2.425, 0.005, 0.265
2.435, 0.005, 0.265
2.4450000000000003, 0.005, 0.265
2.455, 0.005, 0.265
2.465, 0.005, 0.265
2.475, 0.005, 0.265
2.4850000000000003, 0.005, 0.265
2.495, 0.005, 0.265
2.505, 0.005, 0.265
2.515, 0.005, 0.265
2.5250000000000004, 0.005, 0.265
2.535, 0.005, 0.265
2.545, 0.005, 0.265
2.555, 0.005, 0.265
2.565, 0.005, 0.265
2.575, 0.005, 0.265
2.585, 0.005, 0.265
2.5949999999999998, 0.005, 0.265
2.605, 0.005, 0.265
2.615, 0.005, 0.265
2.625, 0.005, 0.265
2.635, 0.005, 0.265
2.645, 0.005, 0.265
2.6550000000000002, 0.005, 0.265
2.665, 0.005, 0.265
2.675, 0.005, 0.265
2.685, 0.005, 0.265
2.6950000000000003, 0.005, 0.265
2.705, 0.005, 0.265
2.715, 0.005, 0.265
2.725, 0.005, 0.265
2.7350000000000003, 0.005, 0.265
2.745, 0.005, 0.265
2.755, 0.005, 0.265
2.765, 0.005, 0.265
2.7750000000000004, 0.005, 0.265
2.785, 0.005, 0.265
2.795, 0.005, 0.265
0.005, 0.005, 0.275
0.015, 0.005, 0.275
0.025, 0.005, 0.275
0.035, 0.005, 0.275
0.045, 0.005, 0.275
0.055, 0.005, 0.275
0.065, 0.005, 0.275
0.07500000000000001, 0.005, 0.275
0.08499999999999999, 0.005, 0.275
0.095, 0.005, 0.275
0.10500000000000001, 0.005, 0.275
0.11499999999999999, 0.005, 0.275
0.125, 0.005, 0.275
0.135, 0.005, 0.275
0.14500000000000002, 0.005, 0.275
0.155, 0.005, 0.275
0.165, 0.005, 0.275
0.175, 0.005, 0.275
0.185, 0.005, 0.275
0.195, 0.005, 0.275
0.20500000000000002, 0.005, 0.275
0.215, 0.005, 0.275
0.225, 0.005, 0.275
0.235, 0.005, 0.275
0.245, 0.005, 0.275
0.255, 0.005, 0.275
0.265, 0.005, 0.275
0.275, 0.005, 0.275
0.28500000000000003, 0.005, 0.275
0.295, 0.005, 0.275
0.305, 0.005, 0.275
0.315, 0.005, 0.275
0.325, 0.005, 0.275
0.335, 0.005, 0.275
0.34500000000000003, 0.005, 0.275
0.355, 0.005, 0.275
0.365, 0.005, 0.275
0.375, 0.005, 0.275
0.385, 0.005, 0.275
0.395, 0.005, 0.275
0.405, 0.005, 0.275
0.41500000000000004, 0.005, 0.275
0.425, 0.005, 0.275
0.435, 0.005, 0.275
0.445, 0.005, 0.275
0.455, 0.005, 0.275
0.465, 0.005, 0.275
0.475, 0.005, 0.275
0.485, 0.005, 0.275
0.495, 0.005, 0.275
0.505, 0.005, 0.275
0.515, 0.005, 0.275
0.525, 0.005, 0.275
0.535, 0.005, 0.275
0.545, 0.005, 0.275
0.555, 0.005, 0.275
0.5650000000000001, 0.005, 0.275
0.575, 0.005, 0.275
0.585, 0.005, 0.275
0.595, 0.005, 0.275
0.605, 0.005, 0.275
0.615, 0.005, 0.275
0.625, 0.005, 0.275
0.635, 0.005, 0.275
0.645, 0.005, 0.275
0.655, 0.005, 0.275
0.665, 0.005, 0.275
0.675, 0.005, 0.275
0.685, 0.005, 0.275
0.6950000000000001, 0.005, 0.275
0.7050000000000001, 0.005, 0.275
0.715, 0.005, 0.275
0.725, 0.005, 0.275
0.735, 0.005, 0.275
0.745, 0.005, 0.275
0.755, 0.005, 0.275
0.765, 0.005, 0.275
0.775, 0.005, 0.275
0.785, 0.005, 0.275
0.795, 0.005, 0.275
0.805, 0.005, 0.275
0.8150000000000001, 0.005, 0.275
0.8250000000000001, 0.005, 0.275
0.835, 0.005, 0.275
0.845, 0.005, 0.275
0.855, 0.005, 0.275
0.865, 0.005, 0.275
0.875, 0.005, 0.275
0.885, 0.005, 0.275
0.895, 0.005, 0.275
0.905, 0.005, 0.275
0.915, 0.005, 0.275
0.925, 0.005, 0.275
0.935, 0.005, 0.275
0.9450000000000001, 0.005, 0.275
0.9550000000000001, 0.005, 0.275
0.965, 0.005, 0.275
0.975, 0.005, 0.275
0.985, 0.005, 0.275
0.995, 0.005, 0.275
1.005, 0.005, 0.275
1.0150000000000001, 0.005, 0.275
1.025, 0.005, 0.275
1.0350000000000001, 0.005, 0.275
1.045, 0.005, 0.275
1.0550000000000002, 0.005, 0.275
1.065, 0.005, 0.275
1.0750000000000002, 0.005, 0.275
1.085, 0.005, 0.275
1.0950000000000002, 0.005, 0.275
1.105, 0.005, 0.275
1.1150000000000002, 0.005, 0.275
1.125, 0.005, 0.275
1.1350000000000002, 0.005, 0.275
1.145, 0.005, 0.275
1.155, 0.005, 0.275
1.165, 0.005, 0.275
1.1749999999999998, 0.005, 0.275
1.185, 0.005, 0.275
1.1949999999999998, 0.005, 0.275
1.205, 0.005, 0.275
1.2149999999999999, 0.005, 0.275
1.225, 0.005, 0.275
1.2349999999999999, 0.005, 0.275
1.245, 0.005, 0.275
1.255, 0.005, 0.275
1.2650000000000001, 0.005, 0.275
1.275, 0.005, 0.275
1.2850000000000001, 0.005, 0.275
1.295, 0.005, 0.275
1.3050000000000002, 0.005, 0.275
1.315, 0.005, 0.275
1.3250000000000002, 0.005, 0.275
1.335, 0.005, 0.275
1.3450000000000002, 0.005, 0.275
1.355, 0.005, 0.275
1.3650000000000002, 0.005, 0.275
1.375, 0.005, 0.275
1.3850000000000002, 0.005, 0.275
1.395, 0.005, 0.275
1.405, 0.005, 0.275
1.415, 0.005, 0.275
1.4249999999999998, 0.005, 0.275
1.435, 0.005, 0.275
1.4449999999999998, 0.005, 0.275
1.455, 0.005, 0.275
1.4649999999999999, 0.005, 0.275
1.475, 0.005, 0.275
1.4849999999999999, 0.005, 0.275
1.495, 0.005, 0.275
1.505, 0.005, 0.275
1.5150000000000001, 0.005, 0.275
1.525, 0.005, 0.275
1.5350000000000001, 0.005, 0.275
1.545, 0.005, 0.275
1.5550000000000002, 0.005, 0.275
1.565, 0.005, 0.275
1.5750000000000002, 0.005, 0.275
1.585, 0.005, 0.275
1.5950000000000002, 0.005, 0.275
1.605, 0.005, 0.275
1.6150000000000002, 0.005, 0.275
1.625, 0.005, 0.275
1.6350000000000002, 0.005, 0.275
1.645, 0.005, 0.275
1.6550000000000002, 0.005, 0.275
1.665, 0.005, 0.275
1.6749999999999998, 0.005, 0.275
1.685, 0.005, 0.275
1.6949999999999998, 0.005, 0.275
1.705, 0.005, 0.275
1.7149999999999999, 0.005, 0.275
1.725, 0.005, 0.275
1.7349999999999999, 0.005, 0.275
1.745, 0.005, 0.275
1.755, 0.005, 0.275
1.7650000000000001, 0.005, 0.275
1.775, 0.005, 0.275
1.7850000000000001, 0.005, 0.275
1.795, 0.005, 0.275
1.8050000000000002, 0.005, 0.275
1.815, 0.005, 0.275
1.8250000000000002, 0.005, 0.275
1.835, 0.005, 0.275
1.8450000000000002, 0.005, 0.275
1.855, 0.005, 0.275
1.8650000000000002, 0.005, 0.275
1.875, 0.005, 0.275
1.8850000000000002, 0.005, 0.275
1.895, 0.005, 0.275
1.9050000000000002, 0.005, 0.275
1.915, 0.005, 0.275
1.9249999999999998, 0.005, 0.275
1.935, 0.005, 0.275
1.9449999999999998, 0.005, 0.275
1.955, 0.005, 0.275
1.9649999999999999, 0.005, 0.275
1.975, 0.005, 0.275
1.9849999999999999, 0.005, 0.275
1.995, 0.005, 0.275
2.005, 0.005, 0.275
2.015, 0.005, 0.275
2.0250000000000004, 0.005, 0.275
2.035, 0.005, 0.275
2.045, 0.005, 0.275
2.0549999999999997, 0.005, 0.275
2.065, 0.005, 0.275
2.075, 0.005, 0.275
2.085, 0.005, 0.275
2.0949999999999998, 0.005, 0.275
2.105, 0.005, 0.275
2.115, 0.005, 0.275
2.125, 0.005, 0.275
2.135, 0.005, 0.275
2.145, 0.005, 0.275
2.1550000000000002, 0.005, 0.275
2.165, 0.005, 0.275
2.175, 0.005, 0.275
2.185, 0.005, 0.275
2.1950000000000003, 0.005, 0.275
2.205, 0.005, 0.275
2.215, 0.005, 0.275
2.225, 0.005, 0.275
2.2350000000000003, 0.005, 0.275
2.245, 0.005, 0.275
2.255, 0.005, 0.275
2.265, 0.005, 0.275
2.2750000000000004, 0.005, 0.275
2.285, 0.005, 0.275
2.295, 0.005, 0.275
2.305, 0.005, 0.275
2.315, 0.005, 0.275
2.325, 0.005, 0.275
2.335, 0.005, 0.275
2.3449999999999998, 0.005, 0.275
2.355, 0.005, 0.275
2.365, 0.005, 0.275
2.375, 0.005, 0.275
2.385, 0.005, 0.275
2.395, 0.005, 0.275
2.4050000000000002, 0.005, 0.275
2.415, 0.005, 0.275
2.425, 0.005, 0.275
2.435, 0.005, 0.275
2.4450000000000003, 0.005, 0.275
2.455, 0.005, 0.275
2.465, 0.005, 0.275
2.475, 0.005, 0.275
2.4850000000000003, 0.005, 0.275
2.495, 0.005, 0.275
2.505, 0.005, 0.275
2.515, 0.005, 0.275
2.5250000000000004, 0.005, 0.275
2.535, 0.005, 0.275
2.545, 0.005, 0.275
2.555, 0.005, 0.275
2.565, 0.005, 0.275
2.575, 0.005, 0.275
2.585, 0.005, 0.275
2.5949999999999998, 0.005, 0.275
2.605, 0.005, 0.275
2.615, 0.005, 0.275
2.625, 0.005, 0.275
2.635, 0.005, 0.275
2.645, 0.005, 0.275
2.6550000000000002, 0.005, 0.275
2.665, 0.005, 0.275
2.675, 0.005, 0.275
2.685, 0.005, 0.275
2.6950000000000003, 0.005, 0.275
2.705, 0.005, 0.275
2.715, 0.005, 0.275
2.725, 0.005, 0.275
2.7350000000000003, 0.005, 0.275
2.745, 0.005, 0.275
2.755, 0.005, 0.275
2.765, 0.005, 0.275
2.7750000000000004, 0.005, 0.275
2.785, 0.005, 0.275
2.795, 0.005, 0.275
0.005, 0.005, 0.28500000000000003
0.015, 0.005, 0.28500000000000003
0.025, 0.005, 0.28500000000000003
0.035, 0.005, 0.28500000000000003
0.045, 0.005, 0.28500000000000003
0.055, 0.005, 0.28500000000000003
0.065, 0.005, 0.28500000000000003
0.07500000000000001, 0.005, 0.28500000000000003
0.08499999999999999, 0.005, 0.28500000000000003
0.095, 0.005, 0.28500000000000003
0.10500000000000001, 0.005, 0.28500000000000003
0.11499999999999999, 0.005, 0.28500000000000003
0.125, 0.005, 0.28500000000000003
0.135, 0.005, 0.28500000000000003
0.14500000000000002, 0.005, 0.28500000000000003
0.155, 0.005, 0.28500000000000003
0.165, 0.005, 0.28500000000000003
0.175, 0.005, 0.28500000000000003
0.185, 0.005, 0.28500000000000003
0.195, 0.005, 0.28500000000000003
0.20500000000000002, 0.005, 0.28500000000000003
0.215, 0.005, 0.28500000000000003
0.225, 0.005, 0.28500000000000003
0.235, 0.005, 0.28500000000000003
0.245, 0.005, 0.28500000000000003
0.255, 0.005, 0.28500000000000003
0.265, 0.005, 0.28500000000000003
0.275, 0.005, 0.28500000000000003
0.28500000000000003, 0.005, 0.28500000000000003
0.295, 0.005, 0.28500000000000003
0.305, 0.005, 0.28500000000000003
0.315, 0.005, 0.28500000000000003
0.325, 0.005, 0.28500000000000003
0.335, 0.005, 0.28500000000000003
0.34500000000000003, 0.005, 0.28500000000000003
0.355, 0.005, 0.28500000000000003
0.365, 0.005, 0.28500000000000003
0.375, 0.005, 0.28500000000000003
0.385, 0.005, 0.28500000000000003
0.395, 0.005, 0.28500000000000003
0.405, 0.005, 0.28500000000000003
0.41500000000000004, 0.005, 0.28500000000000003
0.425, 0.005, 0.28500000000000003
0.435, 0.005, 0.28500000000000003
0.445, 0.005, 0.28500000000000003
0.455, 0.005, 0.28500000000000003
0.465, 0.005, 0.28500000000000003
0.475, 0.005, 0.28500000000000003
0.485, 0.005, 0.28500000000000003
0.495, 0.005, 0.28500000000000003
0.505, 0.005, 0.28500000000000003
0.515, 0.005, 0.28500000000000003
0.525, 0.005, 0.28500000000000003
0.535, 0.005, 0.28500000000000003
0.545, 0.005, 0.28500000000000003
0.555, 0.005, 0.28500000000000003
0.5650000000000001, 0.005, 0.28500000000000003
0.575, 0.005, 0.28500000000000003
0.585, 0.005, 0.28500000000000003
0.595, 0.005, 0.28500000000000003
0.605, 0.005, 0.28500000000000003
0.615, 0.005, 0.28500000000000003
0.625, 0.005, 0.28500000000000003
0.635, 0.005, 0.28500000000000003
0.645, 0.005, 0.28500000000000003
0.655, 0.005, 0.28500000000000003
0.665, 0.005, 0.28500000000000003
0.675, 0.005, 0.28500000000000003
0.685, 0.005, 0.28500000000000003
0.6950000000000001, 0.005, 0.28500000000000003
0.7050000000000001, 0.005, 0.28500000000000003
0.715, 0.005, 0.28500000000000003
0.725, 0.005, 0.28500000000000003
0.735, 0.005, 0.28500000000000003
0.745, 0.005, 0.28500000000000003
0.755, 0.005, 0.28500000000000003
0.765, 0.005, 0.28500000000000003
0.775, 0.005, 0.28500000000000003
0.785, 0.005, 0.28500000000000003
0.795, 0.005, 0.28500000000000003
0.805, 0.005, 0.28500000000000003
0.8150000000000001, 0.005, 0.28500000000000003
0.8250000000000001, 0.005, 0.28500000000000003
0.835, 0.005, 0.28500000000000003
0.845, 0.005, 0.28500000000000003
0.855, 0.005, 0.28500000000000003
0.865, 0.005, 0.28500000000000003
0.875, 0.005, 0.28500000000000003
0.885, 0.005, 0.28500000000000003
0.895, 0.005, 0.28500000000000003
0.905, 0.005, 0.28500000000000003
0.915, 0.005, 0.28500000000000003
0.925, 0.005, 0.28500000000000003
0.935, 0.005, 0.28500000000000003
0.9450000000000001, 0.005, 0.28500000000000003
0.9550000000000001, 0.005, 0.28500000000000003
0.965, 0.005, 0.28500000000000003
0.975, 0.005, 0.28500000000000003
0.985, 0.005, 0.28500000000000003
0.995, 0.005, 0.28500000000000003
1.005, 0.005, 0.28500000000000003
1.0150000000000001, 0.005, 0.28500000000000003
1.025, 0.005, 0.28500000000000003
1.0350000000000001, 0.005, 0.28500000000000003
1.045, 0.005, 0.28500000000000003
1.0550000000000002, 0.005, 0.28500000000000003
1.065, 0.005, 0.28500000000000003
1.0750000000000002, 0.005, 0.28500000000000003
1.085, 0.005, 0.28500000000000003
1.0950000000000002, 0.005, 0.28500000000000003
1.105, 0.005, 0.28500000000000003
1.1150000000000002, 0.005, 0.28500000000000003
1.125, 0.005, 0.28500000000000003
1.1350000000000002, 0.005, 0.28500000000000003
1.145, 0.005, 0.28500000000000003
1.155, 0.005, 0.28500000000000003
1.165, 0.005, 0.28500000000000003
1.1749999999999998, 0.005, 0.28500000000000003
1.185, 0.005, 0.28500000000000003
1.1949999999999998, 0.005, 0.28500000000000003
1.205, 0.005, 0.28500000000000003
1.2149999999999999, 0.005, 0.28500000000000003
1.225, 0.005, 0.28500000000000003
1.2349999999999999, 0.005, 0.28500000000000003
1.245, 0.005, 0.28500000000000003
1.255, 0.005, 0.28500000000000003
1.2650000000000001, 0.005, 0.28500000000000003
1.275, 0.005, 0.28500000000000003
1.2850000000000001, 0.005, 0.28500000000000003
1.295, 0.005, 0.28500000000000003
1.3050000000000002, 0.005, 0.28500000000000003
1.315, 0.005, 0.28500000000000003
1.3250000000000002, 0.005, 0.28500000000000003
1.335, 0.005, 0.28500000000000003
1.3450000000000002, 0.005, 0.28500000000000003
1.355, 0.005, 0.28500000000000003
1.3650000000000002, 0.005, 0.28500000000000003
1.375, 0.005, 0.28500000000000003
1.3850000000000002, 0.005, 0.28500000000000003
1.395, 0.005, 0.28500000000000003
1.405, 0.005, 0.28500000000000003
1.415, 0.005, 0.28500000000000003
1.4249999999999998, 0.005, 0.28500000000000003
1.435, 0.005, 0.28500000000000003
1.4449999999999998, 0.005, 0.28500000000000003
1.455, 0.005, 0.28500000000000003
1.4649999999999999, 0.005, 0.28500000000000003
1.475, 0.005, 0.28500000000000003
1.4849999999999999, 0.005, 0.28500000000000003
1.495, 0.005, 0.28500000000000003
1.505, 0.005, 0.28500000000000003
1.5150000000000001, 0.005, 0.28500000000000003
1.525, 0.005, 0.28500000000000003
1.5350000000000001, 0.005, 0.28500000000000003
1.545, 0.005, 0.28500000000000003
1.5550000000000002, 0.005, 0.28500000000000003
1.565, 0.005, 0.28500000000000003
1.5750000000000002, 0.005, 0.28500000000000003
1.585, 0.005, 0.28500000000000003
1.5950000000000002, 0.005, 0.28500000000000003
1.605, 0.005, 0.28500000000000003
1.6150000000000002, 0.005, 0.28500000000000003
1.625, 0.005, 0.28500000000000003
1.6350000000000002, 0.005, 0.28500000000000003
1.645, 0.005, 0.28500000000000003
1.6550000000000002, 0.005, 0.28500000000000003
1.665, 0.005, 0.28500000000000003
1.6749999999999998, 0.005, 0.28500000000000003
1.685, 0.005, 0.28500000000000003
1.6949999999999998, 0.005, 0.28500000000000003
1.705, 0.005, 0.28500000000000003
1.7149999999999999, 0.005, 0.28500000000000003
1.725, 0.005, 0.28500000000000003
1.7349999999999999, 0.005, 0.28500000000000003
1.745, 0.005, 0.28500000000000003
1.755, 0.005, 0.28500000000000003
1.7650000000000001, 0.005, 0.28500000000000003
1.775, 0.005, 0.28500000000000003
1.7850000000000001, 0.005, 0.28500000000000003
1.795, 0.005, 0.28500000000000003
1.8050000000000002, 0.005, 0.28500000000000003
1.815, 0.005, 0.28500000000000003
1.8250000000000002, 0.005, 0.28500000000000003
1.835, 0.005, 0.28500000000000003
1.8450000000000002, 0.005, 0.28500000000000003
1.855, 0.005, 0.28500000000000003
1.8650000000000002, 0.005, 0.28500000000000003
1.875, 0.005, 0.28500000000000003
1.8850000000000002, 0.005, 0.28500000000000003
1.895, 0.005, 0.28500000000000003
1.9050000000000002, 0.005, 0.28500000000000003
1.915, 0.005, 0.28500000000000003
1.9249999999999998, 0.005, 0.28500000000000003
1.935, 0.005, 0.28500000000000003
1.9449999999999998, 0.005, 0.28500000000000003
1.955, 0.005, 0.28500000000000003
1.9649999999999999, 0.005, 0.28500000000000003
1.975, 0.005, 0.28500000000000003
1.9849999999999999, 0.005, 0.28500000000000003
1.995, 0.005, 0.28500000000000003
2.005, 0.005, 0.28500000000000003
2.015, 0.005, 0.28500000000000003
2.0250000000000004, 0.005, 0.28500000000000003
2.035, 0.005, 0.28500000000000003
2.045, 0.005, 0.28500000000000003
2.0549999999999997, 0.005, 0.28500000000000003
2.065, 0.005, 0.28500000000000003
2.075, 0.005, 0.28500000000000003
2.085, 0.005, 0.28500000000000003
2.0949999999999998, 0.005, 0.28500000000000003
2.105, 0.005, 0.28500000000000003
2.115, 0.005, 0.28500000000000003
2.125, 0.005, 0.28500000000000003
2.135, 0.005, 0.28500000000000003
2.145, 0.005, 0.28500000000000003
2.1550000000000002, 0.005, 0.28500000000000003
2.165, 0.005, 0.28500000000000003
2.175, 0.005, 0.28500000000000003
2.185, 0.005, 0.28500000000000003
2.1950000000000003, 0.005, 0.28500000000000003
2.205, 0.005, 0.28500000000000003
2.215, 0.005, 0.28500000000000003
2.225, 0.005, 0.28500000000000003
2.2350000000000003, 0.005, 0.28500000000000003
2.245, 0.005, 0.28500000000000003
2.255, 0.005, 0.28500000000000003
2.265, 0.005, 0.28500000000000003
2.2750000000000004, 0.005, 0.28500000000000003
2.285, 0.005, 0.28500000000000003
2.295, 0.005, 0.28500000000000003
2.305, 0.005, 0.28500000000000003
2.315, 0.005, 0.28500000000000003
2.325, 0.005, 0.28500000000000003
2.335, 0.005, 0.28500000000000003
2.3449999999999998, 0.005, 0.28500000000000003
2.355, 0.005, 0.28500000000000003
2.365, 0.005, 0.28500000000000003
2.375, 0.005, 0.28500000000000003
2.385, 0.005, 0.28500000000000003
2.395, 0.005, 0.28500000000000003
2.4050000000000002, 0.005, 0.28500000000000003
2.415, 0.005, 0.28500000000000003
2.425, 0.005, 0.28500000000000003
2.435, 0.005, 0.28500000000000003
2.4450000000000003, 0.005, 0.28500000000000003
2.455, 0.005, 0.28500000000000003
2.465, 0.005, 0.28500000000000003
2.475, 0.005, 0.28500000000000003
2.4850000000000003, 0.005, 0.28500000000000003
2.495, 0.005, 0.28500000000000003
2.505, 0.005, 0.28500000000000003
2.515, 0.005, 0.28500000000000003
2.5250000000000004, 0.005, 0.28500000000000003
2.535, 0.005, 0.28500000000000003
2.545, 0.005, 0.28500000000000003
2.555, 0.005, 0.28500000000000003
2.565, 0.005, 0.28500000000000003
2.575, 0.005, 0.28500000000000003
2.585, 0.005, 0.28500000000000003
2.5949999999999998, 0.005, 0.28500000000000003
2.605, 0.005, 0.28500000000000003
2.615, 0.005, 0.28500000000000003
2.625, 0.005, 0.28500000000000003
2.635, 0.005, 0.28500000000000003
2.645, 0.005, 0.28500000000000003
2.6550000000000002, 0.005, 0.28500000000000003
2.665, 0.005, 0.28500000000000003
2.675, 0.005, 0.28500000000000003
2.685, 0.005, 0.28500000000000003
2.6950000000000003, 0.005, 0.28500000000000003
2.705, 0.005, 0.28500000000000003
2.715, 0.005, 0.28500000000000003
2.725, 0.005, 0.28500000000000003
2.7350000000000003, 0.005, 0.28500000000000003
2.745, 0.005, 0.28500000000000003
2.755, 0.005, 0.28500000000000003
2.765, 0.005, 0.28500000000000003
2.7750000000000004, 0.005, 0.28500000000000003
2.785, 0.005, 0.28500000000000003
2.795, 0.005, 0.28500000000000003
0.005, 0.005, 0.295
0.015, 0.005, 0.295
0.025, 0.005, 0.295
0.035, 0.005, 0.295
0.045, 0.005, 0.295
0.055, 0.005, 0.295
0.065, 0.005, 0.295
0.07500000000000001, 0.005, 0.295
0.08499999999999999, 0.005, 0.295
0.095, 0.005, 0.295
0.10500000000000001, 0.005, 0.295
0.11499999999999999, 0.005, 0.295
0.125, 0.005, 0.295
0.135, 0.005, 0.295
0.14500000000000002, 0.005, 0.295
0.155, 0.005, 0.295
0.165, 0.005, 0.295
0.175, 0.005, 0.295
0.185, 0.005, 0.295
0.195, 0.005, 0.295
0.20500000000000002, 0.005, 0.295
0.215, 0.005, 0.295
0.225, 0.005, 0.295
0.235, 0.005, 0.295
0.245, 0.005, 0.295
0.255, 0.005, 0.295
0.265, 0.005, 0.295
0.275, 0.005, 0.295
0.28500000000000003, 0.005, 0.295
0.295, 0.005, 0.295
0.305, 0.005, 0.295
0.315, 0.005, 0.295
0.325, 0.005, 0.295
0.335, 0.005, 0.295
0.34500000000000003, 0.005, 0.295
0.355, 0.005, 0.295
0.365, 0.005, 0.295
0.375, 0.005, 0.295
0.385, 0.005, 0.295
0.395, 0.005, 0.295
0.405, 0.005, 0.295
0.41500000000000004, 0.005, 0.295
0.425, 0.005, 0.295
0.435, 0.005, 0.295
0.445, 0.005, 0.295
0.455, 0.005, 0.295
0.465, 0.005, 0.295
0.475, 0.005, 0.295
0.485, 0.005, 0.295
0.495, 0.005, 0.295
0.505, 0.005, 0.295
0.515, 0.005, 0.295
0.525, 0.005, 0.295
0.535, 0.005, 0.295
0.545, 0.005, 0.295
0.555, 0.005, 0.295
0.5650000000000001, 0.005, 0.295
0.575, 0.005, 0.295
0.585, 0.005, 0.295
0.595, 0.005, 0.295
0.605, 0.005, 0.295
0.615, 0.005, 0.295
0.625, 0.005, 0.295
0.635, 0.005, 0.295
0.645, 0.005, 0.295
0.655, 0.005, 0.295
0.665, 0.005, 0.295
0.675, 0.005, 0.295
0.685, 0.005, 0.295
0.6950000000000001, 0.005, 0.295
0.7050000000000001, 0.005, 0.295
0.715, 0.005, 0.295
0.725, 0.005, 0.295
0.735, 0.005, 0.295
0.745, 0.005, 0.295
0.755, 0.005, 0.295
0.765, 0.005, 0.295
0.775, 0.005, 0.295
0.785, 0.005, 0.295
0.795, 0.005, 0.295
0.805, 0.005, 0.295
0.8150000000000001, 0.005, 0.295
0.8250000000000001, 0.005, 0.295
0.835, 0.005, 0.295
0.845, 0.005, 0.295
0.855, 0.005, 0.295
0.865, 0.005, 0.295
0.875, 0.005, 0.295
0.885, 0.005, 0.295
0.895, 0.005, 0.295
0.905, 0.005, 0.295
0.915, 0.005, 0.295
0.925, 0.005, 0.295
0.935, 0.005, 0.295
0.9450000000000001, 0.005, 0.295
0.9550000000000001, 0.005, 0.295
0.965, 0.005, 0.295
0.975, 0.005, 0.295
0.985, 0.005, 0.295
0.995, 0.005, 0.295
1.005, 0.005, 0.295
1.0150000000000001, 0.005, 0.295
1.025, 0.005, 0.295
1.0350000000000001, 0.005, 0.295
1.045, 0.005, 0.295
1.0550000000000002, 0.005, 0.295
1.065, 0.005, 0.295
1.0750000000000002, 0.005, 0.295
1.085, 0.005, 0.295
1.0950000000000002, 0.005, 0.295
1.105, 0.005, 0.295
1.1150000000000002, 0.005, 0.295
1.125, 0.005, 0.295
1.1350000000000002, 0.005, 0.295
1.145, 0.005, 0.295
1.155, 0.005, 0.295
1.165, 0.005, 0.295
1.1749999999999998, 0.005, 0.295
1.185, 0.005, 0.295
1.1949999999999998, 0.005, 0.295
1.205, 0.005, 0.295
1.2149999999999999, 0.005, 0.295
1.225, 0.005, 0.295
1.2349999999999999, 0.005, 0.295
1.245, 0.005, 0.295
1.255, 0.005, 0.295
1.2650000000000001, 0.005, 0.295
1.275, 0.005, 0.295
1.2850000000000001, 0.005, 0.295
1.295, 0.005, 0.295
1.3050000000000002, 0.005, 0.295
1.315, 0.005, 0.295
1.3250000000000002, 0.005, 0.295
1.335, 0.005, 0.295
1.3450000000000002, 0.005, 0.295
1.355, 0.005, 0.295
1.3650000000000002, 0.005, 0.295
1.375, 0.005, 0.295
1.3850000000000002, 0.005, 0.295
1.395, 0.005, 0.295
1.405, 0.005, 0.295
1.415, 0.005, 0.295
1.4249999999999998, 0.005, 0.295
1.435, 0.005, 0.295
1.4449999999999998, 0.005, 0.295
1.455, 0.005, 0.295
1.4649999999999999, 0.005, 0.295
1.475, 0.005, 0.295
1.4849999999999999, 0.005, 0.295
1.495, 0.005, 0.295
1.505, 0.005, 0.295
1.5150000000000001, 0.005, 0.295
1.525, 0.005, 0.295
1.5350000000000001, 0.005, 0.295
1.545, 0.005, 0.295
1.5550000000000002, 0.005, 0.295
1.565, 0.005, 0.295
1.5750000000000002, 0.005, 0.295
1.585, 0.005, 0.295
1.5950000000000002, 0.005, 0.295
1.605, 0.005, 0.295
1.6150000000000002, 0.005, 0.295
1.625, 0.005, 0.295
1.6350000000000002, 0.005, 0.295
1.645, 0.005, 0.295
1.6550000000000002, 0.005, 0.295
1.665, 0.005, 0.295
1.6749999999999998, 0.005, 0.295
1.685, 0.005, 0.295
1.6949999999999998, 0.005, 0.295
1.705, 0.005, 0.295
1.7149999999999999, 0.005, 0.295
1.725, 0.005, 0.295
1.7349999999999999, 0.005, 0.295
1.745, 0.005, 0.295
1.755, 0.005, 0.295
1.7650000000000001, 0.005, 0.295
1.775, 0.005, 0.295
1.7850000000000001, 0.005, 0.295
1.795, 0.005, 0.295
1.8050000000000002, 0.005, 0.295
1.815, 0.005, 0.295
1.8250000000000002, 0.005, 0.295
1.835, 0.005, 0.295
1.8450000000000002, 0.005, 0.295
1.855, 0.005, 0.295
1.8650000000000002, 0.005, 0.295
1.875, 0.005, 0.295
1.8850000000000002, 0.005, 0.295
1.895, 0.005, 0.295
1.9050000000000002, 0.005, 0.295
1.915, 0.005, 0.295
1.9249999999999998, 0.005, 0.295
1.935, 0.005, 0.295
1.9449999999999998, 0.005, 0.295
1.955, 0.005, 0.295
1.9649999999999999, 0.005, 0.295
1.975, 0.005, 0.295
1.9849999999999999, 0.005, 0.295
1.995, 0.005, 0.295
2.005, 0.005, 0.295
2.015, 0.005, 0.295
2.0250000000000004, 0.005, 0.295
2.035, 0.005, 0.295
2.045, 0.005, 0.295
2.0549999999999997, 0.005, 0.295
2.065, 0.005, 0.295
2.075, 0.005, 0.295
2.085, 0.005, 0.295
2.0949999999999998, 0.005, 0.295
2.105, 0.005, 0.295
2.115, 0.005, 0.295
2.125, 0.005, 0.295
2.135, 0.005, 0.295
2.145, 0.005, 0.295
2.1550000000000002, 0.005, 0.295
2.165, 0.005, 0.295
2.175, 0.005, 0.295
2.185, 0.005, 0.295
2.1950000000000003, 0.005, 0.295
2.205, 0.005, 0.295
2.215, 0.005, 0.295
2.225, 0.005, 0.295
2.2350000000000003, 0.005, 0.295
2.245, 0.005, 0.295
2.255, 0.005, 0.295
2.265, 0.005, 0.295
2.2750000000000004, 0.005, 0.295
2.285, 0.005, 0.295
2.295, 0.005, 0.295
2.305, 0.005, 0.295
2.315, 0.005, 0.295
2.325, 0.005, 0.295
2.335, 0.005, 0.295
2.3449999999999998, 0.005, 0.295
2.355, 0.005, 0.295
2.365, 0.005, 0.295
2.375, 0.005, 0.295
2.385, 0.005, 0.295
2.395, 0.005, 0.295
2.4050000000000002, 0.005, 0.295
2.415, 0.005, 0.295
2.425, 0.005, 0.295
2.435, 0.005, 0.295
2.4450000000000003, 0.005, 0.295
2.455, 0.005, 0.295
2.465, 0.005, 0.295
2.475, 0.005, 0.295
2.4850000000000003, 0.005, 0.295
2.495, 0.005, 0.295
2.505, 0.005, 0.295
2.515, 0.005, 0.295
2.5250000000000004, 0.005, 0.295
2.535, 0.005, 0.295
2.545, 0.005, 0.295
2.555, 0.005, 0.295
2.565, 0.005, 0.295
2.575, 0.005, 0.295
2.585, 0.005, 0.295
2.5949999999999998, 0.005, 0.295
2.605, 0.005, 0.295
2.615, 0.005, 0.295
2.625, 0.005, 0.295
2.635, 0.005, 0.295
2.645, 0.005, 0.295
2.6550000000000002, 0.005, 0.295
2.665, 0.005, 0.295
2.675, 0.005, 0.295
2.685, 0.005, 0.295
2.6950000000000003, 0.005, 0.295
2.705, 0.005, 0.295
2.715, 0.005, 0.295
2.725, 0.005, 0.295
2.7350000000000003, 0.005, 0.295
2.745, 0.005, 0.295
2.755, 0.005, 0.295
2.765, 0.005, 0.295
2.7750000000000004, 0.005, 0.295
2.785, 0.005, 0.295
2.795, 0.005, 0.295
0.005, 0.005, 0.305
0.015, 0.005, 0.305
0.025, 0.005, 0.305
0.035, 0.005, 0.305
0.045, 0.005, 0.305
0.055, 0.005, 0.305
0.065, 0.005, 0.305
0.07500000000000001, 0.005, 0.305
0.08499999999999999, 0.005, 0.305
0.095, 0.005, 0.305
0.10500000000000001, 0.005, 0.305
0.11499999999999999, 0.005, 0.305
0.125, 0.005, 0.305
0.135, 0.005, 0.305
0.14500000000000002, 0.005, 0.305
0.155, 0.005, 0.305
0.165, 0.005, 0.305
0.175, 0.005, 0.305
0.185, 0.005, 0.305
0.195, 0.005, 0.305
0.20500000000000002, 0.005, 0.305
0.215, 0.005, 0.305
0.225, 0.005, 0.305
0.235, 0.005, 0.305
0.245, 0.005, 0.305
0.255, 0.005, 0.305
0.265, 0.005, 0.305
0.275, 0.005, 0.305
0.28500000000000003, 0.005, 0.305
0.295, 0.005, 0.305
0.305, 0.005, 0.305
0.315, 0.005, 0.305
0.325, 0.005, 0.305
0.335, 0.005, 0.305
0.34500000000000003, 0.005, 0.305
0.355, 0.005, 0.305
0.365, 0.005, 0.305
0.375, 0.005, 0.305
0.385, 0.005, 0.305
0.395, 0.005, 0.305
0.405, 0.005, 0.305
0.41500000000000004, 0.005, 0.305
0.425, 0.005, 0.305
0.435, 0.005, 0.305
0.445, 0.005, 0.305
0.455, 0.005, 0.305
0.465, 0.005, 0.305
0.475, 0.005, 0.305
0.485, 0.005, 0.305
0.495, 0.005, 0.305
0.505, 0.005, 0.305
0.515, 0.005, 0.305
0.525, 0.005, 0.305
0.535, 0.005, 0.305
0.545, 0.005, 0.305
0.555, 0.005, 0.305
0.5650000000000001, 0.005, 0.305
0.575, 0.005, 0.305
0.585, 0.005, 0.305
0.595, 0.005, 0.305
0.605, 0.005, 0.305
0.615, 0.005, 0.305
0.625, 0.005, 0.305
0.635, 0.005, 0.305
0.645, 0.005, 0.305
0.655, 0.005, 0.305
0.665, 0.005, 0.305
0.675, 0.005, 0.305
0.685, 0.005, 0.305
0.6950000000000001, 0.005, 0.305
0.7050000000000001, 0.005, 0.305
0.715, 0.005, 0.305
0.725, 0.005, 0.305
0.735, 0.005, 0.305
0.745, 0.005, 0.305
0.755, 0.005, 0.305
0.765, 0.005, 0.305
0.775, 0.005, 0.305
0.785, 0.005, 0.305
0.795, 0.005, 0.305
0.805, 0.005, 0.305
0.8150000000000001, 0.005, 0.305
0.8250000000000001, 0.005, 0.305
0.835, 0.005, 0.305
0.845, 0.005, 0.305
0.855, 0.005, 0.305
0.865, 0.005, 0.305
0.875, 0.005, 0.305
0.885, 0.005, 0.305
0.895, 0.005, 0.305
0.905, 0.005, 0.305
0.915, 0.005, 0.305
0.925, 0.005, 0.305
0.935, 0.005, 0.305
0.9450000000000001, 0.005, 0.305
0.9550000000000001, 0.005, 0.305
0.965, 0.005, 0.305
0.975, 0.005, 0.305
0.985, 0.005, 0.305
0.995, 0.005, 0.305
1.005, 0.005, 0.305
1.0150000000000001, 0.005, 0.305
1.025, 0.005, 0.305
1.0350000000000001, 0.005, 0.305
1.045, 0.005, 0.305
1.0550000000000002, 0.005, 0.305
1.065, 0.005, 0.305
1.0750000000000002, 0.005, 0.305
1.085, 0.005, 0.305
1.0950000000000002, 0.005, 0.305
1.105, 0.005, 0.305
1.1150000000000002, 0.005, 0.305
1.125, 0.005, 0.305
1.1350000000000002, 0.005, 0.305
1.145, 0.005, 0.305
1.155, 0.005, 0.305
1.165, 0.005, 0.305
1.1749999999999998, 0.005, 0.305
1.185, 0.005, 0.305
1.1949999999999998, 0.005, 0.305
1.205, 0.005, 0.305
1.2149999999999999, 0.005, 0.305
1.225, 0.005, 0.305
1.2349999999999999, 0.005, 0.305
1.245, 0.005, 0.305
1.255, 0.005, 0.305
1.2650000000000001, 0.005, 0.305
1.275, 0.005, 0.305
1.2850000000000001, 0.005, 0.305
1.295, 0.005, 0.305
1.3050000000000002, 0.005, 0.305
1.315, 0.005, 0.305
1.3250000000000002, 0.005, 0.305
1.335, 0.005, 0.305
1.3450000000000002, 0.005, 0.305
1.355, 0.005, 0.305
1.3650000000000002, 0.005, 0.305
1.375, 0.005, 0.305
1.3850000000000002, 0.005, 0.305
1.395, 0.005, 0.305
1.405, 0.005, 0.305
1.415, 0.005, 0.305
1.4249999999999998, 0.005, 0.305
1.435, 0.005, 0.305
1.4449999999999998, 0.005, 0.305
1.455, 0.005, 0.305
1.4649999999999999, 0.005, 0.305
1.475, 0.005, 0.305
1.4849999999999999, 0.005, 0.305
1.495, 0.005, 0.305
1.505, 0.005, 0.305
1.5150000000000001, 0.005, 0.305
1.525, 0.005, 0.305
1.5350000000000001, 0.005, 0.305
1.545, 0.005, 0.305
1.5550000000000002, 0.005, 0.305
1.565, 0.005, 0.305
1.5750000000000002, 0.005, 0.305
1.585, 0.005, 0.305
1.5950000000000002, 0.005, 0.305
1.605, 0.005, 0.305
1.6150000000000002, 0.005, 0.305
1.625, 0.005, 0.305
1.6350000000000002, 0.005, 0.305
1.645, 0.005, 0.305
1.6550000000000002, 0.005, 0.305
1.665, 0.005, 0.305
1.6749999999999998, 0.005, 0.305
1.685, 0.005, 0.305
1.6949999999999998, 0.005, 0.305
1.705, 0.005, 0.305
1.7149999999999999, 0.005, 0.305
1.725, 0.005, 0.305
1.7349999999999999, 0.005, 0.305
1.745, 0.005, 0.305
1.755, 0.005, 0.305
1.7650000000000001, 0.005, 0.305
1.775, 0.005, 0.305
1.7850000000000001, 0.005, 0.305
1.795, 0.005, 0.305
1.8050000000000002, 0.005, 0.305
1.815, 0.005, 0.305
1.8250000000000002, 0.005, 0.305
1.835, 0.005, 0.305
1.8450000000000002, 0.005, 0.305
1.855, 0.005, 0.305
1.8650000000000002, 0.005, 0.305
1.875, 0.005, 0.305
1.8850000000000002, 0.005, 0.305
1.895, 0.005, 0.305
1.9050000000000002, 0.005, 0.305
1.915, 0.005, 0.305
1.9249999999999998, 0.005, 0.305
1.935, 0.005, 0.305
1.9449999999999998, 0.005, 0.305
1.955, 0.005, 0.305
1.9649999999999999, 0.005, 0.305
1.975, 0.005, 0.305
1.9849999999999999, 0.005, 0.305
1.995, 0.005, 0.305
2.005, 0.005, 0.305
2.015, 0.005, 0.305
2.0250000000000004, 0.005, 0.305
2.035, 0.005, 0.305
2.045, 0.005, 0.305
2.0549999999999997, 0.005, 0.305
2.065, 0.005, 0.305
2.075, 0.005, 0.305
2.085, 0.005, 0.305
2.0949999999999998, 0.005, 0.305
2.105, 0.005, 0.305
2.115, 0.005, 0.305
2.125, 0.005, 0.305
2.135, 0.005, 0.305
2.145, 0.005, 0.305
2.1550000000000002, 0.005, 0.305
2.165, 0.005, 0.305
2.175, 0.005, 0.305
2.185, 0.005, 0.305
2.1950000000000003, 0.005, 0.305
2.205, 0.005, 0.305
2.215, 0.005, 0.305
2.225, 0.005, 0.305
2.2350000000000003, 0.005, 0.305
2.245, 0.005, 0.305
2.255, 0.005, 0.305
2.265, 0.005, 0.305
2.2750000000000004, 0.005, 0.305
2.285, 0.005, 0.305
2.295, 0.005, 0.305
2.305, 0.005, 0.305
2.315, 0.005, 0.305
2.325, 0.005, 0.305
2.335, 0.005, 0.305
2.3449999999999998, 0.005, 0.305
2.355, 0.005, 0.305
2.365, 0.005, 0.305
2.375, 0.005, 0.305
2.385, 0.005, 0.305
2.395, 0.005, 0.305
2.4050000000000002, 0.005, 0.305
2.415, 0.005, 0.305
2.425, 0.005, 0.305
2.435, 0.005, 0.305
2.4450000000000003, 0.005, 0.305
2.455, 0.005, 0.305
2.465, 0.005, 0.305
2.475, 0.005, 0.305
2.4850000000000003, 0.005, 0.305
2.495, 0.005, 0.305
2.505, 0.005, 0.305
2.515, 0.005, 0.305
2.5250000000000004, 0.005, 0.305
2.535, 0.005, 0.305
2.545, 0.005, 0.305
2.555, 0.005, 0.305
2.565, 0.005, 0.305
2.575, 0.005, 0.305
2.585, 0.005, 0.305
2.5949999999999998, 0.005, 0.305
2.605, 0.005, 0.305
2.615, 0.005, 0.305
2.625, 0.005, 0.305
2.635, 0.005, 0.305
2.645, 0.005, 0.305
2.6550000000000002, 0.005, 0.305
2.665, 0.005, 0.305
2.675, 0.005, 0.305
2.685, 0.005, 0.305
2.6950000000000003, 0.005, 0.305
2.705, 0.005, 0.305
2.715, 0.005, 0.305
2.725, 0.005, 0.305
2.7350000000000003, 0.005, 0.305
2.745, 0.005, 0.305
2.755, 0.005, 0.305
2.765, 0.005, 0.305
2.7750000000000004, 0.005, 0.305
2.785, 0.005, 0.305
2.795, 0.005, 0.305
0.005, 0.005, 0.315
0.015, 0.005, 0.315
0.025, 0.005, 0.315
0.035, 0.005, 0.315
0.045, 0.005, 0.315
0.055, 0.005, 0.315
0.065, 0.005, 0.315
0.07500000000000001, 0.005, 0.315
0.08499999999999999, 0.005, 0.315
0.095, 0.005, 0.315
0.10500000000000001, 0.005, 0.315
0.11499999999999999, 0.005, 0.315
0.125, 0.005, 0.315
0.135, 0.005, 0.315
0.14500000000000002, 0.005, 0.315
0.155, 0.005, 0.315
0.165, 0.005, 0.315
0.175, 0.005, 0.315
0.185, 0.005, 0.315
0.195, 0.005, 0.315
0.20500000000000002, 0.005, 0.315
0.215, 0.005, 0.315
0.225, 0.005, 0.315
0.235, 0.005, 0.315
0.245, 0.005, 0.315
0.255, 0.005, 0.315
0.265, 0.005, 0.315
0.275, 0.005, 0.315
0.28500000000000003, 0.005, 0.315
0.295, 0.005, 0.315
0.305, 0.005, 0.315
0.315, 0.005, 0.315
0.325, 0.005, 0.315
0.335, 0.005, 0.315
0.34500000000000003, 0.005, 0.315
0.355, 0.005, 0.315
0.365, 0.005, 0.315
0.375, 0.005, 0.315
0.385, 0.005, 0.315
0.395, 0.005, 0.315
0.405, 0.005, 0.315
0.41500000000000004, 0.005, 0.315
0.425, 0.005, 0.315
0.435, 0.005, 0.315
0.445, 0.005, 0.315
0.455, 0.005, 0.315
0.465, 0.005, 0.315
0.475, 0.005, 0.315
0.485, 0.005, 0.315
0.495, 0.005, 0.315
0.505, 0.005, 0.315
0.515, 0.005, 0.315
0.525, 0.005, 0.315
0.535, 0.005, 0.315
0.545, 0.005, 0.315
0.555, 0.005, 0.315
0.5650000000000001, 0.005, 0.315
0.575, 0.005, 0.315
0.585, 0.005, 0.315
0.595, 0.005, 0.315
0.605, 0.005, 0.315
0.615, 0.005, 0.315
0.625, 0.005, 0.315
0.635, 0.005, 0.315
0.645, 0.005, 0.315
0.655, 0.005, 0.315
0.665, 0.005, 0.315
0.675, 0.005, 0.315
0.685, 0.005, 0.315
0.6950000000000001, 0.005, 0.315
0.7050000000000001, 0.005, 0.315
0.715, 0.005, 0.315
0.725, 0.005, 0.315
0.735, 0.005, 0.315
0.745, 0.005, 0.315
0.755, 0.005, 0.315
0.765, 0.005, 0.315
0.775, 0.005, 0.315
0.785, 0.005, 0.315
0.795, 0.005, 0.315
0.805, 0.005, 0.315
0.8150000000000001, 0.005, 0.315
0.8250000000000001, 0.005, 0.315
0.835, 0.005, 0.315
0.845, 0.005, 0.315
0.855, 0.005, 0.315
0.865, 0.005, 0.315
0.875, 0.005, 0.315
0.885, 0.005, 0.315
0.895, 0.005, 0.315
0.905, 0.005, 0.315
0.915, 0.005, 0.315
0.925, 0.005, 0.315
0.935, 0.005, 0.315
0.9450000000000001, 0.005, 0.315
0.9550000000000001, 0.005, 0.315
0.965, 0.005, 0.315
0.975, 0.005, 0.315
0.985, 0.005, 0.315
0.995, 0.005, 0.315
1.005, 0.005, 0.315
1.0150000000000001, 0.005, 0.315
1.025, 0.005, 0.315
1.0350000000000001, 0.005, 0.315
1.045, 0.005, 0.315
1.0550000000000002, 0.005, 0.315
1.065, 0.005, 0.315
1.0750000000000002, 0.005, 0.315
1.085, 0.005, 0.315
1.0950000000000002, 0.005, 0.315
1.105, 0.005, 0.315
1.1150000000000002, 0.005, 0.315
1.125, 0.005, 0.315
1.1350000000000002, 0.005, 0.315
1.145, 0.005, 0.315
1.155, 0.005, 0.315
1.165, 0.005, 0.315
1.1749999999999998, 0.005, 0.315
1.185, 0.005, 0.315
1.1949999999999998, 0.005, 0.315
1.205, 0.005, 0.315
1.2149999999999999, 0.005, 0.315
1.225, 0.005, 0.315
1.2349999999999999, 0.005, 0.315
1.245, 0.005, 0.315
1.255, 0.005, 0.315
1.2650000000000001, 0.005, 0.315
1.275, 0.005, 0.315
1.2850000000000001, 0.005, 0.315
1.295, 0.005, 0.315
1.3050000000000002, 0.005, 0.315
1.315, 0.005, 0.315
1.3250000000000002, 0.005, 0.315
1.335, 0.005, 0.315
1.3450000000000002, 0.005, 0.315
1.355, 0.005, 0.315
1.3650000000000002, 0.005, 0.315
1.375, 0.005, 0.315
1.3850000000000002, 0.005, 0.315
1.395, 0.005, 0.315
1.405, 0.005, 0.315
1.415, 0.005, 0.315
1.4249999999999998, 0.005, 0.315
1.435, 0.005, 0.315
1.4449999999999998, 0.005, 0.315
1.455, 0.005, 0.315
1.4649999999999999, 0.005, 0.315
1.475, 0.005, 0.315
1.4849999999999999, 0.005, 0.315
1.495, 0.005, 0.315
1.505, 0.005, 0.315
1.5150000000000001, 0.005, 0.315
1.525, 0.005, 0.315
1.5350000000000001, 0.005, 0.315
1.545, 0.005, 0.315
1.5550000000000002, 0.005, 0.315
1.565, 0.005, 0.315
1.5750000000000002, 0.005, 0.315
1.585, 0.005, 0.315
1.5950000000000002, 0.005, 0.315
1.605, 0.005, 0.315
1.6150000000000002, 0.005, 0.315
1.625, 0.005, 0.315
1.6350000000000002, 0.005, 0.315
1.645, 0.005, 0.315
1.6550000000000002, 0.005, 0.315
1.665, 0.005, 0.315
1.6749999999999998, 0.005, 0.315
1.685, 0.005, 0.315
1.6949999999999998, 0.005, 0.315
1.705, 0.005, 0.315
1.7149999999999999, 0.005, 0.315
1.725, 0.005, 0.315
1.7349999999999999, 0.005, 0.315
1.745, 0.005, 0.315
1.755, 0.005, 0.315
1.7650000000000001, 0.005, 0.315
1.775, 0.005, 0.315
1.7850000000000001, 0.005, 0.315
1.795, 0.005, 0.315
1.8050000000000002, 0.005, 0.315
1.815, 0.005, 0.315
1.8250000000000002, 0.005, 0.315
1.835, 0.005, 0.315
1.8450000000000002, 0.005, 0.315
1.855, 0.005, 0.315
1.8650000000000002, 0.005, 0.315
1.875, 0.005, 0.315
1.8850000000000002, 0.005, 0.315
1.895, 0.005, 0.315
1.9050000000000002, 0.005, 0.315
1.915, 0.005, 0.315
1.9249999999999998, 0.005, 0.315
1.935, 0.005, 0.315
1.9449999999999998, 0.005, 0.315
1.955, 0.005, 0.315
1.9649999999999999, 0.005, 0.315
1.975, 0.005, 0.315
1.9849999999999999, 0.005, 0.315
1.995, 0.005, 0.315
2.005, 0.005, 0.315
2.015, 0.005, 0.315
2.0250000000000004, 0.005, 0.315
2.035, 0.005, 0.315
2.045, 0.005, 0.315
2.0549999999999997, 0.005, 0.315
2.065, 0.005, 0.315
2.075, 0.005, 0.315
2.085, 0.005, 0.315
2.0949999999999998, 0.005, 0.315
2.105, 0.005, 0.315
2.115, 0.005, 0.315
2.125, 0.005, 0.315
2.135, 0.005, 0.315
2.145, 0.005, 0.315
2.1550000000000002, 0.005, 0.315
2.165, 0.005, 0.315
2.175, 0.005, 0.315
2.185, 0.005, 0.315
2.1950000000000003, 0.005, 0.315
2.205, 0.005, 0.315
2.215, 0.005, 0.315
2.225, 0.005, 0.315
2.2350000000000003, 0.005, 0.315
2.245, 0.005, 0.315
2.255, 0.005, 0.315
2.265, 0.005, 0.315
2.2750000000000004, 0.005, 0.315
2.285, 0.005, 0.315
2.295, 0.005, 0.315
2.305, 0.005, 0.315
2.315, 0.005, 0.315
2.325, 0.005, 0.315
2.335, 0.005, 0.315
2.3449999999999998, 0.005, 0.315
2.355, 0.005, 0.315
2.365, 0.005, 0.315
2.375, 0.005, 0.315
2.385, 0.005, 0.315
2.395, 0.005, 0.315
2.4050000000000002, 0.005, 0.315
2.415, 0.005, 0.315
2.425, 0.005, 0.315
2.435, 0.005, 0.315
2.4450000000000003, 0.005, 0.315
2.455, 0.005, 0.315
2.465, 0.005, 0.315
2.475, 0.005, 0.315
2.4850000000000003, 0.005, 0.315
2.495, 0.005, 0.315
2.505, 0.005, 0.315
2.515, 0.005, 0.315
2.5250000000000004, 0.005, 0.315
2.535, 0.005, 0.315
2.545, 0.005, 0.315
2.555, 0.005, 0.315
2.565, 0.005, 0.315
2.575, 0.005, 0.315
2.585, 0.005, 0.315
2.5949999999999998, 0.005, 0.315
2.605, 0.005, 0.315
2.615, 0.005, 0.315
2.625, 0.005, 0.315
2.635, 0.005, 0.315
2.645, 0.005, 0.315
2.6550000000000002, 0.005, 0.315
2.665, 0.005, 0.315
2.675, 0.005, 0.315
2.685, 0.005, 0.315
2.6950000000000003, 0.005, 0.315
2.705, 0.005, 0.315
2.715, 0.005, 0.315
2.725, 0.005, 0.315
2.7350000000000003, 0.005, 0.315
2.745, 0.005, 0.315
2.755, 0.005, 0.315
2.765, 0.005, 0.315
2.7750000000000004, 0.005, 0.315
2.785, 0.005, 0.315
2.795, 0.005, 0.315
0.005, 0.005, 0.325
0.015, 0.005, 0.325
0.025, 0.005, 0.325
0.035, 0.005, 0.325
0.045, 0.005, 0.325
0.055, 0.005, 0.325
0.065, 0.005, 0.325
0.07500000000000001, 0.005, 0.325
0.08499999999999999, 0.005, 0.325
0.095, 0.005, 0.325
0.10500000000000001, 0.005, 0.325
0.11499999999999999, 0.005, 0.325
0.125, 0.005, 0.325
0.135, 0.005, 0.325
0.14500000000000002, 0.005, 0.325
0.155, 0.005, 0.325
0.165, 0.005, 0.325
0.175, 0.005, 0.325
0.185, 0.005, 0.325
0.195, 0.005, 0.325
0.20500000000000002, 0.005, 0.325
0.215, 0.005, 0.325
0.225, 0.005, 0.325
0.235, 0.005, 0.325
0.245, 0.005, 0.325
0.255, 0.005, 0.325
0.265, 0.005, 0.325
0.275, 0.005, 0.325
0.28500000000000003, 0.005, 0.325
0.295, 0.005, 0.325
0.305, 0.005, 0.325
0.315, 0.005, 0.325
0.325, 0.005, 0.325
0.335, 0.005, 0.325
0.34500000000000003, 0.005, 0.325
0.355, 0.005, 0.325
0.365, 0.005, 0.325
0.375, 0.005, 0.325
0.385, 0.005, 0.325
0.395, 0.005, 0.325
0.405, 0.005, 0.325
0.41500000000000004, 0.005, 0.325
0.425, 0.005, 0.325
0.435, 0.005, 0.325
0.445, 0.005, 0.325
0.455, 0.005, 0.325
0.465, 0.005, 0.325
0.475, 0.005, 0.325
0.485, 0.005, 0.325
0.495, 0.005, 0.325
0.505, 0.005, 0.325
0.515, 0.005, 0.325
0.525, 0.005, 0.325
0.535, 0.005, 0.325
0.545, 0.005, 0.325
0.555, 0.005, 0.325
0.5650000000000001, 0.005, 0.325
0.575, 0.005, 0.325
0.585, 0.005, 0.325
0.595, 0.005, 0.325
0.605, 0.005, 0.325
0.615, 0.005, 0.325
0.625, 0.005, 0.325
0.635, 0.005, 0.325
0.645, 0.005, 0.325
0.655, 0.005, 0.325
0.665, 0.005, 0.325
0.675, 0.005, 0.325
0.685, 0.005, 0.325
0.6950000000000001, 0.005, 0.325
0.7050000000000001, 0.005, 0.325
0.715, 0.005, 0.325
0.725, 0.005, 0.325
0.735, 0.005, 0.325
0.745, 0.005, 0.325
0.755, 0.005, 0.325
0.765, 0.005, 0.325
0.775, 0.005, 0.325
0.785, 0.005, 0.325
0.795, 0.005, 0.325
0.805, 0.005, 0.325
0.8150000000000001, 0.005, 0.325
0.8250000000000001, 0.005, 0.325
0.835, 0.005, 0.325
0.845, 0.005, 0.325
0.855, 0.005, 0.325
0.865, 0.005, 0.325
0.875, 0.005, 0.325
0.885, 0.005, 0.325
0.895, 0.005, 0.325
0.905, 0.005, 0.325
0.915, 0.005, 0.325
0.925, 0.005, 0.325
0.935, 0.005, 0.325
0.9450000000000001, 0.005, 0.325
0.9550000000000001, 0.005, 0.325
0.965, 0.005, 0.325
0.975, 0.005, 0.325
0.985, 0.005, 0.325
0.995, 0.005, 0.325
1.005, 0.005, 0.325
1.0150000000000001, 0.005, 0.325
1.025, 0.005, 0.325
1.0350000000000001, 0.005, 0.325
1.045, 0.005, 0.325
1.0550000000000002, 0.005, 0.325
1.065, 0.005, 0.325
1.0750000000000002, 0.005, 0.325
1.085, 0.005, 0.325
1.0950000000000002, 0.005, 0.325
1.105, 0.005, 0.325
1.1150000000000002, 0.005, 0.325
1.125, 0.005, 0.325
1.1350000000000002, 0.005, 0.325
1.145, 0.005, 0.325
1.155, 0.005, 0.325
1.165, 0.005, 0.325
1.1749999999999998, 0.005, 0.325
1.185, 0.005, 0.325
1.1949999999999998, 0.005, 0.325
1.205, 0.005, 0.325
1.2149999999999999, 0.005, 0.325
1.225, 0.005, 0.325
1.2349999999999999, 0.005, 0.325
1.245, 0.005, 0.325
1.255, 0.005, 0.325
1.2650000000000001, 0.005, 0.325
1.275, 0.005, 0.325
1.2850000000000001, 0.005, 0.325
1.295, 0.005, 0.325
1.3050000000000002, 0.005, 0.325
1.315, 0.005, 0.325
1.3250000000000002, 0.005, 0.325
1.335, 0.005, 0.325
1.3450000000000002, 0.005, 0.325
1.355, 0.005, 0.325
1.3650000000000002, 0.005, 0.325
1.375, 0.005, 0.325
1.3850000000000002, 0.005, 0.325
1.395, 0.005, 0.325
1.405, 0.005, 0.325
1.415, 0.005, 0.325
1.4249999999999998, 0.005, 0.325
1.435, 0.005, 0.325
1.4449999999999998, 0.005, 0.325
1.455, 0.005, 0.325
1.4649999999999999, 0.005, 0.325
1.475, 0.005, 0.325
1.4849999999999999, 0.005, 0.325
1.495, 0.005, 0.325
1.505, 0.005, 0.325
1.5150000000000001, 0.005, 0.325
1.525, 0.005, 0.325
1.5350000000000001, 0.005, 0.325
1.545, 0.005, 0.325
1.5550000000000002, 0.005, 0.325
1.565, 0.005, 0.325
1.5750000000000002, 0.005, 0.325
1.585, 0.005, 0.325
1.5950000000000002, 0.005, 0.325
1.605, 0.005, 0.325
1.6150000000000002, 0.005, 0.325
1.625, 0.005, 0.325
1.6350000000000002, 0.005, 0.325
1.645, 0.005, 0.325
1.6550000000000002, 0.005, 0.325
1.665, 0.005, 0.325
1.6749999999999998, 0.005, 0.325
1.685, 0.005, 0.325
1.6949999999999998, 0.005, 0.325
1.705, 0.005, 0.325
1.7149999999999999, 0.005, 0.325
1.725, 0.005, 0.325
1.7349999999999999, 0.005, 0.325
1.745, 0.005, 0.325
1.755, 0.005, 0.325
1.7650000000000001, 0.005, 0.325
1.775, 0.005, 0.325
1.7850000000000001, 0.005, 0.325
1.795, 0.005, 0.325
1.8050000000000002, 0.005, 0.325
1.815, 0.005, 0.325
1.8250000000000002, 0.005, 0.325
1.835, 0.005, 0.325
1.8450000000000002, 0.005, 0.325
1.855, 0.005, 0.325
1.8650000000000002, 0.005, 0.325
1.875, 0.005, 0.325
1.8850000000000002, 0.005, 0.325
1.895, 0.005, 0.325
1.9050000000000002, 0.005, 0.325
1.915, 0.005, 0.325
1.9249999999999998, 0.005, 0.325
1.935, 0.005, 0.325
1.9449999999999998, 0.005, 0.325
1.955, 0.005, 0.325
1.9649999999999999, 0.005, 0.325
1.975, 0.005, 0.325
1.9849999999999999, 0.005, 0.325
1.995, 0.005, 0.325
2.005, 0.005, 0.325
2.015, 0.005, 0.325
2.0250000000000004, 0.005, 0.325
2.035, 0.005, 0.325
2.045, 0.005, 0.325
2.0549999999999997, 0.005, 0.325
2.065, 0.005, 0.325
2.075, 0.005, 0.325
2.085, 0.005, 0.325
2.0949999999999998, 0.005, 0.325
2.105, 0.005, 0.325
2.115, 0.005, 0.325
2.125, 0.005, 0.325
2.135, 0.005, 0.325
2.145, 0.005, 0.325
2.1550000000000002, 0.005, 0.325
2.165, 0.005, 0.325
2.175, 0.005, 0.325
2.185, 0.005, 0.325
2.1950000000000003, 0.005, 0.325
2.205, 0.005, 0.325
2.215, 0.005, 0.325
2.225, 0.005, 0.325
2.2350000000000003, 0.005, 0.325
2.245, 0.005, 0.325
2.255, 0.005, 0.325
2.265, 0.005, 0.325
2.2750000000000004, 0.005, 0.325
2.285, 0.005, 0.325
2.295, 0.005, 0.325
2.305, 0.005, 0.325
2.315, 0.005, 0.325
2.325, 0.005, 0.325
2.335, 0.005, 0.325
2.3449999999999998, 0.005, 0.325
2.355, 0.005, 0.325
2.365, 0.005, 0.325
2.375, 0.005, 0.325
2.385, 0.005, 0.325
2.395, 0.005, 0.325
2.4050000000000002, 0.005, 0.325
2.415, 0.005, 0.325
2.425, 0.005, 0.325
2.435, 0.005, 0.325
2.4450000000000003, 0.005, 0.325
2.455, 0.005, 0.325
2.465, 0.005, 0.325
2.475, 0.005, 0.325
2.4850000000000003, 0.005, 0.325
2.495, 0.005, 0.325
2.505, 0.005, 0.325
2.515, 0.005, 0.325
2.5250000000000004, 0.005, 0.325
2.535, 0.005, 0.325
2.545, 0.005, 0.325
2.555, 0.005, 0.325
2.565, 0.005, 0.325
2.575, 0.005, 0.325
2.585, 0.005, 0.325
2.5949999999999998, 0.005, 0.325
2.605, 0.005, 0.325
2.615, 0.005, 0.325
2.625, 0.005, 0.325
2.635, 0.005, 0.325
2.645, 0.005, 0.325
2.6550000000000002, 0.005, 0.325
2.665, 0.005, 0.325
2.675, 0.005, 0.325
2.685, 0.005, 0.325
2.6950000000000003, 0.005, 0.325
2.705, 0.005, 0.325
2.715, 0.005, 0.325
2.725, 0.005, 0.325
2.7350000000000003, 0.005, 0.325
2.745, 0.005, 0.325
2.755, 0.005, 0.325
2.765, 0.005, 0.325
2.7750000000000004, 0.005, 0.325
2.785, 0.005, 0.325
2.795, 0.005, 0.325
0.005, 0.005, 0.335
0.015, 0.005, 0.335
0.025, 0.005, 0.335
0.035, 0.005, 0.335
0.045, 0.005, 0.335
0.055, 0.005, 0.335
0.065, 0.005, 0.335
0.07500000000000001, 0.005, 0.335
0.08499999999999999, 0.005, 0.335
0.095, 0.005, 0.335
0.10500000000000001, 0.005, 0.335
0.11499999999999999, 0.005, 0.335
0.125, 0.005, 0.335
0.135, 0.005, 0.335
0.14500000000000002, 0.005, 0.335
0.155, 0.005, 0.335
0.165, 0.005, 0.335
0.175, 0.005, 0.335
0.185, 0.005, 0.335
0.195, 0.005, 0.335
0.20500000000000002, 0.005, 0.335
0.215, 0.005, 0.335
0.225, 0.005, 0.335
0.235, 0.005, 0.335
0.245, 0.005, 0.335
0.255, 0.005, 0.335
0.265, 0.005, 0.335
0.275, 0.005, 0.335
0.28500000000000003, 0.005, 0.335
0.295, 0.005, 0.335
0.305, 0.005, 0.335
0.315, 0.005, 0.335
0.325, 0.005, 0.335
0.335, 0.005, 0.335
0.34500000000000003, 0.005, 0.335
0.355, 0.005, 0.335
0.365, 0.005, 0.335
0.375, 0.005, 0.335
0.385, 0.005, 0.335
0.395, 0.005, 0.335
0.405, 0.005, 0.335
0.41500000000000004, 0.005, 0.335
0.425, 0.005, 0.335
0.435, 0.005, 0.335
0.445, 0.005, 0.335
0.455, 0.005, 0.335
0.465, 0.005, 0.335
0.475, 0.005, 0.335
0.485, 0.005, 0.335
0.495, 0.005, 0.335
0.505, 0.005, 0.335
0.515, 0.005, 0.335
0.525, 0.005, 0.335
0.535, 0.005, 0.335
0.545, 0.005, 0.335
0.555, 0.005, 0.335
0.5650000000000001, 0.005, 0.335
0.575, 0.005, 0.335
0.585, 0.005, 0.335
0.595, 0.005, 0.335
0.605, 0.005, 0.335
0.615, 0.005, 0.335
0.625, 0.005, 0.335
0.635, 0.005, 0.335
0.645, 0.005, 0.335
0.655, 0.005, 0.335
0.665, 0.005, 0.335
0.675, 0.005, 0.335
0.685, 0.005, 0.335
0.6950000000000001, 0.005, 0.335
0.7050000000000001, 0.005, 0.335
0.715, 0.005, 0.335
0.725, 0.005, 0.335
0.735, 0.005, 0.335
0.745, 0.005, 0.335
0.755, 0.005, 0.335
0.765, 0.005, 0.335
0.775, 0.005, 0.335
0.785, 0.005, 0.335
0.795, 0.005, 0.335
0.805, 0.005, 0.335
0.8150000000000001, 0.005, 0.335
0.8250000000000001, 0.005, 0.335
0.835, 0.005, 0.335
0.845, 0.005, 0.335
0.855, 0.005, 0.335
0.865, 0.005, 0.335
0.875, 0.005, 0.335
0.885, 0.005, 0.335
0.895, 0.005, 0.335
0.905, 0.005, 0.335
0.915, 0.005, 0.335
0.925, 0.005, 0.335
0.935, 0.005, 0.335
0.9450000000000001, 0.005, 0.335
0.9550000000000001, 0.005, 0.335
0.965, 0.005, 0.335
0.975, 0.005, 0.335
0.985, 0.005, 0.335
0.995, 0.005, 0.335
1.005, 0.005, 0.335
1.0150000000000001, 0.005, 0.335
1.025, 0.005, 0.335
1.0350000000000001, 0.005, 0.335
1.045, 0.005, 0.335
1.0550000000000002, 0.005, 0.335
1.065, 0.005, 0.335
1.0750000000000002, 0.005, 0.335
1.085, 0.005, 0.335
1.0950000000000002, 0.005, 0.335
1.105, 0.005, 0.335
1.1150000000000002, 0.005, 0.335
1.125, 0.005, 0.335
1.1350000000000002, 0.005, 0.335
1.145, 0.005, 0.335
1.155, 0.005, 0.335
1.165, 0.005, 0.335
1.1749999999999998, 0.005, 0.335
1.185, 0.005, 0.335
1.1949999999999998, 0.005, 0.335
1.205, 0.005, 0.335
1.2149999999999999, 0.005, 0.335
1.225, 0.005, 0.335
1.2349999999999999, 0.005, 0.335
1.245, 0.005, 0.335
1.255, 0.005, 0.335
1.2650000000000001, 0.005, 0.335
1.275, 0.005, 0.335
1.2850000000000001, 0.005, 0.335
1.295, 0.005, 0.335
1.3050000000000002, 0.005, 0.335
1.315, 0.005, 0.335
1.3250000000000002, 0.005, 0.335
1.335, 0.005, 0.335
1.3450000000000002, 0.005, 0.335
1.355, 0.005, 0.335
1.3650000000000002, 0.005, 0.335
1.375, 0.005, 0.335
1.3850000000000002, 0.005, 0.335
1.395, 0.005, 0.335
1.405, 0.005, 0.335
1.415, 0.005, 0.335
1.4249999999999998, 0.005, 0.335
1.435, 0.005, 0.335
1.4449999999999998, 0.005, 0.335
1.455, 0.005, 0.335
1.4649999999999999, 0.005, 0.335
1.475, 0.005, 0.335
1.4849999999999999, 0.005, 0.335
1.495, 0.005, 0.335
1.505, 0.005, 0.335
1.5150000000000001, 0.005, 0.335
1.525, 0.005, 0.335
1.5350000000000001, 0.005, 0.335
1.545, 0.005, 0.335
1.5550000000000002, 0.005, 0.335
1.565, 0.005, 0.335
1.5750000000000002, 0.005, 0.335
1.585, 0.005, 0.335
1.5950000000000002, 0.005, 0.335
1.605, 0.005, 0.335
1.6150000000000002, 0.005, 0.335
1.625, 0.005, 0.335
1.6350000000000002, 0.005, 0.335
1.645, 0.005, 0.335
1.6550000000000002, 0.005, 0.335
1.665, 0.005, 0.335
1.6749999999999998, 0.005, 0.335
1.685, 0.005, 0.335
1.6949999999999998, 0.005, 0.335
1.705, 0.005, 0.335
1.7149999999999999, 0.005, 0.335
1.725, 0.005, 0.335
1.7349999999999999, 0.005, 0.335
1.745, 0.005, 0.335
1.755, 0.005, 0.335
1.7650000000000001, 0.005, 0.335
1.775, 0.005, 0.335
1.7850000000000001, 0.005, 0.335
1.795, 0.005, 0.335
1.8050000000000002, 0.005, 0.335
1.815, 0.005, 0.335
1.8250000000000002, 0.005, 0.335
1.835, 0.005, 0.335
1.8450000000000002, 0.005, 0.335
1.855, 0.005, 0.335
1.8650000000000002, 0.005, 0.335
1.875, 0.005, 0.335
1.8850000000000002, 0.005, 0.335
1.895, 0.005, 0.335
1.9050000000000002, 0.005, 0.335
1.915, 0.005, 0.335
1.9249999999999998, 0.005, 0.335
1.935, 0.005, 0.335
1.9449999999999998, 0.005, 0.335
1.955, 0.005, 0.335
1.9649999999999999, 0.005, 0.335
1.975, 0.005, 0.335
1.9849999999999999, 0.005, 0.335
1.995, 0.005, 0.335
2.005, 0.005, 0.335
2.015, 0.005, 0.335
2.0250000000000004, 0.005, 0.335
2.035, 0.005, 0.335
2.045, 0.005, 0.335
2.0549999999999997, 0.005, 0.335
2.065, 0.005, 0.335
2.075, 0.005, 0.335
2.085, 0.005, 0.335
2.0949999999999998, 0.005, 0.335
2.105, 0.005, 0.335
2.115, 0.005, 0.335
2.125, 0.005, 0.335
2.135, 0.005, 0.335
2.145, 0.005, 0.335
2.1550000000000002, 0.005, 0.335
2.165, 0.005, 0.335
2.175, 0.005, 0.335
2.185, 0.005, 0.335
2.1950000000000003, 0.005, 0.335
2.205, 0.005, 0.335
2.215, 0.005, 0.335
2.225, 0.005, 0.335
2.2350000000000003, 0.005, 0.335
2.245, 0.005, 0.335
2.255, 0.005, 0.335
2.265, 0.005, 0.335
2.2750000000000004, 0.005, 0.335
2.285, 0.005, 0.335
2.295, 0.005, 0.335
2.305, 0.005, 0.335
2.315, 0.005, 0.335
2.325, 0.005, 0.335
2.335, 0.005, 0.335
2.3449999999999998, 0.005, 0.335
2.355, 0.005, 0.335
2.365, 0.005, 0.335
2.375, 0.005, 0.335
2.385, 0.005, 0.335
2.395, 0.005, 0.335
2.4050000000000002, 0.005, 0.335
2.415, 0.005, 0.335
2.425, 0.005, 0.335
2.435, 0.005, 0.335
2.4450000000000003, 0.005, 0.335
2.455, 0.005, 0.335
2.465, 0.005, 0.335
2.475, 0.005, 0.335
2.4850000000000003, 0.005, 0.335
2.495, 0.005, 0.335
2.505, 0.005, 0.335
2.515, 0.005, 0.335
2.5250000000000004, 0.005, 0.335
2.535, 0.005, 0.335
2.545, 0.005, 0.335
2.555, 0.005, 0.335
2.565, 0.005, 0.335
2.575, 0.005, 0.335
2.585, 0.005, 0.335
2.5949999999999998, 0.005, 0.335
2.605, 0.005, 0.335
2.615, 0.005, 0.335
2.625, 0.005, 0.335
2.635, 0.005, 0.335
2.645, 0.005, 0.335
2.6550000000000002, 0.005, 0.335
2.665, 0.005, 0.335
2.675, 0.005, 0.335
2.685, 0.005, 0.335
2.6950000000000003, 0.005, 0.335
2.705, 0.005, 0.335
2.715, 0.005, 0.335
2.725, 0.005, 0.335
2.7350000000000003, 0.005, 0.335
2.745, 0.005, 0.335
2.755, 0.005, 0.335
2.765, 0.005, 0.335
2.7750000000000004, 0.005, 0.335
2.785, 0.005, 0.335
2.795, 0.005, 0.335
0.005, 0.005, 0.34500000000000003
0.015, 0.005, 0.34500000000000003
0.025, 0.005, 0.34500000000000003
0.035, 0.005, 0.34500000000000003
0.045, 0.005, 0.34500000000000003
0.055, 0.005, 0.34500000000000003
0.065, 0.005, 0.34500000000000003
0.07500000000000001, 0.005, 0.34500000000000003
0.08499999999999999, 0.005, 0.34500000000000003
0.095, 0.005, 0.34500000000000003
0.10500000000000001, 0.005, 0.34500000000000003
0.11499999999999999, 0.005, 0.34500000000000003
0.125, 0.005, 0.34500000000000003
0.135, 0.005, 0.34500000000000003
0.14500000000000002, 0.005, 0.34500000000000003
0.155, 0.005, 0.34500000000000003
0.165, 0.005, 0.34500000000000003
0.175, 0.005, 0.34500000000000003
0.185, 0.005, 0.34500000000000003
0.195, 0.005, 0.34500000000000003
0.20500000000000002, 0.005, 0.34500000000000003
0.215, 0.005, 0.34500000000000003
0.225, 0.005, 0.34500000000000003
0.235, 0.005, 0.34500000000000003
0.245, 0.005, 0.34500000000000003
0.255, 0.005, 0.34500000000000003
0.265, 0.005, 0.34500000000000003
0.275, 0.005, 0.34500000000000003
0.28500000000000003, 0.005, 0.34500000000000003
0.295, 0.005, 0.34500000000000003
0.305, 0.005, 0.34500000000000003
0.315, 0.005, 0.34500000000000003
0.325, 0.005, 0.34500000000000003
0.335, 0.005, 0.34500000000000003
0.34500000000000003, 0.005, 0.34500000000000003
0.355, 0.005, 0.34500000000000003
0.365, 0.005, 0.34500000000000003
0.375, 0.005, 0.34500000000000003
0.385, 0.005, 0.34500000000000003
0.395, 0.005, 0.34500000000000003
0.405, 0.005, 0.34500000000000003
0.41500000000000004, 0.005, 0.34500000000000003
0.425, 0.005, 0.34500000000000003
0.435, 0.005, 0.34500000000000003
0.445, 0.005, 0.34500000000000003
0.455, 0.005, 0.34500000000000003
0.465, 0.005, 0.34500000000000003
0.475, 0.005, 0.34500000000000003
0.485, 0.005, 0.34500000000000003
0.495, 0.005, 0.34500000000000003
0.505, 0.005, 0.34500000000000003
0.515, 0.005, 0.34500000000000003
0.525, 0.005, 0.34500000000000003
0.535, 0.005, 0.34500000000000003
0.545, 0.005, 0.34500000000000003
0.555, 0.005, 0.34500000000000003
0.5650000000000001, 0.005, 0.34500000000000003
0.575, 0.005, 0.34500000000000003
0.585, 0.005, 0.34500000000000003
0.595, 0.005, 0.34500000000000003
0.605, 0.005, 0.34500000000000003
0.615, 0.005, 0.34500000000000003
0.625, 0.005, 0.34500000000000003
0.635, 0.005, 0.34500000000000003
0.645, 0.005, 0.34500000000000003
0.655, 0.005, 0.34500000000000003
0.665, 0.005, 0.34500000000000003
0.675, 0.005, 0.34500000000000003
0.685, 0.005, 0.34500000000000003
0.6950000000000001, 0.005, 0.34500000000000003
0.7050000000000001, 0.005, 0.34500000000000003
0.715, 0.005, 0.34500000000000003
0.725, 0.005, 0.34500000000000003
0.735, 0.005, 0.34500000000000003
0.745, 0.005, 0.34500000000000003
0.755, 0.005, 0.34500000000000003
0.765, 0.005, 0.34500000000000003
0.775, 0.005, 0.34500000000000003
0.785, 0.005, 0.34500000000000003
0.795, 0.005, 0.34500000000000003
0.805, 0.005, 0.34500000000000003
0.8150000000000001, 0.005, 0.34500000000000003
0.8250000000000001, 0.005, 0.34500000000000003
0.835, 0.005, 0.34500000000000003
0.845, 0.005, 0.34500000000000003
0.855, 0.005, 0.34500000000000003
0.865, 0.005, 0.34500000000000003
0.875, 0.005, 0.34500000000000003
0.885, 0.005, 0.34500000000000003
0.895, 0.005, 0.34500000000000003
0.905, 0.005, 0.34500000000000003
0.915, 0.005, 0.34500000000000003
0.925, 0.005, 0.34500000000000003
0.935, 0.005, 0.34500000000000003
0.9450000000000001, 0.005, 0.34500000000000003
0.9550000000000001, 0.005, 0.34500000000000003
0.965, 0.005, 0.34500000000000003
0.975, 0.005, 0.34500000000000003
0.985, 0.005, 0.34500000000000003
0.995, 0.005, 0.34500000000000003
1.005, 0.005, 0.34500000000000003
1.0150000000000001, 0.005, 0.34500000000000003
1.025, 0.005, 0.34500000000000003
1.0350000000000001, 0.005, 0.34500000000000003
1.045, 0.005, 0.34500000000000003
1.0550000000000002, 0.005, 0.34500000000000003
1.065, 0.005, 0.34500000000000003
1.0750000000000002, 0.005, 0.34500000000000003
1.085, 0.005, 0.34500000000000003
1.0950000000000002, 0.005, 0.34500000000000003
1.105, 0.005, 0.34500000000000003
1.1150000000000002, 0.005, 0.34500000000000003
1.125, 0.005, 0.34500000000000003
1.1350000000000002, 0.005, 0.34500000000000003
1.145, 0.005, 0.34500000000000003
1.155, 0.005, 0.34500000000000003
1.165, 0.005, 0.34500000000000003
1.1749999999999998, 0.005, 0.34500000000000003
1.185, 0.005, 0.34500000000000003
1.1949999999999998, 0.005, 0.34500000000000003
1.205, 0.005, 0.34500000000000003
1.2149999999999999, 0.005, 0.34500000000000003
1.225, 0.005, 0.34500000000000003
1.2349999999999999, 0.005, 0.34500000000000003
1.245, 0.005, 0.34500000000000003
1.255, 0.005, 0.34500000000000003
1.2650000000000001, 0.005, 0.34500000000000003
1.275, 0.005, 0.34500000000000003
1.2850000000000001, 0.005, 0.34500000000000003
1.295, 0.005, 0.34500000000000003
1.3050000000000002, 0.005, 0.34500000000000003
1.315, 0.005, 0.34500000000000003
1.3250000000000002, 0.005, 0.34500000000000003
1.335, 0.005, 0.34500000000000003
1.3450000000000002, 0.005, 0.34500000000000003
1.355, 0.005, 0.34500000000000003
1.3650000000000002, 0.005, 0.34500000000000003
1.375, 0.005, 0.34500000000000003
1.3850000000000002, 0.005, 0.34500000000000003
1.395, 0.005, 0.34500000000000003
1.405, 0.005, 0.34500000000000003
1.415, 0.005, 0.34500000000000003
1.4249999999999998, 0.005, 0.34500000000000003
1.435, 0.005, 0.34500000000000003
1.4449999999999998, 0.005, 0.34500000000000003
1.455, 0.005, 0.34500000000000003
1.4649999999999999, 0.005, 0.34500000000000003
1.475, 0.005, 0.34500000000000003
1.4849999999999999, 0.005, 0.34500000000000003
1.495, 0.005, 0.34500000000000003
1.505, 0.005, 0.34500000000000003
1.5150000000000001, 0.005, 0.34500000000000003
1.525, 0.005, 0.34500000000000003
1.5350000000000001, 0.005, 0.34500000000000003
1.545, 0.005, 0.34500000000000003
1.5550000000000002, 0.005, 0.34500000000000003
1.565, 0.005, 0.34500000000000003
1.5750000000000002, 0.005, 0.34500000000000003
1.585, 0.005, 0.34500000000000003
1.5950000000000002, 0.005, 0.34500000000000003
1.605, 0.005, 0.34500000000000003
1.6150000000000002, 0.005, 0.34500000000000003
1.625, 0.005, 0.34500000000000003
1.6350000000000002, 0.005, 0.34500000000000003
1.645, 0.005, 0.34500000000000003
1.6550000000000002, 0.005, 0.34500000000000003
1.665, 0.005, 0.34500000000000003
1.6749999999999998, 0.005, 0.34500000000000003
1.685, 0.005, 0.34500000000000003
1.6949999999999998, 0.005, 0.34500000000000003
1.705, 0.005, 0.34500000000000003
1.7149999999999999, 0.005, 0.34500000000000003
1.725, 0.005, 0.34500000000000003
1.7349999999999999, 0.005, 0.34500000000000003
1.745, 0.005, 0.34500000000000003
1.755, 0.005, 0.34500000000000003
1.7650000000000001, 0.005, 0.34500000000000003
1.775, 0.005, 0.34500000000000003
1.7850000000000001, 0.005, 0.34500000000000003
1.795, 0.005, 0.34500000000000003
1.8050000000000002, 0.005, 0.34500000000000003
1.815, 0.005, 0.34500000000000003
1.8250000000000002, 0.005, 0.34500000000000003
1.835, 0.005, 0.34500000000000003
1.8450000000000002, 0.005, 0.34500000000000003
1.855, 0.005, 0.34500000000000003
1.8650000000000002, 0.005, 0.34500000000000003
1.875, 0.005, 0.34500000000000003
1.8850000000000002, 0.005, 0.34500000000000003
1.895, 0.005, 0.34500000000000003
1.9050000000000002, 0.005, 0.34500000000000003
1.915, 0.005, 0.34500000000000003
1.9249999999999998, 0.005, 0.34500000000000003
1.935, 0.005, 0.34500000000000003
1.9449999999999998, 0.005, 0.34500000000000003
1.955, 0.005, 0.34500000000000003
1.9649999999999999, 0.005, 0.34500000000000003
1.975, 0.005, 0.34500000000000003
1.9849999999999999, 0.005, 0.34500000000000003
1.995, 0.005, 0.34500000000000003
2.005, 0.005, 0.34500000000000003
2.015, 0.005, 0.34500000000000003
2.0250000000000004, 0.005, 0.34500000000000003
2.035, 0.005, 0.34500000000000003
2.045, 0.005, 0.34500000000000003
2.0549999999999997, 0.005, 0.34500000000000003
2.065, 0.005, 0.34500000000000003
2.075, 0.005, 0.34500000000000003
2.085, 0.005, 0.34500000000000003
2.0949999999999998, 0.005, 0.34500000000000003
2.105, 0.005, 0.34500000000000003
2.115, 0.005, 0.34500000000000003
2.125, 0.005, 0.34500000000000003
2.135, 0.005, 0.34500000000000003
2.145, 0.005, 0.34500000000000003
2.1550000000000002, 0.005, 0.34500000000000003
2.165, 0.005, 0.34500000000000003
2.175, 0.005, 0.34500000000000003
2.185, 0.005, 0.34500000000000003
2.1950000000000003, 0.005, 0.34500000000000003
2.205, 0.005, 0.34500000000000003
2.215, 0.005, 0.34500000000000003
2.225, 0.005, 0.34500000000000003
2.2350000000000003, 0.005, 0.34500000000000003
2.245, 0.005, 0.34500000000000003
2.255, 0.005, 0.34500000000000003
2.265, 0.005, 0.34500000000000003
2.2750000000000004, 0.005, 0.34500000000000003
2.285, 0.005, 0.34500000000000003
2.295, 0.005, 0.34500000000000003
2.305, 0.005, 0.34500000000000003
2.315, 0.005, 0.34500000000000003
2.325, 0.005, 0.34500000000000003
2.335, 0.005, 0.34500000000000003
2.3449999999999998, 0.005, 0.34500000000000003
2.355, 0.005, 0.34500000000000003
2.365, 0.005, 0.34500000000000003
2.375, 0.005, 0.34500000000000003
2.385, 0.005, 0.34500000000000003
2.395, 0.005, 0.34500000000000003
2.4050000000000002, 0.005, 0.34500000000000003
2.415, 0.005, 0.34500000000000003
2.425, 0.005, 0.34500000000000003
2.435, 0.005, 0.34500000000000003
2.4450000000000003, 0.005, 0.34500000000000003
2.455, 0.005, 0.34500000000000003
2.465, 0.005, 0.34500000000000003
2.475, 0.005, 0.34500000000000003
2.4850000000000003, 0.005, 0.34500000000000003
2.495, 0.005, 0.34500000000000003
2.505, 0.005, 0.34500000000000003
2.515, 0.005, 0.34500000000000003
2.5250000000000004, 0.005, 0.34500000000000003
2.535, 0.005, 0.34500000000000003
2.545, 0.005, 0.34500000000000003
2.555, 0.005, 0.34500000000000003
2.565, 0.005, 0.34500000000000003
2.575, 0.005, 0.34500000000000003
2.585, 0.005, 0.34500000000000003
2.5949999999999998, 0.005, 0.34500000000000003
2.605, 0.005, 0.34500000000000003
2.615, 0.005, 0.34500000000000003
2.625, 0.005, 0.34500000000000003
2.635, 0.005, 0.34500000000000003
2.645, 0.005, 0.34500000000000003
2.6550000000000002, 0.005, 0.34500000000000003
2.665, 0.005, 0.34500000000000003
2.675, 0.005, 0.34500000000000003
2.685, 0.005, 0.34500000000000003
2.6950000000000003, 0.005, 0.34500000000000003
2.705, 0.005, 0.34500000000000003
2.715, 0.005, 0.34500000000000003
2.725, 0.005, 0.34500000000000003
2.7350000000000003, 0.005, 0.34500000000000003
2.745, 0.005, 0.34500000000000003
2.755, 0.005, 0.34500000000000003
2.765, 0.005, 0.34500000000000003
2.7750000000000004, 0.005, 0.34500000000000003
2.785, 0.005, 0.34500000000000003
2.795, 0.005, 0.34500000000000003
0.005, 0.005, 0.355
0.015, 0.005, 0.355
0.025, 0.005, 0.355
0.035, 0.005, 0.355
0.045, 0.005, 0.355
0.055, 0.005, 0.355
0.065, 0.005, 0.355
0.07500000000000001, 0.005, 0.355
0.08499999999999999, 0.005, 0.355
0.095, 0.005, 0.355
0.10500000000000001, 0.005, 0.355
0.11499999999999999, 0.005, 0.355
0.125, 0.005, 0.355
0.135, 0.005, 0.355
0.14500000000000002, 0.005, 0.355
0.155, 0.005, 0.355
0.165, 0.005, 0.355
0.175, 0.005, 0.355
0.185, 0.005, 0.355
0.195, 0.005, 0.355
0.20500000000000002, 0.005, 0.355
0.215, 0.005, 0.355
0.225, 0.005, 0.355
0.235, 0.005, 0.355
0.245, 0.005, 0.355
0.255, 0.005, 0.355
0.265, 0.005, 0.355
0.275, 0.005, 0.355
0.28500000000000003, 0.005, 0.355
0.295, 0.005, 0.355
0.305, 0.005, 0.355
0.315, 0.005, 0.355
0.325, 0.005, 0.355
0.335, 0.005, 0.355
0.34500000000000003, 0.005, 0.355
0.355, 0.005, 0.355
0.365, 0.005, 0.355
0.375, 0.005, 0.355
0.385, 0.005, 0.355
0.395, 0.005, 0.355
0.405, 0.005, 0.355
0.41500000000000004, 0.005, 0.355
0.425, 0.005, 0.355
0.435, 0.005, 0.355
0.445, 0.005, 0.355
0.455, 0.005, 0.355
0.465, 0.005, 0.355
0.475, 0.005, 0.355
0.485, 0.005, 0.355
0.495, 0.005, 0.355
0.505, 0.005, 0.355
0.515, 0.005, 0.355
0.525, 0.005, 0.355
0.535, 0.005, 0.355
0.545, 0.005, 0.355
0.555, 0.005, 0.355
0.5650000000000001, 0.005, 0.355
0.575, 0.005, 0.355
0.585, 0.005, 0.355
0.595, 0.005, 0.355
0.605, 0.005, 0.355
0.615, 0.005, 0.355
0.625, 0.005, 0.355
0.635, 0.005, 0.355
0.645, 0.005, 0.355
0.655, 0.005, 0.355
0.665, 0.005, 0.355
0.675, 0.005, 0.355
0.685, 0.005, 0.355
0.6950000000000001, 0.005, 0.355
0.7050000000000001, 0.005, 0.355
0.715, 0.005, 0.355
0.725, 0.005, 0.355
0.735, 0.005, 0.355
0.745, 0.005, 0.355
0.755, 0.005, 0.355
0.765, 0.005, 0.355
0.775, 0.005, 0.355
0.785, 0.005, 0.355
0.795, 0.005, 0.355
0.805, 0.005, 0.355
0.8150000000000001, 0.005, 0.355
0.8250000000000001, 0.005, 0.355
0.835, 0.005, 0.355
0.845, 0.005, 0.355
0.855, 0.005, 0.355
0.865, 0.005, 0.355
0.875, 0.005, 0.355
0.885, 0.005, 0.355
0.895, 0.005, 0.355
0.905, 0.005, 0.355
0.915, 0.005, 0.355
0.925, 0.005, 0.355
0.935, 0.005, 0.355
0.9450000000000001, 0.005, 0.355
0.9550000000000001, 0.005, 0.355
0.965, 0.005, 0.355
0.975, 0.005, 0.355
0.985, 0.005, 0.355
0.995, 0.005, 0.355
1.005, 0.005, 0.355
1.0150000000000001, 0.005, 0.355
1.025, 0.005, 0.355
1.0350000000000001, 0.005, 0.355
1.045, 0.005, 0.355
1.0550000000000002, 0.005, 0.355
1.065, 0.005, 0.355
1.0750000000000002, 0.005, 0.355
1.085, 0.005, 0.355
1.0950000000000002, 0.005, 0.355
1.105, 0.005, 0.355
1.1150000000000002, 0.005, 0.355
1.125, 0.005, 0.355
1.1350000000000002, 0.005, 0.355
1.145, 0.005, 0.355
1.155, 0.005, 0.355
1.165, 0.005, 0.355
1.1749999999999998, 0.005, 0.355
1.185, 0.005, 0.355
1.1949999999999998, 0.005, 0.355
1.205, 0.005, 0.355
1.2149999999999999, 0.005, 0.355
1.225, 0.005, 0.355
1.2349999999999999, 0.005, 0.355
1.245, 0.005, 0.355
1.255, 0.005, 0.355
1.2650000000000001, 0.005, 0.355
1.275, 0.005, 0.355
1.2850000000000001, 0.005, 0.355
1.295, 0.005, 0.355
1.3050000000000002, 0.005, 0.355
1.315, 0.005, 0.355
1.3250000000000002, 0.005, 0.355
1.335, 0.005, 0.355
1.3450000000000002, 0.005, 0.355
1.355, 0.005, 0.355
1.3650000000000002, 0.005, 0.355
1.375, 0.005, 0.355
1.3850000000000002, 0.005, 0.355
1.395, 0.005, 0.355
1.405, 0.005, 0.355
1.415, 0.005, 0.355
1.4249999999999998, 0.005, 0.355
1.435, 0.005, 0.355
1.4449999999999998, 0.005, 0.355
1.455, 0.005, 0.355
1.4649999999999999, 0.005, 0.355
1.475, 0.005, 0.355
1.4849999999999999, 0.005, 0.355
1.495, 0.005, 0.355
1.505, 0.005, 0.355
1.5150000000000001, 0.005, 0.355
1.525, 0.005, 0.355
1.5350000000000001, 0.005, 0.355
1.545, 0.005, 0.355
1.5550000000000002, 0.005, 0.355
1.565, 0.005, 0.355
1.5750000000000002, 0.005, 0.355
1.585, 0.005, 0.355
1.5950000000000002, 0.005, 0.355
1.605, 0.005, 0.355
1.6150000000000002, 0.005, 0.355
1.625, 0.005, 0.355
1.6350000000000002, 0.005, 0.355
1.645, 0.005, 0.355
1.6550000000000002, 0.005, 0.355
1.665, 0.005, 0.355
1.6749999999999998, 0.005, 0.355
1.685, 0.005, 0.355
1.6949999999999998, 0.005, 0.355
1.705, 0.005, 0.355
1.7149999999999999, 0.005, 0.355
1.725, 0.005, 0.355
1.7349999999999999, 0.005, 0.355
1.745, 0.005, 0.355
1.755, 0.005, 0.355
1.7650000000000001, 0.005, 0.355
1.775, 0.005, 0.355
1.7850000000000001, 0.005, 0.355
1.795, 0.005, 0.355
1.8050000000000002, 0.005, 0.355
1.815, 0.005, 0.355
1.8250000000000002, 0.005, 0.355
1.835, 0.005, 0.355
1.8450000000000002, 0.005, 0.355
1.855, 0.005, 0.355
1.8650000000000002, 0.005, 0.355
1.875, 0.005, 0.355
1.8850000000000002, 0.005, 0.355
1.895, 0.005, 0.355
1.9050000000000002, 0.005, 0.355
1.915, 0.005, 0.355
1.9249999999999998, 0.005, 0.355
1.935, 0.005, 0.355
1.9449999999999998, 0.005, 0.355
1.955, 0.005, 0.355
1.9649999999999999, 0.005, 0.355
1.975, 0.005, 0.355
1.9849999999999999, 0.005, 0.355
1.995, 0.005, 0.355
2.005, 0.005, 0.355
2.015, 0.005, 0.355
2.0250000000000004, 0.005, 0.355
2.035, 0.005, 0.355
2.045, 0.005, 0.355
2.0549999999999997, 0.005, 0.355
2.065, 0.005, 0.355
2.075, 0.005, 0.355
2.085, 0.005, 0.355
2.0949999999999998, 0.005, 0.355
2.105, 0.005, 0.355
2.115, 0.005, 0.355
2.125, 0.005, 0.355
2.135, 0.005, 0.355
2.145, 0.005, 0.355
2.1550000000000002, 0.005, 0.355
2.165, 0.005, 0.355
2.175, 0.005, 0.355
2.185, 0.005, 0.355
2.1950000000000003, 0.005, 0.355
2.205, 0.005, 0.355
2.215, 0.005, 0.355
2.225, 0.005, 0.355
2.2350000000000003, 0.005, 0.355
2.245, 0.005, 0.355
2.255, 0.005, 0.355
2.265, 0.005, 0.355
2.2750000000000004, 0.005, 0.355
2.285, 0.005, 0.355
2.295, 0.005, 0.355
2.305, 0.005, 0.355
2.315, 0.005, 0.355
2.325, 0.005, 0.355
2.335, 0.005, 0.355
2.3449999999999998, 0.005, 0.355
2.355, 0.005, 0.355
2.365, 0.005, 0.355
2.375, 0.005, 0.355
2.385, 0.005, 0.355
2.395, 0.005, 0.355
2.4050000000000002, 0.005, 0.355
2.415, 0.005, 0.355
2.425, 0.005, 0.355
2.435, 0.005, 0.355
2.4450000000000003, 0.005, 0.355
2.455, 0.005, 0.355
2.465, 0.005, 0.355
2.475, 0.005, 0.355
2.4850000000000003, 0.005, 0.355
2.495, 0.005, 0.355
2.505, 0.005, 0.355
2.515, 0.005, 0.355
2.5250000000000004, 0.005, 0.355
2.535, 0.005, 0.355
2.545, 0.005, 0.355
2.555, 0.005, 0.355
2.565, 0.005, 0.355
2.575, 0.005, 0.355
2.585, 0.005, 0.355
2.5949999999999998, 0.005, 0.355
2.605, 0.005, 0.355
2.615, 0.005, 0.355
2.625, 0.005, 0.355
2.635, 0.005, 0.355
2.645, 0.005, 0.355
2.6550000000000002, 0.005, 0.355
2.665, 0.005, 0.355
2.675, 0.005, 0.355
2.685, 0.005, 0.355
2.6950000000000003, 0.005, 0.355
2.705, 0.005, 0.355
2.715, 0.005, 0.355
2.725, 0.005, 0.355
2.7350000000000003, 0.005, 0.355
2.745, 0.005, 0.355
2.755, 0.005, 0.355
2.765, 0.005, 0.355
2.7750000000000004, 0.005, 0.355
2.785, 0.005, 0.355
2.795, 0.005, 0.355
0.005, 0.005, 0.365
0.015, 0.005, 0.365
0.025, 0.005, 0.365
0.035, 0.005, 0.365
0.045, 0.005, 0.365
0.055, 0.005, 0.365
0.065, 0.005, 0.365
0.07500000000000001, 0.005, 0.365
0.08499999999999999, 0.005, 0.365
0.095, 0.005, 0.365
0.10500000000000001, 0.005, 0.365
0.11499999999999999, 0.005, 0.365
0.125, 0.005, 0.365
0.135, 0.005, 0.365
0.14500000000000002, 0.005, 0.365
0.155, 0.005, 0.365
0.165, 0.005, 0.365
0.175, 0.005, 0.365
0.185, 0.005, 0.365
0.195, 0.005, 0.365
0.20500000000000002, 0.005, 0.365
0.215, 0.005, 0.365
0.225, 0.005, 0.365
0.235, 0.005, 0.365
0.245, 0.005, 0.365
0.255, 0.005, 0.365
0.265, 0.005, 0.365
0.275, 0.005, 0.365
0.28500000000000003, 0.005, 0.365
0.295, 0.005, 0.365
0.305, 0.005, 0.365
0.315, 0.005, 0.365
0.325, 0.005, 0.365
0.335, 0.005, 0.365
0.34500000000000003, 0.005, 0.365
0.355, 0.005, 0.365
0.365, 0.005, 0.365
0.375, 0.005, 0.365
0.385, 0.005, 0.365
0.395, 0.005, 0.365
0.405, 0.005, 0.365
0.41500000000000004, 0.005, 0.365
0.425, 0.005, 0.365
0.435, 0.005, 0.365
0.445, 0.005, 0.365
0.455, 0.005, 0.365
0.465, 0.005, 0.365
0.475, 0.005, 0.365
0.485, 0.005, 0.365
0.495, 0.005, 0.365
0.505, 0.005, 0.365
0.515, 0.005, 0.365
0.525, 0.005, 0.365
0.535, 0.005, 0.365
0.545, 0.005, 0.365
0.555, 0.005, 0.365
0.5650000000000001, 0.005, 0.365
0.575, 0.005, 0.365
0.585, 0.005, 0.365
0.595, 0.005, 0.365
0.605, 0.005, 0.365
0.615, 0.005, 0.365
0.625, 0.005, 0.365
0.635, 0.005, 0.365
0.645, 0.005, 0.365
0.655, 0.005, 0.365
0.665, 0.005, 0.365
0.675, 0.005, 0.365
0.685, 0.005, 0.365
0.6950000000000001, 0.005, 0.365
0.7050000000000001, 0.005, 0.365
0.715, 0.005, 0.365
0.725, 0.005, 0.365
0.735, 0.005, 0.365
0.745, 0.005, 0.365
0.755, 0.005, 0.365
0.765, 0.005, 0.365
0.775, 0.005, 0.365
0.785, 0.005, 0.365
0.795, 0.005, 0.365
0.805, 0.005, 0.365
0.8150000000000001, 0.005, 0.365
0.8250000000000001, 0.005, 0.365
0.835, 0.005, 0.365
0.845, 0.005, 0.365
0.855, 0.005, 0.365
0.865, 0.005, 0.365
0.875, 0.005, 0.365
0.885, 0.005, 0.365
0.895, 0.005, 0.365
0.905, 0.005, 0.365
0.915, 0.005, 0.365
0.925, 0.005, 0.365
0.935, 0.005, 0.365
0.9450000000000001, 0.005, 0.365
0.9550000000000001, 0.005, 0.365
0.965, 0.005, 0.365
0.975, 0.005, 0.365
0.985, 0.005, 0.365
0.995, 0.005, 0.365
1.005, 0.005, 0.365
1.0150000000000001, 0.005, 0.365
1.025, 0.005, 0.365
1.0350000000000001, 0.005, 0.365
1.045, 0.005, 0.365
1.0550000000000002, 0.005, 0.365
1.065, 0.005, 0.365
1.0750000000000002, 0.005, 0.365
1.085, 0.005, 0.365
1.0950000000000002, 0.005, 0.365
1.105, 0.005, 0.365
1.1150000000000002, 0.005, 0.365
1.125, 0.005, 0.365
1.1350000000000002, 0.005, 0.365
1.145, 0.005, 0.365
1.155, 0.005, 0.365
1.165, 0.005, 0.365
1.1749999999999998, 0.005, 0.365
1.185, 0.005, 0.365
1.1949999999999998, 0.005, 0.365
1.205, 0.005, 0.365
1.2149999999999999, 0.005, 0.365
1.225, 0.005, 0.365
1.2349999999999999, 0.005, 0.365
1.245, 0.005, 0.365
1.255, 0.005, 0.365
1.2650000000000001, 0.005, 0.365
1.275, 0.005, 0.365
1.2850000000000001, 0.005, 0.365
1.295, 0.005, 0.365
1.3050000000000002, 0.005, 0.365
1.315, 0.005, 0.365
1.3250000000000002, 0.005, 0.365
1.335, 0.005, 0.365
1.3450000000000002, 0.005, 0.365
1.355, 0.005, 0.365
1.3650000000000002, 0.005, 0.365
1.375, 0.005, 0.365
1.3850000000000002, 0.005, 0.365
1.395, 0.005, 0.365
1.405, 0.005, 0.365
1.415, 0.005, 0.365
1.4249999999999998, 0.005, 0.365
1.435, 0.005, 0.365
1.4449999999999998, 0.005, 0.365
1.455, 0.005, 0.365
1.4649999999999999, 0.005, 0.365
1.475, 0.005, 0.365
1.4849999999999999, 0.005, 0.365
1.495, 0.005, 0.365
1.505, 0.005, 0.365
1.5150000000000001, 0.005, 0.365
1.525, 0.005, 0.365
1.5350000000000001, 0.005, 0.365
1.545, 0.005, 0.365
1.5550000000000002, 0.005, 0.365
1.565, 0.005, 0.365
1.5750000000000002, 0.005, 0.365
1.585, 0.005, 0.365
1.5950000000000002, 0.005, 0.365
1.605, 0.005, 0.365
1.6150000000000002, 0.005, 0.365
1.625, 0.005, 0.365
1.6350000000000002, 0.005, 0.365
1.645, 0.005, 0.365
1.6550000000000002, 0.005, 0.365
1.665, 0.005, 0.365
1.6749999999999998, 0.005, 0.365
1.685, 0.005, 0.365
1.6949999999999998, 0.005, 0.365
1.705, 0.005, 0.365
1.7149999999999999, 0.005, 0.365
1.725, 0.005, 0.365
1.7349999999999999, 0.005, 0.365
1.745, 0.005, 0.365
1.755, 0.005, 0.365
1.7650000000000001, 0.005, 0.365
1.775, 0.005, 0.365
1.7850000000000001, 0.005, 0.365
1.795, 0.005, 0.365
1.8050000000000002, 0.005, 0.365
1.815, 0.005, 0.365
1.8250000000000002, 0.005, 0.365
1.835, 0.005, 0.365
1.8450000000000002, 0.005, 0.365
1.855, 0.005, 0.365
1.8650000000000002, 0.005, 0.365
1.875, 0.005, 0.365
1.8850000000000002, 0.005, 0.365
1.895, 0.005, 0.365
1.9050000000000002, 0.005, 0.365
1.915, 0.005, 0.365
1.9249999999999998, 0.005, 0.365
1.935, 0.005, 0.365
1.9449999999999998, 0.005, 0.365
1.955, 0.005, 0.365
1.9649999999999999, 0.005, 0.365
1.975, 0.005, 0.365
1.9849999999999999, 0.005, 0.365
1.995, 0.005, 0.365
2.005, 0.005, 0.365
2.015, 0.005, 0.365
2.0250000000000004, 0.005, 0.365
2.035, 0.005, 0.365
2.045, 0.005, 0.365
2.0549999999999997, 0.005, 0.365
2.065, 0.005, 0.365
2.075, 0.005, 0.365
2.085, 0.005, 0.365
2.0949999999999998, 0.005, 0.365
2.105, 0.005, 0.365
2.115, 0.005, 0.365
2.125, 0.005, 0.365
2.135, 0.005, 0.365
2.145, 0.005, 0.365
2.1550000000000002, 0.005, 0.365
2.165, 0.005, 0.365
2.175, 0.005, 0.365
2.185, 0.005, 0.365
2.1950000000000003, 0.005, 0.365
2.205, 0.005, 0.365
2.215, 0.005, 0.365
2.225, 0.005, 0.365
2.2350000000000003, 0.005, 0.365
2.245, 0.005, 0.365
2.255, 0.005, 0.365
2.265, 0.005, 0.365
2.2750000000000004, 0.005, 0.365
2.285, 0.005, 0.365
2.295, 0.005, 0.365
2.305, 0.005, 0.365
2.315, 0.005, 0.365
2.325, 0.005, 0.365
2.335, 0.005, 0.365
2.3449999999999998, 0.005, 0.365
2.355, 0.005, 0.365
2.365, 0.005, 0.365
2.375, 0.005, 0.365
2.385, 0.005, 0.365
2.395, 0.005, 0.365
2.4050000000000002, 0.005, 0.365
2.415, 0.005, 0.365
2.425, 0.005, 0.365
2.435, 0.005, 0.365
2.4450000000000003, 0.005, 0.365
2.455, 0.005, 0.365
2.465, 0.005, 0.365
2.475, 0.005, 0.365
2.4850000000000003, 0.005, 0.365
2.495, 0.005, 0.365
2.505, 0.005, 0.365
2.515, 0.005, 0.365
2.5250000000000004, 0.005, 0.365
2.535, 0.005, 0.365
2.545, 0.005, 0.365
2.555, 0.005, 0.365
2.565, 0.005, 0.365
2.575, 0.005, 0.365
2.585, 0.005, 0.365
2.5949999999999998, 0.005, 0.365
2.605, 0.005, 0.365
2.615, 0.005, 0.365
2.625, 0.005, 0.365
2.635, 0.005, 0.365
2.645, 0.005, 0.365
2.6550000000000002, 0.005, 0.365
2.665, 0.005, 0.365
2.675, 0.005, 0.365
2.685, 0.005, 0.365
2.6950000000000003, 0.005, 0.365
2.705, 0.005, 0.365
2.715, 0.005, 0.365
2.725, 0.005, 0.365
2.7350000000000003, 0.005, 0.365
2.745, 0.005, 0.365
2.755, 0.005, 0.365
2.765, 0.005, 0.365
2.7750000000000004, 0.005, 0.365
2.785, 0.005, 0.365
2.795, 0.005, 0.365
0.005, 0.005, 0.375
0.015, 0.005, 0.375
0.025, 0.005, 0.375
0.035, 0.005, 0.375
0.045, 0.005, 0.375
0.055, 0.005, 0.375
0.065, 0.005, 0.375
0.07500000000000001, 0.005, 0.375
0.08499999999999999, 0.005, 0.375
0.095, 0.005, 0.375
0.10500000000000001, 0.005, 0.375
0.11499999999999999, 0.005, 0.375
0.125, 0.005, 0.375
0.135, 0.005, 0.375
0.14500000000000002, 0.005, 0.375
0.155, 0.005, 0.375
0.165, 0.005, 0.375
0.175, 0.005, 0.375
0.185, 0.005, 0.375
0.195, 0.005, 0.375
0.20500000000000002, 0.005, 0.375
0.215, 0.005, 0.375
0.225, 0.005, 0.375
0.235, 0.005, 0.375
0.245, 0.005, 0.375
0.255, 0.005, 0.375
0.265, 0.005, 0.375
0.275, 0.005, 0.375
0.28500000000000003, 0.005, 0.375
0.295, 0.005, 0.375
0.305, 0.005, 0.375
0.315, 0.005, 0.375
0.325, 0.005, 0.375
0.335, 0.005, 0.375
0.34500000000000003, 0.005, 0.375
0.355, 0.005, 0.375
0.365, 0.005, 0.375
0.375, 0.005, 0.375
0.385, 0.005, 0.375
0.395, 0.005, 0.375
0.405, 0.005, 0.375
0.41500000000000004, 0.005, 0.375
0.425, 0.005, 0.375
0.435, 0.005, 0.375
0.445, 0.005, 0.375
0.455, 0.005, 0.375
0.465, 0.005, 0.375
0.475, 0.005, 0.375
0.485, 0.005, 0.375
0.495, 0.005, 0.375
0.505, 0.005, 0.375
0.515, 0.005, 0.375
0.525, 0.005, 0.375
0.535, 0.005, 0.375
0.545, 0.005, 0.375
0.555, 0.005, 0.375
0.5650000000000001, 0.005, 0.375
0.575, 0.005, 0.375
0.585, 0.005, 0.375
0.595, 0.005, 0.375
0.605, 0.005, 0.375
0.615, 0.005, 0.375
0.625, 0.005, 0.375
0.635, 0.005, 0.375
0.645, 0.005, 0.375
0.655, 0.005, 0.375
0.665, 0.005, 0.375
0.675, 0.005, 0.375
0.685, 0.005, 0.375
0.6950000000000001, 0.005, 0.375
0.7050000000000001, 0.005, 0.375
0.715, 0.005, 0.375
0.725, 0.005, 0.375
0.735, 0.005, 0.375
0.745, 0.005, 0.375
0.755, 0.005, 0.375
0.765, 0.005, 0.375
0.775, 0.005, 0.375
0.785, 0.005, 0.375
0.795, 0.005, 0.375
0.805, 0.005, 0.375
0.8150000000000001, 0.005, 0.375
0.8250000000000001, 0.005, 0.375
0.835, 0.005, 0.375
0.845, 0.005, 0.375
0.855, 0.005, 0.375
0.865, 0.005, 0.375
0.875, 0.005, 0.375
0.885, 0.005, 0.375
0.895, 0.005, 0.375
0.905, 0.005, 0.375
0.915, 0.005, 0.375
0.925, 0.005, 0.375
0.935, 0.005, 0.375
0.9450000000000001, 0.005, 0.375
0.9550000000000001, 0.005, 0.375
0.965, 0.005, 0.375
0.975, 0.005, 0.375
0.985, 0.005, 0.375
0.995, 0.005, 0.375
1.005, 0.005, 0.375
1.0150000000000001, 0.005, 0.375
1.025, 0.005, 0.375
1.0350000000000001, 0.005, 0.375
1.045, 0.005, 0.375
1.0550000000000002, 0.005, 0.375
1.065, 0.005, 0.375
1.0750000000000002, 0.005, 0.375
1.085, 0.005, 0.375
1.0950000000000002, 0.005, 0.375
1.105, 0.005, 0.375
1.1150000000000002, 0.005, 0.375
1.125, 0.005, 0.375
1.1350000000000002, 0.005, 0.375
1.145, 0.005, 0.375
1.155, 0.005, 0.375
1.165, 0.005, 0.375
1.1749999999999998, 0.005, 0.375
1.185, 0.005, 0.375
1.1949999999999998, 0.005, 0.375
1.205, 0.005, 0.375
1.2149999999999999, 0.005, 0.375
1.225, 0.005, 0.375
1.2349999999999999, 0.005, 0.375
1.245, 0.005, 0.375
1.255, 0.005, 0.375
1.2650000000000001, 0.005, 0.375
1.275, 0.005, 0.375
1.2850000000000001, 0.005, 0.375
1.295, 0.005, 0.375
1.3050000000000002, 0.005, 0.375
1.315, 0.005, 0.375
1.3250000000000002, 0.005, 0.375
1.335, 0.005, 0.375
1.3450000000000002, 0.005, 0.375
1.355, 0.005, 0.375
1.3650000000000002, 0.005, 0.375
1.375, 0.005, 0.375
1.3850000000000002, 0.005, 0.375
1.395, 0.005, 0.375
1.405, 0.005, 0.375
1.415, 0.005, 0.375
1.4249999999999998, 0.005, 0.375
1.435, 0.005, 0.375
1.4449999999999998, 0.005, 0.375
1.455, 0.005, 0.375
1.4649999999999999, 0.005, 0.375
1.475, 0.005, 0.375
1.4849999999999999, 0.005, 0.375
1.495, 0.005, 0.375
1.505, 0.005, 0.375
1.5150000000000001, 0.005, 0.375
1.525, 0.005, 0.375
1.5350000000000001, 0.005, 0.375
1.545, 0.005, 0.375
1.5550000000000002, 0.005, 0.375
1.565, 0.005, 0.375
1.5750000000000002, 0.005, 0.375
1.585, 0.005, 0.375
1.5950000000000002, 0.005, 0.375
1.605, 0.005, 0.375
1.6150000000000002, 0.005, 0.375
1.625, 0.005, 0.375
1.6350000000000002, 0.005, 0.375
1.645, 0.005, 0.375
1.6550000000000002, 0.005, 0.375
1.665, 0.005, 0.375
1.6749999999999998, 0.005, 0.375
1.685, 0.005, 0.375
1.6949999999999998, 0.005, 0.375
1.705, 0.005, 0.375
1.7149999999999999, 0.005, 0.375
1.725, 0.005, 0.375
1.7349999999999999, 0.005, 0.375
1.745, 0.005, 0.375
1.755, 0.005, 0.375
1.7650000000000001, 0.005, 0.375
1.775, 0.005, 0.375
1.7850000000000001, 0.005, 0.375
1.795, 0.005, 0.375
1.8050000000000002, 0.005, 0.375
1.815, 0.005, 0.375
1.8250000000000002, 0.005, 0.375
1.835, 0.005, 0.375
1.8450000000000002, 0.005, 0.375
1.855, 0.005, 0.375
1.8650000000000002, 0.005, 0.375
1.875, 0.005, 0.375
1.8850000000000002, 0.005, 0.375
1.895, 0.005, 0.375
1.9050000000000002, 0.005, 0.375
1.915, 0.005, 0.375
1.9249999999999998, 0.005, 0.375
1.935, 0.005, 0.375
1.9449999999999998, 0.005, 0.375
1.955, 0.005, 0.375
1.9649999999999999, 0.005, 0.375
1.975, 0.005, 0.375
1.9849999999999999, 0.005, 0.375
1.995, 0.005, 0.375
2.005, 0.005, 0.375
2.015, 0.005, 0.375
2.0250000000000004, 0.005, 0.375
2.035, 0.005, 0.375
2.045, 0.005, 0.375
2.0549999999999997, 0.005, 0.375
2.065, 0.005, 0.375
2.075, 0.005, 0.375
2.085, 0.005, 0.375
2.0949999999999998, 0.005, 0.375
2.105, 0.005, 0.375
2.115, 0.005, 0.375
2.125, 0.005, 0.375
2.135, 0.005, 0.375
2.145, 0.005, 0.375
2.1550000000000002, 0.005, 0.375
2.165, 0.005, 0.375
2.175, 0.005, 0.375
2.185, 0.005, 0.375
2.1950000000000003, 0.005, 0.375
2.205, 0.005, 0.375
2.215, 0.005, 0.375
2.225, 0.005, 0.375
2.2350000000000003, 0.005, 0.375
2.245, 0.005, 0.375
2.255, 0.005, 0.375
2.265, 0.005, 0.375
2.2750000000000004, 0.005, 0.375
2.285, 0.005, 0.375
2.295, 0.005, 0.375
2.305, 0.005, 0.375
2.315, 0.005, 0.375
2.325, 0.005, 0.375
2.335, 0.005, 0.375
2.3449999999999998, 0.005, 0.375
2.355, 0.005, 0.375
2.365, 0.005, 0.375
2.375, 0.005, 0.375
2.385, 0.005, 0.375
2.395, 0.005, 0.375
2.4050000000000002, 0.005, 0.375
2.415, 0.005, 0.375
2.425, 0.005, 0.375
2.435, 0.005, 0.375
2.4450000000000003, 0.005, 0.375
2.455, 0.005, 0.375
2.465, 0.005, 0.375
2.475, 0.005, 0.375
2.4850000000000003, 0.005, 0.375
2.495, 0.005, 0.375
2.505, 0.005, 0.375
2.515, 0.005, 0.375
2.5250000000000004, 0.005, 0.375
2.535, 0.005, 0.375
2.545, 0.005, 0.375
2.555, 0.005, 0.375
2.565, 0.005, 0.375
2.575, 0.005, 0.375
2.585, 0.005, 0.375
2.5949999999999998, 0.005, 0.375
2.605, 0.005, 0.375
2.615, 0.005, 0.375
2.625, 0.005, 0.375
2.635, 0.005, 0.375
2.645, 0.005, 0.375
2.6550000000000002, 0.005, 0.375
2.665, 0.005, 0.375
2.675, 0.005, 0.375
2.685, 0.005, 0.375
2.6950000000000003, 0.005, 0.375
2.705, 0.005, 0.375
2.715, 0.005, 0.375
2.725, 0.005, 0.375
2.7350000000000003, 0.005, 0.375
2.745, 0.005, 0.375
2.755, 0.005, 0.375
2.765, 0.005, 0.375
2.7750000000000004, 0.005, 0.375
2.785, 0.005, 0.375
2.795, 0.005, 0.375
0.005, 0.005, 0.385
0.015, 0.005, 0.385
0.025, 0.005, 0.385
0.035, 0.005, 0.385
0.045, 0.005, 0.385
0.055, 0.005, 0.385
0.065, 0.005, 0.385
0.07500000000000001, 0.005, 0.385
0.08499999999999999, 0.005, 0.385
0.095, 0.005, 0.385
0.10500000000000001, 0.005, 0.385
0.11499999999999999, 0.005, 0.385
0.125, 0.005, 0.385
0.135, 0.005, 0.385
0.14500000000000002, 0.005, 0.385
0.155, 0.005, 0.385
0.165, 0.005, 0.385
0.175, 0.005, 0.385
0.185, 0.005, 0.385
0.195, 0.005, 0.385
0.20500000000000002, 0.005, 0.385
0.215, 0.005, 0.385
0.225, 0.005, 0.385
0.235, 0.005, 0.385
0.245, 0.005, 0.385
0.255, 0.005, 0.385
0.265, 0.005, 0.385
0.275, 0.005, 0.385
0.28500000000000003, 0.005, 0.385
0.295, 0.005, 0.385
0.305, 0.005, 0.385
0.315, 0.005, 0.385
0.325, 0.005, 0.385
0.335, 0.005, 0.385
0.34500000000000003, 0.005, 0.385
0.355, 0.005, 0.385
0.365, 0.005, 0.385
0.375, 0.005, 0.385
0.385, 0.005, 0.385
0.395, 0.005, 0.385
0.405, 0.005, 0.385
0.41500000000000004, 0.005, 0.385
0.425, 0.005, 0.385
0.435, 0.005, 0.385
0.445, 0.005, 0.385
0.455, 0.005, 0.385
0.465, 0.005, 0.385
0.475, 0.005, 0.385
0.485, 0.005, 0.385
0.495, 0.005, 0.385
0.505, 0.005, 0.385
0.515, 0.005, 0.385
0.525, 0.005, 0.385
0.535, 0.005, 0.385
0.545, 0.005, 0.385
0.555, 0.005, 0.385
0.5650000000000001, 0.005, 0.385
0.575, 0.005, 0.385
0.585, 0.005, 0.385
0.595, 0.005, 0.385
0.605, 0.005, 0.385
0.615, 0.005, 0.385
0.625, 0.005, 0.385
0.635, 0.005, 0.385
0.645, 0.005, 0.385
0.655, 0.005, 0.385
0.665, 0.005, 0.385
0.675, 0.005, 0.385
0.685, 0.005, 0.385
0.6950000000000001, 0.005, 0.385
0.7050000000000001, 0.005, 0.385
0.715, 0.005, 0.385
0.725, 0.005, 0.385
0.735, 0.005, 0.385
0.745, 0.005, 0.385
0.755, 0.005, 0.385
0.765, 0.005, 0.385
0.775, 0.005, 0.385
0.785, 0.005, 0.385
0.795, 0.005, 0.385
0.805, 0.005, 0.385
0.8150000000000001, 0.005, 0.385
0.8250000000000001, 0.005, 0.385
0.835, 0.005, 0.385
0.845, 0.005, 0.385
0.855, 0.005, 0.385
0.865, 0.005, 0.385
0.875, 0.005, 0.385
0.885, 0.005, 0.385
0.895, 0.005, 0.385
0.905, 0.005, 0.385
0.915, 0.005, 0.385
0.925, 0.005, 0.385
0.935, 0.005, 0.385
0.9450000000000001, 0.005, 0.385
0.9550000000000001, 0.005, 0.385
0.965, 0.005, 0.385
0.975, 0.005, 0.385
0.985, 0.005, 0.385
0.995, 0.005, 0.385
1.005, 0.005, 0.385
1.0150000000000001, 0.005, 0.385
1.025, 0.005, 0.385
1.0350000000000001, 0.005, 0.385
1.045, 0.005, 0.385
1.0550000000000002, 0.005, 0.385
1.065, 0.005, 0.385
1.0750000000000002, 0.005, 0.385
1.085, 0.005, 0.385
1.0950000000000002, 0.005, 0.385
1.105, 0.005, 0.385
1.1150000000000002, 0.005, 0.385
1.125, 0.005, 0.385
1.1350000000000002, 0.005, 0.385
1.145, 0.005, 0.385
1.155, 0.005, 0.385
1.165, 0.005, 0.385
1.1749999999999998, 0.005, 0.385
1.185, 0.005, 0.385
1.1949999999999998, 0.005, 0.385
1.205, 0.005, 0.385
1.2149999999999999, 0.005, 0.385
1.225, 0.005, 0.385
1.2349999999999999, 0.005, 0.385
1.245, 0.005, 0.385
1.255, 0.005, 0.385
1.2650000000000001, 0.005, 0.385
1.275, 0.005, 0.385
1.2850000000000001, 0.005, 0.385
1.295, 0.005, 0.385
1.3050000000000002, 0.005, 0.385
1.315, 0.005, 0.385
1.3250000000000002, 0.005, 0.385
1.335, 0.005, 0.385
1.3450000000000002, 0.005, 0.385
1.355, 0.005, 0.385
1.3650000000000002, 0.005, 0.385
1.375, 0.005, 0.385
1.3850000000000002, 0.005, 0.385
1.395, 0.005, 0.385
1.405, 0.005, 0.385
1.415, 0.005, 0.385
1.4249999999999998, 0.005, 0.385
1.435, 0.005, 0.385
1.4449999999999998, 0.005, 0.385
1.455, 0.005, 0.385
1.4649999999999999, 0.005, 0.385
1.475, 0.005, 0.385
1.4849999999999999, 0.005, 0.385
1.495, 0.005, 0.385
1.505, 0.005, 0.385
1.5150000000000001, 0.005, 0.385
1.525, 0.005, 0.385
1.5350000000000001, 0.005, 0.385
1.545, 0.005, 0.385
1.5550000000000002, 0.005, 0.385
1.565, 0.005, 0.385
1.5750000000000002, 0.005, 0.385
1.585, 0.005, 0.385
1.5950000000000002, 0.005, 0.385
1.605, 0.005, 0.385
1.6150000000000002, 0.005, 0.385
1.625, 0.005, 0.385
1.6350000000000002, 0.005, 0.385
1.645, 0.005, 0.385
1.6550000000000002, 0.005, 0.385
1.665, 0.005, 0.385
1.6749999999999998, 0.005, 0.385
1.685, 0.005, 0.385
1.6949999999999998, 0.005, 0.385
1.705, 0.005, 0.385
1.7149999999999999, 0.005, 0.385
1.725, 0.005, 0.385
1.7349999999999999, 0.005, 0.385
1.745, 0.005, 0.385
1.755, 0.005, 0.385
1.7650000000000001, 0.005, 0.385
1.775, 0.005, 0.385
1.7850000000000001, 0.005, 0.385
1.795, 0.005, 0.385
1.8050000000000002, 0.005, 0.385
1.815, 0.005, 0.385
1.8250000000000002, 0.005, 0.385
1.835, 0.005, 0.385
1.8450000000000002, 0.005, 0.385
1.855, 0.005, 0.385
1.8650000000000002, 0.005, 0.385
1.875, 0.005, 0.385
1.8850000000000002, 0.005, 0.385
1.895, 0.005, 0.385
1.9050000000000002, 0.005, 0.385
1.915, 0.005, 0.385
1.9249999999999998, 0.005, 0.385
1.935, 0.005, 0.385
1.9449999999999998, 0.005, 0.385
1.955, 0.005, 0.385
1.9649999999999999, 0.005, 0.385
1.975, 0.005, 0.385
1.9849999999999999, 0.005, 0.385
1.995, 0.005, 0.385
2.005, 0.005, 0.385
2.015, 0.005, 0.385
2.0250000000000004, 0.005, 0.385
2.035, 0.005, 0.385
2.045, 0.005, 0.385
2.0549999999999997, 0.005, 0.385
2.065, 0.005, 0.385
2.075, 0.005, 0.385
2.085, 0.005, 0.385
2.0949999999999998, 0.005, 0.385
2.105, 0.005, 0.385
2.115, 0.005, 0.385
2.125, 0.005, 0.385
2.135, 0.005, 0.385
2.145, 0.005, 0.385
2.1550000000000002, 0.005, 0.385
2.165, 0.005, 0.385
2.175, 0.005, 0.385
2.185, 0.005, 0.385
2.1950000000000003, 0.005, 0.385
2.205, 0.005, 0.385
2.215, 0.005, 0.385
2.225, 0.005, 0.385
2.2350000000000003, 0.005, 0.385
2.245, 0.005, 0.385
2.255, 0.005, 0.385
2.265, 0.005, 0.385
2.2750000000000004, 0.005, 0.385
2.285, 0.005, 0.385
2.295, 0.005, 0.385
2.305, 0.005, 0.385
2.315, 0.005, 0.385
2.325, 0.005, 0.385
2.335, 0.005, 0.385
2.3449999999999998, 0.005, 0.385
2.355, 0.005, 0.385
2.365, 0.005, 0.385
2.375, 0.005, 0.385
2.385, 0.005, 0.385
2.395, 0.005, 0.385
2.4050000000000002, 0.005, 0.385
2.415, 0.005, 0.385
2.425, 0.005, 0.385
2.435, 0.005, 0.385
2.4450000000000003, 0.005, 0.385
2.455, 0.005, 0.385
2.465, 0.005, 0.385
2.475, 0.005, 0.385
2.4850000000000003, 0.005, 0.385
2.495, 0.005, 0.385
2.505, 0.005, 0.385
2.515, 0.005, 0.385
2.5250000000000004, 0.005, 0.385
2.535, 0.005, 0.385
2.545, 0.005, 0.385
2.555, 0.005, 0.385
2.565, 0.005, 0.385
2.575, 0.005, 0.385
2.585, 0.005, 0.385
2.5949999999999998, 0.005, 0.385
2.605, 0.005, 0.385
2.615, 0.005, 0.385
2.625, 0.005, 0.385
2.635, 0.005, 0.385
2.645, 0.005, 0.385
2.6550000000000002, 0.005, 0.385
2.665, 0.005, 0.385
2.675, 0.005, 0.385
2.685, 0.005, 0.385
2.6950000000000003, 0.005, 0.385
2.705, 0.005, 0.385
2.715, 0.005, 0.385
2.725, 0.005, 0.385
2.7350000000000003, 0.005, 0.385
2.745, 0.005, 0.385
2.755, 0.005, 0.385
2.765, 0.005, 0.385
2.7750000000000004, 0.005, 0.385
2.785, 0.005, 0.385
2.795, 0.005, 0.385
0.005, 0.005, 0.395
0.015, 0.005, 0.395
0.025, 0.005, 0.395
0.035, 0.005, 0.395
0.045, 0.005, 0.395
0.055, 0.005, 0.395
0.065, 0.005, 0.395
0.07500000000000001, 0.005, 0.395
0.08499999999999999, 0.005, 0.395
0.095, 0.005, 0.395
0.10500000000000001, 0.005, 0.395
0.11499999999999999, 0.005, 0.395
0.125, 0.005, 0.395
0.135, 0.005, 0.395
0.14500000000000002, 0.005, 0.395
0.155, 0.005, 0.395
0.165, 0.005, 0.395
0.175, 0.005, 0.395
0.185, 0.005, 0.395
0.195, 0.005, 0.395
0.20500000000000002, 0.005, 0.395
0.215, 0.005, 0.395
0.225, 0.005, 0.395
0.235, 0.005, 0.395
0.245, 0.005, 0.395
0.255, 0.005, 0.395
0.265, 0.005, 0.395
0.275, 0.005, 0.395
0.28500000000000003, 0.005, 0.395
0.295, 0.005, 0.395
0.305, 0.005, 0.395
0.315, 0.005, 0.395
0.325, 0.005, 0.395
0.335, 0.005, 0.395
0.34500000000000003, 0.005, 0.395
0.355, 0.005, 0.395
0.365, 0.005, 0.395
0.375, 0.005, 0.395
0.385, 0.005, 0.395
0.395, 0.005, 0.395
0.405, 0.005, 0.395
0.41500000000000004, 0.005, 0.395
0.425, 0.005, 0.395
0.435, 0.005, 0.395
0.445, 0.005, 0.395
0.455, 0.005, 0.395
0.465, 0.005, 0.395
0.475, 0.005, 0.395
0.485, 0.005, 0.395
0.495, 0.005, 0.395
0.505, 0.005, 0.395
0.515, 0.005, 0.395
0.525, 0.005, 0.395
0.535, 0.005, 0.395
0.545, 0.005, 0.395
0.555, 0.005, 0.395
0.5650000000000001, 0.005, 0.395
0.575, 0.005, 0.395
0.585, 0.005, 0.395
0.595, 0.005, 0.395
0.605, 0.005, 0.395
0.615, 0.005, 0.395
0.625, 0.005, 0.395
0.635, 0.005, 0.395
0.645, 0.005, 0.395
0.655, 0.005, 0.395
0.665, 0.005, 0.395
0.675, 0.005, 0.395
0.685, 0.005, 0.395
0.6950000000000001, 0.005, 0.395
0.7050000000000001, 0.005, 0.395
0.715, 0.005, 0.395
0.725, 0.005, 0.395
0.735, 0.005, 0.395
0.745, 0.005, 0.395
0.755, 0.005, 0.395
0.765, 0.005, 0.395
0.775, 0.005, 0.395
0.785, 0.005, 0.395
0.795, 0.005, 0.395
0.805, 0.005, 0.395
0.8150000000000001, 0.005, 0.395
0.8250000000000001, 0.005, 0.395
0.835, 0.005, 0.395
0.845, 0.005, 0.395
0.855, 0.005, 0.395
0.865, 0.005, 0.395
0.875, 0.005, 0.395
0.885, 0.005, 0.395
0.895, 0.005, 0.395
0.905, 0.005, 0.395
0.915, 0.005, 0.395
0.925, 0.005, 0.395
0.935, 0.005, 0.395
0.9450000000000001, 0.005, 0.395
0.9550000000000001, 0.005, 0.395
0.965, 0.005, 0.395
0.975, 0.005, 0.395
0.985, 0.005, 0.395
0.995, 0.005, 0.395
1.005, 0.005, 0.395
1.0150000000000001, 0.005, 0.395
1.025, 0.005, 0.395
1.0350000000000001, 0.005, 0.395
1.045, 0.005, 0.395
1.0550000000000002, 0.005, 0.395
1.065, 0.005, 0.395
1.0750000000000002, 0.005, 0.395
1.085, 0.005, 0.395
1.0950000000000002, 0.005, 0.395
1.105, 0.005, 0.395
1.1150000000000002, 0.005, 0.395
1.125, 0.005, 0.395
1.1350000000000002, 0.005, 0.395
1.145, 0.005, 0.395
1.155, 0.005, 0.395
1.165, 0.005, 0.395
1.1749999999999998, 0.005, 0.395
1.185, 0.005, 0.395
1.1949999999999998, 0.005, 0.395
1.205, 0.005, 0.395
1.2149999999999999, 0.005, 0.395
1.225, 0.005, 0.395
1.2349999999999999, 0.005, 0.395
1.245, 0.005, 0.395
1.255, 0.005, 0.395
1.2650000000000001, 0.005, 0.395
1.275, 0.005, 0.395
1.2850000000000001, 0.005, 0.395
1.295, 0.005, 0.395
1.3050000000000002, 0.005, 0.395
1.315, 0.005, 0.395
1.3250000000000002, 0.005, 0.395
1.335, 0.005, 0.395
1.3450000000000002, 0.005, 0.395
1.355, 0.005, 0.395
1.3650000000000002, 0.005, 0.395
1.375, 0.005, 0.395
1.3850000000000002, 0.005, 0.395
1.395, 0.005, 0.395
1.405, 0.005, 0.395
1.415, 0.005, 0.395
1.4249999999999998, 0.005, 0.395
1.435, 0.005, 0.395
1.4449999999999998, 0.005, 0.395
1.455, 0.005, 0.395
1.4649999999999999, 0.005, 0.395
1.475, 0.005, 0.395
1.4849999999999999, 0.005, 0.395
1.495, 0.005, 0.395
1.505, 0.005, 0.395
1.5150000000000001, 0.005, 0.395
1.525, 0.005, 0.395
1.5350000000000001, 0.005, 0.395
1.545, 0.005, 0.395
1.5550000000000002, 0.005, 0.395
1.565, 0.005, 0.395
1.5750000000000002, 0.005, 0.395
1.585, 0.005, 0.395
1.5950000000000002, 0.005, 0.395
1.605, 0.005, 0.395
1.6150000000000002, 0.005, 0.395
1.625, 0.005, 0.395
1.6350000000000002, 0.005, 0.395
1.645, 0.005, 0.395
1.6550000000000002, 0.005, 0.395
1.665, 0.005, 0.395
1.6749999999999998, 0.005, 0.395
1.685, 0.005, 0.395
1.6949999999999998, 0.005, 0.395
1.705, 0.005, 0.395
1.7149999999999999, 0.005, 0.395
1.725, 0.005, 0.395
1.7349999999999999, 0.005, 0.395
1.745, 0.005, 0.395
1.755, 0.005, 0.395
1.7650000000000001, 0.005, 0.395
1.775, 0.005, 0.395
1.7850000000000001, 0.005, 0.395
1.795, 0.005, 0.395
1.8050000000000002, 0.005, 0.395
1.815, 0.005, 0.395
1.8250000000000002, 0.005, 0.395
1.835, 0.005, 0.395
1.8450000000000002, 0.005, 0.395
1.855, 0.005, 0.395
1.8650000000000002, 0.005, 0.395
1.875, 0.005, 0.395
1.8850000000000002, 0.005, 0.395
1.895, 0.005, 0.395
1.9050000000000002, 0.005, 0.395
1.915, 0.005, 0.395
1.9249999999999998, 0.005, 0.395
1.935, 0.005, 0.395
1.9449999999999998, 0.005, 0.395
1.955, 0.005, 0.395
1.9649999999999999, 0.005, 0.395
1.975, 0.005, 0.395
1.9849999999999999, 0.005, 0.395
1.995, 0.005, 0.395
2.005, 0.005, 0.395
2.015, 0.005, 0.395
2.0250000000000004, 0.005, 0.395
2.035, 0.005, 0.395
2.045, 0.005, 0.395
2.0549999999999997, 0.005, 0.395
2.065, 0.005, 0.395
2.075, 0.005, 0.395
2.085, 0.005, 0.395
2.0949999999999998, 0.005, 0.395
2.105, 0.005, 0.395
2.115, 0.005, 0.395
2.125, 0.005, 0.395
2.135, 0.005, 0.395
2.145, 0.005, 0.395
2.1550000000000002, 0.005, 0.395
2.165, 0.005, 0.395
2.175, 0.005, 0.395
2.185, 0.005, 0.395
2.1950000000000003, 0.005, 0.395
2.205, 0.005, 0.395
2.215, 0.005, 0.395
2.225, 0.005, 0.395
2.2350000000000003, 0.005, 0.395
2.245, 0.005, 0.395
2.255, 0.005, 0.395
2.265, 0.005, 0.395
2.2750000000000004, 0.005, 0.395
2.285, 0.005, 0.395
2.295, 0.005, 0.395
2.305, 0.005, 0.395
2.315, 0.005, 0.395
2.325, 0.005, 0.395
2.335, 0.005, 0.395
2.3449999999999998, 0.005, 0.395
2.355, 0.005, 0.395
2.365, 0.005, 0.395
2.375, 0.005, 0.395
2.385, 0.005, 0.395
2.395, 0.005, 0.395
2.4050000000000002, 0.005, 0.395
2.415, 0.005, 0.395
2.425, 0.005, 0.395
2.435, 0.005, 0.395
2.4450000000000003, 0.005, 0.395
2.455, 0.005, 0.395
2.465, 0.005, 0.395
2.475, 0.005, 0.395
2.4850000000000003, 0.005, 0.395
2.495, 0.005, 0.395
2.505, 0.005, 0.395
2.515, 0.005, 0.395
2.5250000000000004, 0.005, 0.395
2.535, 0.005, 0.395
2.545, 0.005, 0.395
2.555, 0.005, 0.395
2.565, 0.005, 0.395
2.575, 0.005, 0.395
2.585, 0.005, 0.395
2.5949999999999998, 0.005, 0.395
2.605, 0.005, 0.395
2.615, 0.005, 0.395
2.625, 0.005, 0.395
2.635, 0.005, 0.395
2.645, 0.005, 0.395
2.6550000000000002, 0.005, 0.395
2.665, 0.005, 0.395
2.675, 0.005, 0.395
2.685, 0.005, 0.395
2.6950000000000003, 0.005, 0.395
2.705, 0.005, 0.395
2.715, 0.005, 0.395
2.725, 0.005, 0.395
2.7350000000000003, 0.005, 0.395
2.745, 0.005, 0.395
2.755, 0.005, 0.395
2.765, 0.005, 0.395
2.7750000000000004, 0.005, 0.395
2.785, 0.005, 0.395
2.795, 0.005, 0.395
0.005, 0.005, 0.405
0.015, 0.005, 0.405
0.025, 0.005, 0.405
0.035, 0.005, 0.405
0.045, 0.005, 0.405
0.055, 0.005, 0.405
0.065, 0.005, 0.405
0.07500000000000001, 0.005, 0.405
0.08499999999999999, 0.005, 0.405
0.095, 0.005, 0.405
0.10500000000000001, 0.005, 0.405
0.11499999999999999, 0.005, 0.405
0.125, 0.005, 0.405
0.135, 0.005, 0.405
0.14500000000000002, 0.005, 0.405
0.155, 0.005, 0.405
0.165, 0.005, 0.405
0.175, 0.005, 0.405
0.185, 0.005, 0.405
0.195, 0.005, 0.405
0.20500000000000002, 0.005, 0.405
0.215, 0.005, 0.405
0.225, 0.005, 0.405
0.235, 0.005, 0.405
0.245, 0.005, 0.405
0.255, 0.005, 0.405
0.265, 0.005, 0.405
0.275, 0.005, 0.405
0.28500000000000003, 0.005, 0.405
0.295, 0.005, 0.405
0.305, 0.005, 0.405
0.315, 0.005, 0.405
0.325, 0.005, 0.405
0.335, 0.005, 0.405
0.34500000000000003, 0.005, 0.405
0.355, 0.005, 0.405
0.365, 0.005, 0.405
0.375, 0.005, 0.405
0.385, 0.005, 0.405
0.395, 0.005, 0.405
0.405, 0.005, 0.405
0.41500000000000004, 0.005, 0.405
0.425, 0.005, 0.405
0.435, 0.005, 0.405
0.445, 0.005, 0.405
0.455, 0.005, 0.405
0.465, 0.005, 0.405
0.475, 0.005, 0.405
0.485, 0.005, 0.405
0.495, 0.005, 0.405
0.505, 0.005, 0.405
0.515, 0.005, 0.405
0.525, 0.005, 0.405
0.535, 0.005, 0.405
0.545, 0.005, 0.405
0.555, 0.005, 0.405
0.5650000000000001, 0.005, 0.405
0.575, 0.005, 0.405
0.585, 0.005, 0.405
0.595, 0.005, 0.405
0.605, 0.005, 0.405
0.615, 0.005, 0.405
0.625, 0.005, 0.405
0.635, 0.005, 0.405
0.645, 0.005, 0.405
0.655, 0.005, 0.405
0.665, 0.005, 0.405
0.675, 0.005, 0.405
0.685, 0.005, 0.405
0.6950000000000001, 0.005, 0.405
0.7050000000000001, 0.005, 0.405
0.715, 0.005, 0.405
0.725, 0.005, 0.405
0.735, 0.005, 0.405
0.745, 0.005, 0.405
0.755, 0.005, 0.405
0.765, 0.005, 0.405
0.775, 0.005, 0.405
0.785, 0.005, 0.405
0.795, 0.005, 0.405
0.805, 0.005, 0.405
0.8150000000000001, 0.005, 0.405
0.8250000000000001, 0.005, 0.405
0.835, 0.005, 0.405
0.845, 0.005, 0.405
0.855, 0.005, 0.405
0.865, 0.005, 0.405
0.875, 0.005, 0.405
0.885, 0.005, 0.405
0.895, 0.005, 0.405
0.905, 0.005, 0.405
0.915, 0.005, 0.405
0.925, 0.005, 0.405
0.935, 0.005, 0.405
0.9450000000000001, 0.005, 0.405
0.9550000000000001, 0.005, 0.405
0.965, 0.005, 0.405
0.975, 0.005, 0.405
0.985, 0.005, 0.405
0.995, 0.005, 0.405
1.005, 0.005, 0.405
1.0150000000000001, 0.005, 0.405
1.025, 0.005, 0.405
1.0350000000000001, 0.005, 0.405
1.045, 0.005, 0.405
1.0550000000000002, 0.005, 0.405
1.065, 0.005, 0.405
1.0750000000000002, 0.005, 0.405
1.085, 0.005, 0.405
1.0950000000000002, 0.005, 0.405
1.105, 0.005, 0.405
1.1150000000000002, 0.005, 0.405
1.125, 0.005, 0.405
1.1350000000000002, 0.005, 0.405
1.145, 0.005, 0.405
1.155, 0.005, 0.405
1.165, 0.005, 0.405
1.1749999999999998, 0.005, 0.405
1.185, 0.005, 0.405
1.1949999999999998, 0.005, 0.405
1.205, 0.005, 0.405
1.2149999999999999, 0.005, 0.405
1.225, 0.005, 0.405
1.2349999999999999, 0.005, 0.405
1.245, 0.005, 0.405
1.255, 0.005, 0.405
1.2650000000000001, 0.005, 0.405
1.275, 0.005, 0.405
1.2850000000000001, 0.005, 0.405
1.295, 0.005, 0.405
1.3050000000000002, 0.005, 0.405
1.315, 0.005, 0.405
1.3250000000000002, 0.005, 0.405
1.335, 0.005, 0.405
1.3450000000000002, 0.005, 0.405
1.355, 0.005, 0.405
1.3650000000000002, 0.005, 0.405
1.375, 0.005, 0.405
1.3850000000000002, 0.005, 0.405
1.395, 0.005, 0.405
1.405, 0.005, 0.405
1.415, 0.005, 0.405
1.4249999999999998, 0.005, 0.405
1.435, 0.005, 0.405
1.4449999999999998, 0.005, 0.405
1.455, 0.005, 0.405
1.4649999999999999, 0.005, 0.405
1.475, 0.005, 0.405
1.4849999999999999, 0.005, 0.405
1.495, 0.005, 0.405
1.505, 0.005, 0.405
1.5150000000000001, 0.005, 0.405
1.525, 0.005, 0.405
1.5350000000000001, 0.005, 0.405
1.545, 0.005, 0.405
1.5550000000000002, 0.005, 0.405
1.565, 0.005, 0.405
1.5750000000000002, 0.005, 0.405
1.585, 0.005, 0.405
1.5950000000000002, 0.005, 0.405
1.605, 0.005, 0.405
1.6150000000000002, 0.005, 0.405
1.625, 0.005, 0.405
1.6350000000000002, 0.005, 0.405
1.645, 0.005, 0.405
1.6550000000000002, 0.005, 0.405
1.665, 0.005, 0.405
1.6749999999999998, 0.005, 0.405
1.685, 0.005, 0.405
1.6949999999999998, 0.005, 0.405
1.705, 0.005, 0.405
1.7149999999999999, 0.005, 0.405
1.725, 0.005, 0.405
1.7349999999999999, 0.005, 0.405
1.745, 0.005, 0.405
1.755, 0.005, 0.405
1.7650000000000001, 0.005, 0.405
1.775, 0.005, 0.405
1.7850000000000001, 0.005, 0.405
1.795, 0.005, 0.405
1.8050000000000002, 0.005, 0.405
1.815, 0.005, 0.405
1.8250000000000002, 0.005, 0.405
1.835, 0.005, 0.405
1.8450000000000002, 0.005, 0.405
1.855, 0.005, 0.405
1.8650000000000002, 0.005, 0.405
1.875, 0.005, 0.405
1.8850000000000002, 0.005, 0.405
1.895, 0.005, 0.405
1.9050000000000002, 0.005, 0.405
1.915, 0.005, 0.405
1.9249999999999998, 0.005, 0.405
1.935, 0.005, 0.405
1.9449999999999998, 0.005, 0.405
1.955, 0.005, 0.405
1.9649999999999999, 0.005, 0.405
1.975, 0.005, 0.405
1.9849999999999999, 0.005, 0.405
1.995, 0.005, 0.405
2.005, 0.005, 0.405
2.015, 0.005, 0.405
2.0250000000000004, 0.005, 0.405
2.035, 0.005, 0.405
2.045, 0.005, 0.405
2.0549999999999997, 0.005, 0.405
2.065, 0.005, 0.405
2.075, 0.005, 0.405
2.085, 0.005, 0.405
2.0949999999999998, 0.005, 0.405
2.105, 0.005, 0.405
2.115, 0.005, 0.405
2.125, 0.005, 0.405
2.135, 0.005, 0.405
2.145, 0.005, 0.405
2.1550000000000002, 0.005, 0.405
2.165, 0.005, 0.405
2.175, 0.005, 0.405
2.185, 0.005, 0.405
2.1950000000000003, 0.005, 0.405
2.205, 0.005, 0.405
2.215, 0.005, 0.405
2.225, 0.005, 0.405
2.2350000000000003, 0.005, 0.405
2.245, 0.005, 0.405
2.255, 0.005, 0.405
2.265, 0.005, 0.405
2.2750000000000004, 0.005, 0.405
2.285, 0.005, 0.405
2.295, 0.005, 0.405
2.305, 0.005, 0.405
2.315, 0.005, 0.405
2.325, 0.005, 0.405
2.335, 0.005, 0.405
2.3449999999999998, 0.005, 0.405
2.355, 0.005, 0.405
2.365, 0.005, 0.405
2.375, 0.005, 0.405
2.385, 0.005, 0.405
2.395, 0.005, 0.405
2.4050000000000002, 0.005, 0.405
2.415, 0.005, 0.405
2.425, 0.005, 0.405
2.435, 0.005, 0.405
2.4450000000000003, 0.005, 0.405
2.455, 0.005, 0.405
2.465, 0.005, 0.405
2.475, 0.005, 0.405
2.4850000000000003, 0.005, 0.405
2.495, 0.005, 0.405
2.505, 0.005, 0.405
2.515, 0.005, 0.405
2.5250000000000004, 0.005, 0.405
2.535, 0.005, 0.405
2.545, 0.005, 0.405
2.555, 0.005, 0.405
2.565, 0.005, 0.405
2.575, 0.005, 0.405
2.585, 0.005, 0.405
2.5949999999999998, 0.005, 0.405
2.605, 0.005, 0.405
2.615, 0.005, 0.405
2.625, 0.005, 0.405
2.635, 0.005, 0.405
2.645, 0.005, 0.405
2.6550000000000002, 0.005, 0.405
2.665, 0.005, 0.405
2.675, 0.005, 0.405
2.685, 0.005, 0.405
2.6950000000000003, 0.005, 0.405
2.705, 0.005, 0.405
2.715, 0.005, 0.405
2.725, 0.005, 0.405
2.7350000000000003, 0.005, 0.405
2.745, 0.005, 0.405
2.755, 0.005, 0.405
2.765, 0.005, 0.405
2.7750000000000004, 0.005, 0.405
2.785, 0.005, 0.405
2.795, 0.005, 0.405
0.005, 0.005, 0.41500000000000004
0.015, 0.005, 0.41500000000000004
0.025, 0.005, 0.41500000000000004
0.035, 0.005, 0.41500000000000004
0.045, 0.005, 0.41500000000000004
0.055, 0.005, 0.41500000000000004
0.065, 0.005, 0.41500000000000004
0.07500000000000001, 0.005, 0.41500000000000004
0.08499999999999999, 0.005, 0.41500000000000004
0.095, 0.005, 0.41500000000000004
0.10500000000000001, 0.005, 0.41500000000000004
0.11499999999999999, 0.005, 0.41500000000000004
0.125, 0.005, 0.41500000000000004
0.135, 0.005, 0.41500000000000004
0.14500000000000002, 0.005, 0.41500000000000004
0.155, 0.005, 0.41500000000000004
0.165, 0.005, 0.41500000000000004
0.175, 0.005, 0.41500000000000004
0.185, 0.005, 0.41500000000000004
0.195, 0.005, 0.41500000000000004
0.20500000000000002, 0.005, 0.41500000000000004
0.215, 0.005, 0.41500000000000004
0.225, 0.005, 0.41500000000000004
0.235, 0.005, 0.41500000000000004
0.245, 0.005, 0.41500000000000004
0.255, 0.005, 0.41500000000000004
0.265, 0.005, 0.41500000000000004
0.275, 0.005, 0.41500000000000004
0.28500000000000003, 0.005, 0.41500000000000004
0.295, 0.005, 0.41500000000000004
0.305, 0.005, 0.41500000000000004
0.315, 0.005, 0.41500000000000004
0.325, 0.005, 0.41500000000000004
0.335, 0.005, 0.41500000000000004
0.34500000000000003, 0.005, 0.41500000000000004
0.355, 0.005, 0.41500000000000004
0.365, 0.005, 0.41500000000000004
0.375, 0.005, 0.41500000000000004
0.385, 0.005, 0.41500000000000004
0.395, 0.005, 0.41500000000000004
0.405, 0.005, 0.41500000000000004
0.41500000000000004, 0.005, 0.41500000000000004
0.425, 0.005, 0.41500000000000004
0.435, 0.005, 0.41500000000000004
0.445, 0.005, 0.41500000000000004
0.455, 0.005, 0.41500000000000004
0.465, 0.005, 0.41500000000000004
0.475, 0.005, 0.41500000000000004
0.485, 0.005, 0.41500000000000004
0.495, 0.005, 0.41500000000000004
0.505, 0.005, 0.41500000000000004
0.515, 0.005, 0.41500000000000004
0.525, 0.005, 0.41500000000000004
0.535, 0.005, 0.41500000000000004
0.545, 0.005, 0.41500000000000004
0.555, 0.005, 0.41500000000000004
0.5650000000000001, 0.005, 0.41500000000000004
0.575, 0.005, 0.41500000000000004
0.585, 0.005, 0.41500000000000004
0.595, 0.005, 0.41500000000000004
0.605, 0.005, 0.41500000000000004
0.615, 0.005, 0.41500000000000004
0.625, 0.005, 0.41500000000000004
0.635, 0.005, 0.41500000000000004
0.645, 0.005, 0.41500000000000004
0.655, 0.005, 0.41500000000000004
0.665, 0.005, 0.41500000000000004
0.675, 0.005, 0.41500000000000004
0.685, 0.005, 0.41500000000000004
0.6950000000000001, 0.005, 0.41500000000000004
0.7050000000000001, 0.005, 0.41500000000000004
0.715, 0.005, 0.41500000000000004
0.725, 0.005, 0.41500000000000004
0.735, 0.005, 0.41500000000000004
0.745, 0.005, 0.41500000000000004
0.755, 0.005, 0.41500000000000004
0.765, 0.005, 0.41500000000000004
0.775, 0.005, 0.41500000000000004
0.785, 0.005, 0.41500000000000004
0.795, 0.005, 0.41500000000000004
0.805, 0.005, 0.41500000000000004
0.8150000000000001, 0.005, 0.41500000000000004
0.8250000000000001, 0.005, 0.41500000000000004
0.835, 0.005, 0.41500000000000004
0.845, 0.005, 0.41500000000000004
0.855, 0.005, 0.41500000000000004
0.865, 0.005, 0.41500000000000004
0.875, 0.005, 0.41500000000000004
0.885, 0.005, 0.41500000000000004
0.895, 0.005, 0.41500000000000004
0.905, 0.005, 0.41500000000000004
0.915, 0.005, 0.41500000000000004
0.925, 0.005, 0.41500000000000004
0.935, 0.005, 0.41500000000000004
0.9450000000000001, 0.005, 0.41500000000000004
0.9550000000000001, 0.005, 0.41500000000000004
0.965, 0.005, 0.41500000000000004
0.975, 0.005, 0.41500000000000004
0.985, 0.005, 0.41500000000000004
0.995, 0.005, 0.41500000000000004
1.005, 0.005, 0.41500000000000004
1.0150000000000001, 0.005, 0.41500000000000004
1.025, 0.005, 0.41500000000000004
1.0350000000000001, 0.005, 0.41500000000000004
1.045, 0.005, 0.41500000000000004
1.0550000000000002, 0.005, 0.41500000000000004
1.065, 0.005, 0.41500000000000004
1.0750000000000002, 0.005, 0.41500000000000004
1.085, 0.005, 0.41500000000000004
1.0950000000000002, 0.005, 0.41500000000000004
1.105, 0.005, 0.41500000000000004
1.1150000000000002, 0.005, 0.41500000000000004
1.125, 0.005, 0.41500000000000004
1.1350000000000002, 0.005, 0.41500000000000004
1.145, 0.005, 0.41500000000000004
1.155, 0.005, 0.41500000000000004
1.165, 0.005, 0.41500000000000004
1.1749999999999998, 0.005, 0.41500000000000004
1.185, 0.005, 0.41500000000000004
1.1949999999999998, 0.005, 0.41500000000000004
1.205, 0.005, 0.41500000000000004
1.2149999999999999, 0.005, 0.41500000000000004
1.225, 0.005, 0.41500000000000004
1.2349999999999999, 0.005, 0.41500000000000004
1.245, 0.005, 0.41500000000000004
1.255, 0.005, 0.41500000000000004
1.2650000000000001, 0.005, 0.41500000000000004
1.275, 0.005, 0.41500000000000004
1.2850000000000001, 0.005, 0.41500000000000004
1.295, 0.005, 0.41500000000000004
1.3050000000000002, 0.005, 0.41500000000000004
1.315, 0.005, 0.41500000000000004
1.3250000000000002, 0.005, 0.41500000000000004
1.335, 0.005, 0.41500000000000004
1.3450000000000002, 0.005, 0.41500000000000004
1.355, 0.005, 0.41500000000000004
1.3650000000000002, 0.005, 0.41500000000000004
1.375, 0.005, 0.41500000000000004
1.3850000000000002, 0.005, 0.41500000000000004
1.395, 0.005, 0.41500000000000004
1.405, 0.005, 0.41500000000000004
1.415, 0.005, 0.41500000000000004
1.4249999999999998, 0.005, 0.41500000000000004
1.435, 0.005, 0.41500000000000004
1.4449999999999998, 0.005, 0.41500000000000004
1.455, 0.005, 0.41500000000000004
1.4649999999999999, 0.005, 0.41500000000000004
1.475, 0.005, 0.41500000000000004
1.4849999999999999, 0.005, 0.41500000000000004
1.495, 0.005, 0.41500000000000004
1.505, 0.005, 0.41500000000000004
1.5150000000000001, 0.005, 0.41500000000000004
1.525, 0.005, 0.41500000000000004
1.5350000000000001, 0.005, 0.41500000000000004
1.545, 0.005, 0.41500000000000004
1.5550000000000002, 0.005, 0.41500000000000004
1.565, 0.005, 0.41500000000000004
1.5750000000000002, 0.005, 0.41500000000000004
1.585, 0.005, 0.41500000000000004
1.5950000000000002, 0.005, 0.41500000000000004
1.605, 0.005, 0.41500000000000004
1.6150000000000002, 0.005, 0.41500000000000004
1.625, 0.005, 0.41500000000000004
1.6350000000000002, 0.005, 0.41500000000000004
1.645, 0.005, 0.41500000000000004
1.6550000000000002, 0.005, 0.41500000000000004
1.665, 0.005, 0.41500000000000004
1.6749999999999998, 0.005, 0.41500000000000004
1.685, 0.005, 0.41500000000000004
1.6949999999999998, 0.005, 0.41500000000000004
1.705, 0.005, 0.41500000000000004
1.7149999999999999, 0.005, 0.41500000000000004
1.725, 0.005, 0.41500000000000004
1.7349999999999999, 0.005, 0.41500000000000004
1.745, 0.005, 0.41500000000000004
1.755, 0.005, 0.41500000000000004
1.7650000000000001, 0.005, 0.41500000000000004
1.775, 0.005, 0.41500000000000004
1.7850000000000001, 0.005, 0.41500000000000004
1.795, 0.005, 0.41500000000000004
1.8050000000000002, 0.005, 0.41500000000000004
1.815, 0.005, 0.41500000000000004
1.8250000000000002, 0.005, 0.41500000000000004
1.835, 0.005, 0.41500000000000004
1.8450000000000002, 0.005, 0.41500000000000004
1.855, 0.005, 0.41500000000000004
1.8650000000000002, 0.005, 0.41500000000000004
1.875, 0.005, 0.41500000000000004
1.8850000000000002, 0.005, 0.41500000000000004
1.895, 0.005, 0.41500000000000004
1.9050000000000002, 0.005, 0.41500000000000004
1.915, 0.005, 0.41500000000000004
1.9249999999999998, 0.005, 0.41500000000000004
1.935, 0.005, 0.41500000000000004
1.9449999999999998, 0.005, 0.41500000000000004
1.955, 0.005, 0.41500000000000004
1.9649999999999999, 0.005, 0.41500000000000004
1.975, 0.005, 0.41500000000000004
1.9849999999999999, 0.005, 0.41500000000000004
1.995, 0.005, 0.41500000000000004
2.005, 0.005, 0.41500000000000004
2.015, 0.005, 0.41500000000000004
2.0250000000000004, 0.005, 0.41500000000000004
2.035, 0.005, 0.41500000000000004
2.045, 0.005, 0.41500000000000004
2.0549999999999997, 0.005, 0.41500000000000004
2.065, 0.005, 0.41500000000000004
2.075, 0.005, 0.41500000000000004
2.085, 0.005, 0.41500000000000004
2.0949999999999998, 0.005, 0.41500000000000004
2.105, 0.005, 0.41500000000000004
2.115, 0.005, 0.41500000000000004
2.125, 0.005, 0.41500000000000004
2.135, 0.005, 0.41500000000000004
2.145, 0.005, 0.41500000000000004
2.1550000000000002, 0.005, 0.41500000000000004
2.165, 0.005, 0.41500000000000004
2.175, 0.005, 0.41500000000000004
2.185, 0.005, 0.41500000000000004
2.1950000000000003, 0.005, 0.41500000000000004
2.205, 0.005, 0.41500000000000004
2.215, 0.005, 0.41500000000000004
2.225, 0.005, 0.41500000000000004
2.2350000000000003, 0.005, 0.41500000000000004
2.245, 0.005, 0.41500000000000004
2.255, 0.005, 0.41500000000000004
2.265, 0.005, 0.41500000000000004
2.2750000000000004, 0.005, 0.41500000000000004
2.285, 0.005, 0.41500000000000004
2.295, 0.005, 0.41500000000000004
2.305, 0.005, 0.41500000000000004
2.315, 0.005, 0.41500000000000004
2.325, 0.005, 0.41500000000000004
2.335, 0.005, 0.41500000000000004
2.3449999999999998, 0.005, 0.41500000000000004
2.355, 0.005, 0.41500000000000004
2.365, 0.005, 0.41500000000000004
2.375, 0.005, 0.41500000000000004
2.385, 0.005, 0.41500000000000004
2.395, 0.005, 0.41500000000000004
2.4050000000000002, 0.005, 0.41500000000000004
2.415, 0.005, 0.41500000000000004
2.425, 0.005, 0.41500000000000004
2.435, 0.005, 0.41500000000000004
2.4450000000000003, 0.005, 0.41500000000000004
2.455, 0.005, 0.41500000000000004
2.465, 0.005, 0.41500000000000004
2.475, 0.005, 0.41500000000000004
2.4850000000000003, 0.005, 0.41500000000000004
2.495, 0.005, 0.41500000000000004
2.505, 0.005, 0.41500000000000004
2.515, 0.005, 0.41500000000000004
2.5250000000000004, 0.005, 0.41500000000000004
2.535, 0.005, 0.41500000000000004
2.545, 0.005, 0.41500000000000004
2.555, 0.005, 0.41500000000000004
2.565, 0.005, 0.41500000000000004
2.575, 0.005, 0.41500000000000004
2.585, 0.005, 0.41500000000000004
2.5949999999999998, 0.005, 0.41500000000000004
2.605, 0.005, 0.41500000000000004
2.615, 0.005, 0.41500000000000004
2.625, 0.005, 0.41500000000000004
2.635, 0.005, 0.41500000000000004
2.645, 0.005, 0.41500000000000004
2.6550000000000002, 0.005, 0.41500000000000004
2.665, 0.005, 0.41500000000000004
2.675, 0.005, 0.41500000000000004
2.685, 0.005, 0.41500000000000004
2.6950000000000003, 0.005, 0.41500000000000004
2.705, 0.005, 0.41500000000000004
2.715, 0.005, 0.41500000000000004
2.725, 0.005, 0.41500000000000004
2.7350000000000003, 0.005, 0.41500000000000004
2.745, 0.005, 0.41500000000000004
2.755, 0.005, 0.41500000000000004
2.765, 0.005, 0.41500000000000004
2.7750000000000004, 0.005, 0.41500000000000004
2.785, 0.005, 0.41500000000000004
2.795, 0.005, 0.41500000000000004
0.005, 0.005, 0.425
0.015, 0.005, 0.425
0.025, 0.005, 0.425
0.035, 0.005, 0.425
0.045, 0.005, 0.425
0.055, 0.005, 0.425
0.065, 0.005, 0.425
0.07500000000000001, 0.005, 0.425
0.08499999999999999, 0.005, 0.425
0.095, 0.005, 0.425
0.10500000000000001, 0.005, 0.425
0.11499999999999999, 0.005, 0.425
0.125, 0.005, 0.425
0.135, 0.005, 0.425
0.14500000000000002, 0.005, 0.425
0.155, 0.005, 0.425
0.165, 0.005, 0.425
0.175, 0.005, 0.425
0.185, 0.005, 0.425
0.195, 0.005, 0.425
0.20500000000000002, 0.005, 0.425
0.215, 0.005, 0.425
0.225, 0.005, 0.425
0.235, 0.005, 0.425
0.245, 0.005, 0.425
0.255, 0.005, 0.425
0.265, 0.005, 0.425
0.275, 0.005, 0.425
0.28500000000000003, 0.005, 0.425
0.295, 0.005, 0.425
0.305, 0.005, 0.425
0.315, 0.005, 0.425
0.325, 0.005, 0.425
0.335, 0.005, 0.425
0.34500000000000003, 0.005, 0.425
0.355, 0.005, 0.425
0.365, 0.005, 0.425
0.375, 0.005, 0.425
0.385, 0.005, 0.425
0.395, 0.005, 0.425
0.405, 0.005, 0.425
0.41500000000000004, 0.005, 0.425
0.425, 0.005, 0.425
0.435, 0.005, 0.425
0.445, 0.005, 0.425
0.455, 0.005, 0.425
0.465, 0.005, 0.425
0.475, 0.005, 0.425
0.485, 0.005, 0.425
0.495, 0.005, 0.425
0.505, 0.005, 0.425
0.515, 0.005, 0.425
0.525, 0.005, 0.425
0.535, 0.005, 0.425
0.545, 0.005, 0.425
0.555, 0.005, 0.425
0.5650000000000001, 0.005, 0.425
0.575, 0.005, 0.425
0.585, 0.005, 0.425
0.595, 0.005, 0.425
0.605, 0.005, 0.425
0.615, 0.005, 0.425
0.625, 0.005, 0.425
0.635, 0.005, 0.425
0.645, 0.005, 0.425
0.655, 0.005, 0.425
0.665, 0.005, 0.425
0.675, 0.005, 0.425
0.685, 0.005, 0.425
0.6950000000000001, 0.005, 0.425
0.7050000000000001, 0.005, 0.425
0.715, 0.005, 0.425
0.725, 0.005, 0.425
0.735, 0.005, 0.425
0.745, 0.005, 0.425
0.755, 0.005, 0.425
0.765, 0.005, 0.425
0.775, 0.005, 0.425
0.785, 0.005, 0.425
0.795, 0.005, 0.425
0.805, 0.005, 0.425
0.8150000000000001, 0.005, 0.425
0.8250000000000001, 0.005, 0.425
0.835, 0.005, 0.425
0.845, 0.005, 0.425
0.855, 0.005, 0.425
0.865, 0.005, 0.425
0.875, 0.005, 0.425
0.885, 0.005, 0.425
0.895, 0.005, 0.425
0.905, 0.005, 0.425
0.915, 0.005, 0.425
0.925, 0.005, 0.425
0.935, 0.005, 0.425
0.9450000000000001, 0.005, 0.425
0.9550000000000001, 0.005, 0.425
0.965, 0.005, 0.425
0.975, 0.005, 0.425
0.985, 0.005, 0.425
0.995, 0.005, 0.425
1.005, 0.005, 0.425
1.0150000000000001, 0.005, 0.425
1.025, 0.005, 0.425
1.0350000000000001, 0.005, 0.425
1.045, 0.005, 0.425
1.0550000000000002, 0.005, 0.425
1.065, 0.005, 0.425
1.0750000000000002, 0.005, 0.425
1.085, 0.005, 0.425
1.0950000000000002, 0.005, 0.425
1.105, 0.005, 0.425
1.1150000000000002, 0.005, 0.425
1.125, 0.005, 0.425
1.1350000000000002, 0.005, 0.425
1.145, 0.005, 0.425
1.155, 0.005, 0.425
1.165, 0.005, 0.425
1.1749999999999998, 0.005, 0.425
1.185, 0.005, 0.425
1.1949999999999998, 0.005, 0.425
1.205, 0.005, 0.425
1.2149999999999999, 0.005, 0.425
1.225, 0.005, 0.425
1.2349999999999999, 0.005, 0.425
1.245, 0.005, 0.425
1.255, 0.005, 0.425
1.2650000000000001, 0.005, 0.425
1.275, 0.005, 0.425
1.2850000000000001, 0.005, 0.425
1.295, 0.005, 0.425
1.3050000000000002, 0.005, 0.425
1.315, 0.005, 0.425
1.3250000000000002, 0.005, 0.425
1.335, 0.005, 0.425
1.3450000000000002, 0.005, 0.425
1.355, 0.005, 0.425
1.3650000000000002, 0.005, 0.425
1.375, 0.005, 0.425
1.3850000000000002, 0.005, 0.425
1.395, 0.005, 0.425
1.405, 0.005, 0.425
1.415, 0.005, 0.425
1.4249999999999998, 0.005, 0.425
1.435, 0.005, 0.425
1.4449999999999998, 0.005, 0.425
1.455, 0.005, 0.425
1.4649999999999999, 0.005, 0.425
1.475, 0.005, 0.425
1.4849999999999999, 0.005, 0.425
1.495, 0.005, 0.425
1.505, 0.005, 0.425
1.5150000000000001, 0.005, 0.425
1.525, 0.005, 0.425
1.5350000000000001, 0.005, 0.425
1.545, 0.005, 0.425
1.5550000000000002, 0.005, 0.425
1.565, 0.005, 0.425
1.5750000000000002, 0.005, 0.425
1.585, 0.005, 0.425
1.5950000000000002, 0.005, 0.425
1.605, 0.005, 0.425
1.6150000000000002, 0.005, 0.425
1.625, 0.005, 0.425
1.6350000000000002, 0.005, 0.425
1.645, 0.005, 0.425
1.6550000000000002, 0.005, 0.425
1.665, 0.005, 0.425
1.6749999999999998, 0.005, 0.425
1.685, 0.005, 0.425
1.6949999999999998, 0.005, 0.425
1.705, 0.005, 0.425
1.7149999999999999, 0.005, 0.425
1.725, 0.005, 0.425
1.7349999999999999, 0.005, 0.425
1.745, 0.005, 0.425
1.755, 0.005, 0.425
1.7650000000000001, 0.005, 0.425
1.775, 0.005, 0.425
1.7850000000000001, 0.005, 0.425
1.795, 0.005, 0.425
1.8050000000000002, 0.005, 0.425
1.815, 0.005, 0.425
1.8250000000000002, 0.005, 0.425
1.835, 0.005, 0.425
1.8450000000000002, 0.005, 0.425
1.855, 0.005, 0.425
1.8650000000000002, 0.005, 0.425
1.875, 0.005, 0.425
1.8850000000000002, 0.005, 0.425
1.895, 0.005, 0.425
1.9050000000000002, 0.005, 0.425
1.915, 0.005, 0.425
1.9249999999999998, 0.005, 0.425
1.935, 0.005, 0.425
1.9449999999999998, 0.005, 0.425
1.955, 0.005, 0.425
1.9649999999999999, 0.005, 0.425
1.975, 0.005, 0.425
1.9849999999999999, 0.005, 0.425
1.995, 0.005, 0.425
2.005, 0.005, 0.425
2.015, 0.005, 0.425
2.0250000000000004, 0.005, 0.425
2.035, 0.005, 0.425
2.045, 0.005, 0.425
2.0549999999999997, 0.005, 0.425
2.065, 0.005, 0.425
2.075, 0.005, 0.425
2.085, 0.005, 0.425
2.0949999999999998, 0.005, 0.425
2.105, 0.005, 0.425
2.115, 0.005, 0.425
2.125, 0.005, 0.425
2.135, 0.005, 0.425
2.145, 0.005, 0.425
2.1550000000000002, 0.005, 0.425
2.165, 0.005, 0.425
2.175, 0.005, 0.425
2.185, 0.005, 0.425
2.1950000000000003, 0.005, 0.425
2.205, 0.005, 0.425
2.215, 0.005, 0.425
2.225, 0.005, 0.425
2.2350000000000003, 0.005, 0.425
2.245, 0.005, 0.425
2.255, 0.005, 0.425
2.265, 0.005, 0.425
2.2750000000000004, 0.005, 0.425
2.285, 0.005, 0.425
2.295, 0.005, 0.425
2.305, 0.005, 0.425
2.315, 0.005, 0.425
2.325, 0.005, 0.425
2.335, 0.005, 0.425
2.3449999999999998, 0.005, 0.425
2.355, 0.005, 0.425
2.365, 0.005, 0.425
2.375, 0.005, 0.425
2.385, 0.005, 0.425
2.395, 0.005, 0.425
2.4050000000000002, 0.005, 0.425
2.415, 0.005, 0.425
2.425, 0.005, 0.425
2.435, 0.005, 0.425
2.4450000000000003, 0.005, 0.425
2.455, 0.005, 0.425
2.465, 0.005, 0.425
2.475, 0.005, 0.425
2.4850000000000003, 0.005, 0.425
2.495, 0.005, 0.425
2.505, 0.005, 0.425
2.515, 0.005, 0.425
2.5250000000000004, 0.005, 0.425
2.535, 0.005, 0.425
2.545, 0.005, 0.425
2.555, 0.005, 0.425
2.565, 0.005, 0.425
2.575, 0.005, 0.425
2.585, 0.005, 0.425
2.5949999999999998, 0.005, 0.425
2.605, 0.005, 0.425
2.615, 0.005, 0.425
2.625, 0.005, 0.425
2.635, 0.005, 0.425
2.645, 0.005, 0.425
2.6550000000000002, 0.005, 0.425
2.665, 0.005, 0.425
2.675, 0.005, 0.425
2.685, 0.005, 0.425
2.6950000000000003, 0.005, 0.425
2.705, 0.005, 0.425
2.715, 0.005, 0.425
2.725, 0.005, 0.425
2.7350000000000003, 0.005, 0.425
2.745, 0.005, 0.425
2.755, 0.005, 0.425
2.765, 0.005, 0.425
2.7750000000000004, 0.005, 0.425
2.785, 0.005, 0.425
2.795, 0.005, 0.425
0.005, 0.005, 0.435
0.015, 0.005, 0.435
0.025, 0.005, 0.435
0.035, 0.005, 0.435
0.045, 0.005, 0.435
0.055, 0.005, 0.435
0.065, 0.005, 0.435
0.07500000000000001, 0.005, 0.435
0.08499999999999999, 0.005, 0.435
0.095, 0.005, 0.435
0.10500000000000001, 0.005, 0.435
0.11499999999999999, 0.005, 0.435
0.125, 0.005, 0.435
0.135, 0.005, 0.435
0.14500000000000002, 0.005, 0.435
0.155, 0.005, 0.435
0.165, 0.005, 0.435
0.175, 0.005, 0.435
0.185, 0.005, 0.435
0.195, 0.005, 0.435
0.20500000000000002, 0.005, 0.435
0.215, 0.005, 0.435
0.225, 0.005, 0.435
0.235, 0.005, 0.435
0.245, 0.005, 0.435
0.255, 0.005, 0.435
0.265, 0.005, 0.435
0.275, 0.005, 0.435
0.28500000000000003, 0.005, 0.435
0.295, 0.005, 0.435
0.305, 0.005, 0.435
0.315, 0.005, 0.435
0.325, 0.005, 0.435
0.335, 0.005, 0.435
0.34500000000000003, 0.005, 0.435
0.355, 0.005, 0.435
0.365, 0.005, 0.435
0.375, 0.005, 0.435
0.385, 0.005, 0.435
0.395, 0.005, 0.435
0.405, 0.005, 0.435
0.41500000000000004, 0.005, 0.435
0.425, 0.005, 0.435
0.435, 0.005, 0.435
0.445, 0.005, 0.435
0.455, 0.005, 0.435
0.465, 0.005, 0.435
0.475, 0.005, 0.435
0.485, 0.005, 0.435
0.495, 0.005, 0.435
0.505, 0.005, 0.435
0.515, 0.005, 0.435
0.525, 0.005, 0.435
0.535, 0.005, 0.435
0.545, 0.005, 0.435
0.555, 0.005, 0.435
0.5650000000000001, 0.005, 0.435
0.575, 0.005, 0.435
0.585, 0.005, 0.435
0.595, 0.005, 0.435
0.605, 0.005, 0.435
0.615, 0.005, 0.435
0.625, 0.005, 0.435
0.635, 0.005, 0.435
0.645, 0.005, 0.435
0.655, 0.005, 0.435
0.665, 0.005, 0.435
0.675, 0.005, 0.435
0.685, 0.005, 0.435
0.6950000000000001, 0.005, 0.435
0.7050000000000001, 0.005, 0.435
0.715, 0.005, 0.435
0.725, 0.005, 0.435
0.735, 0.005, 0.435
0.745, 0.005, 0.435
0.755, 0.005, 0.435
0.765, 0.005, 0.435
0.775, 0.005, 0.435
0.785, 0.005, 0.435
0.795, 0.005, 0.435
0.805, 0.005, 0.435
0.8150000000000001, 0.005, 0.435
0.8250000000000001, 0.005, 0.435
0.835, 0.005, 0.435
0.845, 0.005, 0.435
0.855, 0.005, 0.435
0.865, 0.005, 0.435
0.875, 0.005, 0.435
0.885, 0.005, 0.435
0.895, 0.005, 0.435
0.905, 0.005, 0.435
0.915, 0.005, 0.435
0.925, 0.005, 0.435
0.935, 0.005, 0.435
0.9450000000000001, 0.005, 0.435
0.9550000000000001, 0.005, 0.435
0.965, 0.005, 0.435
0.975, 0.005, 0.435
0.985, 0.005, 0.435
0.995, 0.005, 0.435
1.005, 0.005, 0.435
1.0150000000000001, 0.005, 0.435
1.025, 0.005, 0.435
1.0350000000000001, 0.005, 0.435
1.045, 0.005, 0.435
1.0550000000000002, 0.005, 0.435
1.065, 0.005, 0.435
1.0750000000000002, 0.005, 0.435
1.085, 0.005, 0.435
1.0950000000000002, 0.005, 0.435
1.105, 0.005, 0.435
1.1150000000000002, 0.005, 0.435
1.125, 0.005, 0.435
1.1350000000000002, 0.005, 0.435
1.145, 0.005, 0.435
1.155, 0.005, 0.435
1.165, 0.005, 0.435
1.1749999999999998, 0.005, 0.435
1.185, 0.005, 0.435
1.1949999999999998, 0.005, 0.435
1.205, 0.005, 0.435
1.2149999999999999, 0.005, 0.435
1.225, 0.005, 0.435
1.2349999999999999, 0.005, 0.435
1.245, 0.005, 0.435
1.255, 0.005, 0.435
1.2650000000000001, 0.005, 0.435
1.275, 0.005, 0.435
1.2850000000000001, 0.005, 0.435
1.295, 0.005, 0.435
1.3050000000000002, 0.005, 0.435
1.315, 0.005, 0.435
1.3250000000000002, 0.005, 0.435
1.335, 0.005, 0.435
1.3450000000000002, 0.005, 0.435
1.355, 0.005, 0.435
1.3650000000000002, 0.005, 0.435
1.375, 0.005, 0.435
1.3850000000000002, 0.005, 0.435
1.395, 0.005, 0.435
1.405, 0.005, 0.435
1.415, 0.005, 0.435
1.4249999999999998, 0.005, 0.435
1.435, 0.005, 0.435
1.4449999999999998, 0.005, 0.435
1.455, 0.005, 0.435
1.4649999999999999, 0.005, 0.435
1.475, 0.005, 0.435
1.4849999999999999, 0.005, 0.435
1.495, 0.005, 0.435
1.505, 0.005, 0.435
1.5150000000000001, 0.005, 0.435
1.525, 0.005, 0.435
1.5350000000000001, 0.005, 0.435
1.545, 0.005, 0.435
1.5550000000000002, 0.005, 0.435
1.565, 0.005, 0.435
1.5750000000000002, 0.005, 0.435
1.585, 0.005, 0.435
1.5950000000000002, 0.005, 0.435
1.605, 0.005, 0.435
1.6150000000000002, 0.005, 0.435
1.625, 0.005, 0.435
1.6350000000000002, 0.005, 0.435
1.645, 0.005, 0.435
1.6550000000000002, 0.005, 0.435
1.665, 0.005, 0.435
1.6749999999999998, 0.005, 0.435
1.685, 0.005, 0.435
1.6949999999999998, 0.005, 0.435
1.705, 0.005, 0.435
1.7149999999999999, 0.005, 0.435
1.725, 0.005, 0.435
1.7349999999999999, 0.005, 0.435
1.745, 0.005, 0.435
1.755, 0.005, 0.435
1.7650000000000001, 0.005, 0.435
1.775, 0.005, 0.435
1.7850000000000001, 0.005, 0.435
1.795, 0.005, 0.435
1.8050000000000002, 0.005, 0.435
1.815, 0.005, 0.435
1.8250000000000002, 0.005, 0.435
1.835, 0.005, 0.435
1.8450000000000002, 0.005, 0.435
1.855, 0.005, 0.435
1.8650000000000002, 0.005, 0.435
1.875, 0.005, 0.435
1.8850000000000002, 0.005, 0.435
1.895, 0.005, 0.435
1.9050000000000002, 0.005, 0.435
1.915, 0.005, 0.435
1.9249999999999998, 0.005, 0.435
1.935, 0.005, 0.435
1.9449999999999998, 0.005, 0.435
1.955, 0.005, 0.435
1.9649999999999999, 0.005, 0.435
1.975, 0.005, 0.435
1.9849999999999999, 0.005, 0.435
1.995, 0.005, 0.435
2.005, 0.005, 0.435
2.015, 0.005, 0.435
2.0250000000000004, 0.005, 0.435
2.035, 0.005, 0.435
2.045, 0.005, 0.435
2.0549999999999997, 0.005, 0.435
2.065, 0.005, 0.435
2.075, 0.005, 0.435
2.085, 0.005, 0.435
2.0949999999999998, 0.005, 0.435
2.105, 0.005, 0.435
2.115, 0.005, 0.435
2.125, 0.005, 0.435
2.135, 0.005, 0.435
2.145, 0.005, 0.435
2.1550000000000002, 0.005, 0.435
2.165, 0.005, 0.435
2.175, 0.005, 0.435
2.185, 0.005, 0.435
2.1950000000000003, 0.005, 0.435
2.205, 0.005, 0.435
2.215, 0.005, 0.435
2.225, 0.005, 0.435
2.2350000000000003, 0.005, 0.435
2.245, 0.005, 0.435
2.255, 0.005, 0.435
2.265, 0.005, 0.435
2.2750000000000004, 0.005, 0.435
2.285, 0.005, 0.435
2.295, 0.005, 0.435
2.305, 0.005, 0.435
2.315, 0.005, 0.435
2.325, 0.005, 0.435
2.335, 0.005, 0.435
2.3449999999999998, 0.005, 0.435
2.355, 0.005, 0.435
2.365, 0.005, 0.435
2.375, 0.005, 0.435
2.385, 0.005, 0.435
2.395, 0.005, 0.435
2.4050000000000002, 0.005, 0.435
2.415, 0.005, 0.435
2.425, 0.005, 0.435
2.435, 0.005, 0.435
2.4450000000000003, 0.005, 0.435
2.455, 0.005, 0.435
2.465, 0.005, 0.435
2.475, 0.005, 0.435
2.4850000000000003, 0.005, 0.435
2.495, 0.005, 0.435
2.505, 0.005, 0.435
2.515, 0.005, 0.435
2.5250000000000004, 0.005, 0.435
2.535, 0.005, 0.435
2.545, 0.005, 0.435
2.555, 0.005, 0.435
2.565, 0.005, 0.435
2.575, 0.005, 0.435
2.585, 0.005, 0.435
2.5949999999999998, 0.005, 0.435
2.605, 0.005, 0.435
2.615, 0.005, 0.435
2.625, 0.005, 0.435
2.635, 0.005, 0.435
2.645, 0.005, 0.435
2.6550000000000002, 0.005, 0.435
2.665, 0.005, 0.435
2.675, 0.005, 0.435
2.685, 0.005, 0.435
2.6950000000000003, 0.005, 0.435
2.705, 0.005, 0.435
2.715, 0.005, 0.435
2.725, 0.005, 0.435
2.7350000000000003, 0.005, 0.435
2.745, 0.005, 0.435
2.755, 0.005, 0.435
2.765, 0.005, 0.435
2.7750000000000004, 0.005, 0.435
2.785, 0.005, 0.435
2.795, 0.005, 0.435
0.005, 0.005, 0.445
0.015, 0.005, 0.445
0.025, 0.005, 0.445
0.035, 0.005, 0.445
0.045, 0.005, 0.445
0.055, 0.005, 0.445
0.065, 0.005, 0.445
0.07500000000000001, 0.005, 0.445
0.08499999999999999, 0.005, 0.445
0.095, 0.005, 0.445
0.10500000000000001, 0.005, 0.445
0.11499999999999999, 0.005, 0.445
0.125, 0.005, 0.445
0.135, 0.005, 0.445
0.14500000000000002, 0.005, 0.445
0.155, 0.005, 0.445
0.165, 0.005, 0.445
0.175, 0.005, 0.445
0.185, 0.005, 0.445
0.195, 0.005, 0.445
0.20500000000000002, 0.005, 0.445
0.215, 0.005, 0.445
0.225, 0.005, 0.445
0.235, 0.005, 0.445
0.245, 0.005, 0.445
0.255, 0.005, 0.445
0.265, 0.005, 0.445
0.275, 0.005, 0.445
0.28500000000000003, 0.005, 0.445
0.295, 0.005, 0.445
0.305, 0.005, 0.445
0.315, 0.005, 0.445
0.325, 0.005, 0.445
0.335, 0.005, 0.445
0.34500000000000003, 0.005, 0.445
0.355, 0.005, 0.445
0.365, 0.005, 0.445
0.375, 0.005, 0.445
0.385, 0.005, 0.445
0.395, 0.005, 0.445
0.405, 0.005, 0.445
0.41500000000000004, 0.005, 0.445
0.425, 0.005, 0.445
0.435, 0.005, 0.445
0.445, 0.005, 0.445
0.455, 0.005, 0.445
0.465, 0.005, 0.445
0.475, 0.005, 0.445
0.485, 0.005, 0.445
0.495, 0.005, 0.445
0.505, 0.005, 0.445
0.515, 0.005, 0.445
0.525, 0.005, 0.445
0.535, 0.005, 0.445
0.545, 0.005, 0.445
0.555, 0.005, 0.445
0.5650000000000001, 0.005, 0.445
0.575, 0.005, 0.445
0.585, 0.005, 0.445
0.595, 0.005, 0.445
0.605, 0.005, 0.445
0.615, 0.005, 0.445
0.625, 0.005, 0.445
0.635, 0.005, 0.445
0.645, 0.005, 0.445
0.655, 0.005, 0.445
0.665, 0.005, 0.445
0.675, 0.005, 0.445
0.685, 0.005, 0.445
0.6950000000000001, 0.005, 0.445
0.7050000000000001, 0.005, 0.445
0.715, 0.005, 0.445
0.725, 0.005, 0.445
0.735, 0.005, 0.445
0.745, 0.005, 0.445
0.755, 0.005, 0.445
0.765, 0.005, 0.445
0.775, 0.005, 0.445
0.785, 0.005, 0.445
0.795, 0.005, 0.445
0.805, 0.005, 0.445
0.8150000000000001, 0.005, 0.445
0.8250000000000001, 0.005, 0.445
0.835, 0.005, 0.445
0.845, 0.005, 0.445
0.855, 0.005, 0.445
0.865, 0.005, 0.445
0.875, 0.005, 0.445
0.885, 0.005, 0.445
0.895, 0.005, 0.445
0.905, 0.005, 0.445
0.915, 0.005, 0.445
0.925, 0.005, 0.445
0.935, 0.005, 0.445
0.9450000000000001, 0.005, 0.445
0.9550000000000001, 0.005, 0.445
0.965, 0.005, 0.445
0.975, 0.005, 0.445
0.985, 0.005, 0.445
0.995, 0.005, 0.445
1.005, 0.005, 0.445
1.0150000000000001, 0.005, 0.445
1.025, 0.005, 0.445
1.0350000000000001, 0.005, 0.445
1.045, 0.005, 0.445
1.0550000000000002, 0.005, 0.445
1.065, 0.005, 0.445
1.0750000000000002, 0.005, 0.445
1.085, 0.005, 0.445
1.0950000000000002, 0.005, 0.445
1.105, 0.005, 0.445
1.1150000000000002, 0.005, 0.445
1.125, 0.005, 0.445
1.1350000000000002, 0.005, 0.445
1.145, 0.005, 0.445
1.155, 0.005, 0.445
1.165, 0.005, 0.445
1.1749999999999998, 0.005, 0.445
1.185, 0.005, 0.445
1.1949999999999998, 0.005, 0.445
1.205, 0.005, 0.445
1.2149999999999999, 0.005, 0.445
1.225, 0.005, 0.445
1.2349999999999999, 0.005, 0.445
1.245, 0.005, 0.445
1.255, 0.005, 0.445
1.2650000000000001, 0.005, 0.445
1.275, 0.005, 0.445
1.2850000000000001, 0.005, 0.445
1.295, 0.005, 0.445
1.3050000000000002, 0.005, 0.445
1.315, 0.005, 0.445
1.3250000000000002, 0.005, 0.445
1.335, 0.005, 0.445
1.3450000000000002, 0.005, 0.445
1.355, 0.005, 0.445
1.3650000000000002, 0.005, 0.445
1.375, 0.005, 0.445
1.3850000000000002, 0.005, 0.445
1.395, 0.005, 0.445
1.405, 0.005, 0.445
1.415, 0.005, 0.445
1.4249999999999998, 0.005, 0.445
1.435, 0.005, 0.445
1.4449999999999998, 0.005, 0.445
1.455, 0.005, 0.445
1.4649999999999999, 0.005, 0.445
1.475, 0.005, 0.445
1.4849999999999999, 0.005, 0.445
1.495, 0.005, 0.445
1.505, 0.005, 0.445
1.5150000000000001, 0.005, 0.445
1.525, 0.005, 0.445
1.5350000000000001, 0.005, 0.445
1.545, 0.005, 0.445
1.5550000000000002, 0.005, 0.445
1.565, 0.005, 0.445
1.5750000000000002, 0.005, 0.445
1.585, 0.005, 0.445
1.5950000000000002, 0.005, 0.445
1.605, 0.005, 0.445
1.6150000000000002, 0.005, 0.445
1.625, 0.005, 0.445
1.6350000000000002, 0.005, 0.445
1.645, 0.005, 0.445
1.6550000000000002, 0.005, 0.445
1.665, 0.005, 0.445
1.6749999999999998, 0.005, 0.445
1.685, 0.005, 0.445
1.6949999999999998, 0.005, 0.445
1.705, 0.005, 0.445
1.7149999999999999, 0.005, 0.445
1.725, 0.005, 0.445
1.7349999999999999, 0.005, 0.445
1.745, 0.005, 0.445
1.755, 0.005, 0.445
1.7650000000000001, 0.005, 0.445
1.775, 0.005, 0.445
1.7850000000000001, 0.005, 0.445
1.795, 0.005, 0.445
1.8050000000000002, 0.005, 0.445
1.815, 0.005, 0.445
1.8250000000000002, 0.005, 0.445
1.835, 0.005, 0.445
1.8450000000000002, 0.005, 0.445
1.855, 0.005, 0.445
1.8650000000000002, 0.005, 0.445
1.875, 0.005, 0.445
1.8850000000000002, 0.005, 0.445
1.895, 0.005, 0.445
1.9050000000000002, 0.005, 0.445
1.915, 0.005, 0.445
1.9249999999999998, 0.005, 0.445
1.935, 0.005, 0.445
1.9449999999999998, 0.005, 0.445
1.955, 0.005, 0.445
1.9649999999999999, 0.005, 0.445
1.975, 0.005, 0.445
1.9849999999999999, 0.005, 0.445
1.995, 0.005, 0.445
2.005, 0.005, 0.445
2.015, 0.005, 0.445
2.0250000000000004, 0.005, 0.445
2.035, 0.005, 0.445
2.045, 0.005, 0.445
2.0549999999999997, 0.005, 0.445
2.065, 0.005, 0.445
2.075, 0.005, 0.445
2.085, 0.005, 0.445
2.0949999999999998, 0.005, 0.445
2.105, 0.005, 0.445
2.115, 0.005, 0.445
2.125, 0.005, 0.445
2.135, 0.005, 0.445
2.145, 0.005, 0.445
2.1550000000000002, 0.005, 0.445
2.165, 0.005, 0.445
2.175, 0.005, 0.445
2.185, 0.005, 0.445
2.1950000000000003, 0.005, 0.445
2.205, 0.005, 0.445
2.215, 0.005, 0.445
2.225, 0.005, 0.445
2.2350000000000003, 0.005, 0.445
2.245, 0.005, 0.445
2.255, 0.005, 0.445
2.265, 0.005, 0.445
2.2750000000000004, 0.005, 0.445
2.285, 0.005, 0.445
2.295, 0.005, 0.445
2.305, 0.005, 0.445
2.315, 0.005, 0.445
2.325, 0.005, 0.445
2.335, 0.005, 0.445
2.3449999999999998, 0.005, 0.445
2.355, 0.005, 0.445
2.365, 0.005, 0.445
2.375, 0.005, 0.445
2.385, 0.005, 0.445
2.395, 0.005, 0.445
2.4050000000000002, 0.005, 0.445
2.415, 0.005, 0.445
2.425, 0.005, 0.445
2.435, 0.005, 0.445
2.4450000000000003, 0.005, 0.445
2.455, 0.005, 0.445
2.465, 0.005, 0.445
2.475, 0.005, 0.445
2.4850000000000003, 0.005, 0.445
2.495, 0.005, 0.445
2.505, 0.005, 0.445
2.515, 0.005, 0.445
2.5250000000000004, 0.005, 0.445
2.535, 0.005, 0.445
2.545, 0.005, 0.445
2.555, 0.005, 0.445
2.565, 0.005, 0.445
2.575, 0.005, 0.445
2.585, 0.005, 0.445
2.5949999999999998, 0.005, 0.445
2.605, 0.005, 0.445
2.615, 0.005, 0.445
2.625, 0.005, 0.445
2.635, 0.005, 0.445
2.645, 0.005, 0.445
2.6550000000000002, 0.005, 0.445
2.665, 0.005, 0.445
2.675, 0.005, 0.445
2.685, 0.005, 0.445
2.6950000000000003, 0.005, 0.445
2.705, 0.005, 0.445
2.715, 0.005, 0.445
2.725, 0.005, 0.445
2.7350000000000003, 0.005, 0.445
2.745, 0.005, 0.445
2.755, 0.005, 0.445
2.765, 0.005, 0.445
2.7750000000000004, 0.005, 0.445
2.785, 0.005, 0.445
2.795, 0.005, 0.445
0.005, 0.005, 0.455
0.015, 0.005, 0.455
0.025, 0.005, 0.455
0.035, 0.005, 0.455
0.045, 0.005, 0.455
0.055, 0.005, 0.455
0.065, 0.005, 0.455
0.07500000000000001, 0.005, 0.455
0.08499999999999999, 0.005, 0.455
0.095, 0.005, 0.455
0.10500000000000001, 0.005, 0.455
0.11499999999999999, 0.005, 0.455
0.125, 0.005, 0.455
0.135, 0.005, 0.455
0.14500000000000002, 0.005, 0.455
0.155, 0.005, 0.455
0.165, 0.005, 0.455
0.175, 0.005, 0.455
0.185, 0.005, 0.455
0.195, 0.005, 0.455
0.20500000000000002, 0.005, 0.455
0.215, 0.005, 0.455
0.225, 0.005, 0.455
0.235, 0.005, 0.455
0.245, 0.005, 0.455
0.255, 0.005, 0.455
0.265, 0.005, 0.455
0.275, 0.005, 0.455
0.28500000000000003, 0.005, 0.455
0.295, 0.005, 0.455
0.305, 0.005, 0.455
0.315, 0.005, 0.455
0.325, 0.005, 0.455
0.335, 0.005, 0.455
0.34500000000000003, 0.005, 0.455
0.355, 0.005, 0.455
0.365, 0.005, 0.455
0.375, 0.005, 0.455
0.385, 0.005, 0.455
0.395, 0.005, 0.455
0.405, 0.005, 0.455
0.41500000000000004, 0.005, 0.455
0.425, 0.005, 0.455
0.435, 0.005, 0.455
0.445, 0.005, 0.455
0.455, 0.005, 0.455
0.465, 0.005, 0.455
0.475, 0.005, 0.455
0.485, 0.005, 0.455
0.495, 0.005, 0.455
0.505, 0.005, 0.455
0.515, 0.005, 0.455
0.525, 0.005, 0.455
0.535, 0.005, 0.455
0.545, 0.005, 0.455
0.555, 0.005, 0.455
0.5650000000000001, 0.005, 0.455
0.575, 0.005, 0.455
0.585, 0.005, 0.455
0.595, 0.005, 0.455
0.605, 0.005, 0.455
0.615, 0.005, 0.455
0.625, 0.005, 0.455
0.635, 0.005, 0.455
0.645, 0.005, 0.455
0.655, 0.005, 0.455
0.665, 0.005, 0.455
0.675, 0.005, 0.455
0.685, 0.005, 0.455
0.6950000000000001, 0.005, 0.455
0.7050000000000001, 0.005, 0.455
0.715, 0.005, 0.455
0.725, 0.005, 0.455
0.735, 0.005, 0.455
0.745, 0.005, 0.455
0.755, 0.005, 0.455
0.765, 0.005, 0.455
0.775, 0.005, 0.455
0.785, 0.005, 0.455
0.795, 0.005, 0.455
0.805, 0.005, 0.455
0.8150000000000001, 0.005, 0.455
0.8250000000000001, 0.005, 0.455
0.835, 0.005, 0.455
0.845, 0.005, 0.455
0.855, 0.005, 0.455
0.865, 0.005, 0.455
0.875, 0.005, 0.455
0.885, 0.005, 0.455
0.895, 0.005, 0.455
0.905, 0.005, 0.455
0.915, 0.005, 0.455
0.925, 0.005, 0.455
0.935, 0.005, 0.455
0.9450000000000001, 0.005, 0.455
0.9550000000000001, 0.005, 0.455
0.965, 0.005, 0.455
0.975, 0.005, 0.455
0.985, 0.005, 0.455
0.995, 0.005, 0.455
1.005, 0.005, 0.455
1.0150000000000001, 0.005, 0.455
1.025, 0.005, 0.455
1.0350000000000001, 0.005, 0.455
1.045, 0.005, 0.455
1.0550000000000002, 0.005, 0.455
1.065, 0.005, 0.455
1.0750000000000002, 0.005, 0.455
1.085, 0.005, 0.455
1.0950000000000002, 0.005, 0.455
1.105, 0.005, 0.455
1.1150000000000002, 0.005, 0.455
1.125, 0.005, 0.455
1.1350000000000002, 0.005, 0.455
1.145, 0.005, 0.455
1.155, 0.005, 0.455
1.165, 0.005, 0.455
1.1749999999999998, 0.005, 0.455
1.185, 0.005, 0.455
1.1949999999999998, 0.005, 0.455
1.205, 0.005, 0.455
1.2149999999999999, 0.005, 0.455
1.225, 0.005, 0.455
1.2349999999999999, 0.005, 0.455
1.245, 0.005, 0.455
1.255, 0.005, 0.455
1.2650000000000001, 0.005, 0.455
1.275, 0.005, 0.455
1.2850000000000001, 0.005, 0.455
1.295, 0.005, 0.455
1.3050000000000002, 0.005, 0.455
1.315, 0.005, 0.455
1.3250000000000002, 0.005, 0.455
1.335, 0.005, 0.455
1.3450000000000002, 0.005, 0.455
1.355, 0.005, 0.455
1.3650000000000002, 0.005, 0.455
1.375, 0.005, 0.455
1.3850000000000002, 0.005, 0.455
1.395, 0.005, 0.455
1.405, 0.005, 0.455
1.415, 0.005, 0.455
1.4249999999999998, 0.005, 0.455
1.435, 0.005, 0.455
1.4449999999999998, 0.005, 0.455
1.455, 0.005, 0.455
1.4649999999999999, 0.005, 0.455
1.475, 0.005, 0.455
1.4849999999999999, 0.005, 0.455
1.495, 0.005, 0.455
1.505, 0.005, 0.455
1.5150000000000001, 0.005, 0.455
1.525, 0.005, 0.455
1.5350000000000001, 0.005, 0.455
1.545, 0.005, 0.455
1.5550000000000002, 0.005, 0.455
1.565, 0.005, 0.455
1.5750000000000002, 0.005, 0.455
1.585, 0.005, 0.455
1.5950000000000002, 0.005, 0.455
1.605, 0.005, 0.455
1.6150000000000002, 0.005, 0.455
1.625, 0.005, 0.455
1.6350000000000002, 0.005, 0.455
1.645, 0.005, 0.455
1.6550000000000002, 0.005, 0.455
1.665, 0.005, 0.455
1.6749999999999998, 0.005, 0.455
1.685, 0.005, 0.455
1.6949999999999998, 0.005, 0.455
1.705, 0.005, 0.455
1.7149999999999999, 0.005, 0.455
1.725, 0.005, 0.455
1.7349999999999999, 0.005, 0.455
1.745, 0.005, 0.455
1.755, 0.005, 0.455
1.7650000000000001, 0.005, 0.455
1.775, 0.005, 0.455
1.7850000000000001, 0.005, 0.455
1.795, 0.005, 0.455
1.8050000000000002, 0.005, 0.455
1.815, 0.005, 0.455
1.8250000000000002, 0.005, 0.455
1.835, 0.005, 0.455
1.8450000000000002, 0.005, 0.455
1.855, 0.005, 0.455
1.8650000000000002, 0.005, 0.455
1.875, 0.005, 0.455
1.8850000000000002, 0.005, 0.455
1.895, 0.005, 0.455
1.9050000000000002, 0.005, 0.455
1.915, 0.005, 0.455
1.9249999999999998, 0.005, 0.455
1.935, 0.005, 0.455
1.9449999999999998, 0.005, 0.455
1.955, 0.005, 0.455
1.9649999999999999, 0.005, 0.455
1.975, 0.005, 0.455
1.9849999999999999, 0.005, 0.455
1.995, 0.005, 0.455
2.005, 0.005, 0.455
2.015, 0.005, 0.455
2.0250000000000004, 0.005, 0.455
2.035, 0.005, 0.455
2.045, 0.005, 0.455
2.0549999999999997, 0.005, 0.455
2.065, 0.005, 0.455
2.075, 0.005, 0.455
2.085, 0.005, 0.455
2.0949999999999998, 0.005, 0.455
2.105, 0.005, 0.455
2.115, 0.005, 0.455
2.125, 0.005, 0.455
2.135, 0.005, 0.455
2.145, 0.005, 0.455
2.1550000000000002, 0.005, 0.455
2.165, 0.005, 0.455
2.175, 0.005, 0.455
2.185, 0.005, 0.455
2.1950000000000003, 0.005, 0.455
2.205, 0.005, 0.455
2.215, 0.005, 0.455
2.225, 0.005, 0.455
2.2350000000000003, 0.005, 0.455
2.245, 0.005, 0.455
2.255, 0.005, 0.455
2.265, 0.005, 0.455
2.2750000000000004, 0.005, 0.455
2.285, 0.005, 0.455
2.295, 0.005, 0.455
2.305, 0.005, 0.455
2.315, 0.005, 0.455
2.325, 0.005, 0.455
2.335, 0.005, 0.455
2.3449999999999998, 0.005, 0.455
2.355, 0.005, 0.455
2.365, 0.005, 0.455
2.375, 0.005, 0.455
2.385, 0.005, 0.455
2.395, 0.005, 0.455
2.4050000000000002, 0.005, 0.455
2.415, 0.005, 0.455
2.425, 0.005, 0.455
2.435, 0.005, 0.455
2.4450000000000003, 0.005, 0.455
2.455, 0.005, 0.455
2.465, 0.005, 0.455
2.475, 0.005, 0.455
2.4850000000000003, 0.005, 0.455
2.495, 0.005, 0.455
2.505, 0.005, 0.455
2.515, 0.005, 0.455
2.5250000000000004, 0.005, 0.455
2.535, 0.005, 0.455
2.545, 0.005, 0.455
2.555, 0.005, 0.455
2.565, 0.005, 0.455
2.575, 0.005, 0.455
2.585, 0.005, 0.455
2.5949999999999998, 0.005, 0.455
2.605, 0.005, 0.455
2.615, 0.005, 0.455
2.625, 0.005, 0.455
2.635, 0.005, 0.455
2.645, 0.005, 0.455
2.6550000000000002, 0.005, 0.455
2.665, 0.005, 0.455
2.675, 0.005, 0.455
2.685, 0.005, 0.455
2.6950000000000003, 0.005, 0.455
2.705, 0.005, 0.455
2.715, 0.005, 0.455
2.725, 0.005, 0.455
2.7350000000000003, 0.005, 0.455
2.745, 0.005, 0.455
2.755, 0.005, 0.455
2.765, 0.005, 0.455
2.7750000000000004, 0.005, 0.455
2.785, 0.005, 0.455
2.795, 0.005, 0.455
0.005, 0.005, 0.465
0.015, 0.005, 0.465
0.025, 0.005, 0.465
0.035, 0.005, 0.465
0.045, 0.005, 0.465
0.055, 0.005, 0.465
0.065, 0.005, 0.465
0.07500000000000001, 0.005, 0.465
0.08499999999999999, 0.005, 0.465
0.095, 0.005, 0.465
0.10500000000000001, 0.005, 0.465
0.11499999999999999, 0.005, 0.465
0.125, 0.005, 0.465
0.135, 0.005, 0.465
0.14500000000000002, 0.005, 0.465
0.155, 0.005, 0.465
0.165, 0.005, 0.465
0.175, 0.005, 0.465
0.185, 0.005, 0.465
0.195, 0.005, 0.465
0.20500000000000002, 0.005, 0.465
0.215, 0.005, 0.465
0.225, 0.005, 0.465
0.235, 0.005, 0.465
0.245, 0.005, 0.465
0.255, 0.005, 0.465
0.265, 0.005, 0.465
0.275, 0.005, 0.465
0.28500000000000003, 0.005, 0.465
0.295, 0.005, 0.465
0.305, 0.005, 0.465
0.315, 0.005, 0.465
0.325, 0.005, 0.465
0.335, 0.005, 0.465
0.34500000000000003, 0.005, 0.465
0.355, 0.005, 0.465
0.365, 0.005, 0.465
0.375, 0.005, 0.465
0.385, 0.005, 0.465
0.395, 0.005, 0.465
0.405, 0.005, 0.465
0.41500000000000004, 0.005, 0.465
0.425, 0.005, 0.465
0.435, 0.005, 0.465
0.445, 0.005, 0.465
0.455, 0.005, 0.465
0.465, 0.005, 0.465
0.475, 0.005, 0.465
0.485, 0.005, 0.465
0.495, 0.005, 0.465
0.505, 0.005, 0.465
0.515, 0.005, 0.465
0.525, 0.005, 0.465
0.535, 0.005, 0.465
0.545, 0.005, 0.465
0.555, 0.005, 0.465
0.5650000000000001, 0.005, 0.465
0.575, 0.005, 0.465
0.585, 0.005, 0.465
0.595, 0.005, 0.465
0.605, 0.005, 0.465
0.615, 0.005, 0.465
0.625, 0.005, 0.465
0.635, 0.005, 0.465
0.645, 0.005, 0.465
0.655, 0.005, 0.465
0.665, 0.005, 0.465
0.675, 0.005, 0.465
0.685, 0.005, 0.465
0.6950000000000001, 0.005, 0.465
0.7050000000000001, 0.005, 0.465
0.715, 0.005, 0.465
0.725, 0.005, 0.465
0.735, 0.005, 0.465
0.745, 0.005, 0.465
0.755, 0.005, 0.465
0.765, 0.005, 0.465
0.775, 0.005, 0.465
0.785, 0.005, 0.465
0.795, 0.005, 0.465
0.805, 0.005, 0.465
0.8150000000000001, 0.005, 0.465
0.8250000000000001, 0.005, 0.465
0.835, 0.005, 0.465
0.845, 0.005, 0.465
0.855, 0.005, 0.465
0.865, 0.005, 0.465
0.875, 0.005, 0.465
0.885, 0.005, 0.465
0.895, 0.005, 0.465
0.905, 0.005, 0.465
0.915, 0.005, 0.465
0.925, 0.005, 0.465
0.935, 0.005, 0.465
0.9450000000000001, 0.005, 0.465
0.9550000000000001, 0.005, 0.465
0.965, 0.005, 0.465
0.975, 0.005, 0.465
0.985, 0.005, 0.465
0.995, 0.005, 0.465
1.005, 0.005, 0.465
1.0150000000000001, 0.005, 0.465
1.025, 0.005, 0.465
1.0350000000000001, 0.005, 0.465
1.045, 0.005, 0.465
1.0550000000000002, 0.005, 0.465
1.065, 0.005, 0.465
1.0750000000000002, 0.005, 0.465
1.085, 0.005, 0.465
1.0950000000000002, 0.005, 0.465
1.105, 0.005, 0.465
1.1150000000000002, 0.005, 0.465
1.125, 0.005, 0.465
1.1350000000000002, 0.005, 0.465
1.145, 0.005, 0.465
1.155, 0.005, 0.465
1.165, 0.005, 0.465
1.1749999999999998, 0.005, 0.465
1.185, 0.005, 0.465
1.1949999999999998, 0.005, 0.465
1.205, 0.005, 0.465
1.2149999999999999, 0.005, 0.465
1.225, 0.005, 0.465
1.2349999999999999, 0.005, 0.465
1.245, 0.005, 0.465
1.255, 0.005, 0.465
1.2650000000000001, 0.005, 0.465
1.275, 0.005, 0.465
1.2850000000000001, 0.005, 0.465
1.295, 0.005, 0.465
1.3050000000000002, 0.005, 0.465
1.315, 0.005, 0.465
1.3250000000000002, 0.005, 0.465
1.335, 0.005, 0.465
1.3450000000000002, 0.005, 0.465
1.355, 0.005, 0.465
1.3650000000000002, 0.005, 0.465
1.375, 0.005, 0.465
1.3850000000000002, 0.005, 0.465
1.395, 0.005, 0.465
1.405, 0.005, 0.465
1.415, 0.005, 0.465
1.4249999999999998, 0.005, 0.465
1.435, 0.005, 0.465
1.4449999999999998, 0.005, 0.465
1.455, 0.005, 0.465
1.4649999999999999, 0.005, 0.465
1.475, 0.005, 0.465
1.4849999999999999, 0.005, 0.465
1.495, 0.005, 0.465
1.505, 0.005, 0.465
1.5150000000000001, 0.005, 0.465
1.525, 0.005, 0.465
1.5350000000000001, 0.005, 0.465
1.545, 0.005, 0.465
1.5550000000000002, 0.005, 0.465
1.565, 0.005, 0.465
1.5750000000000002, 0.005, 0.465
1.585, 0.005, 0.465
1.5950000000000002, 0.005, 0.465
1.605, 0.005, 0.465
1.6150000000000002, 0.005, 0.465
1.625, 0.005, 0.465
1.6350000000000002, 0.005, 0.465
1.645, 0.005, 0.465
1.6550000000000002, 0.005, 0.465
1.665, 0.005, 0.465
1.6749999999999998, 0.005, 0.465
1.685, 0.005, 0.465
1.6949999999999998, 0.005, 0.465
1.705, 0.005, 0.465
1.7149999999999999, 0.005, 0.465
1.725, 0.005, 0.465
1.7349999999999999, 0.005, 0.465
1.745, 0.005, 0.465
1.755, 0.005, 0.465
1.7650000000000001, 0.005, 0.465
1.775, 0.005, 0.465
1.7850000000000001, 0.005, 0.465
1.795, 0.005, 0.465
1.8050000000000002, 0.005, 0.465
1.815, 0.005, 0.465
1.8250000000000002, 0.005, 0.465
1.835, 0.005, 0.465
1.8450000000000002, 0.005, 0.465
1.855, 0.005, 0.465
1.8650000000000002, 0.005, 0.465
1.875, 0.005, 0.465
1.8850000000000002, 0.005, 0.465
1.895, 0.005, 0.465
1.9050000000000002, 0.005, 0.465
1.915, 0.005, 0.465
1.9249999999999998, 0.005, 0.465
1.935, 0.005, 0.465
1.9449999999999998, 0.005, 0.465
1.955, 0.005, 0.465
1.9649999999999999, 0.005, 0.465
1.975, 0.005, 0.465
1.9849999999999999, 0.005, 0.465
1.995, 0.005, 0.465
2.005, 0.005, 0.465
2.015, 0.005, 0.465
2.0250000000000004, 0.005, 0.465
2.035, 0.005, 0.465
2.045, 0.005, 0.465
2.0549999999999997, 0.005, 0.465
2.065, 0.005, 0.465
2.075, 0.005, 0.465
2.085, 0.005, 0.465
2.0949999999999998, 0.005, 0.465
2.105, 0.005, 0.465
2.115, 0.005, 0.465
2.125, 0.005, 0.465
2.135, 0.005, 0.465
2.145, 0.005, 0.465
2.1550000000000002, 0.005, 0.465
2.165, 0.005, 0.465
2.175, 0.005, 0.465
2.185, 0.005, 0.465
2.1950000000000003, 0.005, 0.465
2.205, 0.005, 0.465
2.215, 0.005, 0.465
2.225, 0.005, 0.465
2.2350000000000003, 0.005, 0.465
2.245, 0.005, 0.465
2.255, 0.005, 0.465
2.265, 0.005, 0.465
2.2750000000000004, 0.005, 0.465
2.285, 0.005, 0.465
2.295, 0.005, 0.465
2.305, 0.005, 0.465
2.315, 0.005, 0.465
2.325, 0.005, 0.465
2.335, 0.005, 0.465
2.3449999999999998, 0.005, 0.465
2.355, 0.005, 0.465
2.365, 0.005, 0.465
2.375, 0.005, 0.465
2.385, 0.005, 0.465
2.395, 0.005, 0.465
2.4050000000000002, 0.005, 0.465
2.415, 0.005, 0.465
2.425, 0.005, 0.465
2.435, 0.005, 0.465
2.4450000000000003, 0.005, 0.465
2.455, 0.005, 0.465
2.465, 0.005, 0.465
2.475, 0.005, 0.465
2.4850000000000003, 0.005, 0.465
2.495, 0.005, 0.465
2.505, 0.005, 0.465
2.515, 0.005, 0.465
2.5250000000000004, 0.005, 0.465
2.535, 0.005, 0.465
2.545, 0.005, 0.465
2.555, 0.005, 0.465
2.565, 0.005, 0.465
2.575, 0.005, 0.465
2.585, 0.005, 0.465
2.5949999999999998, 0.005, 0.465
2.605, 0.005, 0.465
2.615, 0.005, 0.465
2.625, 0.005, 0.465
2.635, 0.005, 0.465
2.645, 0.005, 0.465
2.6550000000000002, 0.005, 0.465
2.665, 0.005, 0.465
2.675, 0.005, 0.465
2.685, 0.005, 0.465
2.6950000000000003, 0.005, 0.465
2.705, 0.005, 0.465
2.715, 0.005, 0.465
2.725, 0.005, 0.465
2.7350000000000003, 0.005, 0.465
2.745, 0.005, 0.465
2.755, 0.005, 0.465
2.765, 0.005, 0.465
2.7750000000000004, 0.005, 0.465
2.785, 0.005, 0.465
2.795, 0.005, 0.465
0.005, 0.005, 0.475
0.015, 0.005, 0.475
0.025, 0.005, 0.475
0.035, 0.005, 0.475
0.045, 0.005, 0.475
0.055, 0.005, 0.475
0.065, 0.005, 0.475
0.07500000000000001, 0.005, 0.475
0.08499999999999999, 0.005, 0.475
0.095, 0.005, 0.475
0.10500000000000001, 0.005, 0.475
0.11499999999999999, 0.005, 0.475
0.125, 0.005, 0.475
0.135, 0.005, 0.475
0.14500000000000002, 0.005, 0.475
0.155, 0.005, 0.475
0.165, 0.005, 0.475
0.175, 0.005, 0.475
0.185, 0.005, 0.475
0.195, 0.005, 0.475
0.20500000000000002, 0.005, 0.475
0.215, 0.005, 0.475
0.225, 0.005, 0.475
0.235, 0.005, 0.475
0.245, 0.005, 0.475
0.255, 0.005, 0.475
0.265, 0.005, 0.475
0.275, 0.005, 0.475
0.28500000000000003, 0.005, 0.475
0.295, 0.005, 0.475
0.305, 0.005, 0.475
0.315, 0.005, 0.475
0.325, 0.005, 0.475
0.335, 0.005, 0.475
0.34500000000000003, 0.005, 0.475
0.355, 0.005, 0.475
0.365, 0.005, 0.475
0.375, 0.005, 0.475
0.385, 0.005, 0.475
0.395, 0.005, 0.475
0.405, 0.005, 0.475
0.41500000000000004, 0.005, 0.475
0.425, 0.005, 0.475
0.435, 0.005, 0.475
0.445, 0.005, 0.475
0.455, 0.005, 0.475
0.465, 0.005, 0.475
0.475, 0.005, 0.475
0.485, 0.005, 0.475
0.495, 0.005, 0.475
0.505, 0.005, 0.475
0.515, 0.005, 0.475
0.525, 0.005, 0.475
0.535, 0.005, 0.475
0.545, 0.005, 0.475
0.555, 0.005, 0.475
0.5650000000000001, 0.005, 0.475
0.575, 0.005, 0.475
0.585, 0.005, 0.475
0.595, 0.005, 0.475
0.605, 0.005, 0.475
0.615, 0.005, 0.475
0.625, 0.005, 0.475
0.635, 0.005, 0.475
0.645, 0.005, 0.475
0.655, 0.005, 0.475
0.665, 0.005, 0.475
0.675, 0.005, 0.475
0.685, 0.005, 0.475
0.6950000000000001, 0.005, 0.475
0.7050000000000001, 0.005, 0.475
0.715, 0.005, 0.475
0.725, 0.005, 0.475
0.735, 0.005, 0.475
0.745, 0.005, 0.475
0.755, 0.005, 0.475
0.765, 0.005, 0.475
0.775, 0.005, 0.475
0.785, 0.005, 0.475
0.795, 0.005, 0.475
0.805, 0.005, 0.475
0.8150000000000001, 0.005, 0.475
0.8250000000000001, 0.005, 0.475
0.835, 0.005, 0.475
0.845, 0.005, 0.475
0.855, 0.005, 0.475
0.865, 0.005, 0.475
0.875, 0.005, 0.475
0.885, 0.005, 0.475
0.895, 0.005, 0.475
0.905, 0.005, 0.475
0.915, 0.005, 0.475
0.925, 0.005, 0.475
0.935, 0.005, 0.475
0.9450000000000001, 0.005, 0.475
0.9550000000000001, 0.005, 0.475
0.965, 0.005, 0.475
0.975, 0.005, 0.475
0.985, 0.005, 0.475
0.995, 0.005, 0.475
1.005, 0.005, 0.475
1.0150000000000001, 0.005, 0.475
1.025, 0.005, 0.475
1.0350000000000001, 0.005, 0.475
1.045, 0.005, 0.475
1.0550000000000002, 0.005, 0.475
1.065, 0.005, 0.475
1.0750000000000002, 0.005, 0.475
1.085, 0.005, 0.475
1.0950000000000002, 0.005, 0.475
1.105, 0.005, 0.475
1.1150000000000002, 0.005, 0.475
1.125, 0.005, 0.475
1.1350000000000002, 0.005, 0.475
1.145, 0.005, 0.475
1.155, 0.005, 0.475
1.165, 0.005, 0.475
1.1749999999999998, 0.005, 0.475
1.185, 0.005, 0.475
1.1949999999999998, 0.005, 0.475
1.205, 0.005, 0.475
1.2149999999999999, 0.005, 0.475
1.225, 0.005, 0.475
1.2349999999999999, 0.005, 0.475
1.245, 0.005, 0.475
1.255, 0.005, 0.475
1.2650000000000001, 0.005, 0.475
1.275, 0.005, 0.475
1.2850000000000001, 0.005, 0.475
1.295, 0.005, 0.475
1.3050000000000002, 0.005, 0.475
1.315, 0.005, 0.475
1.3250000000000002, 0.005, 0.475
1.335, 0.005, 0.475
1.3450000000000002, 0.005, 0.475
1.355, 0.005, 0.475
1.3650000000000002, 0.005, 0.475
1.375, 0.005, 0.475
1.3850000000000002, 0.005, 0.475
1.395, 0.005, 0.475
1.405, 0.005, 0.475
1.415, 0.005, 0.475
1.4249999999999998, 0.005, 0.475
1.435, 0.005, 0.475
1.4449999999999998, 0.005, 0.475
1.455, 0.005, 0.475
1.4649999999999999, 0.005, 0.475
1.475, 0.005, 0.475
1.4849999999999999, 0.005, 0.475
1.495, 0.005, 0.475
1.505, 0.005, 0.475
1.5150000000000001, 0.005, 0.475
1.525, 0.005, 0.475
1.5350000000000001, 0.005, 0.475
1.545, 0.005, 0.475
1.5550000000000002, 0.005, 0.475
1.565, 0.005, 0.475
1.5750000000000002, 0.005, 0.475
1.585, 0.005, 0.475
1.5950000000000002, 0.005, 0.475
1.605, 0.005, 0.475
1.6150000000000002, 0.005, 0.475
1.625, 0.005, 0.475
1.6350000000000002, 0.005, 0.475
1.645, 0.005, 0.475
1.6550000000000002, 0.005, 0.475
1.665, 0.005, 0.475
1.6749999999999998, 0.005, 0.475
1.685, 0.005, 0.475
1.6949999999999998, 0.005, 0.475
1.705, 0.005, 0.475
1.7149999999999999, 0.005, 0.475
1.725, 0.005, 0.475
1.7349999999999999, 0.005, 0.475
1.745, 0.005, 0.475
1.755, 0.005, 0.475
1.7650000000000001, 0.005, 0.475
1.775, 0.005, 0.475
1.7850000000000001, 0.005, 0.475
1.795, 0.005, 0.475
1.8050000000000002, 0.005, 0.475
1.815, 0.005, 0.475
1.8250000000000002, 0.005, 0.475
1.835, 0.005, 0.475
1.8450000000000002, 0.005, 0.475
1.855, 0.005, 0.475
1.8650000000000002, 0.005, 0.475
1.875, 0.005, 0.475
1.8850000000000002, 0.005, 0.475
1.895, 0.005, 0.475
1.9050000000000002, 0.005, 0.475
1.915, 0.005, 0.475
1.9249999999999998, 0.005, 0.475
1.935, 0.005, 0.475
1.9449999999999998, 0.005, 0.475
1.955, 0.005, 0.475
1.9649999999999999, 0.005, 0.475
1.975, 0.005, 0.475
1.9849999999999999, 0.005, 0.475
1.995, 0.005, 0.475
2.005, 0.005, 0.475
2.015, 0.005, 0.475
2.0250000000000004, 0.005, 0.475
2.035, 0.005, 0.475
2.045, 0.005, 0.475
2.0549999999999997, 0.005, 0.475
2.065, 0.005, 0.475
2.075, 0.005, 0.475
2.085, 0.005, 0.475
2.0949999999999998, 0.005, 0.475
2.105, 0.005, 0.475
2.115, 0.005, 0.475
2.125, 0.005, 0.475
2.135, 0.005, 0.475
2.145, 0.005, 0.475
2.1550000000000002, 0.005, 0.475
2.165, 0.005, 0.475
2.175, 0.005, 0.475
2.185, 0.005, 0.475
2.1950000000000003, 0.005, 0.475
2.205, 0.005, 0.475
2.215, 0.005, 0.475
2.225, 0.005, 0.475
2.2350000000000003, 0.005, 0.475
2.245, 0.005, 0.475
2.255, 0.005, 0.475
2.265, 0.005, 0.475
2.2750000000000004, 0.005, 0.475
2.285, 0.005, 0.475
2.295, 0.005, 0.475
2.305, 0.005, 0.475
2.315, 0.005, 0.475
2.325, 0.005, 0.475
2.335, 0.005, 0.475
2.3449999999999998, 0.005, 0.475
2.355, 0.005, 0.475
2.365, 0.005, 0.475
2.375, 0.005, 0.475
2.385, 0.005, 0.475
2.395, 0.005, 0.475
2.4050000000000002, 0.005, 0.475
2.415, 0.005, 0.475
2.425, 0.005, 0.475
2.435, 0.005, 0.475
2.4450000000000003, 0.005, 0.475
2.455, 0.005, 0.475
2.465, 0.005, 0.475
2.475, 0.005, 0.475
2.4850000000000003, 0.005, 0.475
2.495, 0.005, 0.475
2.505, 0.005, 0.475
2.515, 0.005, 0.475
2.5250000000000004, 0.005, 0.475
2.535, 0.005, 0.475
2.545, 0.005, 0.475
2.555, 0.005, 0.475
2.565, 0.005, 0.475
2.575, 0.005, 0.475
2.585, 0.005, 0.475
2.5949999999999998, 0.005, 0.475
2.605, 0.005, 0.475
2.615, 0.005, 0.475
2.625, 0.005, 0.475
2.635, 0.005, 0.475
2.645, 0.005, 0.475
2.6550000000000002, 0.005, 0.475
2.665, 0.005, 0.475
2.675, 0.005, 0.475
2.685, 0.005, 0.475
2.6950000000000003, 0.005, 0.475
2.705, 0.005, 0.475
2.715, 0.005, 0.475
2.725, 0.005, 0.475
2.7350000000000003, 0.005, 0.475
2.745, 0.005, 0.475
2.755, 0.005, 0.475
2.765, 0.005, 0.475
2.7750000000000004, 0.005, 0.475
2.785, 0.005, 0.475
2.795, 0.005, 0.475
0.005, 0.005, 0.485
0.015, 0.005, 0.485
0.025, 0.005, 0.485
0.035, 0.005, 0.485
0.045, 0.005, 0.485
0.055, 0.005, 0.485
0.065, 0.005, 0.485
0.07500000000000001, 0.005, 0.485
0.08499999999999999, 0.005, 0.485
0.095, 0.005, 0.485
0.10500000000000001, 0.005, 0.485
0.11499999999999999, 0.005, 0.485
0.125, 0.005, 0.485
0.135, 0.005, 0.485
0.14500000000000002, 0.005, 0.485
0.155, 0.005, 0.485
0.165, 0.005, 0.485
0.175, 0.005, 0.485
0.185, 0.005, 0.485
0.195, 0.005, 0.485
0.20500000000000002, 0.005, 0.485
0.215, 0.005, 0.485
0.225, 0.005, 0.485
0.235, 0.005, 0.485
0.245, 0.005, 0.485
0.255, 0.005, 0.485
0.265, 0.005, 0.485
0.275, 0.005, 0.485
0.28500000000000003, 0.005, 0.485
0.295, 0.005, 0.485
0.305, 0.005, 0.485
0.315, 0.005, 0.485
0.325, 0.005, 0.485
0.335, 0.005, 0.485
0.34500000000000003, 0.005, 0.485
0.355, 0.005, 0.485
0.365, 0.005, 0.485
0.375, 0.005, 0.485
0.385, 0.005, 0.485
0.395, 0.005, 0.485
0.405, 0.005, 0.485
0.41500000000000004, 0.005, 0.485
0.425, 0.005, 0.485
0.435, 0.005, 0.485
0.445, 0.005, 0.485
0.455, 0.005, 0.485
0.465, 0.005, 0.485
0.475, 0.005, 0.485
0.485, 0.005, 0.485
0.495, 0.005, 0.485
0.505, 0.005, 0.485
0.515, 0.005, 0.485
0.525, 0.005, 0.485
0.535, 0.005, 0.485
0.545, 0.005, 0.485
0.555, 0.005, 0.485
0.5650000000000001, 0.005, 0.485
0.575, 0.005, 0.485
0.585, 0.005, 0.485
0.595, 0.005, 0.485
0.605, 0.005, 0.485
0.615, 0.005, 0.485
0.625, 0.005, 0.485
0.635, 0.005, 0.485
0.645, 0.005, 0.485
0.655, 0.005, 0.485
0.665, 0.005, 0.485
0.675, 0.005, 0.485
0.685, 0.005, 0.485
0.6950000000000001, 0.005, 0.485
0.7050000000000001, 0.005, 0.485
0.715, 0.005, 0.485
0.725, 0.005, 0.485
0.735, 0.005, 0.485
0.745, 0.005, 0.485
0.755, 0.005, 0.485
0.765, 0.005, 0.485
0.775, 0.005, 0.485
0.785, 0.005, 0.485
0.795, 0.005, 0.485
0.805, 0.005, 0.485
0.8150000000000001, 0.005, 0.485
0.8250000000000001, 0.005, 0.485
0.835, 0.005, 0.485
0.845, 0.005, 0.485
0.855, 0.005, 0.485
0.865, 0.005, 0.485
0.875, 0.005, 0.485
0.885, 0.005, 0.485
0.895, 0.005, 0.485
0.905, 0.005, 0.485
0.915, 0.005, 0.485
0.925, 0.005, 0.485
0.935, 0.005, 0.485
0.9450000000000001, 0.005, 0.485
0.9550000000000001, 0.005, 0.485
0.965, 0.005, 0.485
0.975, 0.005, 0.485
0.985, 0.005, 0.485
0.995, 0.005, 0.485
1.005, 0.005, 0.485
1.0150000000000001, 0.005, 0.485
1.025, 0.005, 0.485
1.0350000000000001, 0.005, 0.485
1.045, 0.005, 0.485
1.0550000000000002, 0.005, 0.485
1.065, 0.005, 0.485
1.0750000000000002, 0.005, 0.485
1.085, 0.005, 0.485
1.0950000000000002, 0.005, 0.485
1.105, 0.005, 0.485
1.1150000000000002, 0.005, 0.485
1.125, 0.005, 0.485
1.1350000000000002, 0.005, 0.485
1.145, 0.005, 0.485
1.155, 0.005, 0.485
1.165, 0.005, 0.485
1.1749999999999998, 0.005, 0.485
1.185, 0.005, 0.485
1.1949999999999998, 0.005, 0.485
1.205, 0.005, 0.485
1.2149999999999999, 0.005, 0.485
1.225, 0.005, 0.485
1.2349999999999999, 0.005, 0.485
1.245, 0.005, 0.485
1.255, 0.005, 0.485
1.2650000000000001, 0.005, 0.485
1.275, 0.005, 0.485
1.2850000000000001, 0.005, 0.485
1.295, 0.005, 0.485
1.3050000000000002, 0.005, 0.485
1.315, 0.005, 0.485
1.3250000000000002, 0.005, 0.485
1.335, 0.005, 0.485
1.3450000000000002, 0.005, 0.485
1.355, 0.005, 0.485
1.3650000000000002, 0.005, 0.485
1.375, 0.005, 0.485
1.3850000000000002, 0.005, 0.485
1.395, 0.005, 0.485
1.405, 0.005, 0.485
1.415, 0.005, 0.485
1.4249999999999998, 0.005, 0.485
1.435, 0.005, 0.485
1.4449999999999998, 0.005, 0.485
1.455, 0.005, 0.485
1.4649999999999999, 0.005, 0.485
1.475, 0.005, 0.485
1.4849999999999999, 0.005, 0.485
1.495, 0.005, 0.485
1.505, 0.005, 0.485
1.5150000000000001, 0.005, 0.485
1.525, 0.005, 0.485
1.5350000000000001, 0.005, 0.485
1.545, 0.005, 0.485
1.5550000000000002, 0.005, 0.485
1.565, 0.005, 0.485
1.5750000000000002, 0.005, 0.485
1.585, 0.005, 0.485
1.5950000000000002, 0.005, 0.485
1.605, 0.005, 0.485
1.6150000000000002, 0.005, 0.485
1.625, 0.005, 0.485
1.6350000000000002, 0.005, 0.485
1.645, 0.005, 0.485
1.6550000000000002, 0.005, 0.485
1.665, 0.005, 0.485
1.6749999999999998, 0.005, 0.485
1.685, 0.005, 0.485
1.6949999999999998, 0.005, 0.485
1.705, 0.005, 0.485
1.7149999999999999, 0.005, 0.485
1.725, 0.005, 0.485
1.7349999999999999, 0.005, 0.485
1.745, 0.005, 0.485
1.755, 0.005, 0.485
1.7650000000000001, 0.005, 0.485
1.775, 0.005, 0.485
1.7850000000000001, 0.005, 0.485
1.795, 0.005, 0.485
1.8050000000000002, 0.005, 0.485
1.815, 0.005, 0.485
1.8250000000000002, 0.005, 0.485
1.835, 0.005, 0.485
1.8450000000000002, 0.005, 0.485
1.855, 0.005, 0.485
1.8650000000000002, 0.005, 0.485
1.875, 0.005, 0.485
1.8850000000000002, 0.005, 0.485
1.895, 0.005, 0.485
1.9050000000000002, 0.005, 0.485
1.915, 0.005, 0.485
1.9249999999999998, 0.005, 0.485
1.935, 0.005, 0.485
1.9449999999999998, 0.005, 0.485
1.955, 0.005, 0.485
1.9649999999999999, 0.005, 0.485
1.975, 0.005, 0.485
1.9849999999999999, 0.005, 0.485
1.995, 0.005, 0.485
2.005, 0.005, 0.485
2.015, 0.005, 0.485
2.0250000000000004, 0.005, 0.485
2.035, 0.005, 0.485
2.045, 0.005, 0.485
2.0549999999999997, 0.005, 0.485
2.065, 0.005, 0.485
2.075, 0.005, 0.485
2.085, 0.005, 0.485
2.0949999999999998, 0.005, 0.485
2.105, 0.005, 0.485
2.115, 0.005, 0.485
2.125, 0.005, 0.485
2.135, 0.005, 0.485
2.145, 0.005, 0.485
2.1550000000000002, 0.005, 0.485
2.165, 0.005, 0.485
2.175, 0.005, 0.485
2.185, 0.005, 0.485
2.1950000000000003, 0.005, 0.485
2.205, 0.005, 0.485
2.215, 0.005, 0.485
2.225, 0.005, 0.485
2.2350000000000003, 0.005, 0.485
2.245, 0.005, 0.485
2.255, 0.005, 0.485
2.265, 0.005, 0.485
2.2750000000000004, 0.005, 0.485
2.285, 0.005, 0.485
2.295, 0.005, 0.485
2.305, 0.005, 0.485
2.315, 0.005, 0.485
2.325, 0.005, 0.485
2.335, 0.005, 0.485
2.3449999999999998, 0.005, 0.485
2.355, 0.005, 0.485
2.365, 0.005, 0.485
2.375, 0.005, 0.485
2.385, 0.005, 0.485
2.395, 0.005, 0.485
2.4050000000000002, 0.005, 0.485
2.415, 0.005, 0.485
2.425, 0.005, 0.485
2.435, 0.005, 0.485
2.4450000000000003, 0.005, 0.485
2.455, 0.005, 0.485
2.465, 0.005, 0.485
2.475, 0.005, 0.485
2.4850000000000003, 0.005, 0.485
2.495, 0.005, 0.485
2.505, 0.005, 0.485
2.515, 0.005, 0.485
2.5250000000000004, 0.005, 0.485
2.535, 0.005, 0.485
2.545, 0.005, 0.485
2.555, 0.005, 0.485
2.565, 0.005, 0.485
2.575, 0.005, 0.485
2.585, 0.005, 0.485
2.5949999999999998, 0.005, 0.485
2.605, 0.005, 0.485
2.615, 0.005, 0.485
2.625, 0.005, 0.485
2.635, 0.005, 0.485
2.645, 0.005, 0.485
2.6550000000000002, 0.005, 0.485
2.665, 0.005, 0.485
2.675, 0.005, 0.485
2.685, 0.005, 0.485
2.6950000000000003, 0.005, 0.485
2.705, 0.005, 0.485
2.715, 0.005, 0.485
2.725, 0.005, 0.485
2.7350000000000003, 0.005, 0.485
2.745, 0.005, 0.485
2.755, 0.005, 0.485
2.765, 0.005, 0.485
2.7750000000000004, 0.005, 0.485
2.785, 0.005, 0.485
2.795, 0.005, 0.485
0.005, 0.005, 0.495
0.015, 0.005, 0.495
0.025, 0.005, 0.495
0.035, 0.005, 0.495
0.045, 0.005, 0.495
0.055, 0.005, 0.495
0.065, 0.005, 0.495
0.07500000000000001, 0.005, 0.495
0.08499999999999999, 0.005, 0.495
0.095, 0.005, 0.495
0.10500000000000001, 0.005, 0.495
0.11499999999999999, 0.005, 0.495
0.125, 0.005, 0.495
0.135, 0.005, 0.495
0.14500000000000002, 0.005, 0.495
0.155, 0.005, 0.495
0.165, 0.005, 0.495
0.175, 0.005, 0.495
0.185, 0.005, 0.495
0.195, 0.005, 0.495
0.20500000000000002, 0.005, 0.495
0.215, 0.005, 0.495
0.225, 0.005, 0.495
0.235, 0.005, 0.495
0.245, 0.005, 0.495
0.255, 0.005, 0.495
0.265, 0.005, 0.495
0.275, 0.005, 0.495
0.28500000000000003, 0.005, 0.495
0.295, 0.005, 0.495
0.305, 0.005, 0.495
0.315, 0.005, 0.495
0.325, 0.005, 0.495
0.335, 0.005, 0.495
0.34500000000000003, 0.005, 0.495
0.355, 0.005, 0.495
0.365, 0.005, 0.495
0.375, 0.005, 0.495
0.385, 0.005, 0.495
0.395, 0.005, 0.495
0.405, 0.005, 0.495
0.41500000000000004, 0.005, 0.495
0.425, 0.005, 0.495
0.435, 0.005, 0.495
0.445, 0.005, 0.495
0.455, 0.005, 0.495
0.465, 0.005, 0.495
0.475, 0.005, 0.495
0.485, 0.005, 0.495
0.495, 0.005, 0.495
0.505, 0.005, 0.495
0.515, 0.005, 0.495
0.525, 0.005, 0.495
0.535, 0.005, 0.495
0.545, 0.005, 0.495
0.555, 0.005, 0.495
0.5650000000000001, 0.005, 0.495
0.575, 0.005, 0.495
0.585, 0.005, 0.495
0.595, 0.005, 0.495
0.605, 0.005, 0.495
0.615, 0.005, 0.495
0.625, 0.005, 0.495
0.635, 0.005, 0.495
0.645, 0.005, 0.495
0.655, 0.005, 0.495
0.665, 0.005, 0.495
0.675, 0.005, 0.495
0.685, 0.005, 0.495
0.6950000000000001, 0.005, 0.495
0.7050000000000001, 0.005, 0.495
0.715, 0.005, 0.495
0.725, 0.005, 0.495
0.735, 0.005, 0.495
0.745, 0.005, 0.495
0.755, 0.005, 0.495
0.765, 0.005, 0.495
0.775, 0.005, 0.495
0.785, 0.005, 0.495
0.795, 0.005, 0.495
0.805, 0.005, 0.495
0.8150000000000001, 0.005, 0.495
0.8250000000000001, 0.005, 0.495
0.835, 0.005, 0.495
0.845, 0.005, 0.495
0.855, 0.005, 0.495
0.865, 0.005, 0.495
0.875, 0.005, 0.495
0.885, 0.005, 0.495
0.895, 0.005, 0.495
0.905, 0.005, 0.495
0.915, 0.005, 0.495
0.925, 0.005, 0.495
0.935, 0.005, 0.495
0.9450000000000001, 0.005, 0.495
0.9550000000000001, 0.005, 0.495
0.965, 0.005, 0.495
0.975, 0.005, 0.495
0.985, 0.005, 0.495
0.995, 0.005, 0.495
1.005, 0.005, 0.495
1.0150000000000001, 0.005, 0.495
1.025, 0.005, 0.495
1.0350000000000001, 0.005, 0.495
1.045, 0.005, 0.495
1.0550000000000002, 0.005, 0.495
1.065, 0.005, 0.495
1.0750000000000002, 0.005, 0.495
1.085, 0.005, 0.495
1.0950000000000002, 0.005, 0.495
1.105, 0.005, 0.495
1.1150000000000002, 0.005, 0.495
1.125, 0.005, 0.495
1.1350000000000002, 0.005, 0.495
1.145, 0.005, 0.495
1.155, 0.005, 0.495
1.165, 0.005, 0.495
1.1749999999999998, 0.005, 0.495
1.185, 0.005, 0.495
1.1949999999999998, 0.005, 0.495
1.205, 0.005, 0.495
1.2149999999999999, 0.005, 0.495
1.225, 0.005, 0.495
1.2349999999999999, 0.005, 0.495
1.245, 0.005, 0.495
1.255, 0.005, 0.495
1.2650000000000001, 0.005, 0.495
1.275, 0.005, 0.495
1.2850000000000001, 0.005, 0.495
1.295, 0.005, 0.495
1.3050000000000002, 0.005, 0.495
1.315, 0.005, 0.495
1.3250000000000002, 0.005, 0.495
1.335, 0.005, 0.495
1.3450000000000002, 0.005, 0.495
1.355, 0.005, 0.495
1.3650000000000002, 0.005, 0.495
1.375, 0.005, 0.495
1.3850000000000002, 0.005, 0.495
1.395, 0.005, 0.495
1.405, 0.005, 0.495
1.415, 0.005, 0.495
1.4249999999999998, 0.005, 0.495
1.435, 0.005, 0.495
1.4449999999999998, 0.005, 0.495
1.455, 0.005, 0.495
1.4649999999999999, 0.005, 0.495
1.475, 0.005, 0.495
1.4849999999999999, 0.005, 0.495
1.495, 0.005, 0.495
1.505, 0.005, 0.495
1.5150000000000001, 0.005, 0.495
1.525, 0.005, 0.495
1.5350000000000001, 0.005, 0.495
1.545, 0.005, 0.495
1.5550000000000002, 0.005, 0.495
1.565, 0.005, 0.495
1.5750000000000002, 0.005, 0.495
1.585, 0.005, 0.495
1.5950000000000002, 0.005, 0.495
1.605, 0.005, 0.495
1.6150000000000002, 0.005, 0.495
1.625, 0.005, 0.495
1.6350000000000002, 0.005, 0.495
1.645, 0.005, 0.495
1.6550000000000002, 0.005, 0.495
1.665, 0.005, 0.495
1.6749999999999998, 0.005, 0.495
1.685, 0.005, 0.495
1.6949999999999998, 0.005, 0.495
1.705, 0.005, 0.495
1.7149999999999999, 0.005, 0.495
1.725, 0.005, 0.495
1.7349999999999999, 0.005, 0.495
1.745, 0.005, 0.495
1.755, 0.005, 0.495
1.7650000000000001, 0.005, 0.495
1.775, 0.005, 0.495
1.7850000000000001, 0.005, 0.495
1.795, 0.005, 0.495
1.8050000000000002, 0.005, 0.495
1.815, 0.005, 0.495
1.8250000000000002, 0.005, 0.495
1.835, 0.005, 0.495
1.8450000000000002, 0.005, 0.495
1.855, 0.005, 0.495
1.8650000000000002, 0.005, 0.495
1.875, 0.005, 0.495
1.8850000000000002, 0.005, 0.495
1.895, 0.005, 0.495
1.9050000000000002, 0.005, 0.495
1.915, 0.005, 0.495
1.9249999999999998, 0.005, 0.495
1.935, 0.005, 0.495
1.9449999999999998, 0.005, 0.495
1.955, 0.005, 0.495
1.9649999999999999, 0.005, 0.495
1.975, 0.005, 0.495
1.9849999999999999, 0.005, 0.495
1.995, 0.005, 0.495
2.005, 0.005, 0.495
2.015, 0.005, 0.495
2.0250000000000004, 0.005, 0.495
2.035, 0.005, 0.495
2.045, 0.005, 0.495
2.0549999999999997, 0.005, 0.495
2.065, 0.005, 0.495
2.075, 0.005, 0.495
2.085, 0.005, 0.495
2.0949999999999998, 0.005, 0.495
2.105, 0.005, 0.495
2.115, 0.005, 0.495
2.125, 0.005, 0.495
2.135, 0.005, 0.495
2.145, 0.005, 0.495
2.1550000000000002, 0.005, 0.495
2.165, 0.005, 0.495
2.175, 0.005, 0.495
2.185, 0.005, 0.495
2.1950000000000003, 0.005, 0.495
2.205, 0.005, 0.495
2.215, 0.005, 0.495
2.225, 0.005, 0.495
2.2350000000000003, 0.005, 0.495
2.245, 0.005, 0.495
2.255, 0.005, 0.495
2.265, 0.005, 0.495
2.2750000000000004, 0.005, 0.495
2.285, 0.005, 0.495
2.295, 0.005, 0.495
2.305, 0.005, 0.495
2.315, 0.005, 0.495
2.325, 0.005, 0.495
2.335, 0.005, 0.495
2.3449999999999998, 0.005, 0.495
2.355, 0.005, 0.495
2.365, 0.005, 0.495
2.375, 0.005, 0.495
2.385, 0.005, 0.495
2.395, 0.005, 0.495
2.4050000000000002, 0.005, 0.495
2.415, 0.005, 0.495
2.425, 0.005, 0.495
2.435, 0.005, 0.495
2.4450000000000003, 0.005, 0.495
2.455, 0.005, 0.495
2.465, 0.005, 0.495
2.475, 0.005, 0.495
2.4850000000000003, 0.005, 0.495
2.495, 0.005, 0.495
2.505, 0.005, 0.495
2.515, 0.005, 0.495
2.5250000000000004, 0.005, 0.495
2.535, 0.005, 0.495
2.545, 0.005, 0.495
2.555, 0.005, 0.495
2.565, 0.005, 0.495
2.575, 0.005, 0.495
2.585, 0.005, 0.495
2.5949999999999998, 0.005, 0.495
2.605, 0.005, 0.495
2.615, 0.005, 0.495
2.625, 0.005, 0.495
2.635, 0.005, 0.495
2.645, 0.005, 0.495
2.6550000000000002, 0.005, 0.495
2.665, 0.005, 0.495
2.675, 0.005, 0.495
2.685, 0.005, 0.495
2.6950000000000003, 0.005, 0.495
2.705, 0.005, 0.495
2.715, 0.005, 0.495
2.725, 0.005, 0.495
2.7350000000000003, 0.005, 0.495
2.745, 0.005, 0.495
2.755, 0.005, 0.495
2.765, 0.005, 0.495
2.7750000000000004, 0.005, 0.495
2.785, 0.005, 0.495
2.795, 0.005, 0.495
0.005, 0.005, 0.505
0.015, 0.005, 0.505
0.025, 0.005, 0.505
0.035, 0.005, 0.505
0.045, 0.005, 0.505
0.055, 0.005, 0.505
0.065, 0.005, 0.505
0.07500000000000001, 0.005, 0.505
0.08499999999999999, 0.005, 0.505
0.095, 0.005, 0.505
0.10500000000000001, 0.005, 0.505
0.11499999999999999, 0.005, 0.505
0.125, 0.005, 0.505
0.135, 0.005, 0.505
0.14500000000000002, 0.005, 0.505
0.155, 0.005, 0.505
0.165, 0.005, 0.505
0.175, 0.005, 0.505
0.185, 0.005, 0.505
0.195, 0.005, 0.505
0.20500000000000002, 0.005, 0.505
0.215, 0.005, 0.505
0.225, 0.005, 0.505
0.235, 0.005, 0.505
0.245, 0.005, 0.505
0.255, 0.005, 0.505
0.265, 0.005, 0.505
0.275, 0.005, 0.505
0.28500000000000003, 0.005, 0.505
0.295, 0.005, 0.505
0.305, 0.005, 0.505
0.315, 0.005, 0.505
0.325, 0.005, 0.505
0.335, 0.005, 0.505
0.34500000000000003, 0.005, 0.505
0.355, 0.005, 0.505
0.365, 0.005, 0.505
0.375, 0.005, 0.505
0.385, 0.005, 0.505
0.395, 0.005, 0.505
0.405, 0.005, 0.505
0.41500000000000004, 0.005, 0.505
0.425, 0.005, 0.505
0.435, 0.005, 0.505
0.445, 0.005, 0.505
0.455, 0.005, 0.505
0.465, 0.005, 0.505
0.475, 0.005, 0.505
0.485, 0.005, 0.505
0.495, 0.005, 0.505
0.505, 0.005, 0.505
0.515, 0.005, 0.505
0.525, 0.005, 0.505
0.535, 0.005, 0.505
0.545, 0.005, 0.505
0.555, 0.005, 0.505
0.5650000000000001, 0.005, 0.505
0.575, 0.005, 0.505
0.585, 0.005, 0.505
0.595, 0.005, 0.505
0.605, 0.005, 0.505
0.615, 0.005, 0.505
0.625, 0.005, 0.505
0.635, 0.005, 0.505
0.645, 0.005, 0.505
0.655, 0.005, 0.505
0.665, 0.005, 0.505
0.675, 0.005, 0.505
0.685, 0.005, 0.505
0.6950000000000001, 0.005, 0.505
0.7050000000000001, 0.005, 0.505
0.715, 0.005, 0.505
0.725, 0.005, 0.505
0.735, 0.005, 0.505
0.745, 0.005, 0.505
0.755, 0.005, 0.505
0.765, 0.005, 0.505
0.775, 0.005, 0.505
0.785, 0.005, 0.505
0.795, 0.005, 0.505
0.805, 0.005, 0.505
0.8150000000000001, 0.005, 0.505
0.8250000000000001, 0.005, 0.505
0.835, 0.005, 0.505
0.845, 0.005, 0.505
0.855, 0.005, 0.505
0.865, 0.005, 0.505
0.875, 0.005, 0.505
0.885, 0.005, 0.505
0.895, 0.005, 0.505
0.905, 0.005, 0.505
0.915, 0.005, 0.505
0.925, 0.005, 0.505
0.935, 0.005, 0.505
0.9450000000000001, 0.005, 0.505
0.9550000000000001, 0.005, 0.505
0.965, 0.005, 0.505
0.975, 0.005, 0.505
0.985, 0.005, 0.505
0.995, 0.005, 0.505
1.005, 0.005, 0.505
1.0150000000000001, 0.005, 0.505
1.025, 0.005, 0.505
1.0350000000000001, 0.005, 0.505
1.045, 0.005, 0.505
1.0550000000000002, 0.005, 0.505
1.065, 0.005, 0.505
1.0750000000000002, 0.005, 0.505
1.085, 0.005, 0.505
1.0950000000000002, 0.005, 0.505
1.105, 0.005, 0.505
1.1150000000000002, 0.005, 0.505
1.125, 0.005, 0.505
1.1350000000000002, 0.005, 0.505
1.145, 0.005, 0.505
1.155, 0.005, 0.505
1.165, 0.005, 0.505
1.1749999999999998, 0.005, 0.505
1.185, 0.005, 0.505
1.1949999999999998, 0.005, 0.505
1.205, 0.005, 0.505
1.2149999999999999, 0.005, 0.505
1.225, 0.005, 0.505
1.2349999999999999, 0.005, 0.505
1.245, 0.005, 0.505
1.255, 0.005, 0.505
1.2650000000000001, 0.005, 0.505
1.275, 0.005, 0.505
1.2850000000000001, 0.005, 0.505
1.295, 0.005, 0.505
1.3050000000000002, 0.005, 0.505
1.315, 0.005, 0.505
1.3250000000000002, 0.005, 0.505
1.335, 0.005, 0.505
1.3450000000000002, 0.005, 0.505
1.355, 0.005, 0.505
1.3650000000000002, 0.005, 0.505
1.375, 0.005, 0.505
1.3850000000000002, 0.005, 0.505
1.395, 0.005, 0.505
1.405, 0.005, 0.505
1.415, 0.005, 0.505
1.4249999999999998, 0.005, 0.505
1.435, 0.005, 0.505
1.4449999999999998, 0.005, 0.505
1.455, 0.005, 0.505
1.4649999999999999, 0.005, 0.505
1.475, 0.005, 0.505
1.4849999999999999, 0.005, 0.505
1.495, 0.005, 0.505
1.505, 0.005, 0.505
1.5150000000000001, 0.005, 0.505
1.525, 0.005, 0.505
1.5350000000000001, 0.005, 0.505
1.545, 0.005, 0.505
1.5550000000000002, 0.005, 0.505
1.565, 0.005, 0.505
1.5750000000000002, 0.005, 0.505
1.585, 0.005, 0.505
1.5950000000000002, 0.005, 0.505
1.605, 0.005, 0.505
1.6150000000000002, 0.005, 0.505
1.625, 0.005, 0.505
1.6350000000000002, 0.005, 0.505
1.645, 0.005, 0.505
1.6550000000000002, 0.005, 0.505
1.665, 0.005, 0.505
1.6749999999999998, 0.005, 0.505
1.685, 0.005, 0.505
1.6949999999999998, 0.005, 0.505
1.705, 0.005, 0.505
1.7149999999999999, 0.005, 0.505
1.725, 0.005, 0.505
1.7349999999999999, 0.005, 0.505
1.745, 0.005, 0.505
1.755, 0.005, 0.505
1.7650000000000001, 0.005, 0.505
1.775, 0.005, 0.505
1.7850000000000001, 0.005, 0.505
1.795, 0.005, 0.505
1.8050000000000002, 0.005, 0.505
1.815, 0.005, 0.505
1.8250000000000002, 0.005, 0.505
1.835, 0.005, 0.505
1.8450000000000002, 0.005, 0.505
1.855, 0.005, 0.505
1.8650000000000002, 0.005, 0.505
1.875, 0.005, 0.505
1.8850000000000002, 0.005, 0.505
1.895, 0.005, 0.505
1.9050000000000002, 0.005, 0.505
1.915, 0.005, 0.505
1.9249999999999998, 0.005, 0.505
1.935, 0.005, 0.505
1.9449999999999998, 0.005, 0.505
1.955, 0.005, 0.505
1.9649999999999999, 0.005, 0.505
1.975, 0.005, 0.505
1.9849999999999999, 0.005, 0.505
1.995, 0.005, 0.505
2.005, 0.005, 0.505
2.015, 0.005, 0.505
2.0250000000000004, 0.005, 0.505
2.035, 0.005, 0.505
2.045, 0.005, 0.505
2.0549999999999997, 0.005, 0.505
2.065, 0.005, 0.505
2.075, 0.005, 0.505
2.085, 0.005, 0.505
2.0949999999999998, 0.005, 0.505
2.105, 0.005, 0.505
2.115, 0.005, 0.505
2.125, 0.005, 0.505
2.135, 0.005, 0.505
2.145, 0.005, 0.505
2.1550000000000002, 0.005, 0.505
2.165, 0.005, 0.505
2.175, 0.005, 0.505
2.185, 0.005, 0.505
2.1950000000000003, 0.005, 0.505
2.205, 0.005, 0.505
2.215, 0.005, 0.505
2.225, 0.005, 0.505
2.2350000000000003, 0.005, 0.505
2.245, 0.005, 0.505
2.255, 0.005, 0.505
2.265, 0.005, 0.505
2.2750000000000004, 0.005, 0.505
2.285, 0.005, 0.505
2.295, 0.005, 0.505
2.305, 0.005, 0.505
2.315, 0.005, 0.505
2.325, 0.005, 0.505
2.335, 0.005, 0.505
2.3449999999999998, 0.005, 0.505
2.355, 0.005, 0.505
2.365, 0.005, 0.505
2.375, 0.005, 0.505
2.385, 0.005, 0.505
2.395, 0.005, 0.505
2.4050000000000002, 0.005, 0.505
2.415, 0.005, 0.505
2.425, 0.005, 0.505
2.435, 0.005, 0.505
2.4450000000000003, 0.005, 0.505
2.455, 0.005, 0.505
2.465, 0.005, 0.505
2.475, 0.005, 0.505
2.4850000000000003, 0.005, 0.505
2.495, 0.005, 0.505
2.505, 0.005, 0.505
2.515, 0.005, 0.505
2.5250000000000004, 0.005, 0.505
2.535, 0.005, 0.505
2.545, 0.005, 0.505
2.555, 0.005, 0.505
2.565, 0.005, 0.505
2.575, 0.005, 0.505
2.585, 0.005, 0.505
2.5949999999999998, 0.005, 0.505
2.605, 0.005, 0.505
2.615, 0.005, 0.505
2.625, 0.005, 0.505
2.635, 0.005, 0.505
2.645, 0.005, 0.505
2.6550000000000002, 0.005, 0.505
2.665, 0.005, 0.505
2.675, 0.005, 0.505
2.685, 0.005, 0.505
2.6950000000000003, 0.005, 0.505
2.705, 0.005, 0.505
2.715, 0.005, 0.505
2.725, 0.005, 0.505
2.7350000000000003, 0.005, 0.505
2.745, 0.005, 0.505
2.755, 0.005, 0.505
2.765, 0.005, 0.505
2.7750000000000004, 0.005, 0.505
2.785, 0.005, 0.505
2.795, 0.005, 0.505
0.005, 0.005, 0.515
0.015, 0.005, 0.515
0.025, 0.005, 0.515
0.035, 0.005, 0.515
0.045, 0.005, 0.515
0.055, 0.005, 0.515
0.065, 0.005, 0.515
0.07500000000000001, 0.005, 0.515
0.08499999999999999, 0.005, 0.515
0.095, 0.005, 0.515
0.10500000000000001, 0.005, 0.515
0.11499999999999999, 0.005, 0.515
0.125, 0.005, 0.515
0.135, 0.005, 0.515
0.14500000000000002, 0.005, 0.515
0.155, 0.005, 0.515
0.165, 0.005, 0.515
0.175, 0.005, 0.515
0.185, 0.005, 0.515
0.195, 0.005, 0.515
0.20500000000000002, 0.005, 0.515
0.215, 0.005, 0.515
0.225, 0.005, 0.515
0.235, 0.005, 0.515
0.245, 0.005, 0.515
0.255, 0.005, 0.515
0.265, 0.005, 0.515
0.275, 0.005, 0.515
0.28500000000000003, 0.005, 0.515
0.295, 0.005, 0.515
0.305, 0.005, 0.515
0.315, 0.005, 0.515
0.325, 0.005, 0.515
0.335, 0.005, 0.515
0.34500000000000003, 0.005, 0.515
0.355, 0.005, 0.515
0.365, 0.005, 0.515
0.375, 0.005, 0.515
0.385, 0.005, 0.515
0.395, 0.005, 0.515
0.405, 0.005, 0.515
0.41500000000000004, 0.005, 0.515
0.425, 0.005, 0.515
0.435, 0.005, 0.515
0.445, 0.005, 0.515
0.455, 0.005, 0.515
0.465, 0.005, 0.515
0.475, 0.005, 0.515
0.485, 0.005, 0.515
0.495, 0.005, 0.515
0.505, 0.005, 0.515
0.515, 0.005, 0.515
0.525, 0.005, 0.515
0.535, 0.005, 0.515
0.545, 0.005, 0.515
0.555, 0.005, 0.515
0.5650000000000001, 0.005, 0.515
0.575, 0.005, 0.515
0.585, 0.005, 0.515
0.595, 0.005, 0.515
0.605, 0.005, 0.515
0.615, 0.005, 0.515
0.625, 0.005, 0.515
0.635, 0.005, 0.515
0.645, 0.005, 0.515
0.655, 0.005, 0.515
0.665, 0.005, 0.515
0.675, 0.005, 0.515
0.685, 0.005, 0.515
0.6950000000000001, 0.005, 0.515
0.7050000000000001, 0.005, 0.515
0.715, 0.005, 0.515
0.725, 0.005, 0.515
0.735, 0.005, 0.515
0.745, 0.005, 0.515
0.755, 0.005, 0.515
0.765, 0.005, 0.515
0.775, 0.005, 0.515
0.785, 0.005, 0.515
0.795, 0.005, 0.515
0.805, 0.005, 0.515
0.8150000000000001, 0.005, 0.515
0.8250000000000001, 0.005, 0.515
0.835, 0.005, 0.515
0.845, 0.005, 0.515
0.855, 0.005, 0.515
0.865, 0.005, 0.515
0.875, 0.005, 0.515
0.885, 0.005, 0.515
0.895, 0.005, 0.515
0.905, 0.005, 0.515
0.915, 0.005, 0.515
0.925, 0.005, 0.515
0.935, 0.005, 0.515
0.9450000000000001, 0.005, 0.515
0.9550000000000001, 0.005, 0.515
0.965, 0.005, 0.515
0.975, 0.005, 0.515
0.985, 0.005, 0.515
0.995, 0.005, 0.515
1.005, 0.005, 0.515
1.0150000000000001, 0.005, 0.515
1.025, 0.005, 0.515
1.0350000000000001, 0.005, 0.515
1.045, 0.005, 0.515
1.0550000000000002, 0.005, 0.515
1.065, 0.005, 0.515
1.0750000000000002, 0.005, 0.515
1.085, 0.005, 0.515
1.0950000000000002, 0.005, 0.515
1.105, 0.005, 0.515
1.1150000000000002, 0.005, 0.515
1.125, 0.005, 0.515
1.1350000000000002, 0.005, 0.515
1.145, 0.005, 0.515
1.155, 0.005, 0.515
1.165, 0.005, 0.515
1.1749999999999998, 0.005, 0.515
1.185, 0.005, 0.515
1.1949999999999998, 0.005, 0.515
1.205, 0.005, 0.515
1.2149999999999999, 0.005, 0.515
1.225, 0.005, 0.515
1.2349999999999999, 0.005, 0.515
1.245, 0.005, 0.515
1.255, 0.005, 0.515
1.2650000000000001, 0.005, 0.515
1.275, 0.005, 0.515
1.2850000000000001, 0.005, 0.515
1.295, 0.005, 0.515
1.3050000000000002, 0.005, 0.515
1.315, 0.005, 0.515
1.3250000000000002, 0.005, 0.515
1.335, 0.005, 0.515
1.3450000000000002, 0.005, 0.515
1.355, 0.005, 0.515
1.3650000000000002, 0.005, 0.515
1.375, 0.005, 0.515
1.3850000000000002, 0.005, 0.515
1.395, 0.005, 0.515
1.405, 0.005, 0.515
1.415, 0.005, 0.515
1.4249999999999998, 0.005, 0.515
1.435, 0.005, 0.515
1.4449999999999998, 0.005, 0.515
1.455, 0.005, 0.515
1.4649999999999999, 0.005, 0.515
1.475, 0.005, 0.515
1.4849999999999999, 0.005, 0.515
1.495, 0.005, 0.515
1.505, 0.005, 0.515
1.5150000000000001, 0.005, 0.515
1.525, 0.005, 0.515
1.5350000000000001, 0.005, 0.515
1.545, 0.005, 0.515
1.5550000000000002, 0.005, 0.515
1.565, 0.005, 0.515
1.5750000000000002, 0.005, 0.515
1.585, 0.005, 0.515
1.5950000000000002, 0.005, 0.515
1.605, 0.005, 0.515
1.6150000000000002, 0.005, 0.515
1.625, 0.005, 0.515
1.6350000000000002, 0.005, 0.515
1.645, 0.005, 0.515
1.6550000000000002, 0.005, 0.515
1.665, 0.005, 0.515
1.6749999999999998, 0.005, 0.515
1.685, 0.005, 0.515
1.6949999999999998, 0.005, 0.515
1.705, 0.005, 0.515
1.7149999999999999, 0.005, 0.515
1.725, 0.005, 0.515
1.7349999999999999, 0.005, 0.515
1.745, 0.005, 0.515
1.755, 0.005, 0.515
1.7650000000000001, 0.005, 0.515
1.775, 0.005, 0.515
1.7850000000000001, 0.005, 0.515
1.795, 0.005, 0.515
1.8050000000000002, 0.005, 0.515
1.815, 0.005, 0.515
1.8250000000000002, 0.005, 0.515
1.835, 0.005, 0.515
1.8450000000000002, 0.005, 0.515
1.855, 0.005, 0.515
1.8650000000000002, 0.005, 0.515
1.875, 0.005, 0.515
1.8850000000000002, 0.005, 0.515
1.895, 0.005, 0.515
1.9050000000000002, 0.005, 0.515
1.915, 0.005, 0.515
1.9249999999999998, 0.005, 0.515
1.935, 0.005, 0.515
1.9449999999999998, 0.005, 0.515
1.955, 0.005, 0.515
1.9649999999999999, 0.005, 0.515
1.975, 0.005, 0.515
1.9849999999999999, 0.005, 0.515
1.995, 0.005, 0.515
2.005, 0.005, 0.515
2.015, 0.005, 0.515
2.0250000000000004, 0.005, 0.515
2.035, 0.005, 0.515
2.045, 0.005, 0.515
2.0549999999999997, 0.005, 0.515
2.065, 0.005, 0.515
2.075, 0.005, 0.515
2.085, 0.005, 0.515
2.0949999999999998, 0.005, 0.515
2.105, 0.005, 0.515
2.115, 0.005, 0.515
2.125, 0.005, 0.515
2.135, 0.005, 0.515
2.145, 0.005, 0.515
2.1550000000000002, 0.005, 0.515
2.165, 0.005, 0.515
2.175, 0.005, 0.515
2.185, 0.005, 0.515
2.1950000000000003, 0.005, 0.515
2.205, 0.005, 0.515
2.215, 0.005, 0.515
2.225, 0.005, 0.515
2.2350000000000003, 0.005, 0.515
2.245, 0.005, 0.515
2.255, 0.005, 0.515
2.265, 0.005, 0.515
2.2750000000000004, 0.005, 0.515
2.285, 0.005, 0.515
2.295, 0.005, 0.515
2.305, 0.005, 0.515
2.315, 0.005, 0.515
2.325, 0.005, 0.515
2.335, 0.005, 0.515
2.3449999999999998, 0.005, 0.515
2.355, 0.005, 0.515
2.365, 0.005, 0.515
2.375, 0.005, 0.515
2.385, 0.005, 0.515
2.395, 0.005, 0.515
2.4050000000000002, 0.005, 0.515
2.415, 0.005, 0.515
2.425, 0.005, 0.515
2.435, 0.005, 0.515
2.4450000000000003, 0.005, 0.515
2.455, 0.005, 0.515
2.465, 0.005, 0.515
2.475, 0.005, 0.515
2.4850000000000003, 0.005, 0.515
2.495, 0.005, 0.515
2.505, 0.005, 0.515
2.515, 0.005, 0.515
2.5250000000000004, 0.005, 0.515
2.535, 0.005, 0.515
2.545, 0.005, 0.515
2.555, 0.005, 0.515
2.565, 0.005, 0.515
2.575, 0.005, 0.515
2.585, 0.005, 0.515
2.5949999999999998, 0.005, 0.515
2.605, 0.005, 0.515
2.615, 0.005, 0.515
2.625, 0.005, 0.515
2.635, 0.005, 0.515
2.645, 0.005, 0.515
2.6550000000000002, 0.005, 0.515
2.665, 0.005, 0.515
2.675, 0.005, 0.515
2.685, 0.005, 0.515
2.6950000000000003, 0.005, 0.515
2.705, 0.005, 0.515
2.715, 0.005, 0.515
2.725, 0.005, 0.515
2.7350000000000003, 0.005, 0.515
2.745, 0.005, 0.515
2.755, 0.005, 0.515
2.765, 0.005, 0.515
2.7750000000000004, 0.005, 0.515
2.785, 0.005, 0.515
2.795, 0.005, 0.515
0.005, 0.005, 0.525
0.015, 0.005, 0.525
0.025, 0.005, 0.525
0.035, 0.005, 0.525
0.045, 0.005, 0.525
0.055, 0.005, 0.525
0.065, 0.005, 0.525
0.07500000000000001, 0.005, 0.525
0.08499999999999999, 0.005, 0.525
0.095, 0.005, 0.525
0.10500000000000001, 0.005, 0.525
0.11499999999999999, 0.005, 0.525
0.125, 0.005, 0.525
0.135, 0.005, 0.525
0.14500000000000002, 0.005, 0.525
0.155, 0.005, 0.525
0.165, 0.005, 0.525
0.175, 0.005, 0.525
0.185, 0.005, 0.525
0.195, 0.005, 0.525
0.20500000000000002, 0.005, 0.525
0.215, 0.005, 0.525
0.225, 0.005, 0.525
0.235, 0.005, 0.525
0.245, 0.005, 0.525
0.255, 0.005, 0.525
0.265, 0.005, 0.525
0.275, 0.005, 0.525
0.28500000000000003, 0.005, 0.525
0.295, 0.005, 0.525
0.305, 0.005, 0.525
0.315, 0.005, 0.525
0.325, 0.005, 0.525
0.335, 0.005, 0.525
0.34500000000000003, 0.005, 0.525
0.355, 0.005, 0.525
0.365, 0.005, 0.525
0.375, 0.005, 0.525
0.385, 0.005, 0.525
0.395, 0.005, 0.525
0.405, 0.005, 0.525
0.41500000000000004, 0.005, 0.525
0.425, 0.005, 0.525
0.435, 0.005, 0.525
0.445, 0.005, 0.525
0.455, 0.005, 0.525
0.465, 0.005, 0.525
0.475, 0.005, 0.525
0.485, 0.005, 0.525
0.495, 0.005, 0.525
0.505, 0.005, 0.525
0.515, 0.005, 0.525
0.525, 0.005, 0.525
0.535, 0.005, 0.525
0.545, 0.005, 0.525
0.555, 0.005, 0.525
0.5650000000000001, 0.005, 0.525
0.575, 0.005, 0.525
0.585, 0.005, 0.525
0.595, 0.005, 0.525
0.605, 0.005, 0.525
0.615, 0.005, 0.525
0.625, 0.005, 0.525
0.635, 0.005, 0.525
0.645, 0.005, 0.525
0.655, 0.005, 0.525
0.665, 0.005, 0.525
0.675, 0.005, 0.525
0.685, 0.005, 0.525
0.6950000000000001, 0.005, 0.525
0.7050000000000001, 0.005, 0.525
0.715, 0.005, 0.525
0.725, 0.005, 0.525
0.735, 0.005, 0.525
0.745, 0.005, 0.525
0.755, 0.005, 0.525
0.765, 0.005, 0.525
0.775, 0.005, 0.525
0.785, 0.005, 0.525
0.795, 0.005, 0.525
0.805, 0.005, 0.525
0.8150000000000001, 0.005, 0.525
0.8250000000000001, 0.005, 0.525
0.835, 0.005, 0.525
0.845, 0.005, 0.525
0.855, 0.005, 0.525
0.865, 0.005, 0.525
0.875, 0.005, 0.525
0.885, 0.005, 0.525
0.895, 0.005, 0.525
0.905, 0.005, 0.525
0.915, 0.005, 0.525
0.925, 0.005, 0.525
0.935, 0.005, 0.525
0.9450000000000001, 0.005, 0.525
0.9550000000000001, 0.005, 0.525
0.965, 0.005, 0.525
0.975, 0.005, 0.525
0.985, 0.005, 0.525
0.995, 0.005, 0.525
1.005, 0.005, 0.525
1.0150000000000001, 0.005, 0.525
1.025, 0.005, 0.525
1.0350000000000001, 0.005, 0.525
1.045, 0.005, 0.525
1.0550000000000002, 0.005, 0.525
1.065, 0.005, 0.525
1.0750000000000002, 0.005, 0.525
1.085, 0.005, 0.525
1.0950000000000002, 0.005, 0.525
1.105, 0.005, 0.525
1.1150000000000002, 0.005, 0.525
1.125, 0.005, 0.525
1.1350000000000002, 0.005, 0.525
1.145, 0.005, 0.525
1.155, 0.005, 0.525
1.165, 0.005, 0.525
1.1749999999999998, 0.005, 0.525
1.185, 0.005, 0.525
1.1949999999999998, 0.005, 0.525
1.205, 0.005, 0.525
1.2149999999999999, 0.005, 0.525
1.225, 0.005, 0.525
1.2349999999999999, 0.005, 0.525
1.245, 0.005, 0.525
1.255, 0.005, 0.525
1.2650000000000001, 0.005, 0.525
1.275, 0.005, 0.525
1.2850000000000001, 0.005, 0.525
1.295, 0.005, 0.525
1.3050000000000002, 0.005, 0.525
1.315, 0.005, 0.525
1.3250000000000002, 0.005, 0.525
1.335, 0.005, 0.525
1.3450000000000002, 0.005, 0.525
1.355, 0.005, 0.525
1.3650000000000002, 0.005, 0.525
1.375, 0.005, 0.525
1.3850000000000002, 0.005, 0.525
1.395, 0.005, 0.525
1.405, 0.005, 0.525
1.415, 0.005, 0.525
1.4249999999999998, 0.005, 0.525
1.435, 0.005, 0.525
1.4449999999999998, 0.005, 0.525
1.455, 0.005, 0.525
1.4649999999999999, 0.005, 0.525
1.475, 0.005, 0.525
1.4849999999999999, 0.005, 0.525
1.495, 0.005, 0.525
1.505, 0.005, 0.525
1.5150000000000001, 0.005, 0.525
1.525, 0.005, 0.525
1.5350000000000001, 0.005, 0.525
1.545, 0.005, 0.525
1.5550000000000002, 0.005, 0.525
1.565, 0.005, 0.525
1.5750000000000002, 0.005, 0.525
1.585, 0.005, 0.525
1.5950000000000002, 0.005, 0.525
1.605, 0.005, 0.525
1.6150000000000002, 0.005, 0.525
1.625, 0.005, 0.525
1.6350000000000002, 0.005, 0.525
1.645, 0.005, 0.525
1.6550000000000002, 0.005, 0.525
1.665, 0.005, 0.525
1.6749999999999998, 0.005, 0.525
1.685, 0.005, 0.525
1.6949999999999998, 0.005, 0.525
1.705, 0.005, 0.525
1.7149999999999999, 0.005, 0.525
1.725, 0.005, 0.525
1.7349999999999999, 0.005, 0.525
1.745, 0.005, 0.525
1.755, 0.005, 0.525
1.7650000000000001, 0.005, 0.525
1.775, 0.005, 0.525
1.7850000000000001, 0.005, 0.525
1.795, 0.005, 0.525
1.8050000000000002, 0.005, 0.525
1.815, 0.005, 0.525
1.8250000000000002, 0.005, 0.525
1.835, 0.005, 0.525
1.8450000000000002, 0.005, 0.525
1.855, 0.005, 0.525
1.8650000000000002, 0.005, 0.525
1.875, 0.005, 0.525
1.8850000000000002, 0.005, 0.525
1.895, 0.005, 0.525
1.9050000000000002, 0.005, 0.525
1.915, 0.005, 0.525
1.9249999999999998, 0.005, 0.525
1.935, 0.005, 0.525
1.9449999999999998, 0.005, 0.525
1.955, 0.005, 0.525
1.9649999999999999, 0.005, 0.525
1.975, 0.005, 0.525
1.9849999999999999, 0.005, 0.525
1.995, 0.005, 0.525
2.005, 0.005, 0.525
2.015, 0.005, 0.525
2.0250000000000004, 0.005, 0.525
2.035, 0.005, 0.525
2.045, 0.005, 0.525
2.0549999999999997, 0.005, 0.525
2.065, 0.005, 0.525
2.075, 0.005, 0.525
2.085, 0.005, 0.525
2.0949999999999998, 0.005, 0.525
2.105, 0.005, 0.525
2.115, 0.005, 0.525
2.125, 0.005, 0.525
2.135, 0.005, 0.525
2.145, 0.005, 0.525
2.1550000000000002, 0.005, 0.525
2.165, 0.005, 0.525
2.175, 0.005, 0.525
2.185, 0.005, 0.525
2.1950000000000003, 0.005, 0.525
2.205, 0.005, 0.525
2.215, 0.005, 0.525
2.225, 0.005, 0.525
2.2350000000000003, 0.005, 0.525
2.245, 0.005, 0.525
2.255, 0.005, 0.525
2.265, 0.005, 0.525
2.2750000000000004, 0.005, 0.525
2.285, 0.005, 0.525
2.295, 0.005, 0.525
2.305, 0.005, 0.525
2.315, 0.005, 0.525
2.325, 0.005, 0.525
2.335, 0.005, 0.525
2.3449999999999998, 0.005, 0.525
2.355, 0.005, 0.525
2.365, 0.005, 0.525
2.375, 0.005, 0.525
2.385, 0.005, 0.525
2.395, 0.005, 0.525
2.4050000000000002, 0.005, 0.525
2.415, 0.005, 0.525
2.425, 0.005, 0.525
2.435, 0.005, 0.525
2.4450000000000003, 0.005, 0.525
2.455, 0.005, 0.525
2.465, 0.005, 0.525
2.475, 0.005, 0.525
2.4850000000000003, 0.005, 0.525
2.495, 0.005, 0.525
2.505, 0.005, 0.525
2.515, 0.005, 0.525
2.5250000000000004, 0.005, 0.525
2.535, 0.005, 0.525
2.545, 0.005, 0.525
2.555, 0.005, 0.525
2.565, 0.005, 0.525
2.575, 0.005, 0.525
2.585, 0.005, 0.525
2.5949999999999998, 0.005, 0.525
2.605, 0.005, 0.525
2.615, 0.005, 0.525
2.625, 0.005, 0.525
2.635, 0.005, 0.525
2.645, 0.005, 0.525
2.6550000000000002, 0.005, 0.525
2.665, 0.005, 0.525
2.675, 0.005, 0.525
2.685, 0.005, 0.525
2.6950000000000003, 0.005, 0.525
2.705, 0.005, 0.525
2.715, 0.005, 0.525
2.725, 0.005, 0.525
2.7350000000000003, 0.005, 0.525
2.745, 0.005, 0.525
2.755, 0.005, 0.525
2.765, 0.005, 0.525
2.7750000000000004, 0.005, 0.525
2.785, 0.005, 0.525
2.795, 0.005, 0.525
0.005, 0.005, 0.535
0.015, 0.005, 0.535
0.025, 0.005, 0.535
0.035, 0.005, 0.535
0.045, 0.005, 0.535
0.055, 0.005, 0.535
0.065, 0.005, 0.535
0.07500000000000001, 0.005, 0.535
0.08499999999999999, 0.005, 0.535
0.095, 0.005, 0.535
0.10500000000000001, 0.005, 0.535
0.11499999999999999, 0.005, 0.535
0.125, 0.005, 0.535
0.135, 0.005, 0.535
0.14500000000000002, 0.005, 0.535
0.155, 0.005, 0.535
0.165, 0.005, 0.535
0.175, 0.005, 0.535
0.185, 0.005, 0.535
0.195, 0.005, 0.535
0.20500000000000002, 0.005, 0.535
0.215, 0.005, 0.535
0.225, 0.005, 0.535
0.235, 0.005, 0.535
0.245, 0.005, 0.535
0.255, 0.005, 0.535
0.265, 0.005, 0.535
0.275, 0.005, 0.535
0.28500000000000003, 0.005, 0.535
0.295, 0.005, 0.535
0.305, 0.005, 0.535
0.315, 0.005, 0.535
0.325, 0.005, 0.535
0.335, 0.005, 0.535
0.34500000000000003, 0.005, 0.535
0.355, 0.005, 0.535
0.365, 0.005, 0.535
0.375, 0.005, 0.535
0.385, 0.005, 0.535
0.395, 0.005, 0.535
0.405, 0.005, 0.535
0.41500000000000004, 0.005, 0.535
0.425, 0.005, 0.535
0.435, 0.005, 0.535
0.445, 0.005, 0.535
0.455, 0.005, 0.535
0.465, 0.005, 0.535
0.475, 0.005, 0.535
0.485, 0.005, 0.535
0.495, 0.005, 0.535
0.505, 0.005, 0.535
0.515, 0.005, 0.535
0.525, 0.005, 0.535
0.535, 0.005, 0.535
0.545, 0.005, 0.535
0.555, 0.005, 0.535
0.5650000000000001, 0.005, 0.535
0.575, 0.005, 0.535
0.585, 0.005, 0.535
0.595, 0.005, 0.535
0.605, 0.005, 0.535
0.615, 0.005, 0.535
0.625, 0.005, 0.535
0.635, 0.005, 0.535
0.645, 0.005, 0.535
0.655, 0.005, 0.535
0.665, 0.005, 0.535
0.675, 0.005, 0.535
0.685, 0.005, 0.535
0.6950000000000001, 0.005, 0.535
0.7050000000000001, 0.005, 0.535
0.715, 0.005, 0.535
0.725, 0.005, 0.535
0.735, 0.005, 0.535
0.745, 0.005, 0.535
0.755, 0.005, 0.535
0.765, 0.005, 0.535
0.775, 0.005, 0.535
0.785, 0.005, 0.535
0.795, 0.005, 0.535
0.805, 0.005, 0.535
0.8150000000000001, 0.005, 0.535
0.8250000000000001, 0.005, 0.535
0.835, 0.005, 0.535
0.845, 0.005, 0.535
0.855, 0.005, 0.535
0.865, 0.005, 0.535
0.875, 0.005, 0.535
0.885, 0.005, 0.535
0.895, 0.005, 0.535
0.905, 0.005, 0.535
0.915, 0.005, 0.535
0.925, 0.005, 0.535
0.935, 0.005, 0.535
0.9450000000000001, 0.005, 0.535
0.9550000000000001, 0.005, 0.535
0.965, 0.005, 0.535
0.975, 0.005, 0.535
0.985, 0.005, 0.535
0.995, 0.005, 0.535
1.005, 0.005, 0.535
1.0150000000000001, 0.005, 0.535
1.025, 0.005, 0.535
1.0350000000000001, 0.005, 0.535
1.045, 0.005, 0.535
1.0550000000000002, 0.005, 0.535
1.065, 0.005, 0.535
1.0750000000000002, 0.005, 0.535
1.085, 0.005, 0.535
1.0950000000000002, 0.005, 0.535
1.105, 0.005, 0.535
1.1150000000000002, 0.005, 0.535
1.125, 0.005, 0.535
1.1350000000000002, 0.005, 0.535
1.145, 0.005, 0.535
1.155, 0.005, 0.535
1.165, 0.005, 0.535
1.1749999999999998, 0.005, 0.535
1.185, 0.005, 0.535
1.1949999999999998, 0.005, 0.535
1.205, 0.005, 0.535
1.2149999999999999, 0.005, 0.535
1.225, 0.005, 0.535
1.2349999999999999, 0.005, 0.535
1.245, 0.005, 0.535
1.255, 0.005, 0.535
1.2650000000000001, 0.005, 0.535
1.275, 0.005, 0.535
1.2850000000000001, 0.005, 0.535
1.295, 0.005, 0.535
1.3050000000000002, 0.005, 0.535
1.315, 0.005, 0.535
1.3250000000000002, 0.005, 0.535
1.335, 0.005, 0.535
1.3450000000000002, 0.005, 0.535
1.355, 0.005, 0.535
1.3650000000000002, 0.005, 0.535
1.375, 0.005, 0.535
1.3850000000000002, 0.005, 0.535
1.395, 0.005, 0.535
1.405, 0.005, 0.535
1.415, 0.005, 0.535
1.4249999999999998, 0.005, 0.535
1.435, 0.005, 0.535
1.4449999999999998, 0.005, 0.535
1.455, 0.005, 0.535
1.4649999999999999, 0.005, 0.535
1.475, 0.005, 0.535
1.4849999999999999, 0.005, 0.535
1.495, 0.005, 0.535
1.505, 0.005, 0.535
1.5150000000000001, 0.005, 0.535
1.525, 0.005, 0.535
1.5350000000000001, 0.005, 0.535
1.545, 0.005, 0.535
1.5550000000000002, 0.005, 0.535
1.565, 0.005, 0.535
1.5750000000000002, 0.005, 0.535
1.585, 0.005, 0.535
1.5950000000000002, 0.005, 0.535
1.605, 0.005, 0.535
1.6150000000000002, 0.005, 0.535
1.625, 0.005, 0.535
1.6350000000000002, 0.005, 0.535
1.645, 0.005, 0.535
1.6550000000000002, 0.005, 0.535
1.665, 0.005, 0.535
1.6749999999999998, 0.005, 0.535
1.685, 0.005, 0.535
1.6949999999999998, 0.005, 0.535
1.705, 0.005, 0.535
1.7149999999999999, 0.005, 0.535
1.725, 0.005, 0.535
1.7349999999999999, 0.005, 0.535
1.745, 0.005, 0.535
1.755, 0.005, 0.535
1.7650000000000001, 0.005, 0.535
1.775, 0.005, 0.535
1.7850000000000001, 0.005, 0.535
1.795, 0.005, 0.535
1.8050000000000002, 0.005, 0.535
1.815, 0.005, 0.535
1.8250000000000002, 0.005, 0.535
1.835, 0.005, 0.535
1.8450000000000002, 0.005, 0.535
1.855, 0.005, 0.535
1.8650000000000002, 0.005, 0.535
1.875, 0.005, 0.535
1.8850000000000002, 0.005, 0.535
1.895, 0.005, 0.535
1.9050000000000002, 0.005, 0.535
1.915, 0.005, 0.535
1.9249999999999998, 0.005, 0.535
1.935, 0.005, 0.535
1.9449999999999998, 0.005, 0.535
1.955, 0.005, 0.535
1.9649999999999999, 0.005, 0.535
1.975, 0.005, 0.535
1.9849999999999999, 0.005, 0.535
1.995, 0.005, 0.535
2.005, 0.005, 0.535
2.015, 0.005, 0.535
2.0250000000000004, 0.005, 0.535
2.035, 0.005, 0.535
2.045, 0.005, 0.535
2.0549999999999997, 0.005, 0.535
2.065, 0.005, 0.535
2.075, 0.005, 0.535
2.085, 0.005, 0.535
2.0949999999999998, 0.005, 0.535
2.105, 0.005, 0.535
2.115, 0.005, 0.535
2.125, 0.005, 0.535
2.135, 0.005, 0.535
2.145, 0.005, 0.535
2.1550000000000002, 0.005, 0.535
2.165, 0.005, 0.535
2.175, 0.005, 0.535
2.185, 0.005, 0.535
2.1950000000000003, 0.005, 0.535
2.205, 0.005, 0.535
2.215, 0.005, 0.535
2.225, 0.005, 0.535
2.2350000000000003, 0.005, 0.535
2.245, 0.005, 0.535
2.255, 0.005, 0.535
2.265, 0.005, 0.535
2.2750000000000004, 0.005, 0.535
2.285, 0.005, 0.535
2.295, 0.005, 0.535
2.305, 0.005, 0.535
2.315, 0.005, 0.535
2.325, 0.005, 0.535
2.335, 0.005, 0.535
2.3449999999999998, 0.005, 0.535
2.355, 0.005, 0.535
2.365, 0.005, 0.535
2.375, 0.005, 0.535
2.385, 0.005, 0.535
2.395, 0.005, 0.535
2.4050000000000002, 0.005, 0.535
2.415, 0.005, 0.535
2.425, 0.005, 0.535
2.435, 0.005, 0.535
2.4450000000000003, 0.005, 0.535
2.455, 0.005, 0.535
2.465, 0.005, 0.535
2.475, 0.005, 0.535
2.4850000000000003, 0.005, 0.535
2.495, 0.005, 0.535
2.505, 0.005, 0.535
2.515, 0.005, 0.535
2.5250000000000004, 0.005, 0.535
2.535, 0.005, 0.535
2.545, 0.005, 0.535
2.555, 0.005, 0.535
2.565, 0.005, 0.535
2.575, 0.005, 0.535
2.585, 0.005, 0.535
2.5949999999999998, 0.005, 0.535
2.605, 0.005, 0.535
2.615, 0.005, 0.535
2.625, 0.005, 0.535
2.635, 0.005, 0.535
2.645, 0.005, 0.535
2.6550000000000002, 0.005, 0.535
2.665, 0.005, 0.535
2.675, 0.005, 0.535
2.685, 0.005, 0.535
2.6950000000000003, 0.005, 0.535
2.705, 0.005, 0.535
2.715, 0.005, 0.535
2.725, 0.005, 0.535
2.7350000000000003, 0.005, 0.535
2.745, 0.005, 0.535
2.755, 0.005, 0.535
2.765, 0.005, 0.535
2.7750000000000004, 0.005, 0.535
2.785, 0.005, 0.535
2.795, 0.005, 0.535
0.005, 0.005, 0.545
0.015, 0.005, 0.545
0.025, 0.005, 0.545
0.035, 0.005, 0.545
0.045, 0.005, 0.545
0.055, 0.005, 0.545
0.065, 0.005, 0.545
0.07500000000000001, 0.005, 0.545
0.08499999999999999, 0.005, 0.545
0.095, 0.005, 0.545
0.10500000000000001, 0.005, 0.545
0.11499999999999999, 0.005, 0.545
0.125, 0.005, 0.545
0.135, 0.005, 0.545
0.14500000000000002, 0.005, 0.545
0.155, 0.005, 0.545
0.165, 0.005, 0.545
0.175, 0.005, 0.545
0.185, 0.005, 0.545
0.195, 0.005, 0.545
0.20500000000000002, 0.005, 0.545
0.215, 0.005, 0.545
0.225, 0.005, 0.545
0.235, 0.005, 0.545
0.245, 0.005, 0.545
0.255, 0.005, 0.545
0.265, 0.005, 0.545
0.275, 0.005, 0.545
0.28500000000000003, 0.005, 0.545
0.295, 0.005, 0.545
0.305, 0.005, 0.545
0.315, 0.005, 0.545
0.325, 0.005, 0.545
0.335, 0.005, 0.545
0.34500000000000003, 0.005, 0.545
0.355, 0.005, 0.545
0.365, 0.005, 0.545
0.375, 0.005, 0.545
0.385, 0.005, 0.545
0.395, 0.005, 0.545
0.405, 0.005, 0.545
0.41500000000000004, 0.005, 0.545
0.425, 0.005, 0.545
0.435, 0.005, 0.545
0.445, 0.005, 0.545
0.455, 0.005, 0.545
0.465, 0.005, 0.545
0.475, 0.005, 0.545
0.485, 0.005, 0.545
0.495, 0.005, 0.545
0.505, 0.005, 0.545
0.515, 0.005, 0.545
0.525, 0.005, 0.545
0.535, 0.005, 0.545
0.545, 0.005, 0.545
0.555, 0.005, 0.545
0.5650000000000001, 0.005, 0.545
0.575, 0.005, 0.545
0.585, 0.005, 0.545
0.595, 0.005, 0.545
0.605, 0.005, 0.545
0.615, 0.005, 0.545
0.625, 0.005, 0.545
0.635, 0.005, 0.545
0.645, 0.005, 0.545
0.655, 0.005, 0.545
0.665, 0.005, 0.545
0.675, 0.005, 0.545
0.685, 0.005, 0.545
0.6950000000000001, 0.005, 0.545
0.7050000000000001, 0.005, 0.545
0.715, 0.005, 0.545
0.725, 0.005, 0.545
0.735, 0.005, 0.545
0.745, 0.005, 0.545
0.755, 0.005, 0.545
0.765, 0.005, 0.545
0.775, 0.005, 0.545
0.785, 0.005, 0.545
0.795, 0.005, 0.545
0.805, 0.005, 0.545
0.8150000000000001, 0.005, 0.545
0.8250000000000001, 0.005, 0.545
0.835, 0.005, 0.545
0.845, 0.005, 0.545
0.855, 0.005, 0.545
0.865, 0.005, 0.545
0.875, 0.005, 0.545
0.885, 0.005, 0.545
0.895, 0.005, 0.545
0.905, 0.005, 0.545
0.915, 0.005, 0.545
0.925, 0.005, 0.545
0.935, 0.005, 0.545
0.9450000000000001, 0.005, 0.545
0.9550000000000001, 0.005, 0.545
0.965, 0.005, 0.545
0.975, 0.005, 0.545
0.985, 0.005, 0.545
0.995, 0.005, 0.545
1.005, 0.005, 0.545
1.0150000000000001, 0.005, 0.545
1.025, 0.005, 0.545
1.0350000000000001, 0.005, 0.545
1.045, 0.005, 0.545
1.0550000000000002, 0.005, 0.545
1.065, 0.005, 0.545
1.0750000000000002, 0.005, 0.545
1.085, 0.005, 0.545
1.0950000000000002, 0.005, 0.545
1.105, 0.005, 0.545
1.1150000000000002, 0.005, 0.545
1.125, 0.005, 0.545
1.1350000000000002, 0.005, 0.545
1.145, 0.005, 0.545
1.155, 0.005, 0.545
1.165, 0.005, 0.545
1.1749999999999998, 0.005, 0.545
1.185, 0.005, 0.545
1.1949999999999998, 0.005, 0.545
1.205, 0.005, 0.545
1.2149999999999999, 0.005, 0.545
1.225, 0.005, 0.545
1.2349999999999999, 0.005, 0.545
1.245, 0.005, 0.545
1.255, 0.005, 0.545
1.2650000000000001, 0.005, 0.545
1.275, 0.005, 0.545
1.2850000000000001, 0.005, 0.545
1.295, 0.005, 0.545
1.3050000000000002, 0.005, 0.545
1.315, 0.005, 0.545
1.3250000000000002, 0.005, 0.545
1.335, 0.005, 0.545
1.3450000000000002, 0.005, 0.545
1.355, 0.005, 0.545
1.3650000000000002, 0.005, 0.545
1.375, 0.005, 0.545
1.3850000000000002, 0.005, 0.545
1.395, 0.005, 0.545
1.405, 0.005, 0.545
1.415, 0.005, 0.545
1.4249999999999998, 0.005, 0.545
1.435, 0.005, 0.545
1.4449999999999998, 0.005, 0.545
1.455, 0.005, 0.545
1.4649999999999999, 0.005, 0.545
1.475, 0.005, 0.545
1.4849999999999999, 0.005, 0.545
1.495, 0.005, 0.545
1.505, 0.005, 0.545
1.5150000000000001, 0.005, 0.545
1.525, 0.005, 0.545
1.5350000000000001, 0.005, 0.545
1.545, 0.005, 0.545
1.5550000000000002, 0.005, 0.545
1.565, 0.005, 0.545
1.5750000000000002, 0.005, 0.545
1.585, 0.005, 0.545
1.5950000000000002, 0.005, 0.545
1.605, 0.005, 0.545
1.6150000000000002, 0.005, 0.545
1.625, 0.005, 0.545
1.6350000000000002, 0.005, 0.545
1.645, 0.005, 0.545
1.6550000000000002, 0.005, 0.545
1.665, 0.005, 0.545
1.6749999999999998, 0.005, 0.545
1.685, 0.005, 0.545
1.6949999999999998, 0.005, 0.545
1.705, 0.005, 0.545
1.7149999999999999, 0.005, 0.545
1.725, 0.005, 0.545
1.7349999999999999, 0.005, 0.545
1.745, 0.005, 0.545
1.755, 0.005, 0.545
1.7650000000000001, 0.005, 0.545
1.775, 0.005, 0.545
1.7850000000000001, 0.005, 0.545
1.795, 0.005, 0.545
1.8050000000000002, 0.005, 0.545
1.815, 0.005, 0.545
1.8250000000000002, 0.005, 0.545
1.835, 0.005, 0.545
1.8450000000000002, 0.005, 0.545
1.855, 0.005, 0.545
1.8650000000000002, 0.005, 0.545
1.875, 0.005, 0.545
1.8850000000000002, 0.005, 0.545
1.895, 0.005, 0.545
1.9050000000000002, 0.005, 0.545
1.915, 0.005, 0.545
1.9249999999999998, 0.005, 0.545
1.935, 0.005, 0.545
1.9449999999999998, 0.005, 0.545
1.955, 0.005, 0.545
1.9649999999999999, 0.005, 0.545
1.975, 0.005, 0.545
1.9849999999999999, 0.005, 0.545
1.995, 0.005, 0.545
2.005, 0.005, 0.545
2.015, 0.005, 0.545
2.0250000000000004, 0.005, 0.545
2.035, 0.005, 0.545
2.045, 0.005, 0.545
2.0549999999999997, 0.005, 0.545
2.065, 0.005, 0.545
2.075, 0.005, 0.545
2.085, 0.005, 0.545
2.0949999999999998, 0.005, 0.545
2.105, 0.005, 0.545
2.115, 0.005, 0.545
2.125, 0.005, 0.545
2.135, 0.005, 0.545
2.145, 0.005, 0.545
2.1550000000000002, 0.005, 0.545
2.165, 0.005, 0.545
2.175, 0.005, 0.545
2.185, 0.005, 0.545
2.1950000000000003, 0.005, 0.545
2.205, 0.005, 0.545
2.215, 0.005, 0.545
2.225, 0.005, 0.545
2.2350000000000003, 0.005, 0.545
2.245, 0.005, 0.545
2.255, 0.005, 0.545
2.265, 0.005, 0.545
2.2750000000000004, 0.005, 0.545
2.285, 0.005, 0.545
2.295, 0.005, 0.545
2.305, 0.005, 0.545
2.315, 0.005, 0.545
2.325, 0.005, 0.545
2.335, 0.005, 0.545
2.3449999999999998, 0.005, 0.545
2.355, 0.005, 0.545
2.365, 0.005, 0.545
2.375, 0.005, 0.545
2.385, 0.005, 0.545
2.395, 0.005, 0.545
2.4050000000000002, 0.005, 0.545
2.415, 0.005, 0.545
2.425, 0.005, 0.545
2.435, 0.005, 0.545
2.4450000000000003, 0.005, 0.545
2.455, 0.005, 0.545
2.465, 0.005, 0.545
2.475, 0.005, 0.545
2.4850000000000003, 0.005, 0.545
2.495, 0.005, 0.545
2.505, 0.005, 0.545
2.515, 0.005, 0.545
2.5250000000000004, 0.005, 0.545
2.535, 0.005, 0.545
2.545, 0.005, 0.545
2.555, 0.005, 0.545
2.565, 0.005, 0.545
2.575, 0.005, 0.545
2.585, 0.005, 0.545
2.5949999999999998, 0.005, 0.545
2.605, 0.005, 0.545
2.615, 0.005, 0.545
2.625, 0.005, 0.545
2.635, 0.005, 0.545
2.645, 0.005, 0.545
2.6550000000000002, 0.005, 0.545
2.665, 0.005, 0.545
2.675, 0.005, 0.545
2.685, 0.005, 0.545
2.6950000000000003, 0.005, 0.545
2.705, 0.005, 0.545
2.715, 0.005, 0.545
2.725, 0.005, 0.545
2.7350000000000003, 0.005, 0.545
2.745, 0.005, 0.545
2.755, 0.005, 0.545
2.765, 0.005, 0.545
2.7750000000000004, 0.005, 0.545
2.785, 0.005, 0.545
2.795, 0.005, 0.545
0.005, 0.005, 0.555
0.015, 0.005, 0.555
0.025, 0.005, 0.555
0.035, 0.005, 0.555
0.045, 0.005, 0.555
0.055, 0.005, 0.555
0.065, 0.005, 0.555
0.07500000000000001, 0.005, 0.555
0.08499999999999999, 0.005, 0.555
0.095, 0.005, 0.555
0.10500000000000001, 0.005, 0.555
0.11499999999999999, 0.005, 0.555
0.125, 0.005, 0.555
0.135, 0.005, 0.555
0.14500000000000002, 0.005, 0.555
0.155, 0.005, 0.555
0.165, 0.005, 0.555
0.175, 0.005, 0.555
0.185, 0.005, 0.555
0.195, 0.005, 0.555
0.20500000000000002, 0.005, 0.555
0.215, 0.005, 0.555
0.225, 0.005, 0.555
0.235, 0.005, 0.555
0.245, 0.005, 0.555
0.255, 0.005, 0.555
0.265, 0.005, 0.555
0.275, 0.005, 0.555
0.28500000000000003, 0.005, 0.555
0.295, 0.005, 0.555
0.305, 0.005, 0.555
0.315, 0.005, 0.555
0.325, 0.005, 0.555
0.335, 0.005, 0.555
0.34500000000000003, 0.005, 0.555
0.355, 0.005, 0.555
0.365, 0.005, 0.555
0.375, 0.005, 0.555
0.385, 0.005, 0.555
0.395, 0.005, 0.555
0.405, 0.005, 0.555
0.41500000000000004, 0.005, 0.555
0.425, 0.005, 0.555
0.435, 0.005, 0.555
0.445, 0.005, 0.555
0.455, 0.005, 0.555
0.465, 0.005, 0.555
0.475, 0.005, 0.555
0.485, 0.005, 0.555
0.495, 0.005, 0.555
0.505, 0.005, 0.555
0.515, 0.005, 0.555
0.525, 0.005, 0.555
0.535, 0.005, 0.555
0.545, 0.005, 0.555
0.555, 0.005, 0.555
0.5650000000000001, 0.005, 0.555
0.575, 0.005, 0.555
0.585, 0.005, 0.555
0.595, 0.005, 0.555
0.605, 0.005, 0.555
0.615, 0.005, 0.555
0.625, 0.005, 0.555
0.635, 0.005, 0.555
0.645, 0.005, 0.555
0.655, 0.005, 0.555
0.665, 0.005, 0.555
0.675, 0.005, 0.555
0.685, 0.005, 0.555
0.6950000000000001, 0.005, 0.555
0.7050000000000001, 0.005, 0.555
0.715, 0.005, 0.555
0.725, 0.005, 0.555
0.735, 0.005, 0.555
0.745, 0.005, 0.555
0.755, 0.005, 0.555
0.765, 0.005, 0.555
0.775, 0.005, 0.555
0.785, 0.005, 0.555
0.795, 0.005, 0.555
0.805, 0.005, 0.555
0.8150000000000001, 0.005, 0.555
0.8250000000000001, 0.005, 0.555
0.835, 0.005, 0.555
0.845, 0.005, 0.555
0.855, 0.005, 0.555
0.865, 0.005, 0.555
0.875, 0.005, 0.555
0.885, 0.005, 0.555
0.895, 0.005, 0.555
0.905, 0.005, 0.555
0.915, 0.005, 0.555
0.925, 0.005, 0.555
0.935, 0.005, 0.555
0.9450000000000001, 0.005, 0.555
0.9550000000000001, 0.005, 0.555
0.965, 0.005, 0.555
0.975, 0.005, 0.555
0.985, 0.005, 0.555
0.995, 0.005, 0.555
1.005, 0.005, 0.555
1.0150000000000001, 0.005, 0.555
1.025, 0.005, 0.555
1.0350000000000001, 0.005, 0.555
1.045, 0.005, 0.555
1.0550000000000002, 0.005, 0.555
1.065, 0.005, 0.555
1.0750000000000002, 0.005, 0.555
1.085, 0.005, 0.555
1.0950000000000002, 0.005, 0.555
1.105, 0.005, 0.555
1.1150000000000002, 0.005, 0.555
1.125, 0.005, 0.555
1.1350000000000002, 0.005, 0.555
1.145, 0.005, 0.555
1.155, 0.005, 0.555
1.165, 0.005, 0.555
1.1749999999999998, 0.005, 0.555
1.185, 0.005, 0.555
1.1949999999999998, 0.005, 0.555
1.205, 0.005, 0.555
1.2149999999999999, 0.005, 0.555
1.225, 0.005, 0.555
1.2349999999999999, 0.005, 0.555
1.245, 0.005, 0.555
1.255, 0.005, 0.555
1.2650000000000001, 0.005, 0.555
1.275, 0.005, 0.555
1.2850000000000001, 0.005, 0.555
1.295, 0.005, 0.555
1.3050000000000002, 0.005, 0.555
1.315, 0.005, 0.555
1.3250000000000002, 0.005, 0.555
1.335, 0.005, 0.555
1.3450000000000002, 0.005, 0.555
1.355, 0.005, 0.555
1.3650000000000002, 0.005, 0.555
1.375, 0.005, 0.555
1.3850000000000002, 0.005, 0.555
1.395, 0.005, 0.555
1.405, 0.005, 0.555
1.415, 0.005, 0.555
1.4249999999999998, 0.005, 0.555
1.435, 0.005, 0.555
1.4449999999999998, 0.005, 0.555
1.455, 0.005, 0.555
1.4649999999999999, 0.005, 0.555
1.475, 0.005, 0.555
1.4849999999999999, 0.005, 0.555
1.495, 0.005, 0.555
1.505, 0.005, 0.555
1.5150000000000001, 0.005, 0.555
1.525, 0.005, 0.555
1.5350000000000001, 0.005, 0.555
1.545, 0.005, 0.555
1.5550000000000002, 0.005, 0.555
1.565, 0.005, 0.555
1.5750000000000002, 0.005, 0.555
1.585, 0.005, 0.555
1.5950000000000002, 0.005, 0.555
1.605, 0.005, 0.555
1.6150000000000002, 0.005, 0.555
1.625, 0.005, 0.555
1.6350000000000002, 0.005, 0.555
1.645, 0.005, 0.555
1.6550000000000002, 0.005, 0.555
1.665, 0.005, 0.555
1.6749999999999998, 0.005, 0.555
1.685, 0.005, 0.555
1.6949999999999998, 0.005, 0.555
1.705, 0.005, 0.555
1.7149999999999999, 0.005, 0.555
1.725, 0.005, 0.555
1.7349999999999999, 0.005, 0.555
1.745, 0.005, 0.555
1.755, 0.005, 0.555
1.7650000000000001, 0.005, 0.555
1.775, 0.005, 0.555
1.7850000000000001, 0.005, 0.555
1.795, 0.005, 0.555
1.8050000000000002, 0.005, 0.555
1.815, 0.005, 0.555
1.8250000000000002, 0.005, 0.555
1.835, 0.005, 0.555
1.8450000000000002, 0.005, 0.555
1.855, 0.005, 0.555
1.8650000000000002, 0.005, 0.555
1.875, 0.005, 0.555
1.8850000000000002, 0.005, 0.555
1.895, 0.005, 0.555
1.9050000000000002, 0.005, 0.555
1.915, 0.005, 0.555
1.9249999999999998, 0.005, 0.555
1.935, 0.005, 0.555
1.9449999999999998, 0.005, 0.555
1.955, 0.005, 0.555
1.9649999999999999, 0.005, 0.555
1.975, 0.005, 0.555
1.9849999999999999, 0.005, 0.555
1.995, 0.005, 0.555
2.005, 0.005, 0.555
2.015, 0.005, 0.555
2.0250000000000004, 0.005, 0.555
2.035, 0.005, 0.555
2.045, 0.005, 0.555
2.0549999999999997, 0.005, 0.555
2.065, 0.005, 0.555
2.075, 0.005, 0.555
2.085, 0.005, 0.555
2.0949999999999998, 0.005, 0.555
2.105, 0.005, 0.555
2.115, 0.005, 0.555
2.125, 0.005, 0.555
2.135, 0.005, 0.555
2.145, 0.005, 0.555
2.1550000000000002, 0.005, 0.555
2.165, 0.005, 0.555
2.175, 0.005, 0.555
2.185, 0.005, 0.555
2.1950000000000003, 0.005, 0.555
2.205, 0.005, 0.555
2.215, 0.005, 0.555
2.225, 0.005, 0.555
2.2350000000000003, 0.005, 0.555
2.245, 0.005, 0.555
2.255, 0.005, 0.555
2.265, 0.005, 0.555
2.2750000000000004, 0.005, 0.555
2.285, 0.005, 0.555
2.295, 0.005, 0.555
2.305, 0.005, 0.555
2.315, 0.005, 0.555
2.325, 0.005, 0.555
2.335, 0.005, 0.555
2.3449999999999998, 0.005, 0.555
2.355, 0.005, 0.555
2.365, 0.005, 0.555
2.375, 0.005, 0.555
2.385, 0.005, 0.555
2.395, 0.005, 0.555
2.4050000000000002, 0.005, 0.555
2.415, 0.005, 0.555
2.425, 0.005, 0.555
2.435, 0.005, 0.555
2.4450000000000003, 0.005, 0.555
2.455, 0.005, 0.555
2.465, 0.005, 0.555
2.475, 0.005, 0.555
2.4850000000000003, 0.005, 0.555
2.495, 0.005, 0.555
2.505, 0.005, 0.555
2.515, 0.005, 0.555
2.5250000000000004, 0.005, 0.555
2.535, 0.005, 0.555
2.545, 0.005, 0.555
2.555, 0.005, 0.555
2.565, 0.005, 0.555
2.575, 0.005, 0.555
2.585, 0.005, 0.555
2.5949999999999998, 0.005, 0.555
2.605, 0.005, 0.555
2.615, 0.005, 0.555
2.625, 0.005, 0.555
2.635, 0.005, 0.555
2.645, 0.005, 0.555
2.6550000000000002, 0.005, 0.555
2.665, 0.005, 0.555
2.675, 0.005, 0.555
2.685, 0.005, 0.555
2.6950000000000003, 0.005, 0.555
2.705, 0.005, 0.555
2.715, 0.005, 0.555
2.725, 0.005, 0.555
2.7350000000000003, 0.005, 0.555
2.745, 0.005, 0.555
2.755, 0.005, 0.555
2.765, 0.005, 0.555
2.7750000000000004, 0.005, 0.555
2.785, 0.005, 0.555
2.795, 0.005, 0.555
0.005, 0.005, 0.5650000000000001
0.015, 0.005, 0.5650000000000001
0.025, 0.005, 0.5650000000000001
0.035, 0.005, 0.5650000000000001
0.045, 0.005, 0.5650000000000001
0.055, 0.005, 0.5650000000000001
0.065, 0.005, 0.5650000000000001
0.07500000000000001, 0.005, 0.5650000000000001
0.08499999999999999, 0.005, 0.5650000000000001
0.095, 0.005, 0.5650000000000001
0.10500000000000001, 0.005, 0.5650000000000001
0.11499999999999999, 0.005, 0.5650000000000001
0.125, 0.005, 0.5650000000000001
0.135, 0.005, 0.5650000000000001
0.14500000000000002, 0.005, 0.5650000000000001
0.155, 0.005, 0.5650000000000001
0.165, 0.005, 0.5650000000000001
0.175, 0.005, 0.5650000000000001
0.185, 0.005, 0.5650000000000001
0.195, 0.005, 0.5650000000000001
0.20500000000000002, 0.005, 0.5650000000000001
0.215, 0.005, 0.5650000000000001
0.225, 0.005, 0.5650000000000001
0.235, 0.005, 0.5650000000000001
0.245, 0.005, 0.5650000000000001
0.255, 0.005, 0.5650000000000001
0.265, 0.005, 0.5650000000000001
0.275, 0.005, 0.5650000000000001
0.28500000000000003, 0.005, 0.5650000000000001
0.295, 0.005, 0.5650000000000001
0.305, 0.005, 0.5650000000000001
0.315, 0.005, 0.5650000000000001
0.325, 0.005, 0.5650000000000001
0.335, 0.005, 0.5650000000000001
0.34500000000000003, 0.005, 0.5650000000000001
0.355, 0.005, 0.5650000000000001
0.365, 0.005, 0.5650000000000001
0.375, 0.005, 0.5650000000000001
0.385, 0.005, 0.5650000000000001
0.395, 0.005, 0.5650000000000001
0.405, 0.005, 0.5650000000000001
0.41500000000000004, 0.005, 0.5650000000000001
0.425, 0.005, 0.5650000000000001
0.435, 0.005, 0.5650000000000001
0.445, 0.005, 0.5650000000000001
0.455, 0.005, 0.5650000000000001
0.465, 0.005, 0.5650000000000001
0.475, 0.005, 0.5650000000000001
0.485, 0.005, 0.5650000000000001
0.495, 0.005, 0.5650000000000001
0.505, 0.005, 0.5650000000000001
0.515, 0.005, 0.5650000000000001
0.525, 0.005, 0.5650000000000001
0.535, 0.005, 0.5650000000000001
0.545, 0.005, 0.5650000000000001
0.555, 0.005, 0.5650000000000001
0.5650000000000001, 0.005, 0.5650000000000001
0.575, 0.005, 0.5650000000000001
0.585, 0.005, 0.5650000000000001
0.595, 0.005, 0.5650000000000001
0.605, 0.005, 0.5650000000000001
0.615, 0.005, 0.5650000000000001
0.625, 0.005, 0.5650000000000001
0.635, 0.005, 0.5650000000000001
0.645, 0.005, 0.5650000000000001
0.655, 0.005, 0.5650000000000001
0.665, 0.005, 0.5650000000000001
0.675, 0.005, 0.5650000000000001
0.685, 0.005, 0.5650000000000001
0.6950000000000001, 0.005, 0.5650000000000001
0.7050000000000001, 0.005, 0.5650000000000001
0.715, 0.005, 0.5650000000000001
0.725, 0.005, 0.5650000000000001
0.735, 0.005, 0.5650000000000001
0.745, 0.005, 0.5650000000000001
0.755, 0.005, 0.5650000000000001
0.765, 0.005, 0.5650000000000001
0.775, 0.005, 0.5650000000000001
0.785, 0.005, 0.5650000000000001
0.795, 0.005, 0.5650000000000001
0.805, 0.005, 0.5650000000000001
0.8150000000000001, 0.005, 0.5650000000000001
0.8250000000000001, 0.005, 0.5650000000000001
0.835, 0.005, 0.5650000000000001
0.845, 0.005, 0.5650000000000001
0.855, 0.005, 0.5650000000000001
0.865, 0.005, 0.5650000000000001
0.875, 0.005, 0.5650000000000001
0.885, 0.005, 0.5650000000000001
0.895, 0.005, 0.5650000000000001
0.905, 0.005, 0.5650000000000001
0.915, 0.005, 0.5650000000000001
0.925, 0.005, 0.5650000000000001
0.935, 0.005, 0.5650000000000001
0.9450000000000001, 0.005, 0.5650000000000001
0.9550000000000001, 0.005, 0.5650000000000001
0.965, 0.005, 0.5650000000000001
0.975, 0.005, 0.5650000000000001
0.985, 0.005, 0.5650000000000001
0.995, 0.005, 0.5650000000000001
1.005, 0.005, 0.5650000000000001
1.0150000000000001, 0.005, 0.5650000000000001
1.025, 0.005, 0.5650000000000001
1.0350000000000001, 0.005, 0.5650000000000001
1.045, 0.005, 0.5650000000000001
1.0550000000000002, 0.005, 0.5650000000000001
1.065, 0.005, 0.5650000000000001
1.0750000000000002, 0.005, 0.5650000000000001
1.085, 0.005, 0.5650000000000001
1.0950000000000002, 0.005, 0.5650000000000001
1.105, 0.005, 0.5650000000000001
1.1150000000000002, 0.005, 0.5650000000000001
1.125, 0.005, 0.5650000000000001
1.1350000000000002, 0.005, 0.5650000000000001
1.145, 0.005, 0.5650000000000001
1.155, 0.005, 0.5650000000000001
1.165, 0.005, 0.5650000000000001
1.1749999999999998, 0.005, 0.5650000000000001
1.185, 0.005, 0.5650000000000001
1.1949999999999998, 0.005, 0.5650000000000001
1.205, 0.005, 0.5650000000000001
1.2149999999999999, 0.005, 0.5650000000000001
1.225, 0.005, 0.5650000000000001
1.2349999999999999, 0.005, 0.5650000000000001
1.245, 0.005, 0.5650000000000001
1.255, 0.005, 0.5650000000000001
1.2650000000000001, 0.005, 0.5650000000000001
1.275, 0.005, 0.5650000000000001
1.2850000000000001, 0.005, 0.5650000000000001
1.295, 0.005, 0.5650000000000001
1.3050000000000002, 0.005, 0.5650000000000001
1.315, 0.005, 0.5650000000000001
1.3250000000000002, 0.005, 0.5650000000000001
1.335, 0.005, 0.5650000000000001
1.3450000000000002, 0.005, 0.5650000000000001
1.355, 0.005, 0.5650000000000001
1.3650000000000002, 0.005, 0.5650000000000001
1.375, 0.005, 0.5650000000000001
1.3850000000000002, 0.005, 0.5650000000000001
1.395, 0.005, 0.5650000000000001
1.405, 0.005, 0.5650000000000001
1.415, 0.005, 0.5650000000000001
1.4249999999999998, 0.005, 0.5650000000000001
1.435, 0.005, 0.5650000000000001
1.4449999999999998, 0.005, 0.5650000000000001
1.455, 0.005, 0.5650000000000001
1.4649999999999999, 0.005, 0.5650000000000001
1.475, 0.005, 0.5650000000000001
1.4849999999999999, 0.005, 0.5650000000000001
1.495, 0.005, 0.5650000000000001
1.505, 0.005, 0.5650000000000001
1.5150000000000001, 0.005, 0.5650000000000001
1.525, 0.005, 0.5650000000000001
1.5350000000000001, 0.005, 0.5650000000000001
1.545, 0.005, 0.5650000000000001
1.5550000000000002, 0.005, 0.5650000000000001
1.565, 0.005, 0.5650000000000001
1.5750000000000002, 0.005, 0.5650000000000001
1.585, 0.005, 0.5650000000000001
1.5950000000000002, 0.005, 0.5650000000000001
1.605, 0.005, 0.5650000000000001
1.6150000000000002, 0.005, 0.5650000000000001
1.625, 0.005, 0.5650000000000001
1.6350000000000002, 0.005, 0.5650000000000001
1.645, 0.005, 0.5650000000000001
1.6550000000000002, 0.005, 0.5650000000000001
1.665, 0.005, 0.5650000000000001
1.6749999999999998, 0.005, 0.5650000000000001
1.685, 0.005, 0.5650000000000001
1.6949999999999998, 0.005, 0.5650000000000001
1.705, 0.005, 0.5650000000000001
1.7149999999999999, 0.005, 0.5650000000000001
1.725, 0.005, 0.5650000000000001
1.7349999999999999, 0.005, 0.5650000000000001
1.745, 0.005, 0.5650000000000001
1.755, 0.005, 0.5650000000000001
1.7650000000000001, 0.005, 0.5650000000000001
1.775, 0.005, 0.5650000000000001
1.7850000000000001, 0.005, 0.5650000000000001
1.795, 0.005, 0.5650000000000001
1.8050000000000002, 0.005, 0.5650000000000001
1.815, 0.005, 0.5650000000000001
1.8250000000000002, 0.005, 0.5650000000000001
1.835, 0.005, 0.5650000000000001
1.8450000000000002, 0.005, 0.5650000000000001
1.855, 0.005, 0.5650000000000001
1.8650000000000002, 0.005, 0.5650000000000001
1.875, 0.005, 0.5650000000000001
1.8850000000000002, 0.005, 0.5650000000000001
1.895, 0.005, 0.5650000000000001
1.9050000000000002, 0.005, 0.5650000000000001
1.915, 0.005, 0.5650000000000001
1.9249999999999998, 0.005, 0.5650000000000001
1.935, 0.005, 0.5650000000000001
1.9449999999999998, 0.005, 0.5650000000000001
1.955, 0.005, 0.5650000000000001
1.9649999999999999, 0.005, 0.5650000000000001
1.975, 0.005, 0.5650000000000001
1.9849999999999999, 0.005, 0.5650000000000001
1.995, 0.005, 0.5650000000000001
2.005, 0.005, 0.5650000000000001
2.015, 0.005, 0.5650000000000001
2.0250000000000004, 0.005, 0.5650000000000001
2.035, 0.005, 0.5650000000000001
2.045, 0.005, 0.5650000000000001
2.0549999999999997, 0.005, 0.5650000000000001
2.065, 0.005, 0.5650000000000001
2.075, 0.005, 0.5650000000000001
2.085, 0.005, 0.5650000000000001
2.0949999999999998, 0.005, 0.5650000000000001
2.105, 0.005, 0.5650000000000001
2.115, 0.005, 0.5650000000000001
2.125, 0.005, 0.5650000000000001
2.135, 0.005, 0.5650000000000001
2.145, 0.005, 0.5650000000000001
2.1550000000000002, 0.005, 0.5650000000000001
2.165, 0.005, 0.5650000000000001
2.175, 0.005, 0.5650000000000001
2.185, 0.005, 0.5650000000000001
2.1950000000000003, 0.005, 0.5650000000000001
2.205, 0.005, 0.5650000000000001
2.215, 0.005, 0.5650000000000001
2.225, 0.005, 0.5650000000000001
2.2350000000000003, 0.005, 0.5650000000000001
2.245, 0.005, 0.5650000000000001
2.255, 0.005, 0.5650000000000001
2.265, 0.005, 0.5650000000000001
2.2750000000000004, 0.005, 0.5650000000000001
2.285, 0.005, 0.5650000000000001
2.295, 0.005, 0.5650000000000001
2.305, 0.005, 0.5650000000000001
2.315, 0.005, 0.5650000000000001
2.325, 0.005, 0.5650000000000001
2.335, 0.005, 0.5650000000000001
2.3449999999999998, 0.005, 0.5650000000000001
2.355, 0.005, 0.5650000000000001
2.365, 0.005, 0.5650000000000001
2.375, 0.005, 0.5650000000000001
2.385, 0.005, 0.5650000000000001
2.395, 0.005, 0.5650000000000001
2.4050000000000002, 0.005, 0.5650000000000001
2.415, 0.005, 0.5650000000000001
2.425, 0.005, 0.5650000000000001
2.435, 0.005, 0.5650000000000001
2.4450000000000003, 0.005, 0.5650000000000001
2.455, 0.005, 0.5650000000000001
2.465, 0.005, 0.5650000000000001
2.475, 0.005, 0.5650000000000001
2.4850000000000003, 0.005, 0.5650000000000001
2.495, 0.005, 0.5650000000000001
2.505, 0.005, 0.5650000000000001
2.515, 0.005, 0.5650000000000001
2.5250000000000004, 0.005, 0.5650000000000001
2.535, 0.005, 0.5650000000000001
2.545, 0.005, 0.5650000000000001
2.555, 0.005, 0.5650000000000001
2.565, 0.005, 0.5650000000000001
2.575, 0.005, 0.5650000000000001
2.585, 0.005, 0.5650000000000001
2.5949999999999998, 0.005, 0.5650000000000001
2.605, 0.005, 0.5650000000000001
2.615, 0.005, 0.5650000000000001
2.625, 0.005, 0.5650000000000001
2.635, 0.005, 0.5650000000000001
2.645, 0.005, 0.5650000000000001
2.6550000000000002, 0.005, 0.5650000000000001
2.665, 0.005, 0.5650000000000001
2.675, 0.005, 0.5650000000000001
2.685, 0.005, 0.5650000000000001
2.6950000000000003, 0.005, 0.5650000000000001
2.705, 0.005, 0.5650000000000001
2.715, 0.005, 0.5650000000000001
2.725, 0.005, 0.5650000000000001
2.7350000000000003, 0.005, 0.5650000000000001
2.745, 0.005, 0.5650000000000001
2.755, 0.005, 0.5650000000000001
2.765, 0.005, 0.5650000000000001
2.7750000000000004, 0.005, 0.5650000000000001
2.785, 0.005, 0.5650000000000001
2.795, 0.005, 0.5650000000000001
0.005, 0.005, 0.575
0.015, 0.005, 0.575
0.025, 0.005, 0.575
0.035, 0.005, 0.575
0.045, 0.005, 0.575
0.055, 0.005, 0.575
0.065, 0.005, 0.575
0.07500000000000001, 0.005, 0.575
0.08499999999999999, 0.005, 0.575
0.095, 0.005, 0.575
0.10500000000000001, 0.005, 0.575
0.11499999999999999, 0.005, 0.575
0.125, 0.005, 0.575
0.135, 0.005, 0.575
0.14500000000000002, 0.005, 0.575
0.155, 0.005, 0.575
0.165, 0.005, 0.575
0.175, 0.005, 0.575
0.185, 0.005, 0.575
0.195, 0.005, 0.575
0.20500000000000002, 0.005, 0.575
0.215, 0.005, 0.575
0.225, 0.005, 0.575
0.235, 0.005, 0.575
0.245, 0.005, 0.575
0.255, 0.005, 0.575
0.265, 0.005, 0.575
0.275, 0.005, 0.575
0.28500000000000003, 0.005, 0.575
0.295, 0.005, 0.575
0.305, 0.005, 0.575
0.315, 0.005, 0.575
0.325, 0.005, 0.575
0.335, 0.005, 0.575
0.34500000000000003, 0.005, 0.575
0.355, 0.005, 0.575
0.365, 0.005, 0.575
0.375, 0.005, 0.575
0.385, 0.005, 0.575
0.395, 0.005, 0.575
0.405, 0.005, 0.575
0.41500000000000004, 0.005, 0.575
0.425, 0.005, 0.575
0.435, 0.005, 0.575
0.445, 0.005, 0.575
0.455, 0.005, 0.575
0.465, 0.005, 0.575
0.475, 0.005, 0.575
0.485, 0.005, 0.575
0.495, 0.005, 0.575
0.505, 0.005, 0.575
0.515, 0.005, 0.575
0.525, 0.005, 0.575
0.535, 0.005, 0.575
0.545, 0.005, 0.575
0.555, 0.005, 0.575
0.5650000000000001, 0.005, 0.575
0.575, 0.005, 0.575
0.585, 0.005, 0.575
0.595, 0.005, 0.575
0.605, 0.005, 0.575
0.615, 0.005, 0.575
0.625, 0.005, 0.575
0.635, 0.005, 0.575
0.645, 0.005, 0.575
0.655, 0.005, 0.575
0.665, 0.005, 0.575
0.675, 0.005, 0.575
0.685, 0.005, 0.575
0.6950000000000001, 0.005, 0.575
0.7050000000000001, 0.005, 0.575
0.715, 0.005, 0.575
0.725, 0.005, 0.575
0.735, 0.005, 0.575
0.745, 0.005, 0.575
0.755, 0.005, 0.575
0.765, 0.005, 0.575
0.775, 0.005, 0.575
0.785, 0.005, 0.575
0.795, 0.005, 0.575
0.805, 0.005, 0.575
0.8150000000000001, 0.005, 0.575
0.8250000000000001, 0.005, 0.575
0.835, 0.005, 0.575
0.845, 0.005, 0.575
0.855, 0.005, 0.575
0.865, 0.005, 0.575
0.875, 0.005, 0.575
0.885, 0.005, 0.575
0.895, 0.005, 0.575
0.905, 0.005, 0.575
0.915, 0.005, 0.575
0.925, 0.005, 0.575
0.935, 0.005, 0.575
0.9450000000000001, 0.005, 0.575
0.9550000000000001, 0.005, 0.575
0.965, 0.005, 0.575
0.975, 0.005, 0.575
0.985, 0.005, 0.575
0.995, 0.005, 0.575
1.005, 0.005, 0.575
1.0150000000000001, 0.005, 0.575
1.025, 0.005, 0.575
1.0350000000000001, 0.005, 0.575
1.045, 0.005, 0.575
1.0550000000000002, 0.005, 0.575
1.065, 0.005, 0.575
1.0750000000000002, 0.005, 0.575
1.085, 0.005, 0.575
1.0950000000000002, 0.005, 0.575
1.105, 0.005, 0.575
1.1150000000000002, 0.005, 0.575
1.125, 0.005, 0.575
1.1350000000000002, 0.005, 0.575
1.145, 0.005, 0.575
1.155, 0.005, 0.575
1.165, 0.005, 0.575
1.1749999999999998, 0.005, 0.575
1.185, 0.005, 0.575
1.1949999999999998, 0.005, 0.575
1.205, 0.005, 0.575
1.2149999999999999, 0.005, 0.575
1.225, 0.005, 0.575
1.2349999999999999, 0.005, 0.575
1.245, 0.005, 0.575
1.255, 0.005, 0.575
1.2650000000000001, 0.005, 0.575
1.275, 0.005, 0.575
1.2850000000000001, 0.005, 0.575
1.295, 0.005, 0.575
1.3050000000000002, 0.005, 0.575
1.315, 0.005, 0.575
1.3250000000000002, 0.005, 0.575
1.335, 0.005, 0.575
1.3450000000000002, 0.005, 0.575
1.355, 0.005, 0.575
1.3650000000000002, 0.005, 0.575
1.375, 0.005, 0.575
1.3850000000000002, 0.005, 0.575
1.395, 0.005, 0.575
1.405, 0.005, 0.575
1.415, 0.005, 0.575
1.4249999999999998, 0.005, 0.575
1.435, 0.005, 0.575
1.4449999999999998, 0.005, 0.575
1.455, 0.005, 0.575
1.4649999999999999, 0.005, 0.575
1.475, 0.005, 0.575
1.4849999999999999, 0.005, 0.575
1.495, 0.005, 0.575
1.505, 0.005, 0.575
1.5150000000000001, 0.005, 0.575
1.525, 0.005, 0.575
1.5350000000000001, 0.005, 0.575
1.545, 0.005, 0.575
1.5550000000000002, 0.005, 0.575
1.565, 0.005, 0.575
1.5750000000000002, 0.005, 0.575
1.585, 0.005, 0.575
1.5950000000000002, 0.005, 0.575
1.605, 0.005, 0.575
1.6150000000000002, 0.005, 0.575
1.625, 0.005, 0.575
1.6350000000000002, 0.005, 0.575
1.645, 0.005, 0.575
1.6550000000000002, 0.005, 0.575
1.665, 0.005, 0.575
1.6749999999999998, 0.005, 0.575
1.685, 0.005, 0.575
1.6949999999999998, 0.005, 0.575
1.705, 0.005, 0.575
1.7149999999999999, 0.005, 0.575
1.725, 0.005, 0.575
1.7349999999999999, 0.005, 0.575
1.745, 0.005, 0.575
1.755, 0.005, 0.575
1.7650000000000001, 0.005, 0.575
1.775, 0.005, 0.575
1.7850000000000001, 0.005, 0.575
1.795, 0.005, 0.575
1.8050000000000002, 0.005, 0.575
1.815, 0.005, 0.575
1.8250000000000002, 0.005, 0.575
1.835, 0.005, 0.575
1.8450000000000002, 0.005, 0.575
1.855, 0.005, 0.575
1.8650000000000002, 0.005, 0.575
1.875, 0.005, 0.575
1.8850000000000002, 0.005, 0.575
1.895, 0.005, 0.575
1.9050000000000002, 0.005, 0.575
1.915, 0.005, 0.575
1.9249999999999998, 0.005, 0.575
1.935, 0.005, 0.575
1.9449999999999998, 0.005, 0.575
1.955, 0.005, 0.575
1.9649999999999999, 0.005, 0.575
1.975, 0.005, 0.575
1.9849999999999999, 0.005, 0.575
1.995, 0.005, 0.575
2.005, 0.005, 0.575
2.015, 0.005, 0.575
2.0250000000000004, 0.005, 0.575
2.035, 0.005, 0.575
2.045, 0.005, 0.575
2.0549999999999997, 0.005, 0.575
2.065, 0.005, 0.575
2.075, 0.005, 0.575
2.085, 0.005, 0.575
2.0949999999999998, 0.005, 0.575
2.105, 0.005, 0.575
2.115, 0.005, 0.575
2.125, 0.005, 0.575
2.135, 0.005, 0.575
2.145, 0.005, 0.575
2.1550000000000002, 0.005, 0.575
2.165, 0.005, 0.575
2.175, 0.005, 0.575
2.185, 0.005, 0.575
2.1950000000000003, 0.005, 0.575
2.205, 0.005, 0.575
2.215, 0.005, 0.575
2.225, 0.005, 0.575
2.2350000000000003, 0.005, 0.575
2.245, 0.005, 0.575
2.255, 0.005, 0.575
2.265, 0.005, 0.575
2.2750000000000004, 0.005, 0.575
2.285, 0.005, 0.575
2.295, 0.005, 0.575
2.305, 0.005, 0.575
2.315, 0.005, 0.575
2.325, 0.005, 0.575
2.335, 0.005, 0.575
2.3449999999999998, 0.005, 0.575
2.355, 0.005, 0.575
2.365, 0.005, 0.575
2.375, 0.005, 0.575
2.385, 0.005, 0.575
2.395, 0.005, 0.575
2.4050000000000002, 0.005, 0.575
2.415, 0.005, 0.575
2.425, 0.005, 0.575
2.435, 0.005, 0.575
2.4450000000000003, 0.005, 0.575
2.455, 0.005, 0.575
2.465, 0.005, 0.575
2.475, 0.005, 0.575
2.4850000000000003, 0.005, 0.575
2.495, 0.005, 0.575
2.505, 0.005, 0.575
2.515, 0.005, 0.575
2.5250000000000004, 0.005, 0.575
2.535, 0.005, 0.575
2.545, 0.005, 0.575
2.555, 0.005, 0.575
2.565, 0.005, 0.575
2.575, 0.005, 0.575
2.585, 0.005, 0.575
2.5949999999999998, 0.005, 0.575
2.605, 0.005, 0.575
2.615, 0.005, 0.575
2.625, 0.005, 0.575
2.635, 0.005, 0.575
2.645, 0.005, 0.575
2.6550000000000002, 0.005, 0.575
2.665, 0.005, 0.575
2.675, 0.005, 0.575
2.685, 0.005, 0.575
2.6950000000000003, 0.005, 0.575
2.705, 0.005, 0.575
2.715, 0.005, 0.575
2.725, 0.005, 0.575
2.7350000000000003, 0.005, 0.575
2.745, 0.005, 0.575
2.755, 0.005, 0.575
2.765, 0.005, 0.575
2.7750000000000004, 0.005, 0.575
2.785, 0.005, 0.575
2.795, 0.005, 0.575
0.005, 0.005, 0.585
0.015, 0.005, 0.585
0.025, 0.005, 0.585
0.035, 0.005, 0.585
0.045, 0.005, 0.585
0.055, 0.005, 0.585
0.065, 0.005, 0.585
0.07500000000000001, 0.005, 0.585
0.08499999999999999, 0.005, 0.585
0.095, 0.005, 0.585
0.10500000000000001, 0.005, 0.585
0.11499999999999999, 0.005, 0.585
0.125, 0.005, 0.585
0.135, 0.005, 0.585
0.14500000000000002, 0.005, 0.585
0.155, 0.005, 0.585
0.165, 0.005, 0.585
0.175, 0.005, 0.585
0.185, 0.005, 0.585
0.195, 0.005, 0.585
0.20500000000000002, 0.005, 0.585
0.215, 0.005, 0.585
0.225, 0.005, 0.585
0.235, 0.005, 0.585
0.245, 0.005, 0.585
0.255, 0.005, 0.585
0.265, 0.005, 0.585
0.275, 0.005, 0.585
0.28500000000000003, 0.005, 0.585
0.295, 0.005, 0.585
0.305, 0.005, 0.585
0.315, 0.005, 0.585
0.325, 0.005, 0.585
0.335, 0.005, 0.585
0.34500000000000003, 0.005, 0.585
0.355, 0.005, 0.585
0.365, 0.005, 0.585
0.375, 0.005, 0.585
0.385, 0.005, 0.585
0.395, 0.005, 0.585
0.405, 0.005, 0.585
0.41500000000000004, 0.005, 0.585
0.425, 0.005, 0.585
0.435, 0.005, 0.585
0.445, 0.005, 0.585
0.455, 0.005, 0.585
0.465, 0.005, 0.585
0.475, 0.005, 0.585
0.485, 0.005, 0.585
0.495, 0.005, 0.585
0.505, 0.005, 0.585
0.515, 0.005, 0.585
0.525, 0.005, 0.585
0.535, 0.005, 0.585
0.545, 0.005, 0.585
0.555, 0.005, 0.585
0.5650000000000001, 0.005, 0.585
0.575, 0.005, 0.585
0.585, 0.005, 0.585
0.595, 0.005, 0.585
0.605, 0.005, 0.585
0.615, 0.005, 0.585
0.625, 0.005, 0.585
0.635, 0.005, 0.585
0.645, 0.005, 0.585
0.655, 0.005, 0.585
0.665, 0.005, 0.585
0.675, 0.005, 0.585
0.685, 0.005, 0.585
0.6950000000000001, 0.005, 0.585
0.7050000000000001, 0.005, 0.585
0.715, 0.005, 0.585
0.725, 0.005, 0.585
0.735, 0.005, 0.585
0.745, 0.005, 0.585
0.755, 0.005, 0.585
0.765, 0.005, 0.585
0.775, 0.005, 0.585
0.785, 0.005, 0.585
0.795, 0.005, 0.585
0.805, 0.005, 0.585
0.8150000000000001, 0.005, 0.585
0.8250000000000001, 0.005, 0.585
0.835, 0.005, 0.585
0.845, 0.005, 0.585
0.855, 0.005, 0.585
0.865, 0.005, 0.585
0.875, 0.005, 0.585
0.885, 0.005, 0.585
0.895, 0.005, 0.585
0.905, 0.005, 0.585
0.915, 0.005, 0.585
0.925, 0.005, 0.585
0.935, 0.005, 0.585
0.9450000000000001, 0.005, 0.585
0.9550000000000001, 0.005, 0.585
0.965, 0.005, 0.585
0.975, 0.005, 0.585
0.985, 0.005, 0.585
0.995, 0.005, 0.585
1.005, 0.005, 0.585
1.0150000000000001, 0.005, 0.585
1.025, 0.005, 0.585
1.0350000000000001, 0.005, 0.585
1.045, 0.005, 0.585
1.0550000000000002, 0.005, 0.585
1.065, 0.005, 0.585
1.0750000000000002, 0.005, 0.585
1.085, 0.005, 0.585
1.0950000000000002, 0.005, 0.585
1.105, 0.005, 0.585
1.1150000000000002, 0.005, 0.585
1.125, 0.005, 0.585
1.1350000000000002, 0.005, 0.585
1.145, 0.005, 0.585
1.155, 0.005, 0.585
1.165, 0.005, 0.585
1.1749999999999998, 0.005, 0.585
1.185, 0.005, 0.585
1.1949999999999998, 0.005, 0.585
1.205, 0.005, 0.585
1.2149999999999999, 0.005, 0.585
1.225, 0.005, 0.585
1.2349999999999999, 0.005, 0.585
1.245, 0.005, 0.585
1.255, 0.005, 0.585
1.2650000000000001, 0.005, 0.585
1.275, 0.005, 0.585
1.2850000000000001, 0.005, 0.585
1.295, 0.005, 0.585
1.3050000000000002, 0.005, 0.585
1.315, 0.005, 0.585
1.3250000000000002, 0.005, 0.585
1.335, 0.005, 0.585
1.3450000000000002, 0.005, 0.585
1.355, 0.005, 0.585
1.3650000000000002, 0.005, 0.585
1.375, 0.005, 0.585
1.3850000000000002, 0.005, 0.585
1.395, 0.005, 0.585
1.405, 0.005, 0.585
1.415, 0.005, 0.585
1.4249999999999998, 0.005, 0.585
1.435, 0.005, 0.585
1.4449999999999998, 0.005, 0.585
1.455, 0.005, 0.585
1.4649999999999999, 0.005, 0.585
1.475, 0.005, 0.585
1.4849999999999999, 0.005, 0.585
1.495, 0.005, 0.585
1.505, 0.005, 0.585
1.5150000000000001, 0.005, 0.585
1.525, 0.005, 0.585
1.5350000000000001, 0.005, 0.585
1.545, 0.005, 0.585
1.5550000000000002, 0.005, 0.585
1.565, 0.005, 0.585
1.5750000000000002, 0.005, 0.585
1.585, 0.005, 0.585
1.5950000000000002, 0.005, 0.585
1.605, 0.005, 0.585
1.6150000000000002, 0.005, 0.585
1.625, 0.005, 0.585
1.6350000000000002, 0.005, 0.585
1.645, 0.005, 0.585
1.6550000000000002, 0.005, 0.585
1.665, 0.005, 0.585
1.6749999999999998, 0.005, 0.585
1.685, 0.005, 0.585
1.6949999999999998, 0.005, 0.585
1.705, 0.005, 0.585
1.7149999999999999, 0.005, 0.585
1.725, 0.005, 0.585
1.7349999999999999, 0.005, 0.585
1.745, 0.005, 0.585
1.755, 0.005, 0.585
1.7650000000000001, 0.005, 0.585
1.775, 0.005, 0.585
1.7850000000000001, 0.005, 0.585
1.795, 0.005, 0.585
1.8050000000000002, 0.005, 0.585
1.815, 0.005, 0.585
1.8250000000000002, 0.005, 0.585
1.835, 0.005, 0.585
1.8450000000000002, 0.005, 0.585
1.855, 0.005, 0.585
1.8650000000000002, 0.005, 0.585
1.875, 0.005, 0.585
1.8850000000000002, 0.005, 0.585
1.895, 0.005, 0.585
1.9050000000000002, 0.005, 0.585
1.915, 0.005, 0.585
1.9249999999999998, 0.005, 0.585
1.935, 0.005, 0.585
1.9449999999999998, 0.005, 0.585
1.955, 0.005, 0.585
1.9649999999999999, 0.005, 0.585
1.975, 0.005, 0.585
1.9849999999999999, 0.005, 0.585
1.995, 0.005, 0.585
2.005, 0.005, 0.585
2.015, 0.005, 0.585
2.0250000000000004, 0.005, 0.585
2.035, 0.005, 0.585
2.045, 0.005, 0.585
2.0549999999999997, 0.005, 0.585
2.065, 0.005, 0.585
2.075, 0.005, 0.585
2.085, 0.005, 0.585
2.0949999999999998, 0.005, 0.585
2.105, 0.005, 0.585
2.115, 0.005, 0.585
2.125, 0.005, 0.585
2.135, 0.005, 0.585
2.145, 0.005, 0.585
2.1550000000000002, 0.005, 0.585
2.165, 0.005, 0.585
2.175, 0.005, 0.585
2.185, 0.005, 0.585
2.1950000000000003, 0.005, 0.585
2.205, 0.005, 0.585
2.215, 0.005, 0.585
2.225, 0.005, 0.585
2.2350000000000003, 0.005, 0.585
2.245, 0.005, 0.585
2.255, 0.005, 0.585
2.265, 0.005, 0.585
2.2750000000000004, 0.005, 0.585
2.285, 0.005, 0.585
2.295, 0.005, 0.585
2.305, 0.005, 0.585
2.315, 0.005, 0.585
2.325, 0.005, 0.585
2.335, 0.005, 0.585
2.3449999999999998, 0.005, 0.585
2.355, 0.005, 0.585
2.365, 0.005, 0.585
2.375, 0.005, 0.585
2.385, 0.005, 0.585
2.395, 0.005, 0.585
2.4050000000000002, 0.005, 0.585
2.415, 0.005, 0.585
2.425, 0.005, 0.585
2.435, 0.005, 0.585
2.4450000000000003, 0.005, 0.585
2.455, 0.005, 0.585
2.465, 0.005, 0.585
2.475, 0.005, 0.585
2.4850000000000003, 0.005, 0.585
2.495, 0.005, 0.585
2.505, 0.005, 0.585
2.515, 0.005, 0.585
2.5250000000000004, 0.005, 0.585
2.535, 0.005, 0.585
2.545, 0.005, 0.585
2.555, 0.005, 0.585
2.565, 0.005, 0.585
2.575, 0.005, 0.585
2.585, 0.005, 0.585
2.5949999999999998, 0.005, 0.585
2.605, 0.005, 0.585
2.615, 0.005, 0.585
2.625, 0.005, 0.585
2.635, 0.005, 0.585
2.645, 0.005, 0.585
2.6550000000000002, 0.005, 0.585
2.665, 0.005, 0.585
2.675, 0.005, 0.585
2.685, 0.005, 0.585
2.6950000000000003, 0.005, 0.585
2.705, 0.005, 0.585
2.715, 0.005, 0.585
2.725, 0.005, 0.585
2.7350000000000003, 0.005, 0.585
2.745, 0.005, 0.585
2.755, 0.005, 0.585
2.765, 0.005, 0.585
2.7750000000000004, 0.005, 0.585
2.785, 0.005, 0.585
2.795, 0.005, 0.585
0.005, 0.005, 0.595
0.015, 0.005, 0.595
0.025, 0.005, 0.595
0.035, 0.005, 0.595
0.045, 0.005, 0.595
0.055, 0.005, 0.595
0.065, 0.005, 0.595
0.07500000000000001, 0.005, 0.595
0.08499999999999999, 0.005, 0.595
0.095, 0.005, 0.595
0.10500000000000001, 0.005, 0.595
0.11499999999999999, 0.005, 0.595
0.125, 0.005, 0.595
0.135, 0.005, 0.595
0.14500000000000002, 0.005, 0.595
0.155, 0.005, 0.595
0.165, 0.005, 0.595
0.175, 0.005, 0.595
0.185, 0.005, 0.595
0.195, 0.005, 0.595
0.20500000000000002, 0.005, 0.595
0.215, 0.005, 0.595
0.225, 0.005, 0.595
0.235, 0.005, 0.595
0.245, 0.005, 0.595
0.255, 0.005, 0.595
0.265, 0.005, 0.595
0.275, 0.005, 0.595
0.28500000000000003, 0.005, 0.595
0.295, 0.005, 0.595
0.305, 0.005, 0.595
0.315, 0.005, 0.595
0.325, 0.005, 0.595
0.335, 0.005, 0.595
0.34500000000000003, 0.005, 0.595
0.355, 0.005, 0.595
0.365, 0.005, 0.595
0.375, 0.005, 0.595
0.385, 0.005, 0.595
0.395, 0.005, 0.595
0.405, 0.005, 0.595
0.41500000000000004, 0.005, 0.595
0.425, 0.005, 0.595
0.435, 0.005, 0.595
0.445, 0.005, 0.595
0.455, 0.005, 0.595
0.465, 0.005, 0.595
0.475, 0.005, 0.595
0.485, 0.005, 0.595
0.495, 0.005, 0.595
0.505, 0.005, 0.595
0.515, 0.005, 0.595
0.525, 0.005, 0.595
0.535, 0.005, 0.595
0.545, 0.005, 0.595
0.555, 0.005, 0.595
0.5650000000000001, 0.005, 0.595
0.575, 0.005, 0.595
0.585, 0.005, 0.595
0.595, 0.005, 0.595
0.605, 0.005, 0.595
0.615, 0.005, 0.595
0.625, 0.005, 0.595
0.635, 0.005, 0.595
0.645, 0.005, 0.595
0.655, 0.005, 0.595
0.665, 0.005, 0.595
0.675, 0.005, 0.595
0.685, 0.005, 0.595
0.6950000000000001, 0.005, 0.595
0.7050000000000001, 0.005, 0.595
0.715, 0.005, 0.595
0.725, 0.005, 0.595
0.735, 0.005, 0.595
0.745, 0.005, 0.595
0.755, 0.005, 0.595
0.765, 0.005, 0.595
0.775, 0.005, 0.595
0.785, 0.005, 0.595
0.795, 0.005, 0.595
0.805, 0.005, 0.595
0.8150000000000001, 0.005, 0.595
0.8250000000000001, 0.005, 0.595
0.835, 0.005, 0.595
0.845, 0.005, 0.595
0.855, 0.005, 0.595
0.865, 0.005, 0.595
0.875, 0.005, 0.595
0.885, 0.005, 0.595
0.895, 0.005, 0.595
0.905, 0.005, 0.595
0.915, 0.005, 0.595
0.925, 0.005, 0.595
0.935, 0.005, 0.595
0.9450000000000001, 0.005, 0.595
0.9550000000000001, 0.005, 0.595
0.965, 0.005, 0.595
0.975, 0.005, 0.595
0.985, 0.005, 0.595
0.995, 0.005, 0.595
1.005, 0.005, 0.595
1.0150000000000001, 0.005, 0.595
1.025, 0.005, 0.595
1.0350000000000001, 0.005, 0.595
1.045, 0.005, 0.595
1.0550000000000002, 0.005, 0.595
1.065, 0.005, 0.595
1.0750000000000002, 0.005, 0.595
1.085, 0.005, 0.595
1.0950000000000002, 0.005, 0.595
1.105, 0.005, 0.595
1.1150000000000002, 0.005, 0.595
1.125, 0.005, 0.595
1.1350000000000002, 0.005, 0.595
1.145, 0.005, 0.595
1.155, 0.005, 0.595
1.165, 0.005, 0.595
1.1749999999999998, 0.005, 0.595
1.185, 0.005, 0.595
1.1949999999999998, 0.005, 0.595
1.205, 0.005, 0.595
1.2149999999999999, 0.005, 0.595
1.225, 0.005, 0.595
1.2349999999999999, 0.005, 0.595
1.245, 0.005, 0.595
1.255, 0.005, 0.595
1.2650000000000001, 0.005, 0.595
1.275, 0.005, 0.595
1.2850000000000001, 0.005, 0.595
1.295, 0.005, 0.595
1.3050000000000002, 0.005, 0.595
1.315, 0.005, 0.595
1.3250000000000002, 0.005, 0.595
1.335, 0.005, 0.595
1.3450000000000002, 0.005, 0.595
1.355, 0.005, 0.595
1.3650000000000002, 0.005, 0.595
1.375, 0.005, 0.595
1.3850000000000002, 0.005, 0.595
1.395, 0.005, 0.595
1.405, 0.005, 0.595
1.415, 0.005, 0.595
1.4249999999999998, 0.005, 0.595
1.435, 0.005, 0.595
1.4449999999999998, 0.005, 0.595
1.455, 0.005, 0.595
1.4649999999999999, 0.005, 0.595
1.475, 0.005, 0.595
1.4849999999999999, 0.005, 0.595
1.495, 0.005, 0.595
1.505, 0.005, 0.595
1.5150000000000001, 0.005, 0.595
1.525, 0.005, 0.595
1.5350000000000001, 0.005, 0.595
1.545, 0.005, 0.595
1.5550000000000002, 0.005, 0.595
1.565, 0.005, 0.595
1.5750000000000002, 0.005, 0.595
1.585, 0.005, 0.595
1.5950000000000002, 0.005, 0.595
1.605, 0.005, 0.595
1.6150000000000002, 0.005, 0.595
1.625, 0.005, 0.595
1.6350000000000002, 0.005, 0.595
1.645, 0.005, 0.595
1.6550000000000002, 0.005, 0.595
1.665, 0.005, 0.595
1.6749999999999998, 0.005, 0.595
1.685, 0.005, 0.595
1.6949999999999998, 0.005, 0.595
1.705, 0.005, 0.595
1.7149999999999999, 0.005, 0.595
1.725, 0.005, 0.595
1.7349999999999999, 0.005, 0.595
1.745, 0.005, 0.595
1.755, 0.005, 0.595
1.7650000000000001, 0.005, 0.595
1.775, 0.005, 0.595
1.7850000000000001, 0.005, 0.595
1.795, 0.005, 0.595
1.8050000000000002, 0.005, 0.595
1.815, 0.005, 0.595
1.8250000000000002, 0.005, 0.595
1.835, 0.005, 0.595
1.8450000000000002, 0.005, 0.595
1.855, 0.005, 0.595
1.8650000000000002, 0.005, 0.595
1.875, 0.005, 0.595
1.8850000000000002, 0.005, 0.595
1.895, 0.005, 0.595
1.9050000000000002, 0.005, 0.595
1.915, 0.005, 0.595
1.9249999999999998, 0.005, 0.595
1.935, 0.005, 0.595
1.9449999999999998, 0.005, 0.595
1.955, 0.005, 0.595
1.9649999999999999, 0.005, 0.595
1.975, 0.005, 0.595
1.9849999999999999, 0.005, 0.595
1.995, 0.005, 0.595
2.005, 0.005, 0.595
2.015, 0.005, 0.595
2.0250000000000004, 0.005, 0.595
2.035, 0.005, 0.595
2.045, 0.005, 0.595
2.0549999999999997, 0.005, 0.595
2.065, 0.005, 0.595
2.075, 0.005, 0.595
2.085, 0.005, 0.595
2.0949999999999998, 0.005, 0.595
2.105, 0.005, 0.595
2.115, 0.005, 0.595
2.125, 0.005, 0.595
2.135, 0.005, 0.595
2.145, 0.005, 0.595
2.1550000000000002, 0.005, 0.595
2.165, 0.005, 0.595
2.175, 0.005, 0.595
2.185, 0.005, 0.595
2.1950000000000003, 0.005, 0.595
2.205, 0.005, 0.595
2.215, 0.005, 0.595
2.225, 0.005, 0.595
2.2350000000000003, 0.005, 0.595
2.245, 0.005, 0.595
2.255, 0.005, 0.595
2.265, 0.005, 0.595
2.2750000000000004, 0.005, 0.595
2.285, 0.005, 0.595
2.295, 0.005, 0.595
2.305, 0.005, 0.595
2.315, 0.005, 0.595
2.325, 0.005, 0.595
2.335, 0.005, 0.595
2.3449999999999998, 0.005, 0.595
2.355, 0.005, 0.595
2.365, 0.005, 0.595
2.375, 0.005, 0.595
2.385, 0.005, 0.595
2.395, 0.005, 0.595
2.4050000000000002, 0.005, 0.595
2.415, 0.005, 0.595
2.425, 0.005, 0.595
2.435, 0.005, 0.595
2.4450000000000003, 0.005, 0.595
2.455, 0.005, 0.595
2.465, 0.005, 0.595
2.475, 0.005, 0.595
2.4850000000000003, 0.005, 0.595
2.495, 0.005, 0.595
2.505, 0.005, 0.595
2.515, 0.005, 0.595
2.5250000000000004, 0.005, 0.595
2.535, 0.005, 0.595
2.545, 0.005, 0.595
2.555, 0.005, 0.595
2.565, 0.005, 0.595
2.575, 0.005, 0.595
2.585, 0.005, 0.595
2.5949999999999998, 0.005, 0.595
2.605, 0.005, 0.595
2.615, 0.005, 0.595
2.625, 0.005, 0.595
2.635, 0.005, 0.595
2.645, 0.005, 0.595
2.6550000000000002, 0.005, 0.595
2.665, 0.005, 0.595
2.675, 0.005, 0.595
2.685, 0.005, 0.595
2.6950000000000003, 0.005, 0.595
2.705, 0.005, 0.595
2.715, 0.005, 0.595
2.725, 0.005, 0.595
2.7350000000000003, 0.005, 0.595
2.745, 0.005, 0.595
2.755, 0.005, 0.595
2.765, 0.005, 0.595
2.7750000000000004, 0.005, 0.595
2.785, 0.005, 0.595
2.795, 0.005, 0.595
0.005, 0.005, 0.605
0.015, 0.005, 0.605
0.025, 0.005, 0.605
0.035, 0.005, 0.605
0.045, 0.005, 0.605
0.055, 0.005, 0.605
0.065, 0.005, 0.605
0.07500000000000001, 0.005, 0.605
0.08499999999999999, 0.005, 0.605
0.095, 0.005, 0.605
0.10500000000000001, 0.005, 0.605
0.11499999999999999, 0.005, 0.605
0.125, 0.005, 0.605
0.135, 0.005, 0.605
0.14500000000000002, 0.005, 0.605
0.155, 0.005, 0.605
0.165, 0.005, 0.605
0.175, 0.005, 0.605
0.185, 0.005, 0.605
0.195, 0.005, 0.605
0.20500000000000002, 0.005, 0.605
0.215, 0.005, 0.605
0.225, 0.005, 0.605
0.235, 0.005, 0.605
0.245, 0.005, 0.605
0.255, 0.005, 0.605
0.265, 0.005, 0.605
0.275, 0.005, 0.605
0.28500000000000003, 0.005, 0.605
0.295, 0.005, 0.605
0.305, 0.005, 0.605
0.315, 0.005, 0.605
0.325, 0.005, 0.605
0.335, 0.005, 0.605
0.34500000000000003, 0.005, 0.605
0.355, 0.005, 0.605
0.365, 0.005, 0.605
0.375, 0.005, 0.605
0.385, 0.005, 0.605
0.395, 0.005, 0.605
0.405, 0.005, 0.605
0.41500000000000004, 0.005, 0.605
0.425, 0.005, 0.605
0.435, 0.005, 0.605
0.445, 0.005, 0.605
0.455, 0.005, 0.605
0.465, 0.005, 0.605
0.475, 0.005, 0.605
0.485, 0.005, 0.605
0.495, 0.005, 0.605
0.505, 0.005, 0.605
0.515, 0.005, 0.605
0.525, 0.005, 0.605
0.535, 0.005, 0.605
0.545, 0.005, 0.605
0.555, 0.005, 0.605
0.5650000000000001, 0.005, 0.605
0.575, 0.005, 0.605
0.585, 0.005, 0.605
0.595, 0.005, 0.605
0.605, 0.005, 0.605
0.615, 0.005, 0.605
0.625, 0.005, 0.605
0.635, 0.005, 0.605
0.645, 0.005, 0.605
0.655, 0.005, 0.605
0.665, 0.005, 0.605
0.675, 0.005, 0.605
0.685, 0.005, 0.605
0.6950000000000001, 0.005, 0.605
0.7050000000000001, 0.005, 0.605
0.715, 0.005, 0.605
0.725, 0.005, 0.605
0.735, 0.005, 0.605
0.745, 0.005, 0.605
0.755, 0.005, 0.605
0.765, 0.005, 0.605
0.775, 0.005, 0.605
0.785, 0.005, 0.605
0.795, 0.005, 0.605
0.805, 0.005, 0.605
0.8150000000000001, 0.005, 0.605
0.8250000000000001, 0.005, 0.605
0.835, 0.005, 0.605
0.845, 0.005, 0.605
0.855, 0.005, 0.605
0.865, 0.005, 0.605
0.875, 0.005, 0.605
0.885, 0.005, 0.605
0.895, 0.005, 0.605
0.905, 0.005, 0.605
0.915, 0.005, 0.605
0.925, 0.005, 0.605
0.935, 0.005, 0.605
0.9450000000000001, 0.005, 0.605
0.9550000000000001, 0.005, 0.605
0.965, 0.005, 0.605
0.975, 0.005, 0.605
0.985, 0.005, 0.605
0.995, 0.005, 0.605
1.005, 0.005, 0.605
1.0150000000000001, 0.005, 0.605
1.025, 0.005, 0.605
1.0350000000000001, 0.005, 0.605
1.045, 0.005, 0.605
1.0550000000000002, 0.005, 0.605
1.065, 0.005, 0.605
1.0750000000000002, 0.005, 0.605
1.085, 0.005, 0.605
1.0950000000000002, 0.005, 0.605
1.105, 0.005, 0.605
1.1150000000000002, 0.005, 0.605
1.125, 0.005, 0.605
1.1350000000000002, 0.005, 0.605
1.145, 0.005, 0.605
1.155, 0.005, 0.605
1.165, 0.005, 0.605
1.1749999999999998, 0.005, 0.605
1.185, 0.005, 0.605
1.1949999999999998, 0.005, 0.605
1.205, 0.005, 0.605
1.2149999999999999, 0.005, 0.605
1.225, 0.005, 0.605
1.2349999999999999, 0.005, 0.605
1.245, 0.005, 0.605
1.255, 0.005, 0.605
1.2650000000000001, 0.005, 0.605
1.275, 0.005, 0.605
1.2850000000000001, 0.005, 0.605
1.295, 0.005, 0.605
1.3050000000000002, 0.005, 0.605
1.315, 0.005, 0.605
1.3250000000000002, 0.005, 0.605
1.335, 0.005, 0.605
1.3450000000000002, 0.005, 0.605
1.355, 0.005, 0.605
1.3650000000000002, 0.005, 0.605
1.375, 0.005, 0.605
1.3850000000000002, 0.005, 0.605
1.395, 0.005, 0.605
1.405, 0.005, 0.605
1.415, 0.005, 0.605
1.4249999999999998, 0.005, 0.605
1.435, 0.005, 0.605
1.4449999999999998, 0.005, 0.605
1.455, 0.005, 0.605
1.4649999999999999, 0.005, 0.605
1.475, 0.005, 0.605
1.4849999999999999, 0.005, 0.605
1.495, 0.005, 0.605
1.505, 0.005, 0.605
1.5150000000000001, 0.005, 0.605
1.525, 0.005, 0.605
1.5350000000000001, 0.005, 0.605
1.545, 0.005, 0.605
1.5550000000000002, 0.005, 0.605
1.565, 0.005, 0.605
1.5750000000000002, 0.005, 0.605
1.585, 0.005, 0.605
1.5950000000000002, 0.005, 0.605
1.605, 0.005, 0.605
1.6150000000000002, 0.005, 0.605
1.625, 0.005, 0.605
1.6350000000000002, 0.005, 0.605
1.645, 0.005, 0.605
1.6550000000000002, 0.005, 0.605
1.665, 0.005, 0.605
1.6749999999999998, 0.005, 0.605
1.685, 0.005, 0.605
1.6949999999999998, 0.005, 0.605
1.705, 0.005, 0.605
1.7149999999999999, 0.005, 0.605
1.725, 0.005, 0.605
1.7349999999999999, 0.005, 0.605
1.745, 0.005, 0.605
1.755, 0.005, 0.605
1.7650000000000001, 0.005, 0.605
1.775, 0.005, 0.605
1.7850000000000001, 0.005, 0.605
1.795, 0.005, 0.605
1.8050000000000002, 0.005, 0.605
1.815, 0.005, 0.605
1.8250000000000002, 0.005, 0.605
1.835, 0.005, 0.605
1.8450000000000002, 0.005, 0.605
1.855, 0.005, 0.605
1.8650000000000002, 0.005, 0.605
1.875, 0.005, 0.605
1.8850000000000002, 0.005, 0.605
1.895, 0.005, 0.605
1.9050000000000002, 0.005, 0.605
1.915, 0.005, 0.605
1.9249999999999998, 0.005, 0.605
1.935, 0.005, 0.605
1.9449999999999998, 0.005, 0.605
1.955, 0.005, 0.605
1.9649999999999999, 0.005, 0.605
1.975, 0.005, 0.605
1.9849999999999999, 0.005, 0.605
1.995, 0.005, 0.605
2.005, 0.005, 0.605
2.015, 0.005, 0.605
2.0250000000000004, 0.005, 0.605
2.035, 0.005, 0.605
2.045, 0.005, 0.605
2.0549999999999997, 0.005, 0.605
2.065, 0.005, 0.605
2.075, 0.005, 0.605
2.085, 0.005, 0.605
2.0949999999999998, 0.005, 0.605
2.105, 0.005, 0.605
2.115, 0.005, 0.605
2.125, 0.005, 0.605
2.135, 0.005, 0.605
2.145, 0.005, 0.605
2.1550000000000002, 0.005, 0.605
2.165, 0.005, 0.605
2.175, 0.005, 0.605
2.185, 0.005, 0.605
2.1950000000000003, 0.005, 0.605
2.205, 0.005, 0.605
2.215, 0.005, 0.605
2.225, 0.005, 0.605
2.2350000000000003, 0.005, 0.605
2.245, 0.005, 0.605
2.255, 0.005, 0.605
2.265, 0.005, 0.605
2.2750000000000004, 0.005, 0.605
2.285, 0.005, 0.605
2.295, 0.005, 0.605
2.305, 0.005, 0.605
2.315, 0.005, 0.605
2.325, 0.005, 0.605
2.335, 0.005, 0.605
2.3449999999999998, 0.005, 0.605
2.355, 0.005, 0.605
2.365, 0.005, 0.605
2.375, 0.005, 0.605
2.385, 0.005, 0.605
2.395, 0.005, 0.605
2.4050000000000002, 0.005, 0.605
2.415, 0.005, 0.605
2.425, 0.005, 0.605
2.435, 0.005, 0.605
2.4450000000000003, 0.005, 0.605
2.455, 0.005, 0.605
2.465, 0.005, 0.605
2.475, 0.005, 0.605
2.4850000000000003, 0.005, 0.605
2.495, 0.005, 0.605
2.505, 0.005, 0.605
2.515, 0.005, 0.605
2.5250000000000004, 0.005, 0.605
2.535, 0.005, 0.605
2.545, 0.005, 0.605
2.555, 0.005, 0.605
2.565, 0.005, 0.605
2.575, 0.005, 0.605
2.585, 0.005, 0.605
2.5949999999999998, 0.005, 0.605
2.605, 0.005, 0.605
2.615, 0.005, 0.605
2.625, 0.005, 0.605
2.635, 0.005, 0.605
2.645, 0.005, 0.605
2.6550000000000002, 0.005, 0.605
2.665, 0.005, 0.605
2.675, 0.005, 0.605
2.685, 0.005, 0.605
2.6950000000000003, 0.005, 0.605
2.705, 0.005, 0.605
2.715, 0.005, 0.605
2.725, 0.005, 0.605
2.7350000000000003, 0.005, 0.605
2.745, 0.005, 0.605
2.755, 0.005, 0.605
2.765, 0.005, 0.605
2.7750000000000004, 0.005, 0.605
2.785, 0.005, 0.605
2.795, 0.005, 0.605
0.005, 0.005, 0.615
0.015, 0.005, 0.615
0.025, 0.005, 0.615
0.035, 0.005, 0.615
0.045, 0.005, 0.615
0.055, 0.005, 0.615
0.065, 0.005, 0.615
0.07500000000000001, 0.005, 0.615
0.08499999999999999, 0.005, 0.615
0.095, 0.005, 0.615
0.10500000000000001, 0.005, 0.615
0.11499999999999999, 0.005, 0.615
0.125, 0.005, 0.615
0.135, 0.005, 0.615
0.14500000000000002, 0.005, 0.615
0.155, 0.005, 0.615
0.165, 0.005, 0.615
0.175, 0.005, 0.615
0.185, 0.005, 0.615
0.195, 0.005, 0.615
0.20500000000000002, 0.005, 0.615
0.215, 0.005, 0.615
0.225, 0.005, 0.615
0.235, 0.005, 0.615
0.245, 0.005, 0.615
0.255, 0.005, 0.615
0.265, 0.005, 0.615
0.275, 0.005, 0.615
0.28500000000000003, 0.005, 0.615
0.295, 0.005, 0.615
0.305, 0.005, 0.615
0.315, 0.005, 0.615
0.325, 0.005, 0.615
0.335, 0.005, 0.615
0.34500000000000003, 0.005, 0.615
0.355, 0.005, 0.615
0.365, 0.005, 0.615
0.375, 0.005, 0.615
0.385, 0.005, 0.615
0.395, 0.005, 0.615
0.405, 0.005, 0.615
0.41500000000000004, 0.005, 0.615
0.425, 0.005, 0.615
0.435, 0.005, 0.615
0.445, 0.005, 0.615
0.455, 0.005, 0.615
0.465, 0.005, 0.615
0.475, 0.005, 0.615
0.485, 0.005, 0.615
0.495, 0.005, 0.615
0.505, 0.005, 0.615
0.515, 0.005, 0.615
0.525, 0.005, 0.615
0.535, 0.005, 0.615
0.545, 0.005, 0.615
0.555, 0.005, 0.615
0.5650000000000001, 0.005, 0.615
0.575, 0.005, 0.615
0.585, 0.005, 0.615
0.595, 0.005, 0.615
0.605, 0.005, 0.615
0.615, 0.005, 0.615
0.625, 0.005, 0.615
0.635, 0.005, 0.615
0.645, 0.005, 0.615
0.655, 0.005, 0.615
0.665, 0.005, 0.615
0.675, 0.005, 0.615
0.685, 0.005, 0.615
0.6950000000000001, 0.005, 0.615
0.7050000000000001, 0.005, 0.615
0.715, 0.005, 0.615
0.725, 0.005, 0.615
0.735, 0.005, 0.615
0.745, 0.005, 0.615
0.755, 0.005, 0.615
0.765, 0.005, 0.615
0.775, 0.005, 0.615
0.785, 0.005, 0.615
0.795, 0.005, 0.615
0.805, 0.005, 0.615
0.8150000000000001, 0.005, 0.615
0.8250000000000001, 0.005, 0.615
0.835, 0.005, 0.615
0.845, 0.005, 0.615
0.855, 0.005, 0.615
0.865, 0.005, 0.615
0.875, 0.005, 0.615
0.885, 0.005, 0.615
0.895, 0.005, 0.615
0.905, 0.005, 0.615
0.915, 0.005, 0.615
0.925, 0.005, 0.615
0.935, 0.005, 0.615
0.9450000000000001, 0.005, 0.615
0.9550000000000001, 0.005, 0.615
0.965, 0.005, 0.615
0.975, 0.005, 0.615
0.985, 0.005, 0.615
0.995, 0.005, 0.615
1.005, 0.005, 0.615
1.0150000000000001, 0.005, 0.615
1.025, 0.005, 0.615
1.0350000000000001, 0.005, 0.615
1.045, 0.005, 0.615
1.0550000000000002, 0.005, 0.615
1.065, 0.005, 0.615
1.0750000000000002, 0.005, 0.615
1.085, 0.005, 0.615
1.0950000000000002, 0.005, 0.615
1.105, 0.005, 0.615
1.1150000000000002, 0.005, 0.615
1.125, 0.005, 0.615
1.1350000000000002, 0.005, 0.615
1.145, 0.005, 0.615
1.155, 0.005, 0.615
1.165, 0.005, 0.615
1.1749999999999998, 0.005, 0.615
1.185, 0.005, 0.615
1.1949999999999998, 0.005, 0.615
1.205, 0.005, 0.615
1.2149999999999999, 0.005, 0.615
1.225, 0.005, 0.615
1.2349999999999999, 0.005, 0.615
1.245, 0.005, 0.615
1.255, 0.005, 0.615
1.2650000000000001, 0.005, 0.615
1.275, 0.005, 0.615
1.2850000000000001, 0.005, 0.615
1.295, 0.005, 0.615
1.3050000000000002, 0.005, 0.615
1.315, 0.005, 0.615
1.3250000000000002, 0.005, 0.615
1.335, 0.005, 0.615
1.3450000000000002, 0.005, 0.615
1.355, 0.005, 0.615
1.3650000000000002, 0.005, 0.615
1.375, 0.005, 0.615
1.3850000000000002, 0.005, 0.615
1.395, 0.005, 0.615
1.405, 0.005, 0.615
1.415, 0.005, 0.615
1.4249999999999998, 0.005, 0.615
1.435, 0.005, 0.615
1.4449999999999998, 0.005, 0.615
1.455, 0.005, 0.615
1.4649999999999999, 0.005, 0.615
1.475, 0.005, 0.615
1.4849999999999999, 0.005, 0.615
1.495, 0.005, 0.615
1.505, 0.005, 0.615
1.5150000000000001, 0.005, 0.615
1.525, 0.005, 0.615
1.5350000000000001, 0.005, 0.615
1.545, 0.005, 0.615
1.5550000000000002, 0.005, 0.615
1.565, 0.005, 0.615
1.5750000000000002, 0.005, 0.615
1.585, 0.005, 0.615
1.5950000000000002, 0.005, 0.615
1.605, 0.005, 0.615
1.6150000000000002, 0.005, 0.615
1.625, 0.005, 0.615
1.6350000000000002, 0.005, 0.615
1.645, 0.005, 0.615
1.6550000000000002, 0.005, 0.615
1.665, 0.005, 0.615
1.6749999999999998, 0.005, 0.615
1.685, 0.005, 0.615
1.6949999999999998, 0.005, 0.615
1.705, 0.005, 0.615
1.7149999999999999, 0.005, 0.615
1.725, 0.005, 0.615
1.7349999999999999, 0.005, 0.615
1.745, 0.005, 0.615
1.755, 0.005, 0.615
1.7650000000000001, 0.005, 0.615
1.775, 0.005, 0.615
1.7850000000000001, 0.005, 0.615
1.795, 0.005, 0.615
1.8050000000000002, 0.005, 0.615
1.815, 0.005, 0.615
1.8250000000000002, 0.005, 0.615
1.835, 0.005, 0.615
1.8450000000000002, 0.005, 0.615
1.855, 0.005, 0.615
1.8650000000000002, 0.005, 0.615
1.875, 0.005, 0.615
1.8850000000000002, 0.005, 0.615
1.895, 0.005, 0.615
1.9050000000000002, 0.005, 0.615
1.915, 0.005, 0.615
1.9249999999999998, 0.005, 0.615
1.935, 0.005, 0.615
1.9449999999999998, 0.005, 0.615
1.955, 0.005, 0.615
1.9649999999999999, 0.005, 0.615
1.975, 0.005, 0.615
1.9849999999999999, 0.005, 0.615
1.995, 0.005, 0.615
2.005, 0.005, 0.615
2.015, 0.005, 0.615
2.0250000000000004, 0.005, 0.615
2.035, 0.005, 0.615
2.045, 0.005, 0.615
2.0549999999999997, 0.005, 0.615
2.065, 0.005, 0.615
2.075, 0.005, 0.615
2.085, 0.005, 0.615
2.0949999999999998, 0.005, 0.615
2.105, 0.005, 0.615
2.115, 0.005, 0.615
2.125, 0.005, 0.615
2.135, 0.005, 0.615
2.145, 0.005, 0.615
2.1550000000000002, 0.005, 0.615
2.165, 0.005, 0.615
2.175, 0.005, 0.615
2.185, 0.005, 0.615
2.1950000000000003, 0.005, 0.615
2.205, 0.005, 0.615
2.215, 0.005, 0.615
2.225, 0.005, 0.615
2.2350000000000003, 0.005, 0.615
2.245, 0.005, 0.615
2.255, 0.005, 0.615
2.265, 0.005, 0.615
2.2750000000000004, 0.005, 0.615
2.285, 0.005, 0.615
2.295, 0.005, 0.615
2.305, 0.005, 0.615
2.315, 0.005, 0.615
2.325, 0.005, 0.615
2.335, 0.005, 0.615
2.3449999999999998, 0.005, 0.615
2.355, 0.005, 0.615
2.365, 0.005, 0.615
2.375, 0.005, 0.615
2.385, 0.005, 0.615
2.395, 0.005, 0.615
2.4050000000000002, 0.005, 0.615
2.415, 0.005, 0.615
2.425, 0.005, 0.615
2.435, 0.005, 0.615
2.4450000000000003, 0.005, 0.615
2.455, 0.005, 0.615
2.465, 0.005, 0.615
2.475, 0.005, 0.615
2.4850000000000003, 0.005, 0.615
2.495, 0.005, 0.615
2.505, 0.005, 0.615
2.515, 0.005, 0.615
2.5250000000000004, 0.005, 0.615
2.535, 0.005, 0.615
2.545, 0.005, 0.615
2.555, 0.005, 0.615
2.565, 0.005, 0.615
2.575, 0.005, 0.615
2.585, 0.005, 0.615
2.5949999999999998, 0.005, 0.615
2.605, 0.005, 0.615
2.615, 0.005, 0.615
2.625, 0.005, 0.615
2.635, 0.005, 0.615
2.645, 0.005, 0.615
2.6550000000000002, 0.005, 0.615
2.665, 0.005, 0.615
2.675, 0.005, 0.615
2.685, 0.005, 0.615
2.6950000000000003, 0.005, 0.615
2.705, 0.005, 0.615
2.715, 0.005, 0.615
2.725, 0.005, 0.615
2.7350000000000003, 0.005, 0.615
2.745, 0.005, 0.615
2.755, 0.005, 0.615
2.765, 0.005, 0.615
2.7750000000000004, 0.005, 0.615
2.785, 0.005, 0.615
2.795, 0.005, 0.615
0.005, 0.005, 0.625
0.015, 0.005, 0.625
0.025, 0.005, 0.625
0.035, 0.005, 0.625
0.045, 0.005, 0.625
0.055, 0.005, 0.625
0.065, 0.005, 0.625
0.07500000000000001, 0.005, 0.625
0.08499999999999999, 0.005, 0.625
0.095, 0.005, 0.625
0.10500000000000001, 0.005, 0.625
0.11499999999999999, 0.005, 0.625
0.125, 0.005, 0.625
0.135, 0.005, 0.625
0.14500000000000002, 0.005, 0.625
0.155, 0.005, 0.625
0.165, 0.005, 0.625
0.175, 0.005, 0.625
0.185, 0.005, 0.625
0.195, 0.005, 0.625
0.20500000000000002, 0.005, 0.625
0.215, 0.005, 0.625
0.225, 0.005, 0.625
0.235, 0.005, 0.625
0.245, 0.005, 0.625
0.255, 0.005, 0.625
0.265, 0.005, 0.625
0.275, 0.005, 0.625
0.28500000000000003, 0.005, 0.625
0.295, 0.005, 0.625
0.305, 0.005, 0.625
0.315, 0.005, 0.625
0.325, 0.005, 0.625
0.335, 0.005, 0.625
0.34500000000000003, 0.005, 0.625
0.355, 0.005, 0.625
0.365, 0.005, 0.625
0.375, 0.005, 0.625
0.385, 0.005, 0.625
0.395, 0.005, 0.625
0.405, 0.005, 0.625
0.41500000000000004, 0.005, 0.625
0.425, 0.005, 0.625
0.435, 0.005, 0.625
0.445, 0.005, 0.625
0.455, 0.005, 0.625
0.465, 0.005, 0.625
0.475, 0.005, 0.625
0.485, 0.005, 0.625
0.495, 0.005, 0.625
0.505, 0.005, 0.625
0.515, 0.005, 0.625
0.525, 0.005, 0.625
0.535, 0.005, 0.625
0.545, 0.005, 0.625
0.555, 0.005, 0.625
0.5650000000000001, 0.005, 0.625
0.575, 0.005, 0.625
0.585, 0.005, 0.625
0.595, 0.005, 0.625
0.605, 0.005, 0.625
0.615, 0.005, 0.625
0.625, 0.005, 0.625
0.635, 0.005, 0.625
0.645, 0.005, 0.625
0.655, 0.005, 0.625
0.665, 0.005, 0.625
0.675, 0.005, 0.625
0.685, 0.005, 0.625
0.6950000000000001, 0.005, 0.625
0.7050000000000001, 0.005, 0.625
0.715, 0.005, 0.625
0.725, 0.005, 0.625
0.735, 0.005, 0.625
0.745, 0.005, 0.625
0.755, 0.005, 0.625
0.765, 0.005, 0.625
0.775, 0.005, 0.625
0.785, 0.005, 0.625
0.795, 0.005, 0.625
0.805, 0.005, 0.625
0.8150000000000001, 0.005, 0.625
0.8250000000000001, 0.005, 0.625
0.835, 0.005, 0.625
0.845, 0.005, 0.625
0.855, 0.005, 0.625
0.865, 0.005, 0.625
0.875, 0.005, 0.625
0.885, 0.005, 0.625
0.895, 0.005, 0.625
0.905, 0.005, 0.625
0.915, 0.005, 0.625
0.925, 0.005, 0.625
0.935, 0.005, 0.625
0.9450000000000001, 0.005, 0.625
0.9550000000000001, 0.005, 0.625
0.965, 0.005, 0.625
0.975, 0.005, 0.625
0.985, 0.005, 0.625
0.995, 0.005, 0.625
1.005, 0.005, 0.625
1.0150000000000001, 0.005, 0.625
1.025, 0.005, 0.625
1.0350000000000001, 0.005, 0.625
1.045, 0.005, 0.625
1.0550000000000002, 0.005, 0.625
1.065, 0.005, 0.625
1.0750000000000002, 0.005, 0.625
1.085, 0.005, 0.625
1.0950000000000002, 0.005, 0.625
1.105, 0.005, 0.625
1.1150000000000002, 0.005, 0.625
1.125, 0.005, 0.625
1.1350000000000002, 0.005, 0.625
1.145, 0.005, 0.625
1.155, 0.005, 0.625
1.165, 0.005, 0.625
1.1749999999999998, 0.005, 0.625
1.185, 0.005, 0.625
1.1949999999999998, 0.005, 0.625
1.205, 0.005, 0.625
1.2149999999999999, 0.005, 0.625
1.225, 0.005, 0.625
1.2349999999999999, 0.005, 0.625
1.245, 0.005, 0.625
1.255, 0.005, 0.625
1.2650000000000001, 0.005, 0.625
1.275, 0.005, 0.625
1.2850000000000001, 0.005, 0.625
1.295, 0.005, 0.625
1.3050000000000002, 0.005, 0.625
1.315, 0.005, 0.625
1.3250000000000002, 0.005, 0.625
1.335, 0.005, 0.625
1.3450000000000002, 0.005, 0.625
1.355, 0.005, 0.625
1.3650000000000002, 0.005, 0.625
1.375, 0.005, 0.625
1.3850000000000002, 0.005, 0.625
1.395, 0.005, 0.625
1.405, 0.005, 0.625
1.415, 0.005, 0.625
1.4249999999999998, 0.005, 0.625
1.435, 0.005, 0.625
1.4449999999999998, 0.005, 0.625
1.455, 0.005, 0.625
1.4649999999999999, 0.005, 0.625
1.475, 0.005, 0.625
1.4849999999999999, 0.005, 0.625
1.495, 0.005, 0.625
1.505, 0.005, 0.625
1.5150000000000001, 0.005, 0.625
1.525, 0.005, 0.625
1.5350000000000001, 0.005, 0.625
1.545, 0.005, 0.625
1.5550000000000002, 0.005, 0.625
1.565, 0.005, 0.625
1.5750000000000002, 0.005, 0.625
1.585, 0.005, 0.625
1.5950000000000002, 0.005, 0.625
1.605, 0.005, 0.625
1.6150000000000002, 0.005, 0.625
1.625, 0.005, 0.625
1.6350000000000002, 0.005, 0.625
1.645, 0.005, 0.625
1.6550000000000002, 0.005, 0.625
1.665, 0.005, 0.625
1.6749999999999998, 0.005, 0.625
1.685, 0.005, 0.625
1.6949999999999998, 0.005, 0.625
1.705, 0.005, 0.625
1.7149999999999999, 0.005, 0.625
1.725, 0.005, 0.625
1.7349999999999999, 0.005, 0.625
1.745, 0.005, 0.625
1.755, 0.005, 0.625
1.7650000000000001, 0.005, 0.625
1.775, 0.005, 0.625
1.7850000000000001, 0.005, 0.625
1.795, 0.005, 0.625
1.8050000000000002, 0.005, 0.625
1.815, 0.005, 0.625
1.8250000000000002, 0.005, 0.625
1.835, 0.005, 0.625
1.8450000000000002, 0.005, 0.625
1.855, 0.005, 0.625
1.8650000000000002, 0.005, 0.625
1.875, 0.005, 0.625
1.8850000000000002, 0.005, 0.625
1.895, 0.005, 0.625
1.9050000000000002, 0.005, 0.625
1.915, 0.005, 0.625
1.9249999999999998, 0.005, 0.625
1.935, 0.005, 0.625
1.9449999999999998, 0.005, 0.625
1.955, 0.005, 0.625
1.9649999999999999, 0.005, 0.625
1.975, 0.005, 0.625
1.9849999999999999, 0.005, 0.625
1.995, 0.005, 0.625
2.005, 0.005, 0.625
2.015, 0.005, 0.625
2.0250000000000004, 0.005, 0.625
2.035, 0.005, 0.625
2.045, 0.005, 0.625
2.0549999999999997, 0.005, 0.625
2.065, 0.005, 0.625
2.075, 0.005, 0.625
2.085, 0.005, 0.625
2.0949999999999998, 0.005, 0.625
2.105, 0.005, 0.625
2.115, 0.005, 0.625
2.125, 0.005, 0.625
2.135, 0.005, 0.625
2.145, 0.005, 0.625
2.1550000000000002, 0.005, 0.625
2.165, 0.005, 0.625
2.175, 0.005, 0.625
2.185, 0.005, 0.625
2.1950000000000003, 0.005, 0.625
2.205, 0.005, 0.625
2.215, 0.005, 0.625
2.225, 0.005, 0.625
2.2350000000000003, 0.005, 0.625
2.245, 0.005, 0.625
2.255, 0.005, 0.625
2.265, 0.005, 0.625
2.2750000000000004, 0.005, 0.625
2.285, 0.005, 0.625
2.295, 0.005, 0.625
2.305, 0.005, 0.625
2.315, 0.005, 0.625
2.325, 0.005, 0.625
2.335, 0.005, 0.625
2.3449999999999998, 0.005, 0.625
2.355, 0.005, 0.625
2.365, 0.005, 0.625
2.375, 0.005, 0.625
2.385, 0.005, 0.625
2.395, 0.005, 0.625
2.4050000000000002, 0.005, 0.625
2.415, 0.005, 0.625
2.425, 0.005, 0.625
2.435, 0.005, 0.625
2.4450000000000003, 0.005, 0.625
2.455, 0.005, 0.625
2.465, 0.005, 0.625
2.475, 0.005, 0.625
2.4850000000000003, 0.005, 0.625
2.495, 0.005, 0.625
2.505, 0.005, 0.625
2.515, 0.005, 0.625
2.5250000000000004, 0.005, 0.625
2.535, 0.005, 0.625
2.545, 0.005, 0.625
2.555, 0.005, 0.625
2.565, 0.005, 0.625
2.575, 0.005, 0.625
2.585, 0.005, 0.625
2.5949999999999998, 0.005, 0.625
2.605, 0.005, 0.625
2.615, 0.005, 0.625
2.625, 0.005, 0.625
2.635, 0.005, 0.625
2.645, 0.005, 0.625
2.6550000000000002, 0.005, 0.625
2.665, 0.005, 0.625
2.675, 0.005, 0.625
2.685, 0.005, 0.625
2.6950000000000003, 0.005, 0.625
2.705, 0.005, 0.625
2.715, 0.005, 0.625
2.725, 0.005, 0.625
2.7350000000000003, 0.005, 0.625
2.745, 0.005, 0.625
2.755, 0.005, 0.625
2.765, 0.005, 0.625
2.7750000000000004, 0.005, 0.625
2.785, 0.005, 0.625
2.795, 0.005, 0.625
0.005, 0.005, 0.635
0.015, 0.005, 0.635
0.025, 0.005, 0.635
0.035, 0.005, 0.635
0.045, 0.005, 0.635
0.055, 0.005, 0.635
0.065, 0.005, 0.635
0.07500000000000001, 0.005, 0.635
0.08499999999999999, 0.005, 0.635
0.095, 0.005, 0.635
0.10500000000000001, 0.005, 0.635
0.11499999999999999, 0.005, 0.635
0.125, 0.005, 0.635
0.135, 0.005, 0.635
0.14500000000000002, 0.005, 0.635
0.155, 0.005, 0.635
0.165, 0.005, 0.635
0.175, 0.005, 0.635
0.185, 0.005, 0.635
0.195, 0.005, 0.635
0.20500000000000002, 0.005, 0.635
0.215, 0.005, 0.635
0.225, 0.005, 0.635
0.235, 0.005, 0.635
0.245, 0.005, 0.635
0.255, 0.005, 0.635
0.265, 0.005, 0.635
0.275, 0.005, 0.635
0.28500000000000003, 0.005, 0.635
0.295, 0.005, 0.635
0.305, 0.005, 0.635
0.315, 0.005, 0.635
0.325, 0.005, 0.635
0.335, 0.005, 0.635
0.34500000000000003, 0.005, 0.635
0.355, 0.005, 0.635
0.365, 0.005, 0.635
0.375, 0.005, 0.635
0.385, 0.005, 0.635
0.395, 0.005, 0.635
0.405, 0.005, 0.635
0.41500000000000004, 0.005, 0.635
0.425, 0.005, 0.635
0.435, 0.005, 0.635
0.445, 0.005, 0.635
0.455, 0.005, 0.635
0.465, 0.005, 0.635
0.475, 0.005, 0.635
0.485, 0.005, 0.635
0.495, 0.005, 0.635
0.505, 0.005, 0.635
0.515, 0.005, 0.635
0.525, 0.005, 0.635
0.535, 0.005, 0.635
0.545, 0.005, 0.635
0.555, 0.005, 0.635
0.5650000000000001, 0.005, 0.635
0.575, 0.005, 0.635
0.585, 0.005, 0.635
0.595, 0.005, 0.635
0.605, 0.005, 0.635
0.615, 0.005, 0.635
0.625, 0.005, 0.635
0.635, 0.005, 0.635
0.645, 0.005, 0.635
0.655, 0.005, 0.635
0.665, 0.005, 0.635
0.675, 0.005, 0.635
0.685, 0.005, 0.635
0.6950000000000001, 0.005, 0.635
0.7050000000000001, 0.005, 0.635
0.715, 0.005, 0.635
0.725, 0.005, 0.635
0.735, 0.005, 0.635
0.745, 0.005, 0.635
0.755, 0.005, 0.635
0.765, 0.005, 0.635
0.775, 0.005, 0.635
0.785, 0.005, 0.635
0.795, 0.005, 0.635
0.805, 0.005, 0.635
0.8150000000000001, 0.005, 0.635
0.8250000000000001, 0.005, 0.635
0.835, 0.005, 0.635
0.845, 0.005, 0.635
0.855, 0.005, 0.635
0.865, 0.005, 0.635
0.875, 0.005, 0.635
0.885, 0.005, 0.635
0.895, 0.005, 0.635
0.905, 0.005, 0.635
0.915, 0.005, 0.635
0.925, 0.005, 0.635
0.935, 0.005, 0.635
0.9450000000000001, 0.005, 0.635
0.9550000000000001, 0.005, 0.635
0.965, 0.005, 0.635
0.975, 0.005, 0.635
0.985, 0.005, 0.635
0.995, 0.005, 0.635
1.005, 0.005, 0.635
1.0150000000000001, 0.005, 0.635
1.025, 0.005, 0.635
1.0350000000000001, 0.005, 0.635
1.045, 0.005, 0.635
1.0550000000000002, 0.005, 0.635
1.065, 0.005, 0.635
1.0750000000000002, 0.005, 0.635
1.085, 0.005, 0.635
1.0950000000000002, 0.005, 0.635
1.105, 0.005, 0.635
1.1150000000000002, 0.005, 0.635
1.125, 0.005, 0.635
1.1350000000000002, 0.005, 0.635
1.145, 0.005, 0.635
1.155, 0.005, 0.635
1.165, 0.005, 0.635
1.1749999999999998, 0.005, 0.635
1.185, 0.005, 0.635
1.1949999999999998, 0.005, 0.635
1.205, 0.005, 0.635
1.2149999999999999, 0.005, 0.635
1.225, 0.005, 0.635
1.2349999999999999, 0.005, 0.635
1.245, 0.005, 0.635
1.255, 0.005, 0.635
1.2650000000000001, 0.005, 0.635
1.275, 0.005, 0.635
1.2850000000000001, 0.005, 0.635
1.295, 0.005, 0.635
1.3050000000000002, 0.005, 0.635
1.315, 0.005, 0.635
1.3250000000000002, 0.005, 0.635
1.335, 0.005, 0.635
1.3450000000000002, 0.005, 0.635
1.355, 0.005, 0.635
1.3650000000000002, 0.005, 0.635
1.375, 0.005, 0.635
1.3850000000000002, 0.005, 0.635
1.395, 0.005, 0.635
1.405, 0.005, 0.635
1.415, 0.005, 0.635
1.4249999999999998, 0.005, 0.635
1.435, 0.005, 0.635
1.4449999999999998, 0.005, 0.635
1.455, 0.005, 0.635
1.4649999999999999, 0.005, 0.635
1.475, 0.005, 0.635
1.4849999999999999, 0.005, 0.635
1.495, 0.005, 0.635
1.505, 0.005, 0.635
1.5150000000000001, 0.005, 0.635
1.525, 0.005, 0.635
1.5350000000000001, 0.005, 0.635
1.545, 0.005, 0.635
1.5550000000000002, 0.005, 0.635
1.565, 0.005, 0.635
1.5750000000000002, 0.005, 0.635
1.585, 0.005, 0.635
1.5950000000000002, 0.005, 0.635
1.605, 0.005, 0.635
1.6150000000000002, 0.005, 0.635
1.625, 0.005, 0.635
1.6350000000000002, 0.005, 0.635
1.645, 0.005, 0.635
1.6550000000000002, 0.005, 0.635
1.665, 0.005, 0.635
1.6749999999999998, 0.005, 0.635
1.685, 0.005, 0.635
1.6949999999999998, 0.005, 0.635
1.705, 0.005, 0.635
1.7149999999999999, 0.005, 0.635
1.725, 0.005, 0.635
1.7349999999999999, 0.005, 0.635
1.745, 0.005, 0.635
1.755, 0.005, 0.635
1.7650000000000001, 0.005, 0.635
1.775, 0.005, 0.635
1.7850000000000001, 0.005, 0.635
1.795, 0.005, 0.635
1.8050000000000002, 0.005, 0.635
1.815, 0.005, 0.635
1.8250000000000002, 0.005, 0.635
1.835, 0.005, 0.635
1.8450000000000002, 0.005, 0.635
1.855, 0.005, 0.635
1.8650000000000002, 0.005, 0.635
1.875, 0.005, 0.635
1.8850000000000002, 0.005, 0.635
1.895, 0.005, 0.635
1.9050000000000002, 0.005, 0.635
1.915, 0.005, 0.635
1.9249999999999998, 0.005, 0.635
1.935, 0.005, 0.635
1.9449999999999998, 0.005, 0.635
1.955, 0.005, 0.635
1.9649999999999999, 0.005, 0.635
1.975, 0.005, 0.635
1.9849999999999999, 0.005, 0.635
1.995, 0.005, 0.635
2.005, 0.005, 0.635
2.015, 0.005, 0.635
2.0250000000000004, 0.005, 0.635
2.035, 0.005, 0.635
2.045, 0.005, 0.635
2.0549999999999997, 0.005, 0.635
2.065, 0.005, 0.635
2.075, 0.005, 0.635
2.085, 0.005, 0.635
2.0949999999999998, 0.005, 0.635
2.105, 0.005, 0.635
2.115, 0.005, 0.635
2.125, 0.005, 0.635
2.135, 0.005, 0.635
2.145, 0.005, 0.635
2.1550000000000002, 0.005, 0.635
2.165, 0.005, 0.635
2.175, 0.005, 0.635
2.185, 0.005, 0.635
2.1950000000000003, 0.005, 0.635
2.205, 0.005, 0.635
2.215, 0.005, 0.635
2.225, 0.005, 0.635
2.2350000000000003, 0.005, 0.635
2.245, 0.005, 0.635
2.255, 0.005, 0.635
2.265, 0.005, 0.635
2.2750000000000004, 0.005, 0.635
2.285, 0.005, 0.635
2.295, 0.005, 0.635
2.305, 0.005, 0.635
2.315, 0.005, 0.635
2.325, 0.005, 0.635
2.335, 0.005, 0.635
2.3449999999999998, 0.005, 0.635
2.355, 0.005, 0.635
2.365, 0.005, 0.635
2.375, 0.005, 0.635
2.385, 0.005, 0.635
2.395, 0.005, 0.635
2.4050000000000002, 0.005, 0.635
2.415, 0.005, 0.635
2.425, 0.005, 0.635
2.435, 0.005, 0.635
2.4450000000000003, 0.005, 0.635
2.455, 0.005, 0.635
2.465, 0.005, 0.635
2.475, 0.005, 0.635
2.4850000000000003, 0.005, 0.635
2.495, 0.005, 0.635
2.505, 0.005, 0.635
2.515, 0.005, 0.635
2.5250000000000004, 0.005, 0.635
2.535, 0.005, 0.635
2.545, 0.005, 0.635
2.555, 0.005, 0.635
2.565, 0.005, 0.635
2.575, 0.005, 0.635
2.585, 0.005, 0.635
2.5949999999999998, 0.005, 0.635
2.605, 0.005, 0.635
2.615, 0.005, 0.635
2.625, 0.005, 0.635
2.635, 0.005, 0.635
2.645, 0.005, 0.635
2.6550000000000002, 0.005, 0.635
2.665, 0.005, 0.635
2.675, 0.005, 0.635
2.685, 0.005, 0.635
2.6950000000000003, 0.005, 0.635
2.705, 0.005, 0.635
2.715, 0.005, 0.635
2.725, 0.005, 0.635
2.7350000000000003, 0.005, 0.635
2.745, 0.005, 0.635
2.755, 0.005, 0.635
2.765, 0.005, 0.635
2.7750000000000004, 0.005, 0.635
2.785, 0.005, 0.635
2.795, 0.005, 0.635
0.005, 0.005, 0.645
0.015, 0.005, 0.645
0.025, 0.005, 0.645
0.035, 0.005, 0.645
0.045, 0.005, 0.645
0.055, 0.005, 0.645
0.065, 0.005, 0.645
0.07500000000000001, 0.005, 0.645
0.08499999999999999, 0.005, 0.645
0.095, 0.005, 0.645
0.10500000000000001, 0.005, 0.645
0.11499999999999999, 0.005, 0.645
0.125, 0.005, 0.645
0.135, 0.005, 0.645
0.14500000000000002, 0.005, 0.645
0.155, 0.005, 0.645
0.165, 0.005, 0.645
0.175, 0.005, 0.645
0.185, 0.005, 0.645
0.195, 0.005, 0.645
0.20500000000000002, 0.005, 0.645
0.215, 0.005, 0.645
0.225, 0.005, 0.645
0.235, 0.005, 0.645
0.245, 0.005, 0.645
0.255, 0.005, 0.645
0.265, 0.005, 0.645
0.275, 0.005, 0.645
0.28500000000000003, 0.005, 0.645
0.295, 0.005, 0.645
0.305, 0.005, 0.645
0.315, 0.005, 0.645
0.325, 0.005, 0.645
0.335, 0.005, 0.645
0.34500000000000003, 0.005, 0.645
0.355, 0.005, 0.645
0.365, 0.005, 0.645
0.375, 0.005, 0.645
0.385, 0.005, 0.645
0.395, 0.005, 0.645
0.405, 0.005, 0.645
0.41500000000000004, 0.005, 0.645
0.425, 0.005, 0.645
0.435, 0.005, 0.645
0.445, 0.005, 0.645
0.455, 0.005, 0.645
0.465, 0.005, 0.645
0.475, 0.005, 0.645
0.485, 0.005, 0.645
0.495, 0.005, 0.645
0.505, 0.005, 0.645
0.515, 0.005, 0.645
0.525, 0.005, 0.645
0.535, 0.005, 0.645
0.545, 0.005, 0.645
0.555, 0.005, 0.645
0.5650000000000001, 0.005, 0.645
0.575, 0.005, 0.645
0.585, 0.005, 0.645
0.595, 0.005, 0.645
0.605, 0.005, 0.645
0.615, 0.005, 0.645
0.625, 0.005, 0.645
0.635, 0.005, 0.645
0.645, 0.005, 0.645
0.655, 0.005, 0.645
0.665, 0.005, 0.645
0.675, 0.005, 0.645
0.685, 0.005, 0.645
0.6950000000000001, 0.005, 0.645
0.7050000000000001, 0.005, 0.645
0.715, 0.005, 0.645
0.725, 0.005, 0.645
0.735, 0.005, 0.645
0.745, 0.005, 0.645
0.755, 0.005, 0.645
0.765, 0.005, 0.645
0.775, 0.005, 0.645
0.785, 0.005, 0.645
0.795, 0.005, 0.645
0.805, 0.005, 0.645
0.8150000000000001, 0.005, 0.645
0.8250000000000001, 0.005, 0.645
0.835, 0.005, 0.645
0.845, 0.005, 0.645
0.855, 0.005, 0.645
0.865, 0.005, 0.645
0.875, 0.005, 0.645
0.885, 0.005, 0.645
0.895, 0.005, 0.645
0.905, 0.005, 0.645
0.915, 0.005, 0.645
0.925, 0.005, 0.645
0.935, 0.005, 0.645
0.9450000000000001, 0.005, 0.645
0.9550000000000001, 0.005, 0.645
0.965, 0.005, 0.645
0.975, 0.005, 0.645
0.985, 0.005, 0.645
0.995, 0.005, 0.645
1.005, 0.005, 0.645
1.0150000000000001, 0.005, 0.645
1.025, 0.005, 0.645
1.0350000000000001, 0.005, 0.645
1.045, 0.005, 0.645
1.0550000000000002, 0.005, 0.645
1.065, 0.005, 0.645
1.0750000000000002, 0.005, 0.645
1.085, 0.005, 0.645
1.0950000000000002, 0.005, 0.645
1.105, 0.005, 0.645
1.1150000000000002, 0.005, 0.645
1.125, 0.005, 0.645
1.1350000000000002, 0.005, 0.645
1.145, 0.005, 0.645
1.155, 0.005, 0.645
1.165, 0.005, 0.645
1.1749999999999998, 0.005, 0.645
1.185, 0.005, 0.645
1.1949999999999998, 0.005, 0.645
1.205, 0.005, 0.645
1.2149999999999999, 0.005, 0.645
1.225, 0.005, 0.645
1.2349999999999999, 0.005, 0.645
1.245, 0.005, 0.645
1.255, 0.005, 0.645
1.2650000000000001, 0.005, 0.645
1.275, 0.005, 0.645
1.2850000000000001, 0.005, 0.645
1.295, 0.005, 0.645
1.3050000000000002, 0.005, 0.645
1.315, 0.005, 0.645
1.3250000000000002, 0.005, 0.645
1.335, 0.005, 0.645
1.3450000000000002, 0.005, 0.645
1.355, 0.005, 0.645
1.3650000000000002, 0.005, 0.645
1.375, 0.005, 0.645
1.3850000000000002, 0.005, 0.645
1.395, 0.005, 0.645
1.405, 0.005, 0.645
1.415, 0.005, 0.645
1.4249999999999998, 0.005, 0.645
1.435, 0.005, 0.645
1.4449999999999998, 0.005, 0.645
1.455, 0.005, 0.645
1.4649999999999999, 0.005, 0.645
1.475, 0.005, 0.645
1.4849999999999999, 0.005, 0.645
1.495, 0.005, 0.645
1.505, 0.005, 0.645
1.5150000000000001, 0.005, 0.645
1.525, 0.005, 0.645
1.5350000000000001, 0.005, 0.645
1.545, 0.005, 0.645
1.5550000000000002, 0.005, 0.645
1.565, 0.005, 0.645
1.5750000000000002, 0.005, 0.645
1.585, 0.005, 0.645
1.5950000000000002, 0.005, 0.645
1.605, 0.005, 0.645
1.6150000000000002, 0.005, 0.645
1.625, 0.005, 0.645
1.6350000000000002, 0.005, 0.645
1.645, 0.005, 0.645
1.6550000000000002, 0.005, 0.645
1.665, 0.005, 0.645
1.6749999999999998, 0.005, 0.645
1.685, 0.005, 0.645
1.6949999999999998, 0.005, 0.645
1.705, 0.005, 0.645
1.7149999999999999, 0.005, 0.645
1.725, 0.005, 0.645
1.7349999999999999, 0.005, 0.645
1.745, 0.005, 0.645
1.755, 0.005, 0.645
1.7650000000000001, 0.005, 0.645
1.775, 0.005, 0.645
1.7850000000000001, 0.005, 0.645
1.795, 0.005, 0.645
1.8050000000000002, 0.005, 0.645
1.815, 0.005, 0.645
1.8250000000000002, 0.005, 0.645
1.835, 0.005, 0.645
1.8450000000000002, 0.005, 0.645
1.855, 0.005, 0.645
1.8650000000000002, 0.005, 0.645
1.875, 0.005, 0.645
1.8850000000000002, 0.005, 0.645
1.895, 0.005, 0.645
1.9050000000000002, 0.005, 0.645
1.915, 0.005, 0.645
1.9249999999999998, 0.005, 0.645
1.935, 0.005, 0.645
1.9449999999999998, 0.005, 0.645
1.955, 0.005, 0.645
1.9649999999999999, 0.005, 0.645
1.975, 0.005, 0.645
1.9849999999999999, 0.005, 0.645
1.995, 0.005, 0.645
2.005, 0.005, 0.645
2.015, 0.005, 0.645
2.0250000000000004, 0.005, 0.645
2.035, 0.005, 0.645
2.045, 0.005, 0.645
2.0549999999999997, 0.005, 0.645
2.065, 0.005, 0.645
2.075, 0.005, 0.645
2.085, 0.005, 0.645
2.0949999999999998, 0.005, 0.645
2.105, 0.005, 0.645
2.115, 0.005, 0.645
2.125, 0.005, 0.645
2.135, 0.005, 0.645
2.145, 0.005, 0.645
2.1550000000000002, 0.005, 0.645
2.165, 0.005, 0.645
2.175, 0.005, 0.645
2.185, 0.005, 0.645
2.1950000000000003, 0.005, 0.645
2.205, 0.005, 0.645
2.215, 0.005, 0.645
2.225, 0.005, 0.645
2.2350000000000003, 0.005, 0.645
2.245, 0.005, 0.645
2.255, 0.005, 0.645
2.265, 0.005, 0.645
2.2750000000000004, 0.005, 0.645
2.285, 0.005, 0.645
2.295, 0.005, 0.645
2.305, 0.005, 0.645
2.315, 0.005, 0.645
2.325, 0.005, 0.645
2.335, 0.005, 0.645
2.3449999999999998, 0.005, 0.645
2.355, 0.005, 0.645
2.365, 0.005, 0.645
2.375, 0.005, 0.645
2.385, 0.005, 0.645
2.395, 0.005, 0.645
2.4050000000000002, 0.005, 0.645
2.415, 0.005, 0.645
2.425, 0.005, 0.645
2.435, 0.005, 0.645
2.4450000000000003, 0.005, 0.645
2.455, 0.005, 0.645
2.465, 0.005, 0.645
2.475, 0.005, 0.645
2.4850000000000003, 0.005, 0.645
2.495, 0.005, 0.645
2.505, 0.005, 0.645
2.515, 0.005, 0.645
2.5250000000000004, 0.005, 0.645
2.535, 0.005, 0.645
2.545, 0.005, 0.645
2.555, 0.005, 0.645
2.565, 0.005, 0.645
2.575, 0.005, 0.645
2.585, 0.005, 0.645
2.5949999999999998, 0.005, 0.645
2.605, 0.005, 0.645
2.615, 0.005, 0.645
2.625, 0.005, 0.645
2.635, 0.005, 0.645
2.645, 0.005, 0.645
2.6550000000000002, 0.005, 0.645
2.665, 0.005, 0.645
2.675, 0.005, 0.645
2.685, 0.005, 0.645
2.6950000000000003, 0.005, 0.645
2.705, 0.005, 0.645
2.715, 0.005, 0.645
2.725, 0.005, 0.645
2.7350000000000003, 0.005, 0.645
2.745, 0.005, 0.645
2.755, 0.005, 0.645
2.765, 0.005, 0.645
2.7750000000000004, 0.005, 0.645
2.785, 0.005, 0.645
2.795, 0.005, 0.645
0.005, 0.005, 0.655
0.015, 0.005, 0.655
0.025, 0.005, 0.655
0.035, 0.005, 0.655
0.045, 0.005, 0.655
0.055, 0.005, 0.655
0.065, 0.005, 0.655
0.07500000000000001, 0.005, 0.655
0.08499999999999999, 0.005, 0.655
0.095, 0.005, 0.655
0.10500000000000001, 0.005, 0.655
0.11499999999999999, 0.005, 0.655
0.125, 0.005, 0.655
0.135, 0.005, 0.655
0.14500000000000002, 0.005, 0.655
0.155, 0.005, 0.655
0.165, 0.005, 0.655
0.175, 0.005, 0.655
0.185, 0.005, 0.655
0.195, 0.005, 0.655
0.20500000000000002, 0.005, 0.655
0.215, 0.005, 0.655
0.225, 0.005, 0.655
0.235, 0.005, 0.655
0.245, 0.005, 0.655
0.255, 0.005, 0.655
0.265, 0.005, 0.655
0.275, 0.005, 0.655
0.28500000000000003, 0.005, 0.655
0.295, 0.005, 0.655
0.305, 0.005, 0.655
0.315, 0.005, 0.655
0.325, 0.005, 0.655
0.335, 0.005, 0.655
0.34500000000000003, 0.005, 0.655
0.355, 0.005, 0.655
0.365, 0.005, 0.655
0.375, 0.005, 0.655
0.385, 0.005, 0.655
0.395, 0.005, 0.655
0.405, 0.005, 0.655
0.41500000000000004, 0.005, 0.655
0.425, 0.005, 0.655
0.435, 0.005, 0.655
0.445, 0.005, 0.655
0.455, 0.005, 0.655
0.465, 0.005, 0.655
0.475, 0.005, 0.655
0.485, 0.005, 0.655
0.495, 0.005, 0.655
0.505, 0.005, 0.655
0.515, 0.005, 0.655
0.525, 0.005, 0.655
0.535, 0.005, 0.655
0.545, 0.005, 0.655
0.555, 0.005, 0.655
0.5650000000000001, 0.005, 0.655
0.575, 0.005, 0.655
0.585, 0.005, 0.655
0.595, 0.005, 0.655
0.605, 0.005, 0.655
0.615, 0.005, 0.655
0.625, 0.005, 0.655
0.635, 0.005, 0.655
0.645, 0.005, 0.655
0.655, 0.005, 0.655
0.665, 0.005, 0.655
0.675, 0.005, 0.655
0.685, 0.005, 0.655
0.6950000000000001, 0.005, 0.655
0.7050000000000001, 0.005, 0.655
0.715, 0.005, 0.655
0.725, 0.005, 0.655
0.735, 0.005, 0.655
0.745, 0.005, 0.655
0.755, 0.005, 0.655
0.765, 0.005, 0.655
0.775, 0.005, 0.655
0.785, 0.005, 0.655
0.795, 0.005, 0.655
0.805, 0.005, 0.655
0.8150000000000001, 0.005, 0.655
0.8250000000000001, 0.005, 0.655
0.835, 0.005, 0.655
0.845, 0.005, 0.655
0.855, 0.005, 0.655
0.865, 0.005, 0.655
0.875, 0.005, 0.655
0.885, 0.005, 0.655
0.895, 0.005, 0.655
0.905, 0.005, 0.655
0.915, 0.005, 0.655
0.925, 0.005, 0.655
0.935, 0.005, 0.655
0.9450000000000001, 0.005, 0.655
0.9550000000000001, 0.005, 0.655
0.965, 0.005, 0.655
0.975, 0.005, 0.655
0.985, 0.005, 0.655
0.995, 0.005, 0.655
1.005, 0.005, 0.655
1.0150000000000001, 0.005, 0.655
1.025, 0.005, 0.655
1.0350000000000001, 0.005, 0.655
1.045, 0.005, 0.655
1.0550000000000002, 0.005, 0.655
1.065, 0.005, 0.655
1.0750000000000002, 0.005, 0.655
1.085, 0.005, 0.655
1.0950000000000002, 0.005, 0.655
1.105, 0.005, 0.655
1.1150000000000002, 0.005, 0.655
1.125, 0.005, 0.655
1.1350000000000002, 0.005, 0.655
1.145, 0.005, 0.655
1.155, 0.005, 0.655
1.165, 0.005, 0.655
1.1749999999999998, 0.005, 0.655
1.185, 0.005, 0.655
1.1949999999999998, 0.005, 0.655
1.205, 0.005, 0.655
1.2149999999999999, 0.005, 0.655
1.225, 0.005, 0.655
1.2349999999999999, 0.005, 0.655
1.245, 0.005, 0.655
1.255, 0.005, 0.655
1.2650000000000001, 0.005, 0.655
1.275, 0.005, 0.655
1.2850000000000001, 0.005, 0.655
1.295, 0.005, 0.655
1.3050000000000002, 0.005, 0.655
1.315, 0.005, 0.655
1.3250000000000002, 0.005, 0.655
1.335, 0.005, 0.655
1.3450000000000002, 0.005, 0.655
1.355, 0.005, 0.655
1.3650000000000002, 0.005, 0.655
1.375, 0.005, 0.655
1.3850000000000002, 0.005, 0.655
1.395, 0.005, 0.655
1.405, 0.005, 0.655
1.415, 0.005, 0.655
1.4249999999999998, 0.005, 0.655
1.435, 0.005, 0.655
1.4449999999999998, 0.005, 0.655
1.455, 0.005, 0.655
1.4649999999999999, 0.005, 0.655
1.475, 0.005, 0.655
1.4849999999999999, 0.005, 0.655
1.495, 0.005, 0.655
1.505, 0.005, 0.655
1.5150000000000001, 0.005, 0.655
1.525, 0.005, 0.655
1.5350000000000001, 0.005, 0.655
1.545, 0.005, 0.655
1.5550000000000002, 0.005, 0.655
1.565, 0.005, 0.655
1.5750000000000002, 0.005, 0.655
1.585, 0.005, 0.655
1.5950000000000002, 0.005, 0.655
1.605, 0.005, 0.655
1.6150000000000002, 0.005, 0.655
1.625, 0.005, 0.655
1.6350000000000002, 0.005, 0.655
1.645, 0.005, 0.655
1.6550000000000002, 0.005, 0.655
1.665, 0.005, 0.655
1.6749999999999998, 0.005, 0.655
1.685, 0.005, 0.655
1.6949999999999998, 0.005, 0.655
1.705, 0.005, 0.655
1.7149999999999999, 0.005, 0.655
1.725, 0.005, 0.655
1.7349999999999999, 0.005, 0.655
1.745, 0.005, 0.655
1.755, 0.005, 0.655
1.7650000000000001, 0.005, 0.655
1.775, 0.005, 0.655
1.7850000000000001, 0.005, 0.655
1.795, 0.005, 0.655
1.8050000000000002, 0.005, 0.655
1.815, 0.005, 0.655
1.8250000000000002, 0.005, 0.655
1.835, 0.005, 0.655
1.8450000000000002, 0.005, 0.655
1.855, 0.005, 0.655
1.8650000000000002, 0.005, 0.655
1.875, 0.005, 0.655
1.8850000000000002, 0.005, 0.655
1.895, 0.005, 0.655
1.9050000000000002, 0.005, 0.655
1.915, 0.005, 0.655
1.9249999999999998, 0.005, 0.655
1.935, 0.005, 0.655
1.9449999999999998, 0.005, 0.655
1.955, 0.005, 0.655
1.9649999999999999, 0.005, 0.655
1.975, 0.005, 0.655
1.9849999999999999, 0.005, 0.655
1.995, 0.005, 0.655
2.005, 0.005, 0.655
2.015, 0.005, 0.655
2.0250000000000004, 0.005, 0.655
2.035, 0.005, 0.655
2.045, 0.005, 0.655
2.0549999999999997, 0.005, 0.655
2.065, 0.005, 0.655
2.075, 0.005, 0.655
2.085, 0.005, 0.655
2.0949999999999998, 0.005, 0.655
2.105, 0.005, 0.655
2.115, 0.005, 0.655
2.125, 0.005, 0.655
2.135, 0.005, 0.655
2.145, 0.005, 0.655
2.1550000000000002, 0.005, 0.655
2.165, 0.005, 0.655
2.175, 0.005, 0.655
2.185, 0.005, 0.655
2.1950000000000003, 0.005, 0.655
2.205, 0.005, 0.655
2.215, 0.005, 0.655
2.225, 0.005, 0.655
2.2350000000000003, 0.005, 0.655
2.245, 0.005, 0.655
2.255, 0.005, 0.655
2.265, 0.005, 0.655
2.2750000000000004, 0.005, 0.655
2.285, 0.005, 0.655
2.295, 0.005, 0.655
2.305, 0.005, 0.655
2.315, 0.005, 0.655
2.325, 0.005, 0.655
2.335, 0.005, 0.655
2.3449999999999998, 0.005, 0.655
2.355, 0.005, 0.655
2.365, 0.005, 0.655
2.375, 0.005, 0.655
2.385, 0.005, 0.655
2.395, 0.005, 0.655
2.4050000000000002, 0.005, 0.655
2.415, 0.005, 0.655
2.425, 0.005, 0.655
2.435, 0.005, 0.655
2.4450000000000003, 0.005, 0.655
2.455, 0.005, 0.655
2.465, 0.005, 0.655
2.475, 0.005, 0.655
2.4850000000000003, 0.005, 0.655
2.495, 0.005, 0.655
2.505, 0.005, 0.655
2.515, 0.005, 0.655
2.5250000000000004, 0.005, 0.655
2.535, 0.005, 0.655
2.545, 0.005, 0.655
2.555, 0.005, 0.655
2.565, 0.005, 0.655
2.575, 0.005, 0.655
2.585, 0.005, 0.655
2.5949999999999998, 0.005, 0.655
2.605, 0.005, 0.655
2.615, 0.005, 0.655
2.625, 0.005, 0.655
2.635, 0.005, 0.655
2.645, 0.005, 0.655
2.6550000000000002, 0.005, 0.655
2.665, 0.005, 0.655
2.675, 0.005, 0.655
2.685, 0.005, 0.655
2.6950000000000003, 0.005, 0.655
2.705, 0.005, 0.655
2.715, 0.005, 0.655
2.725, 0.005, 0.655
2.7350000000000003, 0.005, 0.655
2.745, 0.005, 0.655
2.755, 0.005, 0.655
2.765, 0.005, 0.655
2.7750000000000004, 0.005, 0.655
2.785, 0.005, 0.655
2.795, 0.005, 0.655
0.005, 0.005, 0.665
0.015, 0.005, 0.665
0.025, 0.005, 0.665
0.035, 0.005, 0.665
0.045, 0.005, 0.665
0.055, 0.005, 0.665
0.065, 0.005, 0.665
0.07500000000000001, 0.005, 0.665
0.08499999999999999, 0.005, 0.665
0.095, 0.005, 0.665
0.10500000000000001, 0.005, 0.665
0.11499999999999999, 0.005, 0.665
0.125, 0.005, 0.665
0.135, 0.005, 0.665
0.14500000000000002, 0.005, 0.665
0.155, 0.005, 0.665
0.165, 0.005, 0.665
0.175, 0.005, 0.665
0.185, 0.005, 0.665
0.195, 0.005, 0.665
0.20500000000000002, 0.005, 0.665
0.215, 0.005, 0.665
0.225, 0.005, 0.665
0.235, 0.005, 0.665
0.245, 0.005, 0.665
0.255, 0.005, 0.665
0.265, 0.005, 0.665
0.275, 0.005, 0.665
0.28500000000000003, 0.005, 0.665
0.295, 0.005, 0.665
0.305, 0.005, 0.665
0.315, 0.005, 0.665
0.325, 0.005, 0.665
0.335, 0.005, 0.665
0.34500000000000003, 0.005, 0.665
0.355, 0.005, 0.665
0.365, 0.005, 0.665
0.375, 0.005, 0.665
0.385, 0.005, 0.665
0.395, 0.005, 0.665
0.405, 0.005, 0.665
0.41500000000000004, 0.005, 0.665
0.425, 0.005, 0.665
0.435, 0.005, 0.665
0.445, 0.005, 0.665
0.455, 0.005, 0.665
0.465, 0.005, 0.665
0.475, 0.005, 0.665
0.485, 0.005, 0.665
0.495, 0.005, 0.665
0.505, 0.005, 0.665
0.515, 0.005, 0.665
0.525, 0.005, 0.665
0.535, 0.005, 0.665
0.545, 0.005, 0.665
0.555, 0.005, 0.665
0.5650000000000001, 0.005, 0.665
0.575, 0.005, 0.665
0.585, 0.005, 0.665
0.595, 0.005, 0.665
0.605, 0.005, 0.665
0.615, 0.005, 0.665
0.625, 0.005, 0.665
0.635, 0.005, 0.665
0.645, 0.005, 0.665
0.655, 0.005, 0.665
0.665, 0.005, 0.665
0.675, 0.005, 0.665
0.685, 0.005, 0.665
0.6950000000000001, 0.005, 0.665
0.7050000000000001, 0.005, 0.665
0.715, 0.005, 0.665
0.725, 0.005, 0.665
0.735, 0.005, 0.665
0.745, 0.005, 0.665
0.755, 0.005, 0.665
0.765, 0.005, 0.665
0.775, 0.005, 0.665
0.785, 0.005, 0.665
0.795, 0.005, 0.665
0.805, 0.005, 0.665
0.8150000000000001, 0.005, 0.665
0.8250000000000001, 0.005, 0.665
0.835, 0.005, 0.665
0.845, 0.005, 0.665
0.855, 0.005, 0.665
0.865, 0.005, 0.665
0.875, 0.005, 0.665
0.885, 0.005, 0.665
0.895, 0.005, 0.665
0.905, 0.005, 0.665
0.915, 0.005, 0.665
0.925, 0.005, 0.665
0.935, 0.005, 0.665
0.9450000000000001, 0.005, 0.665
0.9550000000000001, 0.005, 0.665
0.965, 0.005, 0.665
0.975, 0.005, 0.665
0.985, 0.005, 0.665
0.995, 0.005, 0.665
1.005, 0.005, 0.665
1.0150000000000001, 0.005, 0.665
1.025, 0.005, 0.665
1.0350000000000001, 0.005, 0.665
1.045, 0.005, 0.665
1.0550000000000002, 0.005, 0.665
1.065, 0.005, 0.665
1.0750000000000002, 0.005, 0.665
1.085, 0.005, 0.665
1.0950000000000002, 0.005, 0.665
1.105, 0.005, 0.665
1.1150000000000002, 0.005, 0.665
1.125, 0.005, 0.665
1.1350000000000002, 0.005, 0.665
1.145, 0.005, 0.665
1.155, 0.005, 0.665
1.165, 0.005, 0.665
1.1749999999999998, 0.005, 0.665
1.185, 0.005, 0.665
1.1949999999999998, 0.005, 0.665
1.205, 0.005, 0.665
1.2149999999999999, 0.005, 0.665
1.225, 0.005, 0.665
1.2349999999999999, 0.005, 0.665
1.245, 0.005, 0.665
1.255, 0.005, 0.665
1.2650000000000001, 0.005, 0.665
1.275, 0.005, 0.665
1.2850000000000001, 0.005, 0.665
1.295, 0.005, 0.665
1.3050000000000002, 0.005, 0.665
1.315, 0.005, 0.665
1.3250000000000002, 0.005, 0.665
1.335, 0.005, 0.665
1.3450000000000002, 0.005, 0.665
1.355, 0.005, 0.665
1.3650000000000002, 0.005, 0.665
1.375, 0.005, 0.665
1.3850000000000002, 0.005, 0.665
1.395, 0.005, 0.665
1.405, 0.005, 0.665
1.415, 0.005, 0.665
1.4249999999999998, 0.005, 0.665
1.435, 0.005, 0.665
1.4449999999999998, 0.005, 0.665
1.455, 0.005, 0.665
1.4649999999999999, 0.005, 0.665
1.475, 0.005, 0.665
1.4849999999999999, 0.005, 0.665
1.495, 0.005, 0.665
1.505, 0.005, 0.665
1.5150000000000001, 0.005, 0.665
1.525, 0.005, 0.665
1.5350000000000001, 0.005, 0.665
1.545, 0.005, 0.665
1.5550000000000002, 0.005, 0.665
1.565, 0.005, 0.665
1.5750000000000002, 0.005, 0.665
1.585, 0.005, 0.665
1.5950000000000002, 0.005, 0.665
1.605, 0.005, 0.665
1.6150000000000002, 0.005, 0.665
1.625, 0.005, 0.665
1.6350000000000002, 0.005, 0.665
1.645, 0.005, 0.665
1.6550000000000002, 0.005, 0.665
1.665, 0.005, 0.665
1.6749999999999998, 0.005, 0.665
1.685, 0.005, 0.665
1.6949999999999998, 0.005, 0.665
1.705, 0.005, 0.665
1.7149999999999999, 0.005, 0.665
1.725, 0.005, 0.665
1.7349999999999999, 0.005, 0.665
1.745, 0.005, 0.665
1.755, 0.005, 0.665
1.7650000000000001, 0.005, 0.665
1.775, 0.005, 0.665
1.7850000000000001, 0.005, 0.665
1.795, 0.005, 0.665
1.8050000000000002, 0.005, 0.665
1.815, 0.005, 0.665
1.8250000000000002, 0.005, 0.665
1.835, 0.005, 0.665
1.8450000000000002, 0.005, 0.665
1.855, 0.005, 0.665
1.8650000000000002, 0.005, 0.665
1.875, 0.005, 0.665
1.8850000000000002, 0.005, 0.665
1.895, 0.005, 0.665
1.9050000000000002, 0.005, 0.665
1.915, 0.005, 0.665
1.9249999999999998, 0.005, 0.665
1.935, 0.005, 0.665
1.9449999999999998, 0.005, 0.665
1.955, 0.005, 0.665
1.9649999999999999, 0.005, 0.665
1.975, 0.005, 0.665
1.9849999999999999, 0.005, 0.665
1.995, 0.005, 0.665
2.005, 0.005, 0.665
2.015, 0.005, 0.665
2.0250000000000004, 0.005, 0.665
2.035, 0.005, 0.665
2.045, 0.005, 0.665
2.0549999999999997, 0.005, 0.665
2.065, 0.005, 0.665
2.075, 0.005, 0.665
2.085, 0.005, 0.665
2.0949999999999998, 0.005, 0.665
2.105, 0.005, 0.665
2.115, 0.005, 0.665
2.125, 0.005, 0.665
2.135, 0.005, 0.665
2.145, 0.005, 0.665
2.1550000000000002, 0.005, 0.665
2.165, 0.005, 0.665
2.175, 0.005, 0.665
2.185, 0.005, 0.665
2.1950000000000003, 0.005, 0.665
2.205, 0.005, 0.665
2.215, 0.005, 0.665
2.225, 0.005, 0.665
2.2350000000000003, 0.005, 0.665
2.245, 0.005, 0.665
2.255, 0.005, 0.665
2.265, 0.005, 0.665
2.2750000000000004, 0.005, 0.665
2.285, 0.005, 0.665
2.295, 0.005, 0.665
2.305, 0.005, 0.665
2.315, 0.005, 0.665
2.325, 0.005, 0.665
2.335, 0.005, 0.665
2.3449999999999998, 0.005, 0.665
2.355, 0.005, 0.665
2.365, 0.005, 0.665
2.375, 0.005, 0.665
2.385, 0.005, 0.665
2.395, 0.005, 0.665
2.4050000000000002, 0.005, 0.665
2.415, 0.005, 0.665
2.425, 0.005, 0.665
2.435, 0.005, 0.665
2.4450000000000003, 0.005, 0.665
2.455, 0.005, 0.665
2.465, 0.005, 0.665
2.475, 0.005, 0.665
2.4850000000000003, 0.005, 0.665
2.495, 0.005, 0.665
2.505, 0.005, 0.665
2.515, 0.005, 0.665
2.5250000000000004, 0.005, 0.665
2.535, 0.005, 0.665
2.545, 0.005, 0.665
2.555, 0.005, 0.665
2.565, 0.005, 0.665
2.575, 0.005, 0.665
2.585, 0.005, 0.665
2.5949999999999998, 0.005, 0.665
2.605, 0.005, 0.665
2.615, 0.005, 0.665
2.625, 0.005, 0.665
2.635, 0.005, 0.665
2.645, 0.005, 0.665
2.6550000000000002, 0.005, 0.665
2.665, 0.005, 0.665
2.675, 0.005, 0.665
2.685, 0.005, 0.665
2.6950000000000003, 0.005, 0.665
2.705, 0.005, 0.665
2.715, 0.005, 0.665
2.725, 0.005, 0.665
2.7350000000000003, 0.005, 0.665
2.745, 0.005, 0.665
2.755, 0.005, 0.665
2.765, 0.005, 0.665
2.7750000000000004, 0.005, 0.665
2.785, 0.005, 0.665
2.795, 0.005, 0.665
0.005, 0.005, 0.675
0.015, 0.005, 0.675
0.025, 0.005, 0.675
0.035, 0.005, 0.675
0.045, 0.005, 0.675
0.055, 0.005, 0.675
0.065, 0.005, 0.675
0.07500000000000001, 0.005, 0.675
0.08499999999999999, 0.005, 0.675
0.095, 0.005, 0.675
0.10500000000000001, 0.005, 0.675
0.11499999999999999, 0.005, 0.675
0.125, 0.005, 0.675
0.135, 0.005, 0.675
0.14500000000000002, 0.005, 0.675
0.155, 0.005, 0.675
0.165, 0.005, 0.675
0.175, 0.005, 0.675
0.185, 0.005, 0.675
0.195, 0.005, 0.675
0.20500000000000002, 0.005, 0.675
0.215, 0.005, 0.675
0.225, 0.005, 0.675
0.235, 0.005, 0.675
0.245, 0.005, 0.675
0.255, 0.005, 0.675
0.265, 0.005, 0.675
0.275, 0.005, 0.675
0.28500000000000003, 0.005, 0.675
0.295, 0.005, 0.675
0.305, 0.005, 0.675
0.315, 0.005, 0.675
0.325, 0.005, 0.675
0.335, 0.005, 0.675
0.34500000000000003, 0.005, 0.675
0.355, 0.005, 0.675
0.365, 0.005, 0.675
0.375, 0.005, 0.675
0.385, 0.005, 0.675
0.395, 0.005, 0.675
0.405, 0.005, 0.675
0.41500000000000004, 0.005, 0.675
0.425, 0.005, 0.675
0.435, 0.005, 0.675
0.445, 0.005, 0.675
0.455, 0.005, 0.675
0.465, 0.005, 0.675
0.475, 0.005, 0.675
0.485, 0.005, 0.675
0.495, 0.005, 0.675
0.505, 0.005, 0.675
0.515, 0.005, 0.675
0.525, 0.005, 0.675
0.535, 0.005, 0.675
0.545, 0.005, 0.675
0.555, 0.005, 0.675
0.5650000000000001, 0.005, 0.675
0.575, 0.005, 0.675
0.585, 0.005, 0.675
0.595, 0.005, 0.675
0.605, 0.005, 0.675
0.615, 0.005, 0.675
0.625, 0.005, 0.675
0.635, 0.005, 0.675
0.645, 0.005, 0.675
0.655, 0.005, 0.675
0.665, 0.005, 0.675
0.675, 0.005, 0.675
0.685, 0.005, 0.675
0.6950000000000001, 0.005, 0.675
0.7050000000000001, 0.005, 0.675
0.715, 0.005, 0.675
0.725, 0.005, 0.675
0.735, 0.005, 0.675
0.745, 0.005, 0.675
0.755, 0.005, 0.675
0.765, 0.005, 0.675
0.775, 0.005, 0.675
0.785, 0.005, 0.675
0.795, 0.005, 0.675
0.805, 0.005, 0.675
0.8150000000000001, 0.005, 0.675
0.8250000000000001, 0.005, 0.675
0.835, 0.005, 0.675
0.845, 0.005, 0.675
0.855, 0.005, 0.675
0.865, 0.005, 0.675
0.875, 0.005, 0.675
0.885, 0.005, 0.675
0.895, 0.005, 0.675
0.905, 0.005, 0.675
0.915, 0.005, 0.675
0.925, 0.005, 0.675
0.935, 0.005, 0.675
0.9450000000000001, 0.005, 0.675
0.9550000000000001, 0.005, 0.675
0.965, 0.005, 0.675
0.975, 0.005, 0.675
0.985, 0.005, 0.675
0.995, 0.005, 0.675
1.005, 0.005, 0.675
1.0150000000000001, 0.005, 0.675
1.025, 0.005, 0.675
1.0350000000000001, 0.005, 0.675
1.045, 0.005, 0.675
1.0550000000000002, 0.005, 0.675
1.065, 0.005, 0.675
1.0750000000000002, 0.005, 0.675
1.085, 0.005, 0.675
1.0950000000000002, 0.005, 0.675
1.105, 0.005, 0.675
1.1150000000000002, 0.005, 0.675
1.125, 0.005, 0.675
1.1350000000000002, 0.005, 0.675
1.145, 0.005, 0.675
1.155, 0.005, 0.675
1.165, 0.005, 0.675
1.1749999999999998, 0.005, 0.675
1.185, 0.005, 0.675
1.1949999999999998, 0.005, 0.675
1.205, 0.005, 0.675
1.2149999999999999, 0.005, 0.675
1.225, 0.005, 0.675
1.2349999999999999, 0.005, 0.675
1.245, 0.005, 0.675
1.255, 0.005, 0.675
1.2650000000000001, 0.005, 0.675
1.275, 0.005, 0.675
1.2850000000000001, 0.005, 0.675
1.295, 0.005, 0.675
1.3050000000000002, 0.005, 0.675
1.315, 0.005, 0.675
1.3250000000000002, 0.005, 0.675
1.335, 0.005, 0.675
1.3450000000000002, 0.005, 0.675
1.355, 0.005, 0.675
1.3650000000000002, 0.005, 0.675
1.375, 0.005, 0.675
1.3850000000000002, 0.005, 0.675
1.395, 0.005, 0.675
1.405, 0.005, 0.675
1.415, 0.005, 0.675
1.4249999999999998, 0.005, 0.675
1.435, 0.005, 0.675
1.4449999999999998, 0.005, 0.675
1.455, 0.005, 0.675
1.4649999999999999, 0.005, 0.675
1.475, 0.005, 0.675
1.4849999999999999, 0.005, 0.675
1.495, 0.005, 0.675
1.505, 0.005, 0.675
1.5150000000000001, 0.005, 0.675
1.525, 0.005, 0.675
1.5350000000000001, 0.005, 0.675
1.545, 0.005, 0.675
1.5550000000000002, 0.005, 0.675
1.565, 0.005, 0.675
1.5750000000000002, 0.005, 0.675
1.585, 0.005, 0.675
1.5950000000000002, 0.005, 0.675
1.605, 0.005, 0.675
1.6150000000000002, 0.005, 0.675
1.625, 0.005, 0.675
1.6350000000000002, 0.005, 0.675
1.645, 0.005, 0.675
1.6550000000000002, 0.005, 0.675
1.665, 0.005, 0.675
1.6749999999999998, 0.005, 0.675
1.685, 0.005, 0.675
1.6949999999999998, 0.005, 0.675
1.705, 0.005, 0.675
1.7149999999999999, 0.005, 0.675
1.725, 0.005, 0.675
1.7349999999999999, 0.005, 0.675
1.745, 0.005, 0.675
1.755, 0.005, 0.675
1.7650000000000001, 0.005, 0.675
1.775, 0.005, 0.675
1.7850000000000001, 0.005, 0.675
1.795, 0.005, 0.675
1.8050000000000002, 0.005, 0.675
1.815, 0.005, 0.675
1.8250000000000002, 0.005, 0.675
1.835, 0.005, 0.675
1.8450000000000002, 0.005, 0.675
1.855, 0.005, 0.675
1.8650000000000002, 0.005, 0.675
1.875, 0.005, 0.675
1.8850000000000002, 0.005, 0.675
1.895, 0.005, 0.675
1.9050000000000002, 0.005, 0.675
1.915, 0.005, 0.675
1.9249999999999998, 0.005, 0.675
1.935, 0.005, 0.675
1.9449999999999998, 0.005, 0.675
1.955, 0.005, 0.675
1.9649999999999999, 0.005, 0.675
1.975, 0.005, 0.675
1.9849999999999999, 0.005, 0.675
1.995, 0.005, 0.675
2.005, 0.005, 0.675
2.015, 0.005, 0.675
2.0250000000000004, 0.005, 0.675
2.035, 0.005, 0.675
2.045, 0.005, 0.675
2.0549999999999997, 0.005, 0.675
2.065, 0.005, 0.675
2.075, 0.005, 0.675
2.085, 0.005, 0.675
2.0949999999999998, 0.005, 0.675
2.105, 0.005, 0.675
2.115, 0.005, 0.675
2.125, 0.005, 0.675
2.135, 0.005, 0.675
2.145, 0.005, 0.675
2.1550000000000002, 0.005, 0.675
2.165, 0.005, 0.675
2.175, 0.005, 0.675
2.185, 0.005, 0.675
2.1950000000000003, 0.005, 0.675
2.205, 0.005, 0.675
2.215, 0.005, 0.675
2.225, 0.005, 0.675
2.2350000000000003, 0.005, 0.675
2.245, 0.005, 0.675
2.255, 0.005, 0.675
2.265, 0.005, 0.675
2.2750000000000004, 0.005, 0.675
2.285, 0.005, 0.675
2.295, 0.005, 0.675
2.305, 0.005, 0.675
2.315, 0.005, 0.675
2.325, 0.005, 0.675
2.335, 0.005, 0.675
2.3449999999999998, 0.005, 0.675
2.355, 0.005, 0.675
2.365, 0.005, 0.675
2.375, 0.005, 0.675
2.385, 0.005, 0.675
2.395, 0.005, 0.675
2.4050000000000002, 0.005, 0.675
2.415, 0.005, 0.675
2.425, 0.005, 0.675
2.435, 0.005, 0.675
2.4450000000000003, 0.005, 0.675
2.455, 0.005, 0.675
2.465, 0.005, 0.675
2.475, 0.005, 0.675
2.4850000000000003, 0.005, 0.675
2.495, 0.005, 0.675
2.505, 0.005, 0.675
2.515, 0.005, 0.675
2.5250000000000004, 0.005, 0.675
2.535, 0.005, 0.675
2.545, 0.005, 0.675
2.555, 0.005, 0.675
2.565, 0.005, 0.675
2.575, 0.005, 0.675
2.585, 0.005, 0.675
2.5949999999999998, 0.005, 0.675
2.605, 0.005, 0.675
2.615, 0.005, 0.675
2.625, 0.005, 0.675
2.635, 0.005, 0.675
2.645, 0.005, 0.675
2.6550000000000002, 0.005, 0.675
2.665, 0.005, 0.675
2.675, 0.005, 0.675
2.685, 0.005, 0.675
2.6950000000000003, 0.005, 0.675
2.705, 0.005, 0.675
2.715, 0.005, 0.675
2.725, 0.005, 0.675
2.7350000000000003, 0.005, 0.675
2.745, 0.005, 0.675
2.755, 0.005, 0.675
2.765, 0.005, 0.675
2.7750000000000004, 0.005, 0.675
2.785, 0.005, 0.675
2.795, 0.005, 0.675
0.005, 0.005, 0.685
0.015, 0.005, 0.685
0.025, 0.005, 0.685
0.035, 0.005, 0.685
0.045, 0.005, 0.685
0.055, 0.005, 0.685
0.065, 0.005, 0.685
0.07500000000000001, 0.005, 0.685
0.08499999999999999, 0.005, 0.685
0.095, 0.005, 0.685
0.10500000000000001, 0.005, 0.685
0.11499999999999999, 0.005, 0.685
0.125, 0.005, 0.685
0.135, 0.005, 0.685
0.14500000000000002, 0.005, 0.685
0.155, 0.005, 0.685
0.165, 0.005, 0.685
0.175, 0.005, 0.685
0.185, 0.005, 0.685
0.195, 0.005, 0.685
0.20500000000000002, 0.005, 0.685
0.215, 0.005, 0.685
0.225, 0.005, 0.685
0.235, 0.005, 0.685
0.245, 0.005, 0.685
0.255, 0.005, 0.685
0.265, 0.005, 0.685
0.275, 0.005, 0.685
0.28500000000000003, 0.005, 0.685
0.295, 0.005, 0.685
0.305, 0.005, 0.685
0.315, 0.005, 0.685
0.325, 0.005, 0.685
0.335, 0.005, 0.685
0.34500000000000003, 0.005, 0.685
0.355, 0.005, 0.685
0.365, 0.005, 0.685
0.375, 0.005, 0.685
0.385, 0.005, 0.685
0.395, 0.005, 0.685
0.405, 0.005, 0.685
0.41500000000000004, 0.005, 0.685
0.425, 0.005, 0.685
0.435, 0.005, 0.685
0.445, 0.005, 0.685
0.455, 0.005, 0.685
0.465, 0.005, 0.685
0.475, 0.005, 0.685
0.485, 0.005, 0.685
0.495, 0.005, 0.685
0.505, 0.005, 0.685
0.515, 0.005, 0.685
0.525, 0.005, 0.685
0.535, 0.005, 0.685
0.545, 0.005, 0.685
0.555, 0.005, 0.685
0.5650000000000001, 0.005, 0.685
0.575, 0.005, 0.685
0.585, 0.005, 0.685
0.595, 0.005, 0.685
0.605, 0.005, 0.685
0.615, 0.005, 0.685
0.625, 0.005, 0.685
0.635, 0.005, 0.685
0.645, 0.005, 0.685
0.655, 0.005, 0.685
0.665, 0.005, 0.685
0.675, 0.005, 0.685
0.685, 0.005, 0.685
0.6950000000000001, 0.005, 0.685
0.7050000000000001, 0.005, 0.685
0.715, 0.005, 0.685
0.725, 0.005, 0.685
0.735, 0.005, 0.685
0.745, 0.005, 0.685
0.755, 0.005, 0.685
0.765, 0.005, 0.685
0.775, 0.005, 0.685
0.785, 0.005, 0.685
0.795, 0.005, 0.685
0.805, 0.005, 0.685
0.8150000000000001, 0.005, 0.685
0.8250000000000001, 0.005, 0.685
0.835, 0.005, 0.685
0.845, 0.005, 0.685
0.855, 0.005, 0.685
0.865, 0.005, 0.685
0.875, 0.005, 0.685
0.885, 0.005, 0.685
0.895, 0.005, 0.685
0.905, 0.005, 0.685
0.915, 0.005, 0.685
0.925, 0.005, 0.685
0.935, 0.005, 0.685
0.9450000000000001, 0.005, 0.685
0.9550000000000001, 0.005, 0.685
0.965, 0.005, 0.685
0.975, 0.005, 0.685
0.985, 0.005, 0.685
0.995, 0.005, 0.685
1.005, 0.005, 0.685
1.0150000000000001, 0.005, 0.685
1.025, 0.005, 0.685
1.0350000000000001, 0.005, 0.685
1.045, 0.005, 0.685
1.0550000000000002, 0.005, 0.685
1.065, 0.005, 0.685
1.0750000000000002, 0.005, 0.685
1.085, 0.005, 0.685
1.0950000000000002, 0.005, 0.685
1.105, 0.005, 0.685
1.1150000000000002, 0.005, 0.685
1.125, 0.005, 0.685
1.1350000000000002, 0.005, 0.685
1.145, 0.005, 0.685
1.155, 0.005, 0.685
1.165, 0.005, 0.685
1.1749999999999998, 0.005, 0.685
1.185, 0.005, 0.685
1.1949999999999998, 0.005, 0.685
1.205, 0.005, 0.685
1.2149999999999999, 0.005, 0.685
1.225, 0.005, 0.685
1.2349999999999999, 0.005, 0.685
1.245, 0.005, 0.685
1.255, 0.005, 0.685
1.2650000000000001, 0.005, 0.685
1.275, 0.005, 0.685
1.2850000000000001, 0.005, 0.685
1.295, 0.005, 0.685
1.3050000000000002, 0.005, 0.685
1.315, 0.005, 0.685
1.3250000000000002, 0.005, 0.685
1.335, 0.005, 0.685
1.3450000000000002, 0.005, 0.685
1.355, 0.005, 0.685
1.3650000000000002, 0.005, 0.685
1.375, 0.005, 0.685
1.3850000000000002, 0.005, 0.685
1.395, 0.005, 0.685
1.405, 0.005, 0.685
1.415, 0.005, 0.685
1.4249999999999998, 0.005, 0.685
1.435, 0.005, 0.685
1.4449999999999998, 0.005, 0.685
1.455, 0.005, 0.685
1.4649999999999999, 0.005, 0.685
1.475, 0.005, 0.685
1.4849999999999999, 0.005, 0.685
1.495, 0.005, 0.685
1.505, 0.005, 0.685
1.5150000000000001, 0.005, 0.685
1.525, 0.005, 0.685
1.5350000000000001, 0.005, 0.685
1.545, 0.005, 0.685
1.5550000000000002, 0.005, 0.685
1.565, 0.005, 0.685
1.5750000000000002, 0.005, 0.685
1.585, 0.005, 0.685
1.5950000000000002, 0.005, 0.685
1.605, 0.005, 0.685
1.6150000000000002, 0.005, 0.685
1.625, 0.005, 0.685
1.6350000000000002, 0.005, 0.685
1.645, 0.005, 0.685
1.6550000000000002, 0.005, 0.685
1.665, 0.005, 0.685
1.6749999999999998, 0.005, 0.685
1.685, 0.005, 0.685
1.6949999999999998, 0.005, 0.685
1.705, 0.005, 0.685
1.7149999999999999, 0.005, 0.685
1.725, 0.005, 0.685
1.7349999999999999, 0.005, 0.685
1.745, 0.005, 0.685
1.755, 0.005, 0.685
1.7650000000000001, 0.005, 0.685
1.775, 0.005, 0.685
1.7850000000000001, 0.005, 0.685
1.795, 0.005, 0.685
1.8050000000000002, 0.005, 0.685
1.815, 0.005, 0.685
1.8250000000000002, 0.005, 0.685
1.835, 0.005, 0.685
1.8450000000000002, 0.005, 0.685
1.855, 0.005, 0.685
1.8650000000000002, 0.005, 0.685
1.875, 0.005, 0.685
1.8850000000000002, 0.005, 0.685
1.895, 0.005, 0.685
1.9050000000000002, 0.005, 0.685
1.915, 0.005, 0.685
1.9249999999999998, 0.005, 0.685
1.935, 0.005, 0.685
1.9449999999999998, 0.005, 0.685
1.955, 0.005, 0.685
1.9649999999999999, 0.005, 0.685
1.975, 0.005, 0.685
1.9849999999999999, 0.005, 0.685
1.995, 0.005, 0.685
2.005, 0.005, 0.685
2.015, 0.005, 0.685
2.0250000000000004, 0.005, 0.685
2.035, 0.005, 0.685
2.045, 0.005, 0.685
2.0549999999999997, 0.005, 0.685
2.065, 0.005, 0.685
2.075, 0.005, 0.685
2.085, 0.005, 0.685
2.0949999999999998, 0.005, 0.685
2.105, 0.005, 0.685
2.115, 0.005, 0.685
2.125, 0.005, 0.685
2.135, 0.005, 0.685
2.145, 0.005, 0.685
2.1550000000000002, 0.005, 0.685
2.165, 0.005, 0.685
2.175, 0.005, 0.685
2.185, 0.005, 0.685
2.1950000000000003, 0.005, 0.685
2.205, 0.005, 0.685
2.215, 0.005, 0.685
2.225, 0.005, 0.685
2.2350000000000003, 0.005, 0.685
2.245, 0.005, 0.685
2.255, 0.005, 0.685
2.265, 0.005, 0.685
2.2750000000000004, 0.005, 0.685
2.285, 0.005, 0.685
2.295, 0.005, 0.685
2.305, 0.005, 0.685
2.315, 0.005, 0.685
2.325, 0.005, 0.685
2.335, 0.005, 0.685
2.3449999999999998, 0.005, 0.685
2.355, 0.005, 0.685
2.365, 0.005, 0.685
2.375, 0.005, 0.685
2.385, 0.005, 0.685
2.395, 0.005, 0.685
2.4050000000000002, 0.005, 0.685
2.415, 0.005, 0.685
2.425, 0.005, 0.685
2.435, 0.005, 0.685
2.4450000000000003, 0.005, 0.685
2.455, 0.005, 0.685
2.465, 0.005, 0.685
2.475, 0.005, 0.685
2.4850000000000003, 0.005, 0.685
2.495, 0.005, 0.685
2.505, 0.005, 0.685
2.515, 0.005, 0.685
2.5250000000000004, 0.005, 0.685
2.535, 0.005, 0.685
2.545, 0.005, 0.685
2.555, 0.005, 0.685
2.565, 0.005, 0.685
2.575, 0.005, 0.685
2.585, 0.005, 0.685
2.5949999999999998, 0.005, 0.685
2.605, 0.005, 0.685
2.615, 0.005, 0.685
2.625, 0.005, 0.685
2.635, 0.005, 0.685
2.645, 0.005, 0.685
2.6550000000000002, 0.005, 0.685
2.665, 0.005, 0.685
2.675, 0.005, 0.685
2.685, 0.005, 0.685
2.6950000000000003, 0.005, 0.685
2.705, 0.005, 0.685
2.715, 0.005, 0.685
2.725, 0.005, 0.685
2.7350000000000003, 0.005, 0.685
2.745, 0.005, 0.685
2.755, 0.005, 0.685
2.765, 0.005, 0.685
2.7750000000000004, 0.005, 0.685
2.785, 0.005, 0.685
2.795, 0.005, 0.685
0.005, 0.005, 0.6950000000000001
0.015, 0.005, 0.6950000000000001
0.025, 0.005, 0.6950000000000001
0.035, 0.005, 0.6950000000000001
0.045, 0.005, 0.6950000000000001
0.055, 0.005, 0.6950000000000001
0.065, 0.005, 0.6950000000000001
0.07500000000000001, 0.005, 0.6950000000000001
0.08499999999999999, 0.005, 0.6950000000000001
0.095, 0.005, 0.6950000000000001
0.10500000000000001, 0.005, 0.6950000000000001
0.11499999999999999, 0.005, 0.6950000000000001
0.125, 0.005, 0.6950000000000001
0.135, 0.005, 0.6950000000000001
0.14500000000000002, 0.005, 0.6950000000000001
0.155, 0.005, 0.6950000000000001
0.165, 0.005, 0.6950000000000001
0.175, 0.005, 0.6950000000000001
0.185, 0.005, 0.6950000000000001
0.195, 0.005, 0.6950000000000001
0.20500000000000002, 0.005, 0.6950000000000001
0.215, 0.005, 0.6950000000000001
0.225, 0.005, 0.6950000000000001
0.235, 0.005, 0.6950000000000001
0.245, 0.005, 0.6950000000000001
0.255, 0.005, 0.6950000000000001
0.265, 0.005, 0.6950000000000001
0.275, 0.005, 0.6950000000000001
0.28500000000000003, 0.005, 0.6950000000000001
0.295, 0.005, 0.6950000000000001
0.305, 0.005, 0.6950000000000001
0.315, 0.005, 0.6950000000000001
0.325, 0.005, 0.6950000000000001
0.335, 0.005, 0.6950000000000001
0.34500000000000003, 0.005, 0.6950000000000001
0.355, 0.005, 0.6950000000000001
0.365, 0.005, 0.6950000000000001
0.375, 0.005, 0.6950000000000001
0.385, 0.005, 0.6950000000000001
0.395, 0.005, 0.6950000000000001
0.405, 0.005, 0.6950000000000001
0.41500000000000004, 0.005, 0.6950000000000001
0.425, 0.005, 0.6950000000000001
0.435, 0.005, 0.6950000000000001
0.445, 0.005, 0.6950000000000001
0.455, 0.005, 0.6950000000000001
0.465, 0.005, 0.6950000000000001
0.475, 0.005, 0.6950000000000001
0.485, 0.005, 0.6950000000000001
0.495, 0.005, 0.6950000000000001
0.505, 0.005, 0.6950000000000001
0.515, 0.005, 0.6950000000000001
0.525, 0.005, 0.6950000000000001
0.535, 0.005, 0.6950000000000001
0.545, 0.005, 0.6950000000000001
0.555, 0.005, 0.6950000000000001
0.5650000000000001, 0.005, 0.6950000000000001
0.575, 0.005, 0.6950000000000001
0.585, 0.005, 0.6950000000000001
0.595, 0.005, 0.6950000000000001
0.605, 0.005, 0.6950000000000001
0.615, 0.005, 0.6950000000000001
0.625, 0.005, 0.6950000000000001
0.635, 0.005, 0.6950000000000001
0.645, 0.005, 0.6950000000000001
0.655, 0.005, 0.6950000000000001
0.665, 0.005, 0.6950000000000001
0.675, 0.005, 0.6950000000000001
0.685, 0.005, 0.6950000000000001
0.6950000000000001, 0.005, 0.6950000000000001
0.7050000000000001, 0.005, 0.6950000000000001
0.715, 0.005, 0.6950000000000001
0.725, 0.005, 0.6950000000000001
0.735, 0.005, 0.6950000000000001
0.745, 0.005, 0.6950000000000001
0.755, 0.005, 0.6950000000000001
0.765, 0.005, 0.6950000000000001
0.775, 0.005, 0.6950000000000001
0.785, 0.005, 0.6950000000000001
0.795, 0.005, 0.6950000000000001
0.805, 0.005, 0.6950000000000001
0.8150000000000001, 0.005, 0.6950000000000001
0.8250000000000001, 0.005, 0.6950000000000001
0.835, 0.005, 0.6950000000000001
0.845, 0.005, 0.6950000000000001
0.855, 0.005, 0.6950000000000001
0.865, 0.005, 0.6950000000000001
0.875, 0.005, 0.6950000000000001
0.885, 0.005, 0.6950000000000001
0.895, 0.005, 0.6950000000000001
0.905, 0.005, 0.6950000000000001
0.915, 0.005, 0.6950000000000001
0.925, 0.005, 0.6950000000000001
0.935, 0.005, 0.6950000000000001
0.9450000000000001, 0.005, 0.6950000000000001
0.9550000000000001, 0.005, 0.6950000000000001
0.965, 0.005, 0.6950000000000001
0.975, 0.005, 0.6950000000000001
0.985, 0.005, 0.6950000000000001
0.995, 0.005, 0.6950000000000001
1.005, 0.005, 0.6950000000000001
1.0150000000000001, 0.005, 0.6950000000000001
1.025, 0.005, 0.6950000000000001
1.0350000000000001, 0.005, 0.6950000000000001
1.045, 0.005, 0.6950000000000001
1.0550000000000002, 0.005, 0.6950000000000001
1.065, 0.005, 0.6950000000000001
1.0750000000000002, 0.005, 0.6950000000000001
1.085, 0.005, 0.6950000000000001
1.0950000000000002, 0.005, 0.6950000000000001
1.105, 0.005, 0.6950000000000001
1.1150000000000002, 0.005, 0.6950000000000001
1.125, 0.005, 0.6950000000000001
1.1350000000000002, 0.005, 0.6950000000000001
1.145, 0.005, 0.6950000000000001
1.155, 0.005, 0.6950000000000001
1.165, 0.005, 0.6950000000000001
1.1749999999999998, 0.005, 0.6950000000000001
1.185, 0.005, 0.6950000000000001
1.1949999999999998, 0.005, 0.6950000000000001
1.205, 0.005, 0.6950000000000001
1.2149999999999999, 0.005, 0.6950000000000001
1.225, 0.005, 0.6950000000000001
1.2349999999999999, 0.005, 0.6950000000000001
1.245, 0.005, 0.6950000000000001
1.255, 0.005, 0.6950000000000001
1.2650000000000001, 0.005, 0.6950000000000001
1.275, 0.005, 0.6950000000000001
1.2850000000000001, 0.005, 0.6950000000000001
1.295, 0.005, 0.6950000000000001
1.3050000000000002, 0.005, 0.6950000000000001
1.315, 0.005, 0.6950000000000001
1.3250000000000002, 0.005, 0.6950000000000001
1.335, 0.005, 0.6950000000000001
1.3450000000000002, 0.005, 0.6950000000000001
1.355, 0.005, 0.6950000000000001
1.3650000000000002, 0.005, 0.6950000000000001
1.375, 0.005, 0.6950000000000001
1.3850000000000002, 0.005, 0.6950000000000001
1.395, 0.005, 0.6950000000000001
1.405, 0.005, 0.6950000000000001
1.415, 0.005, 0.6950000000000001
1.4249999999999998, 0.005, 0.6950000000000001
1.435, 0.005, 0.6950000000000001
1.4449999999999998, 0.005, 0.6950000000000001
1.455, 0.005, 0.6950000000000001
1.4649999999999999, 0.005, 0.6950000000000001
1.475, 0.005, 0.6950000000000001
1.4849999999999999, 0.005, 0.6950000000000001
1.495, 0.005, 0.6950000000000001
1.505, 0.005, 0.6950000000000001
1.5150000000000001, 0.005, 0.6950000000000001
1.525, 0.005, 0.6950000000000001
1.5350000000000001, 0.005, 0.6950000000000001
1.545, 0.005, 0.6950000000000001
1.5550000000000002, 0.005, 0.6950000000000001
1.565, 0.005, 0.6950000000000001
1.5750000000000002, 0.005, 0.6950000000000001
1.585, 0.005, 0.6950000000000001
1.5950000000000002, 0.005, 0.6950000000000001
1.605, 0.005, 0.6950000000000001
1.6150000000000002, 0.005, 0.6950000000000001
1.625, 0.005, 0.6950000000000001
1.6350000000000002, 0.005, 0.6950000000000001
1.645, 0.005, 0.6950000000000001
1.6550000000000002, 0.005, 0.6950000000000001
1.665, 0.005, 0.6950000000000001
1.6749999999999998, 0.005, 0.6950000000000001
1.685, 0.005, 0.6950000000000001
1.6949999999999998, 0.005, 0.6950000000000001
1.705, 0.005, 0.6950000000000001
1.7149999999999999, 0.005, 0.6950000000000001
1.725, 0.005, 0.6950000000000001
1.7349999999999999, 0.005, 0.6950000000000001
1.745, 0.005, 0.6950000000000001
1.755, 0.005, 0.6950000000000001
1.7650000000000001, 0.005, 0.6950000000000001
1.775, 0.005, 0.6950000000000001
1.7850000000000001, 0.005, 0.6950000000000001
1.795, 0.005, 0.6950000000000001
1.8050000000000002, 0.005, 0.6950000000000001
1.815, 0.005, 0.6950000000000001
1.8250000000000002, 0.005, 0.6950000000000001
1.835, 0.005, 0.6950000000000001
1.8450000000000002, 0.005, 0.6950000000000001
1.855, 0.005, 0.6950000000000001
1.8650000000000002, 0.005, 0.6950000000000001
1.875, 0.005, 0.6950000000000001
1.8850000000000002, 0.005, 0.6950000000000001
1.895, 0.005, 0.6950000000000001
1.9050000000000002, 0.005, 0.6950000000000001
1.915, 0.005, 0.6950000000000001
1.9249999999999998, 0.005, 0.6950000000000001
1.935, 0.005, 0.6950000000000001
1.9449999999999998, 0.005, 0.6950000000000001
1.955, 0.005, 0.6950000000000001
1.9649999999999999, 0.005, 0.6950000000000001
1.975, 0.005, 0.6950000000000001
1.9849999999999999, 0.005, 0.6950000000000001
1.995, 0.005, 0.6950000000000001
2.005, 0.005, 0.6950000000000001
2.015, 0.005, 0.6950000000000001
2.0250000000000004, 0.005, 0.6950000000000001
2.035, 0.005, 0.6950000000000001
2.045, 0.005, 0.6950000000000001
2.0549999999999997, 0.005, 0.6950000000000001
2.065, 0.005, 0.6950000000000001
2.075, 0.005, 0.6950000000000001
2.085, 0.005, 0.6950000000000001
2.0949999999999998, 0.005, 0.6950000000000001
2.105, 0.005, 0.6950000000000001
2.115, 0.005, 0.6950000000000001
2.125, 0.005, 0.6950000000000001
2.135, 0.005, 0.6950000000000001
2.145, 0.005, 0.6950000000000001
2.1550000000000002, 0.005, 0.6950000000000001
2.165, 0.005, 0.6950000000000001
2.175, 0.005, 0.6950000000000001
2.185, 0.005, 0.6950000000000001
2.1950000000000003, 0.005, 0.6950000000000001
2.205, 0.005, 0.6950000000000001
2.215, 0.005, 0.6950000000000001
2.225, 0.005, 0.6950000000000001
2.2350000000000003, 0.005, 0.6950000000000001
2.245, 0.005, 0.6950000000000001
2.255, 0.005, 0.6950000000000001
2.265, 0.005, 0.6950000000000001
2.2750000000000004, 0.005, 0.6950000000000001
2.285, 0.005, 0.6950000000000001
2.295, 0.005, 0.6950000000000001
2.305, 0.005, 0.6950000000000001
2.315, 0.005, 0.6950000000000001
2.325, 0.005, 0.6950000000000001
2.335, 0.005, 0.6950000000000001
2.3449999999999998, 0.005, 0.6950000000000001
2.355, 0.005, 0.6950000000000001
2.365, 0.005, 0.6950000000000001
2.375, 0.005, 0.6950000000000001
2.385, 0.005, 0.6950000000000001
2.395, 0.005, 0.6950000000000001
2.4050000000000002, 0.005, 0.6950000000000001
2.415, 0.005, 0.6950000000000001
2.425, 0.005, 0.6950000000000001
2.435, 0.005, 0.6950000000000001
2.4450000000000003, 0.005, 0.6950000000000001
2.455, 0.005, 0.6950000000000001
2.465, 0.005, 0.6950000000000001
2.475, 0.005, 0.6950000000000001
2.4850000000000003, 0.005, 0.6950000000000001
2.495, 0.005, 0.6950000000000001
2.505, 0.005, 0.6950000000000001
2.515, 0.005, 0.6950000000000001
2.5250000000000004, 0.005, 0.6950000000000001
2.535, 0.005, 0.6950000000000001
2.545, 0.005, 0.6950000000000001
2.555, 0.005, 0.6950000000000001
2.565, 0.005, 0.6950000000000001
2.575, 0.005, 0.6950000000000001
2.585, 0.005, 0.6950000000000001
2.5949999999999998, 0.005, 0.6950000000000001
2.605, 0.005, 0.6950000000000001
2.615, 0.005, 0.6950000000000001
2.625, 0.005, 0.6950000000000001
2.635, 0.005, 0.6950000000000001
2.645, 0.005, 0.6950000000000001
2.6550000000000002, 0.005, 0.6950000000000001
2.665, 0.005, 0.6950000000000001
2.675, 0.005, 0.6950000000000001
2.685, 0.005, 0.6950000000000001
2.6950000000000003, 0.005, 0.6950000000000001
2.705, 0.005, 0.6950000000000001
2.715, 0.005, 0.6950000000000001
2.725, 0.005, 0.6950000000000001
2.7350000000000003, 0.005, 0.6950000000000001
2.745, 0.005, 0.6950000000000001
2.755, 0.005, 0.6950000000000001
2.765, 0.005, 0.6950000000000001
2.7750000000000004, 0.005, 0.6950000000000001
2.785, 0.005, 0.6950000000000001
2.795, 0.005, 0.6950000000000001
0.005, 0.005, 0.7050000000000001
0.015, 0.005, 0.7050000000000001
0.025, 0.005, 0.7050000000000001
0.035, 0.005, 0.7050000000000001
0.045, 0.005, 0.7050000000000001
0.055, 0.005, 0.7050000000000001
0.065, 0.005, 0.7050000000000001
0.07500000000000001, 0.005, 0.7050000000000001
0.08499999999999999, 0.005, 0.7050000000000001
0.095, 0.005, 0.7050000000000001
0.10500000000000001, 0.005, 0.7050000000000001
0.11499999999999999, 0.005, 0.7050000000000001
0.125, 0.005, 0.7050000000000001
0.135, 0.005, 0.7050000000000001
0.14500000000000002, 0.005, 0.7050000000000001
0.155, 0.005, 0.7050000000000001
0.165, 0.005, 0.7050000000000001
0.175, 0.005, 0.7050000000000001
0.185, 0.005, 0.7050000000000001
0.195, 0.005, 0.7050000000000001
0.20500000000000002, 0.005, 0.7050000000000001
0.215, 0.005, 0.7050000000000001
0.225, 0.005, 0.7050000000000001
0.235, 0.005, 0.7050000000000001
0.245, 0.005, 0.7050000000000001
0.255, 0.005, 0.7050000000000001
0.265, 0.005, 0.7050000000000001
0.275, 0.005, 0.7050000000000001
0.28500000000000003, 0.005, 0.7050000000000001
0.295, 0.005, 0.7050000000000001
0.305, 0.005, 0.7050000000000001
0.315, 0.005, 0.7050000000000001
0.325, 0.005, 0.7050000000000001
0.335, 0.005, 0.7050000000000001
0.34500000000000003, 0.005, 0.7050000000000001
0.355, 0.005, 0.7050000000000001
0.365, 0.005, 0.7050000000000001
0.375, 0.005, 0.7050000000000001
0.385, 0.005, 0.7050000000000001
0.395, 0.005, 0.7050000000000001
0.405, 0.005, 0.7050000000000001
0.41500000000000004, 0.005, 0.7050000000000001
0.425, 0.005, 0.7050000000000001
0.435, 0.005, 0.7050000000000001
0.445, 0.005, 0.7050000000000001
0.455, 0.005, 0.7050000000000001
0.465, 0.005, 0.7050000000000001
0.475, 0.005, 0.7050000000000001
0.485, 0.005, 0.7050000000000001
0.495, 0.005, 0.7050000000000001
0.505, 0.005, 0.7050000000000001
0.515, 0.005, 0.7050000000000001
0.525, 0.005, 0.7050000000000001
0.535, 0.005, 0.7050000000000001
0.545, 0.005, 0.7050000000000001
0.555, 0.005, 0.7050000000000001
0.5650000000000001, 0.005, 0.7050000000000001
0.575, 0.005, 0.7050000000000001
0.585, 0.005, 0.7050000000000001
0.595, 0.005, 0.7050000000000001
0.605, 0.005, 0.7050000000000001
0.615, 0.005, 0.7050000000000001
0.625, 0.005, 0.7050000000000001
0.635, 0.005, 0.7050000000000001
0.645, 0.005, 0.7050000000000001
0.655, 0.005, 0.7050000000000001
0.665, 0.005, 0.7050000000000001
0.675, 0.005, 0.7050000000000001
0.685, 0.005, 0.7050000000000001
0.6950000000000001, 0.005, 0.7050000000000001
0.7050000000000001, 0.005, 0.7050000000000001
0.715, 0.005, 0.7050000000000001
0.725, 0.005, 0.7050000000000001
0.735, 0.005, 0.7050000000000001
0.745, 0.005, 0.7050000000000001
0.755, 0.005, 0.7050000000000001
0.765, 0.005, 0.7050000000000001
0.775, 0.005, 0.7050000000000001
0.785, 0.005, 0.7050000000000001
0.795, 0.005, 0.7050000000000001
0.805, 0.005, 0.7050000000000001
0.8150000000000001, 0.005, 0.7050000000000001
0.8250000000000001, 0.005, 0.7050000000000001
0.835, 0.005, 0.7050000000000001
0.845, 0.005, 0.7050000000000001
0.855, 0.005, 0.7050000000000001
0.865, 0.005, 0.7050000000000001
0.875, 0.005, 0.7050000000000001
0.885, 0.005, 0.7050000000000001
0.895, 0.005, 0.7050000000000001
0.905, 0.005, 0.7050000000000001
0.915, 0.005, 0.7050000000000001
0.925, 0.005, 0.7050000000000001
0.935, 0.005, 0.7050000000000001
0.9450000000000001, 0.005, 0.7050000000000001
0.9550000000000001, 0.005, 0.7050000000000001
0.965, 0.005, 0.7050000000000001
0.975, 0.005, 0.7050000000000001
0.985, 0.005, 0.7050000000000001
0.995, 0.005, 0.7050000000000001
1.005, 0.005, 0.7050000000000001
1.0150000000000001, 0.005, 0.7050000000000001
1.025, 0.005, 0.7050000000000001
1.0350000000000001, 0.005, 0.7050000000000001
1.045, 0.005, 0.7050000000000001
1.0550000000000002, 0.005, 0.7050000000000001
1.065, 0.005, 0.7050000000000001
1.0750000000000002, 0.005, 0.7050000000000001
1.085, 0.005, 0.7050000000000001
1.0950000000000002, 0.005, 0.7050000000000001
1.105, 0.005, 0.7050000000000001
1.1150000000000002, 0.005, 0.7050000000000001
1.125, 0.005, 0.7050000000000001
1.1350000000000002, 0.005, 0.7050000000000001
1.145, 0.005, 0.7050000000000001
1.155, 0.005, 0.7050000000000001
1.165, 0.005, 0.7050000000000001
1.1749999999999998, 0.005, 0.7050000000000001
1.185, 0.005, 0.7050000000000001
1.1949999999999998, 0.005, 0.7050000000000001
1.205, 0.005, 0.7050000000000001
1.2149999999999999, 0.005, 0.7050000000000001
1.225, 0.005, 0.7050000000000001
1.2349999999999999, 0.005, 0.7050000000000001
1.245, 0.005, 0.7050000000000001
1.255, 0.005, 0.7050000000000001
1.2650000000000001, 0.005, 0.7050000000000001
1.275, 0.005, 0.7050000000000001
1.2850000000000001, 0.005, 0.7050000000000001
1.295, 0.005, 0.7050000000000001
1.3050000000000002, 0.005, 0.7050000000000001
1.315, 0.005, 0.7050000000000001
1.3250000000000002, 0.005, 0.7050000000000001
1.335, 0.005, 0.7050000000000001
1.3450000000000002, 0.005, 0.7050000000000001
1.355, 0.005, 0.7050000000000001
1.3650000000000002, 0.005, 0.7050000000000001
1.375, 0.005, 0.7050000000000001
1.3850000000000002, 0.005, 0.7050000000000001
1.395, 0.005, 0.7050000000000001
1.405, 0.005, 0.7050000000000001
1.415, 0.005, 0.7050000000000001
1.4249999999999998, 0.005, 0.7050000000000001
1.435, 0.005, 0.7050000000000001
1.4449999999999998, 0.005, 0.7050000000000001
1.455, 0.005, 0.7050000000000001
1.4649999999999999, 0.005, 0.7050000000000001
1.475, 0.005, 0.7050000000000001
1.4849999999999999, 0.005, 0.7050000000000001
1.495, 0.005, 0.7050000000000001
1.505, 0.005, 0.7050000000000001
1.5150000000000001, 0.005, 0.7050000000000001
1.525, 0.005, 0.7050000000000001
1.5350000000000001, 0.005, 0.7050000000000001
1.545, 0.005, 0.7050000000000001
1.5550000000000002, 0.005, 0.7050000000000001
1.565, 0.005, 0.7050000000000001
1.5750000000000002, 0.005, 0.7050000000000001
1.585, 0.005, 0.7050000000000001
1.5950000000000002, 0.005, 0.7050000000000001
1.605, 0.005, 0.7050000000000001
1.6150000000000002, 0.005, 0.7050000000000001
1.625, 0.005, 0.7050000000000001
1.6350000000000002, 0.005, 0.7050000000000001
1.645, 0.005, 0.7050000000000001
1.6550000000000002, 0.005, 0.7050000000000001
1.665, 0.005, 0.7050000000000001
1.6749999999999998, 0.005, 0.7050000000000001
1.685, 0.005, 0.7050000000000001
1.6949999999999998, 0.005, 0.7050000000000001
1.705, 0.005, 0.7050000000000001
1.7149999999999999, 0.005, 0.7050000000000001
1.725, 0.005, 0.7050000000000001
1.7349999999999999, 0.005, 0.7050000000000001
1.745, 0.005, 0.7050000000000001
1.755, 0.005, 0.7050000000000001
1.7650000000000001, 0.005, 0.7050000000000001
1.775, 0.005, 0.7050000000000001
1.7850000000000001, 0.005, 0.7050000000000001
1.795, 0.005, 0.7050000000000001
1.8050000000000002, 0.005, 0.7050000000000001
1.815, 0.005, 0.7050000000000001
1.8250000000000002, 0.005, 0.7050000000000001
1.835, 0.005, 0.7050000000000001
1.8450000000000002, 0.005, 0.7050000000000001
1.855, 0.005, 0.7050000000000001
1.8650000000000002, 0.005, 0.7050000000000001
1.875, 0.005, 0.7050000000000001
1.8850000000000002, 0.005, 0.7050000000000001
1.895, 0.005, 0.7050000000000001
1.9050000000000002, 0.005, 0.7050000000000001
1.915, 0.005, 0.7050000000000001
1.9249999999999998, 0.005, 0.7050000000000001
1.935, 0.005, 0.7050000000000001
1.9449999999999998, 0.005, 0.7050000000000001
1.955, 0.005, 0.7050000000000001
1.9649999999999999, 0.005, 0.7050000000000001
1.975, 0.005, 0.7050000000000001
1.9849999999999999, 0.005, 0.7050000000000001
1.995, 0.005, 0.7050000000000001
2.005, 0.005, 0.7050000000000001
2.015, 0.005, 0.7050000000000001
2.0250000000000004, 0.005, 0.7050000000000001
2.035, 0.005, 0.7050000000000001
2.045, 0.005, 0.7050000000000001
2.0549999999999997, 0.005, 0.7050000000000001
2.065, 0.005, 0.7050000000000001
2.075, 0.005, 0.7050000000000001
2.085, 0.005, 0.7050000000000001
2.0949999999999998, 0.005, 0.7050000000000001
2.105, 0.005, 0.7050000000000001
2.115, 0.005, 0.7050000000000001
2.125, 0.005, 0.7050000000000001
2.135, 0.005, 0.7050000000000001
2.145, 0.005, 0.7050000000000001
2.1550000000000002, 0.005, 0.7050000000000001
2.165, 0.005, 0.7050000000000001
2.175, 0.005, 0.7050000000000001
2.185, 0.005, 0.7050000000000001
2.1950000000000003, 0.005, 0.7050000000000001
2.205, 0.005, 0.7050000000000001
2.215, 0.005, 0.7050000000000001
2.225, 0.005, 0.7050000000000001
2.2350000000000003, 0.005, 0.7050000000000001
2.245, 0.005, 0.7050000000000001
2.255, 0.005, 0.7050000000000001
2.265, 0.005, 0.7050000000000001
2.2750000000000004, 0.005, 0.7050000000000001
2.285, 0.005, 0.7050000000000001
2.295, 0.005, 0.7050000000000001
2.305, 0.005, 0.7050000000000001
2.315, 0.005, 0.7050000000000001
2.325, 0.005, 0.7050000000000001
2.335, 0.005, 0.7050000000000001
2.3449999999999998, 0.005, 0.7050000000000001
2.355, 0.005, 0.7050000000000001
2.365, 0.005, 0.7050000000000001
2.375, 0.005, 0.7050000000000001
2.385, 0.005, 0.7050000000000001
2.395, 0.005, 0.7050000000000001
2.4050000000000002, 0.005, 0.7050000000000001
2.415, 0.005, 0.7050000000000001
2.425, 0.005, 0.7050000000000001
2.435, 0.005, 0.7050000000000001
2.4450000000000003, 0.005, 0.7050000000000001
2.455, 0.005, 0.7050000000000001
2.465, 0.005, 0.7050000000000001
2.475, 0.005, 0.7050000000000001
2.4850000000000003, 0.005, 0.7050000000000001
2.495, 0.005, 0.7050000000000001
2.505, 0.005, 0.7050000000000001
2.515, 0.005, 0.7050000000000001
2.5250000000000004, 0.005, 0.7050000000000001
2.535, 0.005, 0.7050000000000001
2.545, 0.005, 0.7050000000000001
2.555, 0.005, 0.7050000000000001
2.565, 0.005, 0.7050000000000001
2.575, 0.005, 0.7050000000000001
2.585, 0.005, 0.7050000000000001
2.5949999999999998, 0.005, 0.7050000000000001
2.605, 0.005, 0.7050000000000001
2.615, 0.005, 0.7050000000000001
2.625, 0.005, 0.7050000000000001
2.635, 0.005, 0.7050000000000001
2.645, 0.005, 0.7050000000000001
2.6550000000000002, 0.005, 0.7050000000000001
2.665, 0.005, 0.7050000000000001
2.675, 0.005, 0.7050000000000001
2.685, 0.005, 0.7050000000000001
2.6950000000000003, 0.005, 0.7050000000000001
2.705, 0.005, 0.7050000000000001
2.715, 0.005, 0.7050000000000001
2.725, 0.005, 0.7050000000000001
2.7350000000000003, 0.005, 0.7050000000000001
2.745, 0.005, 0.7050000000000001
2.755, 0.005, 0.7050000000000001
2.765, 0.005, 0.7050000000000001
2.7750000000000004, 0.005, 0.7050000000000001
2.785, 0.005, 0.7050000000000001
2.795, 0.005, 0.7050000000000001
0.005, 0.005, 0.715
0.015, 0.005, 0.715
0.025, 0.005, 0.715
0.035, 0.005, 0.715
0.045, 0.005, 0.715
0.055, 0.005, 0.715
0.065, 0.005, 0.715
0.07500000000000001, 0.005, 0.715
0.08499999999999999, 0.005, 0.715
0.095, 0.005, 0.715
0.10500000000000001, 0.005, 0.715
0.11499999999999999, 0.005, 0.715
0.125, 0.005, 0.715
0.135, 0.005, 0.715
0.14500000000000002, 0.005, 0.715
0.155, 0.005, 0.715
0.165, 0.005, 0.715
0.175, 0.005, 0.715
0.185, 0.005, 0.715
0.195, 0.005, 0.715
0.20500000000000002, 0.005, 0.715
0.215, 0.005, 0.715
0.225, 0.005, 0.715
0.235, 0.005, 0.715
0.245, 0.005, 0.715
0.255, 0.005, 0.715
0.265, 0.005, 0.715
0.275, 0.005, 0.715
0.28500000000000003, 0.005, 0.715
0.295, 0.005, 0.715
0.305, 0.005, 0.715
0.315, 0.005, 0.715
0.325, 0.005, 0.715
0.335, 0.005, 0.715
0.34500000000000003, 0.005, 0.715
0.355, 0.005, 0.715
0.365, 0.005, 0.715
0.375, 0.005, 0.715
0.385, 0.005, 0.715
0.395, 0.005, 0.715
0.405, 0.005, 0.715
0.41500000000000004, 0.005, 0.715
0.425, 0.005, 0.715
0.435, 0.005, 0.715
0.445, 0.005, 0.715
0.455, 0.005, 0.715
0.465, 0.005, 0.715
0.475, 0.005, 0.715
0.485, 0.005, 0.715
0.495, 0.005, 0.715
0.505, 0.005, 0.715
0.515, 0.005, 0.715
0.525, 0.005, 0.715
0.535, 0.005, 0.715
0.545, 0.005, 0.715
0.555, 0.005, 0.715
0.5650000000000001, 0.005, 0.715
0.575, 0.005, 0.715
0.585, 0.005, 0.715
0.595, 0.005, 0.715
0.605, 0.005, 0.715
0.615, 0.005, 0.715
0.625, 0.005, 0.715
0.635, 0.005, 0.715
0.645, 0.005, 0.715
0.655, 0.005, 0.715
0.665, 0.005, 0.715
0.675, 0.005, 0.715
0.685, 0.005, 0.715
0.6950000000000001, 0.005, 0.715
0.7050000000000001, 0.005, 0.715
0.715, 0.005, 0.715
0.725, 0.005, 0.715
0.735, 0.005, 0.715
0.745, 0.005, 0.715
0.755, 0.005, 0.715
0.765, 0.005, 0.715
0.775, 0.005, 0.715
0.785, 0.005, 0.715
0.795, 0.005, 0.715
0.805, 0.005, 0.715
0.8150000000000001, 0.005, 0.715
0.8250000000000001, 0.005, 0.715
0.835, 0.005, 0.715
0.845, 0.005, 0.715
0.855, 0.005, 0.715
0.865, 0.005, 0.715
0.875, 0.005, 0.715
0.885, 0.005, 0.715
0.895, 0.005, 0.715
0.905, 0.005, 0.715
0.915, 0.005, 0.715
0.925, 0.005, 0.715
0.935, 0.005, 0.715
0.9450000000000001, 0.005, 0.715
0.9550000000000001, 0.005, 0.715
0.965, 0.005, 0.715
0.975, 0.005, 0.715
0.985, 0.005, 0.715
0.995, 0.005, 0.715
1.005, 0.005, 0.715
1.0150000000000001, 0.005, 0.715
1.025, 0.005, 0.715
1.0350000000000001, 0.005, 0.715
1.045, 0.005, 0.715
1.0550000000000002, 0.005, 0.715
1.065, 0.005, 0.715
1.0750000000000002, 0.005, 0.715
1.085, 0.005, 0.715
1.0950000000000002, 0.005, 0.715
1.105, 0.005, 0.715
1.1150000000000002, 0.005, 0.715
1.125, 0.005, 0.715
1.1350000000000002, 0.005, 0.715
1.145, 0.005, 0.715
1.155, 0.005, 0.715
1.165, 0.005, 0.715
1.1749999999999998, 0.005, 0.715
1.185, 0.005, 0.715
1.1949999999999998, 0.005, 0.715
1.205, 0.005, 0.715
1.2149999999999999, 0.005, 0.715
1.225, 0.005, 0.715
1.2349999999999999, 0.005, 0.715
1.245, 0.005, 0.715
1.255, 0.005, 0.715
1.2650000000000001, 0.005, 0.715
1.275, 0.005, 0.715
1.2850000000000001, 0.005, 0.715
1.295, 0.005, 0.715
1.3050000000000002, 0.005, 0.715
1.315, 0.005, 0.715
1.3250000000000002, 0.005, 0.715
1.335, 0.005, 0.715
1.3450000000000002, 0.005, 0.715
1.355, 0.005, 0.715
1.3650000000000002, 0.005, 0.715
1.375, 0.005, 0.715
1.3850000000000002, 0.005, 0.715
1.395, 0.005, 0.715
1.405, 0.005, 0.715
1.415, 0.005, 0.715
1.4249999999999998, 0.005, 0.715
1.435, 0.005, 0.715
1.4449999999999998, 0.005, 0.715
1.455, 0.005, 0.715
1.4649999999999999, 0.005, 0.715
1.475, 0.005, 0.715
1.4849999999999999, 0.005, 0.715
1.495, 0.005, 0.715
1.505, 0.005, 0.715
1.5150000000000001, 0.005, 0.715
1.525, 0.005, 0.715
1.5350000000000001, 0.005, 0.715
1.545, 0.005, 0.715
1.5550000000000002, 0.005, 0.715
1.565, 0.005, 0.715
1.5750000000000002, 0.005, 0.715
1.585, 0.005, 0.715
1.5950000000000002, 0.005, 0.715
1.605, 0.005, 0.715
1.6150000000000002, 0.005, 0.715
1.625, 0.005, 0.715
1.6350000000000002, 0.005, 0.715
1.645, 0.005, 0.715
1.6550000000000002, 0.005, 0.715
1.665, 0.005, 0.715
1.6749999999999998, 0.005, 0.715
1.685, 0.005, 0.715
1.6949999999999998, 0.005, 0.715
1.705, 0.005, 0.715
1.7149999999999999, 0.005, 0.715
1.725, 0.005, 0.715
1.7349999999999999, 0.005, 0.715
1.745, 0.005, 0.715
1.755, 0.005, 0.715
1.7650000000000001, 0.005, 0.715
1.775, 0.005, 0.715
1.7850000000000001, 0.005, 0.715
1.795, 0.005, 0.715
1.8050000000000002, 0.005, 0.715
1.815, 0.005, 0.715
1.8250000000000002, 0.005, 0.715
1.835, 0.005, 0.715
1.8450000000000002, 0.005, 0.715
1.855, 0.005, 0.715
1.8650000000000002, 0.005, 0.715
1.875, 0.005, 0.715
1.8850000000000002, 0.005, 0.715
1.895, 0.005, 0.715
1.9050000000000002, 0.005, 0.715
1.915, 0.005, 0.715
1.9249999999999998, 0.005, 0.715
1.935, 0.005, 0.715
1.9449999999999998, 0.005, 0.715
1.955, 0.005, 0.715
1.9649999999999999, 0.005, 0.715
1.975, 0.005, 0.715
1.9849999999999999, 0.005, 0.715
1.995, 0.005, 0.715
2.005, 0.005, 0.715
2.015, 0.005, 0.715
2.0250000000000004, 0.005, 0.715
2.035, 0.005, 0.715
2.045, 0.005, 0.715
2.0549999999999997, 0.005, 0.715
2.065, 0.005, 0.715
2.075, 0.005, 0.715
2.085, 0.005, 0.715
2.0949999999999998, 0.005, 0.715
2.105, 0.005, 0.715
2.115, 0.005, 0.715
2.125, 0.005, 0.715
2.135, 0.005, 0.715
2.145, 0.005, 0.715
2.1550000000000002, 0.005, 0.715
2.165, 0.005, 0.715
2.175, 0.005, 0.715
2.185, 0.005, 0.715
2.1950000000000003, 0.005, 0.715
2.205, 0.005, 0.715
2.215, 0.005, 0.715
2.225, 0.005, 0.715
2.2350000000000003, 0.005, 0.715
2.245, 0.005, 0.715
2.255, 0.005, 0.715
2.265, 0.005, 0.715
2.2750000000000004, 0.005, 0.715
2.285, 0.005, 0.715
2.295, 0.005, 0.715
2.305, 0.005, 0.715
2.315, 0.005, 0.715
2.325, 0.005, 0.715
2.335, 0.005, 0.715
2.3449999999999998, 0.005, 0.715
2.355, 0.005, 0.715
2.365, 0.005, 0.715
2.375, 0.005, 0.715
2.385, 0.005, 0.715
2.395, 0.005, 0.715
2.4050000000000002, 0.005, 0.715
2.415, 0.005, 0.715
2.425, 0.005, 0.715
2.435, 0.005, 0.715
2.4450000000000003, 0.005, 0.715
2.455, 0.005, 0.715
2.465, 0.005, 0.715
2.475, 0.005, 0.715
2.4850000000000003, 0.005, 0.715
2.495, 0.005, 0.715
2.505, 0.005, 0.715
2.515, 0.005, 0.715
2.5250000000000004, 0.005, 0.715
2.535, 0.005, 0.715
2.545, 0.005, 0.715
2.555, 0.005, 0.715
2.565, 0.005, 0.715
2.575, 0.005, 0.715
2.585, 0.005, 0.715
2.5949999999999998, 0.005, 0.715
2.605, 0.005, 0.715
2.615, 0.005, 0.715
2.625, 0.005, 0.715
2.635, 0.005, 0.715
2.645, 0.005, 0.715
2.6550000000000002, 0.005, 0.715
2.665, 0.005, 0.715
2.675, 0.005, 0.715
2.685, 0.005, 0.715
2.6950000000000003, 0.005, 0.715
2.705, 0.005, 0.715
2.715, 0.005, 0.715
2.725, 0.005, 0.715
2.7350000000000003, 0.005, 0.715
2.745, 0.005, 0.715
2.755, 0.005, 0.715
2.765, 0.005, 0.715
2.7750000000000004, 0.005, 0.715
2.785, 0.005, 0.715
2.795, 0.005, 0.715
0.005, 0.005, 0.725
0.015, 0.005, 0.725
0.025, 0.005, 0.725
0.035, 0.005, 0.725
0.045, 0.005, 0.725
0.055, 0.005, 0.725
0.065, 0.005, 0.725
0.07500000000000001, 0.005, 0.725
0.08499999999999999, 0.005, 0.725
0.095, 0.005, 0.725
0.10500000000000001, 0.005, 0.725
0.11499999999999999, 0.005, 0.725
0.125, 0.005, 0.725
0.135, 0.005, 0.725
0.14500000000000002, 0.005, 0.725
0.155, 0.005, 0.725
0.165, 0.005, 0.725
0.175, 0.005, 0.725
0.185, 0.005, 0.725
0.195, 0.005, 0.725
0.20500000000000002, 0.005, 0.725
0.215, 0.005, 0.725
0.225, 0.005, 0.725
0.235, 0.005, 0.725
0.245, 0.005, 0.725
0.255, 0.005, 0.725
0.265, 0.005, 0.725
0.275, 0.005, 0.725
0.28500000000000003, 0.005, 0.725
0.295, 0.005, 0.725
0.305, 0.005, 0.725
0.315, 0.005, 0.725
0.325, 0.005, 0.725
0.335, 0.005, 0.725
0.34500000000000003, 0.005, 0.725
0.355, 0.005, 0.725
0.365, 0.005, 0.725
0.375, 0.005, 0.725
0.385, 0.005, 0.725
0.395, 0.005, 0.725
0.405, 0.005, 0.725
0.41500000000000004, 0.005, 0.725
0.425, 0.005, 0.725
0.435, 0.005, 0.725
0.445, 0.005, 0.725
0.455, 0.005, 0.725
0.465, 0.005, 0.725
0.475, 0.005, 0.725
0.485, 0.005, 0.725
0.495, 0.005, 0.725
0.505, 0.005, 0.725
0.515, 0.005, 0.725
0.525, 0.005, 0.725
0.535, 0.005, 0.725
0.545, 0.005, 0.725
0.555, 0.005, 0.725
0.5650000000000001, 0.005, 0.725
0.575, 0.005, 0.725
0.585, 0.005, 0.725
0.595, 0.005, 0.725
0.605, 0.005, 0.725
0.615, 0.005, 0.725
0.625, 0.005, 0.725
0.635, 0.005, 0.725
0.645, 0.005, 0.725
0.655, 0.005, 0.725
0.665, 0.005, 0.725
0.675, 0.005, 0.725
0.685, 0.005, 0.725
0.6950000000000001, 0.005, 0.725
0.7050000000000001, 0.005, 0.725
0.715, 0.005, 0.725
0.725, 0.005, 0.725
0.735, 0.005, 0.725
0.745, 0.005, 0.725
0.755, 0.005, 0.725
0.765, 0.005, 0.725
0.775, 0.005, 0.725
0.785, 0.005, 0.725
0.795, 0.005, 0.725
0.805, 0.005, 0.725
0.8150000000000001, 0.005, 0.725
0.8250000000000001, 0.005, 0.725
0.835, 0.005, 0.725
0.845, 0.005, 0.725
0.855, 0.005, 0.725
0.865, 0.005, 0.725
0.875, 0.005, 0.725
0.885, 0.005, 0.725
0.895, 0.005, 0.725
0.905, 0.005, 0.725
0.915, 0.005, 0.725
0.925, 0.005, 0.725
0.935, 0.005, 0.725
0.9450000000000001, 0.005, 0.725
0.9550000000000001, 0.005, 0.725
0.965, 0.005, 0.725
0.975, 0.005, 0.725
0.985, 0.005, 0.725
0.995, 0.005, 0.725
1.005, 0.005, 0.725
1.0150000000000001, 0.005, 0.725
1.025, 0.005, 0.725
1.0350000000000001, 0.005, 0.725
1.045, 0.005, 0.725
1.0550000000000002, 0.005, 0.725
1.065, 0.005, 0.725
1.0750000000000002, 0.005, 0.725
1.085, 0.005, 0.725
1.0950000000000002, 0.005, 0.725
1.105, 0.005, 0.725
1.1150000000000002, 0.005, 0.725
1.125, 0.005, 0.725
1.1350000000000002, 0.005, 0.725
1.145, 0.005, 0.725
1.155, 0.005, 0.725
1.165, 0.005, 0.725
1.1749999999999998, 0.005, 0.725
1.185, 0.005, 0.725
1.1949999999999998, 0.005, 0.725
1.205, 0.005, 0.725
1.2149999999999999, 0.005, 0.725
1.225, 0.005, 0.725
1.2349999999999999, 0.005, 0.725
1.245, 0.005, 0.725
1.255, 0.005, 0.725
1.2650000000000001, 0.005, 0.725
1.275, 0.005, 0.725
1.2850000000000001, 0.005, 0.725
1.295, 0.005, 0.725
1.3050000000000002, 0.005, 0.725
1.315, 0.005, 0.725
1.3250000000000002, 0.005, 0.725
1.335, 0.005, 0.725
1.3450000000000002, 0.005, 0.725
1.355, 0.005, 0.725
1.3650000000000002, 0.005, 0.725
1.375, 0.005, 0.725
1.3850000000000002, 0.005, 0.725
1.395, 0.005, 0.725
1.405, 0.005, 0.725
1.415, 0.005, 0.725
1.4249999999999998, 0.005, 0.725
1.435, 0.005, 0.725
1.4449999999999998, 0.005, 0.725
1.455, 0.005, 0.725
1.4649999999999999, 0.005, 0.725
1.475, 0.005, 0.725
1.4849999999999999, 0.005, 0.725
1.495, 0.005, 0.725
1.505, 0.005, 0.725
1.5150000000000001, 0.005, 0.725
1.525, 0.005, 0.725
1.5350000000000001, 0.005, 0.725
1.545, 0.005, 0.725
1.5550000000000002, 0.005, 0.725
1.565, 0.005, 0.725
1.5750000000000002, 0.005, 0.725
1.585, 0.005, 0.725
1.5950000000000002, 0.005, 0.725
1.605, 0.005, 0.725
1.6150000000000002, 0.005, 0.725
1.625, 0.005, 0.725
1.6350000000000002, 0.005, 0.725
1.645, 0.005, 0.725
1.6550000000000002, 0.005, 0.725
1.665, 0.005, 0.725
1.6749999999999998, 0.005, 0.725
1.685, 0.005, 0.725
1.6949999999999998, 0.005, 0.725
1.705, 0.005, 0.725
1.7149999999999999, 0.005, 0.725
1.725, 0.005, 0.725
1.7349999999999999, 0.005, 0.725
1.745, 0.005, 0.725
1.755, 0.005, 0.725
1.7650000000000001, 0.005, 0.725
1.775, 0.005, 0.725
1.7850000000000001, 0.005, 0.725
1.795, 0.005, 0.725
1.8050000000000002, 0.005, 0.725
1.815, 0.005, 0.725
1.8250000000000002, 0.005, 0.725
1.835, 0.005, 0.725
1.8450000000000002, 0.005, 0.725
1.855, 0.005, 0.725
1.8650000000000002, 0.005, 0.725
1.875, 0.005, 0.725
1.8850000000000002, 0.005, 0.725
1.895, 0.005, 0.725
1.9050000000000002, 0.005, 0.725
1.915, 0.005, 0.725
1.9249999999999998, 0.005, 0.725
1.935, 0.005, 0.725
1.9449999999999998, 0.005, 0.725
1.955, 0.005, 0.725
1.9649999999999999, 0.005, 0.725
1.975, 0.005, 0.725
1.9849999999999999, 0.005, 0.725
1.995, 0.005, 0.725
2.005, 0.005, 0.725
2.015, 0.005, 0.725
2.0250000000000004, 0.005, 0.725
2.035, 0.005, 0.725
2.045, 0.005, 0.725
2.0549999999999997, 0.005, 0.725
2.065, 0.005, 0.725
2.075, 0.005, 0.725
2.085, 0.005, 0.725
2.0949999999999998, 0.005, 0.725
2.105, 0.005, 0.725
2.115, 0.005, 0.725
2.125, 0.005, 0.725
2.135, 0.005, 0.725
2.145, 0.005, 0.725
2.1550000000000002, 0.005, 0.725
2.165, 0.005, 0.725
2.175, 0.005, 0.725
2.185, 0.005, 0.725
2.1950000000000003, 0.005, 0.725
2.205, 0.005, 0.725
2.215, 0.005, 0.725
2.225, 0.005, 0.725
2.2350000000000003, 0.005, 0.725
2.245, 0.005, 0.725
2.255, 0.005, 0.725
2.265, 0.005, 0.725
2.2750000000000004, 0.005, 0.725
2.285, 0.005, 0.725
2.295, 0.005, 0.725
2.305, 0.005, 0.725
2.315, 0.005, 0.725
2.325, 0.005, 0.725
2.335, 0.005, 0.725
2.3449999999999998, 0.005, 0.725
2.355, 0.005, 0.725
2.365, 0.005, 0.725
2.375, 0.005, 0.725
2.385, 0.005, 0.725
2.395, 0.005, 0.725
2.4050000000000002, 0.005, 0.725
2.415, 0.005, 0.725
2.425, 0.005, 0.725
2.435, 0.005, 0.725
2.4450000000000003, 0.005, 0.725
2.455, 0.005, 0.725
2.465, 0.005, 0.725
2.475, 0.005, 0.725
2.4850000000000003, 0.005, 0.725
2.495, 0.005, 0.725
2.505, 0.005, 0.725
2.515, 0.005, 0.725
2.5250000000000004, 0.005, 0.725
2.535, 0.005, 0.725
2.545, 0.005, 0.725
2.555, 0.005, 0.725
2.565, 0.005, 0.725
2.575, 0.005, 0.725
2.585, 0.005, 0.725
2.5949999999999998, 0.005, 0.725
2.605, 0.005, 0.725
2.615, 0.005, 0.725
2.625, 0.005, 0.725
2.635, 0.005, 0.725
2.645, 0.005, 0.725
2.6550000000000002, 0.005, 0.725
2.665, 0.005, 0.725
2.675, 0.005, 0.725
2.685, 0.005, 0.725
2.6950000000000003, 0.005, 0.725
2.705, 0.005, 0.725
2.715, 0.005, 0.725
2.725, 0.005, 0.725
2.7350000000000003, 0.005, 0.725
2.745, 0.005, 0.725
2.755, 0.005, 0.725
2.765, 0.005, 0.725
2.7750000000000004, 0.005, 0.725
2.785, 0.005, 0.725
2.795, 0.005, 0.725
0.005, 0.005, 0.735
0.015, 0.005, 0.735
0.025, 0.005, 0.735
0.035, 0.005, 0.735
0.045, 0.005, 0.735
0.055, 0.005, 0.735
0.065, 0.005, 0.735
0.07500000000000001, 0.005, 0.735
0.08499999999999999, 0.005, 0.735
0.095, 0.005, 0.735
0.10500000000000001, 0.005, 0.735
0.11499999999999999, 0.005, 0.735
0.125, 0.005, 0.735
0.135, 0.005, 0.735
0.14500000000000002, 0.005, 0.735
0.155, 0.005, 0.735
0.165, 0.005, 0.735
0.175, 0.005, 0.735
0.185, 0.005, 0.735
0.195, 0.005, 0.735
0.20500000000000002, 0.005, 0.735
0.215, 0.005, 0.735
0.225, 0.005, 0.735
0.235, 0.005, 0.735
0.245, 0.005, 0.735
0.255, 0.005, 0.735
0.265, 0.005, 0.735
0.275, 0.005, 0.735
0.28500000000000003, 0.005, 0.735
0.295, 0.005, 0.735
0.305, 0.005, 0.735
0.315, 0.005, 0.735
0.325, 0.005, 0.735
0.335, 0.005, 0.735
0.34500000000000003, 0.005, 0.735
0.355, 0.005, 0.735
0.365, 0.005, 0.735
0.375, 0.005, 0.735
0.385, 0.005, 0.735
0.395, 0.005, 0.735
0.405, 0.005, 0.735
0.41500000000000004, 0.005, 0.735
0.425, 0.005, 0.735
0.435, 0.005, 0.735
0.445, 0.005, 0.735
0.455, 0.005, 0.735
0.465, 0.005, 0.735
0.475, 0.005, 0.735
0.485, 0.005, 0.735
0.495, 0.005, 0.735
0.505, 0.005, 0.735
0.515, 0.005, 0.735
0.525, 0.005, 0.735
0.535, 0.005, 0.735
0.545, 0.005, 0.735
0.555, 0.005, 0.735
0.5650000000000001, 0.005, 0.735
0.575, 0.005, 0.735
0.585, 0.005, 0.735
0.595, 0.005, 0.735
0.605, 0.005, 0.735
0.615, 0.005, 0.735
0.625, 0.005, 0.735
0.635, 0.005, 0.735
0.645, 0.005, 0.735
0.655, 0.005, 0.735
0.665, 0.005, 0.735
0.675, 0.005, 0.735
0.685, 0.005, 0.735
0.6950000000000001, 0.005, 0.735
0.7050000000000001, 0.005, 0.735
0.715, 0.005, 0.735
0.725, 0.005, 0.735
0.735, 0.005, 0.735
0.745, 0.005, 0.735
0.755, 0.005, 0.735
0.765, 0.005, 0.735
0.775, 0.005, 0.735
0.785, 0.005, 0.735
0.795, 0.005, 0.735
0.805, 0.005, 0.735
0.8150000000000001, 0.005, 0.735
0.8250000000000001, 0.005, 0.735
0.835, 0.005, 0.735
0.845, 0.005, 0.735
0.855, 0.005, 0.735
0.865, 0.005, 0.735
0.875, 0.005, 0.735
0.885, 0.005, 0.735
0.895, 0.005, 0.735
0.905, 0.005, 0.735
0.915, 0.005, 0.735
0.925, 0.005, 0.735
0.935, 0.005, 0.735
0.9450000000000001, 0.005, 0.735
0.9550000000000001, 0.005, 0.735
0.965, 0.005, 0.735
0.975, 0.005, 0.735
0.985, 0.005, 0.735
0.995, 0.005, 0.735
1.005, 0.005, 0.735
1.0150000000000001, 0.005, 0.735
1.025, 0.005, 0.735
1.0350000000000001, 0.005, 0.735
1.045, 0.005, 0.735
1.0550000000000002, 0.005, 0.735
1.065, 0.005, 0.735
1.0750000000000002, 0.005, 0.735
1.085, 0.005, 0.735
1.0950000000000002, 0.005, 0.735
1.105, 0.005, 0.735
1.1150000000000002, 0.005, 0.735
1.125, 0.005, 0.735
1.1350000000000002, 0.005, 0.735
1.145, 0.005, 0.735
1.155, 0.005, 0.735
1.165, 0.005, 0.735
1.1749999999999998, 0.005, 0.735
1.185, 0.005, 0.735
1.1949999999999998, 0.005, 0.735
1.205, 0.005, 0.735
1.2149999999999999, 0.005, 0.735
1.225, 0.005, 0.735
1.2349999999999999, 0.005, 0.735
1.245, 0.005, 0.735
1.255, 0.005, 0.735
1.2650000000000001, 0.005, 0.735
1.275, 0.005, 0.735
1.2850000000000001, 0.005, 0.735
1.295, 0.005, 0.735
1.3050000000000002, 0.005, 0.735
1.315, 0.005, 0.735
1.3250000000000002, 0.005, 0.735
1.335, 0.005, 0.735
1.3450000000000002, 0.005, 0.735
1.355, 0.005, 0.735
1.3650000000000002, 0.005, 0.735
1.375, 0.005, 0.735
1.3850000000000002, 0.005, 0.735
1.395, 0.005, 0.735
1.405, 0.005, 0.735
1.415, 0.005, 0.735
1.4249999999999998, 0.005, 0.735
1.435, 0.005, 0.735
1.4449999999999998, 0.005, 0.735
1.455, 0.005, 0.735
1.4649999999999999, 0.005, 0.735
1.475, 0.005, 0.735
1.4849999999999999, 0.005, 0.735
1.495, 0.005, 0.735
1.505, 0.005, 0.735
1.5150000000000001, 0.005, 0.735
1.525, 0.005, 0.735
1.5350000000000001, 0.005, 0.735
1.545, 0.005, 0.735
1.5550000000000002, 0.005, 0.735
1.565, 0.005, 0.735
1.5750000000000002, 0.005, 0.735
1.585, 0.005, 0.735
1.5950000000000002, 0.005, 0.735
1.605, 0.005, 0.735
1.6150000000000002, 0.005, 0.735
1.625, 0.005, 0.735
1.6350000000000002, 0.005, 0.735
1.645, 0.005, 0.735
1.6550000000000002, 0.005, 0.735
1.665, 0.005, 0.735
1.6749999999999998, 0.005, 0.735
1.685, 0.005, 0.735
1.6949999999999998, 0.005, 0.735
1.705, 0.005, 0.735
1.7149999999999999, 0.005, 0.735
1.725, 0.005, 0.735
1.7349999999999999, 0.005, 0.735
1.745, 0.005, 0.735
1.755, 0.005, 0.735
1.7650000000000001, 0.005, 0.735
1.775, 0.005, 0.735
1.7850000000000001, 0.005, 0.735
1.795, 0.005, 0.735
1.8050000000000002, 0.005, 0.735
1.815, 0.005, 0.735
1.8250000000000002, 0.005, 0.735
1.835, 0.005, 0.735
1.8450000000000002, 0.005, 0.735
1.855, 0.005, 0.735
1.8650000000000002, 0.005, 0.735
1.875, 0.005, 0.735
1.8850000000000002, 0.005, 0.735
1.895, 0.005, 0.735
1.9050000000000002, 0.005, 0.735
1.915, 0.005, 0.735
1.9249999999999998, 0.005, 0.735
1.935, 0.005, 0.735
1.9449999999999998, 0.005, 0.735
1.955, 0.005, 0.735
1.9649999999999999, 0.005, 0.735
1.975, 0.005, 0.735
1.9849999999999999, 0.005, 0.735
1.995, 0.005, 0.735
2.005, 0.005, 0.735
2.015, 0.005, 0.735
2.0250000000000004, 0.005, 0.735
2.035, 0.005, 0.735
2.045, 0.005, 0.735
2.0549999999999997, 0.005, 0.735
2.065, 0.005, 0.735
2.075, 0.005, 0.735
2.085, 0.005, 0.735
2.0949999999999998, 0.005, 0.735
2.105, 0.005, 0.735
2.115, 0.005, 0.735
2.125, 0.005, 0.735
2.135, 0.005, 0.735
2.145, 0.005, 0.735
2.1550000000000002, 0.005, 0.735
2.165, 0.005, 0.735
2.175, 0.005, 0.735
2.185, 0.005, 0.735
2.1950000000000003, 0.005, 0.735
2.205, 0.005, 0.735
2.215, 0.005, 0.735
2.225, 0.005, 0.735
2.2350000000000003, 0.005, 0.735
2.245, 0.005, 0.735
2.255, 0.005, 0.735
2.265, 0.005, 0.735
2.2750000000000004, 0.005, 0.735
2.285, 0.005, 0.735
2.295, 0.005, 0.735
2.305, 0.005, 0.735
2.315, 0.005, 0.735
2.325, 0.005, 0.735
2.335, 0.005, 0.735
2.3449999999999998, 0.005, 0.735
2.355, 0.005, 0.735
2.365, 0.005, 0.735
2.375, 0.005, 0.735
2.385, 0.005, 0.735
2.395, 0.005, 0.735
2.4050000000000002, 0.005, 0.735
2.415, 0.005, 0.735
2.425, 0.005, 0.735
2.435, 0.005, 0.735
2.4450000000000003, 0.005, 0.735
2.455, 0.005, 0.735
2.465, 0.005, 0.735
2.475, 0.005, 0.735
2.4850000000000003, 0.005, 0.735
2.495, 0.005, 0.735
2.505, 0.005, 0.735
2.515, 0.005, 0.735
2.5250000000000004, 0.005, 0.735
2.535, 0.005, 0.735
2.545, 0.005, 0.735
2.555, 0.005, 0.735
2.565, 0.005, 0.735
2.575, 0.005, 0.735
2.585, 0.005, 0.735
2.5949999999999998, 0.005, 0.735
2.605, 0.005, 0.735
2.615, 0.005, 0.735
2.625, 0.005, 0.735
2.635, 0.005, 0.735
2.645, 0.005, 0.735
2.6550000000000002, 0.005, 0.735
2.665, 0.005, 0.735
2.675, 0.005, 0.735
2.685, 0.005, 0.735
2.6950000000000003, 0.005, 0.735
2.705, 0.005, 0.735
2.715, 0.005, 0.735
2.725, 0.005, 0.735
2.7350000000000003, 0.005, 0.735
2.745, 0.005, 0.735
2.755, 0.005, 0.735
2.765, 0.005, 0.735
2.7750000000000004, 0.005, 0.735
2.785, 0.005, 0.735
2.795, 0.005, 0.735
0.005, 0.005, 0.745
0.015, 0.005, 0.745
0.025, 0.005, 0.745
0.035, 0.005, 0.745
0.045, 0.005, 0.745
0.055, 0.005, 0.745
0.065, 0.005, 0.745
0.07500000000000001, 0.005, 0.745
0.08499999999999999, 0.005, 0.745
0.095, 0.005, 0.745
0.10500000000000001, 0.005, 0.745
0.11499999999999999, 0.005, 0.745
0.125, 0.005, 0.745
0.135, 0.005, 0.745
0.14500000000000002, 0.005, 0.745
0.155, 0.005, 0.745
0.165, 0.005, 0.745
0.175, 0.005, 0.745
0.185, 0.005, 0.745
0.195, 0.005, 0.745
0.20500000000000002, 0.005, 0.745
0.215, 0.005, 0.745
0.225, 0.005, 0.745
0.235, 0.005, 0.745
0.245, 0.005, 0.745
0.255, 0.005, 0.745
0.265, 0.005, 0.745
0.275, 0.005, 0.745
0.28500000000000003, 0.005, 0.745
0.295, 0.005, 0.745
0.305, 0.005, 0.745
0.315, 0.005, 0.745
0.325, 0.005, 0.745
0.335, 0.005, 0.745
0.34500000000000003, 0.005, 0.745
0.355, 0.005, 0.745
0.365, 0.005, 0.745
0.375, 0.005, 0.745
0.385, 0.005, 0.745
0.395, 0.005, 0.745
0.405, 0.005, 0.745
0.41500000000000004, 0.005, 0.745
0.425, 0.005, 0.745
0.435, 0.005, 0.745
0.445, 0.005, 0.745
0.455, 0.005, 0.745
0.465, 0.005, 0.745
0.475, 0.005, 0.745
0.485, 0.005, 0.745
0.495, 0.005, 0.745
0.505, 0.005, 0.745
0.515, 0.005, 0.745
0.525, 0.005, 0.745
0.535, 0.005, 0.745
0.545, 0.005, 0.745
0.555, 0.005, 0.745
0.5650000000000001, 0.005, 0.745
0.575, 0.005, 0.745
0.585, 0.005, 0.745
0.595, 0.005, 0.745
0.605, 0.005, 0.745
0.615, 0.005, 0.745
0.625, 0.005, 0.745
0.635, 0.005, 0.745
0.645, 0.005, 0.745
0.655, 0.005, 0.745
0.665, 0.005, 0.745
0.675, 0.005, 0.745
0.685, 0.005, 0.745
0.6950000000000001, 0.005, 0.745
0.7050000000000001, 0.005, 0.745
0.715, 0.005, 0.745
0.725, 0.005, 0.745
0.735, 0.005, 0.745
0.745, 0.005, 0.745
0.755, 0.005, 0.745
0.765, 0.005, 0.745
0.775, 0.005, 0.745
0.785, 0.005, 0.745
0.795, 0.005, 0.745
0.805, 0.005, 0.745
0.8150000000000001, 0.005, 0.745
0.8250000000000001, 0.005, 0.745
0.835, 0.005, 0.745
0.845, 0.005, 0.745
0.855, 0.005, 0.745
0.865, 0.005, 0.745
0.875, 0.005, 0.745
0.885, 0.005, 0.745
0.895, 0.005, 0.745
0.905, 0.005, 0.745
0.915, 0.005, 0.745
0.925, 0.005, 0.745
0.935, 0.005, 0.745
0.9450000000000001, 0.005, 0.745
0.9550000000000001, 0.005, 0.745
0.965, 0.005, 0.745
0.975, 0.005, 0.745
0.985, 0.005, 0.745
0.995, 0.005, 0.745
1.005, 0.005, 0.745
1.0150000000000001, 0.005, 0.745
1.025, 0.005, 0.745
1.0350000000000001, 0.005, 0.745
1.045, 0.005, 0.745
1.0550000000000002, 0.005, 0.745
1.065, 0.005, 0.745
1.0750000000000002, 0.005, 0.745
1.085, 0.005, 0.745
1.0950000000000002, 0.005, 0.745
1.105, 0.005, 0.745
1.1150000000000002, 0.005, 0.745
1.125, 0.005, 0.745
1.1350000000000002, 0.005, 0.745
1.145, 0.005, 0.745
1.155, 0.005, 0.745
1.165, 0.005, 0.745
1.1749999999999998, 0.005, 0.745
1.185, 0.005, 0.745
1.1949999999999998, 0.005, 0.745
1.205, 0.005, 0.745
1.2149999999999999, 0.005, 0.745
1.225, 0.005, 0.745
1.2349999999999999, 0.005, 0.745
1.245, 0.005, 0.745
1.255, 0.005, 0.745
1.2650000000000001, 0.005, 0.745
1.275, 0.005, 0.745
1.2850000000000001, 0.005, 0.745
1.295, 0.005, 0.745
1.3050000000000002, 0.005, 0.745
1.315, 0.005, 0.745
1.3250000000000002, 0.005, 0.745
1.335, 0.005, 0.745
1.3450000000000002, 0.005, 0.745
1.355, 0.005, 0.745
1.3650000000000002, 0.005, 0.745
1.375, 0.005, 0.745
1.3850000000000002, 0.005, 0.745
1.395, 0.005, 0.745
1.405, 0.005, 0.745
1.415, 0.005, 0.745
1.4249999999999998, 0.005, 0.745
1.435, 0.005, 0.745
1.4449999999999998, 0.005, 0.745
1.455, 0.005, 0.745
1.4649999999999999, 0.005, 0.745
1.475, 0.005, 0.745
1.4849999999999999, 0.005, 0.745
1.495, 0.005, 0.745
1.505, 0.005, 0.745
1.5150000000000001, 0.005, 0.745
1.525, 0.005, 0.745
1.5350000000000001, 0.005, 0.745
1.545, 0.005, 0.745
1.5550000000000002, 0.005, 0.745
1.565, 0.005, 0.745
1.5750000000000002, 0.005, 0.745
1.585, 0.005, 0.745
1.5950000000000002, 0.005, 0.745
1.605, 0.005, 0.745
1.6150000000000002, 0.005, 0.745
1.625, 0.005, 0.745
1.6350000000000002, 0.005, 0.745
1.645, 0.005, 0.745
1.6550000000000002, 0.005, 0.745
1.665, 0.005, 0.745
1.6749999999999998, 0.005, 0.745
1.685, 0.005, 0.745
1.6949999999999998, 0.005, 0.745
1.705, 0.005, 0.745
1.7149999999999999, 0.005, 0.745
1.725, 0.005, 0.745
1.7349999999999999, 0.005, 0.745
1.745, 0.005, 0.745
1.755, 0.005, 0.745
1.7650000000000001, 0.005, 0.745
1.775, 0.005, 0.745
1.7850000000000001, 0.005, 0.745
1.795, 0.005, 0.745
1.8050000000000002, 0.005, 0.745
1.815, 0.005, 0.745
1.8250000000000002, 0.005, 0.745
1.835, 0.005, 0.745
1.8450000000000002, 0.005, 0.745
1.855, 0.005, 0.745
1.8650000000000002, 0.005, 0.745
1.875, 0.005, 0.745
1.8850000000000002, 0.005, 0.745
1.895, 0.005, 0.745
1.9050000000000002, 0.005, 0.745
1.915, 0.005, 0.745
1.9249999999999998, 0.005, 0.745
1.935, 0.005, 0.745
1.9449999999999998, 0.005, 0.745
1.955, 0.005, 0.745
1.9649999999999999, 0.005, 0.745
1.975, 0.005, 0.745
1.9849999999999999, 0.005, 0.745
1.995, 0.005, 0.745
2.005, 0.005, 0.745
2.015, 0.005, 0.745
2.0250000000000004, 0.005, 0.745
2.035, 0.005, 0.745
2.045, 0.005, 0.745
2.0549999999999997, 0.005, 0.745
2.065, 0.005, 0.745
2.075, 0.005, 0.745
2.085, 0.005, 0.745
2.0949999999999998, 0.005, 0.745
2.105, 0.005, 0.745
2.115, 0.005, 0.745
2.125, 0.005, 0.745
2.135, 0.005, 0.745
2.145, 0.005, 0.745
2.1550000000000002, 0.005, 0.745
2.165, 0.005, 0.745
2.175, 0.005, 0.745
2.185, 0.005, 0.745
2.1950000000000003, 0.005, 0.745
2.205, 0.005, 0.745
2.215, 0.005, 0.745
2.225, 0.005, 0.745
2.2350000000000003, 0.005, 0.745
2.245, 0.005, 0.745
2.255, 0.005, 0.745
2.265, 0.005, 0.745
2.2750000000000004, 0.005, 0.745
2.285, 0.005, 0.745
2.295, 0.005, 0.745
2.305, 0.005, 0.745
2.315, 0.005, 0.745
2.325, 0.005, 0.745
2.335, 0.005, 0.745
2.3449999999999998, 0.005, 0.745
2.355, 0.005, 0.745
2.365, 0.005, 0.745
2.375, 0.005, 0.745
2.385, 0.005, 0.745
2.395, 0.005, 0.745
2.4050000000000002, 0.005, 0.745
2.415, 0.005, 0.745
2.425, 0.005, 0.745
2.435, 0.005, 0.745
2.4450000000000003, 0.005, 0.745
2.455, 0.005, 0.745
2.465, 0.005, 0.745
2.475, 0.005, 0.745
2.4850000000000003, 0.005, 0.745
2.495, 0.005, 0.745
2.505, 0.005, 0.745
2.515, 0.005, 0.745
2.5250000000000004, 0.005, 0.745
2.535, 0.005, 0.745
2.545, 0.005, 0.745
2.555, 0.005, 0.745
2.565, 0.005, 0.745
2.575, 0.005, 0.745
2.585, 0.005, 0.745
2.5949999999999998, 0.005, 0.745
2.605, 0.005, 0.745
2.615, 0.005, 0.745
2.625, 0.005, 0.745
2.635, 0.005, 0.745
2.645, 0.005, 0.745
2.6550000000000002, 0.005, 0.745
2.665, 0.005, 0.745
2.675, 0.005, 0.745
2.685, 0.005, 0.745
2.6950000000000003, 0.005, 0.745
2.705, 0.005, 0.745
2.715, 0.005, 0.745
2.725, 0.005, 0.745
2.7350000000000003, 0.005, 0.745
2.745, 0.005, 0.745
2.755, 0.005, 0.745
2.765, 0.005, 0.745
2.7750000000000004, 0.005, 0.745
2.785, 0.005, 0.745
2.795, 0.005, 0.745
0.005, 0.005, 0.755
0.015, 0.005, 0.755
0.025, 0.005, 0.755
0.035, 0.005, 0.755
0.045, 0.005, 0.755
0.055, 0.005, 0.755
0.065, 0.005, 0.755
0.07500000000000001, 0.005, 0.755
0.08499999999999999, 0.005, 0.755
0.095, 0.005, 0.755
0.10500000000000001, 0.005, 0.755
0.11499999999999999, 0.005, 0.755
0.125, 0.005, 0.755
0.135, 0.005, 0.755
0.14500000000000002, 0.005, 0.755
0.155, 0.005, 0.755
0.165, 0.005, 0.755
0.175, 0.005, 0.755
0.185, 0.005, 0.755
0.195, 0.005, 0.755
0.20500000000000002, 0.005, 0.755
0.215, 0.005, 0.755
0.225, 0.005, 0.755
0.235, 0.005, 0.755
0.245, 0.005, 0.755
0.255, 0.005, 0.755
0.265, 0.005, 0.755
0.275, 0.005, 0.755
0.28500000000000003, 0.005, 0.755
0.295, 0.005, 0.755
0.305, 0.005, 0.755
0.315, 0.005, 0.755
0.325, 0.005, 0.755
0.335, 0.005, 0.755
0.34500000000000003, 0.005, 0.755
0.355, 0.005, 0.755
0.365, 0.005, 0.755
0.375, 0.005, 0.755
0.385, 0.005, 0.755
0.395, 0.005, 0.755
0.405, 0.005, 0.755
0.41500000000000004, 0.005, 0.755
0.425, 0.005, 0.755
0.435, 0.005, 0.755
0.445, 0.005, 0.755
0.455, 0.005, 0.755
0.465, 0.005, 0.755
0.475, 0.005, 0.755
0.485, 0.005, 0.755
0.495, 0.005, 0.755
0.505, 0.005, 0.755
0.515, 0.005, 0.755
0.525, 0.005, 0.755
0.535, 0.005, 0.755
0.545, 0.005, 0.755
0.555, 0.005, 0.755
0.5650000000000001, 0.005, 0.755
0.575, 0.005, 0.755
0.585, 0.005, 0.755
0.595, 0.005, 0.755
0.605, 0.005, 0.755
0.615, 0.005, 0.755
0.625, 0.005, 0.755
0.635, 0.005, 0.755
0.645, 0.005, 0.755
0.655, 0.005, 0.755
0.665, 0.005, 0.755
0.675, 0.005, 0.755
0.685, 0.005, 0.755
0.6950000000000001, 0.005, 0.755
0.7050000000000001, 0.005, 0.755
0.715, 0.005, 0.755
0.725, 0.005, 0.755
0.735, 0.005, 0.755
0.745, 0.005, 0.755
0.755, 0.005, 0.755
0.765, 0.005, 0.755
0.775, 0.005, 0.755
0.785, 0.005, 0.755
0.795, 0.005, 0.755
0.805, 0.005, 0.755
0.8150000000000001, 0.005, 0.755
0.8250000000000001, 0.005, 0.755
0.835, 0.005, 0.755
0.845, 0.005, 0.755
0.855, 0.005, 0.755
0.865, 0.005, 0.755
0.875, 0.005, 0.755
0.885, 0.005, 0.755
0.895, 0.005, 0.755
0.905, 0.005, 0.755
0.915, 0.005, 0.755
0.925, 0.005, 0.755
0.935, 0.005, 0.755
0.9450000000000001, 0.005, 0.755
0.9550000000000001, 0.005, 0.755
0.965, 0.005, 0.755
0.975, 0.005, 0.755
0.985, 0.005, 0.755
0.995, 0.005, 0.755
1.005, 0.005, 0.755
1.0150000000000001, 0.005, 0.755
1.025, 0.005, 0.755
1.0350000000000001, 0.005, 0.755
1.045, 0.005, 0.755
1.0550000000000002, 0.005, 0.755
1.065, 0.005, 0.755
1.0750000000000002, 0.005, 0.755
1.085, 0.005, 0.755
1.0950000000000002, 0.005, 0.755
1.105, 0.005, 0.755
1.1150000000000002, 0.005, 0.755
1.125, 0.005, 0.755
1.1350000000000002, 0.005, 0.755
1.145, 0.005, 0.755
1.155, 0.005, 0.755
1.165, 0.005, 0.755
1.1749999999999998, 0.005, 0.755
1.185, 0.005, 0.755
1.1949999999999998, 0.005, 0.755
1.205, 0.005, 0.755
1.2149999999999999, 0.005, 0.755
1.225, 0.005, 0.755
1.2349999999999999, 0.005, 0.755
1.245, 0.005, 0.755
1.255, 0.005, 0.755
1.2650000000000001, 0.005, 0.755
1.275, 0.005, 0.755
1.2850000000000001, 0.005, 0.755
1.295, 0.005, 0.755
1.3050000000000002, 0.005, 0.755
1.315, 0.005, 0.755
1.3250000000000002, 0.005, 0.755
1.335, 0.005, 0.755
1.3450000000000002, 0.005, 0.755
1.355, 0.005, 0.755
1.3650000000000002, 0.005, 0.755
1.375, 0.005, 0.755
1.3850000000000002, 0.005, 0.755
1.395, 0.005, 0.755
1.405, 0.005, 0.755
1.415, 0.005, 0.755
1.4249999999999998, 0.005, 0.755
1.435, 0.005, 0.755
1.4449999999999998, 0.005, 0.755
1.455, 0.005, 0.755
1.4649999999999999, 0.005, 0.755
1.475, 0.005, 0.755
1.4849999999999999, 0.005, 0.755
1.495, 0.005, 0.755
1.505, 0.005, 0.755
1.5150000000000001, 0.005, 0.755
1.525, 0.005, 0.755
1.5350000000000001, 0.005, 0.755
1.545, 0.005, 0.755
1.5550000000000002, 0.005, 0.755
1.565, 0.005, 0.755
1.5750000000000002, 0.005, 0.755
1.585, 0.005, 0.755
1.5950000000000002, 0.005, 0.755
1.605, 0.005, 0.755
1.6150000000000002, 0.005, 0.755
1.625, 0.005, 0.755
1.6350000000000002, 0.005, 0.755
1.645, 0.005, 0.755
1.6550000000000002, 0.005, 0.755
1.665, 0.005, 0.755
1.6749999999999998, 0.005, 0.755
1.685, 0.005, 0.755
1.6949999999999998, 0.005, 0.755
1.705, 0.005, 0.755
1.7149999999999999, 0.005, 0.755
1.725, 0.005, 0.755
1.7349999999999999, 0.005, 0.755
1.745, 0.005, 0.755
1.755, 0.005, 0.755
1.7650000000000001, 0.005, 0.755
1.775, 0.005, 0.755
1.7850000000000001, 0.005, 0.755
1.795, 0.005, 0.755
1.8050000000000002, 0.005, 0.755
1.815, 0.005, 0.755
1.8250000000000002, 0.005, 0.755
1.835, 0.005, 0.755
1.8450000000000002, 0.005, 0.755
1.855, 0.005, 0.755
1.8650000000000002, 0.005, 0.755
1.875, 0.005, 0.755
1.8850000000000002, 0.005, 0.755
1.895, 0.005, 0.755
1.9050000000000002, 0.005, 0.755
1.915, 0.005, 0.755
1.9249999999999998, 0.005, 0.755
1.935, 0.005, 0.755
1.9449999999999998, 0.005, 0.755
1.955, 0.005, 0.755
1.9649999999999999, 0.005, 0.755
1.975, 0.005, 0.755
1.9849999999999999, 0.005, 0.755
1.995, 0.005, 0.755
2.005, 0.005, 0.755
2.015, 0.005, 0.755
2.0250000000000004, 0.005, 0.755
2.035, 0.005, 0.755
2.045, 0.005, 0.755
2.0549999999999997, 0.005, 0.755
2.065, 0.005, 0.755
2.075, 0.005, 0.755
2.085, 0.005, 0.755
2.0949999999999998, 0.005, 0.755
2.105, 0.005, 0.755
2.115, 0.005, 0.755
2.125, 0.005, 0.755
2.135, 0.005, 0.755
2.145, 0.005, 0.755
2.1550000000000002, 0.005, 0.755
2.165, 0.005, 0.755
2.175, 0.005, 0.755
2.185, 0.005, 0.755
2.1950000000000003, 0.005, 0.755
2.205, 0.005, 0.755
2.215, 0.005, 0.755
2.225, 0.005, 0.755
2.2350000000000003, 0.005, 0.755
2.245, 0.005, 0.755
2.255, 0.005, 0.755
2.265, 0.005, 0.755
2.2750000000000004, 0.005, 0.755
2.285, 0.005, 0.755
2.295, 0.005, 0.755
2.305, 0.005, 0.755
2.315, 0.005, 0.755
2.325, 0.005, 0.755
2.335, 0.005, 0.755
2.3449999999999998, 0.005, 0.755
2.355, 0.005, 0.755
2.365, 0.005, 0.755
2.375, 0.005, 0.755
2.385, 0.005, 0.755
2.395, 0.005, 0.755
2.4050000000000002, 0.005, 0.755
2.415, 0.005, 0.755
2.425, 0.005, 0.755
2.435, 0.005, 0.755
2.4450000000000003, 0.005, 0.755
2.455, 0.005, 0.755
2.465, 0.005, 0.755
2.475, 0.005, 0.755
2.4850000000000003, 0.005, 0.755
2.495, 0.005, 0.755
2.505, 0.005, 0.755
2.515, 0.005, 0.755
2.5250000000000004, 0.005, 0.755
2.535, 0.005, 0.755
2.545, 0.005, 0.755
2.555, 0.005, 0.755
2.565, 0.005, 0.755
2.575, 0.005, 0.755
2.585, 0.005, 0.755
2.5949999999999998, 0.005, 0.755
2.605, 0.005, 0.755
2.615, 0.005, 0.755
2.625, 0.005, 0.755
2.635, 0.005, 0.755
2.645, 0.005, 0.755
2.6550000000000002, 0.005, 0.755
2.665, 0.005, 0.755
2.675, 0.005, 0.755
2.685, 0.005, 0.755
2.6950000000000003, 0.005, 0.755
2.705, 0.005, 0.755
2.715, 0.005, 0.755
2.725, 0.005, 0.755
2.7350000000000003, 0.005, 0.755
2.745, 0.005, 0.755
2.755, 0.005, 0.755
2.765, 0.005, 0.755
2.7750000000000004, 0.005, 0.755
2.785, 0.005, 0.755
2.795, 0.005, 0.755
0.005, 0.005, 0.765
0.015, 0.005, 0.765
0.025, 0.005, 0.765
0.035, 0.005, 0.765
0.045, 0.005, 0.765
0.055, 0.005, 0.765
0.065, 0.005, 0.765
0.07500000000000001, 0.005, 0.765
0.08499999999999999, 0.005, 0.765
0.095, 0.005, 0.765
0.10500000000000001, 0.005, 0.765
0.11499999999999999, 0.005, 0.765
0.125, 0.005, 0.765
0.135, 0.005, 0.765
0.14500000000000002, 0.005, 0.765
0.155, 0.005, 0.765
0.165, 0.005, 0.765
0.175, 0.005, 0.765
0.185, 0.005, 0.765
0.195, 0.005, 0.765
0.20500000000000002, 0.005, 0.765
0.215, 0.005, 0.765
0.225, 0.005, 0.765
0.235, 0.005, 0.765
0.245, 0.005, 0.765
0.255, 0.005, 0.765
0.265, 0.005, 0.765
0.275, 0.005, 0.765
0.28500000000000003, 0.005, 0.765
0.295, 0.005, 0.765
0.305, 0.005, 0.765
0.315, 0.005, 0.765
0.325, 0.005, 0.765
0.335, 0.005, 0.765
0.34500000000000003, 0.005, 0.765
0.355, 0.005, 0.765
0.365, 0.005, 0.765
0.375, 0.005, 0.765
0.385, 0.005, 0.765
0.395, 0.005, 0.765
0.405, 0.005, 0.765
0.41500000000000004, 0.005, 0.765
0.425, 0.005, 0.765
0.435, 0.005, 0.765
0.445, 0.005, 0.765
0.455, 0.005, 0.765
0.465, 0.005, 0.765
0.475, 0.005, 0.765
0.485, 0.005, 0.765
0.495, 0.005, 0.765
0.505, 0.005, 0.765
0.515, 0.005, 0.765
0.525, 0.005, 0.765
0.535, 0.005, 0.765
0.545, 0.005, 0.765
0.555, 0.005, 0.765
0.5650000000000001, 0.005, 0.765
0.575, 0.005, 0.765
0.585, 0.005, 0.765
0.595, 0.005, 0.765
0.605, 0.005, 0.765
0.615, 0.005, 0.765
0.625, 0.005, 0.765
0.635, 0.005, 0.765
0.645, 0.005, 0.765
0.655, 0.005, 0.765
0.665, 0.005, 0.765
0.675, 0.005, 0.765
0.685, 0.005, 0.765
0.6950000000000001, 0.005, 0.765
0.7050000000000001, 0.005, 0.765
0.715, 0.005, 0.765
0.725, 0.005, 0.765
0.735, 0.005, 0.765
0.745, 0.005, 0.765
0.755, 0.005, 0.765
0.765, 0.005, 0.765
0.775, 0.005, 0.765
0.785, 0.005, 0.765
0.795, 0.005, 0.765
0.805, 0.005, 0.765
0.8150000000000001, 0.005, 0.765
0.8250000000000001, 0.005, 0.765
0.835, 0.005, 0.765
0.845, 0.005, 0.765
0.855, 0.005, 0.765
0.865, 0.005, 0.765
0.875, 0.005, 0.765
0.885, 0.005, 0.765
0.895, 0.005, 0.765
0.905, 0.005, 0.765
0.915, 0.005, 0.765
0.925, 0.005, 0.765
0.935, 0.005, 0.765
0.9450000000000001, 0.005, 0.765
0.9550000000000001, 0.005, 0.765
0.965, 0.005, 0.765
0.975, 0.005, 0.765
0.985, 0.005, 0.765
0.995, 0.005, 0.765
1.005, 0.005, 0.765
1.0150000000000001, 0.005, 0.765
1.025, 0.005, 0.765
1.0350000000000001, 0.005, 0.765
1.045, 0.005, 0.765
1.0550000000000002, 0.005, 0.765
1.065, 0.005, 0.765
1.0750000000000002, 0.005, 0.765
1.085, 0.005, 0.765
1.0950000000000002, 0.005, 0.765
1.105, 0.005, 0.765
1.1150000000000002, 0.005, 0.765
1.125, 0.005, 0.765
1.1350000000000002, 0.005, 0.765
1.145, 0.005, 0.765
1.155, 0.005, 0.765
1.165, 0.005, 0.765
1.1749999999999998, 0.005, 0.765
1.185, 0.005, 0.765
1.1949999999999998, 0.005, 0.765
1.205, 0.005, 0.765
1.2149999999999999, 0.005, 0.765
1.225, 0.005, 0.765
1.2349999999999999, 0.005, 0.765
1.245, 0.005, 0.765
1.255, 0.005, 0.765
1.2650000000000001, 0.005, 0.765
1.275, 0.005, 0.765
1.2850000000000001, 0.005, 0.765
1.295, 0.005, 0.765
1.3050000000000002, 0.005, 0.765
1.315, 0.005, 0.765
1.3250000000000002, 0.005, 0.765
1.335, 0.005, 0.765
1.3450000000000002, 0.005, 0.765
1.355, 0.005, 0.765
1.3650000000000002, 0.005, 0.765
1.375, 0.005, 0.765
1.3850000000000002, 0.005, 0.765
1.395, 0.005, 0.765
1.405, 0.005, 0.765
1.415, 0.005, 0.765
1.4249999999999998, 0.005, 0.765
1.435, 0.005, 0.765
1.4449999999999998, 0.005, 0.765
1.455, 0.005, 0.765
1.4649999999999999, 0.005, 0.765
1.475, 0.005, 0.765
1.4849999999999999, 0.005, 0.765
1.495, 0.005, 0.765
1.505, 0.005, 0.765
1.5150000000000001, 0.005, 0.765
1.525, 0.005, 0.765
1.5350000000000001, 0.005, 0.765
1.545, 0.005, 0.765
1.5550000000000002, 0.005, 0.765
1.565, 0.005, 0.765
1.5750000000000002, 0.005, 0.765
1.585, 0.005, 0.765
1.5950000000000002, 0.005, 0.765
1.605, 0.005, 0.765
1.6150000000000002, 0.005, 0.765
1.625, 0.005, 0.765
1.6350000000000002, 0.005, 0.765
1.645, 0.005, 0.765
1.6550000000000002, 0.005, 0.765
1.665, 0.005, 0.765
1.6749999999999998, 0.005, 0.765
1.685, 0.005, 0.765
1.6949999999999998, 0.005, 0.765
1.705, 0.005, 0.765
1.7149999999999999, 0.005, 0.765
1.725, 0.005, 0.765
1.7349999999999999, 0.005, 0.765
1.745, 0.005, 0.765
1.755, 0.005, 0.765
1.7650000000000001, 0.005, 0.765
1.775, 0.005, 0.765
1.7850000000000001, 0.005, 0.765
1.795, 0.005, 0.765
1.8050000000000002, 0.005, 0.765
1.815, 0.005, 0.765
1.8250000000000002, 0.005, 0.765
1.835, 0.005, 0.765
1.8450000000000002, 0.005, 0.765
1.855, 0.005, 0.765
1.8650000000000002, 0.005, 0.765
1.875, 0.005, 0.765
1.8850000000000002, 0.005, 0.765
1.895, 0.005, 0.765
1.9050000000000002, 0.005, 0.765
1.915, 0.005, 0.765
1.9249999999999998, 0.005, 0.765
1.935, 0.005, 0.765
1.9449999999999998, 0.005, 0.765
1.955, 0.005, 0.765
1.9649999999999999, 0.005, 0.765
1.975, 0.005, 0.765
1.9849999999999999, 0.005, 0.765
1.995, 0.005, 0.765
2.005, 0.005, 0.765
2.015, 0.005, 0.765
2.0250000000000004, 0.005, 0.765
2.035, 0.005, 0.765
2.045, 0.005, 0.765
2.0549999999999997, 0.005, 0.765
2.065, 0.005, 0.765
2.075, 0.005, 0.765
2.085, 0.005, 0.765
2.0949999999999998, 0.005, 0.765
2.105, 0.005, 0.765
2.115, 0.005, 0.765
2.125, 0.005, 0.765
2.135, 0.005, 0.765
2.145, 0.005, 0.765
2.1550000000000002, 0.005, 0.765
2.165, 0.005, 0.765
2.175, 0.005, 0.765
2.185, 0.005, 0.765
2.1950000000000003, 0.005, 0.765
2.205, 0.005, 0.765
2.215, 0.005, 0.765
2.225, 0.005, 0.765
2.2350000000000003, 0.005, 0.765
2.245, 0.005, 0.765
2.255, 0.005, 0.765
2.265, 0.005, 0.765
2.2750000000000004, 0.005, 0.765
2.285, 0.005, 0.765
2.295, 0.005, 0.765
2.305, 0.005, 0.765
2.315, 0.005, 0.765
2.325, 0.005, 0.765
2.335, 0.005, 0.765
2.3449999999999998, 0.005, 0.765
2.355, 0.005, 0.765
2.365, 0.005, 0.765
2.375, 0.005, 0.765
2.385, 0.005, 0.765
2.395, 0.005, 0.765
2.4050000000000002, 0.005, 0.765
2.415, 0.005, 0.765
2.425, 0.005, 0.765
2.435, 0.005, 0.765
2.4450000000000003, 0.005, 0.765
2.455, 0.005, 0.765
2.465, 0.005, 0.765
2.475, 0.005, 0.765
2.4850000000000003, 0.005, 0.765
2.495, 0.005, 0.765
2.505, 0.005, 0.765
2.515, 0.005, 0.765
2.5250000000000004, 0.005, 0.765
2.535, 0.005, 0.765
2.545, 0.005, 0.765
2.555, 0.005, 0.765
2.565, 0.005, 0.765
2.575, 0.005, 0.765
2.585, 0.005, 0.765
2.5949999999999998, 0.005, 0.765
2.605, 0.005, 0.765
2.615, 0.005, 0.765
2.625, 0.005, 0.765
2.635, 0.005, 0.765
2.645, 0.005, 0.765
2.6550000000000002, 0.005, 0.765
2.665, 0.005, 0.765
2.675, 0.005, 0.765
2.685, 0.005, 0.765
2.6950000000000003, 0.005, 0.765
2.705, 0.005, 0.765
2.715, 0.005, 0.765
2.725, 0.005, 0.765
2.7350000000000003, 0.005, 0.765
2.745, 0.005, 0.765
2.755, 0.005, 0.765
2.765, 0.005, 0.765
2.7750000000000004, 0.005, 0.765
2.785, 0.005, 0.765
2.795, 0.005, 0.765
0.005, 0.005, 0.775
0.015, 0.005, 0.775
0.025, 0.005, 0.775
0.035, 0.005, 0.775
0.045, 0.005, 0.775
0.055, 0.005, 0.775
0.065, 0.005, 0.775
0.07500000000000001, 0.005, 0.775
0.08499999999999999, 0.005, 0.775
0.095, 0.005, 0.775
0.10500000000000001, 0.005, 0.775
0.11499999999999999, 0.005, 0.775
0.125, 0.005, 0.775
0.135, 0.005, 0.775
0.14500000000000002, 0.005, 0.775
0.155, 0.005, 0.775
0.165, 0.005, 0.775
0.175, 0.005, 0.775
0.185, 0.005, 0.775
0.195, 0.005, 0.775
0.20500000000000002, 0.005, 0.775
0.215, 0.005, 0.775
0.225, 0.005, 0.775
0.235, 0.005, 0.775
0.245, 0.005, 0.775
0.255, 0.005, 0.775
0.265, 0.005, 0.775
0.275, 0.005, 0.775
0.28500000000000003, 0.005, 0.775
0.295, 0.005, 0.775
0.305, 0.005, 0.775
0.315, 0.005, 0.775
0.325, 0.005, 0.775
0.335, 0.005, 0.775
0.34500000000000003, 0.005, 0.775
0.355, 0.005, 0.775
0.365, 0.005, 0.775
0.375, 0.005, 0.775
0.385, 0.005, 0.775
0.395, 0.005, 0.775
0.405, 0.005, 0.775
0.41500000000000004, 0.005, 0.775
0.425, 0.005, 0.775
0.435, 0.005, 0.775
0.445, 0.005, 0.775
0.455, 0.005, 0.775
0.465, 0.005, 0.775
0.475, 0.005, 0.775
0.485, 0.005, 0.775
0.495, 0.005, 0.775
0.505, 0.005, 0.775
0.515, 0.005, 0.775
0.525, 0.005, 0.775
0.535, 0.005, 0.775
0.545, 0.005, 0.775
0.555, 0.005, 0.775
0.5650000000000001, 0.005, 0.775
0.575, 0.005, 0.775
0.585, 0.005, 0.775
0.595, 0.005, 0.775
0.605, 0.005, 0.775
0.615, 0.005, 0.775
0.625, 0.005, 0.775
0.635, 0.005, 0.775
0.645, 0.005, 0.775
0.655, 0.005, 0.775
0.665, 0.005, 0.775
0.675, 0.005, 0.775
0.685, 0.005, 0.775
0.6950000000000001, 0.005, 0.775
0.7050000000000001, 0.005, 0.775
0.715, 0.005, 0.775
0.725, 0.005, 0.775
0.735, 0.005, 0.775
0.745, 0.005, 0.775
0.755, 0.005, 0.775
0.765, 0.005, 0.775
0.775, 0.005, 0.775
0.785, 0.005, 0.775
0.795, 0.005, 0.775
0.805, 0.005, 0.775
0.8150000000000001, 0.005, 0.775
0.8250000000000001, 0.005, 0.775
0.835, 0.005, 0.775
0.845, 0.005, 0.775
0.855, 0.005, 0.775
0.865, 0.005, 0.775
0.875, 0.005, 0.775
0.885, 0.005, 0.775
0.895, 0.005, 0.775
0.905, 0.005, 0.775
0.915, 0.005, 0.775
0.925, 0.005, 0.775
0.935, 0.005, 0.775
0.9450000000000001, 0.005, 0.775
0.9550000000000001, 0.005, 0.775
0.965, 0.005, 0.775
0.975, 0.005, 0.775
0.985, 0.005, 0.775
0.995, 0.005, 0.775
1.005, 0.005, 0.775
1.0150000000000001, 0.005, 0.775
1.025, 0.005, 0.775
1.0350000000000001, 0.005, 0.775
1.045, 0.005, 0.775
1.0550000000000002, 0.005, 0.775
1.065, 0.005, 0.775
1.0750000000000002, 0.005, 0.775
1.085, 0.005, 0.775
1.0950000000000002, 0.005, 0.775
1.105, 0.005, 0.775
1.1150000000000002, 0.005, 0.775
1.125, 0.005, 0.775
1.1350000000000002, 0.005, 0.775
1.145, 0.005, 0.775
1.155, 0.005, 0.775
1.165, 0.005, 0.775
1.1749999999999998, 0.005, 0.775
1.185, 0.005, 0.775
1.1949999999999998, 0.005, 0.775
1.205, 0.005, 0.775
1.2149999999999999, 0.005, 0.775
1.225, 0.005, 0.775
1.2349999999999999, 0.005, 0.775
1.245, 0.005, 0.775
1.255, 0.005, 0.775
1.2650000000000001, 0.005, 0.775
1.275, 0.005, 0.775
1.2850000000000001, 0.005, 0.775
1.295, 0.005, 0.775
1.3050000000000002, 0.005, 0.775
1.315, 0.005, 0.775
1.3250000000000002, 0.005, 0.775
1.335, 0.005, 0.775
1.3450000000000002, 0.005, 0.775
1.355, 0.005, 0.775
1.3650000000000002, 0.005, 0.775
1.375, 0.005, 0.775
1.3850000000000002, 0.005, 0.775
1.395, 0.005, 0.775
1.405, 0.005, 0.775
1.415, 0.005, 0.775
1.4249999999999998, 0.005, 0.775
1.435, 0.005, 0.775
1.4449999999999998, 0.005, 0.775
1.455, 0.005, 0.775
1.4649999999999999, 0.005, 0.775
1.475, 0.005, 0.775
1.4849999999999999, 0.005, 0.775
1.495, 0.005, 0.775
1.505, 0.005, 0.775
1.5150000000000001, 0.005, 0.775
1.525, 0.005, 0.775
1.5350000000000001, 0.005, 0.775
1.545, 0.005, 0.775
1.5550000000000002, 0.005, 0.775
1.565, 0.005, 0.775
1.5750000000000002, 0.005, 0.775
1.585, 0.005, 0.775
1.5950000000000002, 0.005, 0.775
1.605, 0.005, 0.775
1.6150000000000002, 0.005, 0.775
1.625, 0.005, 0.775
1.6350000000000002, 0.005, 0.775
1.645, 0.005, 0.775
1.6550000000000002, 0.005, 0.775
1.665, 0.005, 0.775
1.6749999999999998, 0.005, 0.775
1.685, 0.005, 0.775
1.6949999999999998, 0.005, 0.775
1.705, 0.005, 0.775
1.7149999999999999, 0.005, 0.775
1.725, 0.005, 0.775
1.7349999999999999, 0.005, 0.775
1.745, 0.005, 0.775
1.755, 0.005, 0.775
1.7650000000000001, 0.005, 0.775
1.775, 0.005, 0.775
1.7850000000000001, 0.005, 0.775
1.795, 0.005, 0.775
1.8050000000000002, 0.005, 0.775
1.815, 0.005, 0.775
1.8250000000000002, 0.005, 0.775
1.835, 0.005, 0.775
1.8450000000000002, 0.005, 0.775
1.855, 0.005, 0.775
1.8650000000000002, 0.005, 0.775
1.875, 0.005, 0.775
1.8850000000000002, 0.005, 0.775
1.895, 0.005, 0.775
1.9050000000000002, 0.005, 0.775
1.915, 0.005, 0.775
1.9249999999999998, 0.005, 0.775
1.935, 0.005, 0.775
1.9449999999999998, 0.005, 0.775
1.955, 0.005, 0.775
1.9649999999999999, 0.005, 0.775
1.975, 0.005, 0.775
1.9849999999999999, 0.005, 0.775
1.995, 0.005, 0.775
2.005, 0.005, 0.775
2.015, 0.005, 0.775
2.0250000000000004, 0.005, 0.775
2.035, 0.005, 0.775
2.045, 0.005, 0.775
2.0549999999999997, 0.005, 0.775
2.065, 0.005, 0.775
2.075, 0.005, 0.775
2.085, 0.005, 0.775
2.0949999999999998, 0.005, 0.775
2.105, 0.005, 0.775
2.115, 0.005, 0.775
2.125, 0.005, 0.775
2.135, 0.005, 0.775
2.145, 0.005, 0.775
2.1550000000000002, 0.005, 0.775
2.165, 0.005, 0.775
2.175, 0.005, 0.775
2.185, 0.005, 0.775
2.1950000000000003, 0.005, 0.775
2.205, 0.005, 0.775
2.215, 0.005, 0.775
2.225, 0.005, 0.775
2.2350000000000003, 0.005, 0.775
2.245, 0.005, 0.775
2.255, 0.005, 0.775
2.265, 0.005, 0.775
2.2750000000000004, 0.005, 0.775
2.285, 0.005, 0.775
2.295, 0.005, 0.775
2.305, 0.005, 0.775
2.315, 0.005, 0.775
2.325, 0.005, 0.775
2.335, 0.005, 0.775
2.3449999999999998, 0.005, 0.775
2.355, 0.005, 0.775
2.365, 0.005, 0.775
2.375, 0.005, 0.775
2.385, 0.005, 0.775
2.395, 0.005, 0.775
2.4050000000000002, 0.005, 0.775
2.415, 0.005, 0.775
2.425, 0.005, 0.775
2.435, 0.005, 0.775
2.4450000000000003, 0.005, 0.775
2.455, 0.005, 0.775
2.465, 0.005, 0.775
2.475, 0.005, 0.775
2.4850000000000003, 0.005, 0.775
2.495, 0.005, 0.775
2.505, 0.005, 0.775
2.515, 0.005, 0.775
2.5250000000000004, 0.005, 0.775
2.535, 0.005, 0.775
2.545, 0.005, 0.775
2.555, 0.005, 0.775
2.565, 0.005, 0.775
2.575, 0.005, 0.775
2.585, 0.005, 0.775
2.5949999999999998, 0.005, 0.775
2.605, 0.005, 0.775
2.615, 0.005, 0.775
2.625, 0.005, 0.775
2.635, 0.005, 0.775
2.645, 0.005, 0.775
2.6550000000000002, 0.005, 0.775
2.665, 0.005, 0.775
2.675, 0.005, 0.775
2.685, 0.005, 0.775
2.6950000000000003, 0.005, 0.775
2.705, 0.005, 0.775
2.715, 0.005, 0.775
2.725, 0.005, 0.775
2.7350000000000003, 0.005, 0.775
2.745, 0.005, 0.775
2.755, 0.005, 0.775
2.765, 0.005, 0.775
2.7750000000000004, 0.005, 0.775
2.785, 0.005, 0.775
2.795, 0.005, 0.775
0.005, 0.005, 0.785
0.015, 0.005, 0.785
0.025, 0.005, 0.785
0.035, 0.005, 0.785
0.045, 0.005, 0.785
0.055, 0.005, 0.785
0.065, 0.005, 0.785
0.07500000000000001, 0.005, 0.785
0.08499999999999999, 0.005, 0.785
0.095, 0.005, 0.785
0.10500000000000001, 0.005, 0.785
0.11499999999999999, 0.005, 0.785
0.125, 0.005, 0.785
0.135, 0.005, 0.785
0.14500000000000002, 0.005, 0.785
0.155, 0.005, 0.785
0.165, 0.005, 0.785
0.175, 0.005, 0.785
0.185, 0.005, 0.785
0.195, 0.005, 0.785
0.20500000000000002, 0.005, 0.785
0.215, 0.005, 0.785
0.225, 0.005, 0.785
0.235, 0.005, 0.785
0.245, 0.005, 0.785
0.255, 0.005, 0.785
0.265, 0.005, 0.785
0.275, 0.005, 0.785
0.28500000000000003, 0.005, 0.785
0.295, 0.005, 0.785
0.305, 0.005, 0.785
0.315, 0.005, 0.785
0.325, 0.005, 0.785
0.335, 0.005, 0.785
0.34500000000000003, 0.005, 0.785
0.355, 0.005, 0.785
0.365, 0.005, 0.785
0.375, 0.005, 0.785
0.385, 0.005, 0.785
0.395, 0.005, 0.785
0.405, 0.005, 0.785
0.41500000000000004, 0.005, 0.785
0.425, 0.005, 0.785
0.435, 0.005, 0.785
0.445, 0.005, 0.785
0.455, 0.005, 0.785
0.465, 0.005, 0.785
0.475, 0.005, 0.785
0.485, 0.005, 0.785
0.495, 0.005, 0.785
0.505, 0.005, 0.785
0.515, 0.005, 0.785
0.525, 0.005, 0.785
0.535, 0.005, 0.785
0.545, 0.005, 0.785
0.555, 0.005, 0.785
0.5650000000000001, 0.005, 0.785
0.575, 0.005, 0.785
0.585, 0.005, 0.785
0.595, 0.005, 0.785
0.605, 0.005, 0.785
0.615, 0.005, 0.785
0.625, 0.005, 0.785
0.635, 0.005, 0.785
0.645, 0.005, 0.785
0.655, 0.005, 0.785
0.665, 0.005, 0.785
0.675, 0.005, 0.785
0.685, 0.005, 0.785
0.6950000000000001, 0.005, 0.785
0.7050000000000001, 0.005, 0.785
0.715, 0.005, 0.785
0.725, 0.005, 0.785
0.735, 0.005, 0.785
0.745, 0.005, 0.785
0.755, 0.005, 0.785
0.765, 0.005, 0.785
0.775, 0.005, 0.785
0.785, 0.005, 0.785
0.795, 0.005, 0.785
0.805, 0.005, 0.785
0.8150000000000001, 0.005, 0.785
0.8250000000000001, 0.005, 0.785
0.835, 0.005, 0.785
0.845, 0.005, 0.785
0.855, 0.005, 0.785
0.865, 0.005, 0.785
0.875, 0.005, 0.785
0.885, 0.005, 0.785
0.895, 0.005, 0.785
0.905, 0.005, 0.785
0.915, 0.005, 0.785
0.925, 0.005, 0.785
0.935, 0.005, 0.785
0.9450000000000001, 0.005, 0.785
0.9550000000000001, 0.005, 0.785
0.965, 0.005, 0.785
0.975, 0.005, 0.785
0.985, 0.005, 0.785
0.995, 0.005, 0.785
1.005, 0.005, 0.785
1.0150000000000001, 0.005, 0.785
1.025, 0.005, 0.785
1.0350000000000001, 0.005, 0.785
1.045, 0.005, 0.785
1.0550000000000002, 0.005, 0.785
1.065, 0.005, 0.785
1.0750000000000002, 0.005, 0.785
1.085, 0.005, 0.785
1.0950000000000002, 0.005, 0.785
1.105, 0.005, 0.785
1.1150000000000002, 0.005, 0.785
1.125, 0.005, 0.785
1.1350000000000002, 0.005, 0.785
1.145, 0.005, 0.785
1.155, 0.005, 0.785
1.165, 0.005, 0.785
1.1749999999999998, 0.005, 0.785
1.185, 0.005, 0.785
1.1949999999999998, 0.005, 0.785
1.205, 0.005, 0.785
1.2149999999999999, 0.005, 0.785
1.225, 0.005, 0.785
1.2349999999999999, 0.005, 0.785
1.245, 0.005, 0.785
1.255, 0.005, 0.785
1.2650000000000001, 0.005, 0.785
1.275, 0.005, 0.785
1.2850000000000001, 0.005, 0.785
1.295, 0.005, 0.785
1.3050000000000002, 0.005, 0.785
1.315, 0.005, 0.785
1.3250000000000002, 0.005, 0.785
1.335, 0.005, 0.785
1.3450000000000002, 0.005, 0.785
1.355, 0.005, 0.785
1.3650000000000002, 0.005, 0.785
1.375, 0.005, 0.785
1.3850000000000002, 0.005, 0.785
1.395, 0.005, 0.785
1.405, 0.005, 0.785
1.415, 0.005, 0.785
1.4249999999999998, 0.005, 0.785
1.435, 0.005, 0.785
1.4449999999999998, 0.005, 0.785
1.455, 0.005, 0.785
1.4649999999999999, 0.005, 0.785
1.475, 0.005, 0.785
1.4849999999999999, 0.005, 0.785
1.495, 0.005, 0.785
1.505, 0.005, 0.785
1.5150000000000001, 0.005, 0.785
1.525, 0.005, 0.785
1.5350000000000001, 0.005, 0.785
1.545, 0.005, 0.785
1.5550000000000002, 0.005, 0.785
1.565, 0.005, 0.785
1.5750000000000002, 0.005, 0.785
1.585, 0.005, 0.785
1.5950000000000002, 0.005, 0.785
1.605, 0.005, 0.785
1.6150000000000002, 0.005, 0.785
1.625, 0.005, 0.785
1.6350000000000002, 0.005, 0.785
1.645, 0.005, 0.785
1.6550000000000002, 0.005, 0.785
1.665, 0.005, 0.785
1.6749999999999998, 0.005, 0.785
1.685, 0.005, 0.785
1.6949999999999998, 0.005, 0.785
1.705, 0.005, 0.785
1.7149999999999999, 0.005, 0.785
1.725, 0.005, 0.785
1.7349999999999999, 0.005, 0.785
1.745, 0.005, 0.785
1.755, 0.005, 0.785
1.7650000000000001, 0.005, 0.785
1.775, 0.005, 0.785
1.7850000000000001, 0.005, 0.785
1.795, 0.005, 0.785
1.8050000000000002, 0.005, 0.785
1.815, 0.005, 0.785
1.8250000000000002, 0.005, 0.785
1.835, 0.005, 0.785
1.8450000000000002, 0.005, 0.785
1.855, 0.005, 0.785
1.8650000000000002, 0.005, 0.785
1.875, 0.005, 0.785
1.8850000000000002, 0.005, 0.785
1.895, 0.005, 0.785
1.9050000000000002, 0.005, 0.785
1.915, 0.005, 0.785
1.9249999999999998, 0.005, 0.785
1.935, 0.005, 0.785
1.9449999999999998, 0.005, 0.785
1.955, 0.005, 0.785
1.9649999999999999, 0.005, 0.785
1.975, 0.005, 0.785
1.9849999999999999, 0.005, 0.785
1.995, 0.005, 0.785
2.005, 0.005, 0.785
2.015, 0.005, 0.785
2.0250000000000004, 0.005, 0.785
2.035, 0.005, 0.785
2.045, 0.005, 0.785
2.0549999999999997, 0.005, 0.785
2.065, 0.005, 0.785
2.075, 0.005, 0.785
2.085, 0.005, 0.785
2.0949999999999998, 0.005, 0.785
2.105, 0.005, 0.785
2.115, 0.005, 0.785
2.125, 0.005, 0.785
2.135, 0.005, 0.785
2.145, 0.005, 0.785
2.1550000000000002, 0.005, 0.785
2.165, 0.005, 0.785
2.175, 0.005, 0.785
2.185, 0.005, 0.785
2.1950000000000003, 0.005, 0.785
2.205, 0.005, 0.785
2.215, 0.005, 0.785
2.225, 0.005, 0.785
2.2350000000000003, 0.005, 0.785
2.245, 0.005, 0.785
2.255, 0.005, 0.785
2.265, 0.005, 0.785
2.2750000000000004, 0.005, 0.785
2.285, 0.005, 0.785
2.295, 0.005, 0.785
2.305, 0.005, 0.785
2.315, 0.005, 0.785
2.325, 0.005, 0.785
2.335, 0.005, 0.785
2.3449999999999998, 0.005, 0.785
2.355, 0.005, 0.785
2.365, 0.005, 0.785
2.375, 0.005, 0.785
2.385, 0.005, 0.785
2.395, 0.005, 0.785
2.4050000000000002, 0.005, 0.785
2.415, 0.005, 0.785
2.425, 0.005, 0.785
2.435, 0.005, 0.785
2.4450000000000003, 0.005, 0.785
2.455, 0.005, 0.785
2.465, 0.005, 0.785
2.475, 0.005, 0.785
2.4850000000000003, 0.005, 0.785
2.495, 0.005, 0.785
2.505, 0.005, 0.785
2.515, 0.005, 0.785
2.5250000000000004, 0.005, 0.785
2.535, 0.005, 0.785
2.545, 0.005, 0.785
2.555, 0.005, 0.785
2.565, 0.005, 0.785
2.575, 0.005, 0.785
2.585, 0.005, 0.785
2.5949999999999998, 0.005, 0.785
2.605, 0.005, 0.785
2.615, 0.005, 0.785
2.625, 0.005, 0.785
2.635, 0.005, 0.785
2.645, 0.005, 0.785
2.6550000000000002, 0.005, 0.785
2.665, 0.005, 0.785
2.675, 0.005, 0.785
2.685, 0.005, 0.785
2.6950000000000003, 0.005, 0.785
2.705, 0.005, 0.785
2.715, 0.005, 0.785
2.725, 0.005, 0.785
2.7350000000000003, 0.005, 0.785
2.745, 0.005, 0.785
2.755, 0.005, 0.785
2.765, 0.005, 0.785
2.7750000000000004, 0.005, 0.785
2.785, 0.005, 0.785
2.795, 0.005, 0.785
0.005, 0.005, 0.795
0.015, 0.005, 0.795
0.025, 0.005, 0.795
0.035, 0.005, 0.795
0.045, 0.005, 0.795
0.055, 0.005, 0.795
0.065, 0.005, 0.795
0.07500000000000001, 0.005, 0.795
0.08499999999999999, 0.005, 0.795
0.095, 0.005, 0.795
0.10500000000000001, 0.005, 0.795
0.11499999999999999, 0.005, 0.795
0.125, 0.005, 0.795
0.135, 0.005, 0.795
0.14500000000000002, 0.005, 0.795
0.155, 0.005, 0.795
0.165, 0.005, 0.795
0.175, 0.005, 0.795
0.185, 0.005, 0.795
0.195, 0.005, 0.795
0.20500000000000002, 0.005, 0.795
0.215, 0.005, 0.795
0.225, 0.005, 0.795
0.235, 0.005, 0.795
0.245, 0.005, 0.795
0.255, 0.005, 0.795
0.265, 0.005, 0.795
0.275, 0.005, 0.795
0.28500000000000003, 0.005, 0.795
0.295, 0.005, 0.795
0.305, 0.005, 0.795
0.315, 0.005, 0.795
0.325, 0.005, 0.795
0.335, 0.005, 0.795
0.34500000000000003, 0.005, 0.795
0.355, 0.005, 0.795
0.365, 0.005, 0.795
0.375, 0.005, 0.795
0.385, 0.005, 0.795
0.395, 0.005, 0.795
0.405, 0.005, 0.795
0.41500000000000004, 0.005, 0.795
0.425, 0.005, 0.795
0.435, 0.005, 0.795
0.445, 0.005, 0.795
0.455, 0.005, 0.795
0.465, 0.005, 0.795
0.475, 0.005, 0.795
0.485, 0.005, 0.795
0.495, 0.005, 0.795
0.505, 0.005, 0.795
0.515, 0.005, 0.795
0.525, 0.005, 0.795
0.535, 0.005, 0.795
0.545, 0.005, 0.795
0.555, 0.005, 0.795
0.5650000000000001, 0.005, 0.795
0.575, 0.005, 0.795
0.585, 0.005, 0.795
0.595, 0.005, 0.795
0.605, 0.005, 0.795
0.615, 0.005, 0.795
0.625, 0.005, 0.795
0.635, 0.005, 0.795
0.645, 0.005, 0.795
0.655, 0.005, 0.795
0.665, 0.005, 0.795
0.675, 0.005, 0.795
0.685, 0.005, 0.795
0.6950000000000001, 0.005, 0.795
0.7050000000000001, 0.005, 0.795
0.715, 0.005, 0.795
0.725, 0.005, 0.795
0.735, 0.005, 0.795
0.745, 0.005, 0.795
0.755, 0.005, 0.795
0.765, 0.005, 0.795
0.775, 0.005, 0.795
0.785, 0.005, 0.795
0.795, 0.005, 0.795
0.805, 0.005, 0.795
0.8150000000000001, 0.005, 0.795
0.8250000000000001, 0.005, 0.795
0.835, 0.005, 0.795
0.845, 0.005, 0.795
0.855, 0.005, 0.795
0.865, 0.005, 0.795
0.875, 0.005, 0.795
0.885, 0.005, 0.795
0.895, 0.005, 0.795
0.905, 0.005, 0.795
0.915, 0.005, 0.795
0.925, 0.005, 0.795
0.935, 0.005, 0.795
0.9450000000000001, 0.005, 0.795
0.9550000000000001, 0.005, 0.795
0.965, 0.005, 0.795
0.975, 0.005, 0.795
0.985, 0.005, 0.795
0.995, 0.005, 0.795
1.005, 0.005, 0.795
1.0150000000000001, 0.005, 0.795
1.025, 0.005, 0.795
1.0350000000000001, 0.005, 0.795
1.045, 0.005, 0.795
1.0550000000000002, 0.005, 0.795
1.065, 0.005, 0.795
1.0750000000000002, 0.005, 0.795
1.085, 0.005, 0.795
1.0950000000000002, 0.005, 0.795
1.105, 0.005, 0.795
1.1150000000000002, 0.005, 0.795
1.125, 0.005, 0.795
1.1350000000000002, 0.005, 0.795
1.145, 0.005, 0.795
1.155, 0.005, 0.795
1.165, 0.005, 0.795
1.1749999999999998, 0.005, 0.795
1.185, 0.005, 0.795
1.1949999999999998, 0.005, 0.795
1.205, 0.005, 0.795
1.2149999999999999, 0.005, 0.795
1.225, 0.005, 0.795
1.2349999999999999, 0.005, 0.795
1.245, 0.005, 0.795
1.255, 0.005, 0.795
1.2650000000000001, 0.005, 0.795
1.275, 0.005, 0.795
1.2850000000000001, 0.005, 0.795
1.295, 0.005, 0.795
1.3050000000000002, 0.005, 0.795
1.315, 0.005, 0.795
1.3250000000000002, 0.005, 0.795
1.335, 0.005, 0.795
1.3450000000000002, 0.005, 0.795
1.355, 0.005, 0.795
1.3650000000000002, 0.005, 0.795
1.375, 0.005, 0.795
1.3850000000000002, 0.005, 0.795
1.395, 0.005, 0.795
1.405, 0.005, 0.795
1.415, 0.005, 0.795
1.4249999999999998, 0.005, 0.795
1.435, 0.005, 0.795
1.4449999999999998, 0.005, 0.795
1.455, 0.005, 0.795
1.4649999999999999, 0.005, 0.795
1.475, 0.005, 0.795
1.4849999999999999, 0.005, 0.795
1.495, 0.005, 0.795
1.505, 0.005, 0.795
1.5150000000000001, 0.005, 0.795
1.525, 0.005, 0.795
1.5350000000000001, 0.005, 0.795
1.545, 0.005, 0.795
1.5550000000000002, 0.005, 0.795
1.565, 0.005, 0.795
1.5750000000000002, 0.005, 0.795
1.585, 0.005, 0.795
1.5950000000000002, 0.005, 0.795
1.605, 0.005, 0.795
1.6150000000000002, 0.005, 0.795
1.625, 0.005, 0.795
1.6350000000000002, 0.005, 0.795
1.645, 0.005, 0.795
1.6550000000000002, 0.005, 0.795
1.665, 0.005, 0.795
1.6749999999999998, 0.005, 0.795
1.685, 0.005, 0.795
1.6949999999999998, 0.005, 0.795
1.705, 0.005, 0.795
1.7149999999999999, 0.005, 0.795
1.725, 0.005, 0.795
1.7349999999999999, 0.005, 0.795
1.745, 0.005, 0.795
1.755, 0.005, 0.795
1.7650000000000001, 0.005, 0.795
1.775, 0.005, 0.795
1.7850000000000001, 0.005, 0.795
1.795, 0.005, 0.795
1.8050000000000002, 0.005, 0.795
1.815, 0.005, 0.795
1.8250000000000002, 0.005, 0.795
1.835, 0.005, 0.795
1.8450000000000002, 0.005, 0.795
1.855, 0.005, 0.795
1.8650000000000002, 0.005, 0.795
1.875, 0.005, 0.795
1.8850000000000002, 0.005, 0.795
1.895, 0.005, 0.795
1.9050000000000002, 0.005, 0.795
1.915, 0.005, 0.795
1.9249999999999998, 0.005, 0.795
1.935, 0.005, 0.795
1.9449999999999998, 0.005, 0.795
1.955, 0.005, 0.795
1.9649999999999999, 0.005, 0.795
1.975, 0.005, 0.795
1.9849999999999999, 0.005, 0.795
1.995, 0.005, 0.795
2.005, 0.005, 0.795
2.015, 0.005, 0.795
2.0250000000000004, 0.005, 0.795
2.035, 0.005, 0.795
2.045, 0.005, 0.795
2.0549999999999997, 0.005, 0.795
2.065, 0.005, 0.795
2.075, 0.005, 0.795
2.085, 0.005, 0.795
2.0949999999999998, 0.005, 0.795
2.105, 0.005, 0.795
2.115, 0.005, 0.795
2.125, 0.005, 0.795
2.135, 0.005, 0.795
2.145, 0.005, 0.795
2.1550000000000002, 0.005, 0.795
2.165, 0.005, 0.795
2.175, 0.005, 0.795
2.185, 0.005, 0.795
2.1950000000000003, 0.005, 0.795
2.205, 0.005, 0.795
2.215, 0.005, 0.795
2.225, 0.005, 0.795
2.2350000000000003, 0.005, 0.795
2.245, 0.005, 0.795
2.255, 0.005, 0.795
2.265, 0.005, 0.795
2.2750000000000004, 0.005, 0.795
2.285, 0.005, 0.795
2.295, 0.005, 0.795
2.305, 0.005, 0.795
2.315, 0.005, 0.795
2.325, 0.005, 0.795
2.335, 0.005, 0.795
2.3449999999999998, 0.005, 0.795
2.355, 0.005, 0.795
2.365, 0.005, 0.795
2.375, 0.005, 0.795
2.385, 0.005, 0.795
2.395, 0.005, 0.795
2.4050000000000002, 0.005, 0.795
2.415, 0.005, 0.795
2.425, 0.005, 0.795
2.435, 0.005, 0.795
2.4450000000000003, 0.005, 0.795
2.455, 0.005, 0.795
2.465, 0.005, 0.795
2.475, 0.005, 0.795
2.4850000000000003, 0.005, 0.795
2.495, 0.005, 0.795
2.505, 0.005, 0.795
2.515, 0.005, 0.795
2.5250000000000004, 0.005, 0.795
2.535, 0.005, 0.795
2.545, 0.005, 0.795
2.555, 0.005, 0.795
2.565, 0.005, 0.795
2.575, 0.005, 0.795
2.585, 0.005, 0.795
2.5949999999999998, 0.005, 0.795
2.605, 0.005, 0.795
2.615, 0.005, 0.795
2.625, 0.005, 0.795
2.635, 0.005, 0.795
2.645, 0.005, 0.795
2.6550000000000002, 0.005, 0.795
2.665, 0.005, 0.795
2.675, 0.005, 0.795
2.685, 0.005, 0.795
2.6950000000000003, 0.005, 0.795
2.705, 0.005, 0.795
2.715, 0.005, 0.795
2.725, 0.005, 0.795
2.7350000000000003, 0.005, 0.795
2.745, 0.005, 0.795
2.755, 0.005, 0.795
2.765, 0.005, 0.795
2.7750000000000004, 0.005, 0.795
2.785, 0.005, 0.795
2.795, 0.005, 0.795
0.005, 0.005, 0.805
0.015, 0.005, 0.805
0.025, 0.005, 0.805
0.035, 0.005, 0.805
0.045, 0.005, 0.805
0.055, 0.005, 0.805
0.065, 0.005, 0.805
0.07500000000000001, 0.005, 0.805
0.08499999999999999, 0.005, 0.805
0.095, 0.005, 0.805
0.10500000000000001, 0.005, 0.805
0.11499999999999999, 0.005, 0.805
0.125, 0.005, 0.805
0.135, 0.005, 0.805
0.14500000000000002, 0.005, 0.805
0.155, 0.005, 0.805
0.165, 0.005, 0.805
0.175, 0.005, 0.805
0.185, 0.005, 0.805
0.195, 0.005, 0.805
0.20500000000000002, 0.005, 0.805
0.215, 0.005, 0.805
0.225, 0.005, 0.805
0.235, 0.005, 0.805
0.245, 0.005, 0.805
0.255, 0.005, 0.805
0.265, 0.005, 0.805
0.275, 0.005, 0.805
0.28500000000000003, 0.005, 0.805
0.295, 0.005, 0.805
0.305, 0.005, 0.805
0.315, 0.005, 0.805
0.325, 0.005, 0.805
0.335, 0.005, 0.805
0.34500000000000003, 0.005, 0.805
0.355, 0.005, 0.805
0.365, 0.005, 0.805
0.375, 0.005, 0.805
0.385, 0.005, 0.805
0.395, 0.005, 0.805
0.405, 0.005, 0.805
0.41500000000000004, 0.005, 0.805
0.425, 0.005, 0.805
0.435, 0.005, 0.805
0.445, 0.005, 0.805
0.455, 0.005, 0.805
0.465, 0.005, 0.805
0.475, 0.005, 0.805
0.485, 0.005, 0.805
0.495, 0.005, 0.805
0.505, 0.005, 0.805
0.515, 0.005, 0.805
0.525, 0.005, 0.805
0.535, 0.005, 0.805
0.545, 0.005, 0.805
0.555, 0.005, 0.805
0.5650000000000001, 0.005, 0.805
0.575, 0.005, 0.805
0.585, 0.005, 0.805
0.595, 0.005, 0.805
0.605, 0.005, 0.805
0.615, 0.005, 0.805
0.625, 0.005, 0.805
0.635, 0.005, 0.805
0.645, 0.005, 0.805
0.655, 0.005, 0.805
0.665, 0.005, 0.805
0.675, 0.005, 0.805
0.685, 0.005, 0.805
0.6950000000000001, 0.005, 0.805
0.7050000000000001, 0.005, 0.805
0.715, 0.005, 0.805
0.725, 0.005, 0.805
0.735, 0.005, 0.805
0.745, 0.005, 0.805
0.755, 0.005, 0.805
0.765, 0.005, 0.805
0.775, 0.005, 0.805
0.785, 0.005, 0.805
0.795, 0.005, 0.805
0.805, 0.005, 0.805
0.8150000000000001, 0.005, 0.805
0.8250000000000001, 0.005, 0.805
0.835, 0.005, 0.805
0.845, 0.005, 0.805
0.855, 0.005, 0.805
0.865, 0.005, 0.805
0.875, 0.005, 0.805
0.885, 0.005, 0.805
0.895, 0.005, 0.805
0.905, 0.005, 0.805
0.915, 0.005, 0.805
0.925, 0.005, 0.805
0.935, 0.005, 0.805
0.9450000000000001, 0.005, 0.805
0.9550000000000001, 0.005, 0.805
0.965, 0.005, 0.805
0.975, 0.005, 0.805
0.985, 0.005, 0.805
0.995, 0.005, 0.805
1.005, 0.005, 0.805
1.0150000000000001, 0.005, 0.805
1.025, 0.005, 0.805
1.0350000000000001, 0.005, 0.805
1.045, 0.005, 0.805
1.0550000000000002, 0.005, 0.805
1.065, 0.005, 0.805
1.0750000000000002, 0.005, 0.805
1.085, 0.005, 0.805
1.0950000000000002, 0.005, 0.805
1.105, 0.005, 0.805
1.1150000000000002, 0.005, 0.805
1.125, 0.005, 0.805
1.1350000000000002, 0.005, 0.805
1.145, 0.005, 0.805
1.155, 0.005, 0.805
1.165, 0.005, 0.805
1.1749999999999998, 0.005, 0.805
1.185, 0.005, 0.805
1.1949999999999998, 0.005, 0.805
1.205, 0.005, 0.805
1.2149999999999999, 0.005, 0.805
1.225, 0.005, 0.805
1.2349999999999999, 0.005, 0.805
1.245, 0.005, 0.805
1.255, 0.005, 0.805
1.2650000000000001, 0.005, 0.805
1.275, 0.005, 0.805
1.2850000000000001, 0.005, 0.805
1.295, 0.005, 0.805
1.3050000000000002, 0.005, 0.805
1.315, 0.005, 0.805
1.3250000000000002, 0.005, 0.805
1.335, 0.005, 0.805
1.3450000000000002, 0.005, 0.805
1.355, 0.005, 0.805
1.3650000000000002, 0.005, 0.805
1.375, 0.005, 0.805
1.3850000000000002, 0.005, 0.805
1.395, 0.005, 0.805
1.405, 0.005, 0.805
1.415, 0.005, 0.805
1.4249999999999998, 0.005, 0.805
1.435, 0.005, 0.805
1.4449999999999998, 0.005, 0.805
1.455, 0.005, 0.805
1.4649999999999999, 0.005, 0.805
1.475, 0.005, 0.805
1.4849999999999999, 0.005, 0.805
1.495, 0.005, 0.805
1.505, 0.005, 0.805
1.5150000000000001, 0.005, 0.805
1.525, 0.005, 0.805
1.5350000000000001, 0.005, 0.805
1.545, 0.005, 0.805
1.5550000000000002, 0.005, 0.805
1.565, 0.005, 0.805
1.5750000000000002, 0.005, 0.805
1.585, 0.005, 0.805
1.5950000000000002, 0.005, 0.805
1.605, 0.005, 0.805
1.6150000000000002, 0.005, 0.805
1.625, 0.005, 0.805
1.6350000000000002, 0.005, 0.805
1.645, 0.005, 0.805
1.6550000000000002, 0.005, 0.805
1.665, 0.005, 0.805
1.6749999999999998, 0.005, 0.805
1.685, 0.005, 0.805
1.6949999999999998, 0.005, 0.805
1.705, 0.005, 0.805
1.7149999999999999, 0.005, 0.805
1.725, 0.005, 0.805
1.7349999999999999, 0.005, 0.805
1.745, 0.005, 0.805
1.755, 0.005, 0.805
1.7650000000000001, 0.005, 0.805
1.775, 0.005, 0.805
1.7850000000000001, 0.005, 0.805
1.795, 0.005, 0.805
1.8050000000000002, 0.005, 0.805
1.815, 0.005, 0.805
1.8250000000000002, 0.005, 0.805
1.835, 0.005, 0.805
1.8450000000000002, 0.005, 0.805
1.855, 0.005, 0.805
1.8650000000000002, 0.005, 0.805
1.875, 0.005, 0.805
1.8850000000000002, 0.005, 0.805
1.895, 0.005, 0.805
1.9050000000000002, 0.005, 0.805
1.915, 0.005, 0.805
1.9249999999999998, 0.005, 0.805
1.935, 0.005, 0.805
1.9449999999999998, 0.005, 0.805
1.955, 0.005, 0.805
1.9649999999999999, 0.005, 0.805
1.975, 0.005, 0.805
1.9849999999999999, 0.005, 0.805
1.995, 0.005, 0.805
2.005, 0.005, 0.805
2.015, 0.005, 0.805
2.0250000000000004, 0.005, 0.805
2.035, 0.005, 0.805
2.045, 0.005, 0.805
2.0549999999999997, 0.005, 0.805
2.065, 0.005, 0.805
2.075, 0.005, 0.805
2.085, 0.005, 0.805
2.0949999999999998, 0.005, 0.805
2.105, 0.005, 0.805
2.115, 0.005, 0.805
2.125, 0.005, 0.805
2.135, 0.005, 0.805
2.145, 0.005, 0.805
2.1550000000000002, 0.005, 0.805
2.165, 0.005, 0.805
2.175, 0.005, 0.805
2.185, 0.005, 0.805
2.1950000000000003, 0.005, 0.805
2.205, 0.005, 0.805
2.215, 0.005, 0.805
2.225, 0.005, 0.805
2.2350000000000003, 0.005, 0.805
2.245, 0.005, 0.805
2.255, 0.005, 0.805
2.265, 0.005, 0.805
2.2750000000000004, 0.005, 0.805
2.285, 0.005, 0.805
2.295, 0.005, 0.805
2.305, 0.005, 0.805
2.315, 0.005, 0.805
2.325, 0.005, 0.805
2.335, 0.005, 0.805
2.3449999999999998, 0.005, 0.805
2.355, 0.005, 0.805
2.365, 0.005, 0.805
2.375, 0.005, 0.805
2.385, 0.005, 0.805
2.395, 0.005, 0.805
2.4050000000000002, 0.005, 0.805
2.415, 0.005, 0.805
2.425, 0.005, 0.805
2.435, 0.005, 0.805
2.4450000000000003, 0.005, 0.805
2.455, 0.005, 0.805
2.465, 0.005, 0.805
2.475, 0.005, 0.805
2.4850000000000003, 0.005, 0.805
2.495, 0.005, 0.805
2.505, 0.005, 0.805
2.515, 0.005, 0.805
2.5250000000000004, 0.005, 0.805
2.535, 0.005, 0.805
2.545, 0.005, 0.805
2.555, 0.005, 0.805
2.565, 0.005, 0.805
2.575, 0.005, 0.805
2.585, 0.005, 0.805
2.5949999999999998, 0.005, 0.805
2.605, 0.005, 0.805
2.615, 0.005, 0.805
2.625, 0.005, 0.805
2.635, 0.005, 0.805
2.645, 0.005, 0.805
2.6550000000000002, 0.005, 0.805
2.665, 0.005, 0.805
2.675, 0.005, 0.805
2.685, 0.005, 0.805
2.6950000000000003, 0.005, 0.805
2.705, 0.005, 0.805
2.715, 0.005, 0.805
2.725, 0.005, 0.805
2.7350000000000003, 0.005, 0.805
2.745, 0.005, 0.805
2.755, 0.005, 0.805
2.765, 0.005, 0.805
2.7750000000000004, 0.005, 0.805
2.785, 0.005, 0.805
2.795, 0.005, 0.805
0.005, 0.005, 0.8150000000000001
0.015, 0.005, 0.8150000000000001
0.025, 0.005, 0.8150000000000001
0.035, 0.005, 0.8150000000000001
0.045, 0.005, 0.8150000000000001
0.055, 0.005, 0.8150000000000001
0.065, 0.005, 0.8150000000000001
0.07500000000000001, 0.005, 0.8150000000000001
0.08499999999999999, 0.005, 0.8150000000000001
0.095, 0.005, 0.8150000000000001
0.10500000000000001, 0.005, 0.8150000000000001
0.11499999999999999, 0.005, 0.8150000000000001
0.125, 0.005, 0.8150000000000001
0.135, 0.005, 0.8150000000000001
0.14500000000000002, 0.005, 0.8150000000000001
0.155, 0.005, 0.8150000000000001
0.165, 0.005, 0.8150000000000001
0.175, 0.005, 0.8150000000000001
0.185, 0.005, 0.8150000000000001
0.195, 0.005, 0.8150000000000001
0.20500000000000002, 0.005, 0.8150000000000001
0.215, 0.005, 0.8150000000000001
0.225, 0.005, 0.8150000000000001
0.235, 0.005, 0.8150000000000001
0.245, 0.005, 0.8150000000000001
0.255, 0.005, 0.8150000000000001
0.265, 0.005, 0.8150000000000001
0.275, 0.005, 0.8150000000000001
0.28500000000000003, 0.005, 0.8150000000000001
0.295, 0.005, 0.8150000000000001
0.305, 0.005, 0.8150000000000001
0.315, 0.005, 0.8150000000000001
0.325, 0.005, 0.8150000000000001
0.335, 0.005, 0.8150000000000001
0.34500000000000003, 0.005, 0.8150000000000001
0.355, 0.005, 0.8150000000000001
0.365, 0.005, 0.8150000000000001
0.375, 0.005, 0.8150000000000001
0.385, 0.005, 0.8150000000000001
0.395, 0.005, 0.8150000000000001
0.405, 0.005, 0.8150000000000001
0.41500000000000004, 0.005, 0.8150000000000001
0.425, 0.005, 0.8150000000000001
0.435, 0.005, 0.8150000000000001
0.445, 0.005, 0.8150000000000001
0.455, 0.005, 0.8150000000000001
0.465, 0.005, 0.8150000000000001
0.475, 0.005, 0.8150000000000001
0.485, 0.005, 0.8150000000000001
0.495, 0.005, 0.8150000000000001
0.505, 0.005, 0.8150000000000001
0.515, 0.005, 0.8150000000000001
0.525, 0.005, 0.8150000000000001
0.535, 0.005, 0.8150000000000001
0.545, 0.005, 0.8150000000000001
0.555, 0.005, 0.8150000000000001
0.5650000000000001, 0.005, 0.8150000000000001
0.575, 0.005, 0.8150000000000001
0.585, 0.005, 0.8150000000000001
0.595, 0.005, 0.8150000000000001
0.605, 0.005, 0.8150000000000001
0.615, 0.005, 0.8150000000000001
0.625, 0.005, 0.8150000000000001
0.635, 0.005, 0.8150000000000001
0.645, 0.005, 0.8150000000000001
0.655, 0.005, 0.8150000000000001
0.665, 0.005, 0.8150000000000001
0.675, 0.005, 0.8150000000000001
0.685, 0.005, 0.8150000000000001
0.6950000000000001, 0.005, 0.8150000000000001
0.7050000000000001, 0.005, 0.8150000000000001
0.715, 0.005, 0.8150000000000001
0.725, 0.005, 0.8150000000000001
0.735, 0.005, 0.8150000000000001
0.745, 0.005, 0.8150000000000001
0.755, 0.005, 0.8150000000000001
0.765, 0.005, 0.8150000000000001
0.775, 0.005, 0.8150000000000001
0.785, 0.005, 0.8150000000000001
0.795, 0.005, 0.8150000000000001
0.805, 0.005, 0.8150000000000001
0.8150000000000001, 0.005, 0.8150000000000001
0.8250000000000001, 0.005, 0.8150000000000001
0.835, 0.005, 0.8150000000000001
0.845, 0.005, 0.8150000000000001
0.855, 0.005, 0.8150000000000001
0.865, 0.005, 0.8150000000000001
0.875, 0.005, 0.8150000000000001
0.885, 0.005, 0.8150000000000001
0.895, 0.005, 0.8150000000000001
0.905, 0.005, 0.8150000000000001
0.915, 0.005, 0.8150000000000001
0.925, 0.005, 0.8150000000000001
0.935, 0.005, 0.8150000000000001
0.9450000000000001, 0.005, 0.8150000000000001
0.9550000000000001, 0.005, 0.8150000000000001
0.965, 0.005, 0.8150000000000001
0.975, 0.005, 0.8150000000000001
0.985, 0.005, 0.8150000000000001
0.995, 0.005, 0.8150000000000001
1.005, 0.005, 0.8150000000000001
1.0150000000000001, 0.005, 0.8150000000000001
1.025, 0.005, 0.8150000000000001
1.0350000000000001, 0.005, 0.8150000000000001
1.045, 0.005, 0.8150000000000001
1.0550000000000002, 0.005, 0.8150000000000001
1.065, 0.005, 0.8150000000000001
1.0750000000000002, 0.005, 0.8150000000000001
1.085, 0.005, 0.8150000000000001
1.0950000000000002, 0.005, 0.8150000000000001
1.105, 0.005, 0.8150000000000001
1.1150000000000002, 0.005, 0.8150000000000001
1.125, 0.005, 0.8150000000000001
1.1350000000000002, 0.005, 0.8150000000000001
1.145, 0.005, 0.8150000000000001
1.155, 0.005, 0.8150000000000001
1.165, 0.005, 0.8150000000000001
1.1749999999999998, 0.005, 0.8150000000000001
1.185, 0.005, 0.8150000000000001
1.1949999999999998, 0.005, 0.8150000000000001
1.205, 0.005, 0.8150000000000001
1.2149999999999999, 0.005, 0.8150000000000001
1.225, 0.005, 0.8150000000000001
1.2349999999999999, 0.005, 0.8150000000000001
1.245, 0.005, 0.8150000000000001
1.255, 0.005, 0.8150000000000001
1.2650000000000001, 0.005, 0.8150000000000001
1.275, 0.005, 0.8150000000000001
1.2850000000000001, 0.005, 0.8150000000000001
1.295, 0.005, 0.8150000000000001
1.3050000000000002, 0.005, 0.8150000000000001
1.315, 0.005, 0.8150000000000001
1.3250000000000002, 0.005, 0.8150000000000001
1.335, 0.005, 0.8150000000000001
1.3450000000000002, 0.005, 0.8150000000000001
1.355, 0.005, 0.8150000000000001
1.3650000000000002, 0.005, 0.8150000000000001
1.375, 0.005, 0.8150000000000001
1.3850000000000002, 0.005, 0.8150000000000001
1.395, 0.005, 0.8150000000000001
1.405, 0.005, 0.8150000000000001
1.415, 0.005, 0.8150000000000001
1.4249999999999998, 0.005, 0.8150000000000001
1.435, 0.005, 0.8150000000000001
1.4449999999999998, 0.005, 0.8150000000000001
1.455, 0.005, 0.8150000000000001
1.4649999999999999, 0.005, 0.8150000000000001
1.475, 0.005, 0.8150000000000001
1.4849999999999999, 0.005, 0.8150000000000001
1.495, 0.005, 0.8150000000000001
1.505, 0.005, 0.8150000000000001
1.5150000000000001, 0.005, 0.8150000000000001
1.525, 0.005, 0.8150000000000001
1.5350000000000001, 0.005, 0.8150000000000001
1.545, 0.005, 0.8150000000000001
1.5550000000000002, 0.005, 0.8150000000000001
1.565, 0.005, 0.8150000000000001
1.5750000000000002, 0.005, 0.8150000000000001
1.585, 0.005, 0.8150000000000001
1.5950000000000002, 0.005, 0.8150000000000001
1.605, 0.005, 0.8150000000000001
1.6150000000000002, 0.005, 0.8150000000000001
1.625, 0.005, 0.8150000000000001
1.6350000000000002, 0.005, 0.8150000000000001
1.645, 0.005, 0.8150000000000001
1.6550000000000002, 0.005, 0.8150000000000001
1.665, 0.005, 0.8150000000000001
1.6749999999999998, 0.005, 0.8150000000000001
1.685, 0.005, 0.8150000000000001
1.6949999999999998, 0.005, 0.8150000000000001
1.705, 0.005, 0.8150000000000001
1.7149999999999999, 0.005, 0.8150000000000001
1.725, 0.005, 0.8150000000000001
1.7349999999999999, 0.005, 0.8150000000000001
1.745, 0.005, 0.8150000000000001
1.755, 0.005, 0.8150000000000001
1.7650000000000001, 0.005, 0.8150000000000001
1.775, 0.005, 0.8150000000000001
1.7850000000000001, 0.005, 0.8150000000000001
1.795, 0.005, 0.8150000000000001
1.8050000000000002, 0.005, 0.8150000000000001
1.815, 0.005, 0.8150000000000001
1.8250000000000002, 0.005, 0.8150000000000001
1.835, 0.005, 0.8150000000000001
1.8450000000000002, 0.005, 0.8150000000000001
1.855, 0.005, 0.8150000000000001
1.8650000000000002, 0.005, 0.8150000000000001
1.875, 0.005, 0.8150000000000001
1.8850000000000002, 0.005, 0.8150000000000001
1.895, 0.005, 0.8150000000000001
1.9050000000000002, 0.005, 0.8150000000000001
1.915, 0.005, 0.8150000000000001
1.9249999999999998, 0.005, 0.8150000000000001
1.935, 0.005, 0.8150000000000001
1.9449999999999998, 0.005, 0.8150000000000001
1.955, 0.005, 0.8150000000000001
1.9649999999999999, 0.005, 0.8150000000000001
1.975, 0.005, 0.8150000000000001
1.9849999999999999, 0.005, 0.8150000000000001
1.995, 0.005, 0.8150000000000001
2.005, 0.005, 0.8150000000000001
2.015, 0.005, 0.8150000000000001
2.0250000000000004, 0.005, 0.8150000000000001
2.035, 0.005, 0.8150000000000001
2.045, 0.005, 0.8150000000000001
2.0549999999999997, 0.005, 0.8150000000000001
2.065, 0.005, 0.8150000000000001
2.075, 0.005, 0.8150000000000001
2.085, 0.005, 0.8150000000000001
2.0949999999999998, 0.005, 0.8150000000000001
2.105, 0.005, 0.8150000000000001
2.115, 0.005, 0.8150000000000001
2.125, 0.005, 0.8150000000000001
2.135, 0.005, 0.8150000000000001
2.145, 0.005, 0.8150000000000001
2.1550000000000002, 0.005, 0.8150000000000001
2.165, 0.005, 0.8150000000000001
2.175, 0.005, 0.8150000000000001
2.185, 0.005, 0.8150000000000001
2.1950000000000003, 0.005, 0.8150000000000001
2.205, 0.005, 0.8150000000000001
2.215, 0.005, 0.8150000000000001
2.225, 0.005, 0.8150000000000001
2.2350000000000003, 0.005, 0.8150000000000001
2.245, 0.005, 0.8150000000000001
2.255, 0.005, 0.8150000000000001
2.265, 0.005, 0.8150000000000001
2.2750000000000004, 0.005, 0.8150000000000001
2.285, 0.005, 0.8150000000000001
2.295, 0.005, 0.8150000000000001
2.305, 0.005, 0.8150000000000001
2.315, 0.005, 0.8150000000000001
2.325, 0.005, 0.8150000000000001
2.335, 0.005, 0.8150000000000001
2.3449999999999998, 0.005, 0.8150000000000001
2.355, 0.005, 0.8150000000000001
2.365, 0.005, 0.8150000000000001
2.375, 0.005, 0.8150000000000001
2.385, 0.005, 0.8150000000000001
2.395, 0.005, 0.8150000000000001
2.4050000000000002, 0.005, 0.8150000000000001
2.415, 0.005, 0.8150000000000001
2.425, 0.005, 0.8150000000000001
2.435, 0.005, 0.8150000000000001
2.4450000000000003, 0.005, 0.8150000000000001
2.455, 0.005, 0.8150000000000001
2.465, 0.005, 0.8150000000000001
2.475, 0.005, 0.8150000000000001
2.4850000000000003, 0.005, 0.8150000000000001
2.495, 0.005, 0.8150000000000001
2.505, 0.005, 0.8150000000000001
2.515, 0.005, 0.8150000000000001
2.5250000000000004, 0.005, 0.8150000000000001
2.535, 0.005, 0.8150000000000001
2.545, 0.005, 0.8150000000000001
2.555, 0.005, 0.8150000000000001
2.565, 0.005, 0.8150000000000001
2.575, 0.005, 0.8150000000000001
2.585, 0.005, 0.8150000000000001
2.5949999999999998, 0.005, 0.8150000000000001
2.605, 0.005, 0.8150000000000001
2.615, 0.005, 0.8150000000000001
2.625, 0.005, 0.8150000000000001
2.635, 0.005, 0.8150000000000001
2.645, 0.005, 0.8150000000000001
2.6550000000000002, 0.005, 0.8150000000000001
2.665, 0.005, 0.8150000000000001
2.675, 0.005, 0.8150000000000001
2.685, 0.005, 0.8150000000000001
2.6950000000000003, 0.005, 0.8150000000000001
2.705, 0.005, 0.8150000000000001
2.715, 0.005, 0.8150000000000001
2.725, 0.005, 0.8150000000000001
2.7350000000000003, 0.005, 0.8150000000000001
2.745, 0.005, 0.8150000000000001
2.755, 0.005, 0.8150000000000001
2.765, 0.005, 0.8150000000000001
2.7750000000000004, 0.005, 0.8150000000000001
2.785, 0.005, 0.8150000000000001
2.795, 0.005, 0.8150000000000001
0.005, 0.005, 0.8250000000000001
0.015, 0.005, 0.8250000000000001
0.025, 0.005, 0.8250000000000001
0.035, 0.005, 0.8250000000000001
0.045, 0.005, 0.8250000000000001
0.055, 0.005, 0.8250000000000001
0.065, 0.005, 0.8250000000000001
0.07500000000000001, 0.005, 0.8250000000000001
0.08499999999999999, 0.005, 0.8250000000000001
0.095, 0.005, 0.8250000000000001
0.10500000000000001, 0.005, 0.8250000000000001
0.11499999999999999, 0.005, 0.8250000000000001
0.125, 0.005, 0.8250000000000001
0.135, 0.005, 0.8250000000000001
0.14500000000000002, 0.005, 0.8250000000000001
0.155, 0.005, 0.8250000000000001
0.165, 0.005, 0.8250000000000001
0.175, 0.005, 0.8250000000000001
0.185, 0.005, 0.8250000000000001
0.195, 0.005, 0.8250000000000001
0.20500000000000002, 0.005, 0.8250000000000001
0.215, 0.005, 0.8250000000000001
0.225, 0.005, 0.8250000000000001
0.235, 0.005, 0.8250000000000001
0.245, 0.005, 0.8250000000000001
0.255, 0.005, 0.8250000000000001
0.265, 0.005, 0.8250000000000001
0.275, 0.005, 0.8250000000000001
0.28500000000000003, 0.005, 0.8250000000000001
0.295, 0.005, 0.8250000000000001
0.305, 0.005, 0.8250000000000001
0.315, 0.005, 0.8250000000000001
0.325, 0.005, 0.8250000000000001
0.335, 0.005, 0.8250000000000001
0.34500000000000003, 0.005, 0.8250000000000001
0.355, 0.005, 0.8250000000000001
0.365, 0.005, 0.8250000000000001
0.375, 0.005, 0.8250000000000001
0.385, 0.005, 0.8250000000000001
0.395, 0.005, 0.8250000000000001
0.405, 0.005, 0.8250000000000001
0.41500000000000004, 0.005, 0.8250000000000001
0.425, 0.005, 0.8250000000000001
0.435, 0.005, 0.8250000000000001
0.445, 0.005, 0.8250000000000001
0.455, 0.005, 0.8250000000000001
0.465, 0.005, 0.8250000000000001
0.475, 0.005, 0.8250000000000001
0.485, 0.005, 0.8250000000000001
0.495, 0.005, 0.8250000000000001
0.505, 0.005, 0.8250000000000001
0.515, 0.005, 0.8250000000000001
0.525, 0.005, 0.8250000000000001
0.535, 0.005, 0.8250000000000001
0.545, 0.005, 0.8250000000000001
0.555, 0.005, 0.8250000000000001
0.5650000000000001, 0.005, 0.8250000000000001
0.575, 0.005, 0.8250000000000001
0.585, 0.005, 0.8250000000000001
0.595, 0.005, 0.8250000000000001
0.605, 0.005, 0.8250000000000001
0.615, 0.005, 0.8250000000000001
0.625, 0.005, 0.8250000000000001
0.635, 0.005, 0.8250000000000001
0.645, 0.005, 0.8250000000000001
0.655, 0.005, 0.8250000000000001
0.665, 0.005, 0.8250000000000001
0.675, 0.005, 0.8250000000000001
0.685, 0.005, 0.8250000000000001
0.6950000000000001, 0.005, 0.8250000000000001
0.7050000000000001, 0.005, 0.8250000000000001
0.715, 0.005, 0.8250000000000001
0.725, 0.005, 0.8250000000000001
0.735, 0.005, 0.8250000000000001
0.745, 0.005, 0.8250000000000001
0.755, 0.005, 0.8250000000000001
0.765, 0.005, 0.8250000000000001
0.775, 0.005, 0.8250000000000001
0.785, 0.005, 0.8250000000000001
0.795, 0.005, 0.8250000000000001
0.805, 0.005, 0.8250000000000001
0.8150000000000001, 0.005, 0.8250000000000001
0.8250000000000001, 0.005, 0.8250000000000001
0.835, 0.005, 0.8250000000000001
0.845, 0.005, 0.8250000000000001
0.855, 0.005, 0.8250000000000001
0.865, 0.005, 0.8250000000000001
0.875, 0.005, 0.8250000000000001
0.885, 0.005, 0.8250000000000001
0.895, 0.005, 0.8250000000000001
0.905, 0.005, 0.8250000000000001
0.915, 0.005, 0.8250000000000001
0.925, 0.005, 0.8250000000000001
0.935, 0.005, 0.8250000000000001
0.9450000000000001, 0.005, 0.8250000000000001
0.9550000000000001, 0.005, 0.8250000000000001
0.965, 0.005, 0.8250000000000001
0.975, 0.005, 0.8250000000000001
0.985, 0.005, 0.8250000000000001
0.995, 0.005, 0.8250000000000001
1.005, 0.005, 0.8250000000000001
1.0150000000000001, 0.005, 0.8250000000000001
1.025, 0.005, 0.8250000000000001
1.0350000000000001, 0.005, 0.8250000000000001
1.045, 0.005, 0.8250000000000001
1.0550000000000002, 0.005, 0.8250000000000001
1.065, 0.005, 0.8250000000000001
1.0750000000000002, 0.005, 0.8250000000000001
1.085, 0.005, 0.8250000000000001
1.0950000000000002, 0.005, 0.8250000000000001
1.105, 0.005, 0.8250000000000001
1.1150000000000002, 0.005, 0.8250000000000001
1.125, 0.005, 0.8250000000000001
1.1350000000000002, 0.005, 0.8250000000000001
1.145, 0.005, 0.8250000000000001
1.155, 0.005, 0.8250000000000001
1.165, 0.005, 0.8250000000000001
1.1749999999999998, 0.005, 0.8250000000000001
1.185, 0.005, 0.8250000000000001
1.1949999999999998, 0.005, 0.8250000000000001
1.205, 0.005, 0.8250000000000001
1.2149999999999999, 0.005, 0.8250000000000001
1.225, 0.005, 0.8250000000000001
1.2349999999999999, 0.005, 0.8250000000000001
1.245, 0.005, 0.8250000000000001
1.255, 0.005, 0.8250000000000001
1.2650000000000001, 0.005, 0.8250000000000001
1.275, 0.005, 0.8250000000000001
1.2850000000000001, 0.005, 0.8250000000000001
1.295, 0.005, 0.8250000000000001
1.3050000000000002, 0.005, 0.8250000000000001
1.315, 0.005, 0.8250000000000001
1.3250000000000002, 0.005, 0.8250000000000001
1.335, 0.005, 0.8250000000000001
1.3450000000000002, 0.005, 0.8250000000000001
1.355, 0.005, 0.8250000000000001
1.3650000000000002, 0.005, 0.8250000000000001
1.375, 0.005, 0.8250000000000001
1.3850000000000002, 0.005, 0.8250000000000001
1.395, 0.005, 0.8250000000000001
1.405, 0.005, 0.8250000000000001
1.415, 0.005, 0.8250000000000001
1.4249999999999998, 0.005, 0.8250000000000001
1.435, 0.005, 0.8250000000000001
1.4449999999999998, 0.005, 0.8250000000000001
1.455, 0.005, 0.8250000000000001
1.4649999999999999, 0.005, 0.8250000000000001
1.475, 0.005, 0.8250000000000001
1.4849999999999999, 0.005, 0.8250000000000001
1.495, 0.005, 0.8250000000000001
1.505, 0.005, 0.8250000000000001
1.5150000000000001, 0.005, 0.8250000000000001
1.525, 0.005, 0.8250000000000001
1.5350000000000001, 0.005, 0.8250000000000001
1.545, 0.005, 0.8250000000000001
1.5550000000000002, 0.005, 0.8250000000000001
1.565, 0.005, 0.8250000000000001
1.5750000000000002, 0.005, 0.8250000000000001
1.585, 0.005, 0.8250000000000001
1.5950000000000002, 0.005, 0.8250000000000001
1.605, 0.005, 0.8250000000000001
1.6150000000000002, 0.005, 0.8250000000000001
1.625, 0.005, 0.8250000000000001
1.6350000000000002, 0.005, 0.8250000000000001
1.645, 0.005, 0.8250000000000001
1.6550000000000002, 0.005, 0.8250000000000001
1.665, 0.005, 0.8250000000000001
1.6749999999999998, 0.005, 0.8250000000000001
1.685, 0.005, 0.8250000000000001
1.6949999999999998, 0.005, 0.8250000000000001
1.705, 0.005, 0.8250000000000001
1.7149999999999999, 0.005, 0.8250000000000001
1.725, 0.005, 0.8250000000000001
1.7349999999999999, 0.005, 0.8250000000000001
1.745, 0.005, 0.8250000000000001
1.755, 0.005, 0.8250000000000001
1.7650000000000001, 0.005, 0.8250000000000001
1.775, 0.005, 0.8250000000000001
1.7850000000000001, 0.005, 0.8250000000000001
1.795, 0.005, 0.8250000000000001
1.8050000000000002, 0.005, 0.8250000000000001
1.815, 0.005, 0.8250000000000001
1.8250000000000002, 0.005, 0.8250000000000001
1.835, 0.005, 0.8250000000000001
1.8450000000000002, 0.005, 0.8250000000000001
1.855, 0.005, 0.8250000000000001
1.8650000000000002, 0.005, 0.8250000000000001
1.875, 0.005, 0.8250000000000001
1.8850000000000002, 0.005, 0.8250000000000001
1.895, 0.005, 0.8250000000000001
1.9050000000000002, 0.005, 0.8250000000000001
1.915, 0.005, 0.8250000000000001
1.9249999999999998, 0.005, 0.8250000000000001
1.935, 0.005, 0.8250000000000001
1.9449999999999998, 0.005, 0.8250000000000001
1.955, 0.005, 0.8250000000000001
1.9649999999999999, 0.005, 0.8250000000000001
1.975, 0.005, 0.8250000000000001
1.9849999999999999, 0.005, 0.8250000000000001
1.995, 0.005, 0.8250000000000001
2.005, 0.005, 0.8250000000000001
2.015, 0.005, 0.8250000000000001
2.0250000000000004, 0.005, 0.8250000000000001
2.035, 0.005, 0.8250000000000001
2.045, 0.005, 0.8250000000000001
2.0549999999999997, 0.005, 0.8250000000000001
2.065, 0.005, 0.8250000000000001
2.075, 0.005, 0.8250000000000001
2.085, 0.005, 0.8250000000000001
2.0949999999999998, 0.005, 0.8250000000000001
2.105, 0.005, 0.8250000000000001
2.115, 0.005, 0.8250000000000001
2.125, 0.005, 0.8250000000000001
2.135, 0.005, 0.8250000000000001
2.145, 0.005, 0.8250000000000001
2.1550000000000002, 0.005, 0.8250000000000001
2.165, 0.005, 0.8250000000000001
2.175, 0.005, 0.8250000000000001
2.185, 0.005, 0.8250000000000001
2.1950000000000003, 0.005, 0.8250000000000001
2.205, 0.005, 0.8250000000000001
2.215, 0.005, 0.8250000000000001
2.225, 0.005, 0.8250000000000001
2.2350000000000003, 0.005, 0.8250000000000001
2.245, 0.005, 0.8250000000000001
2.255, 0.005, 0.8250000000000001
2.265, 0.005, 0.8250000000000001
2.2750000000000004, 0.005, 0.8250000000000001
2.285, 0.005, 0.8250000000000001
2.295, 0.005, 0.8250000000000001
2.305, 0.005, 0.8250000000000001
2.315, 0.005, 0.8250000000000001
2.325, 0.005, 0.8250000000000001
2.335, 0.005, 0.8250000000000001
2.3449999999999998, 0.005, 0.8250000000000001
2.355, 0.005, 0.8250000000000001
2.365, 0.005, 0.8250000000000001
2.375, 0.005, 0.8250000000000001
2.385, 0.005, 0.8250000000000001
2.395, 0.005, 0.8250000000000001
2.4050000000000002, 0.005, 0.8250000000000001
2.415, 0.005, 0.8250000000000001
2.425, 0.005, 0.8250000000000001
2.435, 0.005, 0.8250000000000001
2.4450000000000003, 0.005, 0.8250000000000001
2.455, 0.005, 0.8250000000000001
2.465, 0.005, 0.8250000000000001
2.475, 0.005, 0.8250000000000001
2.4850000000000003, 0.005, 0.8250000000000001
2.495, 0.005, 0.8250000000000001
2.505, 0.005, 0.8250000000000001
2.515, 0.005, 0.8250000000000001
2.5250000000000004, 0.005, 0.8250000000000001
2.535, 0.005, 0.8250000000000001
2.545, 0.005, 0.8250000000000001
2.555, 0.005, 0.8250000000000001
2.565, 0.005, 0.8250000000000001
2.575, 0.005, 0.8250000000000001
2.585, 0.005, 0.8250000000000001
2.5949999999999998, 0.005, 0.8250000000000001
2.605, 0.005, 0.8250000000000001
2.615, 0.005, 0.8250000000000001
2.625, 0.005, 0.8250000000000001
2.635, 0.005, 0.8250000000000001
2.645, 0.005, 0.8250000000000001
2.6550000000000002, 0.005, 0.8250000000000001
2.665, 0.005, 0.8250000000000001
2.675, 0.005, 0.8250000000000001
2.685, 0.005, 0.8250000000000001
2.6950000000000003, 0.005, 0.8250000000000001
2.705, 0.005, 0.8250000000000001
2.715, 0.005, 0.8250000000000001
2.725, 0.005, 0.8250000000000001
2.7350000000000003, 0.005, 0.8250000000000001
2.745, 0.005, 0.8250000000000001
2.755, 0.005, 0.8250000000000001
2.765, 0.005, 0.8250000000000001
2.7750000000000004, 0.005, 0.8250000000000001
2.785, 0.005, 0.8250000000000001
2.795, 0.005, 0.8250000000000001
0.005, 0.005, 0.835
0.015, 0.005, 0.835
0.025, 0.005, 0.835
0.035, 0.005, 0.835
0.045, 0.005, 0.835
0.055, 0.005, 0.835
0.065, 0.005, 0.835
0.07500000000000001, 0.005, 0.835
0.08499999999999999, 0.005, 0.835
0.095, 0.005, 0.835
0.10500000000000001, 0.005, 0.835
0.11499999999999999, 0.005, 0.835
0.125, 0.005, 0.835
0.135, 0.005, 0.835
0.14500000000000002, 0.005, 0.835
0.155, 0.005, 0.835
0.165, 0.005, 0.835
0.175, 0.005, 0.835
0.185, 0.005, 0.835
0.195, 0.005, 0.835
0.20500000000000002, 0.005, 0.835
0.215, 0.005, 0.835
0.225, 0.005, 0.835
0.235, 0.005, 0.835
0.245, 0.005, 0.835
0.255, 0.005, 0.835
0.265, 0.005, 0.835
0.275, 0.005, 0.835
0.28500000000000003, 0.005, 0.835
0.295, 0.005, 0.835
0.305, 0.005, 0.835
0.315, 0.005, 0.835
0.325, 0.005, 0.835
0.335, 0.005, 0.835
0.34500000000000003, 0.005, 0.835
0.355, 0.005, 0.835
0.365, 0.005, 0.835
0.375, 0.005, 0.835
0.385, 0.005, 0.835
0.395, 0.005, 0.835
0.405, 0.005, 0.835
0.41500000000000004, 0.005, 0.835
0.425, 0.005, 0.835
0.435, 0.005, 0.835
0.445, 0.005, 0.835
0.455, 0.005, 0.835
0.465, 0.005, 0.835
0.475, 0.005, 0.835
0.485, 0.005, 0.835
0.495, 0.005, 0.835
0.505, 0.005, 0.835
0.515, 0.005, 0.835
0.525, 0.005, 0.835
0.535, 0.005, 0.835
0.545, 0.005, 0.835
0.555, 0.005, 0.835
0.5650000000000001, 0.005, 0.835
0.575, 0.005, 0.835
0.585, 0.005, 0.835
0.595, 0.005, 0.835
0.605, 0.005, 0.835
0.615, 0.005, 0.835
0.625, 0.005, 0.835
0.635, 0.005, 0.835
0.645, 0.005, 0.835
0.655, 0.005, 0.835
0.665, 0.005, 0.835
0.675, 0.005, 0.835
0.685, 0.005, 0.835
0.6950000000000001, 0.005, 0.835
0.7050000000000001, 0.005, 0.835
0.715, 0.005, 0.835
0.725, 0.005, 0.835
0.735, 0.005, 0.835
0.745, 0.005, 0.835
0.755, 0.005, 0.835
0.765, 0.005, 0.835
0.775, 0.005, 0.835
0.785, 0.005, 0.835
0.795, 0.005, 0.835
0.805, 0.005, 0.835
0.8150000000000001, 0.005, 0.835
0.8250000000000001, 0.005, 0.835
0.835, 0.005, 0.835
0.845, 0.005, 0.835
0.855, 0.005, 0.835
0.865, 0.005, 0.835
0.875, 0.005, 0.835
0.885, 0.005, 0.835
0.895, 0.005, 0.835
0.905, 0.005, 0.835
0.915, 0.005, 0.835
0.925, 0.005, 0.835
0.935, 0.005, 0.835
0.9450000000000001, 0.005, 0.835
0.9550000000000001, 0.005, 0.835
0.965, 0.005, 0.835
0.975, 0.005, 0.835
0.985, 0.005, 0.835
0.995, 0.005, 0.835
1.005, 0.005, 0.835
1.0150000000000001, 0.005, 0.835
1.025, 0.005, 0.835
1.0350000000000001, 0.005, 0.835
1.045, 0.005, 0.835
1.0550000000000002, 0.005, 0.835
1.065, 0.005, 0.835
1.0750000000000002, 0.005, 0.835
1.085, 0.005, 0.835
1.0950000000000002, 0.005, 0.835
1.105, 0.005, 0.835
1.1150000000000002, 0.005, 0.835
1.125, 0.005, 0.835
1.1350000000000002, 0.005, 0.835
1.145, 0.005, 0.835
1.155, 0.005, 0.835
1.165, 0.005, 0.835
1.1749999999999998, 0.005, 0.835
1.185, 0.005, 0.835
1.1949999999999998, 0.005, 0.835
1.205, 0.005, 0.835
1.2149999999999999, 0.005, 0.835
1.225, 0.005, 0.835
1.2349999999999999, 0.005, 0.835
1.245, 0.005, 0.835
1.255, 0.005, 0.835
1.2650000000000001, 0.005, 0.835
1.275, 0.005, 0.835
1.2850000000000001, 0.005, 0.835
1.295, 0.005, 0.835
1.3050000000000002, 0.005, 0.835
1.315, 0.005, 0.835
1.3250000000000002, 0.005, 0.835
1.335, 0.005, 0.835
1.3450000000000002, 0.005, 0.835
1.355, 0.005, 0.835
1.3650000000000002, 0.005, 0.835
1.375, 0.005, 0.835
1.3850000000000002, 0.005, 0.835
1.395, 0.005, 0.835
1.405, 0.005, 0.835
1.415, 0.005, 0.835
1.4249999999999998, 0.005, 0.835
1.435, 0.005, 0.835
1.4449999999999998, 0.005, 0.835
1.455, 0.005, 0.835
1.4649999999999999, 0.005, 0.835
1.475, 0.005, 0.835
1.4849999999999999, 0.005, 0.835
1.495, 0.005, 0.835
1.505, 0.005, 0.835
1.5150000000000001, 0.005, 0.835
1.525, 0.005, 0.835
1.5350000000000001, 0.005, 0.835
1.545, 0.005, 0.835
1.5550000000000002, 0.005, 0.835
1.565, 0.005, 0.835
1.5750000000000002, 0.005, 0.835
1.585, 0.005, 0.835
1.5950000000000002, 0.005, 0.835
1.605, 0.005, 0.835
1.6150000000000002, 0.005, 0.835
1.625, 0.005, 0.835
1.6350000000000002, 0.005, 0.835
1.645, 0.005, 0.835
1.6550000000000002, 0.005, 0.835
1.665, 0.005, 0.835
1.6749999999999998, 0.005, 0.835
1.685, 0.005, 0.835
1.6949999999999998, 0.005, 0.835
1.705, 0.005, 0.835
1.7149999999999999, 0.005, 0.835
1.725, 0.005, 0.835
1.7349999999999999, 0.005, 0.835
1.745, 0.005, 0.835
1.755, 0.005, 0.835
1.7650000000000001, 0.005, 0.835
1.775, 0.005, 0.835
1.7850000000000001, 0.005, 0.835
1.795, 0.005, 0.835
1.8050000000000002, 0.005, 0.835
1.815, 0.005, 0.835
1.8250000000000002, 0.005, 0.835
1.835, 0.005, 0.835
1.8450000000000002, 0.005, 0.835
1.855, 0.005, 0.835
1.8650000000000002, 0.005, 0.835
1.875, 0.005, 0.835
1.8850000000000002, 0.005, 0.835
1.895, 0.005, 0.835
1.9050000000000002, 0.005, 0.835
1.915, 0.005, 0.835
1.9249999999999998, 0.005, 0.835
1.935, 0.005, 0.835
1.9449999999999998, 0.005, 0.835
1.955, 0.005, 0.835
1.9649999999999999, 0.005, 0.835
1.975, 0.005, 0.835
1.9849999999999999, 0.005, 0.835
1.995, 0.005, 0.835
2.005, 0.005, 0.835
2.015, 0.005, 0.835
2.0250000000000004, 0.005, 0.835
2.035, 0.005, 0.835
2.045, 0.005, 0.835
2.0549999999999997, 0.005, 0.835
2.065, 0.005, 0.835
2.075, 0.005, 0.835
2.085, 0.005, 0.835
2.0949999999999998, 0.005, 0.835
2.105, 0.005, 0.835
2.115, 0.005, 0.835
2.125, 0.005, 0.835
2.135, 0.005, 0.835
2.145, 0.005, 0.835
2.1550000000000002, 0.005, 0.835
2.165, 0.005, 0.835
2.175, 0.005, 0.835
2.185, 0.005, 0.835
2.1950000000000003, 0.005, 0.835
2.205, 0.005, 0.835
2.215, 0.005, 0.835
2.225, 0.005, 0.835
2.2350000000000003, 0.005, 0.835
2.245, 0.005, 0.835
2.255, 0.005, 0.835
2.265, 0.005, 0.835
2.2750000000000004, 0.005, 0.835
2.285, 0.005, 0.835
2.295, 0.005, 0.835
2.305, 0.005, 0.835
2.315, 0.005, 0.835
2.325, 0.005, 0.835
2.335, 0.005, 0.835
2.3449999999999998, 0.005, 0.835
2.355, 0.005, 0.835
2.365, 0.005, 0.835
2.375, 0.005, 0.835
2.385, 0.005, 0.835
2.395, 0.005, 0.835
2.4050000000000002, 0.005, 0.835
2.415, 0.005, 0.835
2.425, 0.005, 0.835
2.435, 0.005, 0.835
2.4450000000000003, 0.005, 0.835
2.455, 0.005, 0.835
2.465, 0.005, 0.835
2.475, 0.005, 0.835
2.4850000000000003, 0.005, 0.835
2.495, 0.005, 0.835
2.505, 0.005, 0.835
2.515, 0.005, 0.835
2.5250000000000004, 0.005, 0.835
2.535, 0.005, 0.835
2.545, 0.005, 0.835
2.555, 0.005, 0.835
2.565, 0.005, 0.835
2.575, 0.005, 0.835
2.585, 0.005, 0.835
2.5949999999999998, 0.005, 0.835
2.605, 0.005, 0.835
2.615, 0.005, 0.835
2.625, 0.005, 0.835
2.635, 0.005, 0.835
2.645, 0.005, 0.835
2.6550000000000002, 0.005, 0.835
2.665, 0.005, 0.835
2.675, 0.005, 0.835
2.685, 0.005, 0.835
2.6950000000000003, 0.005, 0.835
2.705, 0.005, 0.835
2.715, 0.005, 0.835
2.725, 0.005, 0.835
2.7350000000000003, 0.005, 0.835
2.745, 0.005, 0.835
2.755, 0.005, 0.835
2.765, 0.005, 0.835
2.7750000000000004, 0.005, 0.835
2.785, 0.005, 0.835
2.795, 0.005, 0.835
0.005, 0.005, 0.845
0.015, 0.005, 0.845
0.025, 0.005, 0.845
0.035, 0.005, 0.845
0.045, 0.005, 0.845
0.055, 0.005, 0.845
0.065, 0.005, 0.845
0.07500000000000001, 0.005, 0.845
0.08499999999999999, 0.005, 0.845
0.095, 0.005, 0.845
0.10500000000000001, 0.005, 0.845
0.11499999999999999, 0.005, 0.845
0.125, 0.005, 0.845
0.135, 0.005, 0.845
0.14500000000000002, 0.005, 0.845
0.155, 0.005, 0.845
0.165, 0.005, 0.845
0.175, 0.005, 0.845
0.185, 0.005, 0.845
0.195, 0.005, 0.845
0.20500000000000002, 0.005, 0.845
0.215, 0.005, 0.845
0.225, 0.005, 0.845
0.235, 0.005, 0.845
0.245, 0.005, 0.845
0.255, 0.005, 0.845
0.265, 0.005, 0.845
0.275, 0.005, 0.845
0.28500000000000003, 0.005, 0.845
0.295, 0.005, 0.845
0.305, 0.005, 0.845
0.315, 0.005, 0.845
0.325, 0.005, 0.845
0.335, 0.005, 0.845
0.34500000000000003, 0.005, 0.845
0.355, 0.005, 0.845
0.365, 0.005, 0.845
0.375, 0.005, 0.845
0.385, 0.005, 0.845
0.395, 0.005, 0.845
0.405, 0.005, 0.845
0.41500000000000004, 0.005, 0.845
0.425, 0.005, 0.845
0.435, 0.005, 0.845
0.445, 0.005, 0.845
0.455, 0.005, 0.845
0.465, 0.005, 0.845
0.475, 0.005, 0.845
0.485, 0.005, 0.845
0.495, 0.005, 0.845
0.505, 0.005, 0.845
0.515, 0.005, 0.845
0.525, 0.005, 0.845
0.535, 0.005, 0.845
0.545, 0.005, 0.845
0.555, 0.005, 0.845
0.5650000000000001, 0.005, 0.845
0.575, 0.005, 0.845
0.585, 0.005, 0.845
0.595, 0.005, 0.845
0.605, 0.005, 0.845
0.615, 0.005, 0.845
0.625, 0.005, 0.845
0.635, 0.005, 0.845
0.645, 0.005, 0.845
0.655, 0.005, 0.845
0.665, 0.005, 0.845
0.675, 0.005, 0.845
0.685, 0.005, 0.845
0.6950000000000001, 0.005, 0.845
0.7050000000000001, 0.005, 0.845
0.715, 0.005, 0.845
0.725, 0.005, 0.845
0.735, 0.005, 0.845
0.745, 0.005, 0.845
0.755, 0.005, 0.845
0.765, 0.005, 0.845
0.775, 0.005, 0.845
0.785, 0.005, 0.845
0.795, 0.005, 0.845
0.805, 0.005, 0.845
0.8150000000000001, 0.005, 0.845
0.8250000000000001, 0.005, 0.845
0.835, 0.005, 0.845
0.845, 0.005, 0.845
0.855, 0.005, 0.845
0.865, 0.005, 0.845
0.875, 0.005, 0.845
0.885, 0.005, 0.845
0.895, 0.005, 0.845
0.905, 0.005, 0.845
0.915, 0.005, 0.845
0.925, 0.005, 0.845
0.935, 0.005, 0.845
0.9450000000000001, 0.005, 0.845
0.9550000000000001, 0.005, 0.845
0.965, 0.005, 0.845
0.975, 0.005, 0.845
0.985, 0.005, 0.845
0.995, 0.005, 0.845
1.005, 0.005, 0.845
1.0150000000000001, 0.005, 0.845
1.025, 0.005, 0.845
1.0350000000000001, 0.005, 0.845
1.045, 0.005, 0.845
1.0550000000000002, 0.005, 0.845
1.065, 0.005, 0.845
1.0750000000000002, 0.005, 0.845
1.085, 0.005, 0.845
1.0950000000000002, 0.005, 0.845
1.105, 0.005, 0.845
1.1150000000000002, 0.005, 0.845
1.125, 0.005, 0.845
1.1350000000000002, 0.005, 0.845
1.145, 0.005, 0.845
1.155, 0.005, 0.845
1.165, 0.005, 0.845
1.1749999999999998, 0.005, 0.845
1.185, 0.005, 0.845
1.1949999999999998, 0.005, 0.845
1.205, 0.005, 0.845
1.2149999999999999, 0.005, 0.845
1.225, 0.005, 0.845
1.2349999999999999, 0.005, 0.845
1.245, 0.005, 0.845
1.255, 0.005, 0.845
1.2650000000000001, 0.005, 0.845
1.275, 0.005, 0.845
1.2850000000000001, 0.005, 0.845
1.295, 0.005, 0.845
1.3050000000000002, 0.005, 0.845
1.315, 0.005, 0.845
1.3250000000000002, 0.005, 0.845
1.335, 0.005, 0.845
1.3450000000000002, 0.005, 0.845
1.355, 0.005, 0.845
1.3650000000000002, 0.005, 0.845
1.375, 0.005, 0.845
1.3850000000000002, 0.005, 0.845
1.395, 0.005, 0.845
1.405, 0.005, 0.845
1.415, 0.005, 0.845
1.4249999999999998, 0.005, 0.845
1.435, 0.005, 0.845
1.4449999999999998, 0.005, 0.845
1.455, 0.005, 0.845
1.4649999999999999, 0.005, 0.845
1.475, 0.005, 0.845
1.4849999999999999, 0.005, 0.845
1.495, 0.005, 0.845
1.505, 0.005, 0.845
1.5150000000000001, 0.005, 0.845
1.525, 0.005, 0.845
1.5350000000000001, 0.005, 0.845
1.545, 0.005, 0.845
1.5550000000000002, 0.005, 0.845
1.565, 0.005, 0.845
1.5750000000000002, 0.005, 0.845
1.585, 0.005, 0.845
1.5950000000000002, 0.005, 0.845
1.605, 0.005, 0.845
1.6150000000000002, 0.005, 0.845
1.625, 0.005, 0.845
1.6350000000000002, 0.005, 0.845
1.645, 0.005, 0.845
1.6550000000000002, 0.005, 0.845
1.665, 0.005, 0.845
1.6749999999999998, 0.005, 0.845
1.685, 0.005, 0.845
1.6949999999999998, 0.005, 0.845
1.705, 0.005, 0.845
1.7149999999999999, 0.005, 0.845
1.725, 0.005, 0.845
1.7349999999999999, 0.005, 0.845
1.745, 0.005, 0.845
1.755, 0.005, 0.845
1.7650000000000001, 0.005, 0.845
1.775, 0.005, 0.845
1.7850000000000001, 0.005, 0.845
1.795, 0.005, 0.845
1.8050000000000002, 0.005, 0.845
1.815, 0.005, 0.845
1.8250000000000002, 0.005, 0.845
1.835, 0.005, 0.845
1.8450000000000002, 0.005, 0.845
1.855, 0.005, 0.845
1.8650000000000002, 0.005, 0.845
1.875, 0.005, 0.845
1.8850000000000002, 0.005, 0.845
1.895, 0.005, 0.845
1.9050000000000002, 0.005, 0.845
1.915, 0.005, 0.845
1.9249999999999998, 0.005, 0.845
1.935, 0.005, 0.845
1.9449999999999998, 0.005, 0.845
1.955, 0.005, 0.845
1.9649999999999999, 0.005, 0.845
1.975, 0.005, 0.845
1.9849999999999999, 0.005, 0.845
1.995, 0.005, 0.845
2.005, 0.005, 0.845
2.015, 0.005, 0.845
2.0250000000000004, 0.005, 0.845
2.035, 0.005, 0.845
2.045, 0.005, 0.845
2.0549999999999997, 0.005, 0.845
2.065, 0.005, 0.845
2.075, 0.005, 0.845
2.085, 0.005, 0.845
2.0949999999999998, 0.005, 0.845
2.105, 0.005, 0.845
2.115, 0.005, 0.845
2.125, 0.005, 0.845
2.135, 0.005, 0.845
2.145, 0.005, 0.845
2.1550000000000002, 0.005, 0.845
2.165, 0.005, 0.845
2.175, 0.005, 0.845
2.185, 0.005, 0.845
2.1950000000000003, 0.005, 0.845
2.205, 0.005, 0.845
2.215, 0.005, 0.845
2.225, 0.005, 0.845
2.2350000000000003, 0.005, 0.845
2.245, 0.005, 0.845
2.255, 0.005, 0.845
2.265, 0.005, 0.845
2.2750000000000004, 0.005, 0.845
2.285, 0.005, 0.845
2.295, 0.005, 0.845
2.305, 0.005, 0.845
2.315, 0.005, 0.845
2.325, 0.005, 0.845
2.335, 0.005, 0.845
2.3449999999999998, 0.005, 0.845
2.355, 0.005, 0.845
2.365, 0.005, 0.845
2.375, 0.005, 0.845
2.385, 0.005, 0.845
2.395, 0.005, 0.845
2.4050000000000002, 0.005, 0.845
2.415, 0.005, 0.845
2.425, 0.005, 0.845
2.435, 0.005, 0.845
2.4450000000000003, 0.005, 0.845
2.455, 0.005, 0.845
2.465, 0.005, 0.845
2.475, 0.005, 0.845
2.4850000000000003, 0.005, 0.845
2.495, 0.005, 0.845
2.505, 0.005, 0.845
2.515, 0.005, 0.845
2.5250000000000004, 0.005, 0.845
2.535, 0.005, 0.845
2.545, 0.005, 0.845
2.555, 0.005, 0.845
2.565, 0.005, 0.845
2.575, 0.005, 0.845
2.585, 0.005, 0.845
2.5949999999999998, 0.005, 0.845
2.605, 0.005, 0.845
2.615, 0.005, 0.845
2.625, 0.005, 0.845
2.635, 0.005, 0.845
2.645, 0.005, 0.845
2.6550000000000002, 0.005, 0.845
2.665, 0.005, 0.845
2.675, 0.005, 0.845
2.685, 0.005, 0.845
2.6950000000000003, 0.005, 0.845
2.705, 0.005, 0.845
2.715, 0.005, 0.845
2.725, 0.005, 0.845
2.7350000000000003, 0.005, 0.845
2.745, 0.005, 0.845
2.755, 0.005, 0.845
2.765, 0.005, 0.845
2.7750000000000004, 0.005, 0.845
2.785, 0.005, 0.845
2.795, 0.005, 0.845
0.005, 0.005, 0.855
0.015, 0.005, 0.855
0.025, 0.005, 0.855
0.035, 0.005, 0.855
0.045, 0.005, 0.855
0.055, 0.005, 0.855
0.065, 0.005, 0.855
0.07500000000000001, 0.005, 0.855
0.08499999999999999, 0.005, 0.855
0.095, 0.005, 0.855
0.10500000000000001, 0.005, 0.855
0.11499999999999999, 0.005, 0.855
0.125, 0.005, 0.855
0.135, 0.005, 0.855
0.14500000000000002, 0.005, 0.855
0.155, 0.005, 0.855
0.165, 0.005, 0.855
0.175, 0.005, 0.855
0.185, 0.005, 0.855
0.195, 0.005, 0.855
0.20500000000000002, 0.005, 0.855
0.215, 0.005, 0.855
0.225, 0.005, 0.855
0.235, 0.005, 0.855
0.245, 0.005, 0.855
0.255, 0.005, 0.855
0.265, 0.005, 0.855
0.275, 0.005, 0.855
0.28500000000000003, 0.005, 0.855
0.295, 0.005, 0.855
0.305, 0.005, 0.855
0.315, 0.005, 0.855
0.325, 0.005, 0.855
0.335, 0.005, 0.855
0.34500000000000003, 0.005, 0.855
0.355, 0.005, 0.855
0.365, 0.005, 0.855
0.375, 0.005, 0.855
0.385, 0.005, 0.855
0.395, 0.005, 0.855
0.405, 0.005, 0.855
0.41500000000000004, 0.005, 0.855
0.425, 0.005, 0.855
0.435, 0.005, 0.855
0.445, 0.005, 0.855
0.455, 0.005, 0.855
0.465, 0.005, 0.855
0.475, 0.005, 0.855
0.485, 0.005, 0.855
0.495, 0.005, 0.855
0.505, 0.005, 0.855
0.515, 0.005, 0.855
0.525, 0.005, 0.855
0.535, 0.005, 0.855
0.545, 0.005, 0.855
0.555, 0.005, 0.855
0.5650000000000001, 0.005, 0.855
0.575, 0.005, 0.855
0.585, 0.005, 0.855
0.595, 0.005, 0.855
0.605, 0.005, 0.855
0.615, 0.005, 0.855
0.625, 0.005, 0.855
0.635, 0.005, 0.855
0.645, 0.005, 0.855
0.655, 0.005, 0.855
0.665, 0.005, 0.855
0.675, 0.005, 0.855
0.685, 0.005, 0.855
0.6950000000000001, 0.005, 0.855
0.7050000000000001, 0.005, 0.855
0.715, 0.005, 0.855
0.725, 0.005, 0.855
0.735, 0.005, 0.855
0.745, 0.005, 0.855
0.755, 0.005, 0.855
0.765, 0.005, 0.855
0.775, 0.005, 0.855
0.785, 0.005, 0.855
0.795, 0.005, 0.855
0.805, 0.005, 0.855
0.8150000000000001, 0.005, 0.855
0.8250000000000001, 0.005, 0.855
0.835, 0.005, 0.855
0.845, 0.005, 0.855
0.855, 0.005, 0.855
0.865, 0.005, 0.855
0.875, 0.005, 0.855
0.885, 0.005, 0.855
0.895, 0.005, 0.855
0.905, 0.005, 0.855
0.915, 0.005, 0.855
0.925, 0.005, 0.855
0.935, 0.005, 0.855
0.9450000000000001, 0.005, 0.855
0.9550000000000001, 0.005, 0.855
0.965, 0.005, 0.855
0.975, 0.005, 0.855
0.985, 0.005, 0.855
0.995, 0.005, 0.855
1.005, 0.005, 0.855
1.0150000000000001, 0.005, 0.855
1.025, 0.005, 0.855
1.0350000000000001, 0.005, 0.855
1.045, 0.005, 0.855
1.0550000000000002, 0.005, 0.855
1.065, 0.005, 0.855
1.0750000000000002, 0.005, 0.855
1.085, 0.005, 0.855
1.0950000000000002, 0.005, 0.855
1.105, 0.005, 0.855
1.1150000000000002, 0.005, 0.855
1.125, 0.005, 0.855
1.1350000000000002, 0.005, 0.855
1.145, 0.005, 0.855
1.155, 0.005, 0.855
1.165, 0.005, 0.855
1.1749999999999998, 0.005, 0.855
1.185, 0.005, 0.855
1.1949999999999998, 0.005, 0.855
1.205, 0.005, 0.855
1.2149999999999999, 0.005, 0.855
1.225, 0.005, 0.855
1.2349999999999999, 0.005, 0.855
1.245, 0.005, 0.855
1.255, 0.005, 0.855
1.2650000000000001, 0.005, 0.855
1.275, 0.005, 0.855
1.2850000000000001, 0.005, 0.855
1.295, 0.005, 0.855
1.3050000000000002, 0.005, 0.855
1.315, 0.005, 0.855
1.3250000000000002, 0.005, 0.855
1.335, 0.005, 0.855
1.3450000000000002, 0.005, 0.855
1.355, 0.005, 0.855
1.3650000000000002, 0.005, 0.855
1.375, 0.005, 0.855
1.3850000000000002, 0.005, 0.855
1.395, 0.005, 0.855
1.405, 0.005, 0.855
1.415, 0.005, 0.855
1.4249999999999998, 0.005, 0.855
1.435, 0.005, 0.855
1.4449999999999998, 0.005, 0.855
1.455, 0.005, 0.855
1.4649999999999999, 0.005, 0.855
1.475, 0.005, 0.855
1.4849999999999999, 0.005, 0.855
1.495, 0.005, 0.855
1.505, 0.005, 0.855
1.5150000000000001, 0.005, 0.855
1.525, 0.005, 0.855
1.5350000000000001, 0.005, 0.855
1.545, 0.005, 0.855
1.5550000000000002, 0.005, 0.855
1.565, 0.005, 0.855
1.5750000000000002, 0.005, 0.855
1.585, 0.005, 0.855
1.5950000000000002, 0.005, 0.855
1.605, 0.005, 0.855
1.6150000000000002, 0.005, 0.855
1.625, 0.005, 0.855
1.6350000000000002, 0.005, 0.855
1.645, 0.005, 0.855
1.6550000000000002, 0.005, 0.855
1.665, 0.005, 0.855
1.6749999999999998, 0.005, 0.855
1.685, 0.005, 0.855
1.6949999999999998, 0.005, 0.855
1.705, 0.005, 0.855
1.7149999999999999, 0.005, 0.855
1.725, 0.005, 0.855
1.7349999999999999, 0.005, 0.855
1.745, 0.005, 0.855
1.755, 0.005, 0.855
1.7650000000000001, 0.005, 0.855
1.775, 0.005, 0.855
1.7850000000000001, 0.005, 0.855
1.795, 0.005, 0.855
1.8050000000000002, 0.005, 0.855
1.815, 0.005, 0.855
1.8250000000000002, 0.005, 0.855
1.835, 0.005, 0.855
1.8450000000000002, 0.005, 0.855
1.855, 0.005, 0.855
1.8650000000000002, 0.005, 0.855
1.875, 0.005, 0.855
1.8850000000000002, 0.005, 0.855
1.895, 0.005, 0.855
1.9050000000000002, 0.005, 0.855
1.915, 0.005, 0.855
1.9249999999999998, 0.005, 0.855
1.935, 0.005, 0.855
1.9449999999999998, 0.005, 0.855
1.955, 0.005, 0.855
1.9649999999999999, 0.005, 0.855
1.975, 0.005, 0.855
1.9849999999999999, 0.005, 0.855
1.995, 0.005, 0.855
2.005, 0.005, 0.855
2.015, 0.005, 0.855
2.0250000000000004, 0.005, 0.855
2.035, 0.005, 0.855
2.045, 0.005, 0.855
2.0549999999999997, 0.005, 0.855
2.065, 0.005, 0.855
2.075, 0.005, 0.855
2.085, 0.005, 0.855
2.0949999999999998, 0.005, 0.855
2.105, 0.005, 0.855
2.115, 0.005, 0.855
2.125, 0.005, 0.855
2.135, 0.005, 0.855
2.145, 0.005, 0.855
2.1550000000000002, 0.005, 0.855
2.165, 0.005, 0.855
2.175, 0.005, 0.855
2.185, 0.005, 0.855
2.1950000000000003, 0.005, 0.855
2.205, 0.005, 0.855
2.215, 0.005, 0.855
2.225, 0.005, 0.855
2.2350000000000003, 0.005, 0.855
2.245, 0.005, 0.855
2.255, 0.005, 0.855
2.265, 0.005, 0.855
2.2750000000000004, 0.005, 0.855
2.285, 0.005, 0.855
2.295, 0.005, 0.855
2.305, 0.005, 0.855
2.315, 0.005, 0.855
2.325, 0.005, 0.855
2.335, 0.005, 0.855
2.3449999999999998, 0.005, 0.855
2.355, 0.005, 0.855
2.365, 0.005, 0.855
2.375, 0.005, 0.855
2.385, 0.005, 0.855
2.395, 0.005, 0.855
2.4050000000000002, 0.005, 0.855
2.415, 0.005, 0.855
2.425, 0.005, 0.855
2.435, 0.005, 0.855
2.4450000000000003, 0.005, 0.855
2.455, 0.005, 0.855
2.465, 0.005, 0.855
2.475, 0.005, 0.855
2.4850000000000003, 0.005, 0.855
2.495, 0.005, 0.855
2.505, 0.005, 0.855
2.515, 0.005, 0.855
2.5250000000000004, 0.005, 0.855
2.535, 0.005, 0.855
2.545, 0.005, 0.855
2.555, 0.005, 0.855
2.565, 0.005, 0.855
2.575, 0.005, 0.855
2.585, 0.005, 0.855
2.5949999999999998, 0.005, 0.855
2.605, 0.005, 0.855
2.615, 0.005, 0.855
2.625, 0.005, 0.855
2.635, 0.005, 0.855
2.645, 0.005, 0.855
2.6550000000000002, 0.005, 0.855
2.665, 0.005, 0.855
2.675, 0.005, 0.855
2.685, 0.005, 0.855
2.6950000000000003, 0.005, 0.855
2.705, 0.005, 0.855
2.715, 0.005, 0.855
2.725, 0.005, 0.855
2.7350000000000003, 0.005, 0.855
2.745, 0.005, 0.855
2.755, 0.005, 0.855
2.765, 0.005, 0.855
2.7750000000000004, 0.005, 0.855
2.785, 0.005, 0.855
2.795, 0.005, 0.855
0.005, 0.005, 0.865
0.015, 0.005, 0.865
0.025, 0.005, 0.865
0.035, 0.005, 0.865
0.045, 0.005, 0.865
0.055, 0.005, 0.865
0.065, 0.005, 0.865
0.07500000000000001, 0.005, 0.865
0.08499999999999999, 0.005, 0.865
0.095, 0.005, 0.865
0.10500000000000001, 0.005, 0.865
0.11499999999999999, 0.005, 0.865
0.125, 0.005, 0.865
0.135, 0.005, 0.865
0.14500000000000002, 0.005, 0.865
0.155, 0.005, 0.865
0.165, 0.005, 0.865
0.175, 0.005, 0.865
0.185, 0.005, 0.865
0.195, 0.005, 0.865
0.20500000000000002, 0.005, 0.865
0.215, 0.005, 0.865
0.225, 0.005, 0.865
0.235, 0.005, 0.865
0.245, 0.005, 0.865
0.255, 0.005, 0.865
0.265, 0.005, 0.865
0.275, 0.005, 0.865
0.28500000000000003, 0.005, 0.865
0.295, 0.005, 0.865
0.305, 0.005, 0.865
0.315, 0.005, 0.865
0.325, 0.005, 0.865
0.335, 0.005, 0.865
0.34500000000000003, 0.005, 0.865
0.355, 0.005, 0.865
0.365, 0.005, 0.865
0.375, 0.005, 0.865
0.385, 0.005, 0.865
0.395, 0.005, 0.865
0.405, 0.005, 0.865
0.41500000000000004, 0.005, 0.865
0.425, 0.005, 0.865
0.435, 0.005, 0.865
0.445, 0.005, 0.865
0.455, 0.005, 0.865
0.465, 0.005, 0.865
0.475, 0.005, 0.865
0.485, 0.005, 0.865
0.495, 0.005, 0.865
0.505, 0.005, 0.865
0.515, 0.005, 0.865
0.525, 0.005, 0.865
0.535, 0.005, 0.865
0.545, 0.005, 0.865
0.555, 0.005, 0.865
0.5650000000000001, 0.005, 0.865
0.575, 0.005, 0.865
0.585, 0.005, 0.865
0.595, 0.005, 0.865
0.605, 0.005, 0.865
0.615, 0.005, 0.865
0.625, 0.005, 0.865
0.635, 0.005, 0.865
0.645, 0.005, 0.865
0.655, 0.005, 0.865
0.665, 0.005, 0.865
0.675, 0.005, 0.865
0.685, 0.005, 0.865
0.6950000000000001, 0.005, 0.865
0.7050000000000001, 0.005, 0.865
0.715, 0.005, 0.865
0.725, 0.005, 0.865
0.735, 0.005, 0.865
0.745, 0.005, 0.865
0.755, 0.005, 0.865
0.765, 0.005, 0.865
0.775, 0.005, 0.865
0.785, 0.005, 0.865
0.795, 0.005, 0.865
0.805, 0.005, 0.865
0.8150000000000001, 0.005, 0.865
0.8250000000000001, 0.005, 0.865
0.835, 0.005, 0.865
0.845, 0.005, 0.865
0.855, 0.005, 0.865
0.865, 0.005, 0.865
0.875, 0.005, 0.865
0.885, 0.005, 0.865
0.895, 0.005, 0.865
0.905, 0.005, 0.865
0.915, 0.005, 0.865
0.925, 0.005, 0.865
0.935, 0.005, 0.865
0.9450000000000001, 0.005, 0.865
0.9550000000000001, 0.005, 0.865
0.965, 0.005, 0.865
0.975, 0.005, 0.865
0.985, 0.005, 0.865
0.995, 0.005, 0.865
1.005, 0.005, 0.865
1.0150000000000001, 0.005, 0.865
1.025, 0.005, 0.865
1.0350000000000001, 0.005, 0.865
1.045, 0.005, 0.865
1.0550000000000002, 0.005, 0.865
1.065, 0.005, 0.865
1.0750000000000002, 0.005, 0.865
1.085, 0.005, 0.865
1.0950000000000002, 0.005, 0.865
1.105, 0.005, 0.865
1.1150000000000002, 0.005, 0.865
1.125, 0.005, 0.865
1.1350000000000002, 0.005, 0.865
1.145, 0.005, 0.865
1.155, 0.005, 0.865
1.165, 0.005, 0.865
1.1749999999999998, 0.005, 0.865
1.185, 0.005, 0.865
1.1949999999999998, 0.005, 0.865
1.205, 0.005, 0.865
1.2149999999999999, 0.005, 0.865
1.225, 0.005, 0.865
1.2349999999999999, 0.005, 0.865
1.245, 0.005, 0.865
1.255, 0.005, 0.865
1.2650000000000001, 0.005, 0.865
1.275, 0.005, 0.865
1.2850000000000001, 0.005, 0.865
1.295, 0.005, 0.865
1.3050000000000002, 0.005, 0.865
1.315, 0.005, 0.865
1.3250000000000002, 0.005, 0.865
1.335, 0.005, 0.865
1.3450000000000002, 0.005, 0.865
1.355, 0.005, 0.865
1.3650000000000002, 0.005, 0.865
1.375, 0.005, 0.865
1.3850000000000002, 0.005, 0.865
1.395, 0.005, 0.865
1.405, 0.005, 0.865
1.415, 0.005, 0.865
1.4249999999999998, 0.005, 0.865
1.435, 0.005, 0.865
1.4449999999999998, 0.005, 0.865
1.455, 0.005, 0.865
1.4649999999999999, 0.005, 0.865
1.475, 0.005, 0.865
1.4849999999999999, 0.005, 0.865
1.495, 0.005, 0.865
1.505, 0.005, 0.865
1.5150000000000001, 0.005, 0.865
1.525, 0.005, 0.865
1.5350000000000001, 0.005, 0.865
1.545, 0.005, 0.865
1.5550000000000002, 0.005, 0.865
1.565, 0.005, 0.865
1.5750000000000002, 0.005, 0.865
1.585, 0.005, 0.865
1.5950000000000002, 0.005, 0.865
1.605, 0.005, 0.865
1.6150000000000002, 0.005, 0.865
1.625, 0.005, 0.865
1.6350000000000002, 0.005, 0.865
1.645, 0.005, 0.865
1.6550000000000002, 0.005, 0.865
1.665, 0.005, 0.865
1.6749999999999998, 0.005, 0.865
1.685, 0.005, 0.865
1.6949999999999998, 0.005, 0.865
1.705, 0.005, 0.865
1.7149999999999999, 0.005, 0.865
1.725, 0.005, 0.865
1.7349999999999999, 0.005, 0.865
1.745, 0.005, 0.865
1.755, 0.005, 0.865
1.7650000000000001, 0.005, 0.865
1.775, 0.005, 0.865
1.7850000000000001, 0.005, 0.865
1.795, 0.005, 0.865
1.8050000000000002, 0.005, 0.865
1.815, 0.005, 0.865
1.8250000000000002, 0.005, 0.865
1.835, 0.005, 0.865
1.8450000000000002, 0.005, 0.865
1.855, 0.005, 0.865
1.8650000000000002, 0.005, 0.865
1.875, 0.005, 0.865
1.8850000000000002, 0.005, 0.865
1.895, 0.005, 0.865
1.9050000000000002, 0.005, 0.865
1.915, 0.005, 0.865
1.9249999999999998, 0.005, 0.865
1.935, 0.005, 0.865
1.9449999999999998, 0.005, 0.865
1.955, 0.005, 0.865
1.9649999999999999, 0.005, 0.865
1.975, 0.005, 0.865
1.9849999999999999, 0.005, 0.865
1.995, 0.005, 0.865
2.005, 0.005, 0.865
2.015, 0.005, 0.865
2.0250000000000004, 0.005, 0.865
2.035, 0.005, 0.865
2.045, 0.005, 0.865
2.0549999999999997, 0.005, 0.865
2.065, 0.005, 0.865
2.075, 0.005, 0.865
2.085, 0.005, 0.865
2.0949999999999998, 0.005, 0.865
2.105, 0.005, 0.865
2.115, 0.005, 0.865
2.125, 0.005, 0.865
2.135, 0.005, 0.865
2.145, 0.005, 0.865
2.1550000000000002, 0.005, 0.865
2.165, 0.005, 0.865
2.175, 0.005, 0.865
2.185, 0.005, 0.865
2.1950000000000003, 0.005, 0.865
2.205, 0.005, 0.865
2.215, 0.005, 0.865
2.225, 0.005, 0.865
2.2350000000000003, 0.005, 0.865
2.245, 0.005, 0.865
2.255, 0.005, 0.865
2.265, 0.005, 0.865
2.2750000000000004, 0.005, 0.865
2.285, 0.005, 0.865
2.295, 0.005, 0.865
2.305, 0.005, 0.865
2.315, 0.005, 0.865
2.325, 0.005, 0.865
2.335, 0.005, 0.865
2.3449999999999998, 0.005, 0.865
2.355, 0.005, 0.865
2.365, 0.005, 0.865
2.375, 0.005, 0.865
2.385, 0.005, 0.865
2.395, 0.005, 0.865
2.4050000000000002, 0.005, 0.865
2.415, 0.005, 0.865
2.425, 0.005, 0.865
2.435, 0.005, 0.865
2.4450000000000003, 0.005, 0.865
2.455, 0.005, 0.865
2.465, 0.005, 0.865
2.475, 0.005, 0.865
2.4850000000000003, 0.005, 0.865
2.495, 0.005, 0.865
2.505, 0.005, 0.865
2.515, 0.005, 0.865
2.5250000000000004, 0.005, 0.865
2.535, 0.005, 0.865
2.545, 0.005, 0.865
2.555, 0.005, 0.865
2.565, 0.005, 0.865
2.575, 0.005, 0.865
2.585, 0.005, 0.865
2.5949999999999998, 0.005, 0.865
2.605, 0.005, 0.865
2.615, 0.005, 0.865
2.625, 0.005, 0.865
2.635, 0.005, 0.865
2.645, 0.005, 0.865
2.6550000000000002, 0.005, 0.865
2.665, 0.005, 0.865
2.675, 0.005, 0.865
2.685, 0.005, 0.865
2.6950000000000003, 0.005, 0.865
2.705, 0.005, 0.865
2.715, 0.005, 0.865
2.725, 0.005, 0.865
2.7350000000000003, 0.005, 0.865
2.745, 0.005, 0.865
2.755, 0.005, 0.865
2.765, 0.005, 0.865
2.7750000000000004, 0.005, 0.865
2.785, 0.005, 0.865
2.795, 0.005, 0.865
0.005, 0.005, 0.875
0.015, 0.005, 0.875
0.025, 0.005, 0.875
0.035, 0.005, 0.875
0.045, 0.005, 0.875
0.055, 0.005, 0.875
0.065, 0.005, 0.875
0.07500000000000001, 0.005, 0.875
0.08499999999999999, 0.005, 0.875
0.095, 0.005, 0.875
0.10500000000000001, 0.005, 0.875
0.11499999999999999, 0.005, 0.875
0.125, 0.005, 0.875
0.135, 0.005, 0.875
0.14500000000000002, 0.005, 0.875
0.155, 0.005, 0.875
0.165, 0.005, 0.875
0.175, 0.005, 0.875
0.185, 0.005, 0.875
0.195, 0.005, 0.875
0.20500000000000002, 0.005, 0.875
0.215, 0.005, 0.875
0.225, 0.005, 0.875
0.235, 0.005, 0.875
0.245, 0.005, 0.875
0.255, 0.005, 0.875
0.265, 0.005, 0.875
0.275, 0.005, 0.875
0.28500000000000003, 0.005, 0.875
0.295, 0.005, 0.875
0.305, 0.005, 0.875
0.315, 0.005, 0.875
0.325, 0.005, 0.875
0.335, 0.005, 0.875
0.34500000000000003, 0.005, 0.875
0.355, 0.005, 0.875
0.365, 0.005, 0.875
0.375, 0.005, 0.875
0.385, 0.005, 0.875
0.395, 0.005, 0.875
0.405, 0.005, 0.875
0.41500000000000004, 0.005, 0.875
0.425, 0.005, 0.875
0.435, 0.005, 0.875
0.445, 0.005, 0.875
0.455, 0.005, 0.875
0.465, 0.005, 0.875
0.475, 0.005, 0.875
0.485, 0.005, 0.875
0.495, 0.005, 0.875
0.505, 0.005, 0.875
0.515, 0.005, 0.875
0.525, 0.005, 0.875
0.535, 0.005, 0.875
0.545, 0.005, 0.875
0.555, 0.005, 0.875
0.5650000000000001, 0.005, 0.875
0.575, 0.005, 0.875
0.585, 0.005, 0.875
0.595, 0.005, 0.875
0.605, 0.005, 0.875
0.615, 0.005, 0.875
0.625, 0.005, 0.875
0.635, 0.005, 0.875
0.645, 0.005, 0.875
0.655, 0.005, 0.875
0.665, 0.005, 0.875
0.675, 0.005, 0.875
0.685, 0.005, 0.875
0.6950000000000001, 0.005, 0.875
0.7050000000000001, 0.005, 0.875
0.715, 0.005, 0.875
0.725, 0.005, 0.875
0.735, 0.005, 0.875
0.745, 0.005, 0.875
0.755, 0.005, 0.875
0.765, 0.005, 0.875
0.775, 0.005, 0.875
0.785, 0.005, 0.875
0.795, 0.005, 0.875
0.805, 0.005, 0.875
0.8150000000000001, 0.005, 0.875
0.8250000000000001, 0.005, 0.875
0.835, 0.005, 0.875
0.845, 0.005, 0.875
0.855, 0.005, 0.875
0.865, 0.005, 0.875
0.875, 0.005, 0.875
0.885, 0.005, 0.875
0.895, 0.005, 0.875
0.905, 0.005, 0.875
0.915, 0.005, 0.875
0.925, 0.005, 0.875
0.935, 0.005, 0.875
0.9450000000000001, 0.005, 0.875
0.9550000000000001, 0.005, 0.875
0.965, 0.005, 0.875
0.975, 0.005, 0.875
0.985, 0.005, 0.875
0.995, 0.005, 0.875
1.005, 0.005, 0.875
1.0150000000000001, 0.005, 0.875
1.025, 0.005, 0.875
1.0350000000000001, 0.005, 0.875
1.045, 0.005, 0.875
1.0550000000000002, 0.005, 0.875
1.065, 0.005, 0.875
1.0750000000000002, 0.005, 0.875
1.085, 0.005, 0.875
1.0950000000000002, 0.005, 0.875
1.105, 0.005, 0.875
1.1150000000000002, 0.005, 0.875
1.125, 0.005, 0.875
1.1350000000000002, 0.005, 0.875
1.145, 0.005, 0.875
1.155, 0.005, 0.875
1.165, 0.005, 0.875
1.1749999999999998, 0.005, 0.875
1.185, 0.005, 0.875
1.1949999999999998, 0.005, 0.875
1.205, 0.005, 0.875
1.2149999999999999, 0.005, 0.875
1.225, 0.005, 0.875
1.2349999999999999, 0.005, 0.875
1.245, 0.005, 0.875
1.255, 0.005, 0.875
1.2650000000000001, 0.005, 0.875
1.275, 0.005, 0.875
1.2850000000000001, 0.005, 0.875
1.295, 0.005, 0.875
1.3050000000000002, 0.005, 0.875
1.315, 0.005, 0.875
1.3250000000000002, 0.005, 0.875
1.335, 0.005, 0.875
1.3450000000000002, 0.005, 0.875
1.355, 0.005, 0.875
1.3650000000000002, 0.005, 0.875
1.375, 0.005, 0.875
1.3850000000000002, 0.005, 0.875
1.395, 0.005, 0.875
1.405, 0.005, 0.875
1.415, 0.005, 0.875
1.4249999999999998, 0.005, 0.875
1.435, 0.005, 0.875
1.4449999999999998, 0.005, 0.875
1.455, 0.005, 0.875
1.4649999999999999, 0.005, 0.875
1.475, 0.005, 0.875
1.4849999999999999, 0.005, 0.875
1.495, 0.005, 0.875
1.505, 0.005, 0.875
1.5150000000000001, 0.005, 0.875
1.525, 0.005, 0.875
1.5350000000000001, 0.005, 0.875
1.545, 0.005, 0.875
1.5550000000000002, 0.005, 0.875
1.565, 0.005, 0.875
1.5750000000000002, 0.005, 0.875
1.585, 0.005, 0.875
1.5950000000000002, 0.005, 0.875
1.605, 0.005, 0.875
1.6150000000000002, 0.005, 0.875
1.625, 0.005, 0.875
1.6350000000000002, 0.005, 0.875
1.645, 0.005, 0.875
1.6550000000000002, 0.005, 0.875
1.665, 0.005, 0.875
1.6749999999999998, 0.005, 0.875
1.685, 0.005, 0.875
1.6949999999999998, 0.005, 0.875
1.705, 0.005, 0.875
1.7149999999999999, 0.005, 0.875
1.725, 0.005, 0.875
1.7349999999999999, 0.005, 0.875
1.745, 0.005, 0.875
1.755, 0.005, 0.875
1.7650000000000001, 0.005, 0.875
1.775, 0.005, 0.875
1.7850000000000001, 0.005, 0.875
1.795, 0.005, 0.875
1.8050000000000002, 0.005, 0.875
1.815, 0.005, 0.875
1.8250000000000002, 0.005, 0.875
1.835, 0.005, 0.875
1.8450000000000002, 0.005, 0.875
1.855, 0.005, 0.875
1.8650000000000002, 0.005, 0.875
1.875, 0.005, 0.875
1.8850000000000002, 0.005, 0.875
1.895, 0.005, 0.875
1.9050000000000002, 0.005, 0.875
1.915, 0.005, 0.875
1.9249999999999998, 0.005, 0.875
1.935, 0.005, 0.875
1.9449999999999998, 0.005, 0.875
1.955, 0.005, 0.875
1.9649999999999999, 0.005, 0.875
1.975, 0.005, 0.875
1.9849999999999999, 0.005, 0.875
1.995, 0.005, 0.875
2.005, 0.005, 0.875
2.015, 0.005, 0.875
2.0250000000000004, 0.005, 0.875
2.035, 0.005, 0.875
2.045, 0.005, 0.875
2.0549999999999997, 0.005, 0.875
2.065, 0.005, 0.875
2.075, 0.005, 0.875
2.085, 0.005, 0.875
2.0949999999999998, 0.005, 0.875
2.105, 0.005, 0.875
2.115, 0.005, 0.875
2.125, 0.005, 0.875
2.135, 0.005, 0.875
2.145, 0.005, 0.875
2.1550000000000002, 0.005, 0.875
2.165, 0.005, 0.875
2.175, 0.005, 0.875
2.185, 0.005, 0.875
2.1950000000000003, 0.005, 0.875
2.205, 0.005, 0.875
2.215, 0.005, 0.875
2.225, 0.005, 0.875
2.2350000000000003, 0.005, 0.875
2.245, 0.005, 0.875
2.255, 0.005, 0.875
2.265, 0.005, 0.875
2.2750000000000004, 0.005, 0.875
2.285, 0.005, 0.875
2.295, 0.005, 0.875
2.305, 0.005, 0.875
2.315, 0.005, 0.875
2.325, 0.005, 0.875
2.335, 0.005, 0.875
2.3449999999999998, 0.005, 0.875
2.355, 0.005, 0.875
2.365, 0.005, 0.875
2.375, 0.005, 0.875
2.385, 0.005, 0.875
2.395, 0.005, 0.875
2.4050000000000002, 0.005, 0.875
2.415, 0.005, 0.875
2.425, 0.005, 0.875
2.435, 0.005, 0.875
2.4450000000000003, 0.005, 0.875
2.455, 0.005, 0.875
2.465, 0.005, 0.875
2.475, 0.005, 0.875
2.4850000000000003, 0.005, 0.875
2.495, 0.005, 0.875
2.505, 0.005, 0.875
2.515, 0.005, 0.875
2.5250000000000004, 0.005, 0.875
2.535, 0.005, 0.875
2.545, 0.005, 0.875
2.555, 0.005, 0.875
2.565, 0.005, 0.875
2.575, 0.005, 0.875
2.585, 0.005, 0.875
2.5949999999999998, 0.005, 0.875
2.605, 0.005, 0.875
2.615, 0.005, 0.875
2.625, 0.005, 0.875
2.635, 0.005, 0.875
2.645, 0.005, 0.875
2.6550000000000002, 0.005, 0.875
2.665, 0.005, 0.875
2.675, 0.005, 0.875
2.685, 0.005, 0.875
2.6950000000000003, 0.005, 0.875
2.705, 0.005, 0.875
2.715, 0.005, 0.875
2.725, 0.005, 0.875
2.7350000000000003, 0.005, 0.875
2.745, 0.005, 0.875
2.755, 0.005, 0.875
2.765, 0.005, 0.875
2.7750000000000004, 0.005, 0.875
2.785, 0.005, 0.875
2.795, 0.005, 0.875
0.005, 0.005, 0.885
0.015, 0.005, 0.885
0.025, 0.005, 0.885
0.035, 0.005, 0.885
0.045, 0.005, 0.885
0.055, 0.005, 0.885
0.065, 0.005, 0.885
0.07500000000000001, 0.005, 0.885
0.08499999999999999, 0.005, 0.885
0.095, 0.005, 0.885
0.10500000000000001, 0.005, 0.885
0.11499999999999999, 0.005, 0.885
0.125, 0.005, 0.885
0.135, 0.005, 0.885
0.14500000000000002, 0.005, 0.885
0.155, 0.005, 0.885
0.165, 0.005, 0.885
0.175, 0.005, 0.885
0.185, 0.005, 0.885
0.195, 0.005, 0.885
0.20500000000000002, 0.005, 0.885
0.215, 0.005, 0.885
0.225, 0.005, 0.885
0.235, 0.005, 0.885
0.245, 0.005, 0.885
0.255, 0.005, 0.885
0.265, 0.005, 0.885
0.275, 0.005, 0.885
0.28500000000000003, 0.005, 0.885
0.295, 0.005, 0.885
0.305, 0.005, 0.885
0.315, 0.005, 0.885
0.325, 0.005, 0.885
0.335, 0.005, 0.885
0.34500000000000003, 0.005, 0.885
0.355, 0.005, 0.885
0.365, 0.005, 0.885
0.375, 0.005, 0.885
0.385, 0.005, 0.885
0.395, 0.005, 0.885
0.405, 0.005, 0.885
0.41500000000000004, 0.005, 0.885
0.425, 0.005, 0.885
0.435, 0.005, 0.885
0.445, 0.005, 0.885
0.455, 0.005, 0.885
0.465, 0.005, 0.885
0.475, 0.005, 0.885
0.485, 0.005, 0.885
0.495, 0.005, 0.885
0.505, 0.005, 0.885
0.515, 0.005, 0.885
0.525, 0.005, 0.885
0.535, 0.005, 0.885
0.545, 0.005, 0.885
0.555, 0.005, 0.885
0.5650000000000001, 0.005, 0.885
0.575, 0.005, 0.885
0.585, 0.005, 0.885
0.595, 0.005, 0.885
0.605, 0.005, 0.885
0.615, 0.005, 0.885
0.625, 0.005, 0.885
0.635, 0.005, 0.885
0.645, 0.005, 0.885
0.655, 0.005, 0.885
0.665, 0.005, 0.885
0.675, 0.005, 0.885
0.685, 0.005, 0.885
0.6950000000000001, 0.005, 0.885
0.7050000000000001, 0.005, 0.885
0.715, 0.005, 0.885
0.725, 0.005, 0.885
0.735, 0.005, 0.885
0.745, 0.005, 0.885
0.755, 0.005, 0.885
0.765, 0.005, 0.885
0.775, 0.005, 0.885
0.785, 0.005, 0.885
0.795, 0.005, 0.885
0.805, 0.005, 0.885
0.8150000000000001, 0.005, 0.885
0.8250000000000001, 0.005, 0.885
0.835, 0.005, 0.885
0.845, 0.005, 0.885
0.855, 0.005, 0.885
0.865, 0.005, 0.885
0.875, 0.005, 0.885
0.885, 0.005, 0.885
0.895, 0.005, 0.885
0.905, 0.005, 0.885
0.915, 0.005, 0.885
0.925, 0.005, 0.885
0.935, 0.005, 0.885
0.9450000000000001, 0.005, 0.885
0.9550000000000001, 0.005, 0.885
0.965, 0.005, 0.885
0.975, 0.005, 0.885
0.985, 0.005, 0.885
0.995, 0.005, 0.885
1.005, 0.005, 0.885
1.0150000000000001, 0.005, 0.885
1.025, 0.005, 0.885
1.0350000000000001, 0.005, 0.885
1.045, 0.005, 0.885
1.0550000000000002, 0.005, 0.885
1.065, 0.005, 0.885
1.0750000000000002, 0.005, 0.885
1.085, 0.005, 0.885
1.0950000000000002, 0.005, 0.885
1.105, 0.005, 0.885
1.1150000000000002, 0.005, 0.885
1.125, 0.005, 0.885
1.1350000000000002, 0.005, 0.885
1.145, 0.005, 0.885
1.155, 0.005, 0.885
1.165, 0.005, 0.885
1.1749999999999998, 0.005, 0.885
1.185, 0.005, 0.885
1.1949999999999998, 0.005, 0.885
1.205, 0.005, 0.885
1.2149999999999999, 0.005, 0.885
1.225, 0.005, 0.885
1.2349999999999999, 0.005, 0.885
1.245, 0.005, 0.885
1.255, 0.005, 0.885
1.2650000000000001, 0.005, 0.885
1.275, 0.005, 0.885
1.2850000000000001, 0.005, 0.885
1.295, 0.005, 0.885
1.3050000000000002, 0.005, 0.885
1.315, 0.005, 0.885
1.3250000000000002, 0.005, 0.885
1.335, 0.005, 0.885
1.3450000000000002, 0.005, 0.885
1.355, 0.005, 0.885
1.3650000000000002, 0.005, 0.885
1.375, 0.005, 0.885
1.3850000000000002, 0.005, 0.885
1.395, 0.005, 0.885
1.405, 0.005, 0.885
1.415, 0.005, 0.885
1.4249999999999998, 0.005, 0.885
1.435, 0.005, 0.885
1.4449999999999998, 0.005, 0.885
1.455, 0.005, 0.885
1.4649999999999999, 0.005, 0.885
1.475, 0.005, 0.885
1.4849999999999999, 0.005, 0.885
1.495, 0.005, 0.885
1.505, 0.005, 0.885
1.5150000000000001, 0.005, 0.885
1.525, 0.005, 0.885
1.5350000000000001, 0.005, 0.885
1.545, 0.005, 0.885
1.5550000000000002, 0.005, 0.885
1.565, 0.005, 0.885
1.5750000000000002, 0.005, 0.885
1.585, 0.005, 0.885
1.5950000000000002, 0.005, 0.885
1.605, 0.005, 0.885
1.6150000000000002, 0.005, 0.885
1.625, 0.005, 0.885
1.6350000000000002, 0.005, 0.885
1.645, 0.005, 0.885
1.6550000000000002, 0.005, 0.885
1.665, 0.005, 0.885
1.6749999999999998, 0.005, 0.885
1.685, 0.005, 0.885
1.6949999999999998, 0.005, 0.885
1.705, 0.005, 0.885
1.7149999999999999, 0.005, 0.885
1.725, 0.005, 0.885
1.7349999999999999, 0.005, 0.885
1.745, 0.005, 0.885
1.755, 0.005, 0.885
1.7650000000000001, 0.005, 0.885
1.775, 0.005, 0.885
1.7850000000000001, 0.005, 0.885
1.795, 0.005, 0.885
1.8050000000000002, 0.005, 0.885
1.815, 0.005, 0.885
1.8250000000000002, 0.005, 0.885
1.835, 0.005, 0.885
1.8450000000000002, 0.005, 0.885
1.855, 0.005, 0.885
1.8650000000000002, 0.005, 0.885
1.875, 0.005, 0.885
1.8850000000000002, 0.005, 0.885
1.895, 0.005, 0.885
1.9050000000000002, 0.005, 0.885
1.915, 0.005, 0.885
1.9249999999999998, 0.005, 0.885
1.935, 0.005, 0.885
1.9449999999999998, 0.005, 0.885
1.955, 0.005, 0.885
1.9649999999999999, 0.005, 0.885
1.975, 0.005, 0.885
1.9849999999999999, 0.005, 0.885
1.995, 0.005, 0.885
2.005, 0.005, 0.885
2.015, 0.005, 0.885
2.0250000000000004, 0.005, 0.885
2.035, 0.005, 0.885
2.045, 0.005, 0.885
2.0549999999999997, 0.005, 0.885
2.065, 0.005, 0.885
2.075, 0.005, 0.885
2.085, 0.005, 0.885
2.0949999999999998, 0.005, 0.885
2.105, 0.005, 0.885
2.115, 0.005, 0.885
2.125, 0.005, 0.885
2.135, 0.005, 0.885
2.145, 0.005, 0.885
2.1550000000000002, 0.005, 0.885
2.165, 0.005, 0.885
2.175, 0.005, 0.885
2.185, 0.005, 0.885
2.1950000000000003, 0.005, 0.885
2.205, 0.005, 0.885
2.215, 0.005, 0.885
2.225, 0.005, 0.885
2.2350000000000003, 0.005, 0.885
2.245, 0.005, 0.885
2.255, 0.005, 0.885
2.265, 0.005, 0.885
2.2750000000000004, 0.005, 0.885
2.285, 0.005, 0.885
2.295, 0.005, 0.885
2.305, 0.005, 0.885
2.315, 0.005, 0.885
2.325, 0.005, 0.885
2.335, 0.005, 0.885
2.3449999999999998, 0.005, 0.885
2.355, 0.005, 0.885
2.365, 0.005, 0.885
2.375, 0.005, 0.885
2.385, 0.005, 0.885
2.395, 0.005, 0.885
2.4050000000000002, 0.005, 0.885
2.415, 0.005, 0.885
2.425, 0.005, 0.885
2.435, 0.005, 0.885
2.4450000000000003, 0.005, 0.885
2.455, 0.005, 0.885
2.465, 0.005, 0.885
2.475, 0.005, 0.885
2.4850000000000003, 0.005, 0.885
2.495, 0.005, 0.885
2.505, 0.005, 0.885
2.515, 0.005, 0.885
2.5250000000000004, 0.005, 0.885
2.535, 0.005, 0.885
2.545, 0.005, 0.885
2.555, 0.005, 0.885
2.565, 0.005, 0.885
2.575, 0.005, 0.885
2.585, 0.005, 0.885
2.5949999999999998, 0.005, 0.885
2.605, 0.005, 0.885
2.615, 0.005, 0.885
2.625, 0.005, 0.885
2.635, 0.005, 0.885
2.645, 0.005, 0.885
2.6550000000000002, 0.005, 0.885
2.665, 0.005, 0.885
2.675, 0.005, 0.885
2.685, 0.005, 0.885
2.6950000000000003, 0.005, 0.885
2.705, 0.005, 0.885
2.715, 0.005, 0.885
2.725, 0.005, 0.885
2.7350000000000003, 0.005, 0.885
2.745, 0.005, 0.885
2.755, 0.005, 0.885
2.765, 0.005, 0.885
2.7750000000000004, 0.005, 0.885
2.785, 0.005, 0.885
2.795, 0.005, 0.885
0.005, 0.005, 0.895
0.015, 0.005, 0.895
0.025, 0.005, 0.895
0.035, 0.005, 0.895
0.045, 0.005, 0.895
0.055, 0.005, 0.895
0.065, 0.005, 0.895
0.07500000000000001, 0.005, 0.895
0.08499999999999999, 0.005, 0.895
0.095, 0.005, 0.895
0.10500000000000001, 0.005, 0.895
0.11499999999999999, 0.005, 0.895
0.125, 0.005, 0.895
0.135, 0.005, 0.895
0.14500000000000002, 0.005, 0.895
0.155, 0.005, 0.895
0.165, 0.005, 0.895
0.175, 0.005, 0.895
0.185, 0.005, 0.895
0.195, 0.005, 0.895
0.20500000000000002, 0.005, 0.895
0.215, 0.005, 0.895
0.225, 0.005, 0.895
0.235, 0.005, 0.895
0.245, 0.005, 0.895
0.255, 0.005, 0.895
0.265, 0.005, 0.895
0.275, 0.005, 0.895
0.28500000000000003, 0.005, 0.895
0.295, 0.005, 0.895
0.305, 0.005, 0.895
0.315, 0.005, 0.895
0.325, 0.005, 0.895
0.335, 0.005, 0.895
0.34500000000000003, 0.005, 0.895
0.355, 0.005, 0.895
0.365, 0.005, 0.895
0.375, 0.005, 0.895
0.385, 0.005, 0.895
0.395, 0.005, 0.895
0.405, 0.005, 0.895
0.41500000000000004, 0.005, 0.895
0.425, 0.005, 0.895
0.435, 0.005, 0.895
0.445, 0.005, 0.895
0.455, 0.005, 0.895
0.465, 0.005, 0.895
0.475, 0.005, 0.895
0.485, 0.005, 0.895
0.495, 0.005, 0.895
0.505, 0.005, 0.895
0.515, 0.005, 0.895
0.525, 0.005, 0.895
0.535, 0.005, 0.895
0.545, 0.005, 0.895
0.555, 0.005, 0.895
0.5650000000000001, 0.005, 0.895
0.575, 0.005, 0.895
0.585, 0.005, 0.895
0.595, 0.005, 0.895
0.605, 0.005, 0.895
0.615, 0.005, 0.895
0.625, 0.005, 0.895
0.635, 0.005, 0.895
0.645, 0.005, 0.895
0.655, 0.005, 0.895
0.665, 0.005, 0.895
0.675, 0.005, 0.895
0.685, 0.005, 0.895
0.6950000000000001, 0.005, 0.895
0.7050000000000001, 0.005, 0.895
0.715, 0.005, 0.895
0.725, 0.005, 0.895
0.735, 0.005, 0.895
0.745, 0.005, 0.895
0.755, 0.005, 0.895
0.765, 0.005, 0.895
0.775, 0.005, 0.895
0.785, 0.005, 0.895
0.795, 0.005, 0.895
0.805, 0.005, 0.895
0.8150000000000001, 0.005, 0.895
0.8250000000000001, 0.005, 0.895
0.835, 0.005, 0.895
0.845, 0.005, 0.895
0.855, 0.005, 0.895
0.865, 0.005, 0.895
0.875, 0.005, 0.895
0.885, 0.005, 0.895
0.895, 0.005, 0.895
0.905, 0.005, 0.895
0.915, 0.005, 0.895
0.925, 0.005, 0.895
0.935, 0.005, 0.895
0.9450000000000001, 0.005, 0.895
0.9550000000000001, 0.005, 0.895
0.965, 0.005, 0.895
0.975, 0.005, 0.895
0.985, 0.005, 0.895
0.995, 0.005, 0.895
1.005, 0.005, 0.895
1.0150000000000001, 0.005, 0.895
1.025, 0.005, 0.895
1.0350000000000001, 0.005, 0.895
1.045, 0.005, 0.895
1.0550000000000002, 0.005, 0.895
1.065, 0.005, 0.895
1.0750000000000002, 0.005, 0.895
1.085, 0.005, 0.895
1.0950000000000002, 0.005, 0.895
1.105, 0.005, 0.895
1.1150000000000002, 0.005, 0.895
1.125, 0.005, 0.895
1.1350000000000002, 0.005, 0.895
1.145, 0.005, 0.895
1.155, 0.005, 0.895
1.165, 0.005, 0.895
1.1749999999999998, 0.005, 0.895
1.185, 0.005, 0.895
1.1949999999999998, 0.005, 0.895
1.205, 0.005, 0.895
1.2149999999999999, 0.005, 0.895
1.225, 0.005, 0.895
1.2349999999999999, 0.005, 0.895
1.245, 0.005, 0.895
1.255, 0.005, 0.895
1.2650000000000001, 0.005, 0.895
1.275, 0.005, 0.895
1.2850000000000001, 0.005, 0.895
1.295, 0.005, 0.895
1.3050000000000002, 0.005, 0.895
1.315, 0.005, 0.895
1.3250000000000002, 0.005, 0.895
1.335, 0.005, 0.895
1.3450000000000002, 0.005, 0.895
1.355, 0.005, 0.895
1.3650000000000002, 0.005, 0.895
1.375, 0.005, 0.895
1.3850000000000002, 0.005, 0.895
1.395, 0.005, 0.895
1.405, 0.005, 0.895
1.415, 0.005, 0.895
1.4249999999999998, 0.005, 0.895
1.435, 0.005, 0.895
1.4449999999999998, 0.005, 0.895
1.455, 0.005, 0.895
1.4649999999999999, 0.005, 0.895
1.475, 0.005, 0.895
1.4849999999999999, 0.005, 0.895
1.495, 0.005, 0.895
1.505, 0.005, 0.895
1.5150000000000001, 0.005, 0.895
1.525, 0.005, 0.895
1.5350000000000001, 0.005, 0.895
1.545, 0.005, 0.895
1.5550000000000002, 0.005, 0.895
1.565, 0.005, 0.895
1.5750000000000002, 0.005, 0.895
1.585, 0.005, 0.895
1.5950000000000002, 0.005, 0.895
1.605, 0.005, 0.895
1.6150000000000002, 0.005, 0.895
1.625, 0.005, 0.895
1.6350000000000002, 0.005, 0.895
1.645, 0.005, 0.895
1.6550000000000002, 0.005, 0.895
1.665, 0.005, 0.895
1.6749999999999998, 0.005, 0.895
1.685, 0.005, 0.895
1.6949999999999998, 0.005, 0.895
1.705, 0.005, 0.895
1.7149999999999999, 0.005, 0.895
1.725, 0.005, 0.895
1.7349999999999999, 0.005, 0.895
1.745, 0.005, 0.895
1.755, 0.005, 0.895
1.7650000000000001, 0.005, 0.895
1.775, 0.005, 0.895
1.7850000000000001, 0.005, 0.895
1.795, 0.005, 0.895
1.8050000000000002, 0.005, 0.895
1.815, 0.005, 0.895
1.8250000000000002, 0.005, 0.895
1.835, 0.005, 0.895
1.8450000000000002, 0.005, 0.895
1.855, 0.005, 0.895
1.8650000000000002, 0.005, 0.895
1.875, 0.005, 0.895
1.8850000000000002, 0.005, 0.895
1.895, 0.005, 0.895
1.9050000000000002, 0.005, 0.895
1.915, 0.005, 0.895
1.9249999999999998, 0.005, 0.895
1.935, 0.005, 0.895
1.9449999999999998, 0.005, 0.895
1.955, 0.005, 0.895
1.9649999999999999, 0.005, 0.895
1.975, 0.005, 0.895
1.9849999999999999, 0.005, 0.895
1.995, 0.005, 0.895
2.005, 0.005, 0.895
2.015, 0.005, 0.895
2.0250000000000004, 0.005, 0.895
2.035, 0.005, 0.895
2.045, 0.005, 0.895
2.0549999999999997, 0.005, 0.895
2.065, 0.005, 0.895
2.075, 0.005, 0.895
2.085, 0.005, 0.895
2.0949999999999998, 0.005, 0.895
2.105, 0.005, 0.895
2.115, 0.005, 0.895
2.125, 0.005, 0.895
2.135, 0.005, 0.895
2.145, 0.005, 0.895
2.1550000000000002, 0.005, 0.895
2.165, 0.005, 0.895
2.175, 0.005, 0.895
2.185, 0.005, 0.895
2.1950000000000003, 0.005, 0.895
2.205, 0.005, 0.895
2.215, 0.005, 0.895
2.225, 0.005, 0.895
2.2350000000000003, 0.005, 0.895
2.245, 0.005, 0.895
2.255, 0.005, 0.895
2.265, 0.005, 0.895
2.2750000000000004, 0.005, 0.895
2.285, 0.005, 0.895
2.295, 0.005, 0.895
2.305, 0.005, 0.895
2.315, 0.005, 0.895
2.325, 0.005, 0.895
2.335, 0.005, 0.895
2.3449999999999998, 0.005, 0.895
2.355, 0.005, 0.895
2.365, 0.005, 0.895
2.375, 0.005, 0.895
2.385, 0.005, 0.895
2.395, 0.005, 0.895
2.4050000000000002, 0.005, 0.895
2.415, 0.005, 0.895
2.425, 0.005, 0.895
2.435, 0.005, 0.895
2.4450000000000003, 0.005, 0.895
2.455, 0.005, 0.895
2.465, 0.005, 0.895
2.475, 0.005, 0.895
2.4850000000000003, 0.005, 0.895
2.495, 0.005, 0.895
2.505, 0.005, 0.895
2.515, 0.005, 0.895
2.5250000000000004, 0.005, 0.895
2.535, 0.005, 0.895
2.545, 0.005, 0.895
2.555, 0.005, 0.895
2.565, 0.005, 0.895
2.575, 0.005, 0.895
2.585, 0.005, 0.895
2.5949999999999998, 0.005, 0.895
2.605, 0.005, 0.895
2.615, 0.005, 0.895
2.625, 0.005, 0.895
2.635, 0.005, 0.895
2.645, 0.005, 0.895
2.6550000000000002, 0.005, 0.895
2.665, 0.005, 0.895
2.675, 0.005, 0.895
2.685, 0.005, 0.895
2.6950000000000003, 0.005, 0.895
2.705, 0.005, 0.895
2.715, 0.005, 0.895
2.725, 0.005, 0.895
2.7350000000000003, 0.005, 0.895
2.745, 0.005, 0.895
2.755, 0.005, 0.895
2.765, 0.005, 0.895
2.7750000000000004, 0.005, 0.895
2.785, 0.005, 0.895
2.795, 0.005, 0.895
0.005, 0.005, 0.905
0.015, 0.005, 0.905
0.025, 0.005, 0.905
0.035, 0.005, 0.905
0.045, 0.005, 0.905
0.055, 0.005, 0.905
0.065, 0.005, 0.905
0.07500000000000001, 0.005, 0.905
0.08499999999999999, 0.005, 0.905
0.095, 0.005, 0.905
0.10500000000000001, 0.005, 0.905
0.11499999999999999, 0.005, 0.905
0.125, 0.005, 0.905
0.135, 0.005, 0.905
0.14500000000000002, 0.005, 0.905
0.155, 0.005, 0.905
0.165, 0.005, 0.905
0.175, 0.005, 0.905
0.185, 0.005, 0.905
0.195, 0.005, 0.905
0.20500000000000002, 0.005, 0.905
0.215, 0.005, 0.905
0.225, 0.005, 0.905
0.235, 0.005, 0.905
0.245, 0.005, 0.905
0.255, 0.005, 0.905
0.265, 0.005, 0.905
0.275, 0.005, 0.905
0.28500000000000003, 0.005, 0.905
0.295, 0.005, 0.905
0.305, 0.005, 0.905
0.315, 0.005, 0.905
0.325, 0.005, 0.905
0.335, 0.005, 0.905
0.34500000000000003, 0.005, 0.905
0.355, 0.005, 0.905
0.365, 0.005, 0.905
0.375, 0.005, 0.905
0.385, 0.005, 0.905
0.395, 0.005, 0.905
0.405, 0.005, 0.905
0.41500000000000004, 0.005, 0.905
0.425, 0.005, 0.905
0.435, 0.005, 0.905
0.445, 0.005, 0.905
0.455, 0.005, 0.905
0.465, 0.005, 0.905
0.475, 0.005, 0.905
0.485, 0.005, 0.905
0.495, 0.005, 0.905
0.505, 0.005, 0.905
0.515, 0.005, 0.905
0.525, 0.005, 0.905
0.535, 0.005, 0.905
0.545, 0.005, 0.905
0.555, 0.005, 0.905
0.5650000000000001, 0.005, 0.905
0.575, 0.005, 0.905
0.585, 0.005, 0.905
0.595, 0.005, 0.905
0.605, 0.005, 0.905
0.615, 0.005, 0.905
0.625, 0.005, 0.905
0.635, 0.005, 0.905
0.645, 0.005, 0.905
0.655, 0.005, 0.905
0.665, 0.005, 0.905
0.675, 0.005, 0.905
0.685, 0.005, 0.905
0.6950000000000001, 0.005, 0.905
0.7050000000000001, 0.005, 0.905
0.715, 0.005, 0.905
0.725, 0.005, 0.905
0.735, 0.005, 0.905
0.745, 0.005, 0.905
0.755, 0.005, 0.905
0.765, 0.005, 0.905
0.775, 0.005, 0.905
0.785, 0.005, 0.905
0.795, 0.005, 0.905
0.805, 0.005, 0.905
0.8150000000000001, 0.005, 0.905
0.8250000000000001, 0.005, 0.905
0.835, 0.005, 0.905
0.845, 0.005, 0.905
0.855, 0.005, 0.905
0.865, 0.005, 0.905
0.875, 0.005, 0.905
0.885, 0.005, 0.905
0.895, 0.005, 0.905
0.905, 0.005, 0.905
0.915, 0.005, 0.905
0.925, 0.005, 0.905
0.935, 0.005, 0.905
0.9450000000000001, 0.005, 0.905
0.9550000000000001, 0.005, 0.905
0.965, 0.005, 0.905
0.975, 0.005, 0.905
0.985, 0.005, 0.905
0.995, 0.005, 0.905
1.005, 0.005, 0.905
1.0150000000000001, 0.005, 0.905
1.025, 0.005, 0.905
1.0350000000000001, 0.005, 0.905
1.045, 0.005, 0.905
1.0550000000000002, 0.005, 0.905
1.065, 0.005, 0.905
1.0750000000000002, 0.005, 0.905
1.085, 0.005, 0.905
1.0950000000000002, 0.005, 0.905
1.105, 0.005, 0.905
1.1150000000000002, 0.005, 0.905
1.125, 0.005, 0.905
1.1350000000000002, 0.005, 0.905
1.145, 0.005, 0.905
1.155, 0.005, 0.905
1.165, 0.005, 0.905
1.1749999999999998, 0.005, 0.905
1.185, 0.005, 0.905
1.1949999999999998, 0.005, 0.905
1.205, 0.005, 0.905
1.2149999999999999, 0.005, 0.905
1.225, 0.005, 0.905
1.2349999999999999, 0.005, 0.905
1.245, 0.005, 0.905
1.255, 0.005, 0.905
1.2650000000000001, 0.005, 0.905
1.275, 0.005, 0.905
1.2850000000000001, 0.005, 0.905
1.295, 0.005, 0.905
1.3050000000000002, 0.005, 0.905
1.315, 0.005, 0.905
1.3250000000000002, 0.005, 0.905
1.335, 0.005, 0.905
1.3450000000000002, 0.005, 0.905
1.355, 0.005, 0.905
1.3650000000000002, 0.005, 0.905
1.375, 0.005, 0.905
1.3850000000000002, 0.005, 0.905
1.395, 0.005, 0.905
1.405, 0.005, 0.905
1.415, 0.005, 0.905
1.4249999999999998, 0.005, 0.905
1.435, 0.005, 0.905
1.4449999999999998, 0.005, 0.905
1.455, 0.005, 0.905
1.4649999999999999, 0.005, 0.905
1.475, 0.005, 0.905
1.4849999999999999, 0.005, 0.905
1.495, 0.005, 0.905
1.505, 0.005, 0.905
1.5150000000000001, 0.005, 0.905
1.525, 0.005, 0.905
1.5350000000000001, 0.005, 0.905
1.545, 0.005, 0.905
1.5550000000000002, 0.005, 0.905
1.565, 0.005, 0.905
1.5750000000000002, 0.005, 0.905
1.585, 0.005, 0.905
1.5950000000000002, 0.005, 0.905
1.605, 0.005, 0.905
1.6150000000000002, 0.005, 0.905
1.625, 0.005, 0.905
1.6350000000000002, 0.005, 0.905
1.645, 0.005, 0.905
1.6550000000000002, 0.005, 0.905
1.665, 0.005, 0.905
1.6749999999999998, 0.005, 0.905
1.685, 0.005, 0.905
1.6949999999999998, 0.005, 0.905
1.705, 0.005, 0.905
1.7149999999999999, 0.005, 0.905
1.725, 0.005, 0.905
1.7349999999999999, 0.005, 0.905
1.745, 0.005, 0.905
1.755, 0.005, 0.905
1.7650000000000001, 0.005, 0.905
1.775, 0.005, 0.905
1.7850000000000001, 0.005, 0.905
1.795, 0.005, 0.905
1.8050000000000002, 0.005, 0.905
1.815, 0.005, 0.905
1.8250000000000002, 0.005, 0.905
1.835, 0.005, 0.905
1.8450000000000002, 0.005, 0.905
1.855, 0.005, 0.905
1.8650000000000002, 0.005, 0.905
1.875, 0.005, 0.905
1.8850000000000002, 0.005, 0.905
1.895, 0.005, 0.905
1.9050000000000002, 0.005, 0.905
1.915, 0.005, 0.905
1.9249999999999998, 0.005, 0.905
1.935, 0.005, 0.905
1.9449999999999998, 0.005, 0.905
1.955, 0.005, 0.905
1.9649999999999999, 0.005, 0.905
1.975, 0.005, 0.905
1.9849999999999999, 0.005, 0.905
1.995, 0.005, 0.905
2.005, 0.005, 0.905
2.015, 0.005, 0.905
2.0250000000000004, 0.005, 0.905
2.035, 0.005, 0.905
2.045, 0.005, 0.905
2.0549999999999997, 0.005, 0.905
2.065, 0.005, 0.905
2.075, 0.005, 0.905
2.085, 0.005, 0.905
2.0949999999999998, 0.005, 0.905
2.105, 0.005, 0.905
2.115, 0.005, 0.905
2.125, 0.005, 0.905
2.135, 0.005, 0.905
2.145, 0.005, 0.905
2.1550000000000002, 0.005, 0.905
2.165, 0.005, 0.905
2.175, 0.005, 0.905
2.185, 0.005, 0.905
2.1950000000000003, 0.005, 0.905
2.205, 0.005, 0.905
2.215, 0.005, 0.905
2.225, 0.005, 0.905
2.2350000000000003, 0.005, 0.905
2.245, 0.005, 0.905
2.255, 0.005, 0.905
2.265, 0.005, 0.905
2.2750000000000004, 0.005, 0.905
2.285, 0.005, 0.905
2.295, 0.005, 0.905
2.305, 0.005, 0.905
2.315, 0.005, 0.905
2.325, 0.005, 0.905
2.335, 0.005, 0.905
2.3449999999999998, 0.005, 0.905
2.355, 0.005, 0.905
2.365, 0.005, 0.905
2.375, 0.005, 0.905
2.385, 0.005, 0.905
2.395, 0.005, 0.905
2.4050000000000002, 0.005, 0.905
2.415, 0.005, 0.905
2.425, 0.005, 0.905
2.435, 0.005, 0.905
2.4450000000000003, 0.005, 0.905
2.455, 0.005, 0.905
2.465, 0.005, 0.905
2.475, 0.005, 0.905
2.4850000000000003, 0.005, 0.905
2.495, 0.005, 0.905
2.505, 0.005, 0.905
2.515, 0.005, 0.905
2.5250000000000004, 0.005, 0.905
2.535, 0.005, 0.905
2.545, 0.005, 0.905
2.555, 0.005, 0.905
2.565, 0.005, 0.905
2.575, 0.005, 0.905
2.585, 0.005, 0.905
2.5949999999999998, 0.005, 0.905
2.605, 0.005, 0.905
2.615, 0.005, 0.905
2.625, 0.005, 0.905
2.635, 0.005, 0.905
2.645, 0.005, 0.905
2.6550000000000002, 0.005, 0.905
2.665, 0.005, 0.905
2.675, 0.005, 0.905
2.685, 0.005, 0.905
2.6950000000000003, 0.005, 0.905
2.705, 0.005, 0.905
2.715, 0.005, 0.905
2.725, 0.005, 0.905
2.7350000000000003, 0.005, 0.905
2.745, 0.005, 0.905
2.755, 0.005, 0.905
2.765, 0.005, 0.905
2.7750000000000004, 0.005, 0.905
2.785, 0.005, 0.905
2.795, 0.005, 0.905
0.005, 0.005, 0.915
0.015, 0.005, 0.915
0.025, 0.005, 0.915
0.035, 0.005, 0.915
0.045, 0.005, 0.915
0.055, 0.005, 0.915
0.065, 0.005, 0.915
0.07500000000000001, 0.005, 0.915
0.08499999999999999, 0.005, 0.915
0.095, 0.005, 0.915
0.10500000000000001, 0.005, 0.915
0.11499999999999999, 0.005, 0.915
0.125, 0.005, 0.915
0.135, 0.005, 0.915
0.14500000000000002, 0.005, 0.915
0.155, 0.005, 0.915
0.165, 0.005, 0.915
0.175, 0.005, 0.915
0.185, 0.005, 0.915
0.195, 0.005, 0.915
0.20500000000000002, 0.005, 0.915
0.215, 0.005, 0.915
0.225, 0.005, 0.915
0.235, 0.005, 0.915
0.245, 0.005, 0.915
0.255, 0.005, 0.915
0.265, 0.005, 0.915
0.275, 0.005, 0.915
0.28500000000000003, 0.005, 0.915
0.295, 0.005, 0.915
0.305, 0.005, 0.915
0.315, 0.005, 0.915
0.325, 0.005, 0.915
0.335, 0.005, 0.915
0.34500000000000003, 0.005, 0.915
0.355, 0.005, 0.915
0.365, 0.005, 0.915
0.375, 0.005, 0.915
0.385, 0.005, 0.915
0.395, 0.005, 0.915
0.405, 0.005, 0.915
0.41500000000000004, 0.005, 0.915
0.425, 0.005, 0.915
0.435, 0.005, 0.915
0.445, 0.005, 0.915
0.455, 0.005, 0.915
0.465, 0.005, 0.915
0.475, 0.005, 0.915
0.485, 0.005, 0.915
0.495, 0.005, 0.915
0.505, 0.005, 0.915
0.515, 0.005, 0.915
0.525, 0.005, 0.915
0.535, 0.005, 0.915
0.545, 0.005, 0.915
0.555, 0.005, 0.915
0.5650000000000001, 0.005, 0.915
0.575, 0.005, 0.915
0.585, 0.005, 0.915
0.595, 0.005, 0.915
0.605, 0.005, 0.915
0.615, 0.005, 0.915
0.625, 0.005, 0.915
0.635, 0.005, 0.915
0.645, 0.005, 0.915
0.655, 0.005, 0.915
0.665, 0.005, 0.915
0.675, 0.005, 0.915
0.685, 0.005, 0.915
0.6950000000000001, 0.005, 0.915
0.7050000000000001, 0.005, 0.915
0.715, 0.005, 0.915
0.725, 0.005, 0.915
0.735, 0.005, 0.915
0.745, 0.005, 0.915
0.755, 0.005, 0.915
0.765, 0.005, 0.915
0.775, 0.005, 0.915
0.785, 0.005, 0.915
0.795, 0.005, 0.915
0.805, 0.005, 0.915
0.8150000000000001, 0.005, 0.915
0.8250000000000001, 0.005, 0.915
0.835, 0.005, 0.915
0.845, 0.005, 0.915
0.855, 0.005, 0.915
0.865, 0.005, 0.915
0.875, 0.005, 0.915
0.885, 0.005, 0.915
0.895, 0.005, 0.915
0.905, 0.005, 0.915
0.915, 0.005, 0.915
0.925, 0.005, 0.915
0.935, 0.005, 0.915
0.9450000000000001, 0.005, 0.915
0.9550000000000001, 0.005, 0.915
0.965, 0.005, 0.915
0.975, 0.005, 0.915
0.985, 0.005, 0.915
0.995, 0.005, 0.915
1.005, 0.005, 0.915
1.0150000000000001, 0.005, 0.915
1.025, 0.005, 0.915
1.0350000000000001, 0.005, 0.915
1.045, 0.005, 0.915
1.0550000000000002, 0.005, 0.915
1.065, 0.005, 0.915
1.0750000000000002, 0.005, 0.915
1.085, 0.005, 0.915
1.0950000000000002, 0.005, 0.915
1.105, 0.005, 0.915
1.1150000000000002, 0.005, 0.915
1.125, 0.005, 0.915
1.1350000000000002, 0.005, 0.915
1.145, 0.005, 0.915
1.155, 0.005, 0.915
1.165, 0.005, 0.915
1.1749999999999998, 0.005, 0.915
1.185, 0.005, 0.915
1.1949999999999998, 0.005, 0.915
1.205, 0.005, 0.915
1.2149999999999999, 0.005, 0.915
1.225, 0.005, 0.915
1.2349999999999999, 0.005, 0.915
1.245, 0.005, 0.915
1.255, 0.005, 0.915
1.2650000000000001, 0.005, 0.915
1.275, 0.005, 0.915
1.2850000000000001, 0.005, 0.915
1.295, 0.005, 0.915
1.3050000000000002, 0.005, 0.915
1.315, 0.005, 0.915
1.3250000000000002, 0.005, 0.915
1.335, 0.005, 0.915
1.3450000000000002, 0.005, 0.915
1.355, 0.005, 0.915
1.3650000000000002, 0.005, 0.915
1.375, 0.005, 0.915
1.3850000000000002, 0.005, 0.915
1.395, 0.005, 0.915
1.405, 0.005, 0.915
1.415, 0.005, 0.915
1.4249999999999998, 0.005, 0.915
1.435, 0.005, 0.915
1.4449999999999998, 0.005, 0.915
1.455, 0.005, 0.915
1.4649999999999999, 0.005, 0.915
1.475, 0.005, 0.915
1.4849999999999999, 0.005, 0.915
1.495, 0.005, 0.915
1.505, 0.005, 0.915
1.5150000000000001, 0.005, 0.915
1.525, 0.005, 0.915
1.5350000000000001, 0.005, 0.915
1.545, 0.005, 0.915
1.5550000000000002, 0.005, 0.915
1.565, 0.005, 0.915
1.5750000000000002, 0.005, 0.915
1.585, 0.005, 0.915
1.5950000000000002, 0.005, 0.915
1.605, 0.005, 0.915
1.6150000000000002, 0.005, 0.915
1.625, 0.005, 0.915
1.6350000000000002, 0.005, 0.915
1.645, 0.005, 0.915
1.6550000000000002, 0.005, 0.915
1.665, 0.005, 0.915
1.6749999999999998, 0.005, 0.915
1.685, 0.005, 0.915
1.6949999999999998, 0.005, 0.915
1.705, 0.005, 0.915
1.7149999999999999, 0.005, 0.915
1.725, 0.005, 0.915
1.7349999999999999, 0.005, 0.915
1.745, 0.005, 0.915
1.755, 0.005, 0.915
1.7650000000000001, 0.005, 0.915
1.775, 0.005, 0.915
1.7850000000000001, 0.005, 0.915
1.795, 0.005, 0.915
1.8050000000000002, 0.005, 0.915
1.815, 0.005, 0.915
1.8250000000000002, 0.005, 0.915
1.835, 0.005, 0.915
1.8450000000000002, 0.005, 0.915
1.855, 0.005, 0.915
1.8650000000000002, 0.005, 0.915
1.875, 0.005, 0.915
1.8850000000000002, 0.005, 0.915
1.895, 0.005, 0.915
1.9050000000000002, 0.005, 0.915
1.915, 0.005, 0.915
1.9249999999999998, 0.005, 0.915
1.935, 0.005, 0.915
1.9449999999999998, 0.005, 0.915
1.955, 0.005, 0.915
1.9649999999999999, 0.005, 0.915
1.975, 0.005, 0.915
1.9849999999999999, 0.005, 0.915
1.995, 0.005, 0.915
2.005, 0.005, 0.915
2.015, 0.005, 0.915
2.0250000000000004, 0.005, 0.915
2.035, 0.005, 0.915
2.045, 0.005, 0.915
2.0549999999999997, 0.005, 0.915
2.065, 0.005, 0.915
2.075, 0.005, 0.915
2.085, 0.005, 0.915
2.0949999999999998, 0.005, 0.915
2.105, 0.005, 0.915
2.115, 0.005, 0.915
2.125, 0.005, 0.915
2.135, 0.005, 0.915
2.145, 0.005, 0.915
2.1550000000000002, 0.005, 0.915
2.165, 0.005, 0.915
2.175, 0.005, 0.915
2.185, 0.005, 0.915
2.1950000000000003, 0.005, 0.915
2.205, 0.005, 0.915
2.215, 0.005, 0.915
2.225, 0.005, 0.915
2.2350000000000003, 0.005, 0.915
2.245, 0.005, 0.915
2.255, 0.005, 0.915
2.265, 0.005, 0.915
2.2750000000000004, 0.005, 0.915
2.285, 0.005, 0.915
2.295, 0.005, 0.915
2.305, 0.005, 0.915
2.315, 0.005, 0.915
2.325, 0.005, 0.915
2.335, 0.005, 0.915
2.3449999999999998, 0.005, 0.915
2.355, 0.005, 0.915
2.365, 0.005, 0.915
2.375, 0.005, 0.915
2.385, 0.005, 0.915
2.395, 0.005, 0.915
2.4050000000000002, 0.005, 0.915
2.415, 0.005, 0.915
2.425, 0.005, 0.915
2.435, 0.005, 0.915
2.4450000000000003, 0.005, 0.915
2.455, 0.005, 0.915
2.465, 0.005, 0.915
2.475, 0.005, 0.915
2.4850000000000003, 0.005, 0.915
2.495, 0.005, 0.915
2.505, 0.005, 0.915
2.515, 0.005, 0.915
2.5250000000000004, 0.005, 0.915
2.535, 0.005, 0.915
2.545, 0.005, 0.915
2.555, 0.005, 0.915
2.565, 0.005, 0.915
2.575, 0.005, 0.915
2.585, 0.005, 0.915
2.5949999999999998, 0.005, 0.915
2.605, 0.005, 0.915
2.615, 0.005, 0.915
2.625, 0.005, 0.915
2.635, 0.005, 0.915
2.645, 0.005, 0.915
2.6550000000000002, 0.005, 0.915
2.665, 0.005, 0.915
2.675, 0.005, 0.915
2.685, 0.005, 0.915
2.6950000000000003, 0.005, 0.915
2.705, 0.005, 0.915
2.715, 0.005, 0.915
2.725, 0.005, 0.915
2.7350000000000003, 0.005, 0.915
2.745, 0.005, 0.915
2.755, 0.005, 0.915
2.765, 0.005, 0.915
2.7750000000000004, 0.005, 0.915
2.785, 0.005, 0.915
2.795, 0.005, 0.915
0.005, 0.005, 0.925
0.015, 0.005, 0.925
0.025, 0.005, 0.925
0.035, 0.005, 0.925
0.045, 0.005, 0.925
0.055, 0.005, 0.925
0.065, 0.005, 0.925
0.07500000000000001, 0.005, 0.925
0.08499999999999999, 0.005, 0.925
0.095, 0.005, 0.925
0.10500000000000001, 0.005, 0.925
0.11499999999999999, 0.005, 0.925
0.125, 0.005, 0.925
0.135, 0.005, 0.925
0.14500000000000002, 0.005, 0.925
0.155, 0.005, 0.925
0.165, 0.005, 0.925
0.175, 0.005, 0.925
0.185, 0.005, 0.925
0.195, 0.005, 0.925
0.20500000000000002, 0.005, 0.925
0.215, 0.005, 0.925
0.225, 0.005, 0.925
0.235, 0.005, 0.925
0.245, 0.005, 0.925
0.255, 0.005, 0.925
0.265, 0.005, 0.925
0.275, 0.005, 0.925
0.28500000000000003, 0.005, 0.925
0.295, 0.005, 0.925
0.305, 0.005, 0.925
0.315, 0.005, 0.925
0.325, 0.005, 0.925
0.335, 0.005, 0.925
0.34500000000000003, 0.005, 0.925
0.355, 0.005, 0.925
0.365, 0.005, 0.925
0.375, 0.005, 0.925
0.385, 0.005, 0.925
0.395, 0.005, 0.925
0.405, 0.005, 0.925
0.41500000000000004, 0.005, 0.925
0.425, 0.005, 0.925
0.435, 0.005, 0.925
0.445, 0.005, 0.925
0.455, 0.005, 0.925
0.465, 0.005, 0.925
0.475, 0.005, 0.925
0.485, 0.005, 0.925
0.495, 0.005, 0.925
0.505, 0.005, 0.925
0.515, 0.005, 0.925
0.525, 0.005, 0.925
0.535, 0.005, 0.925
0.545, 0.005, 0.925
0.555, 0.005, 0.925
0.5650000000000001, 0.005, 0.925
0.575, 0.005, 0.925
0.585, 0.005, 0.925
0.595, 0.005, 0.925
0.605, 0.005, 0.925
0.615, 0.005, 0.925
0.625, 0.005, 0.925
0.635, 0.005, 0.925
0.645, 0.005, 0.925
0.655, 0.005, 0.925
0.665, 0.005, 0.925
0.675, 0.005, 0.925
0.685, 0.005, 0.925
0.6950000000000001, 0.005, 0.925
0.7050000000000001, 0.005, 0.925
0.715, 0.005, 0.925
0.725, 0.005, 0.925
0.735, 0.005, 0.925
0.745, 0.005, 0.925
0.755, 0.005, 0.925
0.765, 0.005, 0.925
0.775, 0.005, 0.925
0.785, 0.005, 0.925
0.795, 0.005, 0.925
0.805, 0.005, 0.925
0.8150000000000001, 0.005, 0.925
0.8250000000000001, 0.005, 0.925
0.835, 0.005, 0.925
0.845, 0.005, 0.925
0.855, 0.005, 0.925
0.865, 0.005, 0.925
0.875, 0.005, 0.925
0.885, 0.005, 0.925
0.895, 0.005, 0.925
0.905, 0.005, 0.925
0.915, 0.005, 0.925
0.925, 0.005, 0.925
0.935, 0.005, 0.925
0.9450000000000001, 0.005, 0.925
0.9550000000000001, 0.005, 0.925
0.965, 0.005, 0.925
0.975, 0.005, 0.925
0.985, 0.005, 0.925
0.995, 0.005, 0.925
1.005, 0.005, 0.925
1.0150000000000001, 0.005, 0.925
1.025, 0.005, 0.925
1.0350000000000001, 0.005, 0.925
1.045, 0.005, 0.925
1.0550000000000002, 0.005, 0.925
1.065, 0.005, 0.925
1.0750000000000002, 0.005, 0.925
1.085, 0.005, 0.925
1.0950000000000002, 0.005, 0.925
1.105, 0.005, 0.925
1.1150000000000002, 0.005, 0.925
1.125, 0.005, 0.925
1.1350000000000002, 0.005, 0.925
1.145, 0.005, 0.925
1.155, 0.005, 0.925
1.165, 0.005, 0.925
1.1749999999999998, 0.005, 0.925
1.185, 0.005, 0.925
1.1949999999999998, 0.005, 0.925
1.205, 0.005, 0.925
1.2149999999999999, 0.005, 0.925
1.225, 0.005, 0.925
1.2349999999999999, 0.005, 0.925
1.245, 0.005, 0.925
1.255, 0.005, 0.925
1.2650000000000001, 0.005, 0.925
1.275, 0.005, 0.925
1.2850000000000001, 0.005, 0.925
1.295, 0.005, 0.925
1.3050000000000002, 0.005, 0.925
1.315, 0.005, 0.925
1.3250000000000002, 0.005, 0.925
1.335, 0.005, 0.925
1.3450000000000002, 0.005, 0.925
1.355, 0.005, 0.925
1.3650000000000002, 0.005, 0.925
1.375, 0.005, 0.925
1.3850000000000002, 0.005, 0.925
1.395, 0.005, 0.925
1.405, 0.005, 0.925
1.415, 0.005, 0.925
1.4249999999999998, 0.005, 0.925
1.435, 0.005, 0.925
1.4449999999999998, 0.005, 0.925
1.455, 0.005, 0.925
1.4649999999999999, 0.005, 0.925
1.475, 0.005, 0.925
1.4849999999999999, 0.005, 0.925
1.495, 0.005, 0.925
1.505, 0.005, 0.925
1.5150000000000001, 0.005, 0.925
1.525, 0.005, 0.925
1.5350000000000001, 0.005, 0.925
1.545, 0.005, 0.925
1.5550000000000002, 0.005, 0.925
1.565, 0.005, 0.925
1.5750000000000002, 0.005, 0.925
1.585, 0.005, 0.925
1.5950000000000002, 0.005, 0.925
1.605, 0.005, 0.925
1.6150000000000002, 0.005, 0.925
1.625, 0.005, 0.925
1.6350000000000002, 0.005, 0.925
1.645, 0.005, 0.925
1.6550000000000002, 0.005, 0.925
1.665, 0.005, 0.925
1.6749999999999998, 0.005, 0.925
1.685, 0.005, 0.925
1.6949999999999998, 0.005, 0.925
1.705, 0.005, 0.925
1.7149999999999999, 0.005, 0.925
1.725, 0.005, 0.925
1.7349999999999999, 0.005, 0.925
1.745, 0.005, 0.925
1.755, 0.005, 0.925
1.7650000000000001, 0.005, 0.925
1.775, 0.005, 0.925
1.7850000000000001, 0.005, 0.925
1.795, 0.005, 0.925
1.8050000000000002, 0.005, 0.925
1.815, 0.005, 0.925
1.8250000000000002, 0.005, 0.925
1.835, 0.005, 0.925
1.8450000000000002, 0.005, 0.925
1.855, 0.005, 0.925
1.8650000000000002, 0.005, 0.925
1.875, 0.005, 0.925
1.8850000000000002, 0.005, 0.925
1.895, 0.005, 0.925
1.9050000000000002, 0.005, 0.925
1.915, 0.005, 0.925
1.9249999999999998, 0.005, 0.925
1.935, 0.005, 0.925
1.9449999999999998, 0.005, 0.925
1.955, 0.005, 0.925
1.9649999999999999, 0.005, 0.925
1.975, 0.005, 0.925
1.9849999999999999, 0.005, 0.925
1.995, 0.005, 0.925
2.005, 0.005, 0.925
2.015, 0.005, 0.925
2.0250000000000004, 0.005, 0.925
2.035, 0.005, 0.925
2.045, 0.005, 0.925
2.0549999999999997, 0.005, 0.925
2.065, 0.005, 0.925
2.075, 0.005, 0.925
2.085, 0.005, 0.925
2.0949999999999998, 0.005, 0.925
2.105, 0.005, 0.925
2.115, 0.005, 0.925
2.125, 0.005, 0.925
2.135, 0.005, 0.925
2.145, 0.005, 0.925
2.1550000000000002, 0.005, 0.925
2.165, 0.005, 0.925
2.175, 0.005, 0.925
2.185, 0.005, 0.925
2.1950000000000003, 0.005, 0.925
2.205, 0.005, 0.925
2.215, 0.005, 0.925
2.225, 0.005, 0.925
2.2350000000000003, 0.005, 0.925
2.245, 0.005, 0.925
2.255, 0.005, 0.925
2.265, 0.005, 0.925
2.2750000000000004, 0.005, 0.925
2.285, 0.005, 0.925
2.295, 0.005, 0.925
2.305, 0.005, 0.925
2.315, 0.005, 0.925
2.325, 0.005, 0.925
2.335, 0.005, 0.925
2.3449999999999998, 0.005, 0.925
2.355, 0.005, 0.925
2.365, 0.005, 0.925
2.375, 0.005, 0.925
2.385, 0.005, 0.925
2.395, 0.005, 0.925
2.4050000000000002, 0.005, 0.925
2.415, 0.005, 0.925
2.425, 0.005, 0.925
2.435, 0.005, 0.925
2.4450000000000003, 0.005, 0.925
2.455, 0.005, 0.925
2.465, 0.005, 0.925
2.475, 0.005, 0.925
2.4850000000000003, 0.005, 0.925
2.495, 0.005, 0.925
2.505, 0.005, 0.925
2.515, 0.005, 0.925
2.5250000000000004, 0.005, 0.925
2.535, 0.005, 0.925
2.545, 0.005, 0.925
2.555, 0.005, 0.925
2.565, 0.005, 0.925
2.575, 0.005, 0.925
2.585, 0.005, 0.925
2.5949999999999998, 0.005, 0.925
2.605, 0.005, 0.925
2.615, 0.005, 0.925
2.625, 0.005, 0.925
2.635, 0.005, 0.925
2.645, 0.005, 0.925
2.6550000000000002, 0.005, 0.925
2.665, 0.005, 0.925
2.675, 0.005, 0.925
2.685, 0.005, 0.925
2.6950000000000003, 0.005, 0.925
2.705, 0.005, 0.925
2.715, 0.005, 0.925
2.725, 0.005, 0.925
2.7350000000000003, 0.005, 0.925
2.745, 0.005, 0.925
2.755, 0.005, 0.925
2.765, 0.005, 0.925
2.7750000000000004, 0.005, 0.925
2.785, 0.005, 0.925
2.795, 0.005, 0.925
0.005, 0.005, 0.935
0.015, 0.005, 0.935
0.025, 0.005, 0.935
0.035, 0.005, 0.935
0.045, 0.005, 0.935
0.055, 0.005, 0.935
0.065, 0.005, 0.935
0.07500000000000001, 0.005, 0.935
0.08499999999999999, 0.005, 0.935
0.095, 0.005, 0.935
0.10500000000000001, 0.005, 0.935
0.11499999999999999, 0.005, 0.935
0.125, 0.005, 0.935
0.135, 0.005, 0.935
0.14500000000000002, 0.005, 0.935
0.155, 0.005, 0.935
0.165, 0.005, 0.935
0.175, 0.005, 0.935
0.185, 0.005, 0.935
0.195, 0.005, 0.935
0.20500000000000002, 0.005, 0.935
0.215, 0.005, 0.935
0.225, 0.005, 0.935
0.235, 0.005, 0.935
0.245, 0.005, 0.935
0.255, 0.005, 0.935
0.265, 0.005, 0.935
0.275, 0.005, 0.935
0.28500000000000003, 0.005, 0.935
0.295, 0.005, 0.935
0.305, 0.005, 0.935
0.315, 0.005, 0.935
0.325, 0.005, 0.935
0.335, 0.005, 0.935
0.34500000000000003, 0.005, 0.935
0.355, 0.005, 0.935
0.365, 0.005, 0.935
0.375, 0.005, 0.935
0.385, 0.005, 0.935
0.395, 0.005, 0.935
0.405, 0.005, 0.935
0.41500000000000004, 0.005, 0.935
0.425, 0.005, 0.935
0.435, 0.005, 0.935
0.445, 0.005, 0.935
0.455, 0.005, 0.935
0.465, 0.005, 0.935
0.475, 0.005, 0.935
0.485, 0.005, 0.935
0.495, 0.005, 0.935
0.505, 0.005, 0.935
0.515, 0.005, 0.935
0.525, 0.005, 0.935
0.535, 0.005, 0.935
0.545, 0.005, 0.935
0.555, 0.005, 0.935
0.5650000000000001, 0.005, 0.935
0.575, 0.005, 0.935
0.585, 0.005, 0.935
0.595, 0.005, 0.935
0.605, 0.005, 0.935
0.615, 0.005, 0.935
0.625, 0.005, 0.935
0.635, 0.005, 0.935
0.645, 0.005, 0.935
0.655, 0.005, 0.935
0.665, 0.005, 0.935
0.675, 0.005, 0.935
0.685, 0.005, 0.935
0.6950000000000001, 0.005, 0.935
0.7050000000000001, 0.005, 0.935
0.715, 0.005, 0.935
0.725, 0.005, 0.935
0.735, 0.005, 0.935
0.745, 0.005, 0.935
0.755, 0.005, 0.935
0.765, 0.005, 0.935
0.775, 0.005, 0.935
0.785, 0.005, 0.935
0.795, 0.005, 0.935
0.805, 0.005, 0.935
0.8150000000000001, 0.005, 0.935
0.8250000000000001, 0.005, 0.935
0.835, 0.005, 0.935
0.845, 0.005, 0.935
0.855, 0.005, 0.935
0.865, 0.005, 0.935
0.875, 0.005, 0.935
0.885, 0.005, 0.935
0.895, 0.005, 0.935
0.905, 0.005, 0.935
0.915, 0.005, 0.935
0.925, 0.005, 0.935
0.935, 0.005, 0.935
0.9450000000000001, 0.005, 0.935
0.9550000000000001, 0.005, 0.935
0.965, 0.005, 0.935
0.975, 0.005, 0.935
0.985, 0.005, 0.935
0.995, 0.005, 0.935
1.005, 0.005, 0.935
1.0150000000000001, 0.005, 0.935
1.025, 0.005, 0.935
1.0350000000000001, 0.005, 0.935
1.045, 0.005, 0.935
1.0550000000000002, 0.005, 0.935
1.065, 0.005, 0.935
1.0750000000000002, 0.005, 0.935
1.085, 0.005, 0.935
1.0950000000000002, 0.005, 0.935
1.105, 0.005, 0.935
1.1150000000000002, 0.005, 0.935
1.125, 0.005, 0.935
1.1350000000000002, 0.005, 0.935
1.145, 0.005, 0.935
1.155, 0.005, 0.935
1.165, 0.005, 0.935
1.1749999999999998, 0.005, 0.935
1.185, 0.005, 0.935
1.1949999999999998, 0.005, 0.935
1.205, 0.005, 0.935
1.2149999999999999, 0.005, 0.935
1.225, 0.005, 0.935
1.2349999999999999, 0.005, 0.935
1.245, 0.005, 0.935
1.255, 0.005, 0.935
1.2650000000000001, 0.005, 0.935
1.275, 0.005, 0.935
1.2850000000000001, 0.005, 0.935
1.295, 0.005, 0.935
1.3050000000000002, 0.005, 0.935
1.315, 0.005, 0.935
1.3250000000000002, 0.005, 0.935
1.335, 0.005, 0.935
1.3450000000000002, 0.005, 0.935
1.355, 0.005, 0.935
1.3650000000000002, 0.005, 0.935
1.375, 0.005, 0.935
1.3850000000000002, 0.005, 0.935
1.395, 0.005, 0.935
1.405, 0.005, 0.935
1.415, 0.005, 0.935
1.4249999999999998, 0.005, 0.935
1.435, 0.005, 0.935
1.4449999999999998, 0.005, 0.935
1.455, 0.005, 0.935
1.4649999999999999, 0.005, 0.935
1.475, 0.005, 0.935
1.4849999999999999, 0.005, 0.935
1.495, 0.005, 0.935
1.505, 0.005, 0.935
1.5150000000000001, 0.005, 0.935
1.525, 0.005, 0.935
1.5350000000000001, 0.005, 0.935
1.545, 0.005, 0.935
1.5550000000000002, 0.005, 0.935
1.565, 0.005, 0.935
1.5750000000000002, 0.005, 0.935
1.585, 0.005, 0.935
1.5950000000000002, 0.005, 0.935
1.605, 0.005, 0.935
1.6150000000000002, 0.005, 0.935
1.625, 0.005, 0.935
1.6350000000000002, 0.005, 0.935
1.645, 0.005, 0.935
1.6550000000000002, 0.005, 0.935
1.665, 0.005, 0.935
1.6749999999999998, 0.005, 0.935
1.685, 0.005, 0.935
1.6949999999999998, 0.005, 0.935
1.705, 0.005, 0.935
1.7149999999999999, 0.005, 0.935
1.725, 0.005, 0.935
1.7349999999999999, 0.005, 0.935
1.745, 0.005, 0.935
1.755, 0.005, 0.935
1.7650000000000001, 0.005, 0.935
1.775, 0.005, 0.935
1.7850000000000001, 0.005, 0.935
1.795, 0.005, 0.935
1.8050000000000002, 0.005, 0.935
1.815, 0.005, 0.935
1.8250000000000002, 0.005, 0.935
1.835, 0.005, 0.935
1.8450000000000002, 0.005, 0.935
1.855, 0.005, 0.935
1.8650000000000002, 0.005, 0.935
1.875, 0.005, 0.935
1.8850000000000002, 0.005, 0.935
1.895, 0.005, 0.935
1.9050000000000002, 0.005, 0.935
1.915, 0.005, 0.935
1.9249999999999998, 0.005, 0.935
1.935, 0.005, 0.935
1.9449999999999998, 0.005, 0.935
1.955, 0.005, 0.935
1.9649999999999999, 0.005, 0.935
1.975, 0.005, 0.935
1.9849999999999999, 0.005, 0.935
1.995, 0.005, 0.935
2.005, 0.005, 0.935
2.015, 0.005, 0.935
2.0250000000000004, 0.005, 0.935
2.035, 0.005, 0.935
2.045, 0.005, 0.935
2.0549999999999997, 0.005, 0.935
2.065, 0.005, 0.935
2.075, 0.005, 0.935
2.085, 0.005, 0.935
2.0949999999999998, 0.005, 0.935
2.105, 0.005, 0.935
2.115, 0.005, 0.935
2.125, 0.005, 0.935
2.135, 0.005, 0.935
2.145, 0.005, 0.935
2.1550000000000002, 0.005, 0.935
2.165, 0.005, 0.935
2.175, 0.005, 0.935
2.185, 0.005, 0.935
2.1950000000000003, 0.005, 0.935
2.205, 0.005, 0.935
2.215, 0.005, 0.935
2.225, 0.005, 0.935
2.2350000000000003, 0.005, 0.935
2.245, 0.005, 0.935
2.255, 0.005, 0.935
2.265, 0.005, 0.935
2.2750000000000004, 0.005, 0.935
2.285, 0.005, 0.935
2.295, 0.005, 0.935
2.305, 0.005, 0.935
2.315, 0.005, 0.935
2.325, 0.005, 0.935
2.335, 0.005, 0.935
2.3449999999999998, 0.005, 0.935
2.355, 0.005, 0.935
2.365, 0.005, 0.935
2.375, 0.005, 0.935
2.385, 0.005, 0.935
2.395, 0.005, 0.935
2.4050000000000002, 0.005, 0.935
2.415, 0.005, 0.935
2.425, 0.005, 0.935
2.435, 0.005, 0.935
2.4450000000000003, 0.005, 0.935
2.455, 0.005, 0.935
2.465, 0.005, 0.935
2.475, 0.005, 0.935
2.4850000000000003, 0.005, 0.935
2.495, 0.005, 0.935
2.505, 0.005, 0.935
2.515, 0.005, 0.935
2.5250000000000004, 0.005, 0.935
2.535, 0.005, 0.935
2.545, 0.005, 0.935
2.555, 0.005, 0.935
2.565, 0.005, 0.935
2.575, 0.005, 0.935
2.585, 0.005, 0.935
2.5949999999999998, 0.005, 0.935
2.605, 0.005, 0.935
2.615, 0.005, 0.935
2.625, 0.005, 0.935
2.635, 0.005, 0.935
2.645, 0.005, 0.935
2.6550000000000002, 0.005, 0.935
2.665, 0.005, 0.935
2.675, 0.005, 0.935
2.685, 0.005, 0.935
2.6950000000000003, 0.005, 0.935
2.705, 0.005, 0.935
2.715, 0.005, 0.935
2.725, 0.005, 0.935
2.7350000000000003, 0.005, 0.935
2.745, 0.005, 0.935
2.755, 0.005, 0.935
2.765, 0.005, 0.935
2.7750000000000004, 0.005, 0.935
2.785, 0.005, 0.935
2.795, 0.005, 0.935
0.005, 0.005, 0.9450000000000001
0.015, 0.005, 0.9450000000000001
0.025, 0.005, 0.9450000000000001
0.035, 0.005, 0.9450000000000001
0.045, 0.005, 0.9450000000000001
0.055, 0.005, 0.9450000000000001
0.065, 0.005, 0.9450000000000001
0.07500000000000001, 0.005, 0.9450000000000001
0.08499999999999999, 0.005, 0.9450000000000001
0.095, 0.005, 0.9450000000000001
0.10500000000000001, 0.005, 0.9450000000000001
0.11499999999999999, 0.005, 0.9450000000000001
0.125, 0.005, 0.9450000000000001
0.135, 0.005, 0.9450000000000001
0.14500000000000002, 0.005, 0.9450000000000001
0.155, 0.005, 0.9450000000000001
0.165, 0.005, 0.9450000000000001
0.175, 0.005, 0.9450000000000001
0.185, 0.005, 0.9450000000000001
0.195, 0.005, 0.9450000000000001
0.20500000000000002, 0.005, 0.9450000000000001
0.215, 0.005, 0.9450000000000001
0.225, 0.005, 0.9450000000000001
0.235, 0.005, 0.9450000000000001
0.245, 0.005, 0.9450000000000001
0.255, 0.005, 0.9450000000000001
0.265, 0.005, 0.9450000000000001
0.275, 0.005, 0.9450000000000001
0.28500000000000003, 0.005, 0.9450000000000001
0.295, 0.005, 0.9450000000000001
0.305, 0.005, 0.9450000000000001
0.315, 0.005, 0.9450000000000001
0.325, 0.005, 0.9450000000000001
0.335, 0.005, 0.9450000000000001
0.34500000000000003, 0.005, 0.9450000000000001
0.355, 0.005, 0.9450000000000001
0.365, 0.005, 0.9450000000000001
0.375, 0.005, 0.9450000000000001
0.385, 0.005, 0.9450000000000001
0.395, 0.005, 0.9450000000000001
0.405, 0.005, 0.9450000000000001
0.41500000000000004, 0.005, 0.9450000000000001
0.425, 0.005, 0.9450000000000001
0.435, 0.005, 0.9450000000000001
0.445, 0.005, 0.9450000000000001
0.455, 0.005, 0.9450000000000001
0.465, 0.005, 0.9450000000000001
0.475, 0.005, 0.9450000000000001
0.485, 0.005, 0.9450000000000001
0.495, 0.005, 0.9450000000000001
0.505, 0.005, 0.9450000000000001
0.515, 0.005, 0.9450000000000001
0.525, 0.005, 0.9450000000000001
0.535, 0.005, 0.9450000000000001
0.545, 0.005, 0.9450000000000001
0.555, 0.005, 0.9450000000000001
0.5650000000000001, 0.005, 0.9450000000000001
0.575, 0.005, 0.9450000000000001
0.585, 0.005, 0.9450000000000001
0.595, 0.005, 0.9450000000000001
0.605, 0.005, 0.9450000000000001
0.615, 0.005, 0.9450000000000001
0.625, 0.005, 0.9450000000000001
0.635, 0.005, 0.9450000000000001
0.645, 0.005, 0.9450000000000001
0.655, 0.005, 0.9450000000000001
0.665, 0.005, 0.9450000000000001
0.675, 0.005, 0.9450000000000001
0.685, 0.005, 0.9450000000000001
0.6950000000000001, 0.005, 0.9450000000000001
0.7050000000000001, 0.005, 0.9450000000000001
0.715, 0.005, 0.9450000000000001
0.725, 0.005, 0.9450000000000001
0.735, 0.005, 0.9450000000000001
0.745, 0.005, 0.9450000000000001
0.755, 0.005, 0.9450000000000001
0.765, 0.005, 0.9450000000000001
0.775, 0.005, 0.9450000000000001
0.785, 0.005, 0.9450000000000001
0.795, 0.005, 0.9450000000000001
0.805, 0.005, 0.9450000000000001
0.8150000000000001, 0.005, 0.9450000000000001
0.8250000000000001, 0.005, 0.9450000000000001
0.835, 0.005, 0.9450000000000001
0.845, 0.005, 0.9450000000000001
0.855, 0.005, 0.9450000000000001
0.865, 0.005, 0.9450000000000001
0.875, 0.005, 0.9450000000000001
0.885, 0.005, 0.9450000000000001
0.895, 0.005, 0.9450000000000001
0.905, 0.005, 0.9450000000000001
0.915, 0.005, 0.9450000000000001
0.925, 0.005, 0.9450000000000001
0.935, 0.005, 0.9450000000000001
0.9450000000000001, 0.005, 0.9450000000000001
0.9550000000000001, 0.005, 0.9450000000000001
0.965, 0.005, 0.9450000000000001
0.975, 0.005, 0.9450000000000001
0.985, 0.005, 0.9450000000000001
0.995, 0.005, 0.9450000000000001
1.005, 0.005, 0.9450000000000001
1.0150000000000001, 0.005, 0.9450000000000001
1.025, 0.005, 0.9450000000000001
1.0350000000000001, 0.005, 0.9450000000000001
1.045, 0.005, 0.9450000000000001
1.0550000000000002, 0.005, 0.9450000000000001
1.065, 0.005, 0.9450000000000001
1.0750000000000002, 0.005, 0.9450000000000001
1.085, 0.005, 0.9450000000000001
1.0950000000000002, 0.005, 0.9450000000000001
1.105, 0.005, 0.9450000000000001
1.1150000000000002, 0.005, 0.9450000000000001
1.125, 0.005, 0.9450000000000001
1.1350000000000002, 0.005, 0.9450000000000001
1.145, 0.005, 0.9450000000000001
1.155, 0.005, 0.9450000000000001
1.165, 0.005, 0.9450000000000001
1.1749999999999998, 0.005, 0.9450000000000001
1.185, 0.005, 0.9450000000000001
1.1949999999999998, 0.005, 0.9450000000000001
1.205, 0.005, 0.9450000000000001
1.2149999999999999, 0.005, 0.9450000000000001
1.225, 0.005, 0.9450000000000001
1.2349999999999999, 0.005, 0.9450000000000001
1.245, 0.005, 0.9450000000000001
1.255, 0.005, 0.9450000000000001
1.2650000000000001, 0.005, 0.9450000000000001
1.275, 0.005, 0.9450000000000001
1.2850000000000001, 0.005, 0.9450000000000001
1.295, 0.005, 0.9450000000000001
1.3050000000000002, 0.005, 0.9450000000000001
1.315, 0.005, 0.9450000000000001
1.3250000000000002, 0.005, 0.9450000000000001
1.335, 0.005, 0.9450000000000001
1.3450000000000002, 0.005, 0.9450000000000001
1.355, 0.005, 0.9450000000000001
1.3650000000000002, 0.005, 0.9450000000000001
1.375, 0.005, 0.9450000000000001
1.3850000000000002, 0.005, 0.9450000000000001
1.395, 0.005, 0.9450000000000001
1.405, 0.005, 0.9450000000000001
1.415, 0.005, 0.9450000000000001
1.4249999999999998, 0.005, 0.9450000000000001
1.435, 0.005, 0.9450000000000001
1.4449999999999998, 0.005, 0.9450000000000001
1.455, 0.005, 0.9450000000000001
1.4649999999999999, 0.005, 0.9450000000000001
1.475, 0.005, 0.9450000000000001
1.4849999999999999, 0.005, 0.9450000000000001
1.495, 0.005, 0.9450000000000001
1.505, 0.005, 0.9450000000000001
1.5150000000000001, 0.005, 0.9450000000000001
1.525, 0.005, 0.9450000000000001
1.5350000000000001, 0.005, 0.9450000000000001
1.545, 0.005, 0.9450000000000001
1.5550000000000002, 0.005, 0.9450000000000001
1.565, 0.005, 0.9450000000000001
1.5750000000000002, 0.005, 0.9450000000000001
1.585, 0.005, 0.9450000000000001
1.5950000000000002, 0.005, 0.9450000000000001
1.605, 0.005, 0.9450000000000001
1.6150000000000002, 0.005, 0.9450000000000001
1.625, 0.005, 0.9450000000000001
1.6350000000000002, 0.005, 0.9450000000000001
1.645, 0.005, 0.9450000000000001
1.6550000000000002, 0.005, 0.9450000000000001
1.665, 0.005, 0.9450000000000001
1.6749999999999998, 0.005, 0.9450000000000001
1.685, 0.005, 0.9450000000000001
1.6949999999999998, 0.005, 0.9450000000000001
1.705, 0.005, 0.9450000000000001
1.7149999999999999, 0.005, 0.9450000000000001
1.725, 0.005, 0.9450000000000001
1.7349999999999999, 0.005, 0.9450000000000001
1.745, 0.005, 0.9450000000000001
1.755, 0.005, 0.9450000000000001
1.7650000000000001, 0.005, 0.9450000000000001
1.775, 0.005, 0.9450000000000001
1.7850000000000001, 0.005, 0.9450000000000001
1.795, 0.005, 0.9450000000000001
1.8050000000000002, 0.005, 0.9450000000000001
1.815, 0.005, 0.9450000000000001
1.8250000000000002, 0.005, 0.9450000000000001
1.835, 0.005, 0.9450000000000001
1.8450000000000002, 0.005, 0.9450000000000001
1.855, 0.005, 0.9450000000000001
1.8650000000000002, 0.005, 0.9450000000000001
1.875, 0.005, 0.9450000000000001
1.8850000000000002, 0.005, 0.9450000000000001
1.895, 0.005, 0.9450000000000001
1.9050000000000002, 0.005, 0.9450000000000001
1.915, 0.005, 0.9450000000000001
1.9249999999999998, 0.005, 0.9450000000000001
1.935, 0.005, 0.9450000000000001
1.9449999999999998, 0.005, 0.9450000000000001
1.955, 0.005, 0.9450000000000001
1.9649999999999999, 0.005, 0.9450000000000001
1.975, 0.005, 0.9450000000000001
1.9849999999999999, 0.005, 0.9450000000000001
1.995, 0.005, 0.9450000000000001
2.005, 0.005, 0.9450000000000001
2.015, 0.005, 0.9450000000000001
2.0250000000000004, 0.005, 0.9450000000000001
2.035, 0.005, 0.9450000000000001
2.045, 0.005, 0.9450000000000001
2.0549999999999997, 0.005, 0.9450000000000001
2.065, 0.005, 0.9450000000000001
2.075, 0.005, 0.9450000000000001
2.085, 0.005, 0.9450000000000001
2.0949999999999998, 0.005, 0.9450000000000001
2.105, 0.005, 0.9450000000000001
2.115, 0.005, 0.9450000000000001
2.125, 0.005, 0.9450000000000001
2.135, 0.005, 0.9450000000000001
2.145, 0.005, 0.9450000000000001
2.1550000000000002, 0.005, 0.9450000000000001
2.165, 0.005, 0.9450000000000001
2.175, 0.005, 0.9450000000000001
2.185, 0.005, 0.9450000000000001
2.1950000000000003, 0.005, 0.9450000000000001
2.205, 0.005, 0.9450000000000001
2.215, 0.005, 0.9450000000000001
2.225, 0.005, 0.9450000000000001
2.2350000000000003, 0.005, 0.9450000000000001
2.245, 0.005, 0.9450000000000001
2.255, 0.005, 0.9450000000000001
2.265, 0.005, 0.9450000000000001
2.2750000000000004, 0.005, 0.9450000000000001
2.285, 0.005, 0.9450000000000001
2.295, 0.005, 0.9450000000000001
2.305, 0.005, 0.9450000000000001
2.315, 0.005, 0.9450000000000001
2.325, 0.005, 0.9450000000000001
2.335, 0.005, 0.9450000000000001
2.3449999999999998, 0.005, 0.9450000000000001
2.355, 0.005, 0.9450000000000001
2.365, 0.005, 0.9450000000000001
2.375, 0.005, 0.9450000000000001
2.385, 0.005, 0.9450000000000001
2.395, 0.005, 0.9450000000000001
2.4050000000000002, 0.005, 0.9450000000000001
2.415, 0.005, 0.9450000000000001
2.425, 0.005, 0.9450000000000001
2.435, 0.005, 0.9450000000000001
2.4450000000000003, 0.005, 0.9450000000000001
2.455, 0.005, 0.9450000000000001
2.465, 0.005, 0.9450000000000001
2.475, 0.005, 0.9450000000000001
2.4850000000000003, 0.005, 0.9450000000000001
2.495, 0.005, 0.9450000000000001
2.505, 0.005, 0.9450000000000001
2.515, 0.005, 0.9450000000000001
2.5250000000000004, 0.005, 0.9450000000000001
2.535, 0.005, 0.9450000000000001
2.545, 0.005, 0.9450000000000001
2.555, 0.005, 0.9450000000000001
2.565, 0.005, 0.9450000000000001
2.575, 0.005, 0.9450000000000001
2.585, 0.005, 0.9450000000000001
2.5949999999999998, 0.005, 0.9450000000000001
2.605, 0.005, 0.9450000000000001
2.615, 0.005, 0.9450000000000001
2.625, 0.005, 0.9450000000000001
2.635, 0.005, 0.9450000000000001
2.645, 0.005, 0.9450000000000001
2.6550000000000002, 0.005, 0.9450000000000001
2.665, 0.005, 0.9450000000000001
2.675, 0.005, 0.9450000000000001
2.685, 0.005, 0.9450000000000001
2.6950000000000003, 0.005, 0.9450000000000001
2.705, 0.005, 0.9450000000000001
2.715, 0.005, 0.9450000000000001
2.725, 0.005, 0.9450000000000001
2.7350000000000003, 0.005, 0.9450000000000001
2.745, 0.005, 0.9450000000000001
2.755, 0.005, 0.9450000000000001
2.765, 0.005, 0.9450000000000001
2.7750000000000004, 0.005, 0.9450000000000001
2.785, 0.005, 0.9450000000000001
2.795, 0.005, 0.9450000000000001
0.005, 0.005, 0.9550000000000001
0.015, 0.005, 0.9550000000000001
0.025, 0.005, 0.9550000000000001
0.035, 0.005, 0.9550000000000001
0.045, 0.005, 0.9550000000000001
0.055, 0.005, 0.9550000000000001
0.065, 0.005, 0.9550000000000001
0.07500000000000001, 0.005, 0.9550000000000001
0.08499999999999999, 0.005, 0.9550000000000001
0.095, 0.005, 0.9550000000000001
0.10500000000000001, 0.005, 0.9550000000000001
0.11499999999999999, 0.005, 0.9550000000000001
0.125, 0.005, 0.9550000000000001
0.135, 0.005, 0.9550000000000001
0.14500000000000002, 0.005, 0.9550000000000001
0.155, 0.005, 0.9550000000000001
0.165, 0.005, 0.9550000000000001
0.175, 0.005, 0.9550000000000001
0.185, 0.005, 0.9550000000000001
0.195, 0.005, 0.9550000000000001
0.20500000000000002, 0.005, 0.9550000000000001
0.215, 0.005, 0.9550000000000001
0.225, 0.005, 0.9550000000000001
0.235, 0.005, 0.9550000000000001
0.245, 0.005, 0.9550000000000001
0.255, 0.005, 0.9550000000000001
0.265, 0.005, 0.9550000000000001
0.275, 0.005, 0.9550000000000001
0.28500000000000003, 0.005, 0.9550000000000001
0.295, 0.005, 0.9550000000000001
0.305, 0.005, 0.9550000000000001
0.315, 0.005, 0.9550000000000001
0.325, 0.005, 0.9550000000000001
0.335, 0.005, 0.9550000000000001
0.34500000000000003, 0.005, 0.9550000000000001
0.355, 0.005, 0.9550000000000001
0.365, 0.005, 0.9550000000000001
0.375, 0.005, 0.9550000000000001
0.385, 0.005, 0.9550000000000001
0.395, 0.005, 0.9550000000000001
0.405, 0.005, 0.9550000000000001
0.41500000000000004, 0.005, 0.9550000000000001
0.425, 0.005, 0.9550000000000001
0.435, 0.005, 0.9550000000000001
0.445, 0.005, 0.9550000000000001
0.455, 0.005, 0.9550000000000001
0.465, 0.005, 0.9550000000000001
0.475, 0.005, 0.9550000000000001
0.485, 0.005, 0.9550000000000001
0.495, 0.005, 0.9550000000000001
0.505, 0.005, 0.9550000000000001
0.515, 0.005, 0.9550000000000001
0.525, 0.005, 0.9550000000000001
0.535, 0.005, 0.9550000000000001
0.545, 0.005, 0.9550000000000001
0.555, 0.005, 0.9550000000000001
0.5650000000000001, 0.005, 0.9550000000000001
0.575, 0.005, 0.9550000000000001
0.585, 0.005, 0.9550000000000001
0.595, 0.005, 0.9550000000000001
0.605, 0.005, 0.9550000000000001
0.615, 0.005, 0.9550000000000001
0.625, 0.005, 0.9550000000000001
0.635, 0.005, 0.9550000000000001
0.645, 0.005, 0.9550000000000001
0.655, 0.005, 0.9550000000000001
0.665, 0.005, 0.9550000000000001
0.675, 0.005, 0.9550000000000001
0.685, 0.005, 0.9550000000000001
0.6950000000000001, 0.005, 0.9550000000000001
0.7050000000000001, 0.005, 0.9550000000000001
0.715, 0.005, 0.9550000000000001
0.725, 0.005, 0.9550000000000001
0.735, 0.005, 0.9550000000000001
0.745, 0.005, 0.9550000000000001
0.755, 0.005, 0.9550000000000001
0.765, 0.005, 0.9550000000000001
0.775, 0.005, 0.9550000000000001
0.785, 0.005, 0.9550000000000001
0.795, 0.005, 0.9550000000000001
0.805, 0.005, 0.9550000000000001
0.8150000000000001, 0.005, 0.9550000000000001
0.8250000000000001, 0.005, 0.9550000000000001
0.835, 0.005, 0.9550000000000001
0.845, 0.005, 0.9550000000000001
0.855, 0.005, 0.9550000000000001
0.865, 0.005, 0.9550000000000001
0.875, 0.005, 0.9550000000000001
0.885, 0.005, 0.9550000000000001
0.895, 0.005, 0.9550000000000001
0.905, 0.005, 0.9550000000000001
0.915, 0.005, 0.9550000000000001
0.925, 0.005, 0.9550000000000001
0.935, 0.005, 0.9550000000000001
0.9450000000000001, 0.005, 0.9550000000000001
0.9550000000000001, 0.005, 0.9550000000000001
0.965, 0.005, 0.9550000000000001
0.975, 0.005, 0.9550000000000001
0.985, 0.005, 0.9550000000000001
0.995, 0.005, 0.9550000000000001
1.005, 0.005, 0.9550000000000001
1.0150000000000001, 0.005, 0.9550000000000001
1.025, 0.005, 0.9550000000000001
1.0350000000000001, 0.005, 0.9550000000000001
1.045, 0.005, 0.9550000000000001
1.0550000000000002, 0.005, 0.9550000000000001
1.065, 0.005, 0.9550000000000001
1.0750000000000002, 0.005, 0.9550000000000001
1.085, 0.005, 0.9550000000000001
1.0950000000000002, 0.005, 0.9550000000000001
1.105, 0.005, 0.9550000000000001
1.1150000000000002, 0.005, 0.9550000000000001
1.125, 0.005, 0.9550000000000001
1.1350000000000002, 0.005, 0.9550000000000001
1.145, 0.005, 0.9550000000000001
1.155, 0.005, 0.9550000000000001
1.165, 0.005, 0.9550000000000001
1.1749999999999998, 0.005, 0.9550000000000001
1.185, 0.005, 0.9550000000000001
1.1949999999999998, 0.005, 0.9550000000000001
1.205, 0.005, 0.9550000000000001
1.2149999999999999, 0.005, 0.9550000000000001
1.225, 0.005, 0.9550000000000001
1.2349999999999999, 0.005, 0.9550000000000001
1.245, 0.005, 0.9550000000000001
1.255, 0.005, 0.9550000000000001
1.2650000000000001, 0.005, 0.9550000000000001
1.275, 0.005, 0.9550000000000001
1.2850000000000001, 0.005, 0.9550000000000001
1.295, 0.005, 0.9550000000000001
1.3050000000000002, 0.005, 0.9550000000000001
1.315, 0.005, 0.9550000000000001
1.3250000000000002, 0.005, 0.9550000000000001
1.335, 0.005, 0.9550000000000001
1.3450000000000002, 0.005, 0.9550000000000001
1.355, 0.005, 0.9550000000000001
1.3650000000000002, 0.005, 0.9550000000000001
1.375, 0.005, 0.9550000000000001
1.3850000000000002, 0.005, 0.9550000000000001
1.395, 0.005, 0.9550000000000001
1.405, 0.005, 0.9550000000000001
1.415, 0.005, 0.9550000000000001
1.4249999999999998, 0.005, 0.9550000000000001
1.435, 0.005, 0.9550000000000001
1.4449999999999998, 0.005, 0.9550000000000001
1.455, 0.005, 0.9550000000000001
1.4649999999999999, 0.005, 0.9550000000000001
1.475, 0.005, 0.9550000000000001
1.4849999999999999, 0.005, 0.9550000000000001
1.495, 0.005, 0.9550000000000001
1.505, 0.005, 0.9550000000000001
1.5150000000000001, 0.005, 0.9550000000000001
1.525, 0.005, 0.9550000000000001
1.5350000000000001, 0.005, 0.9550000000000001
1.545, 0.005, 0.9550000000000001
1.5550000000000002, 0.005, 0.9550000000000001
1.565, 0.005, 0.9550000000000001
1.5750000000000002, 0.005, 0.9550000000000001
1.585, 0.005, 0.9550000000000001
1.5950000000000002, 0.005, 0.9550000000000001
1.605, 0.005, 0.9550000000000001
1.6150000000000002, 0.005, 0.9550000000000001
1.625, 0.005, 0.9550000000000001
1.6350000000000002, 0.005, 0.9550000000000001
1.645, 0.005, 0.9550000000000001
1.6550000000000002, 0.005, 0.9550000000000001
1.665, 0.005, 0.9550000000000001
1.6749999999999998, 0.005, 0.9550000000000001
1.685, 0.005, 0.9550000000000001
1.6949999999999998, 0.005, 0.9550000000000001
1.705, 0.005, 0.9550000000000001
1.7149999999999999, 0.005, 0.9550000000000001
1.725, 0.005, 0.9550000000000001
1.7349999999999999, 0.005, 0.9550000000000001
1.745, 0.005, 0.9550000000000001
1.755, 0.005, 0.9550000000000001
1.7650000000000001, 0.005, 0.9550000000000001
1.775, 0.005, 0.9550000000000001
1.7850000000000001, 0.005, 0.9550000000000001
1.795, 0.005, 0.9550000000000001
1.8050000000000002, 0.005, 0.9550000000000001
1.815, 0.005, 0.9550000000000001
1.8250000000000002, 0.005, 0.9550000000000001
1.835, 0.005, 0.9550000000000001
1.8450000000000002, 0.005, 0.9550000000000001
1.855, 0.005, 0.9550000000000001
1.8650000000000002, 0.005, 0.9550000000000001
1.875, 0.005, 0.9550000000000001
1.8850000000000002, 0.005, 0.9550000000000001
1.895, 0.005, 0.9550000000000001
1.9050000000000002, 0.005, 0.9550000000000001
1.915, 0.005, 0.9550000000000001
1.9249999999999998, 0.005, 0.9550000000000001
1.935, 0.005, 0.9550000000000001
1.9449999999999998, 0.005, 0.9550000000000001
1.955, 0.005, 0.9550000000000001
1.9649999999999999, 0.005, 0.9550000000000001
1.975, 0.005, 0.9550000000000001
1.9849999999999999, 0.005, 0.9550000000000001
1.995, 0.005, 0.9550000000000001
2.005, 0.005, 0.9550000000000001
2.015, 0.005, 0.9550000000000001
2.0250000000000004, 0.005, 0.9550000000000001
2.035, 0.005, 0.9550000000000001
2.045, 0.005, 0.9550000000000001
2.0549999999999997, 0.005, 0.9550000000000001
2.065, 0.005, 0.9550000000000001
2.075, 0.005, 0.9550000000000001
2.085, 0.005, 0.9550000000000001
2.0949999999999998, 0.005, 0.9550000000000001
2.105, 0.005, 0.9550000000000001
2.115, 0.005, 0.9550000000000001
2.125, 0.005, 0.9550000000000001
2.135, 0.005, 0.9550000000000001
2.145, 0.005, 0.9550000000000001
2.1550000000000002, 0.005, 0.9550000000000001
2.165, 0.005, 0.9550000000000001
2.175, 0.005, 0.9550000000000001
2.185, 0.005, 0.9550000000000001
2.1950000000000003, 0.005, 0.9550000000000001
2.205, 0.005, 0.9550000000000001
2.215, 0.005, 0.9550000000000001
2.225, 0.005, 0.9550000000000001
2.2350000000000003, 0.005, 0.9550000000000001
2.245, 0.005, 0.9550000000000001
2.255, 0.005, 0.9550000000000001
2.265, 0.005, 0.9550000000000001
2.2750000000000004, 0.005, 0.9550000000000001
2.285, 0.005, 0.9550000000000001
2.295, 0.005, 0.9550000000000001
2.305, 0.005, 0.9550000000000001
2.315, 0.005, 0.9550000000000001
2.325, 0.005, 0.9550000000000001
2.335, 0.005, 0.9550000000000001
2.3449999999999998, 0.005, 0.9550000000000001
2.355, 0.005, 0.9550000000000001
2.365, 0.005, 0.9550000000000001
2.375, 0.005, 0.9550000000000001
2.385, 0.005, 0.9550000000000001
2.395, 0.005, 0.9550000000000001
2.4050000000000002, 0.005, 0.9550000000000001
2.415, 0.005, 0.9550000000000001
2.425, 0.005, 0.9550000000000001
2.435, 0.005, 0.9550000000000001
2.4450000000000003, 0.005, 0.9550000000000001
2.455, 0.005, 0.9550000000000001
2.465, 0.005, 0.9550000000000001
2.475, 0.005, 0.9550000000000001
2.4850000000000003, 0.005, 0.9550000000000001
2.495, 0.005, 0.9550000000000001
2.505, 0.005, 0.9550000000000001
2.515, 0.005, 0.9550000000000001
2.5250000000000004, 0.005, 0.9550000000000001
2.535, 0.005, 0.9550000000000001
2.545, 0.005, 0.9550000000000001
2.555, 0.005, 0.9550000000000001
2.565, 0.005, 0.9550000000000001
2.575, 0.005, 0.9550000000000001
2.585, 0.005, 0.9550000000000001
2.5949999999999998, 0.005, 0.9550000000000001
2.605, 0.005, 0.9550000000000001
2.615, 0.005, 0.9550000000000001
2.625, 0.005, 0.9550000000000001
2.635, 0.005, 0.9550000000000001
2.645, 0.005, 0.9550000000000001
2.6550000000000002, 0.005, 0.9550000000000001
2.665, 0.005, 0.9550000000000001
2.675, 0.005, 0.9550000000000001
2.685, 0.005, 0.9550000000000001
2.6950000000000003, 0.005, 0.9550000000000001
2.705, 0.005, 0.9550000000000001
2.715, 0.005, 0.9550000000000001
2.725, 0.005, 0.9550000000000001
2.7350000000000003, 0.005, 0.9550000000000001
2.745, 0.005, 0.9550000000000001
2.755, 0.005, 0.9550000000000001
2.765, 0.005, 0.9550000000000001
2.7750000000000004, 0.005, 0.9550000000000001
2.785, 0.005, 0.9550000000000001
2.795, 0.005, 0.9550000000000001
0.005, 0.005, 0.965
0.015, 0.005, 0.965
0.025, 0.005, 0.965
0.035, 0.005, 0.965
0.045, 0.005, 0.965
0.055, 0.005, 0.965
0.065, 0.005, 0.965
0.07500000000000001, 0.005, 0.965
0.08499999999999999, 0.005, 0.965
0.095, 0.005, 0.965
0.10500000000000001, 0.005, 0.965
0.11499999999999999, 0.005, 0.965
0.125, 0.005, 0.965
0.135, 0.005, 0.965
0.14500000000000002, 0.005, 0.965
0.155, 0.005, 0.965
0.165, 0.005, 0.965
0.175, 0.005, 0.965
0.185, 0.005, 0.965
0.195, 0.005, 0.965
0.20500000000000002, 0.005, 0.965
0.215, 0.005, 0.965
0.225, 0.005, 0.965
0.235, 0.005, 0.965
0.245, 0.005, 0.965
0.255, 0.005, 0.965
0.265, 0.005, 0.965
0.275, 0.005, 0.965
0.28500000000000003, 0.005, 0.965
0.295, 0.005, 0.965
0.305, 0.005, 0.965
0.315, 0.005, 0.965
0.325, 0.005, 0.965
0.335, 0.005, 0.965
0.34500000000000003, 0.005, 0.965
0.355, 0.005, 0.965
0.365, 0.005, 0.965
0.375, 0.005, 0.965
0.385, 0.005, 0.965
0.395, 0.005, 0.965
0.405, 0.005, 0.965
0.41500000000000004, 0.005, 0.965
0.425, 0.005, 0.965
0.435, 0.005, 0.965
0.445, 0.005, 0.965
0.455, 0.005, 0.965
0.465, 0.005, 0.965
0.475, 0.005, 0.965
0.485, 0.005, 0.965
0.495, 0.005, 0.965
0.505, 0.005, 0.965
0.515, 0.005, 0.965
0.525, 0.005, 0.965
0.535, 0.005, 0.965
0.545, 0.005, 0.965
0.555, 0.005, 0.965
0.5650000000000001, 0.005, 0.965
0.575, 0.005, 0.965
0.585, 0.005, 0.965
0.595, 0.005, 0.965
0.605, 0.005, 0.965
0.615, 0.005, 0.965
0.625, 0.005, 0.965
0.635, 0.005, 0.965
0.645, 0.005, 0.965
0.655, 0.005, 0.965
0.665, 0.005, 0.965
0.675, 0.005, 0.965
0.685, 0.005, 0.965
0.6950000000000001, 0.005, 0.965
0.7050000000000001, 0.005, 0.965
0.715, 0.005, 0.965
0.725, 0.005, 0.965
0.735, 0.005, 0.965
0.745, 0.005, 0.965
0.755, 0.005, 0.965
0.765, 0.005, 0.965
0.775, 0.005, 0.965
0.785, 0.005, 0.965
0.795, 0.005, 0.965
0.805, 0.005, 0.965
0.8150000000000001, 0.005, 0.965
0.8250000000000001, 0.005, 0.965
0.835, 0.005, 0.965
0.845, 0.005, 0.965
0.855, 0.005, 0.965
0.865, 0.005, 0.965
0.875, 0.005, 0.965
0.885, 0.005, 0.965
0.895, 0.005, 0.965
0.905, 0.005, 0.965
0.915, 0.005, 0.965
0.925, 0.005, 0.965
0.935, 0.005, 0.965
0.9450000000000001, 0.005, 0.965
0.9550000000000001, 0.005, 0.965
0.965, 0.005, 0.965
0.975, 0.005, 0.965
0.985, 0.005, 0.965
0.995, 0.005, 0.965
1.005, 0.005, 0.965
1.0150000000000001, 0.005, 0.965
1.025, 0.005, 0.965
1.0350000000000001, 0.005, 0.965
1.045, 0.005, 0.965
1.0550000000000002, 0.005, 0.965
1.065, 0.005, 0.965
1.0750000000000002, 0.005, 0.965
1.085, 0.005, 0.965
1.0950000000000002, 0.005, 0.965
1.105, 0.005, 0.965
1.1150000000000002, 0.005, 0.965
1.125, 0.005, 0.965
1.1350000000000002, 0.005, 0.965
1.145, 0.005, 0.965
1.155, 0.005, 0.965
1.165, 0.005, 0.965
1.1749999999999998, 0.005, 0.965
1.185, 0.005, 0.965
1.1949999999999998, 0.005, 0.965
1.205, 0.005, 0.965
1.2149999999999999, 0.005, 0.965
1.225, 0.005, 0.965
1.2349999999999999, 0.005, 0.965
1.245, 0.005, 0.965
1.255, 0.005, 0.965
1.2650000000000001, 0.005, 0.965
1.275, 0.005, 0.965
1.2850000000000001, 0.005, 0.965
1.295, 0.005, 0.965
1.3050000000000002, 0.005, 0.965
1.315, 0.005, 0.965
1.3250000000000002, 0.005, 0.965
1.335, 0.005, 0.965
1.3450000000000002, 0.005, 0.965
1.355, 0.005, 0.965
1.3650000000000002, 0.005, 0.965
1.375, 0.005, 0.965
1.3850000000000002, 0.005, 0.965
1.395, 0.005, 0.965
1.405, 0.005, 0.965
1.415, 0.005, 0.965
1.4249999999999998, 0.005, 0.965
1.435, 0.005, 0.965
1.4449999999999998, 0.005, 0.965
1.455, 0.005, 0.965
1.4649999999999999, 0.005, 0.965
1.475, 0.005, 0.965
1.4849999999999999, 0.005, 0.965
1.495, 0.005, 0.965
1.505, 0.005, 0.965
1.5150000000000001, 0.005, 0.965
1.525, 0.005, 0.965
1.5350000000000001, 0.005, 0.965
1.545, 0.005, 0.965
1.5550000000000002, 0.005, 0.965
1.565, 0.005, 0.965
1.5750000000000002, 0.005, 0.965
1.585, 0.005, 0.965
1.5950000000000002, 0.005, 0.965
1.605, 0.005, 0.965
1.6150000000000002, 0.005, 0.965
1.625, 0.005, 0.965
1.6350000000000002, 0.005, 0.965
1.645, 0.005, 0.965
1.6550000000000002, 0.005, 0.965
1.665, 0.005, 0.965
1.6749999999999998, 0.005, 0.965
1.685, 0.005, 0.965
1.6949999999999998, 0.005, 0.965
1.705, 0.005, 0.965
1.7149999999999999, 0.005, 0.965
1.725, 0.005, 0.965
1.7349999999999999, 0.005, 0.965
1.745, 0.005, 0.965
1.755, 0.005, 0.965
1.7650000000000001, 0.005, 0.965
1.775, 0.005, 0.965
1.7850000000000001, 0.005, 0.965
1.795, 0.005, 0.965
1.8050000000000002, 0.005, 0.965
1.815, 0.005, 0.965
1.8250000000000002, 0.005, 0.965
1.835, 0.005, 0.965
1.8450000000000002, 0.005, 0.965
1.855, 0.005, 0.965
1.8650000000000002, 0.005, 0.965
1.875, 0.005, 0.965
1.8850000000000002, 0.005, 0.965
1.895, 0.005, 0.965
1.9050000000000002, 0.005, 0.965
1.915, 0.005, 0.965
1.9249999999999998, 0.005, 0.965
1.935, 0.005, 0.965
1.9449999999999998, 0.005, 0.965
1.955, 0.005, 0.965
1.9649999999999999, 0.005, 0.965
1.975, 0.005, 0.965
1.9849999999999999, 0.005, 0.965
1.995, 0.005, 0.965
2.005, 0.005, 0.965
2.015, 0.005, 0.965
2.0250000000000004, 0.005, 0.965
2.035, 0.005, 0.965
2.045, 0.005, 0.965
2.0549999999999997, 0.005, 0.965
2.065, 0.005, 0.965
2.075, 0.005, 0.965
2.085, 0.005, 0.965
2.0949999999999998, 0.005, 0.965
2.105, 0.005, 0.965
2.115, 0.005, 0.965
2.125, 0.005, 0.965
2.135, 0.005, 0.965
2.145, 0.005, 0.965
2.1550000000000002, 0.005, 0.965
2.165, 0.005, 0.965
2.175, 0.005, 0.965
2.185, 0.005, 0.965
2.1950000000000003, 0.005, 0.965
2.205, 0.005, 0.965
2.215, 0.005, 0.965
2.225, 0.005, 0.965
2.2350000000000003, 0.005, 0.965
2.245, 0.005, 0.965
2.255, 0.005, 0.965
2.265, 0.005, 0.965
2.2750000000000004, 0.005, 0.965
2.285, 0.005, 0.965
2.295, 0.005, 0.965
2.305, 0.005, 0.965
2.315, 0.005, 0.965
2.325, 0.005, 0.965
2.335, 0.005, 0.965
2.3449999999999998, 0.005, 0.965
2.355, 0.005, 0.965
2.365, 0.005, 0.965
2.375, 0.005, 0.965
2.385, 0.005, 0.965
2.395, 0.005, 0.965
2.4050000000000002, 0.005, 0.965
2.415, 0.005, 0.965
2.425, 0.005, 0.965
2.435, 0.005, 0.965
2.4450000000000003, 0.005, 0.965
2.455, 0.005, 0.965
2.465, 0.005, 0.965
2.475, 0.005, 0.965
2.4850000000000003, 0.005, 0.965
2.495, 0.005, 0.965
2.505, 0.005, 0.965
2.515, 0.005, 0.965
2.5250000000000004, 0.005, 0.965
2.535, 0.005, 0.965
2.545, 0.005, 0.965
2.555, 0.005, 0.965
2.565, 0.005, 0.965
2.575, 0.005, 0.965
2.585, 0.005, 0.965
2.5949999999999998, 0.005, 0.965
2.605, 0.005, 0.965
2.615, 0.005, 0.965
2.625, 0.005, 0.965
2.635, 0.005, 0.965
2.645, 0.005, 0.965
2.6550000000000002, 0.005, 0.965
2.665, 0.005, 0.965
2.675, 0.005, 0.965
2.685, 0.005, 0.965
2.6950000000000003, 0.005, 0.965
2.705, 0.005, 0.965
2.715, 0.005, 0.965
2.725, 0.005, 0.965
2.7350000000000003, 0.005, 0.965
2.745, 0.005, 0.965
2.755, 0.005, 0.965
2.765, 0.005, 0.965
2.7750000000000004, 0.005, 0.965
2.785, 0.005, 0.965
2.795, 0.005, 0.965
0.005, 0.005, 0.975
0.015, 0.005, 0.975
0.025, 0.005, 0.975
0.035, 0.005, 0.975
0.045, 0.005, 0.975
0.055, 0.005, 0.975
0.065, 0.005, 0.975
0.07500000000000001, 0.005, 0.975
0.08499999999999999, 0.005, 0.975
0.095, 0.005, 0.975
0.10500000000000001, 0.005, 0.975
0.11499999999999999, 0.005, 0.975
0.125, 0.005, 0.975
0.135, 0.005, 0.975
0.14500000000000002, 0.005, 0.975
0.155, 0.005, 0.975
0.165, 0.005, 0.975
0.175, 0.005, 0.975
0.185, 0.005, 0.975
0.195, 0.005, 0.975
0.20500000000000002, 0.005, 0.975
0.215, 0.005, 0.975
0.225, 0.005, 0.975
0.235, 0.005, 0.975
0.245, 0.005, 0.975
0.255, 0.005, 0.975
0.265, 0.005, 0.975
0.275, 0.005, 0.975
0.28500000000000003, 0.005, 0.975
0.295, 0.005, 0.975
0.305, 0.005, 0.975
0.315, 0.005, 0.975
0.325, 0.005, 0.975
0.335, 0.005, 0.975
0.34500000000000003, 0.005, 0.975
0.355, 0.005, 0.975
0.365, 0.005, 0.975
0.375, 0.005, 0.975
0.385, 0.005, 0.975
0.395, 0.005, 0.975
0.405, 0.005, 0.975
0.41500000000000004, 0.005, 0.975
0.425, 0.005, 0.975
0.435, 0.005, 0.975
0.445, 0.005, 0.975
0.455, 0.005, 0.975
0.465, 0.005, 0.975
0.475, 0.005, 0.975
0.485, 0.005, 0.975
0.495, 0.005, 0.975
0.505, 0.005, 0.975
0.515, 0.005, 0.975
0.525, 0.005, 0.975
0.535, 0.005, 0.975
0.545, 0.005, 0.975
0.555, 0.005, 0.975
0.5650000000000001, 0.005, 0.975
0.575, 0.005, 0.975
0.585, 0.005, 0.975
0.595, 0.005, 0.975
0.605, 0.005, 0.975
0.615, 0.005, 0.975
0.625, 0.005, 0.975
0.635, 0.005, 0.975
0.645, 0.005, 0.975
0.655, 0.005, 0.975
0.665, 0.005, 0.975
0.675, 0.005, 0.975
0.685, 0.005, 0.975
0.6950000000000001, 0.005, 0.975
0.7050000000000001, 0.005, 0.975
0.715, 0.005, 0.975
0.725, 0.005, 0.975
0.735, 0.005, 0.975
0.745, 0.005, 0.975
0.755, 0.005, 0.975
0.765, 0.005, 0.975
0.775, 0.005, 0.975
0.785, 0.005, 0.975
0.795, 0.005, 0.975
0.805, 0.005, 0.975
0.8150000000000001, 0.005, 0.975
0.8250000000000001, 0.005, 0.975
0.835, 0.005, 0.975
0.845, 0.005, 0.975
0.855, 0.005, 0.975
0.865, 0.005, 0.975
0.875, 0.005, 0.975
0.885, 0.005, 0.975
0.895, 0.005, 0.975
0.905, 0.005, 0.975
0.915, 0.005, 0.975
0.925, 0.005, 0.975
0.935, 0.005, 0.975
0.9450000000000001, 0.005, 0.975
0.9550000000000001, 0.005, 0.975
0.965, 0.005, 0.975
0.975, 0.005, 0.975
0.985, 0.005, 0.975
0.995, 0.005, 0.975
1.005, 0.005, 0.975
1.0150000000000001, 0.005, 0.975
1.025, 0.005, 0.975
1.0350000000000001, 0.005, 0.975
1.045, 0.005, 0.975
1.0550000000000002, 0.005, 0.975
1.065, 0.005, 0.975
1.0750000000000002, 0.005, 0.975
1.085, 0.005, 0.975
1.0950000000000002, 0.005, 0.975
1.105, 0.005, 0.975
1.1150000000000002, 0.005, 0.975
1.125, 0.005, 0.975
1.1350000000000002, 0.005, 0.975
1.145, 0.005, 0.975
1.155, 0.005, 0.975
1.165, 0.005, 0.975
1.1749999999999998, 0.005, 0.975
1.185, 0.005, 0.975
1.1949999999999998, 0.005, 0.975
1.205, 0.005, 0.975
1.2149999999999999, 0.005, 0.975
1.225, 0.005, 0.975
1.2349999999999999, 0.005, 0.975
1.245, 0.005, 0.975
1.255, 0.005, 0.975
1.2650000000000001, 0.005, 0.975
1.275, 0.005, 0.975
1.2850000000000001, 0.005, 0.975
1.295, 0.005, 0.975
1.3050000000000002, 0.005, 0.975
1.315, 0.005, 0.975
1.3250000000000002, 0.005, 0.975
1.335, 0.005, 0.975
1.3450000000000002, 0.005, 0.975
1.355, 0.005, 0.975
1.3650000000000002, 0.005, 0.975
1.375, 0.005, 0.975
1.3850000000000002, 0.005, 0.975
1.395, 0.005, 0.975
1.405, 0.005, 0.975
1.415, 0.005, 0.975
1.4249999999999998, 0.005, 0.975
1.435, 0.005, 0.975
1.4449999999999998, 0.005, 0.975
1.455, 0.005, 0.975
1.4649999999999999, 0.005, 0.975
1.475, 0.005, 0.975
1.4849999999999999, 0.005, 0.975
1.495, 0.005, 0.975
1.505, 0.005, 0.975
1.5150000000000001, 0.005, 0.975
1.525, 0.005, 0.975
1.5350000000000001, 0.005, 0.975
1.545, 0.005, 0.975
1.5550000000000002, 0.005, 0.975
1.565, 0.005, 0.975
1.5750000000000002, 0.005, 0.975
1.585, 0.005, 0.975
1.5950000000000002, 0.005, 0.975
1.605, 0.005, 0.975
1.6150000000000002, 0.005, 0.975
1.625, 0.005, 0.975
1.6350000000000002, 0.005, 0.975
1.645, 0.005, 0.975
1.6550000000000002, 0.005, 0.975
1.665, 0.005, 0.975
1.6749999999999998, 0.005, 0.975
1.685, 0.005, 0.975
1.6949999999999998, 0.005, 0.975
1.705, 0.005, 0.975
1.7149999999999999, 0.005, 0.975
1.725, 0.005, 0.975
1.7349999999999999, 0.005, 0.975
1.745, 0.005, 0.975
1.755, 0.005, 0.975
1.7650000000000001, 0.005, 0.975
1.775, 0.005, 0.975
1.7850000000000001, 0.005, 0.975
1.795, 0.005, 0.975
1.8050000000000002, 0.005, 0.975
1.815, 0.005, 0.975
1.8250000000000002, 0.005, 0.975
1.835, 0.005, 0.975
1.8450000000000002, 0.005, 0.975
1.855, 0.005, 0.975
1.8650000000000002, 0.005, 0.975
1.875, 0.005, 0.975
1.8850000000000002, 0.005, 0.975
1.895, 0.005, 0.975
1.9050000000000002, 0.005, 0.975
1.915, 0.005, 0.975
1.9249999999999998, 0.005, 0.975
1.935, 0.005, 0.975
1.9449999999999998, 0.005, 0.975
1.955, 0.005, 0.975
1.9649999999999999, 0.005, 0.975
1.975, 0.005, 0.975
1.9849999999999999, 0.005, 0.975
1.995, 0.005, 0.975
2.005, 0.005, 0.975
2.015, 0.005, 0.975
2.0250000000000004, 0.005, 0.975
2.035, 0.005, 0.975
2.045, 0.005, 0.975
2.0549999999999997, 0.005, 0.975
2.065, 0.005, 0.975
2.075, 0.005, 0.975
2.085, 0.005, 0.975
2.0949999999999998, 0.005, 0.975
2.105, 0.005, 0.975
2.115, 0.005, 0.975
2.125, 0.005, 0.975
2.135, 0.005, 0.975
2.145, 0.005, 0.975
2.1550000000000002, 0.005, 0.975
2.165, 0.005, 0.975
2.175, 0.005, 0.975
2.185, 0.005, 0.975
2.1950000000000003, 0.005, 0.975
2.205, 0.005, 0.975
2.215, 0.005, 0.975
2.225, 0.005, 0.975
2.2350000000000003, 0.005, 0.975
2.245, 0.005, 0.975
2.255, 0.005, 0.975
2.265, 0.005, 0.975
2.2750000000000004, 0.005, 0.975
2.285, 0.005, 0.975
2.295, 0.005, 0.975
2.305, 0.005, 0.975
2.315, 0.005, 0.975
2.325, 0.005, 0.975
2.335, 0.005, 0.975
2.3449999999999998, 0.005, 0.975
2.355, 0.005, 0.975
2.365, 0.005, 0.975
2.375, 0.005, 0.975
2.385, 0.005, 0.975
2.395, 0.005, 0.975
2.4050000000000002, 0.005, 0.975
2.415, 0.005, 0.975
2.425, 0.005, 0.975
2.435, 0.005, 0.975
2.4450000000000003, 0.005, 0.975
2.455, 0.005, 0.975
2.465, 0.005, 0.975
2.475, 0.005, 0.975
2.4850000000000003, 0.005, 0.975
2.495, 0.005, 0.975
2.505, 0.005, 0.975
2.515, 0.005, 0.975
2.5250000000000004, 0.005, 0.975
2.535, 0.005, 0.975
2.545, 0.005, 0.975
2.555, 0.005, 0.975
2.565, 0.005, 0.975
2.575, 0.005, 0.975
2.585, 0.005, 0.975
2.5949999999999998, 0.005, 0.975
2.605, 0.005, 0.975
2.615, 0.005, 0.975
2.625, 0.005, 0.975
2.635, 0.005, 0.975
2.645, 0.005, 0.975
2.6550000000000002, 0.005, 0.975
2.665, 0.005, 0.975
2.675, 0.005, 0.975
2.685, 0.005, 0.975
2.6950000000000003, 0.005, 0.975
2.705, 0.005, 0.975
2.715, 0.005, 0.975
2.725, 0.005, 0.975
2.7350000000000003, 0.005, 0.975
2.745, 0.005, 0.975
2.755, 0.005, 0.975
2.765, 0.005, 0.975
2.7750000000000004, 0.005, 0.975
2.785, 0.005, 0.975
2.795, 0.005, 0.975
0.005, 0.005, 0.985
0.015, 0.005, 0.985
0.025, 0.005, 0.985
0.035, 0.005, 0.985
0.045, 0.005, 0.985
0.055, 0.005, 0.985
0.065, 0.005, 0.985
0.07500000000000001, 0.005, 0.985
0.08499999999999999, 0.005, 0.985
0.095, 0.005, 0.985
0.10500000000000001, 0.005, 0.985
0.11499999999999999, 0.005, 0.985
0.125, 0.005, 0.985
0.135, 0.005, 0.985
0.14500000000000002, 0.005, 0.985
0.155, 0.005, 0.985
0.165, 0.005, 0.985
0.175, 0.005, 0.985
0.185, 0.005, 0.985
0.195, 0.005, 0.985
0.20500000000000002, 0.005, 0.985
0.215, 0.005, 0.985
0.225, 0.005, 0.985
0.235, 0.005, 0.985
0.245, 0.005, 0.985
0.255, 0.005, 0.985
0.265, 0.005, 0.985
0.275, 0.005, 0.985
0.28500000000000003, 0.005, 0.985
0.295, 0.005, 0.985
0.305, 0.005, 0.985
0.315, 0.005, 0.985
0.325, 0.005, 0.985
0.335, 0.005, 0.985
0.34500000000000003, 0.005, 0.985
0.355, 0.005, 0.985
0.365, 0.005, 0.985
0.375, 0.005, 0.985
0.385, 0.005, 0.985
0.395, 0.005, 0.985
0.405, 0.005, 0.985
0.41500000000000004, 0.005, 0.985
0.425, 0.005, 0.985
0.435, 0.005, 0.985
0.445, 0.005, 0.985
0.455, 0.005, 0.985
0.465, 0.005, 0.985
0.475, 0.005, 0.985
0.485, 0.005, 0.985
0.495, 0.005, 0.985
0.505, 0.005, 0.985
0.515, 0.005, 0.985
0.525, 0.005, 0.985
0.535, 0.005, 0.985
0.545, 0.005, 0.985
0.555, 0.005, 0.985
0.5650000000000001, 0.005, 0.985
0.575, 0.005, 0.985
0.585, 0.005, 0.985
0.595, 0.005, 0.985
0.605, 0.005, 0.985
0.615, 0.005, 0.985
0.625, 0.005, 0.985
0.635, 0.005, 0.985
0.645, 0.005, 0.985
0.655, 0.005, 0.985
0.665, 0.005, 0.985
0.675, 0.005, 0.985
0.685, 0.005, 0.985
0.6950000000000001, 0.005, 0.985
0.7050000000000001, 0.005, 0.985
0.715, 0.005, 0.985
0.725, 0.005, 0.985
0.735, 0.005, 0.985
0.745, 0.005, 0.985
0.755, 0.005, 0.985
0.765, 0.005, 0.985
0.775, 0.005, 0.985
0.785, 0.005, 0.985
0.795, 0.005, 0.985
0.805, 0.005, 0.985
0.8150000000000001, 0.005, 0.985
0.8250000000000001, 0.005, 0.985
0.835, 0.005, 0.985
0.845, 0.005, 0.985
0.855, 0.005, 0.985
0.865, 0.005, 0.985
0.875, 0.005, 0.985
0.885, 0.005, 0.985
0.895, 0.005, 0.985
0.905, 0.005, 0.985
0.915, 0.005, 0.985
0.925, 0.005, 0.985
0.935, 0.005, 0.985
0.9450000000000001, 0.005, 0.985
0.9550000000000001, 0.005, 0.985
0.965, 0.005, 0.985
0.975, 0.005, 0.985
0.985, 0.005, 0.985
0.995, 0.005, 0.985
1.005, 0.005, 0.985
1.0150000000000001, 0.005, 0.985
1.025, 0.005, 0.985
1.0350000000000001, 0.005, 0.985
1.045, 0.005, 0.985
1.0550000000000002, 0.005, 0.985
1.065, 0.005, 0.985
1.0750000000000002, 0.005, 0.985
1.085, 0.005, 0.985
1.0950000000000002, 0.005, 0.985
1.105, 0.005, 0.985
1.1150000000000002, 0.005, 0.985
1.125, 0.005, 0.985
1.1350000000000002, 0.005, 0.985
1.145, 0.005, 0.985
1.155, 0.005, 0.985
1.165, 0.005, 0.985
1.1749999999999998, 0.005, 0.985
1.185, 0.005, 0.985
1.1949999999999998, 0.005, 0.985
1.205, 0.005, 0.985
1.2149999999999999, 0.005, 0.985
1.225, 0.005, 0.985
1.2349999999999999, 0.005, 0.985
1.245, 0.005, 0.985
1.255, 0.005, 0.985
1.2650000000000001, 0.005, 0.985
1.275, 0.005, 0.985
1.2850000000000001, 0.005, 0.985
1.295, 0.005, 0.985
1.3050000000000002, 0.005, 0.985
1.315, 0.005, 0.985
1.3250000000000002, 0.005, 0.985
1.335, 0.005, 0.985
1.3450000000000002, 0.005, 0.985
1.355, 0.005, 0.985
1.3650000000000002, 0.005, 0.985
1.375, 0.005, 0.985
1.3850000000000002, 0.005, 0.985
1.395, 0.005, 0.985
1.405, 0.005, 0.985
1.415, 0.005, 0.985
1.4249999999999998, 0.005, 0.985
1.435, 0.005, 0.985
1.4449999999999998, 0.005, 0.985
1.455, 0.005, 0.985
1.4649999999999999, 0.005, 0.985
1.475, 0.005, 0.985
1.4849999999999999, 0.005, 0.985
1.495, 0.005, 0.985
1.505, 0.005, 0.985
1.5150000000000001, 0.005, 0.985
1.525, 0.005, 0.985
1.5350000000000001, 0.005, 0.985
1.545, 0.005, 0.985
1.5550000000000002, 0.005, 0.985
1.565, 0.005, 0.985
1.5750000000000002, 0.005, 0.985
1.585, 0.005, 0.985
1.5950000000000002, 0.005, 0.985
1.605, 0.005, 0.985
1.6150000000000002, 0.005, 0.985
1.625, 0.005, 0.985
1.6350000000000002, 0.005, 0.985
1.645, 0.005, 0.985
1.6550000000000002, 0.005, 0.985
1.665, 0.005, 0.985
1.6749999999999998, 0.005, 0.985
1.685, 0.005, 0.985
1.6949999999999998, 0.005, 0.985
1.705, 0.005, 0.985
1.7149999999999999, 0.005, 0.985
1.725, 0.005, 0.985
1.7349999999999999, 0.005, 0.985
1.745, 0.005, 0.985
1.755, 0.005, 0.985
1.7650000000000001, 0.005, 0.985
1.775, 0.005, 0.985
1.7850000000000001, 0.005, 0.985
1.795, 0.005, 0.985
1.8050000000000002, 0.005, 0.985
1.815, 0.005, 0.985
1.8250000000000002, 0.005, 0.985
1.835, 0.005, 0.985
1.8450000000000002, 0.005, 0.985
1.855, 0.005, 0.985
1.8650000000000002, 0.005, 0.985
1.875, 0.005, 0.985
1.8850000000000002, 0.005, 0.985
1.895, 0.005, 0.985
1.9050000000000002, 0.005, 0.985
1.915, 0.005, 0.985
1.9249999999999998, 0.005, 0.985
1.935, 0.005, 0.985
1.9449999999999998, 0.005, 0.985
1.955, 0.005, 0.985
1.9649999999999999, 0.005, 0.985
1.975, 0.005, 0.985
1.9849999999999999, 0.005, 0.985
1.995, 0.005, 0.985
2.005, 0.005, 0.985
2.015, 0.005, 0.985
2.0250000000000004, 0.005, 0.985
2.035, 0.005, 0.985
2.045, 0.005, 0.985
2.0549999999999997, 0.005, 0.985
2.065, 0.005, 0.985
2.075, 0.005, 0.985
2.085, 0.005, 0.985
2.0949999999999998, 0.005, 0.985
2.105, 0.005, 0.985
2.115, 0.005, 0.985
2.125, 0.005, 0.985
2.135, 0.005, 0.985
2.145, 0.005, 0.985
2.1550000000000002, 0.005, 0.985
2.165, 0.005, 0.985
2.175, 0.005, 0.985
2.185, 0.005, 0.985
2.1950000000000003, 0.005, 0.985
2.205, 0.005, 0.985
2.215, 0.005, 0.985
2.225, 0.005, 0.985
2.2350000000000003, 0.005, 0.985
2.245, 0.005, 0.985
2.255, 0.005, 0.985
2.265, 0.005, 0.985
2.2750000000000004, 0.005, 0.985
2.285, 0.005, 0.985
2.295, 0.005, 0.985
2.305, 0.005, 0.985
2.315, 0.005, 0.985
2.325, 0.005, 0.985
2.335, 0.005, 0.985
2.3449999999999998, 0.005, 0.985
2.355, 0.005, 0.985
2.365, 0.005, 0.985
2.375, 0.005, 0.985
2.385, 0.005, 0.985
2.395, 0.005, 0.985
2.4050000000000002, 0.005, 0.985
2.415, 0.005, 0.985
2.425, 0.005, 0.985
2.435, 0.005, 0.985
2.4450000000000003, 0.005, 0.985
2.455, 0.005, 0.985
2.465, 0.005, 0.985
2.475, 0.005, 0.985
2.4850000000000003, 0.005, 0.985
2.495, 0.005, 0.985
2.505, 0.005, 0.985
2.515, 0.005, 0.985
2.5250000000000004, 0.005, 0.985
2.535, 0.005, 0.985
2.545, 0.005, 0.985
2.555, 0.005, 0.985
2.565, 0.005, 0.985
2.575, 0.005, 0.985
2.585, 0.005, 0.985
2.5949999999999998, 0.005, 0.985
2.605, 0.005, 0.985
2.615, 0.005, 0.985
2.625, 0.005, 0.985
2.635, 0.005, 0.985
2.645, 0.005, 0.985
2.6550000000000002, 0.005, 0.985
2.665, 0.005, 0.985
2.675, 0.005, 0.985
2.685, 0.005, 0.985
2.6950000000000003, 0.005, 0.985
2.705, 0.005, 0.985
2.715, 0.005, 0.985
2.725, 0.005, 0.985
2.7350000000000003, 0.005, 0.985
2.745, 0.005, 0.985
2.755, 0.005, 0.985
2.765, 0.005, 0.985
2.7750000000000004, 0.005, 0.985
2.785, 0.005, 0.985
2.795, 0.005, 0.985
0.005, 0.005, 0.995
0.015, 0.005, 0.995
0.025, 0.005, 0.995
0.035, 0.005, 0.995
0.045, 0.005, 0.995
0.055, 0.005, 0.995
0.065, 0.005, 0.995
0.07500000000000001, 0.005, 0.995
0.08499999999999999, 0.005, 0.995
0.095, 0.005, 0.995
0.10500000000000001, 0.005, 0.995
0.11499999999999999, 0.005, 0.995
0.125, 0.005, 0.995
0.135, 0.005, 0.995
0.14500000000000002, 0.005, 0.995
0.155, 0.005, 0.995
0.165, 0.005, 0.995
0.175, 0.005, 0.995
0.185, 0.005, 0.995
0.195, 0.005, 0.995
0.20500000000000002, 0.005, 0.995
0.215, 0.005, 0.995
0.225, 0.005, 0.995
0.235, 0.005, 0.995
0.245, 0.005, 0.995
0.255, 0.005, 0.995
0.265, 0.005, 0.995
0.275, 0.005, 0.995
0.28500000000000003, 0.005, 0.995
0.295, 0.005, 0.995
0.305, 0.005, 0.995
0.315, 0.005, 0.995
0.325, 0.005, 0.995
0.335, 0.005, 0.995
0.34500000000000003, 0.005, 0.995
0.355, 0.005, 0.995
0.365, 0.005, 0.995
0.375, 0.005, 0.995
0.385, 0.005, 0.995
0.395, 0.005, 0.995
0.405, 0.005, 0.995
0.41500000000000004, 0.005, 0.995
0.425, 0.005, 0.995
0.435, 0.005, 0.995
0.445, 0.005, 0.995
0.455, 0.005, 0.995
0.465, 0.005, 0.995
0.475, 0.005, 0.995
0.485, 0.005, 0.995
0.495, 0.005, 0.995
0.505, 0.005, 0.995
0.515, 0.005, 0.995
0.525, 0.005, 0.995
0.535, 0.005, 0.995
0.545, 0.005, 0.995
0.555, 0.005, 0.995
0.5650000000000001, 0.005, 0.995
0.575, 0.005, 0.995
0.585, 0.005, 0.995
0.595, 0.005, 0.995
0.605, 0.005, 0.995
0.615, 0.005, 0.995
0.625, 0.005, 0.995
0.635, 0.005, 0.995
0.645, 0.005, 0.995
0.655, 0.005, 0.995
0.665, 0.005, 0.995
0.675, 0.005, 0.995
0.685, 0.005, 0.995
0.6950000000000001, 0.005, 0.995
0.7050000000000001, 0.005, 0.995
0.715, 0.005, 0.995
0.725, 0.005, 0.995
0.735, 0.005, 0.995
0.745, 0.005, 0.995
0.755, 0.005, 0.995
0.765, 0.005, 0.995
0.775, 0.005, 0.995
0.785, 0.005, 0.995
0.795, 0.005, 0.995
0.805, 0.005, 0.995
0.8150000000000001, 0.005, 0.995
0.8250000000000001, 0.005, 0.995
0.835, 0.005, 0.995
0.845, 0.005, 0.995
0.855, 0.005, 0.995
0.865, 0.005, 0.995
0.875, 0.005, 0.995
0.885, 0.005, 0.995
0.895, 0.005, 0.995
0.905, 0.005, 0.995
0.915, 0.005, 0.995
0.925, 0.005, 0.995
0.935, 0.005, 0.995
0.9450000000000001, 0.005, 0.995
0.9550000000000001, 0.005, 0.995
0.965, 0.005, 0.995
0.975, 0.005, 0.995
0.985, 0.005, 0.995
0.995, 0.005, 0.995
1.005, 0.005, 0.995
1.0150000000000001, 0.005, 0.995
1.025, 0.005, 0.995
1.0350000000000001, 0.005, 0.995
1.045, 0.005, 0.995
1.0550000000000002, 0.005, 0.995
1.065, 0.005, 0.995
1.0750000000000002, 0.005, 0.995
1.085, 0.005, 0.995
1.0950000000000002, 0.005, 0.995
1.105, 0.005, 0.995
1.1150000000000002, 0.005, 0.995
1.125, 0.005, 0.995
1.1350000000000002, 0.005, 0.995
1.145, 0.005, 0.995
1.155, 0.005, 0.995
1.165, 0.005, 0.995
1.1749999999999998, 0.005, 0.995
1.185, 0.005, 0.995
1.1949999999999998, 0.005, 0.995
1.205, 0.005, 0.995
1.2149999999999999, 0.005, 0.995
1.225, 0.005, 0.995
1.2349999999999999, 0.005, 0.995
1.245, 0.005, 0.995
1.255, 0.005, 0.995
1.2650000000000001, 0.005, 0.995
1.275, 0.005, 0.995
1.2850000000000001, 0.005, 0.995
1.295, 0.005, 0.995
1.3050000000000002, 0.005, 0.995
1.315, 0.005, 0.995
1.3250000000000002, 0.005, 0.995
1.335, 0.005, 0.995
1.3450000000000002, 0.005, 0.995
1.355, 0.005, 0.995
1.3650000000000002, 0.005, 0.995
1.375, 0.005, 0.995
1.3850000000000002, 0.005, 0.995
1.395, 0.005, 0.995
1.405, 0.005, 0.995
1.415, 0.005, 0.995
1.4249999999999998, 0.005, 0.995
1.435, 0.005, 0.995
1.4449999999999998, 0.005, 0.995
1.455, 0.005, 0.995
1.4649999999999999, 0.005, 0.995
1.475, 0.005, 0.995
1.4849999999999999, 0.005, 0.995
1.495, 0.005, 0.995
1.505, 0.005, 0.995
1.5150000000000001, 0.005, 0.995
1.525, 0.005, 0.995
1.5350000000000001, 0.005, 0.995
1.545, 0.005, 0.995
1.5550000000000002, 0.005, 0.995
1.565, 0.005, 0.995
1.5750000000000002, 0.005, 0.995
1.585, 0.005, 0.995
1.5950000000000002, 0.005, 0.995
1.605, 0.005, 0.995
1.6150000000000002, 0.005, 0.995
1.625, 0.005, 0.995
1.6350000000000002, 0.005, 0.995
1.645, 0.005, 0.995
1.6550000000000002, 0.005, 0.995
1.665, 0.005, 0.995
1.6749999999999998, 0.005, 0.995
1.685, 0.005, 0.995
1.6949999999999998, 0.005, 0.995
1.705, 0.005, 0.995
1.7149999999999999, 0.005, 0.995
1.725, 0.005, 0.995
1.7349999999999999, 0.005, 0.995
1.745, 0.005, 0.995
1.755, 0.005, 0.995
1.7650000000000001, 0.005, 0.995
1.775, 0.005, 0.995
1.7850000000000001, 0.005, 0.995
1.795, 0.005, 0.995
1.8050000000000002, 0.005, 0.995
1.815, 0.005, 0.995
1.8250000000000002, 0.005, 0.995
1.835, 0.005, 0.995
1.8450000000000002, 0.005, 0.995
1.855, 0.005, 0.995
1.8650000000000002, 0.005, 0.995
1.875, 0.005, 0.995
1.8850000000000002, 0.005, 0.995
1.895, 0.005, 0.995
1.9050000000000002, 0.005, 0.995
1.915, 0.005, 0.995
1.9249999999999998, 0.005, 0.995
1.935, 0.005, 0.995
1.9449999999999998, 0.005, 0.995
1.955, 0.005, 0.995
1.9649999999999999, 0.005, 0.995
1.975, 0.005, 0.995
1.9849999999999999, 0.005, 0.995
1.995, 0.005, 0.995
2.005, 0.005, 0.995
2.015, 0.005, 0.995
2.0250000000000004, 0.005, 0.995
2.035, 0.005, 0.995
2.045, 0.005, 0.995
2.0549999999999997, 0.005, 0.995
2.065, 0.005, 0.995
2.075, 0.005, 0.995
2.085, 0.005, 0.995
2.0949999999999998, 0.005, 0.995
2.105, 0.005, 0.995
2.115, 0.005, 0.995
2.125, 0.005, 0.995
2.135, 0.005, 0.995
2.145, 0.005, 0.995
2.1550000000000002, 0.005, 0.995
2.165, 0.005, 0.995
2.175, 0.005, 0.995
2.185, 0.005, 0.995
2.1950000000000003, 0.005, 0.995
2.205, 0.005, 0.995
2.215, 0.005, 0.995
2.225, 0.005, 0.995
2.2350000000000003, 0.005, 0.995
2.245, 0.005, 0.995
2.255, 0.005, 0.995
2.265, 0.005, 0.995
2.2750000000000004, 0.005, 0.995
2.285, 0.005, 0.995
2.295, 0.005, 0.995
2.305, 0.005, 0.995
2.315, 0.005, 0.995
2.325, 0.005, 0.995
2.335, 0.005, 0.995
2.3449999999999998, 0.005, 0.995
2.355, 0.005, 0.995
2.365, 0.005, 0.995
2.375, 0.005, 0.995
2.385, 0.005, 0.995
2.395, 0.005, 0.995
2.4050000000000002, 0.005, 0.995
2.415, 0.005, 0.995
2.425, 0.005, 0.995
2.435, 0.005, 0.995
2.4450000000000003, 0.005, 0.995
2.455, 0.005, 0.995
2.465, 0.005, 0.995
2.475, 0.005, 0.995
2.4850000000000003, 0.005, 0.995
2.495, 0.005, 0.995
2.505, 0.005, 0.995
2.515, 0.005, 0.995
2.5250000000000004, 0.005, 0.995
2.535, 0.005, 0.995
2.545, 0.005, 0.995
2.555, 0.005, 0.995
2.565, 0.005, 0.995
2.575, 0.005, 0.995
2.585, 0.005, 0.995
2.5949999999999998, 0.005, 0.995
2.605, 0.005, 0.995
2.615, 0.005, 0.995
2.625, 0.005, 0.995
2.635, 0.005, 0.995
2.645, 0.005, 0.995
2.6550000000000002, 0.005, 0.995
2.665, 0.005, 0.995
2.675, 0.005, 0.995
2.685, 0.005, 0.995
2.6950000000000003, 0.005, 0.995
2.705, 0.005, 0.995
2.715, 0.005, 0.995
2.725, 0.005, 0.995
2.7350000000000003, 0.005, 0.995
2.745, 0.005, 0.995
2.755, 0.005, 0.995
2.765, 0.005, 0.995
2.7750000000000004, 0.005, 0.995
2.785, 0.005, 0.995
2.795, 0.005, 0.995
0.005, 0.005, 1.005
0.015, 0.005, 1.005
0.025, 0.005, 1.005
0.035, 0.005, 1.005
0.045, 0.005, 1.005
0.055, 0.005, 1.005
0.065, 0.005, 1.005
0.07500000000000001, 0.005, 1.005
0.08499999999999999, 0.005, 1.005
0.095, 0.005, 1.005
0.10500000000000001, 0.005, 1.005
0.11499999999999999, 0.005, 1.005
0.125, 0.005, 1.005
0.135, 0.005, 1.005
0.14500000000000002, 0.005, 1.005
0.155, 0.005, 1.005
0.165, 0.005, 1.005
0.175, 0.005, 1.005
0.185, 0.005, 1.005
0.195, 0.005, 1.005
0.20500000000000002, 0.005, 1.005
0.215, 0.005, 1.005
0.225, 0.005, 1.005
0.235, 0.005, 1.005
0.245, 0.005, 1.005
0.255, 0.005, 1.005
0.265, 0.005, 1.005
0.275, 0.005, 1.005
0.28500000000000003, 0.005, 1.005
0.295, 0.005, 1.005
0.305, 0.005, 1.005
0.315, 0.005, 1.005
0.325, 0.005, 1.005
0.335, 0.005, 1.005
0.34500000000000003, 0.005, 1.005
0.355, 0.005, 1.005
0.365, 0.005, 1.005
0.375, 0.005, 1.005
0.385, 0.005, 1.005
0.395, 0.005, 1.005
0.405, 0.005, 1.005
0.41500000000000004, 0.005, 1.005
0.425, 0.005, 1.005
0.435, 0.005, 1.005
0.445, 0.005, 1.005
0.455, 0.005, 1.005
0.465, 0.005, 1.005
0.475, 0.005, 1.005
0.485, 0.005, 1.005
0.495, 0.005, 1.005
0.505, 0.005, 1.005
0.515, 0.005, 1.005
0.525, 0.005, 1.005
0.535, 0.005, 1.005
0.545, 0.005, 1.005
0.555, 0.005, 1.005
0.5650000000000001, 0.005, 1.005
0.575, 0.005, 1.005
0.585, 0.005, 1.005
0.595, 0.005, 1.005
0.605, 0.005, 1.005
0.615, 0.005, 1.005
0.625, 0.005, 1.005
0.635, 0.005, 1.005
0.645, 0.005, 1.005
0.655, 0.005, 1.005
0.665, 0.005, 1.005
0.675, 0.005, 1.005
0.685, 0.005, 1.005
0.6950000000000001, 0.005, 1.005
0.7050000000000001, 0.005, 1.005
0.715, 0.005, 1.005
0.725, 0.005, 1.005
0.735, 0.005, 1.005
0.745, 0.005, 1.005
0.755, 0.005, 1.005
0.765, 0.005, 1.005
0.775, 0.005, 1.005
0.785, 0.005, 1.005
0.795, 0.005, 1.005
0.805, 0.005, 1.005
0.8150000000000001, 0.005, 1.005
0.8250000000000001, 0.005, 1.005
0.835, 0.005, 1.005
0.845, 0.005, 1.005
0.855, 0.005, 1.005
0.865, 0.005, 1.005
0.875, 0.005, 1.005
0.885, 0.005, 1.005
0.895, 0.005, 1.005
0.905, 0.005, 1.005
0.915, 0.005, 1.005
0.925, 0.005, 1.005
0.935, 0.005, 1.005
0.9450000000000001, 0.005, 1.005
0.9550000000000001, 0.005, 1.005
0.965, 0.005, 1.005
0.975, 0.005, 1.005
0.985, 0.005, 1.005
0.995, 0.005, 1.005
1.005, 0.005, 1.005
1.0150000000000001, 0.005, 1.005
1.025, 0.005, 1.005
1.0350000000000001, 0.005, 1.005
1.045, 0.005, 1.005
1.0550000000000002, 0.005, 1.005
1.065, 0.005, 1.005
1.0750000000000002, 0.005, 1.005
1.085, 0.005, 1.005
1.0950000000000002, 0.005, 1.005
1.105, 0.005, 1.005
1.1150000000000002, 0.005, 1.005
1.125, 0.005, 1.005
1.1350000000000002, 0.005, 1.005
1.145, 0.005, 1.005
1.155, 0.005, 1.005
1.165, 0.005, 1.005
1.1749999999999998, 0.005, 1.005
1.185, 0.005, 1.005
1.1949999999999998, 0.005, 1.005
1.205, 0.005, 1.005
1.2149999999999999, 0.005, 1.005
1.225, 0.005, 1.005
1.2349999999999999, 0.005, 1.005
1.245, 0.005, 1.005
1.255, 0.005, 1.005
1.2650000000000001, 0.005, 1.005
1.275, 0.005, 1.005
1.2850000000000001, 0.005, 1.005
1.295, 0.005, 1.005
1.3050000000000002, 0.005, 1.005
1.315, 0.005, 1.005
1.3250000000000002, 0.005, 1.005
1.335, 0.005, 1.005
1.3450000000000002, 0.005, 1.005
1.355, 0.005, 1.005
1.3650000000000002, 0.005, 1.005
1.375, 0.005, 1.005
1.3850000000000002, 0.005, 1.005
1.395, 0.005, 1.005
1.405, 0.005, 1.005
1.415, 0.005, 1.005
1.4249999999999998, 0.005, 1.005
1.435, 0.005, 1.005
1.4449999999999998, 0.005, 1.005
1.455, 0.005, 1.005
1.4649999999999999, 0.005, 1.005
1.475, 0.005, 1.005
1.4849999999999999, 0.005, 1.005
1.495, 0.005, 1.005
1.505, 0.005, 1.005
1.5150000000000001, 0.005, 1.005
1.525, 0.005, 1.005
1.5350000000000001, 0.005, 1.005
1.545, 0.005, 1.005
1.5550000000000002, 0.005, 1.005
1.565, 0.005, 1.005
1.5750000000000002, 0.005, 1.005
1.585, 0.005, 1.005
1.5950000000000002, 0.005, 1.005
1.605, 0.005, 1.005
1.6150000000000002, 0.005, 1.005
1.625, 0.005, 1.005
1.6350000000000002, 0.005, 1.005
1.645, 0.005, 1.005
1.6550000000000002, 0.005, 1.005
1.665, 0.005, 1.005
1.6749999999999998, 0.005, 1.005
1.685, 0.005, 1.005
1.6949999999999998, 0.005, 1.005
1.705, 0.005, 1.005
1.7149999999999999, 0.005, 1.005
1.725, 0.005, 1.005
1.7349999999999999, 0.005, 1.005
1.745, 0.005, 1.005
1.755, 0.005, 1.005
1.7650000000000001, 0.005, 1.005
1.775, 0.005, 1.005
1.7850000000000001, 0.005, 1.005
1.795, 0.005, 1.005
1.8050000000000002, 0.005, 1.005
1.815, 0.005, 1.005
1.8250000000000002, 0.005, 1.005
1.835, 0.005, 1.005
1.8450000000000002, 0.005, 1.005
1.855, 0.005, 1.005
1.8650000000000002, 0.005, 1.005
1.875, 0.005, 1.005
1.8850000000000002, 0.005, 1.005
1.895, 0.005, 1.005
1.9050000000000002, 0.005, 1.005
1.915, 0.005, 1.005
1.9249999999999998, 0.005, 1.005
1.935, 0.005, 1.005
1.9449999999999998, 0.005, 1.005
1.955, 0.005, 1.005
1.9649999999999999, 0.005, 1.005
1.975, 0.005, 1.005
1.9849999999999999, 0.005, 1.005
1.995, 0.005, 1.005
2.005, 0.005, 1.005
2.015, 0.005, 1.005
2.0250000000000004, 0.005, 1.005
2.035, 0.005, 1.005
2.045, 0.005, 1.005
2.0549999999999997, 0.005, 1.005
2.065, 0.005, 1.005
2.075, 0.005, 1.005
2.085, 0.005, 1.005
2.0949999999999998, 0.005, 1.005
2.105, 0.005, 1.005
2.115, 0.005, 1.005
2.125, 0.005, 1.005
2.135, 0.005, 1.005
2.145, 0.005, 1.005
2.1550000000000002, 0.005, 1.005
2.165, 0.005, 1.005
2.175, 0.005, 1.005
2.185, 0.005, 1.005
2.1950000000000003, 0.005, 1.005
2.205, 0.005, 1.005
2.215, 0.005, 1.005
2.225, 0.005, 1.005
2.2350000000000003, 0.005, 1.005
2.245, 0.005, 1.005
2.255, 0.005, 1.005
2.265, 0.005, 1.005
2.2750000000000004, 0.005, 1.005
2.285, 0.005, 1.005
2.295, 0.005, 1.005
2.305, 0.005, 1.005
2.315, 0.005, 1.005
2.325, 0.005, 1.005
2.335, 0.005, 1.005
2.3449999999999998, 0.005, 1.005
2.355, 0.005, 1.005
2.365, 0.005, 1.005
2.375, 0.005, 1.005
2.385, 0.005, 1.005
2.395, 0.005, 1.005
2.4050000000000002, 0.005, 1.005
2.415, 0.005, 1.005
2.425, 0.005, 1.005
2.435, 0.005, 1.005
2.4450000000000003, 0.005, 1.005
2.455, 0.005, 1.005
2.465, 0.005, 1.005
2.475, 0.005, 1.005
2.4850000000000003, 0.005, 1.005
2.495, 0.005, 1.005
2.505, 0.005, 1.005
2.515, 0.005, 1.005
2.5250000000000004, 0.005, 1.005
2.535, 0.005, 1.005
2.545, 0.005, 1.005
2.555, 0.005, 1.005
2.565, 0.005, 1.005
2.575, 0.005, 1.005
2.585, 0.005, 1.005
2.5949999999999998, 0.005, 1.005
2.605, 0.005, 1.005
2.615, 0.005, 1.005
2.625, 0.005, 1.005
2.635, 0.005, 1.005
2.645, 0.005, 1.005
2.6550000000000002, 0.005, 1.005
2.665, 0.005, 1.005
2.675, 0.005, 1.005
2.685, 0.005, 1.005
2.6950000000000003, 0.005, 1.005
2.705, 0.005, 1.005
2.715, 0.005, 1.005
2.725, 0.005, 1.005
2.7350000000000003, 0.005, 1.005
2.745, 0.005, 1.005
2.755, 0.005, 1.005
2.765, 0.005, 1.005
2.7750000000000004, 0.005, 1.005
2.785, 0.005, 1.005
2.795, 0.005, 1.005
0.005, 0.005, 1.0150000000000001
0.015, 0.005, 1.0150000000000001
0.025, 0.005, 1.0150000000000001
0.035, 0.005, 1.0150000000000001
0.045, 0.005, 1.0150000000000001
0.055, 0.005, 1.0150000000000001
0.065, 0.005, 1.0150000000000001
0.07500000000000001, 0.005, 1.0150000000000001
0.08499999999999999, 0.005, 1.0150000000000001
0.095, 0.005, 1.0150000000000001
0.10500000000000001, 0.005, 1.0150000000000001
0.11499999999999999, 0.005, 1.0150000000000001
0.125, 0.005, 1.0150000000000001
0.135, 0.005, 1.0150000000000001
0.14500000000000002, 0.005, 1.0150000000000001
0.155, 0.005, 1.0150000000000001
0.165, 0.005, 1.0150000000000001
0.175, 0.005, 1.0150000000000001
0.185, 0.005, 1.0150000000000001
0.195, 0.005, 1.0150000000000001
0.20500000000000002, 0.005, 1.0150000000000001
0.215, 0.005, 1.0150000000000001
0.225, 0.005, 1.0150000000000001
0.235, 0.005, 1.0150000000000001
0.245, 0.005, 1.0150000000000001
0.255, 0.005, 1.0150000000000001
0.265, 0.005, 1.0150000000000001
0.275, 0.005, 1.0150000000000001
0.28500000000000003, 0.005, 1.0150000000000001
0.295, 0.005, 1.0150000000000001
0.305, 0.005, 1.0150000000000001
0.315, 0.005, 1.0150000000000001
0.325, 0.005, 1.0150000000000001
0.335, 0.005, 1.0150000000000001
0.34500000000000003, 0.005, 1.0150000000000001
0.355, 0.005, 1.0150000000000001
0.365, 0.005, 1.0150000000000001
0.375, 0.005, 1.0150000000000001
0.385, 0.005, 1.0150000000000001
0.395, 0.005, 1.0150000000000001
0.405, 0.005, 1.0150000000000001
0.41500000000000004, 0.005, 1.0150000000000001
0.425, 0.005, 1.0150000000000001
0.435, 0.005, 1.0150000000000001
0.445, 0.005, 1.0150000000000001
0.455, 0.005, 1.0150000000000001
0.465, 0.005, 1.0150000000000001
0.475, 0.005, 1.0150000000000001
0.485, 0.005, 1.0150000000000001
0.495, 0.005, 1.0150000000000001
0.505, 0.005, 1.0150000000000001
0.515, 0.005, 1.0150000000000001
0.525, 0.005, 1.0150000000000001
0.535, 0.005, 1.0150000000000001
0.545, 0.005, 1.0150000000000001
0.555, 0.005, 1.0150000000000001
0.5650000000000001, 0.005, 1.0150000000000001
0.575, 0.005, 1.0150000000000001
0.585, 0.005, 1.0150000000000001
0.595, 0.005, 1.0150000000000001
0.605, 0.005, 1.0150000000000001
0.615, 0.005, 1.0150000000000001
0.625, 0.005, 1.0150000000000001
0.635, 0.005, 1.0150000000000001
0.645, 0.005, 1.0150000000000001
0.655, 0.005, 1.0150000000000001
0.665, 0.005, 1.0150000000000001
0.675, 0.005, 1.0150000000000001
0.685, 0.005, 1.0150000000000001
0.6950000000000001, 0.005, 1.0150000000000001
0.7050000000000001, 0.005, 1.0150000000000001
0.715, 0.005, 1.0150000000000001
0.725, 0.005, 1.0150000000000001
0.735, 0.005, 1.0150000000000001
0.745, 0.005, 1.0150000000000001
0.755, 0.005, 1.0150000000000001
0.765, 0.005, 1.0150000000000001
0.775, 0.005, 1.0150000000000001
0.785, 0.005, 1.0150000000000001
0.795, 0.005, 1.0150000000000001
0.805, 0.005, 1.0150000000000001
0.8150000000000001, 0.005, 1.0150000000000001
0.8250000000000001, 0.005, 1.0150000000000001
0.835, 0.005, 1.0150000000000001
0.845, 0.005, 1.0150000000000001
0.855, 0.005, 1.0150000000000001
0.865, 0.005, 1.0150000000000001
0.875, 0.005, 1.0150000000000001
0.885, 0.005, 1.0150000000000001
0.895, 0.005, 1.0150000000000001
0.905, 0.005, 1.0150000000000001
0.915, 0.005, 1.0150000000000001
0.925, 0.005, 1.0150000000000001
0.935, 0.005, 1.0150000000000001
0.9450000000000001, 0.005, 1.0150000000000001
0.9550000000000001, 0.005, 1.0150000000000001
0.965, 0.005, 1.0150000000000001
0.975, 0.005, 1.0150000000000001
0.985, 0.005, 1.0150000000000001
0.995, 0.005, 1.0150000000000001
1.005, 0.005, 1.0150000000000001
1.0150000000000001, 0.005, 1.0150000000000001
1.025, 0.005, 1.0150000000000001
1.0350000000000001, 0.005, 1.0150000000000001
1.045, 0.005, 1.0150000000000001
1.0550000000000002, 0.005, 1.0150000000000001
1.065, 0.005, 1.0150000000000001
1.0750000000000002, 0.005, 1.0150000000000001
1.085, 0.005, 1.0150000000000001
1.0950000000000002, 0.005, 1.0150000000000001
1.105, 0.005, 1.0150000000000001
1.1150000000000002, 0.005, 1.0150000000000001
1.125, 0.005, 1.0150000000000001
1.1350000000000002, 0.005, 1.0150000000000001
1.145, 0.005, 1.0150000000000001
1.155, 0.005, 1.0150000000000001
1.165, 0.005, 1.0150000000000001
1.1749999999999998, 0.005, 1.0150000000000001
1.185, 0.005, 1.0150000000000001
1.1949999999999998, 0.005, 1.0150000000000001
1.205, 0.005, 1.0150000000000001
1.2149999999999999, 0.005, 1.0150000000000001
1.225, 0.005, 1.0150000000000001
1.2349999999999999, 0.005, 1.0150000000000001
1.245, 0.005, 1.0150000000000001
1.255, 0.005, 1.0150000000000001
1.2650000000000001, 0.005, 1.0150000000000001
1.275, 0.005, 1.0150000000000001
1.2850000000000001, 0.005, 1.0150000000000001
1.295, 0.005, 1.0150000000000001
1.3050000000000002, 0.005, 1.0150000000000001
1.315, 0.005, 1.0150000000000001
1.3250000000000002, 0.005, 1.0150000000000001
1.335, 0.005, 1.0150000000000001
1.3450000000000002, 0.005, 1.0150000000000001
1.355, 0.005, 1.0150000000000001
1.3650000000000002, 0.005, 1.0150000000000001
1.375, 0.005, 1.0150000000000001
1.3850000000000002, 0.005, 1.0150000000000001
1.395, 0.005, 1.0150000000000001
1.405, 0.005, 1.0150000000000001
1.415, 0.005, 1.0150000000000001
1.4249999999999998, 0.005, 1.0150000000000001
1.435, 0.005, 1.0150000000000001
1.4449999999999998, 0.005, 1.0150000000000001
1.455, 0.005, 1.0150000000000001
1.4649999999999999, 0.005, 1.0150000000000001
1.475, 0.005, 1.0150000000000001
1.4849999999999999, 0.005, 1.0150000000000001
1.495, 0.005, 1.0150000000000001
1.505, 0.005, 1.0150000000000001
1.5150000000000001, 0.005, 1.0150000000000001
1.525, 0.005, 1.0150000000000001
1.5350000000000001, 0.005, 1.0150000000000001
1.545, 0.005, 1.0150000000000001
1.5550000000000002, 0.005, 1.0150000000000001
1.565, 0.005, 1.0150000000000001
1.5750000000000002, 0.005, 1.0150000000000001
1.585, 0.005, 1.0150000000000001
1.5950000000000002, 0.005, 1.0150000000000001
1.605, 0.005, 1.0150000000000001
1.6150000000000002, 0.005, 1.0150000000000001
1.625, 0.005, 1.0150000000000001
1.6350000000000002, 0.005, 1.0150000000000001
1.645, 0.005, 1.0150000000000001
1.6550000000000002, 0.005, 1.0150000000000001
1.665, 0.005, 1.0150000000000001
1.6749999999999998, 0.005, 1.0150000000000001
1.685, 0.005, 1.0150000000000001
1.6949999999999998, 0.005, 1.0150000000000001
1.705, 0.005, 1.0150000000000001
1.7149999999999999, 0.005, 1.0150000000000001
1.725, 0.005, 1.0150000000000001
1.7349999999999999, 0.005, 1.0150000000000001
1.745, 0.005, 1.0150000000000001
1.755, 0.005, 1.0150000000000001
1.7650000000000001, 0.005, 1.0150000000000001
1.775, 0.005, 1.0150000000000001
1.7850000000000001, 0.005, 1.0150000000000001
1.795, 0.005, 1.0150000000000001
1.8050000000000002, 0.005, 1.0150000000000001
1.815, 0.005, 1.0150000000000001
1.8250000000000002, 0.005, 1.0150000000000001
1.835, 0.005, 1.0150000000000001
1.8450000000000002, 0.005, 1.0150000000000001
1.855, 0.005, 1.0150000000000001
1.8650000000000002, 0.005, 1.0150000000000001
1.875, 0.005, 1.0150000000000001
1.8850000000000002, 0.005, 1.0150000000000001
1.895, 0.005, 1.0150000000000001
1.9050000000000002, 0.005, 1.0150000000000001
1.915, 0.005, 1.0150000000000001
1.9249999999999998, 0.005, 1.0150000000000001
1.935, 0.005, 1.0150000000000001
1.9449999999999998, 0.005, 1.0150000000000001
1.955, 0.005, 1.0150000000000001
1.9649999999999999, 0.005, 1.0150000000000001
1.975, 0.005, 1.0150000000000001
1.9849999999999999, 0.005, 1.0150000000000001
1.995, 0.005, 1.0150000000000001
2.005, 0.005, 1.0150000000000001
2.015, 0.005, 1.0150000000000001
2.0250000000000004, 0.005, 1.0150000000000001
2.035, 0.005, 1.0150000000000001
2.045, 0.005, 1.0150000000000001
2.0549999999999997, 0.005, 1.0150000000000001
2.065, 0.005, 1.0150000000000001
2.075, 0.005, 1.0150000000000001
2.085, 0.005, 1.0150000000000001
2.0949999999999998, 0.005, 1.0150000000000001
2.105, 0.005, 1.0150000000000001
2.115, 0.005, 1.0150000000000001
2.125, 0.005, 1.0150000000000001
2.135, 0.005, 1.0150000000000001
2.145, 0.005, 1.0150000000000001
2.1550000000000002, 0.005, 1.0150000000000001
2.165, 0.005, 1.0150000000000001
2.175, 0.005, 1.0150000000000001
2.185, 0.005, 1.0150000000000001
2.1950000000000003, 0.005, 1.0150000000000001
2.205, 0.005, 1.0150000000000001
2.215, 0.005, 1.0150000000000001
2.225, 0.005, 1.0150000000000001
2.2350000000000003, 0.005, 1.0150000000000001
2.245, 0.005, 1.0150000000000001
2.255, 0.005, 1.0150000000000001
2.265, 0.005, 1.0150000000000001
2.2750000000000004, 0.005, 1.0150000000000001
2.285, 0.005, 1.0150000000000001
2.295, 0.005, 1.0150000000000001
2.305, 0.005, 1.0150000000000001
2.315, 0.005, 1.0150000000000001
2.325, 0.005, 1.0150000000000001
2.335, 0.005, 1.0150000000000001
2.3449999999999998, 0.005, 1.0150000000000001
2.355, 0.005, 1.0150000000000001
2.365, 0.005, 1.0150000000000001
2.375, 0.005, 1.0150000000000001
2.385, 0.005, 1.0150000000000001
2.395, 0.005, 1.0150000000000001
2.4050000000000002, 0.005, 1.0150000000000001
2.415, 0.005, 1.0150000000000001
2.425, 0.005, 1.0150000000000001
2.435, 0.005, 1.0150000000000001
2.4450000000000003, 0.005, 1.0150000000000001
2.455, 0.005, 1.0150000000000001
2.465, 0.005, 1.0150000000000001
2.475, 0.005, 1.0150000000000001
2.4850000000000003, 0.005, 1.0150000000000001
2.495, 0.005, 1.0150000000000001
2.505, 0.005, 1.0150000000000001
2.515, 0.005, 1.0150000000000001
2.5250000000000004, 0.005, 1.0150000000000001
2.535, 0.005, 1.0150000000000001
2.545, 0.005, 1.0150000000000001
2.555, 0.005, 1.0150000000000001
2.565, 0.005, 1.0150000000000001
2.575, 0.005, 1.0150000000000001
2.585, 0.005, 1.0150000000000001
2.5949999999999998, 0.005, 1.0150000000000001
2.605, 0.005, 1.0150000000000001
2.615, 0.005, 1.0150000000000001
2.625, 0.005, 1.0150000000000001
2.635, 0.005, 1.0150000000000001
2.645, 0.005, 1.0150000000000001
2.6550000000000002, 0.005, 1.0150000000000001
2.665, 0.005, 1.0150000000000001
2.675, 0.005, 1.0150000000000001
2.685, 0.005, 1.0150000000000001
2.6950000000000003, 0.005, 1.0150000000000001
2.705, 0.005, 1.0150000000000001
2.715, 0.005, 1.0150000000000001
2.725, 0.005, 1.0150000000000001
2.7350000000000003, 0.005, 1.0150000000000001
2.745, 0.005, 1.0150000000000001
2.755, 0.005, 1.0150000000000001
2.765, 0.005, 1.0150000000000001
2.7750000000000004, 0.005, 1.0150000000000001
2.785, 0.005, 1.0150000000000001
2.795, 0.005, 1.0150000000000001
0.005, 0.005, 1.025
0.015, 0.005, 1.025
0.025, 0.005, 1.025
0.035, 0.005, 1.025
0.045, 0.005, 1.025
0.055, 0.005, 1.025
0.065, 0.005, 1.025
0.07500000000000001, 0.005, 1.025
0.08499999999999999, 0.005, 1.025
0.095, 0.005, 1.025
0.10500000000000001, 0.005, 1.025
0.11499999999999999, 0.005, 1.025
0.125, 0.005, 1.025
0.135, 0.005, 1.025
0.14500000000000002, 0.005, 1.025
0.155, 0.005, 1.025
0.165, 0.005, 1.025
0.175, 0.005, 1.025
0.185, 0.005, 1.025
0.195, 0.005, 1.025
0.20500000000000002, 0.005, 1.025
0.215, 0.005, 1.025
0.225, 0.005, 1.025
0.235, 0.005, 1.025
0.245, 0.005, 1.025
0.255, 0.005, 1.025
0.265, 0.005, 1.025
0.275, 0.005, 1.025
0.28500000000000003, 0.005, 1.025
0.295, 0.005, 1.025
0.305, 0.005, 1.025
0.315, 0.005, 1.025
0.325, 0.005, 1.025
0.335, 0.005, 1.025
0.34500000000000003, 0.005, 1.025
0.355, 0.005, 1.025
0.365, 0.005, 1.025
0.375, 0.005, 1.025
0.385, 0.005, 1.025
0.395, 0.005, 1.025
0.405, 0.005, 1.025
0.41500000000000004, 0.005, 1.025
0.425, 0.005, 1.025
0.435, 0.005, 1.025
0.445, 0.005, 1.025
0.455, 0.005, 1.025
0.465, 0.005, 1.025
0.475, 0.005, 1.025
0.485, 0.005, 1.025
0.495, 0.005, 1.025
0.505, 0.005, 1.025
0.515, 0.005, 1.025
0.525, 0.005, 1.025
0.535, 0.005, 1.025
0.545, 0.005, 1.025
0.555, 0.005, 1.025
0.5650000000000001, 0.005, 1.025
0.575, 0.005, 1.025
0.585, 0.005, 1.025
0.595, 0.005, 1.025
0.605, 0.005, 1.025
0.615, 0.005, 1.025
0.625, 0.005, 1.025
0.635, 0.005, 1.025
0.645, 0.005, 1.025
0.655, 0.005, 1.025
0.665, 0.005, 1.025
0.675, 0.005, 1.025
0.685, 0.005, 1.025
0.6950000000000001, 0.005, 1.025
0.7050000000000001, 0.005, 1.025
0.715, 0.005, 1.025
0.725, 0.005, 1.025
0.735, 0.005, 1.025
0.745, 0.005, 1.025
0.755, 0.005, 1.025
0.765, 0.005, 1.025
0.775, 0.005, 1.025
0.785, 0.005, 1.025
0.795, 0.005, 1.025
0.805, 0.005, 1.025
0.8150000000000001, 0.005, 1.025
0.8250000000000001, 0.005, 1.025
0.835, 0.005, 1.025
0.845, 0.005, 1.025
0.855, 0.005, 1.025
0.865, 0.005, 1.025
0.875, 0.005, 1.025
0.885, 0.005, 1.025
0.895, 0.005, 1.025
0.905, 0.005, 1.025
0.915, 0.005, 1.025
0.925, 0.005, 1.025
0.935, 0.005, 1.025
0.9450000000000001, 0.005, 1.025
0.9550000000000001, 0.005, 1.025
0.965, 0.005, 1.025
0.975, 0.005, 1.025
0.985, 0.005, 1.025
0.995, 0.005, 1.025
1.005, 0.005, 1.025
1.0150000000000001, 0.005, 1.025
1.025, 0.005, 1.025
1.0350000000000001, 0.005, 1.025
1.045, 0.005, 1.025
1.0550000000000002, 0.005, 1.025
1.065, 0.005, 1.025
1.0750000000000002, 0.005, 1.025
1.085, 0.005, 1.025
1.0950000000000002, 0.005, 1.025
1.105, 0.005, 1.025
1.1150000000000002, 0.005, 1.025
1.125, 0.005, 1.025
1.1350000000000002, 0.005, 1.025
1.145, 0.005, 1.025
1.155, 0.005, 1.025
1.165, 0.005, 1.025
1.1749999999999998, 0.005, 1.025
1.185, 0.005, 1.025
1.1949999999999998, 0.005, 1.025
1.205, 0.005, 1.025
1.2149999999999999, 0.005, 1.025
1.225, 0.005, 1.025
1.2349999999999999, 0.005, 1.025
1.245, 0.005, 1.025
1.255, 0.005, 1.025
1.2650000000000001, 0.005, 1.025
1.275, 0.005, 1.025
1.2850000000000001, 0.005, 1.025
1.295, 0.005, 1.025
1.3050000000000002, 0.005, 1.025
1.315, 0.005, 1.025
1.3250000000000002, 0.005, 1.025
1.335, 0.005, 1.025
1.3450000000000002, 0.005, 1.025
1.355, 0.005, 1.025
1.3650000000000002, 0.005, 1.025
1.375, 0.005, 1.025
1.3850000000000002, 0.005, 1.025
1.395, 0.005, 1.025
1.405, 0.005, 1.025
1.415, 0.005, 1.025
1.4249999999999998, 0.005, 1.025
1.435, 0.005, 1.025
1.4449999999999998, 0.005, 1.025
1.455, 0.005, 1.025
1.4649999999999999, 0.005, 1.025
1.475, 0.005, 1.025
1.4849999999999999, 0.005, 1.025
1.495, 0.005, 1.025
1.505, 0.005, 1.025
1.5150000000000001, 0.005, 1.025
1.525, 0.005, 1.025
1.5350000000000001, 0.005, 1.025
1.545, 0.005, 1.025
1.5550000000000002, 0.005, 1.025
1.565, 0.005, 1.025
1.5750000000000002, 0.005, 1.025
1.585, 0.005, 1.025
1.5950000000000002, 0.005, 1.025
1.605, 0.005, 1.025
1.6150000000000002, 0.005, 1.025
1.625, 0.005, 1.025
1.6350000000000002, 0.005, 1.025
1.645, 0.005, 1.025
1.6550000000000002, 0.005, 1.025
1.665, 0.005, 1.025
1.6749999999999998, 0.005, 1.025
1.685, 0.005, 1.025
1.6949999999999998, 0.005, 1.025
1.705, 0.005, 1.025
1.7149999999999999, 0.005, 1.025
1.725, 0.005, 1.025
1.7349999999999999, 0.005, 1.025
1.745, 0.005, 1.025
1.755, 0.005, 1.025
1.7650000000000001, 0.005, 1.025
1.775, 0.005, 1.025
1.7850000000000001, 0.005, 1.025
1.795, 0.005, 1.025
1.8050000000000002, 0.005, 1.025
1.815, 0.005, 1.025
1.8250000000000002, 0.005, 1.025
1.835, 0.005, 1.025
1.8450000000000002, 0.005, 1.025
1.855, 0.005, 1.025
1.8650000000000002, 0.005, 1.025
1.875, 0.005, 1.025
1.8850000000000002, 0.005, 1.025
1.895, 0.005, 1.025
1.9050000000000002, 0.005, 1.025
1.915, 0.005, 1.025
1.9249999999999998, 0.005, 1.025
1.935, 0.005, 1.025
1.9449999999999998, 0.005, 1.025
1.955, 0.005, 1.025
1.9649999999999999, 0.005, 1.025
1.975, 0.005, 1.025
1.9849999999999999, 0.005, 1.025
1.995, 0.005, 1.025
2.005, 0.005, 1.025
2.015, 0.005, 1.025
2.0250000000000004, 0.005, 1.025
2.035, 0.005, 1.025
2.045, 0.005, 1.025
2.0549999999999997, 0.005, 1.025
2.065, 0.005, 1.025
2.075, 0.005, 1.025
2.085, 0.005, 1.025
2.0949999999999998, 0.005, 1.025
2.105, 0.005, 1.025
2.115, 0.005, 1.025
2.125, 0.005, 1.025
2.135, 0.005, 1.025
2.145, 0.005, 1.025
2.1550000000000002, 0.005, 1.025
2.165, 0.005, 1.025
2.175, 0.005, 1.025
2.185, 0.005, 1.025
2.1950000000000003, 0.005, 1.025
2.205, 0.005, 1.025
2.215, 0.005, 1.025
2.225, 0.005, 1.025
2.2350000000000003, 0.005, 1.025
2.245, 0.005, 1.025
2.255, 0.005, 1.025
2.265, 0.005, 1.025
2.2750000000000004, 0.005, 1.025
2.285, 0.005, 1.025
2.295, 0.005, 1.025
2.305, 0.005, 1.025
2.315, 0.005, 1.025
2.325, 0.005, 1.025
2.335, 0.005, 1.025
2.3449999999999998, 0.005, 1.025
2.355, 0.005, 1.025
2.365, 0.005, 1.025
2.375, 0.005, 1.025
2.385, 0.005, 1.025
2.395, 0.005, 1.025
2.4050000000000002, 0.005, 1.025
2.415, 0.005, 1.025
2.425, 0.005, 1.025
2.435, 0.005, 1.025
2.4450000000000003, 0.005, 1.025
2.455, 0.005, 1.025
2.465, 0.005, 1.025
2.475, 0.005, 1.025
2.4850000000000003, 0.005, 1.025
2.495, 0.005, 1.025
2.505, 0.005, 1.025
2.515, 0.005, 1.025
2.5250000000000004, 0.005, 1.025
2.535, 0.005, 1.025
2.545, 0.005, 1.025
2.555, 0.005, 1.025
2.565, 0.005, 1.025
2.575, 0.005, 1.025
2.585, 0.005, 1.025
2.5949999999999998, 0.005, 1.025
2.605, 0.005, 1.025
2.615, 0.005, 1.025
2.625, 0.005, 1.025
2.635, 0.005, 1.025
2.645, 0.005, 1.025
2.6550000000000002, 0.005, 1.025
2.665, 0.005, 1.025
2.675, 0.005, 1.025
2.685, 0.005, 1.025
2.6950000000000003, 0.005, 1.025
2.705, 0.005, 1.025
2.715, 0.005, 1.025
2.725, 0.005, 1.025
2.7350000000000003, 0.005, 1.025
2.745, 0.005, 1.025
2.755, 0.005, 1.025
2.765, 0.005, 1.025
2.7750000000000004, 0.005, 1.025
2.785, 0.005, 1.025
2.795, 0.005, 1.025
0.005, 0.005, 1.0350000000000001
0.015, 0.005, 1.0350000000000001
0.025, 0.005, 1.0350000000000001
0.035, 0.005, 1.0350000000000001
0.045, 0.005, 1.0350000000000001
0.055, 0.005, 1.0350000000000001
0.065, 0.005, 1.0350000000000001
0.07500000000000001, 0.005, 1.0350000000000001
0.08499999999999999, 0.005, 1.0350000000000001
0.095, 0.005, 1.0350000000000001
0.10500000000000001, 0.005, 1.0350000000000001
0.11499999999999999, 0.005, 1.0350000000000001
0.125, 0.005, 1.0350000000000001
0.135, 0.005, 1.0350000000000001
0.14500000000000002, 0.005, 1.0350000000000001
0.155, 0.005, 1.0350000000000001
0.165, 0.005, 1.0350000000000001
0.175, 0.005, 1.0350000000000001
0.185, 0.005, 1.0350000000000001
0.195, 0.005, 1.0350000000000001
0.20500000000000002, 0.005, 1.0350000000000001
0.215, 0.005, 1.0350000000000001
0.225, 0.005, 1.0350000000000001
0.235, 0.005, 1.0350000000000001
0.245, 0.005, 1.0350000000000001
0.255, 0.005, 1.0350000000000001
0.265, 0.005, 1.0350000000000001
0.275, 0.005, 1.0350000000000001
0.28500000000000003, 0.005, 1.0350000000000001
0.295, 0.005, 1.0350000000000001
0.305, 0.005, 1.0350000000000001
0.315, 0.005, 1.0350000000000001
0.325, 0.005, 1.0350000000000001
0.335, 0.005, 1.0350000000000001
0.34500000000000003, 0.005, 1.0350000000000001
0.355, 0.005, 1.0350000000000001
0.365, 0.005, 1.0350000000000001
0.375, 0.005, 1.0350000000000001
0.385, 0.005, 1.0350000000000001
0.395, 0.005, 1.0350000000000001
0.405, 0.005, 1.0350000000000001
0.41500000000000004, 0.005, 1.0350000000000001
0.425, 0.005, 1.0350000000000001
0.435, 0.005, 1.0350000000000001
0.445, 0.005, 1.0350000000000001
0.455, 0.005, 1.0350000000000001
0.465, 0.005, 1.0350000000000001
0.475, 0.005, 1.0350000000000001
0.485, 0.005, 1.0350000000000001
0.495, 0.005, 1.0350000000000001
0.505, 0.005, 1.0350000000000001
0.515, 0.005, 1.0350000000000001
0.525, 0.005, 1.0350000000000001
0.535, 0.005, 1.0350000000000001
0.545, 0.005, 1.0350000000000001
0.555, 0.005, 1.0350000000000001
0.5650000000000001, 0.005, 1.0350000000000001
0.575, 0.005, 1.0350000000000001
0.585, 0.005, 1.0350000000000001
0.595, 0.005, 1.0350000000000001
0.605, 0.005, 1.0350000000000001
0.615, 0.005, 1.0350000000000001
0.625, 0.005, 1.0350000000000001
0.635, 0.005, 1.0350000000000001
0.645, 0.005, 1.0350000000000001
0.655, 0.005, 1.0350000000000001
0.665, 0.005, 1.0350000000000001
0.675, 0.005, 1.0350000000000001
0.685, 0.005, 1.0350000000000001
0.6950000000000001, 0.005, 1.0350000000000001
0.7050000000000001, 0.005, 1.0350000000000001
0.715, 0.005, 1.0350000000000001
0.725, 0.005, 1.0350000000000001
0.735, 0.005, 1.0350000000000001
0.745, 0.005, 1.0350000000000001
0.755, 0.005, 1.0350000000000001
0.765, 0.005, 1.0350000000000001
0.775, 0.005, 1.0350000000000001
0.785, 0.005, 1.0350000000000001
0.795, 0.005, 1.0350000000000001
0.805, 0.005, 1.0350000000000001
0.8150000000000001, 0.005, 1.0350000000000001
0.8250000000000001, 0.005, 1.0350000000000001
0.835, 0.005, 1.0350000000000001
0.845, 0.005, 1.0350000000000001
0.855, 0.005, 1.0350000000000001
0.865, 0.005, 1.0350000000000001
0.875, 0.005, 1.0350000000000001
0.885, 0.005, 1.0350000000000001
0.895, 0.005, 1.0350000000000001
0.905, 0.005, 1.0350000000000001
0.915, 0.005, 1.0350000000000001
0.925, 0.005, 1.0350000000000001
0.935, 0.005, 1.0350000000000001
0.9450000000000001, 0.005, 1.0350000000000001
0.9550000000000001, 0.005, 1.0350000000000001
0.965, 0.005, 1.0350000000000001
0.975, 0.005, 1.0350000000000001
0.985, 0.005, 1.0350000000000001
0.995, 0.005, 1.0350000000000001
1.005, 0.005, 1.0350000000000001
1.0150000000000001, 0.005, 1.0350000000000001
1.025, 0.005, 1.0350000000000001
1.0350000000000001, 0.005, 1.0350000000000001
1.045, 0.005, 1.0350000000000001
1.0550000000000002, 0.005, 1.0350000000000001
1.065, 0.005, 1.0350000000000001
1.0750000000000002, 0.005, 1.0350000000000001
1.085, 0.005, 1.0350000000000001
1.0950000000000002, 0.005, 1.0350000000000001
1.105, 0.005, 1.0350000000000001
1.1150000000000002, 0.005, 1.0350000000000001
1.125, 0.005, 1.0350000000000001
1.1350000000000002, 0.005, 1.0350000000000001
1.145, 0.005, 1.0350000000000001
1.155, 0.005, 1.0350000000000001
1.165, 0.005, 1.0350000000000001
1.1749999999999998, 0.005, 1.0350000000000001
1.185, 0.005, 1.0350000000000001
1.1949999999999998, 0.005, 1.0350000000000001
1.205, 0.005, 1.0350000000000001
1.2149999999999999, 0.005, 1.0350000000000001
1.225, 0.005, 1.0350000000000001
1.2349999999999999, 0.005, 1.0350000000000001
1.245, 0.005, 1.0350000000000001
1.255, 0.005, 1.0350000000000001
1.2650000000000001, 0.005, 1.0350000000000001
1.275, 0.005, 1.0350000000000001
1.2850000000000001, 0.005, 1.0350000000000001
1.295, 0.005, 1.0350000000000001
1.3050000000000002, 0.005, 1.0350000000000001
1.315, 0.005, 1.0350000000000001
1.3250000000000002, 0.005, 1.0350000000000001
1.335, 0.005, 1.0350000000000001
1.3450000000000002, 0.005, 1.0350000000000001
1.355, 0.005, 1.0350000000000001
1.3650000000000002, 0.005, 1.0350000000000001
1.375, 0.005, 1.0350000000000001
1.3850000000000002, 0.005, 1.0350000000000001
1.395, 0.005, 1.0350000000000001
1.405, 0.005, 1.0350000000000001
1.415, 0.005, 1.0350000000000001
1.4249999999999998, 0.005, 1.0350000000000001
1.435, 0.005, 1.0350000000000001
1.4449999999999998, 0.005, 1.0350000000000001
1.455, 0.005, 1.0350000000000001
1.4649999999999999, 0.005, 1.0350000000000001
1.475, 0.005, 1.0350000000000001
1.4849999999999999, 0.005, 1.0350000000000001
1.495, 0.005, 1.0350000000000001
1.505, 0.005, 1.0350000000000001
1.5150000000000001, 0.005, 1.0350000000000001
1.525, 0.005, 1.0350000000000001
1.5350000000000001, 0.005, 1.0350000000000001
1.545, 0.005, 1.0350000000000001
1.5550000000000002, 0.005, 1.0350000000000001
1.565, 0.005, 1.0350000000000001
1.5750000000000002, 0.005, 1.0350000000000001
1.585, 0.005, 1.0350000000000001
1.5950000000000002, 0.005, 1.0350000000000001
1.605, 0.005, 1.0350000000000001
1.6150000000000002, 0.005, 1.0350000000000001
1.625, 0.005, 1.0350000000000001
1.6350000000000002, 0.005, 1.0350000000000001
1.645, 0.005, 1.0350000000000001
1.6550000000000002, 0.005, 1.0350000000000001
1.665, 0.005, 1.0350000000000001
1.6749999999999998, 0.005, 1.0350000000000001
1.685, 0.005, 1.0350000000000001
1.6949999999999998, 0.005, 1.0350000000000001
1.705, 0.005, 1.0350000000000001
1.7149999999999999, 0.005, 1.0350000000000001
1.725, 0.005, 1.0350000000000001
1.7349999999999999, 0.005, 1.0350000000000001
1.745, 0.005, 1.0350000000000001
1.755, 0.005, 1.0350000000000001
1.7650000000000001, 0.005, 1.0350000000000001
1.775, 0.005, 1.0350000000000001
1.7850000000000001, 0.005, 1.0350000000000001
1.795, 0.005, 1.0350000000000001
1.8050000000000002, 0.005, 1.0350000000000001
1.815, 0.005, 1.0350000000000001
1.8250000000000002, 0.005, 1.0350000000000001
1.835, 0.005, 1.0350000000000001
1.8450000000000002, 0.005, 1.0350000000000001
1.855, 0.005, 1.0350000000000001
1.8650000000000002, 0.005, 1.0350000000000001
1.875, 0.005, 1.0350000000000001
1.8850000000000002, 0.005, 1.0350000000000001
1.895, 0.005, 1.0350000000000001
1.9050000000000002, 0.005, 1.0350000000000001
1.915, 0.005, 1.0350000000000001
1.9249999999999998, 0.005, 1.0350000000000001
1.935, 0.005, 1.0350000000000001
1.9449999999999998, 0.005, 1.0350000000000001
1.955, 0.005, 1.0350000000000001
1.9649999999999999, 0.005, 1.0350000000000001
1.975, 0.005, 1.0350000000000001
1.9849999999999999, 0.005, 1.0350000000000001
1.995, 0.005, 1.0350000000000001
2.005, 0.005, 1.0350000000000001
2.015, 0.005, 1.0350000000000001
2.0250000000000004, 0.005, 1.0350000000000001
2.035, 0.005, 1.0350000000000001
2.045, 0.005, 1.0350000000000001
2.0549999999999997, 0.005, 1.0350000000000001
2.065, 0.005, 1.0350000000000001
2.075, 0.005, 1.0350000000000001
2.085, 0.005, 1.0350000000000001
2.0949999999999998, 0.005, 1.0350000000000001
2.105, 0.005, 1.0350000000000001
2.115, 0.005, 1.0350000000000001
2.125, 0.005, 1.0350000000000001
2.135, 0.005, 1.0350000000000001
2.145, 0.005, 1.0350000000000001
2.1550000000000002, 0.005, 1.0350000000000001
2.165, 0.005, 1.0350000000000001
2.175, 0.005, 1.0350000000000001
2.185, 0.005, 1.0350000000000001
2.1950000000000003, 0.005, 1.0350000000000001
2.205, 0.005, 1.0350000000000001
2.215, 0.005, 1.0350000000000001
2.225, 0.005, 1.0350000000000001
2.2350000000000003, 0.005, 1.0350000000000001
2.245, 0.005, 1.0350000000000001
2.255, 0.005, 1.0350000000000001
2.265, 0.005, 1.0350000000000001
2.2750000000000004, 0.005, 1.0350000000000001
2.285, 0.005, 1.0350000000000001
2.295, 0.005, 1.0350000000000001
2.305, 0.005, 1.0350000000000001
2.315, 0.005, 1.0350000000000001
2.325, 0.005, 1.0350000000000001
2.335, 0.005, 1.0350000000000001
2.3449999999999998, 0.005, 1.0350000000000001
2.355, 0.005, 1.0350000000000001
2.365, 0.005, 1.0350000000000001
2.375, 0.005, 1.0350000000000001
2.385, 0.005, 1.0350000000000001
2.395, 0.005, 1.0350000000000001
2.4050000000000002, 0.005, 1.0350000000000001
2.415, 0.005, 1.0350000000000001
2.425, 0.005, 1.0350000000000001
2.435, 0.005, 1.0350000000000001
2.4450000000000003, 0.005, 1.0350000000000001
2.455, 0.005, 1.0350000000000001
2.465, 0.005, 1.0350000000000001
2.475, 0.005, 1.0350000000000001
2.4850000000000003, 0.005, 1.0350000000000001
2.495, 0.005, 1.0350000000000001
2.505, 0.005, 1.0350000000000001
2.515, 0.005, 1.0350000000000001
2.5250000000000004, 0.005, 1.0350000000000001
2.535, 0.005, 1.0350000000000001
2.545, 0.005, 1.0350000000000001
2.555, 0.005, 1.0350000000000001
2.565, 0.005, 1.0350000000000001
2.575, 0.005, 1.0350000000000001
2.585, 0.005, 1.0350000000000001
2.5949999999999998, 0.005, 1.0350000000000001
2.605, 0.005, 1.0350000000000001
2.615, 0.005, 1.0350000000000001
2.625, 0.005, 1.0350000000000001
2.635, 0.005, 1.0350000000000001
2.645, 0.005, 1.0350000000000001
2.6550000000000002, 0.005, 1.0350000000000001
2.665, 0.005, 1.0350000000000001
2.675, 0.005, 1.0350000000000001
2.685, 0.005, 1.0350000000000001
2.6950000000000003, 0.005, 1.0350000000000001
2.705, 0.005, 1.0350000000000001
2.715, 0.005, 1.0350000000000001
2.725, 0.005, 1.0350000000000001
2.7350000000000003, 0.005, 1.0350000000000001
2.745, 0.005, 1.0350000000000001
2.755, 0.005, 1.0350000000000001
2.765, 0.005, 1.0350000000000001
2.7750000000000004, 0.005, 1.0350000000000001
2.785, 0.005, 1.0350000000000001
2.795, 0.005, 1.0350000000000001
0.005, 0.005, 1.045
0.015, 0.005, 1.045
0.025, 0.005, 1.045
0.035, 0.005, 1.045
0.045, 0.005, 1.045
0.055, 0.005, 1.045
0.065, 0.005, 1.045
0.07500000000000001, 0.005, 1.045
0.08499999999999999, 0.005, 1.045
0.095, 0.005, 1.045
0.10500000000000001, 0.005, 1.045
0.11499999999999999, 0.005, 1.045
0.125, 0.005, 1.045
0.135, 0.005, 1.045
0.14500000000000002, 0.005, 1.045
0.155, 0.005, 1.045
0.165, 0.005, 1.045
0.175, 0.005, 1.045
0.185, 0.005, 1.045
0.195, 0.005, 1.045
0.20500000000000002, 0.005, 1.045
0.215, 0.005, 1.045
0.225, 0.005, 1.045
0.235, 0.005, 1.045
0.245, 0.005, 1.045
0.255, 0.005, 1.045
0.265, 0.005, 1.045
0.275, 0.005, 1.045
0.28500000000000003, 0.005, 1.045
0.295, 0.005, 1.045
0.305, 0.005, 1.045
0.315, 0.005, 1.045
0.325, 0.005, 1.045
0.335, 0.005, 1.045
0.34500000000000003, 0.005, 1.045
0.355, 0.005, 1.045
0.365, 0.005, 1.045
0.375, 0.005, 1.045
0.385, 0.005, 1.045
0.395, 0.005, 1.045
0.405, 0.005, 1.045
0.41500000000000004, 0.005, 1.045
0.425, 0.005, 1.045
0.435, 0.005, 1.045
0.445, 0.005, 1.045
0.455, 0.005, 1.045
0.465, 0.005, 1.045
0.475, 0.005, 1.045
0.485, 0.005, 1.045
0.495, 0.005, 1.045
0.505, 0.005, 1.045
0.515, 0.005, 1.045
0.525, 0.005, 1.045
0.535, 0.005, 1.045
0.545, 0.005, 1.045
0.555, 0.005, 1.045
0.5650000000000001, 0.005, 1.045
0.575, 0.005, 1.045
0.585, 0.005, 1.045
0.595, 0.005, 1.045
0.605, 0.005, 1.045
0.615, 0.005, 1.045
0.625, 0.005, 1.045
0.635, 0.005, 1.045
0.645, 0.005, 1.045
0.655, 0.005, 1.045
0.665, 0.005, 1.045
0.675, 0.005, 1.045
0.685, 0.005, 1.045
0.6950000000000001, 0.005, 1.045
0.7050000000000001, 0.005, 1.045
0.715, 0.005, 1.045
0.725, 0.005, 1.045
0.735, 0.005, 1.045
0.745, 0.005, 1.045
0.755, 0.005, 1.045
0.765, 0.005, 1.045
0.775, 0.005, 1.045
0.785, 0.005, 1.045
0.795, 0.005, 1.045
0.805, 0.005, 1.045
0.8150000000000001, 0.005, 1.045
0.8250000000000001, 0.005, 1.045
0.835, 0.005, 1.045
0.845, 0.005, 1.045
0.855, 0.005, 1.045
0.865, 0.005, 1.045
0.875, 0.005, 1.045
0.885, 0.005, 1.045
0.895, 0.005, 1.045
0.905, 0.005, 1.045
0.915, 0.005, 1.045
0.925, 0.005, 1.045
0.935, 0.005, 1.045
0.9450000000000001, 0.005, 1.045
0.9550000000000001, 0.005, 1.045
0.965, 0.005, 1.045
0.975, 0.005, 1.045
0.985, 0.005, 1.045
0.995, 0.005, 1.045
1.005, 0.005, 1.045
1.0150000000000001, 0.005, 1.045
1.025, 0.005, 1.045
1.0350000000000001, 0.005, 1.045
1.045, 0.005, 1.045
1.0550000000000002, 0.005, 1.045
1.065, 0.005, 1.045
1.0750000000000002, 0.005, 1.045
1.085, 0.005, 1.045
1.0950000000000002, 0.005, 1.045
1.105, 0.005, 1.045
1.1150000000000002, 0.005, 1.045
1.125, 0.005, 1.045
1.1350000000000002, 0.005, 1.045
1.145, 0.005, 1.045
1.155, 0.005, 1.045
1.165, 0.005, 1.045
1.1749999999999998, 0.005, 1.045
1.185, 0.005, 1.045
1.1949999999999998, 0.005, 1.045
1.205, 0.005, 1.045
1.2149999999999999, 0.005, 1.045
1.225, 0.005, 1.045
1.2349999999999999, 0.005, 1.045
1.245, 0.005, 1.045
1.255, 0.005, 1.045
1.2650000000000001, 0.005, 1.045
1.275, 0.005, 1.045
1.2850000000000001, 0.005, 1.045
1.295, 0.005, 1.045
1.3050000000000002, 0.005, 1.045
1.315, 0.005, 1.045
1.3250000000000002, 0.005, 1.045
1.335, 0.005, 1.045
1.3450000000000002, 0.005, 1.045
1.355, 0.005, 1.045
1.3650000000000002, 0.005, 1.045
1.375, 0.005, 1.045
1.3850000000000002, 0.005, 1.045
1.395, 0.005, 1.045
1.405, 0.005, 1.045
1.415, 0.005, 1.045
1.4249999999999998, 0.005, 1.045
1.435, 0.005, 1.045
1.4449999999999998, 0.005, 1.045
1.455, 0.005, 1.045
1.4649999999999999, 0.005, 1.045
1.475, 0.005, 1.045
1.4849999999999999, 0.005, 1.045
1.495, 0.005, 1.045
1.505, 0.005, 1.045
1.5150000000000001, 0.005, 1.045
1.525, 0.005, 1.045
1.5350000000000001, 0.005, 1.045
1.545, 0.005, 1.045
1.5550000000000002, 0.005, 1.045
1.565, 0.005, 1.045
1.5750000000000002, 0.005, 1.045
1.585, 0.005, 1.045
1.5950000000000002, 0.005, 1.045
1.605, 0.005, 1.045
1.6150000000000002, 0.005, 1.045
1.625, 0.005, 1.045
1.6350000000000002, 0.005, 1.045
1.645, 0.005, 1.045
1.6550000000000002, 0.005, 1.045
1.665, 0.005, 1.045
1.6749999999999998, 0.005, 1.045
1.685, 0.005, 1.045
1.6949999999999998, 0.005, 1.045
1.705, 0.005, 1.045
1.7149999999999999, 0.005, 1.045
1.725, 0.005, 1.045
1.7349999999999999, 0.005, 1.045
1.745, 0.005, 1.045
1.755, 0.005, 1.045
1.7650000000000001, 0.005, 1.045
1.775, 0.005, 1.045
1.7850000000000001, 0.005, 1.045
1.795, 0.005, 1.045
1.8050000000000002, 0.005, 1.045
1.815, 0.005, 1.045
1.8250000000000002, 0.005, 1.045
1.835, 0.005, 1.045
1.8450000000000002, 0.005, 1.045
1.855, 0.005, 1.045
1.8650000000000002, 0.005, 1.045
1.875, 0.005, 1.045
1.8850000000000002, 0.005, 1.045
1.895, 0.005, 1.045
1.9050000000000002, 0.005, 1.045
1.915, 0.005, 1.045
1.9249999999999998, 0.005, 1.045
1.935, 0.005, 1.045
1.9449999999999998, 0.005, 1.045
1.955, 0.005, 1.045
1.9649999999999999, 0.005, 1.045
1.975, 0.005, 1.045
1.9849999999999999, 0.005, 1.045
1.995, 0.005, 1.045
2.005, 0.005, 1.045
2.015, 0.005, 1.045
2.0250000000000004, 0.005, 1.045
2.035, 0.005, 1.045
2.045, 0.005, 1.045
2.0549999999999997, 0.005, 1.045
2.065, 0.005, 1.045
2.075, 0.005, 1.045
2.085, 0.005, 1.045
2.0949999999999998, 0.005, 1.045
2.105, 0.005, 1.045
2.115, 0.005, 1.045
2.125, 0.005, 1.045
2.135, 0.005, 1.045
2.145, 0.005, 1.045
2.1550000000000002, 0.005, 1.045
2.165, 0.005, 1.045
2.175, 0.005, 1.045
2.185, 0.005, 1.045
2.1950000000000003, 0.005, 1.045
2.205, 0.005, 1.045
2.215, 0.005, 1.045
2.225, 0.005, 1.045
2.2350000000000003, 0.005, 1.045
2.245, 0.005, 1.045
2.255, 0.005, 1.045
2.265, 0.005, 1.045
2.2750000000000004, 0.005, 1.045
2.285, 0.005, 1.045
2.295, 0.005, 1.045
2.305, 0.005, 1.045
2.315, 0.005, 1.045
2.325, 0.005, 1.045
2.335, 0.005, 1.045
2.3449999999999998, 0.005, 1.045
2.355, 0.005, 1.045
2.365, 0.005, 1.045
2.375, 0.005, 1.045
2.385, 0.005, 1.045
2.395, 0.005, 1.045
2.4050000000000002, 0.005, 1.045
2.415, 0.005, 1.045
2.425, 0.005, 1.045
2.435, 0.005, 1.045
2.4450000000000003, 0.005, 1.045
2.455, 0.005, 1.045
2.465, 0.005, 1.045
2.475, 0.005, 1.045
2.4850000000000003, 0.005, 1.045
2.495, 0.005, 1.045
2.505, 0.005, 1.045
2.515, 0.005, 1.045
2.5250000000000004, 0.005, 1.045
2.535, 0.005, 1.045
2.545, 0.005, 1.045
2.555, 0.005, 1.045
2.565, 0.005, 1.045
2.575, 0.005, 1.045
2.585, 0.005, 1.045
2.5949999999999998, 0.005, 1.045
2.605, 0.005, 1.045
2.615, 0.005, 1.045
2.625, 0.005, 1.045
2.635, 0.005, 1.045
2.645, 0.005, 1.045
2.6550000000000002, 0.005, 1.045
2.665, 0.005, 1.045
2.675, 0.005, 1.045
2.685, 0.005, 1.045
2.6950000000000003, 0.005, 1.045
2.705, 0.005, 1.045
2.715, 0.005, 1.045
2.725, 0.005, 1.045
2.7350000000000003, 0.005, 1.045
2.745, 0.005, 1.045
2.755, 0.005, 1.045
2.765, 0.005, 1.045
2.7750000000000004, 0.005, 1.045
2.785, 0.005, 1.045
2.795, 0.005, 1.045
0.005, 0.005, 1.0550000000000002
0.015, 0.005, 1.0550000000000002
0.025, 0.005, 1.0550000000000002
0.035, 0.005, 1.0550000000000002
0.045, 0.005, 1.0550000000000002
0.055, 0.005, 1.0550000000000002
0.065, 0.005, 1.0550000000000002
0.07500000000000001, 0.005, 1.0550000000000002
0.08499999999999999, 0.005, 1.0550000000000002
0.095, 0.005, 1.0550000000000002
0.10500000000000001, 0.005, 1.0550000000000002
0.11499999999999999, 0.005, 1.0550000000000002
0.125, 0.005, 1.0550000000000002
0.135, 0.005, 1.0550000000000002
0.14500000000000002, 0.005, 1.0550000000000002
0.155, 0.005, 1.0550000000000002
0.165, 0.005, 1.0550000000000002
0.175, 0.005, 1.0550000000000002
0.185, 0.005, 1.0550000000000002
0.195, 0.005, 1.0550000000000002
0.20500000000000002, 0.005, 1.0550000000000002
0.215, 0.005, 1.0550000000000002
0.225, 0.005, 1.0550000000000002
0.235, 0.005, 1.0550000000000002
0.245, 0.005, 1.0550000000000002
0.255, 0.005, 1.0550000000000002
0.265, 0.005, 1.0550000000000002
0.275, 0.005, 1.0550000000000002
0.28500000000000003, 0.005, 1.0550000000000002
0.295, 0.005, 1.0550000000000002
0.305, 0.005, 1.0550000000000002
0.315, 0.005, 1.0550000000000002
0.325, 0.005, 1.0550000000000002
0.335, 0.005, 1.0550000000000002
0.34500000000000003, 0.005, 1.0550000000000002
0.355, 0.005, 1.0550000000000002
0.365, 0.005, 1.0550000000000002
0.375, 0.005, 1.0550000000000002
0.385, 0.005, 1.0550000000000002
0.395, 0.005, 1.0550000000000002
0.405, 0.005, 1.0550000000000002
0.41500000000000004, 0.005, 1.0550000000000002
0.425, 0.005, 1.0550000000000002
0.435, 0.005, 1.0550000000000002
0.445, 0.005, 1.0550000000000002
0.455, 0.005, 1.0550000000000002
0.465, 0.005, 1.0550000000000002
0.475, 0.005, 1.0550000000000002
0.485, 0.005, 1.0550000000000002
0.495, 0.005, 1.0550000000000002
0.505, 0.005, 1.0550000000000002
0.515, 0.005, 1.0550000000000002
0.525, 0.005, 1.0550000000000002
0.535, 0.005, 1.0550000000000002
0.545, 0.005, 1.0550000000000002
0.555, 0.005, 1.0550000000000002
0.5650000000000001, 0.005, 1.0550000000000002
0.575, 0.005, 1.0550000000000002
0.585, 0.005, 1.0550000000000002
0.595, 0.005, 1.0550000000000002
0.605, 0.005, 1.0550000000000002
0.615, 0.005, 1.0550000000000002
0.625, 0.005, 1.0550000000000002
0.635, 0.005, 1.0550000000000002
0.645, 0.005, 1.0550000000000002
0.655, 0.005, 1.0550000000000002
0.665, 0.005, 1.0550000000000002
0.675, 0.005, 1.0550000000000002
0.685, 0.005, 1.0550000000000002
0.6950000000000001, 0.005, 1.0550000000000002
0.7050000000000001, 0.005, 1.0550000000000002
0.715, 0.005, 1.0550000000000002
0.725, 0.005, 1.0550000000000002
0.735, 0.005, 1.0550000000000002
0.745, 0.005, 1.0550000000000002
0.755, 0.005, 1.0550000000000002
0.765, 0.005, 1.0550000000000002
0.775, 0.005, 1.0550000000000002
0.785, 0.005, 1.0550000000000002
0.795, 0.005, 1.0550000000000002
0.805, 0.005, 1.0550000000000002
0.8150000000000001, 0.005, 1.0550000000000002
0.8250000000000001, 0.005, 1.0550000000000002
0.835, 0.005, 1.0550000000000002
0.845, 0.005, 1.0550000000000002
0.855, 0.005, 1.0550000000000002
0.865, 0.005, 1.0550000000000002
0.875, 0.005, 1.0550000000000002
0.885, 0.005, 1.0550000000000002
0.895, 0.005, 1.0550000000000002
0.905, 0.005, 1.0550000000000002
0.915, 0.005, 1.0550000000000002
0.925, 0.005, 1.0550000000000002
0.935, 0.005, 1.0550000000000002
0.9450000000000001, 0.005, 1.0550000000000002
0.9550000000000001, 0.005, 1.0550000000000002
0.965, 0.005, 1.0550000000000002
0.975, 0.005, 1.0550000000000002
0.985, 0.005, 1.0550000000000002
0.995, 0.005, 1.0550000000000002
1.005, 0.005, 1.0550000000000002
1.0150000000000001, 0.005, 1.0550000000000002
1.025, 0.005, 1.0550000000000002
1.0350000000000001, 0.005, 1.0550000000000002
1.045, 0.005, 1.0550000000000002
1.0550000000000002, 0.005, 1.0550000000000002
1.065, 0.005, 1.0550000000000002
1.0750000000000002, 0.005, 1.0550000000000002
1.085, 0.005, 1.0550000000000002
1.0950000000000002, 0.005, 1.0550000000000002
1.105, 0.005, 1.0550000000000002
1.1150000000000002, 0.005, 1.0550000000000002
1.125, 0.005, 1.0550000000000002
1.1350000000000002, 0.005, 1.0550000000000002
1.145, 0.005, 1.0550000000000002
1.155, 0.005, 1.0550000000000002
1.165, 0.005, 1.0550000000000002
1.1749999999999998, 0.005, 1.0550000000000002
1.185, 0.005, 1.0550000000000002
1.1949999999999998, 0.005, 1.0550000000000002
1.205, 0.005, 1.0550000000000002
1.2149999999999999, 0.005, 1.0550000000000002
1.225, 0.005, 1.0550000000000002
1.2349999999999999, 0.005, 1.0550000000000002
1.245, 0.005, 1.0550000000000002
1.255, 0.005, 1.0550000000000002
1.2650000000000001, 0.005, 1.0550000000000002
1.275, 0.005, 1.0550000000000002
1.2850000000000001, 0.005, 1.0550000000000002
1.295, 0.005, 1.0550000000000002
1.3050000000000002, 0.005, 1.0550000000000002
1.315, 0.005, 1.0550000000000002
1.3250000000000002, 0.005, 1.0550000000000002
1.335, 0.005, 1.0550000000000002
1.3450000000000002, 0.005, 1.0550000000000002
1.355, 0.005, 1.0550000000000002
1.3650000000000002, 0.005, 1.0550000000000002
1.375, 0.005, 1.0550000000000002
1.3850000000000002, 0.005, 1.0550000000000002
1.395, 0.005, 1.0550000000000002
1.405, 0.005, 1.0550000000000002
1.415, 0.005, 1.0550000000000002
1.4249999999999998, 0.005, 1.0550000000000002
1.435, 0.005, 1.0550000000000002
1.4449999999999998, 0.005, 1.0550000000000002
1.455, 0.005, 1.0550000000000002
1.4649999999999999, 0.005, 1.0550000000000002
1.475, 0.005, 1.0550000000000002
1.4849999999999999, 0.005, 1.0550000000000002
1.495, 0.005, 1.0550000000000002
1.505, 0.005, 1.0550000000000002
1.5150000000000001, 0.005, 1.0550000000000002
1.525, 0.005, 1.0550000000000002
1.5350000000000001, 0.005, 1.0550000000000002
1.545, 0.005, 1.0550000000000002
1.5550000000000002, 0.005, 1.0550000000000002
1.565, 0.005, 1.0550000000000002
1.5750000000000002, 0.005, 1.0550000000000002
1.585, 0.005, 1.0550000000000002
1.5950000000000002, 0.005, 1.0550000000000002
1.605, 0.005, 1.0550000000000002
1.6150000000000002, 0.005, 1.0550000000000002
1.625, 0.005, 1.0550000000000002
1.6350000000000002, 0.005, 1.0550000000000002
1.645, 0.005, 1.0550000000000002
1.6550000000000002, 0.005, 1.0550000000000002
1.665, 0.005, 1.0550000000000002
1.6749999999999998, 0.005, 1.0550000000000002
1.685, 0.005, 1.0550000000000002
1.6949999999999998, 0.005, 1.0550000000000002
1.705, 0.005, 1.0550000000000002
1.7149999999999999, 0.005, 1.0550000000000002
1.725, 0.005, 1.0550000000000002
1.7349999999999999, 0.005, 1.0550000000000002
1.745, 0.005, 1.0550000000000002
1.755, 0.005, 1.0550000000000002
1.7650000000000001, 0.005, 1.0550000000000002
1.775, 0.005, 1.0550000000000002
1.7850000000000001, 0.005, 1.0550000000000002
1.795, 0.005, 1.0550000000000002
1.8050000000000002, 0.005, 1.0550000000000002
1.815, 0.005, 1.0550000000000002
1.8250000000000002, 0.005, 1.0550000000000002
1.835, 0.005, 1.0550000000000002
1.8450000000000002, 0.005, 1.0550000000000002
1.855, 0.005, 1.0550000000000002
1.8650000000000002, 0.005, 1.0550000000000002
1.875, 0.005, 1.0550000000000002
1.8850000000000002, 0.005, 1.0550000000000002
1.895, 0.005, 1.0550000000000002
1.9050000000000002, 0.005, 1.0550000000000002
1.915, 0.005, 1.0550000000000002
1.9249999999999998, 0.005, 1.0550000000000002
1.935, 0.005, 1.0550000000000002
1.9449999999999998, 0.005, 1.0550000000000002
1.955, 0.005, 1.0550000000000002
1.9649999999999999, 0.005, 1.0550000000000002
1.975, 0.005, 1.0550000000000002
1.9849999999999999, 0.005, 1.0550000000000002
1.995, 0.005, 1.0550000000000002
2.005, 0.005, 1.0550000000000002
2.015, 0.005, 1.0550000000000002
2.0250000000000004, 0.005, 1.0550000000000002
2.035, 0.005, 1.0550000000000002
2.045, 0.005, 1.0550000000000002
2.0549999999999997, 0.005, 1.0550000000000002
2.065, 0.005, 1.0550000000000002
2.075, 0.005, 1.0550000000000002
2.085, 0.005, 1.0550000000000002
2.0949999999999998, 0.005, 1.0550000000000002
2.105, 0.005, 1.0550000000000002
2.115, 0.005, 1.0550000000000002
2.125, 0.005, 1.0550000000000002
2.135, 0.005, 1.0550000000000002
2.145, 0.005, 1.0550000000000002
2.1550000000000002, 0.005, 1.0550000000000002
2.165, 0.005, 1.0550000000000002
2.175, 0.005, 1.0550000000000002
2.185, 0.005, 1.0550000000000002
2.1950000000000003, 0.005, 1.0550000000000002
2.205, 0.005, 1.0550000000000002
2.215, 0.005, 1.0550000000000002
2.225, 0.005, 1.0550000000000002
2.2350000000000003, 0.005, 1.0550000000000002
2.245, 0.005, 1.0550000000000002
2.255, 0.005, 1.0550000000000002
2.265, 0.005, 1.0550000000000002
2.2750000000000004, 0.005, 1.0550000000000002
2.285, 0.005, 1.0550000000000002
2.295, 0.005, 1.0550000000000002
2.305, 0.005, 1.0550000000000002
2.315, 0.005, 1.0550000000000002
2.325, 0.005, 1.0550000000000002
2.335, 0.005, 1.0550000000000002
2.3449999999999998, 0.005, 1.0550000000000002
2.355, 0.005, 1.0550000000000002
2.365, 0.005, 1.0550000000000002
2.375, 0.005, 1.0550000000000002
2.385, 0.005, 1.0550000000000002
2.395, 0.005, 1.0550000000000002
2.4050000000000002, 0.005, 1.0550000000000002
2.415, 0.005, 1.0550000000000002
2.425, 0.005, 1.0550000000000002
2.435, 0.005, 1.0550000000000002
2.4450000000000003, 0.005, 1.0550000000000002
2.455, 0.005, 1.0550000000000002
2.465, 0.005, 1.0550000000000002
2.475, 0.005, 1.0550000000000002
2.4850000000000003, 0.005, 1.0550000000000002
2.495, 0.005, 1.0550000000000002
2.505, 0.005, 1.0550000000000002
2.515, 0.005, 1.0550000000000002
2.5250000000000004, 0.005, 1.0550000000000002
2.535, 0.005, 1.0550000000000002
2.545, 0.005, 1.0550000000000002
2.555, 0.005, 1.0550000000000002
2.565, 0.005, 1.0550000000000002
2.575, 0.005, 1.0550000000000002
2.585, 0.005, 1.0550000000000002
2.5949999999999998, 0.005, 1.0550000000000002
2.605, 0.005, 1.0550000000000002
2.615, 0.005, 1.0550000000000002
2.625, 0.005, 1.0550000000000002
2.635, 0.005, 1.0550000000000002
2.645, 0.005, 1.0550000000000002
2.6550000000000002, 0.005, 1.0550000000000002
2.665, 0.005, 1.0550000000000002
2.675, 0.005, 1.0550000000000002
2.685, 0.005, 1.0550000000000002
2.6950000000000003, 0.005, 1.0550000000000002
2.705, 0.005, 1.0550000000000002
2.715, 0.005, 1.0550000000000002
2.725, 0.005, 1.0550000000000002
2.7350000000000003, 0.005, 1.0550000000000002
2.745, 0.005, 1.0550000000000002
2.755, 0.005, 1.0550000000000002
2.765, 0.005, 1.0550000000000002
2.7750000000000004, 0.005, 1.0550000000000002
2.785, 0.005, 1.0550000000000002
2.795, 0.005, 1.0550000000000002
0.005, 0.005, 1.065
0.015, 0.005, 1.065
0.025, 0.005, 1.065
0.035, 0.005, 1.065
0.045, 0.005, 1.065
0.055, 0.005, 1.065
0.065, 0.005, 1.065
0.07500000000000001, 0.005, 1.065
0.08499999999999999, 0.005, 1.065
0.095, 0.005, 1.065
0.10500000000000001, 0.005, 1.065
0.11499999999999999, 0.005, 1.065
0.125, 0.005, 1.065
0.135, 0.005, 1.065
0.14500000000000002, 0.005, 1.065
0.155, 0.005, 1.065
0.165, 0.005, 1.065
0.175, 0.005, 1.065
0.185, 0.005, 1.065
0.195, 0.005, 1.065
0.20500000000000002, 0.005, 1.065
0.215, 0.005, 1.065
0.225, 0.005, 1.065
0.235, 0.005, 1.065
0.245, 0.005, 1.065
0.255, 0.005, 1.065
0.265, 0.005, 1.065
0.275, 0.005, 1.065
0.28500000000000003, 0.005, 1.065
0.295, 0.005, 1.065
0.305, 0.005, 1.065
0.315, 0.005, 1.065
0.325, 0.005, 1.065
0.335, 0.005, 1.065
0.34500000000000003, 0.005, 1.065
0.355, 0.005, 1.065
0.365, 0.005, 1.065
0.375, 0.005, 1.065
0.385, 0.005, 1.065
0.395, 0.005, 1.065
0.405, 0.005, 1.065
0.41500000000000004, 0.005, 1.065
0.425, 0.005, 1.065
0.435, 0.005, 1.065
0.445, 0.005, 1.065
0.455, 0.005, 1.065
0.465, 0.005, 1.065
0.475, 0.005, 1.065
0.485, 0.005, 1.065
0.495, 0.005, 1.065
0.505, 0.005, 1.065
0.515, 0.005, 1.065
0.525, 0.005, 1.065
0.535, 0.005, 1.065
0.545, 0.005, 1.065
0.555, 0.005, 1.065
0.5650000000000001, 0.005, 1.065
0.575, 0.005, 1.065
0.585, 0.005, 1.065
0.595, 0.005, 1.065
0.605, 0.005, 1.065
0.615, 0.005, 1.065
0.625, 0.005, 1.065
0.635, 0.005, 1.065
0.645, 0.005, 1.065
0.655, 0.005, 1.065
0.665, 0.005, 1.065
0.675, 0.005, 1.065
0.685, 0.005, 1.065
0.6950000000000001, 0.005, 1.065
0.7050000000000001, 0.005, 1.065
0.715, 0.005, 1.065
0.725, 0.005, 1.065
0.735, 0.005, 1.065
0.745, 0.005, 1.065
0.755, 0.005, 1.065
0.765, 0.005, 1.065
0.775, 0.005, 1.065
0.785, 0.005, 1.065
0.795, 0.005, 1.065
0.805, 0.005, 1.065
0.8150000000000001, 0.005, 1.065
0.8250000000000001, 0.005, 1.065
0.835, 0.005, 1.065
0.845, 0.005, 1.065
0.855, 0.005, 1.065
0.865, 0.005, 1.065
0.875, 0.005, 1.065
0.885, 0.005, 1.065
0.895, 0.005, 1.065
0.905, 0.005, 1.065
0.915, 0.005, 1.065
0.925, 0.005, 1.065
0.935, 0.005, 1.065
0.9450000000000001, 0.005, 1.065
0.9550000000000001, 0.005, 1.065
0.965, 0.005, 1.065
0.975, 0.005, 1.065
0.985, 0.005, 1.065
0.995, 0.005, 1.065
1.005, 0.005, 1.065
1.0150000000000001, 0.005, 1.065
1.025, 0.005, 1.065
1.0350000000000001, 0.005, 1.065
1.045, 0.005, 1.065
1.0550000000000002, 0.005, 1.065
1.065, 0.005, 1.065
1.0750000000000002, 0.005, 1.065
1.085, 0.005, 1.065
1.0950000000000002, 0.005, 1.065
1.105, 0.005, 1.065
1.1150000000000002, 0.005, 1.065
1.125, 0.005, 1.065
1.1350000000000002, 0.005, 1.065
1.145, 0.005, 1.065
1.155, 0.005, 1.065
1.165, 0.005, 1.065
1.1749999999999998, 0.005, 1.065
1.185, 0.005, 1.065
1.1949999999999998, 0.005, 1.065
1.205, 0.005, 1.065
1.2149999999999999, 0.005, 1.065
1.225, 0.005, 1.065
1.2349999999999999, 0.005, 1.065
1.245, 0.005, 1.065
1.255, 0.005, 1.065
1.2650000000000001, 0.005, 1.065
1.275, 0.005, 1.065
1.2850000000000001, 0.005, 1.065
1.295, 0.005, 1.065
1.3050000000000002, 0.005, 1.065
1.315, 0.005, 1.065
1.3250000000000002, 0.005, 1.065
1.335, 0.005, 1.065
1.3450000000000002, 0.005, 1.065
1.355, 0.005, 1.065
1.3650000000000002, 0.005, 1.065
1.375, 0.005, 1.065
1.3850000000000002, 0.005, 1.065
1.395, 0.005, 1.065
1.405, 0.005, 1.065
1.415, 0.005, 1.065
1.4249999999999998, 0.005, 1.065
1.435, 0.005, 1.065
1.4449999999999998, 0.005, 1.065
1.455, 0.005, 1.065
1.4649999999999999, 0.005, 1.065
1.475, 0.005, 1.065
1.4849999999999999, 0.005, 1.065
1.495, 0.005, 1.065
1.505, 0.005, 1.065
1.5150000000000001, 0.005, 1.065
1.525, 0.005, 1.065
1.5350000000000001, 0.005, 1.065
1.545, 0.005, 1.065
1.5550000000000002, 0.005, 1.065
1.565, 0.005, 1.065
1.5750000000000002, 0.005, 1.065
1.585, 0.005, 1.065
1.5950000000000002, 0.005, 1.065
1.605, 0.005, 1.065
1.6150000000000002, 0.005, 1.065
1.625, 0.005, 1.065
1.6350000000000002, 0.005, 1.065
1.645, 0.005, 1.065
1.6550000000000002, 0.005, 1.065
1.665, 0.005, 1.065
1.6749999999999998, 0.005, 1.065
1.685, 0.005, 1.065
1.6949999999999998, 0.005, 1.065
1.705, 0.005, 1.065
1.7149999999999999, 0.005, 1.065
1.725, 0.005, 1.065
1.7349999999999999, 0.005, 1.065
1.745, 0.005, 1.065
1.755, 0.005, 1.065
1.7650000000000001, 0.005, 1.065
1.775, 0.005, 1.065
1.7850000000000001, 0.005, 1.065
1.795, 0.005, 1.065
1.8050000000000002, 0.005, 1.065
1.815, 0.005, 1.065
1.8250000000000002, 0.005, 1.065
1.835, 0.005, 1.065
1.8450000000000002, 0.005, 1.065
1.855, 0.005, 1.065
1.8650000000000002, 0.005, 1.065
1.875, 0.005, 1.065
1.8850000000000002, 0.005, 1.065
1.895, 0.005, 1.065
1.9050000000000002, 0.005, 1.065
1.915, 0.005, 1.065
1.9249999999999998, 0.005, 1.065
1.935, 0.005, 1.065
1.9449999999999998, 0.005, 1.065
1.955, 0.005, 1.065
1.9649999999999999, 0.005, 1.065
1.975, 0.005, 1.065
1.9849999999999999, 0.005, 1.065
1.995, 0.005, 1.065
2.005, 0.005, 1.065
2.015, 0.005, 1.065
2.0250000000000004, 0.005, 1.065
2.035, 0.005, 1.065
2.045, 0.005, 1.065
2.0549999999999997, 0.005, 1.065
2.065, 0.005, 1.065
2.075, 0.005, 1.065
2.085, 0.005, 1.065
2.0949999999999998, 0.005, 1.065
2.105, 0.005, 1.065
2.115, 0.005, 1.065
2.125, 0.005, 1.065
2.135, 0.005, 1.065
2.145, 0.005, 1.065
2.1550000000000002, 0.005, 1.065
2.165, 0.005, 1.065
2.175, 0.005, 1.065
2.185, 0.005, 1.065
2.1950000000000003, 0.005, 1.065
2.205, 0.005, 1.065
2.215, 0.005, 1.065
2.225, 0.005, 1.065
2.2350000000000003, 0.005, 1.065
2.245, 0.005, 1.065
2.255, 0.005, 1.065
2.265, 0.005, 1.065
2.2750000000000004, 0.005, 1.065
2.285, 0.005, 1.065
2.295, 0.005, 1.065
2.305, 0.005, 1.065
2.315, 0.005, 1.065
2.325, 0.005, 1.065
2.335, 0.005, 1.065
2.3449999999999998, 0.005, 1.065
2.355, 0.005, 1.065
2.365, 0.005, 1.065
2.375, 0.005, 1.065
2.385, 0.005, 1.065
2.395, 0.005, 1.065
2.4050000000000002, 0.005, 1.065
2.415, 0.005, 1.065
2.425, 0.005, 1.065
2.435, 0.005, 1.065
2.4450000000000003, 0.005, 1.065
2.455, 0.005, 1.065
2.465, 0.005, 1.065
2.475, 0.005, 1.065
2.4850000000000003, 0.005, 1.065
2.495, 0.005, 1.065
2.505, 0.005, 1.065
2.515, 0.005, 1.065
2.5250000000000004, 0.005, 1.065
2.535, 0.005, 1.065
2.545, 0.005, 1.065
2.555, 0.005, 1.065
2.565, 0.005, 1.065
2.575, 0.005, 1.065
2.585, 0.005, 1.065
2.5949999999999998, 0.005, 1.065
2.605, 0.005, 1.065
2.615, 0.005, 1.065
2.625, 0.005, 1.065
2.635, 0.005, 1.065
2.645, 0.005, 1.065
2.6550000000000002, 0.005, 1.065
2.665, 0.005, 1.065
2.675, 0.005, 1.065
2.685, 0.005, 1.065
2.6950000000000003, 0.005, 1.065
2.705, 0.005, 1.065
2.715, 0.005, 1.065
2.725, 0.005, 1.065
2.7350000000000003, 0.005, 1.065
2.745, 0.005, 1.065
2.755, 0.005, 1.065
2.765, 0.005, 1.065
2.7750000000000004, 0.005, 1.065
2.785, 0.005, 1.065
2.795, 0.005, 1.065
0.005, 0.005, 1.0750000000000002
0.015, 0.005, 1.0750000000000002
0.025, 0.005, 1.0750000000000002
0.035, 0.005, 1.0750000000000002
0.045, 0.005, 1.0750000000000002
0.055, 0.005, 1.0750000000000002
0.065, 0.005, 1.0750000000000002
0.07500000000000001, 0.005, 1.0750000000000002
0.08499999999999999, 0.005, 1.0750000000000002
0.095, 0.005, 1.0750000000000002
0.10500000000000001, 0.005, 1.0750000000000002
0.11499999999999999, 0.005, 1.0750000000000002
0.125, 0.005, 1.0750000000000002
0.135, 0.005, 1.0750000000000002
0.14500000000000002, 0.005, 1.0750000000000002
0.155, 0.005, 1.0750000000000002
0.165, 0.005, 1.0750000000000002
0.175, 0.005, 1.0750000000000002
0.185, 0.005, 1.0750000000000002
0.195, 0.005, 1.0750000000000002
0.20500000000000002, 0.005, 1.0750000000000002
0.215, 0.005, 1.0750000000000002
0.225, 0.005, 1.0750000000000002
0.235, 0.005, 1.0750000000000002
0.245, 0.005, 1.0750000000000002
0.255, 0.005, 1.0750000000000002
0.265, 0.005, 1.0750000000000002
0.275, 0.005, 1.0750000000000002
0.28500000000000003, 0.005, 1.0750000000000002
0.295, 0.005, 1.0750000000000002
0.305, 0.005, 1.0750000000000002
0.315, 0.005, 1.0750000000000002
0.325, 0.005, 1.0750000000000002
0.335, 0.005, 1.0750000000000002
0.34500000000000003, 0.005, 1.0750000000000002
0.355, 0.005, 1.0750000000000002
0.365, 0.005, 1.0750000000000002
0.375, 0.005, 1.0750000000000002
0.385, 0.005, 1.0750000000000002
0.395, 0.005, 1.0750000000000002
0.405, 0.005, 1.0750000000000002
0.41500000000000004, 0.005, 1.0750000000000002
0.425, 0.005, 1.0750000000000002
0.435, 0.005, 1.0750000000000002
0.445, 0.005, 1.0750000000000002
0.455, 0.005, 1.0750000000000002
0.465, 0.005, 1.0750000000000002
0.475, 0.005, 1.0750000000000002
0.485, 0.005, 1.0750000000000002
0.495, 0.005, 1.0750000000000002
0.505, 0.005, 1.0750000000000002
0.515, 0.005, 1.0750000000000002
0.525, 0.005, 1.0750000000000002
0.535, 0.005, 1.0750000000000002
0.545, 0.005, 1.0750000000000002
0.555, 0.005, 1.0750000000000002
0.5650000000000001, 0.005, 1.0750000000000002
0.575, 0.005, 1.0750000000000002
0.585, 0.005, 1.0750000000000002
0.595, 0.005, 1.0750000000000002
0.605, 0.005, 1.0750000000000002
0.615, 0.005, 1.0750000000000002
0.625, 0.005, 1.0750000000000002
0.635, 0.005, 1.0750000000000002
0.645, 0.005, 1.0750000000000002
0.655, 0.005, 1.0750000000000002
0.665, 0.005, 1.0750000000000002
0.675, 0.005, 1.0750000000000002
0.685, 0.005, 1.0750000000000002
0.6950000000000001, 0.005, 1.0750000000000002
0.7050000000000001, 0.005, 1.0750000000000002
0.715, 0.005, 1.0750000000000002
0.725, 0.005, 1.0750000000000002
0.735, 0.005, 1.0750000000000002
0.745, 0.005, 1.0750000000000002
0.755, 0.005, 1.0750000000000002
0.765, 0.005, 1.0750000000000002
0.775, 0.005, 1.0750000000000002
0.785, 0.005, 1.0750000000000002
0.795, 0.005, 1.0750000000000002
0.805, 0.005, 1.0750000000000002
0.8150000000000001, 0.005, 1.0750000000000002
0.8250000000000001, 0.005, 1.0750000000000002
0.835, 0.005, 1.0750000000000002
0.845, 0.005, 1.0750000000000002
0.855, 0.005, 1.0750000000000002
0.865, 0.005, 1.0750000000000002
0.875, 0.005, 1.0750000000000002
0.885, 0.005, 1.0750000000000002
0.895, 0.005, 1.0750000000000002
0.905, 0.005, 1.0750000000000002
0.915, 0.005, 1.0750000000000002
0.925, 0.005, 1.0750000000000002
0.935, 0.005, 1.0750000000000002
0.9450000000000001, 0.005, 1.0750000000000002
0.9550000000000001, 0.005, 1.0750000000000002
0.965, 0.005, 1.0750000000000002
0.975, 0.005, 1.0750000000000002
0.985, 0.005, 1.0750000000000002
0.995, 0.005, 1.0750000000000002
1.005, 0.005, 1.0750000000000002
1.0150000000000001, 0.005, 1.0750000000000002
1.025, 0.005, 1.0750000000000002
1.0350000000000001, 0.005, 1.0750000000000002
1.045, 0.005, 1.0750000000000002
1.0550000000000002, 0.005, 1.0750000000000002
1.065, 0.005, 1.0750000000000002
1.0750000000000002, 0.005, 1.0750000000000002
1.085, 0.005, 1.0750000000000002
1.0950000000000002, 0.005, 1.0750000000000002
1.105, 0.005, 1.0750000000000002
1.1150000000000002, 0.005, 1.0750000000000002
1.125, 0.005, 1.0750000000000002
1.1350000000000002, 0.005, 1.0750000000000002
1.145, 0.005, 1.0750000000000002
1.155, 0.005, 1.0750000000000002
1.165, 0.005, 1.0750000000000002
1.1749999999999998, 0.005, 1.0750000000000002
1.185, 0.005, 1.0750000000000002
1.1949999999999998, 0.005, 1.0750000000000002
1.205, 0.005, 1.0750000000000002
1.2149999999999999, 0.005, 1.0750000000000002
1.225, 0.005, 1.0750000000000002
1.2349999999999999, 0.005, 1.0750000000000002
1.245, 0.005, 1.0750000000000002
1.255, 0.005, 1.0750000000000002
1.2650000000000001, 0.005, 1.0750000000000002
1.275, 0.005, 1.0750000000000002
1.2850000000000001, 0.005, 1.0750000000000002
1.295, 0.005, 1.0750000000000002
1.3050000000000002, 0.005, 1.0750000000000002
1.315, 0.005, 1.0750000000000002
1.3250000000000002, 0.005, 1.0750000000000002
1.335, 0.005, 1.0750000000000002
1.3450000000000002, 0.005, 1.0750000000000002
1.355, 0.005, 1.0750000000000002
1.3650000000000002, 0.005, 1.0750000000000002
1.375, 0.005, 1.0750000000000002
1.3850000000000002, 0.005, 1.0750000000000002
1.395, 0.005, 1.0750000000000002
1.405, 0.005, 1.0750000000000002
1.415, 0.005, 1.0750000000000002
1.4249999999999998, 0.005, 1.0750000000000002
1.435, 0.005, 1.0750000000000002
1.4449999999999998, 0.005, 1.0750000000000002
1.455, 0.005, 1.0750000000000002
1.4649999999999999, 0.005, 1.0750000000000002
1.475, 0.005, 1.0750000000000002
1.4849999999999999, 0.005, 1.0750000000000002
1.495, 0.005, 1.0750000000000002
1.505, 0.005, 1.0750000000000002
1.5150000000000001, 0.005, 1.0750000000000002
1.525, 0.005, 1.0750000000000002
1.5350000000000001, 0.005, 1.0750000000000002
1.545, 0.005, 1.0750000000000002
1.5550000000000002, 0.005, 1.0750000000000002
1.565, 0.005, 1.0750000000000002
1.5750000000000002, 0.005, 1.0750000000000002
1.585, 0.005, 1.0750000000000002
1.5950000000000002, 0.005, 1.0750000000000002
1.605, 0.005, 1.0750000000000002
1.6150000000000002, 0.005, 1.0750000000000002
1.625, 0.005, 1.0750000000000002
1.6350000000000002, 0.005, 1.0750000000000002
1.645, 0.005, 1.0750000000000002
1.6550000000000002, 0.005, 1.0750000000000002
1.665, 0.005, 1.0750000000000002
1.6749999999999998, 0.005, 1.0750000000000002
1.685, 0.005, 1.0750000000000002
1.6949999999999998, 0.005, 1.0750000000000002
1.705, 0.005, 1.0750000000000002
1.7149999999999999, 0.005, 1.0750000000000002
1.725, 0.005, 1.0750000000000002
1.7349999999999999, 0.005, 1.0750000000000002
1.745, 0.005, 1.0750000000000002
1.755, 0.005, 1.0750000000000002
1.7650000000000001, 0.005, 1.0750000000000002
1.775, 0.005, 1.0750000000000002
1.7850000000000001, 0.005, 1.0750000000000002
1.795, 0.005, 1.0750000000000002
1.8050000000000002, 0.005, 1.0750000000000002
1.815, 0.005, 1.0750000000000002
1.8250000000000002, 0.005, 1.0750000000000002
1.835, 0.005, 1.0750000000000002
1.8450000000000002, 0.005, 1.0750000000000002
1.855, 0.005, 1.0750000000000002
1.8650000000000002, 0.005, 1.0750000000000002
1.875, 0.005, 1.0750000000000002
1.8850000000000002, 0.005, 1.0750000000000002
1.895, 0.005, 1.0750000000000002
1.9050000000000002, 0.005, 1.0750000000000002
1.915, 0.005, 1.0750000000000002
1.9249999999999998, 0.005, 1.0750000000000002
1.935, 0.005, 1.0750000000000002
1.9449999999999998, 0.005, 1.0750000000000002
1.955, 0.005, 1.0750000000000002
1.9649999999999999, 0.005, 1.0750000000000002
1.975, 0.005, 1.0750000000000002
1.9849999999999999, 0.005, 1.0750000000000002
1.995, 0.005, 1.0750000000000002
2.005, 0.005, 1.0750000000000002
2.015, 0.005, 1.0750000000000002
2.0250000000000004, 0.005, 1.0750000000000002
2.035, 0.005, 1.0750000000000002
2.045, 0.005, 1.0750000000000002
2.0549999999999997, 0.005, 1.0750000000000002
2.065, 0.005, 1.0750000000000002
2.075, 0.005, 1.0750000000000002
2.085, 0.005, 1.0750000000000002
2.0949999999999998, 0.005, 1.0750000000000002
2.105, 0.005, 1.0750000000000002
2.115, 0.005, 1.0750000000000002
2.125, 0.005, 1.0750000000000002
2.135, 0.005, 1.0750000000000002
2.145, 0.005, 1.0750000000000002
2.1550000000000002, 0.005, 1.0750000000000002
2.165, 0.005, 1.0750000000000002
2.175, 0.005, 1.0750000000000002
2.185, 0.005, 1.0750000000000002
2.1950000000000003, 0.005, 1.0750000000000002
2.205, 0.005, 1.0750000000000002
2.215, 0.005, 1.0750000000000002
2.225, 0.005, 1.0750000000000002
2.2350000000000003, 0.005, 1.0750000000000002
2.245, 0.005, 1.0750000000000002
2.255, 0.005, 1.0750000000000002
2.265, 0.005, 1.0750000000000002
2.2750000000000004, 0.005, 1.0750000000000002
2.285, 0.005, 1.0750000000000002
2.295, 0.005, 1.0750000000000002
2.305, 0.005, 1.0750000000000002
2.315, 0.005, 1.0750000000000002
2.325, 0.005, 1.0750000000000002
2.335, 0.005, 1.0750000000000002
2.3449999999999998, 0.005, 1.0750000000000002
2.355, 0.005, 1.0750000000000002
2.365, 0.005, 1.0750000000000002
2.375, 0.005, 1.0750000000000002
2.385, 0.005, 1.0750000000000002
2.395, 0.005, 1.0750000000000002
2.4050000000000002, 0.005, 1.0750000000000002
2.415, 0.005, 1.0750000000000002
2.425, 0.005, 1.0750000000000002
2.435, 0.005, 1.0750000000000002
2.4450000000000003, 0.005, 1.0750000000000002
2.455, 0.005, 1.0750000000000002
2.465, 0.005, 1.0750000000000002
2.475, 0.005, 1.0750000000000002
2.4850000000000003, 0.005, 1.0750000000000002
2.495, 0.005, 1.0750000000000002
2.505, 0.005, 1.0750000000000002
2.515, 0.005, 1.0750000000000002
2.5250000000000004, 0.005, 1.0750000000000002
2.535, 0.005, 1.0750000000000002
2.545, 0.005, 1.0750000000000002
2.555, 0.005, 1.0750000000000002
2.565, 0.005, 1.0750000000000002
2.575, 0.005, 1.0750000000000002
2.585, 0.005, 1.0750000000000002
2.5949999999999998, 0.005, 1.0750000000000002
2.605, 0.005, 1.0750000000000002
2.615, 0.005, 1.0750000000000002
2.625, 0.005, 1.0750000000000002
2.635, 0.005, 1.0750000000000002
2.645, 0.005, 1.0750000000000002
2.6550000000000002, 0.005, 1.0750000000000002
2.665, 0.005, 1.0750000000000002
2.675, 0.005, 1.0750000000000002
2.685, 0.005, 1.0750000000000002
2.6950000000000003, 0.005, 1.0750000000000002
2.705, 0.005, 1.0750000000000002
2.715, 0.005, 1.0750000000000002
2.725, 0.005, 1.0750000000000002
2.7350000000000003, 0.005, 1.0750000000000002
2.745, 0.005, 1.0750000000000002
2.755, 0.005, 1.0750000000000002
2.765, 0.005, 1.0750000000000002
2.7750000000000004, 0.005, 1.0750000000000002
2.785, 0.005, 1.0750000000000002
2.795, 0.005, 1.0750000000000002
0.005, 0.005, 1.085
0.015, 0.005, 1.085
0.025, 0.005, 1.085
0.035, 0.005, 1.085
0.045, 0.005, 1.085
0.055, 0.005, 1.085
0.065, 0.005, 1.085
0.07500000000000001, 0.005, 1.085
0.08499999999999999, 0.005, 1.085
0.095, 0.005, 1.085
0.10500000000000001, 0.005, 1.085
0.11499999999999999, 0.005, 1.085
0.125, 0.005, 1.085
0.135, 0.005, 1.085
0.14500000000000002, 0.005, 1.085
0.155, 0.005, 1.085
0.165, 0.005, 1.085
0.175, 0.005, 1.085
0.185, 0.005, 1.085
0.195, 0.005, 1.085
0.20500000000000002, 0.005, 1.085
0.215, 0.005, 1.085
0.225, 0.005, 1.085
0.235, 0.005, 1.085
0.245, 0.005, 1.085
0.255, 0.005, 1.085
0.265, 0.005, 1.085
0.275, 0.005, 1.085
0.28500000000000003, 0.005, 1.085
0.295, 0.005, 1.085
0.305, 0.005, 1.085
0.315, 0.005, 1.085
0.325, 0.005, 1.085
0.335, 0.005, 1.085
0.34500000000000003, 0.005, 1.085
0.355, 0.005, 1.085
0.365, 0.005, 1.085
0.375, 0.005, 1.085
0.385, 0.005, 1.085
0.395, 0.005, 1.085
0.405, 0.005, 1.085
0.41500000000000004, 0.005, 1.085
0.425, 0.005, 1.085
0.435, 0.005, 1.085
0.445, 0.005, 1.085
0.455, 0.005, 1.085
0.465, 0.005, 1.085
0.475, 0.005, 1.085
0.485, 0.005, 1.085
0.495, 0.005, 1.085
0.505, 0.005, 1.085
0.515, 0.005, 1.085
0.525, 0.005, 1.085
0.535, 0.005, 1.085
0.545, 0.005, 1.085
0.555, 0.005, 1.085
0.5650000000000001, 0.005, 1.085
0.575, 0.005, 1.085
0.585, 0.005, 1.085
0.595, 0.005, 1.085
0.605, 0.005, 1.085
0.615, 0.005, 1.085
0.625, 0.005, 1.085
0.635, 0.005, 1.085
0.645, 0.005, 1.085
0.655, 0.005, 1.085
0.665, 0.005, 1.085
0.675, 0.005, 1.085
0.685, 0.005, 1.085
0.6950000000000001, 0.005, 1.085
0.7050000000000001, 0.005, 1.085
0.715, 0.005, 1.085
0.725, 0.005, 1.085
0.735, 0.005, 1.085
0.745, 0.005, 1.085
0.755, 0.005, 1.085
0.765, 0.005, 1.085
0.775, 0.005, 1.085
0.785, 0.005, 1.085
0.795, 0.005, 1.085
0.805, 0.005, 1.085
0.8150000000000001, 0.005, 1.085
0.8250000000000001, 0.005, 1.085
0.835, 0.005, 1.085
0.845, 0.005, 1.085
0.855, 0.005, 1.085
0.865, 0.005, 1.085
0.875, 0.005, 1.085
0.885, 0.005, 1.085
0.895, 0.005, 1.085
0.905, 0.005, 1.085
0.915, 0.005, 1.085
0.925, 0.005, 1.085
0.935, 0.005, 1.085
0.9450000000000001, 0.005, 1.085
0.9550000000000001, 0.005, 1.085
0.965, 0.005, 1.085
0.975, 0.005, 1.085
0.985, 0.005, 1.085
0.995, 0.005, 1.085
1.005, 0.005, 1.085
1.0150000000000001, 0.005, 1.085
1.025, 0.005, 1.085
1.0350000000000001, 0.005, 1.085
1.045, 0.005, 1.085
1.0550000000000002, 0.005, 1.085
1.065, 0.005, 1.085
1.0750000000000002, 0.005, 1.085
1.085, 0.005, 1.085
1.0950000000000002, 0.005, 1.085
1.105, 0.005, 1.085
1.1150000000000002, 0.005, 1.085
1.125, 0.005, 1.085
1.1350000000000002, 0.005, 1.085
1.145, 0.005, 1.085
1.155, 0.005, 1.085
1.165, 0.005, 1.085
1.1749999999999998, 0.005, 1.085
1.185, 0.005, 1.085
1.1949999999999998, 0.005, 1.085
1.205, 0.005, 1.085
1.2149999999999999, 0.005, 1.085
1.225, 0.005, 1.085
1.2349999999999999, 0.005, 1.085
1.245, 0.005, 1.085
1.255, 0.005, 1.085
1.2650000000000001, 0.005, 1.085
1.275, 0.005, 1.085
1.2850000000000001, 0.005, 1.085
1.295, 0.005, 1.085
1.3050000000000002, 0.005, 1.085
1.315, 0.005, 1.085
1.3250000000000002, 0.005, 1.085
1.335, 0.005, 1.085
1.3450000000000002, 0.005, 1.085
1.355, 0.005, 1.085
1.3650000000000002, 0.005, 1.085
1.375, 0.005, 1.085
1.3850000000000002, 0.005, 1.085
1.395, 0.005, 1.085
1.405, 0.005, 1.085
1.415, 0.005, 1.085
1.4249999999999998, 0.005, 1.085
1.435, 0.005, 1.085
1.4449999999999998, 0.005, 1.085
1.455, 0.005, 1.085
1.4649999999999999, 0.005, 1.085
1.475, 0.005, 1.085
1.4849999999999999, 0.005, 1.085
1.495, 0.005, 1.085
1.505, 0.005, 1.085
1.5150000000000001, 0.005, 1.085
1.525, 0.005, 1.085
1.5350000000000001, 0.005, 1.085
1.545, 0.005, 1.085
1.5550000000000002, 0.005, 1.085
1.565, 0.005, 1.085
1.5750000000000002, 0.005, 1.085
1.585, 0.005, 1.085
1.5950000000000002, 0.005, 1.085
1.605, 0.005, 1.085
1.6150000000000002, 0.005, 1.085
1.625, 0.005, 1.085
1.6350000000000002, 0.005, 1.085
1.645, 0.005, 1.085
1.6550000000000002, 0.005, 1.085
1.665, 0.005, 1.085
1.6749999999999998, 0.005, 1.085
1.685, 0.005, 1.085
1.6949999999999998, 0.005, 1.085
1.705, 0.005, 1.085
1.7149999999999999, 0.005, 1.085
1.725, 0.005, 1.085
1.7349999999999999, 0.005, 1.085
1.745, 0.005, 1.085
1.755, 0.005, 1.085
1.7650000000000001, 0.005, 1.085
1.775, 0.005, 1.085
1.7850000000000001, 0.005, 1.085
1.795, 0.005, 1.085
1.8050000000000002, 0.005, 1.085
1.815, 0.005, 1.085
1.8250000000000002, 0.005, 1.085
1.835, 0.005, 1.085
1.8450000000000002, 0.005, 1.085
1.855, 0.005, 1.085
1.8650000000000002, 0.005, 1.085
1.875, 0.005, 1.085
1.8850000000000002, 0.005, 1.085
1.895, 0.005, 1.085
1.9050000000000002, 0.005, 1.085
1.915, 0.005, 1.085
1.9249999999999998, 0.005, 1.085
1.935, 0.005, 1.085
1.9449999999999998, 0.005, 1.085
1.955, 0.005, 1.085
1.9649999999999999, 0.005, 1.085
1.975, 0.005, 1.085
1.9849999999999999, 0.005, 1.085
1.995, 0.005, 1.085
2.005, 0.005, 1.085
2.015, 0.005, 1.085
2.0250000000000004, 0.005, 1.085
2.035, 0.005, 1.085
2.045, 0.005, 1.085
2.0549999999999997, 0.005, 1.085
2.065, 0.005, 1.085
2.075, 0.005, 1.085
2.085, 0.005, 1.085
2.0949999999999998, 0.005, 1.085
2.105, 0.005, 1.085
2.115, 0.005, 1.085
2.125, 0.005, 1.085
2.135, 0.005, 1.085
2.145, 0.005, 1.085
2.1550000000000002, 0.005, 1.085
2.165, 0.005, 1.085
2.175, 0.005, 1.085
2.185, 0.005, 1.085
2.1950000000000003, 0.005, 1.085
2.205, 0.005, 1.085
2.215, 0.005, 1.085
2.225, 0.005, 1.085
2.2350000000000003, 0.005, 1.085
2.245, 0.005, 1.085
2.255, 0.005, 1.085
2.265, 0.005, 1.085
2.2750000000000004, 0.005, 1.085
2.285, 0.005, 1.085
2.295, 0.005, 1.085
2.305, 0.005, 1.085
2.315, 0.005, 1.085
2.325, 0.005, 1.085
2.335, 0.005, 1.085
2.3449999999999998, 0.005, 1.085
2.355, 0.005, 1.085
2.365, 0.005, 1.085
2.375, 0.005, 1.085
2.385, 0.005, 1.085
2.395, 0.005, 1.085
2.4050000000000002, 0.005, 1.085
2.415, 0.005, 1.085
2.425, 0.005, 1.085
2.435, 0.005, 1.085
2.4450000000000003, 0.005, 1.085
2.455, 0.005, 1.085
2.465, 0.005, 1.085
2.475, 0.005, 1.085
2.4850000000000003, 0.005, 1.085
2.495, 0.005, 1.085
2.505, 0.005, 1.085
2.515, 0.005, 1.085
2.5250000000000004, 0.005, 1.085
2.535, 0.005, 1.085
2.545, 0.005, 1.085
2.555, 0.005, 1.085
2.565, 0.005, 1.085
2.575, 0.005, 1.085
2.585, 0.005, 1.085
2.5949999999999998, 0.005, 1.085
2.605, 0.005, 1.085
2.615, 0.005, 1.085
2.625, 0.005, 1.085
2.635, 0.005, 1.085
2.645, 0.005, 1.085
2.6550000000000002, 0.005, 1.085
2.665, 0.005, 1.085
2.675, 0.005, 1.085
2.685, 0.005, 1.085
2.6950000000000003, 0.005, 1.085
2.705, 0.005, 1.085
2.715, 0.005, 1.085
2.725, 0.005, 1.085
2.7350000000000003, 0.005, 1.085
2.745, 0.005, 1.085
2.755, 0.005, 1.085
2.765, 0.005, 1.085
2.7750000000000004, 0.005, 1.085
2.785, 0.005, 1.085
2.795, 0.005, 1.085
0.005, 0.005, 1.0950000000000002
0.015, 0.005, 1.0950000000000002
0.025, 0.005, 1.0950000000000002
0.035, 0.005, 1.0950000000000002
0.045, 0.005, 1.0950000000000002
0.055, 0.005, 1.0950000000000002
0.065, 0.005, 1.0950000000000002
0.07500000000000001, 0.005, 1.0950000000000002
0.08499999999999999, 0.005, 1.0950000000000002
0.095, 0.005, 1.0950000000000002
0.10500000000000001, 0.005, 1.0950000000000002
0.11499999999999999, 0.005, 1.0950000000000002
0.125, 0.005, 1.0950000000000002
0.135, 0.005, 1.0950000000000002
0.14500000000000002, 0.005, 1.0950000000000002
0.155, 0.005, 1.0950000000000002
0.165, 0.005, 1.0950000000000002
0.175, 0.005, 1.0950000000000002
0.185, 0.005, 1.0950000000000002
0.195, 0.005, 1.0950000000000002
0.20500000000000002, 0.005, 1.0950000000000002
0.215, 0.005, 1.0950000000000002
0.225, 0.005, 1.0950000000000002
0.235, 0.005, 1.0950000000000002
0.245, 0.005, 1.0950000000000002
0.255, 0.005, 1.0950000000000002
0.265, 0.005, 1.0950000000000002
0.275, 0.005, 1.0950000000000002
0.28500000000000003, 0.005, 1.0950000000000002
0.295, 0.005, 1.0950000000000002
0.305, 0.005, 1.0950000000000002
0.315, 0.005, 1.0950000000000002
0.325, 0.005, 1.0950000000000002
0.335, 0.005, 1.0950000000000002
0.34500000000000003, 0.005, 1.0950000000000002
0.355, 0.005, 1.0950000000000002
0.365, 0.005, 1.0950000000000002
0.375, 0.005, 1.0950000000000002
0.385, 0.005, 1.0950000000000002
0.395, 0.005, 1.0950000000000002
0.405, 0.005, 1.0950000000000002
0.41500000000000004, 0.005, 1.0950000000000002
0.425, 0.005, 1.0950000000000002
0.435, 0.005, 1.0950000000000002
0.445, 0.005, 1.0950000000000002
0.455, 0.005, 1.0950000000000002
0.465, 0.005, 1.0950000000000002
0.475, 0.005, 1.0950000000000002
0.485, 0.005, 1.0950000000000002
0.495, 0.005, 1.0950000000000002
0.505, 0.005, 1.0950000000000002
0.515, 0.005, 1.0950000000000002
0.525, 0.005, 1.0950000000000002
0.535, 0.005, 1.0950000000000002
0.545, 0.005, 1.0950000000000002
0.555, 0.005, 1.0950000000000002
0.5650000000000001, 0.005, 1.0950000000000002
0.575, 0.005, 1.0950000000000002
0.585, 0.005, 1.0950000000000002
0.595, 0.005, 1.0950000000000002
0.605, 0.005, 1.0950000000000002
0.615, 0.005, 1.0950000000000002
0.625, 0.005, 1.0950000000000002
0.635, 0.005, 1.0950000000000002
0.645, 0.005, 1.0950000000000002
0.655, 0.005, 1.0950000000000002
0.665, 0.005, 1.0950000000000002
0.675, 0.005, 1.0950000000000002
0.685, 0.005, 1.0950000000000002
0.6950000000000001, 0.005, 1.0950000000000002
0.7050000000000001, 0.005, 1.0950000000000002
0.715, 0.005, 1.0950000000000002
0.725, 0.005, 1.0950000000000002
0.735, 0.005, 1.0950000000000002
0.745, 0.005, 1.0950000000000002
0.755, 0.005, 1.0950000000000002
0.765, 0.005, 1.0950000000000002
0.775, 0.005, 1.0950000000000002
0.785, 0.005, 1.0950000000000002
0.795, 0.005, 1.0950000000000002
0.805, 0.005, 1.0950000000000002
0.8150000000000001, 0.005, 1.0950000000000002
0.8250000000000001, 0.005, 1.0950000000000002
0.835, 0.005, 1.0950000000000002
0.845, 0.005, 1.0950000000000002
0.855, 0.005, 1.0950000000000002
0.865, 0.005, 1.0950000000000002
0.875, 0.005, 1.0950000000000002
0.885, 0.005, 1.0950000000000002
0.895, 0.005, 1.0950000000000002
0.905, 0.005, 1.0950000000000002
0.915, 0.005, 1.0950000000000002
0.925, 0.005, 1.0950000000000002
0.935, 0.005, 1.0950000000000002
0.9450000000000001, 0.005, 1.0950000000000002
0.9550000000000001, 0.005, 1.0950000000000002
0.965, 0.005, 1.0950000000000002
0.975, 0.005, 1.0950000000000002
0.985, 0.005, 1.0950000000000002
0.995, 0.005, 1.0950000000000002
1.005, 0.005, 1.0950000000000002
1.0150000000000001, 0.005, 1.0950000000000002
1.025, 0.005, 1.0950000000000002
1.0350000000000001, 0.005, 1.0950000000000002
1.045, 0.005, 1.0950000000000002
1.0550000000000002, 0.005, 1.0950000000000002
1.065, 0.005, 1.0950000000000002
1.0750000000000002, 0.005, 1.0950000000000002
1.085, 0.005, 1.0950000000000002
1.0950000000000002, 0.005, 1.0950000000000002
1.105, 0.005, 1.0950000000000002
1.1150000000000002, 0.005, 1.0950000000000002
1.125, 0.005, 1.0950000000000002
1.1350000000000002, 0.005, 1.0950000000000002
1.145, 0.005, 1.0950000000000002
1.155, 0.005, 1.0950000000000002
1.165, 0.005, 1.0950000000000002
1.1749999999999998, 0.005, 1.0950000000000002
1.185, 0.005, 1.0950000000000002
1.1949999999999998, 0.005, 1.0950000000000002
1.205, 0.005, 1.0950000000000002
1.2149999999999999, 0.005, 1.0950000000000002
1.225, 0.005, 1.0950000000000002
1.2349999999999999, 0.005, 1.0950000000000002
1.245, 0.005, 1.0950000000000002
1.255, 0.005, 1.0950000000000002
1.2650000000000001, 0.005, 1.0950000000000002
1.275, 0.005, 1.0950000000000002
1.2850000000000001, 0.005, 1.0950000000000002
1.295, 0.005, 1.0950000000000002
1.3050000000000002, 0.005, 1.0950000000000002
1.315, 0.005, 1.0950000000000002
1.3250000000000002, 0.005, 1.0950000000000002
1.335, 0.005, 1.0950000000000002
1.3450000000000002, 0.005, 1.0950000000000002
1.355, 0.005, 1.0950000000000002
1.3650000000000002, 0.005, 1.0950000000000002
1.375, 0.005, 1.0950000000000002
1.3850000000000002, 0.005, 1.0950000000000002
1.395, 0.005, 1.0950000000000002
1.405, 0.005, 1.0950000000000002
1.415, 0.005, 1.0950000000000002
1.4249999999999998, 0.005, 1.0950000000000002
1.435, 0.005, 1.0950000000000002
1.4449999999999998, 0.005, 1.0950000000000002
1.455, 0.005, 1.0950000000000002
1.4649999999999999, 0.005, 1.0950000000000002
1.475, 0.005, 1.0950000000000002
1.4849999999999999, 0.005, 1.0950000000000002
1.495, 0.005, 1.0950000000000002
1.505, 0.005, 1.0950000000000002
1.5150000000000001, 0.005, 1.0950000000000002
1.525, 0.005, 1.0950000000000002
1.5350000000000001, 0.005, 1.0950000000000002
1.545, 0.005, 1.0950000000000002
1.5550000000000002, 0.005, 1.0950000000000002
1.565, 0.005, 1.0950000000000002
1.5750000000000002, 0.005, 1.0950000000000002
1.585, 0.005, 1.0950000000000002
1.5950000000000002, 0.005, 1.0950000000000002
1.605, 0.005, 1.0950000000000002
1.6150000000000002, 0.005, 1.0950000000000002
1.625, 0.005, 1.0950000000000002
1.6350000000000002, 0.005, 1.0950000000000002
1.645, 0.005, 1.0950000000000002
1.6550000000000002, 0.005, 1.0950000000000002
1.665, 0.005, 1.0950000000000002
1.6749999999999998, 0.005, 1.0950000000000002
1.685, 0.005, 1.0950000000000002
1.6949999999999998, 0.005, 1.0950000000000002
1.705, 0.005, 1.0950000000000002
1.7149999999999999, 0.005, 1.0950000000000002
1.725, 0.005, 1.0950000000000002
1.7349999999999999, 0.005, 1.0950000000000002
1.745, 0.005, 1.0950000000000002
1.755, 0.005, 1.0950000000000002
1.7650000000000001, 0.005, 1.0950000000000002
1.775, 0.005, 1.0950000000000002
1.7850000000000001, 0.005, 1.0950000000000002
1.795, 0.005, 1.0950000000000002
1.8050000000000002, 0.005, 1.0950000000000002
1.815, 0.005, 1.0950000000000002
1.8250000000000002, 0.005, 1.0950000000000002
1.835, 0.005, 1.0950000000000002
1.8450000000000002, 0.005, 1.0950000000000002
1.855, 0.005, 1.0950000000000002
1.8650000000000002, 0.005, 1.0950000000000002
1.875, 0.005, 1.0950000000000002
1.8850000000000002, 0.005, 1.0950000000000002
1.895, 0.005, 1.0950000000000002
1.9050000000000002, 0.005, 1.0950000000000002
1.915, 0.005, 1.0950000000000002
1.9249999999999998, 0.005, 1.0950000000000002
1.935, 0.005, 1.0950000000000002
1.9449999999999998, 0.005, 1.0950000000000002
1.955, 0.005, 1.0950000000000002
1.9649999999999999, 0.005, 1.0950000000000002
1.975, 0.005, 1.0950000000000002
1.9849999999999999, 0.005, 1.0950000000000002
1.995, 0.005, 1.0950000000000002
2.005, 0.005, 1.0950000000000002
2.015, 0.005, 1.0950000000000002
2.0250000000000004, 0.005, 1.0950000000000002
2.035, 0.005, 1.0950000000000002
2.045, 0.005, 1.0950000000000002
2.0549999999999997, 0.005, 1.0950000000000002
2.065, 0.005, 1.0950000000000002
2.075, 0.005, 1.0950000000000002
2.085, 0.005, 1.0950000000000002
2.0949999999999998, 0.005, 1.0950000000000002
2.105, 0.005, 1.0950000000000002
2.115, 0.005, 1.0950000000000002
2.125, 0.005, 1.0950000000000002
2.135, 0.005, 1.0950000000000002
2.145, 0.005, 1.0950000000000002
2.1550000000000002, 0.005, 1.0950000000000002
2.165, 0.005, 1.0950000000000002
2.175, 0.005, 1.0950000000000002
2.185, 0.005, 1.0950000000000002
2.1950000000000003, 0.005, 1.0950000000000002
2.205, 0.005, 1.0950000000000002
2.215, 0.005, 1.0950000000000002
2.225, 0.005, 1.0950000000000002
2.2350000000000003, 0.005, 1.0950000000000002
2.245, 0.005, 1.0950000000000002
2.255, 0.005, 1.0950000000000002
2.265, 0.005, 1.0950000000000002
2.2750000000000004, 0.005, 1.0950000000000002
2.285, 0.005, 1.0950000000000002
2.295, 0.005, 1.0950000000000002
2.305, 0.005, 1.0950000000000002
2.315, 0.005, 1.0950000000000002
2.325, 0.005, 1.0950000000000002
2.335, 0.005, 1.0950000000000002
2.3449999999999998, 0.005, 1.0950000000000002
2.355, 0.005, 1.0950000000000002
2.365, 0.005, 1.0950000000000002
2.375, 0.005, 1.0950000000000002
2.385, 0.005, 1.0950000000000002
2.395, 0.005, 1.0950000000000002
2.4050000000000002, 0.005, 1.0950000000000002
2.415, 0.005, 1.0950000000000002
2.425, 0.005, 1.0950000000000002
2.435, 0.005, 1.0950000000000002
2.4450000000000003, 0.005, 1.0950000000000002
2.455, 0.005, 1.0950000000000002
2.465, 0.005, 1.0950000000000002
2.475, 0.005, 1.0950000000000002
2.4850000000000003, 0.005, 1.0950000000000002
2.495, 0.005, 1.0950000000000002
2.505, 0.005, 1.0950000000000002
2.515, 0.005, 1.0950000000000002
2.5250000000000004, 0.005, 1.0950000000000002
2.535, 0.005, 1.0950000000000002
2.545, 0.005, 1.0950000000000002
2.555, 0.005, 1.0950000000000002
2.565, 0.005, 1.0950000000000002
2.575, 0.005, 1.0950000000000002
2.585, 0.005, 1.0950000000000002
2.5949999999999998, 0.005, 1.0950000000000002
2.605, 0.005, 1.0950000000000002
2.615, 0.005, 1.0950000000000002
2.625, 0.005, 1.0950000000000002
2.635, 0.005, 1.0950000000000002
2.645, 0.005, 1.0950000000000002
2.6550000000000002, 0.005, 1.0950000000000002
2.665, 0.005, 1.0950000000000002
2.675, 0.005, 1.0950000000000002
2.685, 0.005, 1.0950000000000002
2.6950000000000003, 0.005, 1.0950000000000002
2.705, 0.005, 1.0950000000000002
2.715, 0.005, 1.0950000000000002
2.725, 0.005, 1.0950000000000002
2.7350000000000003, 0.005, 1.0950000000000002
2.745, 0.005, 1.0950000000000002
2.755, 0.005, 1.0950000000000002
2.765, 0.005, 1.0950000000000002
2.7750000000000004, 0.005, 1.0950000000000002
2.785, 0.005, 1.0950000000000002
2.795, 0.005, 1.0950000000000002
0.005, 0.005, 1.105
0.015, 0.005, 1.105
0.025, 0.005, 1.105
0.035, 0.005, 1.105
0.045, 0.005, 1.105
0.055, 0.005, 1.105
0.065, 0.005, 1.105
0.07500000000000001, 0.005, 1.105
0.08499999999999999, 0.005, 1.105
0.095, 0.005, 1.105
0.10500000000000001, 0.005, 1.105
0.11499999999999999, 0.005, 1.105
0.125, 0.005, 1.105
0.135, 0.005, 1.105
0.14500000000000002, 0.005, 1.105
0.155, 0.005, 1.105
0.165, 0.005, 1.105
0.175, 0.005, 1.105
0.185, 0.005, 1.105
0.195, 0.005, 1.105
0.20500000000000002, 0.005, 1.105
0.215, 0.005, 1.105
0.225, 0.005, 1.105
0.235, 0.005, 1.105
0.245, 0.005, 1.105
0.255, 0.005, 1.105
0.265, 0.005, 1.105
0.275, 0.005, 1.105
0.28500000000000003, 0.005, 1.105
0.295, 0.005, 1.105
0.305, 0.005, 1.105
0.315, 0.005, 1.105
0.325, 0.005, 1.105
0.335, 0.005, 1.105
0.34500000000000003, 0.005, 1.105
0.355, 0.005, 1.105
0.365, 0.005, 1.105
0.375, 0.005, 1.105
0.385, 0.005, 1.105
0.395, 0.005, 1.105
0.405, 0.005, 1.105
0.41500000000000004, 0.005, 1.105
0.425, 0.005, 1.105
0.435, 0.005, 1.105
0.445, 0.005, 1.105
0.455, 0.005, 1.105
0.465, 0.005, 1.105
0.475, 0.005, 1.105
0.485, 0.005, 1.105
0.495, 0.005, 1.105
0.505, 0.005, 1.105
0.515, 0.005, 1.105
0.525, 0.005, 1.105
0.535, 0.005, 1.105
0.545, 0.005, 1.105
0.555, 0.005, 1.105
0.5650000000000001, 0.005, 1.105
0.575, 0.005, 1.105
0.585, 0.005, 1.105
0.595, 0.005, 1.105
0.605, 0.005, 1.105
0.615, 0.005, 1.105
0.625, 0.005, 1.105
0.635, 0.005, 1.105
0.645, 0.005, 1.105
0.655, 0.005, 1.105
0.665, 0.005, 1.105
0.675, 0.005, 1.105
0.685, 0.005, 1.105
0.6950000000000001, 0.005, 1.105
0.7050000000000001, 0.005, 1.105
0.715, 0.005, 1.105
0.725, 0.005, 1.105
0.735, 0.005, 1.105
0.745, 0.005, 1.105
0.755, 0.005, 1.105
0.765, 0.005, 1.105
0.775, 0.005, 1.105
0.785, 0.005, 1.105
0.795, 0.005, 1.105
0.805, 0.005, 1.105
0.8150000000000001, 0.005, 1.105
0.8250000000000001, 0.005, 1.105
0.835, 0.005, 1.105
0.845, 0.005, 1.105
0.855, 0.005, 1.105
0.865, 0.005, 1.105
0.875, 0.005, 1.105
0.885, 0.005, 1.105
0.895, 0.005, 1.105
0.905, 0.005, 1.105
0.915, 0.005, 1.105
0.925, 0.005, 1.105
0.935, 0.005, 1.105
0.9450000000000001, 0.005, 1.105
0.9550000000000001, 0.005, 1.105
0.965, 0.005, 1.105
0.975, 0.005, 1.105
0.985, 0.005, 1.105
0.995, 0.005, 1.105
1.005, 0.005, 1.105
1.0150000000000001, 0.005, 1.105
1.025, 0.005, 1.105
1.0350000000000001, 0.005, 1.105
1.045, 0.005, 1.105
1.0550000000000002, 0.005, 1.105
1.065, 0.005, 1.105
1.0750000000000002, 0.005, 1.105
1.085, 0.005, 1.105
1.0950000000000002, 0.005, 1.105
1.105, 0.005, 1.105
1.1150000000000002, 0.005, 1.105
1.125, 0.005, 1.105
1.1350000000000002, 0.005, 1.105
1.145, 0.005, 1.105
1.155, 0.005, 1.105
1.165, 0.005, 1.105
1.1749999999999998, 0.005, 1.105
1.185, 0.005, 1.105
1.1949999999999998, 0.005, 1.105
1.205, 0.005, 1.105
1.2149999999999999, 0.005, 1.105
1.225, 0.005, 1.105
1.2349999999999999, 0.005, 1.105
1.245, 0.005, 1.105
1.255, 0.005, 1.105
1.2650000000000001, 0.005, 1.105
1.275, 0.005, 1.105
1.2850000000000001, 0.005, 1.105
1.295, 0.005, 1.105
1.3050000000000002, 0.005, 1.105
1.315, 0.005, 1.105
1.3250000000000002, 0.005, 1.105
1.335, 0.005, 1.105
1.3450000000000002, 0.005, 1.105
1.355, 0.005, 1.105
1.3650000000000002, 0.005, 1.105
1.375, 0.005, 1.105
1.3850000000000002, 0.005, 1.105
1.395, 0.005, 1.105
1.405, 0.005, 1.105
1.415, 0.005, 1.105
1.4249999999999998, 0.005, 1.105
1.435, 0.005, 1.105
1.4449999999999998, 0.005, 1.105
1.455, 0.005, 1.105
1.4649999999999999, 0.005, 1.105
1.475, 0.005, 1.105
1.4849999999999999, 0.005, 1.105
1.495, 0.005, 1.105
1.505, 0.005, 1.105
1.5150000000000001, 0.005, 1.105
1.525, 0.005, 1.105
1.5350000000000001, 0.005, 1.105
1.545, 0.005, 1.105
1.5550000000000002, 0.005, 1.105
1.565, 0.005, 1.105
1.5750000000000002, 0.005, 1.105
1.585, 0.005, 1.105
1.5950000000000002, 0.005, 1.105
1.605, 0.005, 1.105
1.6150000000000002, 0.005, 1.105
1.625, 0.005, 1.105
1.6350000000000002, 0.005, 1.105
1.645, 0.005, 1.105
1.6550000000000002, 0.005, 1.105
1.665, 0.005, 1.105
1.6749999999999998, 0.005, 1.105
1.685, 0.005, 1.105
1.6949999999999998, 0.005, 1.105
1.705, 0.005, 1.105
1.7149999999999999, 0.005, 1.105
1.725, 0.005, 1.105
1.7349999999999999, 0.005, 1.105
1.745, 0.005, 1.105
1.755, 0.005, 1.105
1.7650000000000001, 0.005, 1.105
1.775, 0.005, 1.105
1.7850000000000001, 0.005, 1.105
1.795, 0.005, 1.105
1.8050000000000002, 0.005, 1.105
1.815, 0.005, 1.105
1.8250000000000002, 0.005, 1.105
1.835, 0.005, 1.105
1.8450000000000002, 0.005, 1.105
1.855, 0.005, 1.105
1.8650000000000002, 0.005, 1.105
1.875, 0.005, 1.105
1.8850000000000002, 0.005, 1.105
1.895, 0.005, 1.105
1.9050000000000002, 0.005, 1.105
1.915, 0.005, 1.105
1.9249999999999998, 0.005, 1.105
1.935, 0.005, 1.105
1.9449999999999998, 0.005, 1.105
1.955, 0.005, 1.105
1.9649999999999999, 0.005, 1.105
1.975, 0.005, 1.105
1.9849999999999999, 0.005, 1.105
1.995, 0.005, 1.105
2.005, 0.005, 1.105
2.015, 0.005, 1.105
2.0250000000000004, 0.005, 1.105
2.035, 0.005, 1.105
2.045, 0.005, 1.105
2.0549999999999997, 0.005, 1.105
2.065, 0.005, 1.105
2.075, 0.005, 1.105
2.085, 0.005, 1.105
2.0949999999999998, 0.005, 1.105
2.105, 0.005, 1.105
2.115, 0.005, 1.105
2.125, 0.005, 1.105
2.135, 0.005, 1.105
2.145, 0.005, 1.105
2.1550000000000002, 0.005, 1.105
2.165, 0.005, 1.105
2.175, 0.005, 1.105
2.185, 0.005, 1.105
2.1950000000000003, 0.005, 1.105
2.205, 0.005, 1.105
2.215, 0.005, 1.105
2.225, 0.005, 1.105
2.2350000000000003, 0.005, 1.105
2.245, 0.005, 1.105
2.255, 0.005, 1.105
2.265, 0.005, 1.105
2.2750000000000004, 0.005, 1.105
2.285, 0.005, 1.105
2.295, 0.005, 1.105
2.305, 0.005, 1.105
2.315, 0.005, 1.105
2.325, 0.005, 1.105
2.335, 0.005, 1.105
2.3449999999999998, 0.005, 1.105
2.355, 0.005, 1.105
2.365, 0.005, 1.105
2.375, 0.005, 1.105
2.385, 0.005, 1.105
2.395, 0.005, 1.105
2.4050000000000002, 0.005, 1.105
2.415, 0.005, 1.105
2.425, 0.005, 1.105
2.435, 0.005, 1.105
2.4450000000000003, 0.005, 1.105
2.455, 0.005, 1.105
2.465, 0.005, 1.105
2.475, 0.005, 1.105
2.4850000000000003, 0.005, 1.105
2.495, 0.005, 1.105
2.505, 0.005, 1.105
2.515, 0.005, 1.105
2.5250000000000004, 0.005, 1.105
2.535, 0.005, 1.105
2.545, 0.005, 1.105
2.555, 0.005, 1.105
2.565, 0.005, 1.105
2.575, 0.005, 1.105
2.585, 0.005, 1.105
2.5949999999999998, 0.005, 1.105
2.605, 0.005, 1.105
2.615, 0.005, 1.105
2.625, 0.005, 1.105
2.635, 0.005, 1.105
2.645, 0.005, 1.105
2.6550000000000002, 0.005, 1.105
2.665, 0.005, 1.105
2.675, 0.005, 1.105
2.685, 0.005, 1.105
2.6950000000000003, 0.005, 1.105
2.705, 0.005, 1.105
2.715, 0.005, 1.105
2.725, 0.005, 1.105
2.7350000000000003, 0.005, 1.105
2.745, 0.005, 1.105
2.755, 0.005, 1.105
2.765, 0.005, 1.105
2.7750000000000004, 0.005, 1.105
2.785, 0.005, 1.105
2.795, 0.005, 1.105
0.005, 0.005, 1.1150000000000002
0.015, 0.005, 1.1150000000000002
0.025, 0.005, 1.1150000000000002
0.035, 0.005, 1.1150000000000002
0.045, 0.005, 1.1150000000000002
0.055, 0.005, 1.1150000000000002
0.065, 0.005, 1.1150000000000002
0.07500000000000001, 0.005, 1.1150000000000002
0.08499999999999999, 0.005, 1.1150000000000002
0.095, 0.005, 1.1150000000000002
0.10500000000000001, 0.005, 1.1150000000000002
0.11499999999999999, 0.005, 1.1150000000000002
0.125, 0.005, 1.1150000000000002
0.135, 0.005, 1.1150000000000002
0.14500000000000002, 0.005, 1.1150000000000002
0.155, 0.005, 1.1150000000000002
0.165, 0.005, 1.1150000000000002
0.175, 0.005, 1.1150000000000002
0.185, 0.005, 1.1150000000000002
0.195, 0.005, 1.1150000000000002
0.20500000000000002, 0.005, 1.1150000000000002
0.215, 0.005, 1.1150000000000002
0.225, 0.005, 1.1150000000000002
0.235, 0.005, 1.1150000000000002
0.245, 0.005, 1.1150000000000002
0.255, 0.005, 1.1150000000000002
0.265, 0.005, 1.1150000000000002
0.275, 0.005, 1.1150000000000002
0.28500000000000003, 0.005, 1.1150000000000002
0.295, 0.005, 1.1150000000000002
0.305, 0.005, 1.1150000000000002
0.315, 0.005, 1.1150000000000002
0.325, 0.005, 1.1150000000000002
0.335, 0.005, 1.1150000000000002
0.34500000000000003, 0.005, 1.1150000000000002
0.355, 0.005, 1.1150000000000002
0.365, 0.005, 1.1150000000000002
0.375, 0.005, 1.1150000000000002
0.385, 0.005, 1.1150000000000002
0.395, 0.005, 1.1150000000000002
0.405, 0.005, 1.1150000000000002
0.41500000000000004, 0.005, 1.1150000000000002
0.425, 0.005, 1.1150000000000002
0.435, 0.005, 1.1150000000000002
0.445, 0.005, 1.1150000000000002
0.455, 0.005, 1.1150000000000002
0.465, 0.005, 1.1150000000000002
0.475, 0.005, 1.1150000000000002
0.485, 0.005, 1.1150000000000002
0.495, 0.005, 1.1150000000000002
0.505, 0.005, 1.1150000000000002
0.515, 0.005, 1.1150000000000002
0.525, 0.005, 1.1150000000000002
0.535, 0.005, 1.1150000000000002
0.545, 0.005, 1.1150000000000002
0.555, 0.005, 1.1150000000000002
0.5650000000000001, 0.005, 1.1150000000000002
0.575, 0.005, 1.1150000000000002
0.585, 0.005, 1.1150000000000002
0.595, 0.005, 1.1150000000000002
0.605, 0.005, 1.1150000000000002
0.615, 0.005, 1.1150000000000002
0.625, 0.005, 1.1150000000000002
0.635, 0.005, 1.1150000000000002
0.645, 0.005, 1.1150000000000002
0.655, 0.005, 1.1150000000000002
0.665, 0.005, 1.1150000000000002
0.675, 0.005, 1.1150000000000002
0.685, 0.005, 1.1150000000000002
0.6950000000000001, 0.005, 1.1150000000000002
0.7050000000000001, 0.005, 1.1150000000000002
0.715, 0.005, 1.1150000000000002
0.725, 0.005, 1.1150000000000002
0.735, 0.005, 1.1150000000000002
0.745, 0.005, 1.1150000000000002
0.755, 0.005, 1.1150000000000002
0.765, 0.005, 1.1150000000000002
0.775, 0.005, 1.1150000000000002
0.785, 0.005, 1.1150000000000002
0.795, 0.005, 1.1150000000000002
0.805, 0.005, 1.1150000000000002
0.8150000000000001, 0.005, 1.1150000000000002
0.8250000000000001, 0.005, 1.1150000000000002
0.835, 0.005, 1.1150000000000002
0.845, 0.005, 1.1150000000000002
0.855, 0.005, 1.1150000000000002
0.865, 0.005, 1.1150000000000002
0.875, 0.005, 1.1150000000000002
0.885, 0.005, 1.1150000000000002
0.895, 0.005, 1.1150000000000002
0.905, 0.005, 1.1150000000000002
0.915, 0.005, 1.1150000000000002
0.925, 0.005, 1.1150000000000002
0.935, 0.005, 1.1150000000000002
0.9450000000000001, 0.005, 1.1150000000000002
0.9550000000000001, 0.005, 1.1150000000000002
0.965, 0.005, 1.1150000000000002
0.975, 0.005, 1.1150000000000002
0.985, 0.005, 1.1150000000000002
0.995, 0.005, 1.1150000000000002
1.005, 0.005, 1.1150000000000002
1.0150000000000001, 0.005, 1.1150000000000002
1.025, 0.005, 1.1150000000000002
1.0350000000000001, 0.005, 1.1150000000000002
1.045, 0.005, 1.1150000000000002
1.0550000000000002, 0.005, 1.1150000000000002
1.065, 0.005, 1.1150000000000002
1.0750000000000002, 0.005, 1.1150000000000002
1.085, 0.005, 1.1150000000000002
1.0950000000000002, 0.005, 1.1150000000000002
1.105, 0.005, 1.1150000000000002
1.1150000000000002, 0.005, 1.1150000000000002
1.125, 0.005, 1.1150000000000002
1.1350000000000002, 0.005, 1.1150000000000002
1.145, 0.005, 1.1150000000000002
1.155, 0.005, 1.1150000000000002
1.165, 0.005, 1.1150000000000002
1.1749999999999998, 0.005, 1.1150000000000002
1.185, 0.005, 1.1150000000000002
1.1949999999999998, 0.005, 1.1150000000000002
1.205, 0.005, 1.1150000000000002
1.2149999999999999, 0.005, 1.1150000000000002
1.225, 0.005, 1.1150000000000002
1.2349999999999999, 0.005, 1.1150000000000002
1.245, 0.005, 1.1150000000000002
1.255, 0.005, 1.1150000000000002
1.2650000000000001, 0.005, 1.1150000000000002
1.275, 0.005, 1.1150000000000002
1.2850000000000001, 0.005, 1.1150000000000002
1.295, 0.005, 1.1150000000000002
1.3050000000000002, 0.005, 1.1150000000000002
1.315, 0.005, 1.1150000000000002
1.3250000000000002, 0.005, 1.1150000000000002
1.335, 0.005, 1.1150000000000002
1.3450000000000002, 0.005, 1.1150000000000002
1.355, 0.005, 1.1150000000000002
1.3650000000000002, 0.005, 1.1150000000000002
1.375, 0.005, 1.1150000000000002
1.3850000000000002, 0.005, 1.1150000000000002
1.395, 0.005, 1.1150000000000002
1.405, 0.005, 1.1150000000000002
1.415, 0.005, 1.1150000000000002
1.4249999999999998, 0.005, 1.1150000000000002
1.435, 0.005, 1.1150000000000002
1.4449999999999998, 0.005, 1.1150000000000002
1.455, 0.005, 1.1150000000000002
1.4649999999999999, 0.005, 1.1150000000000002
1.475, 0.005, 1.1150000000000002
1.4849999999999999, 0.005, 1.1150000000000002
1.495, 0.005, 1.1150000000000002
1.505, 0.005, 1.1150000000000002
1.5150000000000001, 0.005, 1.1150000000000002
1.525, 0.005, 1.1150000000000002
1.5350000000000001, 0.005, 1.1150000000000002
1.545, 0.005, 1.1150000000000002
1.5550000000000002, 0.005, 1.1150000000000002
1.565, 0.005, 1.1150000000000002
1.5750000000000002, 0.005, 1.1150000000000002
1.585, 0.005, 1.1150000000000002
1.5950000000000002, 0.005, 1.1150000000000002
1.605, 0.005, 1.1150000000000002
1.6150000000000002, 0.005, 1.1150000000000002
1.625, 0.005, 1.1150000000000002
1.6350000000000002, 0.005, 1.1150000000000002
1.645, 0.005, 1.1150000000000002
1.6550000000000002, 0.005, 1.1150000000000002
1.665, 0.005, 1.1150000000000002
1.6749999999999998, 0.005, 1.1150000000000002
1.685, 0.005, 1.1150000000000002
1.6949999999999998, 0.005, 1.1150000000000002
1.705, 0.005, 1.1150000000000002
1.7149999999999999, 0.005, 1.1150000000000002
1.725, 0.005, 1.1150000000000002
1.7349999999999999, 0.005, 1.1150000000000002
1.745, 0.005, 1.1150000000000002
1.755, 0.005, 1.1150000000000002
1.7650000000000001, 0.005, 1.1150000000000002
1.775, 0.005, 1.1150000000000002
1.7850000000000001, 0.005, 1.1150000000000002
1.795, 0.005, 1.1150000000000002
1.8050000000000002, 0.005, 1.1150000000000002
1.815, 0.005, 1.1150000000000002
1.8250000000000002, 0.005, 1.1150000000000002
1.835, 0.005, 1.1150000000000002
1.8450000000000002, 0.005, 1.1150000000000002
1.855, 0.005, 1.1150000000000002
1.8650000000000002, 0.005, 1.1150000000000002
1.875, 0.005, 1.1150000000000002
1.8850000000000002, 0.005, 1.1150000000000002
1.895, 0.005, 1.1150000000000002
1.9050000000000002, 0.005, 1.1150000000000002
1.915, 0.005, 1.1150000000000002
1.9249999999999998, 0.005, 1.1150000000000002
1.935, 0.005, 1.1150000000000002
1.9449999999999998, 0.005, 1.1150000000000002
1.955, 0.005, 1.1150000000000002
1.9649999999999999, 0.005, 1.1150000000000002
1.975, 0.005, 1.1150000000000002
1.9849999999999999, 0.005, 1.1150000000000002
1.995, 0.005, 1.1150000000000002
2.005, 0.005, 1.1150000000000002
2.015, 0.005, 1.1150000000000002
2.0250000000000004, 0.005, 1.1150000000000002
2.035, 0.005, 1.1150000000000002
2.045, 0.005, 1.1150000000000002
2.0549999999999997, 0.005, 1.1150000000000002
2.065, 0.005, 1.1150000000000002
2.075, 0.005, 1.1150000000000002
2.085, 0.005, 1.1150000000000002
2.0949999999999998, 0.005, 1.1150000000000002
2.105, 0.005, 1.1150000000000002
2.115, 0.005, 1.1150000000000002
2.125, 0.005, 1.1150000000000002
2.135, 0.005, 1.1150000000000002
2.145, 0.005, 1.1150000000000002
2.1550000000000002, 0.005, 1.1150000000000002
2.165, 0.005, 1.1150000000000002
2.175, 0.005, 1.1150000000000002
2.185, 0.005, 1.1150000000000002
2.1950000000000003, 0.005, 1.1150000000000002
2.205, 0.005, 1.1150000000000002
2.215, 0.005, 1.1150000000000002
2.225, 0.005, 1.1150000000000002
2.2350000000000003, 0.005, 1.1150000000000002
2.245, 0.005, 1.1150000000000002
2.255, 0.005, 1.1150000000000002
2.265, 0.005, 1.1150000000000002
2.2750000000000004, 0.005, 1.1150000000000002
2.285, 0.005, 1.1150000000000002
2.295, 0.005, 1.1150000000000002
2.305, 0.005, 1.1150000000000002
2.315, 0.005, 1.1150000000000002
2.325, 0.005, 1.1150000000000002
2.335, 0.005, 1.1150000000000002
2.3449999999999998, 0.005, 1.1150000000000002
2.355, 0.005, 1.1150000000000002
2.365, 0.005, 1.1150000000000002
2.375, 0.005, 1.1150000000000002
2.385, 0.005, 1.1150000000000002
2.395, 0.005, 1.1150000000000002
2.4050000000000002, 0.005, 1.1150000000000002
2.415, 0.005, 1.1150000000000002
2.425, 0.005, 1.1150000000000002
2.435, 0.005, 1.1150000000000002
2.4450000000000003, 0.005, 1.1150000000000002
2.455, 0.005, 1.1150000000000002
2.465, 0.005, 1.1150000000000002
2.475, 0.005, 1.1150000000000002
2.4850000000000003, 0.005, 1.1150000000000002
2.495, 0.005, 1.1150000000000002
2.505, 0.005, 1.1150000000000002
2.515, 0.005, 1.1150000000000002
2.5250000000000004, 0.005, 1.1150000000000002
2.535, 0.005, 1.1150000000000002
2.545, 0.005, 1.1150000000000002
2.555, 0.005, 1.1150000000000002
2.565, 0.005, 1.1150000000000002
2.575, 0.005, 1.1150000000000002
2.585, 0.005, 1.1150000000000002
2.5949999999999998, 0.005, 1.1150000000000002
2.605, 0.005, 1.1150000000000002
2.615, 0.005, 1.1150000000000002
2.625, 0.005, 1.1150000000000002
2.635, 0.005, 1.1150000000000002
2.645, 0.005, 1.1150000000000002
2.6550000000000002, 0.005, 1.1150000000000002
2.665, 0.005, 1.1150000000000002
2.675, 0.005, 1.1150000000000002
2.685, 0.005, 1.1150000000000002
2.6950000000000003, 0.005, 1.1150000000000002
2.705, 0.005, 1.1150000000000002
2.715, 0.005, 1.1150000000000002
2.725, 0.005, 1.1150000000000002
2.7350000000000003, 0.005, 1.1150000000000002
2.745, 0.005, 1.1150000000000002
2.755, 0.005, 1.1150000000000002
2.765, 0.005, 1.1150000000000002
2.7750000000000004, 0.005, 1.1150000000000002
2.785, 0.005, 1.1150000000000002
2.795, 0.005, 1.1150000000000002
0.005, 0.005, 1.125
0.015, 0.005, 1.125
0.025, 0.005, 1.125
0.035, 0.005, 1.125
0.045, 0.005, 1.125
0.055, 0.005, 1.125
0.065, 0.005, 1.125
0.07500000000000001, 0.005, 1.125
0.08499999999999999, 0.005, 1.125
0.095, 0.005, 1.125
0.10500000000000001, 0.005, 1.125
0.11499999999999999, 0.005, 1.125
0.125, 0.005, 1.125
0.135, 0.005, 1.125
0.14500000000000002, 0.005, 1.125
0.155, 0.005, 1.125
0.165, 0.005, 1.125
0.175, 0.005, 1.125
0.185, 0.005, 1.125
0.195, 0.005, 1.125
0.20500000000000002, 0.005, 1.125
0.215, 0.005, 1.125
0.225, 0.005, 1.125
0.235, 0.005, 1.125
0.245, 0.005, 1.125
0.255, 0.005, 1.125
0.265, 0.005, 1.125
0.275, 0.005, 1.125
0.28500000000000003, 0.005, 1.125
0.295, 0.005, 1.125
0.305, 0.005, 1.125
0.315, 0.005, 1.125
0.325, 0.005, 1.125
0.335, 0.005, 1.125
0.34500000000000003, 0.005, 1.125
0.355, 0.005, 1.125
0.365, 0.005, 1.125
0.375, 0.005, 1.125
0.385, 0.005, 1.125
0.395, 0.005, 1.125
0.405, 0.005, 1.125
0.41500000000000004, 0.005, 1.125
0.425, 0.005, 1.125
0.435, 0.005, 1.125
0.445, 0.005, 1.125
0.455, 0.005, 1.125
0.465, 0.005, 1.125
0.475, 0.005, 1.125
0.485, 0.005, 1.125
0.495, 0.005, 1.125
0.505, 0.005, 1.125
0.515, 0.005, 1.125
0.525, 0.005, 1.125
0.535, 0.005, 1.125
0.545, 0.005, 1.125
0.555, 0.005, 1.125
0.5650000000000001, 0.005, 1.125
0.575, 0.005, 1.125
0.585, 0.005, 1.125
0.595, 0.005, 1.125
0.605, 0.005, 1.125
0.615, 0.005, 1.125
0.625, 0.005, 1.125
0.635, 0.005, 1.125
0.645, 0.005, 1.125
0.655, 0.005, 1.125
0.665, 0.005, 1.125
0.675, 0.005, 1.125
0.685, 0.005, 1.125
0.6950000000000001, 0.005, 1.125
0.7050000000000001, 0.005, 1.125
0.715, 0.005, 1.125
0.725, 0.005, 1.125
0.735, 0.005, 1.125
0.745, 0.005, 1.125
0.755, 0.005, 1.125
0.765, 0.005, 1.125
0.775, 0.005, 1.125
0.785, 0.005, 1.125
0.795, 0.005, 1.125
0.805, 0.005, 1.125
0.8150000000000001, 0.005, 1.125
0.8250000000000001, 0.005, 1.125
0.835, 0.005, 1.125
0.845, 0.005, 1.125
0.855, 0.005, 1.125
0.865, 0.005, 1.125
0.875, 0.005, 1.125
0.885, 0.005, 1.125
0.895, 0.005, 1.125
0.905, 0.005, 1.125
0.915, 0.005, 1.125
0.925, 0.005, 1.125
0.935, 0.005, 1.125
0.9450000000000001, 0.005, 1.125
0.9550000000000001, 0.005, 1.125
0.965, 0.005, 1.125
0.975, 0.005, 1.125
0.985, 0.005, 1.125
0.995, 0.005, 1.125
1.005, 0.005, 1.125
1.0150000000000001, 0.005, 1.125
1.025, 0.005, 1.125
1.0350000000000001, 0.005, 1.125
1.045, 0.005, 1.125
1.0550000000000002, 0.005, 1.125
1.065, 0.005, 1.125
1.0750000000000002, 0.005, 1.125
1.085, 0.005, 1.125
1.0950000000000002, 0.005, 1.125
1.105, 0.005, 1.125
1.1150000000000002, 0.005, 1.125
1.125, 0.005, 1.125
1.1350000000000002, 0.005, 1.125
1.145, 0.005, 1.125
1.155, 0.005, 1.125
1.165, 0.005, 1.125
1.1749999999999998, 0.005, 1.125
1.185, 0.005, 1.125
1.1949999999999998, 0.005, 1.125
1.205, 0.005, 1.125
1.2149999999999999, 0.005, 1.125
1.225, 0.005, 1.125
1.2349999999999999, 0.005, 1.125
1.245, 0.005, 1.125
1.255, 0.005, 1.125
1.2650000000000001, 0.005, 1.125
1.275, 0.005, 1.125
1.2850000000000001, 0.005, 1.125
1.295, 0.005, 1.125
1.3050000000000002, 0.005, 1.125
1.315, 0.005, 1.125
1.3250000000000002, 0.005, 1.125
1.335, 0.005, 1.125
1.3450000000000002, 0.005, 1.125
1.355, 0.005, 1.125
1.3650000000000002, 0.005, 1.125
1.375, 0.005, 1.125
1.3850000000000002, 0.005, 1.125
1.395, 0.005, 1.125
1.405, 0.005, 1.125
1.415, 0.005, 1.125
1.4249999999999998, 0.005, 1.125
1.435, 0.005, 1.125
1.4449999999999998, 0.005, 1.125
1.455, 0.005, 1.125
1.4649999999999999, 0.005, 1.125
1.475, 0.005, 1.125
1.4849999999999999, 0.005, 1.125
1.495, 0.005, 1.125
1.505, 0.005, 1.125
1.5150000000000001, 0.005, 1.125
1.525, 0.005, 1.125
1.5350000000000001, 0.005, 1.125
1.545, 0.005, 1.125
1.5550000000000002, 0.005, 1.125
1.565, 0.005, 1.125
1.5750000000000002, 0.005, 1.125
1.585, 0.005, 1.125
1.5950000000000002, 0.005, 1.125
1.605, 0.005, 1.125
1.6150000000000002, 0.005, 1.125
1.625, 0.005, 1.125
1.6350000000000002, 0.005, 1.125
1.645, 0.005, 1.125
1.6550000000000002, 0.005, 1.125
1.665, 0.005, 1.125
1.6749999999999998, 0.005, 1.125
1.685, 0.005, 1.125
1.6949999999999998, 0.005, 1.125
1.705, 0.005, 1.125
1.7149999999999999, 0.005, 1.125
1.725, 0.005, 1.125
1.7349999999999999, 0.005, 1.125
1.745, 0.005, 1.125
1.755, 0.005, 1.125
1.7650000000000001, 0.005, 1.125
1.775, 0.005, 1.125
1.7850000000000001, 0.005, 1.125
1.795, 0.005, 1.125
1.8050000000000002, 0.005, 1.125
1.815, 0.005, 1.125
1.8250000000000002, 0.005, 1.125
1.835, 0.005, 1.125
1.8450000000000002, 0.005, 1.125
1.855, 0.005, 1.125
1.8650000000000002, 0.005, 1.125
1.875, 0.005, 1.125
1.8850000000000002, 0.005, 1.125
1.895, 0.005, 1.125
1.9050000000000002, 0.005, 1.125
1.915, 0.005, 1.125
1.9249999999999998, 0.005, 1.125
1.935, 0.005, 1.125
1.9449999999999998, 0.005, 1.125
1.955, 0.005, 1.125
1.9649999999999999, 0.005, 1.125
1.975, 0.005, 1.125
1.9849999999999999, 0.005, 1.125
1.995, 0.005, 1.125
2.005, 0.005, 1.125
2.015, 0.005, 1.125
2.0250000000000004, 0.005, 1.125
2.035, 0.005, 1.125
2.045, 0.005, 1.125
2.0549999999999997, 0.005, 1.125
2.065, 0.005, 1.125
2.075, 0.005, 1.125
2.085, 0.005, 1.125
2.0949999999999998, 0.005, 1.125
2.105, 0.005, 1.125
2.115, 0.005, 1.125
2.125, 0.005, 1.125
2.135, 0.005, 1.125
2.145, 0.005, 1.125
2.1550000000000002, 0.005, 1.125
2.165, 0.005, 1.125
2.175, 0.005, 1.125
2.185, 0.005, 1.125
2.1950000000000003, 0.005, 1.125
2.205, 0.005, 1.125
2.215, 0.005, 1.125
2.225, 0.005, 1.125
2.2350000000000003, 0.005, 1.125
2.245, 0.005, 1.125
2.255, 0.005, 1.125
2.265, 0.005, 1.125
2.2750000000000004, 0.005, 1.125
2.285, 0.005, 1.125
2.295, 0.005, 1.125
2.305, 0.005, 1.125
2.315, 0.005, 1.125
2.325, 0.005, 1.125
2.335, 0.005, 1.125
2.3449999999999998, 0.005, 1.125
2.355, 0.005, 1.125
2.365, 0.005, 1.125
2.375, 0.005, 1.125
2.385, 0.005, 1.125
2.395, 0.005, 1.125
2.4050000000000002, 0.005, 1.125
2.415, 0.005, 1.125
2.425, 0.005, 1.125
2.435, 0.005, 1.125
2.4450000000000003, 0.005, 1.125
2.455, 0.005, 1.125
2.465, 0.005, 1.125
2.475, 0.005, 1.125
2.4850000000000003, 0.005, 1.125
2.495, 0.005, 1.125
2.505, 0.005, 1.125
2.515, 0.005, 1.125
2.5250000000000004, 0.005, 1.125
2.535, 0.005, 1.125
2.545, 0.005, 1.125
2.555, 0.005, 1.125
2.565, 0.005, 1.125
2.575, 0.005, 1.125
2.585, 0.005, 1.125
2.5949999999999998, 0.005, 1.125
2.605, 0.005, 1.125
2.615, 0.005, 1.125
2.625, 0.005, 1.125
2.635, 0.005, 1.125
2.645, 0.005, 1.125
2.6550000000000002, 0.005, 1.125
2.665, 0.005, 1.125
2.675, 0.005, 1.125
2.685, 0.005, 1.125
2.6950000000000003, 0.005, 1.125
2.705, 0.005, 1.125
2.715, 0.005, 1.125
2.725, 0.005, 1.125
2.7350000000000003, 0.005, 1.125
2.745, 0.005, 1.125
2.755, 0.005, 1.125
2.765, 0.005, 1.125
2.7750000000000004, 0.005, 1.125
2.785, 0.005, 1.125
2.795, 0.005, 1.125
0.005, 0.005, 1.1350000000000002
0.015, 0.005, 1.1350000000000002
0.025, 0.005, 1.1350000000000002
0.035, 0.005, 1.1350000000000002
0.045, 0.005, 1.1350000000000002
0.055, 0.005, 1.1350000000000002
0.065, 0.005, 1.1350000000000002
0.07500000000000001, 0.005, 1.1350000000000002
0.08499999999999999, 0.005, 1.1350000000000002
0.095, 0.005, 1.1350000000000002
0.10500000000000001, 0.005, 1.1350000000000002
0.11499999999999999, 0.005, 1.1350000000000002
0.125, 0.005, 1.1350000000000002
0.135, 0.005, 1.1350000000000002
0.14500000000000002, 0.005, 1.1350000000000002
0.155, 0.005, 1.1350000000000002
0.165, 0.005, 1.1350000000000002
0.175, 0.005, 1.1350000000000002
0.185, 0.005, 1.1350000000000002
0.195, 0.005, 1.1350000000000002
0.20500000000000002, 0.005, 1.1350000000000002
0.215, 0.005, 1.1350000000000002
0.225, 0.005, 1.1350000000000002
0.235, 0.005, 1.1350000000000002
0.245, 0.005, 1.1350000000000002
0.255, 0.005, 1.1350000000000002
0.265, 0.005, 1.1350000000000002
0.275, 0.005, 1.1350000000000002
0.28500000000000003, 0.005, 1.1350000000000002
0.295, 0.005, 1.1350000000000002
0.305, 0.005, 1.1350000000000002
0.315, 0.005, 1.1350000000000002
0.325, 0.005, 1.1350000000000002
0.335, 0.005, 1.1350000000000002
0.34500000000000003, 0.005, 1.1350000000000002
0.355, 0.005, 1.1350000000000002
0.365, 0.005, 1.1350000000000002
0.375, 0.005, 1.1350000000000002
0.385, 0.005, 1.1350000000000002
0.395, 0.005, 1.1350000000000002
0.405, 0.005, 1.1350000000000002
0.41500000000000004, 0.005, 1.1350000000000002
0.425, 0.005, 1.1350000000000002
0.435, 0.005, 1.1350000000000002
0.445, 0.005, 1.1350000000000002
0.455, 0.005, 1.1350000000000002
0.465, 0.005, 1.1350000000000002
0.475, 0.005, 1.1350000000000002
0.485, 0.005, 1.1350000000000002
0.495, 0.005, 1.1350000000000002
0.505, 0.005, 1.1350000000000002
0.515, 0.005, 1.1350000000000002
0.525, 0.005, 1.1350000000000002
0.535, 0.005, 1.1350000000000002
0.545, 0.005, 1.1350000000000002
0.555, 0.005, 1.1350000000000002
0.5650000000000001, 0.005, 1.1350000000000002
0.575, 0.005, 1.1350000000000002
0.585, 0.005, 1.1350000000000002
0.595, 0.005, 1.1350000000000002
0.605, 0.005, 1.1350000000000002
0.615, 0.005, 1.1350000000000002
0.625, 0.005, 1.1350000000000002
0.635, 0.005, 1.1350000000000002
0.645, 0.005, 1.1350000000000002
0.655, 0.005, 1.1350000000000002
0.665, 0.005, 1.1350000000000002
0.675, 0.005, 1.1350000000000002
0.685, 0.005, 1.1350000000000002
0.6950000000000001, 0.005, 1.1350000000000002
0.7050000000000001, 0.005, 1.1350000000000002
0.715, 0.005, 1.1350000000000002
0.725, 0.005, 1.1350000000000002
0.735, 0.005, 1.1350000000000002
0.745, 0.005, 1.1350000000000002
0.755, 0.005, 1.1350000000000002
0.765, 0.005, 1.1350000000000002
0.775, 0.005, 1.1350000000000002
0.785, 0.005, 1.1350000000000002
0.795, 0.005, 1.1350000000000002
0.805, 0.005, 1.1350000000000002
0.8150000000000001, 0.005, 1.1350000000000002
0.8250000000000001, 0.005, 1.1350000000000002
0.835, 0.005, 1.1350000000000002
0.845, 0.005, 1.1350000000000002
0.855, 0.005, 1.1350000000000002
0.865, 0.005, 1.1350000000000002
0.875, 0.005, 1.1350000000000002
0.885, 0.005, 1.1350000000000002
0.895, 0.005, 1.1350000000000002
0.905, 0.005, 1.1350000000000002
0.915, 0.005, 1.1350000000000002
0.925, 0.005, 1.1350000000000002
0.935, 0.005, 1.1350000000000002
0.9450000000000001, 0.005, 1.1350000000000002
0.9550000000000001, 0.005, 1.1350000000000002
0.965, 0.005, 1.1350000000000002
0.975, 0.005, 1.1350000000000002
0.985, 0.005, 1.1350000000000002
0.995, 0.005, 1.1350000000000002
1.005, 0.005, 1.1350000000000002
1.0150000000000001, 0.005, 1.1350000000000002
1.025, 0.005, 1.1350000000000002
1.0350000000000001, 0.005, 1.1350000000000002
1.045, 0.005, 1.1350000000000002
1.0550000000000002, 0.005, 1.1350000000000002
1.065, 0.005, 1.1350000000000002
1.0750000000000002, 0.005, 1.1350000000000002
1.085, 0.005, 1.1350000000000002
1.0950000000000002, 0.005, 1.1350000000000002
1.105, 0.005, 1.1350000000000002
1.1150000000000002, 0.005, 1.1350000000000002
1.125, 0.005, 1.1350000000000002
1.1350000000000002, 0.005, 1.1350000000000002
1.145, 0.005, 1.1350000000000002
1.155, 0.005, 1.1350000000000002
1.165, 0.005, 1.1350000000000002
1.1749999999999998, 0.005, 1.1350000000000002
1.185, 0.005, 1.1350000000000002
1.1949999999999998, 0.005, 1.1350000000000002
1.205, 0.005, 1.1350000000000002
1.2149999999999999, 0.005, 1.1350000000000002
1.225, 0.005, 1.1350000000000002
1.2349999999999999, 0.005, 1.1350000000000002
1.245, 0.005, 1.1350000000000002
1.255, 0.005, 1.1350000000000002
1.2650000000000001, 0.005, 1.1350000000000002
1.275, 0.005, 1.1350000000000002
1.2850000000000001, 0.005, 1.1350000000000002
1.295, 0.005, 1.1350000000000002
1.3050000000000002, 0.005, 1.1350000000000002
1.315, 0.005, 1.1350000000000002
1.3250000000000002, 0.005, 1.1350000000000002
1.335, 0.005, 1.1350000000000002
1.3450000000000002, 0.005, 1.1350000000000002
1.355, 0.005, 1.1350000000000002
1.3650000000000002, 0.005, 1.1350000000000002
1.375, 0.005, 1.1350000000000002
1.3850000000000002, 0.005, 1.1350000000000002
1.395, 0.005, 1.1350000000000002
1.405, 0.005, 1.1350000000000002
1.415, 0.005, 1.1350000000000002
1.4249999999999998, 0.005, 1.1350000000000002
1.435, 0.005, 1.1350000000000002
1.4449999999999998, 0.005, 1.1350000000000002
1.455, 0.005, 1.1350000000000002
1.4649999999999999, 0.005, 1.1350000000000002
1.475, 0.005, 1.1350000000000002
1.4849999999999999, 0.005, 1.1350000000000002
1.495, 0.005, 1.1350000000000002
1.505, 0.005, 1.1350000000000002
1.5150000000000001, 0.005, 1.1350000000000002
1.525, 0.005, 1.1350000000000002
1.5350000000000001, 0.005, 1.1350000000000002
1.545, 0.005, 1.1350000000000002
1.5550000000000002, 0.005, 1.1350000000000002
1.565, 0.005, 1.1350000000000002
1.5750000000000002, 0.005, 1.1350000000000002
1.585, 0.005, 1.1350000000000002
1.5950000000000002, 0.005, 1.1350000000000002
1.605, 0.005, 1.1350000000000002
1.6150000000000002, 0.005, 1.1350000000000002
1.625, 0.005, 1.1350000000000002
1.6350000000000002, 0.005, 1.1350000000000002
1.645, 0.005, 1.1350000000000002
1.6550000000000002, 0.005, 1.1350000000000002
1.665, 0.005, 1.1350000000000002
1.6749999999999998, 0.005, 1.1350000000000002
1.685, 0.005, 1.1350000000000002
1.6949999999999998, 0.005, 1.1350000000000002
1.705, 0.005, 1.1350000000000002
1.7149999999999999, 0.005, 1.1350000000000002
1.725, 0.005, 1.1350000000000002
1.7349999999999999, 0.005, 1.1350000000000002
1.745, 0.005, 1.1350000000000002
1.755, 0.005, 1.1350000000000002
1.7650000000000001, 0.005, 1.1350000000000002
1.775, 0.005, 1.1350000000000002
1.7850000000000001, 0.005, 1.1350000000000002
1.795, 0.005, 1.1350000000000002
1.8050000000000002, 0.005, 1.1350000000000002
1.815, 0.005, 1.1350000000000002
1.8250000000000002, 0.005, 1.1350000000000002
1.835, 0.005, 1.1350000000000002
1.8450000000000002, 0.005, 1.1350000000000002
1.855, 0.005, 1.1350000000000002
1.8650000000000002, 0.005, 1.1350000000000002
1.875, 0.005, 1.1350000000000002
1.8850000000000002, 0.005, 1.1350000000000002
1.895, 0.005, 1.1350000000000002
1.9050000000000002, 0.005, 1.1350000000000002
1.915, 0.005, 1.1350000000000002
1.9249999999999998, 0.005, 1.1350000000000002
1.935, 0.005, 1.1350000000000002
1.9449999999999998, 0.005, 1.1350000000000002
1.955, 0.005, 1.1350000000000002
1.9649999999999999, 0.005, 1.1350000000000002
1.975, 0.005, 1.1350000000000002
1.9849999999999999, 0.005, 1.1350000000000002
1.995, 0.005, 1.1350000000000002
2.005, 0.005, 1.1350000000000002
2.015, 0.005, 1.1350000000000002
2.0250000000000004, 0.005, 1.1350000000000002
2.035, 0.005, 1.1350000000000002
2.045, 0.005, 1.1350000000000002
2.0549999999999997, 0.005, 1.1350000000000002
2.065, 0.005, 1.1350000000000002
2.075, 0.005, 1.1350000000000002
2.085, 0.005, 1.1350000000000002
2.0949999999999998, 0.005, 1.1350000000000002
2.105, 0.005, 1.1350000000000002
2.115, 0.005, 1.1350000000000002
2.125, 0.005, 1.1350000000000002
2.135, 0.005, 1.1350000000000002
2.145, 0.005, 1.1350000000000002
2.1550000000000002, 0.005, 1.1350000000000002
2.165, 0.005, 1.1350000000000002
2.175, 0.005, 1.1350000000000002
2.185, 0.005, 1.1350000000000002
2.1950000000000003, 0.005, 1.1350000000000002
2.205, 0.005, 1.1350000000000002
2.215, 0.005, 1.1350000000000002
2.225, 0.005, 1.1350000000000002
2.2350000000000003, 0.005, 1.1350000000000002
2.245, 0.005, 1.1350000000000002
2.255, 0.005, 1.1350000000000002
2.265, 0.005, 1.1350000000000002
2.2750000000000004, 0.005, 1.1350000000000002
2.285, 0.005, 1.1350000000000002
2.295, 0.005, 1.1350000000000002
2.305, 0.005, 1.1350000000000002
2.315, 0.005, 1.1350000000000002
2.325, 0.005, 1.1350000000000002
2.335, 0.005, 1.1350000000000002
2.3449999999999998, 0.005, 1.1350000000000002
2.355, 0.005, 1.1350000000000002
2.365, 0.005, 1.1350000000000002
2.375, 0.005, 1.1350000000000002
2.385, 0.005, 1.1350000000000002
2.395, 0.005, 1.1350000000000002
2.4050000000000002, 0.005, 1.1350000000000002
2.415, 0.005, 1.1350000000000002
2.425, 0.005, 1.1350000000000002
2.435, 0.005, 1.1350000000000002
2.4450000000000003, 0.005, 1.1350000000000002
2.455, 0.005, 1.1350000000000002
2.465, 0.005, 1.1350000000000002
2.475, 0.005, 1.1350000000000002
2.4850000000000003, 0.005, 1.1350000000000002
2.495, 0.005, 1.1350000000000002
2.505, 0.005, 1.1350000000000002
2.515, 0.005, 1.1350000000000002
2.5250000000000004, 0.005, 1.1350000000000002
2.535, 0.005, 1.1350000000000002
2.545, 0.005, 1.1350000000000002
2.555, 0.005, 1.1350000000000002
2.565, 0.005, 1.1350000000000002
2.575, 0.005, 1.1350000000000002
2.585, 0.005, 1.1350000000000002
2.5949999999999998, 0.005, 1.1350000000000002
2.605, 0.005, 1.1350000000000002
2.615, 0.005, 1.1350000000000002
2.625, 0.005, 1.1350000000000002
2.635, 0.005, 1.1350000000000002
2.645, 0.005, 1.1350000000000002
2.6550000000000002, 0.005, 1.1350000000000002
2.665, 0.005, 1.1350000000000002
2.675, 0.005, 1.1350000000000002
2.685, 0.005, 1.1350000000000002
2.6950000000000003, 0.005, 1.1350000000000002
2.705, 0.005, 1.1350000000000002
2.715, 0.005, 1.1350000000000002
2.725, 0.005, 1.1350000000000002
2.7350000000000003, 0.005, 1.1350000000000002
2.745, 0.005, 1.1350000000000002
2.755, 0.005, 1.1350000000000002
2.765, 0.005, 1.1350000000000002
2.7750000000000004, 0.005, 1.1350000000000002
2.785, 0.005, 1.1350000000000002
2.795, 0.005, 1.1350000000000002
0.005, 0.005, 1.145
0.015, 0.005, 1.145
0.025, 0.005, 1.145
0.035, 0.005, 1.145
0.045, 0.005, 1.145
0.055, 0.005, 1.145
0.065, 0.005, 1.145
0.07500000000000001, 0.005, 1.145
0.08499999999999999, 0.005, 1.145
0.095, 0.005, 1.145
0.10500000000000001, 0.005, 1.145
0.11499999999999999, 0.005, 1.145
0.125, 0.005, 1.145
0.135, 0.005, 1.145
0.14500000000000002, 0.005, 1.145
0.155, 0.005, 1.145
0.165, 0.005, 1.145
0.175, 0.005, 1.145
0.185, 0.005, 1.145
0.195, 0.005, 1.145
0.20500000000000002, 0.005, 1.145
0.215, 0.005, 1.145
0.225, 0.005, 1.145
0.235, 0.005, 1.145
0.245, 0.005, 1.145
0.255, 0.005, 1.145
0.265, 0.005, 1.145
0.275, 0.005, 1.145
0.28500000000000003, 0.005, 1.145
0.295, 0.005, 1.145
0.305, 0.005, 1.145
0.315, 0.005, 1.145
0.325, 0.005, 1.145
0.335, 0.005, 1.145
0.34500000000000003, 0.005, 1.145
0.355, 0.005, 1.145
0.365, 0.005, 1.145
0.375, 0.005, 1.145
0.385, 0.005, 1.145
0.395, 0.005, 1.145
0.405, 0.005, 1.145
0.41500000000000004, 0.005, 1.145
0.425, 0.005, 1.145
0.435, 0.005, 1.145
0.445, 0.005, 1.145
0.455, 0.005, 1.145
0.465, 0.005, 1.145
0.475, 0.005, 1.145
0.485, 0.005, 1.145
0.495, 0.005, 1.145
0.505, 0.005, 1.145
0.515, 0.005, 1.145
0.525, 0.005, 1.145
0.535, 0.005, 1.145
0.545, 0.005, 1.145
0.555, 0.005, 1.145
0.5650000000000001, 0.005, 1.145
0.575, 0.005, 1.145
0.585, 0.005, 1.145
0.595, 0.005, 1.145
0.605, 0.005, 1.145
0.615, 0.005, 1.145
0.625, 0.005, 1.145
0.635, 0.005, 1.145
0.645, 0.005, 1.145
0.655, 0.005, 1.145
0.665, 0.005, 1.145
0.675, 0.005, 1.145
0.685, 0.005, 1.145
0.6950000000000001, 0.005, 1.145
0.7050000000000001, 0.005, 1.145
0.715, 0.005, 1.145
0.725, 0.005, 1.145
0.735, 0.005, 1.145
0.745, 0.005, 1.145
0.755, 0.005, 1.145
0.765, 0.005, 1.145
0.775, 0.005, 1.145
0.785, 0.005, 1.145
0.795, 0.005, 1.145
0.805, 0.005, 1.145
0.8150000000000001, 0.005, 1.145
0.8250000000000001, 0.005, 1.145
0.835, 0.005, 1.145
0.845, 0.005, 1.145
0.855, 0.005, 1.145
0.865, 0.005, 1.145
0.875, 0.005, 1.145
0.885, 0.005, 1.145
0.895, 0.005, 1.145
0.905, 0.005, 1.145
0.915, 0.005, 1.145
0.925, 0.005, 1.145
0.935, 0.005, 1.145
0.9450000000000001, 0.005, 1.145
0.9550000000000001, 0.005, 1.145
0.965, 0.005, 1.145
0.975, 0.005, 1.145
0.985, 0.005, 1.145
0.995, 0.005, 1.145
1.005, 0.005, 1.145
1.0150000000000001, 0.005, 1.145
1.025, 0.005, 1.145
1.0350000000000001, 0.005, 1.145
1.045, 0.005, 1.145
1.0550000000000002, 0.005, 1.145
1.065, 0.005, 1.145
1.0750000000000002, 0.005, 1.145
1.085, 0.005, 1.145
1.0950000000000002, 0.005, 1.145
1.105, 0.005, 1.145
1.1150000000000002, 0.005, 1.145
1.125, 0.005, 1.145
1.1350000000000002, 0.005, 1.145
1.145, 0.005, 1.145
1.155, 0.005, 1.145
1.165, 0.005, 1.145
1.1749999999999998, 0.005, 1.145
1.185, 0.005, 1.145
1.1949999999999998, 0.005, 1.145
1.205, 0.005, 1.145
1.2149999999999999, 0.005, 1.145
1.225, 0.005, 1.145
1.2349999999999999, 0.005, 1.145
1.245, 0.005, 1.145
1.255, 0.005, 1.145
1.2650000000000001, 0.005, 1.145
1.275, 0.005, 1.145
1.2850000000000001, 0.005, 1.145
1.295, 0.005, 1.145
1.3050000000000002, 0.005, 1.145
1.315, 0.005, 1.145
1.3250000000000002, 0.005, 1.145
1.335, 0.005, 1.145
1.3450000000000002, 0.005, 1.145
1.355, 0.005, 1.145
1.3650000000000002, 0.005, 1.145
1.375, 0.005, 1.145
1.3850000000000002, 0.005, 1.145
1.395, 0.005, 1.145
1.405, 0.005, 1.145
1.415, 0.005, 1.145
1.4249999999999998, 0.005, 1.145
1.435, 0.005, 1.145
1.4449999999999998, 0.005, 1.145
1.455, 0.005, 1.145
1.4649999999999999, 0.005, 1.145
1.475, 0.005, 1.145
1.4849999999999999, 0.005, 1.145
1.495, 0.005, 1.145
1.505, 0.005, 1.145
1.5150000000000001, 0.005, 1.145
1.525, 0.005, 1.145
1.5350000000000001, 0.005, 1.145
1.545, 0.005, 1.145
1.5550000000000002, 0.005, 1.145
1.565, 0.005, 1.145
1.5750000000000002, 0.005, 1.145
1.585, 0.005, 1.145
1.5950000000000002, 0.005, 1.145
1.605, 0.005, 1.145
1.6150000000000002, 0.005, 1.145
1.625, 0.005, 1.145
1.6350000000000002, 0.005, 1.145
1.645, 0.005, 1.145
1.6550000000000002, 0.005, 1.145
1.665, 0.005, 1.145
1.6749999999999998, 0.005, 1.145
1.685, 0.005, 1.145
1.6949999999999998, 0.005, 1.145
1.705, 0.005, 1.145
1.7149999999999999, 0.005, 1.145
1.725, 0.005, 1.145
1.7349999999999999, 0.005, 1.145
1.745, 0.005, 1.145
1.755, 0.005, 1.145
1.7650000000000001, 0.005, 1.145
1.775, 0.005, 1.145
1.7850000000000001, 0.005, 1.145
1.795, 0.005, 1.145
1.8050000000000002, 0.005, 1.145
1.815, 0.005, 1.145
1.8250000000000002, 0.005, 1.145
1.835, 0.005, 1.145
1.8450000000000002, 0.005, 1.145
1.855, 0.005, 1.145
1.8650000000000002, 0.005, 1.145
1.875, 0.005, 1.145
1.8850000000000002, 0.005, 1.145
1.895, 0.005, 1.145
1.9050000000000002, 0.005, 1.145
1.915, 0.005, 1.145
1.9249999999999998, 0.005, 1.145
1.935, 0.005, 1.145
1.9449999999999998, 0.005, 1.145
1.955, 0.005, 1.145
1.9649999999999999, 0.005, 1.145
1.975, 0.005, 1.145
1.9849999999999999, 0.005, 1.145
1.995, 0.005, 1.145
2.005, 0.005, 1.145
2.015, 0.005, 1.145
2.0250000000000004, 0.005, 1.145
2.035, 0.005, 1.145
2.045, 0.005, 1.145
2.0549999999999997, 0.005, 1.145
2.065, 0.005, 1.145
2.075, 0.005, 1.145
2.085, 0.005, 1.145
2.0949999999999998, 0.005, 1.145
2.105, 0.005, 1.145
2.115, 0.005, 1.145
2.125, 0.005, 1.145
2.135, 0.005, 1.145
2.145, 0.005, 1.145
2.1550000000000002, 0.005, 1.145
2.165, 0.005, 1.145
2.175, 0.005, 1.145
2.185, 0.005, 1.145
2.1950000000000003, 0.005, 1.145
2.205, 0.005, 1.145
2.215, 0.005, 1.145
2.225, 0.005, 1.145
2.2350000000000003, 0.005, 1.145
2.245, 0.005, 1.145
2.255, 0.005, 1.145
2.265, 0.005, 1.145
2.2750000000000004, 0.005, 1.145
2.285, 0.005, 1.145
2.295, 0.005, 1.145
2.305, 0.005, 1.145
2.315, 0.005, 1.145
2.325, 0.005, 1.145
2.335, 0.005, 1.145
2.3449999999999998, 0.005, 1.145
2.355, 0.005, 1.145
2.365, 0.005, 1.145
2.375, 0.005, 1.145
2.385, 0.005, 1.145
2.395, 0.005, 1.145
2.4050000000000002, 0.005, 1.145
2.415, 0.005, 1.145
2.425, 0.005, 1.145
2.435, 0.005, 1.145
2.4450000000000003, 0.005, 1.145
2.455, 0.005, 1.145
2.465, 0.005, 1.145
2.475, 0.005, 1.145
2.4850000000000003, 0.005, 1.145
2.495, 0.005, 1.145
2.505, 0.005, 1.145
2.515, 0.005, 1.145
2.5250000000000004, 0.005, 1.145
2.535, 0.005, 1.145
2.545, 0.005, 1.145
2.555, 0.005, 1.145
2.565, 0.005, 1.145
2.575, 0.005, 1.145
2.585, 0.005, 1.145
2.5949999999999998, 0.005, 1.145
2.605, 0.005, 1.145
2.615, 0.005, 1.145
2.625, 0.005, 1.145
2.635, 0.005, 1.145
2.645, 0.005, 1.145
2.6550000000000002, 0.005, 1.145
2.665, 0.005, 1.145
2.675, 0.005, 1.145
2.685, 0.005, 1.145
2.6950000000000003, 0.005, 1.145
2.705, 0.005, 1.145
2.715, 0.005, 1.145
2.725, 0.005, 1.145
2.7350000000000003, 0.005, 1.145
2.745, 0.005, 1.145
2.755, 0.005, 1.145
2.765, 0.005, 1.145
2.7750000000000004, 0.005, 1.145
2.785, 0.005, 1.145
2.795, 0.005, 1.145
0.005, 0.005, 1.155
0.015, 0.005, 1.155
0.025, 0.005, 1.155
0.035, 0.005, 1.155
0.045, 0.005, 1.155
0.055, 0.005, 1.155
0.065, 0.005, 1.155
0.07500000000000001, 0.005, 1.155
0.08499999999999999, 0.005, 1.155
0.095, 0.005, 1.155
0.10500000000000001, 0.005, 1.155
0.11499999999999999, 0.005, 1.155
0.125, 0.005, 1.155
0.135, 0.005, 1.155
0.14500000000000002, 0.005, 1.155
0.155, 0.005, 1.155
0.165, 0.005, 1.155
0.175, 0.005, 1.155
0.185, 0.005, 1.155
0.195, 0.005, 1.155
0.20500000000000002, 0.005, 1.155
0.215, 0.005, 1.155
0.225, 0.005, 1.155
0.235, 0.005, 1.155
0.245, 0.005, 1.155
0.255, 0.005, 1.155
0.265, 0.005, 1.155
0.275, 0.005, 1.155
0.28500000000000003, 0.005, 1.155
0.295, 0.005, 1.155
0.305, 0.005, 1.155
0.315, 0.005, 1.155
0.325, 0.005, 1.155
0.335, 0.005, 1.155
0.34500000000000003, 0.005, 1.155
0.355, 0.005, 1.155
0.365, 0.005, 1.155
0.375, 0.005, 1.155
0.385, 0.005, 1.155
0.395, 0.005, 1.155
0.405, 0.005, 1.155
0.41500000000000004, 0.005, 1.155
0.425, 0.005, 1.155
0.435, 0.005, 1.155
0.445, 0.005, 1.155
0.455, 0.005, 1.155
0.465, 0.005, 1.155
0.475, 0.005, 1.155
0.485, 0.005, 1.155
0.495, 0.005, 1.155
0.505, 0.005, 1.155
0.515, 0.005, 1.155
0.525, 0.005, 1.155
0.535, 0.005, 1.155
0.545, 0.005, 1.155
0.555, 0.005, 1.155
0.5650000000000001, 0.005, 1.155
0.575, 0.005, 1.155
0.585, 0.005, 1.155
0.595, 0.005, 1.155
0.605, 0.005, 1.155
0.615, 0.005, 1.155
0.625, 0.005, 1.155
0.635, 0.005, 1.155
0.645, 0.005, 1.155
0.655, 0.005, 1.155
0.665, 0.005, 1.155
0.675, 0.005, 1.155
0.685, 0.005, 1.155
0.6950000000000001, 0.005, 1.155
0.7050000000000001, 0.005, 1.155
0.715, 0.005, 1.155
0.725, 0.005, 1.155
0.735, 0.005, 1.155
0.745, 0.005, 1.155
0.755, 0.005, 1.155
0.765, 0.005, 1.155
0.775, 0.005, 1.155
0.785, 0.005, 1.155
0.795, 0.005, 1.155
0.805, 0.005, 1.155
0.8150000000000001, 0.005, 1.155
0.8250000000000001, 0.005, 1.155
0.835, 0.005, 1.155
0.845, 0.005, 1.155
0.855, 0.005, 1.155
0.865, 0.005, 1.155
0.875, 0.005, 1.155
0.885, 0.005, 1.155
0.895, 0.005, 1.155
0.905, 0.005, 1.155
0.915, 0.005, 1.155
0.925, 0.005, 1.155
0.935, 0.005, 1.155
0.9450000000000001, 0.005, 1.155
0.9550000000000001, 0.005, 1.155
0.965, 0.005, 1.155
0.975, 0.005, 1.155
0.985, 0.005, 1.155
0.995, 0.005, 1.155
1.005, 0.005, 1.155
1.0150000000000001, 0.005, 1.155
1.025, 0.005, 1.155
1.0350000000000001, 0.005, 1.155
1.045, 0.005, 1.155
1.0550000000000002, 0.005, 1.155
1.065, 0.005, 1.155
1.0750000000000002, 0.005, 1.155
1.085, 0.005, 1.155
1.0950000000000002, 0.005, 1.155
1.105, 0.005, 1.155
1.1150000000000002, 0.005, 1.155
1.125, 0.005, 1.155
1.1350000000000002, 0.005, 1.155
1.145, 0.005, 1.155
1.155, 0.005, 1.155
1.165, 0.005, 1.155
1.1749999999999998, 0.005, 1.155
1.185, 0.005, 1.155
1.1949999999999998, 0.005, 1.155
1.205, 0.005, 1.155
1.2149999999999999, 0.005, 1.155
1.225, 0.005, 1.155
1.2349999999999999, 0.005, 1.155
1.245, 0.005, 1.155
1.255, 0.005, 1.155
1.2650000000000001, 0.005, 1.155
1.275, 0.005, 1.155
1.2850000000000001, 0.005, 1.155
1.295, 0.005, 1.155
1.3050000000000002, 0.005, 1.155
1.315, 0.005, 1.155
1.3250000000000002, 0.005, 1.155
1.335, 0.005, 1.155
1.3450000000000002, 0.005, 1.155
1.355, 0.005, 1.155
1.3650000000000002, 0.005, 1.155
1.375, 0.005, 1.155
1.3850000000000002, 0.005, 1.155
1.395, 0.005, 1.155
1.405, 0.005, 1.155
1.415, 0.005, 1.155
1.4249999999999998, 0.005, 1.155
1.435, 0.005, 1.155
1.4449999999999998, 0.005, 1.155
1.455, 0.005, 1.155
1.4649999999999999, 0.005, 1.155
1.475, 0.005, 1.155
1.4849999999999999, 0.005, 1.155
1.495, 0.005, 1.155
1.505, 0.005, 1.155
1.5150000000000001, 0.005, 1.155
1.525, 0.005, 1.155
1.5350000000000001, 0.005, 1.155
1.545, 0.005, 1.155
1.5550000000000002, 0.005, 1.155
1.565, 0.005, 1.155
1.5750000000000002, 0.005, 1.155
1.585, 0.005, 1.155
1.5950000000000002, 0.005, 1.155
1.605, 0.005, 1.155
1.6150000000000002, 0.005, 1.155
1.625, 0.005, 1.155
1.6350000000000002, 0.005, 1.155
1.645, 0.005, 1.155
1.6550000000000002, 0.005, 1.155
1.665, 0.005, 1.155
1.6749999999999998, 0.005, 1.155
1.685, 0.005, 1.155
1.6949999999999998, 0.005, 1.155
1.705, 0.005, 1.155
1.7149999999999999, 0.005, 1.155
1.725, 0.005, 1.155
1.7349999999999999, 0.005, 1.155
1.745, 0.005, 1.155
1.755, 0.005, 1.155
1.7650000000000001, 0.005, 1.155
1.775, 0.005, 1.155
1.7850000000000001, 0.005, 1.155
1.795, 0.005, 1.155
1.8050000000000002, 0.005, 1.155
1.815, 0.005, 1.155
1.8250000000000002, 0.005, 1.155
1.835, 0.005, 1.155
1.8450000000000002, 0.005, 1.155
1.855, 0.005, 1.155
1.8650000000000002, 0.005, 1.155
1.875, 0.005, 1.155
1.8850000000000002, 0.005, 1.155
1.895, 0.005, 1.155
1.9050000000000002, 0.005, 1.155
1.915, 0.005, 1.155
1.9249999999999998, 0.005, 1.155
1.935, 0.005, 1.155
1.9449999999999998, 0.005, 1.155
1.955, 0.005, 1.155
1.9649999999999999, 0.005, 1.155
1.975, 0.005, 1.155
1.9849999999999999, 0.005, 1.155
1.995, 0.005, 1.155
2.005, 0.005, 1.155
2.015, 0.005, 1.155
2.0250000000000004, 0.005, 1.155
2.035, 0.005, 1.155
2.045, 0.005, 1.155
2.0549999999999997, 0.005, 1.155
2.065, 0.005, 1.155
2.075, 0.005, 1.155
2.085, 0.005, 1.155
2.0949999999999998, 0.005, 1.155
2.105, 0.005, 1.155
2.115, 0.005, 1.155
2.125, 0.005, 1.155
2.135, 0.005, 1.155
2.145, 0.005, 1.155
2.1550000000000002, 0.005, 1.155
2.165, 0.005, 1.155
2.175, 0.005, 1.155
2.185, 0.005, 1.155
2.1950000000000003, 0.005, 1.155
2.205, 0.005, 1.155
2.215, 0.005, 1.155
2.225, 0.005, 1.155
2.2350000000000003, 0.005, 1.155
2.245, 0.005, 1.155
2.255, 0.005, 1.155
2.265, 0.005, 1.155
2.2750000000000004, 0.005, 1.155
2.285, 0.005, 1.155
2.295, 0.005, 1.155
2.305, 0.005, 1.155
2.315, 0.005, 1.155
2.325, 0.005, 1.155
2.335, 0.005, 1.155
2.3449999999999998, 0.005, 1.155
2.355, 0.005, 1.155
2.365, 0.005, 1.155
2.375, 0.005, 1.155
2.385, 0.005, 1.155
2.395, 0.005, 1.155
2.4050000000000002, 0.005, 1.155
2.415, 0.005, 1.155
2.425, 0.005, 1.155
2.435, 0.005, 1.155
2.4450000000000003, 0.005, 1.155
2.455, 0.005, 1.155
2.465, 0.005, 1.155
2.475, 0.005, 1.155
2.4850000000000003, 0.005, 1.155
2.495, 0.005, 1.155
2.505, 0.005, 1.155
2.515, 0.005, 1.155
2.5250000000000004, 0.005, 1.155
2.535, 0.005, 1.155
2.545, 0.005, 1.155
2.555, 0.005, 1.155
2.565, 0.005, 1.155
2.575, 0.005, 1.155
2.585, 0.005, 1.155
2.5949999999999998, 0.005, 1.155
2.605, 0.005, 1.155
2.615, 0.005, 1.155
2.625, 0.005, 1.155
2.635, 0.005, 1.155
2.645, 0.005, 1.155
2.6550000000000002, 0.005, 1.155
2.665, 0.005, 1.155
2.675, 0.005, 1.155
2.685, 0.005, 1.155
2.6950000000000003, 0.005, 1.155
2.705, 0.005, 1.155
2.715, 0.005, 1.155
2.725, 0.005, 1.155
2.7350000000000003, 0.005, 1.155
2.745, 0.005, 1.155
2.755, 0.005, 1.155
2.765, 0.005, 1.155
2.7750000000000004, 0.005, 1.155
2.785, 0.005, 1.155
2.795, 0.005, 1.155
0.005, 0.005, 1.165
0.015, 0.005, 1.165
0.025, 0.005, 1.165
0.035, 0.005, 1.165
0.045, 0.005, 1.165
0.055, 0.005, 1.165
0.065, 0.005, 1.165
0.07500000000000001, 0.005, 1.165
0.08499999999999999, 0.005, 1.165
0.095, 0.005, 1.165
0.10500000000000001, 0.005, 1.165
0.11499999999999999, 0.005, 1.165
0.125, 0.005, 1.165
0.135, 0.005, 1.165
0.14500000000000002, 0.005, 1.165
0.155, 0.005, 1.165
0.165, 0.005, 1.165
0.175, 0.005, 1.165
0.185, 0.005, 1.165
0.195, 0.005, 1.165
0.20500000000000002, 0.005, 1.165
0.215, 0.005, 1.165
0.225, 0.005, 1.165
0.235, 0.005, 1.165
0.245, 0.005, 1.165
0.255, 0.005, 1.165
0.265, 0.005, 1.165
0.275, 0.005, 1.165
0.28500000000000003, 0.005, 1.165
0.295, 0.005, 1.165
0.305, 0.005, 1.165
0.315, 0.005, 1.165
0.325, 0.005, 1.165
0.335, 0.005, 1.165
0.34500000000000003, 0.005, 1.165
0.355, 0.005, 1.165
0.365, 0.005, 1.165
0.375, 0.005, 1.165
0.385, 0.005, 1.165
0.395, 0.005, 1.165
0.405, 0.005, 1.165
0.41500000000000004, 0.005, 1.165
0.425, 0.005, 1.165
0.435, 0.005, 1.165
0.445, 0.005, 1.165
0.455, 0.005, 1.165
0.465, 0.005, 1.165
0.475, 0.005, 1.165
0.485, 0.005, 1.165
0.495, 0.005, 1.165
0.505, 0.005, 1.165
0.515, 0.005, 1.165
0.525, 0.005, 1.165
0.535, 0.005, 1.165
0.545, 0.005, 1.165
0.555, 0.005, 1.165
0.5650000000000001, 0.005, 1.165
0.575, 0.005, 1.165
0.585, 0.005, 1.165
0.595, 0.005, 1.165
0.605, 0.005, 1.165
0.615, 0.005, 1.165
0.625, 0.005, 1.165
0.635, 0.005, 1.165
0.645, 0.005, 1.165
0.655, 0.005, 1.165
0.665, 0.005, 1.165
0.675, 0.005, 1.165
0.685, 0.005, 1.165
0.6950000000000001, 0.005, 1.165
0.7050000000000001, 0.005, 1.165
0.715, 0.005, 1.165
0.725, 0.005, 1.165
0.735, 0.005, 1.165
0.745, 0.005, 1.165
0.755, 0.005, 1.165
0.765, 0.005, 1.165
0.775, 0.005, 1.165
0.785, 0.005, 1.165
0.795, 0.005, 1.165
0.805, 0.005, 1.165
0.8150000000000001, 0.005, 1.165
0.8250000000000001, 0.005, 1.165
0.835, 0.005, 1.165
0.845, 0.005, 1.165
0.855, 0.005, 1.165
0.865, 0.005, 1.165
0.875, 0.005, 1.165
0.885, 0.005, 1.165
0.895, 0.005, 1.165
0.905, 0.005, 1.165
0.915, 0.005, 1.165
0.925, 0.005, 1.165
0.935, 0.005, 1.165
0.9450000000000001, 0.005, 1.165
0.9550000000000001, 0.005, 1.165
0.965, 0.005, 1.165
0.975, 0.005, 1.165
0.985, 0.005, 1.165
0.995, 0.005, 1.165
1.005, 0.005, 1.165
1.0150000000000001, 0.005, 1.165
1.025, 0.005, 1.165
1.0350000000000001, 0.005, 1.165
1.045, 0.005, 1.165
1.0550000000000002, 0.005, 1.165
1.065, 0.005, 1.165
1.0750000000000002, 0.005, 1.165
1.085, 0.005, 1.165
1.0950000000000002, 0.005, 1.165
1.105, 0.005, 1.165
1.1150000000000002, 0.005, 1.165
1.125, 0.005, 1.165
1.1350000000000002, 0.005, 1.165
1.145, 0.005, 1.165
1.155, 0.005, 1.165
1.165, 0.005, 1.165
1.1749999999999998, 0.005, 1.165
1.185, 0.005, 1.165
1.1949999999999998, 0.005, 1.165
1.205, 0.005, 1.165
1.2149999999999999, 0.005, 1.165
1.225, 0.005, 1.165
1.2349999999999999, 0.005, 1.165
1.245, 0.005, 1.165
1.255, 0.005, 1.165
1.2650000000000001, 0.005, 1.165
1.275, 0.005, 1.165
1.2850000000000001, 0.005, 1.165
1.295, 0.005, 1.165
1.3050000000000002, 0.005, 1.165
1.315, 0.005, 1.165
1.3250000000000002, 0.005, 1.165
1.335, 0.005, 1.165
1.3450000000000002, 0.005, 1.165
1.355, 0.005, 1.165
1.3650000000000002, 0.005, 1.165
1.375, 0.005, 1.165
1.3850000000000002, 0.005, 1.165
1.395, 0.005, 1.165
1.405, 0.005, 1.165
1.415, 0.005, 1.165
1.4249999999999998, 0.005, 1.165
1.435, 0.005, 1.165
1.4449999999999998, 0.005, 1.165
1.455, 0.005, 1.165
1.4649999999999999, 0.005, 1.165
1.475, 0.005, 1.165
1.4849999999999999, 0.005, 1.165
1.495, 0.005, 1.165
1.505, 0.005, 1.165
1.5150000000000001, 0.005, 1.165
1.525, 0.005, 1.165
1.5350000000000001, 0.005, 1.165
1.545, 0.005, 1.165
1.5550000000000002, 0.005, 1.165
1.565, 0.005, 1.165
1.5750000000000002, 0.005, 1.165
1.585, 0.005, 1.165
1.5950000000000002, 0.005, 1.165
1.605, 0.005, 1.165
1.6150000000000002, 0.005, 1.165
1.625, 0.005, 1.165
1.6350000000000002, 0.005, 1.165
1.645, 0.005, 1.165
1.6550000000000002, 0.005, 1.165
1.665, 0.005, 1.165
1.6749999999999998, 0.005, 1.165
1.685, 0.005, 1.165
1.6949999999999998, 0.005, 1.165
1.705, 0.005, 1.165
1.7149999999999999, 0.005, 1.165
1.725, 0.005, 1.165
1.7349999999999999, 0.005, 1.165
1.745, 0.005, 1.165
1.755, 0.005, 1.165
1.7650000000000001, 0.005, 1.165
1.775, 0.005, 1.165
1.7850000000000001, 0.005, 1.165
1.795, 0.005, 1.165
1.8050000000000002, 0.005, 1.165
1.815, 0.005, 1.165
1.8250000000000002, 0.005, 1.165
1.835, 0.005, 1.165
1.8450000000000002, 0.005, 1.165
1.855, 0.005, 1.165
1.8650000000000002, 0.005, 1.165
1.875, 0.005, 1.165
1.8850000000000002, 0.005, 1.165
1.895, 0.005, 1.165
1.9050000000000002, 0.005, 1.165
1.915, 0.005, 1.165
1.9249999999999998, 0.005, 1.165
1.935, 0.005, 1.165
1.9449999999999998, 0.005, 1.165
1.955, 0.005, 1.165
1.9649999999999999, 0.005, 1.165
1.975, 0.005, 1.165
1.9849999999999999, 0.005, 1.165
1.995, 0.005, 1.165
2.005, 0.005, 1.165
2.015, 0.005, 1.165
2.0250000000000004, 0.005, 1.165
2.035, 0.005, 1.165
2.045, 0.005, 1.165
2.0549999999999997, 0.005, 1.165
2.065, 0.005, 1.165
2.075, 0.005, 1.165
2.085, 0.005, 1.165
2.0949999999999998, 0.005, 1.165
2.105, 0.005, 1.165
2.115, 0.005, 1.165
2.125, 0.005, 1.165
2.135, 0.005, 1.165
2.145, 0.005, 1.165
2.1550000000000002, 0.005, 1.165
2.165, 0.005, 1.165
2.175, 0.005, 1.165
2.185, 0.005, 1.165
2.1950000000000003, 0.005, 1.165
2.205, 0.005, 1.165
2.215, 0.005, 1.165
2.225, 0.005, 1.165
2.2350000000000003, 0.005, 1.165
2.245, 0.005, 1.165
2.255, 0.005, 1.165
2.265, 0.005, 1.165
2.2750000000000004, 0.005, 1.165
2.285, 0.005, 1.165
2.295, 0.005, 1.165
2.305, 0.005, 1.165
2.315, 0.005, 1.165
2.325, 0.005, 1.165
2.335, 0.005, 1.165
2.3449999999999998, 0.005, 1.165
2.355, 0.005, 1.165
2.365, 0.005, 1.165
2.375, 0.005, 1.165
2.385, 0.005, 1.165
2.395, 0.005, 1.165
2.4050000000000002, 0.005, 1.165
2.415, 0.005, 1.165
2.425, 0.005, 1.165
2.435, 0.005, 1.165
2.4450000000000003, 0.005, 1.165
2.455, 0.005, 1.165
2.465, 0.005, 1.165
2.475, 0.005, 1.165
2.4850000000000003, 0.005, 1.165
2.495, 0.005, 1.165
2.505, 0.005, 1.165
2.515, 0.005, 1.165
2.5250000000000004, 0.005, 1.165
2.535, 0.005, 1.165
2.545, 0.005, 1.165
2.555, 0.005, 1.165
2.565, 0.005, 1.165
2.575, 0.005, 1.165
2.585, 0.005, 1.165
2.5949999999999998, 0.005, 1.165
2.605, 0.005, 1.165
2.615, 0.005, 1.165
2.625, 0.005, 1.165
2.635, 0.005, 1.165
2.645, 0.005, 1.165
2.6550000000000002, 0.005, 1.165
2.665, 0.005, 1.165
2.675, 0.005, 1.165
2.685, 0.005, 1.165
2.6950000000000003, 0.005, 1.165
2.705, 0.005, 1.165
2.715, 0.005, 1.165
2.725, 0.005, 1.165
2.7350000000000003, 0.005, 1.165
2.745, 0.005, 1.165
2.755, 0.005, 1.165
2.765, 0.005, 1.165
2.7750000000000004, 0.005, 1.165
2.785, 0.005, 1.165
2.795, 0.005, 1.165
0.005, 0.005, 1.1749999999999998
0.015, 0.005, 1.1749999999999998
0.025, 0.005, 1.1749999999999998
0.035, 0.005, 1.1749999999999998
0.045, 0.005, 1.1749999999999998
0.055, 0.005, 1.1749999999999998
0.065, 0.005, 1.1749999999999998
0.07500000000000001, 0.005, 1.1749999999999998
0.08499999999999999, 0.005, 1.1749999999999998
0.095, 0.005, 1.1749999999999998
0.10500000000000001, 0.005, 1.1749999999999998
0.11499999999999999, 0.005, 1.1749999999999998
0.125, 0.005, 1.1749999999999998
0.135, 0.005, 1.1749999999999998
0.14500000000000002, 0.005, 1.1749999999999998
0.155, 0.005, 1.1749999999999998
0.165, 0.005, 1.1749999999999998
0.175, 0.005, 1.1749999999999998
0.185, 0.005, 1.1749999999999998
0.195, 0.005, 1.1749999999999998
0.20500000000000002, 0.005, 1.1749999999999998
0.215, 0.005, 1.1749999999999998
0.225, 0.005, 1.1749999999999998
0.235, 0.005, 1.1749999999999998
0.245, 0.005, 1.1749999999999998
0.255, 0.005, 1.1749999999999998
0.265, 0.005, 1.1749999999999998
0.275, 0.005, 1.1749999999999998
0.28500000000000003, 0.005, 1.1749999999999998
0.295, 0.005, 1.1749999999999998
0.305, 0.005, 1.1749999999999998
0.315, 0.005, 1.1749999999999998
0.325, 0.005, 1.1749999999999998
0.335, 0.005, 1.1749999999999998
0.34500000000000003, 0.005, 1.1749999999999998
0.355, 0.005, 1.1749999999999998
0.365, 0.005, 1.1749999999999998
0.375, 0.005, 1.1749999999999998
0.385, 0.005, 1.1749999999999998
0.395, 0.005, 1.1749999999999998
0.405, 0.005, 1.1749999999999998
0.41500000000000004, 0.005, 1.1749999999999998
0.425, 0.005, 1.1749999999999998
0.435, 0.005, 1.1749999999999998
0.445, 0.005, 1.1749999999999998
0.455, 0.005, 1.1749999999999998
0.465, 0.005, 1.1749999999999998
0.475, 0.005, 1.1749999999999998
0.485, 0.005, 1.1749999999999998
0.495, 0.005, 1.1749999999999998
0.505, 0.005, 1.1749999999999998
0.515, 0.005, 1.1749999999999998
0.525, 0.005, 1.1749999999999998
0.535, 0.005, 1.1749999999999998
0.545, 0.005, 1.1749999999999998
0.555, 0.005, 1.1749999999999998
0.5650000000000001, 0.005, 1.1749999999999998
0.575, 0.005, 1.1749999999999998
0.585, 0.005, 1.1749999999999998
0.595, 0.005, 1.1749999999999998
0.605, 0.005, 1.1749999999999998
0.615, 0.005, 1.1749999999999998
0.625, 0.005, 1.1749999999999998
0.635, 0.005, 1.1749999999999998
0.645, 0.005, 1.1749999999999998
0.655, 0.005, 1.1749999999999998
0.665, 0.005, 1.1749999999999998
0.675, 0.005, 1.1749999999999998
0.685, 0.005, 1.1749999999999998
0.6950000000000001, 0.005, 1.1749999999999998
0.7050000000000001, 0.005, 1.1749999999999998
0.715, 0.005, 1.1749999999999998
0.725, 0.005, 1.1749999999999998
0.735, 0.005, 1.1749999999999998
0.745, 0.005, 1.1749999999999998
0.755, 0.005, 1.1749999999999998
0.765, 0.005, 1.1749999999999998
0.775, 0.005, 1.1749999999999998
0.785, 0.005, 1.1749999999999998
0.795, 0.005, 1.1749999999999998
0.805, 0.005, 1.1749999999999998
0.8150000000000001, 0.005, 1.1749999999999998
0.8250000000000001, 0.005, 1.1749999999999998
0.835, 0.005, 1.1749999999999998
0.845, 0.005, 1.1749999999999998
0.855, 0.005, 1.1749999999999998
0.865, 0.005, 1.1749999999999998
0.875, 0.005, 1.1749999999999998
0.885, 0.005, 1.1749999999999998
0.895, 0.005, 1.1749999999999998
0.905, 0.005, 1.1749999999999998
0.915, 0.005, 1.1749999999999998
0.925, 0.005, 1.1749999999999998
0.935, 0.005, 1.1749999999999998
0.9450000000000001, 0.005, 1.1749999999999998
0.9550000000000001, 0.005, 1.1749999999999998
0.965, 0.005, 1.1749999999999998
0.975, 0.005, 1.1749999999999998
0.985, 0.005, 1.1749999999999998
0.995, 0.005, 1.1749999999999998
1.005, 0.005, 1.1749999999999998
1.0150000000000001, 0.005, 1.1749999999999998
1.025, 0.005, 1.1749999999999998
1.0350000000000001, 0.005, 1.1749999999999998
1.045, 0.005, 1.1749999999999998
1.0550000000000002, 0.005, 1.1749999999999998
1.065, 0.005, 1.1749999999999998
1.0750000000000002, 0.005, 1.1749999999999998
1.085, 0.005, 1.1749999999999998
1.0950000000000002, 0.005, 1.1749999999999998
1.105, 0.005, 1.1749999999999998
1.1150000000000002, 0.005, 1.1749999999999998
1.125, 0.005, 1.1749999999999998
1.1350000000000002, 0.005, 1.1749999999999998
1.145, 0.005, 1.1749999999999998
1.155, 0.005, 1.1749999999999998
1.165, 0.005, 1.1749999999999998
1.1749999999999998, 0.005, 1.1749999999999998
1.185, 0.005, 1.1749999999999998
1.1949999999999998, 0.005, 1.1749999999999998
1.205, 0.005, 1.1749999999999998
1.2149999999999999, 0.005, 1.1749999999999998
1.225, 0.005, 1.1749999999999998
1.2349999999999999, 0.005, 1.1749999999999998
1.245, 0.005, 1.1749999999999998
1.255, 0.005, 1.1749999999999998
1.2650000000000001, 0.005, 1.1749999999999998
1.275, 0.005, 1.1749999999999998
1.2850000000000001, 0.005, 1.1749999999999998
1.295, 0.005, 1.1749999999999998
1.3050000000000002, 0.005, 1.1749999999999998
1.315, 0.005, 1.1749999999999998
1.3250000000000002, 0.005, 1.1749999999999998
1.335, 0.005, 1.1749999999999998
1.3450000000000002, 0.005, 1.1749999999999998
1.355, 0.005, 1.1749999999999998
1.3650000000000002, 0.005, 1.1749999999999998
1.375, 0.005, 1.1749999999999998
1.3850000000000002, 0.005, 1.1749999999999998
1.395, 0.005, 1.1749999999999998
1.405, 0.005, 1.1749999999999998
1.415, 0.005, 1.1749999999999998
1.4249999999999998, 0.005, 1.1749999999999998
1.435, 0.005, 1.1749999999999998
1.4449999999999998, 0.005, 1.1749999999999998
1.455, 0.005, 1.1749999999999998
1.4649999999999999, 0.005, 1.1749999999999998
1.475, 0.005, 1.1749999999999998
1.4849999999999999, 0.005, 1.1749999999999998
1.495, 0.005, 1.1749999999999998
1.505, 0.005, 1.1749999999999998
1.5150000000000001, 0.005, 1.1749999999999998
1.525, 0.005, 1.1749999999999998
1.5350000000000001, 0.005, 1.1749999999999998
1.545, 0.005, 1.1749999999999998
1.5550000000000002, 0.005, 1.1749999999999998
1.565, 0.005, 1.1749999999999998
1.5750000000000002, 0.005, 1.1749999999999998
1.585, 0.005, 1.1749999999999998
1.5950000000000002, 0.005, 1.1749999999999998
1.605, 0.005, 1.1749999999999998
1.6150000000000002, 0.005, 1.1749999999999998
1.625, 0.005, 1.1749999999999998
1.6350000000000002, 0.005, 1.1749999999999998
1.645, 0.005, 1.1749999999999998
1.6550000000000002, 0.005, 1.1749999999999998
1.665, 0.005, 1.1749999999999998
1.6749999999999998, 0.005, 1.1749999999999998
1.685, 0.005, 1.1749999999999998
1.6949999999999998, 0.005, 1.1749999999999998
1.705, 0.005, 1.1749999999999998
1.7149999999999999, 0.005, 1.1749999999999998
1.725, 0.005, 1.1749999999999998
1.7349999999999999, 0.005, 1.1749999999999998
1.745, 0.005, 1.1749999999999998
1.755, 0.005, 1.1749999999999998
1.7650000000000001, 0.005, 1.1749999999999998
1.775, 0.005, 1.1749999999999998
1.7850000000000001, 0.005, 1.1749999999999998
1.795, 0.005, 1.1749999999999998
1.8050000000000002, 0.005, 1.1749999999999998
1.815, 0.005, 1.1749999999999998
1.8250000000000002, 0.005, 1.1749999999999998
1.835, 0.005, 1.1749999999999998
1.8450000000000002, 0.005, 1.1749999999999998
1.855, 0.005, 1.1749999999999998
1.8650000000000002, 0.005, 1.1749999999999998
1.875, 0.005, 1.1749999999999998
1.8850000000000002, 0.005, 1.1749999999999998
1.895, 0.005, 1.1749999999999998
1.9050000000000002, 0.005, 1.1749999999999998
1.915, 0.005, 1.1749999999999998
1.9249999999999998, 0.005, 1.1749999999999998
1.935, 0.005, 1.1749999999999998
1.9449999999999998, 0.005, 1.1749999999999998
1.955, 0.005, 1.1749999999999998
1.9649999999999999, 0.005, 1.1749999999999998
1.975, 0.005, 1.1749999999999998
1.9849999999999999, 0.005, 1.1749999999999998
1.995, 0.005, 1.1749999999999998
2.005, 0.005, 1.1749999999999998
2.015, 0.005, 1.1749999999999998
2.0250000000000004, 0.005, 1.1749999999999998
2.035, 0.005, 1.1749999999999998
2.045, 0.005, 1.1749999999999998
2.0549999999999997, 0.005, 1.1749999999999998
2.065, 0.005, 1.1749999999999998
2.075, 0.005, 1.1749999999999998
2.085, 0.005, 1.1749999999999998
2.0949999999999998, 0.005, 1.1749999999999998
2.105, 0.005, 1.1749999999999998
2.115, 0.005, 1.1749999999999998
2.125, 0.005, 1.1749999999999998
2.135, 0.005, 1.1749999999999998
2.145, 0.005, 1.1749999999999998
2.1550000000000002, 0.005, 1.1749999999999998
2.165, 0.005, 1.1749999999999998
2.175, 0.005, 1.1749999999999998
2.185, 0.005, 1.1749999999999998
2.1950000000000003, 0.005, 1.1749999999999998
2.205, 0.005, 1.1749999999999998
2.215, 0.005, 1.1749999999999998
2.225, 0.005, 1.1749999999999998
2.2350000000000003, 0.005, 1.1749999999999998
2.245, 0.005, 1.1749999999999998
2.255, 0.005, 1.1749999999999998
2.265, 0.005, 1.1749999999999998
2.2750000000000004, 0.005, 1.1749999999999998
2.285, 0.005, 1.1749999999999998
2.295, 0.005, 1.1749999999999998
2.305, 0.005, 1.1749999999999998
2.315, 0.005, 1.1749999999999998
2.325, 0.005, 1.1749999999999998
2.335, 0.005, 1.1749999999999998
2.3449999999999998, 0.005, 1.1749999999999998
2.355, 0.005, 1.1749999999999998
2.365, 0.005, 1.1749999999999998
2.375, 0.005, 1.1749999999999998
2.385, 0.005, 1.1749999999999998
2.395, 0.005, 1.1749999999999998
2.4050000000000002, 0.005, 1.1749999999999998
2.415, 0.005, 1.1749999999999998
2.425, 0.005, 1.1749999999999998
2.435, 0.005, 1.1749999999999998
2.4450000000000003, 0.005, 1.1749999999999998
2.455, 0.005, 1.1749999999999998
2.465, 0.005, 1.1749999999999998
2.475, 0.005, 1.1749999999999998
2.4850000000000003, 0.005, 1.1749999999999998
2.495, 0.005, 1.1749999999999998
2.505, 0.005, 1.1749999999999998
2.515, 0.005, 1.1749999999999998
2.5250000000000004, 0.005, 1.1749999999999998
2.535, 0.005, 1.1749999999999998
2.545, 0.005, 1.1749999999999998
2.555, 0.005, 1.1749999999999998
2.565, 0.005, 1.1749999999999998
2.575, 0.005, 1.1749999999999998
2.585, 0.005, 1.1749999999999998
2.5949999999999998, 0.005, 1.1749999999999998
2.605, 0.005, 1.1749999999999998
2.615, 0.005, 1.1749999999999998
2.625, 0.005, 1.1749999999999998
2.635, 0.005, 1.1749999999999998
2.645, 0.005, 1.1749999999999998
2.6550000000000002, 0.005, 1.1749999999999998
2.665, 0.005, 1.1749999999999998
2.675, 0.005, 1.1749999999999998
2.685, 0.005, 1.1749999999999998
2.6950000000000003, 0.005, 1.1749999999999998
2.705, 0.005, 1.1749999999999998
2.715, 0.005, 1.1749999999999998
2.725, 0.005, 1.1749999999999998
2.7350000000000003, 0.005, 1.1749999999999998
2.745, 0.005, 1.1749999999999998
2.755, 0.005, 1.1749999999999998
2.765, 0.005, 1.1749999999999998
2.7750000000000004, 0.005, 1.1749999999999998
2.785, 0.005, 1.1749999999999998
2.795, 0.005, 1.1749999999999998
0.005, 0.005, 1.185
0.015, 0.005, 1.185
0.025, 0.005, 1.185
0.035, 0.005, 1.185
0.045, 0.005, 1.185
0.055, 0.005, 1.185
0.065, 0.005, 1.185
0.07500000000000001, 0.005, 1.185
0.08499999999999999, 0.005, 1.185
0.095, 0.005, 1.185
0.10500000000000001, 0.005, 1.185
0.11499999999999999, 0.005, 1.185
0.125, 0.005, 1.185
0.135, 0.005, 1.185
0.14500000000000002, 0.005, 1.185
0.155, 0.005, 1.185
0.165, 0.005, 1.185
0.175, 0.005, 1.185
0.185, 0.005, 1.185
0.195, 0.005, 1.185
0.20500000000000002, 0.005, 1.185
0.215, 0.005, 1.185
0.225, 0.005, 1.185
0.235, 0.005, 1.185
0.245, 0.005, 1.185
0.255, 0.005, 1.185
0.265, 0.005, 1.185
0.275, 0.005, 1.185
0.28500000000000003, 0.005, 1.185
0.295, 0.005, 1.185
0.305, 0.005, 1.185
0.315, 0.005, 1.185
0.325, 0.005, 1.185
0.335, 0.005, 1.185
0.34500000000000003, 0.005, 1.185
0.355, 0.005, 1.185
0.365, 0.005, 1.185
0.375, 0.005, 1.185
0.385, 0.005, 1.185
0.395, 0.005, 1.185
0.405, 0.005, 1.185
0.41500000000000004, 0.005, 1.185
0.425, 0.005, 1.185
0.435, 0.005, 1.185
0.445, 0.005, 1.185
0.455, 0.005, 1.185
0.465, 0.005, 1.185
0.475, 0.005, 1.185
0.485, 0.005, 1.185
0.495, 0.005, 1.185
0.505, 0.005, 1.185
0.515, 0.005, 1.185
0.525, 0.005, 1.185
0.535, 0.005, 1.185
0.545, 0.005, 1.185
0.555, 0.005, 1.185
0.5650000000000001, 0.005, 1.185
0.575, 0.005, 1.185
0.585, 0.005, 1.185
0.595, 0.005, 1.185
0.605, 0.005, 1.185
0.615, 0.005, 1.185
0.625, 0.005, 1.185
0.635, 0.005, 1.185
0.645, 0.005, 1.185
0.655, 0.005, 1.185
0.665, 0.005, 1.185
0.675, 0.005, 1.185
0.685, 0.005, 1.185
0.6950000000000001, 0.005, 1.185
0.7050000000000001, 0.005, 1.185
0.715, 0.005, 1.185
0.725, 0.005, 1.185
0.735, 0.005, 1.185
0.745, 0.005, 1.185
0.755, 0.005, 1.185
0.765, 0.005, 1.185
0.775, 0.005, 1.185
0.785, 0.005, 1.185
0.795, 0.005, 1.185
0.805, 0.005, 1.185
0.8150000000000001, 0.005, 1.185
0.8250000000000001, 0.005, 1.185
0.835, 0.005, 1.185
0.845, 0.005, 1.185
0.855, 0.005, 1.185
0.865, 0.005, 1.185
0.875, 0.005, 1.185
0.885, 0.005, 1.185
0.895, 0.005, 1.185
0.905, 0.005, 1.185
0.915, 0.005, 1.185
0.925, 0.005, 1.185
0.935, 0.005, 1.185
0.9450000000000001, 0.005, 1.185
0.9550000000000001, 0.005, 1.185
0.965, 0.005, 1.185
0.975, 0.005, 1.185
0.985, 0.005, 1.185
0.995, 0.005, 1.185
1.005, 0.005, 1.185
1.0150000000000001, 0.005, 1.185
1.025, 0.005, 1.185
1.0350000000000001, 0.005, 1.185
1.045, 0.005, 1.185
1.0550000000000002, 0.005, 1.185
1.065, 0.005, 1.185
1.0750000000000002, 0.005, 1.185
1.085, 0.005, 1.185
1.0950000000000002, 0.005, 1.185
1.105, 0.005, 1.185
1.1150000000000002, 0.005, 1.185
1.125, 0.005, 1.185
1.1350000000000002, 0.005, 1.185
1.145, 0.005, 1.185
1.155, 0.005, 1.185
1.165, 0.005, 1.185
1.1749999999999998, 0.005, 1.185
1.185, 0.005, 1.185
1.1949999999999998, 0.005, 1.185
1.205, 0.005, 1.185
1.2149999999999999, 0.005, 1.185
1.225, 0.005, 1.185
1.2349999999999999, 0.005, 1.185
1.245, 0.005, 1.185
1.255, 0.005, 1.185
1.2650000000000001, 0.005, 1.185
1.275, 0.005, 1.185
1.2850000000000001, 0.005, 1.185
1.295, 0.005, 1.185
1.3050000000000002, 0.005, 1.185
1.315, 0.005, 1.185
1.3250000000000002, 0.005, 1.185
1.335, 0.005, 1.185
1.3450000000000002, 0.005, 1.185
1.355, 0.005, 1.185
1.3650000000000002, 0.005, 1.185
1.375, 0.005, 1.185
1.3850000000000002, 0.005, 1.185
1.395, 0.005, 1.185
1.405, 0.005, 1.185
1.415, 0.005, 1.185
1.4249999999999998, 0.005, 1.185
1.435, 0.005, 1.185
1.4449999999999998, 0.005, 1.185
1.455, 0.005, 1.185
1.4649999999999999, 0.005, 1.185
1.475, 0.005, 1.185
1.4849999999999999, 0.005, 1.185
1.495, 0.005, 1.185
1.505, 0.005, 1.185
1.5150000000000001, 0.005, 1.185
1.525, 0.005, 1.185
1.5350000000000001, 0.005, 1.185
1.545, 0.005, 1.185
1.5550000000000002, 0.005, 1.185
1.565, 0.005, 1.185
1.5750000000000002, 0.005, 1.185
1.585, 0.005, 1.185
1.5950000000000002, 0.005, 1.185
1.605, 0.005, 1.185
1.6150000000000002, 0.005, 1.185
1.625, 0.005, 1.185
1.6350000000000002, 0.005, 1.185
1.645, 0.005, 1.185
1.6550000000000002, 0.005, 1.185
1.665, 0.005, 1.185
1.6749999999999998, 0.005, 1.185
1.685, 0.005, 1.185
1.6949999999999998, 0.005, 1.185
1.705, 0.005, 1.185
1.7149999999999999, 0.005, 1.185
1.725, 0.005, 1.185
1.7349999999999999, 0.005, 1.185
1.745, 0.005, 1.185
1.755, 0.005, 1.185
1.7650000000000001, 0.005, 1.185
1.775, 0.005, 1.185
1.7850000000000001, 0.005, 1.185
1.795, 0.005, 1.185
1.8050000000000002, 0.005, 1.185
1.815, 0.005, 1.185
1.8250000000000002, 0.005, 1.185
1.835, 0.005, 1.185
1.8450000000000002, 0.005, 1.185
1.855, 0.005, 1.185
1.8650000000000002, 0.005, 1.185
1.875, 0.005, 1.185
1.8850000000000002, 0.005, 1.185
1.895, 0.005, 1.185
1.9050000000000002, 0.005, 1.185
1.915, 0.005, 1.185
1.9249999999999998, 0.005, 1.185
1.935, 0.005, 1.185
1.9449999999999998, 0.005, 1.185
1.955, 0.005, 1.185
1.9649999999999999, 0.005, 1.185
1.975, 0.005, 1.185
1.9849999999999999, 0.005, 1.185
1.995, 0.005, 1.185
2.005, 0.005, 1.185
2.015, 0.005, 1.185
2.0250000000000004, 0.005, 1.185
2.035, 0.005, 1.185
2.045, 0.005, 1.185
2.0549999999999997, 0.005, 1.185
2.065, 0.005, 1.185
2.075, 0.005, 1.185
2.085, 0.005, 1.185
2.0949999999999998, 0.005, 1.185
2.105, 0.005, 1.185
2.115, 0.005, 1.185
2.125, 0.005, 1.185
2.135, 0.005, 1.185
2.145, 0.005, 1.185
2.1550000000000002, 0.005, 1.185
2.165, 0.005, 1.185
2.175, 0.005, 1.185
2.185, 0.005, 1.185
2.1950000000000003, 0.005, 1.185
2.205, 0.005, 1.185
2.215, 0.005, 1.185
2.225, 0.005, 1.185
2.2350000000000003, 0.005, 1.185
2.245, 0.005, 1.185
2.255, 0.005, 1.185
2.265, 0.005, 1.185
2.2750000000000004, 0.005, 1.185
2.285, 0.005, 1.185
2.295, 0.005, 1.185
2.305, 0.005, 1.185
2.315, 0.005, 1.185
2.325, 0.005, 1.185
2.335, 0.005, 1.185
2.3449999999999998, 0.005, 1.185
2.355, 0.005, 1.185
2.365, 0.005, 1.185
2.375, 0.005, 1.185
2.385, 0.005, 1.185
2.395, 0.005, 1.185
2.4050000000000002, 0.005, 1.185
2.415, 0.005, 1.185
2.425, 0.005, 1.185
2.435, 0.005, 1.185
2.4450000000000003, 0.005, 1.185
2.455, 0.005, 1.185
2.465, 0.005, 1.185
2.475, 0.005, 1.185
2.4850000000000003, 0.005, 1.185
2.495, 0.005, 1.185
2.505, 0.005, 1.185
2.515, 0.005, 1.185
2.5250000000000004, 0.005, 1.185
2.535, 0.005, 1.185
2.545, 0.005, 1.185
2.555, 0.005, 1.185
2.565, 0.005, 1.185
2.575, 0.005, 1.185
2.585, 0.005, 1.185
2.5949999999999998, 0.005, 1.185
2.605, 0.005, 1.185
2.615, 0.005, 1.185
2.625, 0.005, 1.185
2.635, 0.005, 1.185
2.645, 0.005, 1.185
2.6550000000000002, 0.005, 1.185
2.665, 0.005, 1.185
2.675, 0.005, 1.185
2.685, 0.005, 1.185
2.6950000000000003, 0.005, 1.185
2.705, 0.005, 1.185
2.715, 0.005, 1.185
2.725, 0.005, 1.185
2.7350000000000003, 0.005, 1.185
2.745, 0.005, 1.185
2.755, 0.005, 1.185
2.765, 0.005, 1.185
2.7750000000000004, 0.005, 1.185
2.785, 0.005, 1.185
2.795, 0.005, 1.185
0.005, 0.005, 1.1949999999999998
0.015, 0.005, 1.1949999999999998
0.025, 0.005, 1.1949999999999998
0.035, 0.005, 1.1949999999999998
0.045, 0.005, 1.1949999999999998
0.055, 0.005, 1.1949999999999998
0.065, 0.005, 1.1949999999999998
0.07500000000000001, 0.005, 1.1949999999999998
0.08499999999999999, 0.005, 1.1949999999999998
0.095, 0.005, 1.1949999999999998
0.10500000000000001, 0.005, 1.1949999999999998
0.11499999999999999, 0.005, 1.1949999999999998
0.125, 0.005, 1.1949999999999998
0.135, 0.005, 1.1949999999999998
0.14500000000000002, 0.005, 1.1949999999999998
0.155, 0.005, 1.1949999999999998
0.165, 0.005, 1.1949999999999998
0.175, 0.005, 1.1949999999999998
0.185, 0.005, 1.1949999999999998
0.195, 0.005, 1.1949999999999998
0.20500000000000002, 0.005, 1.1949999999999998
0.215, 0.005, 1.1949999999999998
0.225, 0.005, 1.1949999999999998
0.235, 0.005, 1.1949999999999998
0.245, 0.005, 1.1949999999999998
0.255, 0.005, 1.1949999999999998
0.265, 0.005, 1.1949999999999998
0.275, 0.005, 1.1949999999999998
0.28500000000000003, 0.005, 1.1949999999999998
0.295, 0.005, 1.1949999999999998
0.305, 0.005, 1.1949999999999998
0.315, 0.005, 1.1949999999999998
0.325, 0.005, 1.1949999999999998
0.335, 0.005, 1.1949999999999998
0.34500000000000003, 0.005, 1.1949999999999998
0.355, 0.005, 1.1949999999999998
0.365, 0.005, 1.1949999999999998
0.375, 0.005, 1.1949999999999998
0.385, 0.005, 1.1949999999999998
0.395, 0.005, 1.1949999999999998
0.405, 0.005, 1.1949999999999998
0.41500000000000004, 0.005, 1.1949999999999998
0.425, 0.005, 1.1949999999999998
0.435, 0.005, 1.1949999999999998
0.445, 0.005, 1.1949999999999998
0.455, 0.005, 1.1949999999999998
0.465, 0.005, 1.1949999999999998
0.475, 0.005, 1.1949999999999998
0.485, 0.005, 1.1949999999999998
0.495, 0.005, 1.1949999999999998
0.505, 0.005, 1.1949999999999998
0.515, 0.005, 1.1949999999999998
0.525, 0.005, 1.1949999999999998
0.535, 0.005, 1.1949999999999998
0.545, 0.005, 1.1949999999999998
0.555, 0.005, 1.1949999999999998
0.5650000000000001, 0.005, 1.1949999999999998
0.575, 0.005, 1.1949999999999998
0.585, 0.005, 1.1949999999999998
0.595, 0.005, 1.1949999999999998
0.605, 0.005, 1.1949999999999998
0.615, 0.005, 1.1949999999999998
0.625, 0.005, 1.1949999999999998
0.635, 0.005, 1.1949999999999998
0.645, 0.005, 1.1949999999999998
0.655, 0.005, 1.1949999999999998
0.665, 0.005, 1.1949999999999998
0.675, 0.005, 1.1949999999999998
0.685, 0.005, 1.1949999999999998
0.6950000000000001, 0.005, 1.1949999999999998
0.7050000000000001, 0.005, 1.1949999999999998
0.715, 0.005, 1.1949999999999998
0.725, 0.005, 1.1949999999999998
0.735, 0.005, 1.1949999999999998
0.745, 0.005, 1.1949999999999998
0.755, 0.005, 1.1949999999999998
0.765, 0.005, 1.1949999999999998
0.775, 0.005, 1.1949999999999998
0.785, 0.005, 1.1949999999999998
0.795, 0.005, 1.1949999999999998
0.805, 0.005, 1.1949999999999998
0.8150000000000001, 0.005, 1.1949999999999998
0.8250000000000001, 0.005, 1.1949999999999998
0.835, 0.005, 1.1949999999999998
0.845, 0.005, 1.1949999999999998
0.855, 0.005, 1.1949999999999998
0.865, 0.005, 1.1949999999999998
0.875, 0.005, 1.1949999999999998
0.885, 0.005, 1.1949999999999998
0.895, 0.005, 1.1949999999999998
0.905, 0.005, 1.1949999999999998
0.915, 0.005, 1.1949999999999998
0.925, 0.005, 1.1949999999999998
0.935, 0.005, 1.1949999999999998
0.9450000000000001, 0.005, 1.1949999999999998
0.9550000000000001, 0.005, 1.1949999999999998
0.965, 0.005, 1.1949999999999998
0.975, 0.005, 1.1949999999999998
0.985, 0.005, 1.1949999999999998
0.995, 0.005, 1.1949999999999998
1.005, 0.005, 1.1949999999999998
1.0150000000000001, 0.005, 1.1949999999999998
1.025, 0.005, 1.1949999999999998
1.0350000000000001, 0.005, 1.1949999999999998
1.045, 0.005, 1.1949999999999998
1.0550000000000002, 0.005, 1.1949999999999998
1.065, 0.005, 1.1949999999999998
1.0750000000000002, 0.005, 1.1949999999999998
1.085, 0.005, 1.1949999999999998
1.0950000000000002, 0.005, 1.1949999999999998
1.105, 0.005, 1.1949999999999998
1.1150000000000002, 0.005, 1.1949999999999998
1.125, 0.005, 1.1949999999999998
1.1350000000000002, 0.005, 1.1949999999999998
1.145, 0.005, 1.1949999999999998
1.155, 0.005, 1.1949999999999998
1.165, 0.005, 1.1949999999999998
1.1749999999999998, 0.005, 1.1949999999999998
1.185, 0.005, 1.1949999999999998
1.1949999999999998, 0.005, 1.1949999999999998
1.205, 0.005, 1.1949999999999998
1.2149999999999999, 0.005, 1.1949999999999998
1.225, 0.005, 1.1949999999999998
1.2349999999999999, 0.005, 1.1949999999999998
1.245, 0.005, 1.1949999999999998
1.255, 0.005, 1.1949999999999998
1.2650000000000001, 0.005, 1.1949999999999998
1.275, 0.005, 1.1949999999999998
1.2850000000000001, 0.005, 1.1949999999999998
1.295, 0.005, 1.1949999999999998
1.3050000000000002, 0.005, 1.1949999999999998
1.315, 0.005, 1.1949999999999998
1.3250000000000002, 0.005, 1.1949999999999998
1.335, 0.005, 1.1949999999999998
1.3450000000000002, 0.005, 1.1949999999999998
1.355, 0.005, 1.1949999999999998
1.3650000000000002, 0.005, 1.1949999999999998
1.375, 0.005, 1.1949999999999998
1.3850000000000002, 0.005, 1.1949999999999998
1.395, 0.005, 1.1949999999999998
1.405, 0.005, 1.1949999999999998
1.415, 0.005, 1.1949999999999998
1.4249999999999998, 0.005, 1.1949999999999998
1.435, 0.005, 1.1949999999999998
1.4449999999999998, 0.005, 1.1949999999999998
1.455, 0.005, 1.1949999999999998
1.4649999999999999, 0.005, 1.1949999999999998
1.475, 0.005, 1.1949999999999998
1.4849999999999999, 0.005, 1.1949999999999998
1.495, 0.005, 1.1949999999999998
1.505, 0.005, 1.1949999999999998
1.5150000000000001, 0.005, 1.1949999999999998
1.525, 0.005, 1.1949999999999998
1.5350000000000001, 0.005, 1.1949999999999998
1.545, 0.005, 1.1949999999999998
1.5550000000000002, 0.005, 1.1949999999999998
1.565, 0.005, 1.1949999999999998
1.5750000000000002, 0.005, 1.1949999999999998
1.585, 0.005, 1.1949999999999998
1.5950000000000002, 0.005, 1.1949999999999998
1.605, 0.005, 1.1949999999999998
1.6150000000000002, 0.005, 1.1949999999999998
1.625, 0.005, 1.1949999999999998
1.6350000000000002, 0.005, 1.1949999999999998
1.645, 0.005, 1.1949999999999998
1.6550000000000002, 0.005, 1.1949999999999998
1.665, 0.005, 1.1949999999999998
1.6749999999999998, 0.005, 1.1949999999999998
1.685, 0.005, 1.1949999999999998
1.6949999999999998, 0.005, 1.1949999999999998
1.705, 0.005, 1.1949999999999998
1.7149999999999999, 0.005, 1.1949999999999998
1.725, 0.005, 1.1949999999999998
1.7349999999999999, 0.005, 1.1949999999999998
1.745, 0.005, 1.1949999999999998
1.755, 0.005, 1.1949999999999998
1.7650000000000001, 0.005, 1.1949999999999998
1.775, 0.005, 1.1949999999999998
1.7850000000000001, 0.005, 1.1949999999999998
1.795, 0.005, 1.1949999999999998
1.8050000000000002, 0.005, 1.1949999999999998
1.815, 0.005, 1.1949999999999998
1.8250000000000002, 0.005, 1.1949999999999998
1.835, 0.005, 1.1949999999999998
1.8450000000000002, 0.005, 1.1949999999999998
1.855, 0.005, 1.1949999999999998
1.8650000000000002, 0.005, 1.1949999999999998
1.875, 0.005, 1.1949999999999998
1.8850000000000002, 0.005, 1.1949999999999998
1.895, 0.005, 1.1949999999999998
1.9050000000000002, 0.005, 1.1949999999999998
1.915, 0.005, 1.1949999999999998
1.9249999999999998, 0.005, 1.1949999999999998
1.935, 0.005, 1.1949999999999998
1.9449999999999998, 0.005, 1.1949999999999998
1.955, 0.005, 1.1949999999999998
1.9649999999999999, 0.005, 1.1949999999999998
1.975, 0.005, 1.1949999999999998
1.9849999999999999, 0.005, 1.1949999999999998
1.995, 0.005, 1.1949999999999998
2.005, 0.005, 1.1949999999999998
2.015, 0.005, 1.1949999999999998
2.0250000000000004, 0.005, 1.1949999999999998
2.035, 0.005, 1.1949999999999998
2.045, 0.005, 1.1949999999999998
2.0549999999999997, 0.005, 1.1949999999999998
2.065, 0.005, 1.1949999999999998
2.075, 0.005, 1.1949999999999998
2.085, 0.005, 1.1949999999999998
2.0949999999999998, 0.005, 1.1949999999999998
2.105, 0.005, 1.1949999999999998
2.115, 0.005, 1.1949999999999998
2.125, 0.005, 1.1949999999999998
2.135, 0.005, 1.1949999999999998
2.145, 0.005, 1.1949999999999998
2.1550000000000002, 0.005, 1.1949999999999998
2.165, 0.005, 1.1949999999999998
2.175, 0.005, 1.1949999999999998
2.185, 0.005, 1.1949999999999998
2.1950000000000003, 0.005, 1.1949999999999998
2.205, 0.005, 1.1949999999999998
2.215, 0.005, 1.1949999999999998
2.225, 0.005, 1.1949999999999998
2.2350000000000003, 0.005, 1.1949999999999998
2.245, 0.005, 1.1949999999999998
2.255, 0.005, 1.1949999999999998
2.265, 0.005, 1.1949999999999998
2.2750000000000004, 0.005, 1.1949999999999998
2.285, 0.005, 1.1949999999999998
2.295, 0.005, 1.1949999999999998
2.305, 0.005, 1.1949999999999998
2.315, 0.005, 1.1949999999999998
2.325, 0.005, 1.1949999999999998
2.335, 0.005, 1.1949999999999998
2.3449999999999998, 0.005, 1.1949999999999998
2.355, 0.005, 1.1949999999999998
2.365, 0.005, 1.1949999999999998
2.375, 0.005, 1.1949999999999998
2.385, 0.005, 1.1949999999999998
2.395, 0.005, 1.1949999999999998
2.4050000000000002, 0.005, 1.1949999999999998
2.415, 0.005, 1.1949999999999998
2.425, 0.005, 1.1949999999999998
2.435, 0.005, 1.1949999999999998
2.4450000000000003, 0.005, 1.1949999999999998
2.455, 0.005, 1.1949999999999998
2.465, 0.005, 1.1949999999999998
2.475, 0.005, 1.1949999999999998
2.4850000000000003, 0.005, 1.1949999999999998
2.495, 0.005, 1.1949999999999998
2.505, 0.005, 1.1949999999999998
2.515, 0.005, 1.1949999999999998
2.5250000000000004, 0.005, 1.1949999999999998
2.535, 0.005, 1.1949999999999998
2.545, 0.005, 1.1949999999999998
2.555, 0.005, 1.1949999999999998
2.565, 0.005, 1.1949999999999998
2.575, 0.005, 1.1949999999999998
2.585, 0.005, 1.1949999999999998
2.5949999999999998, 0.005, 1.1949999999999998
2.605, 0.005, 1.1949999999999998
2.615, 0.005, 1.1949999999999998
2.625, 0.005, 1.1949999999999998
2.635, 0.005, 1.1949999999999998
2.645, 0.005, 1.1949999999999998
2.6550000000000002, 0.005, 1.1949999999999998
2.665, 0.005, 1.1949999999999998
2.675, 0.005, 1.1949999999999998
2.685, 0.005, 1.1949999999999998
2.6950000000000003, 0.005, 1.1949999999999998
2.705, 0.005, 1.1949999999999998
2.715, 0.005, 1.1949999999999998
2.725, 0.005, 1.1949999999999998
2.7350000000000003, 0.005, 1.1949999999999998
2.745, 0.005, 1.1949999999999998
2.755, 0.005, 1.1949999999999998
2.765, 0.005, 1.1949999999999998
2.7750000000000004, 0.005, 1.1949999999999998
2.785, 0.005, 1.1949999999999998
2.795, 0.005, 1.1949999999999998