


 ########  #          ######   #           #
 #         #         #      #   #         # 
 #####     #         #      #    #   #   #  
 #         #         #      #     # # # #   
 #         #######    ######       #   #    

Flow is a simulator for fully implicit three-phase black-oil flow, and is part of OPM.
For more information visit: https://opm-project.org 

Flow Version     =  2025.10-pre (04484abca)
Machine name     =  Macbookns-MacBook-Pro-2.local (Number of logical cores: 10, Memory size: 16384.00 MB) 
Operating system =  Darwin arm64 (Kernel: 24.6.0, Darwin Kernel Version 24.6.0: Mon Jul 14 11:30:29 PDT 2025; root:xnu-11417.140.69~1/RELEASE_ARM64_T6000 )
Build time       =  2025-10-11 at 19:29:21 hrs
User             =  root
Simulation started on 05-11-2025 at 19:30:15 hrs
Using 1 MPI processes with 1 OMP threads on each 
Parameters used by Flow:
# [known parameters which were specified at run-time]
NewtonMaxIterations="20" # default: "20"
RelaxedMaxPvFraction="0" # default: "0.03"
OutputExtraConvergenceInfo="steps,iterations" # default: "none"
EnableOpmRstFile="true" # default: "0"
NewtonMinIterations="1" # default: "2"
EnableWellOperabilityCheck="false" # default: "1"
MinTimeStepBeforeShuttingProblematicWellsInDays="1e-99" # default: "0.01"
OutputDir="dummyhystnew" # default: ""
EclDeckFileName="CORE_Example.DATA" # default: ""
# [parameters which were specified at compile-time]
AcceleratorMode="none"
ActionParsingStrictness="normal"
ActivateMLRelPErm="0"
AllowDistributedWells="0"
AllowSplittingInactiveWells="1"
AlternativeWellRateInit="1"
CheckGroupConstraintsInnerWellIterations="1"
CheckSatfuncConsistency="0"
ContinueOnConvergenceError="0"
ConvergenceMonitoring="0"
ConvergenceMonitoringCutOff="6"
ConvergenceMonitoringDecayFactor="0.75"
CprReuseInterval="30"
CprReuseSetup="4"
DbhpMaxRel="1"
DebugEmitCellPartition="0"
DpMaxRel="0.3"
DsMax="0.2"
DwellFractionMax="0.2"
EclOutputDoublePrecision="0"
EclOutputInterval="-1"
EdgeWeightsMethod="1"
EnableAdaptiveTimeStepping="1"
EnableAsyncEclOutput="1"
EnableAsyncVtkOutput="1"
EnableDriftCompensation="0"
EnableDryRun="auto"
EnableEclOutput="1"
EnableEsmry="0"
EnableGravity="1"
EnableGridAdaptation="0"
EnableIntensiveQuantityCache="1"
EnableLoggingFalloutWarning="0"
EnableStorageCache="1"
EnableTerminalOutput="1"
EnableThermodynamicHints="0"
EnableTuning="0"
EnableVtkOutput="0"
EnableWellOperabilityCheckIter="0"
EnableWriteAllSolutions="0"
EndTime="1e+100"
ExplicitRockCompaction="0"
ForceDisableFluidInPlaceOutput="0"
ForceDisableResvFluidInPlaceOutput="0"
FullTimeStepInitially="0"
GpuDeviceId="0"
IgnoreKeywords=""
IluFillinLevel="0"
IluRedblack="0"
IluRelaxation="0.9"
IluReorderSpheres="0"
InitialTimeStepInDays="1"
InitialTimeStepSize="86400"
InjMultDampMult="0.9"
InjMultMinDampFactor="0.05"
InjMultOscThreshold="0.1"
InputSkipMode="100"
LinearSolver="cprw"
LinearSolverIgnoreConvergenceFailure="0"
LinearSolverMaxIter="200"
LinearSolverPrintJsonDefinition="1"
LinearSolverReduction="0.01"
LinearSolverRestart="40"
LinearSolverVerbosity="0"
LoadFile=""
LoadStep="-1"
LocalDomainsOrderingMeasure="maxpressure"
LocalDomainsPartitionWellNeighborLevels="1"
LocalDomainsPartitioningImbalance="1.03"
LocalDomainsPartitioningMethod="zoltan"
LocalSolveApproach="gauss-seidel"
LocalToleranceScalingCnv="0.1"
LocalToleranceScalingMb="1"
LocalWellSolveControlSwitching="1"
MatrixAddWellContributions="0"
MaxInnerIterMsWells="100"
MaxInnerIterWells="50"
MaxLocalSolveIterations="20"
MaxNewtonIterationsWithInnerWellIterations="8"
MaxPressureChangeMsWells="1e+06"
MaxResidualAllowed="1e+07"
MaxSinglePrecisionDays="20"
MaxTemperatureChange="5"
MaxTimeStepDivisions="10"
MaxTimeStepSize="inf"
MaxWelleqIter="30"
MaximumNumberOfGroupSwitches="3"
MaximumNumberOfWellSwitches="3"
MaximumWaterSaturation="1"
MiluVariant="ILU"
MinStrictCnvIter="-1"
MinStrictMbIter="-1"
MinTimeStepBasedOnNewtonIterations="0"
MinTimeStepSize="0"
NetworkMaxOuterIterations="10"
NetworkMaxPressureUpdateInBars="5"
NetworkMaxStrictOuterIterations="10"
NetworkMaxSubIterations="20"
NetworkPressureUpdateDampingFactor="0.1"
NewtonMaxError="1e+100"
NewtonMaxRelax="0.5"
NewtonRelaxationType="dampen"
NewtonTargetIterations="10"
NewtonTolerance="0.01"
NewtonVerbose="1"
NewtonWriteConvergence="0"
NlddLocalLinearSolver="ilu0"
NlddLocalLinearSolverMaxIter="200"
NlddLocalLinearSolverReduction="0.01"
NlddNumInitialNewtonIter="1"
NonlinearSolver="newton"
NumLocalDomains="0"
NumPressurePointsEquil="2000"
NumSatfuncConsistencySamplePoints="5"
NupcolGroupRateTolerance="0.001"
OpenclIluParallel="1"
OpenclPlatformId="0"
OutputInterval="1"
OutputMode="all"
OwnerCellsFirst="1"
ParameterFile=""
ParsingStrictness="normal"
PreSolveNetwork="1"
PredeterminedTimeStepsFile=""
PressureMax="1e+99"
PressureMin="-1e+99"
PressureScale="1"
PriVarOscilationThreshold="1e-05"
PrintParameters="2"
ProjectSaturations="0"
RegularizationFactorWells="100"
RelaxedLinearSolverReduction="0.01"
RelaxedPressureTolMsw="10000"
RelaxedWellFlowTol="0.001"
RestartTime="-1e+35"
RestartWritingInterval="16777215"
SaveFile=""
SaveStep=""
ScaleLinearSystem="0"
SchedRestart="0"
ShutUnsolvableWells="1"
Slave="0"
SolveWelleqInitially="1"
SolverContinueOnConvergenceFailure="0"
SolverGrowthFactor="2"
SolverMaxGrowth="3"
SolverMaxRestarts="10"
SolverMaxTimeStepInDays="365"
SolverMinTimeStep="1e-12"
SolverRestartFactor="0.33"
SolverVerbosity="1"
StrictInnerIterWells="40"
StrictOuterIterWells="6"
TemperatureMax="1e+09"
TemperatureMin="0"
ThreadsPerProcess="1"
TimeStepAfterEventInDays="-1"
TimeStepControl="pid+newtoniteration"
TimeStepControlDecayDampingFactor="1"
TimeStepControlDecayRate="0.75"
TimeStepControlFileName="timesteps"
TimeStepControlGrowthDampingFactor="3.2"
TimeStepControlGrowthRate="1.25"
TimeStepControlSafetyFactor="0.8"
TimeStepControlTargetIterations="30"
TimeStepControlTargetNewtonIterations="8"
TimeStepControlTolerance="0.1"
TimeStepVerbosity="1"
ToleranceCnv="0.01"
ToleranceCnvEnergy="0.01"
ToleranceCnvEnergyRelaxed="1"
ToleranceCnvRelaxed="1"
ToleranceEnergyBalance="1e-07"
ToleranceEnergyBalanceRelaxed="1e-06"
ToleranceMb="1e-07"
ToleranceMbRelaxed="1e-06"
TolerancePressureMsWells="1000"
ToleranceWellControl="1e-07"
ToleranceWells="0.0001"
UpdateEquationsScaling="0"
UseAverageDensityMsWells="0"
UseGmres="0"
UseImplicitIpr="1"
UseMultisegmentWell="1"
UseUpdateStabilization="1"
VtkWriteAverageMolarMasses="0"
VtkWriteDensities="1"
VtkWriteDiffusionCoefficients="0"
VtkWriteDofIndex="0"
VtkWriteEffectiveDiffusionCoefficients="0"
VtkWriteExtrusionFactor="0"
VtkWriteFilterVelocities="0"
VtkWriteFugacities="0"
VtkWriteFugacityCoeffs="0"
VtkWriteGasDissolutionFactor="0"
VtkWriteGasFormationVolumeFactor="0"
VtkWriteGasSaturationPressure="0"
VtkWriteIntrinsicPermeabilities="0"
VtkWriteMassFractions="0"
VtkWriteMobilities="0"
VtkWriteMolarities="0"
VtkWriteMoleFractions="1"
VtkWriteOilFormationVolumeFactor="0"
VtkWriteOilSaturationPressure="0"
VtkWriteOilVaporizationFactor="0"
VtkWritePorosity="1"
VtkWritePotentialGradients="0"
VtkWritePressures="1"
VtkWritePrimaryVars="0"
VtkWritePrimaryVarsMeaning="0"
VtkWriteProcessRank="0"
VtkWriteRelativePermeabilities="1"
VtkWriteSaturatedGasOilVaporizationFactor="0"
VtkWriteSaturatedOilGasDissolutionFactor="0"
VtkWriteSaturationRatios="0"
VtkWriteSaturations="1"
VtkWriteTemperature="1"
VtkWriteTortuosities="0"
VtkWriteTotalMassFractions="0"
VtkWriteTotalMoleFractions="0"
VtkWriteTracerConcentration="0"
VtkWriteViscosities="0"
VtkWriteWaterFormationVolumeFactor="0"
WaterOnlyThreshold="1"

Reading deck file 'CORE_Example.DATA'
    0 Reading RUNSPEC  in CORE_Example.DATA line 19
    1 Reading TITLE    in CORE_Example.DATA line 22
    2 Reading DIMENS   in CORE_Example.DATA line 25
    3 Reading EQLDIMS  in CORE_Example.DATA line 30
    4 Reading TABDIMS  in CORE_Example.DATA line 35
    5 Reading OIL      in CORE_Example.DATA line 39
    6 Reading WATER    in CORE_Example.DATA line 40
    7 Reading METRIC   in CORE_Example.DATA line 43
    8 Reading SATOPTS  in CORE_Example.DATA line 46
    9 Reading START    in CORE_Example.DATA line 50
   10 Reading WELLDIMS in CORE_Example.DATA line 53
   11 Reading UNIFIN   in CORE_Example.DATA line 64
   12 Reading UNIFOUT  in CORE_Example.DATA line 65
   13 Reading GRID     in CORE_Example.DATA line 67
   14 Reading INIT     in CORE_Example.DATA line 74
   15 Reading NOECHO   in CORE_Example.DATA line 77
   16 Reading DX       in CORE_Example.DATA line 79
   17 Reading DY       in CORE_Example.DATA line 82
   18 Reading DZ       in CORE_Example.DATA line 85
   19 Reading TOPS     in CORE_Example.DATA line 89
   20 Reading PORO     in CORE_Example.DATA line 93
   21 Reading PERMX    in CORE_Example.DATA line 97
   22 Reading PERMY    in CORE_Example.DATA line 101
   23 Reading PERMZ    in CORE_Example.DATA line 105
   24 Reading ECHO     in CORE_Example.DATA line 109
   25 Reading PROPS    in CORE_Example.DATA line 111
   26 Reading EHYSTR   in CORE_Example.DATA line 114
   27 Reading PVTW     in CORE_Example.DATA line 117
   28 Reading PVCDO    in CORE_Example.DATA line 130
   29 Reading SWATINIT in CORE_Example.DATA line 143
   30 Reading ROCK     in CORE_Example.DATA line 147
   31 Reading SWOF     in CORE_Example.DATA line 154
   32 Reading DENSITY  in CORE_Example.DATA line 340
   33 Reading REGIONS  in CORE_Example.DATA line 362
   34 Reading EQUALS   in CORE_Example.DATA line 365
   35 Reading SOLUTION in CORE_Example.DATA line 370
   36 Reading EQUIL    in CORE_Example.DATA line 373
   37 Reading SUMMARY  in CORE_Example.DATA line 394
   38 Reading FOPR     in CORE_Example.DATA line 398
   39 Reading WBHP     in CORE_Example.DATA line 403
   40 Reading WOIR     in CORE_Example.DATA line 409
   41 Reading WOIT     in CORE_Example.DATA line 415
   42 Reading WOPR     in CORE_Example.DATA line 419
   43 Reading WOPT     in CORE_Example.DATA line 423
   44 Reading WWIR     in CORE_Example.DATA line 427
   45 Reading WWIT     in CORE_Example.DATA line 431
   46 Reading WWPR     in CORE_Example.DATA line 435
   47 Reading WWPT     in CORE_Example.DATA line 439
   48 Reading SCHEDULE in CORE_Example.DATA line 443
   49 Reading RPTSCHED in CORE_Example.DATA line 445
   50 Reading RPTRST   in CORE_Example.DATA line 448
   51 Reading WELSPECS in CORE_Example.DATA line 459
   52 Reading COMPDAT  in CORE_Example.DATA line 471
   53 Reading WCONPROD in CORE_Example.DATA line 484
   54 Reading WCONINJE in CORE_Example.DATA line 494
   55 Reading TSTEP    in CORE_Example.DATA line 504
   56 Reading WELOPEN  in CORE_Example.DATA line 507
   57 Reading TSTEP    in CORE_Example.DATA line 516
   58 Reading WELOPEN  in CORE_Example.DATA line 518
   59 Reading TSTEP    in CORE_Example.DATA line 527
   60 Reading WELOPEN  in CORE_Example.DATA line 529
   61 Reading TSTEP    in CORE_Example.DATA line 538
   62 Reading WELOPEN  in CORE_Example.DATA line 540
   63 Reading TSTEP    in CORE_Example.DATA line 549
   64 Reading WELOPEN  in CORE_Example.DATA line 551
   65 Reading TSTEP    in CORE_Example.DATA line 560
   66 Reading WELOPEN  in CORE_Example.DATA line 562
   67 Reading TSTEP    in CORE_Example.DATA line 570
   68 Reading WELOPEN  in CORE_Example.DATA line 572
   69 Reading TSTEP    in CORE_Example.DATA line 581
   70 Reading WELOPEN  in CORE_Example.DATA line 583
   71 Reading TSTEP    in CORE_Example.DATA line 592

Warning: Unsupported keywords or keyword items:

  NOECHO: keyword not supported
  In file: CORE_Example.DATA, line 77

  ECHO: keyword not supported
  In file: CORE_Example.DATA, line 109

Warning: The ALL CAPS case: CORE_EXAMPLE will be used when writing output files from this simulation.

Creating grid from keywords DX, DY, DZ and TOPS
2 fluid phases are active

Processing dynamic information from
CORE_Example.DATA line 443
Initializing report step 0/9 at 2015-01-01 0 DAYS line 443
Processing keyword RPTSCHED at line 445
Processing keyword RPTRST at line 448
Processing keyword WELSPECS at line 459
Processing keyword COMPDAT at line 471
Processing keyword WCONPROD at line 484
Processing keyword WCONINJE at line 494
Complete report step 1 (1 DAYS) at 2015-01-02 (0 DAYS)

Initializing report step 2/9 at 2015-01-02 (0 DAYS) line 504
Processing keyword WELOPEN at line 507
Complete report step 2 (1 DAYS) at 2015-01-03 (1 DAYS)

Initializing report step 3/9 at 2015-01-03 (1 DAYS) line 516
Processing keyword WELOPEN at line 518
Complete report step 3 (1 DAYS) at 2015-01-04 (2 DAYS)

Initializing report step 4/9 at 2015-01-04 (2 DAYS) line 527
Processing keyword WELOPEN at line 529
Complete report step 4 (1 DAYS) at 2015-01-05 (3 DAYS)

Initializing report step 5/9 at 2015-01-05 (3 DAYS) line 538
Processing keyword WELOPEN at line 540
Complete report step 5 (1 DAYS) at 2015-01-06 (4 DAYS)
Report limit reached, see PRT-file for remaining Schedule initialization.

Initializing report step 6/9 at 2015-01-06 (4 DAYS) line 549
Processing keyword WELOPEN at line 551
Complete report step 6 (1 DAYS) at 2015-01-07 (5 DAYS)

Initializing report step 7/9 at 2015-01-07 (5 DAYS) line 560
Processing keyword WELOPEN at line 562
Complete report step 7 (1 DAYS) at 2015-01-08 (6 DAYS)

Initializing report step 8/9 at 2015-01-08 (6 DAYS) line 570
Processing keyword WELOPEN at line 572
Complete report step 8 (1 DAYS) at 2015-01-09 (7 DAYS)

Initializing report step 9/9 at 2015-01-09 (7 DAYS) line 581
Processing keyword WELOPEN at line 583
Complete report step 9 (1 DAYS) at 2015-01-10 (8 DAYS)


Processing grid
Total number of active cells: 10 / total pore volume: 0 RM3

Property tree for linear solvers:
{
    "maxiter": "20",
    "tol": "0.0050000000000000001",
    "verbosity": "0",
    "solver": "bicgstab",
    "preconditioner": {
        "type": "cprw",
        "use_well_weights": "false",
        "add_wells": "true",
        "weight_type": "trueimpes",
        "pre_smooth": "0",
        "post_smooth": "1",
        "finesmoother": {
            "type": "ParOverILU0",
            "relaxation": "1"
        },
        "verbosity": "0",
        "coarsesolver": {
            "maxiter": "1",
            "tol": "0.10000000000000001",
            "solver": "loopsolver",
            "verbosity": "0",
            "preconditioner": {
                "type": "amg",
                "alpha": "0.33333333333300003",
                "relaxation": "1",
                "iterations": "1",
                "coarsenTarget": "1200",
                "pre_smooth": "1",
                "post_smooth": "1",
                "beta": "0",
                "smoother": "ILU0",
                "verbosity": "0",
                "maxlevel": "15",
                "skip_isolated": "0",
                "accumulate": "1",
                "prolongationdamping": "1",
                "maxdistance": "2",
                "maxconnectivity": "15",
                "maxaggsize": "6",
                "minaggsize": "4"
            }
        }
    }
}


===============Saturation Functions Diagnostics===============

System: Oil-Water system.
Relative permeability input format: Saturation Family I.
Number of saturation regions: 2



================ Starting main simulation loop ===============


Report step  0/9 at day 0/9, date = 01-Jan-2015
Using Newton nonlinear solver.
Restart file written for report step 0/9, date = 01-Jan-2015 00:00:00

Starting time step 0, stepsize 1 days, at day 0/1, date = 01-Jan-2015
    Oscillating behavior detected: Relaxation set to 0.900000

Problem: Solver convergence failure - Iteration limit reached
Timestep chopped to 0.33 days


Starting time step 0, stepsize 0.33 days, at day 0/1, date = 01-Jan-2015

Problem: Solver convergence failure - Iteration limit reached
Timestep chopped to 0.10890000000000001 days


Starting time step 0, stepsize 0.1089 days, at day 0/1, date = 01-Jan-2015
 Newton its= 2, linearizations= 3 (0.0sec), linear its=  0 (0.0sec)

Starting time step 1, stepsize 0.2178 days, at day 0.1089/1, date = 01-Jan-2015

Problem: Solver convergence failure - Iteration limit reached
Timestep chopped to 0.07187400000000001 days


Starting time step 1, stepsize 0.071874 days, at day 0.1089/1, date = 01-Jan-2015
 Newton its= 2, linearizations= 3 (0.0sec), linear its=  1 (0.0sec)

Starting time step 2, stepsize 0.143748 days, at day 0.180774/1, date = 01-Jan-2015

Problem: Solver convergence failure - Iteration limit reached
Timestep chopped to 0.04743684000000001 days


Starting time step 2, stepsize 0.0474368 days, at day 0.180774/1, date = 01-Jan-2015

Problem: Solver convergence failure - Iteration limit reached
Timestep chopped to 0.015654157200000005 days


Starting time step 2, stepsize 0.0156542 days, at day 0.180774/1, date = 01-Jan-2015
 Newton its= 2, linearizations= 3 (0.0sec), linear its=  1 (0.0sec)

Starting time step 3, stepsize 0.0313083 days, at day 0.196428/1, date = 01-Jan-2015
 Newton its= 7, linearizations= 8 (0.0sec), linear its=  7 (0.0sec)

Starting time step 4, stepsize 0.0438316 days, at day 0.227736/1, date = 01-Jan-2015
    Oscillating behavior detected: Relaxation set to 0.900000
 Newton its=12, linearizations=13 (0.0sec), linear its=  7 (0.0sec)

Starting time step 5, stepsize 0.0292211 days, at day 0.271568/1, date = 01-Jan-2015
 Newton its= 6, linearizations= 7 (0.0sec), linear its=  4 (0.0sec)

Starting time step 6, stepsize 0.052598 days, at day 0.300789/1, date = 01-Jan-2015
 Newton its= 2, linearizations= 3 (0.0sec), linear its=  2 (0.0sec)

Starting time step 7, stepsize 0.157794 days, at day 0.353387/1, date = 01-Jan-2015
    Oscillating behavior detected: Relaxation set to 0.900000

Problem: Solver convergence failure - Iteration limit reached
Timestep chopped to 0.05207198851008002 days


Starting time step 7, stepsize 0.052072 days, at day 0.353387/1, date = 01-Jan-2015
 Newton its=20, linearizations=21 (0.0sec), linear its= 19 (0.0sec)

Starting time step 8, stepsize 0.0208288 days, at day 0.405459/1, date = 01-Jan-2015
    Oscillating behavior detected: Relaxation set to 0.900000

Problem: Solver convergence failure - Iteration limit reached
Timestep chopped to 0.006873502483330562 days


Starting time step 8, stepsize 0.0068735 days, at day 0.405459/1, date = 01-Jan-2015
 Newton its= 2, linearizations= 3 (0.0sec), linear its=  2 (0.0sec)

Starting time step 9, stepsize 0.013747 days, at day 0.412333/1, date = 01-Jan-2015
 Newton its= 6, linearizations= 7 (0.0sec), linear its=  4 (0.0sec)

Starting time step 10, stepsize 0.0247446 days, at day 0.42608/1, date = 01-Jan-2015
 Newton its= 4, linearizations= 5 (0.0sec), linear its=  2 (0.0sec)

Starting time step 11, stepsize 0.064336 days, at day 0.450824/1, date = 01-Jan-2015
 Newton its= 5, linearizations= 6 (0.0sec), linear its=  4 (0.0sec)

Starting time step 12, stepsize 0.141539 days, at day 0.51516/1, date = 01-Jan-2015
 Newton its=10, linearizations=11 (0.0sec), linear its=  8 (0.0sec)

Starting time step 13, stepsize 0.113231 days, at day 0.656699/1, date = 01-Jan-2015
 Newton its=14, linearizations=15 (0.0sec), linear its= 10 (0.0sec)

Starting time step 14, stepsize 0.0647036 days, at day 0.769931/1, date = 01-Jan-2015
    Oscillating behavior detected: Relaxation set to 0.900000
    Oscillating behavior detected: Relaxation set to 0.800000
    Oscillating behavior detected: Relaxation set to 0.700000

Problem: Solver convergence failure - Iteration limit reached
Timestep chopped to 0.021352193753200084 days


Starting time step 14, stepsize 0.0213522 days, at day 0.769931/1, date = 01-Jan-2015
 Newton its= 3, linearizations= 4 (0.0sec), linear its=  2 (0.0sec)

Starting time step 15, stepsize 0.0427044 days, at day 0.791283/1, date = 01-Jan-2015
 Newton its=17, linearizations=18 (0.0sec), linear its= 13 (0.0sec)

Starting time step 16, stepsize 0.0200962 days, at day 0.833987/1, date = 01-Jan-2015
 Newton its= 3, linearizations= 4 (0.0sec), linear its=  2 (0.0sec)

Starting time step 17, stepsize 0.0602885 days, at day 0.854084/1, date = 01-Jan-2015
 Newton its= 4, linearizations= 5 (0.0sec), linear its=  3 (0.0sec)

Starting time step 18, stepsize 0.0856279 days, at day 0.914372/1, date = 01-Jan-2015
    Oscillating behavior detected: Relaxation set to 0.900000
    Oscillating behavior detected: Relaxation set to 0.800000

Problem: Solver convergence failure - Iteration limit reached
Timestep chopped to 0.02825721826435682 days


Starting time step 18, stepsize 0.0282572 days, at day 0.914372/1, date = 01-Jan-2015
 Newton its= 3, linearizations= 4 (0.0sec), linear its=  3 (0.0sec)

Starting time step 19, stepsize 0.0573707 days, at day 0.942629/1, date = 01-Jan-2015
    Oscillating behavior detected: Relaxation set to 0.900000
    Oscillating behavior detected: Relaxation set to 0.800000
    Oscillating behavior detected: Relaxation set to 0.700000

Problem: Solver convergence failure - Iteration limit reached
Timestep chopped to 0.01893233623711908 days


Starting time step 19, stepsize 0.0189323 days, at day 0.942629/1, date = 01-Jan-2015
 Newton its= 2, linearizations= 3 (0.0sec), linear its=  2 (0.0sec)

Starting time step 20, stepsize 0.0384384 days, at day 0.961562/1, date = 01-Jan-2015
    Oscillating behavior detected: Relaxation set to 0.900000

Problem: Solver convergence failure - Iteration limit reached
Timestep chopped to 0.012684665278869765 days


Starting time step 20, stepsize 0.0126847 days, at day 0.961562/1, date = 01-Jan-2015

Problem: Solver convergence failure - Iteration limit reached
Timestep chopped to 0.004185939542027023 days


Starting time step 20, stepsize 0.00418594 days, at day 0.961562/1, date = 01-Jan-2015
 Newton its= 2, linearizations= 3 (0.0sec), linear its=  2 (0.0sec)

Starting time step 21, stepsize 0.00837188 days, at day 0.965748/1, date = 01-Jan-2015
 Newton its= 6, linearizations= 7 (0.0sec), linear its=  5 (0.0sec)

Starting time step 22, stepsize 0.0150694 days, at day 0.974119/1, date = 01-Jan-2015
 Newton its= 2, linearizations= 3 (0.0sec), linear its=  2 (0.0sec)

Starting time step 23, stepsize 0.0108112 days, at day 0.989189/1, date = 01-Jan-2015

Warning: Keyword 'WELLS' is unhandled for output to restart file.
 Newton its= 3, linearizations= 4 (0.0sec), linear its=  2 (0.0sec)

                              **************************************************************************
  WELLS    AT         1  DAYS *                 SPE1 - CASE 2                                          *
  REPORT    1    02 Jan 2015  *                                             Flow  version 2025.10-pre  *
                              **************************************************************************


======================================================= PRODUCTION REPORT =======================================================
:  WELL  : LOCATION  :CTRL:    OIL    :   WATER   :    GAS    :   FLUID   :   WATER   : GAS/OIL  :  WAT/GAS   : BHP OR : THP OR :
:  NAME  :  (I,J,K)  :MODE:   RATE    :   RATE    :   RATE    : RES.VOL.  :    CUT    :  RATIO   :   RATIO    :CON.PR. :BLK.PR. :
:        :           :    :  SCM/DAY  :  SCM/DAY  :  RCM/DAY  :  SCM/SCM  :  SCM/SCM  : SCM/SCM  :  SCM/SCM   : BARSA  : BARSA  :
=================================================================================================================================
:FIELD   :           :    :        0.0:        0.0:       -0.0:        0.0:      0.540:     -0.00:      0.0000:        :        :
:G1      :           :    :        0.0:        0.0:       -0.0:        0.0:      0.540:     -0.00:      0.0000:        :        :
:PROD    : 10,  1    : BHP:        0.0:        0.0:       -0.0:        0.0:      0.540:     -0.00:      0.0000:   245.0:     0.0:
:SECPROD :  1,  1    : BHP:       -0.0:       -0.0:       -0.0:       -0.0:      0.000:      0.00:      0.0000:     0.0:     0.0:
:--------:-----------:----:-----------:-----------:-----------:-----------:-----------:----------:------------:--------:--------:

============================================= INJECTION REPORT ==============================================
:  WELL  : LOCATION  : CTRL : CTRL : CTRL :    OIL    :   WATER   :    GAS    :   FLUID   : BHP OR : THP OR :
:  NAME  :  (I,J,K)  : MODE : MODE : MODE :   RATE    :   RATE    :   RATE    : RES.VOL.  :CON.PR. :BLK.PR. :
:        :           : OIL  : WAT  : GAS  :  SCM/DAY  :  SCM/DAY  :  SCM/DAY  :  RCM/DAY  : BARSA  : BARSA  :
=============================================================================================================
:FIELD   :           :      :      :      :        0.0:        0.0:        0.0:        0.0:        :        :
:G1      :           :      :      :      :        0.0:        0.0:        0.0:        0.0:        :        :
:INJ     : 10,  1    :      :  WRAT:      :        0.0:        0.0:        0.0:        0.0:     0.0:     0.0:
:OILINJ  :  1,  1    :  ORAT:      :      :        0.0:        0.0:        0.0:        0.0:   245.0:     0.0:
:--------:-----------:------:------:------:-----------:-----------:-----------:-----------:--------:--------:

============================================== CUMULATIVE PRODUCTION/INJECTION TOTALS ==============================================
:  WELL  : LOCATION  :  WELL  :CTRL:    OIL    :   WATER   :    GAS    :   Prod    :    OIL    :   WATER   :    GAS    :    INJ    :
:  NAME  :  (I,J,K)  :  TYPE  :MODE:   PROD    :   PROD    :   PROD    : RES.VOL.  :    INJ    :    INJ    :    INJ    : RES.VOL.  :
:        :           :        :    :   MSCM    :   MSCM    :   MMSCM   :   MRCM    :   MSCM    :   MSCM    :   MMSCM   :   MRCM    :
====================================================================================================================================
:FIELD   :           :        :    :        0.0:        0.0:        0.0:        0.0:        0.0:        0.0:        0.0:        0.0:
:G1      :           :        :    :        0.0:        0.0:        0.0:        0.0:        0.0:        0.0:        0.0:        0.0:
:PROD    : 10,  1    :    PROD: BHP:        0.0:        0.0:        0.0:        0.0:        0.0:        0.0:        0.0:        0.0:
:SECPROD :  1,  1    :    PROD: BHP:        0.0:        0.0:        0.0:        0.0:        0.0:        0.0:        0.0:        0.0:
:INJ     : 10,  1    :     INJ:WRAT:        0.0:        0.0:        0.0:        0.0:        0.0:        0.0:        0.0:        0.0:
:OILINJ  :  1,  1    :     INJ:ORAT:        0.0:        0.0:        0.0:        0.0:        0.0:        0.0:        0.0:        0.0:
:--------:-----------:--------:----:-----------:-----------:-----------:-----------:-----------:-----------:-----------:-----------:


Report step  1/9 at day 1/9, date = 02-Jan-2015

Starting time step 0, stepsize 0.0324335 days, at day 1/2, date = 02-Jan-2015
Restart file written for report step 1/9, date = 02-Jan-2015 00:00:00
 Newton its= 7, linearizations= 8 (0.0sec), linear its=  4 (0.0sec)

Starting time step 1, stepsize 0.045407 days, at day 1.03243/2, date = 02-Jan-2015
 Newton its= 4, linearizations= 5 (0.0sec), linear its=  4 (0.0sec)

Starting time step 2, stepsize 0.118058 days, at day 1.07784/2, date = 02-Jan-2015
 Newton its= 7, linearizations= 8 (0.0sec), linear its=  4 (0.0sec)

Starting time step 3, stepsize 0.165281 days, at day 1.1959/2, date = 02-Jan-2015
    Oscillating behavior detected: Relaxation set to 0.900000
    Oscillating behavior detected: Relaxation set to 0.800000
    Oscillating behavior detected: Relaxation set to 0.700000
    Oscillating behavior detected: Relaxation set to 0.600000
    Oscillating behavior detected: Relaxation set to 0.500000

Problem: Solver convergence failure - Iteration limit reached
Timestep chopped to 0.05454282876444779 days


Starting time step 3, stepsize 0.0545428 days, at day 1.1959/2, date = 02-Jan-2015
 Newton its= 4, linearizations= 5 (0.0sec), linear its=  3 (0.0sec)

Starting time step 4, stepsize 0.109086 days, at day 1.25044/2, date = 02-Jan-2015
 Newton its= 4, linearizations= 5 (0.0sec), linear its=  4 (0.0sec)

Starting time step 5, stepsize 0.283623 days, at day 1.35953/2, date = 02-Jan-2015
 Newton its= 5, linearizations= 6 (0.0sec), linear its=  2 (0.0sec)

Starting time step 6, stepsize 0.35685 days, at day 1.64315/2, date = 02-Jan-2015

Problem: Solver convergence failure - Iteration limit reached
Timestep chopped to 0.11776058147461611 days


Starting time step 6, stepsize 0.117761 days, at day 1.64315/2, date = 02-Jan-2015
    Oscillating behavior detected: Relaxation set to 0.900000
    Oscillating behavior detected: Relaxation set to 0.800000
    Oscillating behavior detected: Relaxation set to 0.700000
    Oscillating behavior detected: Relaxation set to 0.600000
    Oscillating behavior detected: Relaxation set to 0.500000
    Oscillating behavior detected: Relaxation set to 0.500000
    Oscillating behavior detected: Relaxation set to 0.500000

Problem: Solver convergence failure - Iteration limit reached
Timestep chopped to 0.03886099188662332 days


Starting time step 6, stepsize 0.038861 days, at day 1.64315/2, date = 02-Jan-2015
 Newton its= 2, linearizations= 3 (0.0sec), linear its=  2 (0.0sec)

Starting time step 7, stepsize 0.077722 days, at day 1.68201/2, date = 02-Jan-2015
    Oscillating behavior detected: Relaxation set to 0.900000
    Oscillating behavior detected: Relaxation set to 0.800000

Problem: Solver convergence failure - Iteration limit reached
Timestep chopped to 0.025648254645171394 days


Starting time step 7, stepsize 0.0256483 days, at day 1.68201/2, date = 02-Jan-2015
 Newton its= 2, linearizations= 3 (0.0sec), linear its=  2 (0.0sec)

Starting time step 8, stepsize 0.0512965 days, at day 1.70766/2, date = 02-Jan-2015
 Newton its=20, linearizations=21 (0.0sec), linear its= 20 (0.0sec)

Starting time step 9, stepsize 0.0205186 days, at day 1.75896/2, date = 02-Jan-2015
 Newton its= 3, linearizations= 4 (0.0sec), linear its=  3 (0.0sec)

Starting time step 10, stepsize 0.0615558 days, at day 1.77947/2, date = 02-Jan-2015
 Newton its= 6, linearizations= 7 (0.0sec), linear its=  4 (0.0sec)

Starting time step 11, stepsize 0.079485 days, at day 1.84103/2, date = 02-Jan-2015
 Newton its= 3, linearizations= 4 (0.0sec), linear its=  2 (0.0sec)

Starting time step 12, stepsize 0.079485 days, at day 1.92051/2, date = 02-Jan-2015

Warning: Keyword 'WELLS' is unhandled for output to restart file.
 Newton its= 3, linearizations= 4 (0.0sec), linear its=  3 (0.0sec)

                              **************************************************************************
  WELLS    AT         2  DAYS *                 SPE1 - CASE 2                                          *
  REPORT    2    03 Jan 2015  *                                             Flow  version 2025.10-pre  *
                              **************************************************************************


======================================================= PRODUCTION REPORT =======================================================
:  WELL  : LOCATION  :CTRL:    OIL    :   WATER   :    GAS    :   FLUID   :   WATER   : GAS/OIL  :  WAT/GAS   : BHP OR : THP OR :
:  NAME  :  (I,J,K)  :MODE:   RATE    :   RATE    :   RATE    : RES.VOL.  :    CUT    :  RATIO   :   RATIO    :CON.PR. :BLK.PR. :
:        :           :    :  SCM/DAY  :  SCM/DAY  :  RCM/DAY  :  SCM/SCM  :  SCM/SCM  : SCM/SCM  :  SCM/SCM   : BARSA  : BARSA  :
=================================================================================================================================
:FIELD   :           :    :        0.0:        0.0:       -0.0:        0.0:      0.569:     -0.00:      0.0000:        :        :
:G1      :           :    :        0.0:        0.0:       -0.0:        0.0:      0.569:     -0.00:      0.0000:        :        :
:PROD    : 10,  1    : BHP:       -0.0:       -0.0:       -0.0:       -0.0:      0.000:      0.00:      0.0000:     0.0:     0.0:
:SECPROD :  1,  1    : BHP:        0.0:        0.0:       -0.0:        0.0:      0.569:     -0.00:      0.0000:   245.0:     0.0:
:--------:-----------:----:-----------:-----------:-----------:-----------:-----------:----------:------------:--------:--------:

============================================= INJECTION REPORT ==============================================
:  WELL  : LOCATION  : CTRL : CTRL : CTRL :    OIL    :   WATER   :    GAS    :   FLUID   : BHP OR : THP OR :
:  NAME  :  (I,J,K)  : MODE : MODE : MODE :   RATE    :   RATE    :   RATE    : RES.VOL.  :CON.PR. :BLK.PR. :
:        :           : OIL  : WAT  : GAS  :  SCM/DAY  :  SCM/DAY  :  SCM/DAY  :  RCM/DAY  : BARSA  : BARSA  :
=============================================================================================================
:FIELD   :           :      :      :      :        0.0:        0.0:        0.0:        0.0:        :        :
:G1      :           :      :      :      :        0.0:        0.0:        0.0:        0.0:        :        :
:INJ     : 10,  1    :      :  WRAT:      :        0.0:        0.0:        0.0:        0.0:   245.0:     0.0:
:OILINJ  :  1,  1    :  ORAT:      :      :        0.0:        0.0:        0.0:        0.0:     0.0:     0.0:
:--------:-----------:------:------:------:-----------:-----------:-----------:-----------:--------:--------:

============================================== CUMULATIVE PRODUCTION/INJECTION TOTALS ==============================================
:  WELL  : LOCATION  :  WELL  :CTRL:    OIL    :   WATER   :    GAS    :   Prod    :    OIL    :   WATER   :    GAS    :    INJ    :
:  NAME  :  (I,J,K)  :  TYPE  :MODE:   PROD    :   PROD    :   PROD    : RES.VOL.  :    INJ    :    INJ    :    INJ    : RES.VOL.  :
:        :           :        :    :   MSCM    :   MSCM    :   MMSCM   :   MRCM    :   MSCM    :   MSCM    :   MMSCM   :   MRCM    :
====================================================================================================================================
:FIELD   :           :        :    :        0.0:        0.0:        0.0:        0.0:        0.0:        0.0:        0.0:        0.0:
:G1      :           :        :    :        0.0:        0.0:        0.0:        0.0:        0.0:        0.0:        0.0:        0.0:
:PROD    : 10,  1    :    PROD: BHP:        0.0:        0.0:        0.0:        0.0:        0.0:        0.0:        0.0:        0.0:
:SECPROD :  1,  1    :    PROD: BHP:        0.0:        0.0:        0.0:        0.0:        0.0:        0.0:        0.0:        0.0:
:INJ     : 10,  1    :     INJ:WRAT:        0.0:        0.0:        0.0:        0.0:        0.0:        0.0:        0.0:        0.0:
:OILINJ  :  1,  1    :     INJ:ORAT:        0.0:        0.0:        0.0:        0.0:        0.0:        0.0:        0.0:        0.0:
:--------:-----------:--------:----:-----------:-----------:-----------:-----------:-----------:-----------:-----------:-----------:


Report step  2/9 at day 2/9, date = 03-Jan-2015

Starting time step 0, stepsize 0.238455 days, at day 2/3, date = 03-Jan-2015
Restart file written for report step 2/9, date = 03-Jan-2015 00:00:00

Problem: Solver convergence failure - Iteration limit reached
Timestep chopped to 0.07869018772201447 days


Starting time step 0, stepsize 0.0786902 days, at day 2/3, date = 03-Jan-2015
 Newton its= 5, linearizations= 6 (0.0sec), linear its=  3 (0.0sec)

Starting time step 1, stepsize 0.15738 days, at day 2.07869/3, date = 03-Jan-2015
 Newton its=18, linearizations=19 (0.0sec), linear its= 15 (0.0sec)

Starting time step 2, stepsize 0.0699468 days, at day 2.23607/3, date = 03-Jan-2015
    Oscillating behavior detected: Relaxation set to 0.900000
    Oscillating behavior detected: Relaxation set to 0.800000
 Newton its=20, linearizations=21 (0.0sec), linear its= 19 (0.0sec)

Starting time step 3, stepsize 0.0279787 days, at day 2.30602/3, date = 03-Jan-2015

Problem: Solver convergence failure - Iteration limit reached
Timestep chopped to 0.009232982026049698 days


Starting time step 3, stepsize 0.00923298 days, at day 2.30602/3, date = 03-Jan-2015
 Newton its= 3, linearizations= 4 (0.0sec), linear its=  3 (0.0sec)

Starting time step 4, stepsize 0.018466 days, at day 2.31525/3, date = 03-Jan-2015
 Newton its= 4, linearizations= 5 (0.0sec), linear its=  4 (0.0sec)

Starting time step 5, stepsize 0.0480115 days, at day 2.33372/3, date = 03-Jan-2015

Problem: Solver convergence failure - Iteration limit reached
Timestep chopped to 0.015843797156701284 days


Starting time step 5, stepsize 0.0158438 days, at day 2.33372/3, date = 03-Jan-2015
 Newton its= 9, linearizations=10 (0.0sec), linear its=  8 (0.0sec)

Starting time step 6, stepsize 0.0140834 days, at day 2.34956/3, date = 03-Jan-2015
 Newton its= 2, linearizations= 3 (0.0sec), linear its=  2 (0.0sec)

Starting time step 7, stepsize 0.0422501 days, at day 2.36364/3, date = 03-Jan-2015
    Oscillating behavior detected: Relaxation set to 0.900000

Problem: Solver convergence failure - Iteration limit reached
Timestep chopped to 0.01394254149789713 days


Starting time step 7, stepsize 0.0139425 days, at day 2.36364/3, date = 03-Jan-2015
 Newton its= 3, linearizations= 4 (0.0sec), linear its=  2 (0.0sec)

Starting time step 8, stepsize 0.0278851 days, at day 2.37759/3, date = 03-Jan-2015

Problem: Solver convergence failure - Iteration limit reached
Timestep chopped to 0.009202077388612107 days


Starting time step 8, stepsize 0.00920208 days, at day 2.37759/3, date = 03-Jan-2015
 Newton its= 2, linearizations= 3 (0.0sec), linear its=  2 (0.0sec)

Starting time step 9, stepsize 0.0184042 days, at day 2.38679/3, date = 03-Jan-2015

Problem: Solver convergence failure - Iteration limit reached
Timestep chopped to 0.00607337107648399 days


Starting time step 9, stepsize 0.00607337 days, at day 2.38679/3, date = 03-Jan-2015
    Oscillating behavior detected: Relaxation set to 0.900000
    Oscillating behavior detected: Relaxation set to 0.800000
    Oscillating behavior detected: Relaxation set to 0.700000
    Oscillating behavior detected: Relaxation set to 0.600000
    Oscillating behavior detected: Relaxation set to 0.500000

Problem: Solver convergence failure - Iteration limit reached
Timestep chopped to 0.002004212455239717 days


Starting time step 9, stepsize 0.00200421 days, at day 2.38679/3, date = 03-Jan-2015
 Newton its= 2, linearizations= 3 (0.0sec), linear its=  1 (0.0sec)

Starting time step 10, stepsize 0.00400842 days, at day 2.38879/3, date = 03-Jan-2015
 Newton its= 1, linearizations= 2 (0.0sec), linear its=  1 (0.0sec)

Starting time step 11, stepsize 0.0120253 days, at day 2.3928/3, date = 03-Jan-2015
    Oscillating behavior detected: Relaxation set to 0.900000

Problem: Solver convergence failure - Iteration limit reached
Timestep chopped to 0.003968340661374641 days


Starting time step 11, stepsize 0.00396834 days, at day 2.3928/3, date = 03-Jan-2015
 Newton its=20, linearizations=21 (0.0sec), linear its= 19 (0.0sec)

Starting time step 12, stepsize 0.00158734 days, at day 2.39677/3, date = 03-Jan-2015
 Newton its= 2, linearizations= 3 (0.0sec), linear its=  1 (0.0sec)

Starting time step 13, stepsize 0.00476201 days, at day 2.39836/3, date = 03-Jan-2015
 Newton its= 2, linearizations= 3 (0.0sec), linear its=  0 (0.0sec)

Starting time step 14, stepsize 0.014286 days, at day 2.40312/3, date = 03-Jan-2015
    Oscillating behavior detected: Relaxation set to 0.900000

Problem: Solver convergence failure - Iteration limit reached
Timestep chopped to 0.004714388705713073 days


Starting time step 14, stepsize 0.00471439 days, at day 2.40312/3, date = 03-Jan-2015
 Newton its= 1, linearizations= 2 (0.0sec), linear its=  1 (0.0sec)

Starting time step 15, stepsize 0.00942878 days, at day 2.40783/3, date = 03-Jan-2015

Problem: Solver convergence failure - Iteration limit reached
Timestep chopped to 0.003111496545770628 days


Starting time step 15, stepsize 0.0031115 days, at day 2.40783/3, date = 03-Jan-2015
 Newton its= 3, linearizations= 4 (0.0sec), linear its=  2 (0.0sec)

Starting time step 16, stepsize 0.00622299 days, at day 2.41094/3, date = 03-Jan-2015
    Oscillating behavior detected: Relaxation set to 0.900000
    Oscillating behavior detected: Relaxation set to 0.800000
    Oscillating behavior detected: Relaxation set to 0.700000
    Oscillating behavior detected: Relaxation set to 0.600000
    Oscillating behavior detected: Relaxation set to 0.500000

Problem: Solver convergence failure - Iteration limit reached
Timestep chopped to 0.0020535877202086145 days


Starting time step 16, stepsize 0.00205359 days, at day 2.41094/3, date = 03-Jan-2015
 Newton its= 2, linearizations= 3 (0.0sec), linear its=  1 (0.0sec)

Starting time step 17, stepsize 0.00410718 days, at day 2.413/3, date = 03-Jan-2015
 Newton its= 2, linearizations= 3 (0.0sec), linear its=  2 (0.0sec)

Starting time step 18, stepsize 0.0123215 days, at day 2.41711/3, date = 03-Jan-2015
    Oscillating behavior detected: Relaxation set to 0.900000
    Oscillating behavior detected: Relaxation set to 0.800000

Problem: Solver convergence failure - Iteration limit reached
Timestep chopped to 0.004066103686013057 days


Starting time step 18, stepsize 0.0040661 days, at day 2.41711/3, date = 03-Jan-2015
 Newton its= 2, linearizations= 3 (0.0sec), linear its=  1 (0.0sec)

Starting time step 19, stepsize 0.00813221 days, at day 2.42117/3, date = 03-Jan-2015
 Newton its= 2, linearizations= 3 (0.0sec), linear its=  1 (0.0sec)

Starting time step 20, stepsize 0.0243966 days, at day 2.4293/3, date = 03-Jan-2015

Problem: Solver convergence failure - Iteration limit reached
Timestep chopped to 0.008050885298305853 days


Starting time step 20, stepsize 0.00805089 days, at day 2.4293/3, date = 03-Jan-2015
 Newton its= 3, linearizations= 4 (0.0sec), linear its=  0 (0.0sec)

Starting time step 21, stepsize 0.0161018 days, at day 2.43735/3, date = 03-Jan-2015

Problem: Solver convergence failure - Iteration limit reached
Timestep chopped to 0.005313584296881863 days


Starting time step 21, stepsize 0.00531358 days, at day 2.43735/3, date = 03-Jan-2015
 Newton its= 2, linearizations= 3 (0.0sec), linear its=  1 (0.0sec)

Starting time step 22, stepsize 0.0106272 days, at day 2.44267/3, date = 03-Jan-2015

Problem: Solver convergence failure - Iteration limit reached
Timestep chopped to 0.00350696563594203 days


Starting time step 22, stepsize 0.00350697 days, at day 2.44267/3, date = 03-Jan-2015
 Newton its= 3, linearizations= 4 (0.0sec), linear its=  1 (0.0sec)

Starting time step 23, stepsize 0.00701393 days, at day 2.44617/3, date = 03-Jan-2015
 Newton its= 2, linearizations= 3 (0.0sec), linear its=  1 (0.0sec)

Starting time step 24, stepsize 0.0210418 days, at day 2.45319/3, date = 03-Jan-2015
 Newton its= 3, linearizations= 4 (0.0sec), linear its=  1 (0.0sec)

Starting time step 25, stepsize 0.0631254 days, at day 2.47423/3, date = 03-Jan-2015
 Newton its=14, linearizations=15 (0.0sec), linear its= 11 (0.0sec)

Starting time step 26, stepsize 0.0360716 days, at day 2.53736/3, date = 03-Jan-2015
 Newton its= 6, linearizations= 7 (0.0sec), linear its=  6 (0.0sec)

Starting time step 27, stepsize 0.064929 days, at day 2.57343/3, date = 03-Jan-2015
    Oscillating behavior detected: Relaxation set to 0.900000

Problem: Solver convergence failure - Iteration limit reached
Timestep chopped to 0.021426558045424104 days


Starting time step 27, stepsize 0.0214266 days, at day 2.57343/3, date = 03-Jan-2015
 Newton its= 3, linearizations= 4 (0.0sec), linear its=  3 (0.0sec)

Starting time step 28, stepsize 0.0428531 days, at day 2.59485/3, date = 03-Jan-2015

Problem: Solver convergence failure - Iteration limit reached
Timestep chopped to 0.014141528309979908 days


Starting time step 28, stepsize 0.0141415 days, at day 2.59485/3, date = 03-Jan-2015
 Newton its= 2, linearizations= 3 (0.0sec), linear its=  2 (0.0sec)

Starting time step 29, stepsize 0.0282831 days, at day 2.609/3, date = 03-Jan-2015

Problem: Solver convergence failure - Iteration limit reached
Timestep chopped to 0.00933340868458674 days


Starting time step 29, stepsize 0.00933341 days, at day 2.609/3, date = 03-Jan-2015
 Newton its=10, linearizations=11 (0.0sec), linear its=  7 (0.0sec)

Starting time step 30, stepsize 0.00746673 days, at day 2.61833/3, date = 03-Jan-2015
 Newton its= 2, linearizations= 3 (0.0sec), linear its=  2 (0.0sec)

Starting time step 31, stepsize 0.0224002 days, at day 2.6258/3, date = 03-Jan-2015

Problem: Solver convergence failure - Iteration limit reached
Timestep chopped to 0.007392059678192698 days


Starting time step 31, stepsize 0.00739206 days, at day 2.6258/3, date = 03-Jan-2015
 Newton its= 6, linearizations= 7 (0.0sec), linear its=  3 (0.0sec)

Starting time step 32, stepsize 0.0133057 days, at day 2.63319/3, date = 03-Jan-2015
 Newton its= 4, linearizations= 5 (0.0sec), linear its=  1 (0.0sec)

Starting time step 33, stepsize 0.0345948 days, at day 2.64649/3, date = 03-Jan-2015
 Newton its= 2, linearizations= 3 (0.0sec), linear its=  2 (0.0sec)

Starting time step 34, stepsize 0.103785 days, at day 2.68109/3, date = 03-Jan-2015
    Oscillating behavior detected: Relaxation set to 0.900000

Problem: Solver convergence failure - Iteration limit reached
Timestep chopped to 0.034248890901002416 days


Starting time step 34, stepsize 0.0342489 days, at day 2.68109/3, date = 03-Jan-2015
 Newton its= 3, linearizations= 4 (0.0sec), linear its=  3 (0.0sec)

Starting time step 35, stepsize 0.0684978 days, at day 2.71534/3, date = 03-Jan-2015

Problem: Solver convergence failure - Iteration limit reached
Timestep chopped to 0.022604267994661593 days


Starting time step 35, stepsize 0.0226043 days, at day 2.71534/3, date = 03-Jan-2015
 Newton its= 9, linearizations=10 (0.0sec), linear its=  9 (0.0sec)

Starting time step 36, stepsize 0.0200927 days, at day 2.73794/3, date = 03-Jan-2015
 Newton its= 4, linearizations= 5 (0.0sec), linear its=  3 (0.0sec)

Starting time step 37, stepsize 0.052241 days, at day 2.75803/3, date = 03-Jan-2015
 Newton its=20, linearizations=21 (0.0sec), linear its= 11 (0.0sec)

Starting time step 38, stepsize 0.0208964 days, at day 2.81028/3, date = 03-Jan-2015
 Newton its= 2, linearizations= 3 (0.0sec), linear its=  2 (0.0sec)

Starting time step 39, stepsize 0.0626892 days, at day 2.83117/3, date = 03-Jan-2015
    Oscillating behavior detected: Relaxation set to 0.900000

Problem: Solver convergence failure - Iteration limit reached
Timestep chopped to 0.020687426068714293 days


Starting time step 39, stepsize 0.0206874 days, at day 2.83117/3, date = 03-Jan-2015
 Newton its= 3, linearizations= 4 (0.0sec), linear its=  2 (0.0sec)

Starting time step 40, stepsize 0.0413749 days, at day 2.85186/3, date = 03-Jan-2015
 Newton its= 6, linearizations= 7 (0.0sec), linear its=  6 (0.0sec)

Starting time step 41, stepsize 0.053383 days, at day 2.89323/3, date = 03-Jan-2015
 Newton its= 6, linearizations= 7 (0.0sec), linear its=  4 (0.0sec)

Starting time step 42, stepsize 0.053383 days, at day 2.94662/3, date = 03-Jan-2015
    Oscillating behavior detected: Relaxation set to 0.900000
    Oscillating behavior detected: Relaxation set to 0.800000

Problem: Solver convergence failure - Iteration limit reached
Timestep chopped to 0.017616403535885505 days


Starting time step 42, stepsize 0.0176164 days, at day 2.94662/3, date = 03-Jan-2015
 Newton its= 3, linearizations= 4 (0.0sec), linear its=  2 (0.0sec)

Starting time step 43, stepsize 0.0357666 days, at day 2.96423/3, date = 03-Jan-2015

Warning: Keyword 'WELLS' is unhandled for output to restart file.
 Newton its=20, linearizations=21 (0.0sec), linear its= 16 (0.0sec)

                              **************************************************************************
  WELLS    AT         3  DAYS *                 SPE1 - CASE 2                                          *
  REPORT    3    04 Jan 2015  *                                             Flow  version 2025.10-pre  *
                              **************************************************************************


======================================================= PRODUCTION REPORT =======================================================
:  WELL  : LOCATION  :CTRL:    OIL    :   WATER   :    GAS    :   FLUID   :   WATER   : GAS/OIL  :  WAT/GAS   : BHP OR : THP OR :
:  NAME  :  (I,J,K)  :MODE:   RATE    :   RATE    :   RATE    : RES.VOL.  :    CUT    :  RATIO   :   RATIO    :CON.PR. :BLK.PR. :
:        :           :    :  SCM/DAY  :  SCM/DAY  :  RCM/DAY  :  SCM/SCM  :  SCM/SCM  : SCM/SCM  :  SCM/SCM   : BARSA  : BARSA  :
=================================================================================================================================
:FIELD   :           :    :        0.0:        0.0:       -0.0:        0.0:      0.536:     -0.00:      0.0000:        :        :
:G1      :           :    :        0.0:        0.0:       -0.0:        0.0:      0.536:     -0.00:      0.0000:        :        :
:PROD    : 10,  1    : BHP:        0.0:        0.0:       -0.0:        0.0:      0.536:     -0.00:      0.0000:   245.0:     0.0:
:SECPROD :  1,  1    : BHP:       -0.0:       -0.0:       -0.0:       -0.0:      0.000:      0.00:      0.0000:     0.0:     0.0:
:--------:-----------:----:-----------:-----------:-----------:-----------:-----------:----------:------------:--------:--------:

============================================= INJECTION REPORT ==============================================
:  WELL  : LOCATION  : CTRL : CTRL : CTRL :    OIL    :   WATER   :    GAS    :   FLUID   : BHP OR : THP OR :
:  NAME  :  (I,J,K)  : MODE : MODE : MODE :   RATE    :   RATE    :   RATE    : RES.VOL.  :CON.PR. :BLK.PR. :
:        :           : OIL  : WAT  : GAS  :  SCM/DAY  :  SCM/DAY  :  SCM/DAY  :  RCM/DAY  : BARSA  : BARSA  :
=============================================================================================================
:FIELD   :           :      :      :      :        0.0:        0.0:        0.0:        0.0:        :        :
:G1      :           :      :      :      :        0.0:        0.0:        0.0:        0.0:        :        :
:INJ     : 10,  1    :      :  WRAT:      :        0.0:        0.0:        0.0:        0.0:     0.0:     0.0:
:OILINJ  :  1,  1    :  ORAT:      :      :        0.0:        0.0:        0.0:        0.0:   245.0:     0.0:
:--------:-----------:------:------:------:-----------:-----------:-----------:-----------:--------:--------:

============================================== CUMULATIVE PRODUCTION/INJECTION TOTALS ==============================================
:  WELL  : LOCATION  :  WELL  :CTRL:    OIL    :   WATER   :    GAS    :   Prod    :    OIL    :   WATER   :    GAS    :    INJ    :
:  NAME  :  (I,J,K)  :  TYPE  :MODE:   PROD    :   PROD    :   PROD    : RES.VOL.  :    INJ    :    INJ    :    INJ    : RES.VOL.  :
:        :           :        :    :   MSCM    :   MSCM    :   MMSCM   :   MRCM    :   MSCM    :   MSCM    :   MMSCM   :   MRCM    :
====================================================================================================================================
:FIELD   :           :        :    :        0.0:        0.0:        0.0:        0.0:        0.0:        0.0:        0.0:        0.0:
:G1      :           :        :    :        0.0:        0.0:        0.0:        0.0:        0.0:        0.0:        0.0:        0.0:
:PROD    : 10,  1    :    PROD: BHP:        0.0:        0.0:        0.0:        0.0:        0.0:        0.0:        0.0:        0.0:
:SECPROD :  1,  1    :    PROD: BHP:        0.0:        0.0:        0.0:        0.0:        0.0:        0.0:        0.0:        0.0:
:INJ     : 10,  1    :     INJ:WRAT:        0.0:        0.0:        0.0:        0.0:        0.0:        0.0:        0.0:        0.0:
:OILINJ  :  1,  1    :     INJ:ORAT:        0.0:        0.0:        0.0:        0.0:        0.0:        0.0:        0.0:        0.0:
:--------:-----------:--------:----:-----------:-----------:-----------:-----------:-----------:-----------:-----------:-----------:


Report step  3/9 at day 3/9, date = 04-Jan-2015

Starting time step 0, stepsize 0.0143067 days, at day 3/4, date = 04-Jan-2015
Restart file written for report step 3/9, date = 04-Jan-2015 00:00:00
    Oscillating behavior detected: Relaxation set to 0.900000
    Oscillating behavior detected: Relaxation set to 0.800000
    Oscillating behavior detected: Relaxation set to 0.700000

Problem: Solver convergence failure - Iteration limit reached
Timestep chopped to 0.004721196147617314 days


Starting time step 0, stepsize 0.0047212 days, at day 3/4, date = 04-Jan-2015
 Newton its= 3, linearizations= 4 (0.0sec), linear its=  2 (0.0sec)

Starting time step 1, stepsize 0.00944239 days, at day 3.00472/4, date = 04-Jan-2015

Problem: Solver convergence failure - Iteration limit reached
Timestep chopped to 0.003115989457427427 days


Starting time step 1, stepsize 0.00311599 days, at day 3.00472/4, date = 04-Jan-2015
 Newton its= 1, linearizations= 2 (0.0sec), linear its=  1 (0.0sec)

Starting time step 2, stepsize 0.00623198 days, at day 3.00784/4, date = 04-Jan-2015
 Newton its= 2, linearizations= 3 (0.0sec), linear its=  2 (0.0sec)

Starting time step 3, stepsize 0.0186959 days, at day 3.01407/4, date = 04-Jan-2015
 Newton its= 5, linearizations= 6 (0.0sec), linear its=  4 (0.0sec)

Starting time step 4, stepsize 0.0411311 days, at day 3.03277/4, date = 04-Jan-2015

Problem: Solver convergence failure - Iteration limit reached
Timestep chopped to 0.013573250076553873 days


Starting time step 4, stepsize 0.0135733 days, at day 3.03277/4, date = 04-Jan-2015
 Newton its= 4, linearizations= 5 (0.0sec), linear its=  2 (0.0sec)

Starting time step 5, stepsize 0.0271465 days, at day 3.04634/4, date = 04-Jan-2015
 Newton its=20, linearizations=21 (0.0sec), linear its= 17 (0.0sec)

Starting time step 6, stepsize 0.0108586 days, at day 3.07348/4, date = 04-Jan-2015

Problem: Solver convergence failure - Iteration limit reached
Timestep chopped to 0.0035833380202102225 days


Starting time step 6, stepsize 0.00358334 days, at day 3.07348/4, date = 04-Jan-2015
 Newton its= 4, linearizations= 5 (0.0sec), linear its=  1 (0.0sec)

Starting time step 7, stepsize 0.00716668 days, at day 3.07707/4, date = 04-Jan-2015
 Newton its= 3, linearizations= 4 (0.0sec), linear its=  2 (0.0sec)

Starting time step 8, stepsize 0.0215 days, at day 3.08423/4, date = 04-Jan-2015
 Newton its= 7, linearizations= 8 (0.0sec), linear its=  5 (0.0sec)

Starting time step 9, stepsize 0.0301 days, at day 3.10573/4, date = 04-Jan-2015

Problem: Solver convergence failure - Iteration limit reached
Timestep chopped to 0.009933012992022736 days


Starting time step 9, stepsize 0.00993301 days, at day 3.10573/4, date = 04-Jan-2015
 Newton its= 3, linearizations= 4 (0.0sec), linear its=  2 (0.0sec)

Starting time step 10, stepsize 0.019866 days, at day 3.11567/4, date = 04-Jan-2015

Problem: Solver convergence failure - Iteration limit reached
Timestep chopped to 0.006555788574735005 days


Starting time step 10, stepsize 0.00655579 days, at day 3.11567/4, date = 04-Jan-2015
 Newton its= 1, linearizations= 2 (0.0sec), linear its=  1 (0.0sec)

Starting time step 11, stepsize 0.0131116 days, at day 3.12222/4, date = 04-Jan-2015
 Newton its= 4, linearizations= 5 (0.0sec), linear its=  2 (0.0sec)

Starting time step 12, stepsize 0.0340901 days, at day 3.13534/4, date = 04-Jan-2015
 Newton its= 3, linearizations= 4 (0.0sec), linear its=  3 (0.0sec)

Starting time step 13, stepsize 0.10227 days, at day 3.16943/4, date = 04-Jan-2015

Problem: Solver convergence failure - Iteration limit reached
Timestep chopped to 0.03374919958273581 days


Starting time step 13, stepsize 0.0337492 days, at day 3.16943/4, date = 04-Jan-2015
 Newton its=15, linearizations=16 (0.0sec), linear its= 12 (0.0sec)

Starting time step 14, stepsize 0.0179996 days, at day 3.20317/4, date = 04-Jan-2015
 Newton its= 3, linearizations= 4 (0.0sec), linear its=  3 (0.0sec)

Starting time step 15, stepsize 0.0539987 days, at day 3.22117/4, date = 04-Jan-2015
    Oscillating behavior detected: Relaxation set to 0.900000

Problem: Solver convergence failure - Iteration limit reached
Timestep chopped to 0.017819577379684513 days


Starting time step 15, stepsize 0.0178196 days, at day 3.22117/4, date = 04-Jan-2015
 Newton its= 3, linearizations= 4 (0.0sec), linear its=  3 (0.0sec)

Starting time step 16, stepsize 0.0356392 days, at day 3.23899/4, date = 04-Jan-2015
 Newton its= 3, linearizations= 4 (0.0sec), linear its=  3 (0.0sec)

Starting time step 17, stepsize 0.106917 days, at day 3.27463/4, date = 04-Jan-2015
    Oscillating behavior detected: Relaxation set to 0.900000
    Oscillating behavior detected: Relaxation set to 0.800000
    Oscillating behavior detected: Relaxation set to 0.700000
    Oscillating behavior detected: Relaxation set to 0.600000
    Oscillating behavior detected: Relaxation set to 0.500000
    Oscillating behavior detected: Relaxation set to 0.500000
    Oscillating behavior detected: Relaxation set to 0.500000

Problem: Solver convergence failure - Iteration limit reached
Timestep chopped to 0.035282763211775335 days


Starting time step 17, stepsize 0.0352828 days, at day 3.27463/4, date = 04-Jan-2015
 Newton its= 5, linearizations= 6 (0.0sec), linear its=  5 (0.0sec)

Starting time step 18, stepsize 0.0705655 days, at day 3.30992/4, date = 04-Jan-2015
 Newton its= 7, linearizations= 8 (0.0sec), linear its=  4 (0.0sec)

Starting time step 19, stepsize 0.0987917 days, at day 3.38048/4, date = 04-Jan-2015
    Oscillating behavior detected: Relaxation set to 0.900000

Problem: Solver convergence failure - Iteration limit reached
Timestep chopped to 0.032601273207680415 days


Starting time step 19, stepsize 0.0326013 days, at day 3.38048/4, date = 04-Jan-2015
 Newton its= 3, linearizations= 4 (0.0sec), linear its=  3 (0.0sec)

Starting time step 20, stepsize 0.0652025 days, at day 3.41308/4, date = 04-Jan-2015
 Newton its= 6, linearizations= 7 (0.0sec), linear its=  4 (0.0sec)

Starting time step 21, stepsize 0.117365 days, at day 3.47828/4, date = 04-Jan-2015
    Oscillating behavior detected: Relaxation set to 0.900000
    Oscillating behavior detected: Relaxation set to 0.800000
    Oscillating behavior detected: Relaxation set to 0.700000

Problem: Solver convergence failure - Iteration limit reached
Timestep chopped to 0.03873031257072433 days


Starting time step 21, stepsize 0.0387303 days, at day 3.47828/4, date = 04-Jan-2015
 Newton its= 2, linearizations= 3 (0.0sec), linear its=  2 (0.0sec)

Starting time step 22, stepsize 0.0774606 days, at day 3.51702/4, date = 04-Jan-2015
    Oscillating behavior detected: Relaxation set to 0.900000
    Oscillating behavior detected: Relaxation set to 0.800000
    Oscillating behavior detected: Relaxation set to 0.700000
    Oscillating behavior detected: Relaxation set to 0.600000
    Oscillating behavior detected: Relaxation set to 0.500000
    Oscillating behavior detected: Relaxation set to 0.500000

Problem: Solver convergence failure - Iteration limit reached
Timestep chopped to 0.025562006296678062 days


Starting time step 22, stepsize 0.025562 days, at day 3.51702/4, date = 04-Jan-2015
 Newton its= 3, linearizations= 4 (0.0sec), linear its=  1 (0.0sec)

Starting time step 23, stepsize 0.051124 days, at day 3.54258/4, date = 04-Jan-2015
 Newton its=10, linearizations=11 (0.0sec), linear its=  8 (0.0sec)

Starting time step 24, stepsize 0.0408992 days, at day 3.5937/4, date = 04-Jan-2015
 Newton its= 4, linearizations= 5 (0.0sec), linear its=  4 (0.0sec)

Starting time step 25, stepsize 0.106338 days, at day 3.6346/4, date = 04-Jan-2015
 Newton its= 4, linearizations= 5 (0.0sec), linear its=  3 (0.0sec)

Starting time step 26, stepsize 0.259062 days, at day 3.74094/4, date = 04-Jan-2015

Problem: Solver convergence failure - Iteration limit reached
Timestep chopped to 0.08549030331552422 days


Starting time step 26, stepsize 0.0854903 days, at day 3.74094/4, date = 04-Jan-2015
 Newton its= 5, linearizations= 6 (0.0sec), linear its=  4 (0.0sec)

Starting time step 27, stepsize 0.173571 days, at day 3.82643/4, date = 04-Jan-2015

Warning: Keyword 'WELLS' is unhandled for output to restart file.
 Newton its= 5, linearizations= 6 (0.0sec), linear its=  5 (0.0sec)

                              **************************************************************************
  WELLS    AT         4  DAYS *                 SPE1 - CASE 2                                          *
  REPORT    4    05 Jan 2015  *                                             Flow  version 2025.10-pre  *
                              **************************************************************************


======================================================= PRODUCTION REPORT =======================================================
:  WELL  : LOCATION  :CTRL:    OIL    :   WATER   :    GAS    :   FLUID   :   WATER   : GAS/OIL  :  WAT/GAS   : BHP OR : THP OR :
:  NAME  :  (I,J,K)  :MODE:   RATE    :   RATE    :   RATE    : RES.VOL.  :    CUT    :  RATIO   :   RATIO    :CON.PR. :BLK.PR. :
:        :           :    :  SCM/DAY  :  SCM/DAY  :  RCM/DAY  :  SCM/SCM  :  SCM/SCM  : SCM/SCM  :  SCM/SCM   : BARSA  : BARSA  :
=================================================================================================================================
:FIELD   :           :    :        0.0:        0.0:       -0.0:        0.0:      0.547:     -0.00:      0.0000:        :        :
:G1      :           :    :        0.0:        0.0:       -0.0:        0.0:      0.547:     -0.00:      0.0000:        :        :
:PROD    : 10,  1    : BHP:       -0.0:       -0.0:       -0.0:       -0.0:      0.000:      0.00:      0.0000:     0.0:     0.0:
:SECPROD :  1,  1    : BHP:        0.0:        0.0:       -0.0:        0.0:      0.547:     -0.00:      0.0000:   245.0:     0.0:
:--------:-----------:----:-----------:-----------:-----------:-----------:-----------:----------:------------:--------:--------:

============================================= INJECTION REPORT ==============================================
:  WELL  : LOCATION  : CTRL : CTRL : CTRL :    OIL    :   WATER   :    GAS    :   FLUID   : BHP OR : THP OR :
:  NAME  :  (I,J,K)  : MODE : MODE : MODE :   RATE    :   RATE    :   RATE    : RES.VOL.  :CON.PR. :BLK.PR. :
:        :           : OIL  : WAT  : GAS  :  SCM/DAY  :  SCM/DAY  :  SCM/DAY  :  RCM/DAY  : BARSA  : BARSA  :
=============================================================================================================
:FIELD   :           :      :      :      :        0.0:        0.0:        0.0:        0.0:        :        :
:G1      :           :      :      :      :        0.0:        0.0:        0.0:        0.0:        :        :
:INJ     : 10,  1    :      :  WRAT:      :        0.0:        0.0:        0.0:        0.0:   245.0:     0.0:
:OILINJ  :  1,  1    :  ORAT:      :      :        0.0:        0.0:        0.0:        0.0:     0.0:     0.0:
:--------:-----------:------:------:------:-----------:-----------:-----------:-----------:--------:--------:

============================================== CUMULATIVE PRODUCTION/INJECTION TOTALS ==============================================
:  WELL  : LOCATION  :  WELL  :CTRL:    OIL    :   WATER   :    GAS    :   Prod    :    OIL    :   WATER   :    GAS    :    INJ    :
:  NAME  :  (I,J,K)  :  TYPE  :MODE:   PROD    :   PROD    :   PROD    : RES.VOL.  :    INJ    :    INJ    :    INJ    : RES.VOL.  :
:        :           :        :    :   MSCM    :   MSCM    :   MMSCM   :   MRCM    :   MSCM    :   MSCM    :   MMSCM   :   MRCM    :
====================================================================================================================================
:FIELD   :           :        :    :        0.0:        0.0:        0.0:        0.0:        0.0:        0.0:        0.0:        0.0:
:G1      :           :        :    :        0.0:        0.0:        0.0:        0.0:        0.0:        0.0:        0.0:        0.0:
:PROD    : 10,  1    :    PROD: BHP:        0.0:        0.0:        0.0:        0.0:        0.0:        0.0:        0.0:        0.0:
:SECPROD :  1,  1    :    PROD: BHP:        0.0:        0.0:        0.0:        0.0:        0.0:        0.0:        0.0:        0.0:
:INJ     : 10,  1    :     INJ:WRAT:        0.0:        0.0:        0.0:        0.0:        0.0:        0.0:        0.0:        0.0:
:OILINJ  :  1,  1    :     INJ:ORAT:        0.0:        0.0:        0.0:        0.0:        0.0:        0.0:        0.0:        0.0:
:--------:-----------:--------:----:-----------:-----------:-----------:-----------:-----------:-----------:-----------:-----------:


Report step  4/9 at day 4/9, date = 05-Jan-2015

Starting time step 0, stepsize 0.381857 days, at day 4/5, date = 05-Jan-2015
Restart file written for report step 4/9, date = 05-Jan-2015 00:00:00
    Oscillating behavior detected: Relaxation set to 0.900000

Problem: Solver convergence failure - Iteration limit reached
Timestep chopped to 0.1260127070870825 days


Starting time step 0, stepsize 0.126013 days, at day 4/5, date = 05-Jan-2015
 Newton its= 5, linearizations= 6 (0.0sec), linear its=  4 (0.0sec)

Starting time step 1, stepsize 0.252025 days, at day 4.12601/5, date = 05-Jan-2015
    Oscillating behavior detected: Relaxation set to 0.900000

Problem: Solver convergence failure - Iteration limit reached
Timestep chopped to 0.08316838667747446 days


Starting time step 1, stepsize 0.0831684 days, at day 4.12601/5, date = 05-Jan-2015
    Oscillating behavior detected: Relaxation set to 0.900000
    Oscillating behavior detected: Relaxation set to 0.800000

Problem: Solver convergence failure - Iteration limit reached
Timestep chopped to 0.027445567603566572 days


Starting time step 1, stepsize 0.0274456 days, at day 4.12601/5, date = 05-Jan-2015
 Newton its= 4, linearizations= 5 (0.0sec), linear its=  4 (0.0sec)

Starting time step 2, stepsize 0.0548911 days, at day 4.15346/5, date = 05-Jan-2015
 Newton its= 3, linearizations= 4 (0.0sec), linear its=  3 (0.0sec)

Starting time step 3, stepsize 0.164673 days, at day 4.20835/5, date = 05-Jan-2015

Problem: Solver convergence failure - Iteration limit reached
Timestep chopped to 0.054342223855061815 days


Starting time step 3, stepsize 0.0543422 days, at day 4.20835/5, date = 05-Jan-2015
 Newton its=20, linearizations=21 (0.0sec), linear its= 20 (0.0sec)

Starting time step 4, stepsize 0.0217369 days, at day 4.26269/5, date = 05-Jan-2015
 Newton its= 7, linearizations= 8 (0.0sec), linear its=  5 (0.0sec)

Starting time step 5, stepsize 0.0304316 days, at day 4.28443/5, date = 05-Jan-2015
 Newton its=16, linearizations=17 (0.0sec), linear its= 14 (0.0sec)

Starting time step 6, stepsize 0.0152158 days, at day 4.31486/5, date = 05-Jan-2015
 Newton its= 2, linearizations= 3 (0.0sec), linear its=  2 (0.0sec)

Starting time step 7, stepsize 0.0456475 days, at day 4.33008/5, date = 05-Jan-2015
    Oscillating behavior detected: Relaxation set to 0.900000

Problem: Solver convergence failure - Iteration limit reached
Timestep chopped to 0.015063664452623134 days


Starting time step 7, stepsize 0.0150637 days, at day 4.33008/5, date = 05-Jan-2015
 Newton its= 4, linearizations= 5 (0.0sec), linear its=  3 (0.0sec)

Starting time step 8, stepsize 0.0301273 days, at day 4.34514/5, date = 05-Jan-2015

Problem: Solver convergence failure - Iteration limit reached
Timestep chopped to 0.009942018538731268 days


Starting time step 8, stepsize 0.00994202 days, at day 4.34514/5, date = 05-Jan-2015
 Newton its= 2, linearizations= 3 (0.0sec), linear its=  2 (0.0sec)

Starting time step 9, stepsize 0.019884 days, at day 4.35508/5, date = 05-Jan-2015
 Newton its=20, linearizations=21 (0.0sec), linear its= 14 (0.0sec)

Starting time step 10, stepsize 0.00795361 days, at day 4.37497/5, date = 05-Jan-2015
 Newton its= 2, linearizations= 3 (0.0sec), linear its=  2 (0.0sec)

Starting time step 11, stepsize 0.0238608 days, at day 4.38292/5, date = 05-Jan-2015

Problem: Solver convergence failure - Iteration limit reached
Timestep chopped to 0.007874078682675164 days


Starting time step 11, stepsize 0.00787408 days, at day 4.38292/5, date = 05-Jan-2015
 Newton its= 4, linearizations= 5 (0.0sec), linear its=  2 (0.0sec)

Starting time step 12, stepsize 0.0157482 days, at day 4.39079/5, date = 05-Jan-2015
 Newton its= 2, linearizations= 3 (0.0sec), linear its=  1 (0.0sec)

Starting time step 13, stepsize 0.0472445 days, at day 4.40654/5, date = 05-Jan-2015

Problem: Solver convergence failure - Iteration limit reached
Timestep chopped to 0.015590675791696826 days


Starting time step 13, stepsize 0.0155907 days, at day 4.40654/5, date = 05-Jan-2015

Problem: Solver convergence failure - Iteration limit reached
Timestep chopped to 0.005144923011259953 days


Starting time step 13, stepsize 0.00514492 days, at day 4.40654/5, date = 05-Jan-2015
 Newton its= 1, linearizations= 2 (0.0sec), linear its=  0 (0.0sec)

Starting time step 14, stepsize 0.0102898 days, at day 4.41169/5, date = 05-Jan-2015
 Newton its= 2, linearizations= 3 (0.0sec), linear its=  2 (0.0sec)

Starting time step 15, stepsize 0.0308695 days, at day 4.42198/5, date = 05-Jan-2015
 Newton its= 3, linearizations= 4 (0.0sec), linear its=  2 (0.0sec)

Starting time step 16, stepsize 0.0926086 days, at day 4.45285/5, date = 05-Jan-2015

Problem: Solver convergence failure - Iteration limit reached
Timestep chopped to 0.030560842686884117 days


Starting time step 16, stepsize 0.0305608 days, at day 4.45285/5, date = 05-Jan-2015
 Newton its= 4, linearizations= 5 (0.0sec), linear its=  2 (0.0sec)

Starting time step 17, stepsize 0.0611217 days, at day 4.48341/5, date = 05-Jan-2015

Problem: Solver convergence failure - Iteration limit reached
Timestep chopped to 0.020170156173343518 days


Starting time step 17, stepsize 0.0201702 days, at day 4.48341/5, date = 05-Jan-2015

Problem: Solver convergence failure - Iteration limit reached
Timestep chopped to 0.0066561515372033616 days


Starting time step 17, stepsize 0.00665615 days, at day 4.48341/5, date = 05-Jan-2015
 Newton its= 3, linearizations= 4 (0.0sec), linear its=  2 (0.0sec)

Starting time step 18, stepsize 0.0133123 days, at day 4.49006/5, date = 05-Jan-2015
 Newton its= 2, linearizations= 3 (0.0sec), linear its=  2 (0.0sec)

Starting time step 19, stepsize 0.0399369 days, at day 4.50338/5, date = 05-Jan-2015
    Oscillating behavior detected: Relaxation set to 0.900000
    Oscillating behavior detected: Relaxation set to 0.800000

Problem: Solver convergence failure - Iteration limit reached
Timestep chopped to 0.013179180043662657 days


Starting time step 19, stepsize 0.0131792 days, at day 4.50338/5, date = 05-Jan-2015
 Newton its= 3, linearizations= 4 (0.0sec), linear its=  2 (0.0sec)

Starting time step 20, stepsize 0.0263584 days, at day 4.51655/5, date = 05-Jan-2015
 Newton its=15, linearizations=16 (0.0sec), linear its= 10 (0.0sec)

Starting time step 21, stepsize 0.0140578 days, at day 4.54291/5, date = 05-Jan-2015
 Newton its=14, linearizations=15 (0.0sec), linear its= 12 (0.0sec)

Starting time step 22, stepsize 0.00803302 days, at day 4.55697/5, date = 05-Jan-2015
 Newton its= 3, linearizations= 4 (0.0sec), linear its=  2 (0.0sec)

Starting time step 23, stepsize 0.0240991 days, at day 4.565/5, date = 05-Jan-2015

Problem: Solver convergence failure - Iteration limit reached
Timestep chopped to 0.007952693786347295 days


Starting time step 23, stepsize 0.00795269 days, at day 4.565/5, date = 05-Jan-2015
 Newton its= 3, linearizations= 4 (0.0sec), linear its=  3 (0.0sec)

Starting time step 24, stepsize 0.0159054 days, at day 4.57296/5, date = 05-Jan-2015
 Newton its= 5, linearizations= 6 (0.0sec), linear its=  4 (0.0sec)

Starting time step 25, stepsize 0.0349919 days, at day 4.58886/5, date = 05-Jan-2015
    Oscillating behavior detected: Relaxation set to 0.900000

Problem: Solver convergence failure - Iteration limit reached
Timestep chopped to 0.011547311377776275 days


Starting time step 25, stepsize 0.0115473 days, at day 4.58886/5, date = 05-Jan-2015

Problem: Solver convergence failure - Iteration limit reached
Timestep chopped to 0.0038106127546661704 days


Starting time step 25, stepsize 0.00381061 days, at day 4.58886/5, date = 05-Jan-2015
 Newton its= 2, linearizations= 3 (0.0sec), linear its=  2 (0.0sec)

Starting time step 26, stepsize 0.00762123 days, at day 4.59267/5, date = 05-Jan-2015
 Newton its= 1, linearizations= 2 (0.0sec), linear its=  1 (0.0sec)

Starting time step 27, stepsize 0.0228637 days, at day 4.60029/5, date = 05-Jan-2015

Problem: Solver convergence failure - Iteration limit reached
Timestep chopped to 0.0075450132542390184 days


Starting time step 27, stepsize 0.00754501 days, at day 4.60029/5, date = 05-Jan-2015
 Newton its= 9, linearizations=10 (0.0sec), linear its=  4 (0.0sec)

Starting time step 28, stepsize 0.00670668 days, at day 4.60784/5, date = 05-Jan-2015
 Newton its= 3, linearizations= 4 (0.0sec), linear its=  0 (0.0sec)

Starting time step 29, stepsize 0.02012 days, at day 4.61455/5, date = 05-Jan-2015
 Newton its= 4, linearizations= 5 (0.0sec), linear its=  2 (0.0sec)

Starting time step 30, stepsize 0.0523121 days, at day 4.63467/5, date = 05-Jan-2015
 Newton its= 4, linearizations= 5 (0.0sec), linear its=  2 (0.0sec)

Starting time step 31, stepsize 0.136011 days, at day 4.68698/5, date = 05-Jan-2015
 Newton its= 8, linearizations= 9 (0.0sec), linear its=  6 (0.0sec)

Starting time step 32, stepsize 0.0885056 days, at day 4.82299/5, date = 05-Jan-2015

Problem: Solver convergence failure - Iteration limit reached
Timestep chopped to 0.02920686443715311 days


Starting time step 32, stepsize 0.0292069 days, at day 4.82299/5, date = 05-Jan-2015
 Newton its= 6, linearizations= 7 (0.0sec), linear its=  5 (0.0sec)

Starting time step 33, stepsize 0.0525724 days, at day 4.8522/5, date = 05-Jan-2015

Problem: Solver convergence failure - Iteration limit reached
Timestep chopped to 0.017348877475668947 days


Starting time step 33, stepsize 0.0173489 days, at day 4.8522/5, date = 05-Jan-2015
 Newton its= 2, linearizations= 3 (0.0sec), linear its=  2 (0.0sec)

Starting time step 34, stepsize 0.0346978 days, at day 4.86954/5, date = 05-Jan-2015
    Oscillating behavior detected: Relaxation set to 0.900000
    Oscillating behavior detected: Relaxation set to 0.800000

Problem: Solver convergence failure - Iteration limit reached
Timestep chopped to 0.011450259133941506 days


Starting time step 34, stepsize 0.0114503 days, at day 4.86954/5, date = 05-Jan-2015
 Newton its= 2, linearizations= 3 (0.0sec), linear its=  2 (0.0sec)

Starting time step 35, stepsize 0.0229005 days, at day 4.88099/5, date = 05-Jan-2015
 Newton its= 3, linearizations= 4 (0.0sec), linear its=  3 (0.0sec)

Starting time step 36, stepsize 0.0480524 days, at day 4.9039/5, date = 05-Jan-2015

Problem: Solver convergence failure - Iteration limit reached
Timestep chopped to 0.01585728875023637 days


Starting time step 36, stepsize 0.0158573 days, at day 4.9039/5, date = 05-Jan-2015
 Newton its=19, linearizations=20 (0.0sec), linear its= 14 (0.0sec)

Starting time step 37, stepsize 0.00667675 days, at day 4.91975/5, date = 05-Jan-2015
 Newton its= 2, linearizations= 3 (0.0sec), linear its=  2 (0.0sec)

Starting time step 38, stepsize 0.0200303 days, at day 4.92643/5, date = 05-Jan-2015
    Oscillating behavior detected: Relaxation set to 0.900000

Problem: Solver convergence failure - Iteration limit reached
Timestep chopped to 0.006609985626414319 days


Starting time step 38, stepsize 0.00660999 days, at day 4.92643/5, date = 05-Jan-2015
 Newton its= 4, linearizations= 5 (0.0sec), linear its=  1 (0.0sec)

Starting time step 39, stepsize 0.01322 days, at day 4.93304/5, date = 05-Jan-2015
 Newton its= 2, linearizations= 3 (0.0sec), linear its=  2 (0.0sec)

Starting time step 40, stepsize 0.0268704 days, at day 4.94626/5, date = 05-Jan-2015
 Newton its= 4, linearizations= 5 (0.0sec), linear its=  2 (0.0sec)

Starting time step 41, stepsize 0.0268704 days, at day 4.97313/5, date = 05-Jan-2015

Warning: Keyword 'WELLS' is unhandled for output to restart file.
 Newton its= 3, linearizations= 4 (0.0sec), linear its=  1 (0.0sec)

                              **************************************************************************
  WELLS    AT         5  DAYS *                 SPE1 - CASE 2                                          *
  REPORT    5    06 Jan 2015  *                                             Flow  version 2025.10-pre  *
                              **************************************************************************


======================================================= PRODUCTION REPORT =======================================================
:  WELL  : LOCATION  :CTRL:    OIL    :   WATER   :    GAS    :   FLUID   :   WATER   : GAS/OIL  :  WAT/GAS   : BHP OR : THP OR :
:  NAME  :  (I,J,K)  :MODE:   RATE    :   RATE    :   RATE    : RES.VOL.  :    CUT    :  RATIO   :   RATIO    :CON.PR. :BLK.PR. :
:        :           :    :  SCM/DAY  :  SCM/DAY  :  RCM/DAY  :  SCM/SCM  :  SCM/SCM  : SCM/SCM  :  SCM/SCM   : BARSA  : BARSA  :
=================================================================================================================================
:FIELD   :           :    :        0.0:        0.0:       -0.0:        0.0:      0.536:     -0.00:      0.0000:        :        :
:G1      :           :    :        0.0:        0.0:       -0.0:        0.0:      0.536:     -0.00:      0.0000:        :        :
:PROD    : 10,  1    : BHP:        0.0:        0.0:       -0.0:        0.0:      0.536:     -0.00:      0.0000:   245.0:     0.0:
:SECPROD :  1,  1    : BHP:       -0.0:       -0.0:       -0.0:       -0.0:      0.000:      0.00:      0.0000:     0.0:     0.0:
:--------:-----------:----:-----------:-----------:-----------:-----------:-----------:----------:------------:--------:--------:

============================================= INJECTION REPORT ==============================================
:  WELL  : LOCATION  : CTRL : CTRL : CTRL :    OIL    :   WATER   :    GAS    :   FLUID   : BHP OR : THP OR :
:  NAME  :  (I,J,K)  : MODE : MODE : MODE :   RATE    :   RATE    :   RATE    : RES.VOL.  :CON.PR. :BLK.PR. :
:        :           : OIL  : WAT  : GAS  :  SCM/DAY  :  SCM/DAY  :  SCM/DAY  :  RCM/DAY  : BARSA  : BARSA  :
=============================================================================================================
:FIELD   :           :      :      :      :        0.0:        0.0:        0.0:        0.0:        :        :
:G1      :           :      :      :      :        0.0:        0.0:        0.0:        0.0:        :        :
:INJ     : 10,  1    :      :  WRAT:      :        0.0:        0.0:        0.0:        0.0:     0.0:     0.0:
:OILINJ  :  1,  1    :  ORAT:      :      :        0.0:        0.0:        0.0:        0.0:   245.0:     0.0:
:--------:-----------:------:------:------:-----------:-----------:-----------:-----------:--------:--------:

============================================== CUMULATIVE PRODUCTION/INJECTION TOTALS ==============================================
:  WELL  : LOCATION  :  WELL  :CTRL:    OIL    :   WATER   :    GAS    :   Prod    :    OIL    :   WATER   :    GAS    :    INJ    :
:  NAME  :  (I,J,K)  :  TYPE  :MODE:   PROD    :   PROD    :   PROD    : RES.VOL.  :    INJ    :    INJ    :    INJ    : RES.VOL.  :
:        :           :        :    :   MSCM    :   MSCM    :   MMSCM   :   MRCM    :   MSCM    :   MSCM    :   MMSCM   :   MRCM    :
====================================================================================================================================
:FIELD   :           :        :    :        0.0:        0.0:        0.0:        0.0:        0.0:        0.0:        0.0:        0.0:
:G1      :           :        :    :        0.0:        0.0:        0.0:        0.0:        0.0:        0.0:        0.0:        0.0:
:PROD    : 10,  1    :    PROD: BHP:        0.0:        0.0:        0.0:        0.0:        0.0:        0.0:        0.0:        0.0:
:SECPROD :  1,  1    :    PROD: BHP:        0.0:        0.0:        0.0:        0.0:        0.0:        0.0:        0.0:        0.0:
:INJ     : 10,  1    :     INJ:WRAT:        0.0:        0.0:        0.0:        0.0:        0.0:        0.0:        0.0:        0.0:
:OILINJ  :  1,  1    :     INJ:ORAT:        0.0:        0.0:        0.0:        0.0:        0.0:        0.0:        0.0:        0.0:
:--------:-----------:--------:----:-----------:-----------:-----------:-----------:-----------:-----------:-----------:-----------:


Report step  5/9 at day 5/9, date = 06-Jan-2015

Starting time step 0, stepsize 0.0806112 days, at day 5/6, date = 06-Jan-2015
Restart file written for report step 5/9, date = 06-Jan-2015 00:00:00
    Oscillating behavior detected: Relaxation set to 0.900000

Problem: Solver convergence failure - Iteration limit reached
Timestep chopped to 0.026601686850909027 days


Starting time step 0, stepsize 0.0266017 days, at day 5/6, date = 06-Jan-2015

Problem: Solver convergence failure - Iteration limit reached
Timestep chopped to 0.008778556660799979 days


Starting time step 0, stepsize 0.00877856 days, at day 5/6, date = 06-Jan-2015
 Newton its= 5, linearizations= 6 (0.0sec), linear its=  2 (0.0sec)

Starting time step 1, stepsize 0.0175571 days, at day 5.00878/6, date = 06-Jan-2015

Problem: Solver convergence failure - Iteration limit reached
Timestep chopped to 0.005793847396127986 days


Starting time step 1, stepsize 0.00579385 days, at day 5.00878/6, date = 06-Jan-2015
 Newton its= 2, linearizations= 3 (0.0sec), linear its=  2 (0.0sec)

Starting time step 2, stepsize 0.0115877 days, at day 5.01457/6, date = 06-Jan-2015
 Newton its= 2, linearizations= 3 (0.0sec), linear its=  2 (0.0sec)

Starting time step 3, stepsize 0.0347631 days, at day 5.02616/6, date = 06-Jan-2015

Problem: Solver convergence failure - Iteration limit reached
Timestep chopped to 0.011471817844333413 days


Starting time step 3, stepsize 0.0114718 days, at day 5.02616/6, date = 06-Jan-2015
 Newton its= 3, linearizations= 4 (0.0sec), linear its=  3 (0.0sec)

Starting time step 4, stepsize 0.0229436 days, at day 5.03763/6, date = 06-Jan-2015

Problem: Solver convergence failure - Iteration limit reached
Timestep chopped to 0.007571399777260053 days


Starting time step 4, stepsize 0.0075714 days, at day 5.03763/6, date = 06-Jan-2015
 Newton its= 3, linearizations= 4 (0.0sec), linear its=  3 (0.0sec)

Starting time step 5, stepsize 0.0151428 days, at day 5.0452/6, date = 06-Jan-2015
 Newton its= 4, linearizations= 5 (0.0sec), linear its=  4 (0.0sec)

Starting time step 6, stepsize 0.0393713 days, at day 5.06035/6, date = 06-Jan-2015

Problem: Solver convergence failure - Iteration limit reached
Timestep chopped to 0.01299252201777825 days


Starting time step 6, stepsize 0.0129925 days, at day 5.06035/6, date = 06-Jan-2015
 Newton its= 3, linearizations= 4 (0.0sec), linear its=  3 (0.0sec)

Starting time step 7, stepsize 0.025985 days, at day 5.07334/6, date = 06-Jan-2015
 Newton its= 4, linearizations= 5 (0.0sec), linear its=  3 (0.0sec)

Starting time step 8, stepsize 0.0675611 days, at day 5.09932/6, date = 06-Jan-2015
    Oscillating behavior detected: Relaxation set to 0.900000
    Oscillating behavior detected: Relaxation set to 0.800000

Problem: Solver convergence failure - Iteration limit reached
Timestep chopped to 0.022295167782507484 days


Starting time step 8, stepsize 0.0222952 days, at day 5.09932/6, date = 06-Jan-2015
 Newton its= 3, linearizations= 4 (0.0sec), linear its=  3 (0.0sec)

Starting time step 9, stepsize 0.0445903 days, at day 5.12162/6, date = 06-Jan-2015

Problem: Solver convergence failure - Iteration limit reached
Timestep chopped to 0.014714810736454937 days


Starting time step 9, stepsize 0.0147148 days, at day 5.12162/6, date = 06-Jan-2015
 Newton its= 2, linearizations= 3 (0.0sec), linear its=  2 (0.0sec)

Starting time step 10, stepsize 0.0294296 days, at day 5.13633/6, date = 06-Jan-2015
    Oscillating behavior detected: Relaxation set to 0.900000

Problem: Solver convergence failure - Iteration limit reached
Timestep chopped to 0.00971177508606026 days


Starting time step 10, stepsize 0.00971178 days, at day 5.13633/6, date = 06-Jan-2015
 Newton its= 3, linearizations= 4 (0.0sec), linear its=  1 (0.0sec)

Starting time step 11, stepsize 0.0194236 days, at day 5.14605/6, date = 06-Jan-2015

Problem: Solver convergence failure - Iteration limit reached
Timestep chopped to 0.006409771556799772 days


Starting time step 11, stepsize 0.00640977 days, at day 5.14605/6, date = 06-Jan-2015
 Newton its= 2, linearizations= 3 (0.0sec), linear its=  2 (0.0sec)

Starting time step 12, stepsize 0.0128195 days, at day 5.15246/6, date = 06-Jan-2015
 Newton its= 4, linearizations= 5 (0.0sec), linear its=  4 (0.0sec)

Starting time step 13, stepsize 0.0333308 days, at day 5.16527/6, date = 06-Jan-2015
 Newton its= 6, linearizations= 7 (0.0sec), linear its=  3 (0.0sec)

Starting time step 14, stepsize 0.0599955 days, at day 5.19861/6, date = 06-Jan-2015
 Newton its=14, linearizations=15 (0.0sec), linear its= 14 (0.0sec)

Starting time step 15, stepsize 0.0342831 days, at day 5.2586/6, date = 06-Jan-2015
Well SECPROD will be shut as it can not operate under current reservoir conditions.
 Newton its=20, linearizations=21 (0.0sec), linear its= 23 (0.0sec)

Starting time step 16, stepsize 0.0137132 days, at day 5.29288/6, date = 06-Jan-2015
 Newton its= 2, linearizations= 3 (0.0sec), linear its=  0 (0.0sec)

Starting time step 17, stepsize 0.0285635 days, at day 5.3066/6, date = 06-Jan-2015
 Newton its=20, linearizations=21 (0.0sec), linear its=  0 (0.0sec)

Starting time step 18, stepsize 0.0114254 days, at day 5.33516/6, date = 06-Jan-2015
 Newton its= 3, linearizations= 4 (0.0sec), linear its=  0 (0.0sec)

Starting time step 19, stepsize 0.0216243 days, at day 5.34659/6, date = 06-Jan-2015
    Oscillating behavior detected: Relaxation set to 0.900000
    Oscillating behavior detected: Relaxation set to 0.800000
    Oscillating behavior detected: Relaxation set to 0.700000
    Oscillating behavior detected: Relaxation set to 0.600000

Problem: Solver convergence failure - Iteration limit reached
Timestep chopped to 0.007136026678433418 days


Starting time step 19, stepsize 0.00713603 days, at day 5.34659/6, date = 06-Jan-2015
 Newton its= 3, linearizations= 4 (0.0sec), linear its=  0 (0.0sec)

Starting time step 20, stepsize 0.0142721 days, at day 5.35372/6, date = 06-Jan-2015
 Newton its= 3, linearizations= 4 (0.0sec), linear its=  0 (0.0sec)

Starting time step 21, stepsize 0.0196811 days, at day 5.36799/6, date = 06-Jan-2015
 Newton its= 3, linearizations= 4 (0.0sec), linear its=  0 (0.0sec)

Starting time step 22, stepsize 0.0276986 days, at day 5.38768/6, date = 06-Jan-2015
    Well INJ control mode changed from RATE to BHP
 Newton its= 3, linearizations= 4 (0.0sec), linear its=  0 (0.0sec)

Starting time step 23, stepsize 0.0699227 days, at day 5.41537/6, date = 06-Jan-2015
 Newton its= 1, linearizations= 2 (0.0sec), linear its=  0 (0.0sec)

Starting time step 24, stepsize 0.209768 days, at day 5.4853/6, date = 06-Jan-2015
 Newton its= 1, linearizations= 2 (0.0sec), linear its=  0 (0.0sec)

Starting time step 25, stepsize 0.304935 days, at day 5.69506/6, date = 06-Jan-2015

Warning: Keyword 'WELLS' is unhandled for output to restart file.
 Newton its= 1, linearizations= 2 (0.0sec), linear its=  0 (0.0sec)

                              **************************************************************************
  WELLS    AT         6  DAYS *                 SPE1 - CASE 2                                          *
  REPORT    6    07 Jan 2015  *                                             Flow  version 2025.10-pre  *
                              **************************************************************************


======================================================= PRODUCTION REPORT =======================================================
:  WELL  : LOCATION  :CTRL:    OIL    :   WATER   :    GAS    :   FLUID   :   WATER   : GAS/OIL  :  WAT/GAS   : BHP OR : THP OR :
:  NAME  :  (I,J,K)  :MODE:   RATE    :   RATE    :   RATE    : RES.VOL.  :    CUT    :  RATIO   :   RATIO    :CON.PR. :BLK.PR. :
:        :           :    :  SCM/DAY  :  SCM/DAY  :  RCM/DAY  :  SCM/SCM  :  SCM/SCM  : SCM/SCM  :  SCM/SCM   : BARSA  : BARSA  :
=================================================================================================================================
:FIELD   :           :    :       -0.0:       -0.0:       -0.0:       -0.0:      0.000:      0.00:      0.0000:        :        :
:G1      :           :    :       -0.0:       -0.0:       -0.0:       -0.0:      0.000:      0.00:      0.0000:        :        :
:PROD    : 10,  1    : BHP:       -0.0:       -0.0:       -0.0:       -0.0:      0.000:      0.00:      0.0000:     0.0:     0.0:
:SECPROD :  1,  1    : BHP:       -0.0:       -0.0:       -0.0:       -0.0:      0.000:      0.00:      0.0000:     0.0:     0.0:
:--------:-----------:----:-----------:-----------:-----------:-----------:-----------:----------:------------:--------:--------:

============================================= INJECTION REPORT ==============================================
:  WELL  : LOCATION  : CTRL : CTRL : CTRL :    OIL    :   WATER   :    GAS    :   FLUID   : BHP OR : THP OR :
:  NAME  :  (I,J,K)  : MODE : MODE : MODE :   RATE    :   RATE    :   RATE    : RES.VOL.  :CON.PR. :BLK.PR. :
:        :           : OIL  : WAT  : GAS  :  SCM/DAY  :  SCM/DAY  :  SCM/DAY  :  RCM/DAY  : BARSA  : BARSA  :
=============================================================================================================
:FIELD   :           :      :      :      :        0.0:        0.0:        0.0:        0.0:        :        :
:G1      :           :      :      :      :        0.0:        0.0:        0.0:        0.0:        :        :
:INJ     : 10,  1    :      :  WRAT:      :        0.0:        0.0:        0.0:        0.0:  1000.0:     0.0:
:OILINJ  :  1,  1    :  ORAT:      :      :        0.0:        0.0:        0.0:        0.0:     0.0:     0.0:
:--------:-----------:------:------:------:-----------:-----------:-----------:-----------:--------:--------:

============================================== CUMULATIVE PRODUCTION/INJECTION TOTALS ==============================================
:  WELL  : LOCATION  :  WELL  :CTRL:    OIL    :   WATER   :    GAS    :   Prod    :    OIL    :   WATER   :    GAS    :    INJ    :
:  NAME  :  (I,J,K)  :  TYPE  :MODE:   PROD    :   PROD    :   PROD    : RES.VOL.  :    INJ    :    INJ    :    INJ    : RES.VOL.  :
:        :           :        :    :   MSCM    :   MSCM    :   MMSCM   :   MRCM    :   MSCM    :   MSCM    :   MMSCM   :   MRCM    :
====================================================================================================================================
:FIELD   :           :        :    :        0.0:        0.0:        0.0:        0.0:        0.0:        0.0:        0.0:        0.0:
:G1      :           :        :    :        0.0:        0.0:        0.0:        0.0:        0.0:        0.0:        0.0:        0.0:
:PROD    : 10,  1    :    PROD: BHP:        0.0:        0.0:        0.0:        0.0:        0.0:        0.0:        0.0:        0.0:
:SECPROD :  1,  1    :    PROD: BHP:        0.0:        0.0:        0.0:        0.0:        0.0:        0.0:        0.0:        0.0:
:INJ     : 10,  1    :     INJ:WRAT:        0.0:        0.0:        0.0:        0.0:        0.0:        0.0:        0.0:        0.0:
:OILINJ  :  1,  1    :     INJ:ORAT:        0.0:        0.0:        0.0:        0.0:        0.0:        0.0:        0.0:        0.0:
:--------:-----------:--------:----:-----------:-----------:-----------:-----------:-----------:-----------:-----------:-----------:


Report step  6/9 at day 6/9, date = 07-Jan-2015

Starting time step 0, stepsize 0.5 days, at day 6/7, date = 07-Jan-2015
Restart file written for report step 6/9, date = 07-Jan-2015 00:00:00

Problem: Solver convergence failure - Numerical problem encountered
Timestep chopped to 0.165 days


Starting time step 0, stepsize 0.165 days, at day 6/7, date = 07-Jan-2015

Problem: Solver convergence failure - Iteration limit reached
Timestep chopped to 0.054450000000000005 days


Starting time step 0, stepsize 0.05445 days, at day 6/7, date = 07-Jan-2015

Problem: Solver convergence failure - Iteration limit reached
Timestep chopped to 0.017968500000000002 days


Starting time step 0, stepsize 0.0179685 days, at day 6/7, date = 07-Jan-2015

Problem: Solver convergence failure - Iteration limit reached
Timestep chopped to 0.005929605000000001 days


Starting time step 0, stepsize 0.00592961 days, at day 6/7, date = 07-Jan-2015
 Newton its=20, linearizations=21 (0.0sec), linear its=  9 (0.0sec)

Starting time step 1, stepsize 6.24504e-05 days, at day 6.00593/7, date = 07-Jan-2015
 Newton its= 1, linearizations= 2 (0.0sec), linear its=  0 (0.0sec)

Starting time step 2, stepsize 0.000187351 days, at day 6.00599/7, date = 07-Jan-2015
 Newton its= 1, linearizations= 2 (0.0sec), linear its=  0 (0.0sec)

Starting time step 3, stepsize 0.000562054 days, at day 6.00618/7, date = 07-Jan-2015
 Newton its= 2, linearizations= 3 (0.0sec), linear its=  0 (0.0sec)

Starting time step 4, stepsize 0.00168616 days, at day 6.00674/7, date = 07-Jan-2015
 Newton its= 2, linearizations= 3 (0.0sec), linear its=  2 (0.0sec)

Starting time step 5, stepsize 0.00505848 days, at day 6.00843/7, date = 07-Jan-2015
 Newton its= 2, linearizations= 3 (0.0sec), linear its=  2 (0.0sec)

Starting time step 6, stepsize 0.0151754 days, at day 6.01349/7, date = 07-Jan-2015
 Newton its= 2, linearizations= 3 (0.0sec), linear its=  2 (0.0sec)

Starting time step 7, stepsize 0.0455263 days, at day 6.02866/7, date = 07-Jan-2015

Problem: Solver convergence failure - Iteration limit reached
Timestep chopped to 0.015023690867419072 days


Starting time step 7, stepsize 0.0150237 days, at day 6.02866/7, date = 07-Jan-2015

Problem: Solver convergence failure - Iteration limit reached
Timestep chopped to 0.004957817986248294 days


Starting time step 7, stepsize 0.00495782 days, at day 6.02866/7, date = 07-Jan-2015
 Newton its= 2, linearizations= 3 (0.0sec), linear its=  2 (0.0sec)

Starting time step 8, stepsize 0.00991564 days, at day 6.03362/7, date = 07-Jan-2015
 Newton its= 3, linearizations= 4 (0.0sec), linear its=  1 (0.0sec)

Starting time step 9, stepsize 0.0297469 days, at day 6.04354/7, date = 07-Jan-2015
    Oscillating behavior detected: Relaxation set to 0.900000
    Oscillating behavior detected: Relaxation set to 0.800000
    Oscillating behavior detected: Relaxation set to 0.700000
    Oscillating behavior detected: Relaxation set to 0.600000
    Oscillating behavior detected: Relaxation set to 0.500000
    Oscillating behavior detected: Relaxation set to 0.500000
    Oscillating behavior detected: Relaxation set to 0.500000

Problem: Solver convergence failure - Iteration limit reached
Timestep chopped to 0.009816479612771625 days


Starting time step 9, stepsize 0.00981648 days, at day 6.04354/7, date = 07-Jan-2015
 Newton its= 3, linearizations= 4 (0.0sec), linear its=  2 (0.0sec)

Starting time step 10, stepsize 0.019633 days, at day 6.05335/7, date = 07-Jan-2015

Problem: Solver convergence failure - Iteration limit reached
Timestep chopped to 0.006478876544429272 days


Starting time step 10, stepsize 0.00647888 days, at day 6.05335/7, date = 07-Jan-2015
 Newton its= 2, linearizations= 3 (0.0sec), linear its=  2 (0.0sec)

Starting time step 11, stepsize 0.0129578 days, at day 6.05983/7, date = 07-Jan-2015
 Newton its= 2, linearizations= 3 (0.0sec), linear its=  2 (0.0sec)

Starting time step 12, stepsize 0.0388733 days, at day 6.07279/7, date = 07-Jan-2015

Problem: Solver convergence failure - Iteration limit reached
Timestep chopped to 0.01282817555796996 days


Starting time step 12, stepsize 0.0128282 days, at day 6.07279/7, date = 07-Jan-2015
 Newton its= 2, linearizations= 3 (0.0sec), linear its=  2 (0.0sec)

Starting time step 13, stepsize 0.0256564 days, at day 6.08562/7, date = 07-Jan-2015

Problem: Solver convergence failure - Iteration limit reached
Timestep chopped to 0.008466595868260176 days


Starting time step 13, stepsize 0.0084666 days, at day 6.08562/7, date = 07-Jan-2015
 Newton its= 2, linearizations= 3 (0.0sec), linear its=  2 (0.0sec)

Starting time step 14, stepsize 0.0169332 days, at day 6.09408/7, date = 07-Jan-2015
 Newton its= 2, linearizations= 3 (0.0sec), linear its=  2 (0.0sec)

Starting time step 15, stepsize 0.0507996 days, at day 6.11102/7, date = 07-Jan-2015
    Oscillating behavior detected: Relaxation set to 0.900000

Problem: Solver convergence failure - Iteration limit reached
Timestep chopped to 0.01676385981915515 days


Starting time step 15, stepsize 0.0167639 days, at day 6.11102/7, date = 07-Jan-2015
 Newton its= 3, linearizations= 4 (0.0sec), linear its=  3 (0.0sec)

Starting time step 16, stepsize 0.0335277 days, at day 6.12778/7, date = 07-Jan-2015

Problem: Solver convergence failure - Iteration limit reached
Timestep chopped to 0.011064147480642397 days


Starting time step 16, stepsize 0.0110641 days, at day 6.12778/7, date = 07-Jan-2015
 Newton its= 2, linearizations= 3 (0.0sec), linear its=  2 (0.0sec)

Starting time step 17, stepsize 0.0221283 days, at day 6.13884/7, date = 07-Jan-2015
    Oscillating behavior detected: Relaxation set to 0.900000
    Oscillating behavior detected: Relaxation set to 0.800000

Problem: Solver convergence failure - Iteration limit reached
Timestep chopped to 0.007302337337223983 days


Starting time step 17, stepsize 0.00730234 days, at day 6.13884/7, date = 07-Jan-2015
 Newton its= 2, linearizations= 3 (0.0sec), linear its=  2 (0.0sec)

Starting time step 18, stepsize 0.0146047 days, at day 6.14615/7, date = 07-Jan-2015
 Newton its= 5, linearizations= 6 (0.0sec), linear its=  2 (0.0sec)

Starting time step 19, stepsize 0.0321303 days, at day 6.16075/7, date = 07-Jan-2015

Problem: Solver convergence failure - Iteration limit reached
Timestep chopped to 0.010602993813649226 days


Starting time step 19, stepsize 0.010603 days, at day 6.16075/7, date = 07-Jan-2015
 Newton its= 2, linearizations= 3 (0.0sec), linear its=  2 (0.0sec)

Starting time step 20, stepsize 0.021206 days, at day 6.17135/7, date = 07-Jan-2015

Problem: Solver convergence failure - Iteration limit reached
Timestep chopped to 0.00699797591700849 days


Starting time step 20, stepsize 0.00699798 days, at day 6.17135/7, date = 07-Jan-2015
 Newton its= 2, linearizations= 3 (0.0sec), linear its=  2 (0.0sec)

Starting time step 21, stepsize 0.013996 days, at day 6.17835/7, date = 07-Jan-2015

Problem: Solver convergence failure - Iteration limit reached
Timestep chopped to 0.004618664105225604 days


Starting time step 21, stepsize 0.00461866 days, at day 6.17835/7, date = 07-Jan-2015
 Newton its= 3, linearizations= 4 (0.0sec), linear its=  1 (0.0sec)

Starting time step 22, stepsize 0.00923733 days, at day 6.18297/7, date = 07-Jan-2015
 Newton its= 1, linearizations= 2 (0.0sec), linear its=  1 (0.0sec)

Starting time step 23, stepsize 0.027712 days, at day 6.19221/7, date = 07-Jan-2015
 Newton its= 3, linearizations= 4 (0.0sec), linear its=  1 (0.0sec)

Starting time step 24, stepsize 0.083136 days, at day 6.21992/7, date = 07-Jan-2015

Problem: Solver convergence failure - Iteration limit reached
Timestep chopped to 0.027434864785040085 days


Starting time step 24, stepsize 0.0274349 days, at day 6.21992/7, date = 07-Jan-2015
 Newton its=20, linearizations=21 (0.0sec), linear its= 12 (0.0sec)

Starting time step 25, stepsize 0.0109739 days, at day 6.24735/7, date = 07-Jan-2015
 Newton its= 5, linearizations= 6 (0.0sec), linear its=  2 (0.0sec)

Starting time step 26, stepsize 0.0241427 days, at day 6.25833/7, date = 07-Jan-2015
 Newton its= 4, linearizations= 5 (0.0sec), linear its=  2 (0.0sec)

Starting time step 27, stepsize 0.062771 days, at day 6.28247/7, date = 07-Jan-2015

Problem: Solver convergence failure - Iteration limit reached
Timestep chopped to 0.020714420307296668 days


Starting time step 27, stepsize 0.0207144 days, at day 6.28247/7, date = 07-Jan-2015
 Newton its= 3, linearizations= 4 (0.0sec), linear its=  1 (0.0sec)

Starting time step 28, stepsize 0.0414288 days, at day 6.30319/7, date = 07-Jan-2015

Problem: Solver convergence failure - Iteration limit reached
Timestep chopped to 0.013671517402815801 days


Starting time step 28, stepsize 0.0136715 days, at day 6.30319/7, date = 07-Jan-2015
 Newton its= 3, linearizations= 4 (0.0sec), linear its=  1 (0.0sec)

Starting time step 29, stepsize 0.027343 days, at day 6.31686/7, date = 07-Jan-2015
 Newton its= 4, linearizations= 5 (0.0sec), linear its=  2 (0.0sec)

Starting time step 30, stepsize 0.0710919 days, at day 6.3442/7, date = 07-Jan-2015

Problem: Solver convergence failure - Iteration limit reached
Timestep chopped to 0.023460323863231918 days


Starting time step 30, stepsize 0.0234603 days, at day 6.3442/7, date = 07-Jan-2015
 Newton its= 4, linearizations= 5 (0.0sec), linear its=  2 (0.0sec)

Starting time step 31, stepsize 0.0469206 days, at day 6.36766/7, date = 07-Jan-2015
 Newton its= 4, linearizations= 5 (0.0sec), linear its=  4 (0.0sec)

Starting time step 32, stepsize 0.121994 days, at day 6.41458/7, date = 07-Jan-2015

Problem: Solver convergence failure - Iteration limit reached
Timestep chopped to 0.04025791574930598 days


Starting time step 32, stepsize 0.0402579 days, at day 6.41458/7, date = 07-Jan-2015
 Newton its= 5, linearizations= 6 (0.0sec), linear its=  2 (0.0sec)

Starting time step 33, stepsize 0.0805158 days, at day 6.45484/7, date = 07-Jan-2015

Problem: Solver convergence failure - Iteration limit reached
Timestep chopped to 0.02657022439454194 days


Starting time step 33, stepsize 0.0265702 days, at day 6.45484/7, date = 07-Jan-2015
 Newton its= 4, linearizations= 5 (0.0sec), linear its=  3 (0.0sec)

Starting time step 34, stepsize 0.0531404 days, at day 6.48141/7, date = 07-Jan-2015
    Oscillating behavior detected: Relaxation set to 0.900000

Problem: Solver convergence failure - Iteration limit reached
Timestep chopped to 0.017536348100397683 days


Starting time step 34, stepsize 0.0175363 days, at day 6.48141/7, date = 07-Jan-2015
 Newton its= 2, linearizations= 3 (0.0sec), linear its=  2 (0.0sec)

Starting time step 35, stepsize 0.0350727 days, at day 6.49895/7, date = 07-Jan-2015
    Oscillating behavior detected: Relaxation set to 0.900000

Problem: Solver convergence failure - Iteration limit reached
Timestep chopped to 0.011573989746262472 days


Starting time step 35, stepsize 0.011574 days, at day 6.49895/7, date = 07-Jan-2015
 Newton its= 3, linearizations= 4 (0.0sec), linear its=  1 (0.0sec)

Starting time step 36, stepsize 0.023148 days, at day 6.51052/7, date = 07-Jan-2015

Problem: Solver convergence failure - Iteration limit reached
Timestep chopped to 0.007638833232533231 days


Starting time step 36, stepsize 0.00763883 days, at day 6.51052/7, date = 07-Jan-2015
 Newton its= 2, linearizations= 3 (0.0sec), linear its=  1 (0.0sec)

Starting time step 37, stepsize 0.0152777 days, at day 6.51816/7, date = 07-Jan-2015
    Oscillating behavior detected: Relaxation set to 0.900000
    Oscillating behavior detected: Relaxation set to 0.800000

Problem: Solver convergence failure - Iteration limit reached
Timestep chopped to 0.005041629933471932 days


Starting time step 37, stepsize 0.00504163 days, at day 6.51816/7, date = 07-Jan-2015
 Newton its= 1, linearizations= 2 (0.0sec), linear its=  1 (0.0sec)

Starting time step 38, stepsize 0.0100833 days, at day 6.5232/7, date = 07-Jan-2015
 Newton its= 7, linearizations= 8 (0.0sec), linear its=  4 (0.0sec)

Starting time step 39, stepsize 0.0141166 days, at day 6.53328/7, date = 07-Jan-2015
 Newton its= 2, linearizations= 3 (0.0sec), linear its=  1 (0.0sec)

Starting time step 40, stepsize 0.0423497 days, at day 6.5474/7, date = 07-Jan-2015
    Oscillating behavior detected: Relaxation set to 0.900000

Problem: Solver convergence failure - Iteration limit reached
Timestep chopped to 0.013975398175584196 days


Starting time step 40, stepsize 0.0139754 days, at day 6.5474/7, date = 07-Jan-2015
 Newton its= 3, linearizations= 4 (0.0sec), linear its=  2 (0.0sec)

Starting time step 41, stepsize 0.0279508 days, at day 6.56138/7, date = 07-Jan-2015
 Newton its= 2, linearizations= 3 (0.0sec), linear its=  2 (0.0sec)

Starting time step 42, stepsize 0.0838524 days, at day 6.58933/7, date = 07-Jan-2015
 Newton its=20, linearizations=21 (0.0sec), linear its= 17 (0.0sec)

Starting time step 43, stepsize 0.033541 days, at day 6.67318/7, date = 07-Jan-2015
 Newton its= 4, linearizations= 5 (0.0sec), linear its=  2 (0.0sec)

Starting time step 44, stepsize 0.0872065 days, at day 6.70672/7, date = 07-Jan-2015

Problem: Solver convergence failure - Iteration limit reached
Timestep chopped to 0.028778139923162978 days


Starting time step 44, stepsize 0.0287781 days, at day 6.70672/7, date = 07-Jan-2015

Problem: Solver convergence failure - Iteration limit reached
Timestep chopped to 0.009496786174643784 days


Starting time step 44, stepsize 0.00949679 days, at day 6.70672/7, date = 07-Jan-2015
 Newton its= 3, linearizations= 4 (0.0sec), linear its=  1 (0.0sec)

Starting time step 45, stepsize 0.0189936 days, at day 6.71622/7, date = 07-Jan-2015
    Oscillating behavior detected: Relaxation set to 0.900000

Problem: Solver convergence failure - Iteration limit reached
Timestep chopped to 0.006267878875264897 days


Starting time step 45, stepsize 0.00626788 days, at day 6.71622/7, date = 07-Jan-2015
 Newton its= 1, linearizations= 2 (0.0sec), linear its=  1 (0.0sec)

Starting time step 46, stepsize 0.0125358 days, at day 6.72248/7, date = 07-Jan-2015
 Newton its=13, linearizations=14 (0.0sec), linear its=  9 (0.0sec)

Starting time step 47, stepsize 0.00771431 days, at day 6.73502/7, date = 07-Jan-2015
 Newton its= 3, linearizations= 4 (0.0sec), linear its=  2 (0.0sec)

Starting time step 48, stepsize 0.0231429 days, at day 6.74273/7, date = 07-Jan-2015

Problem: Solver convergence failure - Iteration limit reached
Timestep chopped to 0.007637169337245844 days


Starting time step 48, stepsize 0.00763717 days, at day 6.74273/7, date = 07-Jan-2015
 Newton its= 1, linearizations= 2 (0.0sec), linear its=  1 (0.0sec)

Starting time step 49, stepsize 0.0152743 days, at day 6.75037/7, date = 07-Jan-2015

Problem: Solver convergence failure - Iteration limit reached
Timestep chopped to 0.005040531762582257 days


Starting time step 49, stepsize 0.00504053 days, at day 6.75037/7, date = 07-Jan-2015
 Newton its= 3, linearizations= 4 (0.0sec), linear its=  1 (0.0sec)

Starting time step 50, stepsize 0.0100811 days, at day 6.75541/7, date = 07-Jan-2015
 Newton its= 1, linearizations= 2 (0.0sec), linear its=  1 (0.0sec)

Starting time step 51, stepsize 0.0302432 days, at day 6.76549/7, date = 07-Jan-2015

Problem: Solver convergence failure - Iteration limit reached
Timestep chopped to 0.009980252889912868 days


Starting time step 51, stepsize 0.00998025 days, at day 6.76549/7, date = 07-Jan-2015
 Newton its= 3, linearizations= 4 (0.0sec), linear its=  2 (0.0sec)

Starting time step 52, stepsize 0.0199605 days, at day 6.77547/7, date = 07-Jan-2015
 Newton its= 2, linearizations= 3 (0.0sec), linear its=  2 (0.0sec)

Starting time step 53, stepsize 0.0598815 days, at day 6.79543/7, date = 07-Jan-2015
 Newton its= 7, linearizations= 8 (0.0sec), linear its=  6 (0.0sec)

Starting time step 54, stepsize 0.0838341 days, at day 6.85532/7, date = 07-Jan-2015
 Newton its=20, linearizations=21 (0.0sec), linear its= 19 (0.0sec)

Starting time step 55, stepsize 0.0335336 days, at day 6.93915/7, date = 07-Jan-2015
 Newton its= 3, linearizations= 4 (0.0sec), linear its=  2 (0.0sec)

Starting time step 56, stepsize 0.0273167 days, at day 6.97268/7, date = 07-Jan-2015
    Oscillating behavior detected: Relaxation set to 0.900000

Problem: Solver convergence failure - Iteration limit reached
Timestep chopped to 0.009014501140400656 days


Starting time step 56, stepsize 0.0090145 days, at day 6.97268/7, date = 07-Jan-2015
 Newton its= 1, linearizations= 2 (0.0sec), linear its=  1 (0.0sec)

Starting time step 57, stepsize 0.0183022 days, at day 6.9817/7, date = 07-Jan-2015

Warning: Keyword 'WELLS' is unhandled for output to restart file.
 Newton its= 4, linearizations= 5 (0.0sec), linear its=  3 (0.0sec)

                              **************************************************************************
  WELLS    AT         7  DAYS *                 SPE1 - CASE 2                                          *
  REPORT    7    08 Jan 2015  *                                             Flow  version 2025.10-pre  *
                              **************************************************************************


======================================================= PRODUCTION REPORT =======================================================
:  WELL  : LOCATION  :CTRL:    OIL    :   WATER   :    GAS    :   FLUID   :   WATER   : GAS/OIL  :  WAT/GAS   : BHP OR : THP OR :
:  NAME  :  (I,J,K)  :MODE:   RATE    :   RATE    :   RATE    : RES.VOL.  :    CUT    :  RATIO   :   RATIO    :CON.PR. :BLK.PR. :
:        :           :    :  SCM/DAY  :  SCM/DAY  :  RCM/DAY  :  SCM/SCM  :  SCM/SCM  : SCM/SCM  :  SCM/SCM   : BARSA  : BARSA  :
=================================================================================================================================
:FIELD   :           :    :        0.0:        0.0:       -0.0:        0.0:      1.000:     -0.00:      0.0000:        :        :
:G1      :           :    :        0.0:        0.0:       -0.0:        0.0:      1.000:     -0.00:      0.0000:        :        :
:PROD    : 10,  1    : BHP:        0.0:        0.0:       -0.0:        0.0:      1.000:     -0.00:      0.0000:   245.0:     0.0:
:SECPROD :  1,  1    : BHP:       -0.0:       -0.0:       -0.0:       -0.0:      0.000:      0.00:      0.0000:     0.0:     0.0:
:--------:-----------:----:-----------:-----------:-----------:-----------:-----------:----------:------------:--------:--------:

============================================= INJECTION REPORT ==============================================
:  WELL  : LOCATION  : CTRL : CTRL : CTRL :    OIL    :   WATER   :    GAS    :   FLUID   : BHP OR : THP OR :
:  NAME  :  (I,J,K)  : MODE : MODE : MODE :   RATE    :   RATE    :   RATE    : RES.VOL.  :CON.PR. :BLK.PR. :
:        :           : OIL  : WAT  : GAS  :  SCM/DAY  :  SCM/DAY  :  SCM/DAY  :  RCM/DAY  : BARSA  : BARSA  :
=============================================================================================================
:FIELD   :           :      :      :      :        0.0:        0.0:        0.0:        0.0:        :        :
:G1      :           :      :      :      :        0.0:        0.0:        0.0:        0.0:        :        :
:INJ     : 10,  1    :      :  WRAT:      :        0.0:        0.0:        0.0:        0.0:     0.0:     0.0:
:OILINJ  :  1,  1    :  ORAT:      :      :        0.0:        0.0:        0.0:        0.0:   245.0:     0.0:
:--------:-----------:------:------:------:-----------:-----------:-----------:-----------:--------:--------:

============================================== CUMULATIVE PRODUCTION/INJECTION TOTALS ==============================================
:  WELL  : LOCATION  :  WELL  :CTRL:    OIL    :   WATER   :    GAS    :   Prod    :    OIL    :   WATER   :    GAS    :    INJ    :
:  NAME  :  (I,J,K)  :  TYPE  :MODE:   PROD    :   PROD    :   PROD    : RES.VOL.  :    INJ    :    INJ    :    INJ    : RES.VOL.  :
:        :           :        :    :   MSCM    :   MSCM    :   MMSCM   :   MRCM    :   MSCM    :   MSCM    :   MMSCM   :   MRCM    :
====================================================================================================================================
:FIELD   :           :        :    :        0.0:        0.0:        0.0:        0.0:        0.0:        0.0:        0.0:        0.0:
:G1      :           :        :    :        0.0:        0.0:        0.0:        0.0:        0.0:        0.0:        0.0:        0.0:
:PROD    : 10,  1    :    PROD: BHP:        0.0:        0.0:        0.0:        0.0:        0.0:        0.0:        0.0:        0.0:
:SECPROD :  1,  1    :    PROD: BHP:        0.0:        0.0:        0.0:        0.0:        0.0:        0.0:        0.0:        0.0:
:INJ     : 10,  1    :     INJ:WRAT:        0.0:        0.0:        0.0:        0.0:        0.0:        0.0:        0.0:        0.0:
:OILINJ  :  1,  1    :     INJ:ORAT:        0.0:        0.0:        0.0:        0.0:        0.0:        0.0:        0.0:        0.0:
:--------:-----------:--------:----:-----------:-----------:-----------:-----------:-----------:-----------:-----------:-----------:


Report step  7/9 at day 7/9, date = 08-Jan-2015

Starting time step 0, stepsize 0.0475856 days, at day 7/8, date = 08-Jan-2015
Restart file written for report step 7/9, date = 08-Jan-2015 00:00:00

Problem: Solver convergence failure - Iteration limit reached
Timestep chopped to 0.015703260986577493 days


Starting time step 0, stepsize 0.0157033 days, at day 7/8, date = 08-Jan-2015
    Oscillating behavior detected: Relaxation set to 0.900000
    Oscillating behavior detected: Relaxation set to 0.800000

Problem: Solver convergence failure - Iteration limit reached
Timestep chopped to 0.005182076125570572 days


Starting time step 0, stepsize 0.00518208 days, at day 7/8, date = 08-Jan-2015
 Newton its= 3, linearizations= 4 (0.0sec), linear its=  2 (0.0sec)

Starting time step 1, stepsize 0.0103642 days, at day 7.00518/8, date = 08-Jan-2015
 Newton its= 3, linearizations= 4 (0.0sec), linear its=  2 (0.0sec)

Starting time step 2, stepsize 0.0310925 days, at day 7.01555/8, date = 08-Jan-2015
 Newton its= 5, linearizations= 6 (0.0sec), linear its=  5 (0.0sec)

Starting time step 3, stepsize 0.0684034 days, at day 7.04664/8, date = 08-Jan-2015

Problem: Solver convergence failure - Iteration limit reached
Timestep chopped to 0.022573123602985412 days


Starting time step 3, stepsize 0.0225731 days, at day 7.04664/8, date = 08-Jan-2015
    Oscillating behavior detected: Relaxation set to 0.900000

Problem: Solver convergence failure - Iteration limit reached
Timestep chopped to 0.007449130788985186 days


Starting time step 3, stepsize 0.00744913 days, at day 7.04664/8, date = 08-Jan-2015

Problem: Solver convergence failure - Iteration limit reached
Timestep chopped to 0.0024582131603651117 days


Starting time step 3, stepsize 0.00245821 days, at day 7.04664/8, date = 08-Jan-2015
 Newton its= 3, linearizations= 4 (0.0sec), linear its=  1 (0.0sec)

Starting time step 4, stepsize 0.00491643 days, at day 7.0491/8, date = 08-Jan-2015
 Newton its= 1, linearizations= 2 (0.0sec), linear its=  1 (0.0sec)

Starting time step 5, stepsize 0.0147493 days, at day 7.05401/8, date = 08-Jan-2015
    Oscillating behavior detected: Relaxation set to 0.900000
    Oscillating behavior detected: Relaxation set to 0.800000
    Oscillating behavior detected: Relaxation set to 0.700000
    Oscillating behavior detected: Relaxation set to 0.600000

Problem: Solver convergence failure - Iteration limit reached
Timestep chopped to 0.004867262057522921 days


Starting time step 5, stepsize 0.00486726 days, at day 7.05401/8, date = 08-Jan-2015
 Newton its= 2, linearizations= 3 (0.0sec), linear its=  1 (0.0sec)

Starting time step 6, stepsize 0.00973452 days, at day 7.05888/8, date = 08-Jan-2015
 Newton its= 1, linearizations= 2 (0.0sec), linear its=  1 (0.0sec)

Starting time step 7, stepsize 0.0292036 days, at day 7.06862/8, date = 08-Jan-2015

Problem: Solver convergence failure - Iteration limit reached
Timestep chopped to 0.009637178873895385 days


Starting time step 7, stepsize 0.00963718 days, at day 7.06862/8, date = 08-Jan-2015
 Newton its= 4, linearizations= 5 (0.0sec), linear its=  1 (0.0sec)

Starting time step 8, stepsize 0.0192744 days, at day 7.07825/8, date = 08-Jan-2015

Problem: Solver convergence failure - Iteration limit reached
Timestep chopped to 0.006360538056770954 days


Starting time step 8, stepsize 0.00636054 days, at day 7.07825/8, date = 08-Jan-2015
 Newton its= 1, linearizations= 2 (0.0sec), linear its=  1 (0.0sec)

Starting time step 9, stepsize 0.0127211 days, at day 7.08461/8, date = 08-Jan-2015
 Newton its= 4, linearizations= 5 (0.0sec), linear its=  2 (0.0sec)

Starting time step 10, stepsize 0.0330748 days, at day 7.09733/8, date = 08-Jan-2015
 Newton its= 6, linearizations= 7 (0.0sec), linear its=  4 (0.0sec)

Starting time step 11, stepsize 0.0595346 days, at day 7.13041/8, date = 08-Jan-2015
    Oscillating behavior detected: Relaxation set to 0.900000

Problem: Solver convergence failure - Iteration limit reached
Timestep chopped to 0.019646429949754126 days


Starting time step 11, stepsize 0.0196464 days, at day 7.13041/8, date = 08-Jan-2015
 Newton its= 8, linearizations= 9 (0.0sec), linear its=  4 (0.0sec)

Starting time step 12, stepsize 0.0196464 days, at day 7.15006/8, date = 08-Jan-2015
 Newton its= 4, linearizations= 5 (0.0sec), linear its=  3 (0.0sec)

Starting time step 13, stepsize 0.0510807 days, at day 7.1697/8, date = 08-Jan-2015

Problem: Solver convergence failure - Iteration limit reached
Timestep chopped to 0.016856636896889043 days


Starting time step 13, stepsize 0.0168566 days, at day 7.1697/8, date = 08-Jan-2015
 Newton its= 2, linearizations= 3 (0.0sec), linear its=  2 (0.0sec)

Starting time step 14, stepsize 0.0337133 days, at day 7.18656/8, date = 08-Jan-2015
    Oscillating behavior detected: Relaxation set to 0.900000

Problem: Solver convergence failure - Iteration limit reached
Timestep chopped to 0.01112538035194677 days


Starting time step 14, stepsize 0.0111254 days, at day 7.18656/8, date = 08-Jan-2015

Problem: Solver convergence failure - Iteration limit reached
Timestep chopped to 0.003671375516142434 days


Starting time step 14, stepsize 0.00367138 days, at day 7.18656/8, date = 08-Jan-2015
 Newton its= 1, linearizations= 2 (0.0sec), linear its=  1 (0.0sec)

Starting time step 15, stepsize 0.00734275 days, at day 7.19023/8, date = 08-Jan-2015
 Newton its= 3, linearizations= 4 (0.0sec), linear its=  0 (0.0sec)

Starting time step 16, stepsize 0.0220283 days, at day 7.19757/8, date = 08-Jan-2015
 Newton its= 4, linearizations= 5 (0.0sec), linear its=  3 (0.0sec)

Starting time step 17, stepsize 0.0572735 days, at day 7.2196/8, date = 08-Jan-2015
    Oscillating behavior detected: Relaxation set to 0.900000

Problem: Solver convergence failure - Iteration limit reached
Timestep chopped to 0.01890024115710125 days


Starting time step 17, stepsize 0.0189002 days, at day 7.2196/8, date = 08-Jan-2015
 Newton its= 2, linearizations= 3 (0.0sec), linear its=  2 (0.0sec)

Starting time step 18, stepsize 0.0378005 days, at day 7.2385/8, date = 08-Jan-2015
 Newton its= 4, linearizations= 5 (0.0sec), linear its=  3 (0.0sec)

Starting time step 19, stepsize 0.0982813 days, at day 7.2763/8, date = 08-Jan-2015

Problem: Solver convergence failure - Iteration limit reached
Timestep chopped to 0.03243281382558575 days


Starting time step 19, stepsize 0.0324328 days, at day 7.2763/8, date = 08-Jan-2015

Problem: Solver convergence failure - Iteration limit reached
Timestep chopped to 0.010702828562443298 days


Starting time step 19, stepsize 0.0107028 days, at day 7.2763/8, date = 08-Jan-2015
 Newton its= 3, linearizations= 4 (0.0sec), linear its=  1 (0.0sec)

Starting time step 20, stepsize 0.0214057 days, at day 7.287/8, date = 08-Jan-2015

Problem: Solver convergence failure - Iteration limit reached
Timestep chopped to 0.007063866851212577 days


Starting time step 20, stepsize 0.00706387 days, at day 7.287/8, date = 08-Jan-2015
 Newton its= 2, linearizations= 3 (0.0sec), linear its=  1 (0.0sec)

Starting time step 21, stepsize 0.0141277 days, at day 7.29407/8, date = 08-Jan-2015
 Newton its= 4, linearizations= 5 (0.0sec), linear its=  2 (0.0sec)

Starting time step 22, stepsize 0.0367321 days, at day 7.3082/8, date = 08-Jan-2015
 Newton its= 5, linearizations= 6 (0.0sec), linear its=  2 (0.0sec)

Starting time step 23, stepsize 0.0808106 days, at day 7.34493/8, date = 08-Jan-2015

Problem: Solver convergence failure - Iteration limit reached
Timestep chopped to 0.026667510136697724 days


Starting time step 23, stepsize 0.0266675 days, at day 7.34493/8, date = 08-Jan-2015
 Newton its= 5, linearizations= 6 (0.0sec), linear its=  3 (0.0sec)

Starting time step 24, stepsize 0.053335 days, at day 7.3716/8, date = 08-Jan-2015

Problem: Solver convergence failure - Iteration limit reached
Timestep chopped to 0.0176005566902205 days


Starting time step 24, stepsize 0.0176006 days, at day 7.3716/8, date = 08-Jan-2015
 Newton its= 3, linearizations= 4 (0.0sec), linear its=  2 (0.0sec)

Starting time step 25, stepsize 0.0352011 days, at day 7.3892/8, date = 08-Jan-2015
 Newton its= 3, linearizations= 4 (0.0sec), linear its=  2 (0.0sec)

Starting time step 26, stepsize 0.105603 days, at day 7.4244/8, date = 08-Jan-2015
 Newton its=14, linearizations=15 (0.0sec), linear its= 14 (0.0sec)

Starting time step 27, stepsize 0.0603448 days, at day 7.53/8, date = 08-Jan-2015
    Oscillating behavior detected: Relaxation set to 0.900000

Problem: Solver convergence failure - Iteration limit reached
Timestep chopped to 0.019913772712363765 days


Starting time step 27, stepsize 0.0199138 days, at day 7.53/8, date = 08-Jan-2015
 Newton its= 3, linearizations= 4 (0.0sec), linear its=  3 (0.0sec)

Starting time step 28, stepsize 0.0398275 days, at day 7.54991/8, date = 08-Jan-2015
 Newton its= 7, linearizations= 8 (0.0sec), linear its=  5 (0.0sec)

Starting time step 29, stepsize 0.0557586 days, at day 7.58974/8, date = 08-Jan-2015
 Newton its= 4, linearizations= 5 (0.0sec), linear its=  3 (0.0sec)

Starting time step 30, stepsize 0.144972 days, at day 7.6455/8, date = 08-Jan-2015
 Newton its= 4, linearizations= 5 (0.0sec), linear its=  4 (0.0sec)

Starting time step 31, stepsize 0.209527 days, at day 7.79047/8, date = 08-Jan-2015

Warning: Keyword 'WELLS' is unhandled for output to restart file.
 Newton its=20, linearizations=21 (0.0sec), linear its= 17 (0.0sec)

                              **************************************************************************
  WELLS    AT         8  DAYS *                 SPE1 - CASE 2                                          *
  REPORT    8    09 Jan 2015  *                                             Flow  version 2025.10-pre  *
                              **************************************************************************


======================================================= PRODUCTION REPORT =======================================================
:  WELL  : LOCATION  :CTRL:    OIL    :   WATER   :    GAS    :   FLUID   :   WATER   : GAS/OIL  :  WAT/GAS   : BHP OR : THP OR :
:  NAME  :  (I,J,K)  :MODE:   RATE    :   RATE    :   RATE    : RES.VOL.  :    CUT    :  RATIO   :   RATIO    :CON.PR. :BLK.PR. :
:        :           :    :  SCM/DAY  :  SCM/DAY  :  RCM/DAY  :  SCM/SCM  :  SCM/SCM  : SCM/SCM  :  SCM/SCM   : BARSA  : BARSA  :
=================================================================================================================================
:FIELD   :           :    :        0.0:        0.0:       -0.0:        0.0:      0.529:     -0.00:      0.0000:        :        :
:G1      :           :    :        0.0:        0.0:       -0.0:        0.0:      0.529:     -0.00:      0.0000:        :        :
:PROD    : 10,  1    : BHP:       -0.0:       -0.0:       -0.0:       -0.0:      0.000:      0.00:      0.0000:     0.0:     0.0:
:SECPROD :  1,  1    : BHP:        0.0:        0.0:       -0.0:        0.0:      0.529:     -0.00:      0.0000:   245.0:     0.0:
:--------:-----------:----:-----------:-----------:-----------:-----------:-----------:----------:------------:--------:--------:

============================================= INJECTION REPORT ==============================================
:  WELL  : LOCATION  : CTRL : CTRL : CTRL :    OIL    :   WATER   :    GAS    :   FLUID   : BHP OR : THP OR :
:  NAME  :  (I,J,K)  : MODE : MODE : MODE :   RATE    :   RATE    :   RATE    : RES.VOL.  :CON.PR. :BLK.PR. :
:        :           : OIL  : WAT  : GAS  :  SCM/DAY  :  SCM/DAY  :  SCM/DAY  :  RCM/DAY  : BARSA  : BARSA  :
=============================================================================================================
:FIELD   :           :      :      :      :        0.0:        0.0:        0.0:        0.0:        :        :
:G1      :           :      :      :      :        0.0:        0.0:        0.0:        0.0:        :        :
:INJ     : 10,  1    :      :  WRAT:      :        0.0:        0.0:        0.0:        0.0:   245.0:     0.0:
:OILINJ  :  1,  1    :  ORAT:      :      :        0.0:        0.0:        0.0:        0.0:     0.0:     0.0:
:--------:-----------:------:------:------:-----------:-----------:-----------:-----------:--------:--------:

============================================== CUMULATIVE PRODUCTION/INJECTION TOTALS ==============================================
:  WELL  : LOCATION  :  WELL  :CTRL:    OIL    :   WATER   :    GAS    :   Prod    :    OIL    :   WATER   :    GAS    :    INJ    :
:  NAME  :  (I,J,K)  :  TYPE  :MODE:   PROD    :   PROD    :   PROD    : RES.VOL.  :    INJ    :    INJ    :    INJ    : RES.VOL.  :
:        :           :        :    :   MSCM    :   MSCM    :   MMSCM   :   MRCM    :   MSCM    :   MSCM    :   MMSCM   :   MRCM    :
====================================================================================================================================
:FIELD   :           :        :    :        0.0:        0.0:        0.0:        0.0:        0.0:        0.0:        0.0:        0.0:
:G1      :           :        :    :        0.0:        0.0:        0.0:        0.0:        0.0:        0.0:        0.0:        0.0:
:PROD    : 10,  1    :    PROD: BHP:        0.0:        0.0:        0.0:        0.0:        0.0:        0.0:        0.0:        0.0:
:SECPROD :  1,  1    :    PROD: BHP:        0.0:        0.0:        0.0:        0.0:        0.0:        0.0:        0.0:        0.0:
:INJ     : 10,  1    :     INJ:WRAT:        0.0:        0.0:        0.0:        0.0:        0.0:        0.0:        0.0:        0.0:
:OILINJ  :  1,  1    :     INJ:ORAT:        0.0:        0.0:        0.0:        0.0:        0.0:        0.0:        0.0:        0.0:
:--------:-----------:--------:----:-----------:-----------:-----------:-----------:-----------:-----------:-----------:-----------:


Report step  8/9 at day 8/9, date = 09-Jan-2015

Starting time step 0, stepsize 0.083811 days, at day 8/9, date = 09-Jan-2015
Restart file written for report step 8/9, date = 09-Jan-2015 00:00:00
 Newton its= 7, linearizations= 8 (0.0sec), linear its=  5 (0.0sec)

Starting time step 1, stepsize 0.117335 days, at day 8.08381/9, date = 09-Jan-2015

Problem: Solver convergence failure - Iteration limit reached
Timestep chopped to 0.038720680927238654 days


Starting time step 1, stepsize 0.0387207 days, at day 8.08381/9, date = 09-Jan-2015
    Oscillating behavior detected: Relaxation set to 0.900000

Problem: Solver convergence failure - Iteration limit reached
Timestep chopped to 0.012777824705988757 days


Starting time step 1, stepsize 0.0127778 days, at day 8.08381/9, date = 09-Jan-2015
 Newton its= 2, linearizations= 3 (0.0sec), linear its=  2 (0.0sec)

Starting time step 2, stepsize 0.0255556 days, at day 8.09659/9, date = 09-Jan-2015
 Newton its= 3, linearizations= 4 (0.0sec), linear its=  3 (0.0sec)

Starting time step 3, stepsize 0.0766669 days, at day 8.12214/9, date = 09-Jan-2015

Problem: Solver convergence failure - Iteration limit reached
Timestep chopped to 0.02530009291785774 days


Starting time step 3, stepsize 0.0253001 days, at day 8.12214/9, date = 09-Jan-2015
 Newton its= 2, linearizations= 3 (0.0sec), linear its=  2 (0.0sec)

Starting time step 4, stepsize 0.0506002 days, at day 8.14744/9, date = 09-Jan-2015
 Newton its= 4, linearizations= 5 (0.0sec), linear its=  4 (0.0sec)

Starting time step 5, stepsize 0.13156 days, at day 8.19804/9, date = 09-Jan-2015

Problem: Solver convergence failure - Iteration limit reached
Timestep chopped to 0.043414959447043884 days


Starting time step 5, stepsize 0.043415 days, at day 8.19804/9, date = 09-Jan-2015
 Newton its=17, linearizations=18 (0.0sec), linear its= 11 (0.0sec)

Starting time step 6, stepsize 0.0204306 days, at day 8.24146/9, date = 09-Jan-2015
 Newton its= 2, linearizations= 3 (0.0sec), linear its=  2 (0.0sec)

Starting time step 7, stepsize 0.0612917 days, at day 8.26189/9, date = 09-Jan-2015
    Oscillating behavior detected: Relaxation set to 0.900000

Problem: Solver convergence failure - Iteration limit reached
Timestep chopped to 0.020226263460034564 days


Starting time step 7, stepsize 0.0202263 days, at day 8.26189/9, date = 09-Jan-2015
    Oscillating behavior detected: Relaxation set to 0.900000

Problem: Solver convergence failure - Iteration limit reached
Timestep chopped to 0.006674666941811407 days


Starting time step 7, stepsize 0.00667467 days, at day 8.26189/9, date = 09-Jan-2015
 Newton its= 2, linearizations= 3 (0.0sec), linear its=  2 (0.0sec)

Starting time step 8, stepsize 0.0133493 days, at day 8.26856/9, date = 09-Jan-2015
 Newton its= 4, linearizations= 5 (0.0sec), linear its=  2 (0.0sec)

Starting time step 9, stepsize 0.0347083 days, at day 8.28191/9, date = 09-Jan-2015
 Newton its=14, linearizations=15 (0.0sec), linear its= 11 (0.0sec)

Starting time step 10, stepsize 0.0198333 days, at day 8.31662/9, date = 09-Jan-2015

Problem: Solver convergence failure - Iteration limit reached
Timestep chopped to 0.006544987698370501 days


Starting time step 10, stepsize 0.00654499 days, at day 8.31662/9, date = 09-Jan-2015
 Newton its= 2, linearizations= 3 (0.0sec), linear its=  2 (0.0sec)

Starting time step 11, stepsize 0.01309 days, at day 8.32317/9, date = 09-Jan-2015
 Newton its= 3, linearizations= 4 (0.0sec), linear its=  1 (0.0sec)

Starting time step 12, stepsize 0.0392699 days, at day 8.33626/9, date = 09-Jan-2015
 Newton its=20, linearizations=21 (0.0sec), linear its= 16 (0.0sec)

Starting time step 13, stepsize 0.015708 days, at day 8.37553/9, date = 09-Jan-2015
 Newton its= 3, linearizations= 4 (0.0sec), linear its=  3 (0.0sec)

Starting time step 14, stepsize 0.0471239 days, at day 8.39124/9, date = 09-Jan-2015

Problem: Solver convergence failure - Iteration limit reached
Timestep chopped to 0.01555089077132831 days


Starting time step 14, stepsize 0.0155509 days, at day 8.39124/9, date = 09-Jan-2015
 Newton its= 2, linearizations= 3 (0.0sec), linear its=  2 (0.0sec)

Starting time step 15, stepsize 0.0311018 days, at day 8.40679/9, date = 09-Jan-2015

Problem: Solver convergence failure - Iteration limit reached
Timestep chopped to 0.010263587909076685 days


Starting time step 15, stepsize 0.0102636 days, at day 8.40679/9, date = 09-Jan-2015
 Newton its= 4, linearizations= 5 (0.0sec), linear its=  2 (0.0sec)

Starting time step 16, stepsize 0.0205272 days, at day 8.41705/9, date = 09-Jan-2015
 Newton its= 2, linearizations= 3 (0.0sec), linear its=  2 (0.0sec)

Starting time step 17, stepsize 0.0615815 days, at day 8.43758/9, date = 09-Jan-2015

Problem: Solver convergence failure - Iteration limit reached
Timestep chopped to 0.02032190405997184 days


Starting time step 17, stepsize 0.0203219 days, at day 8.43758/9, date = 09-Jan-2015
 Newton its= 4, linearizations= 5 (0.0sec), linear its=  3 (0.0sec)

Starting time step 18, stepsize 0.0406438 days, at day 8.4579/9, date = 09-Jan-2015

Problem: Solver convergence failure - Iteration limit reached
Timestep chopped to 0.013412456679581413 days


Starting time step 18, stepsize 0.0134125 days, at day 8.4579/9, date = 09-Jan-2015
 Newton its= 2, linearizations= 3 (0.0sec), linear its=  2 (0.0sec)

Starting time step 19, stepsize 0.0268249 days, at day 8.47131/9, date = 09-Jan-2015
 Newton its= 2, linearizations= 3 (0.0sec), linear its=  2 (0.0sec)

Starting time step 20, stepsize 0.0804747 days, at day 8.49814/9, date = 09-Jan-2015

Problem: Solver convergence failure - Iteration limit reached
Timestep chopped to 0.026556664225571198 days


Starting time step 20, stepsize 0.0265567 days, at day 8.49814/9, date = 09-Jan-2015

Problem: Solver convergence failure - Iteration limit reached
Timestep chopped to 0.008763699194438496 days


Starting time step 20, stepsize 0.0087637 days, at day 8.49814/9, date = 09-Jan-2015
 Newton its= 1, linearizations= 2 (0.0sec), linear its=  1 (0.0sec)

Starting time step 21, stepsize 0.0175274 days, at day 8.5069/9, date = 09-Jan-2015
    Oscillating behavior detected: Relaxation set to 0.900000
    Oscillating behavior detected: Relaxation set to 0.800000
    Oscillating behavior detected: Relaxation set to 0.700000

Problem: Solver convergence failure - Iteration limit reached
Timestep chopped to 0.0057840414683294076 days


Starting time step 21, stepsize 0.00578404 days, at day 8.5069/9, date = 09-Jan-2015
 Newton its= 1, linearizations= 2 (0.0sec), linear its=  1 (0.0sec)

Starting time step 22, stepsize 0.0115681 days, at day 8.51268/9, date = 09-Jan-2015
    Oscillating behavior detected: Relaxation set to 0.900000
    Oscillating behavior detected: Relaxation set to 0.800000
    Oscillating behavior detected: Relaxation set to 0.700000
    Oscillating behavior detected: Relaxation set to 0.600000
 Newton its=18, linearizations=19 (0.0sec), linear its= 10 (0.0sec)

Starting time step 23, stepsize 0.00514137 days, at day 8.52425/9, date = 09-Jan-2015
 Newton its= 2, linearizations= 3 (0.0sec), linear its=  2 (0.0sec)

Starting time step 24, stepsize 0.0154241 days, at day 8.52939/9, date = 09-Jan-2015
 Newton its= 2, linearizations= 3 (0.0sec), linear its=  2 (0.0sec)

Starting time step 25, stepsize 0.0462723 days, at day 8.54482/9, date = 09-Jan-2015

Problem: Solver convergence failure - Iteration limit reached
Timestep chopped to 0.015269869476389636 days


Starting time step 25, stepsize 0.0152699 days, at day 8.54482/9, date = 09-Jan-2015
 Newton its= 2, linearizations= 3 (0.0sec), linear its=  2 (0.0sec)

Starting time step 26, stepsize 0.0305397 days, at day 8.56009/9, date = 09-Jan-2015
 Newton its= 4, linearizations= 5 (0.0sec), linear its=  4 (0.0sec)

Starting time step 27, stepsize 0.0794033 days, at day 8.59063/9, date = 09-Jan-2015
    Oscillating behavior detected: Relaxation set to 0.900000

Problem: Solver convergence failure - Iteration limit reached
Timestep chopped to 0.026203096021484615 days


Starting time step 27, stepsize 0.0262031 days, at day 8.59063/9, date = 09-Jan-2015

Problem: Solver convergence failure - Iteration limit reached
Timestep chopped to 0.008647021687089924 days


Starting time step 27, stepsize 0.00864702 days, at day 8.59063/9, date = 09-Jan-2015
 Newton its= 2, linearizations= 3 (0.0sec), linear its=  2 (0.0sec)

Starting time step 28, stepsize 0.017294 days, at day 8.59927/9, date = 09-Jan-2015
 Newton its= 3, linearizations= 4 (0.0sec), linear its=  2 (0.0sec)

Starting time step 29, stepsize 0.0518821 days, at day 8.61657/9, date = 09-Jan-2015

Problem: Solver convergence failure - Iteration limit reached
Timestep chopped to 0.017121102940438053 days


Starting time step 29, stepsize 0.0171211 days, at day 8.61657/9, date = 09-Jan-2015
 Newton its= 2, linearizations= 3 (0.0sec), linear its=  2 (0.0sec)

Starting time step 30, stepsize 0.0342422 days, at day 8.63369/9, date = 09-Jan-2015
    Oscillating behavior detected: Relaxation set to 0.900000
    Oscillating behavior detected: Relaxation set to 0.800000

Problem: Solver convergence failure - Iteration limit reached
Timestep chopped to 0.011299927940689115 days


Starting time step 30, stepsize 0.0112999 days, at day 8.63369/9, date = 09-Jan-2015
 Newton its= 2, linearizations= 3 (0.0sec), linear its=  2 (0.0sec)

Starting time step 31, stepsize 0.0225999 days, at day 8.64499/9, date = 09-Jan-2015

Problem: Solver convergence failure - Iteration limit reached
Timestep chopped to 0.0074579524408548165 days


Starting time step 31, stepsize 0.00745795 days, at day 8.64499/9, date = 09-Jan-2015
 Newton its= 1, linearizations= 2 (0.0sec), linear its=  1 (0.0sec)

Starting time step 32, stepsize 0.0149159 days, at day 8.65245/9, date = 09-Jan-2015
 Newton its=20, linearizations=21 (0.0sec), linear its= 12 (0.0sec)

Starting time step 33, stepsize 0.00596636 days, at day 8.66736/9, date = 09-Jan-2015
 Newton its= 2, linearizations= 3 (0.0sec), linear its=  1 (0.0sec)

Starting time step 34, stepsize 0.0178991 days, at day 8.67333/9, date = 09-Jan-2015
    Oscillating behavior detected: Relaxation set to 0.900000
    Oscillating behavior detected: Relaxation set to 0.800000

Problem: Solver convergence failure - Iteration limit reached
Timestep chopped to 0.005906698333157016 days


Starting time step 34, stepsize 0.0059067 days, at day 8.67333/9, date = 09-Jan-2015
 Newton its= 2, linearizations= 3 (0.0sec), linear its=  1 (0.0sec)

Starting time step 35, stepsize 0.0118134 days, at day 8.67924/9, date = 09-Jan-2015
 Newton its= 1, linearizations= 2 (0.0sec), linear its=  1 (0.0sec)

Starting time step 36, stepsize 0.0354402 days, at day 8.69105/9, date = 09-Jan-2015

Problem: Solver convergence failure - Iteration limit reached
Timestep chopped to 0.011695262699650892 days


Starting time step 36, stepsize 0.0116953 days, at day 8.69105/9, date = 09-Jan-2015
 Newton its= 2, linearizations= 3 (0.0sec), linear its=  2 (0.0sec)

Starting time step 37, stepsize 0.0233905 days, at day 8.70274/9, date = 09-Jan-2015
 Newton its=20, linearizations=21 (0.0sec), linear its= 12 (0.0sec)

Starting time step 38, stepsize 0.00935621 days, at day 8.72614/9, date = 09-Jan-2015
 Newton its= 1, linearizations= 2 (0.0sec), linear its=  1 (0.0sec)

Starting time step 39, stepsize 0.0280686 days, at day 8.73549/9, date = 09-Jan-2015
 Newton its= 4, linearizations= 5 (0.0sec), linear its=  4 (0.0sec)

Starting time step 40, stepsize 0.0729784 days, at day 8.76356/9, date = 09-Jan-2015

Problem: Solver convergence failure - Iteration limit reached
Timestep chopped to 0.02408288495112112 days


Starting time step 40, stepsize 0.0240829 days, at day 8.76356/9, date = 09-Jan-2015
 Newton its= 3, linearizations= 4 (0.0sec), linear its=  3 (0.0sec)

Starting time step 41, stepsize 0.0481658 days, at day 8.78764/9, date = 09-Jan-2015

Problem: Solver convergence failure - Iteration limit reached
Timestep chopped to 0.01589470406773994 days


Starting time step 41, stepsize 0.0158947 days, at day 8.78764/9, date = 09-Jan-2015
 Newton its= 4, linearizations= 5 (0.0sec), linear its=  3 (0.0sec)

Starting time step 42, stepsize 0.0317894 days, at day 8.80354/9, date = 09-Jan-2015
    Oscillating behavior detected: Relaxation set to 0.900000
 Newton its=17, linearizations=18 (0.0sec), linear its=  8 (0.0sec)

Starting time step 43, stepsize 0.0149597 days, at day 8.83533/9, date = 09-Jan-2015
 Newton its= 3, linearizations= 4 (0.0sec), linear its=  0 (0.0sec)

Starting time step 44, stepsize 0.0448792 days, at day 8.85029/9, date = 09-Jan-2015
 Newton its= 6, linearizations= 7 (0.0sec), linear its=  3 (0.0sec)

Starting time step 45, stepsize 0.0524169 days, at day 8.89517/9, date = 09-Jan-2015

Problem: Solver convergence failure - Iteration limit reached
Timestep chopped to 0.017297581744419525 days


Starting time step 45, stepsize 0.0172976 days, at day 8.89517/9, date = 09-Jan-2015
 Newton its= 4, linearizations= 5 (0.0sec), linear its=  2 (0.0sec)

Starting time step 46, stepsize 0.0345952 days, at day 8.91246/9, date = 09-Jan-2015

Problem: Solver convergence failure - Iteration limit reached
Timestep chopped to 0.011416403951316887 days


Starting time step 46, stepsize 0.0114164 days, at day 8.91246/9, date = 09-Jan-2015
 Newton its= 3, linearizations= 4 (0.0sec), linear its=  2 (0.0sec)

Starting time step 47, stepsize 0.0228328 days, at day 8.92388/9, date = 09-Jan-2015
 Newton its= 2, linearizations= 3 (0.0sec), linear its=  2 (0.0sec)

Starting time step 48, stepsize 0.053287 days, at day 8.94671/9, date = 09-Jan-2015

Problem: Solver convergence failure - Iteration limit reached
Timestep chopped to 0.017584721601376807 days


Starting time step 48, stepsize 0.0175847 days, at day 8.94671/9, date = 09-Jan-2015
 Newton its= 3, linearizations= 4 (0.0sec), linear its=  2 (0.0sec)

Starting time step 49, stepsize 0.0357023 days, at day 8.9643/9, date = 09-Jan-2015

Warning: Keyword 'WELLS' is unhandled for output to restart file.
 Newton its= 3, linearizations= 4 (0.0sec), linear its=  3 (0.0sec)

                              **************************************************************************
  WELLS    AT         9  DAYS *                 SPE1 - CASE 2                                          *
  REPORT    9    10 Jan 2015  *                                             Flow  version 2025.10-pre  *
                              **************************************************************************


======================================================= PRODUCTION REPORT =======================================================
:  WELL  : LOCATION  :CTRL:    OIL    :   WATER   :    GAS    :   FLUID   :   WATER   : GAS/OIL  :  WAT/GAS   : BHP OR : THP OR :
:  NAME  :  (I,J,K)  :MODE:   RATE    :   RATE    :   RATE    : RES.VOL.  :    CUT    :  RATIO   :   RATIO    :CON.PR. :BLK.PR. :
:        :           :    :  SCM/DAY  :  SCM/DAY  :  RCM/DAY  :  SCM/SCM  :  SCM/SCM  : SCM/SCM  :  SCM/SCM   : BARSA  : BARSA  :
=================================================================================================================================
:FIELD   :           :    :        0.0:        0.0:       -0.0:        0.0:      0.536:     -0.00:      0.0000:        :        :
:G1      :           :    :        0.0:        0.0:       -0.0:        0.0:      0.536:     -0.00:      0.0000:        :        :
:PROD    : 10,  1    : BHP:        0.0:        0.0:       -0.0:        0.0:      0.536:     -0.00:      0.0000:   245.0:     0.0:
:SECPROD :  1,  1    : BHP:       -0.0:       -0.0:       -0.0:       -0.0:      0.000:      0.00:      0.0000:     0.0:     0.0:
:--------:-----------:----:-----------:-----------:-----------:-----------:-----------:----------:------------:--------:--------:

============================================= INJECTION REPORT ==============================================
:  WELL  : LOCATION  : CTRL : CTRL : CTRL :    OIL    :   WATER   :    GAS    :   FLUID   : BHP OR : THP OR :
:  NAME  :  (I,J,K)  : MODE : MODE : MODE :   RATE    :   RATE    :   RATE    : RES.VOL.  :CON.PR. :BLK.PR. :
:        :           : OIL  : WAT  : GAS  :  SCM/DAY  :  SCM/DAY  :  SCM/DAY  :  RCM/DAY  : BARSA  : BARSA  :
=============================================================================================================
:FIELD   :           :      :      :      :        0.0:        0.0:        0.0:        0.0:        :        :
:G1      :           :      :      :      :        0.0:        0.0:        0.0:        0.0:        :        :
:INJ     : 10,  1    :      :  WRAT:      :        0.0:        0.0:        0.0:        0.0:     0.0:     0.0:
:OILINJ  :  1,  1    :  ORAT:      :      :        0.0:        0.0:        0.0:        0.0:   245.0:     0.0:
:--------:-----------:------:------:------:-----------:-----------:-----------:-----------:--------:--------:

============================================== CUMULATIVE PRODUCTION/INJECTION TOTALS ==============================================
:  WELL  : LOCATION  :  WELL  :CTRL:    OIL    :   WATER   :    GAS    :   Prod    :    OIL    :   WATER   :    GAS    :    INJ    :
:  NAME  :  (I,J,K)  :  TYPE  :MODE:   PROD    :   PROD    :   PROD    : RES.VOL.  :    INJ    :    INJ    :    INJ    : RES.VOL.  :
:        :           :        :    :   MSCM    :   MSCM    :   MMSCM   :   MRCM    :   MSCM    :   MSCM    :   MMSCM   :   MRCM    :
====================================================================================================================================
:FIELD   :           :        :    :        0.0:        0.0:        0.0:        0.0:        0.0:        0.0:        0.0:        0.0:
:G1      :           :        :    :        0.0:        0.0:        0.0:        0.0:        0.0:        0.0:        0.0:        0.0:
:PROD    : 10,  1    :    PROD: BHP:        0.0:        0.0:        0.0:        0.0:        0.0:        0.0:        0.0:        0.0:
:SECPROD :  1,  1    :    PROD: BHP:        0.0:        0.0:        0.0:        0.0:        0.0:        0.0:        0.0:        0.0:
:INJ     : 10,  1    :     INJ:WRAT:        0.0:        0.0:        0.0:        0.0:        0.0:        0.0:        0.0:        0.0:
:OILINJ  :  1,  1    :     INJ:ORAT:        0.0:        0.0:        0.0:        0.0:        0.0:        0.0:        0.0:        0.0:
:--------:-----------:--------:----:-----------:-----------:-----------:-----------:-----------:-----------:-----------:-----------:

Restart file written for report step 9/9, date = 10-Jan-2015 00:00:00


================    End of simulation     ===============

Number of MPI processes:         1
Threads per MPI process:         1
Setup time:                      0.06 s
  Deck input:                    0.04 s
Number of timesteps:           482
Simulation time:                 0.58 s
  Assembly time:                 0.12 s (Wasted: 0.1 s; 56.6%)
    Well assembly:               0.11 s (Wasted: 0.1 s; 55.9%)
  Linear solve time:             0.15 s (Wasted: 0.1 s; 69.8%)
    Linear setup:                0.11 s (Wasted: 0.1 s; 70.1%)
  Props/update time:             0.09 s (Wasted: 0.1 s; 65.3%)
  Pre/post step:                 0.16 s (Wasted: 0.0 s; 14.0%)
  Output write time:             0.03 s
Overall Linearizations:       5316      (Wasted:  3445; 64.8%)
Overall Newton Iterations:    4998      (Wasted:  3444; 68.9%)
Overall Linear Iterations:    3755      (Wasted:  2621; 69.8%)



Error summary:
Warnings          11
Info              1064
Errors            0
Bugs              0
Debug             0
Problems          165

