


 ########  #          ######   #           #
 #         #         #      #   #         # 
 #####     #         #      #    #   #   #  
 #         #         #      #     # # # #   
 #         #######    ######       #   #    

Flow is a simulator for fully implicit three-phase black-oil flow, and is part of OPM.
For more information visit: https://opm-project.org 

Flow Version     =  2025.10-pre (835ecba76)
Machine name     =  Macbookns-MacBook-Pro-2.local (Number of logical cores: 10, Memory size: 16384.00 MB) 
Operating system =  Darwin arm64 (Kernel: 24.5.0, Darwin Kernel Version 24.5.0: Tue Apr 22 19:54:49 PDT 2025; root:xnu-11417.121.6~2/RELEASE_ARM64_T6000 )
Build time       =  2025-06-16 at 16:04:12 hrs
User             =  macbookn
Simulation started on 16-06-2025 at 16:24:42 hrs
Using 1 MPI processes with 1 OMP threads on each 
Parameters used by Flow:
# [known parameters which were specified at run-time]
ActivateMLRelPErm="False" # default: "0"
NewtonMaxIterations="20" # default: "20"
RelaxedMaxPvFraction="0" # default: "0.03"
EclDeckFileName="SPE1CASE1.DATA" # default: ""
# [parameters which were specified at compile-time]
AcceleratorMode="none"
ActionParsingStrictness="normal"
AllowDistributedWells="0"
AllowSplittingInactiveWells="1"
AlternativeWellRateInit="1"
CheckGroupConstraintsInnerWellIterations="1"
CheckSatfuncConsistency="0"
ContinueOnConvergenceError="0"
ConvergenceMonitoring="0"
ConvergenceMonitoringCutOff="6"
ConvergenceMonitoringDecayFactor="0.75"
CprReuseInterval="30"
CprReuseSetup="4"
DbhpMaxRel="1"
DebugEmitCellPartition="0"
DpMaxRel="0.3"
DsMax="0.2"
DwellFractionMax="0.2"
EclOutputDoublePrecision="0"
EclOutputInterval="-1"
EdgeWeightsMethod="1"
EnableAdaptiveTimeStepping="1"
EnableAsyncEclOutput="1"
EnableAsyncVtkOutput="1"
EnableDriftCompensation="0"
EnableDryRun="auto"
EnableEclOutput="1"
EnableEsmry="0"
EnableGravity="1"
EnableGridAdaptation="0"
EnableIntensiveQuantityCache="1"
EnableLoggingFalloutWarning="0"
EnableOpmRstFile="0"
EnableStorageCache="1"
EnableTerminalOutput="1"
EnableThermodynamicHints="0"
EnableTuning="0"
EnableVtkOutput="0"
EnableWellOperabilityCheck="1"
EnableWellOperabilityCheckIter="0"
EnableWriteAllSolutions="0"
EndTime="1e+100"
ExplicitRockCompaction="0"
ForceDisableFluidInPlaceOutput="0"
ForceDisableResvFluidInPlaceOutput="0"
FullTimeStepInitially="0"
GpuDeviceId="0"
IgnoreKeywords=""
IluFillinLevel="0"
IluRedblack="0"
IluRelaxation="0.9"
IluReorderSpheres="0"
InitialTimeStepInDays="1"
InitialTimeStepSize="86400"
InjMultDampMult="0.9"
InjMultMinDampFactor="0.05"
InjMultOscThreshold="0.1"
InputSkipMode="100"
LinearSolver="cprw"
LinearSolverIgnoreConvergenceFailure="0"
LinearSolverMaxIter="200"
LinearSolverPrintJsonDefinition="1"
LinearSolverReduction="0.01"
LinearSolverRestart="40"
LinearSolverVerbosity="0"
LoadFile=""
LoadStep="-1"
LocalDomainsOrderingMeasure="maxpressure"
LocalDomainsPartitionWellNeighborLevels="1"
LocalDomainsPartitioningImbalance="1.03"
LocalDomainsPartitioningMethod="zoltan"
LocalSolveApproach="gauss-seidel"
LocalToleranceScalingCnv="0.1"
LocalToleranceScalingMb="1"
LocalWellSolveControlSwitching="1"
MatrixAddWellContributions="0"
MaxInnerIterMsWells="100"
MaxInnerIterWells="50"
MaxLocalSolveIterations="20"
MaxNewtonIterationsWithInnerWellIterations="8"
MaxPressureChangeMsWells="1e+06"
MaxResidualAllowed="1e+07"
MaxSinglePrecisionDays="20"
MaxTemperatureChange="5"
MaxTimeStepDivisions="10"
MaxTimeStepSize="inf"
MaxWelleqIter="30"
MaximumNumberOfGroupSwitches="3"
MaximumNumberOfWellSwitches="3"
MaximumWaterSaturation="1"
MiluVariant="ILU"
MinStrictCnvIter="-1"
MinStrictMbIter="-1"
MinTimeStepBasedOnNewtonIterations="0"
MinTimeStepBeforeShuttingProblematicWellsInDays="0.01"
MinTimeStepSize="0"
NetworkMaxOuterIterations="10"
NetworkMaxPressureUpdateInBars="5"
NetworkMaxStrictOuterIterations="10"
NetworkMaxSubIterations="20"
NetworkPressureUpdateDampingFactor="0.1"
NewtonMaxError="1e+100"
NewtonMaxRelax="0.5"
NewtonMinIterations="2"
NewtonRelaxationType="dampen"
NewtonTargetIterations="10"
NewtonTolerance="0.01"
NewtonVerbose="1"
NewtonWriteConvergence="0"
NlddLocalLinearSolver="ilu0"
NlddLocalLinearSolverMaxIter="200"
NlddLocalLinearSolverReduction="0.01"
NlddNumInitialNewtonIter="1"
NonlinearSolver="newton"
NumLocalDomains="0"
NumPressurePointsEquil="2000"
NumSatfuncConsistencySamplePoints="5"
NupcolGroupRateTolerance="0.001"
OpenclIluParallel="1"
OpenclPlatformId="0"
OutputDir=""
OutputExtraConvergenceInfo="none"
OutputInterval="1"
OutputMode="all"
OwnerCellsFirst="1"
ParameterFile=""
ParsingStrictness="normal"
PreSolveNetwork="1"
PredeterminedTimeStepsFile=""
PressureMax="1e+99"
PressureMin="-1e+99"
PressureScale="1"
PriVarOscilationThreshold="1e-05"
PrintParameters="2"
ProjectSaturations="0"
RegularizationFactorWells="100"
RelaxedLinearSolverReduction="0.01"
RelaxedPressureTolMsw="10000"
RelaxedWellFlowTol="0.001"
RestartTime="-1e+35"
RestartWritingInterval="16777215"
SaveFile=""
SaveStep=""
ScaleLinearSystem="0"
SchedRestart="0"
ShutUnsolvableWells="1"
Slave="0"
SolveWelleqInitially="1"
SolverContinueOnConvergenceFailure="0"
SolverGrowthFactor="2"
SolverMaxGrowth="3"
SolverMaxRestarts="10"
SolverMaxTimeStepInDays="365"
SolverMinTimeStep="1e-12"
SolverRestartFactor="0.33"
SolverVerbosity="1"
StrictInnerIterWells="40"
StrictOuterIterWells="6"
TemperatureMax="1e+09"
TemperatureMin="0"
ThreadsPerProcess="1"
TimeStepAfterEventInDays="-1"
TimeStepControl="pid+newtoniteration"
TimeStepControlDecayDampingFactor="1"
TimeStepControlDecayRate="0.75"
TimeStepControlFileName="timesteps"
TimeStepControlGrowthDampingFactor="3.2"
TimeStepControlGrowthRate="1.25"
TimeStepControlSafetyFactor="0.8"
TimeStepControlTargetIterations="30"
TimeStepControlTargetNewtonIterations="8"
TimeStepControlTolerance="0.1"
TimeStepVerbosity="1"
ToleranceCnv="0.01"
ToleranceCnvEnergy="0.01"
ToleranceCnvEnergyRelaxed="1"
ToleranceCnvRelaxed="1"
ToleranceEnergyBalance="1e-07"
ToleranceEnergyBalanceRelaxed="1e-06"
ToleranceMb="1e-07"
ToleranceMbRelaxed="1e-06"
TolerancePressureMsWells="1000"
ToleranceWellControl="1e-07"
ToleranceWells="0.0001"
UpdateEquationsScaling="0"
UseAverageDensityMsWells="0"
UseGmres="0"
UseImplicitIpr="1"
UseMultisegmentWell="1"
UseUpdateStabilization="1"
VtkWriteAverageMolarMasses="0"
VtkWriteDensities="1"
VtkWriteDiffusionCoefficients="0"
VtkWriteDofIndex="0"
VtkWriteEffectiveDiffusionCoefficients="0"
VtkWriteExtrusionFactor="0"
VtkWriteFilterVelocities="0"
VtkWriteFugacities="0"
VtkWriteFugacityCoeffs="0"
VtkWriteGasDissolutionFactor="0"
VtkWriteGasFormationVolumeFactor="0"
VtkWriteGasSaturationPressure="0"
VtkWriteIntrinsicPermeabilities="0"
VtkWriteMassFractions="0"
VtkWriteMobilities="0"
VtkWriteMolarities="0"
VtkWriteMoleFractions="1"
VtkWriteOilFormationVolumeFactor="0"
VtkWriteOilSaturationPressure="0"
VtkWriteOilVaporizationFactor="0"
VtkWritePorosity="1"
VtkWritePotentialGradients="0"
VtkWritePressures="1"
VtkWritePrimaryVars="0"
VtkWritePrimaryVarsMeaning="0"
VtkWriteProcessRank="0"
VtkWriteRelativePermeabilities="1"
VtkWriteSaturatedGasOilVaporizationFactor="0"
VtkWriteSaturatedOilGasDissolutionFactor="0"
VtkWriteSaturationRatios="0"
VtkWriteSaturations="1"
VtkWriteTemperature="1"
VtkWriteTortuosities="0"
VtkWriteTotalMassFractions="0"
VtkWriteTotalMoleFractions="0"
VtkWriteTracerConcentration="0"
VtkWriteViscosities="0"
VtkWriteWaterFormationVolumeFactor="0"
WaterOnlyThreshold="1"

Reading deck file 'SPE1CASE1.DATA'
    0 Reading RUNSPEC  in SPE1CASE1.DATA line 18
    1 Reading TITLE    in SPE1CASE1.DATA line 21
    2 Reading DIMENS   in SPE1CASE1.DATA line 24
    3 Reading EQLDIMS  in SPE1CASE1.DATA line 29
    4 Reading TABDIMS  in SPE1CASE1.DATA line 34
    5 Reading OIL      in SPE1CASE1.DATA line 37
    6 Reading GAS      in SPE1CASE1.DATA line 38
    7 Reading WATER    in SPE1CASE1.DATA line 39
    8 Reading DISGAS   in SPE1CASE1.DATA line 40
    9 Reading FIELD    in SPE1CASE1.DATA line 44
   10 Reading START    in SPE1CASE1.DATA line 46
   11 Reading WELLDIMS in SPE1CASE1.DATA line 49
   12 Reading UNIFIN   in SPE1CASE1.DATA line 60
   13 Reading UNIFOUT  in SPE1CASE1.DATA line 61
   14 Reading GRID     in SPE1CASE1.DATA line 63
   15 Reading INIT     in SPE1CASE1.DATA line 70
   16 Reading NOECHO   in SPE1CASE1.DATA line 74
   17 Reading DX       in SPE1CASE1.DATA line 76
   18 Reading DY       in SPE1CASE1.DATA line 79
   19 Reading DZ       in SPE1CASE1.DATA line 82
   20 Reading TOPS     in SPE1CASE1.DATA line 86
   21 Reading PORO     in SPE1CASE1.DATA line 90
   22 Reading PERMX    in SPE1CASE1.DATA line 94
   23 Reading PERMY    in SPE1CASE1.DATA line 98
   24 Reading PERMZ    in SPE1CASE1.DATA line 102
   25 Reading ECHO     in SPE1CASE1.DATA line 106
   26 Reading PROPS    in SPE1CASE1.DATA line 108
   27 Reading PVTW     in SPE1CASE1.DATA line 111
   28 Reading ROCK     in SPE1CASE1.DATA line 124
   29 Reading SWOF     in SPE1CASE1.DATA line 131
   30 Reading SGOF     in SPE1CASE1.DATA line 160
   31 Reading DENSITY  in SPE1CASE1.DATA line 190
   32 Reading PVDG     in SPE1CASE1.DATA line 200
   33 Reading PVTO     in SPE1CASE1.DATA line 221
   34 Reading SOLUTION in SPE1CASE1.DATA line 251
   35 Reading EQUIL    in SPE1CASE1.DATA line 254
   36 Reading RSVD     in SPE1CASE1.DATA line 274
   37 Reading SUMMARY  in SPE1CASE1.DATA line 282
   38 Reading FOPR     in SPE1CASE1.DATA line 286
   39 Reading WGOR     in SPE1CASE1.DATA line 290
   40 Reading FGOR     in SPE1CASE1.DATA line 295
   41 Reading BPR      in SPE1CASE1.DATA line 298
   42 Reading BGSAT    in SPE1CASE1.DATA line 304
   43 Reading WBHP     in SPE1CASE1.DATA line 317
   44 Reading WGIR     in SPE1CASE1.DATA line 321
   45 Reading WGIT     in SPE1CASE1.DATA line 325
   46 Reading WGPR     in SPE1CASE1.DATA line 329
   47 Reading WGPT     in SPE1CASE1.DATA line 333
   48 Reading WOIR     in SPE1CASE1.DATA line 337
   49 Reading WOIT     in SPE1CASE1.DATA line 341
   50 Reading WOPR     in SPE1CASE1.DATA line 345
   51 Reading WOPT     in SPE1CASE1.DATA line 349
   52 Reading WWIR     in SPE1CASE1.DATA line 353
   53 Reading WWIT     in SPE1CASE1.DATA line 357
   54 Reading WWPR     in SPE1CASE1.DATA line 361
   55 Reading WWPT     in SPE1CASE1.DATA line 365
   56 Reading SCHEDULE in SPE1CASE1.DATA line 369
   57 Reading RPTSCHED in SPE1CASE1.DATA line 371
   58 Reading RPTRST   in SPE1CASE1.DATA line 374
   59 Reading DRSDT    in SPE1CASE1.DATA line 379
   60 Reading WELSPECS in SPE1CASE1.DATA line 384
   61 Reading COMPDAT  in SPE1CASE1.DATA line 393
   62 Reading WCONPROD in SPE1CASE1.DATA line 403
   63 Reading WCONINJE in SPE1CASE1.DATA line 412
   64 Reading TSTEP    in SPE1CASE1.DATA line 420

Warning: Unsupported keywords or keyword items:

  NOECHO: keyword not supported
  In file: SPE1CASE1.DATA, line 74

  ECHO: keyword not supported
  In file: SPE1CASE1.DATA, line 106

Creating grid from keywords DX, DY, DZ and TOPS
3 fluid phases are active

Processing dynamic information from
SPE1CASE1.DATA line 369
Initializing report step 0/120 at 2015-01-01 0 DAYS line 369
Processing keyword RPTSCHED at line 371
Processing keyword RPTRST at line 374
Processing keyword DRSDT at line 379
Processing keyword WELSPECS at line 384
Processing keyword COMPDAT at line 393
Processing keyword WCONPROD at line 403
Processing keyword WCONINJE at line 412
Complete report step 1 (31 DAYS) at 2015-02-01 (0 DAYS)

Initializing report step 2/120 at 2015-02-01 (0 DAYS) line 420
Complete report step 2 (28 DAYS) at 2015-03-01 (31 DAYS)

Initializing report step 3/120 at 2015-03-01 (31 DAYS) line 420
Complete report step 3 (31 DAYS) at 2015-04-01 (59 DAYS)

Initializing report step 4/120 at 2015-04-01 (59 DAYS) line 420
Complete report step 4 (30 DAYS) at 2015-05-01 (90 DAYS)

Initializing report step 5/120 at 2015-05-01 (90 DAYS) line 420
Complete report step 5 (31 DAYS) at 2015-06-01 (120 DAYS)
Report limit reached, see PRT-file for remaining Schedule initialization.

Initializing report step 6/120 at 2015-06-01 (120 DAYS) line 420
Complete report step 6 (30 DAYS) at 2015-07-01 (151 DAYS)

Initializing report step 7/120 at 2015-07-01 (151 DAYS) line 420
Complete report step 7 (31 DAYS) at 2015-08-01 (181 DAYS)

Initializing report step 8/120 at 2015-08-01 (181 DAYS) line 420
Complete report step 8 (31 DAYS) at 2015-09-01 (212 DAYS)

Initializing report step 9/120 at 2015-09-01 (212 DAYS) line 420
Complete report step 9 (30 DAYS) at 2015-10-01 (243 DAYS)

Initializing report step 10/120 at 2015-10-01 (243 DAYS) line 420
Complete report step 10 (31 DAYS) at 2015-11-01 (273 DAYS)

Initializing report step 11/120 at 2015-11-01 (273 DAYS) line 420
Complete report step 11 (30 DAYS) at 2015-12-01 (304 DAYS)

Initializing report step 12/120 at 2015-12-01 (304 DAYS) line 420
Complete report step 12 (31 DAYS) at 2016-01-01 (334 DAYS)

Initializing report step 13/120 at 2016-01-01 (334 DAYS) line 420
Complete report step 13 (31 DAYS) at 2016-02-01 (365 DAYS)

Initializing report step 14/120 at 2016-02-01 (365 DAYS) line 420
Complete report step 14 (28 DAYS) at 2016-02-29 (396 DAYS)

Initializing report step 15/120 at 2016-02-29 (396 DAYS) line 420
Complete report step 15 (31 DAYS) at 2016-03-31 (424 DAYS)

Initializing report step 16/120 at 2016-03-31 (424 DAYS) line 420
Complete report step 16 (30 DAYS) at 2016-04-30 (455 DAYS)

Initializing report step 17/120 at 2016-04-30 (455 DAYS) line 420
Complete report step 17 (31 DAYS) at 2016-05-31 (485 DAYS)

Initializing report step 18/120 at 2016-05-31 (485 DAYS) line 420
Complete report step 18 (30 DAYS) at 2016-06-30 (516 DAYS)

Initializing report step 19/120 at 2016-06-30 (516 DAYS) line 420
Complete report step 19 (31 DAYS) at 2016-07-31 (546 DAYS)

Initializing report step 20/120 at 2016-07-31 (546 DAYS) line 420
Complete report step 20 (31 DAYS) at 2016-08-31 (577 DAYS)

Initializing report step 21/120 at 2016-08-31 (577 DAYS) line 420
Complete report step 21 (30 DAYS) at 2016-09-30 (608 DAYS)

Initializing report step 22/120 at 2016-09-30 (608 DAYS) line 420
Complete report step 22 (31 DAYS) at 2016-10-31 (638 DAYS)

Initializing report step 23/120 at 2016-10-31 (638 DAYS) line 420
Complete report step 23 (30 DAYS) at 2016-11-30 (669 DAYS)

Initializing report step 24/120 at 2016-11-30 (669 DAYS) line 420
Complete report step 24 (31 DAYS) at 2016-12-31 (699 DAYS)

Initializing report step 25/120 at 2016-12-31 (699 DAYS) line 420
Complete report step 25 (31 DAYS) at 2017-01-31 (730 DAYS)

Initializing report step 26/120 at 2017-01-31 (730 DAYS) line 420
Complete report step 26 (28 DAYS) at 2017-02-28 (761 DAYS)

Initializing report step 27/120 at 2017-02-28 (761 DAYS) line 420
Complete report step 27 (31 DAYS) at 2017-03-31 (789 DAYS)

Initializing report step 28/120 at 2017-03-31 (789 DAYS) line 420
Complete report step 28 (30 DAYS) at 2017-04-30 (820 DAYS)

Initializing report step 29/120 at 2017-04-30 (820 DAYS) line 420
Complete report step 29 (31 DAYS) at 2017-05-31 (850 DAYS)

Initializing report step 30/120 at 2017-05-31 (850 DAYS) line 420
Complete report step 30 (30 DAYS) at 2017-06-30 (881 DAYS)

Initializing report step 31/120 at 2017-06-30 (881 DAYS) line 420
Complete report step 31 (31 DAYS) at 2017-07-31 (911 DAYS)

Initializing report step 32/120 at 2017-07-31 (911 DAYS) line 420
Complete report step 32 (31 DAYS) at 2017-08-31 (942 DAYS)

Initializing report step 33/120 at 2017-08-31 (942 DAYS) line 420
Complete report step 33 (30 DAYS) at 2017-09-30 (973 DAYS)

Initializing report step 34/120 at 2017-09-30 (973 DAYS) line 420
Complete report step 34 (31 DAYS) at 2017-10-31 (1003 DAYS)

Initializing report step 35/120 at 2017-10-31 (1003 DAYS) line 420
Complete report step 35 (30 DAYS) at 2017-11-30 (1034 DAYS)

Initializing report step 36/120 at 2017-11-30 (1034 DAYS) line 420
Complete report step 36 (31 DAYS) at 2017-12-31 (1064 DAYS)

Initializing report step 37/120 at 2017-12-31 (1064 DAYS) line 420
Complete report step 37 (31 DAYS) at 2018-01-31 (1095 DAYS)

Initializing report step 38/120 at 2018-01-31 (1095 DAYS) line 420
Complete report step 38 (28 DAYS) at 2018-02-28 (1126 DAYS)

Initializing report step 39/120 at 2018-02-28 (1126 DAYS) line 420
Complete report step 39 (31 DAYS) at 2018-03-31 (1154 DAYS)

Initializing report step 40/120 at 2018-03-31 (1154 DAYS) line 420
Complete report step 40 (30 DAYS) at 2018-04-30 (1185 DAYS)

Initializing report step 41/120 at 2018-04-30 (1185 DAYS) line 420
Complete report step 41 (31 DAYS) at 2018-05-31 (1215 DAYS)

Initializing report step 42/120 at 2018-05-31 (1215 DAYS) line 420
Complete report step 42 (30 DAYS) at 2018-06-30 (1246 DAYS)

Initializing report step 43/120 at 2018-06-30 (1246 DAYS) line 420
Complete report step 43 (31 DAYS) at 2018-07-31 (1276 DAYS)

Initializing report step 44/120 at 2018-07-31 (1276 DAYS) line 420
Complete report step 44 (31 DAYS) at 2018-08-31 (1307 DAYS)

Initializing report step 45/120 at 2018-08-31 (1307 DAYS) line 420
Complete report step 45 (30 DAYS) at 2018-09-30 (1338 DAYS)

Initializing report step 46/120 at 2018-09-30 (1338 DAYS) line 420
Complete report step 46 (31 DAYS) at 2018-10-31 (1368 DAYS)

Initializing report step 47/120 at 2018-10-31 (1368 DAYS) line 420
Complete report step 47 (30 DAYS) at 2018-11-30 (1399 DAYS)

Initializing report step 48/120 at 2018-11-30 (1399 DAYS) line 420
Complete report step 48 (31 DAYS) at 2018-12-31 (1429 DAYS)

Initializing report step 49/120 at 2018-12-31 (1429 DAYS) line 420
Complete report step 49 (31 DAYS) at 2019-01-31 (1460 DAYS)

Initializing report step 50/120 at 2019-01-31 (1460 DAYS) line 420
Complete report step 50 (28 DAYS) at 2019-02-28 (1491 DAYS)

Initializing report step 51/120 at 2019-02-28 (1491 DAYS) line 420
Complete report step 51 (31 DAYS) at 2019-03-31 (1519 DAYS)

Initializing report step 52/120 at 2019-03-31 (1519 DAYS) line 420
Complete report step 52 (30 DAYS) at 2019-04-30 (1550 DAYS)

Initializing report step 53/120 at 2019-04-30 (1550 DAYS) line 420
Complete report step 53 (31 DAYS) at 2019-05-31 (1580 DAYS)

Initializing report step 54/120 at 2019-05-31 (1580 DAYS) line 420
Complete report step 54 (30 DAYS) at 2019-06-30 (1611 DAYS)

Initializing report step 55/120 at 2019-06-30 (1611 DAYS) line 420
Complete report step 55 (31 DAYS) at 2019-07-31 (1641 DAYS)

Initializing report step 56/120 at 2019-07-31 (1641 DAYS) line 420
Complete report step 56 (31 DAYS) at 2019-08-31 (1672 DAYS)

Initializing report step 57/120 at 2019-08-31 (1672 DAYS) line 420
Complete report step 57 (30 DAYS) at 2019-09-30 (1703 DAYS)

Initializing report step 58/120 at 2019-09-30 (1703 DAYS) line 420
Complete report step 58 (31 DAYS) at 2019-10-31 (1733 DAYS)

Initializing report step 59/120 at 2019-10-31 (1733 DAYS) line 420
Complete report step 59 (30 DAYS) at 2019-11-30 (1764 DAYS)

Initializing report step 60/120 at 2019-11-30 (1764 DAYS) line 420
Complete report step 60 (31 DAYS) at 2019-12-31 (1794 DAYS)

Initializing report step 61/120 at 2019-12-31 (1794 DAYS) line 420
Complete report step 61 (31 DAYS) at 2020-01-31 (1825 DAYS)

Initializing report step 62/120 at 2020-01-31 (1825 DAYS) line 420
Complete report step 62 (28 DAYS) at 2020-02-28 (1856 DAYS)

Initializing report step 63/120 at 2020-02-28 (1856 DAYS) line 420
Complete report step 63 (31 DAYS) at 2020-03-30 (1884 DAYS)

Initializing report step 64/120 at 2020-03-30 (1884 DAYS) line 420
Complete report step 64 (30 DAYS) at 2020-04-29 (1915 DAYS)

Initializing report step 65/120 at 2020-04-29 (1915 DAYS) line 420
Complete report step 65 (31 DAYS) at 2020-05-30 (1945 DAYS)

Initializing report step 66/120 at 2020-05-30 (1945 DAYS) line 420
Complete report step 66 (30 DAYS) at 2020-06-29 (1976 DAYS)

Initializing report step 67/120 at 2020-06-29 (1976 DAYS) line 420
Complete report step 67 (31 DAYS) at 2020-07-30 (2006 DAYS)

Initializing report step 68/120 at 2020-07-30 (2006 DAYS) line 420
Complete report step 68 (31 DAYS) at 2020-08-30 (2037 DAYS)

Initializing report step 69/120 at 2020-08-30 (2037 DAYS) line 420
Complete report step 69 (30 DAYS) at 2020-09-29 (2068 DAYS)

Initializing report step 70/120 at 2020-09-29 (2068 DAYS) line 420
Complete report step 70 (31 DAYS) at 2020-10-30 (2098 DAYS)

Initializing report step 71/120 at 2020-10-30 (2098 DAYS) line 420
Complete report step 71 (30 DAYS) at 2020-11-29 (2129 DAYS)

Initializing report step 72/120 at 2020-11-29 (2129 DAYS) line 420
Complete report step 72 (31 DAYS) at 2020-12-30 (2159 DAYS)

Initializing report step 73/120 at 2020-12-30 (2159 DAYS) line 420
Complete report step 73 (31 DAYS) at 2021-01-30 (2190 DAYS)

Initializing report step 74/120 at 2021-01-30 (2190 DAYS) line 420
Complete report step 74 (28 DAYS) at 2021-02-27 (2221 DAYS)

Initializing report step 75/120 at 2021-02-27 (2221 DAYS) line 420
Complete report step 75 (31 DAYS) at 2021-03-30 (2249 DAYS)

Initializing report step 76/120 at 2021-03-30 (2249 DAYS) line 420
Complete report step 76 (30 DAYS) at 2021-04-29 (2280 DAYS)

Initializing report step 77/120 at 2021-04-29 (2280 DAYS) line 420
Complete report step 77 (31 DAYS) at 2021-05-30 (2310 DAYS)

Initializing report step 78/120 at 2021-05-30 (2310 DAYS) line 420
Complete report step 78 (30 DAYS) at 2021-06-29 (2341 DAYS)

Initializing report step 79/120 at 2021-06-29 (2341 DAYS) line 420
Complete report step 79 (31 DAYS) at 2021-07-30 (2371 DAYS)

Initializing report step 80/120 at 2021-07-30 (2371 DAYS) line 420
Complete report step 80 (31 DAYS) at 2021-08-30 (2402 DAYS)

Initializing report step 81/120 at 2021-08-30 (2402 DAYS) line 420
Complete report step 81 (30 DAYS) at 2021-09-29 (2433 DAYS)

Initializing report step 82/120 at 2021-09-29 (2433 DAYS) line 420
Complete report step 82 (31 DAYS) at 2021-10-30 (2463 DAYS)

Initializing report step 83/120 at 2021-10-30 (2463 DAYS) line 420
Complete report step 83 (30 DAYS) at 2021-11-29 (2494 DAYS)

Initializing report step 84/120 at 2021-11-29 (2494 DAYS) line 420
Complete report step 84 (31 DAYS) at 2021-12-30 (2524 DAYS)

Initializing report step 85/120 at 2021-12-30 (2524 DAYS) line 420
Complete report step 85 (31 DAYS) at 2022-01-30 (2555 DAYS)

Initializing report step 86/120 at 2022-01-30 (2555 DAYS) line 420
Complete report step 86 (28 DAYS) at 2022-02-27 (2586 DAYS)

Initializing report step 87/120 at 2022-02-27 (2586 DAYS) line 420
Complete report step 87 (31 DAYS) at 2022-03-30 (2614 DAYS)

Initializing report step 88/120 at 2022-03-30 (2614 DAYS) line 420
Complete report step 88 (30 DAYS) at 2022-04-29 (2645 DAYS)

Initializing report step 89/120 at 2022-04-29 (2645 DAYS) line 420
Complete report step 89 (31 DAYS) at 2022-05-30 (2675 DAYS)

Initializing report step 90/120 at 2022-05-30 (2675 DAYS) line 420
Complete report step 90 (30 DAYS) at 2022-06-29 (2706 DAYS)

Initializing report step 91/120 at 2022-06-29 (2706 DAYS) line 420
Complete report step 91 (31 DAYS) at 2022-07-30 (2736 DAYS)

Initializing report step 92/120 at 2022-07-30 (2736 DAYS) line 420
Complete report step 92 (31 DAYS) at 2022-08-30 (2767 DAYS)

Initializing report step 93/120 at 2022-08-30 (2767 DAYS) line 420
Complete report step 93 (30 DAYS) at 2022-09-29 (2798 DAYS)

Initializing report step 94/120 at 2022-09-29 (2798 DAYS) line 420
Complete report step 94 (31 DAYS) at 2022-10-30 (2828 DAYS)

Initializing report step 95/120 at 2022-10-30 (2828 DAYS) line 420
Complete report step 95 (30 DAYS) at 2022-11-29 (2859 DAYS)

Initializing report step 96/120 at 2022-11-29 (2859 DAYS) line 420
Complete report step 96 (31 DAYS) at 2022-12-30 (2889 DAYS)

Initializing report step 97/120 at 2022-12-30 (2889 DAYS) line 420
Complete report step 97 (31 DAYS) at 2023-01-30 (2920 DAYS)

Initializing report step 98/120 at 2023-01-30 (2920 DAYS) line 420
Complete report step 98 (28 DAYS) at 2023-02-27 (2951 DAYS)

Initializing report step 99/120 at 2023-02-27 (2951 DAYS) line 420
Complete report step 99 (31 DAYS) at 2023-03-30 (2979 DAYS)

Initializing report step 100/120 at 2023-03-30 (2979 DAYS) line 420
Complete report step 100 (30 DAYS) at 2023-04-29 (3010 DAYS)

Initializing report step 101/120 at 2023-04-29 (3010 DAYS) line 420
Complete report step 101 (31 DAYS) at 2023-05-30 (3040 DAYS)

Initializing report step 102/120 at 2023-05-30 (3040 DAYS) line 420
Complete report step 102 (30 DAYS) at 2023-06-29 (3071 DAYS)

Initializing report step 103/120 at 2023-06-29 (3071 DAYS) line 420
Complete report step 103 (31 DAYS) at 2023-07-30 (3101 DAYS)

Initializing report step 104/120 at 2023-07-30 (3101 DAYS) line 420
Complete report step 104 (31 DAYS) at 2023-08-30 (3132 DAYS)

Initializing report step 105/120 at 2023-08-30 (3132 DAYS) line 420
Complete report step 105 (30 DAYS) at 2023-09-29 (3163 DAYS)

Initializing report step 106/120 at 2023-09-29 (3163 DAYS) line 420
Complete report step 106 (31 DAYS) at 2023-10-30 (3193 DAYS)

Initializing report step 107/120 at 2023-10-30 (3193 DAYS) line 420
Complete report step 107 (30 DAYS) at 2023-11-29 (3224 DAYS)

Initializing report step 108/120 at 2023-11-29 (3224 DAYS) line 420
Complete report step 108 (31 DAYS) at 2023-12-30 (3254 DAYS)

Initializing report step 109/120 at 2023-12-30 (3254 DAYS) line 420
Complete report step 109 (31 DAYS) at 2024-01-30 (3285 DAYS)

Initializing report step 110/120 at 2024-01-30 (3285 DAYS) line 420
Complete report step 110 (28 DAYS) at 2024-02-27 (3316 DAYS)

Initializing report step 111/120 at 2024-02-27 (3316 DAYS) line 420
Complete report step 111 (31 DAYS) at 2024-03-29 (3344 DAYS)

Initializing report step 112/120 at 2024-03-29 (3344 DAYS) line 420
Complete report step 112 (30 DAYS) at 2024-04-28 (3375 DAYS)

Initializing report step 113/120 at 2024-04-28 (3375 DAYS) line 420
Complete report step 113 (31 DAYS) at 2024-05-29 (3405 DAYS)

Initializing report step 114/120 at 2024-05-29 (3405 DAYS) line 420
Complete report step 114 (30 DAYS) at 2024-06-28 (3436 DAYS)

Initializing report step 115/120 at 2024-06-28 (3436 DAYS) line 420
Complete report step 115 (31 DAYS) at 2024-07-29 (3466 DAYS)

Initializing report step 116/120 at 2024-07-29 (3466 DAYS) line 420
Complete report step 116 (31 DAYS) at 2024-08-29 (3497 DAYS)

Initializing report step 117/120 at 2024-08-29 (3497 DAYS) line 420
Complete report step 117 (30 DAYS) at 2024-09-28 (3528 DAYS)

Initializing report step 118/120 at 2024-09-28 (3528 DAYS) line 420
Complete report step 118 (31 DAYS) at 2024-10-29 (3558 DAYS)

Initializing report step 119/120 at 2024-10-29 (3558 DAYS) line 420
Complete report step 119 (30 DAYS) at 2024-11-28 (3589 DAYS)

Initializing report step 120/120 at 2024-11-28 (3589 DAYS) line 420
Complete report step 120 (31 DAYS) at 2024-12-29 (3619 DAYS)


Processing grid
Total number of active cells: 300 / total pore volume: 534322820 RB

Property tree for linear solvers:
{
    "maxiter": "20",
    "tol": "0.0050000000000000001",
    "verbosity": "0",
    "solver": "bicgstab",
    "preconditioner": {
        "type": "cprw",
        "use_well_weights": "false",
        "add_wells": "true",
        "weight_type": "trueimpes",
        "pre_smooth": "0",
        "post_smooth": "1",
        "finesmoother": {
            "type": "ParOverILU0",
            "relaxation": "1"
        },
        "verbosity": "0",
        "coarsesolver": {
            "maxiter": "1",
            "tol": "0.10000000000000001",
            "solver": "loopsolver",
            "verbosity": "0",
            "preconditioner": {
                "type": "amg",
                "alpha": "0.33333333333300003",
                "relaxation": "1",
                "iterations": "1",
                "coarsenTarget": "1200",
                "pre_smooth": "1",
                "post_smooth": "1",
                "beta": "0",
                "smoother": "ILU0",
                "verbosity": "0",
                "maxlevel": "15",
                "skip_isolated": "0",
                "accumulate": "1",
                "prolongationdamping": "1",
                "maxdistance": "2",
                "maxconnectivity": "15",
                "maxaggsize": "6",
                "minaggsize": "4"
            }
        }
    }
}


===============Saturation Functions Diagnostics===============

System: Black-oil system.
Relative permeability input format: Saturation Family I.
Number of saturation regions: 1



================ Starting main simulation loop ===============


Report step  0/120 at day 0/3650, date = 01-Jan-2015
Using Newton nonlinear solver.

Starting time step 0, stepsize 1 days, at day 0/31, date = 01-Jan-2015
Restart file written for report step   0/120, date = 01-Jan-2015 00:00:00
 Newton its= 4, linearizations= 5 (0.0sec), linear its=  2 (0.0sec)

Starting time step 1, stepsize 2.6 days, at day 1/31, date = 02-Jan-2015
 Newton its= 3, linearizations= 4 (0.0sec), linear its=  3 (0.0sec)

Starting time step 2, stepsize 6.93915 days, at day 3.6/31, date = 04-Jan-2015
 Newton its= 3, linearizations= 4 (0.0sec), linear its=  3 (0.0sec)

Starting time step 3, stepsize 10.2304 days, at day 10.5392/31, date = 11-Jan-2015
 Newton its= 4, linearizations= 5 (0.0sec), linear its=  4 (0.0sec)

Starting time step 4, stepsize 10.2304 days, at day 20.7696/31, date = 21-Jan-2015

Warning: Keyword 'WELLS' is unhandled for output to restart file.
 Newton its= 3, linearizations= 4 (0.0sec), linear its=  4 (0.0sec)

                              **************************************************************************
  WELLS    AT        31  DAYS *                 SPE1 - CASE 1                                          *
  REPORT    1    01 Feb 2015  *                                             Flow  version 2025.10-pre  *
                              **************************************************************************


======================================================= PRODUCTION REPORT =======================================================
:  WELL  : LOCATION  :CTRL:    OIL    :   WATER   :    GAS    :   FLUID   :   WATER   : GAS/OIL  :  WAT/GAS   : BHP OR : THP OR :
:  NAME  :  (I,J,K)  :MODE:   RATE    :   RATE    :   RATE    : RES.VOL.  :    CUT    :  RATIO   :   RATIO    :CON.PR. :BLK.PR. :
:        :           :    :  STB/DAY  :  STB/DAY  : MSCF/DAY  :  RB/DAY   :           : MSCF/STB :  STB/MSCF  :  PSIA  :  PSIA  :
=================================================================================================================================
:FIELD   :           :    :    20000.0:       -0.0:    24783.5:    33189.7:     -0.000:      1.24:      0.0000:        :        :
:G1      :           :    :    20000.0:       -0.0:    24783.5:    33189.7:     -0.000:      1.24:      0.0000:        :        :
:PROD    : 10, 10    :ORAT:    20000.0:       -0.0:    24783.5:    33189.7:     -0.000:      1.24:      0.0000:  2280.7:     0.0:
:--------:-----------:----:-----------:-----------:-----------:-----------:-----------:----------:------------:--------:--------:

============================================= INJECTION REPORT ==============================================
:  WELL  : LOCATION  : CTRL : CTRL : CTRL :    OIL    :   WATER   :    GAS    :   FLUID   : BHP OR : THP OR :
:  NAME  :  (I,J,K)  : MODE : MODE : MODE :   RATE    :   RATE    :   RATE    : RES.VOL.  :CON.PR. :BLK.PR. :
:        :           : OIL  : WAT  : GAS  :  STB/DAY  :  STB/DAY  : MSCF/DAY  :  RB/DAY   :  PSIA  :  PSIA  :
=============================================================================================================
:FIELD   :           :      :      :      :        0.0:        0.0:   100000.0:    67050.5:        :        :
:G1      :           :      :      :      :        0.0:        0.0:   100000.0:    67050.5:        :        :
:INJ     :  1,  1    :      :      :  GRAT:        0.0:        0.0:   100000.0:    67050.5:  6886.9:     0.0:
:--------:-----------:------:------:------:-----------:-----------:-----------:-----------:--------:--------:

============================================== CUMULATIVE PRODUCTION/INJECTION TOTALS ==============================================
:  WELL  : LOCATION  :  WELL  :CTRL:    OIL    :   WATER   :    GAS    :   Prod    :    OIL    :   WATER   :    GAS    :    INJ    :
:  NAME  :  (I,J,K)  :  TYPE  :MODE:   PROD    :   PROD    :   PROD    : RES.VOL.  :    INJ    :    INJ    :    INJ    : RES.VOL.  :
:        :           :        :    :   MSTB    :   MSTB    :   MMSCF   :    MRB    :   MSTB    :   MSTB    :   MMSCF   :    MRB    :
====================================================================================================================================
:FIELD   :           :        :    :      620.0:        0.0:        0.8:     1034.3:        0.0:        0.0:        3.1:     2090.6:
:G1      :           :        :    :      620.0:        0.0:        0.8:     1034.3:        0.0:        0.0:        3.1:     2090.6:
:PROD    : 10, 10    :    PROD:ORAT:      620.0:        0.0:        0.8:     1034.3:        0.0:        0.0:        0.0:        0.0:
:INJ     :  1,  1    :     INJ:GRAT:        0.0:        0.0:        0.0:        0.0:        0.0:        0.0:        3.1:     2090.6:
:--------:-----------:--------:----:-----------:-----------:-----------:-----------:-----------:-----------:-----------:-----------:


Report step  1/120 at day 31/3650, date = 01-Feb-2015

Starting time step 0, stepsize 28 days, at day 31/59, date = 01-Feb-2015
Restart file written for report step   1/120, date = 01-Feb-2015 00:00:00

Warning: Keyword 'WELLS' is unhandled for output to restart file.
 Newton its= 4, linearizations= 5 (0.0sec), linear its=  5 (0.0sec)

                              **************************************************************************
  WELLS    AT        59  DAYS *                 SPE1 - CASE 1                                          *
  REPORT    2    01 Mar 2015  *                                             Flow  version 2025.10-pre  *
                              **************************************************************************


======================================================= PRODUCTION REPORT =======================================================
:  WELL  : LOCATION  :CTRL:    OIL    :   WATER   :    GAS    :   FLUID   :   WATER   : GAS/OIL  :  WAT/GAS   : BHP OR : THP OR :
:  NAME  :  (I,J,K)  :MODE:   RATE    :   RATE    :   RATE    : RES.VOL.  :    CUT    :  RATIO   :   RATIO    :CON.PR. :BLK.PR. :
:        :           :    :  STB/DAY  :  STB/DAY  : MSCF/DAY  :  RB/DAY   :           : MSCF/STB :  STB/MSCF  :  PSIA  :  PSIA  :
=================================================================================================================================
:FIELD   :           :    :    20000.0:       -0.0:    24684.4:    33127.6:     -0.000:      1.23:      0.0000:        :        :
:G1      :           :    :    20000.0:       -0.0:    24684.4:    33127.6:     -0.000:      1.23:      0.0000:        :        :
:PROD    : 10, 10    :ORAT:    20000.0:       -0.0:    24684.4:    33127.6:     -0.000:      1.23:      0.0000:  2224.3:     0.0:
:--------:-----------:----:-----------:-----------:-----------:-----------:-----------:----------:------------:--------:--------:

============================================= INJECTION REPORT ==============================================
:  WELL  : LOCATION  : CTRL : CTRL : CTRL :    OIL    :   WATER   :    GAS    :   FLUID   : BHP OR : THP OR :
:  NAME  :  (I,J,K)  : MODE : MODE : MODE :   RATE    :   RATE    :   RATE    : RES.VOL.  :CON.PR. :BLK.PR. :
:        :           : OIL  : WAT  : GAS  :  STB/DAY  :  STB/DAY  : MSCF/DAY  :  RB/DAY   :  PSIA  :  PSIA  :
=============================================================================================================
:FIELD   :           :      :      :      :        0.0:        0.0:   100000.0:    66625.2:        :        :
:G1      :           :      :      :      :        0.0:        0.0:   100000.0:    66625.2:        :        :
:INJ     :  1,  1    :      :      :  GRAT:        0.0:        0.0:   100000.0:    66625.2:  6656.0:     0.0:
:--------:-----------:------:------:------:-----------:-----------:-----------:-----------:--------:--------:

============================================== CUMULATIVE PRODUCTION/INJECTION TOTALS ==============================================
:  WELL  : LOCATION  :  WELL  :CTRL:    OIL    :   WATER   :    GAS    :   Prod    :    OIL    :   WATER   :    GAS    :    INJ    :
:  NAME  :  (I,J,K)  :  TYPE  :MODE:   PROD    :   PROD    :   PROD    : RES.VOL.  :    INJ    :    INJ    :    INJ    : RES.VOL.  :
:        :           :        :    :   MSTB    :   MSTB    :   MMSCF   :    MRB    :   MSTB    :   MSTB    :   MMSCF   :    MRB    :
====================================================================================================================================
:FIELD   :           :        :    :     1180.0:        0.0:        1.5:     1961.8:        0.0:        0.0:        5.9:     3956.1:
:G1      :           :        :    :     1180.0:        0.0:        1.5:     1961.8:        0.0:        0.0:        5.9:     3956.1:
:PROD    : 10, 10    :    PROD:ORAT:     1180.0:        0.0:        1.5:     1961.8:        0.0:        0.0:        0.0:        0.0:
:INJ     :  1,  1    :     INJ:GRAT:        0.0:        0.0:        0.0:        0.0:        0.0:        0.0:        5.9:     3956.1:
:--------:-----------:--------:----:-----------:-----------:-----------:-----------:-----------:-----------:-----------:-----------:


Report step  2/120 at day 59/3650, date = 01-Mar-2015

Starting time step 0, stepsize 31 days, at day 59/90, date = 01-Mar-2015
Restart file written for report step   2/120, date = 01-Mar-2015 00:00:00

Warning: Keyword 'WELLS' is unhandled for output to restart file.
 Newton its= 5, linearizations= 6 (0.0sec), linear its=  6 (0.0sec)

                              **************************************************************************
  WELLS    AT        90  DAYS *                 SPE1 - CASE 1                                          *
  REPORT    3    01 Apr 2015  *                                             Flow  version 2025.10-pre  *
                              **************************************************************************


======================================================= PRODUCTION REPORT =======================================================
:  WELL  : LOCATION  :CTRL:    OIL    :   WATER   :    GAS    :   FLUID   :   WATER   : GAS/OIL  :  WAT/GAS   : BHP OR : THP OR :
:  NAME  :  (I,J,K)  :MODE:   RATE    :   RATE    :   RATE    : RES.VOL.  :    CUT    :  RATIO   :   RATIO    :CON.PR. :BLK.PR. :
:        :           :    :  STB/DAY  :  STB/DAY  : MSCF/DAY  :  RB/DAY   :           : MSCF/STB :  STB/MSCF  :  PSIA  :  PSIA  :
=================================================================================================================================
:FIELD   :           :    :    20000.0:       -0.0:    24697.6:    33093.7:     -0.000:      1.23:      0.0000:        :        :
:G1      :           :    :    20000.0:       -0.0:    24697.6:    33093.7:     -0.000:      1.23:      0.0000:        :        :
:PROD    : 10, 10    :ORAT:    20000.0:       -0.0:    24697.6:    33093.7:     -0.000:      1.23:      0.0000:  2248.3:     0.0:
:--------:-----------:----:-----------:-----------:-----------:-----------:-----------:----------:------------:--------:--------:

============================================= INJECTION REPORT ==============================================
:  WELL  : LOCATION  : CTRL : CTRL : CTRL :    OIL    :   WATER   :    GAS    :   FLUID   : BHP OR : THP OR :
:  NAME  :  (I,J,K)  : MODE : MODE : MODE :   RATE    :   RATE    :   RATE    : RES.VOL.  :CON.PR. :BLK.PR. :
:        :           : OIL  : WAT  : GAS  :  STB/DAY  :  STB/DAY  : MSCF/DAY  :  RB/DAY   :  PSIA  :  PSIA  :
=============================================================================================================
:FIELD   :           :      :      :      :        0.0:        0.0:   100000.0:    65498.8:        :        :
:G1      :           :      :      :      :        0.0:        0.0:   100000.0:    65498.8:        :        :
:INJ     :  1,  1    :      :      :  GRAT:        0.0:        0.0:   100000.0:    65498.8:  6560.7:     0.0:
:--------:-----------:------:------:------:-----------:-----------:-----------:-----------:--------:--------:

============================================== CUMULATIVE PRODUCTION/INJECTION TOTALS ==============================================
:  WELL  : LOCATION  :  WELL  :CTRL:    OIL    :   WATER   :    GAS    :   Prod    :    OIL    :   WATER   :    GAS    :    INJ    :
:  NAME  :  (I,J,K)  :  TYPE  :MODE:   PROD    :   PROD    :   PROD    : RES.VOL.  :    INJ    :    INJ    :    INJ    : RES.VOL.  :
:        :           :        :    :   MSTB    :   MSTB    :   MMSCF   :    MRB    :   MSTB    :   MSTB    :   MMSCF   :    MRB    :
====================================================================================================================================
:FIELD   :           :        :    :     1800.0:        0.0:        2.2:     2987.7:        0.0:        0.0:        9.0:     5986.6:
:G1      :           :        :    :     1800.0:        0.0:        2.2:     2987.7:        0.0:        0.0:        9.0:     5986.6:
:PROD    : 10, 10    :    PROD:ORAT:     1800.0:        0.0:        2.2:     2987.7:        0.0:        0.0:        0.0:        0.0:
:INJ     :  1,  1    :     INJ:GRAT:        0.0:        0.0:        0.0:        0.0:        0.0:        0.0:        9.0:     5986.6:
:--------:-----------:--------:----:-----------:-----------:-----------:-----------:-----------:-----------:-----------:-----------:


Report step  3/120 at day 90/3650, date = 01-Apr-2015

Starting time step 0, stepsize 30 days, at day 90/120, date = 01-Apr-2015
Restart file written for report step   3/120, date = 01-Apr-2015 00:00:00

Warning: Keyword 'WELLS' is unhandled for output to restart file.
 Newton its= 4, linearizations= 5 (0.0sec), linear its=  5 (0.0sec)

                              **************************************************************************
  WELLS    AT       120  DAYS *                 SPE1 - CASE 1                                          *
  REPORT    4    01 May 2015  *                                             Flow  version 2025.10-pre  *
                              **************************************************************************


======================================================= PRODUCTION REPORT =======================================================
:  WELL  : LOCATION  :CTRL:    OIL    :   WATER   :    GAS    :   FLUID   :   WATER   : GAS/OIL  :  WAT/GAS   : BHP OR : THP OR :
:  NAME  :  (I,J,K)  :MODE:   RATE    :   RATE    :   RATE    : RES.VOL.  :    CUT    :  RATIO   :   RATIO    :CON.PR. :BLK.PR. :
:        :           :    :  STB/DAY  :  STB/DAY  : MSCF/DAY  :  RB/DAY   :           : MSCF/STB :  STB/MSCF  :  PSIA  :  PSIA  :
=================================================================================================================================
:FIELD   :           :    :    20000.0:       -0.0:    24693.7:    33048.3:     -0.000:      1.23:      0.0000:        :        :
:G1      :           :    :    20000.0:       -0.0:    24693.7:    33048.3:     -0.000:      1.23:      0.0000:        :        :
:PROD    : 10, 10    :ORAT:    20000.0:       -0.0:    24693.7:    33048.3:     -0.000:      1.23:      0.0000:  2309.7:     0.0:
:--------:-----------:----:-----------:-----------:-----------:-----------:-----------:----------:------------:--------:--------:

============================================= INJECTION REPORT ==============================================
:  WELL  : LOCATION  : CTRL : CTRL : CTRL :    OIL    :   WATER   :    GAS    :   FLUID   : BHP OR : THP OR :
:  NAME  :  (I,J,K)  : MODE : MODE : MODE :   RATE    :   RATE    :   RATE    : RES.VOL.  :CON.PR. :BLK.PR. :
:        :           : OIL  : WAT  : GAS  :  STB/DAY  :  STB/DAY  : MSCF/DAY  :  RB/DAY   :  PSIA  :  PSIA  :
=============================================================================================================
:FIELD   :           :      :      :      :        0.0:        0.0:   100000.0:    64403.6:        :        :
:G1      :           :      :      :      :        0.0:        0.0:   100000.0:    64403.6:        :        :
:INJ     :  1,  1    :      :      :  GRAT:        0.0:        0.0:   100000.0:    64403.6:  6512.5:     0.0:
:--------:-----------:------:------:------:-----------:-----------:-----------:-----------:--------:--------:

============================================== CUMULATIVE PRODUCTION/INJECTION TOTALS ==============================================
:  WELL  : LOCATION  :  WELL  :CTRL:    OIL    :   WATER   :    GAS    :   Prod    :    OIL    :   WATER   :    GAS    :    INJ    :
:  NAME  :  (I,J,K)  :  TYPE  :MODE:   PROD    :   PROD    :   PROD    : RES.VOL.  :    INJ    :    INJ    :    INJ    : RES.VOL.  :
:        :           :        :    :   MSTB    :   MSTB    :   MMSCF   :    MRB    :   MSTB    :   MSTB    :   MMSCF   :    MRB    :
====================================================================================================================================
:FIELD   :           :        :    :     2400.0:        0.0:        3.0:     3979.2:        0.0:        0.0:       12.0:     7918.7:
:G1      :           :        :    :     2400.0:        0.0:        3.0:     3979.2:        0.0:        0.0:       12.0:     7918.7:
:PROD    : 10, 10    :    PROD:ORAT:     2400.0:        0.0:        3.0:     3979.2:        0.0:        0.0:        0.0:        0.0:
:INJ     :  1,  1    :     INJ:GRAT:        0.0:        0.0:        0.0:        0.0:        0.0:        0.0:       12.0:     7918.7:
:--------:-----------:--------:----:-----------:-----------:-----------:-----------:-----------:-----------:-----------:-----------:


Report step  4/120 at day 120/3650, date = 01-May-2015

Starting time step 0, stepsize 31 days, at day 120/151, date = 01-May-2015
Restart file written for report step   4/120, date = 01-May-2015 00:00:00

Warning: Keyword 'WELLS' is unhandled for output to restart file.
 Newton its= 3, linearizations= 4 (0.0sec), linear its=  4 (0.0sec)

                              **************************************************************************
  WELLS    AT       151  DAYS *                 SPE1 - CASE 1                                          *
  REPORT    5    01 Jun 2015  *                                             Flow  version 2025.10-pre  *
                              **************************************************************************


======================================================= PRODUCTION REPORT =======================================================
:  WELL  : LOCATION  :CTRL:    OIL    :   WATER   :    GAS    :   FLUID   :   WATER   : GAS/OIL  :  WAT/GAS   : BHP OR : THP OR :
:  NAME  :  (I,J,K)  :MODE:   RATE    :   RATE    :   RATE    : RES.VOL.  :    CUT    :  RATIO   :   RATIO    :CON.PR. :BLK.PR. :
:        :           :    :  STB/DAY  :  STB/DAY  : MSCF/DAY  :  RB/DAY   :           : MSCF/STB :  STB/MSCF  :  PSIA  :  PSIA  :
=================================================================================================================================
:FIELD   :           :    :    20000.0:       -0.0:    24690.6:    33005.2:     -0.000:      1.23:      0.0000:        :        :
:G1      :           :    :    20000.0:       -0.0:    24690.6:    33005.2:     -0.000:      1.23:      0.0000:        :        :
:PROD    : 10, 10    :ORAT:    20000.0:       -0.0:    24690.6:    33005.2:     -0.000:      1.23:      0.0000:  2386.1:     0.0:
:--------:-----------:----:-----------:-----------:-----------:-----------:-----------:----------:------------:--------:--------:

============================================= INJECTION REPORT ==============================================
:  WELL  : LOCATION  : CTRL : CTRL : CTRL :    OIL    :   WATER   :    GAS    :   FLUID   : BHP OR : THP OR :
:  NAME  :  (I,J,K)  : MODE : MODE : MODE :   RATE    :   RATE    :   RATE    : RES.VOL.  :CON.PR. :BLK.PR. :
:        :           : OIL  : WAT  : GAS  :  STB/DAY  :  STB/DAY  : MSCF/DAY  :  RB/DAY   :  PSIA  :  PSIA  :
=============================================================================================================
:FIELD   :           :      :      :      :        0.0:        0.0:   100000.0:    63466.3:        :        :
:G1      :           :      :      :      :        0.0:        0.0:   100000.0:    63466.3:        :        :
:INJ     :  1,  1    :      :      :  GRAT:        0.0:        0.0:   100000.0:    63466.3:  6465.2:     0.0:
:--------:-----------:------:------:------:-----------:-----------:-----------:-----------:--------:--------:

============================================== CUMULATIVE PRODUCTION/INJECTION TOTALS ==============================================
:  WELL  : LOCATION  :  WELL  :CTRL:    OIL    :   WATER   :    GAS    :   Prod    :    OIL    :   WATER   :    GAS    :    INJ    :
:  NAME  :  (I,J,K)  :  TYPE  :MODE:   PROD    :   PROD    :   PROD    : RES.VOL.  :    INJ    :    INJ    :    INJ    : RES.VOL.  :
:        :           :        :    :   MSTB    :   MSTB    :   MMSCF   :    MRB    :   MSTB    :   MSTB    :   MMSCF   :    MRB    :
====================================================================================================================================
:FIELD   :           :        :    :     3020.0:        0.0:        3.7:     5002.3:        0.0:        0.0:       15.1:     9886.2:
:G1      :           :        :    :     3020.0:        0.0:        3.7:     5002.3:        0.0:        0.0:       15.1:     9886.2:
:PROD    : 10, 10    :    PROD:ORAT:     3020.0:        0.0:        3.7:     5002.3:        0.0:        0.0:        0.0:        0.0:
:INJ     :  1,  1    :     INJ:GRAT:        0.0:        0.0:        0.0:        0.0:        0.0:        0.0:       15.1:     9886.2:
:--------:-----------:--------:----:-----------:-----------:-----------:-----------:-----------:-----------:-----------:-----------:


Report step  5/120 at day 151/3650, date = 01-Jun-2015

Starting time step 0, stepsize 30 days, at day 151/181, date = 01-Jun-2015
Restart file written for report step   5/120, date = 01-Jun-2015 00:00:00

Warning: Keyword 'WELLS' is unhandled for output to restart file.
 Newton its= 3, linearizations= 4 (0.0sec), linear its=  4 (0.0sec)

                              **************************************************************************
  WELLS    AT       181  DAYS *                 SPE1 - CASE 1                                          *
  REPORT    6    01 Jul 2015  *                                             Flow  version 2025.10-pre  *
                              **************************************************************************


======================================================= PRODUCTION REPORT =======================================================
:  WELL  : LOCATION  :CTRL:    OIL    :   WATER   :    GAS    :   FLUID   :   WATER   : GAS/OIL  :  WAT/GAS   : BHP OR : THP OR :
:  NAME  :  (I,J,K)  :MODE:   RATE    :   RATE    :   RATE    : RES.VOL.  :    CUT    :  RATIO   :   RATIO    :CON.PR. :BLK.PR. :
:        :           :    :  STB/DAY  :  STB/DAY  : MSCF/DAY  :  RB/DAY   :           : MSCF/STB :  STB/MSCF  :  PSIA  :  PSIA  :
=================================================================================================================================
:FIELD   :           :    :    20000.0:       -0.0:    24689.9:    32962.7:     -0.000:      1.23:      0.0000:        :        :
:G1      :           :    :    20000.0:       -0.0:    24689.9:    32962.7:     -0.000:      1.23:      0.0000:        :        :
:PROD    : 10, 10    :ORAT:    20000.0:       -0.0:    24689.9:    32962.7:     -0.000:      1.23:      0.0000:  2463.8:     0.0:
:--------:-----------:----:-----------:-----------:-----------:-----------:-----------:----------:------------:--------:--------:

============================================= INJECTION REPORT ==============================================
:  WELL  : LOCATION  : CTRL : CTRL : CTRL :    OIL    :   WATER   :    GAS    :   FLUID   : BHP OR : THP OR :
:  NAME  :  (I,J,K)  : MODE : MODE : MODE :   RATE    :   RATE    :   RATE    : RES.VOL.  :CON.PR. :BLK.PR. :
:        :           : OIL  : WAT  : GAS  :  STB/DAY  :  STB/DAY  : MSCF/DAY  :  RB/DAY   :  PSIA  :  PSIA  :
=============================================================================================================
:FIELD   :           :      :      :      :        0.0:        0.0:   100000.0:    62544.0:        :        :
:G1      :           :      :      :      :        0.0:        0.0:   100000.0:    62544.0:        :        :
:INJ     :  1,  1    :      :      :  GRAT:        0.0:        0.0:   100000.0:    62544.0:  6445.5:     0.0:
:--------:-----------:------:------:------:-----------:-----------:-----------:-----------:--------:--------:

============================================== CUMULATIVE PRODUCTION/INJECTION TOTALS ==============================================
:  WELL  : LOCATION  :  WELL  :CTRL:    OIL    :   WATER   :    GAS    :   Prod    :    OIL    :   WATER   :    GAS    :    INJ    :
:  NAME  :  (I,J,K)  :  TYPE  :MODE:   PROD    :   PROD    :   PROD    : RES.VOL.  :    INJ    :    INJ    :    INJ    : RES.VOL.  :
:        :           :        :    :   MSTB    :   MSTB    :   MMSCF   :    MRB    :   MSTB    :   MSTB    :   MMSCF   :    MRB    :
====================================================================================================================================
:FIELD   :           :        :    :     3620.0:        0.0:        4.5:     5991.2:        0.0:        0.0:       18.1:    11762.5:
:G1      :           :        :    :     3620.0:        0.0:        4.5:     5991.2:        0.0:        0.0:       18.1:    11762.5:
:PROD    : 10, 10    :    PROD:ORAT:     3620.0:        0.0:        4.5:     5991.2:        0.0:        0.0:        0.0:        0.0:
:INJ     :  1,  1    :     INJ:GRAT:        0.0:        0.0:        0.0:        0.0:        0.0:        0.0:       18.1:    11762.5:
:--------:-----------:--------:----:-----------:-----------:-----------:-----------:-----------:-----------:-----------:-----------:


Report step  6/120 at day 181/3650, date = 01-Jul-2015

Starting time step 0, stepsize 31 days, at day 181/212, date = 01-Jul-2015
Restart file written for report step   6/120, date = 01-Jul-2015 00:00:00

Warning: Keyword 'WELLS' is unhandled for output to restart file.
 Newton its= 4, linearizations= 5 (0.0sec), linear its=  3 (0.0sec)

                              **************************************************************************
  WELLS    AT       212  DAYS *                 SPE1 - CASE 1                                          *
  REPORT    7    01 Aug 2015  *                                             Flow  version 2025.10-pre  *
                              **************************************************************************


======================================================= PRODUCTION REPORT =======================================================
:  WELL  : LOCATION  :CTRL:    OIL    :   WATER   :    GAS    :   FLUID   :   WATER   : GAS/OIL  :  WAT/GAS   : BHP OR : THP OR :
:  NAME  :  (I,J,K)  :MODE:   RATE    :   RATE    :   RATE    : RES.VOL.  :    CUT    :  RATIO   :   RATIO    :CON.PR. :BLK.PR. :
:        :           :    :  STB/DAY  :  STB/DAY  : MSCF/DAY  :  RB/DAY   :           : MSCF/STB :  STB/MSCF  :  PSIA  :  PSIA  :
=================================================================================================================================
:FIELD   :           :    :    20000.0:       -0.0:    24691.1:    32923.8:     -0.000:      1.23:      0.0000:        :        :
:G1      :           :    :    20000.0:       -0.0:    24691.1:    32923.8:     -0.000:      1.23:      0.0000:        :        :
:PROD    : 10, 10    :ORAT:    20000.0:       -0.0:    24691.1:    32923.8:     -0.000:      1.23:      0.0000:  2544.2:     0.0:
:--------:-----------:----:-----------:-----------:-----------:-----------:-----------:----------:------------:--------:--------:

============================================= INJECTION REPORT ==============================================
:  WELL  : LOCATION  : CTRL : CTRL : CTRL :    OIL    :   WATER   :    GAS    :   FLUID   : BHP OR : THP OR :
:  NAME  :  (I,J,K)  : MODE : MODE : MODE :   RATE    :   RATE    :   RATE    : RES.VOL.  :CON.PR. :BLK.PR. :
:        :           : OIL  : WAT  : GAS  :  STB/DAY  :  STB/DAY  : MSCF/DAY  :  RB/DAY   :  PSIA  :  PSIA  :
=============================================================================================================
:FIELD   :           :      :      :      :        0.0:        0.0:   100000.0:    61700.6:        :        :
:G1      :           :      :      :      :        0.0:        0.0:   100000.0:    61700.6:        :        :
:INJ     :  1,  1    :      :      :  GRAT:        0.0:        0.0:   100000.0:    61700.6:  6443.4:     0.0:
:--------:-----------:------:------:------:-----------:-----------:-----------:-----------:--------:--------:

============================================== CUMULATIVE PRODUCTION/INJECTION TOTALS ==============================================
:  WELL  : LOCATION  :  WELL  :CTRL:    OIL    :   WATER   :    GAS    :   Prod    :    OIL    :   WATER   :    GAS    :    INJ    :
:  NAME  :  (I,J,K)  :  TYPE  :MODE:   PROD    :   PROD    :   PROD    : RES.VOL.  :    INJ    :    INJ    :    INJ    : RES.VOL.  :
:        :           :        :    :   MSTB    :   MSTB    :   MMSCF   :    MRB    :   MSTB    :   MSTB    :   MMSCF   :    MRB    :
====================================================================================================================================
:FIELD   :           :        :    :     4240.0:        0.0:        5.2:     7011.9:        0.0:        0.0:       21.2:    13675.2:
:G1      :           :        :    :     4240.0:        0.0:        5.2:     7011.9:        0.0:        0.0:       21.2:    13675.2:
:PROD    : 10, 10    :    PROD:ORAT:     4240.0:        0.0:        5.2:     7011.9:        0.0:        0.0:        0.0:        0.0:
:INJ     :  1,  1    :     INJ:GRAT:        0.0:        0.0:        0.0:        0.0:        0.0:        0.0:       21.2:    13675.2:
:--------:-----------:--------:----:-----------:-----------:-----------:-----------:-----------:-----------:-----------:-----------:


Report step  7/120 at day 212/3650, date = 01-Aug-2015

Starting time step 0, stepsize 31 days, at day 212/243, date = 01-Aug-2015
Restart file written for report step   7/120, date = 01-Aug-2015 00:00:00

Warning: Keyword 'WELLS' is unhandled for output to restart file.
 Newton its= 2, linearizations= 3 (0.0sec), linear its=  2 (0.0sec)

                              **************************************************************************
  WELLS    AT       243  DAYS *                 SPE1 - CASE 1                                          *
  REPORT    8    01 Sep 2015  *                                             Flow  version 2025.10-pre  *
                              **************************************************************************


======================================================= PRODUCTION REPORT =======================================================
:  WELL  : LOCATION  :CTRL:    OIL    :   WATER   :    GAS    :   FLUID   :   WATER   : GAS/OIL  :  WAT/GAS   : BHP OR : THP OR :
:  NAME  :  (I,J,K)  :MODE:   RATE    :   RATE    :   RATE    : RES.VOL.  :    CUT    :  RATIO   :   RATIO    :CON.PR. :BLK.PR. :
:        :           :    :  STB/DAY  :  STB/DAY  : MSCF/DAY  :  RB/DAY   :           : MSCF/STB :  STB/MSCF  :  PSIA  :  PSIA  :
=================================================================================================================================
:FIELD   :           :    :    20000.0:       -0.0:    24693.3:    32885.5:     -0.000:      1.23:      0.0000:        :        :
:G1      :           :    :    20000.0:       -0.0:    24693.3:    32885.5:     -0.000:      1.23:      0.0000:        :        :
:PROD    : 10, 10    :ORAT:    20000.0:       -0.0:    24693.3:    32885.5:     -0.000:      1.23:      0.0000:  2622.8:     0.0:
:--------:-----------:----:-----------:-----------:-----------:-----------:-----------:----------:------------:--------:--------:

============================================= INJECTION REPORT ==============================================
:  WELL  : LOCATION  : CTRL : CTRL : CTRL :    OIL    :   WATER   :    GAS    :   FLUID   : BHP OR : THP OR :
:  NAME  :  (I,J,K)  : MODE : MODE : MODE :   RATE    :   RATE    :   RATE    : RES.VOL.  :CON.PR. :BLK.PR. :
:        :           : OIL  : WAT  : GAS  :  STB/DAY  :  STB/DAY  : MSCF/DAY  :  RB/DAY   :  PSIA  :  PSIA  :
=============================================================================================================
:FIELD   :           :      :      :      :        0.0:        0.0:   100000.0:    60880.5:        :        :
:G1      :           :      :      :      :        0.0:        0.0:   100000.0:    60880.5:        :        :
:INJ     :  1,  1    :      :      :  GRAT:        0.0:        0.0:   100000.0:    60880.5:  6454.2:     0.0:
:--------:-----------:------:------:------:-----------:-----------:-----------:-----------:--------:--------:

============================================== CUMULATIVE PRODUCTION/INJECTION TOTALS ==============================================
:  WELL  : LOCATION  :  WELL  :CTRL:    OIL    :   WATER   :    GAS    :   Prod    :    OIL    :   WATER   :    GAS    :    INJ    :
:  NAME  :  (I,J,K)  :  TYPE  :MODE:   PROD    :   PROD    :   PROD    : RES.VOL.  :    INJ    :    INJ    :    INJ    : RES.VOL.  :
:        :           :        :    :   MSTB    :   MSTB    :   MMSCF   :    MRB    :   MSTB    :   MSTB    :   MMSCF   :    MRB    :
====================================================================================================================================
:FIELD   :           :        :    :     4860.0:        0.0:        6.0:     8031.3:        0.0:        0.0:       24.3:    15562.5:
:G1      :           :        :    :     4860.0:        0.0:        6.0:     8031.3:        0.0:        0.0:       24.3:    15562.5:
:PROD    : 10, 10    :    PROD:ORAT:     4860.0:        0.0:        6.0:     8031.3:        0.0:        0.0:        0.0:        0.0:
:INJ     :  1,  1    :     INJ:GRAT:        0.0:        0.0:        0.0:        0.0:        0.0:        0.0:       24.3:    15562.5:
:--------:-----------:--------:----:-----------:-----------:-----------:-----------:-----------:-----------:-----------:-----------:


Report step  8/120 at day 243/3650, date = 01-Sep-2015

Starting time step 0, stepsize 30 days, at day 243/273, date = 01-Sep-2015
Restart file written for report step   8/120, date = 01-Sep-2015 00:00:00

Warning: Keyword 'WELLS' is unhandled for output to restart file.
 Newton its= 3, linearizations= 4 (0.0sec), linear its=  3 (0.0sec)

                              **************************************************************************
  WELLS    AT       273  DAYS *                 SPE1 - CASE 1                                          *
  REPORT    9    01 Oct 2015  *                                             Flow  version 2025.10-pre  *
                              **************************************************************************


======================================================= PRODUCTION REPORT =======================================================
:  WELL  : LOCATION  :CTRL:    OIL    :   WATER   :    GAS    :   FLUID   :   WATER   : GAS/OIL  :  WAT/GAS   : BHP OR : THP OR :
:  NAME  :  (I,J,K)  :MODE:   RATE    :   RATE    :   RATE    : RES.VOL.  :    CUT    :  RATIO   :   RATIO    :CON.PR. :BLK.PR. :
:        :           :    :  STB/DAY  :  STB/DAY  : MSCF/DAY  :  RB/DAY   :           : MSCF/STB :  STB/MSCF  :  PSIA  :  PSIA  :
=================================================================================================================================
:FIELD   :           :    :    20000.0:       -0.0:    24695.9:    32848.8:     -0.000:      1.23:      0.0000:        :        :
:G1      :           :    :    20000.0:       -0.0:    24695.9:    32848.8:     -0.000:      1.23:      0.0000:        :        :
:PROD    : 10, 10    :ORAT:    20000.0:       -0.0:    24695.9:    32848.8:     -0.000:      1.23:      0.0000:  2696.9:     0.0:
:--------:-----------:----:-----------:-----------:-----------:-----------:-----------:----------:------------:--------:--------:

============================================= INJECTION REPORT ==============================================
:  WELL  : LOCATION  : CTRL : CTRL : CTRL :    OIL    :   WATER   :    GAS    :   FLUID   : BHP OR : THP OR :
:  NAME  :  (I,J,K)  : MODE : MODE : MODE :   RATE    :   RATE    :   RATE    : RES.VOL.  :CON.PR. :BLK.PR. :
:        :           : OIL  : WAT  : GAS  :  STB/DAY  :  STB/DAY  : MSCF/DAY  :  RB/DAY   :  PSIA  :  PSIA  :
=============================================================================================================
:FIELD   :           :      :      :      :        0.0:        0.0:   100000.0:    60110.9:        :        :
:G1      :           :      :      :      :        0.0:        0.0:   100000.0:    60110.9:        :        :
:INJ     :  1,  1    :      :      :  GRAT:        0.0:        0.0:   100000.0:    60110.9:  6478.3:     0.0:
:--------:-----------:------:------:------:-----------:-----------:-----------:-----------:--------:--------:

============================================== CUMULATIVE PRODUCTION/INJECTION TOTALS ==============================================
:  WELL  : LOCATION  :  WELL  :CTRL:    OIL    :   WATER   :    GAS    :   Prod    :    OIL    :   WATER   :    GAS    :    INJ    :
:  NAME  :  (I,J,K)  :  TYPE  :MODE:   PROD    :   PROD    :   PROD    : RES.VOL.  :    INJ    :    INJ    :    INJ    : RES.VOL.  :
:        :           :        :    :   MSTB    :   MSTB    :   MMSCF   :    MRB    :   MSTB    :   MSTB    :   MMSCF   :    MRB    :
====================================================================================================================================
:FIELD   :           :        :    :     5460.0:        0.0:        6.8:     9016.8:        0.0:        0.0:       27.3:    17365.8:
:G1      :           :        :    :     5460.0:        0.0:        6.8:     9016.8:        0.0:        0.0:       27.3:    17365.8:
:PROD    : 10, 10    :    PROD:ORAT:     5460.0:        0.0:        6.8:     9016.8:        0.0:        0.0:        0.0:        0.0:
:INJ     :  1,  1    :     INJ:GRAT:        0.0:        0.0:        0.0:        0.0:        0.0:        0.0:       27.3:    17365.8:
:--------:-----------:--------:----:-----------:-----------:-----------:-----------:-----------:-----------:-----------:-----------:


Report step  9/120 at day 273/3650, date = 01-Oct-2015

Starting time step 0, stepsize 31 days, at day 273/304, date = 01-Oct-2015
Restart file written for report step   9/120, date = 01-Oct-2015 00:00:00

Warning: Keyword 'WELLS' is unhandled for output to restart file.
 Newton its= 3, linearizations= 4 (0.0sec), linear its=  3 (0.0sec)

                              **************************************************************************
  WELLS    AT       304  DAYS *                 SPE1 - CASE 1                                          *
  REPORT   10    01 Nov 2015  *                                             Flow  version 2025.10-pre  *
                              **************************************************************************


======================================================= PRODUCTION REPORT =======================================================
:  WELL  : LOCATION  :CTRL:    OIL    :   WATER   :    GAS    :   FLUID   :   WATER   : GAS/OIL  :  WAT/GAS   : BHP OR : THP OR :
:  NAME  :  (I,J,K)  :MODE:   RATE    :   RATE    :   RATE    : RES.VOL.  :    CUT    :  RATIO   :   RATIO    :CON.PR. :BLK.PR. :
:        :           :    :  STB/DAY  :  STB/DAY  : MSCF/DAY  :  RB/DAY   :           : MSCF/STB :  STB/MSCF  :  PSIA  :  PSIA  :
=================================================================================================================================
:FIELD   :           :    :    20000.0:       -0.0:    24698.7:    32815.0:     -0.000:      1.23:      0.0000:        :        :
:G1      :           :    :    20000.0:       -0.0:    24698.7:    32815.0:     -0.000:      1.23:      0.0000:        :        :
:PROD    : 10, 10    :ORAT:    20000.0:       -0.0:    24698.7:    32815.0:     -0.000:      1.23:      0.0000:  2770.9:     0.0:
:--------:-----------:----:-----------:-----------:-----------:-----------:-----------:----------:------------:--------:--------:

============================================= INJECTION REPORT ==============================================
:  WELL  : LOCATION  : CTRL : CTRL : CTRL :    OIL    :   WATER   :    GAS    :   FLUID   : BHP OR : THP OR :
:  NAME  :  (I,J,K)  : MODE : MODE : MODE :   RATE    :   RATE    :   RATE    : RES.VOL.  :CON.PR. :BLK.PR. :
:        :           : OIL  : WAT  : GAS  :  STB/DAY  :  STB/DAY  : MSCF/DAY  :  RB/DAY   :  PSIA  :  PSIA  :
=============================================================================================================
:FIELD   :           :      :      :      :        0.0:        0.0:   100000.0:    59411.1:        :        :
:G1      :           :      :      :      :        0.0:        0.0:   100000.0:    59411.1:        :        :
:INJ     :  1,  1    :      :      :  GRAT:        0.0:        0.0:   100000.0:    59411.1:  6508.4:     0.0:
:--------:-----------:------:------:------:-----------:-----------:-----------:-----------:--------:--------:

============================================== CUMULATIVE PRODUCTION/INJECTION TOTALS ==============================================
:  WELL  : LOCATION  :  WELL  :CTRL:    OIL    :   WATER   :    GAS    :   Prod    :    OIL    :   WATER   :    GAS    :    INJ    :
:  NAME  :  (I,J,K)  :  TYPE  :MODE:   PROD    :   PROD    :   PROD    : RES.VOL.  :    INJ    :    INJ    :    INJ    : RES.VOL.  :
:        :           :        :    :   MSTB    :   MSTB    :   MMSCF   :    MRB    :   MSTB    :   MSTB    :   MMSCF   :    MRB    :
====================================================================================================================================
:FIELD   :           :        :    :     6080.0:        0.0:        7.5:    10034.0:        0.0:        0.0:       30.4:    19207.6:
:G1      :           :        :    :     6080.0:        0.0:        7.5:    10034.0:        0.0:        0.0:       30.4:    19207.6:
:PROD    : 10, 10    :    PROD:ORAT:     6080.0:        0.0:        7.5:    10034.0:        0.0:        0.0:        0.0:        0.0:
:INJ     :  1,  1    :     INJ:GRAT:        0.0:        0.0:        0.0:        0.0:        0.0:        0.0:       30.4:    19207.6:
:--------:-----------:--------:----:-----------:-----------:-----------:-----------:-----------:-----------:-----------:-----------:


Report step 10/120 at day 304/3650, date = 01-Nov-2015

Starting time step 0, stepsize 30 days, at day 304/334, date = 01-Nov-2015
Restart file written for report step  10/120, date = 01-Nov-2015 00:00:00

Warning: Keyword 'WELLS' is unhandled for output to restart file.
 Newton its= 3, linearizations= 4 (0.0sec), linear its=  3 (0.0sec)

                              **************************************************************************
  WELLS    AT       334  DAYS *                 SPE1 - CASE 1                                          *
  REPORT   11    01 Dec 2015  *                                             Flow  version 2025.10-pre  *
                              **************************************************************************


======================================================= PRODUCTION REPORT =======================================================
:  WELL  : LOCATION  :CTRL:    OIL    :   WATER   :    GAS    :   FLUID   :   WATER   : GAS/OIL  :  WAT/GAS   : BHP OR : THP OR :
:  NAME  :  (I,J,K)  :MODE:   RATE    :   RATE    :   RATE    : RES.VOL.  :    CUT    :  RATIO   :   RATIO    :CON.PR. :BLK.PR. :
:        :           :    :  STB/DAY  :  STB/DAY  : MSCF/DAY  :  RB/DAY   :           : MSCF/STB :  STB/MSCF  :  PSIA  :  PSIA  :
=================================================================================================================================
:FIELD   :           :    :    20000.0:       -0.0:    24701.5:    32781.4:     -0.000:      1.24:      0.0000:        :        :
:G1      :           :    :    20000.0:       -0.0:    24701.5:    32781.4:     -0.000:      1.24:      0.0000:        :        :
:PROD    : 10, 10    :ORAT:    20000.0:       -0.0:    24701.5:    32781.4:     -0.000:      1.24:      0.0000:  2840.5:     0.0:
:--------:-----------:----:-----------:-----------:-----------:-----------:-----------:----------:------------:--------:--------:

============================================= INJECTION REPORT ==============================================
:  WELL  : LOCATION  : CTRL : CTRL : CTRL :    OIL    :   WATER   :    GAS    :   FLUID   : BHP OR : THP OR :
:  NAME  :  (I,J,K)  : MODE : MODE : MODE :   RATE    :   RATE    :   RATE    : RES.VOL.  :CON.PR. :BLK.PR. :
:        :           : OIL  : WAT  : GAS  :  STB/DAY  :  STB/DAY  : MSCF/DAY  :  RB/DAY   :  PSIA  :  PSIA  :
=============================================================================================================
:FIELD   :           :      :      :      :        0.0:        0.0:   100000.0:    58730.0:        :        :
:G1      :           :      :      :      :        0.0:        0.0:   100000.0:    58730.0:        :        :
:INJ     :  1,  1    :      :      :  GRAT:        0.0:        0.0:   100000.0:    58730.0:  6540.5:     0.0:
:--------:-----------:------:------:------:-----------:-----------:-----------:-----------:--------:--------:

============================================== CUMULATIVE PRODUCTION/INJECTION TOTALS ==============================================
:  WELL  : LOCATION  :  WELL  :CTRL:    OIL    :   WATER   :    GAS    :   Prod    :    OIL    :   WATER   :    GAS    :    INJ    :
:  NAME  :  (I,J,K)  :  TYPE  :MODE:   PROD    :   PROD    :   PROD    : RES.VOL.  :    INJ    :    INJ    :    INJ    : RES.VOL.  :
:        :           :        :    :   MSTB    :   MSTB    :   MMSCF   :    MRB    :   MSTB    :   MSTB    :   MMSCF   :    MRB    :
====================================================================================================================================
:FIELD   :           :        :    :     6680.0:        0.0:        8.3:    11017.5:        0.0:        0.0:       33.4:    20969.5:
:G1      :           :        :    :     6680.0:        0.0:        8.3:    11017.5:        0.0:        0.0:       33.4:    20969.5:
:PROD    : 10, 10    :    PROD:ORAT:     6680.0:        0.0:        8.3:    11017.5:        0.0:        0.0:        0.0:        0.0:
:INJ     :  1,  1    :     INJ:GRAT:        0.0:        0.0:        0.0:        0.0:        0.0:        0.0:       33.4:    20969.5:
:--------:-----------:--------:----:-----------:-----------:-----------:-----------:-----------:-----------:-----------:-----------:


Report step 11/120 at day 334/3650, date = 01-Dec-2015

Starting time step 0, stepsize 31 days, at day 334/365, date = 01-Dec-2015
Restart file written for report step  11/120, date = 01-Dec-2015 00:00:00

Warning: Keyword 'WELLS' is unhandled for output to restart file.
 Newton its= 3, linearizations= 4 (0.0sec), linear its=  4 (0.0sec)

                              **************************************************************************
  WELLS    AT       365  DAYS *                 SPE1 - CASE 1                                          *
  REPORT   12    01 Jan 2016  *                                             Flow  version 2025.10-pre  *
                              **************************************************************************


======================================================= PRODUCTION REPORT =======================================================
:  WELL  : LOCATION  :CTRL:    OIL    :   WATER   :    GAS    :   FLUID   :   WATER   : GAS/OIL  :  WAT/GAS   : BHP OR : THP OR :
:  NAME  :  (I,J,K)  :MODE:   RATE    :   RATE    :   RATE    : RES.VOL.  :    CUT    :  RATIO   :   RATIO    :CON.PR. :BLK.PR. :
:        :           :    :  STB/DAY  :  STB/DAY  : MSCF/DAY  :  RB/DAY   :           : MSCF/STB :  STB/MSCF  :  PSIA  :  PSIA  :
=================================================================================================================================
:FIELD   :           :    :    20000.0:       -0.0:    24704.3:    32750.1:     -0.000:      1.24:      0.0000:        :        :
:G1      :           :    :    20000.0:       -0.0:    24704.3:    32750.1:     -0.000:      1.24:      0.0000:        :        :
:PROD    : 10, 10    :ORAT:    20000.0:       -0.0:    24704.3:    32750.1:     -0.000:      1.24:      0.0000:  2910.3:     0.0:
:--------:-----------:----:-----------:-----------:-----------:-----------:-----------:----------:------------:--------:--------:

============================================= INJECTION REPORT ==============================================
:  WELL  : LOCATION  : CTRL : CTRL : CTRL :    OIL    :   WATER   :    GAS    :   FLUID   : BHP OR : THP OR :
:  NAME  :  (I,J,K)  : MODE : MODE : MODE :   RATE    :   RATE    :   RATE    : RES.VOL.  :CON.PR. :BLK.PR. :
:        :           : OIL  : WAT  : GAS  :  STB/DAY  :  STB/DAY  : MSCF/DAY  :  RB/DAY   :  PSIA  :  PSIA  :
=============================================================================================================
:FIELD   :           :      :      :      :        0.0:        0.0:   100000.0:    58108.3:        :        :
:G1      :           :      :      :      :        0.0:        0.0:   100000.0:    58108.3:        :        :
:INJ     :  1,  1    :      :      :  GRAT:        0.0:        0.0:   100000.0:    58108.3:  6576.2:     0.0:
:--------:-----------:------:------:------:-----------:-----------:-----------:-----------:--------:--------:

============================================== CUMULATIVE PRODUCTION/INJECTION TOTALS ==============================================
:  WELL  : LOCATION  :  WELL  :CTRL:    OIL    :   WATER   :    GAS    :   Prod    :    OIL    :   WATER   :    GAS    :    INJ    :
:  NAME  :  (I,J,K)  :  TYPE  :MODE:   PROD    :   PROD    :   PROD    : RES.VOL.  :    INJ    :    INJ    :    INJ    : RES.VOL.  :
:        :           :        :    :   MSTB    :   MSTB    :   MMSCF   :    MRB    :   MSTB    :   MSTB    :   MMSCF   :    MRB    :
====================================================================================================================================
:FIELD   :           :        :    :     7300.0:        0.0:        9.0:    12032.7:        0.0:        0.0:       36.5:    22770.8:
:G1      :           :        :    :     7300.0:        0.0:        9.0:    12032.7:        0.0:        0.0:       36.5:    22770.8:
:PROD    : 10, 10    :    PROD:ORAT:     7300.0:        0.0:        9.0:    12032.7:        0.0:        0.0:        0.0:        0.0:
:INJ     :  1,  1    :     INJ:GRAT:        0.0:        0.0:        0.0:        0.0:        0.0:        0.0:       36.5:    22770.8:
:--------:-----------:--------:----:-----------:-----------:-----------:-----------:-----------:-----------:-----------:-----------:


Report step 12/120 at day 365/3650, date = 01-Jan-2016

Starting time step 0, stepsize 31 days, at day 365/396, date = 01-Jan-2016
Restart file written for report step  12/120, date = 01-Jan-2016 00:00:00

Warning: Keyword 'WELLS' is unhandled for output to restart file.
 Newton its= 3, linearizations= 4 (0.0sec), linear its=  3 (0.0sec)

                              **************************************************************************
  WELLS    AT       396  DAYS *                 SPE1 - CASE 1                                          *
  REPORT   13    01 Feb 2016  *                                             Flow  version 2025.10-pre  *
                              **************************************************************************


======================================================= PRODUCTION REPORT =======================================================
:  WELL  : LOCATION  :CTRL:    OIL    :   WATER   :    GAS    :   FLUID   :   WATER   : GAS/OIL  :  WAT/GAS   : BHP OR : THP OR :
:  NAME  :  (I,J,K)  :MODE:   RATE    :   RATE    :   RATE    : RES.VOL.  :    CUT    :  RATIO   :   RATIO    :CON.PR. :BLK.PR. :
:        :           :    :  STB/DAY  :  STB/DAY  : MSCF/DAY  :  RB/DAY   :           : MSCF/STB :  STB/MSCF  :  PSIA  :  PSIA  :
=================================================================================================================================
:FIELD   :           :    :    20000.0:       -0.0:    24707.1:    32719.0:     -0.000:      1.24:      0.0000:        :        :
:G1      :           :    :    20000.0:       -0.0:    24707.1:    32719.0:     -0.000:      1.24:      0.0000:        :        :
:PROD    : 10, 10    :ORAT:    20000.0:       -0.0:    24707.1:    32719.0:     -0.000:      1.24:      0.0000:  2978.3:     0.0:
:--------:-----------:----:-----------:-----------:-----------:-----------:-----------:----------:------------:--------:--------:

============================================= INJECTION REPORT ==============================================
:  WELL  : LOCATION  : CTRL : CTRL : CTRL :    OIL    :   WATER   :    GAS    :   FLUID   : BHP OR : THP OR :
:  NAME  :  (I,J,K)  : MODE : MODE : MODE :   RATE    :   RATE    :   RATE    : RES.VOL.  :CON.PR. :BLK.PR. :
:        :           : OIL  : WAT  : GAS  :  STB/DAY  :  STB/DAY  : MSCF/DAY  :  RB/DAY   :  PSIA  :  PSIA  :
=============================================================================================================
:FIELD   :           :      :      :      :        0.0:        0.0:   100000.0:    57501.0:        :        :
:G1      :           :      :      :      :        0.0:        0.0:   100000.0:    57501.0:        :        :
:INJ     :  1,  1    :      :      :  GRAT:        0.0:        0.0:   100000.0:    57501.0:  6614.0:     0.0:
:--------:-----------:------:------:------:-----------:-----------:-----------:-----------:--------:--------:

============================================== CUMULATIVE PRODUCTION/INJECTION TOTALS ==============================================
:  WELL  : LOCATION  :  WELL  :CTRL:    OIL    :   WATER   :    GAS    :   Prod    :    OIL    :   WATER   :    GAS    :    INJ    :
:  NAME  :  (I,J,K)  :  TYPE  :MODE:   PROD    :   PROD    :   PROD    : RES.VOL.  :    INJ    :    INJ    :    INJ    : RES.VOL.  :
:        :           :        :    :   MSTB    :   MSTB    :   MMSCF   :    MRB    :   MSTB    :   MSTB    :   MMSCF   :    MRB    :
====================================================================================================================================
:FIELD   :           :        :    :     7920.0:        0.0:        9.8:    13047.0:        0.0:        0.0:       39.6:    24553.4:
:G1      :           :        :    :     7920.0:        0.0:        9.8:    13047.0:        0.0:        0.0:       39.6:    24553.4:
:PROD    : 10, 10    :    PROD:ORAT:     7920.0:        0.0:        9.8:    13047.0:        0.0:        0.0:        0.0:        0.0:
:INJ     :  1,  1    :     INJ:GRAT:        0.0:        0.0:        0.0:        0.0:        0.0:        0.0:       39.6:    24553.4:
:--------:-----------:--------:----:-----------:-----------:-----------:-----------:-----------:-----------:-----------:-----------:


Report step 13/120 at day 396/3650, date = 01-Feb-2016

Starting time step 0, stepsize 28 days, at day 396/424, date = 01-Feb-2016
Restart file written for report step  13/120, date = 01-Feb-2016 00:00:00

Warning: Keyword 'WELLS' is unhandled for output to restart file.
 Newton its= 3, linearizations= 4 (0.0sec), linear its=  2 (0.0sec)

                              **************************************************************************
  WELLS    AT       424  DAYS *                 SPE1 - CASE 1                                          *
  REPORT   14    29 Feb 2016  *                                             Flow  version 2025.10-pre  *
                              **************************************************************************


======================================================= PRODUCTION REPORT =======================================================
:  WELL  : LOCATION  :CTRL:    OIL    :   WATER   :    GAS    :   FLUID   :   WATER   : GAS/OIL  :  WAT/GAS   : BHP OR : THP OR :
:  NAME  :  (I,J,K)  :MODE:   RATE    :   RATE    :   RATE    : RES.VOL.  :    CUT    :  RATIO   :   RATIO    :CON.PR. :BLK.PR. :
:        :           :    :  STB/DAY  :  STB/DAY  : MSCF/DAY  :  RB/DAY   :           : MSCF/STB :  STB/MSCF  :  PSIA  :  PSIA  :
=================================================================================================================================
:FIELD   :           :    :    20000.0:       -0.0:    24709.6:    32688.9:     -0.000:      1.24:      0.0000:        :        :
:G1      :           :    :    20000.0:       -0.0:    24709.6:    32688.9:     -0.000:      1.24:      0.0000:        :        :
:PROD    : 10, 10    :ORAT:    20000.0:       -0.0:    24709.6:    32688.9:     -0.000:      1.24:      0.0000:  3038.4:     0.0:
:--------:-----------:----:-----------:-----------:-----------:-----------:-----------:----------:------------:--------:--------:

============================================= INJECTION REPORT ==============================================
:  WELL  : LOCATION  : CTRL : CTRL : CTRL :    OIL    :   WATER   :    GAS    :   FLUID   : BHP OR : THP OR :
:  NAME  :  (I,J,K)  : MODE : MODE : MODE :   RATE    :   RATE    :   RATE    : RES.VOL.  :CON.PR. :BLK.PR. :
:        :           : OIL  : WAT  : GAS  :  STB/DAY  :  STB/DAY  : MSCF/DAY  :  RB/DAY   :  PSIA  :  PSIA  :
=============================================================================================================
:FIELD   :           :      :      :      :        0.0:        0.0:   100000.0:    56926.6:        :        :
:G1      :           :      :      :      :        0.0:        0.0:   100000.0:    56926.6:        :        :
:INJ     :  1,  1    :      :      :  GRAT:        0.0:        0.0:   100000.0:    56926.6:  6649.4:     0.0:
:--------:-----------:------:------:------:-----------:-----------:-----------:-----------:--------:--------:

============================================== CUMULATIVE PRODUCTION/INJECTION TOTALS ==============================================
:  WELL  : LOCATION  :  WELL  :CTRL:    OIL    :   WATER   :    GAS    :   Prod    :    OIL    :   WATER   :    GAS    :    INJ    :
:  NAME  :  (I,J,K)  :  TYPE  :MODE:   PROD    :   PROD    :   PROD    : RES.VOL.  :    INJ    :    INJ    :    INJ    : RES.VOL.  :
:        :           :        :    :   MSTB    :   MSTB    :   MMSCF   :    MRB    :   MSTB    :   MSTB    :   MMSCF   :    MRB    :
====================================================================================================================================
:FIELD   :           :        :    :     8480.0:        0.0:       10.5:    13962.3:        0.0:        0.0:       42.4:    26147.3:
:G1      :           :        :    :     8480.0:        0.0:       10.5:    13962.3:        0.0:        0.0:       42.4:    26147.3:
:PROD    : 10, 10    :    PROD:ORAT:     8480.0:        0.0:       10.5:    13962.3:        0.0:        0.0:        0.0:        0.0:
:INJ     :  1,  1    :     INJ:GRAT:        0.0:        0.0:        0.0:        0.0:        0.0:        0.0:       42.4:    26147.3:
:--------:-----------:--------:----:-----------:-----------:-----------:-----------:-----------:-----------:-----------:-----------:


Report step 14/120 at day 424/3650, date = 29-Feb-2016

Starting time step 0, stepsize 31 days, at day 424/455, date = 29-Feb-2016
Restart file written for report step  14/120, date = 29-Feb-2016 00:00:00

Warning: Keyword 'WELLS' is unhandled for output to restart file.
 Newton its= 3, linearizations= 4 (0.0sec), linear its=  3 (0.0sec)

                              **************************************************************************
  WELLS    AT       455  DAYS *                 SPE1 - CASE 1                                          *
  REPORT   15    31 Mar 2016  *                                             Flow  version 2025.10-pre  *
                              **************************************************************************


======================================================= PRODUCTION REPORT =======================================================
:  WELL  : LOCATION  :CTRL:    OIL    :   WATER   :    GAS    :   FLUID   :   WATER   : GAS/OIL  :  WAT/GAS   : BHP OR : THP OR :
:  NAME  :  (I,J,K)  :MODE:   RATE    :   RATE    :   RATE    : RES.VOL.  :    CUT    :  RATIO   :   RATIO    :CON.PR. :BLK.PR. :
:        :           :    :  STB/DAY  :  STB/DAY  : MSCF/DAY  :  RB/DAY   :           : MSCF/STB :  STB/MSCF  :  PSIA  :  PSIA  :
=================================================================================================================================
:FIELD   :           :    :    20000.0:       -0.0:    24712.3:    32662.9:     -0.000:      1.24:      0.0000:        :        :
:G1      :           :    :    20000.0:       -0.0:    24712.3:    32662.9:     -0.000:      1.24:      0.0000:        :        :
:PROD    : 10, 10    :ORAT:    20000.0:       -0.0:    24712.3:    32662.9:     -0.000:      1.24:      0.0000:  3103.8:     0.0:
:--------:-----------:----:-----------:-----------:-----------:-----------:-----------:----------:------------:--------:--------:

============================================= INJECTION REPORT ==============================================
:  WELL  : LOCATION  : CTRL : CTRL : CTRL :    OIL    :   WATER   :    GAS    :   FLUID   : BHP OR : THP OR :
:  NAME  :  (I,J,K)  : MODE : MODE : MODE :   RATE    :   RATE    :   RATE    : RES.VOL.  :CON.PR. :BLK.PR. :
:        :           : OIL  : WAT  : GAS  :  STB/DAY  :  STB/DAY  : MSCF/DAY  :  RB/DAY   :  PSIA  :  PSIA  :
=============================================================================================================
:FIELD   :           :      :      :      :        0.0:        0.0:   100000.0:    56433.8:        :        :
:G1      :           :      :      :      :        0.0:        0.0:   100000.0:    56433.8:        :        :
:INJ     :  1,  1    :      :      :  GRAT:        0.0:        0.0:   100000.0:    56433.8:  6689.2:     0.0:
:--------:-----------:------:------:------:-----------:-----------:-----------:-----------:--------:--------:

============================================== CUMULATIVE PRODUCTION/INJECTION TOTALS ==============================================
:  WELL  : LOCATION  :  WELL  :CTRL:    OIL    :   WATER   :    GAS    :   Prod    :    OIL    :   WATER   :    GAS    :    INJ    :
:  NAME  :  (I,J,K)  :  TYPE  :MODE:   PROD    :   PROD    :   PROD    : RES.VOL.  :    INJ    :    INJ    :    INJ    : RES.VOL.  :
:        :           :        :    :   MSTB    :   MSTB    :   MMSCF   :    MRB    :   MSTB    :   MSTB    :   MMSCF   :    MRB    :
====================================================================================================================================
:FIELD   :           :        :    :     9100.0:        0.0:       11.3:    14974.9:        0.0:        0.0:       45.5:    27896.8:
:G1      :           :        :    :     9100.0:        0.0:       11.3:    14974.9:        0.0:        0.0:       45.5:    27896.8:
:PROD    : 10, 10    :    PROD:ORAT:     9100.0:        0.0:       11.3:    14974.9:        0.0:        0.0:        0.0:        0.0:
:INJ     :  1,  1    :     INJ:GRAT:        0.0:        0.0:        0.0:        0.0:        0.0:        0.0:       45.5:    27896.8:
:--------:-----------:--------:----:-----------:-----------:-----------:-----------:-----------:-----------:-----------:-----------:


Report step 15/120 at day 455/3650, date = 31-Mar-2016

Starting time step 0, stepsize 30 days, at day 455/485, date = 31-Mar-2016
Restart file written for report step  15/120, date = 31-Mar-2016 00:00:00

Warning: Keyword 'WELLS' is unhandled for output to restart file.
 Newton its= 3, linearizations= 4 (0.0sec), linear its=  3 (0.0sec)

                              **************************************************************************
  WELLS    AT       485  DAYS *                 SPE1 - CASE 1                                          *
  REPORT   16    30 Apr 2016  *                                             Flow  version 2025.10-pre  *
                              **************************************************************************


======================================================= PRODUCTION REPORT =======================================================
:  WELL  : LOCATION  :CTRL:    OIL    :   WATER   :    GAS    :   FLUID   :   WATER   : GAS/OIL  :  WAT/GAS   : BHP OR : THP OR :
:  NAME  :  (I,J,K)  :MODE:   RATE    :   RATE    :   RATE    : RES.VOL.  :    CUT    :  RATIO   :   RATIO    :CON.PR. :BLK.PR. :
:        :           :    :  STB/DAY  :  STB/DAY  : MSCF/DAY  :  RB/DAY   :           : MSCF/STB :  STB/MSCF  :  PSIA  :  PSIA  :
=================================================================================================================================
:FIELD   :           :    :    20000.0:       -0.0:    24714.7:    32634.8:     -0.000:      1.24:      0.0000:        :        :
:G1      :           :    :    20000.0:       -0.0:    24714.7:    32634.8:     -0.000:      1.24:      0.0000:        :        :
:PROD    : 10, 10    :ORAT:    20000.0:       -0.0:    24714.7:    32634.8:     -0.000:      1.24:      0.0000:  3166.7:     0.0:
:--------:-----------:----:-----------:-----------:-----------:-----------:-----------:----------:------------:--------:--------:

============================================= INJECTION REPORT ==============================================
:  WELL  : LOCATION  : CTRL : CTRL : CTRL :    OIL    :   WATER   :    GAS    :   FLUID   : BHP OR : THP OR :
:  NAME  :  (I,J,K)  : MODE : MODE : MODE :   RATE    :   RATE    :   RATE    : RES.VOL.  :CON.PR. :BLK.PR. :
:        :           : OIL  : WAT  : GAS  :  STB/DAY  :  STB/DAY  : MSCF/DAY  :  RB/DAY   :  PSIA  :  PSIA  :
=============================================================================================================
:FIELD   :           :      :      :      :        0.0:        0.0:   100000.0:    55913.6:        :        :
:G1      :           :      :      :      :        0.0:        0.0:   100000.0:    55913.6:        :        :
:INJ     :  1,  1    :      :      :  GRAT:        0.0:        0.0:   100000.0:    55913.6:  6728.3:     0.0:
:--------:-----------:------:------:------:-----------:-----------:-----------:-----------:--------:--------:

============================================== CUMULATIVE PRODUCTION/INJECTION TOTALS ==============================================
:  WELL  : LOCATION  :  WELL  :CTRL:    OIL    :   WATER   :    GAS    :   Prod    :    OIL    :   WATER   :    GAS    :    INJ    :
:  NAME  :  (I,J,K)  :  TYPE  :MODE:   PROD    :   PROD    :   PROD    : RES.VOL.  :    INJ    :    INJ    :    INJ    : RES.VOL.  :
:        :           :        :    :   MSTB    :   MSTB    :   MMSCF   :    MRB    :   MSTB    :   MSTB    :   MMSCF   :    MRB    :
====================================================================================================================================
:FIELD   :           :        :    :     9700.0:        0.0:       12.0:    15953.9:        0.0:        0.0:       48.5:    29574.2:
:G1      :           :        :    :     9700.0:        0.0:       12.0:    15953.9:        0.0:        0.0:       48.5:    29574.2:
:PROD    : 10, 10    :    PROD:ORAT:     9700.0:        0.0:       12.0:    15953.9:        0.0:        0.0:        0.0:        0.0:
:INJ     :  1,  1    :     INJ:GRAT:        0.0:        0.0:        0.0:        0.0:        0.0:        0.0:       48.5:    29574.2:
:--------:-----------:--------:----:-----------:-----------:-----------:-----------:-----------:-----------:-----------:-----------:


Report step 16/120 at day 485/3650, date = 30-Apr-2016

Starting time step 0, stepsize 31 days, at day 485/516, date = 30-Apr-2016
Restart file written for report step  16/120, date = 30-Apr-2016 00:00:00

Warning: Keyword 'WELLS' is unhandled for output to restart file.
 Newton its= 2, linearizations= 3 (0.0sec), linear its=  2 (0.0sec)

                              **************************************************************************
  WELLS    AT       516  DAYS *                 SPE1 - CASE 1                                          *
  REPORT   17    31 May 2016  *                                             Flow  version 2025.10-pre  *
                              **************************************************************************


======================================================= PRODUCTION REPORT =======================================================
:  WELL  : LOCATION  :CTRL:    OIL    :   WATER   :    GAS    :   FLUID   :   WATER   : GAS/OIL  :  WAT/GAS   : BHP OR : THP OR :
:  NAME  :  (I,J,K)  :MODE:   RATE    :   RATE    :   RATE    : RES.VOL.  :    CUT    :  RATIO   :   RATIO    :CON.PR. :BLK.PR. :
:        :           :    :  STB/DAY  :  STB/DAY  : MSCF/DAY  :  RB/DAY   :           : MSCF/STB :  STB/MSCF  :  PSIA  :  PSIA  :
=================================================================================================================================
:FIELD   :           :    :    20000.0:       -0.0:    24717.8:    32608.8:     -0.000:      1.24:      0.0000:        :        :
:G1      :           :    :    20000.0:       -0.0:    24717.8:    32608.8:     -0.000:      1.24:      0.0000:        :        :
:PROD    : 10, 10    :ORAT:    20000.0:       -0.0:    24717.8:    32608.8:     -0.000:      1.24:      0.0000:  3231.4:     0.0:
:--------:-----------:----:-----------:-----------:-----------:-----------:-----------:----------:------------:--------:--------:

============================================= INJECTION REPORT ==============================================
:  WELL  : LOCATION  : CTRL : CTRL : CTRL :    OIL    :   WATER   :    GAS    :   FLUID   : BHP OR : THP OR :
:  NAME  :  (I,J,K)  : MODE : MODE : MODE :   RATE    :   RATE    :   RATE    : RES.VOL.  :CON.PR. :BLK.PR. :
:        :           : OIL  : WAT  : GAS  :  STB/DAY  :  STB/DAY  : MSCF/DAY  :  RB/DAY   :  PSIA  :  PSIA  :
=============================================================================================================
:FIELD   :           :      :      :      :        0.0:        0.0:   100000.0:    55433.9:        :        :
:G1      :           :      :      :      :        0.0:        0.0:   100000.0:    55433.9:        :        :
:INJ     :  1,  1    :      :      :  GRAT:        0.0:        0.0:   100000.0:    55433.9:  6769.3:     0.0:
:--------:-----------:------:------:------:-----------:-----------:-----------:-----------:--------:--------:

============================================== CUMULATIVE PRODUCTION/INJECTION TOTALS ==============================================
:  WELL  : LOCATION  :  WELL  :CTRL:    OIL    :   WATER   :    GAS    :   Prod    :    OIL    :   WATER   :    GAS    :    INJ    :
:  NAME  :  (I,J,K)  :  TYPE  :MODE:   PROD    :   PROD    :   PROD    : RES.VOL.  :    INJ    :    INJ    :    INJ    : RES.VOL.  :
:        :           :        :    :   MSTB    :   MSTB    :   MMSCF   :    MRB    :   MSTB    :   MSTB    :   MMSCF   :    MRB    :
====================================================================================================================================
:FIELD   :           :        :    :    10320.0:        0.0:       12.8:    16964.8:        0.0:        0.0:       51.6:    31292.6:
:G1      :           :        :    :    10320.0:        0.0:       12.8:    16964.8:        0.0:        0.0:       51.6:    31292.6:
:PROD    : 10, 10    :    PROD:ORAT:    10320.0:        0.0:       12.8:    16964.8:        0.0:        0.0:        0.0:        0.0:
:INJ     :  1,  1    :     INJ:GRAT:        0.0:        0.0:        0.0:        0.0:        0.0:        0.0:       51.6:    31292.6:
:--------:-----------:--------:----:-----------:-----------:-----------:-----------:-----------:-----------:-----------:-----------:


Report step 17/120 at day 516/3650, date = 31-May-2016

Starting time step 0, stepsize 30 days, at day 516/546, date = 31-May-2016
Restart file written for report step  17/120, date = 31-May-2016 00:00:00

Warning: Keyword 'WELLS' is unhandled for output to restart file.
 Newton its= 3, linearizations= 4 (0.0sec), linear its=  2 (0.0sec)

                              **************************************************************************
  WELLS    AT       546  DAYS *                 SPE1 - CASE 1                                          *
  REPORT   18    30 Jun 2016  *                                             Flow  version 2025.10-pre  *
                              **************************************************************************


======================================================= PRODUCTION REPORT =======================================================
:  WELL  : LOCATION  :CTRL:    OIL    :   WATER   :    GAS    :   FLUID   :   WATER   : GAS/OIL  :  WAT/GAS   : BHP OR : THP OR :
:  NAME  :  (I,J,K)  :MODE:   RATE    :   RATE    :   RATE    : RES.VOL.  :    CUT    :  RATIO   :   RATIO    :CON.PR. :BLK.PR. :
:        :           :    :  STB/DAY  :  STB/DAY  : MSCF/DAY  :  RB/DAY   :           : MSCF/STB :  STB/MSCF  :  PSIA  :  PSIA  :
=================================================================================================================================
:FIELD   :           :    :    20000.0:       -0.0:    24722.9:    32583.7:     -0.000:      1.24:      0.0000:        :        :
:G1      :           :    :    20000.0:       -0.0:    24722.9:    32583.7:     -0.000:      1.24:      0.0000:        :        :
:PROD    : 10, 10    :ORAT:    20000.0:       -0.0:    24722.9:    32583.7:     -0.000:      1.24:      0.0000:  3294.0:     0.0:
:--------:-----------:----:-----------:-----------:-----------:-----------:-----------:----------:------------:--------:--------:

============================================= INJECTION REPORT ==============================================
:  WELL  : LOCATION  : CTRL : CTRL : CTRL :    OIL    :   WATER   :    GAS    :   FLUID   : BHP OR : THP OR :
:  NAME  :  (I,J,K)  : MODE : MODE : MODE :   RATE    :   RATE    :   RATE    : RES.VOL.  :CON.PR. :BLK.PR. :
:        :           : OIL  : WAT  : GAS  :  STB/DAY  :  STB/DAY  : MSCF/DAY  :  RB/DAY   :  PSIA  :  PSIA  :
=============================================================================================================
:FIELD   :           :      :      :      :        0.0:        0.0:   100000.0:    54960.6:        :        :
:G1      :           :      :      :      :        0.0:        0.0:   100000.0:    54960.6:        :        :
:INJ     :  1,  1    :      :      :  GRAT:        0.0:        0.0:   100000.0:    54960.6:  6809.1:     0.0:
:--------:-----------:------:------:------:-----------:-----------:-----------:-----------:--------:--------:

============================================== CUMULATIVE PRODUCTION/INJECTION TOTALS ==============================================
:  WELL  : LOCATION  :  WELL  :CTRL:    OIL    :   WATER   :    GAS    :   Prod    :    OIL    :   WATER   :    GAS    :    INJ    :
:  NAME  :  (I,J,K)  :  TYPE  :MODE:   PROD    :   PROD    :   PROD    : RES.VOL.  :    INJ    :    INJ    :    INJ    : RES.VOL.  :
:        :           :        :    :   MSTB    :   MSTB    :   MMSCF   :    MRB    :   MSTB    :   MSTB    :   MMSCF   :    MRB    :
====================================================================================================================================
:FIELD   :           :        :    :    10920.0:        0.0:       13.5:    17942.3:        0.0:        0.0:       54.6:    32941.4:
:G1      :           :        :    :    10920.0:        0.0:       13.5:    17942.3:        0.0:        0.0:       54.6:    32941.4:
:PROD    : 10, 10    :    PROD:ORAT:    10920.0:        0.0:       13.5:    17942.3:        0.0:        0.0:        0.0:        0.0:
:INJ     :  1,  1    :     INJ:GRAT:        0.0:        0.0:        0.0:        0.0:        0.0:        0.0:       54.6:    32941.4:
:--------:-----------:--------:----:-----------:-----------:-----------:-----------:-----------:-----------:-----------:-----------:


Report step 18/120 at day 546/3650, date = 30-Jun-2016

Starting time step 0, stepsize 31 days, at day 546/577, date = 30-Jun-2016
Restart file written for report step  18/120, date = 30-Jun-2016 00:00:00

Warning: Keyword 'WELLS' is unhandled for output to restart file.
 Newton its= 2, linearizations= 3 (0.0sec), linear its=  2 (0.0sec)

                              **************************************************************************
  WELLS    AT       577  DAYS *                 SPE1 - CASE 1                                          *
  REPORT   19    31 Jul 2016  *                                             Flow  version 2025.10-pre  *
                              **************************************************************************


======================================================= PRODUCTION REPORT =======================================================
:  WELL  : LOCATION  :CTRL:    OIL    :   WATER   :    GAS    :   FLUID   :   WATER   : GAS/OIL  :  WAT/GAS   : BHP OR : THP OR :
:  NAME  :  (I,J,K)  :MODE:   RATE    :   RATE    :   RATE    : RES.VOL.  :    CUT    :  RATIO   :   RATIO    :CON.PR. :BLK.PR. :
:        :           :    :  STB/DAY  :  STB/DAY  : MSCF/DAY  :  RB/DAY   :           : MSCF/STB :  STB/MSCF  :  PSIA  :  PSIA  :
=================================================================================================================================
:FIELD   :           :    :    20000.0:       -0.0:    24729.0:    32560.7:     -0.000:      1.24:      0.0000:        :        :
:G1      :           :    :    20000.0:       -0.0:    24729.0:    32560.7:     -0.000:      1.24:      0.0000:        :        :
:PROD    : 10, 10    :ORAT:    20000.0:       -0.0:    24729.0:    32560.7:     -0.000:      1.24:      0.0000:  3358.2:     0.0:
:--------:-----------:----:-----------:-----------:-----------:-----------:-----------:----------:------------:--------:--------:

============================================= INJECTION REPORT ==============================================
:  WELL  : LOCATION  : CTRL : CTRL : CTRL :    OIL    :   WATER   :    GAS    :   FLUID   : BHP OR : THP OR :
:  NAME  :  (I,J,K)  : MODE : MODE : MODE :   RATE    :   RATE    :   RATE    : RES.VOL.  :CON.PR. :BLK.PR. :
:        :           : OIL  : WAT  : GAS  :  STB/DAY  :  STB/DAY  : MSCF/DAY  :  RB/DAY   :  PSIA  :  PSIA  :
=============================================================================================================
:FIELD   :           :      :      :      :        0.0:        0.0:   100000.0:    54522.2:        :        :
:G1      :           :      :      :      :        0.0:        0.0:   100000.0:    54522.2:        :        :
:INJ     :  1,  1    :      :      :  GRAT:        0.0:        0.0:   100000.0:    54522.2:  6850.2:     0.0:
:--------:-----------:------:------:------:-----------:-----------:-----------:-----------:--------:--------:

============================================== CUMULATIVE PRODUCTION/INJECTION TOTALS ==============================================
:  WELL  : LOCATION  :  WELL  :CTRL:    OIL    :   WATER   :    GAS    :   Prod    :    OIL    :   WATER   :    GAS    :    INJ    :
:  NAME  :  (I,J,K)  :  TYPE  :MODE:   PROD    :   PROD    :   PROD    : RES.VOL.  :    INJ    :    INJ    :    INJ    : RES.VOL.  :
:        :           :        :    :   MSTB    :   MSTB    :   MMSCF   :    MRB    :   MSTB    :   MSTB    :   MMSCF   :    MRB    :
====================================================================================================================================
:FIELD   :           :        :    :    11540.0:        0.0:       14.3:    18951.7:        0.0:        0.0:       57.7:    34631.6:
:G1      :           :        :    :    11540.0:        0.0:       14.3:    18951.7:        0.0:        0.0:       57.7:    34631.6:
:PROD    : 10, 10    :    PROD:ORAT:    11540.0:        0.0:       14.3:    18951.7:        0.0:        0.0:        0.0:        0.0:
:INJ     :  1,  1    :     INJ:GRAT:        0.0:        0.0:        0.0:        0.0:        0.0:        0.0:       57.7:    34631.6:
:--------:-----------:--------:----:-----------:-----------:-----------:-----------:-----------:-----------:-----------:-----------:


Report step 19/120 at day 577/3650, date = 31-Jul-2016

Starting time step 0, stepsize 31 days, at day 577/608, date = 31-Jul-2016
Restart file written for report step  19/120, date = 31-Jul-2016 00:00:00

Warning: Keyword 'WELLS' is unhandled for output to restart file.
 Newton its= 2, linearizations= 3 (0.0sec), linear its=  2 (0.0sec)

                              **************************************************************************
  WELLS    AT       608  DAYS *                 SPE1 - CASE 1                                          *
  REPORT   20    31 Aug 2016  *                                             Flow  version 2025.10-pre  *
                              **************************************************************************


======================================================= PRODUCTION REPORT =======================================================
:  WELL  : LOCATION  :CTRL:    OIL    :   WATER   :    GAS    :   FLUID   :   WATER   : GAS/OIL  :  WAT/GAS   : BHP OR : THP OR :
:  NAME  :  (I,J,K)  :MODE:   RATE    :   RATE    :   RATE    : RES.VOL.  :    CUT    :  RATIO   :   RATIO    :CON.PR. :BLK.PR. :
:        :           :    :  STB/DAY  :  STB/DAY  : MSCF/DAY  :  RB/DAY   :           : MSCF/STB :  STB/MSCF  :  PSIA  :  PSIA  :
=================================================================================================================================
:FIELD   :           :    :    20000.0:       -0.0:    24733.3:    32536.7:     -0.000:      1.24:      0.0000:        :        :
:G1      :           :    :    20000.0:       -0.0:    24733.3:    32536.7:     -0.000:      1.24:      0.0000:        :        :
:PROD    : 10, 10    :ORAT:    20000.0:       -0.0:    24733.3:    32536.7:     -0.000:      1.24:      0.0000:  3434.2:     0.0:
:--------:-----------:----:-----------:-----------:-----------:-----------:-----------:----------:------------:--------:--------:

============================================= INJECTION REPORT ==============================================
:  WELL  : LOCATION  : CTRL : CTRL : CTRL :    OIL    :   WATER   :    GAS    :   FLUID   : BHP OR : THP OR :
:  NAME  :  (I,J,K)  : MODE : MODE : MODE :   RATE    :   RATE    :   RATE    : RES.VOL.  :CON.PR. :BLK.PR. :
:        :           : OIL  : WAT  : GAS  :  STB/DAY  :  STB/DAY  : MSCF/DAY  :  RB/DAY   :  PSIA  :  PSIA  :
=============================================================================================================
:FIELD   :           :      :      :      :        0.0:        0.0:   100000.0:    54087.9:        :        :
:G1      :           :      :      :      :        0.0:        0.0:   100000.0:    54087.9:        :        :
:INJ     :  1,  1    :      :      :  GRAT:        0.0:        0.0:   100000.0:    54087.9:  6891.3:     0.0:
:--------:-----------:------:------:------:-----------:-----------:-----------:-----------:--------:--------:

============================================== CUMULATIVE PRODUCTION/INJECTION TOTALS ==============================================
:  WELL  : LOCATION  :  WELL  :CTRL:    OIL    :   WATER   :    GAS    :   Prod    :    OIL    :   WATER   :    GAS    :    INJ    :
:  NAME  :  (I,J,K)  :  TYPE  :MODE:   PROD    :   PROD    :   PROD    : RES.VOL.  :    INJ    :    INJ    :    INJ    : RES.VOL.  :
:        :           :        :    :   MSTB    :   MSTB    :   MMSCF   :    MRB    :   MSTB    :   MSTB    :   MMSCF   :    MRB    :
====================================================================================================================================
:FIELD   :           :        :    :    12160.0:        0.0:       15.0:    19960.3:        0.0:        0.0:       60.8:    36308.3:
:G1      :           :        :    :    12160.0:        0.0:       15.0:    19960.3:        0.0:        0.0:       60.8:    36308.3:
:PROD    : 10, 10    :    PROD:ORAT:    12160.0:        0.0:       15.0:    19960.3:        0.0:        0.0:        0.0:        0.0:
:INJ     :  1,  1    :     INJ:GRAT:        0.0:        0.0:        0.0:        0.0:        0.0:        0.0:       60.8:    36308.3:
:--------:-----------:--------:----:-----------:-----------:-----------:-----------:-----------:-----------:-----------:-----------:


Report step 20/120 at day 608/3650, date = 31-Aug-2016

Starting time step 0, stepsize 30 days, at day 608/638, date = 31-Aug-2016
Restart file written for report step  20/120, date = 31-Aug-2016 00:00:00

Warning: Keyword 'WELLS' is unhandled for output to restart file.
 Newton its= 2, linearizations= 3 (0.0sec), linear its=  2 (0.0sec)

                              **************************************************************************
  WELLS    AT       638  DAYS *                 SPE1 - CASE 1                                          *
  REPORT   21    30 Sep 2016  *                                             Flow  version 2025.10-pre  *
                              **************************************************************************


======================================================= PRODUCTION REPORT =======================================================
:  WELL  : LOCATION  :CTRL:    OIL    :   WATER   :    GAS    :   FLUID   :   WATER   : GAS/OIL  :  WAT/GAS   : BHP OR : THP OR :
:  NAME  :  (I,J,K)  :MODE:   RATE    :   RATE    :   RATE    : RES.VOL.  :    CUT    :  RATIO   :   RATIO    :CON.PR. :BLK.PR. :
:        :           :    :  STB/DAY  :  STB/DAY  : MSCF/DAY  :  RB/DAY   :           : MSCF/STB :  STB/MSCF  :  PSIA  :  PSIA  :
=================================================================================================================================
:FIELD   :           :    :    20000.0:       -0.0:    24758.4:    32523.0:     -0.000:      1.24:      0.0000:        :        :
:G1      :           :    :    20000.0:       -0.0:    24758.4:    32523.0:     -0.000:      1.24:      0.0000:        :        :
:PROD    : 10, 10    :ORAT:    20000.0:       -0.0:    24758.4:    32523.0:     -0.000:      1.24:      0.0000:  3508.9:     0.0:
:--------:-----------:----:-----------:-----------:-----------:-----------:-----------:----------:------------:--------:--------:

============================================= INJECTION REPORT ==============================================
:  WELL  : LOCATION  : CTRL : CTRL : CTRL :    OIL    :   WATER   :    GAS    :   FLUID   : BHP OR : THP OR :
:  NAME  :  (I,J,K)  : MODE : MODE : MODE :   RATE    :   RATE    :   RATE    : RES.VOL.  :CON.PR. :BLK.PR. :
:        :           : OIL  : WAT  : GAS  :  STB/DAY  :  STB/DAY  : MSCF/DAY  :  RB/DAY   :  PSIA  :  PSIA  :
=============================================================================================================
:FIELD   :           :      :      :      :        0.0:        0.0:   100000.0:    53669.6:        :        :
:G1      :           :      :      :      :        0.0:        0.0:   100000.0:    53669.6:        :        :
:INJ     :  1,  1    :      :      :  GRAT:        0.0:        0.0:   100000.0:    53669.6:  6930.9:     0.0:
:--------:-----------:------:------:------:-----------:-----------:-----------:-----------:--------:--------:

============================================== CUMULATIVE PRODUCTION/INJECTION TOTALS ==============================================
:  WELL  : LOCATION  :  WELL  :CTRL:    OIL    :   WATER   :    GAS    :   Prod    :    OIL    :   WATER   :    GAS    :    INJ    :
:  NAME  :  (I,J,K)  :  TYPE  :MODE:   PROD    :   PROD    :   PROD    : RES.VOL.  :    INJ    :    INJ    :    INJ    : RES.VOL.  :
:        :           :        :    :   MSTB    :   MSTB    :   MMSCF   :    MRB    :   MSTB    :   MSTB    :   MMSCF   :    MRB    :
====================================================================================================================================
:FIELD   :           :        :    :    12760.0:        0.0:       15.8:    20936.0:        0.0:        0.0:       63.8:    37918.4:
:G1      :           :        :    :    12760.0:        0.0:       15.8:    20936.0:        0.0:        0.0:       63.8:    37918.4:
:PROD    : 10, 10    :    PROD:ORAT:    12760.0:        0.0:       15.8:    20936.0:        0.0:        0.0:        0.0:        0.0:
:INJ     :  1,  1    :     INJ:GRAT:        0.0:        0.0:        0.0:        0.0:        0.0:        0.0:       63.8:    37918.4:
:--------:-----------:--------:----:-----------:-----------:-----------:-----------:-----------:-----------:-----------:-----------:


Report step 21/120 at day 638/3650, date = 30-Sep-2016

Starting time step 0, stepsize 31 days, at day 638/669, date = 30-Sep-2016
Restart file written for report step  21/120, date = 30-Sep-2016 00:00:00

Warning: Keyword 'WELLS' is unhandled for output to restart file.
 Newton its= 4, linearizations= 5 (0.0sec), linear its=  3 (0.0sec)

                              **************************************************************************
  WELLS    AT       669  DAYS *                 SPE1 - CASE 1                                          *
  REPORT   22    31 Oct 2016  *                                             Flow  version 2025.10-pre  *
                              **************************************************************************


======================================================= PRODUCTION REPORT =======================================================
:  WELL  : LOCATION  :CTRL:    OIL    :   WATER   :    GAS    :   FLUID   :   WATER   : GAS/OIL  :  WAT/GAS   : BHP OR : THP OR :
:  NAME  :  (I,J,K)  :MODE:   RATE    :   RATE    :   RATE    : RES.VOL.  :    CUT    :  RATIO   :   RATIO    :CON.PR. :BLK.PR. :
:        :           :    :  STB/DAY  :  STB/DAY  : MSCF/DAY  :  RB/DAY   :           : MSCF/STB :  STB/MSCF  :  PSIA  :  PSIA  :
=================================================================================================================================
:FIELD   :           :    :    19999.9:       -0.0:    27376.6:    33854.5:     -0.000:      1.37:      0.0000:        :        :
:G1      :           :    :    19999.9:       -0.0:    27376.6:    33854.5:     -0.000:      1.37:      0.0000:        :        :
:PROD    : 10, 10    :ORAT:    19999.9:       -0.0:    27376.6:    33854.5:     -0.000:      1.37:      0.0000:  3533.0:     0.0:
:--------:-----------:----:-----------:-----------:-----------:-----------:-----------:----------:------------:--------:--------:

============================================= INJECTION REPORT ==============================================
:  WELL  : LOCATION  : CTRL : CTRL : CTRL :    OIL    :   WATER   :    GAS    :   FLUID   : BHP OR : THP OR :
:  NAME  :  (I,J,K)  : MODE : MODE : MODE :   RATE    :   RATE    :   RATE    : RES.VOL.  :CON.PR. :BLK.PR. :
:        :           : OIL  : WAT  : GAS  :  STB/DAY  :  STB/DAY  : MSCF/DAY  :  RB/DAY   :  PSIA  :  PSIA  :
=============================================================================================================
:FIELD   :           :      :      :      :        0.0:        0.0:   100000.0:    53279.2:        :        :
:G1      :           :      :      :      :        0.0:        0.0:   100000.0:    53279.2:        :        :
:INJ     :  1,  1    :      :      :  GRAT:        0.0:        0.0:   100000.0:    53279.2:  6970.6:     0.0:
:--------:-----------:------:------:------:-----------:-----------:-----------:-----------:--------:--------:

============================================== CUMULATIVE PRODUCTION/INJECTION TOTALS ==============================================
:  WELL  : LOCATION  :  WELL  :CTRL:    OIL    :   WATER   :    GAS    :   Prod    :    OIL    :   WATER   :    GAS    :    INJ    :
:  NAME  :  (I,J,K)  :  TYPE  :MODE:   PROD    :   PROD    :   PROD    : RES.VOL.  :    INJ    :    INJ    :    INJ    : RES.VOL.  :
:        :           :        :    :   MSTB    :   MSTB    :   MMSCF   :    MRB    :   MSTB    :   MSTB    :   MMSCF   :    MRB    :
====================================================================================================================================
:FIELD   :           :        :    :    13380.0:        0.0:       16.6:    21985.5:        0.0:        0.0:       66.9:    39570.1:
:G1      :           :        :    :    13380.0:        0.0:       16.6:    21985.5:        0.0:        0.0:       66.9:    39570.1:
:PROD    : 10, 10    :    PROD:ORAT:    13380.0:        0.0:       16.6:    21985.5:        0.0:        0.0:        0.0:        0.0:
:INJ     :  1,  1    :     INJ:GRAT:        0.0:        0.0:        0.0:        0.0:        0.0:        0.0:       66.9:    39570.1:
:--------:-----------:--------:----:-----------:-----------:-----------:-----------:-----------:-----------:-----------:-----------:


Report step 22/120 at day 669/3650, date = 31-Oct-2016

Starting time step 0, stepsize 30 days, at day 669/699, date = 31-Oct-2016
Restart file written for report step  22/120, date = 31-Oct-2016 00:00:00

Warning: Keyword 'WELLS' is unhandled for output to restart file.
 Newton its= 3, linearizations= 4 (0.0sec), linear its=  3 (0.0sec)

                              **************************************************************************
  WELLS    AT       699  DAYS *                 SPE1 - CASE 1                                          *
  REPORT   23    30 Nov 2016  *                                             Flow  version 2025.10-pre  *
                              **************************************************************************


======================================================= PRODUCTION REPORT =======================================================
:  WELL  : LOCATION  :CTRL:    OIL    :   WATER   :    GAS    :   FLUID   :   WATER   : GAS/OIL  :  WAT/GAS   : BHP OR : THP OR :
:  NAME  :  (I,J,K)  :MODE:   RATE    :   RATE    :   RATE    : RES.VOL.  :    CUT    :  RATIO   :   RATIO    :CON.PR. :BLK.PR. :
:        :           :    :  STB/DAY  :  STB/DAY  : MSCF/DAY  :  RB/DAY   :           : MSCF/STB :  STB/MSCF  :  PSIA  :  PSIA  :
=================================================================================================================================
:FIELD   :           :    :    20000.0:       -0.0:    34025.9:    37343.4:     -0.000:      1.70:      0.0000:        :        :
:G1      :           :    :    20000.0:       -0.0:    34025.9:    37343.4:     -0.000:      1.70:      0.0000:        :        :
:PROD    : 10, 10    :ORAT:    20000.0:       -0.0:    34025.9:    37343.4:     -0.000:      1.70:      0.0000:  3396.3:     0.0:
:--------:-----------:----:-----------:-----------:-----------:-----------:-----------:----------:------------:--------:--------:

============================================= INJECTION REPORT ==============================================
:  WELL  : LOCATION  : CTRL : CTRL : CTRL :    OIL    :   WATER   :    GAS    :   FLUID   : BHP OR : THP OR :
:  NAME  :  (I,J,K)  : MODE : MODE : MODE :   RATE    :   RATE    :   RATE    : RES.VOL.  :CON.PR. :BLK.PR. :
:        :           : OIL  : WAT  : GAS  :  STB/DAY  :  STB/DAY  : MSCF/DAY  :  RB/DAY   :  PSIA  :  PSIA  :
=============================================================================================================
:FIELD   :           :      :      :      :        0.0:        0.0:   100000.0:    52918.1:        :        :
:G1      :           :      :      :      :        0.0:        0.0:   100000.0:    52918.1:        :        :
:INJ     :  1,  1    :      :      :  GRAT:        0.0:        0.0:   100000.0:    52918.1:  7004.7:     0.0:
:--------:-----------:------:------:------:-----------:-----------:-----------:-----------:--------:--------:

============================================== CUMULATIVE PRODUCTION/INJECTION TOTALS ==============================================
:  WELL  : LOCATION  :  WELL  :CTRL:    OIL    :   WATER   :    GAS    :   Prod    :    OIL    :   WATER   :    GAS    :    INJ    :
:  NAME  :  (I,J,K)  :  TYPE  :MODE:   PROD    :   PROD    :   PROD    : RES.VOL.  :    INJ    :    INJ    :    INJ    : RES.VOL.  :
:        :           :        :    :   MSTB    :   MSTB    :   MMSCF   :    MRB    :   MSTB    :   MSTB    :   MMSCF   :    MRB    :
====================================================================================================================================
:FIELD   :           :        :    :    13980.0:        0.0:       17.6:    23105.8:        0.0:        0.0:       69.9:    41157.6:
:G1      :           :        :    :    13980.0:        0.0:       17.6:    23105.8:        0.0:        0.0:       69.9:    41157.6:
:PROD    : 10, 10    :    PROD:ORAT:    13980.0:        0.0:       17.6:    23105.8:        0.0:        0.0:        0.0:        0.0:
:INJ     :  1,  1    :     INJ:GRAT:        0.0:        0.0:        0.0:        0.0:        0.0:        0.0:       69.9:    41157.6:
:--------:-----------:--------:----:-----------:-----------:-----------:-----------:-----------:-----------:-----------:-----------:


Report step 23/120 at day 699/3650, date = 30-Nov-2016

Starting time step 0, stepsize 31 days, at day 699/730, date = 30-Nov-2016
Restart file written for report step  23/120, date = 30-Nov-2016 00:00:00

Warning: Keyword 'WELLS' is unhandled for output to restart file.
 Newton its= 3, linearizations= 4 (0.0sec), linear its=  4 (0.0sec)

                              **************************************************************************
  WELLS    AT       730  DAYS *                 SPE1 - CASE 1                                          *
  REPORT   24    31 Dec 2016  *                                             Flow  version 2025.10-pre  *
                              **************************************************************************


======================================================= PRODUCTION REPORT =======================================================
:  WELL  : LOCATION  :CTRL:    OIL    :   WATER   :    GAS    :   FLUID   :   WATER   : GAS/OIL  :  WAT/GAS   : BHP OR : THP OR :
:  NAME  :  (I,J,K)  :MODE:   RATE    :   RATE    :   RATE    : RES.VOL.  :    CUT    :  RATIO   :   RATIO    :CON.PR. :BLK.PR. :
:        :           :    :  STB/DAY  :  STB/DAY  : MSCF/DAY  :  RB/DAY   :           : MSCF/STB :  STB/MSCF  :  PSIA  :  PSIA  :
=================================================================================================================================
:FIELD   :           :    :    20000.0:       -0.0:    43982.4:    42543.9:     -0.000:      2.20:      0.0000:        :        :
:G1      :           :    :    20000.0:       -0.0:    43982.4:    42543.9:     -0.000:      2.20:      0.0000:        :        :
:PROD    : 10, 10    :ORAT:    20000.0:       -0.0:    43982.4:    42543.9:     -0.000:      2.20:      0.0000:  3107.6:     0.0:
:--------:-----------:----:-----------:-----------:-----------:-----------:-----------:----------:------------:--------:--------:

============================================= INJECTION REPORT ==============================================
:  WELL  : LOCATION  : CTRL : CTRL : CTRL :    OIL    :   WATER   :    GAS    :   FLUID   : BHP OR : THP OR :
:  NAME  :  (I,J,K)  : MODE : MODE : MODE :   RATE    :   RATE    :   RATE    : RES.VOL.  :CON.PR. :BLK.PR. :
:        :           : OIL  : WAT  : GAS  :  STB/DAY  :  STB/DAY  : MSCF/DAY  :  RB/DAY   :  PSIA  :  PSIA  :
=============================================================================================================
:FIELD   :           :      :      :      :        0.0:        0.0:   100000.0:    52644.6:        :        :
:G1      :           :      :      :      :        0.0:        0.0:   100000.0:    52644.6:        :        :
:INJ     :  1,  1    :      :      :  GRAT:        0.0:        0.0:   100000.0:    52644.6:  7031.4:     0.0:
:--------:-----------:------:------:------:-----------:-----------:-----------:-----------:--------:--------:

============================================== CUMULATIVE PRODUCTION/INJECTION TOTALS ==============================================
:  WELL  : LOCATION  :  WELL  :CTRL:    OIL    :   WATER   :    GAS    :   Prod    :    OIL    :   WATER   :    GAS    :    INJ    :
:  NAME  :  (I,J,K)  :  TYPE  :MODE:   PROD    :   PROD    :   PROD    : RES.VOL.  :    INJ    :    INJ    :    INJ    : RES.VOL.  :
:        :           :        :    :   MSTB    :   MSTB    :   MMSCF   :    MRB    :   MSTB    :   MSTB    :   MMSCF   :    MRB    :
====================================================================================================================================
:FIELD   :           :        :    :    14600.0:        0.0:       19.0:    24424.6:        0.0:        0.0:       73.0:    42789.6:
:G1      :           :        :    :    14600.0:        0.0:       19.0:    24424.6:        0.0:        0.0:       73.0:    42789.6:
:PROD    : 10, 10    :    PROD:ORAT:    14600.0:        0.0:       19.0:    24424.6:        0.0:        0.0:        0.0:        0.0:
:INJ     :  1,  1    :     INJ:GRAT:        0.0:        0.0:        0.0:        0.0:        0.0:        0.0:       73.0:    42789.6:
:--------:-----------:--------:----:-----------:-----------:-----------:-----------:-----------:-----------:-----------:-----------:


Report step 24/120 at day 730/3650, date = 31-Dec-2016

Starting time step 0, stepsize 31 days, at day 730/761, date = 31-Dec-2016
Restart file written for report step  24/120, date = 31-Dec-2016 00:00:00

Warning: Keyword 'WELLS' is unhandled for output to restart file.
 Newton its= 2, linearizations= 3 (0.0sec), linear its=  3 (0.0sec)

                              **************************************************************************
  WELLS    AT       761  DAYS *                 SPE1 - CASE 1                                          *
  REPORT   25    31 Jan 2017  *                                             Flow  version 2025.10-pre  *
                              **************************************************************************


======================================================= PRODUCTION REPORT =======================================================
:  WELL  : LOCATION  :CTRL:    OIL    :   WATER   :    GAS    :   FLUID   :   WATER   : GAS/OIL  :  WAT/GAS   : BHP OR : THP OR :
:  NAME  :  (I,J,K)  :MODE:   RATE    :   RATE    :   RATE    : RES.VOL.  :    CUT    :  RATIO   :   RATIO    :CON.PR. :BLK.PR. :
:        :           :    :  STB/DAY  :  STB/DAY  : MSCF/DAY  :  RB/DAY   :           : MSCF/STB :  STB/MSCF  :  PSIA  :  PSIA  :
=================================================================================================================================
:FIELD   :           :    :    19999.6:       -0.0:    54556.7:    48045.8:     -0.000:      2.73:      0.0000:        :        :
:G1      :           :    :    19999.6:       -0.0:    54556.7:    48045.8:     -0.000:      2.73:      0.0000:        :        :
:PROD    : 10, 10    :ORAT:    19999.6:       -0.0:    54556.7:    48045.8:     -0.000:      2.73:      0.0000:  2783.8:     0.0:
:--------:-----------:----:-----------:-----------:-----------:-----------:-----------:----------:------------:--------:--------:

============================================= INJECTION REPORT ==============================================
:  WELL  : LOCATION  : CTRL : CTRL : CTRL :    OIL    :   WATER   :    GAS    :   FLUID   : BHP OR : THP OR :
:  NAME  :  (I,J,K)  : MODE : MODE : MODE :   RATE    :   RATE    :   RATE    : RES.VOL.  :CON.PR. :BLK.PR. :
:        :           : OIL  : WAT  : GAS  :  STB/DAY  :  STB/DAY  : MSCF/DAY  :  RB/DAY   :  PSIA  :  PSIA  :
=============================================================================================================
:FIELD   :           :      :      :      :        0.0:        0.0:   100000.0:    52463.1:        :        :
:G1      :           :      :      :      :        0.0:        0.0:   100000.0:    52463.1:        :        :
:INJ     :  1,  1    :      :      :  GRAT:        0.0:        0.0:   100000.0:    52463.1:  7047.3:     0.0:
:--------:-----------:------:------:------:-----------:-----------:-----------:-----------:--------:--------:

============================================== CUMULATIVE PRODUCTION/INJECTION TOTALS ==============================================
:  WELL  : LOCATION  :  WELL  :CTRL:    OIL    :   WATER   :    GAS    :   Prod    :    OIL    :   WATER   :    GAS    :    INJ    :
:  NAME  :  (I,J,K)  :  TYPE  :MODE:   PROD    :   PROD    :   PROD    : RES.VOL.  :    INJ    :    INJ    :    INJ    : RES.VOL.  :
:        :           :        :    :   MSTB    :   MSTB    :   MMSCF   :    MRB    :   MSTB    :   MSTB    :   MMSCF   :    MRB    :
====================================================================================================================================
:FIELD   :           :        :    :    15220.0:        0.0:       20.7:    25914.1:        0.0:        0.0:       76.1:    44416.0:
:G1      :           :        :    :    15220.0:        0.0:       20.7:    25914.1:        0.0:        0.0:       76.1:    44416.0:
:PROD    : 10, 10    :    PROD:ORAT:    15220.0:        0.0:       20.7:    25914.1:        0.0:        0.0:        0.0:        0.0:
:INJ     :  1,  1    :     INJ:GRAT:        0.0:        0.0:        0.0:        0.0:        0.0:        0.0:       76.1:    44416.0:
:--------:-----------:--------:----:-----------:-----------:-----------:-----------:-----------:-----------:-----------:-----------:


Report step 25/120 at day 761/3650, date = 31-Jan-2017

Starting time step 0, stepsize 28 days, at day 761/789, date = 31-Jan-2017
Restart file written for report step  25/120, date = 31-Jan-2017 00:00:00

Warning: Keyword 'WELLS' is unhandled for output to restart file.
 Newton its= 3, linearizations= 4 (0.0sec), linear its=  6 (0.0sec)

                              **************************************************************************
  WELLS    AT       789  DAYS *                 SPE1 - CASE 1                                          *
  REPORT   26    28 Feb 2017  *                                             Flow  version 2025.10-pre  *
                              **************************************************************************


======================================================= PRODUCTION REPORT =======================================================
:  WELL  : LOCATION  :CTRL:    OIL    :   WATER   :    GAS    :   FLUID   :   WATER   : GAS/OIL  :  WAT/GAS   : BHP OR : THP OR :
:  NAME  :  (I,J,K)  :MODE:   RATE    :   RATE    :   RATE    : RES.VOL.  :    CUT    :  RATIO   :   RATIO    :CON.PR. :BLK.PR. :
:        :           :    :  STB/DAY  :  STB/DAY  : MSCF/DAY  :  RB/DAY   :           : MSCF/STB :  STB/MSCF  :  PSIA  :  PSIA  :
=================================================================================================================================
:FIELD   :           :    :    20000.0:       -0.0:    65510.4:    53754.2:     -0.000:      3.28:      0.0000:        :        :
:G1      :           :    :    20000.0:       -0.0:    65510.4:    53754.2:     -0.000:      3.28:      0.0000:        :        :
:PROD    : 10, 10    :ORAT:    20000.0:       -0.0:    65510.4:    53754.2:     -0.000:      3.28:      0.0000:  2509.9:     0.0:
:--------:-----------:----:-----------:-----------:-----------:-----------:-----------:----------:------------:--------:--------:

============================================= INJECTION REPORT ==============================================
:  WELL  : LOCATION  : CTRL : CTRL : CTRL :    OIL    :   WATER   :    GAS    :   FLUID   : BHP OR : THP OR :
:  NAME  :  (I,J,K)  : MODE : MODE : MODE :   RATE    :   RATE    :   RATE    : RES.VOL.  :CON.PR. :BLK.PR. :
:        :           : OIL  : WAT  : GAS  :  STB/DAY  :  STB/DAY  : MSCF/DAY  :  RB/DAY   :  PSIA  :  PSIA  :
=============================================================================================================
:FIELD   :           :      :      :      :        0.0:        0.0:   100000.0:    52380.4:        :        :
:G1      :           :      :      :      :        0.0:        0.0:   100000.0:    52380.4:        :        :
:INJ     :  1,  1    :      :      :  GRAT:        0.0:        0.0:   100000.0:    52380.4:  7051.5:     0.0:
:--------:-----------:------:------:------:-----------:-----------:-----------:-----------:--------:--------:

============================================== CUMULATIVE PRODUCTION/INJECTION TOTALS ==============================================
:  WELL  : LOCATION  :  WELL  :CTRL:    OIL    :   WATER   :    GAS    :   Prod    :    OIL    :   WATER   :    GAS    :    INJ    :
:  NAME  :  (I,J,K)  :  TYPE  :MODE:   PROD    :   PROD    :   PROD    : RES.VOL.  :    INJ    :    INJ    :    INJ    : RES.VOL.  :
:        :           :        :    :   MSTB    :   MSTB    :   MMSCF   :    MRB    :   MSTB    :   MSTB    :   MMSCF   :    MRB    :
====================================================================================================================================
:FIELD   :           :        :    :    15780.0:        0.0:       22.5:    27419.2:        0.0:        0.0:       78.9:    45882.6:
:G1      :           :        :    :    15780.0:        0.0:       22.5:    27419.2:        0.0:        0.0:       78.9:    45882.6:
:PROD    : 10, 10    :    PROD:ORAT:    15780.0:        0.0:       22.5:    27419.2:        0.0:        0.0:        0.0:        0.0:
:INJ     :  1,  1    :     INJ:GRAT:        0.0:        0.0:        0.0:        0.0:        0.0:        0.0:       78.9:    45882.6:
:--------:-----------:--------:----:-----------:-----------:-----------:-----------:-----------:-----------:-----------:-----------:


Report step 26/120 at day 789/3650, date = 28-Feb-2017

Starting time step 0, stepsize 31 days, at day 789/820, date = 28-Feb-2017
Restart file written for report step  26/120, date = 28-Feb-2017 00:00:00

Warning: Keyword 'WELLS' is unhandled for output to restart file.
 Newton its= 3, linearizations= 4 (0.0sec), linear its=  4 (0.0sec)

                              **************************************************************************
  WELLS    AT       820  DAYS *                 SPE1 - CASE 1                                          *
  REPORT   27    31 Mar 2017  *                                             Flow  version 2025.10-pre  *
                              **************************************************************************


======================================================= PRODUCTION REPORT =======================================================
:  WELL  : LOCATION  :CTRL:    OIL    :   WATER   :    GAS    :   FLUID   :   WATER   : GAS/OIL  :  WAT/GAS   : BHP OR : THP OR :
:  NAME  :  (I,J,K)  :MODE:   RATE    :   RATE    :   RATE    : RES.VOL.  :    CUT    :  RATIO   :   RATIO    :CON.PR. :BLK.PR. :
:        :           :    :  STB/DAY  :  STB/DAY  : MSCF/DAY  :  RB/DAY   :           : MSCF/STB :  STB/MSCF  :  PSIA  :  PSIA  :
=================================================================================================================================
:FIELD   :           :    :    20000.0:       -0.0:    77970.3:    60289.0:     -0.000:      3.90:      0.0000:        :        :
:G1      :           :    :    20000.0:       -0.0:    77970.3:    60289.0:     -0.000:      3.90:      0.0000:        :        :
:PROD    : 10, 10    :ORAT:    20000.0:       -0.0:    77970.3:    60289.0:     -0.000:      3.90:      0.0000:  2240.3:     0.0:
:--------:-----------:----:-----------:-----------:-----------:-----------:-----------:----------:------------:--------:--------:

============================================= INJECTION REPORT ==============================================
:  WELL  : LOCATION  : CTRL : CTRL : CTRL :    OIL    :   WATER   :    GAS    :   FLUID   : BHP OR : THP OR :
:  NAME  :  (I,J,K)  : MODE : MODE : MODE :   RATE    :   RATE    :   RATE    : RES.VOL.  :CON.PR. :BLK.PR. :
:        :           : OIL  : WAT  : GAS  :  STB/DAY  :  STB/DAY  : MSCF/DAY  :  RB/DAY   :  PSIA  :  PSIA  :
=============================================================================================================
:FIELD   :           :      :      :      :        0.0:        0.0:   100000.0:    52394.3:        :        :
:G1      :           :      :      :      :        0.0:        0.0:   100000.0:    52394.3:        :        :
:INJ     :  1,  1    :      :      :  GRAT:        0.0:        0.0:   100000.0:    52394.3:  7042.3:     0.0:
:--------:-----------:------:------:------:-----------:-----------:-----------:-----------:--------:--------:

============================================== CUMULATIVE PRODUCTION/INJECTION TOTALS ==============================================
:  WELL  : LOCATION  :  WELL  :CTRL:    OIL    :   WATER   :    GAS    :   Prod    :    OIL    :   WATER   :    GAS    :    INJ    :
:  NAME  :  (I,J,K)  :  TYPE  :MODE:   PROD    :   PROD    :   PROD    : RES.VOL.  :    INJ    :    INJ    :    INJ    : RES.VOL.  :
:        :           :        :    :   MSTB    :   MSTB    :   MMSCF   :    MRB    :   MSTB    :   MSTB    :   MMSCF   :    MRB    :
====================================================================================================================================
:FIELD   :           :        :    :    16400.0:        0.0:       25.0:    29288.1:        0.0:        0.0:       82.0:    47506.8:
:G1      :           :        :    :    16400.0:        0.0:       25.0:    29288.1:        0.0:        0.0:       82.0:    47506.8:
:PROD    : 10, 10    :    PROD:ORAT:    16400.0:        0.0:       25.0:    29288.1:        0.0:        0.0:        0.0:        0.0:
:INJ     :  1,  1    :     INJ:GRAT:        0.0:        0.0:        0.0:        0.0:        0.0:        0.0:       82.0:    47506.8:
:--------:-----------:--------:----:-----------:-----------:-----------:-----------:-----------:-----------:-----------:-----------:


Report step 27/120 at day 820/3650, date = 31-Mar-2017

Starting time step 0, stepsize 30 days, at day 820/850, date = 31-Mar-2017
Restart file written for report step  27/120, date = 31-Mar-2017 00:00:00

Warning: Keyword 'WELLS' is unhandled for output to restart file.
 Newton its= 3, linearizations= 4 (0.0sec), linear its=  4 (0.0sec)

                              **************************************************************************
  WELLS    AT       850  DAYS *                 SPE1 - CASE 1                                          *
  REPORT   28    30 Apr 2017  *                                             Flow  version 2025.10-pre  *
                              **************************************************************************


======================================================= PRODUCTION REPORT =======================================================
:  WELL  : LOCATION  :CTRL:    OIL    :   WATER   :    GAS    :   FLUID   :   WATER   : GAS/OIL  :  WAT/GAS   : BHP OR : THP OR :
:  NAME  :  (I,J,K)  :MODE:   RATE    :   RATE    :   RATE    : RES.VOL.  :    CUT    :  RATIO   :   RATIO    :CON.PR. :BLK.PR. :
:        :           :    :  STB/DAY  :  STB/DAY  : MSCF/DAY  :  RB/DAY   :           : MSCF/STB :  STB/MSCF  :  PSIA  :  PSIA  :
=================================================================================================================================
:FIELD   :           :    :    20000.0:       -0.0:    88663.2:    65978.4:     -0.000:      4.43:      0.0000:        :        :
:G1      :           :    :    20000.0:       -0.0:    88663.2:    65978.4:     -0.000:      4.43:      0.0000:        :        :
:PROD    : 10, 10    :ORAT:    20000.0:       -0.0:    88663.2:    65978.4:     -0.000:      4.43:      0.0000:  1999.9:     0.0:
:--------:-----------:----:-----------:-----------:-----------:-----------:-----------:----------:------------:--------:--------:

============================================= INJECTION REPORT ==============================================
:  WELL  : LOCATION  : CTRL : CTRL : CTRL :    OIL    :   WATER   :    GAS    :   FLUID   : BHP OR : THP OR :
:  NAME  :  (I,J,K)  : MODE : MODE : MODE :   RATE    :   RATE    :   RATE    : RES.VOL.  :CON.PR. :BLK.PR. :
:        :           : OIL  : WAT  : GAS  :  STB/DAY  :  STB/DAY  : MSCF/DAY  :  RB/DAY   :  PSIA  :  PSIA  :
=============================================================================================================
:FIELD   :           :      :      :      :        0.0:        0.0:   100000.0:    52518.9:        :        :
:G1      :           :      :      :      :        0.0:        0.0:   100000.0:    52518.9:        :        :
:INJ     :  1,  1    :      :      :  GRAT:        0.0:        0.0:   100000.0:    52518.9:  7021.1:     0.0:
:--------:-----------:------:------:------:-----------:-----------:-----------:-----------:--------:--------:

============================================== CUMULATIVE PRODUCTION/INJECTION TOTALS ==============================================
:  WELL  : LOCATION  :  WELL  :CTRL:    OIL    :   WATER   :    GAS    :   Prod    :    OIL    :   WATER   :    GAS    :    INJ    :
:  NAME  :  (I,J,K)  :  TYPE  :MODE:   PROD    :   PROD    :   PROD    : RES.VOL.  :    INJ    :    INJ    :    INJ    : RES.VOL.  :
:        :           :        :    :   MSTB    :   MSTB    :   MMSCF   :    MRB    :   MSTB    :   MSTB    :   MMSCF   :    MRB    :
====================================================================================================================================
:FIELD   :           :        :    :    17000.0:        0.0:       27.6:    31267.5:        0.0:        0.0:       85.0:    49082.4:
:G1      :           :        :    :    17000.0:        0.0:       27.6:    31267.5:        0.0:        0.0:       85.0:    49082.4:
:PROD    : 10, 10    :    PROD:ORAT:    17000.0:        0.0:       27.6:    31267.5:        0.0:        0.0:        0.0:        0.0:
:INJ     :  1,  1    :     INJ:GRAT:        0.0:        0.0:        0.0:        0.0:        0.0:        0.0:       85.0:    49082.4:
:--------:-----------:--------:----:-----------:-----------:-----------:-----------:-----------:-----------:-----------:-----------:


Report step 28/120 at day 850/3650, date = 30-Apr-2017

Starting time step 0, stepsize 31 days, at day 850/881, date = 30-Apr-2017
Restart file written for report step  28/120, date = 30-Apr-2017 00:00:00

Warning: Keyword 'WELLS' is unhandled for output to restart file.
 Newton its= 2, linearizations= 3 (0.0sec), linear its=  4 (0.0sec)

                              **************************************************************************
  WELLS    AT       881  DAYS *                 SPE1 - CASE 1                                          *
  REPORT   29    31 May 2017  *                                             Flow  version 2025.10-pre  *
                              **************************************************************************


======================================================= PRODUCTION REPORT =======================================================
:  WELL  : LOCATION  :CTRL:    OIL    :   WATER   :    GAS    :   FLUID   :   WATER   : GAS/OIL  :  WAT/GAS   : BHP OR : THP OR :
:  NAME  :  (I,J,K)  :MODE:   RATE    :   RATE    :   RATE    : RES.VOL.  :    CUT    :  RATIO   :   RATIO    :CON.PR. :BLK.PR. :
:        :           :    :  STB/DAY  :  STB/DAY  : MSCF/DAY  :  RB/DAY   :           : MSCF/STB :  STB/MSCF  :  PSIA  :  PSIA  :
=================================================================================================================================
:FIELD   :           :    :    20000.0:       -0.0:    98934.3:    71539.1:     -0.000:      4.95:      0.0000:        :        :
:G1      :           :    :    20000.0:       -0.0:    98934.3:    71539.1:     -0.000:      4.95:      0.0000:        :        :
:PROD    : 10, 10    :ORAT:    20000.0:       -0.0:    98934.3:    71539.1:     -0.000:      4.95:      0.0000:  1760.3:     0.0:
:--------:-----------:----:-----------:-----------:-----------:-----------:-----------:----------:------------:--------:--------:

============================================= INJECTION REPORT ==============================================
:  WELL  : LOCATION  : CTRL : CTRL : CTRL :    OIL    :   WATER   :    GAS    :   FLUID   : BHP OR : THP OR :
:  NAME  :  (I,J,K)  : MODE : MODE : MODE :   RATE    :   RATE    :   RATE    : RES.VOL.  :CON.PR. :BLK.PR. :
:        :           : OIL  : WAT  : GAS  :  STB/DAY  :  STB/DAY  : MSCF/DAY  :  RB/DAY   :  PSIA  :  PSIA  :
=============================================================================================================
:FIELD   :           :      :      :      :        0.0:        0.0:   100000.0:    52727.2:        :        :
:G1      :           :      :      :      :        0.0:        0.0:   100000.0:    52727.2:        :        :
:INJ     :  1,  1    :      :      :  GRAT:        0.0:        0.0:   100000.0:    52727.2:  6986.9:     0.0:
:--------:-----------:------:------:------:-----------:-----------:-----------:-----------:--------:--------:

============================================== CUMULATIVE PRODUCTION/INJECTION TOTALS ==============================================
:  WELL  : LOCATION  :  WELL  :CTRL:    OIL    :   WATER   :    GAS    :   Prod    :    OIL    :   WATER   :    GAS    :    INJ    :
:  NAME  :  (I,J,K)  :  TYPE  :MODE:   PROD    :   PROD    :   PROD    : RES.VOL.  :    INJ    :    INJ    :    INJ    : RES.VOL.  :
:        :           :        :    :   MSTB    :   MSTB    :   MMSCF   :    MRB    :   MSTB    :   MSTB    :   MMSCF   :    MRB    :
====================================================================================================================================
:FIELD   :           :        :    :    17620.0:        0.0:       30.7:    33485.2:        0.0:        0.0:       88.1:    50716.9:
:G1      :           :        :    :    17620.0:        0.0:       30.7:    33485.2:        0.0:        0.0:       88.1:    50716.9:
:PROD    : 10, 10    :    PROD:ORAT:    17620.0:        0.0:       30.7:    33485.2:        0.0:        0.0:        0.0:        0.0:
:INJ     :  1,  1    :     INJ:GRAT:        0.0:        0.0:        0.0:        0.0:        0.0:        0.0:       88.1:    50716.9:
:--------:-----------:--------:----:-----------:-----------:-----------:-----------:-----------:-----------:-----------:-----------:


Report step 29/120 at day 881/3650, date = 31-May-2017

Starting time step 0, stepsize 30 days, at day 881/911, date = 31-May-2017

Warning: Keyword 'WELLS' is unhandled for output to restart file.
Restart file written for report step  29/120, date = 31-May-2017 00:00:00
 Newton its= 2, linearizations= 3 (0.0sec), linear its=  3 (0.0sec)

                              **************************************************************************
  WELLS    AT       911  DAYS *                 SPE1 - CASE 1                                          *
  REPORT   30    30 Jun 2017  *                                             Flow  version 2025.10-pre  *
                              **************************************************************************


======================================================= PRODUCTION REPORT =======================================================
:  WELL  : LOCATION  :CTRL:    OIL    :   WATER   :    GAS    :   FLUID   :   WATER   : GAS/OIL  :  WAT/GAS   : BHP OR : THP OR :
:  NAME  :  (I,J,K)  :MODE:   RATE    :   RATE    :   RATE    : RES.VOL.  :    CUT    :  RATIO   :   RATIO    :CON.PR. :BLK.PR. :
:        :           :    :  STB/DAY  :  STB/DAY  : MSCF/DAY  :  RB/DAY   :           : MSCF/STB :  STB/MSCF  :  PSIA  :  PSIA  :
=================================================================================================================================
:FIELD   :           :    :    20000.0:       -0.0:   108316.5:    76756.7:     -0.000:      5.42:      0.0000:        :        :
:G1      :           :    :    20000.0:       -0.0:   108316.5:    76756.7:     -0.000:      5.42:      0.0000:        :        :
:PROD    : 10, 10    :ORAT:    20000.0:       -0.0:   108316.5:    76756.7:     -0.000:      5.42:      0.0000:  1528.5:     0.0:
:--------:-----------:----:-----------:-----------:-----------:-----------:-----------:----------:------------:--------:--------:

============================================= INJECTION REPORT ==============================================
:  WELL  : LOCATION  : CTRL : CTRL : CTRL :    OIL    :   WATER   :    GAS    :   FLUID   : BHP OR : THP OR :
:  NAME  :  (I,J,K)  : MODE : MODE : MODE :   RATE    :   RATE    :   RATE    : RES.VOL.  :CON.PR. :BLK.PR. :
:        :           : OIL  : WAT  : GAS  :  STB/DAY  :  STB/DAY  : MSCF/DAY  :  RB/DAY   :  PSIA  :  PSIA  :
=============================================================================================================
:FIELD   :           :      :      :      :        0.0:        0.0:   100000.0:    53030.2:        :        :
:G1      :           :      :      :      :        0.0:        0.0:   100000.0:    53030.2:        :        :
:INJ     :  1,  1    :      :      :  GRAT:        0.0:        0.0:   100000.0:    53030.2:  6943.4:     0.0:
:--------:-----------:------:------:------:-----------:-----------:-----------:-----------:--------:--------:

============================================== CUMULATIVE PRODUCTION/INJECTION TOTALS ==============================================
:  WELL  : LOCATION  :  WELL  :CTRL:    OIL    :   WATER   :    GAS    :   Prod    :    OIL    :   WATER   :    GAS    :    INJ    :
:  NAME  :  (I,J,K)  :  TYPE  :MODE:   PROD    :   PROD    :   PROD    : RES.VOL.  :    INJ    :    INJ    :    INJ    : RES.VOL.  :
:        :           :        :    :   MSTB    :   MSTB    :   MMSCF   :    MRB    :   MSTB    :   MSTB    :   MMSCF   :    MRB    :
====================================================================================================================================
:FIELD   :           :        :    :    18220.0:        0.0:       33.9:    35787.9:        0.0:        0.0:       91.1:    52307.9:
:G1      :           :        :    :    18220.0:        0.0:       33.9:    35787.9:        0.0:        0.0:       91.1:    52307.9:
:PROD    : 10, 10    :    PROD:ORAT:    18220.0:        0.0:       33.9:    35787.9:        0.0:        0.0:        0.0:        0.0:
:INJ     :  1,  1    :     INJ:GRAT:        0.0:        0.0:        0.0:        0.0:        0.0:        0.0:       91.1:    52307.9:
:--------:-----------:--------:----:-----------:-----------:-----------:-----------:-----------:-----------:-----------:-----------:


Report step 30/120 at day 911/3650, date = 30-Jun-2017

Starting time step 0, stepsize 31 days, at day 911/942, date = 30-Jun-2017

Warning: Keyword 'WELLS' is unhandled for output to restart file.
Restart file written for report step  30/120, date = 30-Jun-2017 00:00:00
 Newton its= 2, linearizations= 3 (0.0sec), linear its=  4 (0.0sec)

                              **************************************************************************
  WELLS    AT       942  DAYS *                 SPE1 - CASE 1                                          *
  REPORT   31    31 Jul 2017  *                                             Flow  version 2025.10-pre  *
                              **************************************************************************


======================================================= PRODUCTION REPORT =======================================================
:  WELL  : LOCATION  :CTRL:    OIL    :   WATER   :    GAS    :   FLUID   :   WATER   : GAS/OIL  :  WAT/GAS   : BHP OR : THP OR :
:  NAME  :  (I,J,K)  :MODE:   RATE    :   RATE    :   RATE    : RES.VOL.  :    CUT    :  RATIO   :   RATIO    :CON.PR. :BLK.PR. :
:        :           :    :  STB/DAY  :  STB/DAY  : MSCF/DAY  :  RB/DAY   :           : MSCF/STB :  STB/MSCF  :  PSIA  :  PSIA  :
=================================================================================================================================
:FIELD   :           :    :    20000.0:       -0.0:   117524.9:    82007.4:     -0.000:      5.88:      0.0000:        :        :
:G1      :           :    :    20000.0:       -0.0:   117524.9:    82007.4:     -0.000:      5.88:      0.0000:        :        :
:PROD    : 10, 10    :ORAT:    20000.0:       -0.0:   117524.9:    82007.4:     -0.000:      5.88:      0.0000:  1289.1:     0.0:
:--------:-----------:----:-----------:-----------:-----------:-----------:-----------:----------:------------:--------:--------:

============================================= INJECTION REPORT ==============================================
:  WELL  : LOCATION  : CTRL : CTRL : CTRL :    OIL    :   WATER   :    GAS    :   FLUID   : BHP OR : THP OR :
:  NAME  :  (I,J,K)  : MODE : MODE : MODE :   RATE    :   RATE    :   RATE    : RES.VOL.  :CON.PR. :BLK.PR. :
:        :           : OIL  : WAT  : GAS  :  STB/DAY  :  STB/DAY  : MSCF/DAY  :  RB/DAY   :  PSIA  :  PSIA  :
=============================================================================================================
:FIELD   :           :      :      :      :        0.0:        0.0:   100000.0:    53403.7:        :        :
:G1      :           :      :      :      :        0.0:        0.0:   100000.0:    53403.7:        :        :
:INJ     :  1,  1    :      :      :  GRAT:        0.0:        0.0:   100000.0:    53403.7:  6888.2:     0.0:
:--------:-----------:------:------:------:-----------:-----------:-----------:-----------:--------:--------:

============================================== CUMULATIVE PRODUCTION/INJECTION TOTALS ==============================================
:  WELL  : LOCATION  :  WELL  :CTRL:    OIL    :   WATER   :    GAS    :   Prod    :    OIL    :   WATER   :    GAS    :    INJ    :
:  NAME  :  (I,J,K)  :  TYPE  :MODE:   PROD    :   PROD    :   PROD    : RES.VOL.  :    INJ    :    INJ    :    INJ    : RES.VOL.  :
:        :           :        :    :   MSTB    :   MSTB    :   MMSCF   :    MRB    :   MSTB    :   MSTB    :   MMSCF   :    MRB    :
====================================================================================================================================
:FIELD   :           :        :    :    18840.0:        0.0:       37.6:    38330.1:        0.0:        0.0:       94.2:    53963.4:
:G1      :           :        :    :    18840.0:        0.0:       37.6:    38330.1:        0.0:        0.0:       94.2:    53963.4:
:PROD    : 10, 10    :    PROD:ORAT:    18840.0:        0.0:       37.6:    38330.1:        0.0:        0.0:        0.0:        0.0:
:INJ     :  1,  1    :     INJ:GRAT:        0.0:        0.0:        0.0:        0.0:        0.0:        0.0:       94.2:    53963.4:
:--------:-----------:--------:----:-----------:-----------:-----------:-----------:-----------:-----------:-----------:-----------:


Report step 31/120 at day 942/3650, date = 31-Jul-2017

Starting time step 0, stepsize 31 days, at day 942/973, date = 31-Jul-2017
Restart file written for report step  31/120, date = 31-Jul-2017 00:00:00

Warning: Keyword 'WELLS' is unhandled for output to restart file.
 Newton its= 3, linearizations= 4 (0.0sec), linear its=  5 (0.0sec)

                              **************************************************************************
  WELLS    AT       973  DAYS *                 SPE1 - CASE 1                                          *
  REPORT   32    31 Aug 2017  *                                             Flow  version 2025.10-pre  *
                              **************************************************************************


======================================================= PRODUCTION REPORT =======================================================
:  WELL  : LOCATION  :CTRL:    OIL    :   WATER   :    GAS    :   FLUID   :   WATER   : GAS/OIL  :  WAT/GAS   : BHP OR : THP OR :
:  NAME  :  (I,J,K)  :MODE:   RATE    :   RATE    :   RATE    : RES.VOL.  :    CUT    :  RATIO   :   RATIO    :CON.PR. :BLK.PR. :
:        :           :    :  STB/DAY  :  STB/DAY  : MSCF/DAY  :  RB/DAY   :           : MSCF/STB :  STB/MSCF  :  PSIA  :  PSIA  :
=================================================================================================================================
:FIELD   :           :    :    20000.0:       -0.0:   125514.7:    86775.0:     -0.000:      6.28:      0.0000:        :        :
:G1      :           :    :    20000.0:       -0.0:   125514.7:    86775.0:     -0.000:      6.28:      0.0000:        :        :
:PROD    : 10, 10    :ORAT:    20000.0:       -0.0:   125514.7:    86775.0:     -0.000:      6.28:      0.0000:  1066.5:     0.0:
:--------:-----------:----:-----------:-----------:-----------:-----------:-----------:----------:------------:--------:--------:

============================================= INJECTION REPORT ==============================================
:  WELL  : LOCATION  : CTRL : CTRL : CTRL :    OIL    :   WATER   :    GAS    :   FLUID   : BHP OR : THP OR :
:  NAME  :  (I,J,K)  : MODE : MODE : MODE :   RATE    :   RATE    :   RATE    : RES.VOL.  :CON.PR. :BLK.PR. :
:        :           : OIL  : WAT  : GAS  :  STB/DAY  :  STB/DAY  : MSCF/DAY  :  RB/DAY   :  PSIA  :  PSIA  :
=============================================================================================================
:FIELD   :           :      :      :      :        0.0:        0.0:   100000.0:    53874.8:        :        :
:G1      :           :      :      :      :        0.0:        0.0:   100000.0:    53874.8:        :        :
:INJ     :  1,  1    :      :      :  GRAT:        0.0:        0.0:   100000.0:    53874.8:  6823.6:     0.0:
:--------:-----------:------:------:------:-----------:-----------:-----------:-----------:--------:--------:

============================================== CUMULATIVE PRODUCTION/INJECTION TOTALS ==============================================
:  WELL  : LOCATION  :  WELL  :CTRL:    OIL    :   WATER   :    GAS    :   Prod    :    OIL    :   WATER   :    GAS    :    INJ    :
:  NAME  :  (I,J,K)  :  TYPE  :MODE:   PROD    :   PROD    :   PROD    : RES.VOL.  :    INJ    :    INJ    :    INJ    : RES.VOL.  :
:        :           :        :    :   MSTB    :   MSTB    :   MMSCF   :    MRB    :   MSTB    :   MSTB    :   MMSCF   :    MRB    :
====================================================================================================================================
:FIELD   :           :        :    :    19460.0:        0.0:       41.5:    41020.2:        0.0:        0.0:       97.3:    55633.5:
:G1      :           :        :    :    19460.0:        0.0:       41.5:    41020.2:        0.0:        0.0:       97.3:    55633.5:
:PROD    : 10, 10    :    PROD:ORAT:    19460.0:        0.0:       41.5:    41020.2:        0.0:        0.0:        0.0:        0.0:
:INJ     :  1,  1    :     INJ:GRAT:        0.0:        0.0:        0.0:        0.0:        0.0:        0.0:       97.3:    55633.5:
:--------:-----------:--------:----:-----------:-----------:-----------:-----------:-----------:-----------:-----------:-----------:


Report step 32/120 at day 973/3650, date = 31-Aug-2017

Starting time step 0, stepsize 30 days, at day 973/1003, date = 31-Aug-2017
Restart file written for report step  32/120, date = 31-Aug-2017 00:00:00
    Well PROD control mode changed from ORAT to BHP

Warning: Keyword 'WELLS' is unhandled for output to restart file.
 Newton its= 3, linearizations= 4 (0.0sec), linear its=  5 (0.0sec)

                              **************************************************************************
  WELLS    AT      1003  DAYS *                 SPE1 - CASE 1                                          *
  REPORT   33    30 Sep 2017  *                                             Flow  version 2025.10-pre  *
                              **************************************************************************


======================================================= PRODUCTION REPORT =======================================================
:  WELL  : LOCATION  :CTRL:    OIL    :   WATER   :    GAS    :   FLUID   :   WATER   : GAS/OIL  :  WAT/GAS   : BHP OR : THP OR :
:  NAME  :  (I,J,K)  :MODE:   RATE    :   RATE    :   RATE    : RES.VOL.  :    CUT    :  RATIO   :   RATIO    :CON.PR. :BLK.PR. :
:        :           :    :  STB/DAY  :  STB/DAY  : MSCF/DAY  :  RB/DAY   :           : MSCF/STB :  STB/MSCF  :  PSIA  :  PSIA  :
=================================================================================================================================
:FIELD   :           :    :    19465.2:       -0.0:   128637.5:    88548.1:     -0.000:      6.61:      0.0000:        :        :
:G1      :           :    :    19465.2:       -0.0:   128637.5:    88548.1:     -0.000:      6.61:      0.0000:        :        :
:PROD    : 10, 10    :ORAT:    19465.2:       -0.0:   128637.5:    88548.1:     -0.000:      6.61:      0.0000:  1000.0:     0.0:
:--------:-----------:----:-----------:-----------:-----------:-----------:-----------:----------:------------:--------:--------:

============================================= INJECTION REPORT ==============================================
:  WELL  : LOCATION  : CTRL : CTRL : CTRL :    OIL    :   WATER   :    GAS    :   FLUID   : BHP OR : THP OR :
:  NAME  :  (I,J,K)  : MODE : MODE : MODE :   RATE    :   RATE    :   RATE    : RES.VOL.  :CON.PR. :BLK.PR. :
:        :           : OIL  : WAT  : GAS  :  STB/DAY  :  STB/DAY  : MSCF/DAY  :  RB/DAY   :  PSIA  :  PSIA  :
=============================================================================================================
:FIELD   :           :      :      :      :        0.0:        0.0:   100000.0:    54423.7:        :        :
:G1      :           :      :      :      :        0.0:        0.0:   100000.0:    54423.7:        :        :
:INJ     :  1,  1    :      :      :  GRAT:        0.0:        0.0:   100000.0:    54423.7:  6755.4:     0.0:
:--------:-----------:------:------:------:-----------:-----------:-----------:-----------:--------:--------:

============================================== CUMULATIVE PRODUCTION/INJECTION TOTALS ==============================================
:  WELL  : LOCATION  :  WELL  :CTRL:    OIL    :   WATER   :    GAS    :   Prod    :    OIL    :   WATER   :    GAS    :    INJ    :
:  NAME  :  (I,J,K)  :  TYPE  :MODE:   PROD    :   PROD    :   PROD    : RES.VOL.  :    INJ    :    INJ    :    INJ    : RES.VOL.  :
:        :           :        :    :   MSTB    :   MSTB    :   MMSCF   :    MRB    :   MSTB    :   MSTB    :   MMSCF   :    MRB    :
====================================================================================================================================
:FIELD   :           :        :    :    20043.9:        0.0:       45.3:    43676.6:        0.0:        0.0:      100.3:    57266.2:
:G1      :           :        :    :    20043.9:        0.0:       45.3:    43676.6:        0.0:        0.0:      100.3:    57266.2:
:PROD    : 10, 10    :    PROD:ORAT:    20043.9:        0.0:       45.3:    43676.6:        0.0:        0.0:        0.0:        0.0:
:INJ     :  1,  1    :     INJ:GRAT:        0.0:        0.0:        0.0:        0.0:        0.0:        0.0:      100.3:    57266.2:
:--------:-----------:--------:----:-----------:-----------:-----------:-----------:-----------:-----------:-----------:-----------:


Report step 33/120 at day 1003/3650, date = 30-Sep-2017

Starting time step 0, stepsize 31 days, at day 1003/1034, date = 30-Sep-2017

Warning: Keyword 'WELLS' is unhandled for output to restart file.
 Newton its= 2, linearizations= 3 (0.0sec), linear its=  3 (0.0sec)
Restart file written for report step  33/120, date = 30-Sep-2017 00:00:00

                              **************************************************************************
  WELLS    AT      1034  DAYS *                 SPE1 - CASE 1                                          *
  REPORT   34    31 Oct 2017  *                                             Flow  version 2025.10-pre  *
                              **************************************************************************


======================================================= PRODUCTION REPORT =======================================================
:  WELL  : LOCATION  :CTRL:    OIL    :   WATER   :    GAS    :   FLUID   :   WATER   : GAS/OIL  :  WAT/GAS   : BHP OR : THP OR :
:  NAME  :  (I,J,K)  :MODE:   RATE    :   RATE    :   RATE    : RES.VOL.  :    CUT    :  RATIO   :   RATIO    :CON.PR. :BLK.PR. :
:        :           :    :  STB/DAY  :  STB/DAY  : MSCF/DAY  :  RB/DAY   :           : MSCF/STB :  STB/MSCF  :  PSIA  :  PSIA  :
=================================================================================================================================
:FIELD   :           :    :    18736.0:       -0.0:   129686.3:    89047.0:     -0.000:      6.92:      0.0000:        :        :
:G1      :           :    :    18736.0:       -0.0:   129686.3:    89047.0:     -0.000:      6.92:      0.0000:        :        :
:PROD    : 10, 10    :ORAT:    18736.0:       -0.0:   129686.3:    89047.0:     -0.000:      6.92:      0.0000:  1000.0:     0.0:
:--------:-----------:----:-----------:-----------:-----------:-----------:-----------:----------:------------:--------:--------:

============================================= INJECTION REPORT ==============================================
:  WELL  : LOCATION  : CTRL : CTRL : CTRL :    OIL    :   WATER   :    GAS    :   FLUID   : BHP OR : THP OR :
:  NAME  :  (I,J,K)  : MODE : MODE : MODE :   RATE    :   RATE    :   RATE    : RES.VOL.  :CON.PR. :BLK.PR. :
:        :           : OIL  : WAT  : GAS  :  STB/DAY  :  STB/DAY  : MSCF/DAY  :  RB/DAY   :  PSIA  :  PSIA  :
=============================================================================================================
:FIELD   :           :      :      :      :        0.0:        0.0:   100000.0:    54982.0:        :        :
:G1      :           :      :      :      :        0.0:        0.0:   100000.0:    54982.0:        :        :
:INJ     :  1,  1    :      :      :  GRAT:        0.0:        0.0:   100000.0:    54982.0:  6682.7:     0.0:
:--------:-----------:------:------:------:-----------:-----------:-----------:-----------:--------:--------:

============================================== CUMULATIVE PRODUCTION/INJECTION TOTALS ==============================================
:  WELL  : LOCATION  :  WELL  :CTRL:    OIL    :   WATER   :    GAS    :   Prod    :    OIL    :   WATER   :    GAS    :    INJ    :
:  NAME  :  (I,J,K)  :  TYPE  :MODE:   PROD    :   PROD    :   PROD    : RES.VOL.  :    INJ    :    INJ    :    INJ    : RES.VOL.  :
:        :           :        :    :   MSTB    :   MSTB    :   MMSCF   :    MRB    :   MSTB    :   MSTB    :   MMSCF   :    MRB    :
====================================================================================================================================
:FIELD   :           :        :    :    20624.8:        0.0:       49.3:    46437.1:        0.0:        0.0:      103.4:    58970.6:
:G1      :           :        :    :    20624.8:        0.0:       49.3:    46437.1:        0.0:        0.0:      103.4:    58970.6:
:PROD    : 10, 10    :    PROD:ORAT:    20624.8:        0.0:       49.3:    46437.1:        0.0:        0.0:        0.0:        0.0:
:INJ     :  1,  1    :     INJ:GRAT:        0.0:        0.0:        0.0:        0.0:        0.0:        0.0:      103.4:    58970.6:
:--------:-----------:--------:----:-----------:-----------:-----------:-----------:-----------:-----------:-----------:-----------:


Report step 34/120 at day 1034/3650, date = 31-Oct-2017

Starting time step 0, stepsize 30 days, at day 1034/1064, date = 31-Oct-2017

Warning: Keyword 'WELLS' is unhandled for output to restart file.
 Newton its= 2, linearizations= 3 (0.0sec), linear its=  3 (0.0sec)
Restart file written for report step  34/120, date = 31-Oct-2017 00:00:00

                              **************************************************************************
  WELLS    AT      1064  DAYS *                 SPE1 - CASE 1                                          *
  REPORT   35    30 Nov 2017  *                                             Flow  version 2025.10-pre  *
                              **************************************************************************


======================================================= PRODUCTION REPORT =======================================================
:  WELL  : LOCATION  :CTRL:    OIL    :   WATER   :    GAS    :   FLUID   :   WATER   : GAS/OIL  :  WAT/GAS   : BHP OR : THP OR :
:  NAME  :  (I,J,K)  :MODE:   RATE    :   RATE    :   RATE    : RES.VOL.  :    CUT    :  RATIO   :   RATIO    :CON.PR. :BLK.PR. :
:        :           :    :  STB/DAY  :  STB/DAY  : MSCF/DAY  :  RB/DAY   :           : MSCF/STB :  STB/MSCF  :  PSIA  :  PSIA  :
=================================================================================================================================
:FIELD   :           :    :    18111.4:       -0.0:   130385.7:    89497.4:     -0.000:      7.20:      0.0000:        :        :
:G1      :           :    :    18111.4:       -0.0:   130385.7:    89497.4:     -0.000:      7.20:      0.0000:        :        :
:PROD    : 10, 10    :ORAT:    18111.4:       -0.0:   130385.7:    89497.4:     -0.000:      7.20:      0.0000:  1000.0:     0.0:
:--------:-----------:----:-----------:-----------:-----------:-----------:-----------:----------:------------:--------:--------:

============================================= INJECTION REPORT ==============================================
:  WELL  : LOCATION  : CTRL : CTRL : CTRL :    OIL    :   WATER   :    GAS    :   FLUID   : BHP OR : THP OR :
:  NAME  :  (I,J,K)  : MODE : MODE : MODE :   RATE    :   RATE    :   RATE    : RES.VOL.  :CON.PR. :BLK.PR. :
:        :           : OIL  : WAT  : GAS  :  STB/DAY  :  STB/DAY  : MSCF/DAY  :  RB/DAY   :  PSIA  :  PSIA  :
=============================================================================================================
:FIELD   :           :      :      :      :        0.0:        0.0:   100000.0:    55565.3:        :        :
:G1      :           :      :      :      :        0.0:        0.0:   100000.0:    55565.3:        :        :
:INJ     :  1,  1    :      :      :  GRAT:        0.0:        0.0:   100000.0:    55565.3:  6611.9:     0.0:
:--------:-----------:------:------:------:-----------:-----------:-----------:-----------:--------:--------:

============================================== CUMULATIVE PRODUCTION/INJECTION TOTALS ==============================================
:  WELL  : LOCATION  :  WELL  :CTRL:    OIL    :   WATER   :    GAS    :   Prod    :    OIL    :   WATER   :    GAS    :    INJ    :
:  NAME  :  (I,J,K)  :  TYPE  :MODE:   PROD    :   PROD    :   PROD    : RES.VOL.  :    INJ    :    INJ    :    INJ    : RES.VOL.  :
:        :           :        :    :   MSTB    :   MSTB    :   MMSCF   :    MRB    :   MSTB    :   MSTB    :   MMSCF   :    MRB    :
====================================================================================================================================
:FIELD   :           :        :    :    21168.1:        0.0:       53.3:    49122.0:        0.0:        0.0:      106.4:    60637.6:
:G1      :           :        :    :    21168.1:        0.0:       53.3:    49122.0:        0.0:        0.0:      106.4:    60637.6:
:PROD    : 10, 10    :    PROD:ORAT:    21168.1:        0.0:       53.3:    49122.0:        0.0:        0.0:        0.0:        0.0:
:INJ     :  1,  1    :     INJ:GRAT:        0.0:        0.0:        0.0:        0.0:        0.0:        0.0:      106.4:    60637.6:
:--------:-----------:--------:----:-----------:-----------:-----------:-----------:-----------:-----------:-----------:-----------:


Report step 35/120 at day 1064/3650, date = 30-Nov-2017

Starting time step 0, stepsize 31 days, at day 1064/1095, date = 30-Nov-2017
Restart file written for report step  35/120, date = 30-Nov-2017 00:00:00

Warning: Keyword 'WELLS' is unhandled for output to restart file.
 Newton its= 3, linearizations= 4 (0.0sec), linear its=  6 (0.0sec)

                              **************************************************************************
  WELLS    AT      1095  DAYS *                 SPE1 - CASE 1                                          *
  REPORT   36    31 Dec 2017  *                                             Flow  version 2025.10-pre  *
                              **************************************************************************


======================================================= PRODUCTION REPORT =======================================================
:  WELL  : LOCATION  :CTRL:    OIL    :   WATER   :    GAS    :   FLUID   :   WATER   : GAS/OIL  :  WAT/GAS   : BHP OR : THP OR :
:  NAME  :  (I,J,K)  :MODE:   RATE    :   RATE    :   RATE    : RES.VOL.  :    CUT    :  RATIO   :   RATIO    :CON.PR. :BLK.PR. :
:        :           :    :  STB/DAY  :  STB/DAY  : MSCF/DAY  :  RB/DAY   :           : MSCF/STB :  STB/MSCF  :  PSIA  :  PSIA  :
=================================================================================================================================
:FIELD   :           :    :    17539.9:       -0.0:   130677.0:    89767.5:     -0.000:      7.45:      0.0000:        :        :
:G1      :           :    :    17539.9:       -0.0:   130677.0:    89767.5:     -0.000:      7.45:      0.0000:        :        :
:PROD    : 10, 10    :ORAT:    17539.9:       -0.0:   130677.0:    89767.5:     -0.000:      7.45:      0.0000:  1000.0:     0.0:
:--------:-----------:----:-----------:-----------:-----------:-----------:-----------:----------:------------:--------:--------:

============================================= INJECTION REPORT ==============================================
:  WELL  : LOCATION  : CTRL : CTRL : CTRL :    OIL    :   WATER   :    GAS    :   FLUID   : BHP OR : THP OR :
:  NAME  :  (I,J,K)  : MODE : MODE : MODE :   RATE    :   RATE    :   RATE    : RES.VOL.  :CON.PR. :BLK.PR. :
:        :           : OIL  : WAT  : GAS  :  STB/DAY  :  STB/DAY  : MSCF/DAY  :  RB/DAY   :  PSIA  :  PSIA  :
=============================================================================================================
:FIELD   :           :      :      :      :        0.0:        0.0:   100000.0:    56134.9:        :        :
:G1      :           :      :      :      :        0.0:        0.0:   100000.0:    56134.9:        :        :
:INJ     :  1,  1    :      :      :  GRAT:        0.0:        0.0:   100000.0:    56134.9:  6539.5:     0.0:
:--------:-----------:------:------:------:-----------:-----------:-----------:-----------:--------:--------:

============================================== CUMULATIVE PRODUCTION/INJECTION TOTALS ==============================================
:  WELL  : LOCATION  :  WELL  :CTRL:    OIL    :   WATER   :    GAS    :   Prod    :    OIL    :   WATER   :    GAS    :    INJ    :
:  NAME  :  (I,J,K)  :  TYPE  :MODE:   PROD    :   PROD    :   PROD    : RES.VOL.  :    INJ    :    INJ    :    INJ    : RES.VOL.  :
:        :           :        :    :   MSTB    :   MSTB    :   MMSCF   :    MRB    :   MSTB    :   MSTB    :   MMSCF   :    MRB    :
====================================================================================================================================
:FIELD   :           :        :    :    21711.8:        0.0:       57.3:    51904.8:        0.0:        0.0:      109.5:    62377.8:
:G1      :           :        :    :    21711.8:        0.0:       57.3:    51904.8:        0.0:        0.0:      109.5:    62377.8:
:PROD    : 10, 10    :    PROD:ORAT:    21711.8:        0.0:       57.3:    51904.8:        0.0:        0.0:        0.0:        0.0:
:INJ     :  1,  1    :     INJ:GRAT:        0.0:        0.0:        0.0:        0.0:        0.0:        0.0:      109.5:    62377.8:
:--------:-----------:--------:----:-----------:-----------:-----------:-----------:-----------:-----------:-----------:-----------:


Report step 36/120 at day 1095/3650, date = 31-Dec-2017

Starting time step 0, stepsize 31 days, at day 1095/1126, date = 31-Dec-2017
Restart file written for report step  36/120, date = 31-Dec-2017 00:00:00

Warning: Keyword 'WELLS' is unhandled for output to restart file.
 Newton its= 3, linearizations= 4 (0.0sec), linear its=  5 (0.0sec)

                              **************************************************************************
  WELLS    AT      1126  DAYS *                 SPE1 - CASE 1                                          *
  REPORT   37    31 Jan 2018  *                                             Flow  version 2025.10-pre  *
                              **************************************************************************


======================================================= PRODUCTION REPORT =======================================================
:  WELL  : LOCATION  :CTRL:    OIL    :   WATER   :    GAS    :   FLUID   :   WATER   : GAS/OIL  :  WAT/GAS   : BHP OR : THP OR :
:  NAME  :  (I,J,K)  :MODE:   RATE    :   RATE    :   RATE    : RES.VOL.  :    CUT    :  RATIO   :   RATIO    :CON.PR. :BLK.PR. :
:        :           :    :  STB/DAY  :  STB/DAY  : MSCF/DAY  :  RB/DAY   :           : MSCF/STB :  STB/MSCF  :  PSIA  :  PSIA  :
=================================================================================================================================
:FIELD   :           :    :    17025.3:       -0.0:   130618.3:    89925.2:     -0.000:      7.67:      0.0000:        :        :
:G1      :           :    :    17025.3:       -0.0:   130618.3:    89925.2:     -0.000:      7.67:      0.0000:        :        :
:PROD    : 10, 10    :ORAT:    17025.3:       -0.0:   130618.3:    89925.2:     -0.000:      7.67:      0.0000:  1000.0:     0.0:
:--------:-----------:----:-----------:-----------:-----------:-----------:-----------:----------:------------:--------:--------:

============================================= INJECTION REPORT ==============================================
:  WELL  : LOCATION  : CTRL : CTRL : CTRL :    OIL    :   WATER   :    GAS    :   FLUID   : BHP OR : THP OR :
:  NAME  :  (I,J,K)  : MODE : MODE : MODE :   RATE    :   RATE    :   RATE    : RES.VOL.  :CON.PR. :BLK.PR. :
:        :           : OIL  : WAT  : GAS  :  STB/DAY  :  STB/DAY  : MSCF/DAY  :  RB/DAY   :  PSIA  :  PSIA  :
=============================================================================================================
:FIELD   :           :      :      :      :        0.0:        0.0:   100000.0:    56725.5:        :        :
:G1      :           :      :      :      :        0.0:        0.0:   100000.0:    56725.5:        :        :
:INJ     :  1,  1    :      :      :  GRAT:        0.0:        0.0:   100000.0:    56725.5:  6468.1:     0.0:
:--------:-----------:------:------:------:-----------:-----------:-----------:-----------:--------:--------:

============================================== CUMULATIVE PRODUCTION/INJECTION TOTALS ==============================================
:  WELL  : LOCATION  :  WELL  :CTRL:    OIL    :   WATER   :    GAS    :   Prod    :    OIL    :   WATER   :    GAS    :    INJ    :
:  NAME  :  (I,J,K)  :  TYPE  :MODE:   PROD    :   PROD    :   PROD    : RES.VOL.  :    INJ    :    INJ    :    INJ    : RES.VOL.  :
:        :           :        :    :   MSTB    :   MSTB    :   MMSCF   :    MRB    :   MSTB    :   MSTB    :   MMSCF   :    MRB    :
====================================================================================================================================
:FIELD   :           :        :    :    22239.6:        0.0:       61.4:    54692.5:        0.0:        0.0:      112.6:    64136.3:
:G1      :           :        :    :    22239.6:        0.0:       61.4:    54692.5:        0.0:        0.0:      112.6:    64136.3:
:PROD    : 10, 10    :    PROD:ORAT:    22239.6:        0.0:       61.4:    54692.5:        0.0:        0.0:        0.0:        0.0:
:INJ     :  1,  1    :     INJ:GRAT:        0.0:        0.0:        0.0:        0.0:        0.0:        0.0:      112.6:    64136.3:
:--------:-----------:--------:----:-----------:-----------:-----------:-----------:-----------:-----------:-----------:-----------:


Report step 37/120 at day 1126/3650, date = 31-Jan-2018

Starting time step 0, stepsize 28 days, at day 1126/1154, date = 31-Jan-2018
Restart file written for report step  37/120, date = 31-Jan-2018 00:00:00

Warning: Keyword 'WELLS' is unhandled for output to restart file.
 Newton its= 3, linearizations= 4 (0.0sec), linear its=  3 (0.0sec)

                              **************************************************************************
  WELLS    AT      1154  DAYS *                 SPE1 - CASE 1                                          *
  REPORT   38    28 Feb 2018  *                                             Flow  version 2025.10-pre  *
                              **************************************************************************


======================================================= PRODUCTION REPORT =======================================================
:  WELL  : LOCATION  :CTRL:    OIL    :   WATER   :    GAS    :   FLUID   :   WATER   : GAS/OIL  :  WAT/GAS   : BHP OR : THP OR :
:  NAME  :  (I,J,K)  :MODE:   RATE    :   RATE    :   RATE    : RES.VOL.  :    CUT    :  RATIO   :   RATIO    :CON.PR. :BLK.PR. :
:        :           :    :  STB/DAY  :  STB/DAY  : MSCF/DAY  :  RB/DAY   :           : MSCF/STB :  STB/MSCF  :  PSIA  :  PSIA  :
=================================================================================================================================
:FIELD   :           :    :    16581.3:       -0.0:   130483.7:    90109.7:     -0.000:      7.87:      0.0000:        :        :
:G1      :           :    :    16581.3:       -0.0:   130483.7:    90109.7:     -0.000:      7.87:      0.0000:        :        :
:PROD    : 10, 10    :ORAT:    16581.3:       -0.0:   130483.7:    90109.7:     -0.000:      7.87:      0.0000:  1000.0:     0.0:
:--------:-----------:----:-----------:-----------:-----------:-----------:-----------:----------:------------:--------:--------:

============================================= INJECTION REPORT ==============================================
:  WELL  : LOCATION  : CTRL : CTRL : CTRL :    OIL    :   WATER   :    GAS    :   FLUID   : BHP OR : THP OR :
:  NAME  :  (I,J,K)  : MODE : MODE : MODE :   RATE    :   RATE    :   RATE    : RES.VOL.  :CON.PR. :BLK.PR. :
:        :           : OIL  : WAT  : GAS  :  STB/DAY  :  STB/DAY  : MSCF/DAY  :  RB/DAY   :  PSIA  :  PSIA  :
=============================================================================================================
:FIELD   :           :      :      :      :        0.0:        0.0:   100000.0:    57316.4:        :        :
:G1      :           :      :      :      :        0.0:        0.0:   100000.0:    57316.4:        :        :
:INJ     :  1,  1    :      :      :  GRAT:        0.0:        0.0:   100000.0:    57316.4:  6404.8:     0.0:
:--------:-----------:------:------:------:-----------:-----------:-----------:-----------:--------:--------:

============================================== CUMULATIVE PRODUCTION/INJECTION TOTALS ==============================================
:  WELL  : LOCATION  :  WELL  :CTRL:    OIL    :   WATER   :    GAS    :   Prod    :    OIL    :   WATER   :    GAS    :    INJ    :
:  NAME  :  (I,J,K)  :  TYPE  :MODE:   PROD    :   PROD    :   PROD    : RES.VOL.  :    INJ    :    INJ    :    INJ    : RES.VOL.  :
:        :           :        :    :   MSTB    :   MSTB    :   MMSCF   :    MRB    :   MSTB    :   MSTB    :   MMSCF   :    MRB    :
====================================================================================================================================
:FIELD   :           :        :    :    22703.9:        0.0:       65.0:    57215.5:        0.0:        0.0:      115.4:    65741.1:
:G1      :           :        :    :    22703.9:        0.0:       65.0:    57215.5:        0.0:        0.0:      115.4:    65741.1:
:PROD    : 10, 10    :    PROD:ORAT:    22703.9:        0.0:       65.0:    57215.5:        0.0:        0.0:        0.0:        0.0:
:INJ     :  1,  1    :     INJ:GRAT:        0.0:        0.0:        0.0:        0.0:        0.0:        0.0:      115.4:    65741.1:
:--------:-----------:--------:----:-----------:-----------:-----------:-----------:-----------:-----------:-----------:-----------:


Report step 38/120 at day 1154/3650, date = 28-Feb-2018

Starting time step 0, stepsize 31 days, at day 1154/1185, date = 28-Feb-2018

Warning: Keyword 'WELLS' is unhandled for output to restart file.
 Newton its= 2, linearizations= 3 (0.0sec), linear its=  2 (0.0sec)
Restart file written for report step  38/120, date = 28-Feb-2018 00:00:00

                              **************************************************************************
  WELLS    AT      1185  DAYS *                 SPE1 - CASE 1                                          *
  REPORT   39    31 Mar 2018  *                                             Flow  version 2025.10-pre  *
                              **************************************************************************


======================================================= PRODUCTION REPORT =======================================================
:  WELL  : LOCATION  :CTRL:    OIL    :   WATER   :    GAS    :   FLUID   :   WATER   : GAS/OIL  :  WAT/GAS   : BHP OR : THP OR :
:  NAME  :  (I,J,K)  :MODE:   RATE    :   RATE    :   RATE    : RES.VOL.  :    CUT    :  RATIO   :   RATIO    :CON.PR. :BLK.PR. :
:        :           :    :  STB/DAY  :  STB/DAY  : MSCF/DAY  :  RB/DAY   :           : MSCF/STB :  STB/MSCF  :  PSIA  :  PSIA  :
=================================================================================================================================
:FIELD   :           :    :    16133.3:       -0.0:   130162.4:    90121.0:     -0.000:      8.07:      0.0000:        :        :
:G1      :           :    :    16133.3:       -0.0:   130162.4:    90121.0:     -0.000:      8.07:      0.0000:        :        :
:PROD    : 10, 10    :ORAT:    16133.3:       -0.0:   130162.4:    90121.0:     -0.000:      8.07:      0.0000:  1000.0:     0.0:
:--------:-----------:----:-----------:-----------:-----------:-----------:-----------:----------:------------:--------:--------:

============================================= INJECTION REPORT ==============================================
:  WELL  : LOCATION  : CTRL : CTRL : CTRL :    OIL    :   WATER   :    GAS    :   FLUID   : BHP OR : THP OR :
:  NAME  :  (I,J,K)  : MODE : MODE : MODE :   RATE    :   RATE    :   RATE    : RES.VOL.  :CON.PR. :BLK.PR. :
:        :           : OIL  : WAT  : GAS  :  STB/DAY  :  STB/DAY  : MSCF/DAY  :  RB/DAY   :  PSIA  :  PSIA  :
=============================================================================================================
:FIELD   :           :      :      :      :        0.0:        0.0:   100000.0:    57850.6:        :        :
:G1      :           :      :      :      :        0.0:        0.0:   100000.0:    57850.6:        :        :
:INJ     :  1,  1    :      :      :  GRAT:        0.0:        0.0:   100000.0:    57850.6:  6336.2:     0.0:
:--------:-----------:------:------:------:-----------:-----------:-----------:-----------:--------:--------:

============================================== CUMULATIVE PRODUCTION/INJECTION TOTALS ==============================================
:  WELL  : LOCATION  :  WELL  :CTRL:    OIL    :   WATER   :    GAS    :   Prod    :    OIL    :   WATER   :    GAS    :    INJ    :
:  NAME  :  (I,J,K)  :  TYPE  :MODE:   PROD    :   PROD    :   PROD    : RES.VOL.  :    INJ    :    INJ    :    INJ    : RES.VOL.  :
:        :           :        :    :   MSTB    :   MSTB    :   MMSCF   :    MRB    :   MSTB    :   MSTB    :   MMSCF   :    MRB    :
====================================================================================================================================
:FIELD   :           :        :    :    23204.0:        0.0:       69.0:    60009.3:        0.0:        0.0:      118.5:    67534.5:
:G1      :           :        :    :    23204.0:        0.0:       69.0:    60009.3:        0.0:        0.0:      118.5:    67534.5:
:PROD    : 10, 10    :    PROD:ORAT:    23204.0:        0.0:       69.0:    60009.3:        0.0:        0.0:        0.0:        0.0:
:INJ     :  1,  1    :     INJ:GRAT:        0.0:        0.0:        0.0:        0.0:        0.0:        0.0:      118.5:    67534.5:
:--------:-----------:--------:----:-----------:-----------:-----------:-----------:-----------:-----------:-----------:-----------:


Report step 39/120 at day 1185/3650, date = 31-Mar-2018

Starting time step 0, stepsize 30 days, at day 1185/1215, date = 31-Mar-2018

Warning: Keyword 'WELLS' is unhandled for output to restart file.
 Newton its= 2, linearizations= 3 (0.0sec), linear its=  3 (0.0sec)
Restart file written for report step  39/120, date = 31-Mar-2018 00:00:00

                              **************************************************************************
  WELLS    AT      1215  DAYS *                 SPE1 - CASE 1                                          *
  REPORT   40    30 Apr 2018  *                                             Flow  version 2025.10-pre  *
                              **************************************************************************


======================================================= PRODUCTION REPORT =======================================================
:  WELL  : LOCATION  :CTRL:    OIL    :   WATER   :    GAS    :   FLUID   :   WATER   : GAS/OIL  :  WAT/GAS   : BHP OR : THP OR :
:  NAME  :  (I,J,K)  :MODE:   RATE    :   RATE    :   RATE    : RES.VOL.  :    CUT    :  RATIO   :   RATIO    :CON.PR. :BLK.PR. :
:        :           :    :  STB/DAY  :  STB/DAY  : MSCF/DAY  :  RB/DAY   :           : MSCF/STB :  STB/MSCF  :  PSIA  :  PSIA  :
=================================================================================================================================
:FIELD   :           :    :    15753.5:       -0.0:   129608.9:    90123.1:     -0.000:      8.23:      0.0000:        :        :
:G1      :           :    :    15753.5:       -0.0:   129608.9:    90123.1:     -0.000:      8.23:      0.0000:        :        :
:PROD    : 10, 10    :ORAT:    15753.5:       -0.0:   129608.9:    90123.1:     -0.000:      8.23:      0.0000:  1000.0:     0.0:
:--------:-----------:----:-----------:-----------:-----------:-----------:-----------:----------:------------:--------:--------:

============================================= INJECTION REPORT ==============================================
:  WELL  : LOCATION  : CTRL : CTRL : CTRL :    OIL    :   WATER   :    GAS    :   FLUID   : BHP OR : THP OR :
:  NAME  :  (I,J,K)  : MODE : MODE : MODE :   RATE    :   RATE    :   RATE    : RES.VOL.  :CON.PR. :BLK.PR. :
:        :           : OIL  : WAT  : GAS  :  STB/DAY  :  STB/DAY  : MSCF/DAY  :  RB/DAY   :  PSIA  :  PSIA  :
=============================================================================================================
:FIELD   :           :      :      :      :        0.0:        0.0:   100000.0:    58440.3:        :        :
:G1      :           :      :      :      :        0.0:        0.0:   100000.0:    58440.3:        :        :
:INJ     :  1,  1    :      :      :  GRAT:        0.0:        0.0:   100000.0:    58440.3:  6271.3:     0.0:
:--------:-----------:------:------:------:-----------:-----------:-----------:-----------:--------:--------:

============================================== CUMULATIVE PRODUCTION/INJECTION TOTALS ==============================================
:  WELL  : LOCATION  :  WELL  :CTRL:    OIL    :   WATER   :    GAS    :   Prod    :    OIL    :   WATER   :    GAS    :    INJ    :
:  NAME  :  (I,J,K)  :  TYPE  :MODE:   PROD    :   PROD    :   PROD    : RES.VOL.  :    INJ    :    INJ    :    INJ    : RES.VOL.  :
:        :           :        :    :   MSTB    :   MSTB    :   MMSCF   :    MRB    :   MSTB    :   MSTB    :   MMSCF   :    MRB    :
====================================================================================================================================
:FIELD   :           :        :    :    23676.6:        0.0:       72.9:    62713.0:        0.0:        0.0:      121.5:    69287.7:
:G1      :           :        :    :    23676.6:        0.0:       72.9:    62713.0:        0.0:        0.0:      121.5:    69287.7:
:PROD    : 10, 10    :    PROD:ORAT:    23676.6:        0.0:       72.9:    62713.0:        0.0:        0.0:        0.0:        0.0:
:INJ     :  1,  1    :     INJ:GRAT:        0.0:        0.0:        0.0:        0.0:        0.0:        0.0:      121.5:    69287.7:
:--------:-----------:--------:----:-----------:-----------:-----------:-----------:-----------:-----------:-----------:-----------:


Report step 40/120 at day 1215/3650, date = 30-Apr-2018

Starting time step 0, stepsize 31 days, at day 1215/1246, date = 30-Apr-2018

Warning: Keyword 'WELLS' is unhandled for output to restart file.
 Newton its= 2, linearizations= 3 (0.0sec), linear its=  3 (0.0sec)
Restart file written for report step  40/120, date = 30-Apr-2018 00:00:00

                              **************************************************************************
  WELLS    AT      1246  DAYS *                 SPE1 - CASE 1                                          *
  REPORT   41    31 May 2018  *                                             Flow  version 2025.10-pre  *
                              **************************************************************************


======================================================= PRODUCTION REPORT =======================================================
:  WELL  : LOCATION  :CTRL:    OIL    :   WATER   :    GAS    :   FLUID   :   WATER   : GAS/OIL  :  WAT/GAS   : BHP OR : THP OR :
:  NAME  :  (I,J,K)  :MODE:   RATE    :   RATE    :   RATE    : RES.VOL.  :    CUT    :  RATIO   :   RATIO    :CON.PR. :BLK.PR. :
:        :           :    :  STB/DAY  :  STB/DAY  : MSCF/DAY  :  RB/DAY   :           : MSCF/STB :  STB/MSCF  :  PSIA  :  PSIA  :
=================================================================================================================================
:FIELD   :           :    :    15389.4:       -0.0:   128928.6:    90036.5:     -0.000:      8.38:      0.0000:        :        :
:G1      :           :    :    15389.4:       -0.0:   128928.6:    90036.5:     -0.000:      8.38:      0.0000:        :        :
:PROD    : 10, 10    :ORAT:    15389.4:       -0.0:   128928.6:    90036.5:     -0.000:      8.38:      0.0000:  1000.0:     0.0:
:--------:-----------:----:-----------:-----------:-----------:-----------:-----------:----------:------------:--------:--------:

============================================= INJECTION REPORT ==============================================
:  WELL  : LOCATION  : CTRL : CTRL : CTRL :    OIL    :   WATER   :    GAS    :   FLUID   : BHP OR : THP OR :
:  NAME  :  (I,J,K)  : MODE : MODE : MODE :   RATE    :   RATE    :   RATE    : RES.VOL.  :CON.PR. :BLK.PR. :
:        :           : OIL  : WAT  : GAS  :  STB/DAY  :  STB/DAY  : MSCF/DAY  :  RB/DAY   :  PSIA  :  PSIA  :
=============================================================================================================
:FIELD   :           :      :      :      :        0.0:        0.0:   100000.0:    59007.4:        :        :
:G1      :           :      :      :      :        0.0:        0.0:   100000.0:    59007.4:        :        :
:INJ     :  1,  1    :      :      :  GRAT:        0.0:        0.0:   100000.0:    59007.4:  6206.0:     0.0:
:--------:-----------:------:------:------:-----------:-----------:-----------:-----------:--------:--------:

============================================== CUMULATIVE PRODUCTION/INJECTION TOTALS ==============================================
:  WELL  : LOCATION  :  WELL  :CTRL:    OIL    :   WATER   :    GAS    :   Prod    :    OIL    :   WATER   :    GAS    :    INJ    :
:  NAME  :  (I,J,K)  :  TYPE  :MODE:   PROD    :   PROD    :   PROD    : RES.VOL.  :    INJ    :    INJ    :    INJ    : RES.VOL.  :
:        :           :        :    :   MSTB    :   MSTB    :   MMSCF   :    MRB    :   MSTB    :   MSTB    :   MMSCF   :    MRB    :
====================================================================================================================================
:FIELD   :           :        :    :    24153.7:        0.0:       76.9:    65504.1:        0.0:        0.0:      124.6:    71116.9:
:G1      :           :        :    :    24153.7:        0.0:       76.9:    65504.1:        0.0:        0.0:      124.6:    71116.9:
:PROD    : 10, 10    :    PROD:ORAT:    24153.7:        0.0:       76.9:    65504.1:        0.0:        0.0:        0.0:        0.0:
:INJ     :  1,  1    :     INJ:GRAT:        0.0:        0.0:        0.0:        0.0:        0.0:        0.0:      124.6:    71116.9:
:--------:-----------:--------:----:-----------:-----------:-----------:-----------:-----------:-----------:-----------:-----------:


Report step 41/120 at day 1246/3650, date = 31-May-2018

Starting time step 0, stepsize 30 days, at day 1246/1276, date = 31-May-2018

Warning: Keyword 'WELLS' is unhandled for output to restart file.
 Newton its= 2, linearizations= 3 (0.0sec), linear its=  3 (0.0sec)
Restart file written for report step  41/120, date = 31-May-2018 00:00:00

                              **************************************************************************
  WELLS    AT      1276  DAYS *                 SPE1 - CASE 1                                          *
  REPORT   42    30 Jun 2018  *                                             Flow  version 2025.10-pre  *
                              **************************************************************************


======================================================= PRODUCTION REPORT =======================================================
:  WELL  : LOCATION  :CTRL:    OIL    :   WATER   :    GAS    :   FLUID   :   WATER   : GAS/OIL  :  WAT/GAS   : BHP OR : THP OR :
:  NAME  :  (I,J,K)  :MODE:   RATE    :   RATE    :   RATE    : RES.VOL.  :    CUT    :  RATIO   :   RATIO    :CON.PR. :BLK.PR. :
:        :           :    :  STB/DAY  :  STB/DAY  : MSCF/DAY  :  RB/DAY   :           : MSCF/STB :  STB/MSCF  :  PSIA  :  PSIA  :
=================================================================================================================================
:FIELD   :           :    :    15059.7:       -0.0:   128190.1:    89958.0:     -0.000:      8.51:      0.0000:        :        :
:G1      :           :    :    15059.7:       -0.0:   128190.1:    89958.0:     -0.000:      8.51:      0.0000:        :        :
:PROD    : 10, 10    :ORAT:    15059.7:       -0.0:   128190.1:    89958.0:     -0.000:      8.51:      0.0000:  1000.0:     0.0:
:--------:-----------:----:-----------:-----------:-----------:-----------:-----------:----------:------------:--------:--------:

============================================= INJECTION REPORT ==============================================
:  WELL  : LOCATION  : CTRL : CTRL : CTRL :    OIL    :   WATER   :    GAS    :   FLUID   : BHP OR : THP OR :
:  NAME  :  (I,J,K)  : MODE : MODE : MODE :   RATE    :   RATE    :   RATE    : RES.VOL.  :CON.PR. :BLK.PR. :
:        :           : OIL  : WAT  : GAS  :  STB/DAY  :  STB/DAY  : MSCF/DAY  :  RB/DAY   :  PSIA  :  PSIA  :
=============================================================================================================
:FIELD   :           :      :      :      :        0.0:        0.0:   100000.0:    59588.5:        :        :
:G1      :           :      :      :      :        0.0:        0.0:   100000.0:    59588.5:        :        :
:INJ     :  1,  1    :      :      :  GRAT:        0.0:        0.0:   100000.0:    59588.5:  6144.4:     0.0:
:--------:-----------:------:------:------:-----------:-----------:-----------:-----------:--------:--------:

============================================== CUMULATIVE PRODUCTION/INJECTION TOTALS ==============================================
:  WELL  : LOCATION  :  WELL  :CTRL:    OIL    :   WATER   :    GAS    :   Prod    :    OIL    :   WATER   :    GAS    :    INJ    :
:  NAME  :  (I,J,K)  :  TYPE  :MODE:   PROD    :   PROD    :   PROD    : RES.VOL.  :    INJ    :    INJ    :    INJ    : RES.VOL.  :
:        :           :        :    :   MSTB    :   MSTB    :   MMSCF   :    MRB    :   MSTB    :   MSTB    :   MMSCF   :    MRB    :
====================================================================================================================================
:FIELD   :           :        :    :    24605.5:        0.0:       80.8:    68202.8:        0.0:        0.0:      127.6:    72904.6:
:G1      :           :        :    :    24605.5:        0.0:       80.8:    68202.8:        0.0:        0.0:      127.6:    72904.6:
:PROD    : 10, 10    :    PROD:ORAT:    24605.5:        0.0:       80.8:    68202.8:        0.0:        0.0:        0.0:        0.0:
:INJ     :  1,  1    :     INJ:GRAT:        0.0:        0.0:        0.0:        0.0:        0.0:        0.0:      127.6:    72904.6:
:--------:-----------:--------:----:-----------:-----------:-----------:-----------:-----------:-----------:-----------:-----------:


Report step 42/120 at day 1276/3650, date = 30-Jun-2018

Starting time step 0, stepsize 31 days, at day 1276/1307, date = 30-Jun-2018

Warning: Keyword 'WELLS' is unhandled for output to restart file.
 Newton its= 2, linearizations= 3 (0.0sec), linear its=  3 (0.0sec)
Restart file written for report step  42/120, date = 30-Jun-2018 00:00:00

                              **************************************************************************
  WELLS    AT      1307  DAYS *                 SPE1 - CASE 1                                          *
  REPORT   43    31 Jul 2018  *                                             Flow  version 2025.10-pre  *
                              **************************************************************************


======================================================= PRODUCTION REPORT =======================================================
:  WELL  : LOCATION  :CTRL:    OIL    :   WATER   :    GAS    :   FLUID   :   WATER   : GAS/OIL  :  WAT/GAS   : BHP OR : THP OR :
:  NAME  :  (I,J,K)  :MODE:   RATE    :   RATE    :   RATE    : RES.VOL.  :    CUT    :  RATIO   :   RATIO    :CON.PR. :BLK.PR. :
:        :           :    :  STB/DAY  :  STB/DAY  : MSCF/DAY  :  RB/DAY   :           : MSCF/STB :  STB/MSCF  :  PSIA  :  PSIA  :
=================================================================================================================================
:FIELD   :           :    :    14740.0:       -0.0:   127364.5:    89803.2:     -0.000:      8.64:      0.0000:        :        :
:G1      :           :    :    14740.0:       -0.0:   127364.5:    89803.2:     -0.000:      8.64:      0.0000:        :        :
:PROD    : 10, 10    :ORAT:    14740.0:       -0.0:   127364.5:    89803.2:     -0.000:      8.64:      0.0000:  1000.0:     0.0:
:--------:-----------:----:-----------:-----------:-----------:-----------:-----------:----------:------------:--------:--------:

============================================= INJECTION REPORT ==============================================
:  WELL  : LOCATION  : CTRL : CTRL : CTRL :    OIL    :   WATER   :    GAS    :   FLUID   : BHP OR : THP OR :
:  NAME  :  (I,J,K)  : MODE : MODE : MODE :   RATE    :   RATE    :   RATE    : RES.VOL.  :CON.PR. :BLK.PR. :
:        :           : OIL  : WAT  : GAS  :  STB/DAY  :  STB/DAY  : MSCF/DAY  :  RB/DAY   :  PSIA  :  PSIA  :
=============================================================================================================
:FIELD   :           :      :      :      :        0.0:        0.0:   100000.0:    60144.9:        :        :
:G1      :           :      :      :      :        0.0:        0.0:   100000.0:    60144.9:        :        :
:INJ     :  1,  1    :      :      :  GRAT:        0.0:        0.0:   100000.0:    60144.9:  6082.5:     0.0:
:--------:-----------:------:------:------:-----------:-----------:-----------:-----------:--------:--------:

============================================== CUMULATIVE PRODUCTION/INJECTION TOTALS ==============================================
:  WELL  : LOCATION  :  WELL  :CTRL:    OIL    :   WATER   :    GAS    :   Prod    :    OIL    :   WATER   :    GAS    :    INJ    :
:  NAME  :  (I,J,K)  :  TYPE  :MODE:   PROD    :   PROD    :   PROD    : RES.VOL.  :    INJ    :    INJ    :    INJ    : RES.VOL.  :
:        :           :        :    :   MSTB    :   MSTB    :   MMSCF   :    MRB    :   MSTB    :   MSTB    :   MMSCF   :    MRB    :
====================================================================================================================================
:FIELD   :           :        :    :    25062.4:        0.0:       84.7:    70986.7:        0.0:        0.0:      130.7:    74769.1:
:G1      :           :        :    :    25062.4:        0.0:       84.7:    70986.7:        0.0:        0.0:      130.7:    74769.1:
:PROD    : 10, 10    :    PROD:ORAT:    25062.4:        0.0:       84.7:    70986.7:        0.0:        0.0:        0.0:        0.0:
:INJ     :  1,  1    :     INJ:GRAT:        0.0:        0.0:        0.0:        0.0:        0.0:        0.0:      130.7:    74769.1:
:--------:-----------:--------:----:-----------:-----------:-----------:-----------:-----------:-----------:-----------:-----------:


Report step 43/120 at day 1307/3650, date = 31-Jul-2018

Starting time step 0, stepsize 31 days, at day 1307/1338, date = 31-Jul-2018

Warning: Keyword 'WELLS' is unhandled for output to restart file.
 Newton its= 2, linearizations= 3 (0.0sec), linear its=  3 (0.0sec)
Restart file written for report step  43/120, date = 31-Jul-2018 00:00:00

                              **************************************************************************
  WELLS    AT      1338  DAYS *                 SPE1 - CASE 1                                          *
  REPORT   44    31 Aug 2018  *                                             Flow  version 2025.10-pre  *
                              **************************************************************************


======================================================= PRODUCTION REPORT =======================================================
:  WELL  : LOCATION  :CTRL:    OIL    :   WATER   :    GAS    :   FLUID   :   WATER   : GAS/OIL  :  WAT/GAS   : BHP OR : THP OR :
:  NAME  :  (I,J,K)  :MODE:   RATE    :   RATE    :   RATE    : RES.VOL.  :    CUT    :  RATIO   :   RATIO    :CON.PR. :BLK.PR. :
:        :           :    :  STB/DAY  :  STB/DAY  : MSCF/DAY  :  RB/DAY   :           : MSCF/STB :  STB/MSCF  :  PSIA  :  PSIA  :
=================================================================================================================================
:FIELD   :           :    :    14439.2:       -0.0:   126497.0:    89646.6:     -0.000:      8.76:      0.0000:        :        :
:G1      :           :    :    14439.2:       -0.0:   126497.0:    89646.6:     -0.000:      8.76:      0.0000:        :        :
:PROD    : 10, 10    :ORAT:    14439.2:       -0.0:   126497.0:    89646.6:     -0.000:      8.76:      0.0000:  1000.0:     0.0:
:--------:-----------:----:-----------:-----------:-----------:-----------:-----------:----------:------------:--------:--------:

============================================= INJECTION REPORT ==============================================
:  WELL  : LOCATION  : CTRL : CTRL : CTRL :    OIL    :   WATER   :    GAS    :   FLUID   : BHP OR : THP OR :
:  NAME  :  (I,J,K)  : MODE : MODE : MODE :   RATE    :   RATE    :   RATE    : RES.VOL.  :CON.PR. :BLK.PR. :
:        :           : OIL  : WAT  : GAS  :  STB/DAY  :  STB/DAY  : MSCF/DAY  :  RB/DAY   :  PSIA  :  PSIA  :
=============================================================================================================
:FIELD   :           :      :      :      :        0.0:        0.0:   100000.0:    60712.5:        :        :
:G1      :           :      :      :      :        0.0:        0.0:   100000.0:    60712.5:        :        :
:INJ     :  1,  1    :      :      :  GRAT:        0.0:        0.0:   100000.0:    60712.5:  6022.5:     0.0:
:--------:-----------:------:------:------:-----------:-----------:-----------:-----------:--------:--------:

============================================== CUMULATIVE PRODUCTION/INJECTION TOTALS ==============================================
:  WELL  : LOCATION  :  WELL  :CTRL:    OIL    :   WATER   :    GAS    :   Prod    :    OIL    :   WATER   :    GAS    :    INJ    :
:  NAME  :  (I,J,K)  :  TYPE  :MODE:   PROD    :   PROD    :   PROD    : RES.VOL.  :    INJ    :    INJ    :    INJ    : RES.VOL.  :
:        :           :        :    :   MSTB    :   MSTB    :   MMSCF   :    MRB    :   MSTB    :   MSTB    :   MMSCF   :    MRB    :
====================================================================================================================================
:FIELD   :           :        :    :    25510.1:        0.0:       88.6:    73765.8:        0.0:        0.0:      133.8:    76651.2:
:G1      :           :        :    :    25510.1:        0.0:       88.6:    73765.8:        0.0:        0.0:      133.8:    76651.2:
:PROD    : 10, 10    :    PROD:ORAT:    25510.1:        0.0:       88.6:    73765.8:        0.0:        0.0:        0.0:        0.0:
:INJ     :  1,  1    :     INJ:GRAT:        0.0:        0.0:        0.0:        0.0:        0.0:        0.0:      133.8:    76651.2:
:--------:-----------:--------:----:-----------:-----------:-----------:-----------:-----------:-----------:-----------:-----------:


Report step 44/120 at day 1338/3650, date = 31-Aug-2018

Starting time step 0, stepsize 30 days, at day 1338/1368, date = 31-Aug-2018

Warning: Keyword 'WELLS' is unhandled for output to restart file.
 Newton its= 2, linearizations= 3 (0.0sec), linear its=  3 (0.0sec)
Restart file written for report step  44/120, date = 31-Aug-2018 00:00:00

                              **************************************************************************
  WELLS    AT      1368  DAYS *                 SPE1 - CASE 1                                          *
  REPORT   45    30 Sep 2018  *                                             Flow  version 2025.10-pre  *
                              **************************************************************************


======================================================= PRODUCTION REPORT =======================================================
:  WELL  : LOCATION  :CTRL:    OIL    :   WATER   :    GAS    :   FLUID   :   WATER   : GAS/OIL  :  WAT/GAS   : BHP OR : THP OR :
:  NAME  :  (I,J,K)  :MODE:   RATE    :   RATE    :   RATE    : RES.VOL.  :    CUT    :  RATIO   :   RATIO    :CON.PR. :BLK.PR. :
:        :           :    :  STB/DAY  :  STB/DAY  : MSCF/DAY  :  RB/DAY   :           : MSCF/STB :  STB/MSCF  :  PSIA  :  PSIA  :
=================================================================================================================================
:FIELD   :           :    :    14163.7:       -0.0:   125635.5:    89500.4:     -0.000:      8.87:      0.0000:        :        :
:G1      :           :    :    14163.7:       -0.0:   125635.5:    89500.4:     -0.000:      8.87:      0.0000:        :        :
:PROD    : 10, 10    :ORAT:    14163.7:       -0.0:   125635.5:    89500.4:     -0.000:      8.87:      0.0000:  1000.0:     0.0:
:--------:-----------:----:-----------:-----------:-----------:-----------:-----------:----------:------------:--------:--------:

============================================= INJECTION REPORT ==============================================
:  WELL  : LOCATION  : CTRL : CTRL : CTRL :    OIL    :   WATER   :    GAS    :   FLUID   : BHP OR : THP OR :
:  NAME  :  (I,J,K)  : MODE : MODE : MODE :   RATE    :   RATE    :   RATE    : RES.VOL.  :CON.PR. :BLK.PR. :
:        :           : OIL  : WAT  : GAS  :  STB/DAY  :  STB/DAY  : MSCF/DAY  :  RB/DAY   :  PSIA  :  PSIA  :
=============================================================================================================
:FIELD   :           :      :      :      :        0.0:        0.0:   100000.0:    61272.3:        :        :
:G1      :           :      :      :      :        0.0:        0.0:   100000.0:    61272.3:        :        :
:INJ     :  1,  1    :      :      :  GRAT:        0.0:        0.0:   100000.0:    61272.3:  5966.2:     0.0:
:--------:-----------:------:------:------:-----------:-----------:-----------:-----------:--------:--------:

============================================== CUMULATIVE PRODUCTION/INJECTION TOTALS ==============================================
:  WELL  : LOCATION  :  WELL  :CTRL:    OIL    :   WATER   :    GAS    :   Prod    :    OIL    :   WATER   :    GAS    :    INJ    :
:  NAME  :  (I,J,K)  :  TYPE  :MODE:   PROD    :   PROD    :   PROD    : RES.VOL.  :    INJ    :    INJ    :    INJ    : RES.VOL.  :
:        :           :        :    :   MSTB    :   MSTB    :   MMSCF   :    MRB    :   MSTB    :   MSTB    :   MMSCF   :    MRB    :
====================================================================================================================================
:FIELD   :           :        :    :    25935.0:        0.0:       92.4:    76450.8:        0.0:        0.0:      136.8:    78489.3:
:G1      :           :        :    :    25935.0:        0.0:       92.4:    76450.8:        0.0:        0.0:      136.8:    78489.3:
:PROD    : 10, 10    :    PROD:ORAT:    25935.0:        0.0:       92.4:    76450.8:        0.0:        0.0:        0.0:        0.0:
:INJ     :  1,  1    :     INJ:GRAT:        0.0:        0.0:        0.0:        0.0:        0.0:        0.0:      136.8:    78489.3:
:--------:-----------:--------:----:-----------:-----------:-----------:-----------:-----------:-----------:-----------:-----------:


Report step 45/120 at day 1368/3650, date = 30-Sep-2018

Starting time step 0, stepsize 31 days, at day 1368/1399, date = 30-Sep-2018

Warning: Keyword 'WELLS' is unhandled for output to restart file.
 Newton its= 2, linearizations= 3 (0.0sec), linear its=  3 (0.0sec)
Restart file written for report step  45/120, date = 30-Sep-2018 00:00:00

                              **************************************************************************
  WELLS    AT      1399  DAYS *                 SPE1 - CASE 1                                          *
  REPORT   46    31 Oct 2018  *                                             Flow  version 2025.10-pre  *
                              **************************************************************************


======================================================= PRODUCTION REPORT =======================================================
:  WELL  : LOCATION  :CTRL:    OIL    :   WATER   :    GAS    :   FLUID   :   WATER   : GAS/OIL  :  WAT/GAS   : BHP OR : THP OR :
:  NAME  :  (I,J,K)  :MODE:   RATE    :   RATE    :   RATE    : RES.VOL.  :    CUT    :  RATIO   :   RATIO    :CON.PR. :BLK.PR. :
:        :           :    :  STB/DAY  :  STB/DAY  : MSCF/DAY  :  RB/DAY   :           : MSCF/STB :  STB/MSCF  :  PSIA  :  PSIA  :
=================================================================================================================================
:FIELD   :           :    :    13893.8:       -0.0:   124736.9:    89300.8:     -0.000:      8.98:      0.0000:        :        :
:G1      :           :    :    13893.8:       -0.0:   124736.9:    89300.8:     -0.000:      8.98:      0.0000:        :        :
:PROD    : 10, 10    :ORAT:    13893.8:       -0.0:   124736.9:    89300.8:     -0.000:      8.98:      0.0000:  1000.0:     0.0:
:--------:-----------:----:-----------:-----------:-----------:-----------:-----------:----------:------------:--------:--------:

============================================= INJECTION REPORT ==============================================
:  WELL  : LOCATION  : CTRL : CTRL : CTRL :    OIL    :   WATER   :    GAS    :   FLUID   : BHP OR : THP OR :
:  NAME  :  (I,J,K)  : MODE : MODE : MODE :   RATE    :   RATE    :   RATE    : RES.VOL.  :CON.PR. :BLK.PR. :
:        :           : OIL  : WAT  : GAS  :  STB/DAY  :  STB/DAY  : MSCF/DAY  :  RB/DAY   :  PSIA  :  PSIA  :
=============================================================================================================
:FIELD   :           :      :      :      :        0.0:        0.0:   100000.0:    61806.1:        :        :
:G1      :           :      :      :      :        0.0:        0.0:   100000.0:    61806.1:        :        :
:INJ     :  1,  1    :      :      :  GRAT:        0.0:        0.0:   100000.0:    61806.1:  5909.8:     0.0:
:--------:-----------:------:------:------:-----------:-----------:-----------:-----------:--------:--------:

============================================== CUMULATIVE PRODUCTION/INJECTION TOTALS ==============================================
:  WELL  : LOCATION  :  WELL  :CTRL:    OIL    :   WATER   :    GAS    :   Prod    :    OIL    :   WATER   :    GAS    :    INJ    :
:  NAME  :  (I,J,K)  :  TYPE  :MODE:   PROD    :   PROD    :   PROD    : RES.VOL.  :    INJ    :    INJ    :    INJ    : RES.VOL.  :
:        :           :        :    :   MSTB    :   MSTB    :   MMSCF   :    MRB    :   MSTB    :   MSTB    :   MMSCF   :    MRB    :
====================================================================================================================================
:FIELD   :           :        :    :    26365.7:        0.0:       96.3:    79219.1:        0.0:        0.0:      139.9:    80405.3:
:G1      :           :        :    :    26365.7:        0.0:       96.3:    79219.1:        0.0:        0.0:      139.9:    80405.3:
:PROD    : 10, 10    :    PROD:ORAT:    26365.7:        0.0:       96.3:    79219.1:        0.0:        0.0:        0.0:        0.0:
:INJ     :  1,  1    :     INJ:GRAT:        0.0:        0.0:        0.0:        0.0:        0.0:        0.0:      139.9:    80405.3:
:--------:-----------:--------:----:-----------:-----------:-----------:-----------:-----------:-----------:-----------:-----------:


Report step 46/120 at day 1399/3650, date = 31-Oct-2018

Starting time step 0, stepsize 30 days, at day 1399/1429, date = 31-Oct-2018

Warning: Keyword 'WELLS' is unhandled for output to restart file.
 Newton its= 2, linearizations= 3 (0.0sec), linear its=  3 (0.0sec)
Restart file written for report step  46/120, date = 31-Oct-2018 00:00:00

                              **************************************************************************
  WELLS    AT      1429  DAYS *                 SPE1 - CASE 1                                          *
  REPORT   47    30 Nov 2018  *                                             Flow  version 2025.10-pre  *
                              **************************************************************************


======================================================= PRODUCTION REPORT =======================================================
:  WELL  : LOCATION  :CTRL:    OIL    :   WATER   :    GAS    :   FLUID   :   WATER   : GAS/OIL  :  WAT/GAS   : BHP OR : THP OR :
:  NAME  :  (I,J,K)  :MODE:   RATE    :   RATE    :   RATE    : RES.VOL.  :    CUT    :  RATIO   :   RATIO    :CON.PR. :BLK.PR. :
:        :           :    :  STB/DAY  :  STB/DAY  : MSCF/DAY  :  RB/DAY   :           : MSCF/STB :  STB/MSCF  :  PSIA  :  PSIA  :
=================================================================================================================================
:FIELD   :           :    :    13644.7:       -0.0:   123867.6:    89139.6:     -0.000:      9.08:      0.0000:        :        :
:G1      :           :    :    13644.7:       -0.0:   123867.6:    89139.6:     -0.000:      9.08:      0.0000:        :        :
:PROD    : 10, 10    :ORAT:    13644.7:       -0.0:   123867.6:    89139.6:     -0.000:      9.08:      0.0000:  1000.0:     0.0:
:--------:-----------:----:-----------:-----------:-----------:-----------:-----------:----------:------------:--------:--------:

============================================= INJECTION REPORT ==============================================
:  WELL  : LOCATION  : CTRL : CTRL : CTRL :    OIL    :   WATER   :    GAS    :   FLUID   : BHP OR : THP OR :
:  NAME  :  (I,J,K)  : MODE : MODE : MODE :   RATE    :   RATE    :   RATE    : RES.VOL.  :CON.PR. :BLK.PR. :
:        :           : OIL  : WAT  : GAS  :  STB/DAY  :  STB/DAY  : MSCF/DAY  :  RB/DAY   :  PSIA  :  PSIA  :
=============================================================================================================
:FIELD   :           :      :      :      :        0.0:        0.0:   100000.0:    62348.0:        :        :
:G1      :           :      :      :      :        0.0:        0.0:   100000.0:    62348.0:        :        :
:INJ     :  1,  1    :      :      :  GRAT:        0.0:        0.0:   100000.0:    62348.0:  5856.9:     0.0:
:--------:-----------:------:------:------:-----------:-----------:-----------:-----------:--------:--------:

============================================== CUMULATIVE PRODUCTION/INJECTION TOTALS ==============================================
:  WELL  : LOCATION  :  WELL  :CTRL:    OIL    :   WATER   :    GAS    :   Prod    :    OIL    :   WATER   :    GAS    :    INJ    :
:  NAME  :  (I,J,K)  :  TYPE  :MODE:   PROD    :   PROD    :   PROD    : RES.VOL.  :    INJ    :    INJ    :    INJ    : RES.VOL.  :
:        :           :        :    :   MSTB    :   MSTB    :   MMSCF   :    MRB    :   MSTB    :   MSTB    :   MMSCF   :    MRB    :
====================================================================================================================================
:FIELD   :           :        :    :    26775.0:        0.0:      100.0:    81893.3:        0.0:        0.0:      142.9:    82275.8:
:G1      :           :        :    :    26775.0:        0.0:      100.0:    81893.3:        0.0:        0.0:      142.9:    82275.8:
:PROD    : 10, 10    :    PROD:ORAT:    26775.0:        0.0:      100.0:    81893.3:        0.0:        0.0:        0.0:        0.0:
:INJ     :  1,  1    :     INJ:GRAT:        0.0:        0.0:        0.0:        0.0:        0.0:        0.0:      142.9:    82275.8:
:--------:-----------:--------:----:-----------:-----------:-----------:-----------:-----------:-----------:-----------:-----------:


Report step 47/120 at day 1429/3650, date = 30-Nov-2018

Starting time step 0, stepsize 31 days, at day 1429/1460, date = 30-Nov-2018

Warning: Keyword 'WELLS' is unhandled for output to restart file.
 Newton its= 2, linearizations= 3 (0.0sec), linear its=  3 (0.0sec)
Restart file written for report step  47/120, date = 30-Nov-2018 00:00:00

                              **************************************************************************
  WELLS    AT      1460  DAYS *                 SPE1 - CASE 1                                          *
  REPORT   48    31 Dec 2018  *                                             Flow  version 2025.10-pre  *
                              **************************************************************************


======================================================= PRODUCTION REPORT =======================================================
:  WELL  : LOCATION  :CTRL:    OIL    :   WATER   :    GAS    :   FLUID   :   WATER   : GAS/OIL  :  WAT/GAS   : BHP OR : THP OR :
:  NAME  :  (I,J,K)  :MODE:   RATE    :   RATE    :   RATE    : RES.VOL.  :    CUT    :  RATIO   :   RATIO    :CON.PR. :BLK.PR. :
:        :           :    :  STB/DAY  :  STB/DAY  : MSCF/DAY  :  RB/DAY   :           : MSCF/STB :  STB/MSCF  :  PSIA  :  PSIA  :
=================================================================================================================================
:FIELD   :           :    :    13398.8:       -0.0:   122987.9:    88939.0:     -0.000:      9.18:      0.0000:        :        :
:G1      :           :    :    13398.8:       -0.0:   122987.9:    88939.0:     -0.000:      9.18:      0.0000:        :        :
:PROD    : 10, 10    :ORAT:    13398.8:       -0.0:   122987.9:    88939.0:     -0.000:      9.18:      0.0000:  1000.0:     0.0:
:--------:-----------:----:-----------:-----------:-----------:-----------:-----------:----------:------------:--------:--------:

============================================= INJECTION REPORT ==============================================
:  WELL  : LOCATION  : CTRL : CTRL : CTRL :    OIL    :   WATER   :    GAS    :   FLUID   : BHP OR : THP OR :
:  NAME  :  (I,J,K)  : MODE : MODE : MODE :   RATE    :   RATE    :   RATE    : RES.VOL.  :CON.PR. :BLK.PR. :
:        :           : OIL  : WAT  : GAS  :  STB/DAY  :  STB/DAY  : MSCF/DAY  :  RB/DAY   :  PSIA  :  PSIA  :
=============================================================================================================
:FIELD   :           :      :      :      :        0.0:        0.0:   100000.0:    62863.6:        :        :
:G1      :           :      :      :      :        0.0:        0.0:   100000.0:    62863.6:        :        :
:INJ     :  1,  1    :      :      :  GRAT:        0.0:        0.0:   100000.0:    62863.6:  5804.1:     0.0:
:--------:-----------:------:------:------:-----------:-----------:-----------:-----------:--------:--------:

============================================== CUMULATIVE PRODUCTION/INJECTION TOTALS ==============================================
:  WELL  : LOCATION  :  WELL  :CTRL:    OIL    :   WATER   :    GAS    :   Prod    :    OIL    :   WATER   :    GAS    :    INJ    :
:  NAME  :  (I,J,K)  :  TYPE  :MODE:   PROD    :   PROD    :   PROD    : RES.VOL.  :    INJ    :    INJ    :    INJ    : RES.VOL.  :
:        :           :        :    :   MSTB    :   MSTB    :   MMSCF   :    MRB    :   MSTB    :   MSTB    :   MMSCF   :    MRB    :
====================================================================================================================================
:FIELD   :           :        :    :    27190.4:        0.0:      103.8:    84650.4:        0.0:        0.0:      146.0:    84224.5:
:G1      :           :        :    :    27190.4:        0.0:      103.8:    84650.4:        0.0:        0.0:      146.0:    84224.5:
:PROD    : 10, 10    :    PROD:ORAT:    27190.4:        0.0:      103.8:    84650.4:        0.0:        0.0:        0.0:        0.0:
:INJ     :  1,  1    :     INJ:GRAT:        0.0:        0.0:        0.0:        0.0:        0.0:        0.0:      146.0:    84224.5:
:--------:-----------:--------:----:-----------:-----------:-----------:-----------:-----------:-----------:-----------:-----------:


Report step 48/120 at day 1460/3650, date = 31-Dec-2018

Starting time step 0, stepsize 31 days, at day 1460/1491, date = 31-Dec-2018

Warning: Keyword 'WELLS' is unhandled for output to restart file.
 Newton its= 2, linearizations= 3 (0.0sec), linear its=  3 (0.0sec)
Restart file written for report step  48/120, date = 31-Dec-2018 00:00:00

                              **************************************************************************
  WELLS    AT      1491  DAYS *                 SPE1 - CASE 1                                          *
  REPORT   49    31 Jan 2019  *                                             Flow  version 2025.10-pre  *
                              **************************************************************************


======================================================= PRODUCTION REPORT =======================================================
:  WELL  : LOCATION  :CTRL:    OIL    :   WATER   :    GAS    :   FLUID   :   WATER   : GAS/OIL  :  WAT/GAS   : BHP OR : THP OR :
:  NAME  :  (I,J,K)  :MODE:   RATE    :   RATE    :   RATE    : RES.VOL.  :    CUT    :  RATIO   :   RATIO    :CON.PR. :BLK.PR. :
:        :           :    :  STB/DAY  :  STB/DAY  : MSCF/DAY  :  RB/DAY   :           : MSCF/STB :  STB/MSCF  :  PSIA  :  PSIA  :
=================================================================================================================================
:FIELD   :           :    :    13157.0:       -0.0:   122123.8:    88752.6:     -0.000:      9.28:      0.0000:        :        :
:G1      :           :    :    13157.0:       -0.0:   122123.8:    88752.6:     -0.000:      9.28:      0.0000:        :        :
:PROD    : 10, 10    :ORAT:    13157.0:       -0.0:   122123.8:    88752.6:     -0.000:      9.28:      0.0000:  1000.0:     0.0:
:--------:-----------:----:-----------:-----------:-----------:-----------:-----------:----------:------------:--------:--------:

============================================= INJECTION REPORT ==============================================
:  WELL  : LOCATION  : CTRL : CTRL : CTRL :    OIL    :   WATER   :    GAS    :   FLUID   : BHP OR : THP OR :
:  NAME  :  (I,J,K)  : MODE : MODE : MODE :   RATE    :   RATE    :   RATE    : RES.VOL.  :CON.PR. :BLK.PR. :
:        :           : OIL  : WAT  : GAS  :  STB/DAY  :  STB/DAY  : MSCF/DAY  :  RB/DAY   :  PSIA  :  PSIA  :
=============================================================================================================
:FIELD   :           :      :      :      :        0.0:        0.0:   100000.0:    63386.0:        :        :
:G1      :           :      :      :      :        0.0:        0.0:   100000.0:    63386.0:        :        :
:INJ     :  1,  1    :      :      :  GRAT:        0.0:        0.0:   100000.0:    63386.0:  5753.1:     0.0:
:--------:-----------:------:------:------:-----------:-----------:-----------:-----------:--------:--------:

============================================== CUMULATIVE PRODUCTION/INJECTION TOTALS ==============================================
:  WELL  : LOCATION  :  WELL  :CTRL:    OIL    :   WATER   :    GAS    :   Prod    :    OIL    :   WATER   :    GAS    :    INJ    :
:  NAME  :  (I,J,K)  :  TYPE  :MODE:   PROD    :   PROD    :   PROD    : RES.VOL.  :    INJ    :    INJ    :    INJ    : RES.VOL.  :
:        :           :        :    :   MSTB    :   MSTB    :   MMSCF   :    MRB    :   MSTB    :   MSTB    :   MMSCF   :    MRB    :
====================================================================================================================================
:FIELD   :           :        :    :    27598.2:        0.0:      107.6:    87401.8:        0.0:        0.0:      149.1:    86189.5:
:G1      :           :        :    :    27598.2:        0.0:      107.6:    87401.8:        0.0:        0.0:      149.1:    86189.5:
:PROD    : 10, 10    :    PROD:ORAT:    27598.2:        0.0:      107.6:    87401.8:        0.0:        0.0:        0.0:        0.0:
:INJ     :  1,  1    :     INJ:GRAT:        0.0:        0.0:        0.0:        0.0:        0.0:        0.0:      149.1:    86189.5:
:--------:-----------:--------:----:-----------:-----------:-----------:-----------:-----------:-----------:-----------:-----------:


Report step 49/120 at day 1491/3650, date = 31-Jan-2019

Starting time step 0, stepsize 28 days, at day 1491/1519, date = 31-Jan-2019

Warning: Keyword 'WELLS' is unhandled for output to restart file.
 Newton its= 2, linearizations= 3 (0.0sec), linear its=  3 (0.0sec)
Restart file written for report step  49/120, date = 31-Jan-2019 00:00:00

                              **************************************************************************
  WELLS    AT      1519  DAYS *                 SPE1 - CASE 1                                          *
  REPORT   50    28 Feb 2019  *                                             Flow  version 2025.10-pre  *
                              **************************************************************************


======================================================= PRODUCTION REPORT =======================================================
:  WELL  : LOCATION  :CTRL:    OIL    :   WATER   :    GAS    :   FLUID   :   WATER   : GAS/OIL  :  WAT/GAS   : BHP OR : THP OR :
:  NAME  :  (I,J,K)  :MODE:   RATE    :   RATE    :   RATE    : RES.VOL.  :    CUT    :  RATIO   :   RATIO    :CON.PR. :BLK.PR. :
:        :           :    :  STB/DAY  :  STB/DAY  : MSCF/DAY  :  RB/DAY   :           : MSCF/STB :  STB/MSCF  :  PSIA  :  PSIA  :
=================================================================================================================================
:FIELD   :           :    :    12945.4:       -0.0:   121353.0:    88633.6:     -0.000:      9.37:      0.0000:        :        :
:G1      :           :    :    12945.4:       -0.0:   121353.0:    88633.6:     -0.000:      9.37:      0.0000:        :        :
:PROD    : 10, 10    :ORAT:    12945.4:       -0.0:   121353.0:    88633.6:     -0.000:      9.37:      0.0000:  1000.0:     0.0:
:--------:-----------:----:-----------:-----------:-----------:-----------:-----------:----------:------------:--------:--------:

============================================= INJECTION REPORT ==============================================
:  WELL  : LOCATION  : CTRL : CTRL : CTRL :    OIL    :   WATER   :    GAS    :   FLUID   : BHP OR : THP OR :
:  NAME  :  (I,J,K)  : MODE : MODE : MODE :   RATE    :   RATE    :   RATE    : RES.VOL.  :CON.PR. :BLK.PR. :
:        :           : OIL  : WAT  : GAS  :  STB/DAY  :  STB/DAY  : MSCF/DAY  :  RB/DAY   :  PSIA  :  PSIA  :
=============================================================================================================
:FIELD   :           :      :      :      :        0.0:        0.0:   100000.0:    63897.9:        :        :
:G1      :           :      :      :      :        0.0:        0.0:   100000.0:    63897.9:        :        :
:INJ     :  1,  1    :      :      :  GRAT:        0.0:        0.0:   100000.0:    63897.9:  5708.6:     0.0:
:--------:-----------:------:------:------:-----------:-----------:-----------:-----------:--------:--------:

============================================== CUMULATIVE PRODUCTION/INJECTION TOTALS ==============================================
:  WELL  : LOCATION  :  WELL  :CTRL:    OIL    :   WATER   :    GAS    :   Prod    :    OIL    :   WATER   :    GAS    :    INJ    :
:  NAME  :  (I,J,K)  :  TYPE  :MODE:   PROD    :   PROD    :   PROD    : RES.VOL.  :    INJ    :    INJ    :    INJ    : RES.VOL.  :
:        :           :        :    :   MSTB    :   MSTB    :   MMSCF   :    MRB    :   MSTB    :   MSTB    :   MMSCF   :    MRB    :
====================================================================================================================================
:FIELD   :           :        :    :    27960.7:        0.0:      111.0:    89883.5:        0.0:        0.0:      151.9:    87978.6:
:G1      :           :        :    :    27960.7:        0.0:      111.0:    89883.5:        0.0:        0.0:      151.9:    87978.6:
:PROD    : 10, 10    :    PROD:ORAT:    27960.7:        0.0:      111.0:    89883.5:        0.0:        0.0:        0.0:        0.0:
:INJ     :  1,  1    :     INJ:GRAT:        0.0:        0.0:        0.0:        0.0:        0.0:        0.0:      151.9:    87978.6:
:--------:-----------:--------:----:-----------:-----------:-----------:-----------:-----------:-----------:-----------:-----------:


Report step 50/120 at day 1519/3650, date = 28-Feb-2019

Starting time step 0, stepsize 31 days, at day 1519/1550, date = 28-Feb-2019

Warning: Keyword 'WELLS' is unhandled for output to restart file.
 Newton its= 2, linearizations= 3 (0.0sec), linear its=  3 (0.0sec)
Restart file written for report step  50/120, date = 28-Feb-2019 00:00:00

                              **************************************************************************
  WELLS    AT      1550  DAYS *                 SPE1 - CASE 1                                          *
  REPORT   51    31 Mar 2019  *                                             Flow  version 2025.10-pre  *
                              **************************************************************************


======================================================= PRODUCTION REPORT =======================================================
:  WELL  : LOCATION  :CTRL:    OIL    :   WATER   :    GAS    :   FLUID   :   WATER   : GAS/OIL  :  WAT/GAS   : BHP OR : THP OR :
:  NAME  :  (I,J,K)  :MODE:   RATE    :   RATE    :   RATE    : RES.VOL.  :    CUT    :  RATIO   :   RATIO    :CON.PR. :BLK.PR. :
:        :           :    :  STB/DAY  :  STB/DAY  : MSCF/DAY  :  RB/DAY   :           : MSCF/STB :  STB/MSCF  :  PSIA  :  PSIA  :
=================================================================================================================================
:FIELD   :           :    :    12721.3:       -0.0:   120514.4:    88391.7:     -0.000:      9.47:      0.0000:        :        :
:G1      :           :    :    12721.3:       -0.0:   120514.4:    88391.7:     -0.000:      9.47:      0.0000:        :        :
:PROD    : 10, 10    :ORAT:    12721.3:       -0.0:   120514.4:    88391.7:     -0.000:      9.47:      0.0000:  1000.0:     0.0:
:--------:-----------:----:-----------:-----------:-----------:-----------:-----------:----------:------------:--------:--------:

============================================= INJECTION REPORT ==============================================
:  WELL  : LOCATION  : CTRL : CTRL : CTRL :    OIL    :   WATER   :    GAS    :   FLUID   : BHP OR : THP OR :
:  NAME  :  (I,J,K)  : MODE : MODE : MODE :   RATE    :   RATE    :   RATE    : RES.VOL.  :CON.PR. :BLK.PR. :
:        :           : OIL  : WAT  : GAS  :  STB/DAY  :  STB/DAY  : MSCF/DAY  :  RB/DAY   :  PSIA  :  PSIA  :
=============================================================================================================
:FIELD   :           :      :      :      :        0.0:        0.0:   100000.0:    64351.1:        :        :
:G1      :           :      :      :      :        0.0:        0.0:   100000.0:    64351.1:        :        :
:INJ     :  1,  1    :      :      :  GRAT:        0.0:        0.0:   100000.0:    64351.1:  5661.1:     0.0:
:--------:-----------:------:------:------:-----------:-----------:-----------:-----------:--------:--------:

============================================== CUMULATIVE PRODUCTION/INJECTION TOTALS ==============================================
:  WELL  : LOCATION  :  WELL  :CTRL:    OIL    :   WATER   :    GAS    :   Prod    :    OIL    :   WATER   :    GAS    :    INJ    :
:  NAME  :  (I,J,K)  :  TYPE  :MODE:   PROD    :   PROD    :   PROD    : RES.VOL.  :    INJ    :    INJ    :    INJ    : RES.VOL.  :
:        :           :        :    :   MSTB    :   MSTB    :   MMSCF   :    MRB    :   MSTB    :   MSTB    :   MMSCF   :    MRB    :
====================================================================================================================================
:FIELD   :           :        :    :    28355.1:        0.0:      114.7:    92623.6:        0.0:        0.0:      155.0:    89973.5:
:G1      :           :        :    :    28355.1:        0.0:      114.7:    92623.6:        0.0:        0.0:      155.0:    89973.5:
:PROD    : 10, 10    :    PROD:ORAT:    28355.1:        0.0:      114.7:    92623.6:        0.0:        0.0:        0.0:        0.0:
:INJ     :  1,  1    :     INJ:GRAT:        0.0:        0.0:        0.0:        0.0:        0.0:        0.0:      155.0:    89973.5:
:--------:-----------:--------:----:-----------:-----------:-----------:-----------:-----------:-----------:-----------:-----------:


Report step 51/120 at day 1550/3650, date = 31-Mar-2019

Starting time step 0, stepsize 30 days, at day 1550/1580, date = 31-Mar-2019

Warning: Keyword 'WELLS' is unhandled for output to restart file.
 Newton its= 2, linearizations= 3 (0.0sec), linear its=  3 (0.0sec)
Restart file written for report step  51/120, date = 31-Mar-2019 00:00:00

                              **************************************************************************
  WELLS    AT      1580  DAYS *                 SPE1 - CASE 1                                          *
  REPORT   52    30 Apr 2019  *                                             Flow  version 2025.10-pre  *
                              **************************************************************************


======================================================= PRODUCTION REPORT =======================================================
:  WELL  : LOCATION  :CTRL:    OIL    :   WATER   :    GAS    :   FLUID   :   WATER   : GAS/OIL  :  WAT/GAS   : BHP OR : THP OR :
:  NAME  :  (I,J,K)  :MODE:   RATE    :   RATE    :   RATE    : RES.VOL.  :    CUT    :  RATIO   :   RATIO    :CON.PR. :BLK.PR. :
:        :           :    :  STB/DAY  :  STB/DAY  : MSCF/DAY  :  RB/DAY   :           : MSCF/STB :  STB/MSCF  :  PSIA  :  PSIA  :
=================================================================================================================================
:FIELD   :           :    :    12513.9:       -0.0:   119723.9:    88228.3:     -0.000:      9.57:      0.0000:        :        :
:G1      :           :    :    12513.9:       -0.0:   119723.9:    88228.3:     -0.000:      9.57:      0.0000:        :        :
:PROD    : 10, 10    :ORAT:    12513.9:       -0.0:   119723.9:    88228.3:     -0.000:      9.57:      0.0000:  1000.0:     0.0:
:--------:-----------:----:-----------:-----------:-----------:-----------:-----------:----------:------------:--------:--------:

============================================= INJECTION REPORT ==============================================
:  WELL  : LOCATION  : CTRL : CTRL : CTRL :    OIL    :   WATER   :    GAS    :   FLUID   : BHP OR : THP OR :
:  NAME  :  (I,J,K)  : MODE : MODE : MODE :   RATE    :   RATE    :   RATE    : RES.VOL.  :CON.PR. :BLK.PR. :
:        :           : OIL  : WAT  : GAS  :  STB/DAY  :  STB/DAY  : MSCF/DAY  :  RB/DAY   :  PSIA  :  PSIA  :
=============================================================================================================
:FIELD   :           :      :      :      :        0.0:        0.0:   100000.0:    64840.8:        :        :
:G1      :           :      :      :      :        0.0:        0.0:   100000.0:    64840.8:        :        :
:INJ     :  1,  1    :      :      :  GRAT:        0.0:        0.0:   100000.0:    64840.8:  5616.8:     0.0:
:--------:-----------:------:------:------:-----------:-----------:-----------:-----------:--------:--------:

============================================== CUMULATIVE PRODUCTION/INJECTION TOTALS ==============================================
:  WELL  : LOCATION  :  WELL  :CTRL:    OIL    :   WATER   :    GAS    :   Prod    :    OIL    :   WATER   :    GAS    :    INJ    :
:  NAME  :  (I,J,K)  :  TYPE  :MODE:   PROD    :   PROD    :   PROD    : RES.VOL.  :    INJ    :    INJ    :    INJ    : RES.VOL.  :
:        :           :        :    :   MSTB    :   MSTB    :   MMSCF   :    MRB    :   MSTB    :   MSTB    :   MMSCF   :    MRB    :
====================================================================================================================================
:FIELD   :           :        :    :    28730.5:        0.0:      118.3:    95270.5:        0.0:        0.0:      158.0:    91918.8:
:G1      :           :        :    :    28730.5:        0.0:      118.3:    95270.5:        0.0:        0.0:      158.0:    91918.8:
:PROD    : 10, 10    :    PROD:ORAT:    28730.5:        0.0:      118.3:    95270.5:        0.0:        0.0:        0.0:        0.0:
:INJ     :  1,  1    :     INJ:GRAT:        0.0:        0.0:        0.0:        0.0:        0.0:        0.0:      158.0:    91918.8:
:--------:-----------:--------:----:-----------:-----------:-----------:-----------:-----------:-----------:-----------:-----------:


Report step 52/120 at day 1580/3650, date = 30-Apr-2019

Starting time step 0, stepsize 31 days, at day 1580/1611, date = 30-Apr-2019

Warning: Keyword 'WELLS' is unhandled for output to restart file.
 Newton its= 2, linearizations= 3 (0.0sec), linear its=  3 (0.0sec)
Restart file written for report step  52/120, date = 30-Apr-2019 00:00:00

                              **************************************************************************
  WELLS    AT      1611  DAYS *                 SPE1 - CASE 1                                          *
  REPORT   53    31 May 2019  *                                             Flow  version 2025.10-pre  *
                              **************************************************************************


======================================================= PRODUCTION REPORT =======================================================
:  WELL  : LOCATION  :CTRL:    OIL    :   WATER   :    GAS    :   FLUID   :   WATER   : GAS/OIL  :  WAT/GAS   : BHP OR : THP OR :
:  NAME  :  (I,J,K)  :MODE:   RATE    :   RATE    :   RATE    : RES.VOL.  :    CUT    :  RATIO   :   RATIO    :CON.PR. :BLK.PR. :
:        :           :    :  STB/DAY  :  STB/DAY  : MSCF/DAY  :  RB/DAY   :           : MSCF/STB :  STB/MSCF  :  PSIA  :  PSIA  :
=================================================================================================================================
:FIELD   :           :    :    12315.8:       -0.0:   118981.4:    88141.3:     -0.000:      9.66:      0.0000:        :        :
:G1      :           :    :    12315.8:       -0.0:   118981.4:    88141.3:     -0.000:      9.66:      0.0000:        :        :
:PROD    : 10, 10    :ORAT:    12315.8:       -0.0:   118981.4:    88141.3:     -0.000:      9.66:      0.0000:  1000.0:     0.0:
:--------:-----------:----:-----------:-----------:-----------:-----------:-----------:----------:------------:--------:--------:

============================================= INJECTION REPORT ==============================================
:  WELL  : LOCATION  : CTRL : CTRL : CTRL :    OIL    :   WATER   :    GAS    :   FLUID   : BHP OR : THP OR :
:  NAME  :  (I,J,K)  : MODE : MODE : MODE :   RATE    :   RATE    :   RATE    : RES.VOL.  :CON.PR. :BLK.PR. :
:        :           : OIL  : WAT  : GAS  :  STB/DAY  :  STB/DAY  : MSCF/DAY  :  RB/DAY   :  PSIA  :  PSIA  :
=============================================================================================================
:FIELD   :           :      :      :      :        0.0:        0.0:   100000.0:    65372.9:        :        :
:G1      :           :      :      :      :        0.0:        0.0:   100000.0:    65372.9:        :        :
:INJ     :  1,  1    :      :      :  GRAT:        0.0:        0.0:   100000.0:    65372.9:  5572.9:     0.0:
:--------:-----------:------:------:------:-----------:-----------:-----------:-----------:--------:--------:

============================================== CUMULATIVE PRODUCTION/INJECTION TOTALS ==============================================
:  WELL  : LOCATION  :  WELL  :CTRL:    OIL    :   WATER   :    GAS    :   Prod    :    OIL    :   WATER   :    GAS    :    INJ    :
:  NAME  :  (I,J,K)  :  TYPE  :MODE:   PROD    :   PROD    :   PROD    : RES.VOL.  :    INJ    :    INJ    :    INJ    : RES.VOL.  :
:        :           :        :    :   MSTB    :   MSTB    :   MMSCF   :    MRB    :   MSTB    :   MSTB    :   MMSCF   :    MRB    :
====================================================================================================================================
:FIELD   :           :        :    :    29112.3:        0.0:      122.0:    98002.9:        0.0:        0.0:      161.1:    93945.3:
:G1      :           :        :    :    29112.3:        0.0:      122.0:    98002.9:        0.0:        0.0:      161.1:    93945.3:
:PROD    : 10, 10    :    PROD:ORAT:    29112.3:        0.0:      122.0:    98002.9:        0.0:        0.0:        0.0:        0.0:
:INJ     :  1,  1    :     INJ:GRAT:        0.0:        0.0:        0.0:        0.0:        0.0:        0.0:      161.1:    93945.3:
:--------:-----------:--------:----:-----------:-----------:-----------:-----------:-----------:-----------:-----------:-----------:


Report step 53/120 at day 1611/3650, date = 31-May-2019

Starting time step 0, stepsize 30 days, at day 1611/1641, date = 31-May-2019

Warning: Keyword 'WELLS' is unhandled for output to restart file.
 Newton its= 3, linearizations= 4 (0.0sec), linear its=  5 (0.0sec)
Restart file written for report step  53/120, date = 31-May-2019 00:00:00

                              **************************************************************************
  WELLS    AT      1641  DAYS *                 SPE1 - CASE 1                                          *
  REPORT   54    30 Jun 2019  *                                             Flow  version 2025.10-pre  *
                              **************************************************************************


======================================================= PRODUCTION REPORT =======================================================
:  WELL  : LOCATION  :CTRL:    OIL    :   WATER   :    GAS    :   FLUID   :   WATER   : GAS/OIL  :  WAT/GAS   : BHP OR : THP OR :
:  NAME  :  (I,J,K)  :MODE:   RATE    :   RATE    :   RATE    : RES.VOL.  :    CUT    :  RATIO   :   RATIO    :CON.PR. :BLK.PR. :
:        :           :    :  STB/DAY  :  STB/DAY  : MSCF/DAY  :  RB/DAY   :           : MSCF/STB :  STB/MSCF  :  PSIA  :  PSIA  :
=================================================================================================================================
:FIELD   :           :    :    12111.2:       -0.0:   118565.5:    88272.6:     -0.000:      9.79:      0.0000:        :        :
:G1      :           :    :    12111.2:       -0.0:   118565.5:    88272.6:     -0.000:      9.79:      0.0000:        :        :
:PROD    : 10, 10    :ORAT:    12111.2:       -0.0:   118565.5:    88272.6:     -0.000:      9.79:      0.0000:  1000.0:     0.0:
:--------:-----------:----:-----------:-----------:-----------:-----------:-----------:----------:------------:--------:--------:

============================================= INJECTION REPORT ==============================================
:  WELL  : LOCATION  : CTRL : CTRL : CTRL :    OIL    :   WATER   :    GAS    :   FLUID   : BHP OR : THP OR :
:  NAME  :  (I,J,K)  : MODE : MODE : MODE :   RATE    :   RATE    :   RATE    : RES.VOL.  :CON.PR. :BLK.PR. :
:        :           : OIL  : WAT  : GAS  :  STB/DAY  :  STB/DAY  : MSCF/DAY  :  RB/DAY   :  PSIA  :  PSIA  :
=============================================================================================================
:FIELD   :           :      :      :      :        0.0:        0.0:   100000.0:    65918.6:        :        :
:G1      :           :      :      :      :        0.0:        0.0:   100000.0:    65918.6:        :        :
:INJ     :  1,  1    :      :      :  GRAT:        0.0:        0.0:   100000.0:    65918.6:  5532.0:     0.0:
:--------:-----------:------:------:------:-----------:-----------:-----------:-----------:--------:--------:

============================================== CUMULATIVE PRODUCTION/INJECTION TOTALS ==============================================
:  WELL  : LOCATION  :  WELL  :CTRL:    OIL    :   WATER   :    GAS    :   Prod    :    OIL    :   WATER   :    GAS    :    INJ    :
:  NAME  :  (I,J,K)  :  TYPE  :MODE:   PROD    :   PROD    :   PROD    : RES.VOL.  :    INJ    :    INJ    :    INJ    : RES.VOL.  :
:        :           :        :    :   MSTB    :   MSTB    :   MMSCF   :    MRB    :   MSTB    :   MSTB    :   MMSCF   :    MRB    :
====================================================================================================================================
:FIELD   :           :        :    :    29475.6:        0.0:      125.6:   100651.0:        0.0:        0.0:      164.1:    95922.9:
:G1      :           :        :    :    29475.6:        0.0:      125.6:   100651.0:        0.0:        0.0:      164.1:    95922.9:
:PROD    : 10, 10    :    PROD:ORAT:    29475.6:        0.0:      125.6:   100651.0:        0.0:        0.0:        0.0:        0.0:
:INJ     :  1,  1    :     INJ:GRAT:        0.0:        0.0:        0.0:        0.0:        0.0:        0.0:      164.1:    95922.9:
:--------:-----------:--------:----:-----------:-----------:-----------:-----------:-----------:-----------:-----------:-----------:


Report step 54/120 at day 1641/3650, date = 30-Jun-2019

Starting time step 0, stepsize 31 days, at day 1641/1672, date = 30-Jun-2019

Warning: Keyword 'WELLS' is unhandled for output to restart file.
 Newton its= 2, linearizations= 3 (0.0sec), linear its=  2 (0.0sec)
Restart file written for report step  54/120, date = 30-Jun-2019 00:00:00

                              **************************************************************************
  WELLS    AT      1672  DAYS *                 SPE1 - CASE 1                                          *
  REPORT   55    31 Jul 2019  *                                             Flow  version 2025.10-pre  *
                              **************************************************************************


======================================================= PRODUCTION REPORT =======================================================
:  WELL  : LOCATION  :CTRL:    OIL    :   WATER   :    GAS    :   FLUID   :   WATER   : GAS/OIL  :  WAT/GAS   : BHP OR : THP OR :
:  NAME  :  (I,J,K)  :MODE:   RATE    :   RATE    :   RATE    : RES.VOL.  :    CUT    :  RATIO   :   RATIO    :CON.PR. :BLK.PR. :
:        :           :    :  STB/DAY  :  STB/DAY  : MSCF/DAY  :  RB/DAY   :           : MSCF/STB :  STB/MSCF  :  PSIA  :  PSIA  :
=================================================================================================================================
:FIELD   :           :    :    11880.8:       -0.0:   118318.9:    88461.6:     -0.000:      9.96:      0.0000:        :        :
:G1      :           :    :    11880.8:       -0.0:   118318.9:    88461.6:     -0.000:      9.96:      0.0000:        :        :
:PROD    : 10, 10    :ORAT:    11880.8:       -0.0:   118318.9:    88461.6:     -0.000:      9.96:      0.0000:  1000.0:     0.0:
:--------:-----------:----:-----------:-----------:-----------:-----------:-----------:----------:------------:--------:--------:

============================================= INJECTION REPORT ==============================================
:  WELL  : LOCATION  : CTRL : CTRL : CTRL :    OIL    :   WATER   :    GAS    :   FLUID   : BHP OR : THP OR :
:  NAME  :  (I,J,K)  : MODE : MODE : MODE :   RATE    :   RATE    :   RATE    : RES.VOL.  :CON.PR. :BLK.PR. :
:        :           : OIL  : WAT  : GAS  :  STB/DAY  :  STB/DAY  : MSCF/DAY  :  RB/DAY   :  PSIA  :  PSIA  :
=============================================================================================================
:FIELD   :           :      :      :      :        0.0:        0.0:   100000.0:    66434.9:        :        :
:G1      :           :      :      :      :        0.0:        0.0:   100000.0:    66434.9:        :        :
:INJ     :  1,  1    :      :      :  GRAT:        0.0:        0.0:   100000.0:    66434.9:  5491.4:     0.0:
:--------:-----------:------:------:------:-----------:-----------:-----------:-----------:--------:--------:

============================================== CUMULATIVE PRODUCTION/INJECTION TOTALS ==============================================
:  WELL  : LOCATION  :  WELL  :CTRL:    OIL    :   WATER   :    GAS    :   Prod    :    OIL    :   WATER   :    GAS    :    INJ    :
:  NAME  :  (I,J,K)  :  TYPE  :MODE:   PROD    :   PROD    :   PROD    : RES.VOL.  :    INJ    :    INJ    :    INJ    : RES.VOL.  :
:        :           :        :    :   MSTB    :   MSTB    :   MMSCF   :    MRB    :   MSTB    :   MSTB    :   MMSCF   :    MRB    :
====================================================================================================================================
:FIELD   :           :        :    :    29843.9:        0.0:      129.2:   103393.4:        0.0:        0.0:      167.2:    97982.4:
:G1      :           :        :    :    29843.9:        0.0:      129.2:   103393.4:        0.0:        0.0:      167.2:    97982.4:
:PROD    : 10, 10    :    PROD:ORAT:    29843.9:        0.0:      129.2:   103393.4:        0.0:        0.0:        0.0:        0.0:
:INJ     :  1,  1    :     INJ:GRAT:        0.0:        0.0:        0.0:        0.0:        0.0:        0.0:      167.2:    97982.4:
:--------:-----------:--------:----:-----------:-----------:-----------:-----------:-----------:-----------:-----------:-----------:


Report step 55/120 at day 1672/3650, date = 31-Jul-2019

Starting time step 0, stepsize 31 days, at day 1672/1703, date = 31-Jul-2019

Warning: Keyword 'WELLS' is unhandled for output to restart file.
 Newton its= 2, linearizations= 3 (0.0sec), linear its=  2 (0.0sec)
Restart file written for report step  55/120, date = 31-Jul-2019 00:00:00

                              **************************************************************************
  WELLS    AT      1703  DAYS *                 SPE1 - CASE 1                                          *
  REPORT   56    31 Aug 2019  *                                             Flow  version 2025.10-pre  *
                              **************************************************************************


======================================================= PRODUCTION REPORT =======================================================
:  WELL  : LOCATION  :CTRL:    OIL    :   WATER   :    GAS    :   FLUID   :   WATER   : GAS/OIL  :  WAT/GAS   : BHP OR : THP OR :
:  NAME  :  (I,J,K)  :MODE:   RATE    :   RATE    :   RATE    : RES.VOL.  :    CUT    :  RATIO   :   RATIO    :CON.PR. :BLK.PR. :
:        :           :    :  STB/DAY  :  STB/DAY  : MSCF/DAY  :  RB/DAY   :           : MSCF/STB :  STB/MSCF  :  PSIA  :  PSIA  :
=================================================================================================================================
:FIELD   :           :    :    11690.6:       -0.0:   117791.6:    88504.5:     -0.000:     10.08:      0.0000:        :        :
:G1      :           :    :    11690.6:       -0.0:   117791.6:    88504.5:     -0.000:     10.08:      0.0000:        :        :
:PROD    : 10, 10    :ORAT:    11690.6:       -0.0:   117791.6:    88504.5:     -0.000:     10.08:      0.0000:  1000.0:     0.0:
:--------:-----------:----:-----------:-----------:-----------:-----------:-----------:----------:------------:--------:--------:

============================================= INJECTION REPORT ==============================================
:  WELL  : LOCATION  : CTRL : CTRL : CTRL :    OIL    :   WATER   :    GAS    :   FLUID   : BHP OR : THP OR :
:  NAME  :  (I,J,K)  : MODE : MODE : MODE :   RATE    :   RATE    :   RATE    : RES.VOL.  :CON.PR. :BLK.PR. :
:        :           : OIL  : WAT  : GAS  :  STB/DAY  :  STB/DAY  : MSCF/DAY  :  RB/DAY   :  PSIA  :  PSIA  :
=============================================================================================================
:FIELD   :           :      :      :      :        0.0:        0.0:   100000.0:    66959.3:        :        :
:G1      :           :      :      :      :        0.0:        0.0:   100000.0:    66959.3:        :        :
:INJ     :  1,  1    :      :      :  GRAT:        0.0:        0.0:   100000.0:    66959.3:  5452.2:     0.0:
:--------:-----------:------:------:------:-----------:-----------:-----------:-----------:--------:--------:

============================================== CUMULATIVE PRODUCTION/INJECTION TOTALS ==============================================
:  WELL  : LOCATION  :  WELL  :CTRL:    OIL    :   WATER   :    GAS    :   Prod    :    OIL    :   WATER   :    GAS    :    INJ    :
:  NAME  :  (I,J,K)  :  TYPE  :MODE:   PROD    :   PROD    :   PROD    : RES.VOL.  :    INJ    :    INJ    :    INJ    : RES.VOL.  :
:        :           :        :    :   MSTB    :   MSTB    :   MMSCF   :    MRB    :   MSTB    :   MSTB    :   MMSCF   :    MRB    :
====================================================================================================================================
:FIELD   :           :        :    :    30206.3:        0.0:      132.9:   106137.0:        0.0:        0.0:      170.3:   100058.1:
:G1      :           :        :    :    30206.3:        0.0:      132.9:   106137.0:        0.0:        0.0:      170.3:   100058.1:
:PROD    : 10, 10    :    PROD:ORAT:    30206.3:        0.0:      132.9:   106137.0:        0.0:        0.0:        0.0:        0.0:
:INJ     :  1,  1    :     INJ:GRAT:        0.0:        0.0:        0.0:        0.0:        0.0:        0.0:      170.3:   100058.1:
:--------:-----------:--------:----:-----------:-----------:-----------:-----------:-----------:-----------:-----------:-----------:


Report step 56/120 at day 1703/3650, date = 31-Aug-2019

Starting time step 0, stepsize 30 days, at day 1703/1733, date = 31-Aug-2019

Warning: Keyword 'WELLS' is unhandled for output to restart file.
 Newton its= 2, linearizations= 3 (0.0sec), linear its=  3 (0.0sec)
Restart file written for report step  56/120, date = 31-Aug-2019 00:00:00

                              **************************************************************************
  WELLS    AT      1733  DAYS *                 SPE1 - CASE 1                                          *
  REPORT   57    30 Sep 2019  *                                             Flow  version 2025.10-pre  *
                              **************************************************************************


======================================================= PRODUCTION REPORT =======================================================
:  WELL  : LOCATION  :CTRL:    OIL    :   WATER   :    GAS    :   FLUID   :   WATER   : GAS/OIL  :  WAT/GAS   : BHP OR : THP OR :
:  NAME  :  (I,J,K)  :MODE:   RATE    :   RATE    :   RATE    : RES.VOL.  :    CUT    :  RATIO   :   RATIO    :CON.PR. :BLK.PR. :
:        :           :    :  STB/DAY  :  STB/DAY  : MSCF/DAY  :  RB/DAY   :           : MSCF/STB :  STB/MSCF  :  PSIA  :  PSIA  :
=================================================================================================================================
:FIELD   :           :    :    11522.5:       -0.0:   117249.7:    88541.6:     -0.000:     10.18:      0.0000:        :        :
:G1      :           :    :    11522.5:       -0.0:   117249.7:    88541.6:     -0.000:     10.18:      0.0000:        :        :
:PROD    : 10, 10    :ORAT:    11522.5:       -0.0:   117249.7:    88541.6:     -0.000:     10.18:      0.0000:  1000.0:     0.0:
:--------:-----------:----:-----------:-----------:-----------:-----------:-----------:----------:------------:--------:--------:

============================================= INJECTION REPORT ==============================================
:  WELL  : LOCATION  : CTRL : CTRL : CTRL :    OIL    :   WATER   :    GAS    :   FLUID   : BHP OR : THP OR :
:  NAME  :  (I,J,K)  : MODE : MODE : MODE :   RATE    :   RATE    :   RATE    : RES.VOL.  :CON.PR. :BLK.PR. :
:        :           : OIL  : WAT  : GAS  :  STB/DAY  :  STB/DAY  : MSCF/DAY  :  RB/DAY   :  PSIA  :  PSIA  :
=============================================================================================================
:FIELD   :           :      :      :      :        0.0:        0.0:   100000.0:    67473.7:        :        :
:G1      :           :      :      :      :        0.0:        0.0:   100000.0:    67473.7:        :        :
:INJ     :  1,  1    :      :      :  GRAT:        0.0:        0.0:   100000.0:    67473.7:  5415.5:     0.0:
:--------:-----------:------:------:------:-----------:-----------:-----------:-----------:--------:--------:

============================================== CUMULATIVE PRODUCTION/INJECTION TOTALS ==============================================
:  WELL  : LOCATION  :  WELL  :CTRL:    OIL    :   WATER   :    GAS    :   Prod    :    OIL    :   WATER   :    GAS    :    INJ    :
:  NAME  :  (I,J,K)  :  TYPE  :MODE:   PROD    :   PROD    :   PROD    : RES.VOL.  :    INJ    :    INJ    :    INJ    : RES.VOL.  :
:        :           :        :    :   MSTB    :   MSTB    :   MMSCF   :    MRB    :   MSTB    :   MSTB    :   MMSCF   :    MRB    :
====================================================================================================================================
:FIELD   :           :        :    :    30552.0:        0.0:      136.4:   108793.2:        0.0:        0.0:      173.3:   102082.3:
:G1      :           :        :    :    30552.0:        0.0:      136.4:   108793.2:        0.0:        0.0:      173.3:   102082.3:
:PROD    : 10, 10    :    PROD:ORAT:    30552.0:        0.0:      136.4:   108793.2:        0.0:        0.0:        0.0:        0.0:
:INJ     :  1,  1    :     INJ:GRAT:        0.0:        0.0:        0.0:        0.0:        0.0:        0.0:      173.3:   102082.3:
:--------:-----------:--------:----:-----------:-----------:-----------:-----------:-----------:-----------:-----------:-----------:


Report step 57/120 at day 1733/3650, date = 30-Sep-2019

Starting time step 0, stepsize 31 days, at day 1733/1764, date = 30-Sep-2019

Warning: Keyword 'WELLS' is unhandled for output to restart file.
 Newton its= 2, linearizations= 3 (0.0sec), linear its=  3 (0.0sec)
Restart file written for report step  57/120, date = 30-Sep-2019 00:00:00

                              **************************************************************************
  WELLS    AT      1764  DAYS *                 SPE1 - CASE 1                                          *
  REPORT   58    31 Oct 2019  *                                             Flow  version 2025.10-pre  *
                              **************************************************************************


======================================================= PRODUCTION REPORT =======================================================
:  WELL  : LOCATION  :CTRL:    OIL    :   WATER   :    GAS    :   FLUID   :   WATER   : GAS/OIL  :  WAT/GAS   : BHP OR : THP OR :
:  NAME  :  (I,J,K)  :MODE:   RATE    :   RATE    :   RATE    : RES.VOL.  :    CUT    :  RATIO   :   RATIO    :CON.PR. :BLK.PR. :
:        :           :    :  STB/DAY  :  STB/DAY  : MSCF/DAY  :  RB/DAY   :           : MSCF/STB :  STB/MSCF  :  PSIA  :  PSIA  :
=================================================================================================================================
:FIELD   :           :    :    11358.1:       -0.0:   116706.1:    88549.4:     -0.000:     10.28:      0.0000:        :        :
:G1      :           :    :    11358.1:       -0.0:   116706.1:    88549.4:     -0.000:     10.28:      0.0000:        :        :
:PROD    : 10, 10    :ORAT:    11358.1:       -0.0:   116706.1:    88549.4:     -0.000:     10.28:      0.0000:  1000.0:     0.0:
:--------:-----------:----:-----------:-----------:-----------:-----------:-----------:----------:------------:--------:--------:

============================================= INJECTION REPORT ==============================================
:  WELL  : LOCATION  : CTRL : CTRL : CTRL :    OIL    :   WATER   :    GAS    :   FLUID   : BHP OR : THP OR :
:  NAME  :  (I,J,K)  : MODE : MODE : MODE :   RATE    :   RATE    :   RATE    : RES.VOL.  :CON.PR. :BLK.PR. :
:        :           : OIL  : WAT  : GAS  :  STB/DAY  :  STB/DAY  : MSCF/DAY  :  RB/DAY   :  PSIA  :  PSIA  :
=============================================================================================================
:FIELD   :           :      :      :      :        0.0:        0.0:   100000.0:    67962.0:        :        :
:G1      :           :      :      :      :        0.0:        0.0:   100000.0:    67962.0:        :        :
:INJ     :  1,  1    :      :      :  GRAT:        0.0:        0.0:   100000.0:    67962.0:  5378.9:     0.0:
:--------:-----------:------:------:------:-----------:-----------:-----------:-----------:--------:--------:

============================================== CUMULATIVE PRODUCTION/INJECTION TOTALS ==============================================
:  WELL  : LOCATION  :  WELL  :CTRL:    OIL    :   WATER   :    GAS    :   Prod    :    OIL    :   WATER   :    GAS    :    INJ    :
:  NAME  :  (I,J,K)  :  TYPE  :MODE:   PROD    :   PROD    :   PROD    : RES.VOL.  :    INJ    :    INJ    :    INJ    : RES.VOL.  :
:        :           :        :    :   MSTB    :   MSTB    :   MMSCF   :    MRB    :   MSTB    :   MSTB    :   MMSCF   :    MRB    :
====================================================================================================================================
:FIELD   :           :        :    :    30904.1:        0.0:      140.0:   111538.3:        0.0:        0.0:      176.4:   104189.1:
:G1      :           :        :    :    30904.1:        0.0:      140.0:   111538.3:        0.0:        0.0:      176.4:   104189.1:
:PROD    : 10, 10    :    PROD:ORAT:    30904.1:        0.0:      140.0:   111538.3:        0.0:        0.0:        0.0:        0.0:
:INJ     :  1,  1    :     INJ:GRAT:        0.0:        0.0:        0.0:        0.0:        0.0:        0.0:      176.4:   104189.1:
:--------:-----------:--------:----:-----------:-----------:-----------:-----------:-----------:-----------:-----------:-----------:


Report step 58/120 at day 1764/3650, date = 31-Oct-2019

Starting time step 0, stepsize 30 days, at day 1764/1794, date = 31-Oct-2019

Warning: Keyword 'WELLS' is unhandled for output to restart file.
 Newton its= 2, linearizations= 3 (0.0sec), linear its=  3 (0.0sec)
Restart file written for report step  58/120, date = 31-Oct-2019 00:00:00

                              **************************************************************************
  WELLS    AT      1794  DAYS *                 SPE1 - CASE 1                                          *
  REPORT   59    30 Nov 2019  *                                             Flow  version 2025.10-pre  *
                              **************************************************************************


======================================================= PRODUCTION REPORT =======================================================
:  WELL  : LOCATION  :CTRL:    OIL    :   WATER   :    GAS    :   FLUID   :   WATER   : GAS/OIL  :  WAT/GAS   : BHP OR : THP OR :
:  NAME  :  (I,J,K)  :MODE:   RATE    :   RATE    :   RATE    : RES.VOL.  :    CUT    :  RATIO   :   RATIO    :CON.PR. :BLK.PR. :
:        :           :    :  STB/DAY  :  STB/DAY  : MSCF/DAY  :  RB/DAY   :           : MSCF/STB :  STB/MSCF  :  PSIA  :  PSIA  :
=================================================================================================================================
:FIELD   :           :    :    11206.8:       -0.0:   116215.7:    88606.3:     -0.000:     10.37:      0.0000:        :        :
:G1      :           :    :    11206.8:       -0.0:   116215.7:    88606.3:     -0.000:     10.37:      0.0000:        :        :
:PROD    : 10, 10    :ORAT:    11206.8:       -0.0:   116215.7:    88606.3:     -0.000:     10.37:      0.0000:  1000.0:     0.0:
:--------:-----------:----:-----------:-----------:-----------:-----------:-----------:----------:------------:--------:--------:

============================================= INJECTION REPORT ==============================================
:  WELL  : LOCATION  : CTRL : CTRL : CTRL :    OIL    :   WATER   :    GAS    :   FLUID   : BHP OR : THP OR :
:  NAME  :  (I,J,K)  : MODE : MODE : MODE :   RATE    :   RATE    :   RATE    : RES.VOL.  :CON.PR. :BLK.PR. :
:        :           : OIL  : WAT  : GAS  :  STB/DAY  :  STB/DAY  : MSCF/DAY  :  RB/DAY   :  PSIA  :  PSIA  :
=============================================================================================================
:FIELD   :           :      :      :      :        0.0:        0.0:   100000.0:    68455.7:        :        :
:G1      :           :      :      :      :        0.0:        0.0:   100000.0:    68455.7:        :        :
:INJ     :  1,  1    :      :      :  GRAT:        0.0:        0.0:   100000.0:    68455.7:  5344.7:     0.0:
:--------:-----------:------:------:------:-----------:-----------:-----------:-----------:--------:--------:

============================================== CUMULATIVE PRODUCTION/INJECTION TOTALS ==============================================
:  WELL  : LOCATION  :  WELL  :CTRL:    OIL    :   WATER   :    GAS    :   Prod    :    OIL    :   WATER   :    GAS    :    INJ    :
:  NAME  :  (I,J,K)  :  TYPE  :MODE:   PROD    :   PROD    :   PROD    : RES.VOL.  :    INJ    :    INJ    :    INJ    : RES.VOL.  :
:        :           :        :    :   MSTB    :   MSTB    :   MMSCF   :    MRB    :   MSTB    :   MSTB    :   MMSCF   :    MRB    :
====================================================================================================================================
:FIELD   :           :        :    :    31240.3:        0.0:      143.5:   114196.5:        0.0:        0.0:      179.4:   106242.8:
:G1      :           :        :    :    31240.3:        0.0:      143.5:   114196.5:        0.0:        0.0:      179.4:   106242.8:
:PROD    : 10, 10    :    PROD:ORAT:    31240.3:        0.0:      143.5:   114196.5:        0.0:        0.0:        0.0:        0.0:
:INJ     :  1,  1    :     INJ:GRAT:        0.0:        0.0:        0.0:        0.0:        0.0:        0.0:      179.4:   106242.8:
:--------:-----------:--------:----:-----------:-----------:-----------:-----------:-----------:-----------:-----------:-----------:


Report step 59/120 at day 1794/3650, date = 30-Nov-2019

Starting time step 0, stepsize 31 days, at day 1794/1825, date = 30-Nov-2019

Warning: Keyword 'WELLS' is unhandled for output to restart file.
 Newton its= 2, linearizations= 3 (0.0sec), linear its=  3 (0.0sec)
Restart file written for report step  59/120, date = 30-Nov-2019 00:00:00

                              **************************************************************************
  WELLS    AT      1825  DAYS *                 SPE1 - CASE 1                                          *
  REPORT   60    31 Dec 2019  *                                             Flow  version 2025.10-pre  *
                              **************************************************************************


======================================================= PRODUCTION REPORT =======================================================
:  WELL  : LOCATION  :CTRL:    OIL    :   WATER   :    GAS    :   FLUID   :   WATER   : GAS/OIL  :  WAT/GAS   : BHP OR : THP OR :
:  NAME  :  (I,J,K)  :MODE:   RATE    :   RATE    :   RATE    : RES.VOL.  :    CUT    :  RATIO   :   RATIO    :CON.PR. :BLK.PR. :
:        :           :    :  STB/DAY  :  STB/DAY  : MSCF/DAY  :  RB/DAY   :           : MSCF/STB :  STB/MSCF  :  PSIA  :  PSIA  :
=================================================================================================================================
:FIELD   :           :    :    11057.3:       -0.0:   115738.7:    88644.7:     -0.000:     10.47:      0.0000:        :        :
:G1      :           :    :    11057.3:       -0.0:   115738.7:    88644.7:     -0.000:     10.47:      0.0000:        :        :
:PROD    : 10, 10    :ORAT:    11057.3:       -0.0:   115738.7:    88644.7:     -0.000:     10.47:      0.0000:  1000.0:     0.0:
:--------:-----------:----:-----------:-----------:-----------:-----------:-----------:----------:------------:--------:--------:

============================================= INJECTION REPORT ==============================================
:  WELL  : LOCATION  : CTRL : CTRL : CTRL :    OIL    :   WATER   :    GAS    :   FLUID   : BHP OR : THP OR :
:  NAME  :  (I,J,K)  : MODE : MODE : MODE :   RATE    :   RATE    :   RATE    : RES.VOL.  :CON.PR. :BLK.PR. :
:        :           : OIL  : WAT  : GAS  :  STB/DAY  :  STB/DAY  : MSCF/DAY  :  RB/DAY   :  PSIA  :  PSIA  :
=============================================================================================================
:FIELD   :           :      :      :      :        0.0:        0.0:   100000.0:    68924.5:        :        :
:G1      :           :      :      :      :        0.0:        0.0:   100000.0:    68924.5:        :        :
:INJ     :  1,  1    :      :      :  GRAT:        0.0:        0.0:   100000.0:    68924.5:  5310.6:     0.0:
:--------:-----------:------:------:------:-----------:-----------:-----------:-----------:--------:--------:

============================================== CUMULATIVE PRODUCTION/INJECTION TOTALS ==============================================
:  WELL  : LOCATION  :  WELL  :CTRL:    OIL    :   WATER   :    GAS    :   Prod    :    OIL    :   WATER   :    GAS    :    INJ    :
:  NAME  :  (I,J,K)  :  TYPE  :MODE:   PROD    :   PROD    :   PROD    : RES.VOL.  :    INJ    :    INJ    :    INJ    : RES.VOL.  :
:        :           :        :    :   MSTB    :   MSTB    :   MMSCF   :    MRB    :   MSTB    :   MSTB    :   MMSCF   :    MRB    :
====================================================================================================================================
:FIELD   :           :        :    :    31583.1:        0.0:      147.1:   116944.4:        0.0:        0.0:      182.5:   108379.5:
:G1      :           :        :    :    31583.1:        0.0:      147.1:   116944.4:        0.0:        0.0:      182.5:   108379.5:
:PROD    : 10, 10    :    PROD:ORAT:    31583.1:        0.0:      147.1:   116944.4:        0.0:        0.0:        0.0:        0.0:
:INJ     :  1,  1    :     INJ:GRAT:        0.0:        0.0:        0.0:        0.0:        0.0:        0.0:      182.5:   108379.5:
:--------:-----------:--------:----:-----------:-----------:-----------:-----------:-----------:-----------:-----------:-----------:


Report step 60/120 at day 1825/3650, date = 31-Dec-2019

Starting time step 0, stepsize 31 days, at day 1825/1856, date = 31-Dec-2019

Warning: Keyword 'WELLS' is unhandled for output to restart file.
 Newton its= 2, linearizations= 3 (0.0sec), linear its=  3 (0.0sec)
Restart file written for report step  60/120, date = 31-Dec-2019 00:00:00

                              **************************************************************************
  WELLS    AT      1856  DAYS *                 SPE1 - CASE 1                                          *
  REPORT   61    31 Jan 2020  *                                             Flow  version 2025.10-pre  *
                              **************************************************************************


======================================================= PRODUCTION REPORT =======================================================
:  WELL  : LOCATION  :CTRL:    OIL    :   WATER   :    GAS    :   FLUID   :   WATER   : GAS/OIL  :  WAT/GAS   : BHP OR : THP OR :
:  NAME  :  (I,J,K)  :MODE:   RATE    :   RATE    :   RATE    : RES.VOL.  :    CUT    :  RATIO   :   RATIO    :CON.PR. :BLK.PR. :
:        :           :    :  STB/DAY  :  STB/DAY  : MSCF/DAY  :  RB/DAY   :           : MSCF/STB :  STB/MSCF  :  PSIA  :  PSIA  :
=================================================================================================================================
:FIELD   :           :    :    10912.7:       -0.0:   115283.2:    88704.4:     -0.000:     10.56:      0.0000:        :        :
:G1      :           :    :    10912.7:       -0.0:   115283.2:    88704.4:     -0.000:     10.56:      0.0000:        :        :
:PROD    : 10, 10    :ORAT:    10912.7:       -0.0:   115283.2:    88704.4:     -0.000:     10.56:      0.0000:  1000.0:     0.0:
:--------:-----------:----:-----------:-----------:-----------:-----------:-----------:----------:------------:--------:--------:

============================================= INJECTION REPORT ==============================================
:  WELL  : LOCATION  : CTRL : CTRL : CTRL :    OIL    :   WATER   :    GAS    :   FLUID   : BHP OR : THP OR :
:  NAME  :  (I,J,K)  : MODE : MODE : MODE :   RATE    :   RATE    :   RATE    : RES.VOL.  :CON.PR. :BLK.PR. :
:        :           : OIL  : WAT  : GAS  :  STB/DAY  :  STB/DAY  : MSCF/DAY  :  RB/DAY   :  PSIA  :  PSIA  :
=============================================================================================================
:FIELD   :           :      :      :      :        0.0:        0.0:   100000.0:    69398.8:        :        :
:G1      :           :      :      :      :        0.0:        0.0:   100000.0:    69398.8:        :        :
:INJ     :  1,  1    :      :      :  GRAT:        0.0:        0.0:   100000.0:    69398.8:  5277.3:     0.0:
:--------:-----------:------:------:------:-----------:-----------:-----------:-----------:--------:--------:

============================================== CUMULATIVE PRODUCTION/INJECTION TOTALS ==============================================
:  WELL  : LOCATION  :  WELL  :CTRL:    OIL    :   WATER   :    GAS    :   Prod    :    OIL    :   WATER   :    GAS    :    INJ    :
:  NAME  :  (I,J,K)  :  TYPE  :MODE:   PROD    :   PROD    :   PROD    : RES.VOL.  :    INJ    :    INJ    :    INJ    : RES.VOL.  :
:        :           :        :    :   MSTB    :   MSTB    :   MMSCF   :    MRB    :   MSTB    :   MSTB    :   MMSCF   :    MRB    :
====================================================================================================================================
:FIELD   :           :        :    :    31921.4:        0.0:      150.7:   119694.3:        0.0:        0.0:      185.6:   110530.8:
:G1      :           :        :    :    31921.4:        0.0:      150.7:   119694.3:        0.0:        0.0:      185.6:   110530.8:
:PROD    : 10, 10    :    PROD:ORAT:    31921.4:        0.0:      150.7:   119694.3:        0.0:        0.0:        0.0:        0.0:
:INJ     :  1,  1    :     INJ:GRAT:        0.0:        0.0:        0.0:        0.0:        0.0:        0.0:      185.6:   110530.8:
:--------:-----------:--------:----:-----------:-----------:-----------:-----------:-----------:-----------:-----------:-----------:


Report step 61/120 at day 1856/3650, date = 31-Jan-2020

Starting time step 0, stepsize 28 days, at day 1856/1884, date = 31-Jan-2020

Warning: Keyword 'WELLS' is unhandled for output to restart file.
 Newton its= 2, linearizations= 3 (0.0sec), linear its=  3 (0.0sec)
Restart file written for report step  61/120, date = 31-Jan-2020 00:00:00

                              **************************************************************************
  WELLS    AT      1884  DAYS *                 SPE1 - CASE 1                                          *
  REPORT   62    28 Feb 2020  *                                             Flow  version 2025.10-pre  *
                              **************************************************************************


======================================================= PRODUCTION REPORT =======================================================
:  WELL  : LOCATION  :CTRL:    OIL    :   WATER   :    GAS    :   FLUID   :   WATER   : GAS/OIL  :  WAT/GAS   : BHP OR : THP OR :
:  NAME  :  (I,J,K)  :MODE:   RATE    :   RATE    :   RATE    : RES.VOL.  :    CUT    :  RATIO   :   RATIO    :CON.PR. :BLK.PR. :
:        :           :    :  STB/DAY  :  STB/DAY  : MSCF/DAY  :  RB/DAY   :           : MSCF/STB :  STB/MSCF  :  PSIA  :  PSIA  :
=================================================================================================================================
:FIELD   :           :    :    10785.9:       -0.0:   114890.2:    88811.4:     -0.000:     10.65:      0.0000:        :        :
:G1      :           :    :    10785.9:       -0.0:   114890.2:    88811.4:     -0.000:     10.65:      0.0000:        :        :
:PROD    : 10, 10    :ORAT:    10785.9:       -0.0:   114890.2:    88811.4:     -0.000:     10.65:      0.0000:  1000.0:     0.0:
:--------:-----------:----:-----------:-----------:-----------:-----------:-----------:----------:------------:--------:--------:

============================================= INJECTION REPORT ==============================================
:  WELL  : LOCATION  : CTRL : CTRL : CTRL :    OIL    :   WATER   :    GAS    :   FLUID   : BHP OR : THP OR :
:  NAME  :  (I,J,K)  : MODE : MODE : MODE :   RATE    :   RATE    :   RATE    : RES.VOL.  :CON.PR. :BLK.PR. :
:        :           : OIL  : WAT  : GAS  :  STB/DAY  :  STB/DAY  : MSCF/DAY  :  RB/DAY   :  PSIA  :  PSIA  :
=============================================================================================================
:FIELD   :           :      :      :      :        0.0:        0.0:   100000.0:    69865.5:        :        :
:G1      :           :      :      :      :        0.0:        0.0:   100000.0:    69865.5:        :        :
:INJ     :  1,  1    :      :      :  GRAT:        0.0:        0.0:   100000.0:    69865.5:  5248.4:     0.0:
:--------:-----------:------:------:------:-----------:-----------:-----------:-----------:--------:--------:

============================================== CUMULATIVE PRODUCTION/INJECTION TOTALS ==============================================
:  WELL  : LOCATION  :  WELL  :CTRL:    OIL    :   WATER   :    GAS    :   Prod    :    OIL    :   WATER   :    GAS    :    INJ    :
:  NAME  :  (I,J,K)  :  TYPE  :MODE:   PROD    :   PROD    :   PROD    : RES.VOL.  :    INJ    :    INJ    :    INJ    : RES.VOL.  :
:        :           :        :    :   MSTB    :   MSTB    :   MMSCF   :    MRB    :   MSTB    :   MSTB    :   MMSCF   :    MRB    :
====================================================================================================================================
:FIELD   :           :        :    :    32223.4:        0.0:      153.9:   122181.0:        0.0:        0.0:      188.4:   112487.1:
:G1      :           :        :    :    32223.4:        0.0:      153.9:   122181.0:        0.0:        0.0:      188.4:   112487.1:
:PROD    : 10, 10    :    PROD:ORAT:    32223.4:        0.0:      153.9:   122181.0:        0.0:        0.0:        0.0:        0.0:
:INJ     :  1,  1    :     INJ:GRAT:        0.0:        0.0:        0.0:        0.0:        0.0:        0.0:      188.4:   112487.1:
:--------:-----------:--------:----:-----------:-----------:-----------:-----------:-----------:-----------:-----------:-----------:


Report step 62/120 at day 1884/3650, date = 28-Feb-2020

Starting time step 0, stepsize 31 days, at day 1884/1915, date = 28-Feb-2020

Warning: Keyword 'WELLS' is unhandled for output to restart file.
 Newton its= 2, linearizations= 3 (0.0sec), linear its=  3 (0.0sec)
Restart file written for report step  62/120, date = 28-Feb-2020 00:00:00

                              **************************************************************************
  WELLS    AT      1915  DAYS *                 SPE1 - CASE 1                                          *
  REPORT   63    30 Mar 2020  *                                             Flow  version 2025.10-pre  *
                              **************************************************************************


======================================================= PRODUCTION REPORT =======================================================
:  WELL  : LOCATION  :CTRL:    OIL    :   WATER   :    GAS    :   FLUID   :   WATER   : GAS/OIL  :  WAT/GAS   : BHP OR : THP OR :
:  NAME  :  (I,J,K)  :MODE:   RATE    :   RATE    :   RATE    : RES.VOL.  :    CUT    :  RATIO   :   RATIO    :CON.PR. :BLK.PR. :
:        :           :    :  STB/DAY  :  STB/DAY  : MSCF/DAY  :  RB/DAY   :           : MSCF/STB :  STB/MSCF  :  PSIA  :  PSIA  :
=================================================================================================================================
:FIELD   :           :    :    10648.0:       -0.0:   114509.7:    88862.7:     -0.000:     10.75:      0.0000:        :        :
:G1      :           :    :    10648.0:       -0.0:   114509.7:    88862.7:     -0.000:     10.75:      0.0000:        :        :
:PROD    : 10, 10    :ORAT:    10648.0:       -0.0:   114509.7:    88862.7:     -0.000:     10.75:      0.0000:  1000.0:     0.0:
:--------:-----------:----:-----------:-----------:-----------:-----------:-----------:----------:------------:--------:--------:

============================================= INJECTION REPORT ==============================================
:  WELL  : LOCATION  : CTRL : CTRL : CTRL :    OIL    :   WATER   :    GAS    :   FLUID   : BHP OR : THP OR :
:  NAME  :  (I,J,K)  : MODE : MODE : MODE :   RATE    :   RATE    :   RATE    : RES.VOL.  :CON.PR. :BLK.PR. :
:        :           : OIL  : WAT  : GAS  :  STB/DAY  :  STB/DAY  : MSCF/DAY  :  RB/DAY   :  PSIA  :  PSIA  :
=============================================================================================================
:FIELD   :           :      :      :      :        0.0:        0.0:   100000.0:    70280.5:        :        :
:G1      :           :      :      :      :        0.0:        0.0:   100000.0:    70280.5:        :        :
:INJ     :  1,  1    :      :      :  GRAT:        0.0:        0.0:   100000.0:    70280.5:  5217.4:     0.0:
:--------:-----------:------:------:------:-----------:-----------:-----------:-----------:--------:--------:

============================================== CUMULATIVE PRODUCTION/INJECTION TOTALS ==============================================
:  WELL  : LOCATION  :  WELL  :CTRL:    OIL    :   WATER   :    GAS    :   Prod    :    OIL    :   WATER   :    GAS    :    INJ    :
:  NAME  :  (I,J,K)  :  TYPE  :MODE:   PROD    :   PROD    :   PROD    : RES.VOL.  :    INJ    :    INJ    :    INJ    : RES.VOL.  :
:        :           :        :    :   MSTB    :   MSTB    :   MMSCF   :    MRB    :   MSTB    :   MSTB    :   MMSCF   :    MRB    :
====================================================================================================================================
:FIELD   :           :        :    :    32553.5:        0.0:      157.4:   124935.7:        0.0:        0.0:      191.5:   114665.7:
:G1      :           :        :    :    32553.5:        0.0:      157.4:   124935.7:        0.0:        0.0:      191.5:   114665.7:
:PROD    : 10, 10    :    PROD:ORAT:    32553.5:        0.0:      157.4:   124935.7:        0.0:        0.0:        0.0:        0.0:
:INJ     :  1,  1    :     INJ:GRAT:        0.0:        0.0:        0.0:        0.0:        0.0:        0.0:      191.5:   114665.7:
:--------:-----------:--------:----:-----------:-----------:-----------:-----------:-----------:-----------:-----------:-----------:


Report step 63/120 at day 1915/3650, date = 30-Mar-2020

Starting time step 0, stepsize 30 days, at day 1915/1945, date = 30-Mar-2020

Warning: Keyword 'WELLS' is unhandled for output to restart file.
 Newton its= 3, linearizations= 4 (0.0sec), linear its=  6 (0.0sec)
Restart file written for report step  63/120, date = 30-Mar-2020 00:00:00

                              **************************************************************************
  WELLS    AT      1945  DAYS *                 SPE1 - CASE 1                                          *
  REPORT   64    29 Apr 2020  *                                             Flow  version 2025.10-pre  *
                              **************************************************************************


======================================================= PRODUCTION REPORT =======================================================
:  WELL  : LOCATION  :CTRL:    OIL    :   WATER   :    GAS    :   FLUID   :   WATER   : GAS/OIL  :  WAT/GAS   : BHP OR : THP OR :
:  NAME  :  (I,J,K)  :MODE:   RATE    :   RATE    :   RATE    : RES.VOL.  :    CUT    :  RATIO   :   RATIO    :CON.PR. :BLK.PR. :
:        :           :    :  STB/DAY  :  STB/DAY  : MSCF/DAY  :  RB/DAY   :           : MSCF/STB :  STB/MSCF  :  PSIA  :  PSIA  :
=================================================================================================================================
:FIELD   :           :    :    10538.2:       -0.0:   113974.7:    88862.2:     -0.000:     10.82:      0.0000:        :        :
:G1      :           :    :    10538.2:       -0.0:   113974.7:    88862.2:     -0.000:     10.82:      0.0000:        :        :
:PROD    : 10, 10    :ORAT:    10538.2:       -0.0:   113974.7:    88862.2:     -0.000:     10.82:      0.0000:  1000.0:     0.0:
:--------:-----------:----:-----------:-----------:-----------:-----------:-----------:----------:------------:--------:--------:

============================================= INJECTION REPORT ==============================================
:  WELL  : LOCATION  : CTRL : CTRL : CTRL :    OIL    :   WATER   :    GAS    :   FLUID   : BHP OR : THP OR :
:  NAME  :  (I,J,K)  : MODE : MODE : MODE :   RATE    :   RATE    :   RATE    : RES.VOL.  :CON.PR. :BLK.PR. :
:        :           : OIL  : WAT  : GAS  :  STB/DAY  :  STB/DAY  : MSCF/DAY  :  RB/DAY   :  PSIA  :  PSIA  :
=============================================================================================================
:FIELD   :           :      :      :      :        0.0:        0.0:   100000.0:    70732.0:        :        :
:G1      :           :      :      :      :        0.0:        0.0:   100000.0:    70732.0:        :        :
:INJ     :  1,  1    :      :      :  GRAT:        0.0:        0.0:   100000.0:    70732.0:  5188.3:     0.0:
:--------:-----------:------:------:------:-----------:-----------:-----------:-----------:--------:--------:

============================================== CUMULATIVE PRODUCTION/INJECTION TOTALS ==============================================
:  WELL  : LOCATION  :  WELL  :CTRL:    OIL    :   WATER   :    GAS    :   Prod    :    OIL    :   WATER   :    GAS    :    INJ    :
:  NAME  :  (I,J,K)  :  TYPE  :MODE:   PROD    :   PROD    :   PROD    : RES.VOL.  :    INJ    :    INJ    :    INJ    : RES.VOL.  :
:        :           :        :    :   MSTB    :   MSTB    :   MMSCF   :    MRB    :   MSTB    :   MSTB    :   MMSCF   :    MRB    :
====================================================================================================================================
:FIELD   :           :        :    :    32869.6:        0.0:      160.9:   127601.6:        0.0:        0.0:      194.5:   116787.7:
:G1      :           :        :    :    32869.6:        0.0:      160.9:   127601.6:        0.0:        0.0:      194.5:   116787.7:
:PROD    : 10, 10    :    PROD:ORAT:    32869.6:        0.0:      160.9:   127601.6:        0.0:        0.0:        0.0:        0.0:
:INJ     :  1,  1    :     INJ:GRAT:        0.0:        0.0:        0.0:        0.0:        0.0:        0.0:      194.5:   116787.7:
:--------:-----------:--------:----:-----------:-----------:-----------:-----------:-----------:-----------:-----------:-----------:


Report step 64/120 at day 1945/3650, date = 29-Apr-2020

Starting time step 0, stepsize 31 days, at day 1945/1976, date = 29-Apr-2020

Warning: Keyword 'WELLS' is unhandled for output to restart file.
 Newton its= 2, linearizations= 3 (0.0sec), linear its=  3 (0.0sec)
Restart file written for report step  64/120, date = 29-Apr-2020 00:00:00

                              **************************************************************************
  WELLS    AT      1976  DAYS *                 SPE1 - CASE 1                                          *
  REPORT   65    30 May 2020  *                                             Flow  version 2025.10-pre  *
                              **************************************************************************


======================================================= PRODUCTION REPORT =======================================================
:  WELL  : LOCATION  :CTRL:    OIL    :   WATER   :    GAS    :   FLUID   :   WATER   : GAS/OIL  :  WAT/GAS   : BHP OR : THP OR :
:  NAME  :  (I,J,K)  :MODE:   RATE    :   RATE    :   RATE    : RES.VOL.  :    CUT    :  RATIO   :   RATIO    :CON.PR. :BLK.PR. :
:        :           :    :  STB/DAY  :  STB/DAY  : MSCF/DAY  :  RB/DAY   :           : MSCF/STB :  STB/MSCF  :  PSIA  :  PSIA  :
=================================================================================================================================
:FIELD   :           :    :    10432.4:       -0.0:   113368.3:    88781.2:     -0.000:     10.87:      0.0000:        :        :
:G1      :           :    :    10432.4:       -0.0:   113368.3:    88781.2:     -0.000:     10.87:      0.0000:        :        :
:PROD    : 10, 10    :ORAT:    10432.4:       -0.0:   113368.3:    88781.2:     -0.000:     10.87:      0.0000:  1000.0:     0.0:
:--------:-----------:----:-----------:-----------:-----------:-----------:-----------:----------:------------:--------:--------:

============================================= INJECTION REPORT ==============================================
:  WELL  : LOCATION  : CTRL : CTRL : CTRL :    OIL    :   WATER   :    GAS    :   FLUID   : BHP OR : THP OR :
:  NAME  :  (I,J,K)  : MODE : MODE : MODE :   RATE    :   RATE    :   RATE    : RES.VOL.  :CON.PR. :BLK.PR. :
:        :           : OIL  : WAT  : GAS  :  STB/DAY  :  STB/DAY  : MSCF/DAY  :  RB/DAY   :  PSIA  :  PSIA  :
=============================================================================================================
:FIELD   :           :      :      :      :        0.0:        0.0:   100000.0:    71154.8:        :        :
:G1      :           :      :      :      :        0.0:        0.0:   100000.0:    71154.8:        :        :
:INJ     :  1,  1    :      :      :  GRAT:        0.0:        0.0:   100000.0:    71154.8:  5159.4:     0.0:
:--------:-----------:------:------:------:-----------:-----------:-----------:-----------:--------:--------:

============================================== CUMULATIVE PRODUCTION/INJECTION TOTALS ==============================================
:  WELL  : LOCATION  :  WELL  :CTRL:    OIL    :   WATER   :    GAS    :   Prod    :    OIL    :   WATER   :    GAS    :    INJ    :
:  NAME  :  (I,J,K)  :  TYPE  :MODE:   PROD    :   PROD    :   PROD    : RES.VOL.  :    INJ    :    INJ    :    INJ    : RES.VOL.  :
:        :           :        :    :   MSTB    :   MSTB    :   MMSCF   :    MRB    :   MSTB    :   MSTB    :   MMSCF   :    MRB    :
====================================================================================================================================
:FIELD   :           :        :    :    33193.0:        0.0:      164.4:   130353.8:        0.0:        0.0:      197.6:   118993.5:
:G1      :           :        :    :    33193.0:        0.0:      164.4:   130353.8:        0.0:        0.0:      197.6:   118993.5:
:PROD    : 10, 10    :    PROD:ORAT:    33193.0:        0.0:      164.4:   130353.8:        0.0:        0.0:        0.0:        0.0:
:INJ     :  1,  1    :     INJ:GRAT:        0.0:        0.0:        0.0:        0.0:        0.0:        0.0:      197.6:   118993.5:
:--------:-----------:--------:----:-----------:-----------:-----------:-----------:-----------:-----------:-----------:-----------:


Report step 65/120 at day 1976/3650, date = 30-May-2020

Starting time step 0, stepsize 30 days, at day 1976/2006, date = 30-May-2020

Warning: Keyword 'WELLS' is unhandled for output to restart file.
 Newton its= 2, linearizations= 3 (0.0sec), linear its=  3 (0.0sec)
Restart file written for report step  65/120, date = 30-May-2020 00:00:00

                              **************************************************************************
  WELLS    AT      2006  DAYS *                 SPE1 - CASE 1                                          *
  REPORT   66    29 Jun 2020  *                                             Flow  version 2025.10-pre  *
                              **************************************************************************


======================================================= PRODUCTION REPORT =======================================================
:  WELL  : LOCATION  :CTRL:    OIL    :   WATER   :    GAS    :   FLUID   :   WATER   : GAS/OIL  :  WAT/GAS   : BHP OR : THP OR :
:  NAME  :  (I,J,K)  :MODE:   RATE    :   RATE    :   RATE    : RES.VOL.  :    CUT    :  RATIO   :   RATIO    :CON.PR. :BLK.PR. :
:        :           :    :  STB/DAY  :  STB/DAY  : MSCF/DAY  :  RB/DAY   :           : MSCF/STB :  STB/MSCF  :  PSIA  :  PSIA  :
=================================================================================================================================
:FIELD   :           :    :    10330.1:       -0.0:   112833.8:    88752.0:     -0.000:     10.92:      0.0000:        :        :
:G1      :           :    :    10330.1:       -0.0:   112833.8:    88752.0:     -0.000:     10.92:      0.0000:        :        :
:PROD    : 10, 10    :ORAT:    10330.1:       -0.0:   112833.8:    88752.0:     -0.000:     10.92:      0.0000:  1000.0:     0.0:
:--------:-----------:----:-----------:-----------:-----------:-----------:-----------:----------:------------:--------:--------:

============================================= INJECTION REPORT ==============================================
:  WELL  : LOCATION  : CTRL : CTRL : CTRL :    OIL    :   WATER   :    GAS    :   FLUID   : BHP OR : THP OR :
:  NAME  :  (I,J,K)  : MODE : MODE : MODE :   RATE    :   RATE    :   RATE    : RES.VOL.  :CON.PR. :BLK.PR. :
:        :           : OIL  : WAT  : GAS  :  STB/DAY  :  STB/DAY  : MSCF/DAY  :  RB/DAY   :  PSIA  :  PSIA  :
=============================================================================================================
:FIELD   :           :      :      :      :        0.0:        0.0:   100000.0:    71579.4:        :        :
:G1      :           :      :      :      :        0.0:        0.0:   100000.0:    71579.4:        :        :
:INJ     :  1,  1    :      :      :  GRAT:        0.0:        0.0:   100000.0:    71579.4:  5132.4:     0.0:
:--------:-----------:------:------:------:-----------:-----------:-----------:-----------:--------:--------:

============================================== CUMULATIVE PRODUCTION/INJECTION TOTALS ==============================================
:  WELL  : LOCATION  :  WELL  :CTRL:    OIL    :   WATER   :    GAS    :   Prod    :    OIL    :   WATER   :    GAS    :    INJ    :
:  NAME  :  (I,J,K)  :  TYPE  :MODE:   PROD    :   PROD    :   PROD    : RES.VOL.  :    INJ    :    INJ    :    INJ    : RES.VOL.  :
:        :           :        :    :   MSTB    :   MSTB    :   MMSCF   :    MRB    :   MSTB    :   MSTB    :   MMSCF   :    MRB    :
====================================================================================================================================
:FIELD   :           :        :    :    33502.9:        0.0:      167.8:   133016.4:        0.0:        0.0:      200.6:   121140.9:
:G1      :           :        :    :    33502.9:        0.0:      167.8:   133016.4:        0.0:        0.0:      200.6:   121140.9:
:PROD    : 10, 10    :    PROD:ORAT:    33502.9:        0.0:      167.8:   133016.4:        0.0:        0.0:        0.0:        0.0:
:INJ     :  1,  1    :     INJ:GRAT:        0.0:        0.0:        0.0:        0.0:        0.0:        0.0:      200.6:   121140.9:
:--------:-----------:--------:----:-----------:-----------:-----------:-----------:-----------:-----------:-----------:-----------:


Report step 66/120 at day 2006/3650, date = 29-Jun-2020

Starting time step 0, stepsize 31 days, at day 2006/2037, date = 29-Jun-2020

Warning: Keyword 'WELLS' is unhandled for output to restart file.
 Newton its= 2, linearizations= 3 (0.0sec), linear its=  3 (0.0sec)
Restart file written for report step  66/120, date = 29-Jun-2020 00:00:00

                              **************************************************************************
  WELLS    AT      2037  DAYS *                 SPE1 - CASE 1                                          *
  REPORT   67    30 Jul 2020  *                                             Flow  version 2025.10-pre  *
                              **************************************************************************


======================================================= PRODUCTION REPORT =======================================================
:  WELL  : LOCATION  :CTRL:    OIL    :   WATER   :    GAS    :   FLUID   :   WATER   : GAS/OIL  :  WAT/GAS   : BHP OR : THP OR :
:  NAME  :  (I,J,K)  :MODE:   RATE    :   RATE    :   RATE    : RES.VOL.  :    CUT    :  RATIO   :   RATIO    :CON.PR. :BLK.PR. :
:        :           :    :  STB/DAY  :  STB/DAY  : MSCF/DAY  :  RB/DAY   :           : MSCF/STB :  STB/MSCF  :  PSIA  :  PSIA  :
=================================================================================================================================
:FIELD   :           :    :    10224.7:       -0.0:   112345.4:    88727.0:     -0.000:     10.99:      0.0000:        :        :
:G1      :           :    :    10224.7:       -0.0:   112345.4:    88727.0:     -0.000:     10.99:      0.0000:        :        :
:PROD    : 10, 10    :ORAT:    10224.7:       -0.0:   112345.4:    88727.0:     -0.000:     10.99:      0.0000:  1000.0:     0.0:
:--------:-----------:----:-----------:-----------:-----------:-----------:-----------:----------:------------:--------:--------:

============================================= INJECTION REPORT ==============================================
:  WELL  : LOCATION  : CTRL : CTRL : CTRL :    OIL    :   WATER   :    GAS    :   FLUID   : BHP OR : THP OR :
:  NAME  :  (I,J,K)  : MODE : MODE : MODE :   RATE    :   RATE    :   RATE    : RES.VOL.  :CON.PR. :BLK.PR. :
:        :           : OIL  : WAT  : GAS  :  STB/DAY  :  STB/DAY  : MSCF/DAY  :  RB/DAY   :  PSIA  :  PSIA  :
=============================================================================================================
:FIELD   :           :      :      :      :        0.0:        0.0:   100000.0:    71981.2:        :        :
:G1      :           :      :      :      :        0.0:        0.0:   100000.0:    71981.2:        :        :
:INJ     :  1,  1    :      :      :  GRAT:        0.0:        0.0:   100000.0:    71981.2:  5105.3:     0.0:
:--------:-----------:------:------:------:-----------:-----------:-----------:-----------:--------:--------:

============================================== CUMULATIVE PRODUCTION/INJECTION TOTALS ==============================================
:  WELL  : LOCATION  :  WELL  :CTRL:    OIL    :   WATER   :    GAS    :   Prod    :    OIL    :   WATER   :    GAS    :    INJ    :
:  NAME  :  (I,J,K)  :  TYPE  :MODE:   PROD    :   PROD    :   PROD    : RES.VOL.  :    INJ    :    INJ    :    INJ    : RES.VOL.  :
:        :           :        :    :   MSTB    :   MSTB    :   MMSCF   :    MRB    :   MSTB    :   MSTB    :   MMSCF   :    MRB    :
====================================================================================================================================
:FIELD   :           :        :    :    33819.9:        0.0:      171.2:   135766.9:        0.0:        0.0:      203.7:   123372.3:
:G1      :           :        :    :    33819.9:        0.0:      171.2:   135766.9:        0.0:        0.0:      203.7:   123372.3:
:PROD    : 10, 10    :    PROD:ORAT:    33819.9:        0.0:      171.2:   135766.9:        0.0:        0.0:        0.0:        0.0:
:INJ     :  1,  1    :     INJ:GRAT:        0.0:        0.0:        0.0:        0.0:        0.0:        0.0:      203.7:   123372.3:
:--------:-----------:--------:----:-----------:-----------:-----------:-----------:-----------:-----------:-----------:-----------:


Report step 67/120 at day 2037/3650, date = 30-Jul-2020

Starting time step 0, stepsize 31 days, at day 2037/2068, date = 30-Jul-2020

Warning: Keyword 'WELLS' is unhandled for output to restart file.
 Newton its= 2, linearizations= 3 (0.0sec), linear its=  3 (0.0sec)
Restart file written for report step  67/120, date = 30-Jul-2020 00:00:00

                              **************************************************************************
  WELLS    AT      2068  DAYS *                 SPE1 - CASE 1                                          *
  REPORT   68    30 Aug 2020  *                                             Flow  version 2025.10-pre  *
                              **************************************************************************


======================================================= PRODUCTION REPORT =======================================================
:  WELL  : LOCATION  :CTRL:    OIL    :   WATER   :    GAS    :   FLUID   :   WATER   : GAS/OIL  :  WAT/GAS   : BHP OR : THP OR :
:  NAME  :  (I,J,K)  :MODE:   RATE    :   RATE    :   RATE    : RES.VOL.  :    CUT    :  RATIO   :   RATIO    :CON.PR. :BLK.PR. :
:        :           :    :  STB/DAY  :  STB/DAY  : MSCF/DAY  :  RB/DAY   :           : MSCF/STB :  STB/MSCF  :  PSIA  :  PSIA  :
=================================================================================================================================
:FIELD   :           :    :    10120.0:       -0.0:   111903.5:    88737.9:     -0.000:     11.06:      0.0000:        :        :
:G1      :           :    :    10120.0:       -0.0:   111903.5:    88737.9:     -0.000:     11.06:      0.0000:        :        :
:PROD    : 10, 10    :ORAT:    10120.0:       -0.0:   111903.5:    88737.9:     -0.000:     11.06:      0.0000:  1000.0:     0.0:
:--------:-----------:----:-----------:-----------:-----------:-----------:-----------:----------:------------:--------:--------:

============================================= INJECTION REPORT ==============================================
:  WELL  : LOCATION  : CTRL : CTRL : CTRL :    OIL    :   WATER   :    GAS    :   FLUID   : BHP OR : THP OR :
:  NAME  :  (I,J,K)  : MODE : MODE : MODE :   RATE    :   RATE    :   RATE    : RES.VOL.  :CON.PR. :BLK.PR. :
:        :           : OIL  : WAT  : GAS  :  STB/DAY  :  STB/DAY  : MSCF/DAY  :  RB/DAY   :  PSIA  :  PSIA  :
=============================================================================================================
:FIELD   :           :      :      :      :        0.0:        0.0:   100000.0:    72387.7:        :        :
:G1      :           :      :      :      :        0.0:        0.0:   100000.0:    72387.7:        :        :
:INJ     :  1,  1    :      :      :  GRAT:        0.0:        0.0:   100000.0:    72387.7:  5079.1:     0.0:
:--------:-----------:------:------:------:-----------:-----------:-----------:-----------:--------:--------:

============================================== CUMULATIVE PRODUCTION/INJECTION TOTALS ==============================================
:  WELL  : LOCATION  :  WELL  :CTRL:    OIL    :   WATER   :    GAS    :   Prod    :    OIL    :   WATER   :    GAS    :    INJ    :
:  NAME  :  (I,J,K)  :  TYPE  :MODE:   PROD    :   PROD    :   PROD    : RES.VOL.  :    INJ    :    INJ    :    INJ    : RES.VOL.  :
:        :           :        :    :   MSTB    :   MSTB    :   MMSCF   :    MRB    :   MSTB    :   MSTB    :   MMSCF   :    MRB    :
====================================================================================================================================
:FIELD   :           :        :    :    34133.6:        0.0:      174.7:   138517.8:        0.0:        0.0:      206.8:   125616.3:
:G1      :           :        :    :    34133.6:        0.0:      174.7:   138517.8:        0.0:        0.0:      206.8:   125616.3:
:PROD    : 10, 10    :    PROD:ORAT:    34133.6:        0.0:      174.7:   138517.8:        0.0:        0.0:        0.0:        0.0:
:INJ     :  1,  1    :     INJ:GRAT:        0.0:        0.0:        0.0:        0.0:        0.0:        0.0:      206.8:   125616.3:
:--------:-----------:--------:----:-----------:-----------:-----------:-----------:-----------:-----------:-----------:-----------:


Report step 68/120 at day 2068/3650, date = 30-Aug-2020

Starting time step 0, stepsize 30 days, at day 2068/2098, date = 30-Aug-2020

Warning: Keyword 'WELLS' is unhandled for output to restart file.
 Newton its= 2, linearizations= 3 (0.0sec), linear its=  3 (0.0sec)
Restart file written for report step  68/120, date = 30-Aug-2020 00:00:00

                              **************************************************************************
  WELLS    AT      2098  DAYS *                 SPE1 - CASE 1                                          *
  REPORT   69    29 Sep 2020  *                                             Flow  version 2025.10-pre  *
                              **************************************************************************


======================================================= PRODUCTION REPORT =======================================================
:  WELL  : LOCATION  :CTRL:    OIL    :   WATER   :    GAS    :   FLUID   :   WATER   : GAS/OIL  :  WAT/GAS   : BHP OR : THP OR :
:  NAME  :  (I,J,K)  :MODE:   RATE    :   RATE    :   RATE    : RES.VOL.  :    CUT    :  RATIO   :   RATIO    :CON.PR. :BLK.PR. :
:        :           :    :  STB/DAY  :  STB/DAY  : MSCF/DAY  :  RB/DAY   :           : MSCF/STB :  STB/MSCF  :  PSIA  :  PSIA  :
=================================================================================================================================
:FIELD   :           :    :    10020.0:       -0.0:   111506.0:    88773.7:     -0.000:     11.13:      0.0000:        :        :
:G1      :           :    :    10020.0:       -0.0:   111506.0:    88773.7:     -0.000:     11.13:      0.0000:        :        :
:PROD    : 10, 10    :ORAT:    10020.0:       -0.0:   111506.0:    88773.7:     -0.000:     11.13:      0.0000:  1000.0:     0.0:
:--------:-----------:----:-----------:-----------:-----------:-----------:-----------:----------:------------:--------:--------:

============================================= INJECTION REPORT ==============================================
:  WELL  : LOCATION  : CTRL : CTRL : CTRL :    OIL    :   WATER   :    GAS    :   FLUID   : BHP OR : THP OR :
:  NAME  :  (I,J,K)  : MODE : MODE : MODE :   RATE    :   RATE    :   RATE    : RES.VOL.  :CON.PR. :BLK.PR. :
:        :           : OIL  : WAT  : GAS  :  STB/DAY  :  STB/DAY  : MSCF/DAY  :  RB/DAY   :  PSIA  :  PSIA  :
=============================================================================================================
:FIELD   :           :      :      :      :        0.0:        0.0:   100000.0:    72786.0:        :        :
:G1      :           :      :      :      :        0.0:        0.0:   100000.0:    72786.0:        :        :
:INJ     :  1,  1    :      :      :  GRAT:        0.0:        0.0:   100000.0:    72786.0:  5054.5:     0.0:
:--------:-----------:------:------:------:-----------:-----------:-----------:-----------:--------:--------:

============================================== CUMULATIVE PRODUCTION/INJECTION TOTALS ==============================================
:  WELL  : LOCATION  :  WELL  :CTRL:    OIL    :   WATER   :    GAS    :   Prod    :    OIL    :   WATER   :    GAS    :    INJ    :
:  NAME  :  (I,J,K)  :  TYPE  :MODE:   PROD    :   PROD    :   PROD    : RES.VOL.  :    INJ    :    INJ    :    INJ    : RES.VOL.  :
:        :           :        :    :   MSTB    :   MSTB    :   MMSCF   :    MRB    :   MSTB    :   MSTB    :   MMSCF   :    MRB    :
====================================================================================================================================
:FIELD   :           :        :    :    34434.2:        0.0:      178.0:   141181.0:        0.0:        0.0:      209.8:   127799.9:
:G1      :           :        :    :    34434.2:        0.0:      178.0:   141181.0:        0.0:        0.0:      209.8:   127799.9:
:PROD    : 10, 10    :    PROD:ORAT:    34434.2:        0.0:      178.0:   141181.0:        0.0:        0.0:        0.0:        0.0:
:INJ     :  1,  1    :     INJ:GRAT:        0.0:        0.0:        0.0:        0.0:        0.0:        0.0:      209.8:   127799.9:
:--------:-----------:--------:----:-----------:-----------:-----------:-----------:-----------:-----------:-----------:-----------:


Report step 69/120 at day 2098/3650, date = 29-Sep-2020

Starting time step 0, stepsize 31 days, at day 2098/2129, date = 29-Sep-2020

Warning: Keyword 'WELLS' is unhandled for output to restart file.
 Newton its= 2, linearizations= 3 (0.0sec), linear its=  4 (0.0sec)
Restart file written for report step  69/120, date = 29-Sep-2020 00:00:00

                              **************************************************************************
  WELLS    AT      2129  DAYS *                 SPE1 - CASE 1                                          *
  REPORT   70    30 Oct 2020  *                                             Flow  version 2025.10-pre  *
                              **************************************************************************


======================================================= PRODUCTION REPORT =======================================================
:  WELL  : LOCATION  :CTRL:    OIL    :   WATER   :    GAS    :   FLUID   :   WATER   : GAS/OIL  :  WAT/GAS   : BHP OR : THP OR :
:  NAME  :  (I,J,K)  :MODE:   RATE    :   RATE    :   RATE    : RES.VOL.  :    CUT    :  RATIO   :   RATIO    :CON.PR. :BLK.PR. :
:        :           :    :  STB/DAY  :  STB/DAY  : MSCF/DAY  :  RB/DAY   :           : MSCF/STB :  STB/MSCF  :  PSIA  :  PSIA  :
=================================================================================================================================
:FIELD   :           :    :     9891.9:       -0.0:   111443.2:    89010.7:     -0.000:     11.27:      0.0000:        :        :
:G1      :           :    :     9891.9:       -0.0:   111443.2:    89010.7:     -0.000:     11.27:      0.0000:        :        :
:PROD    : 10, 10    :ORAT:     9891.9:       -0.0:   111443.2:    89010.7:     -0.000:     11.27:      0.0000:  1000.0:     0.0:
:--------:-----------:----:-----------:-----------:-----------:-----------:-----------:----------:------------:--------:--------:

============================================= INJECTION REPORT ==============================================
:  WELL  : LOCATION  : CTRL : CTRL : CTRL :    OIL    :   WATER   :    GAS    :   FLUID   : BHP OR : THP OR :
:  NAME  :  (I,J,K)  : MODE : MODE : MODE :   RATE    :   RATE    :   RATE    : RES.VOL.  :CON.PR. :BLK.PR. :
:        :           : OIL  : WAT  : GAS  :  STB/DAY  :  STB/DAY  : MSCF/DAY  :  RB/DAY   :  PSIA  :  PSIA  :
=============================================================================================================
:FIELD   :           :      :      :      :        0.0:        0.0:   100000.0:    73164.3:        :        :
:G1      :           :      :      :      :        0.0:        0.0:   100000.0:    73164.3:        :        :
:INJ     :  1,  1    :      :      :  GRAT:        0.0:        0.0:   100000.0:    73164.3:  5029.7:     0.0:
:--------:-----------:------:------:------:-----------:-----------:-----------:-----------:--------:--------:

============================================== CUMULATIVE PRODUCTION/INJECTION TOTALS ==============================================
:  WELL  : LOCATION  :  WELL  :CTRL:    OIL    :   WATER   :    GAS    :   Prod    :    OIL    :   WATER   :    GAS    :    INJ    :
:  NAME  :  (I,J,K)  :  TYPE  :MODE:   PROD    :   PROD    :   PROD    : RES.VOL.  :    INJ    :    INJ    :    INJ    : RES.VOL.  :
:        :           :        :    :   MSTB    :   MSTB    :   MMSCF   :    MRB    :   MSTB    :   MSTB    :   MMSCF   :    MRB    :
====================================================================================================================================
:FIELD   :           :        :    :    34740.9:        0.0:      181.5:   143940.3:        0.0:        0.0:      212.9:   130068.0:
:G1      :           :        :    :    34740.9:        0.0:      181.5:   143940.3:        0.0:        0.0:      212.9:   130068.0:
:PROD    : 10, 10    :    PROD:ORAT:    34740.9:        0.0:      181.5:   143940.3:        0.0:        0.0:        0.0:        0.0:
:INJ     :  1,  1    :     INJ:GRAT:        0.0:        0.0:        0.0:        0.0:        0.0:        0.0:      212.9:   130068.0:
:--------:-----------:--------:----:-----------:-----------:-----------:-----------:-----------:-----------:-----------:-----------:


Report step 70/120 at day 2129/3650, date = 30-Oct-2020

Starting time step 0, stepsize 30 days, at day 2129/2159, date = 30-Oct-2020

Warning: Keyword 'WELLS' is unhandled for output to restart file.
 Newton its= 2, linearizations= 3 (0.0sec), linear its=  4 (0.0sec)
Restart file written for report step  70/120, date = 30-Oct-2020 00:00:00

                              **************************************************************************
  WELLS    AT      2159  DAYS *                 SPE1 - CASE 1                                          *
  REPORT   71    29 Nov 2020  *                                             Flow  version 2025.10-pre  *
                              **************************************************************************


======================================================= PRODUCTION REPORT =======================================================
:  WELL  : LOCATION  :CTRL:    OIL    :   WATER   :    GAS    :   FLUID   :   WATER   : GAS/OIL  :  WAT/GAS   : BHP OR : THP OR :
:  NAME  :  (I,J,K)  :MODE:   RATE    :   RATE    :   RATE    : RES.VOL.  :    CUT    :  RATIO   :   RATIO    :CON.PR. :BLK.PR. :
:        :           :    :  STB/DAY  :  STB/DAY  : MSCF/DAY  :  RB/DAY   :           : MSCF/STB :  STB/MSCF  :  PSIA  :  PSIA  :
=================================================================================================================================
:FIELD   :           :    :     9729.9:       -0.0:   111831.9:    89565.0:     -0.000:     11.49:      0.0000:        :        :
:G1      :           :    :     9729.9:       -0.0:   111831.9:    89565.0:     -0.000:     11.49:      0.0000:        :        :
:PROD    : 10, 10    :ORAT:     9729.9:       -0.0:   111831.9:    89565.0:     -0.000:     11.49:      0.0000:  1000.0:     0.0:
:--------:-----------:----:-----------:-----------:-----------:-----------:-----------:----------:------------:--------:--------:

============================================= INJECTION REPORT ==============================================
:  WELL  : LOCATION  : CTRL : CTRL : CTRL :    OIL    :   WATER   :    GAS    :   FLUID   : BHP OR : THP OR :
:  NAME  :  (I,J,K)  : MODE : MODE : MODE :   RATE    :   RATE    :   RATE    : RES.VOL.  :CON.PR. :BLK.PR. :
:        :           : OIL  : WAT  : GAS  :  STB/DAY  :  STB/DAY  : MSCF/DAY  :  RB/DAY   :  PSIA  :  PSIA  :
=============================================================================================================
:FIELD   :           :      :      :      :        0.0:        0.0:   100000.0:    73552.4:        :        :
:G1      :           :      :      :      :        0.0:        0.0:   100000.0:    73552.4:        :        :
:INJ     :  1,  1    :      :      :  GRAT:        0.0:        0.0:   100000.0:    73552.4:  5006.0:     0.0:
:--------:-----------:------:------:------:-----------:-----------:-----------:-----------:--------:--------:

============================================== CUMULATIVE PRODUCTION/INJECTION TOTALS ==============================================
:  WELL  : LOCATION  :  WELL  :CTRL:    OIL    :   WATER   :    GAS    :   Prod    :    OIL    :   WATER   :    GAS    :    INJ    :
:  NAME  :  (I,J,K)  :  TYPE  :MODE:   PROD    :   PROD    :   PROD    : RES.VOL.  :    INJ    :    INJ    :    INJ    : RES.VOL.  :
:        :           :        :    :   MSTB    :   MSTB    :   MMSCF   :    MRB    :   MSTB    :   MSTB    :   MMSCF   :    MRB    :
====================================================================================================================================
:FIELD   :           :        :    :    35032.8:        0.0:      184.9:   146627.3:        0.0:        0.0:      215.9:   132274.6:
:G1      :           :        :    :    35032.8:        0.0:      184.9:   146627.3:        0.0:        0.0:      215.9:   132274.6:
:PROD    : 10, 10    :    PROD:ORAT:    35032.8:        0.0:      184.9:   146627.3:        0.0:        0.0:        0.0:        0.0:
:INJ     :  1,  1    :     INJ:GRAT:        0.0:        0.0:        0.0:        0.0:        0.0:        0.0:      215.9:   132274.6:
:--------:-----------:--------:----:-----------:-----------:-----------:-----------:-----------:-----------:-----------:-----------:


Report step 71/120 at day 2159/3650, date = 29-Nov-2020

Starting time step 0, stepsize 31 days, at day 2159/2190, date = 29-Nov-2020

Warning: Keyword 'WELLS' is unhandled for output to restart file.
 Newton its= 2, linearizations= 3 (0.0sec), linear its=  3 (0.0sec)
Restart file written for report step  71/120, date = 29-Nov-2020 00:00:00

                              **************************************************************************
  WELLS    AT      2190  DAYS *                 SPE1 - CASE 1                                          *
  REPORT   72    30 Dec 2020  *                                             Flow  version 2025.10-pre  *
                              **************************************************************************


======================================================= PRODUCTION REPORT =======================================================
:  WELL  : LOCATION  :CTRL:    OIL    :   WATER   :    GAS    :   FLUID   :   WATER   : GAS/OIL  :  WAT/GAS   : BHP OR : THP OR :
:  NAME  :  (I,J,K)  :MODE:   RATE    :   RATE    :   RATE    : RES.VOL.  :    CUT    :  RATIO   :   RATIO    :CON.PR. :BLK.PR. :
:        :           :    :  STB/DAY  :  STB/DAY  : MSCF/DAY  :  RB/DAY   :           : MSCF/STB :  STB/MSCF  :  PSIA  :  PSIA  :
=================================================================================================================================
:FIELD   :           :    :     9554.9:       -0.0:   112206.6:    90093.7:     -0.000:     11.74:      0.0000:        :        :
:G1      :           :    :     9554.9:       -0.0:   112206.6:    90093.7:     -0.000:     11.74:      0.0000:        :        :
:PROD    : 10, 10    :ORAT:     9554.9:       -0.0:   112206.6:    90093.7:     -0.000:     11.74:      0.0000:  1000.0:     0.0:
:--------:-----------:----:-----------:-----------:-----------:-----------:-----------:----------:------------:--------:--------:

============================================= INJECTION REPORT ==============================================
:  WELL  : LOCATION  : CTRL : CTRL : CTRL :    OIL    :   WATER   :    GAS    :   FLUID   : BHP OR : THP OR :
:  NAME  :  (I,J,K)  : MODE : MODE : MODE :   RATE    :   RATE    :   RATE    : RES.VOL.  :CON.PR. :BLK.PR. :
:        :           : OIL  : WAT  : GAS  :  STB/DAY  :  STB/DAY  : MSCF/DAY  :  RB/DAY   :  PSIA  :  PSIA  :
=============================================================================================================
:FIELD   :           :      :      :      :        0.0:        0.0:   100000.0:    73930.8:        :        :
:G1      :           :      :      :      :        0.0:        0.0:   100000.0:    73930.8:        :        :
:INJ     :  1,  1    :      :      :  GRAT:        0.0:        0.0:   100000.0:    73930.8:  4981.7:     0.0:
:--------:-----------:------:------:------:-----------:-----------:-----------:-----------:--------:--------:

============================================== CUMULATIVE PRODUCTION/INJECTION TOTALS ==============================================
:  WELL  : LOCATION  :  WELL  :CTRL:    OIL    :   WATER   :    GAS    :   Prod    :    OIL    :   WATER   :    GAS    :    INJ    :
:  NAME  :  (I,J,K)  :  TYPE  :MODE:   PROD    :   PROD    :   PROD    : RES.VOL.  :    INJ    :    INJ    :    INJ    : RES.VOL.  :
:        :           :        :    :   MSTB    :   MSTB    :   MMSCF   :    MRB    :   MSTB    :   MSTB    :   MMSCF   :    MRB    :
====================================================================================================================================
:FIELD   :           :        :    :    35329.0:        0.0:      188.3:   149420.2:        0.0:        0.0:      219.0:   134566.4:
:G1      :           :        :    :    35329.0:        0.0:      188.3:   149420.2:        0.0:        0.0:      219.0:   134566.4:
:PROD    : 10, 10    :    PROD:ORAT:    35329.0:        0.0:      188.3:   149420.2:        0.0:        0.0:        0.0:        0.0:
:INJ     :  1,  1    :     INJ:GRAT:        0.0:        0.0:        0.0:        0.0:        0.0:        0.0:      219.0:   134566.4:
:--------:-----------:--------:----:-----------:-----------:-----------:-----------:-----------:-----------:-----------:-----------:


Report step 72/120 at day 2190/3650, date = 30-Dec-2020

Starting time step 0, stepsize 31 days, at day 2190/2221, date = 30-Dec-2020

Warning: Keyword 'WELLS' is unhandled for output to restart file.
 Newton its= 2, linearizations= 3 (0.0sec), linear its=  3 (0.0sec)
Restart file written for report step  72/120, date = 30-Dec-2020 00:00:00

                              **************************************************************************
  WELLS    AT      2221  DAYS *                 SPE1 - CASE 1                                          *
  REPORT   73    30 Jan 2021  *                                             Flow  version 2025.10-pre  *
                              **************************************************************************


======================================================= PRODUCTION REPORT =======================================================
:  WELL  : LOCATION  :CTRL:    OIL    :   WATER   :    GAS    :   FLUID   :   WATER   : GAS/OIL  :  WAT/GAS   : BHP OR : THP OR :
:  NAME  :  (I,J,K)  :MODE:   RATE    :   RATE    :   RATE    : RES.VOL.  :    CUT    :  RATIO   :   RATIO    :CON.PR. :BLK.PR. :
:        :           :    :  STB/DAY  :  STB/DAY  : MSCF/DAY  :  RB/DAY   :           : MSCF/STB :  STB/MSCF  :  PSIA  :  PSIA  :
=================================================================================================================================
:FIELD   :           :    :     9394.8:       -0.0:   112395.1:    90517.0:     -0.000:     11.96:      0.0000:        :        :
:G1      :           :    :     9394.8:       -0.0:   112395.1:    90517.0:     -0.000:     11.96:      0.0000:        :        :
:PROD    : 10, 10    :ORAT:     9394.8:       -0.0:   112395.1:    90517.0:     -0.000:     11.96:      0.0000:  1000.0:     0.0:
:--------:-----------:----:-----------:-----------:-----------:-----------:-----------:----------:------------:--------:--------:

============================================= INJECTION REPORT ==============================================
:  WELL  : LOCATION  : CTRL : CTRL : CTRL :    OIL    :   WATER   :    GAS    :   FLUID   : BHP OR : THP OR :
:  NAME  :  (I,J,K)  : MODE : MODE : MODE :   RATE    :   RATE    :   RATE    : RES.VOL.  :CON.PR. :BLK.PR. :
:        :           : OIL  : WAT  : GAS  :  STB/DAY  :  STB/DAY  : MSCF/DAY  :  RB/DAY   :  PSIA  :  PSIA  :
=============================================================================================================
:FIELD   :           :      :      :      :        0.0:        0.0:   100000.0:    74326.5:        :        :
:G1      :           :      :      :      :        0.0:        0.0:   100000.0:    74326.5:        :        :
:INJ     :  1,  1    :      :      :  GRAT:        0.0:        0.0:   100000.0:    74326.5:  4957.6:     0.0:
:--------:-----------:------:------:------:-----------:-----------:-----------:-----------:--------:--------:

============================================== CUMULATIVE PRODUCTION/INJECTION TOTALS ==============================================
:  WELL  : LOCATION  :  WELL  :CTRL:    OIL    :   WATER   :    GAS    :   Prod    :    OIL    :   WATER   :    GAS    :    INJ    :
:  NAME  :  (I,J,K)  :  TYPE  :MODE:   PROD    :   PROD    :   PROD    : RES.VOL.  :    INJ    :    INJ    :    INJ    : RES.VOL.  :
:        :           :        :    :   MSTB    :   MSTB    :   MMSCF   :    MRB    :   MSTB    :   MSTB    :   MMSCF   :    MRB    :
====================================================================================================================================
:FIELD   :           :        :    :    35620.2:        0.0:      191.8:   152226.2:        0.0:        0.0:      222.1:   136870.5:
:G1      :           :        :    :    35620.2:        0.0:      191.8:   152226.2:        0.0:        0.0:      222.1:   136870.5:
:PROD    : 10, 10    :    PROD:ORAT:    35620.2:        0.0:      191.8:   152226.2:        0.0:        0.0:        0.0:        0.0:
:INJ     :  1,  1    :     INJ:GRAT:        0.0:        0.0:        0.0:        0.0:        0.0:        0.0:      222.1:   136870.5:
:--------:-----------:--------:----:-----------:-----------:-----------:-----------:-----------:-----------:-----------:-----------:


Report step 73/120 at day 2221/3650, date = 30-Jan-2021

Starting time step 0, stepsize 28 days, at day 2221/2249, date = 30-Jan-2021

Warning: Keyword 'WELLS' is unhandled for output to restart file.
 Newton its= 3, linearizations= 4 (0.0sec), linear its=  5 (0.0sec)
Restart file written for report step  73/120, date = 30-Jan-2021 00:00:00

                              **************************************************************************
  WELLS    AT      2249  DAYS *                 SPE1 - CASE 1                                          *
  REPORT   74    27 Feb 2021  *                                             Flow  version 2025.10-pre  *
                              **************************************************************************


======================================================= PRODUCTION REPORT =======================================================
:  WELL  : LOCATION  :CTRL:    OIL    :   WATER   :    GAS    :   FLUID   :   WATER   : GAS/OIL  :  WAT/GAS   : BHP OR : THP OR :
:  NAME  :  (I,J,K)  :MODE:   RATE    :   RATE    :   RATE    : RES.VOL.  :    CUT    :  RATIO   :   RATIO    :CON.PR. :BLK.PR. :
:        :           :    :  STB/DAY  :  STB/DAY  : MSCF/DAY  :  RB/DAY   :           : MSCF/STB :  STB/MSCF  :  PSIA  :  PSIA  :
=================================================================================================================================
:FIELD   :           :    :     9270.7:       -0.0:   112347.3:    90794.9:     -0.000:     12.12:      0.0000:        :        :
:G1      :           :    :     9270.7:       -0.0:   112347.3:    90794.9:     -0.000:     12.12:      0.0000:        :        :
:PROD    : 10, 10    :ORAT:     9270.7:       -0.0:   112347.3:    90794.9:     -0.000:     12.12:      0.0000:  1000.0:     0.0:
:--------:-----------:----:-----------:-----------:-----------:-----------:-----------:----------:------------:--------:--------:

============================================= INJECTION REPORT ==============================================
:  WELL  : LOCATION  : CTRL : CTRL : CTRL :    OIL    :   WATER   :    GAS    :   FLUID   : BHP OR : THP OR :
:  NAME  :  (I,J,K)  : MODE : MODE : MODE :   RATE    :   RATE    :   RATE    : RES.VOL.  :CON.PR. :BLK.PR. :
:        :           : OIL  : WAT  : GAS  :  STB/DAY  :  STB/DAY  : MSCF/DAY  :  RB/DAY   :  PSIA  :  PSIA  :
=============================================================================================================
:FIELD   :           :      :      :      :        0.0:        0.0:   100000.0:    74723.6:        :        :
:G1      :           :      :      :      :        0.0:        0.0:   100000.0:    74723.6:        :        :
:INJ     :  1,  1    :      :      :  GRAT:        0.0:        0.0:   100000.0:    74723.6:  4936.1:     0.0:
:--------:-----------:------:------:------:-----------:-----------:-----------:-----------:--------:--------:

============================================== CUMULATIVE PRODUCTION/INJECTION TOTALS ==============================================
:  WELL  : LOCATION  :  WELL  :CTRL:    OIL    :   WATER   :    GAS    :   Prod    :    OIL    :   WATER   :    GAS    :    INJ    :
:  NAME  :  (I,J,K)  :  TYPE  :MODE:   PROD    :   PROD    :   PROD    : RES.VOL.  :    INJ    :    INJ    :    INJ    : RES.VOL.  :
:        :           :        :    :   MSTB    :   MSTB    :   MMSCF   :    MRB    :   MSTB    :   MSTB    :   MMSCF   :    MRB    :
====================================================================================================================================
:FIELD   :           :        :    :    35879.8:        0.0:      195.0:   154768.5:        0.0:        0.0:      224.9:   138962.8:
:G1      :           :        :    :    35879.8:        0.0:      195.0:   154768.5:        0.0:        0.0:      224.9:   138962.8:
:PROD    : 10, 10    :    PROD:ORAT:    35879.8:        0.0:      195.0:   154768.5:        0.0:        0.0:        0.0:        0.0:
:INJ     :  1,  1    :     INJ:GRAT:        0.0:        0.0:        0.0:        0.0:        0.0:        0.0:      224.9:   138962.8:
:--------:-----------:--------:----:-----------:-----------:-----------:-----------:-----------:-----------:-----------:-----------:


Report step 74/120 at day 2249/3650, date = 27-Feb-2021

Starting time step 0, stepsize 31 days, at day 2249/2280, date = 27-Feb-2021

Warning: Keyword 'WELLS' is unhandled for output to restart file.
 Newton its= 2, linearizations= 3 (0.0sec), linear its=  3 (0.0sec)
Restart file written for report step  74/120, date = 27-Feb-2021 00:00:00

                              **************************************************************************
  WELLS    AT      2280  DAYS *                 SPE1 - CASE 1                                          *
  REPORT   75    30 Mar 2021  *                                             Flow  version 2025.10-pre  *
                              **************************************************************************


======================================================= PRODUCTION REPORT =======================================================
:  WELL  : LOCATION  :CTRL:    OIL    :   WATER   :    GAS    :   FLUID   :   WATER   : GAS/OIL  :  WAT/GAS   : BHP OR : THP OR :
:  NAME  :  (I,J,K)  :MODE:   RATE    :   RATE    :   RATE    : RES.VOL.  :    CUT    :  RATIO   :   RATIO    :CON.PR. :BLK.PR. :
:        :           :    :  STB/DAY  :  STB/DAY  : MSCF/DAY  :  RB/DAY   :           : MSCF/STB :  STB/MSCF  :  PSIA  :  PSIA  :
=================================================================================================================================
:FIELD   :           :    :     9154.0:       -0.0:   112085.0:    90872.3:     -0.000:     12.24:      0.0000:        :        :
:G1      :           :    :     9154.0:       -0.0:   112085.0:    90872.3:     -0.000:     12.24:      0.0000:        :        :
:PROD    : 10, 10    :ORAT:     9154.0:       -0.0:   112085.0:    90872.3:     -0.000:     12.24:      0.0000:  1000.0:     0.0:
:--------:-----------:----:-----------:-----------:-----------:-----------:-----------:----------:------------:--------:--------:

============================================= INJECTION REPORT ==============================================
:  WELL  : LOCATION  : CTRL : CTRL : CTRL :    OIL    :   WATER   :    GAS    :   FLUID   : BHP OR : THP OR :
:  NAME  :  (I,J,K)  : MODE : MODE : MODE :   RATE    :   RATE    :   RATE    : RES.VOL.  :CON.PR. :BLK.PR. :
:        :           : OIL  : WAT  : GAS  :  STB/DAY  :  STB/DAY  : MSCF/DAY  :  RB/DAY   :  PSIA  :  PSIA  :
=============================================================================================================
:FIELD   :           :      :      :      :        0.0:        0.0:   100000.0:    75076.2:        :        :
:G1      :           :      :      :      :        0.0:        0.0:   100000.0:    75076.2:        :        :
:INJ     :  1,  1    :      :      :  GRAT:        0.0:        0.0:   100000.0:    75076.2:  4912.8:     0.0:
:--------:-----------:------:------:------:-----------:-----------:-----------:-----------:--------:--------:

============================================== CUMULATIVE PRODUCTION/INJECTION TOTALS ==============================================
:  WELL  : LOCATION  :  WELL  :CTRL:    OIL    :   WATER   :    GAS    :   Prod    :    OIL    :   WATER   :    GAS    :    INJ    :
:  NAME  :  (I,J,K)  :  TYPE  :MODE:   PROD    :   PROD    :   PROD    : RES.VOL.  :    INJ    :    INJ    :    INJ    : RES.VOL.  :
:        :           :        :    :   MSTB    :   MSTB    :   MMSCF   :    MRB    :   MSTB    :   MSTB    :   MMSCF   :    MRB    :
====================================================================================================================================
:FIELD   :           :        :    :    36163.5:        0.0:      198.4:   157585.5:        0.0:        0.0:      228.0:   141290.2:
:G1      :           :        :    :    36163.5:        0.0:      198.4:   157585.5:        0.0:        0.0:      228.0:   141290.2:
:PROD    : 10, 10    :    PROD:ORAT:    36163.5:        0.0:      198.4:   157585.5:        0.0:        0.0:        0.0:        0.0:
:INJ     :  1,  1    :     INJ:GRAT:        0.0:        0.0:        0.0:        0.0:        0.0:        0.0:      228.0:   141290.2:
:--------:-----------:--------:----:-----------:-----------:-----------:-----------:-----------:-----------:-----------:-----------:


Report step 75/120 at day 2280/3650, date = 30-Mar-2021

Starting time step 0, stepsize 30 days, at day 2280/2310, date = 30-Mar-2021

Warning: Keyword 'WELLS' is unhandled for output to restart file.
 Newton its= 2, linearizations= 3 (0.0sec), linear its=  4 (0.0sec)
Restart file written for report step  75/120, date = 30-Mar-2021 00:00:00

                              **************************************************************************
  WELLS    AT      2310  DAYS *                 SPE1 - CASE 1                                          *
  REPORT   76    29 Apr 2021  *                                             Flow  version 2025.10-pre  *
                              **************************************************************************


======================================================= PRODUCTION REPORT =======================================================
:  WELL  : LOCATION  :CTRL:    OIL    :   WATER   :    GAS    :   FLUID   :   WATER   : GAS/OIL  :  WAT/GAS   : BHP OR : THP OR :
:  NAME  :  (I,J,K)  :MODE:   RATE    :   RATE    :   RATE    : RES.VOL.  :    CUT    :  RATIO   :   RATIO    :CON.PR. :BLK.PR. :
:        :           :    :  STB/DAY  :  STB/DAY  : MSCF/DAY  :  RB/DAY   :           : MSCF/STB :  STB/MSCF  :  PSIA  :  PSIA  :
=================================================================================================================================
:FIELD   :           :    :     9055.7:       -0.0:   111737.6:    90929.4:     -0.000:     12.34:      0.0000:        :        :
:G1      :           :    :     9055.7:       -0.0:   111737.6:    90929.4:     -0.000:     12.34:      0.0000:        :        :
:PROD    : 10, 10    :ORAT:     9055.7:       -0.0:   111737.6:    90929.4:     -0.000:     12.34:      0.0000:  1000.0:     0.0:
:--------:-----------:----:-----------:-----------:-----------:-----------:-----------:----------:------------:--------:--------:

============================================= INJECTION REPORT ==============================================
:  WELL  : LOCATION  : CTRL : CTRL : CTRL :    OIL    :   WATER   :    GAS    :   FLUID   : BHP OR : THP OR :
:  NAME  :  (I,J,K)  : MODE : MODE : MODE :   RATE    :   RATE    :   RATE    : RES.VOL.  :CON.PR. :BLK.PR. :
:        :           : OIL  : WAT  : GAS  :  STB/DAY  :  STB/DAY  : MSCF/DAY  :  RB/DAY   :  PSIA  :  PSIA  :
=============================================================================================================
:FIELD   :           :      :      :      :        0.0:        0.0:   100000.0:    75459.6:        :        :
:G1      :           :      :      :      :        0.0:        0.0:   100000.0:    75459.6:        :        :
:INJ     :  1,  1    :      :      :  GRAT:        0.0:        0.0:   100000.0:    75459.6:  4890.8:     0.0:
:--------:-----------:------:------:------:-----------:-----------:-----------:-----------:--------:--------:

============================================== CUMULATIVE PRODUCTION/INJECTION TOTALS ==============================================
:  WELL  : LOCATION  :  WELL  :CTRL:    OIL    :   WATER   :    GAS    :   Prod    :    OIL    :   WATER   :    GAS    :    INJ    :
:  NAME  :  (I,J,K)  :  TYPE  :MODE:   PROD    :   PROD    :   PROD    : RES.VOL.  :    INJ    :    INJ    :    INJ    : RES.VOL.  :
:        :           :        :    :   MSTB    :   MSTB    :   MMSCF   :    MRB    :   MSTB    :   MSTB    :   MMSCF   :    MRB    :
====================================================================================================================================
:FIELD   :           :        :    :    36435.2:        0.0:      201.8:   160313.4:        0.0:        0.0:      231.0:   143554.0:
:G1      :           :        :    :    36435.2:        0.0:      201.8:   160313.4:        0.0:        0.0:      231.0:   143554.0:
:PROD    : 10, 10    :    PROD:ORAT:    36435.2:        0.0:      201.8:   160313.4:        0.0:        0.0:        0.0:        0.0:
:INJ     :  1,  1    :     INJ:GRAT:        0.0:        0.0:        0.0:        0.0:        0.0:        0.0:      231.0:   143554.0:
:--------:-----------:--------:----:-----------:-----------:-----------:-----------:-----------:-----------:-----------:-----------:


Report step 76/120 at day 2310/3650, date = 29-Apr-2021

Starting time step 0, stepsize 31 days, at day 2310/2341, date = 29-Apr-2021

Warning: Keyword 'WELLS' is unhandled for output to restart file.
 Newton its= 3, linearizations= 4 (0.0sec), linear its=  6 (0.0sec)
Restart file written for report step  76/120, date = 29-Apr-2021 00:00:00

                              **************************************************************************
  WELLS    AT      2341  DAYS *                 SPE1 - CASE 1                                          *
  REPORT   77    30 May 2021  *                                             Flow  version 2025.10-pre  *
                              **************************************************************************


======================================================= PRODUCTION REPORT =======================================================
:  WELL  : LOCATION  :CTRL:    OIL    :   WATER   :    GAS    :   FLUID   :   WATER   : GAS/OIL  :  WAT/GAS   : BHP OR : THP OR :
:  NAME  :  (I,J,K)  :MODE:   RATE    :   RATE    :   RATE    : RES.VOL.  :    CUT    :  RATIO   :   RATIO    :CON.PR. :BLK.PR. :
:        :           :    :  STB/DAY  :  STB/DAY  : MSCF/DAY  :  RB/DAY   :           : MSCF/STB :  STB/MSCF  :  PSIA  :  PSIA  :
=================================================================================================================================
:FIELD   :           :    :     8962.7:       -0.0:   111390.4:    90968.8:     -0.000:     12.43:      0.0000:        :        :
:G1      :           :    :     8962.7:       -0.0:   111390.4:    90968.8:     -0.000:     12.43:      0.0000:        :        :
:PROD    : 10, 10    :ORAT:     8962.7:       -0.0:   111390.4:    90968.8:     -0.000:     12.43:      0.0000:  1000.0:     0.0:
:--------:-----------:----:-----------:-----------:-----------:-----------:-----------:----------:------------:--------:--------:

============================================= INJECTION REPORT ==============================================
:  WELL  : LOCATION  : CTRL : CTRL : CTRL :    OIL    :   WATER   :    GAS    :   FLUID   : BHP OR : THP OR :
:  NAME  :  (I,J,K)  : MODE : MODE : MODE :   RATE    :   RATE    :   RATE    : RES.VOL.  :CON.PR. :BLK.PR. :
:        :           : OIL  : WAT  : GAS  :  STB/DAY  :  STB/DAY  : MSCF/DAY  :  RB/DAY   :  PSIA  :  PSIA  :
=============================================================================================================
:FIELD   :           :      :      :      :        0.0:        0.0:   100000.0:    75823.3:        :        :
:G1      :           :      :      :      :        0.0:        0.0:   100000.0:    75823.3:        :        :
:INJ     :  1,  1    :      :      :  GRAT:        0.0:        0.0:   100000.0:    75823.3:  4868.9:     0.0:
:--------:-----------:------:------:------:-----------:-----------:-----------:-----------:--------:--------:

============================================== CUMULATIVE PRODUCTION/INJECTION TOTALS ==============================================
:  WELL  : LOCATION  :  WELL  :CTRL:    OIL    :   WATER   :    GAS    :   Prod    :    OIL    :   WATER   :    GAS    :    INJ    :
:  NAME  :  (I,J,K)  :  TYPE  :MODE:   PROD    :   PROD    :   PROD    : RES.VOL.  :    INJ    :    INJ    :    INJ    : RES.VOL.  :
:        :           :        :    :   MSTB    :   MSTB    :   MMSCF   :    MRB    :   MSTB    :   MSTB    :   MMSCF   :    MRB    :
====================================================================================================================================
:FIELD   :           :        :    :    36713.1:        0.0:      205.2:   163133.4:        0.0:        0.0:      234.1:   145904.5:
:G1      :           :        :    :    36713.1:        0.0:      205.2:   163133.4:        0.0:        0.0:      234.1:   145904.5:
:PROD    : 10, 10    :    PROD:ORAT:    36713.1:        0.0:      205.2:   163133.4:        0.0:        0.0:        0.0:        0.0:
:INJ     :  1,  1    :     INJ:GRAT:        0.0:        0.0:        0.0:        0.0:        0.0:        0.0:      234.1:   145904.5:
:--------:-----------:--------:----:-----------:-----------:-----------:-----------:-----------:-----------:-----------:-----------:


Report step 77/120 at day 2341/3650, date = 30-May-2021

Starting time step 0, stepsize 30 days, at day 2341/2371, date = 30-May-2021

Warning: Keyword 'WELLS' is unhandled for output to restart file.
 Newton its= 2, linearizations= 3 (0.0sec), linear its=  2 (0.0sec)
Restart file written for report step  77/120, date = 30-May-2021 00:00:00

                              **************************************************************************
  WELLS    AT      2371  DAYS *                 SPE1 - CASE 1                                          *
  REPORT   78    29 Jun 2021  *                                             Flow  version 2025.10-pre  *
                              **************************************************************************


======================================================= PRODUCTION REPORT =======================================================
:  WELL  : LOCATION  :CTRL:    OIL    :   WATER   :    GAS    :   FLUID   :   WATER   : GAS/OIL  :  WAT/GAS   : BHP OR : THP OR :
:  NAME  :  (I,J,K)  :MODE:   RATE    :   RATE    :   RATE    : RES.VOL.  :    CUT    :  RATIO   :   RATIO    :CON.PR. :BLK.PR. :
:        :           :    :  STB/DAY  :  STB/DAY  : MSCF/DAY  :  RB/DAY   :           : MSCF/STB :  STB/MSCF  :  PSIA  :  PSIA  :
=================================================================================================================================
:FIELD   :           :    :     8870.6:       -0.0:   111150.5:    91089.9:     -0.000:     12.53:      0.0000:        :        :
:G1      :           :    :     8870.6:       -0.0:   111150.5:    91089.9:     -0.000:     12.53:      0.0000:        :        :
:PROD    : 10, 10    :ORAT:     8870.6:       -0.0:   111150.5:    91089.9:     -0.000:     12.53:      0.0000:  1000.0:     0.0:
:--------:-----------:----:-----------:-----------:-----------:-----------:-----------:----------:------------:--------:--------:

============================================= INJECTION REPORT ==============================================
:  WELL  : LOCATION  : CTRL : CTRL : CTRL :    OIL    :   WATER   :    GAS    :   FLUID   : BHP OR : THP OR :
:  NAME  :  (I,J,K)  : MODE : MODE : MODE :   RATE    :   RATE    :   RATE    : RES.VOL.  :CON.PR. :BLK.PR. :
:        :           : OIL  : WAT  : GAS  :  STB/DAY  :  STB/DAY  : MSCF/DAY  :  RB/DAY   :  PSIA  :  PSIA  :
=============================================================================================================
:FIELD   :           :      :      :      :        0.0:        0.0:   100000.0:    76188.0:        :        :
:G1      :           :      :      :      :        0.0:        0.0:   100000.0:    76188.0:        :        :
:INJ     :  1,  1    :      :      :  GRAT:        0.0:        0.0:   100000.0:    76188.0:  4848.3:     0.0:
:--------:-----------:------:------:------:-----------:-----------:-----------:-----------:--------:--------:

============================================== CUMULATIVE PRODUCTION/INJECTION TOTALS ==============================================
:  WELL  : LOCATION  :  WELL  :CTRL:    OIL    :   WATER   :    GAS    :   Prod    :    OIL    :   WATER   :    GAS    :    INJ    :
:  NAME  :  (I,J,K)  :  TYPE  :MODE:   PROD    :   PROD    :   PROD    : RES.VOL.  :    INJ    :    INJ    :    INJ    : RES.VOL.  :
:        :           :        :    :   MSTB    :   MSTB    :   MMSCF   :    MRB    :   MSTB    :   MSTB    :   MMSCF   :    MRB    :
====================================================================================================================================
:FIELD   :           :        :    :    36979.2:        0.0:      208.6:   165866.1:        0.0:        0.0:      237.1:   148190.1:
:G1      :           :        :    :    36979.2:        0.0:      208.6:   165866.1:        0.0:        0.0:      237.1:   148190.1:
:PROD    : 10, 10    :    PROD:ORAT:    36979.2:        0.0:      208.6:   165866.1:        0.0:        0.0:        0.0:        0.0:
:INJ     :  1,  1    :     INJ:GRAT:        0.0:        0.0:        0.0:        0.0:        0.0:        0.0:      237.1:   148190.1:
:--------:-----------:--------:----:-----------:-----------:-----------:-----------:-----------:-----------:-----------:-----------:


Report step 78/120 at day 2371/3650, date = 29-Jun-2021

Starting time step 0, stepsize 31 days, at day 2371/2402, date = 29-Jun-2021

Warning: Keyword 'WELLS' is unhandled for output to restart file.
 Newton its= 2, linearizations= 3 (0.0sec), linear its=  3 (0.0sec)
Restart file written for report step  78/120, date = 29-Jun-2021 00:00:00

                              **************************************************************************
  WELLS    AT      2402  DAYS *                 SPE1 - CASE 1                                          *
  REPORT   79    30 Jul 2021  *                                             Flow  version 2025.10-pre  *
                              **************************************************************************


======================================================= PRODUCTION REPORT =======================================================
:  WELL  : LOCATION  :CTRL:    OIL    :   WATER   :    GAS    :   FLUID   :   WATER   : GAS/OIL  :  WAT/GAS   : BHP OR : THP OR :
:  NAME  :  (I,J,K)  :MODE:   RATE    :   RATE    :   RATE    : RES.VOL.  :    CUT    :  RATIO   :   RATIO    :CON.PR. :BLK.PR. :
:        :           :    :  STB/DAY  :  STB/DAY  : MSCF/DAY  :  RB/DAY   :           : MSCF/STB :  STB/MSCF  :  PSIA  :  PSIA  :
=================================================================================================================================
:FIELD   :           :    :     8771.2:       -0.0:   110967.2:    91229.4:     -0.000:     12.65:      0.0000:        :        :
:G1      :           :    :     8771.2:       -0.0:   110967.2:    91229.4:     -0.000:     12.65:      0.0000:        :        :
:PROD    : 10, 10    :ORAT:     8771.2:       -0.0:   110967.2:    91229.4:     -0.000:     12.65:      0.0000:  1000.0:     0.0:
:--------:-----------:----:-----------:-----------:-----------:-----------:-----------:----------:------------:--------:--------:

============================================= INJECTION REPORT ==============================================
:  WELL  : LOCATION  : CTRL : CTRL : CTRL :    OIL    :   WATER   :    GAS    :   FLUID   : BHP OR : THP OR :
:  NAME  :  (I,J,K)  : MODE : MODE : MODE :   RATE    :   RATE    :   RATE    : RES.VOL.  :CON.PR. :BLK.PR. :
:        :           : OIL  : WAT  : GAS  :  STB/DAY  :  STB/DAY  : MSCF/DAY  :  RB/DAY   :  PSIA  :  PSIA  :
=============================================================================================================
:FIELD   :           :      :      :      :        0.0:        0.0:   100000.0:    76534.3:        :        :
:G1      :           :      :      :      :        0.0:        0.0:   100000.0:    76534.3:        :        :
:INJ     :  1,  1    :      :      :  GRAT:        0.0:        0.0:   100000.0:    76534.3:  4827.5:     0.0:
:--------:-----------:------:------:------:-----------:-----------:-----------:-----------:--------:--------:

============================================== CUMULATIVE PRODUCTION/INJECTION TOTALS ==============================================
:  WELL  : LOCATION  :  WELL  :CTRL:    OIL    :   WATER   :    GAS    :   Prod    :    OIL    :   WATER   :    GAS    :    INJ    :
:  NAME  :  (I,J,K)  :  TYPE  :MODE:   PROD    :   PROD    :   PROD    : RES.VOL.  :    INJ    :    INJ    :    INJ    : RES.VOL.  :
:        :           :        :    :   MSTB    :   MSTB    :   MMSCF   :    MRB    :   MSTB    :   MSTB    :   MMSCF   :    MRB    :
====================================================================================================================================
:FIELD   :           :        :    :    37251.1:        0.0:      212.0:   168694.3:        0.0:        0.0:      240.2:   150562.7:
:G1      :           :        :    :    37251.1:        0.0:      212.0:   168694.3:        0.0:        0.0:      240.2:   150562.7:
:PROD    : 10, 10    :    PROD:ORAT:    37251.1:        0.0:      212.0:   168694.3:        0.0:        0.0:        0.0:        0.0:
:INJ     :  1,  1    :     INJ:GRAT:        0.0:        0.0:        0.0:        0.0:        0.0:        0.0:      240.2:   150562.7:
:--------:-----------:--------:----:-----------:-----------:-----------:-----------:-----------:-----------:-----------:-----------:


Report step 79/120 at day 2402/3650, date = 30-Jul-2021

Starting time step 0, stepsize 31 days, at day 2402/2433, date = 30-Jul-2021

Warning: Keyword 'WELLS' is unhandled for output to restart file.
 Newton its= 3, linearizations= 4 (0.0sec), linear its=  6 (0.0sec)
Restart file written for report step  79/120, date = 30-Jul-2021 00:00:00

                              **************************************************************************
  WELLS    AT      2433  DAYS *                 SPE1 - CASE 1                                          *
  REPORT   80    30 Aug 2021  *                                             Flow  version 2025.10-pre  *
                              **************************************************************************


======================================================= PRODUCTION REPORT =======================================================
:  WELL  : LOCATION  :CTRL:    OIL    :   WATER   :    GAS    :   FLUID   :   WATER   : GAS/OIL  :  WAT/GAS   : BHP OR : THP OR :
:  NAME  :  (I,J,K)  :MODE:   RATE    :   RATE    :   RATE    : RES.VOL.  :    CUT    :  RATIO   :   RATIO    :CON.PR. :BLK.PR. :
:        :           :    :  STB/DAY  :  STB/DAY  : MSCF/DAY  :  RB/DAY   :           : MSCF/STB :  STB/MSCF  :  PSIA  :  PSIA  :
=================================================================================================================================
:FIELD   :           :    :     8672.6:       -0.0:   110805.4:    91392.8:     -0.000:     12.78:      0.0000:        :        :
:G1      :           :    :     8672.6:       -0.0:   110805.4:    91392.8:     -0.000:     12.78:      0.0000:        :        :
:PROD    : 10, 10    :ORAT:     8672.6:       -0.0:   110805.4:    91392.8:     -0.000:     12.78:      0.0000:  1000.0:     0.0:
:--------:-----------:----:-----------:-----------:-----------:-----------:-----------:----------:------------:--------:--------:

============================================= INJECTION REPORT ==============================================
:  WELL  : LOCATION  : CTRL : CTRL : CTRL :    OIL    :   WATER   :    GAS    :   FLUID   : BHP OR : THP OR :
:  NAME  :  (I,J,K)  : MODE : MODE : MODE :   RATE    :   RATE    :   RATE    : RES.VOL.  :CON.PR. :BLK.PR. :
:        :           : OIL  : WAT  : GAS  :  STB/DAY  :  STB/DAY  : MSCF/DAY  :  RB/DAY   :  PSIA  :  PSIA  :
=============================================================================================================
:FIELD   :           :      :      :      :        0.0:        0.0:   100000.0:    76887.7:        :        :
:G1      :           :      :      :      :        0.0:        0.0:   100000.0:    76887.7:        :        :
:INJ     :  1,  1    :      :      :  GRAT:        0.0:        0.0:   100000.0:    76887.7:  4807.3:     0.0:
:--------:-----------:------:------:------:-----------:-----------:-----------:-----------:--------:--------:

============================================== CUMULATIVE PRODUCTION/INJECTION TOTALS ==============================================
:  WELL  : LOCATION  :  WELL  :CTRL:    OIL    :   WATER   :    GAS    :   Prod    :    OIL    :   WATER   :    GAS    :    INJ    :
:  NAME  :  (I,J,K)  :  TYPE  :MODE:   PROD    :   PROD    :   PROD    : RES.VOL.  :    INJ    :    INJ    :    INJ    : RES.VOL.  :
:        :           :        :    :   MSTB    :   MSTB    :   MMSCF   :    MRB    :   MSTB    :   MSTB    :   MMSCF   :    MRB    :
====================================================================================================================================
:FIELD   :           :        :    :    37519.9:        0.0:      215.5:   171527.4:        0.0:        0.0:      243.3:   152946.2:
:G1      :           :        :    :    37519.9:        0.0:      215.5:   171527.4:        0.0:        0.0:      243.3:   152946.2:
:PROD    : 10, 10    :    PROD:ORAT:    37519.9:        0.0:      215.5:   171527.4:        0.0:        0.0:        0.0:        0.0:
:INJ     :  1,  1    :     INJ:GRAT:        0.0:        0.0:        0.0:        0.0:        0.0:        0.0:      243.3:   152946.2:
:--------:-----------:--------:----:-----------:-----------:-----------:-----------:-----------:-----------:-----------:-----------:


Report step 80/120 at day 2433/3650, date = 30-Aug-2021

Starting time step 0, stepsize 30 days, at day 2433/2463, date = 30-Aug-2021

Warning: Keyword 'WELLS' is unhandled for output to restart file.
 Newton its= 3, linearizations= 4 (0.0sec), linear its=  5 (0.0sec)
Restart file written for report step  80/120, date = 30-Aug-2021 00:00:00

                              **************************************************************************
  WELLS    AT      2463  DAYS *                 SPE1 - CASE 1                                          *
  REPORT   81    29 Sep 2021  *                                             Flow  version 2025.10-pre  *
                              **************************************************************************


======================================================= PRODUCTION REPORT =======================================================
:  WELL  : LOCATION  :CTRL:    OIL    :   WATER   :    GAS    :   FLUID   :   WATER   : GAS/OIL  :  WAT/GAS   : BHP OR : THP OR :
:  NAME  :  (I,J,K)  :MODE:   RATE    :   RATE    :   RATE    : RES.VOL.  :    CUT    :  RATIO   :   RATIO    :CON.PR. :BLK.PR. :
:        :           :    :  STB/DAY  :  STB/DAY  : MSCF/DAY  :  RB/DAY   :           : MSCF/STB :  STB/MSCF  :  PSIA  :  PSIA  :
=================================================================================================================================
:FIELD   :           :    :     8578.5:       -0.0:   110701.9:    91597.6:     -0.000:     12.90:      0.0000:        :        :
:G1      :           :    :     8578.5:       -0.0:   110701.9:    91597.6:     -0.000:     12.90:      0.0000:        :        :
:PROD    : 10, 10    :ORAT:     8578.5:       -0.0:   110701.9:    91597.6:     -0.000:     12.90:      0.0000:  1000.0:     0.0:
:--------:-----------:----:-----------:-----------:-----------:-----------:-----------:----------:------------:--------:--------:

============================================= INJECTION REPORT ==============================================
:  WELL  : LOCATION  : CTRL : CTRL : CTRL :    OIL    :   WATER   :    GAS    :   FLUID   : BHP OR : THP OR :
:  NAME  :  (I,J,K)  : MODE : MODE : MODE :   RATE    :   RATE    :   RATE    : RES.VOL.  :CON.PR. :BLK.PR. :
:        :           : OIL  : WAT  : GAS  :  STB/DAY  :  STB/DAY  : MSCF/DAY  :  RB/DAY   :  PSIA  :  PSIA  :
=============================================================================================================
:FIELD   :           :      :      :      :        0.0:        0.0:   100000.0:    77234.7:        :        :
:G1      :           :      :      :      :        0.0:        0.0:   100000.0:    77234.7:        :        :
:INJ     :  1,  1    :      :      :  GRAT:        0.0:        0.0:   100000.0:    77234.7:  4788.3:     0.0:
:--------:-----------:------:------:------:-----------:-----------:-----------:-----------:--------:--------:

============================================== CUMULATIVE PRODUCTION/INJECTION TOTALS ==============================================
:  WELL  : LOCATION  :  WELL  :CTRL:    OIL    :   WATER   :    GAS    :   Prod    :    OIL    :   WATER   :    GAS    :    INJ    :
:  NAME  :  (I,J,K)  :  TYPE  :MODE:   PROD    :   PROD    :   PROD    : RES.VOL.  :    INJ    :    INJ    :    INJ    : RES.VOL.  :
:        :           :        :    :   MSTB    :   MSTB    :   MMSCF   :    MRB    :   MSTB    :   MSTB    :   MMSCF   :    MRB    :
====================================================================================================================================
:FIELD   :           :        :    :    37777.3:        0.0:      218.8:   174275.4:        0.0:        0.0:      246.3:   155263.2:
:G1      :           :        :    :    37777.3:        0.0:      218.8:   174275.4:        0.0:        0.0:      246.3:   155263.2:
:PROD    : 10, 10    :    PROD:ORAT:    37777.3:        0.0:      218.8:   174275.4:        0.0:        0.0:        0.0:        0.0:
:INJ     :  1,  1    :     INJ:GRAT:        0.0:        0.0:        0.0:        0.0:        0.0:        0.0:      246.3:   155263.2:
:--------:-----------:--------:----:-----------:-----------:-----------:-----------:-----------:-----------:-----------:-----------:


Report step 81/120 at day 2463/3650, date = 29-Sep-2021

Starting time step 0, stepsize 31 days, at day 2463/2494, date = 29-Sep-2021

Warning: Keyword 'WELLS' is unhandled for output to restart file.
 Newton its= 3, linearizations= 4 (0.0sec), linear its=  6 (0.0sec)
Restart file written for report step  81/120, date = 29-Sep-2021 00:00:00

                              **************************************************************************
  WELLS    AT      2494  DAYS *                 SPE1 - CASE 1                                          *
  REPORT   82    30 Oct 2021  *                                             Flow  version 2025.10-pre  *
                              **************************************************************************


======================================================= PRODUCTION REPORT =======================================================
:  WELL  : LOCATION  :CTRL:    OIL    :   WATER   :    GAS    :   FLUID   :   WATER   : GAS/OIL  :  WAT/GAS   : BHP OR : THP OR :
:  NAME  :  (I,J,K)  :MODE:   RATE    :   RATE    :   RATE    : RES.VOL.  :    CUT    :  RATIO   :   RATIO    :CON.PR. :BLK.PR. :
:        :           :    :  STB/DAY  :  STB/DAY  : MSCF/DAY  :  RB/DAY   :           : MSCF/STB :  STB/MSCF  :  PSIA  :  PSIA  :
=================================================================================================================================
:FIELD   :           :    :     8475.7:       -0.0:   110754.0:    91896.4:     -0.000:     13.07:      0.0000:        :        :
:G1      :           :    :     8475.7:       -0.0:   110754.0:    91896.4:     -0.000:     13.07:      0.0000:        :        :
:PROD    : 10, 10    :ORAT:     8475.7:       -0.0:   110754.0:    91896.4:     -0.000:     13.07:      0.0000:  1000.0:     0.0:
:--------:-----------:----:-----------:-----------:-----------:-----------:-----------:----------:------------:--------:--------:

============================================= INJECTION REPORT ==============================================
:  WELL  : LOCATION  : CTRL : CTRL : CTRL :    OIL    :   WATER   :    GAS    :   FLUID   : BHP OR : THP OR :
:  NAME  :  (I,J,K)  : MODE : MODE : MODE :   RATE    :   RATE    :   RATE    : RES.VOL.  :CON.PR. :BLK.PR. :
:        :           : OIL  : WAT  : GAS  :  STB/DAY  :  STB/DAY  : MSCF/DAY  :  RB/DAY   :  PSIA  :  PSIA  :
=============================================================================================================
:FIELD   :           :      :      :      :        0.0:        0.0:   100000.0:    77561.3:        :        :
:G1      :           :      :      :      :        0.0:        0.0:   100000.0:    77561.3:        :        :
:INJ     :  1,  1    :      :      :  GRAT:        0.0:        0.0:   100000.0:    77561.3:  4769.2:     0.0:
:--------:-----------:------:------:------:-----------:-----------:-----------:-----------:--------:--------:

============================================== CUMULATIVE PRODUCTION/INJECTION TOTALS ==============================================
:  WELL  : LOCATION  :  WELL  :CTRL:    OIL    :   WATER   :    GAS    :   Prod    :    OIL    :   WATER   :    GAS    :    INJ    :
:  NAME  :  (I,J,K)  :  TYPE  :MODE:   PROD    :   PROD    :   PROD    : RES.VOL.  :    INJ    :    INJ    :    INJ    : RES.VOL.  :
:        :           :        :    :   MSTB    :   MSTB    :   MMSCF   :    MRB    :   MSTB    :   MSTB    :   MMSCF   :    MRB    :
====================================================================================================================================
:FIELD   :           :        :    :    38040.0:        0.0:      222.2:   177124.1:        0.0:        0.0:      249.4:   157667.6:
:G1      :           :        :    :    38040.0:        0.0:      222.2:   177124.1:        0.0:        0.0:      249.4:   157667.6:
:PROD    : 10, 10    :    PROD:ORAT:    38040.0:        0.0:      222.2:   177124.1:        0.0:        0.0:        0.0:        0.0:
:INJ     :  1,  1    :     INJ:GRAT:        0.0:        0.0:        0.0:        0.0:        0.0:        0.0:      249.4:   157667.6:
:--------:-----------:--------:----:-----------:-----------:-----------:-----------:-----------:-----------:-----------:-----------:


Report step 82/120 at day 2494/3650, date = 30-Oct-2021

Starting time step 0, stepsize 30 days, at day 2494/2524, date = 30-Oct-2021

Warning: Keyword 'WELLS' is unhandled for output to restart file.
 Newton its= 2, linearizations= 3 (0.0sec), linear its=  3 (0.0sec)
Restart file written for report step  82/120, date = 30-Oct-2021 00:00:00

                              **************************************************************************
  WELLS    AT      2524  DAYS *                 SPE1 - CASE 1                                          *
  REPORT   83    29 Nov 2021  *                                             Flow  version 2025.10-pre  *
                              **************************************************************************


======================================================= PRODUCTION REPORT =======================================================
:  WELL  : LOCATION  :CTRL:    OIL    :   WATER   :    GAS    :   FLUID   :   WATER   : GAS/OIL  :  WAT/GAS   : BHP OR : THP OR :
:  NAME  :  (I,J,K)  :MODE:   RATE    :   RATE    :   RATE    : RES.VOL.  :    CUT    :  RATIO   :   RATIO    :CON.PR. :BLK.PR. :
:        :           :    :  STB/DAY  :  STB/DAY  : MSCF/DAY  :  RB/DAY   :           : MSCF/STB :  STB/MSCF  :  PSIA  :  PSIA  :
=================================================================================================================================
:FIELD   :           :    :     8369.4:       -0.0:   110855.9:    92239.1:     -0.000:     13.25:      0.0000:        :        :
:G1      :           :    :     8369.4:       -0.0:   110855.9:    92239.1:     -0.000:     13.25:      0.0000:        :        :
:PROD    : 10, 10    :ORAT:     8369.4:       -0.0:   110855.9:    92239.1:     -0.000:     13.25:      0.0000:  1000.0:     0.0:
:--------:-----------:----:-----------:-----------:-----------:-----------:-----------:----------:------------:--------:--------:

============================================= INJECTION REPORT ==============================================
:  WELL  : LOCATION  : CTRL : CTRL : CTRL :    OIL    :   WATER   :    GAS    :   FLUID   : BHP OR : THP OR :
:  NAME  :  (I,J,K)  : MODE : MODE : MODE :   RATE    :   RATE    :   RATE    : RES.VOL.  :CON.PR. :BLK.PR. :
:        :           : OIL  : WAT  : GAS  :  STB/DAY  :  STB/DAY  : MSCF/DAY  :  RB/DAY   :  PSIA  :  PSIA  :
=============================================================================================================
:FIELD   :           :      :      :      :        0.0:        0.0:   100000.0:    77894.0:        :        :
:G1      :           :      :      :      :        0.0:        0.0:   100000.0:    77894.0:        :        :
:INJ     :  1,  1    :      :      :  GRAT:        0.0:        0.0:   100000.0:    77894.0:  4751.2:     0.0:
:--------:-----------:------:------:------:-----------:-----------:-----------:-----------:--------:--------:

============================================== CUMULATIVE PRODUCTION/INJECTION TOTALS ==============================================
:  WELL  : LOCATION  :  WELL  :CTRL:    OIL    :   WATER   :    GAS    :   Prod    :    OIL    :   WATER   :    GAS    :    INJ    :
:  NAME  :  (I,J,K)  :  TYPE  :MODE:   PROD    :   PROD    :   PROD    : RES.VOL.  :    INJ    :    INJ    :    INJ    : RES.VOL.  :
:        :           :        :    :   MSTB    :   MSTB    :   MMSCF   :    MRB    :   MSTB    :   MSTB    :   MMSCF   :    MRB    :
====================================================================================================================================
:FIELD   :           :        :    :    38291.1:        0.0:      225.5:   179891.3:        0.0:        0.0:      252.4:   160004.5:
:G1      :           :        :    :    38291.1:        0.0:      225.5:   179891.3:        0.0:        0.0:      252.4:   160004.5:
:PROD    : 10, 10    :    PROD:ORAT:    38291.1:        0.0:      225.5:   179891.3:        0.0:        0.0:        0.0:        0.0:
:INJ     :  1,  1    :     INJ:GRAT:        0.0:        0.0:        0.0:        0.0:        0.0:        0.0:      252.4:   160004.5:
:--------:-----------:--------:----:-----------:-----------:-----------:-----------:-----------:-----------:-----------:-----------:


Report step 83/120 at day 2524/3650, date = 29-Nov-2021

Starting time step 0, stepsize 31 days, at day 2524/2555, date = 29-Nov-2021

Warning: Keyword 'WELLS' is unhandled for output to restart file.
 Newton its= 3, linearizations= 4 (0.0sec), linear its=  6 (0.0sec)
Restart file written for report step  83/120, date = 29-Nov-2021 00:00:00

                              **************************************************************************
  WELLS    AT      2555  DAYS *                 SPE1 - CASE 1                                          *
  REPORT   84    30 Dec 2021  *                                             Flow  version 2025.10-pre  *
                              **************************************************************************


======================================================= PRODUCTION REPORT =======================================================
:  WELL  : LOCATION  :CTRL:    OIL    :   WATER   :    GAS    :   FLUID   :   WATER   : GAS/OIL  :  WAT/GAS   : BHP OR : THP OR :
:  NAME  :  (I,J,K)  :MODE:   RATE    :   RATE    :   RATE    : RES.VOL.  :    CUT    :  RATIO   :   RATIO    :CON.PR. :BLK.PR. :
:        :           :    :  STB/DAY  :  STB/DAY  : MSCF/DAY  :  RB/DAY   :           : MSCF/STB :  STB/MSCF  :  PSIA  :  PSIA  :
=================================================================================================================================
:FIELD   :           :    :     8259.1:       -0.0:   110929.6:    92544.6:     -0.000:     13.43:      0.0000:        :        :
:G1      :           :    :     8259.1:       -0.0:   110929.6:    92544.6:     -0.000:     13.43:      0.0000:        :        :
:PROD    : 10, 10    :ORAT:     8259.1:       -0.0:   110929.6:    92544.6:     -0.000:     13.43:      0.0000:  1000.0:     0.0:
:--------:-----------:----:-----------:-----------:-----------:-----------:-----------:----------:------------:--------:--------:

============================================= INJECTION REPORT ==============================================
:  WELL  : LOCATION  : CTRL : CTRL : CTRL :    OIL    :   WATER   :    GAS    :   FLUID   : BHP OR : THP OR :
:  NAME  :  (I,J,K)  : MODE : MODE : MODE :   RATE    :   RATE    :   RATE    : RES.VOL.  :CON.PR. :BLK.PR. :
:        :           : OIL  : WAT  : GAS  :  STB/DAY  :  STB/DAY  : MSCF/DAY  :  RB/DAY   :  PSIA  :  PSIA  :
=============================================================================================================
:FIELD   :           :      :      :      :        0.0:        0.0:   100000.0:    78213.0:        :        :
:G1      :           :      :      :      :        0.0:        0.0:   100000.0:    78213.0:        :        :
:INJ     :  1,  1    :      :      :  GRAT:        0.0:        0.0:   100000.0:    78213.0:  4732.8:     0.0:
:--------:-----------:------:------:------:-----------:-----------:-----------:-----------:--------:--------:

============================================== CUMULATIVE PRODUCTION/INJECTION TOTALS ==============================================
:  WELL  : LOCATION  :  WELL  :CTRL:    OIL    :   WATER   :    GAS    :   Prod    :    OIL    :   WATER   :    GAS    :    INJ    :
:  NAME  :  (I,J,K)  :  TYPE  :MODE:   PROD    :   PROD    :   PROD    : RES.VOL.  :    INJ    :    INJ    :    INJ    : RES.VOL.  :
:        :           :        :    :   MSTB    :   MSTB    :   MMSCF   :    MRB    :   MSTB    :   MSTB    :   MMSCF   :    MRB    :
====================================================================================================================================
:FIELD   :           :        :    :    38547.1:        0.0:      229.0:   182760.2:        0.0:        0.0:      255.5:   162429.1:
:G1      :           :        :    :    38547.1:        0.0:      229.0:   182760.2:        0.0:        0.0:      255.5:   162429.1:
:PROD    : 10, 10    :    PROD:ORAT:    38547.1:        0.0:      229.0:   182760.2:        0.0:        0.0:        0.0:        0.0:
:INJ     :  1,  1    :     INJ:GRAT:        0.0:        0.0:        0.0:        0.0:        0.0:        0.0:      255.5:   162429.1:
:--------:-----------:--------:----:-----------:-----------:-----------:-----------:-----------:-----------:-----------:-----------:


Report step 84/120 at day 2555/3650, date = 30-Dec-2021

Starting time step 0, stepsize 31 days, at day 2555/2586, date = 30-Dec-2021

Warning: Keyword 'WELLS' is unhandled for output to restart file.
 Newton its= 3, linearizations= 4 (0.0sec), linear its=  5 (0.0sec)
Restart file written for report step  84/120, date = 30-Dec-2021 00:00:00

                              **************************************************************************
  WELLS    AT      2586  DAYS *                 SPE1 - CASE 1                                          *
  REPORT   85    30 Jan 2022  *                                             Flow  version 2025.10-pre  *
                              **************************************************************************


======================================================= PRODUCTION REPORT =======================================================
:  WELL  : LOCATION  :CTRL:    OIL    :   WATER   :    GAS    :   FLUID   :   WATER   : GAS/OIL  :  WAT/GAS   : BHP OR : THP OR :
:  NAME  :  (I,J,K)  :MODE:   RATE    :   RATE    :   RATE    : RES.VOL.  :    CUT    :  RATIO   :   RATIO    :CON.PR. :BLK.PR. :
:        :           :    :  STB/DAY  :  STB/DAY  : MSCF/DAY  :  RB/DAY   :           : MSCF/STB :  STB/MSCF  :  PSIA  :  PSIA  :
=================================================================================================================================
:FIELD   :           :    :     8153.7:       -0.0:   111032.6:    92887.1:     -0.000:     13.62:      0.0000:        :        :
:G1      :           :    :     8153.7:       -0.0:   111032.6:    92887.1:     -0.000:     13.62:      0.0000:        :        :
:PROD    : 10, 10    :ORAT:     8153.7:       -0.0:   111032.6:    92887.1:     -0.000:     13.62:      0.0000:  1000.0:     0.0:
:--------:-----------:----:-----------:-----------:-----------:-----------:-----------:----------:------------:--------:--------:

============================================= INJECTION REPORT ==============================================
:  WELL  : LOCATION  : CTRL : CTRL : CTRL :    OIL    :   WATER   :    GAS    :   FLUID   : BHP OR : THP OR :
:  NAME  :  (I,J,K)  : MODE : MODE : MODE :   RATE    :   RATE    :   RATE    : RES.VOL.  :CON.PR. :BLK.PR. :
:        :           : OIL  : WAT  : GAS  :  STB/DAY  :  STB/DAY  : MSCF/DAY  :  RB/DAY   :  PSIA  :  PSIA  :
=============================================================================================================
:FIELD   :           :      :      :      :        0.0:        0.0:   100000.0:    78541.1:        :        :
:G1      :           :      :      :      :        0.0:        0.0:   100000.0:    78541.1:        :        :
:INJ     :  1,  1    :      :      :  GRAT:        0.0:        0.0:   100000.0:    78541.1:  4714.9:     0.0:
:--------:-----------:------:------:------:-----------:-----------:-----------:-----------:--------:--------:

============================================== CUMULATIVE PRODUCTION/INJECTION TOTALS ==============================================
:  WELL  : LOCATION  :  WELL  :CTRL:    OIL    :   WATER   :    GAS    :   Prod    :    OIL    :   WATER   :    GAS    :    INJ    :
:  NAME  :  (I,J,K)  :  TYPE  :MODE:   PROD    :   PROD    :   PROD    : RES.VOL.  :    INJ    :    INJ    :    INJ    : RES.VOL.  :
:        :           :        :    :   MSTB    :   MSTB    :   MMSCF   :    MRB    :   MSTB    :   MSTB    :   MMSCF   :    MRB    :
====================================================================================================================================
:FIELD   :           :        :    :    38799.9:        0.0:      232.4:   185639.7:        0.0:        0.0:      258.6:   164863.8:
:G1      :           :        :    :    38799.9:        0.0:      232.4:   185639.7:        0.0:        0.0:      258.6:   164863.8:
:PROD    : 10, 10    :    PROD:ORAT:    38799.9:        0.0:      232.4:   185639.7:        0.0:        0.0:        0.0:        0.0:
:INJ     :  1,  1    :     INJ:GRAT:        0.0:        0.0:        0.0:        0.0:        0.0:        0.0:      258.6:   164863.8:
:--------:-----------:--------:----:-----------:-----------:-----------:-----------:-----------:-----------:-----------:-----------:


Report step 85/120 at day 2586/3650, date = 30-Jan-2022

Starting time step 0, stepsize 28 days, at day 2586/2614, date = 30-Jan-2022

Warning: Keyword 'WELLS' is unhandled for output to restart file.
 Newton its= 3, linearizations= 4 (0.0sec), linear its=  5 (0.0sec)
Restart file written for report step  85/120, date = 30-Jan-2022 00:00:00

                              **************************************************************************
  WELLS    AT      2614  DAYS *                 SPE1 - CASE 1                                          *
  REPORT   86    27 Feb 2022  *                                             Flow  version 2025.10-pre  *
                              **************************************************************************


======================================================= PRODUCTION REPORT =======================================================
:  WELL  : LOCATION  :CTRL:    OIL    :   WATER   :    GAS    :   FLUID   :   WATER   : GAS/OIL  :  WAT/GAS   : BHP OR : THP OR :
:  NAME  :  (I,J,K)  :MODE:   RATE    :   RATE    :   RATE    : RES.VOL.  :    CUT    :  RATIO   :   RATIO    :CON.PR. :BLK.PR. :
:        :           :    :  STB/DAY  :  STB/DAY  : MSCF/DAY  :  RB/DAY   :           : MSCF/STB :  STB/MSCF  :  PSIA  :  PSIA  :
=================================================================================================================================
:FIELD   :           :    :     8060.0:       -0.0:   111158.2:    93251.8:     -0.000:     13.79:      0.0000:        :        :
:G1      :           :    :     8060.0:       -0.0:   111158.2:    93251.8:     -0.000:     13.79:      0.0000:        :        :
:PROD    : 10, 10    :ORAT:     8060.0:       -0.0:   111158.2:    93251.8:     -0.000:     13.79:      0.0000:  1000.0:     0.0:
:--------:-----------:----:-----------:-----------:-----------:-----------:-----------:----------:------------:--------:--------:

============================================= INJECTION REPORT ==============================================
:  WELL  : LOCATION  : CTRL : CTRL : CTRL :    OIL    :   WATER   :    GAS    :   FLUID   : BHP OR : THP OR :
:  NAME  :  (I,J,K)  : MODE : MODE : MODE :   RATE    :   RATE    :   RATE    : RES.VOL.  :CON.PR. :BLK.PR. :
:        :           : OIL  : WAT  : GAS  :  STB/DAY  :  STB/DAY  : MSCF/DAY  :  RB/DAY   :  PSIA  :  PSIA  :
=============================================================================================================
:FIELD   :           :      :      :      :        0.0:        0.0:   100000.0:    78864.0:        :        :
:G1      :           :      :      :      :        0.0:        0.0:   100000.0:    78864.0:        :        :
:INJ     :  1,  1    :      :      :  GRAT:        0.0:        0.0:   100000.0:    78864.0:  4699.1:     0.0:
:--------:-----------:------:------:------:-----------:-----------:-----------:-----------:--------:--------:

============================================== CUMULATIVE PRODUCTION/INJECTION TOTALS ==============================================
:  WELL  : LOCATION  :  WELL  :CTRL:    OIL    :   WATER   :    GAS    :   Prod    :    OIL    :   WATER   :    GAS    :    INJ    :
:  NAME  :  (I,J,K)  :  TYPE  :MODE:   PROD    :   PROD    :   PROD    : RES.VOL.  :    INJ    :    INJ    :    INJ    : RES.VOL.  :
:        :           :        :    :   MSTB    :   MSTB    :   MMSCF   :    MRB    :   MSTB    :   MSTB    :   MMSCF   :    MRB    :
====================================================================================================================================
:FIELD   :           :        :    :    39025.6:        0.0:      235.5:   188250.8:        0.0:        0.0:      261.4:   167072.0:
:G1      :           :        :    :    39025.6:        0.0:      235.5:   188250.8:        0.0:        0.0:      261.4:   167072.0:
:PROD    : 10, 10    :    PROD:ORAT:    39025.6:        0.0:      235.5:   188250.8:        0.0:        0.0:        0.0:        0.0:
:INJ     :  1,  1    :     INJ:GRAT:        0.0:        0.0:        0.0:        0.0:        0.0:        0.0:      261.4:   167072.0:
:--------:-----------:--------:----:-----------:-----------:-----------:-----------:-----------:-----------:-----------:-----------:


Report step 86/120 at day 2614/3650, date = 27-Feb-2022

Starting time step 0, stepsize 31 days, at day 2614/2645, date = 27-Feb-2022

Warning: Keyword 'WELLS' is unhandled for output to restart file.
 Newton its= 3, linearizations= 4 (0.0sec), linear its=  4 (0.0sec)
Restart file written for report step  86/120, date = 27-Feb-2022 00:00:00

                              **************************************************************************
  WELLS    AT      2645  DAYS *                 SPE1 - CASE 1                                          *
  REPORT   87    30 Mar 2022  *                                             Flow  version 2025.10-pre  *
                              **************************************************************************


======================================================= PRODUCTION REPORT =======================================================
:  WELL  : LOCATION  :CTRL:    OIL    :   WATER   :    GAS    :   FLUID   :   WATER   : GAS/OIL  :  WAT/GAS   : BHP OR : THP OR :
:  NAME  :  (I,J,K)  :MODE:   RATE    :   RATE    :   RATE    : RES.VOL.  :    CUT    :  RATIO   :   RATIO    :CON.PR. :BLK.PR. :
:        :           :    :  STB/DAY  :  STB/DAY  : MSCF/DAY  :  RB/DAY   :           : MSCF/STB :  STB/MSCF  :  PSIA  :  PSIA  :
=================================================================================================================================
:FIELD   :           :    :     7955.4:       -0.0:   111287.2:    93575.6:     -0.000:     13.99:      0.0000:        :        :
:G1      :           :    :     7955.4:       -0.0:   111287.2:    93575.6:     -0.000:     13.99:      0.0000:        :        :
:PROD    : 10, 10    :ORAT:     7955.4:       -0.0:   111287.2:    93575.6:     -0.000:     13.99:      0.0000:  1000.0:     0.0:
:--------:-----------:----:-----------:-----------:-----------:-----------:-----------:----------:------------:--------:--------:

============================================= INJECTION REPORT ==============================================
:  WELL  : LOCATION  : CTRL : CTRL : CTRL :    OIL    :   WATER   :    GAS    :   FLUID   : BHP OR : THP OR :
:  NAME  :  (I,J,K)  : MODE : MODE : MODE :   RATE    :   RATE    :   RATE    : RES.VOL.  :CON.PR. :BLK.PR. :
:        :           : OIL  : WAT  : GAS  :  STB/DAY  :  STB/DAY  : MSCF/DAY  :  RB/DAY   :  PSIA  :  PSIA  :
=============================================================================================================
:FIELD   :           :      :      :      :        0.0:        0.0:   100000.0:    79150.2:        :        :
:G1      :           :      :      :      :        0.0:        0.0:   100000.0:    79150.2:        :        :
:INJ     :  1,  1    :      :      :  GRAT:        0.0:        0.0:   100000.0:    79150.2:  4682.0:     0.0:
:--------:-----------:------:------:------:-----------:-----------:-----------:-----------:--------:--------:

============================================== CUMULATIVE PRODUCTION/INJECTION TOTALS ==============================================
:  WELL  : LOCATION  :  WELL  :CTRL:    OIL    :   WATER   :    GAS    :   Prod    :    OIL    :   WATER   :    GAS    :    INJ    :
:  NAME  :  (I,J,K)  :  TYPE  :MODE:   PROD    :   PROD    :   PROD    : RES.VOL.  :    INJ    :    INJ    :    INJ    : RES.VOL.  :
:        :           :        :    :   MSTB    :   MSTB    :   MMSCF   :    MRB    :   MSTB    :   MSTB    :   MMSCF   :    MRB    :
====================================================================================================================================
:FIELD   :           :        :    :    39272.2:        0.0:      239.0:   191151.6:        0.0:        0.0:      264.5:   169525.7:
:G1      :           :        :    :    39272.2:        0.0:      239.0:   191151.6:        0.0:        0.0:      264.5:   169525.7:
:PROD    : 10, 10    :    PROD:ORAT:    39272.2:        0.0:      239.0:   191151.6:        0.0:        0.0:        0.0:        0.0:
:INJ     :  1,  1    :     INJ:GRAT:        0.0:        0.0:        0.0:        0.0:        0.0:        0.0:      264.5:   169525.7:
:--------:-----------:--------:----:-----------:-----------:-----------:-----------:-----------:-----------:-----------:-----------:


Report step 87/120 at day 2645/3650, date = 30-Mar-2022

Starting time step 0, stepsize 30 days, at day 2645/2675, date = 30-Mar-2022

Warning: Keyword 'WELLS' is unhandled for output to restart file.
 Newton its= 4, linearizations= 5 (0.0sec), linear its=  6 (0.0sec)
Restart file written for report step  87/120, date = 30-Mar-2022 00:00:00

                              **************************************************************************
  WELLS    AT      2675  DAYS *                 SPE1 - CASE 1                                          *
  REPORT   88    29 Apr 2022  *                                             Flow  version 2025.10-pre  *
                              **************************************************************************


======================================================= PRODUCTION REPORT =======================================================
:  WELL  : LOCATION  :CTRL:    OIL    :   WATER   :    GAS    :   FLUID   :   WATER   : GAS/OIL  :  WAT/GAS   : BHP OR : THP OR :
:  NAME  :  (I,J,K)  :MODE:   RATE    :   RATE    :   RATE    : RES.VOL.  :    CUT    :  RATIO   :   RATIO    :CON.PR. :BLK.PR. :
:        :           :    :  STB/DAY  :  STB/DAY  : MSCF/DAY  :  RB/DAY   :           : MSCF/STB :  STB/MSCF  :  PSIA  :  PSIA  :
=================================================================================================================================
:FIELD   :           :    :     7844.4:       -0.0:   111528.9:    94013.6:     -0.000:     14.22:      0.0000:        :        :
:G1      :           :    :     7844.4:       -0.0:   111528.9:    94013.6:     -0.000:     14.22:      0.0000:        :        :
:PROD    : 10, 10    :ORAT:     7844.4:       -0.0:   111528.9:    94013.6:     -0.000:     14.22:      0.0000:  1000.0:     0.0:
:--------:-----------:----:-----------:-----------:-----------:-----------:-----------:----------:------------:--------:--------:

============================================= INJECTION REPORT ==============================================
:  WELL  : LOCATION  : CTRL : CTRL : CTRL :    OIL    :   WATER   :    GAS    :   FLUID   : BHP OR : THP OR :
:  NAME  :  (I,J,K)  : MODE : MODE : MODE :   RATE    :   RATE    :   RATE    : RES.VOL.  :CON.PR. :BLK.PR. :
:        :           : OIL  : WAT  : GAS  :  STB/DAY  :  STB/DAY  : MSCF/DAY  :  RB/DAY   :  PSIA  :  PSIA  :
=============================================================================================================
:FIELD   :           :      :      :      :        0.0:        0.0:   100000.0:    79462.9:        :        :
:G1      :           :      :      :      :        0.0:        0.0:   100000.0:    79462.9:        :        :
:INJ     :  1,  1    :      :      :  GRAT:        0.0:        0.0:   100000.0:    79462.9:  4665.8:     0.0:
:--------:-----------:------:------:------:-----------:-----------:-----------:-----------:--------:--------:

============================================== CUMULATIVE PRODUCTION/INJECTION TOTALS ==============================================
:  WELL  : LOCATION  :  WELL  :CTRL:    OIL    :   WATER   :    GAS    :   Prod    :    OIL    :   WATER   :    GAS    :    INJ    :
:  NAME  :  (I,J,K)  :  TYPE  :MODE:   PROD    :   PROD    :   PROD    : RES.VOL.  :    INJ    :    INJ    :    INJ    : RES.VOL.  :
:        :           :        :    :   MSTB    :   MSTB    :   MMSCF   :    MRB    :   MSTB    :   MSTB    :   MMSCF   :    MRB    :
====================================================================================================================================
:FIELD   :           :        :    :    39507.5:        0.0:      242.3:   193972.0:        0.0:        0.0:      267.5:   171909.6:
:G1      :           :        :    :    39507.5:        0.0:      242.3:   193972.0:        0.0:        0.0:      267.5:   171909.6:
:PROD    : 10, 10    :    PROD:ORAT:    39507.5:        0.0:      242.3:   193972.0:        0.0:        0.0:        0.0:        0.0:
:INJ     :  1,  1    :     INJ:GRAT:        0.0:        0.0:        0.0:        0.0:        0.0:        0.0:      267.5:   171909.6:
:--------:-----------:--------:----:-----------:-----------:-----------:-----------:-----------:-----------:-----------:-----------:


Report step 88/120 at day 2675/3650, date = 29-Apr-2022

Starting time step 0, stepsize 31 days, at day 2675/2706, date = 29-Apr-2022

Warning: Keyword 'WELLS' is unhandled for output to restart file.
 Newton its= 3, linearizations= 4 (0.0sec), linear its=  6 (0.0sec)
Restart file written for report step  88/120, date = 29-Apr-2022 00:00:00

                              **************************************************************************
  WELLS    AT      2706  DAYS *                 SPE1 - CASE 1                                          *
  REPORT   89    30 May 2022  *                                             Flow  version 2025.10-pre  *
                              **************************************************************************


======================================================= PRODUCTION REPORT =======================================================
:  WELL  : LOCATION  :CTRL:    OIL    :   WATER   :    GAS    :   FLUID   :   WATER   : GAS/OIL  :  WAT/GAS   : BHP OR : THP OR :
:  NAME  :  (I,J,K)  :MODE:   RATE    :   RATE    :   RATE    : RES.VOL.  :    CUT    :  RATIO   :   RATIO    :CON.PR. :BLK.PR. :
:        :           :    :  STB/DAY  :  STB/DAY  : MSCF/DAY  :  RB/DAY   :           : MSCF/STB :  STB/MSCF  :  PSIA  :  PSIA  :
=================================================================================================================================
:FIELD   :           :    :     7733.1:       -0.0:   111748.8:    94422.8:     -0.000:     14.45:      0.0000:        :        :
:G1      :           :    :     7733.1:       -0.0:   111748.8:    94422.8:     -0.000:     14.45:      0.0000:        :        :
:PROD    : 10, 10    :ORAT:     7733.1:       -0.0:   111748.8:    94422.8:     -0.000:     14.45:      0.0000:  1000.0:     0.0:
:--------:-----------:----:-----------:-----------:-----------:-----------:-----------:----------:------------:--------:--------:

============================================= INJECTION REPORT ==============================================
:  WELL  : LOCATION  : CTRL : CTRL : CTRL :    OIL    :   WATER   :    GAS    :   FLUID   : BHP OR : THP OR :
:  NAME  :  (I,J,K)  : MODE : MODE : MODE :   RATE    :   RATE    :   RATE    : RES.VOL.  :CON.PR. :BLK.PR. :
:        :           : OIL  : WAT  : GAS  :  STB/DAY  :  STB/DAY  : MSCF/DAY  :  RB/DAY   :  PSIA  :  PSIA  :
=============================================================================================================
:FIELD   :           :      :      :      :        0.0:        0.0:   100000.0:    79762.4:        :        :
:G1      :           :      :      :      :        0.0:        0.0:   100000.0:    79762.4:        :        :
:INJ     :  1,  1    :      :      :  GRAT:        0.0:        0.0:   100000.0:    79762.4:  4649.5:     0.0:
:--------:-----------:------:------:------:-----------:-----------:-----------:-----------:--------:--------:

============================================== CUMULATIVE PRODUCTION/INJECTION TOTALS ==============================================
:  WELL  : LOCATION  :  WELL  :CTRL:    OIL    :   WATER   :    GAS    :   Prod    :    OIL    :   WATER   :    GAS    :    INJ    :
:  NAME  :  (I,J,K)  :  TYPE  :MODE:   PROD    :   PROD    :   PROD    : RES.VOL.  :    INJ    :    INJ    :    INJ    : RES.VOL.  :
:        :           :        :    :   MSTB    :   MSTB    :   MMSCF   :    MRB    :   MSTB    :   MSTB    :   MMSCF   :    MRB    :
====================================================================================================================================
:FIELD   :           :        :    :    39747.3:        0.0:      245.8:   196899.1:        0.0:        0.0:      270.6:   174382.2:
:G1      :           :        :    :    39747.3:        0.0:      245.8:   196899.1:        0.0:        0.0:      270.6:   174382.2:
:PROD    : 10, 10    :    PROD:ORAT:    39747.3:        0.0:      245.8:   196899.1:        0.0:        0.0:        0.0:        0.0:
:INJ     :  1,  1    :     INJ:GRAT:        0.0:        0.0:        0.0:        0.0:        0.0:        0.0:      270.6:   174382.2:
:--------:-----------:--------:----:-----------:-----------:-----------:-----------:-----------:-----------:-----------:-----------:


Report step 89/120 at day 2706/3650, date = 30-May-2022

Starting time step 0, stepsize 30 days, at day 2706/2736, date = 30-May-2022

Warning: Keyword 'WELLS' is unhandled for output to restart file.
 Newton its= 3, linearizations= 4 (0.0sec), linear its=  5 (0.0sec)
Restart file written for report step  89/120, date = 30-May-2022 00:00:00

                              **************************************************************************
  WELLS    AT      2736  DAYS *                 SPE1 - CASE 1                                          *
  REPORT   90    29 Jun 2022  *                                             Flow  version 2025.10-pre  *
                              **************************************************************************


======================================================= PRODUCTION REPORT =======================================================
:  WELL  : LOCATION  :CTRL:    OIL    :   WATER   :    GAS    :   FLUID   :   WATER   : GAS/OIL  :  WAT/GAS   : BHP OR : THP OR :
:  NAME  :  (I,J,K)  :MODE:   RATE    :   RATE    :   RATE    : RES.VOL.  :    CUT    :  RATIO   :   RATIO    :CON.PR. :BLK.PR. :
:        :           :    :  STB/DAY  :  STB/DAY  : MSCF/DAY  :  RB/DAY   :           : MSCF/STB :  STB/MSCF  :  PSIA  :  PSIA  :
=================================================================================================================================
:FIELD   :           :    :     7633.2:       -0.0:   111916.2:    94805.6:     -0.000:     14.66:      0.0000:        :        :
:G1      :           :    :     7633.2:       -0.0:   111916.2:    94805.6:     -0.000:     14.66:      0.0000:        :        :
:PROD    : 10, 10    :ORAT:     7633.2:       -0.0:   111916.2:    94805.6:     -0.000:     14.66:      0.0000:  1000.0:     0.0:
:--------:-----------:----:-----------:-----------:-----------:-----------:-----------:----------:------------:--------:--------:

============================================= INJECTION REPORT ==============================================
:  WELL  : LOCATION  : CTRL : CTRL : CTRL :    OIL    :   WATER   :    GAS    :   FLUID   : BHP OR : THP OR :
:  NAME  :  (I,J,K)  : MODE : MODE : MODE :   RATE    :   RATE    :   RATE    : RES.VOL.  :CON.PR. :BLK.PR. :
:        :           : OIL  : WAT  : GAS  :  STB/DAY  :  STB/DAY  : MSCF/DAY  :  RB/DAY   :  PSIA  :  PSIA  :
=============================================================================================================
:FIELD   :           :      :      :      :        0.0:        0.0:   100000.0:    80067.3:        :        :
:G1      :           :      :      :      :        0.0:        0.0:   100000.0:    80067.3:        :        :
:INJ     :  1,  1    :      :      :  GRAT:        0.0:        0.0:   100000.0:    80067.3:  4634.1:     0.0:
:--------:-----------:------:------:------:-----------:-----------:-----------:-----------:--------:--------:

============================================== CUMULATIVE PRODUCTION/INJECTION TOTALS ==============================================
:  WELL  : LOCATION  :  WELL  :CTRL:    OIL    :   WATER   :    GAS    :   Prod    :    OIL    :   WATER   :    GAS    :    INJ    :
:  NAME  :  (I,J,K)  :  TYPE  :MODE:   PROD    :   PROD    :   PROD    : RES.VOL.  :    INJ    :    INJ    :    INJ    : RES.VOL.  :
:        :           :        :    :   MSTB    :   MSTB    :   MMSCF   :    MRB    :   MSTB    :   MSTB    :   MMSCF   :    MRB    :
====================================================================================================================================
:FIELD   :           :        :    :    39976.3:        0.0:      249.1:   199743.3:        0.0:        0.0:      273.6:   176784.2:
:G1      :           :        :    :    39976.3:        0.0:      249.1:   199743.3:        0.0:        0.0:      273.6:   176784.2:
:PROD    : 10, 10    :    PROD:ORAT:    39976.3:        0.0:      249.1:   199743.3:        0.0:        0.0:        0.0:        0.0:
:INJ     :  1,  1    :     INJ:GRAT:        0.0:        0.0:        0.0:        0.0:        0.0:        0.0:      273.6:   176784.2:
:--------:-----------:--------:----:-----------:-----------:-----------:-----------:-----------:-----------:-----------:-----------:


Report step 90/120 at day 2736/3650, date = 29-Jun-2022

Starting time step 0, stepsize 31 days, at day 2736/2767, date = 29-Jun-2022

Warning: Keyword 'WELLS' is unhandled for output to restart file.
 Newton its= 3, linearizations= 4 (0.0sec), linear its=  4 (0.0sec)
Restart file written for report step  90/120, date = 29-Jun-2022 00:00:00

                              **************************************************************************
  WELLS    AT      2767  DAYS *                 SPE1 - CASE 1                                          *
  REPORT   91    30 Jul 2022  *                                             Flow  version 2025.10-pre  *
                              **************************************************************************


======================================================= PRODUCTION REPORT =======================================================
:  WELL  : LOCATION  :CTRL:    OIL    :   WATER   :    GAS    :   FLUID   :   WATER   : GAS/OIL  :  WAT/GAS   : BHP OR : THP OR :
:  NAME  :  (I,J,K)  :MODE:   RATE    :   RATE    :   RATE    : RES.VOL.  :    CUT    :  RATIO   :   RATIO    :CON.PR. :BLK.PR. :
:        :           :    :  STB/DAY  :  STB/DAY  : MSCF/DAY  :  RB/DAY   :           : MSCF/STB :  STB/MSCF  :  PSIA  :  PSIA  :
=================================================================================================================================
:FIELD   :           :    :     7536.8:       -0.0:   112085.6:    95177.9:     -0.000:     14.87:      0.0000:        :        :
:G1      :           :    :     7536.8:       -0.0:   112085.6:    95177.9:     -0.000:     14.87:      0.0000:        :        :
:PROD    : 10, 10    :ORAT:     7536.8:       -0.0:   112085.6:    95177.9:     -0.000:     14.87:      0.0000:  1000.0:     0.0:
:--------:-----------:----:-----------:-----------:-----------:-----------:-----------:----------:------------:--------:--------:

============================================= INJECTION REPORT ==============================================
:  WELL  : LOCATION  : CTRL : CTRL : CTRL :    OIL    :   WATER   :    GAS    :   FLUID   : BHP OR : THP OR :
:  NAME  :  (I,J,K)  : MODE : MODE : MODE :   RATE    :   RATE    :   RATE    : RES.VOL.  :CON.PR. :BLK.PR. :
:        :           : OIL  : WAT  : GAS  :  STB/DAY  :  STB/DAY  : MSCF/DAY  :  RB/DAY   :  PSIA  :  PSIA  :
=============================================================================================================
:FIELD   :           :      :      :      :        0.0:        0.0:   100000.0:    80356.4:        :        :
:G1      :           :      :      :      :        0.0:        0.0:   100000.0:    80356.4:        :        :
:INJ     :  1,  1    :      :      :  GRAT:        0.0:        0.0:   100000.0:    80356.4:  4618.6:     0.0:
:--------:-----------:------:------:------:-----------:-----------:-----------:-----------:--------:--------:

============================================== CUMULATIVE PRODUCTION/INJECTION TOTALS ==============================================
:  WELL  : LOCATION  :  WELL  :CTRL:    OIL    :   WATER   :    GAS    :   Prod    :    OIL    :   WATER   :    GAS    :    INJ    :
:  NAME  :  (I,J,K)  :  TYPE  :MODE:   PROD    :   PROD    :   PROD    : RES.VOL.  :    INJ    :    INJ    :    INJ    : RES.VOL.  :
:        :           :        :    :   MSTB    :   MSTB    :   MMSCF   :    MRB    :   MSTB    :   MSTB    :   MMSCF   :    MRB    :
====================================================================================================================================
:FIELD   :           :        :    :    40209.9:        0.0:      252.6:   202693.8:        0.0:        0.0:      276.7:   179275.3:
:G1      :           :        :    :    40209.9:        0.0:      252.6:   202693.8:        0.0:        0.0:      276.7:   179275.3:
:PROD    : 10, 10    :    PROD:ORAT:    40209.9:        0.0:      252.6:   202693.8:        0.0:        0.0:        0.0:        0.0:
:INJ     :  1,  1    :     INJ:GRAT:        0.0:        0.0:        0.0:        0.0:        0.0:        0.0:      276.7:   179275.3:
:--------:-----------:--------:----:-----------:-----------:-----------:-----------:-----------:-----------:-----------:-----------:


Report step 91/120 at day 2767/3650, date = 30-Jul-2022

Starting time step 0, stepsize 31 days, at day 2767/2798, date = 30-Jul-2022

Warning: Keyword 'WELLS' is unhandled for output to restart file.
 Newton its= 3, linearizations= 4 (0.0sec), linear its=  4 (0.0sec)
Restart file written for report step  91/120, date = 30-Jul-2022 00:00:00

                              **************************************************************************
  WELLS    AT      2798  DAYS *                 SPE1 - CASE 1                                          *
  REPORT   92    30 Aug 2022  *                                             Flow  version 2025.10-pre  *
                              **************************************************************************


======================================================= PRODUCTION REPORT =======================================================
:  WELL  : LOCATION  :CTRL:    OIL    :   WATER   :    GAS    :   FLUID   :   WATER   : GAS/OIL  :  WAT/GAS   : BHP OR : THP OR :
:  NAME  :  (I,J,K)  :MODE:   RATE    :   RATE    :   RATE    : RES.VOL.  :    CUT    :  RATIO   :   RATIO    :CON.PR. :BLK.PR. :
:        :           :    :  STB/DAY  :  STB/DAY  : MSCF/DAY  :  RB/DAY   :           : MSCF/STB :  STB/MSCF  :  PSIA  :  PSIA  :
=================================================================================================================================
:FIELD   :           :    :     7443.9:       -0.0:   112275.8:    95575.0:     -0.000:     15.08:      0.0000:        :        :
:G1      :           :    :     7443.9:       -0.0:   112275.8:    95575.0:     -0.000:     15.08:      0.0000:        :        :
:PROD    : 10, 10    :ORAT:     7443.9:       -0.0:   112275.8:    95575.0:     -0.000:     15.08:      0.0000:  1000.0:     0.0:
:--------:-----------:----:-----------:-----------:-----------:-----------:-----------:----------:------------:--------:--------:

============================================= INJECTION REPORT ==============================================
:  WELL  : LOCATION  : CTRL : CTRL : CTRL :    OIL    :   WATER   :    GAS    :   FLUID   : BHP OR : THP OR :
:  NAME  :  (I,J,K)  : MODE : MODE : MODE :   RATE    :   RATE    :   RATE    : RES.VOL.  :CON.PR. :BLK.PR. :
:        :           : OIL  : WAT  : GAS  :  STB/DAY  :  STB/DAY  : MSCF/DAY  :  RB/DAY   :  PSIA  :  PSIA  :
=============================================================================================================
:FIELD   :           :      :      :      :        0.0:        0.0:   100000.0:    80649.1:        :        :
:G1      :           :      :      :      :        0.0:        0.0:   100000.0:    80649.1:        :        :
:INJ     :  1,  1    :      :      :  GRAT:        0.0:        0.0:   100000.0:    80649.1:  4603.6:     0.0:
:--------:-----------:------:------:------:-----------:-----------:-----------:-----------:--------:--------:

============================================== CUMULATIVE PRODUCTION/INJECTION TOTALS ==============================================
:  WELL  : LOCATION  :  WELL  :CTRL:    OIL    :   WATER   :    GAS    :   Prod    :    OIL    :   WATER   :    GAS    :    INJ    :
:  NAME  :  (I,J,K)  :  TYPE  :MODE:   PROD    :   PROD    :   PROD    : RES.VOL.  :    INJ    :    INJ    :    INJ    : RES.VOL.  :
:        :           :        :    :   MSTB    :   MSTB    :   MMSCF   :    MRB    :   MSTB    :   MSTB    :   MMSCF   :    MRB    :
====================================================================================================================================
:FIELD   :           :        :    :    40440.7:        0.0:      256.1:   205656.6:        0.0:        0.0:      279.8:   181775.4:
:G1      :           :        :    :    40440.7:        0.0:      256.1:   205656.6:        0.0:        0.0:      279.8:   181775.4:
:PROD    : 10, 10    :    PROD:ORAT:    40440.7:        0.0:      256.1:   205656.6:        0.0:        0.0:        0.0:        0.0:
:INJ     :  1,  1    :     INJ:GRAT:        0.0:        0.0:        0.0:        0.0:        0.0:        0.0:      279.8:   181775.4:
:--------:-----------:--------:----:-----------:-----------:-----------:-----------:-----------:-----------:-----------:-----------:


Report step 92/120 at day 2798/3650, date = 30-Aug-2022

Starting time step 0, stepsize 30 days, at day 2798/2828, date = 30-Aug-2022

Warning: Keyword 'WELLS' is unhandled for output to restart file.
 Newton its= 3, linearizations= 4 (0.0sec), linear its=  5 (0.0sec)
Restart file written for report step  92/120, date = 30-Aug-2022 00:00:00

                              **************************************************************************
  WELLS    AT      2828  DAYS *                 SPE1 - CASE 1                                          *
  REPORT   93    29 Sep 2022  *                                             Flow  version 2025.10-pre  *
                              **************************************************************************


======================================================= PRODUCTION REPORT =======================================================
:  WELL  : LOCATION  :CTRL:    OIL    :   WATER   :    GAS    :   FLUID   :   WATER   : GAS/OIL  :  WAT/GAS   : BHP OR : THP OR :
:  NAME  :  (I,J,K)  :MODE:   RATE    :   RATE    :   RATE    : RES.VOL.  :    CUT    :  RATIO   :   RATIO    :CON.PR. :BLK.PR. :
:        :           :    :  STB/DAY  :  STB/DAY  : MSCF/DAY  :  RB/DAY   :           : MSCF/STB :  STB/MSCF  :  PSIA  :  PSIA  :
=================================================================================================================================
:FIELD   :           :    :     7354.9:       -0.0:   112470.6:    95973.9:     -0.000:     15.29:      0.0000:        :        :
:G1      :           :    :     7354.9:       -0.0:   112470.6:    95973.9:     -0.000:     15.29:      0.0000:        :        :
:PROD    : 10, 10    :ORAT:     7354.9:       -0.0:   112470.6:    95973.9:     -0.000:     15.29:      0.0000:  1000.0:     0.0:
:--------:-----------:----:-----------:-----------:-----------:-----------:-----------:----------:------------:--------:--------:

============================================= INJECTION REPORT ==============================================
:  WELL  : LOCATION  : CTRL : CTRL : CTRL :    OIL    :   WATER   :    GAS    :   FLUID   : BHP OR : THP OR :
:  NAME  :  (I,J,K)  : MODE : MODE : MODE :   RATE    :   RATE    :   RATE    : RES.VOL.  :CON.PR. :BLK.PR. :
:        :           : OIL  : WAT  : GAS  :  STB/DAY  :  STB/DAY  : MSCF/DAY  :  RB/DAY   :  PSIA  :  PSIA  :
=============================================================================================================
:FIELD   :           :      :      :      :        0.0:        0.0:   100000.0:    80935.6:        :        :
:G1      :           :      :      :      :        0.0:        0.0:   100000.0:    80935.6:        :        :
:INJ     :  1,  1    :      :      :  GRAT:        0.0:        0.0:   100000.0:    80935.6:  4589.5:     0.0:
:--------:-----------:------:------:------:-----------:-----------:-----------:-----------:--------:--------:

============================================== CUMULATIVE PRODUCTION/INJECTION TOTALS ==============================================
:  WELL  : LOCATION  :  WELL  :CTRL:    OIL    :   WATER   :    GAS    :   Prod    :    OIL    :   WATER   :    GAS    :    INJ    :
:  NAME  :  (I,J,K)  :  TYPE  :MODE:   PROD    :   PROD    :   PROD    : RES.VOL.  :    INJ    :    INJ    :    INJ    : RES.VOL.  :
:        :           :        :    :   MSTB    :   MSTB    :   MMSCF   :    MRB    :   MSTB    :   MSTB    :   MMSCF   :    MRB    :
====================================================================================================================================
:FIELD   :           :        :    :    40661.3:        0.0:      259.5:   208535.8:        0.0:        0.0:      282.8:   184203.5:
:G1      :           :        :    :    40661.3:        0.0:      259.5:   208535.8:        0.0:        0.0:      282.8:   184203.5:
:PROD    : 10, 10    :    PROD:ORAT:    40661.3:        0.0:      259.5:   208535.8:        0.0:        0.0:        0.0:        0.0:
:INJ     :  1,  1    :     INJ:GRAT:        0.0:        0.0:        0.0:        0.0:        0.0:        0.0:      282.8:   184203.5:
:--------:-----------:--------:----:-----------:-----------:-----------:-----------:-----------:-----------:-----------:-----------:


Report step 93/120 at day 2828/3650, date = 29-Sep-2022

Starting time step 0, stepsize 31 days, at day 2828/2859, date = 29-Sep-2022

Warning: Keyword 'WELLS' is unhandled for output to restart file.
 Newton its= 3, linearizations= 4 (0.0sec), linear its=  5 (0.0sec)
Restart file written for report step  93/120, date = 29-Sep-2022 00:00:00

                              **************************************************************************
  WELLS    AT      2859  DAYS *                 SPE1 - CASE 1                                          *
  REPORT   94    30 Oct 2022  *                                             Flow  version 2025.10-pre  *
                              **************************************************************************


======================================================= PRODUCTION REPORT =======================================================
:  WELL  : LOCATION  :CTRL:    OIL    :   WATER   :    GAS    :   FLUID   :   WATER   : GAS/OIL  :  WAT/GAS   : BHP OR : THP OR :
:  NAME  :  (I,J,K)  :MODE:   RATE    :   RATE    :   RATE    : RES.VOL.  :    CUT    :  RATIO   :   RATIO    :CON.PR. :BLK.PR. :
:        :           :    :  STB/DAY  :  STB/DAY  : MSCF/DAY  :  RB/DAY   :           : MSCF/STB :  STB/MSCF  :  PSIA  :  PSIA  :
=================================================================================================================================
:FIELD   :           :    :     7264.9:       -0.0:   112685.5:    96371.9:     -0.000:     15.51:      0.0000:        :        :
:G1      :           :    :     7264.9:       -0.0:   112685.5:    96371.9:     -0.000:     15.51:      0.0000:        :        :
:PROD    : 10, 10    :ORAT:     7264.9:       -0.0:   112685.5:    96371.9:     -0.000:     15.51:      0.0000:  1000.0:     0.0:
:--------:-----------:----:-----------:-----------:-----------:-----------:-----------:----------:------------:--------:--------:

============================================= INJECTION REPORT ==============================================
:  WELL  : LOCATION  : CTRL : CTRL : CTRL :    OIL    :   WATER   :    GAS    :   FLUID   : BHP OR : THP OR :
:  NAME  :  (I,J,K)  : MODE : MODE : MODE :   RATE    :   RATE    :   RATE    : RES.VOL.  :CON.PR. :BLK.PR. :
:        :           : OIL  : WAT  : GAS  :  STB/DAY  :  STB/DAY  : MSCF/DAY  :  RB/DAY   :  PSIA  :  PSIA  :
=============================================================================================================
:FIELD   :           :      :      :      :        0.0:        0.0:   100000.0:    81204.3:        :        :
:G1      :           :      :      :      :        0.0:        0.0:   100000.0:    81204.3:        :        :
:INJ     :  1,  1    :      :      :  GRAT:        0.0:        0.0:   100000.0:    81204.3:  4575.5:     0.0:
:--------:-----------:------:------:------:-----------:-----------:-----------:-----------:--------:--------:

============================================== CUMULATIVE PRODUCTION/INJECTION TOTALS ==============================================
:  WELL  : LOCATION  :  WELL  :CTRL:    OIL    :   WATER   :    GAS    :   Prod    :    OIL    :   WATER   :    GAS    :    INJ    :
:  NAME  :  (I,J,K)  :  TYPE  :MODE:   PROD    :   PROD    :   PROD    : RES.VOL.  :    INJ    :    INJ    :    INJ    : RES.VOL.  :
:        :           :        :    :   MSTB    :   MSTB    :   MMSCF   :    MRB    :   MSTB    :   MSTB    :   MMSCF   :    MRB    :
====================================================================================================================================
:FIELD   :           :        :    :    40886.5:        0.0:      263.0:   211523.4:        0.0:        0.0:      285.9:   186720.8:
:G1      :           :        :    :    40886.5:        0.0:      263.0:   211523.4:        0.0:        0.0:      285.9:   186720.8:
:PROD    : 10, 10    :    PROD:ORAT:    40886.5:        0.0:      263.0:   211523.4:        0.0:        0.0:        0.0:        0.0:
:INJ     :  1,  1    :     INJ:GRAT:        0.0:        0.0:        0.0:        0.0:        0.0:        0.0:      285.9:   186720.8:
:--------:-----------:--------:----:-----------:-----------:-----------:-----------:-----------:-----------:-----------:-----------:


Report step 94/120 at day 2859/3650, date = 30-Oct-2022

Starting time step 0, stepsize 30 days, at day 2859/2889, date = 30-Oct-2022

Warning: Keyword 'WELLS' is unhandled for output to restart file.
 Newton its= 3, linearizations= 4 (0.0sec), linear its=  6 (0.0sec)
Restart file written for report step  94/120, date = 30-Oct-2022 00:00:00

                              **************************************************************************
  WELLS    AT      2889  DAYS *                 SPE1 - CASE 1                                          *
  REPORT   95    29 Nov 2022  *                                             Flow  version 2025.10-pre  *
                              **************************************************************************


======================================================= PRODUCTION REPORT =======================================================
:  WELL  : LOCATION  :CTRL:    OIL    :   WATER   :    GAS    :   FLUID   :   WATER   : GAS/OIL  :  WAT/GAS   : BHP OR : THP OR :
:  NAME  :  (I,J,K)  :MODE:   RATE    :   RATE    :   RATE    : RES.VOL.  :    CUT    :  RATIO   :   RATIO    :CON.PR. :BLK.PR. :
:        :           :    :  STB/DAY  :  STB/DAY  : MSCF/DAY  :  RB/DAY   :           : MSCF/STB :  STB/MSCF  :  PSIA  :  PSIA  :
=================================================================================================================================
:FIELD   :           :    :     7180.8:       -0.0:   112903.2:    96779.6:     -0.000:     15.72:      0.0000:        :        :
:G1      :           :    :     7180.8:       -0.0:   112903.2:    96779.6:     -0.000:     15.72:      0.0000:        :        :
:PROD    : 10, 10    :ORAT:     7180.8:       -0.0:   112903.2:    96779.6:     -0.000:     15.72:      0.0000:  1000.0:     0.0:
:--------:-----------:----:-----------:-----------:-----------:-----------:-----------:----------:------------:--------:--------:

============================================= INJECTION REPORT ==============================================
:  WELL  : LOCATION  : CTRL : CTRL : CTRL :    OIL    :   WATER   :    GAS    :   FLUID   : BHP OR : THP OR :
:  NAME  :  (I,J,K)  : MODE : MODE : MODE :   RATE    :   RATE    :   RATE    : RES.VOL.  :CON.PR. :BLK.PR. :
:        :           : OIL  : WAT  : GAS  :  STB/DAY  :  STB/DAY  : MSCF/DAY  :  RB/DAY   :  PSIA  :  PSIA  :
=============================================================================================================
:FIELD   :           :      :      :      :        0.0:        0.0:   100000.0:    81474.4:        :        :
:G1      :           :      :      :      :        0.0:        0.0:   100000.0:    81474.4:        :        :
:INJ     :  1,  1    :      :      :  GRAT:        0.0:        0.0:   100000.0:    81474.4:  4562.4:     0.0:
:--------:-----------:------:------:------:-----------:-----------:-----------:-----------:--------:--------:

============================================== CUMULATIVE PRODUCTION/INJECTION TOTALS ==============================================
:  WELL  : LOCATION  :  WELL  :CTRL:    OIL    :   WATER   :    GAS    :   Prod    :    OIL    :   WATER   :    GAS    :    INJ    :
:  NAME  :  (I,J,K)  :  TYPE  :MODE:   PROD    :   PROD    :   PROD    : RES.VOL.  :    INJ    :    INJ    :    INJ    : RES.VOL.  :
:        :           :        :    :   MSTB    :   MSTB    :   MMSCF   :    MRB    :   MSTB    :   MSTB    :   MMSCF   :    MRB    :
====================================================================================================================================
:FIELD   :           :        :    :    41101.9:        0.0:      266.4:   214426.7:        0.0:        0.0:      288.9:   189165.0:
:G1      :           :        :    :    41101.9:        0.0:      266.4:   214426.7:        0.0:        0.0:      288.9:   189165.0:
:PROD    : 10, 10    :    PROD:ORAT:    41101.9:        0.0:      266.4:   214426.7:        0.0:        0.0:        0.0:        0.0:
:INJ     :  1,  1    :     INJ:GRAT:        0.0:        0.0:        0.0:        0.0:        0.0:        0.0:      288.9:   189165.0:
:--------:-----------:--------:----:-----------:-----------:-----------:-----------:-----------:-----------:-----------:-----------:


Report step 95/120 at day 2889/3650, date = 29-Nov-2022

Starting time step 0, stepsize 31 days, at day 2889/2920, date = 29-Nov-2022

Warning: Keyword 'WELLS' is unhandled for output to restart file.
 Newton its= 3, linearizations= 4 (0.0sec), linear its=  5 (0.0sec)
Restart file written for report step  95/120, date = 29-Nov-2022 00:00:00

                              **************************************************************************
  WELLS    AT      2920  DAYS *                 SPE1 - CASE 1                                          *
  REPORT   96    30 Dec 2022  *                                             Flow  version 2025.10-pre  *
                              **************************************************************************


======================================================= PRODUCTION REPORT =======================================================
:  WELL  : LOCATION  :CTRL:    OIL    :   WATER   :    GAS    :   FLUID   :   WATER   : GAS/OIL  :  WAT/GAS   : BHP OR : THP OR :
:  NAME  :  (I,J,K)  :MODE:   RATE    :   RATE    :   RATE    : RES.VOL.  :    CUT    :  RATIO   :   RATIO    :CON.PR. :BLK.PR. :
:        :           :    :  STB/DAY  :  STB/DAY  : MSCF/DAY  :  RB/DAY   :           : MSCF/STB :  STB/MSCF  :  PSIA  :  PSIA  :
=================================================================================================================================
:FIELD   :           :    :     7097.8:       -0.0:   113135.3:    97182.3:     -0.000:     15.94:      0.0000:        :        :
:G1      :           :    :     7097.8:       -0.0:   113135.3:    97182.3:     -0.000:     15.94:      0.0000:        :        :
:PROD    : 10, 10    :ORAT:     7097.8:       -0.0:   113135.3:    97182.3:     -0.000:     15.94:      0.0000:  1000.0:     0.0:
:--------:-----------:----:-----------:-----------:-----------:-----------:-----------:----------:------------:--------:--------:

============================================= INJECTION REPORT ==============================================
:  WELL  : LOCATION  : CTRL : CTRL : CTRL :    OIL    :   WATER   :    GAS    :   FLUID   : BHP OR : THP OR :
:  NAME  :  (I,J,K)  : MODE : MODE : MODE :   RATE    :   RATE    :   RATE    : RES.VOL.  :CON.PR. :BLK.PR. :
:        :           : OIL  : WAT  : GAS  :  STB/DAY  :  STB/DAY  : MSCF/DAY  :  RB/DAY   :  PSIA  :  PSIA  :
=============================================================================================================
:FIELD   :           :      :      :      :        0.0:        0.0:   100000.0:    81726.0:        :        :
:G1      :           :      :      :      :        0.0:        0.0:   100000.0:    81726.0:        :        :
:INJ     :  1,  1    :      :      :  GRAT:        0.0:        0.0:   100000.0:    81726.0:  4549.6:     0.0:
:--------:-----------:------:------:------:-----------:-----------:-----------:-----------:--------:--------:

============================================== CUMULATIVE PRODUCTION/INJECTION TOTALS ==============================================
:  WELL  : LOCATION  :  WELL  :CTRL:    OIL    :   WATER   :    GAS    :   Prod    :    OIL    :   WATER   :    GAS    :    INJ    :
:  NAME  :  (I,J,K)  :  TYPE  :MODE:   PROD    :   PROD    :   PROD    : RES.VOL.  :    INJ    :    INJ    :    INJ    : RES.VOL.  :
:        :           :        :    :   MSTB    :   MSTB    :   MMSCF   :    MRB    :   MSTB    :   MSTB    :   MMSCF   :    MRB    :
====================================================================================================================================
:FIELD   :           :        :    :    41322.0:        0.0:      269.9:   217439.4:        0.0:        0.0:      292.0:   191698.5:
:G1      :           :        :    :    41322.0:        0.0:      269.9:   217439.4:        0.0:        0.0:      292.0:   191698.5:
:PROD    : 10, 10    :    PROD:ORAT:    41322.0:        0.0:      269.9:   217439.4:        0.0:        0.0:        0.0:        0.0:
:INJ     :  1,  1    :     INJ:GRAT:        0.0:        0.0:        0.0:        0.0:        0.0:        0.0:      292.0:   191698.5:
:--------:-----------:--------:----:-----------:-----------:-----------:-----------:-----------:-----------:-----------:-----------:


Report step 96/120 at day 2920/3650, date = 30-Dec-2022

Starting time step 0, stepsize 31 days, at day 2920/2951, date = 30-Dec-2022

Warning: Keyword 'WELLS' is unhandled for output to restart file.
 Newton its= 3, linearizations= 4 (0.0sec), linear its=  5 (0.0sec)
Restart file written for report step  96/120, date = 30-Dec-2022 00:00:00

                              **************************************************************************
  WELLS    AT      2951  DAYS *                 SPE1 - CASE 1                                          *
  REPORT   97    30 Jan 2023  *                                             Flow  version 2025.10-pre  *
                              **************************************************************************


======================================================= PRODUCTION REPORT =======================================================
:  WELL  : LOCATION  :CTRL:    OIL    :   WATER   :    GAS    :   FLUID   :   WATER   : GAS/OIL  :  WAT/GAS   : BHP OR : THP OR :
:  NAME  :  (I,J,K)  :MODE:   RATE    :   RATE    :   RATE    : RES.VOL.  :    CUT    :  RATIO   :   RATIO    :CON.PR. :BLK.PR. :
:        :           :    :  STB/DAY  :  STB/DAY  : MSCF/DAY  :  RB/DAY   :           : MSCF/STB :  STB/MSCF  :  PSIA  :  PSIA  :
=================================================================================================================================
:FIELD   :           :    :     7018.7:       -0.0:   113369.5:    97588.9:     -0.000:     16.15:      0.0000:        :        :
:G1      :           :    :     7018.7:       -0.0:   113369.5:    97588.9:     -0.000:     16.15:      0.0000:        :        :
:PROD    : 10, 10    :ORAT:     7018.7:       -0.0:   113369.5:    97588.9:     -0.000:     16.15:      0.0000:  1000.0:     0.0:
:--------:-----------:----:-----------:-----------:-----------:-----------:-----------:----------:------------:--------:--------:

============================================= INJECTION REPORT ==============================================
:  WELL  : LOCATION  : CTRL : CTRL : CTRL :    OIL    :   WATER   :    GAS    :   FLUID   : BHP OR : THP OR :
:  NAME  :  (I,J,K)  : MODE : MODE : MODE :   RATE    :   RATE    :   RATE    : RES.VOL.  :CON.PR. :BLK.PR. :
:        :           : OIL  : WAT  : GAS  :  STB/DAY  :  STB/DAY  : MSCF/DAY  :  RB/DAY   :  PSIA  :  PSIA  :
=============================================================================================================
:FIELD   :           :      :      :      :        0.0:        0.0:   100000.0:    81975.1:        :        :
:G1      :           :      :      :      :        0.0:        0.0:   100000.0:    81975.1:        :        :
:INJ     :  1,  1    :      :      :  GRAT:        0.0:        0.0:   100000.0:    81975.1:  4537.4:     0.0:
:--------:-----------:------:------:------:-----------:-----------:-----------:-----------:--------:--------:

============================================== CUMULATIVE PRODUCTION/INJECTION TOTALS ==============================================
:  WELL  : LOCATION  :  WELL  :CTRL:    OIL    :   WATER   :    GAS    :   Prod    :    OIL    :   WATER   :    GAS    :    INJ    :
:  NAME  :  (I,J,K)  :  TYPE  :MODE:   PROD    :   PROD    :   PROD    : RES.VOL.  :    INJ    :    INJ    :    INJ    : RES.VOL.  :
:        :           :        :    :   MSTB    :   MSTB    :   MMSCF   :    MRB    :   MSTB    :   MSTB    :   MMSCF   :    MRB    :
====================================================================================================================================
:FIELD   :           :        :    :    41539.6:        0.0:      273.4:   220464.7:        0.0:        0.0:      295.1:   194239.8:
:G1      :           :        :    :    41539.6:        0.0:      273.4:   220464.7:        0.0:        0.0:      295.1:   194239.8:
:PROD    : 10, 10    :    PROD:ORAT:    41539.6:        0.0:      273.4:   220464.7:        0.0:        0.0:        0.0:        0.0:
:INJ     :  1,  1    :     INJ:GRAT:        0.0:        0.0:        0.0:        0.0:        0.0:        0.0:      295.1:   194239.8:
:--------:-----------:--------:----:-----------:-----------:-----------:-----------:-----------:-----------:-----------:-----------:


Report step 97/120 at day 2951/3650, date = 30-Jan-2023

Starting time step 0, stepsize 28 days, at day 2951/2979, date = 30-Jan-2023

Warning: Keyword 'WELLS' is unhandled for output to restart file.
 Newton its= 2, linearizations= 3 (0.0sec), linear its=  3 (0.0sec)
Restart file written for report step  97/120, date = 30-Jan-2023 00:00:00

                              **************************************************************************
  WELLS    AT      2979  DAYS *                 SPE1 - CASE 1                                          *
  REPORT   98    27 Feb 2023  *                                             Flow  version 2025.10-pre  *
                              **************************************************************************


======================================================= PRODUCTION REPORT =======================================================
:  WELL  : LOCATION  :CTRL:    OIL    :   WATER   :    GAS    :   FLUID   :   WATER   : GAS/OIL  :  WAT/GAS   : BHP OR : THP OR :
:  NAME  :  (I,J,K)  :MODE:   RATE    :   RATE    :   RATE    : RES.VOL.  :    CUT    :  RATIO   :   RATIO    :CON.PR. :BLK.PR. :
:        :           :    :  STB/DAY  :  STB/DAY  : MSCF/DAY  :  RB/DAY   :           : MSCF/STB :  STB/MSCF  :  PSIA  :  PSIA  :
=================================================================================================================================
:FIELD   :           :    :     6950.6:       -0.0:   113587.3:    97980.2:     -0.000:     16.34:      0.0000:        :        :
:G1      :           :    :     6950.6:       -0.0:   113587.3:    97980.2:     -0.000:     16.34:      0.0000:        :        :
:PROD    : 10, 10    :ORAT:     6950.6:       -0.0:   113587.3:    97980.2:     -0.000:     16.34:      0.0000:  1000.0:     0.0:
:--------:-----------:----:-----------:-----------:-----------:-----------:-----------:----------:------------:--------:--------:

============================================= INJECTION REPORT ==============================================
:  WELL  : LOCATION  : CTRL : CTRL : CTRL :    OIL    :   WATER   :    GAS    :   FLUID   : BHP OR : THP OR :
:  NAME  :  (I,J,K)  : MODE : MODE : MODE :   RATE    :   RATE    :   RATE    : RES.VOL.  :CON.PR. :BLK.PR. :
:        :           : OIL  : WAT  : GAS  :  STB/DAY  :  STB/DAY  : MSCF/DAY  :  RB/DAY   :  PSIA  :  PSIA  :
=============================================================================================================
:FIELD   :           :      :      :      :        0.0:        0.0:   100000.0:    82213.8:        :        :
:G1      :           :      :      :      :        0.0:        0.0:   100000.0:    82213.8:        :        :
:INJ     :  1,  1    :      :      :  GRAT:        0.0:        0.0:   100000.0:    82213.8:  4526.7:     0.0:
:--------:-----------:------:------:------:-----------:-----------:-----------:-----------:--------:--------:

============================================== CUMULATIVE PRODUCTION/INJECTION TOTALS ==============================================
:  WELL  : LOCATION  :  WELL  :CTRL:    OIL    :   WATER   :    GAS    :   Prod    :    OIL    :   WATER   :    GAS    :    INJ    :
:  NAME  :  (I,J,K)  :  TYPE  :MODE:   PROD    :   PROD    :   PROD    : RES.VOL.  :    INJ    :    INJ    :    INJ    : RES.VOL.  :
:        :           :        :    :   MSTB    :   MSTB    :   MMSCF   :    MRB    :   MSTB    :   MSTB    :   MMSCF   :    MRB    :
====================================================================================================================================
:FIELD   :           :        :    :    41734.2:        0.0:      276.6:   223208.1:        0.0:        0.0:      297.9:   196541.8:
:G1      :           :        :    :    41734.2:        0.0:      276.6:   223208.1:        0.0:        0.0:      297.9:   196541.8:
:PROD    : 10, 10    :    PROD:ORAT:    41734.2:        0.0:      276.6:   223208.1:        0.0:        0.0:        0.0:        0.0:
:INJ     :  1,  1    :     INJ:GRAT:        0.0:        0.0:        0.0:        0.0:        0.0:        0.0:      297.9:   196541.8:
:--------:-----------:--------:----:-----------:-----------:-----------:-----------:-----------:-----------:-----------:-----------:


Report step 98/120 at day 2979/3650, date = 27-Feb-2023

Starting time step 0, stepsize 31 days, at day 2979/3010, date = 27-Feb-2023

Warning: Keyword 'WELLS' is unhandled for output to restart file.
 Newton its= 3, linearizations= 4 (0.0sec), linear its=  4 (0.0sec)
Restart file written for report step  98/120, date = 27-Feb-2023 00:00:00

                              **************************************************************************
  WELLS    AT      3010  DAYS *                 SPE1 - CASE 1                                          *
  REPORT   99    30 Mar 2023  *                                             Flow  version 2025.10-pre  *
                              **************************************************************************


======================================================= PRODUCTION REPORT =======================================================
:  WELL  : LOCATION  :CTRL:    OIL    :   WATER   :    GAS    :   FLUID   :   WATER   : GAS/OIL  :  WAT/GAS   : BHP OR : THP OR :
:  NAME  :  (I,J,K)  :MODE:   RATE    :   RATE    :   RATE    : RES.VOL.  :    CUT    :  RATIO   :   RATIO    :CON.PR. :BLK.PR. :
:        :           :    :  STB/DAY  :  STB/DAY  : MSCF/DAY  :  RB/DAY   :           : MSCF/STB :  STB/MSCF  :  PSIA  :  PSIA  :
=================================================================================================================================
:FIELD   :           :    :     6878.1:       -0.0:   113834.5:    98362.7:     -0.000:     16.55:      0.0000:        :        :
:G1      :           :    :     6878.1:       -0.0:   113834.5:    98362.7:     -0.000:     16.55:      0.0000:        :        :
:PROD    : 10, 10    :ORAT:     6878.1:       -0.0:   113834.5:    98362.7:     -0.000:     16.55:      0.0000:  1000.0:     0.0:
:--------:-----------:----:-----------:-----------:-----------:-----------:-----------:----------:------------:--------:--------:

============================================= INJECTION REPORT ==============================================
:  WELL  : LOCATION  : CTRL : CTRL : CTRL :    OIL    :   WATER   :    GAS    :   FLUID   : BHP OR : THP OR :
:  NAME  :  (I,J,K)  : MODE : MODE : MODE :   RATE    :   RATE    :   RATE    : RES.VOL.  :CON.PR. :BLK.PR. :
:        :           : OIL  : WAT  : GAS  :  STB/DAY  :  STB/DAY  : MSCF/DAY  :  RB/DAY   :  PSIA  :  PSIA  :
=============================================================================================================
:FIELD   :           :      :      :      :        0.0:        0.0:   100000.0:    82423.0:        :        :
:G1      :           :      :      :      :        0.0:        0.0:   100000.0:    82423.0:        :        :
:INJ     :  1,  1    :      :      :  GRAT:        0.0:        0.0:   100000.0:    82423.0:  4515.2:     0.0:
:--------:-----------:------:------:------:-----------:-----------:-----------:-----------:--------:--------:

============================================== CUMULATIVE PRODUCTION/INJECTION TOTALS ==============================================
:  WELL  : LOCATION  :  WELL  :CTRL:    OIL    :   WATER   :    GAS    :   Prod    :    OIL    :   WATER   :    GAS    :    INJ    :
:  NAME  :  (I,J,K)  :  TYPE  :MODE:   PROD    :   PROD    :   PROD    : RES.VOL.  :    INJ    :    INJ    :    INJ    : RES.VOL.  :
:        :           :        :    :   MSTB    :   MSTB    :   MMSCF   :    MRB    :   MSTB    :   MSTB    :   MMSCF   :    MRB    :
====================================================================================================================================
:FIELD   :           :        :    :    41947.4:        0.0:      280.1:   226257.3:        0.0:        0.0:      301.0:   199096.9:
:G1      :           :        :    :    41947.4:        0.0:      280.1:   226257.3:        0.0:        0.0:      301.0:   199096.9:
:PROD    : 10, 10    :    PROD:ORAT:    41947.4:        0.0:      280.1:   226257.3:        0.0:        0.0:        0.0:        0.0:
:INJ     :  1,  1    :     INJ:GRAT:        0.0:        0.0:        0.0:        0.0:        0.0:        0.0:      301.0:   199096.9:
:--------:-----------:--------:----:-----------:-----------:-----------:-----------:-----------:-----------:-----------:-----------:


Report step 99/120 at day 3010/3650, date = 30-Mar-2023

Starting time step 0, stepsize 30 days, at day 3010/3040, date = 30-Mar-2023

Warning: Keyword 'WELLS' is unhandled for output to restart file.
 Newton its= 3, linearizations= 4 (0.0sec), linear its=  4 (0.0sec)
Restart file written for report step  99/120, date = 30-Mar-2023 00:00:00

                              **************************************************************************
  WELLS    AT      3040  DAYS *                 SPE1 - CASE 1                                          *
  REPORT  100    29 Apr 2023  *                                             Flow  version 2025.10-pre  *
                              **************************************************************************


======================================================= PRODUCTION REPORT =======================================================
:  WELL  : LOCATION  :CTRL:    OIL    :   WATER   :    GAS    :   FLUID   :   WATER   : GAS/OIL  :  WAT/GAS   : BHP OR : THP OR :
:  NAME  :  (I,J,K)  :MODE:   RATE    :   RATE    :   RATE    : RES.VOL.  :    CUT    :  RATIO   :   RATIO    :CON.PR. :BLK.PR. :
:        :           :    :  STB/DAY  :  STB/DAY  : MSCF/DAY  :  RB/DAY   :           : MSCF/STB :  STB/MSCF  :  PSIA  :  PSIA  :
=================================================================================================================================
:FIELD   :           :    :     6808.7:       -0.0:   114115.8:    98798.1:     -0.000:     16.76:      0.0000:        :        :
:G1      :           :    :     6808.7:       -0.0:   114115.8:    98798.1:     -0.000:     16.76:      0.0000:        :        :
:PROD    : 10, 10    :ORAT:     6808.7:       -0.0:   114115.8:    98798.1:     -0.000:     16.76:      0.0000:  1000.0:     0.0:
:--------:-----------:----:-----------:-----------:-----------:-----------:-----------:----------:------------:--------:--------:

============================================= INJECTION REPORT ==============================================
:  WELL  : LOCATION  : CTRL : CTRL : CTRL :    OIL    :   WATER   :    GAS    :   FLUID   : BHP OR : THP OR :
:  NAME  :  (I,J,K)  : MODE : MODE : MODE :   RATE    :   RATE    :   RATE    : RES.VOL.  :CON.PR. :BLK.PR. :
:        :           : OIL  : WAT  : GAS  :  STB/DAY  :  STB/DAY  : MSCF/DAY  :  RB/DAY   :  PSIA  :  PSIA  :
=============================================================================================================
:FIELD   :           :      :      :      :        0.0:        0.0:   100000.0:    82651.4:        :        :
:G1      :           :      :      :      :        0.0:        0.0:   100000.0:    82651.4:        :        :
:INJ     :  1,  1    :      :      :  GRAT:        0.0:        0.0:   100000.0:    82651.4:  4504.4:     0.0:
:--------:-----------:------:------:------:-----------:-----------:-----------:-----------:--------:--------:

============================================== CUMULATIVE PRODUCTION/INJECTION TOTALS ==============================================
:  WELL  : LOCATION  :  WELL  :CTRL:    OIL    :   WATER   :    GAS    :   Prod    :    OIL    :   WATER   :    GAS    :    INJ    :
:  NAME  :  (I,J,K)  :  TYPE  :MODE:   PROD    :   PROD    :   PROD    : RES.VOL.  :    INJ    :    INJ    :    INJ    : RES.VOL.  :
:        :           :        :    :   MSTB    :   MSTB    :   MMSCF   :    MRB    :   MSTB    :   MSTB    :   MMSCF   :    MRB    :
====================================================================================================================================
:FIELD   :           :        :    :    42151.7:        0.0:      283.5:   229221.3:        0.0:        0.0:      304.0:   201576.4:
:G1      :           :        :    :    42151.7:        0.0:      283.5:   229221.3:        0.0:        0.0:      304.0:   201576.4:
:PROD    : 10, 10    :    PROD:ORAT:    42151.7:        0.0:      283.5:   229221.3:        0.0:        0.0:        0.0:        0.0:
:INJ     :  1,  1    :     INJ:GRAT:        0.0:        0.0:        0.0:        0.0:        0.0:        0.0:      304.0:   201576.4:
:--------:-----------:--------:----:-----------:-----------:-----------:-----------:-----------:-----------:-----------:-----------:


Report step 100/120 at day 3040/3650, date = 29-Apr-2023

Starting time step 0, stepsize 31 days, at day 3040/3071, date = 29-Apr-2023

Warning: Keyword 'WELLS' is unhandled for output to restart file.
 Newton its= 3, linearizations= 4 (0.0sec), linear its=  5 (0.0sec)
Restart file written for report step 100/120, date = 29-Apr-2023 00:00:00

                              **************************************************************************
  WELLS    AT      3071  DAYS *                 SPE1 - CASE 1                                          *
  REPORT  101    30 May 2023  *                                             Flow  version 2025.10-pre  *
                              **************************************************************************


======================================================= PRODUCTION REPORT =======================================================
:  WELL  : LOCATION  :CTRL:    OIL    :   WATER   :    GAS    :   FLUID   :   WATER   : GAS/OIL  :  WAT/GAS   : BHP OR : THP OR :
:  NAME  :  (I,J,K)  :MODE:   RATE    :   RATE    :   RATE    : RES.VOL.  :    CUT    :  RATIO   :   RATIO    :CON.PR. :BLK.PR. :
:        :           :    :  STB/DAY  :  STB/DAY  : MSCF/DAY  :  RB/DAY   :           : MSCF/STB :  STB/MSCF  :  PSIA  :  PSIA  :
=================================================================================================================================
:FIELD   :           :    :     6736.7:       -0.0:   114426.6:    99246.1:     -0.000:     16.99:      0.0000:        :        :
:G1      :           :    :     6736.7:       -0.0:   114426.6:    99246.1:     -0.000:     16.99:      0.0000:        :        :
:PROD    : 10, 10    :ORAT:     6736.7:       -0.0:   114426.6:    99246.1:     -0.000:     16.99:      0.0000:  1000.0:     0.0:
:--------:-----------:----:-----------:-----------:-----------:-----------:-----------:----------:------------:--------:--------:

============================================= INJECTION REPORT ==============================================
:  WELL  : LOCATION  : CTRL : CTRL : CTRL :    OIL    :   WATER   :    GAS    :   FLUID   : BHP OR : THP OR :
:  NAME  :  (I,J,K)  : MODE : MODE : MODE :   RATE    :   RATE    :   RATE    : RES.VOL.  :CON.PR. :BLK.PR. :
:        :           : OIL  : WAT  : GAS  :  STB/DAY  :  STB/DAY  : MSCF/DAY  :  RB/DAY   :  PSIA  :  PSIA  :
=============================================================================================================
:FIELD   :           :      :      :      :        0.0:        0.0:   100000.0:    82868.9:        :        :
:G1      :           :      :      :      :        0.0:        0.0:   100000.0:    82868.9:        :        :
:INJ     :  1,  1    :      :      :  GRAT:        0.0:        0.0:   100000.0:    82868.9:  4493.3:     0.0:
:--------:-----------:------:------:------:-----------:-----------:-----------:-----------:--------:--------:

============================================== CUMULATIVE PRODUCTION/INJECTION TOTALS ==============================================
:  WELL  : LOCATION  :  WELL  :CTRL:    OIL    :   WATER   :    GAS    :   Prod    :    OIL    :   WATER   :    GAS    :    INJ    :
:  NAME  :  (I,J,K)  :  TYPE  :MODE:   PROD    :   PROD    :   PROD    : RES.VOL.  :    INJ    :    INJ    :    INJ    : RES.VOL.  :
:        :           :        :    :   MSTB    :   MSTB    :   MMSCF   :    MRB    :   MSTB    :   MSTB    :   MMSCF   :    MRB    :
====================================================================================================================================
:FIELD   :           :        :    :    42360.5:        0.0:      287.1:   232297.9:        0.0:        0.0:      307.1:   204145.3:
:G1      :           :        :    :    42360.5:        0.0:      287.1:   232297.9:        0.0:        0.0:      307.1:   204145.3:
:PROD    : 10, 10    :    PROD:ORAT:    42360.5:        0.0:      287.1:   232297.9:        0.0:        0.0:        0.0:        0.0:
:INJ     :  1,  1    :     INJ:GRAT:        0.0:        0.0:        0.0:        0.0:        0.0:        0.0:      307.1:   204145.3:
:--------:-----------:--------:----:-----------:-----------:-----------:-----------:-----------:-----------:-----------:-----------:


Report step 101/120 at day 3071/3650, date = 30-May-2023

Starting time step 0, stepsize 30 days, at day 3071/3101, date = 30-May-2023

Warning: Keyword 'WELLS' is unhandled for output to restart file.
 Newton its= 3, linearizations= 4 (0.0sec), linear its=  6 (0.0sec)
Restart file written for report step 101/120, date = 30-May-2023 00:00:00

                              **************************************************************************
  WELLS    AT      3101  DAYS *                 SPE1 - CASE 1                                          *
  REPORT  102    29 Jun 2023  *                                             Flow  version 2025.10-pre  *
                              **************************************************************************


======================================================= PRODUCTION REPORT =======================================================
:  WELL  : LOCATION  :CTRL:    OIL    :   WATER   :    GAS    :   FLUID   :   WATER   : GAS/OIL  :  WAT/GAS   : BHP OR : THP OR :
:  NAME  :  (I,J,K)  :MODE:   RATE    :   RATE    :   RATE    : RES.VOL.  :    CUT    :  RATIO   :   RATIO    :CON.PR. :BLK.PR. :
:        :           :    :  STB/DAY  :  STB/DAY  : MSCF/DAY  :  RB/DAY   :           : MSCF/STB :  STB/MSCF  :  PSIA  :  PSIA  :
=================================================================================================================================
:FIELD   :           :    :     6667.5:       -0.0:   114735.4:    99702.8:     -0.000:     17.21:      0.0000:        :        :
:G1      :           :    :     6667.5:       -0.0:   114735.4:    99702.8:     -0.000:     17.21:      0.0000:        :        :
:PROD    : 10, 10    :ORAT:     6667.5:       -0.0:   114735.4:    99702.8:     -0.000:     17.21:      0.0000:  1000.0:     0.0:
:--------:-----------:----:-----------:-----------:-----------:-----------:-----------:----------:------------:--------:--------:

============================================= INJECTION REPORT ==============================================
:  WELL  : LOCATION  : CTRL : CTRL : CTRL :    OIL    :   WATER   :    GAS    :   FLUID   : BHP OR : THP OR :
:  NAME  :  (I,J,K)  : MODE : MODE : MODE :   RATE    :   RATE    :   RATE    : RES.VOL.  :CON.PR. :BLK.PR. :
:        :           : OIL  : WAT  : GAS  :  STB/DAY  :  STB/DAY  : MSCF/DAY  :  RB/DAY   :  PSIA  :  PSIA  :
=============================================================================================================
:FIELD   :           :      :      :      :        0.0:        0.0:   100000.0:    83092.4:        :        :
:G1      :           :      :      :      :        0.0:        0.0:   100000.0:    83092.4:        :        :
:INJ     :  1,  1    :      :      :  GRAT:        0.0:        0.0:   100000.0:    83092.4:  4482.7:     0.0:
:--------:-----------:------:------:------:-----------:-----------:-----------:-----------:--------:--------:

============================================== CUMULATIVE PRODUCTION/INJECTION TOTALS ==============================================
:  WELL  : LOCATION  :  WELL  :CTRL:    OIL    :   WATER   :    GAS    :   Prod    :    OIL    :   WATER   :    GAS    :    INJ    :
:  NAME  :  (I,J,K)  :  TYPE  :MODE:   PROD    :   PROD    :   PROD    : RES.VOL.  :    INJ    :    INJ    :    INJ    : RES.VOL.  :
:        :           :        :    :   MSTB    :   MSTB    :   MMSCF   :    MRB    :   MSTB    :   MSTB    :   MMSCF   :    MRB    :
====================================================================================================================================
:FIELD   :           :        :    :    42560.5:        0.0:      290.5:   235289.0:        0.0:        0.0:      310.1:   206638.1:
:G1      :           :        :    :    42560.5:        0.0:      290.5:   235289.0:        0.0:        0.0:      310.1:   206638.1:
:PROD    : 10, 10    :    PROD:ORAT:    42560.5:        0.0:      290.5:   235289.0:        0.0:        0.0:        0.0:        0.0:
:INJ     :  1,  1    :     INJ:GRAT:        0.0:        0.0:        0.0:        0.0:        0.0:        0.0:      310.1:   206638.1:
:--------:-----------:--------:----:-----------:-----------:-----------:-----------:-----------:-----------:-----------:-----------:


Report step 102/120 at day 3101/3650, date = 29-Jun-2023

Starting time step 0, stepsize 31 days, at day 3101/3132, date = 29-Jun-2023

Warning: Keyword 'WELLS' is unhandled for output to restart file.
 Newton its= 3, linearizations= 4 (0.0sec), linear its=  4 (0.0sec)
Restart file written for report step 102/120, date = 29-Jun-2023 00:00:00

                              **************************************************************************
  WELLS    AT      3132  DAYS *                 SPE1 - CASE 1                                          *
  REPORT  103    30 Jul 2023  *                                             Flow  version 2025.10-pre  *
                              **************************************************************************


======================================================= PRODUCTION REPORT =======================================================
:  WELL  : LOCATION  :CTRL:    OIL    :   WATER   :    GAS    :   FLUID   :   WATER   : GAS/OIL  :  WAT/GAS   : BHP OR : THP OR :
:  NAME  :  (I,J,K)  :MODE:   RATE    :   RATE    :   RATE    : RES.VOL.  :    CUT    :  RATIO   :   RATIO    :CON.PR. :BLK.PR. :
:        :           :    :  STB/DAY  :  STB/DAY  : MSCF/DAY  :  RB/DAY   :           : MSCF/STB :  STB/MSCF  :  PSIA  :  PSIA  :
=================================================================================================================================
:FIELD   :           :    :     6596.9:       -0.0:   115057.9:   100162.5:     -0.000:     17.44:      0.0000:        :        :
:G1      :           :    :     6596.9:       -0.0:   115057.9:   100162.5:     -0.000:     17.44:      0.0000:        :        :
:PROD    : 10, 10    :ORAT:     6596.9:       -0.0:   115057.9:   100162.5:     -0.000:     17.44:      0.0000:  1000.0:     0.0:
:--------:-----------:----:-----------:-----------:-----------:-----------:-----------:----------:------------:--------:--------:

============================================= INJECTION REPORT ==============================================
:  WELL  : LOCATION  : CTRL : CTRL : CTRL :    OIL    :   WATER   :    GAS    :   FLUID   : BHP OR : THP OR :
:  NAME  :  (I,J,K)  : MODE : MODE : MODE :   RATE    :   RATE    :   RATE    : RES.VOL.  :CON.PR. :BLK.PR. :
:        :           : OIL  : WAT  : GAS  :  STB/DAY  :  STB/DAY  : MSCF/DAY  :  RB/DAY   :  PSIA  :  PSIA  :
=============================================================================================================
:FIELD   :           :      :      :      :        0.0:        0.0:   100000.0:    83307.5:        :        :
:G1      :           :      :      :      :        0.0:        0.0:   100000.0:    83307.5:        :        :
:INJ     :  1,  1    :      :      :  GRAT:        0.0:        0.0:   100000.0:    83307.5:  4471.8:     0.0:
:--------:-----------:------:------:------:-----------:-----------:-----------:-----------:--------:--------:

============================================== CUMULATIVE PRODUCTION/INJECTION TOTALS ==============================================
:  WELL  : LOCATION  :  WELL  :CTRL:    OIL    :   WATER   :    GAS    :   Prod    :    OIL    :   WATER   :    GAS    :    INJ    :
:  NAME  :  (I,J,K)  :  TYPE  :MODE:   PROD    :   PROD    :   PROD    : RES.VOL.  :    INJ    :    INJ    :    INJ    : RES.VOL.  :
:        :           :        :    :   MSTB    :   MSTB    :   MMSCF   :    MRB    :   MSTB    :   MSTB    :   MMSCF   :    MRB    :
====================================================================================================================================
:FIELD   :           :        :    :    42765.0:        0.0:      294.1:   238394.0:        0.0:        0.0:      313.2:   209220.7:
:G1      :           :        :    :    42765.0:        0.0:      294.1:   238394.0:        0.0:        0.0:      313.2:   209220.7:
:PROD    : 10, 10    :    PROD:ORAT:    42765.0:        0.0:      294.1:   238394.0:        0.0:        0.0:        0.0:        0.0:
:INJ     :  1,  1    :     INJ:GRAT:        0.0:        0.0:        0.0:        0.0:        0.0:        0.0:      313.2:   209220.7:
:--------:-----------:--------:----:-----------:-----------:-----------:-----------:-----------:-----------:-----------:-----------:


Report step 103/120 at day 3132/3650, date = 30-Jul-2023

Starting time step 0, stepsize 31 days, at day 3132/3163, date = 30-Jul-2023

Warning: Keyword 'WELLS' is unhandled for output to restart file.
 Newton its= 3, linearizations= 4 (0.0sec), linear its=  5 (0.0sec)
Restart file written for report step 103/120, date = 30-Jul-2023 00:00:00

                              **************************************************************************
  WELLS    AT      3163  DAYS *                 SPE1 - CASE 1                                          *
  REPORT  104    30 Aug 2023  *                                             Flow  version 2025.10-pre  *
                              **************************************************************************


======================================================= PRODUCTION REPORT =======================================================
:  WELL  : LOCATION  :CTRL:    OIL    :   WATER   :    GAS    :   FLUID   :   WATER   : GAS/OIL  :  WAT/GAS   : BHP OR : THP OR :
:  NAME  :  (I,J,K)  :MODE:   RATE    :   RATE    :   RATE    : RES.VOL.  :    CUT    :  RATIO   :   RATIO    :CON.PR. :BLK.PR. :
:        :           :    :  STB/DAY  :  STB/DAY  : MSCF/DAY  :  RB/DAY   :           : MSCF/STB :  STB/MSCF  :  PSIA  :  PSIA  :
=================================================================================================================================
:FIELD   :           :    :     6527.3:       -0.0:   115383.2:   100635.1:     -0.000:     17.68:      0.0000:        :        :
:G1      :           :    :     6527.3:       -0.0:   115383.2:   100635.1:     -0.000:     17.68:      0.0000:        :        :
:PROD    : 10, 10    :ORAT:     6527.3:       -0.0:   115383.2:   100635.1:     -0.000:     17.68:      0.0000:  1000.0:     0.0:
:--------:-----------:----:-----------:-----------:-----------:-----------:-----------:----------:------------:--------:--------:

============================================= INJECTION REPORT ==============================================
:  WELL  : LOCATION  : CTRL : CTRL : CTRL :    OIL    :   WATER   :    GAS    :   FLUID   : BHP OR : THP OR :
:  NAME  :  (I,J,K)  : MODE : MODE : MODE :   RATE    :   RATE    :   RATE    : RES.VOL.  :CON.PR. :BLK.PR. :
:        :           : OIL  : WAT  : GAS  :  STB/DAY  :  STB/DAY  : MSCF/DAY  :  RB/DAY   :  PSIA  :  PSIA  :
=============================================================================================================
:FIELD   :           :      :      :      :        0.0:        0.0:   100000.0:    83529.8:        :        :
:G1      :           :      :      :      :        0.0:        0.0:   100000.0:    83529.8:        :        :
:INJ     :  1,  1    :      :      :  GRAT:        0.0:        0.0:   100000.0:    83529.8:  4460.9:     0.0:
:--------:-----------:------:------:------:-----------:-----------:-----------:-----------:--------:--------:

============================================== CUMULATIVE PRODUCTION/INJECTION TOTALS ==============================================
:  WELL  : LOCATION  :  WELL  :CTRL:    OIL    :   WATER   :    GAS    :   Prod    :    OIL    :   WATER   :    GAS    :    INJ    :
:  NAME  :  (I,J,K)  :  TYPE  :MODE:   PROD    :   PROD    :   PROD    : RES.VOL.  :    INJ    :    INJ    :    INJ    : RES.VOL.  :
:        :           :        :    :   MSTB    :   MSTB    :   MMSCF   :    MRB    :   MSTB    :   MSTB    :   MMSCF   :    MRB    :
====================================================================================================================================
:FIELD   :           :        :    :    42967.4:        0.0:      297.6:   241513.7:        0.0:        0.0:      316.3:   211810.1:
:G1      :           :        :    :    42967.4:        0.0:      297.6:   241513.7:        0.0:        0.0:      316.3:   211810.1:
:PROD    : 10, 10    :    PROD:ORAT:    42967.4:        0.0:      297.6:   241513.7:        0.0:        0.0:        0.0:        0.0:
:INJ     :  1,  1    :     INJ:GRAT:        0.0:        0.0:        0.0:        0.0:        0.0:        0.0:      316.3:   211810.1:
:--------:-----------:--------:----:-----------:-----------:-----------:-----------:-----------:-----------:-----------:-----------:


Report step 104/120 at day 3163/3650, date = 30-Aug-2023

Starting time step 0, stepsize 30 days, at day 3163/3193, date = 30-Aug-2023

Warning: Keyword 'WELLS' is unhandled for output to restart file.
 Newton its= 2, linearizations= 3 (0.0sec), linear its=  4 (0.0sec)
Restart file written for report step 104/120, date = 30-Aug-2023 00:00:00

                              **************************************************************************
  WELLS    AT      3193  DAYS *                 SPE1 - CASE 1                                          *
  REPORT  105    29 Sep 2023  *                                             Flow  version 2025.10-pre  *
                              **************************************************************************


======================================================= PRODUCTION REPORT =======================================================
:  WELL  : LOCATION  :CTRL:    OIL    :   WATER   :    GAS    :   FLUID   :   WATER   : GAS/OIL  :  WAT/GAS   : BHP OR : THP OR :
:  NAME  :  (I,J,K)  :MODE:   RATE    :   RATE    :   RATE    : RES.VOL.  :    CUT    :  RATIO   :   RATIO    :CON.PR. :BLK.PR. :
:        :           :    :  STB/DAY  :  STB/DAY  : MSCF/DAY  :  RB/DAY   :           : MSCF/STB :  STB/MSCF  :  PSIA  :  PSIA  :
=================================================================================================================================
:FIELD   :           :    :     6461.0:       -0.0:   115700.7:   101104.8:     -0.000:     17.91:      0.0000:        :        :
:G1      :           :    :     6461.0:       -0.0:   115700.7:   101104.8:     -0.000:     17.91:      0.0000:        :        :
:PROD    : 10, 10    :ORAT:     6461.0:       -0.0:   115700.7:   101104.8:     -0.000:     17.91:      0.0000:  1000.0:     0.0:
:--------:-----------:----:-----------:-----------:-----------:-----------:-----------:----------:------------:--------:--------:

============================================= INJECTION REPORT ==============================================
:  WELL  : LOCATION  : CTRL : CTRL : CTRL :    OIL    :   WATER   :    GAS    :   FLUID   : BHP OR : THP OR :
:  NAME  :  (I,J,K)  : MODE : MODE : MODE :   RATE    :   RATE    :   RATE    : RES.VOL.  :CON.PR. :BLK.PR. :
:        :           : OIL  : WAT  : GAS  :  STB/DAY  :  STB/DAY  : MSCF/DAY  :  RB/DAY   :  PSIA  :  PSIA  :
=============================================================================================================
:FIELD   :           :      :      :      :        0.0:        0.0:   100000.0:    83751.7:        :        :
:G1      :           :      :      :      :        0.0:        0.0:   100000.0:    83751.7:        :        :
:INJ     :  1,  1    :      :      :  GRAT:        0.0:        0.0:   100000.0:    83751.7:  4450.4:     0.0:
:--------:-----------:------:------:------:-----------:-----------:-----------:-----------:--------:--------:

============================================== CUMULATIVE PRODUCTION/INJECTION TOTALS ==============================================
:  WELL  : LOCATION  :  WELL  :CTRL:    OIL    :   WATER   :    GAS    :   Prod    :    OIL    :   WATER   :    GAS    :    INJ    :
:  NAME  :  (I,J,K)  :  TYPE  :MODE:   PROD    :   PROD    :   PROD    : RES.VOL.  :    INJ    :    INJ    :    INJ    : RES.VOL.  :
:        :           :        :    :   MSTB    :   MSTB    :   MMSCF   :    MRB    :   MSTB    :   MSTB    :   MMSCF   :    MRB    :
====================================================================================================================================
:FIELD   :           :        :    :    43161.2:        0.0:      301.1:   244546.9:        0.0:        0.0:      319.3:   214322.6:
:G1      :           :        :    :    43161.2:        0.0:      301.1:   244546.9:        0.0:        0.0:      319.3:   214322.6:
:PROD    : 10, 10    :    PROD:ORAT:    43161.2:        0.0:      301.1:   244546.9:        0.0:        0.0:        0.0:        0.0:
:INJ     :  1,  1    :     INJ:GRAT:        0.0:        0.0:        0.0:        0.0:        0.0:        0.0:      319.3:   214322.6:
:--------:-----------:--------:----:-----------:-----------:-----------:-----------:-----------:-----------:-----------:-----------:


Report step 105/120 at day 3193/3650, date = 29-Sep-2023

Starting time step 0, stepsize 31 days, at day 3193/3224, date = 29-Sep-2023

Warning: Keyword 'WELLS' is unhandled for output to restart file.
 Newton its= 3, linearizations= 4 (0.0sec), linear its=  4 (0.0sec)
Restart file written for report step 105/120, date = 29-Sep-2023 00:00:00

                              **************************************************************************
  WELLS    AT      3224  DAYS *                 SPE1 - CASE 1                                          *
  REPORT  106    30 Oct 2023  *                                             Flow  version 2025.10-pre  *
                              **************************************************************************


======================================================= PRODUCTION REPORT =======================================================
:  WELL  : LOCATION  :CTRL:    OIL    :   WATER   :    GAS    :   FLUID   :   WATER   : GAS/OIL  :  WAT/GAS   : BHP OR : THP OR :
:  NAME  :  (I,J,K)  :MODE:   RATE    :   RATE    :   RATE    : RES.VOL.  :    CUT    :  RATIO   :   RATIO    :CON.PR. :BLK.PR. :
:        :           :    :  STB/DAY  :  STB/DAY  : MSCF/DAY  :  RB/DAY   :           : MSCF/STB :  STB/MSCF  :  PSIA  :  PSIA  :
=================================================================================================================================
:FIELD   :           :    :     6393.3:       -0.0:   116031.5:   101579.0:     -0.000:     18.15:      0.0000:        :        :
:G1      :           :    :     6393.3:       -0.0:   116031.5:   101579.0:     -0.000:     18.15:      0.0000:        :        :
:PROD    : 10, 10    :ORAT:     6393.3:       -0.0:   116031.5:   101579.0:     -0.000:     18.15:      0.0000:  1000.0:     0.0:
:--------:-----------:----:-----------:-----------:-----------:-----------:-----------:----------:------------:--------:--------:

============================================= INJECTION REPORT ==============================================
:  WELL  : LOCATION  : CTRL : CTRL : CTRL :    OIL    :   WATER   :    GAS    :   FLUID   : BHP OR : THP OR :
:  NAME  :  (I,J,K)  : MODE : MODE : MODE :   RATE    :   RATE    :   RATE    : RES.VOL.  :CON.PR. :BLK.PR. :
:        :           : OIL  : WAT  : GAS  :  STB/DAY  :  STB/DAY  : MSCF/DAY  :  RB/DAY   :  PSIA  :  PSIA  :
=============================================================================================================
:FIELD   :           :      :      :      :        0.0:        0.0:   100000.0:    83966.9:        :        :
:G1      :           :      :      :      :        0.0:        0.0:   100000.0:    83966.9:        :        :
:INJ     :  1,  1    :      :      :  GRAT:        0.0:        0.0:   100000.0:    83966.9:  4439.5:     0.0:
:--------:-----------:------:------:------:-----------:-----------:-----------:-----------:--------:--------:

============================================== CUMULATIVE PRODUCTION/INJECTION TOTALS ==============================================
:  WELL  : LOCATION  :  WELL  :CTRL:    OIL    :   WATER   :    GAS    :   Prod    :    OIL    :   WATER   :    GAS    :    INJ    :
:  NAME  :  (I,J,K)  :  TYPE  :MODE:   PROD    :   PROD    :   PROD    : RES.VOL.  :    INJ    :    INJ    :    INJ    : RES.VOL.  :
:        :           :        :    :   MSTB    :   MSTB    :   MMSCF   :    MRB    :   MSTB    :   MSTB    :   MMSCF   :    MRB    :
====================================================================================================================================
:FIELD   :           :        :    :    43359.4:        0.0:      304.7:   247695.8:        0.0:        0.0:      322.4:   216925.6:
:G1      :           :        :    :    43359.4:        0.0:      304.7:   247695.8:        0.0:        0.0:      322.4:   216925.6:
:PROD    : 10, 10    :    PROD:ORAT:    43359.4:        0.0:      304.7:   247695.8:        0.0:        0.0:        0.0:        0.0:
:INJ     :  1,  1    :     INJ:GRAT:        0.0:        0.0:        0.0:        0.0:        0.0:        0.0:      322.4:   216925.6:
:--------:-----------:--------:----:-----------:-----------:-----------:-----------:-----------:-----------:-----------:-----------:


Report step 106/120 at day 3224/3650, date = 30-Oct-2023

Starting time step 0, stepsize 30 days, at day 3224/3254, date = 30-Oct-2023

Warning: Keyword 'WELLS' is unhandled for output to restart file.
 Newton its= 3, linearizations= 4 (0.0sec), linear its=  5 (0.0sec)
Restart file written for report step 106/120, date = 30-Oct-2023 00:00:00

                              **************************************************************************
  WELLS    AT      3254  DAYS *                 SPE1 - CASE 1                                          *
  REPORT  107    29 Nov 2023  *                                             Flow  version 2025.10-pre  *
                              **************************************************************************


======================================================= PRODUCTION REPORT =======================================================
:  WELL  : LOCATION  :CTRL:    OIL    :   WATER   :    GAS    :   FLUID   :   WATER   : GAS/OIL  :  WAT/GAS   : BHP OR : THP OR :
:  NAME  :  (I,J,K)  :MODE:   RATE    :   RATE    :   RATE    : RES.VOL.  :    CUT    :  RATIO   :   RATIO    :CON.PR. :BLK.PR. :
:        :           :    :  STB/DAY  :  STB/DAY  : MSCF/DAY  :  RB/DAY   :           : MSCF/STB :  STB/MSCF  :  PSIA  :  PSIA  :
=================================================================================================================================
:FIELD   :           :    :     6328.7:       -0.0:   116362.7:   102066.9:     -0.000:     18.39:      0.0000:        :        :
:G1      :           :    :     6328.7:       -0.0:   116362.7:   102066.9:     -0.000:     18.39:      0.0000:        :        :
:PROD    : 10, 10    :ORAT:     6328.7:       -0.0:   116362.7:   102066.9:     -0.000:     18.39:      0.0000:  1000.0:     0.0:
:--------:-----------:----:-----------:-----------:-----------:-----------:-----------:----------:------------:--------:--------:

============================================= INJECTION REPORT ==============================================
:  WELL  : LOCATION  : CTRL : CTRL : CTRL :    OIL    :   WATER   :    GAS    :   FLUID   : BHP OR : THP OR :
:  NAME  :  (I,J,K)  : MODE : MODE : MODE :   RATE    :   RATE    :   RATE    : RES.VOL.  :CON.PR. :BLK.PR. :
:        :           : OIL  : WAT  : GAS  :  STB/DAY  :  STB/DAY  : MSCF/DAY  :  RB/DAY   :  PSIA  :  PSIA  :
=============================================================================================================
:FIELD   :           :      :      :      :        0.0:        0.0:   100000.0:    84190.8:        :        :
:G1      :           :      :      :      :        0.0:        0.0:   100000.0:    84190.8:        :        :
:INJ     :  1,  1    :      :      :  GRAT:        0.0:        0.0:   100000.0:    84190.8:  4429.0:     0.0:
:--------:-----------:------:------:------:-----------:-----------:-----------:-----------:--------:--------:

============================================== CUMULATIVE PRODUCTION/INJECTION TOTALS ==============================================
:  WELL  : LOCATION  :  WELL  :CTRL:    OIL    :   WATER   :    GAS    :   Prod    :    OIL    :   WATER   :    GAS    :    INJ    :
:  NAME  :  (I,J,K)  :  TYPE  :MODE:   PROD    :   PROD    :   PROD    : RES.VOL.  :    INJ    :    INJ    :    INJ    : RES.VOL.  :
:        :           :        :    :   MSTB    :   MSTB    :   MMSCF   :    MRB    :   MSTB    :   MSTB    :   MMSCF   :    MRB    :
====================================================================================================================================
:FIELD   :           :        :    :    43549.3:        0.0:      308.2:   250757.8:        0.0:        0.0:      325.4:   219451.3:
:G1      :           :        :    :    43549.3:        0.0:      308.2:   250757.8:        0.0:        0.0:      325.4:   219451.3:
:PROD    : 10, 10    :    PROD:ORAT:    43549.3:        0.0:      308.2:   250757.8:        0.0:        0.0:        0.0:        0.0:
:INJ     :  1,  1    :     INJ:GRAT:        0.0:        0.0:        0.0:        0.0:        0.0:        0.0:      325.4:   219451.3:
:--------:-----------:--------:----:-----------:-----------:-----------:-----------:-----------:-----------:-----------:-----------:


Report step 107/120 at day 3254/3650, date = 29-Nov-2023

Starting time step 0, stepsize 31 days, at day 3254/3285, date = 29-Nov-2023

Warning: Keyword 'WELLS' is unhandled for output to restart file.
 Newton its= 2, linearizations= 3 (0.0sec), linear its=  3 (0.0sec)
Restart file written for report step 107/120, date = 29-Nov-2023 00:00:00

                              **************************************************************************
  WELLS    AT      3285  DAYS *                 SPE1 - CASE 1                                          *
  REPORT  108    30 Dec 2023  *                                             Flow  version 2025.10-pre  *
                              **************************************************************************


======================================================= PRODUCTION REPORT =======================================================
:  WELL  : LOCATION  :CTRL:    OIL    :   WATER   :    GAS    :   FLUID   :   WATER   : GAS/OIL  :  WAT/GAS   : BHP OR : THP OR :
:  NAME  :  (I,J,K)  :MODE:   RATE    :   RATE    :   RATE    : RES.VOL.  :    CUT    :  RATIO   :   RATIO    :CON.PR. :BLK.PR. :
:        :           :    :  STB/DAY  :  STB/DAY  : MSCF/DAY  :  RB/DAY   :           : MSCF/STB :  STB/MSCF  :  PSIA  :  PSIA  :
=================================================================================================================================
:FIELD   :           :    :     6262.0:       -0.0:   116716.1:   102566.2:     -0.000:     18.64:      0.0000:        :        :
:G1      :           :    :     6262.0:       -0.0:   116716.1:   102566.2:     -0.000:     18.64:      0.0000:        :        :
:PROD    : 10, 10    :ORAT:     6262.0:       -0.0:   116716.1:   102566.2:     -0.000:     18.64:      0.0000:  1000.0:     0.0:
:--------:-----------:----:-----------:-----------:-----------:-----------:-----------:----------:------------:--------:--------:

============================================= INJECTION REPORT ==============================================
:  WELL  : LOCATION  : CTRL : CTRL : CTRL :    OIL    :   WATER   :    GAS    :   FLUID   : BHP OR : THP OR :
:  NAME  :  (I,J,K)  : MODE : MODE : MODE :   RATE    :   RATE    :   RATE    : RES.VOL.  :CON.PR. :BLK.PR. :
:        :           : OIL  : WAT  : GAS  :  STB/DAY  :  STB/DAY  : MSCF/DAY  :  RB/DAY   :  PSIA  :  PSIA  :
=============================================================================================================
:FIELD   :           :      :      :      :        0.0:        0.0:   100000.0:    84407.4:        :        :
:G1      :           :      :      :      :        0.0:        0.0:   100000.0:    84407.4:        :        :
:INJ     :  1,  1    :      :      :  GRAT:        0.0:        0.0:   100000.0:    84407.4:  4418.0:     0.0:
:--------:-----------:------:------:------:-----------:-----------:-----------:-----------:--------:--------:

============================================== CUMULATIVE PRODUCTION/INJECTION TOTALS ==============================================
:  WELL  : LOCATION  :  WELL  :CTRL:    OIL    :   WATER   :    GAS    :   Prod    :    OIL    :   WATER   :    GAS    :    INJ    :
:  NAME  :  (I,J,K)  :  TYPE  :MODE:   PROD    :   PROD    :   PROD    : RES.VOL.  :    INJ    :    INJ    :    INJ    : RES.VOL.  :
:        :           :        :    :   MSTB    :   MSTB    :   MMSCF   :    MRB    :   MSTB    :   MSTB    :   MMSCF   :    MRB    :
====================================================================================================================================
:FIELD   :           :        :    :    43743.4:        0.0:      311.8:   253937.4:        0.0:        0.0:      328.5:   222068.0:
:G1      :           :        :    :    43743.4:        0.0:      311.8:   253937.4:        0.0:        0.0:      328.5:   222068.0:
:PROD    : 10, 10    :    PROD:ORAT:    43743.4:        0.0:      311.8:   253937.4:        0.0:        0.0:        0.0:        0.0:
:INJ     :  1,  1    :     INJ:GRAT:        0.0:        0.0:        0.0:        0.0:        0.0:        0.0:      328.5:   222068.0:
:--------:-----------:--------:----:-----------:-----------:-----------:-----------:-----------:-----------:-----------:-----------:


Report step 108/120 at day 3285/3650, date = 30-Dec-2023

Starting time step 0, stepsize 31 days, at day 3285/3316, date = 30-Dec-2023

Warning: Keyword 'WELLS' is unhandled for output to restart file.
 Newton its= 3, linearizations= 4 (0.0sec), linear its=  4 (0.0sec)
Restart file written for report step 108/120, date = 30-Dec-2023 00:00:00

                              **************************************************************************
  WELLS    AT      3316  DAYS *                 SPE1 - CASE 1                                          *
  REPORT  109    30 Jan 2024  *                                             Flow  version 2025.10-pre  *
                              **************************************************************************


======================================================= PRODUCTION REPORT =======================================================
:  WELL  : LOCATION  :CTRL:    OIL    :   WATER   :    GAS    :   FLUID   :   WATER   : GAS/OIL  :  WAT/GAS   : BHP OR : THP OR :
:  NAME  :  (I,J,K)  :MODE:   RATE    :   RATE    :   RATE    : RES.VOL.  :    CUT    :  RATIO   :   RATIO    :CON.PR. :BLK.PR. :
:        :           :    :  STB/DAY  :  STB/DAY  : MSCF/DAY  :  RB/DAY   :           : MSCF/STB :  STB/MSCF  :  PSIA  :  PSIA  :
=================================================================================================================================
:FIELD   :           :    :     6195.2:       -0.0:   117065.9:   103074.7:     -0.000:     18.90:      0.0000:        :        :
:G1      :           :    :     6195.2:       -0.0:   117065.9:   103074.7:     -0.000:     18.90:      0.0000:        :        :
:PROD    : 10, 10    :ORAT:     6195.2:       -0.0:   117065.9:   103074.7:     -0.000:     18.90:      0.0000:  1000.0:     0.0:
:--------:-----------:----:-----------:-----------:-----------:-----------:-----------:----------:------------:--------:--------:

============================================= INJECTION REPORT ==============================================
:  WELL  : LOCATION  : CTRL : CTRL : CTRL :    OIL    :   WATER   :    GAS    :   FLUID   : BHP OR : THP OR :
:  NAME  :  (I,J,K)  : MODE : MODE : MODE :   RATE    :   RATE    :   RATE    : RES.VOL.  :CON.PR. :BLK.PR. :
:        :           : OIL  : WAT  : GAS  :  STB/DAY  :  STB/DAY  : MSCF/DAY  :  RB/DAY   :  PSIA  :  PSIA  :
=============================================================================================================
:FIELD   :           :      :      :      :        0.0:        0.0:   100000.0:    84633.5:        :        :
:G1      :           :      :      :      :        0.0:        0.0:   100000.0:    84633.5:        :        :
:INJ     :  1,  1    :      :      :  GRAT:        0.0:        0.0:   100000.0:    84633.5:  4406.9:     0.0:
:--------:-----------:------:------:------:-----------:-----------:-----------:-----------:--------:--------:

============================================== CUMULATIVE PRODUCTION/INJECTION TOTALS ==============================================
:  WELL  : LOCATION  :  WELL  :CTRL:    OIL    :   WATER   :    GAS    :   Prod    :    OIL    :   WATER   :    GAS    :    INJ    :
:  NAME  :  (I,J,K)  :  TYPE  :MODE:   PROD    :   PROD    :   PROD    : RES.VOL.  :    INJ    :    INJ    :    INJ    : RES.VOL.  :
:        :           :        :    :   MSTB    :   MSTB    :   MMSCF   :    MRB    :   MSTB    :   MSTB    :   MMSCF   :    MRB    :
====================================================================================================================================
:FIELD   :           :        :    :    43935.4:        0.0:      315.5:   257132.7:        0.0:        0.0:      331.6:   224691.6:
:G1      :           :        :    :    43935.4:        0.0:      315.5:   257132.7:        0.0:        0.0:      331.6:   224691.6:
:PROD    : 10, 10    :    PROD:ORAT:    43935.4:        0.0:      315.5:   257132.7:        0.0:        0.0:        0.0:        0.0:
:INJ     :  1,  1    :     INJ:GRAT:        0.0:        0.0:        0.0:        0.0:        0.0:        0.0:      331.6:   224691.6:
:--------:-----------:--------:----:-----------:-----------:-----------:-----------:-----------:-----------:-----------:-----------:


Report step 109/120 at day 3316/3650, date = 30-Jan-2024

Starting time step 0, stepsize 28 days, at day 3316/3344, date = 30-Jan-2024

Warning: Keyword 'WELLS' is unhandled for output to restart file.
 Newton its= 2, linearizations= 3 (0.0sec), linear its=  3 (0.0sec)
Restart file written for report step 109/120, date = 30-Jan-2024 00:00:00

                              **************************************************************************
  WELLS    AT      3344  DAYS *                 SPE1 - CASE 1                                          *
  REPORT  110    27 Feb 2024  *                                             Flow  version 2025.10-pre  *
                              **************************************************************************


======================================================= PRODUCTION REPORT =======================================================
:  WELL  : LOCATION  :CTRL:    OIL    :   WATER   :    GAS    :   FLUID   :   WATER   : GAS/OIL  :  WAT/GAS   : BHP OR : THP OR :
:  NAME  :  (I,J,K)  :MODE:   RATE    :   RATE    :   RATE    : RES.VOL.  :    CUT    :  RATIO   :   RATIO    :CON.PR. :BLK.PR. :
:        :           :    :  STB/DAY  :  STB/DAY  : MSCF/DAY  :  RB/DAY   :           : MSCF/STB :  STB/MSCF  :  PSIA  :  PSIA  :
=================================================================================================================================
:FIELD   :           :    :     6135.0:       -0.0:   117364.2:   103547.8:     -0.000:     19.13:      0.0000:        :        :
:G1      :           :    :     6135.0:       -0.0:   117364.2:   103547.8:     -0.000:     19.13:      0.0000:        :        :
:PROD    : 10, 10    :ORAT:     6135.0:       -0.0:   117364.2:   103547.8:     -0.000:     19.13:      0.0000:  1000.0:     0.0:
:--------:-----------:----:-----------:-----------:-----------:-----------:-----------:----------:------------:--------:--------:

============================================= INJECTION REPORT ==============================================
:  WELL  : LOCATION  : CTRL : CTRL : CTRL :    OIL    :   WATER   :    GAS    :   FLUID   : BHP OR : THP OR :
:  NAME  :  (I,J,K)  : MODE : MODE : MODE :   RATE    :   RATE    :   RATE    : RES.VOL.  :CON.PR. :BLK.PR. :
:        :           : OIL  : WAT  : GAS  :  STB/DAY  :  STB/DAY  : MSCF/DAY  :  RB/DAY   :  PSIA  :  PSIA  :
=============================================================================================================
:FIELD   :           :      :      :      :        0.0:        0.0:   100000.0:    84861.3:        :        :
:G1      :           :      :      :      :        0.0:        0.0:   100000.0:    84861.3:        :        :
:INJ     :  1,  1    :      :      :  GRAT:        0.0:        0.0:   100000.0:    84861.3:  4396.9:     0.0:
:--------:-----------:------:------:------:-----------:-----------:-----------:-----------:--------:--------:

============================================== CUMULATIVE PRODUCTION/INJECTION TOTALS ==============================================
:  WELL  : LOCATION  :  WELL  :CTRL:    OIL    :   WATER   :    GAS    :   Prod    :    OIL    :   WATER   :    GAS    :    INJ    :
:  NAME  :  (I,J,K)  :  TYPE  :MODE:   PROD    :   PROD    :   PROD    : RES.VOL.  :    INJ    :    INJ    :    INJ    : RES.VOL.  :
:        :           :        :    :   MSTB    :   MSTB    :   MMSCF   :    MRB    :   MSTB    :   MSTB    :   MMSCF   :    MRB    :
====================================================================================================================================
:FIELD   :           :        :    :    44107.2:        0.0:      318.7:   260032.0:        0.0:        0.0:      334.4:   227067.7:
:G1      :           :        :    :    44107.2:        0.0:      318.7:   260032.0:        0.0:        0.0:      334.4:   227067.7:
:PROD    : 10, 10    :    PROD:ORAT:    44107.2:        0.0:      318.7:   260032.0:        0.0:        0.0:        0.0:        0.0:
:INJ     :  1,  1    :     INJ:GRAT:        0.0:        0.0:        0.0:        0.0:        0.0:        0.0:      334.4:   227067.7:
:--------:-----------:--------:----:-----------:-----------:-----------:-----------:-----------:-----------:-----------:-----------:


Report step 110/120 at day 3344/3650, date = 27-Feb-2024

Starting time step 0, stepsize 31 days, at day 3344/3375, date = 27-Feb-2024

Warning: Keyword 'WELLS' is unhandled for output to restart file.
 Newton its= 2, linearizations= 3 (0.0sec), linear its=  3 (0.0sec)
Restart file written for report step 110/120, date = 27-Feb-2024 00:00:00

                              **************************************************************************
  WELLS    AT      3375  DAYS *                 SPE1 - CASE 1                                          *
  REPORT  111    29 Mar 2024  *                                             Flow  version 2025.10-pre  *
                              **************************************************************************


======================================================= PRODUCTION REPORT =======================================================
:  WELL  : LOCATION  :CTRL:    OIL    :   WATER   :    GAS    :   FLUID   :   WATER   : GAS/OIL  :  WAT/GAS   : BHP OR : THP OR :
:  NAME  :  (I,J,K)  :MODE:   RATE    :   RATE    :   RATE    : RES.VOL.  :    CUT    :  RATIO   :   RATIO    :CON.PR. :BLK.PR. :
:        :           :    :  STB/DAY  :  STB/DAY  : MSCF/DAY  :  RB/DAY   :           : MSCF/STB :  STB/MSCF  :  PSIA  :  PSIA  :
=================================================================================================================================
:FIELD   :           :    :     6069.2:       -0.0:   117677.7:   104008.6:     -0.000:     19.39:      0.0000:        :        :
:G1      :           :    :     6069.2:       -0.0:   117677.7:   104008.6:     -0.000:     19.39:      0.0000:        :        :
:PROD    : 10, 10    :ORAT:     6069.2:       -0.0:   117677.7:   104008.6:     -0.000:     19.39:      0.0000:  1000.0:     0.0:
:--------:-----------:----:-----------:-----------:-----------:-----------:-----------:----------:------------:--------:--------:

============================================= INJECTION REPORT ==============================================
:  WELL  : LOCATION  : CTRL : CTRL : CTRL :    OIL    :   WATER   :    GAS    :   FLUID   : BHP OR : THP OR :
:  NAME  :  (I,J,K)  : MODE : MODE : MODE :   RATE    :   RATE    :   RATE    : RES.VOL.  :CON.PR. :BLK.PR. :
:        :           : OIL  : WAT  : GAS  :  STB/DAY  :  STB/DAY  : MSCF/DAY  :  RB/DAY   :  PSIA  :  PSIA  :
=============================================================================================================
:FIELD   :           :      :      :      :        0.0:        0.0:   100000.0:    85068.8:        :        :
:G1      :           :      :      :      :        0.0:        0.0:   100000.0:    85068.8:        :        :
:INJ     :  1,  1    :      :      :  GRAT:        0.0:        0.0:   100000.0:    85068.8:  4385.7:     0.0:
:--------:-----------:------:------:------:-----------:-----------:-----------:-----------:--------:--------:

============================================== CUMULATIVE PRODUCTION/INJECTION TOTALS ==============================================
:  WELL  : LOCATION  :  WELL  :CTRL:    OIL    :   WATER   :    GAS    :   Prod    :    OIL    :   WATER   :    GAS    :    INJ    :
:  NAME  :  (I,J,K)  :  TYPE  :MODE:   PROD    :   PROD    :   PROD    : RES.VOL.  :    INJ    :    INJ    :    INJ    : RES.VOL.  :
:        :           :        :    :   MSTB    :   MSTB    :   MMSCF   :    MRB    :   MSTB    :   MSTB    :   MMSCF   :    MRB    :
====================================================================================================================================
:FIELD   :           :        :    :    44295.4:        0.0:      322.4:   263256.3:        0.0:        0.0:      337.5:   229704.8:
:G1      :           :        :    :    44295.4:        0.0:      322.4:   263256.3:        0.0:        0.0:      337.5:   229704.8:
:PROD    : 10, 10    :    PROD:ORAT:    44295.4:        0.0:      322.4:   263256.3:        0.0:        0.0:        0.0:        0.0:
:INJ     :  1,  1    :     INJ:GRAT:        0.0:        0.0:        0.0:        0.0:        0.0:        0.0:      337.5:   229704.8:
:--------:-----------:--------:----:-----------:-----------:-----------:-----------:-----------:-----------:-----------:-----------:


Report step 111/120 at day 3375/3650, date = 29-Mar-2024

Starting time step 0, stepsize 30 days, at day 3375/3405, date = 29-Mar-2024

Warning: Keyword 'WELLS' is unhandled for output to restart file.
 Newton its= 3, linearizations= 4 (0.0sec), linear its=  4 (0.0sec)
Restart file written for report step 111/120, date = 29-Mar-2024 00:00:00

                              **************************************************************************
  WELLS    AT      3405  DAYS *                 SPE1 - CASE 1                                          *
  REPORT  112    28 Apr 2024  *                                             Flow  version 2025.10-pre  *
                              **************************************************************************


======================================================= PRODUCTION REPORT =======================================================
:  WELL  : LOCATION  :CTRL:    OIL    :   WATER   :    GAS    :   FLUID   :   WATER   : GAS/OIL  :  WAT/GAS   : BHP OR : THP OR :
:  NAME  :  (I,J,K)  :MODE:   RATE    :   RATE    :   RATE    : RES.VOL.  :    CUT    :  RATIO   :   RATIO    :CON.PR. :BLK.PR. :
:        :           :    :  STB/DAY  :  STB/DAY  : MSCF/DAY  :  RB/DAY   :           : MSCF/STB :  STB/MSCF  :  PSIA  :  PSIA  :
=================================================================================================================================
:FIELD   :           :    :     6008.1:       -0.0:   117946.0:   104462.4:     -0.000:     19.63:      0.0000:        :        :
:G1      :           :    :     6008.1:       -0.0:   117946.0:   104462.4:     -0.000:     19.63:      0.0000:        :        :
:PROD    : 10, 10    :ORAT:     6008.1:       -0.0:   117946.0:   104462.4:     -0.000:     19.63:      0.0000:  1000.0:     0.0:
:--------:-----------:----:-----------:-----------:-----------:-----------:-----------:----------:------------:--------:--------:

============================================= INJECTION REPORT ==============================================
:  WELL  : LOCATION  : CTRL : CTRL : CTRL :    OIL    :   WATER   :    GAS    :   FLUID   : BHP OR : THP OR :
:  NAME  :  (I,J,K)  : MODE : MODE : MODE :   RATE    :   RATE    :   RATE    : RES.VOL.  :CON.PR. :BLK.PR. :
:        :           : OIL  : WAT  : GAS  :  STB/DAY  :  STB/DAY  : MSCF/DAY  :  RB/DAY   :  PSIA  :  PSIA  :
=============================================================================================================
:FIELD   :           :      :      :      :        0.0:        0.0:   100000.0:    85299.8:        :        :
:G1      :           :      :      :      :        0.0:        0.0:   100000.0:    85299.8:        :        :
:INJ     :  1,  1    :      :      :  GRAT:        0.0:        0.0:   100000.0:    85299.8:  4374.7:     0.0:
:--------:-----------:------:------:------:-----------:-----------:-----------:-----------:--------:--------:

============================================== CUMULATIVE PRODUCTION/INJECTION TOTALS ==============================================
:  WELL  : LOCATION  :  WELL  :CTRL:    OIL    :   WATER   :    GAS    :   Prod    :    OIL    :   WATER   :    GAS    :    INJ    :
:  NAME  :  (I,J,K)  :  TYPE  :MODE:   PROD    :   PROD    :   PROD    : RES.VOL.  :    INJ    :    INJ    :    INJ    : RES.VOL.  :
:        :           :        :    :   MSTB    :   MSTB    :   MMSCF   :    MRB    :   MSTB    :   MSTB    :   MMSCF   :    MRB    :
====================================================================================================================================
:FIELD   :           :        :    :    44475.6:        0.0:      325.9:   266390.2:        0.0:        0.0:      340.5:   232263.8:
:G1      :           :        :    :    44475.6:        0.0:      325.9:   266390.2:        0.0:        0.0:      340.5:   232263.8:
:PROD    : 10, 10    :    PROD:ORAT:    44475.6:        0.0:      325.9:   266390.2:        0.0:        0.0:        0.0:        0.0:
:INJ     :  1,  1    :     INJ:GRAT:        0.0:        0.0:        0.0:        0.0:        0.0:        0.0:      340.5:   232263.8:
:--------:-----------:--------:----:-----------:-----------:-----------:-----------:-----------:-----------:-----------:-----------:


Report step 112/120 at day 3405/3650, date = 28-Apr-2024

Starting time step 0, stepsize 31 days, at day 3405/3436, date = 28-Apr-2024

Warning: Keyword 'WELLS' is unhandled for output to restart file.
 Newton its= 2, linearizations= 3 (0.0sec), linear its=  3 (0.0sec)
Restart file written for report step 112/120, date = 28-Apr-2024 00:00:00

                              **************************************************************************
  WELLS    AT      3436  DAYS *                 SPE1 - CASE 1                                          *
  REPORT  113    29 May 2024  *                                             Flow  version 2025.10-pre  *
                              **************************************************************************


======================================================= PRODUCTION REPORT =======================================================
:  WELL  : LOCATION  :CTRL:    OIL    :   WATER   :    GAS    :   FLUID   :   WATER   : GAS/OIL  :  WAT/GAS   : BHP OR : THP OR :
:  NAME  :  (I,J,K)  :MODE:   RATE    :   RATE    :   RATE    : RES.VOL.  :    CUT    :  RATIO   :   RATIO    :CON.PR. :BLK.PR. :
:        :           :    :  STB/DAY  :  STB/DAY  : MSCF/DAY  :  RB/DAY   :           : MSCF/STB :  STB/MSCF  :  PSIA  :  PSIA  :
=================================================================================================================================
:FIELD   :           :    :     5950.9:       -0.0:   118134.1:   104845.2:     -0.000:     19.85:      0.0000:        :        :
:G1      :           :    :     5950.9:       -0.0:   118134.1:   104845.2:     -0.000:     19.85:      0.0000:        :        :
:PROD    : 10, 10    :ORAT:     5950.9:       -0.0:   118134.1:   104845.2:     -0.000:     19.85:      0.0000:  1000.0:     0.0:
:--------:-----------:----:-----------:-----------:-----------:-----------:-----------:----------:------------:--------:--------:

============================================= INJECTION REPORT ==============================================
:  WELL  : LOCATION  : CTRL : CTRL : CTRL :    OIL    :   WATER   :    GAS    :   FLUID   : BHP OR : THP OR :
:  NAME  :  (I,J,K)  : MODE : MODE : MODE :   RATE    :   RATE    :   RATE    : RES.VOL.  :CON.PR. :BLK.PR. :
:        :           : OIL  : WAT  : GAS  :  STB/DAY  :  STB/DAY  : MSCF/DAY  :  RB/DAY   :  PSIA  :  PSIA  :
=============================================================================================================
:FIELD   :           :      :      :      :        0.0:        0.0:   100000.0:    85525.2:        :        :
:G1      :           :      :      :      :        0.0:        0.0:   100000.0:    85525.2:        :        :
:INJ     :  1,  1    :      :      :  GRAT:        0.0:        0.0:   100000.0:    85525.2:  4363.4:     0.0:
:--------:-----------:------:------:------:-----------:-----------:-----------:-----------:--------:--------:

============================================== CUMULATIVE PRODUCTION/INJECTION TOTALS ==============================================
:  WELL  : LOCATION  :  WELL  :CTRL:    OIL    :   WATER   :    GAS    :   Prod    :    OIL    :   WATER   :    GAS    :    INJ    :
:  NAME  :  (I,J,K)  :  TYPE  :MODE:   PROD    :   PROD    :   PROD    : RES.VOL.  :    INJ    :    INJ    :    INJ    : RES.VOL.  :
:        :           :        :    :   MSTB    :   MSTB    :   MMSCF   :    MRB    :   MSTB    :   MSTB    :   MMSCF   :    MRB    :
====================================================================================================================================
:FIELD   :           :        :    :    44660.1:        0.0:      329.6:   269640.4:        0.0:        0.0:      343.6:   234915.1:
:G1      :           :        :    :    44660.1:        0.0:      329.6:   269640.4:        0.0:        0.0:      343.6:   234915.1:
:PROD    : 10, 10    :    PROD:ORAT:    44660.1:        0.0:      329.6:   269640.4:        0.0:        0.0:        0.0:        0.0:
:INJ     :  1,  1    :     INJ:GRAT:        0.0:        0.0:        0.0:        0.0:        0.0:        0.0:      343.6:   234915.1:
:--------:-----------:--------:----:-----------:-----------:-----------:-----------:-----------:-----------:-----------:-----------:


Report step 113/120 at day 3436/3650, date = 29-May-2024

Starting time step 0, stepsize 30 days, at day 3436/3466, date = 29-May-2024

Warning: Keyword 'WELLS' is unhandled for output to restart file.
 Newton its= 2, linearizations= 3 (0.0sec), linear its=  3 (0.0sec)
Restart file written for report step 113/120, date = 29-May-2024 00:00:00

                              **************************************************************************
  WELLS    AT      3466  DAYS *                 SPE1 - CASE 1                                          *
  REPORT  114    28 Jun 2024  *                                             Flow  version 2025.10-pre  *
                              **************************************************************************


======================================================= PRODUCTION REPORT =======================================================
:  WELL  : LOCATION  :CTRL:    OIL    :   WATER   :    GAS    :   FLUID   :   WATER   : GAS/OIL  :  WAT/GAS   : BHP OR : THP OR :
:  NAME  :  (I,J,K)  :MODE:   RATE    :   RATE    :   RATE    : RES.VOL.  :    CUT    :  RATIO   :   RATIO    :CON.PR. :BLK.PR. :
:        :           :    :  STB/DAY  :  STB/DAY  : MSCF/DAY  :  RB/DAY   :           : MSCF/STB :  STB/MSCF  :  PSIA  :  PSIA  :
=================================================================================================================================
:FIELD   :           :    :     5897.5:       -0.0:   118302.1:   105223.9:     -0.000:     20.06:      0.0000:        :        :
:G1      :           :    :     5897.5:       -0.0:   118302.1:   105223.9:     -0.000:     20.06:      0.0000:        :        :
:PROD    : 10, 10    :ORAT:     5897.5:       -0.0:   118302.1:   105223.9:     -0.000:     20.06:      0.0000:  1000.0:     0.0:
:--------:-----------:----:-----------:-----------:-----------:-----------:-----------:----------:------------:--------:--------:

============================================= INJECTION REPORT ==============================================
:  WELL  : LOCATION  : CTRL : CTRL : CTRL :    OIL    :   WATER   :    GAS    :   FLUID   : BHP OR : THP OR :
:  NAME  :  (I,J,K)  : MODE : MODE : MODE :   RATE    :   RATE    :   RATE    : RES.VOL.  :CON.PR. :BLK.PR. :
:        :           : OIL  : WAT  : GAS  :  STB/DAY  :  STB/DAY  : MSCF/DAY  :  RB/DAY   :  PSIA  :  PSIA  :
=============================================================================================================
:FIELD   :           :      :      :      :        0.0:        0.0:   100000.0:    85758.9:        :        :
:G1      :           :      :      :      :        0.0:        0.0:   100000.0:    85758.9:        :        :
:INJ     :  1,  1    :      :      :  GRAT:        0.0:        0.0:   100000.0:    85758.9:  4352.3:     0.0:
:--------:-----------:------:------:------:-----------:-----------:-----------:-----------:--------:--------:

============================================== CUMULATIVE PRODUCTION/INJECTION TOTALS ==============================================
:  WELL  : LOCATION  :  WELL  :CTRL:    OIL    :   WATER   :    GAS    :   Prod    :    OIL    :   WATER   :    GAS    :    INJ    :
:  NAME  :  (I,J,K)  :  TYPE  :MODE:   PROD    :   PROD    :   PROD    : RES.VOL.  :    INJ    :    INJ    :    INJ    : RES.VOL.  :
:        :           :        :    :   MSTB    :   MSTB    :   MMSCF   :    MRB    :   MSTB    :   MSTB    :   MMSCF   :    MRB    :
====================================================================================================================================
:FIELD   :           :        :    :    44837.0:        0.0:      333.1:   272797.1:        0.0:        0.0:      346.6:   237487.9:
:G1      :           :        :    :    44837.0:        0.0:      333.1:   272797.1:        0.0:        0.0:      346.6:   237487.9:
:PROD    : 10, 10    :    PROD:ORAT:    44837.0:        0.0:      333.1:   272797.1:        0.0:        0.0:        0.0:        0.0:
:INJ     :  1,  1    :     INJ:GRAT:        0.0:        0.0:        0.0:        0.0:        0.0:        0.0:      346.6:   237487.9:
:--------:-----------:--------:----:-----------:-----------:-----------:-----------:-----------:-----------:-----------:-----------:


Report step 114/120 at day 3466/3650, date = 28-Jun-2024

Starting time step 0, stepsize 31 days, at day 3466/3497, date = 28-Jun-2024

Warning: Keyword 'WELLS' is unhandled for output to restart file.
 Newton its= 2, linearizations= 3 (0.0sec), linear its=  2 (0.0sec)
Restart file written for report step 114/120, date = 28-Jun-2024 00:00:00

                              **************************************************************************
  WELLS    AT      3497  DAYS *                 SPE1 - CASE 1                                          *
  REPORT  115    29 Jul 2024  *                                             Flow  version 2025.10-pre  *
                              **************************************************************************


======================================================= PRODUCTION REPORT =======================================================
:  WELL  : LOCATION  :CTRL:    OIL    :   WATER   :    GAS    :   FLUID   :   WATER   : GAS/OIL  :  WAT/GAS   : BHP OR : THP OR :
:  NAME  :  (I,J,K)  :MODE:   RATE    :   RATE    :   RATE    : RES.VOL.  :    CUT    :  RATIO   :   RATIO    :CON.PR. :BLK.PR. :
:        :           :    :  STB/DAY  :  STB/DAY  : MSCF/DAY  :  RB/DAY   :           : MSCF/STB :  STB/MSCF  :  PSIA  :  PSIA  :
=================================================================================================================================
:FIELD   :           :    :     5842.1:       -0.0:   118478.7:   105602.0:     -0.000:     20.28:      0.0000:        :        :
:G1      :           :    :     5842.1:       -0.0:   118478.7:   105602.0:     -0.000:     20.28:      0.0000:        :        :
:PROD    : 10, 10    :ORAT:     5842.1:       -0.0:   118478.7:   105602.0:     -0.000:     20.28:      0.0000:  1000.0:     0.0:
:--------:-----------:----:-----------:-----------:-----------:-----------:-----------:----------:------------:--------:--------:

============================================= INJECTION REPORT ==============================================
:  WELL  : LOCATION  : CTRL : CTRL : CTRL :    OIL    :   WATER   :    GAS    :   FLUID   : BHP OR : THP OR :
:  NAME  :  (I,J,K)  : MODE : MODE : MODE :   RATE    :   RATE    :   RATE    : RES.VOL.  :CON.PR. :BLK.PR. :
:        :           : OIL  : WAT  : GAS  :  STB/DAY  :  STB/DAY  : MSCF/DAY  :  RB/DAY   :  PSIA  :  PSIA  :
=============================================================================================================
:FIELD   :           :      :      :      :        0.0:        0.0:   100000.0:    85986.1:        :        :
:G1      :           :      :      :      :        0.0:        0.0:   100000.0:    85986.1:        :        :
:INJ     :  1,  1    :      :      :  GRAT:        0.0:        0.0:   100000.0:    85986.1:  4340.9:     0.0:
:--------:-----------:------:------:------:-----------:-----------:-----------:-----------:--------:--------:

============================================== CUMULATIVE PRODUCTION/INJECTION TOTALS ==============================================
:  WELL  : LOCATION  :  WELL  :CTRL:    OIL    :   WATER   :    GAS    :   Prod    :    OIL    :   WATER   :    GAS    :    INJ    :
:  NAME  :  (I,J,K)  :  TYPE  :MODE:   PROD    :   PROD    :   PROD    : RES.VOL.  :    INJ    :    INJ    :    INJ    : RES.VOL.  :
:        :           :        :    :   MSTB    :   MSTB    :   MMSCF   :    MRB    :   MSTB    :   MSTB    :   MMSCF   :    MRB    :
====================================================================================================================================
:FIELD   :           :        :    :    45018.1:        0.0:      336.8:   276070.8:        0.0:        0.0:      349.7:   240153.5:
:G1      :           :        :    :    45018.1:        0.0:      336.8:   276070.8:        0.0:        0.0:      349.7:   240153.5:
:PROD    : 10, 10    :    PROD:ORAT:    45018.1:        0.0:      336.8:   276070.8:        0.0:        0.0:        0.0:        0.0:
:INJ     :  1,  1    :     INJ:GRAT:        0.0:        0.0:        0.0:        0.0:        0.0:        0.0:      349.7:   240153.5:
:--------:-----------:--------:----:-----------:-----------:-----------:-----------:-----------:-----------:-----------:-----------:


Report step 115/120 at day 3497/3650, date = 29-Jul-2024

Starting time step 0, stepsize 31 days, at day 3497/3528, date = 29-Jul-2024

Warning: Keyword 'WELLS' is unhandled for output to restart file.
 Newton its= 2, linearizations= 3 (0.0sec), linear its=  2 (0.0sec)
Restart file written for report step 115/120, date = 29-Jul-2024 00:00:00

                              **************************************************************************
  WELLS    AT      3528  DAYS *                 SPE1 - CASE 1                                          *
  REPORT  116    29 Aug 2024  *                                             Flow  version 2025.10-pre  *
                              **************************************************************************


======================================================= PRODUCTION REPORT =======================================================
:  WELL  : LOCATION  :CTRL:    OIL    :   WATER   :    GAS    :   FLUID   :   WATER   : GAS/OIL  :  WAT/GAS   : BHP OR : THP OR :
:  NAME  :  (I,J,K)  :MODE:   RATE    :   RATE    :   RATE    : RES.VOL.  :    CUT    :  RATIO   :   RATIO    :CON.PR. :BLK.PR. :
:        :           :    :  STB/DAY  :  STB/DAY  : MSCF/DAY  :  RB/DAY   :           : MSCF/STB :  STB/MSCF  :  PSIA  :  PSIA  :
=================================================================================================================================
:FIELD   :           :    :     5785.6:       -0.0:   118661.1:   105995.3:     -0.000:     20.51:      0.0000:        :        :
:G1      :           :    :     5785.6:       -0.0:   118661.1:   105995.3:     -0.000:     20.51:      0.0000:        :        :
:PROD    : 10, 10    :ORAT:     5785.6:       -0.0:   118661.1:   105995.3:     -0.000:     20.51:      0.0000:  1000.0:     0.0:
:--------:-----------:----:-----------:-----------:-----------:-----------:-----------:----------:------------:--------:--------:

============================================= INJECTION REPORT ==============================================
:  WELL  : LOCATION  : CTRL : CTRL : CTRL :    OIL    :   WATER   :    GAS    :   FLUID   : BHP OR : THP OR :
:  NAME  :  (I,J,K)  : MODE : MODE : MODE :   RATE    :   RATE    :   RATE    : RES.VOL.  :CON.PR. :BLK.PR. :
:        :           : OIL  : WAT  : GAS  :  STB/DAY  :  STB/DAY  : MSCF/DAY  :  RB/DAY   :  PSIA  :  PSIA  :
=============================================================================================================
:FIELD   :           :      :      :      :        0.0:        0.0:   100000.0:    86221.6:        :        :
:G1      :           :      :      :      :        0.0:        0.0:   100000.0:    86221.6:        :        :
:INJ     :  1,  1    :      :      :  GRAT:        0.0:        0.0:   100000.0:    86221.6:  4329.5:     0.0:
:--------:-----------:------:------:------:-----------:-----------:-----------:-----------:--------:--------:

============================================== CUMULATIVE PRODUCTION/INJECTION TOTALS ==============================================
:  WELL  : LOCATION  :  WELL  :CTRL:    OIL    :   WATER   :    GAS    :   Prod    :    OIL    :   WATER   :    GAS    :    INJ    :
:  NAME  :  (I,J,K)  :  TYPE  :MODE:   PROD    :   PROD    :   PROD    : RES.VOL.  :    INJ    :    INJ    :    INJ    : RES.VOL.  :
:        :           :        :    :   MSTB    :   MSTB    :   MMSCF   :    MRB    :   MSTB    :   MSTB    :   MMSCF   :    MRB    :
====================================================================================================================================
:FIELD   :           :        :    :    45197.5:        0.0:      340.5:   279356.6:        0.0:        0.0:      352.8:   242826.3:
:G1      :           :        :    :    45197.5:        0.0:      340.5:   279356.6:        0.0:        0.0:      352.8:   242826.3:
:PROD    : 10, 10    :    PROD:ORAT:    45197.5:        0.0:      340.5:   279356.6:        0.0:        0.0:        0.0:        0.0:
:INJ     :  1,  1    :     INJ:GRAT:        0.0:        0.0:        0.0:        0.0:        0.0:        0.0:      352.8:   242826.3:
:--------:-----------:--------:----:-----------:-----------:-----------:-----------:-----------:-----------:-----------:-----------:


Report step 116/120 at day 3528/3650, date = 29-Aug-2024

Starting time step 0, stepsize 30 days, at day 3528/3558, date = 29-Aug-2024

Warning: Keyword 'WELLS' is unhandled for output to restart file.
 Newton its= 2, linearizations= 3 (0.0sec), linear its=  2 (0.0sec)
Restart file written for report step 116/120, date = 29-Aug-2024 00:00:00

                              **************************************************************************
  WELLS    AT      3558  DAYS *                 SPE1 - CASE 1                                          *
  REPORT  117    28 Sep 2024  *                                             Flow  version 2025.10-pre  *
                              **************************************************************************


======================================================= PRODUCTION REPORT =======================================================
:  WELL  : LOCATION  :CTRL:    OIL    :   WATER   :    GAS    :   FLUID   :   WATER   : GAS/OIL  :  WAT/GAS   : BHP OR : THP OR :
:  NAME  :  (I,J,K)  :MODE:   RATE    :   RATE    :   RATE    : RES.VOL.  :    CUT    :  RATIO   :   RATIO    :CON.PR. :BLK.PR. :
:        :           :    :  STB/DAY  :  STB/DAY  : MSCF/DAY  :  RB/DAY   :           : MSCF/STB :  STB/MSCF  :  PSIA  :  PSIA  :
=================================================================================================================================
:FIELD   :           :    :     5730.2:       -0.0:   118840.5:   106387.9:     -0.000:     20.74:      0.0000:        :        :
:G1      :           :    :     5730.2:       -0.0:   118840.5:   106387.9:     -0.000:     20.74:      0.0000:        :        :
:PROD    : 10, 10    :ORAT:     5730.2:       -0.0:   118840.5:   106387.9:     -0.000:     20.74:      0.0000:  1000.0:     0.0:
:--------:-----------:----:-----------:-----------:-----------:-----------:-----------:----------:------------:--------:--------:

============================================= INJECTION REPORT ==============================================
:  WELL  : LOCATION  : CTRL : CTRL : CTRL :    OIL    :   WATER   :    GAS    :   FLUID   : BHP OR : THP OR :
:  NAME  :  (I,J,K)  : MODE : MODE : MODE :   RATE    :   RATE    :   RATE    : RES.VOL.  :CON.PR. :BLK.PR. :
:        :           : OIL  : WAT  : GAS  :  STB/DAY  :  STB/DAY  : MSCF/DAY  :  RB/DAY   :  PSIA  :  PSIA  :
=============================================================================================================
:FIELD   :           :      :      :      :        0.0:        0.0:   100000.0:    86457.3:        :        :
:G1      :           :      :      :      :        0.0:        0.0:   100000.0:    86457.3:        :        :
:INJ     :  1,  1    :      :      :  GRAT:        0.0:        0.0:   100000.0:    86457.3:  4318.5:     0.0:
:--------:-----------:------:------:------:-----------:-----------:-----------:-----------:--------:--------:

============================================== CUMULATIVE PRODUCTION/INJECTION TOTALS ==============================================
:  WELL  : LOCATION  :  WELL  :CTRL:    OIL    :   WATER   :    GAS    :   Prod    :    OIL    :   WATER   :    GAS    :    INJ    :
:  NAME  :  (I,J,K)  :  TYPE  :MODE:   PROD    :   PROD    :   PROD    : RES.VOL.  :    INJ    :    INJ    :    INJ    : RES.VOL.  :
:        :           :        :    :   MSTB    :   MSTB    :   MMSCF   :    MRB    :   MSTB    :   MSTB    :   MMSCF   :    MRB    :
====================================================================================================================================
:FIELD   :           :        :    :    45369.4:        0.0:      344.1:   282548.2:        0.0:        0.0:      355.8:   245420.0:
:G1      :           :        :    :    45369.4:        0.0:      344.1:   282548.2:        0.0:        0.0:      355.8:   245420.0:
:PROD    : 10, 10    :    PROD:ORAT:    45369.4:        0.0:      344.1:   282548.2:        0.0:        0.0:        0.0:        0.0:
:INJ     :  1,  1    :     INJ:GRAT:        0.0:        0.0:        0.0:        0.0:        0.0:        0.0:      355.8:   245420.0:
:--------:-----------:--------:----:-----------:-----------:-----------:-----------:-----------:-----------:-----------:-----------:


Report step 117/120 at day 3558/3650, date = 28-Sep-2024

Starting time step 0, stepsize 31 days, at day 3558/3589, date = 28-Sep-2024

Warning: Keyword 'WELLS' is unhandled for output to restart file.
 Newton its= 2, linearizations= 3 (0.0sec), linear its=  2 (0.0sec)
Restart file written for report step 117/120, date = 28-Sep-2024 00:00:00

                              **************************************************************************
  WELLS    AT      3589  DAYS *                 SPE1 - CASE 1                                          *
  REPORT  118    29 Oct 2024  *                                             Flow  version 2025.10-pre  *
                              **************************************************************************


======================================================= PRODUCTION REPORT =======================================================
:  WELL  : LOCATION  :CTRL:    OIL    :   WATER   :    GAS    :   FLUID   :   WATER   : GAS/OIL  :  WAT/GAS   : BHP OR : THP OR :
:  NAME  :  (I,J,K)  :MODE:   RATE    :   RATE    :   RATE    : RES.VOL.  :    CUT    :  RATIO   :   RATIO    :CON.PR. :BLK.PR. :
:        :           :    :  STB/DAY  :  STB/DAY  : MSCF/DAY  :  RB/DAY   :           : MSCF/STB :  STB/MSCF  :  PSIA  :  PSIA  :
=================================================================================================================================
:FIELD   :           :    :     5672.2:       -0.0:   119023.1:   106775.2:     -0.000:     20.98:      0.0000:        :        :
:G1      :           :    :     5672.2:       -0.0:   119023.1:   106775.2:     -0.000:     20.98:      0.0000:        :        :
:PROD    : 10, 10    :ORAT:     5672.2:       -0.0:   119023.1:   106775.2:     -0.000:     20.98:      0.0000:  1000.0:     0.0:
:--------:-----------:----:-----------:-----------:-----------:-----------:-----------:----------:------------:--------:--------:

============================================= INJECTION REPORT ==============================================
:  WELL  : LOCATION  : CTRL : CTRL : CTRL :    OIL    :   WATER   :    GAS    :   FLUID   : BHP OR : THP OR :
:  NAME  :  (I,J,K)  : MODE : MODE : MODE :   RATE    :   RATE    :   RATE    : RES.VOL.  :CON.PR. :BLK.PR. :
:        :           : OIL  : WAT  : GAS  :  STB/DAY  :  STB/DAY  : MSCF/DAY  :  RB/DAY   :  PSIA  :  PSIA  :
=============================================================================================================
:FIELD   :           :      :      :      :        0.0:        0.0:   100000.0:    86686.6:        :        :
:G1      :           :      :      :      :        0.0:        0.0:   100000.0:    86686.6:        :        :
:INJ     :  1,  1    :      :      :  GRAT:        0.0:        0.0:   100000.0:    86686.6:  4307.2:     0.0:
:--------:-----------:------:------:------:-----------:-----------:-----------:-----------:--------:--------:

============================================== CUMULATIVE PRODUCTION/INJECTION TOTALS ==============================================
:  WELL  : LOCATION  :  WELL  :CTRL:    OIL    :   WATER   :    GAS    :   Prod    :    OIL    :   WATER   :    GAS    :    INJ    :
:  NAME  :  (I,J,K)  :  TYPE  :MODE:   PROD    :   PROD    :   PROD    : RES.VOL.  :    INJ    :    INJ    :    INJ    : RES.VOL.  :
:        :           :        :    :   MSTB    :   MSTB    :   MMSCF   :    MRB    :   MSTB    :   MSTB    :   MMSCF   :    MRB    :
====================================================================================================================================
:FIELD   :           :        :    :    45545.2:        0.0:      347.7:   285858.3:        0.0:        0.0:      358.9:   248107.3:
:G1      :           :        :    :    45545.2:        0.0:      347.7:   285858.3:        0.0:        0.0:      358.9:   248107.3:
:PROD    : 10, 10    :    PROD:ORAT:    45545.2:        0.0:      347.7:   285858.3:        0.0:        0.0:        0.0:        0.0:
:INJ     :  1,  1    :     INJ:GRAT:        0.0:        0.0:        0.0:        0.0:        0.0:        0.0:      358.9:   248107.3:
:--------:-----------:--------:----:-----------:-----------:-----------:-----------:-----------:-----------:-----------:-----------:


Report step 118/120 at day 3589/3650, date = 29-Oct-2024

Starting time step 0, stepsize 30 days, at day 3589/3619, date = 29-Oct-2024

Warning: Keyword 'WELLS' is unhandled for output to restart file.
 Newton its= 2, linearizations= 3 (0.0sec), linear its=  2 (0.0sec)
Restart file written for report step 118/120, date = 29-Oct-2024 00:00:00

                              **************************************************************************
  WELLS    AT      3619  DAYS *                 SPE1 - CASE 1                                          *
  REPORT  119    28 Nov 2024  *                                             Flow  version 2025.10-pre  *
                              **************************************************************************


======================================================= PRODUCTION REPORT =======================================================
:  WELL  : LOCATION  :CTRL:    OIL    :   WATER   :    GAS    :   FLUID   :   WATER   : GAS/OIL  :  WAT/GAS   : BHP OR : THP OR :
:  NAME  :  (I,J,K)  :MODE:   RATE    :   RATE    :   RATE    : RES.VOL.  :    CUT    :  RATIO   :   RATIO    :CON.PR. :BLK.PR. :
:        :           :    :  STB/DAY  :  STB/DAY  : MSCF/DAY  :  RB/DAY   :           : MSCF/STB :  STB/MSCF  :  PSIA  :  PSIA  :
=================================================================================================================================
:FIELD   :           :    :     5615.7:       -0.0:   119193.1:   107164.2:     -0.000:     21.23:      0.0000:        :        :
:G1      :           :    :     5615.7:       -0.0:   119193.1:   107164.2:     -0.000:     21.23:      0.0000:        :        :
:PROD    : 10, 10    :ORAT:     5615.7:       -0.0:   119193.1:   107164.2:     -0.000:     21.23:      0.0000:  1000.0:     0.0:
:--------:-----------:----:-----------:-----------:-----------:-----------:-----------:----------:------------:--------:--------:

============================================= INJECTION REPORT ==============================================
:  WELL  : LOCATION  : CTRL : CTRL : CTRL :    OIL    :   WATER   :    GAS    :   FLUID   : BHP OR : THP OR :
:  NAME  :  (I,J,K)  : MODE : MODE : MODE :   RATE    :   RATE    :   RATE    : RES.VOL.  :CON.PR. :BLK.PR. :
:        :           : OIL  : WAT  : GAS  :  STB/DAY  :  STB/DAY  : MSCF/DAY  :  RB/DAY   :  PSIA  :  PSIA  :
=============================================================================================================
:FIELD   :           :      :      :      :        0.0:        0.0:   100000.0:    86924.9:        :        :
:G1      :           :      :      :      :        0.0:        0.0:   100000.0:    86924.9:        :        :
:INJ     :  1,  1    :      :      :  GRAT:        0.0:        0.0:   100000.0:    86924.9:  4296.2:     0.0:
:--------:-----------:------:------:------:-----------:-----------:-----------:-----------:--------:--------:

============================================== CUMULATIVE PRODUCTION/INJECTION TOTALS ==============================================
:  WELL  : LOCATION  :  WELL  :CTRL:    OIL    :   WATER   :    GAS    :   Prod    :    OIL    :   WATER   :    GAS    :    INJ    :
:  NAME  :  (I,J,K)  :  TYPE  :MODE:   PROD    :   PROD    :   PROD    : RES.VOL.  :    INJ    :    INJ    :    INJ    : RES.VOL.  :
:        :           :        :    :   MSTB    :   MSTB    :   MMSCF   :    MRB    :   MSTB    :   MSTB    :   MMSCF   :    MRB    :
====================================================================================================================================
:FIELD   :           :        :    :    45713.7:        0.0:      351.3:   289073.2:        0.0:        0.0:      361.9:   250715.1:
:G1      :           :        :    :    45713.7:        0.0:      351.3:   289073.2:        0.0:        0.0:      361.9:   250715.1:
:PROD    : 10, 10    :    PROD:ORAT:    45713.7:        0.0:      351.3:   289073.2:        0.0:        0.0:        0.0:        0.0:
:INJ     :  1,  1    :     INJ:GRAT:        0.0:        0.0:        0.0:        0.0:        0.0:        0.0:      361.9:   250715.1:
:--------:-----------:--------:----:-----------:-----------:-----------:-----------:-----------:-----------:-----------:-----------:


Report step 119/120 at day 3619/3650, date = 28-Nov-2024

Starting time step 0, stepsize 31 days, at day 3619/3650, date = 28-Nov-2024

Warning: Keyword 'WELLS' is unhandled for output to restart file.
 Newton its= 2, linearizations= 3 (0.0sec), linear its=  2 (0.0sec)
Restart file written for report step 119/120, date = 28-Nov-2024 00:00:00

                              **************************************************************************
  WELLS    AT      3650  DAYS *                 SPE1 - CASE 1                                          *
  REPORT  120    29 Dec 2024  *                                             Flow  version 2025.10-pre  *
                              **************************************************************************


======================================================= PRODUCTION REPORT =======================================================
:  WELL  : LOCATION  :CTRL:    OIL    :   WATER   :    GAS    :   FLUID   :   WATER   : GAS/OIL  :  WAT/GAS   : BHP OR : THP OR :
:  NAME  :  (I,J,K)  :MODE:   RATE    :   RATE    :   RATE    : RES.VOL.  :    CUT    :  RATIO   :   RATIO    :CON.PR. :BLK.PR. :
:        :           :    :  STB/DAY  :  STB/DAY  : MSCF/DAY  :  RB/DAY   :           : MSCF/STB :  STB/MSCF  :  PSIA  :  PSIA  :
=================================================================================================================================
:FIELD   :           :    :     5557.4:       -0.0:   119348.1:   107532.5:     -0.000:     21.48:      0.0000:        :        :
:G1      :           :    :     5557.4:       -0.0:   119348.1:   107532.5:     -0.000:     21.48:      0.0000:        :        :
:PROD    : 10, 10    :ORAT:     5557.4:       -0.0:   119348.1:   107532.5:     -0.000:     21.48:      0.0000:  1000.0:     0.0:
:--------:-----------:----:-----------:-----------:-----------:-----------:-----------:----------:------------:--------:--------:

============================================= INJECTION REPORT ==============================================
:  WELL  : LOCATION  : CTRL : CTRL : CTRL :    OIL    :   WATER   :    GAS    :   FLUID   : BHP OR : THP OR :
:  NAME  :  (I,J,K)  : MODE : MODE : MODE :   RATE    :   RATE    :   RATE    : RES.VOL.  :CON.PR. :BLK.PR. :
:        :           : OIL  : WAT  : GAS  :  STB/DAY  :  STB/DAY  : MSCF/DAY  :  RB/DAY   :  PSIA  :  PSIA  :
=============================================================================================================
:FIELD   :           :      :      :      :        0.0:        0.0:   100000.0:    87156.8:        :        :
:G1      :           :      :      :      :        0.0:        0.0:   100000.0:    87156.8:        :        :
:INJ     :  1,  1    :      :      :  GRAT:        0.0:        0.0:   100000.0:    87156.8:  4285.0:     0.0:
:--------:-----------:------:------:------:-----------:-----------:-----------:-----------:--------:--------:

============================================== CUMULATIVE PRODUCTION/INJECTION TOTALS ==============================================
:  WELL  : LOCATION  :  WELL  :CTRL:    OIL    :   WATER   :    GAS    :   Prod    :    OIL    :   WATER   :    GAS    :    INJ    :
:  NAME  :  (I,J,K)  :  TYPE  :MODE:   PROD    :   PROD    :   PROD    : RES.VOL.  :    INJ    :    INJ    :    INJ    : RES.VOL.  :
:        :           :        :    :   MSTB    :   MSTB    :   MMSCF   :    MRB    :   MSTB    :   MSTB    :   MMSCF   :    MRB    :
====================================================================================================================================
:FIELD   :           :        :    :    45886.0:        0.0:      355.0:   292406.7:        0.0:        0.0:      365.0:   253416.9:
:G1      :           :        :    :    45886.0:        0.0:      355.0:   292406.7:        0.0:        0.0:      365.0:   253416.9:
:PROD    : 10, 10    :    PROD:ORAT:    45886.0:        0.0:      355.0:   292406.7:        0.0:        0.0:        0.0:        0.0:
:INJ     :  1,  1    :     INJ:GRAT:        0.0:        0.0:        0.0:        0.0:        0.0:        0.0:      365.0:   253416.9:
:--------:-----------:--------:----:-----------:-----------:-----------:-----------:-----------:-----------:-----------:-----------:

Restart file written for report step 120/120, date = 29-Dec-2024 00:00:00


================    End of simulation     ===============

Number of MPI processes:         1
Threads per MPI process:         1
Setup time:                      0.02 s
  Deck input:                    0.01 s
Number of timesteps:           124
Simulation time:                 0.85 s
  Assembly time:                 0.07 s (Wasted: 0.0 s; 0.0%)
    Well assembly:               0.01 s (Wasted: 0.0 s; 0.0%)
  Linear solve time:             0.27 s (Wasted: 0.0 s; 0.0%)
    Linear setup:                0.21 s (Wasted: 0.0 s; 0.0%)
  Props/update time:             0.05 s (Wasted: 0.0 s; 0.0%)
  Pre/post step:                 0.08 s (Wasted: 0.0 s; 0.0%)
  Output write time:             0.37 s
Overall Linearizations:        443      (Wasted:     0; 0.0%)
Overall Newton Iterations:     319      (Wasted:     0; 0.0%)
Overall Linear Iterations:     449      (Wasted:     0; 0.0%)



Error summary:
Warnings          121
Info              591
Errors            0
Bugs              0
Debug             0
Problems          0

