


 ########  #          ######   #           #
 #         #         #      #   #         # 
 #####     #         #      #    #   #   #  
 #         #         #      #     # # # #   
 #         #######    ######       #   #    

Flow is a simulator for fully implicit three-phase black-oil flow, and is part of OPM.
For more information visit: https://opm-project.org 

Flow Version     =  2025.10-pre (835ecba76*)
Machine name     =  Macbookns-MacBook-Pro-2.local (Number of logical cores: 10, Memory size: 16384.00 MB) 
Operating system =  Darwin arm64 (Kernel: 24.5.0, Darwin Kernel Version 24.5.0: Tue Apr 22 19:54:49 PDT 2025; root:xnu-11417.121.6~2/RELEASE_ARM64_T6000 )
Build time       =  2025-06-19 at 16:48:09 hrs
User             =  macbookn
Simulation started on 20-06-2025 at 18:21:26 hrs
Using 1 MPI processes with 1 OMP threads on each 
Parameters used by Flow:
# [known parameters which were specified at run-time]
ActivateMLRelPErm="True" # default: "0"
NewtonMaxIterations="20" # default: "20"
RelaxedMaxPvFraction="0" # default: "0.03"
OutputExtraConvergenceInfo="steps,iterations" # default: "none"
EnableOpmRstFile="true" # default: "0"
NewtonMinIterations="1" # default: "2"
EnableWellOperabilityCheck="false" # default: "1"
MinTimeStepBeforeShuttingProblematicWellsInDays="1e-99" # default: "0.01"
EclDeckFileName="SPE1CASE2_2Pswatinit.DATA" # default: ""
# [parameters which were specified at compile-time]
AcceleratorMode="none"
ActionParsingStrictness="normal"
AllowDistributedWells="0"
AllowSplittingInactiveWells="1"
AlternativeWellRateInit="1"
CheckGroupConstraintsInnerWellIterations="1"
CheckSatfuncConsistency="0"
ContinueOnConvergenceError="0"
ConvergenceMonitoring="0"
ConvergenceMonitoringCutOff="6"
ConvergenceMonitoringDecayFactor="0.75"
CprReuseInterval="30"
CprReuseSetup="4"
DbhpMaxRel="1"
DebugEmitCellPartition="0"
DpMaxRel="0.3"
DsMax="0.2"
DwellFractionMax="0.2"
EclOutputDoublePrecision="0"
EclOutputInterval="-1"
EdgeWeightsMethod="1"
EnableAdaptiveTimeStepping="1"
EnableAsyncEclOutput="1"
EnableAsyncVtkOutput="1"
EnableDriftCompensation="0"
EnableDryRun="auto"
EnableEclOutput="1"
EnableEsmry="0"
EnableGravity="1"
EnableGridAdaptation="0"
EnableIntensiveQuantityCache="1"
EnableLoggingFalloutWarning="0"
EnableStorageCache="1"
EnableTerminalOutput="1"
EnableThermodynamicHints="0"
EnableTuning="0"
EnableVtkOutput="0"
EnableWellOperabilityCheckIter="0"
EnableWriteAllSolutions="0"
EndTime="1e+100"
ExplicitRockCompaction="0"
ForceDisableFluidInPlaceOutput="0"
ForceDisableResvFluidInPlaceOutput="0"
FullTimeStepInitially="0"
GpuDeviceId="0"
IgnoreKeywords=""
IluFillinLevel="0"
IluRedblack="0"
IluRelaxation="0.9"
IluReorderSpheres="0"
InitialTimeStepInDays="1"
InitialTimeStepSize="86400"
InjMultDampMult="0.9"
InjMultMinDampFactor="0.05"
InjMultOscThreshold="0.1"
InputSkipMode="100"
LinearSolver="cprw"
LinearSolverIgnoreConvergenceFailure="0"
LinearSolverMaxIter="200"
LinearSolverPrintJsonDefinition="1"
LinearSolverReduction="0.01"
LinearSolverRestart="40"
LinearSolverVerbosity="0"
LoadFile=""
LoadStep="-1"
LocalDomainsOrderingMeasure="maxpressure"
LocalDomainsPartitionWellNeighborLevels="1"
LocalDomainsPartitioningImbalance="1.03"
LocalDomainsPartitioningMethod="zoltan"
LocalSolveApproach="gauss-seidel"
LocalToleranceScalingCnv="0.1"
LocalToleranceScalingMb="1"
LocalWellSolveControlSwitching="1"
MatrixAddWellContributions="0"
MaxInnerIterMsWells="100"
MaxInnerIterWells="50"
MaxLocalSolveIterations="20"
MaxNewtonIterationsWithInnerWellIterations="8"
MaxPressureChangeMsWells="1e+06"
MaxResidualAllowed="1e+07"
MaxSinglePrecisionDays="20"
MaxTemperatureChange="5"
MaxTimeStepDivisions="10"
MaxTimeStepSize="inf"
MaxWelleqIter="30"
MaximumNumberOfGroupSwitches="3"
MaximumNumberOfWellSwitches="3"
MaximumWaterSaturation="1"
MiluVariant="ILU"
MinStrictCnvIter="-1"
MinStrictMbIter="-1"
MinTimeStepBasedOnNewtonIterations="0"
MinTimeStepSize="0"
NetworkMaxOuterIterations="10"
NetworkMaxPressureUpdateInBars="5"
NetworkMaxStrictOuterIterations="10"
NetworkMaxSubIterations="20"
NetworkPressureUpdateDampingFactor="0.1"
NewtonMaxError="1e+100"
NewtonMaxRelax="0.5"
NewtonRelaxationType="dampen"
NewtonTargetIterations="10"
NewtonTolerance="0.01"
NewtonVerbose="1"
NewtonWriteConvergence="0"
NlddLocalLinearSolver="ilu0"
NlddLocalLinearSolverMaxIter="200"
NlddLocalLinearSolverReduction="0.01"
NlddNumInitialNewtonIter="1"
NonlinearSolver="newton"
NumLocalDomains="0"
NumPressurePointsEquil="2000"
NumSatfuncConsistencySamplePoints="5"
NupcolGroupRateTolerance="0.001"
OpenclIluParallel="1"
OpenclPlatformId="0"
OutputDir=""
OutputInterval="1"
OutputMode="all"
OwnerCellsFirst="1"
ParameterFile=""
ParsingStrictness="normal"
PreSolveNetwork="1"
PredeterminedTimeStepsFile=""
PressureMax="1e+99"
PressureMin="-1e+99"
PressureScale="1"
PriVarOscilationThreshold="1e-05"
PrintParameters="2"
ProjectSaturations="0"
RegularizationFactorWells="100"
RelaxedLinearSolverReduction="0.01"
RelaxedPressureTolMsw="10000"
RelaxedWellFlowTol="0.001"
RestartTime="-1e+35"
RestartWritingInterval="16777215"
SaveFile=""
SaveStep=""
ScaleLinearSystem="0"
SchedRestart="0"
ShutUnsolvableWells="1"
Slave="0"
SolveWelleqInitially="1"
SolverContinueOnConvergenceFailure="0"
SolverGrowthFactor="2"
SolverMaxGrowth="3"
SolverMaxRestarts="10"
SolverMaxTimeStepInDays="365"
SolverMinTimeStep="1e-12"
SolverRestartFactor="0.33"
SolverVerbosity="1"
StrictInnerIterWells="40"
StrictOuterIterWells="6"
TemperatureMax="1e+09"
TemperatureMin="0"
ThreadsPerProcess="1"
TimeStepAfterEventInDays="-1"
TimeStepControl="pid+newtoniteration"
TimeStepControlDecayDampingFactor="1"
TimeStepControlDecayRate="0.75"
TimeStepControlFileName="timesteps"
TimeStepControlGrowthDampingFactor="3.2"
TimeStepControlGrowthRate="1.25"
TimeStepControlSafetyFactor="0.8"
TimeStepControlTargetIterations="30"
TimeStepControlTargetNewtonIterations="8"
TimeStepControlTolerance="0.1"
TimeStepVerbosity="1"
ToleranceCnv="0.01"
ToleranceCnvEnergy="0.01"
ToleranceCnvEnergyRelaxed="1"
ToleranceCnvRelaxed="1"
ToleranceEnergyBalance="1e-07"
ToleranceEnergyBalanceRelaxed="1e-06"
ToleranceMb="1e-07"
ToleranceMbRelaxed="1e-06"
TolerancePressureMsWells="1000"
ToleranceWellControl="1e-07"
ToleranceWells="0.0001"
UpdateEquationsScaling="0"
UseAverageDensityMsWells="0"
UseGmres="0"
UseImplicitIpr="1"
UseMultisegmentWell="1"
UseUpdateStabilization="1"
VtkWriteAverageMolarMasses="0"
VtkWriteDensities="1"
VtkWriteDiffusionCoefficients="0"
VtkWriteDofIndex="0"
VtkWriteEffectiveDiffusionCoefficients="0"
VtkWriteExtrusionFactor="0"
VtkWriteFilterVelocities="0"
VtkWriteFugacities="0"
VtkWriteFugacityCoeffs="0"
VtkWriteGasDissolutionFactor="0"
VtkWriteGasFormationVolumeFactor="0"
VtkWriteGasSaturationPressure="0"
VtkWriteIntrinsicPermeabilities="0"
VtkWriteMassFractions="0"
VtkWriteMobilities="0"
VtkWriteMolarities="0"
VtkWriteMoleFractions="1"
VtkWriteOilFormationVolumeFactor="0"
VtkWriteOilSaturationPressure="0"
VtkWriteOilVaporizationFactor="0"
VtkWritePorosity="1"
VtkWritePotentialGradients="0"
VtkWritePressures="1"
VtkWritePrimaryVars="0"
VtkWritePrimaryVarsMeaning="0"
VtkWriteProcessRank="0"
VtkWriteRelativePermeabilities="1"
VtkWriteSaturatedGasOilVaporizationFactor="0"
VtkWriteSaturatedOilGasDissolutionFactor="0"
VtkWriteSaturationRatios="0"
VtkWriteSaturations="1"
VtkWriteTemperature="1"
VtkWriteTortuosities="0"
VtkWriteTotalMassFractions="0"
VtkWriteTotalMoleFractions="0"
VtkWriteTracerConcentration="0"
VtkWriteViscosities="0"
VtkWriteWaterFormationVolumeFactor="0"
WaterOnlyThreshold="1"

Reading deck file 'SPE1CASE2_2Pswatinit.DATA'
    0 Reading RUNSPEC  in SPE1CASE2_2Pswatinit.DATA line 19
    1 Reading TITLE    in SPE1CASE2_2Pswatinit.DATA line 22
    2 Reading DIMENS   in SPE1CASE2_2Pswatinit.DATA line 25
    3 Reading EQLDIMS  in SPE1CASE2_2Pswatinit.DATA line 30
    4 Reading TABDIMS  in SPE1CASE2_2Pswatinit.DATA line 35
    5 Reading OIL      in SPE1CASE2_2Pswatinit.DATA line 39
    6 Reading WATER    in SPE1CASE2_2Pswatinit.DATA line 40
    7 Reading METRIC   in SPE1CASE2_2Pswatinit.DATA line 43
    8 Reading SATOPTS  in SPE1CASE2_2Pswatinit.DATA line 46
    9 Reading START    in SPE1CASE2_2Pswatinit.DATA line 50
   10 Reading WELLDIMS in SPE1CASE2_2Pswatinit.DATA line 53
   11 Reading UNIFIN   in SPE1CASE2_2Pswatinit.DATA line 64
   12 Reading UNIFOUT  in SPE1CASE2_2Pswatinit.DATA line 65
   13 Reading GRID     in SPE1CASE2_2Pswatinit.DATA line 67
   14 Reading INIT     in SPE1CASE2_2Pswatinit.DATA line 74
   15 Reading NOECHO   in SPE1CASE2_2Pswatinit.DATA line 77
   16 Reading DX       in SPE1CASE2_2Pswatinit.DATA line 79
   17 Reading DY       in SPE1CASE2_2Pswatinit.DATA line 82
   18 Reading DZ       in SPE1CASE2_2Pswatinit.DATA line 85
   19 Reading TOPS     in SPE1CASE2_2Pswatinit.DATA line 89
   20 Reading PORO     in SPE1CASE2_2Pswatinit.DATA line 93
   21 Reading PERMX    in SPE1CASE2_2Pswatinit.DATA line 97
   22 Reading PERMY    in SPE1CASE2_2Pswatinit.DATA line 101
   23 Reading PERMZ    in SPE1CASE2_2Pswatinit.DATA line 105
   24 Reading ECHO     in SPE1CASE2_2Pswatinit.DATA line 109
   25 Reading PROPS    in SPE1CASE2_2Pswatinit.DATA line 111
   26 Reading EHYSTR   in SPE1CASE2_2Pswatinit.DATA line 114
   27 Reading PVTW     in SPE1CASE2_2Pswatinit.DATA line 117
   28 Reading PVCDO    in SPE1CASE2_2Pswatinit.DATA line 130
   29 Reading SWATINIT in SPE1CASE2_2Pswatinit.DATA line 143
   30 Reading ROCK     in SPE1CASE2_2Pswatinit.DATA line 147
   31 Reading SWOF     in SPE1CASE2_2Pswatinit.DATA line 154
   32 Reading DENSITY  in SPE1CASE2_2Pswatinit.DATA line 338
   33 Reading REGIONS  in SPE1CASE2_2Pswatinit.DATA line 361
   34 Reading EQUALS   in SPE1CASE2_2Pswatinit.DATA line 364
   35 Reading SOLUTION in SPE1CASE2_2Pswatinit.DATA line 369
   36 Reading EQUIL    in SPE1CASE2_2Pswatinit.DATA line 372
   37 Reading SUMMARY  in SPE1CASE2_2Pswatinit.DATA line 393
   38 Reading FOPR     in SPE1CASE2_2Pswatinit.DATA line 397
   39 Reading BPR      in SPE1CASE2_2Pswatinit.DATA line 401
   40 Reading WBHP     in SPE1CASE2_2Pswatinit.DATA line 407
   41 Reading WOIR     in SPE1CASE2_2Pswatinit.DATA line 412
   42 Reading WOIT     in SPE1CASE2_2Pswatinit.DATA line 416
   43 Reading WOPR     in SPE1CASE2_2Pswatinit.DATA line 420
   44 Reading WOPT     in SPE1CASE2_2Pswatinit.DATA line 424
   45 Reading WWIR     in SPE1CASE2_2Pswatinit.DATA line 428
   46 Reading WWIT     in SPE1CASE2_2Pswatinit.DATA line 432
   47 Reading WWPR     in SPE1CASE2_2Pswatinit.DATA line 436
   48 Reading WWPT     in SPE1CASE2_2Pswatinit.DATA line 440
   49 Reading SCHEDULE in SPE1CASE2_2Pswatinit.DATA line 444
   50 Reading RPTSCHED in SPE1CASE2_2Pswatinit.DATA line 446
   51 Reading RPTRST   in SPE1CASE2_2Pswatinit.DATA line 449
   52 Reading WELSPECS in SPE1CASE2_2Pswatinit.DATA line 460
   53 Reading COMPDAT  in SPE1CASE2_2Pswatinit.DATA line 469
   54 Reading WCONPROD in SPE1CASE2_2Pswatinit.DATA line 479
   55 Reading WCONINJE in SPE1CASE2_2Pswatinit.DATA line 488
   56 Reading TSTEP    in SPE1CASE2_2Pswatinit.DATA line 496
   57 Reading WELOPEN  in SPE1CASE2_2Pswatinit.DATA line 500
   58 Reading TSTEP    in SPE1CASE2_2Pswatinit.DATA line 506
   59 Reading WELOPEN  in SPE1CASE2_2Pswatinit.DATA line 509
   60 Reading TSTEP    in SPE1CASE2_2Pswatinit.DATA line 515
   61 Reading WELOPEN  in SPE1CASE2_2Pswatinit.DATA line 518
   62 Reading TSTEP    in SPE1CASE2_2Pswatinit.DATA line 524
   63 Reading WELOPEN  in SPE1CASE2_2Pswatinit.DATA line 527
   64 Reading TSTEP    in SPE1CASE2_2Pswatinit.DATA line 533
   65 Reading WELOPEN  in SPE1CASE2_2Pswatinit.DATA line 536
   66 Reading TSTEP    in SPE1CASE2_2Pswatinit.DATA line 542
   67 Reading WELOPEN  in SPE1CASE2_2Pswatinit.DATA line 545
   68 Reading TSTEP    in SPE1CASE2_2Pswatinit.DATA line 550
   69 Reading WELOPEN  in SPE1CASE2_2Pswatinit.DATA line 553
   70 Reading TSTEP    in SPE1CASE2_2Pswatinit.DATA line 559
   71 Reading WELOPEN  in SPE1CASE2_2Pswatinit.DATA line 562

Warning: Unsupported keywords or keyword items:

  NOECHO: keyword not supported
  In file: SPE1CASE2_2Pswatinit.DATA, line 77

  ECHO: keyword not supported
  In file: SPE1CASE2_2Pswatinit.DATA, line 109

Warning: The ALL CAPS case: SPE1CASE2_2PSWATINIT will be used when writing output files from this simulation.

Creating grid from keywords DX, DY, DZ and TOPS
2 fluid phases are active

Processing dynamic information from
SPE1CASE2_2Pswatinit.DATA line 444
Initializing report step 0/96 at 2015-01-01 0 DAYS line 444
Processing keyword RPTSCHED at line 446
Processing keyword RPTRST at line 449
Processing keyword WELSPECS at line 460
Processing keyword COMPDAT at line 469
Processing keyword WCONPROD at line 479
Processing keyword WCONINJE at line 488
Complete report step 1 (31 DAYS) at 2015-02-01 (0 DAYS)

Initializing report step 2/96 at 2015-02-01 (0 DAYS) line 496
Complete report step 2 (28 DAYS) at 2015-03-01 (31 DAYS)

Initializing report step 3/96 at 2015-03-01 (31 DAYS) line 496
Complete report step 3 (31 DAYS) at 2015-04-01 (59 DAYS)

Initializing report step 4/96 at 2015-04-01 (59 DAYS) line 496
Complete report step 4 (30 DAYS) at 2015-05-01 (90 DAYS)

Initializing report step 5/96 at 2015-05-01 (90 DAYS) line 496
Complete report step 5 (31 DAYS) at 2015-06-01 (120 DAYS)
Report limit reached, see PRT-file for remaining Schedule initialization.

Initializing report step 6/96 at 2015-06-01 (120 DAYS) line 496
Complete report step 6 (30 DAYS) at 2015-07-01 (151 DAYS)

Initializing report step 7/96 at 2015-07-01 (151 DAYS) line 496
Complete report step 7 (31 DAYS) at 2015-08-01 (181 DAYS)

Initializing report step 8/96 at 2015-08-01 (181 DAYS) line 496
Complete report step 8 (31 DAYS) at 2015-09-01 (212 DAYS)

Initializing report step 9/96 at 2015-09-01 (212 DAYS) line 496
Complete report step 9 (30 DAYS) at 2015-10-01 (243 DAYS)

Initializing report step 10/96 at 2015-10-01 (243 DAYS) line 496
Complete report step 10 (31 DAYS) at 2015-11-01 (273 DAYS)

Initializing report step 11/96 at 2015-11-01 (273 DAYS) line 496
Complete report step 11 (30 DAYS) at 2015-12-01 (304 DAYS)

Initializing report step 12/96 at 2015-12-01 (304 DAYS) line 496
Complete report step 12 (31 DAYS) at 2016-01-01 (334 DAYS)

Initializing report step 13/96 at 2016-01-01 (334 DAYS) line 496
Processing keyword WELOPEN at line 500
Complete report step 13 (31 DAYS) at 2016-02-01 (365 DAYS)

Initializing report step 14/96 at 2016-02-01 (365 DAYS) line 506
Complete report step 14 (28 DAYS) at 2016-02-29 (396 DAYS)

Initializing report step 15/96 at 2016-02-29 (396 DAYS) line 506
Complete report step 15 (31 DAYS) at 2016-03-31 (424 DAYS)

Initializing report step 16/96 at 2016-03-31 (424 DAYS) line 506
Complete report step 16 (30 DAYS) at 2016-04-30 (455 DAYS)

Initializing report step 17/96 at 2016-04-30 (455 DAYS) line 506
Complete report step 17 (31 DAYS) at 2016-05-31 (485 DAYS)

Initializing report step 18/96 at 2016-05-31 (485 DAYS) line 506
Complete report step 18 (30 DAYS) at 2016-06-30 (516 DAYS)

Initializing report step 19/96 at 2016-06-30 (516 DAYS) line 506
Complete report step 19 (31 DAYS) at 2016-07-31 (546 DAYS)

Initializing report step 20/96 at 2016-07-31 (546 DAYS) line 506
Complete report step 20 (31 DAYS) at 2016-08-31 (577 DAYS)

Initializing report step 21/96 at 2016-08-31 (577 DAYS) line 506
Complete report step 21 (30 DAYS) at 2016-09-30 (608 DAYS)

Initializing report step 22/96 at 2016-09-30 (608 DAYS) line 506
Complete report step 22 (31 DAYS) at 2016-10-31 (638 DAYS)

Initializing report step 23/96 at 2016-10-31 (638 DAYS) line 506
Complete report step 23 (30 DAYS) at 2016-11-30 (669 DAYS)

Initializing report step 24/96 at 2016-11-30 (669 DAYS) line 506
Complete report step 24 (31 DAYS) at 2016-12-31 (699 DAYS)

Initializing report step 25/96 at 2016-12-31 (699 DAYS) line 506
Processing keyword WELOPEN at line 509
Complete report step 25 (31 DAYS) at 2017-01-31 (730 DAYS)

Initializing report step 26/96 at 2017-01-31 (730 DAYS) line 515
Complete report step 26 (28 DAYS) at 2017-02-28 (761 DAYS)

Initializing report step 27/96 at 2017-02-28 (761 DAYS) line 515
Complete report step 27 (31 DAYS) at 2017-03-31 (789 DAYS)

Initializing report step 28/96 at 2017-03-31 (789 DAYS) line 515
Complete report step 28 (30 DAYS) at 2017-04-30 (820 DAYS)

Initializing report step 29/96 at 2017-04-30 (820 DAYS) line 515
Complete report step 29 (31 DAYS) at 2017-05-31 (850 DAYS)

Initializing report step 30/96 at 2017-05-31 (850 DAYS) line 515
Complete report step 30 (30 DAYS) at 2017-06-30 (881 DAYS)

Initializing report step 31/96 at 2017-06-30 (881 DAYS) line 515
Complete report step 31 (31 DAYS) at 2017-07-31 (911 DAYS)

Initializing report step 32/96 at 2017-07-31 (911 DAYS) line 515
Complete report step 32 (31 DAYS) at 2017-08-31 (942 DAYS)

Initializing report step 33/96 at 2017-08-31 (942 DAYS) line 515
Complete report step 33 (30 DAYS) at 2017-09-30 (973 DAYS)

Initializing report step 34/96 at 2017-09-30 (973 DAYS) line 515
Complete report step 34 (31 DAYS) at 2017-10-31 (1003 DAYS)

Initializing report step 35/96 at 2017-10-31 (1003 DAYS) line 515
Complete report step 35 (30 DAYS) at 2017-11-30 (1034 DAYS)

Initializing report step 36/96 at 2017-11-30 (1034 DAYS) line 515
Complete report step 36 (31 DAYS) at 2017-12-31 (1064 DAYS)

Initializing report step 37/96 at 2017-12-31 (1064 DAYS) line 515
Processing keyword WELOPEN at line 518
Complete report step 37 (31 DAYS) at 2018-01-31 (1095 DAYS)

Initializing report step 38/96 at 2018-01-31 (1095 DAYS) line 524
Complete report step 38 (28 DAYS) at 2018-02-28 (1126 DAYS)

Initializing report step 39/96 at 2018-02-28 (1126 DAYS) line 524
Complete report step 39 (31 DAYS) at 2018-03-31 (1154 DAYS)

Initializing report step 40/96 at 2018-03-31 (1154 DAYS) line 524
Complete report step 40 (30 DAYS) at 2018-04-30 (1185 DAYS)

Initializing report step 41/96 at 2018-04-30 (1185 DAYS) line 524
Complete report step 41 (31 DAYS) at 2018-05-31 (1215 DAYS)

Initializing report step 42/96 at 2018-05-31 (1215 DAYS) line 524
Complete report step 42 (30 DAYS) at 2018-06-30 (1246 DAYS)

Initializing report step 43/96 at 2018-06-30 (1246 DAYS) line 524
Complete report step 43 (31 DAYS) at 2018-07-31 (1276 DAYS)

Initializing report step 44/96 at 2018-07-31 (1276 DAYS) line 524
Complete report step 44 (31 DAYS) at 2018-08-31 (1307 DAYS)

Initializing report step 45/96 at 2018-08-31 (1307 DAYS) line 524
Complete report step 45 (30 DAYS) at 2018-09-30 (1338 DAYS)

Initializing report step 46/96 at 2018-09-30 (1338 DAYS) line 524
Complete report step 46 (31 DAYS) at 2018-10-31 (1368 DAYS)

Initializing report step 47/96 at 2018-10-31 (1368 DAYS) line 524
Complete report step 47 (30 DAYS) at 2018-11-30 (1399 DAYS)

Initializing report step 48/96 at 2018-11-30 (1399 DAYS) line 524
Complete report step 48 (31 DAYS) at 2018-12-31 (1429 DAYS)

Initializing report step 49/96 at 2018-12-31 (1429 DAYS) line 524
Processing keyword WELOPEN at line 527
Complete report step 49 (31 DAYS) at 2019-01-31 (1460 DAYS)

Initializing report step 50/96 at 2019-01-31 (1460 DAYS) line 533
Complete report step 50 (28 DAYS) at 2019-02-28 (1491 DAYS)

Initializing report step 51/96 at 2019-02-28 (1491 DAYS) line 533
Complete report step 51 (31 DAYS) at 2019-03-31 (1519 DAYS)

Initializing report step 52/96 at 2019-03-31 (1519 DAYS) line 533
Complete report step 52 (30 DAYS) at 2019-04-30 (1550 DAYS)

Initializing report step 53/96 at 2019-04-30 (1550 DAYS) line 533
Complete report step 53 (31 DAYS) at 2019-05-31 (1580 DAYS)

Initializing report step 54/96 at 2019-05-31 (1580 DAYS) line 533
Complete report step 54 (30 DAYS) at 2019-06-30 (1611 DAYS)

Initializing report step 55/96 at 2019-06-30 (1611 DAYS) line 533
Complete report step 55 (31 DAYS) at 2019-07-31 (1641 DAYS)

Initializing report step 56/96 at 2019-07-31 (1641 DAYS) line 533
Complete report step 56 (31 DAYS) at 2019-08-31 (1672 DAYS)

Initializing report step 57/96 at 2019-08-31 (1672 DAYS) line 533
Complete report step 57 (30 DAYS) at 2019-09-30 (1703 DAYS)

Initializing report step 58/96 at 2019-09-30 (1703 DAYS) line 533
Complete report step 58 (31 DAYS) at 2019-10-31 (1733 DAYS)

Initializing report step 59/96 at 2019-10-31 (1733 DAYS) line 533
Complete report step 59 (30 DAYS) at 2019-11-30 (1764 DAYS)

Initializing report step 60/96 at 2019-11-30 (1764 DAYS) line 533
Complete report step 60 (31 DAYS) at 2019-12-31 (1794 DAYS)

Initializing report step 61/96 at 2019-12-31 (1794 DAYS) line 533
Processing keyword WELOPEN at line 536
Complete report step 61 (31 DAYS) at 2020-01-31 (1825 DAYS)

Initializing report step 62/96 at 2020-01-31 (1825 DAYS) line 542
Complete report step 62 (28 DAYS) at 2020-02-28 (1856 DAYS)

Initializing report step 63/96 at 2020-02-28 (1856 DAYS) line 542
Complete report step 63 (31 DAYS) at 2020-03-30 (1884 DAYS)

Initializing report step 64/96 at 2020-03-30 (1884 DAYS) line 542
Complete report step 64 (30 DAYS) at 2020-04-29 (1915 DAYS)

Initializing report step 65/96 at 2020-04-29 (1915 DAYS) line 542
Complete report step 65 (31 DAYS) at 2020-05-30 (1945 DAYS)

Initializing report step 66/96 at 2020-05-30 (1945 DAYS) line 542
Complete report step 66 (30 DAYS) at 2020-06-29 (1976 DAYS)

Initializing report step 67/96 at 2020-06-29 (1976 DAYS) line 542
Complete report step 67 (31 DAYS) at 2020-07-30 (2006 DAYS)

Initializing report step 68/96 at 2020-07-30 (2006 DAYS) line 542
Complete report step 68 (31 DAYS) at 2020-08-30 (2037 DAYS)

Initializing report step 69/96 at 2020-08-30 (2037 DAYS) line 542
Complete report step 69 (30 DAYS) at 2020-09-29 (2068 DAYS)

Initializing report step 70/96 at 2020-09-29 (2068 DAYS) line 542
Complete report step 70 (31 DAYS) at 2020-10-30 (2098 DAYS)

Initializing report step 71/96 at 2020-10-30 (2098 DAYS) line 542
Complete report step 71 (30 DAYS) at 2020-11-29 (2129 DAYS)

Initializing report step 72/96 at 2020-11-29 (2129 DAYS) line 542
Complete report step 72 (31 DAYS) at 2020-12-30 (2159 DAYS)

Initializing report step 73/96 at 2020-12-30 (2159 DAYS) line 542
Processing keyword WELOPEN at line 545
Complete report step 73 (31 DAYS) at 2021-01-30 (2190 DAYS)

Initializing report step 74/96 at 2021-01-30 (2190 DAYS) line 550
Complete report step 74 (28 DAYS) at 2021-02-27 (2221 DAYS)

Initializing report step 75/96 at 2021-02-27 (2221 DAYS) line 550
Complete report step 75 (31 DAYS) at 2021-03-30 (2249 DAYS)

Initializing report step 76/96 at 2021-03-30 (2249 DAYS) line 550
Complete report step 76 (30 DAYS) at 2021-04-29 (2280 DAYS)

Initializing report step 77/96 at 2021-04-29 (2280 DAYS) line 550
Complete report step 77 (31 DAYS) at 2021-05-30 (2310 DAYS)

Initializing report step 78/96 at 2021-05-30 (2310 DAYS) line 550
Complete report step 78 (30 DAYS) at 2021-06-29 (2341 DAYS)

Initializing report step 79/96 at 2021-06-29 (2341 DAYS) line 550
Complete report step 79 (31 DAYS) at 2021-07-30 (2371 DAYS)

Initializing report step 80/96 at 2021-07-30 (2371 DAYS) line 550
Complete report step 80 (31 DAYS) at 2021-08-30 (2402 DAYS)

Initializing report step 81/96 at 2021-08-30 (2402 DAYS) line 550
Complete report step 81 (30 DAYS) at 2021-09-29 (2433 DAYS)

Initializing report step 82/96 at 2021-09-29 (2433 DAYS) line 550
Complete report step 82 (31 DAYS) at 2021-10-30 (2463 DAYS)

Initializing report step 83/96 at 2021-10-30 (2463 DAYS) line 550
Complete report step 83 (30 DAYS) at 2021-11-29 (2494 DAYS)

Initializing report step 84/96 at 2021-11-29 (2494 DAYS) line 550
Complete report step 84 (31 DAYS) at 2021-12-30 (2524 DAYS)

Initializing report step 85/96 at 2021-12-30 (2524 DAYS) line 550
Processing keyword WELOPEN at line 553
Complete report step 85 (31 DAYS) at 2022-01-30 (2555 DAYS)

Initializing report step 86/96 at 2022-01-30 (2555 DAYS) line 559
Complete report step 86 (28 DAYS) at 2022-02-27 (2586 DAYS)

Initializing report step 87/96 at 2022-02-27 (2586 DAYS) line 559
Complete report step 87 (31 DAYS) at 2022-03-30 (2614 DAYS)

Initializing report step 88/96 at 2022-03-30 (2614 DAYS) line 559
Complete report step 88 (30 DAYS) at 2022-04-29 (2645 DAYS)

Initializing report step 89/96 at 2022-04-29 (2645 DAYS) line 559
Complete report step 89 (31 DAYS) at 2022-05-30 (2675 DAYS)

Initializing report step 90/96 at 2022-05-30 (2675 DAYS) line 559
Complete report step 90 (30 DAYS) at 2022-06-29 (2706 DAYS)

Initializing report step 91/96 at 2022-06-29 (2706 DAYS) line 559
Complete report step 91 (31 DAYS) at 2022-07-30 (2736 DAYS)

Initializing report step 92/96 at 2022-07-30 (2736 DAYS) line 559
Complete report step 92 (31 DAYS) at 2022-08-30 (2767 DAYS)

Initializing report step 93/96 at 2022-08-30 (2767 DAYS) line 559
Complete report step 93 (30 DAYS) at 2022-09-29 (2798 DAYS)

Initializing report step 94/96 at 2022-09-29 (2798 DAYS) line 559
Complete report step 94 (31 DAYS) at 2022-10-30 (2828 DAYS)

Initializing report step 95/96 at 2022-10-30 (2828 DAYS) line 559
Complete report step 95 (30 DAYS) at 2022-11-29 (2859 DAYS)

Initializing report step 96/96 at 2022-11-29 (2859 DAYS) line 559
Complete report step 96 (31 DAYS) at 2022-12-30 (2889 DAYS)

Processing keyword WELOPEN at line 562

Processing grid
Total number of active cells: 300 / total pore volume: 81360000 RM3

Property tree for linear solvers:
{
    "maxiter": "20",
    "tol": "0.0050000000000000001",
    "verbosity": "0",
    "solver": "bicgstab",
    "preconditioner": {
        "type": "cprw",
        "use_well_weights": "false",
        "add_wells": "true",
        "weight_type": "trueimpes",
        "pre_smooth": "0",
        "post_smooth": "1",
        "finesmoother": {
            "type": "ParOverILU0",
            "relaxation": "1"
        },
        "verbosity": "0",
        "coarsesolver": {
            "maxiter": "1",
            "tol": "0.10000000000000001",
            "solver": "loopsolver",
            "verbosity": "0",
            "preconditioner": {
                "type": "amg",
                "alpha": "0.33333333333300003",
                "relaxation": "1",
                "iterations": "1",
                "coarsenTarget": "1200",
                "pre_smooth": "1",
                "post_smooth": "1",
                "beta": "0",
                "smoother": "ILU0",
                "verbosity": "0",
                "maxlevel": "15",
                "skip_isolated": "0",
                "accumulate": "1",
                "prolongationdamping": "1",
                "maxdistance": "2",
                "maxconnectivity": "15",
                "maxaggsize": "6",
                "minaggsize": "4"
            }
        }
    }
}


===============Saturation Functions Diagnostics===============

System: Oil-Water system.
Relative permeability input format: Saturation Family I.
Number of saturation regions: 2



================ Starting main simulation loop ===============


Report step  0/96 at day 0/2920, date = 01-Jan-2015
Using Newton nonlinear solver.

Starting time step 0, stepsize 1 days, at day 0/31, date = 01-Jan-2015
Restart file written for report step  0/96, date = 01-Jan-2015 00:00:00
 Newton its= 1, linearizations= 2 (0.0sec), linear its=  0 (0.0sec)

Starting time step 1, stepsize 3 days, at day 1/31, date = 02-Jan-2015
 Newton its= 1, linearizations= 2 (0.0sec), linear its=  0 (0.0sec)

Starting time step 2, stepsize 7.23108 days, at day 4/31, date = 05-Jan-2015
 Newton its= 1, linearizations= 2 (0.0sec), linear its=  0 (0.0sec)

Starting time step 3, stepsize 19.7689 days, at day 11.2311/31, date = 12-Jan-2015

Warning: Keyword 'WELLS' is unhandled for output to restart file.
 Newton its= 3, linearizations= 4 (0.0sec), linear its=  0 (0.0sec)

                              **************************************************************************
  WELLS    AT        31  DAYS *                 SPE1 - CASE 2                                          *
  REPORT    1    01 Feb 2015  *                                             Flow  version 2025.10-pre  *
                              **************************************************************************


======================================================= PRODUCTION REPORT =======================================================
:  WELL  : LOCATION  :CTRL:    OIL    :   WATER   :    GAS    :   FLUID   :   WATER   : GAS/OIL  :  WAT/GAS   : BHP OR : THP OR :
:  NAME  :  (I,J,K)  :MODE:   RATE    :   RATE    :   RATE    : RES.VOL.  :    CUT    :  RATIO   :   RATIO    :CON.PR. :BLK.PR. :
:        :           :    :  SCM/DAY  :  SCM/DAY  :  RCM/DAY  :  SCM/SCM  :  SCM/SCM  : SCM/SCM  :  SCM/SCM   : BARSA  : BARSA  :
=================================================================================================================================
:FIELD   :           :    :     1829.3:        0.0:       -0.0:     2023.3:      0.000:     -0.00:      0.0000:        :        :
:G1      :           :    :     1829.3:        0.0:       -0.0:     2023.3:      0.000:     -0.00:      0.0000:        :        :
:PROD    : 10, 10    : BHP:     1829.3:        0.0:       -0.0:     2023.3:      0.000:     -0.00:      0.0000:   245.0:     0.0:
:--------:-----------:----:-----------:-----------:-----------:-----------:-----------:----------:------------:--------:--------:

============================================= INJECTION REPORT ==============================================
:  WELL  : LOCATION  : CTRL : CTRL : CTRL :    OIL    :   WATER   :    GAS    :   FLUID   : BHP OR : THP OR :
:  NAME  :  (I,J,K)  : MODE : MODE : MODE :   RATE    :   RATE    :   RATE    : RES.VOL.  :CON.PR. :BLK.PR. :
:        :           : OIL  : WAT  : GAS  :  SCM/DAY  :  SCM/DAY  :  SCM/DAY  :  RCM/DAY  : BARSA  : BARSA  :
=============================================================================================================
:FIELD   :           :      :      :      :        0.0:     2000.0:        0.0:     2077.7:        :        :
:G1      :           :      :      :      :        0.0:     2000.0:        0.0:     2077.7:        :        :
:INJ     :  1,  1    :      :  WRAT:      :        0.0:     2000.0:        0.0:     2077.7:   275.2:     0.0:
:--------:-----------:------:------:------:-----------:-----------:-----------:-----------:--------:--------:

============================================== CUMULATIVE PRODUCTION/INJECTION TOTALS ==============================================
:  WELL  : LOCATION  :  WELL  :CTRL:    OIL    :   WATER   :    GAS    :   Prod    :    OIL    :   WATER   :    GAS    :    INJ    :
:  NAME  :  (I,J,K)  :  TYPE  :MODE:   PROD    :   PROD    :   PROD    : RES.VOL.  :    INJ    :    INJ    :    INJ    : RES.VOL.  :
:        :           :        :    :   MSCM    :   MSCM    :   MMSCM   :   MRCM    :   MSCM    :   MSCM    :   MMSCM   :   MRCM    :
====================================================================================================================================
:FIELD   :           :        :    :       51.8:        0.0:        0.0:       57.3:        0.0:       62.0:        0.0:       64.4:
:G1      :           :        :    :       51.8:        0.0:        0.0:       57.3:        0.0:       62.0:        0.0:       64.4:
:PROD    : 10, 10    :    PROD: BHP:       51.8:        0.0:        0.0:       57.3:        0.0:        0.0:        0.0:        0.0:
:INJ     :  1,  1    :     INJ:WRAT:        0.0:        0.0:        0.0:        0.0:        0.0:       62.0:        0.0:       64.4:
:--------:-----------:--------:----:-----------:-----------:-----------:-----------:-----------:-----------:-----------:-----------:


Report step  1/96 at day 31/2920, date = 01-Feb-2015

Starting time step 0, stepsize 28 days, at day 31/59, date = 01-Feb-2015
Restart file written for report step  1/96, date = 01-Feb-2015 00:00:00

Warning: Keyword 'WELLS' is unhandled for output to restart file.
 Newton its= 2, linearizations= 3 (0.0sec), linear its=  2 (0.0sec)

                              **************************************************************************
  WELLS    AT        59  DAYS *                 SPE1 - CASE 2                                          *
  REPORT    2    01 Mar 2015  *                                             Flow  version 2025.10-pre  *
                              **************************************************************************


======================================================= PRODUCTION REPORT =======================================================
:  WELL  : LOCATION  :CTRL:    OIL    :   WATER   :    GAS    :   FLUID   :   WATER   : GAS/OIL  :  WAT/GAS   : BHP OR : THP OR :
:  NAME  :  (I,J,K)  :MODE:   RATE    :   RATE    :   RATE    : RES.VOL.  :    CUT    :  RATIO   :   RATIO    :CON.PR. :BLK.PR. :
:        :           :    :  SCM/DAY  :  SCM/DAY  :  RCM/DAY  :  SCM/SCM  :  SCM/SCM  : SCM/SCM  :  SCM/SCM   : BARSA  : BARSA  :
=================================================================================================================================
:FIELD   :           :    :     1871.3:       -0.0:       -0.0:     2069.8:     -0.000:     -0.00:      0.0000:        :        :
:G1      :           :    :     1871.3:       -0.0:       -0.0:     2069.8:     -0.000:     -0.00:      0.0000:        :        :
:PROD    : 10, 10    : BHP:     1871.3:       -0.0:       -0.0:     2069.8:     -0.000:     -0.00:      0.0000:   245.0:     0.0:
:--------:-----------:----:-----------:-----------:-----------:-----------:-----------:----------:------------:--------:--------:

============================================= INJECTION REPORT ==============================================
:  WELL  : LOCATION  : CTRL : CTRL : CTRL :    OIL    :   WATER   :    GAS    :   FLUID   : BHP OR : THP OR :
:  NAME  :  (I,J,K)  : MODE : MODE : MODE :   RATE    :   RATE    :   RATE    : RES.VOL.  :CON.PR. :BLK.PR. :
:        :           : OIL  : WAT  : GAS  :  SCM/DAY  :  SCM/DAY  :  SCM/DAY  :  RCM/DAY  : BARSA  : BARSA  :
=============================================================================================================
:FIELD   :           :      :      :      :        0.0:     2000.0:        0.0:     2077.5:        :        :
:G1      :           :      :      :      :        0.0:     2000.0:        0.0:     2077.5:        :        :
:INJ     :  1,  1    :      :  WRAT:      :        0.0:     2000.0:        0.0:     2077.5:   278.7:     0.0:
:--------:-----------:------:------:------:-----------:-----------:-----------:-----------:--------:--------:

============================================== CUMULATIVE PRODUCTION/INJECTION TOTALS ==============================================
:  WELL  : LOCATION  :  WELL  :CTRL:    OIL    :   WATER   :    GAS    :   Prod    :    OIL    :   WATER   :    GAS    :    INJ    :
:  NAME  :  (I,J,K)  :  TYPE  :MODE:   PROD    :   PROD    :   PROD    : RES.VOL.  :    INJ    :    INJ    :    INJ    : RES.VOL.  :
:        :           :        :    :   MSCM    :   MSCM    :   MMSCM   :   MRCM    :   MSCM    :   MSCM    :   MMSCM   :   MRCM    :
====================================================================================================================================
:FIELD   :           :        :    :      104.2:        0.0:        0.0:      115.2:        0.0:      118.0:        0.0:      122.6:
:G1      :           :        :    :      104.2:        0.0:        0.0:      115.2:        0.0:      118.0:        0.0:      122.6:
:PROD    : 10, 10    :    PROD: BHP:      104.2:        0.0:        0.0:      115.2:        0.0:        0.0:        0.0:        0.0:
:INJ     :  1,  1    :     INJ:WRAT:        0.0:        0.0:        0.0:        0.0:        0.0:      118.0:        0.0:      122.6:
:--------:-----------:--------:----:-----------:-----------:-----------:-----------:-----------:-----------:-----------:-----------:


Report step  2/96 at day 59/2920, date = 01-Mar-2015

Starting time step 0, stepsize 31 days, at day 59/90, date = 01-Mar-2015
Restart file written for report step  2/96, date = 01-Mar-2015 00:00:00

Problem: Solver convergence failure - Iteration limit reached
Timestep chopped to 10.23 days


Starting time step 0, stepsize 10.23 days, at day 59/90, date = 01-Mar-2015
 Newton its= 3, linearizations= 4 (0.0sec), linear its=  3 (0.0sec)

Starting time step 1, stepsize 20.77 days, at day 69.23/90, date = 11-Mar-2015

Problem: Solver convergence failure - Iteration limit reached
Timestep chopped to 6.8541 days


Starting time step 1, stepsize 6.8541 days, at day 69.23/90, date = 11-Mar-2015
 Newton its= 4, linearizations= 5 (0.0sec), linear its=  3 (0.0sec)

Starting time step 2, stepsize 13.9159 days, at day 76.0841/90, date = 18-Mar-2015

Problem: Solver convergence failure - Iteration limit reached
Timestep chopped to 4.5922469999999995 days


Starting time step 2, stepsize 4.59225 days, at day 76.0841/90, date = 18-Mar-2015
 Newton its= 1, linearizations= 2 (0.0sec), linear its=  1 (0.0sec)

Starting time step 3, stepsize 9.32365 days, at day 80.6763/90, date = 22-Mar-2015

Problem: Solver convergence failure - Iteration limit reached
Timestep chopped to 3.0768054899999986 days


Starting time step 3, stepsize 3.07681 days, at day 80.6763/90, date = 22-Mar-2015
 Newton its= 1, linearizations= 2 (0.0sec), linear its=  1 (0.0sec)

Starting time step 4, stepsize 6.24685 days, at day 83.7532/90, date = 25-Mar-2015

Warning: Keyword 'WELLS' is unhandled for output to restart file.
 Newton its=20, linearizations=21 (0.0sec), linear its= 20 (0.0sec)

                              **************************************************************************
  WELLS    AT        90  DAYS *                 SPE1 - CASE 2                                          *
  REPORT    3    01 Apr 2015  *                                             Flow  version 2025.10-pre  *
                              **************************************************************************


======================================================= PRODUCTION REPORT =======================================================
:  WELL  : LOCATION  :CTRL:    OIL    :   WATER   :    GAS    :   FLUID   :   WATER   : GAS/OIL  :  WAT/GAS   : BHP OR : THP OR :
:  NAME  :  (I,J,K)  :MODE:   RATE    :   RATE    :   RATE    : RES.VOL.  :    CUT    :  RATIO   :   RATIO    :CON.PR. :BLK.PR. :
:        :           :    :  SCM/DAY  :  SCM/DAY  :  RCM/DAY  :  SCM/SCM  :  SCM/SCM  : SCM/SCM  :  SCM/SCM   : BARSA  : BARSA  :
=================================================================================================================================
:FIELD   :           :    :     1877.7:       -0.0:       -0.0:     2076.9:     -0.000:     -0.00:      0.0000:        :        :
:G1      :           :    :     1877.7:       -0.0:       -0.0:     2076.9:     -0.000:     -0.00:      0.0000:        :        :
:PROD    : 10, 10    : BHP:     1877.7:       -0.0:       -0.0:     2076.9:     -0.000:     -0.00:      0.0000:   245.0:     0.0:
:--------:-----------:----:-----------:-----------:-----------:-----------:-----------:----------:------------:--------:--------:

============================================= INJECTION REPORT ==============================================
:  WELL  : LOCATION  : CTRL : CTRL : CTRL :    OIL    :   WATER   :    GAS    :   FLUID   : BHP OR : THP OR :
:  NAME  :  (I,J,K)  : MODE : MODE : MODE :   RATE    :   RATE    :   RATE    : RES.VOL.  :CON.PR. :BLK.PR. :
:        :           : OIL  : WAT  : GAS  :  SCM/DAY  :  SCM/DAY  :  SCM/DAY  :  RCM/DAY  : BARSA  : BARSA  :
=============================================================================================================
:FIELD   :           :      :      :      :        0.0:     2000.0:        0.0:     2077.5:        :        :
:G1      :           :      :      :      :        0.0:     2000.0:        0.0:     2077.5:        :        :
:INJ     :  1,  1    :      :  WRAT:      :        0.0:     2000.0:        0.0:     2077.5:   277.8:     0.0:
:--------:-----------:------:------:------:-----------:-----------:-----------:-----------:--------:--------:

============================================== CUMULATIVE PRODUCTION/INJECTION TOTALS ==============================================
:  WELL  : LOCATION  :  WELL  :CTRL:    OIL    :   WATER   :    GAS    :   Prod    :    OIL    :   WATER   :    GAS    :    INJ    :
:  NAME  :  (I,J,K)  :  TYPE  :MODE:   PROD    :   PROD    :   PROD    : RES.VOL.  :    INJ    :    INJ    :    INJ    : RES.VOL.  :
:        :           :        :    :   MSCM    :   MSCM    :   MMSCM   :   MRCM    :   MSCM    :   MSCM    :   MMSCM   :   MRCM    :
====================================================================================================================================
:FIELD   :           :        :    :      162.4:        0.0:        0.0:      179.6:        0.0:      180.0:        0.0:      187.0:
:G1      :           :        :    :      162.4:        0.0:        0.0:      179.6:        0.0:      180.0:        0.0:      187.0:
:PROD    : 10, 10    :    PROD: BHP:      162.4:        0.0:        0.0:      179.6:        0.0:        0.0:        0.0:        0.0:
:INJ     :  1,  1    :     INJ:WRAT:        0.0:        0.0:        0.0:        0.0:        0.0:      180.0:        0.0:      187.0:
:--------:-----------:--------:----:-----------:-----------:-----------:-----------:-----------:-----------:-----------:-----------:


Report step  3/96 at day 90/2920, date = 01-Apr-2015

Starting time step 0, stepsize 2.49874 days, at day 90/120, date = 01-Apr-2015
Restart file written for report step  3/96, date = 01-Apr-2015 00:00:00
 Newton its= 1, linearizations= 2 (0.0sec), linear its=  1 (0.0sec)

Starting time step 1, stepsize 7.49622 days, at day 92.4987/120, date = 03-Apr-2015

Problem: Solver convergence failure - Iteration limit reached
Timestep chopped to 2.4737516139599998 days


Starting time step 1, stepsize 2.47375 days, at day 92.4987/120, date = 03-Apr-2015
 Newton its= 1, linearizations= 2 (0.0sec), linear its=  1 (0.0sec)

Starting time step 2, stepsize 4.9475 days, at day 94.9725/120, date = 05-Apr-2015

Problem: Solver convergence failure - Iteration limit reached
Timestep chopped to 1.6326760652135999 days


Starting time step 2, stepsize 1.63268 days, at day 94.9725/120, date = 05-Apr-2015
 Newton its= 1, linearizations= 2 (0.0sec), linear its=  1 (0.0sec)

Starting time step 3, stepsize 3.26535 days, at day 96.6052/120, date = 07-Apr-2015
 Newton its= 2, linearizations= 3 (0.0sec), linear its=  2 (0.0sec)

Starting time step 4, stepsize 9.79606 days, at day 99.8705/120, date = 10-Apr-2015

Problem: Solver convergence failure - Iteration limit reached
Timestep chopped to 3.2326986091229277 days


Starting time step 4, stepsize 3.2327 days, at day 99.8705/120, date = 10-Apr-2015
    Oscillating behavior detected: Relaxation set to 0.900000
    Oscillating behavior detected: Relaxation set to 0.800000
    Oscillating behavior detected: Relaxation set to 0.700000
 Newton its=12, linearizations=13 (0.0sec), linear its=  7 (0.0sec)

Starting time step 5, stepsize 2.15513 days, at day 103.103/120, date = 14-Apr-2015
 Newton its= 1, linearizations= 2 (0.0sec), linear its=  1 (0.0sec)

Starting time step 6, stepsize 6.4654 days, at day 105.258/120, date = 16-Apr-2015

Problem: Solver convergence failure - Iteration limit reached
Timestep chopped to 2.1335810820211325 days


Starting time step 6, stepsize 2.13358 days, at day 105.258/120, date = 16-Apr-2015
 Newton its= 1, linearizations= 2 (0.0sec), linear its=  0 (0.0sec)

Starting time step 7, stepsize 4.26716 days, at day 107.392/120, date = 18-Apr-2015
    Oscillating behavior detected: Relaxation set to 0.900000
    Oscillating behavior detected: Relaxation set to 0.800000
 Newton its=11, linearizations=12 (0.0sec), linear its= 11 (0.0sec)

Starting time step 8, stepsize 3.10339 days, at day 111.659/120, date = 22-Apr-2015
 Newton its= 1, linearizations= 2 (0.0sec), linear its=  1 (0.0sec)

Starting time step 9, stepsize 5.23752 days, at day 114.762/120, date = 25-Apr-2015

Problem: Solver convergence failure - Iteration limit reached
Timestep chopped to 1.7283803659230634 days


Starting time step 9, stepsize 1.72838 days, at day 114.762/120, date = 25-Apr-2015
 Newton its= 1, linearizations= 2 (0.0sec), linear its=  1 (0.0sec)

Starting time step 10, stepsize 3.50914 days, at day 116.491/120, date = 27-Apr-2015

Warning: Keyword 'WELLS' is unhandled for output to restart file.
 Newton its= 1, linearizations= 2 (0.0sec), linear its=  1 (0.0sec)

                              **************************************************************************
  WELLS    AT       120  DAYS *                 SPE1 - CASE 2                                          *
  REPORT    4    01 May 2015  *                                             Flow  version 2025.10-pre  *
                              **************************************************************************


======================================================= PRODUCTION REPORT =======================================================
:  WELL  : LOCATION  :CTRL:    OIL    :   WATER   :    GAS    :   FLUID   :   WATER   : GAS/OIL  :  WAT/GAS   : BHP OR : THP OR :
:  NAME  :  (I,J,K)  :MODE:   RATE    :   RATE    :   RATE    : RES.VOL.  :    CUT    :  RATIO   :   RATIO    :CON.PR. :BLK.PR. :
:        :           :    :  SCM/DAY  :  SCM/DAY  :  RCM/DAY  :  SCM/SCM  :  SCM/SCM  : SCM/SCM  :  SCM/SCM   : BARSA  : BARSA  :
=================================================================================================================================
:FIELD   :           :    :     1877.9:       -0.0:       -0.0:     2077.1:     -0.000:     -0.00:      0.0000:        :        :
:G1      :           :    :     1877.9:       -0.0:       -0.0:     2077.1:     -0.000:     -0.00:      0.0000:        :        :
:PROD    : 10, 10    : BHP:     1877.9:       -0.0:       -0.0:     2077.1:     -0.000:     -0.00:      0.0000:   245.0:     0.0:
:--------:-----------:----:-----------:-----------:-----------:-----------:-----------:----------:------------:--------:--------:

============================================= INJECTION REPORT ==============================================
:  WELL  : LOCATION  : CTRL : CTRL : CTRL :    OIL    :   WATER   :    GAS    :   FLUID   : BHP OR : THP OR :
:  NAME  :  (I,J,K)  : MODE : MODE : MODE :   RATE    :   RATE    :   RATE    : RES.VOL.  :CON.PR. :BLK.PR. :
:        :           : OIL  : WAT  : GAS  :  SCM/DAY  :  SCM/DAY  :  SCM/DAY  :  RCM/DAY  : BARSA  : BARSA  :
=============================================================================================================
:FIELD   :           :      :      :      :        0.0:     2000.0:        0.0:     2077.5:        :        :
:G1      :           :      :      :      :        0.0:     2000.0:        0.0:     2077.5:        :        :
:INJ     :  1,  1    :      :  WRAT:      :        0.0:     2000.0:        0.0:     2077.5:   276.4:     0.0:
:--------:-----------:------:------:------:-----------:-----------:-----------:-----------:--------:--------:

============================================== CUMULATIVE PRODUCTION/INJECTION TOTALS ==============================================
:  WELL  : LOCATION  :  WELL  :CTRL:    OIL    :   WATER   :    GAS    :   Prod    :    OIL    :   WATER   :    GAS    :    INJ    :
:  NAME  :  (I,J,K)  :  TYPE  :MODE:   PROD    :   PROD    :   PROD    : RES.VOL.  :    INJ    :    INJ    :    INJ    : RES.VOL.  :
:        :           :        :    :   MSCM    :   MSCM    :   MMSCM   :   MRCM    :   MSCM    :   MSCM    :   MMSCM   :   MRCM    :
====================================================================================================================================
:FIELD   :           :        :    :      218.7:        0.0:        0.0:      241.9:        0.0:      240.0:        0.0:      249.3:
:G1      :           :        :    :      218.7:        0.0:        0.0:      241.9:        0.0:      240.0:        0.0:      249.3:
:PROD    : 10, 10    :    PROD: BHP:      218.7:        0.0:        0.0:      241.9:        0.0:        0.0:        0.0:        0.0:
:INJ     :  1,  1    :     INJ:WRAT:        0.0:        0.0:        0.0:        0.0:        0.0:      240.0:        0.0:      249.3:
:--------:-----------:--------:----:-----------:-----------:-----------:-----------:-----------:-----------:-----------:-----------:


Report step  4/96 at day 120/2920, date = 01-May-2015

Starting time step 0, stepsize 10.5274 days, at day 120/151, date = 01-May-2015
Restart file written for report step  4/96, date = 01-May-2015 00:00:00
 Newton its= 6, linearizations= 7 (0.0sec), linear its=  5 (0.0sec)

Starting time step 1, stepsize 10.2363 days, at day 130.527/151, date = 11-May-2015
 Newton its=10, linearizations=11 (0.0sec), linear its=  9 (0.0sec)

Starting time step 2, stepsize 5.11815 days, at day 140.764/151, date = 21-May-2015
 Newton its= 1, linearizations= 2 (0.0sec), linear its=  1 (0.0sec)

Starting time step 3, stepsize 5.11815 days, at day 145.882/151, date = 26-May-2015

Warning: Keyword 'WELLS' is unhandled for output to restart file.
 Newton its= 1, linearizations= 2 (0.0sec), linear its=  1 (0.0sec)

                              **************************************************************************
  WELLS    AT       151  DAYS *                 SPE1 - CASE 2                                          *
  REPORT    5    01 Jun 2015  *                                             Flow  version 2025.10-pre  *
                              **************************************************************************


======================================================= PRODUCTION REPORT =======================================================
:  WELL  : LOCATION  :CTRL:    OIL    :   WATER   :    GAS    :   FLUID   :   WATER   : GAS/OIL  :  WAT/GAS   : BHP OR : THP OR :
:  NAME  :  (I,J,K)  :MODE:   RATE    :   RATE    :   RATE    : RES.VOL.  :    CUT    :  RATIO   :   RATIO    :CON.PR. :BLK.PR. :
:        :           :    :  SCM/DAY  :  SCM/DAY  :  RCM/DAY  :  SCM/SCM  :  SCM/SCM  : SCM/SCM  :  SCM/SCM   : BARSA  : BARSA  :
=================================================================================================================================
:FIELD   :           :    :     1877.9:       -0.0:       -0.0:     2077.1:     -0.000:     -0.00:      0.0000:        :        :
:G1      :           :    :     1877.9:       -0.0:       -0.0:     2077.1:     -0.000:     -0.00:      0.0000:        :        :
:PROD    : 10, 10    : BHP:     1877.9:       -0.0:       -0.0:     2077.1:     -0.000:     -0.00:      0.0000:   245.0:     0.0:
:--------:-----------:----:-----------:-----------:-----------:-----------:-----------:----------:------------:--------:--------:

============================================= INJECTION REPORT ==============================================
:  WELL  : LOCATION  : CTRL : CTRL : CTRL :    OIL    :   WATER   :    GAS    :   FLUID   : BHP OR : THP OR :
:  NAME  :  (I,J,K)  : MODE : MODE : MODE :   RATE    :   RATE    :   RATE    : RES.VOL.  :CON.PR. :BLK.PR. :
:        :           : OIL  : WAT  : GAS  :  SCM/DAY  :  SCM/DAY  :  SCM/DAY  :  RCM/DAY  : BARSA  : BARSA  :
=============================================================================================================
:FIELD   :           :      :      :      :        0.0:     2000.0:        0.0:     2077.5:        :        :
:G1      :           :      :      :      :        0.0:     2000.0:        0.0:     2077.5:        :        :
:INJ     :  1,  1    :      :  WRAT:      :        0.0:     2000.0:        0.0:     2077.5:   274.8:     0.0:
:--------:-----------:------:------:------:-----------:-----------:-----------:-----------:--------:--------:

============================================== CUMULATIVE PRODUCTION/INJECTION TOTALS ==============================================
:  WELL  : LOCATION  :  WELL  :CTRL:    OIL    :   WATER   :    GAS    :   Prod    :    OIL    :   WATER   :    GAS    :    INJ    :
:  NAME  :  (I,J,K)  :  TYPE  :MODE:   PROD    :   PROD    :   PROD    : RES.VOL.  :    INJ    :    INJ    :    INJ    : RES.VOL.  :
:        :           :        :    :   MSCM    :   MSCM    :   MMSCM   :   MRCM    :   MSCM    :   MSCM    :   MMSCM   :   MRCM    :
====================================================================================================================================
:FIELD   :           :        :    :      276.9:        0.0:        0.0:      306.3:        0.0:      302.0:        0.0:      313.7:
:G1      :           :        :    :      276.9:        0.0:        0.0:      306.3:        0.0:      302.0:        0.0:      313.7:
:PROD    : 10, 10    :    PROD: BHP:      276.9:        0.0:        0.0:      306.3:        0.0:        0.0:        0.0:        0.0:
:INJ     :  1,  1    :     INJ:WRAT:        0.0:        0.0:        0.0:        0.0:        0.0:      302.0:        0.0:      313.7:
:--------:-----------:--------:----:-----------:-----------:-----------:-----------:-----------:-----------:-----------:-----------:


Report step  5/96 at day 151/2920, date = 01-Jun-2015

Starting time step 0, stepsize 15.3544 days, at day 151/181, date = 01-Jun-2015
Restart file written for report step  5/96, date = 01-Jun-2015 00:00:00
 Newton its= 5, linearizations= 6 (0.0sec), linear its=  4 (0.0sec)

Starting time step 1, stepsize 14.6456 days, at day 166.354/181, date = 16-Jun-2015

Warning: Keyword 'WELLS' is unhandled for output to restart file.
 Newton its= 4, linearizations= 5 (0.0sec), linear its=  3 (0.0sec)

                              **************************************************************************
  WELLS    AT       181  DAYS *                 SPE1 - CASE 2                                          *
  REPORT    6    01 Jul 2015  *                                             Flow  version 2025.10-pre  *
                              **************************************************************************


======================================================= PRODUCTION REPORT =======================================================
:  WELL  : LOCATION  :CTRL:    OIL    :   WATER   :    GAS    :   FLUID   :   WATER   : GAS/OIL  :  WAT/GAS   : BHP OR : THP OR :
:  NAME  :  (I,J,K)  :MODE:   RATE    :   RATE    :   RATE    : RES.VOL.  :    CUT    :  RATIO   :   RATIO    :CON.PR. :BLK.PR. :
:        :           :    :  SCM/DAY  :  SCM/DAY  :  RCM/DAY  :  SCM/SCM  :  SCM/SCM  : SCM/SCM  :  SCM/SCM   : BARSA  : BARSA  :
=================================================================================================================================
:FIELD   :           :    :     1878.0:       -0.0:       -0.0:     2077.1:     -0.000:     -0.00:      0.0000:        :        :
:G1      :           :    :     1878.0:       -0.0:       -0.0:     2077.1:     -0.000:     -0.00:      0.0000:        :        :
:PROD    : 10, 10    : BHP:     1878.0:       -0.0:       -0.0:     2077.1:     -0.000:     -0.00:      0.0000:   245.0:     0.0:
:--------:-----------:----:-----------:-----------:-----------:-----------:-----------:----------:------------:--------:--------:

============================================= INJECTION REPORT ==============================================
:  WELL  : LOCATION  : CTRL : CTRL : CTRL :    OIL    :   WATER   :    GAS    :   FLUID   : BHP OR : THP OR :
:  NAME  :  (I,J,K)  : MODE : MODE : MODE :   RATE    :   RATE    :   RATE    : RES.VOL.  :CON.PR. :BLK.PR. :
:        :           : OIL  : WAT  : GAS  :  SCM/DAY  :  SCM/DAY  :  SCM/DAY  :  RCM/DAY  : BARSA  : BARSA  :
=============================================================================================================
:FIELD   :           :      :      :      :        0.0:     2000.0:        0.0:     2077.5:        :        :
:G1      :           :      :      :      :        0.0:     2000.0:        0.0:     2077.5:        :        :
:INJ     :  1,  1    :      :  WRAT:      :        0.0:     2000.0:        0.0:     2077.5:   273.3:     0.0:
:--------:-----------:------:------:------:-----------:-----------:-----------:-----------:--------:--------:

============================================== CUMULATIVE PRODUCTION/INJECTION TOTALS ==============================================
:  WELL  : LOCATION  :  WELL  :CTRL:    OIL    :   WATER   :    GAS    :   Prod    :    OIL    :   WATER   :    GAS    :    INJ    :
:  NAME  :  (I,J,K)  :  TYPE  :MODE:   PROD    :   PROD    :   PROD    : RES.VOL.  :    INJ    :    INJ    :    INJ    : RES.VOL.  :
:        :           :        :    :   MSCM    :   MSCM    :   MMSCM   :   MRCM    :   MSCM    :   MSCM    :   MMSCM   :   MRCM    :
====================================================================================================================================
:FIELD   :           :        :    :      333.2:        0.0:        0.0:      368.6:        0.0:      362.0:        0.0:      376.0:
:G1      :           :        :    :      333.2:        0.0:        0.0:      368.6:        0.0:      362.0:        0.0:      376.0:
:PROD    : 10, 10    :    PROD: BHP:      333.2:        0.0:        0.0:      368.6:        0.0:        0.0:        0.0:        0.0:
:INJ     :  1,  1    :     INJ:WRAT:        0.0:        0.0:        0.0:        0.0:        0.0:      362.0:        0.0:      376.0:
:--------:-----------:--------:----:-----------:-----------:-----------:-----------:-----------:-----------:-----------:-----------:


Report step  6/96 at day 181/2920, date = 01-Jul-2015

Starting time step 0, stepsize 31 days, at day 181/212, date = 01-Jul-2015
Restart file written for report step  6/96, date = 01-Jul-2015 00:00:00

Warning: Keyword 'WELLS' is unhandled for output to restart file.
 Newton its=20, linearizations=21 (0.0sec), linear its= 21 (0.0sec)

                              **************************************************************************
  WELLS    AT       212  DAYS *                 SPE1 - CASE 2                                          *
  REPORT    7    01 Aug 2015  *                                             Flow  version 2025.10-pre  *
                              **************************************************************************


======================================================= PRODUCTION REPORT =======================================================
:  WELL  : LOCATION  :CTRL:    OIL    :   WATER   :    GAS    :   FLUID   :   WATER   : GAS/OIL  :  WAT/GAS   : BHP OR : THP OR :
:  NAME  :  (I,J,K)  :MODE:   RATE    :   RATE    :   RATE    : RES.VOL.  :    CUT    :  RATIO   :   RATIO    :CON.PR. :BLK.PR. :
:        :           :    :  SCM/DAY  :  SCM/DAY  :  RCM/DAY  :  SCM/SCM  :  SCM/SCM  : SCM/SCM  :  SCM/SCM   : BARSA  : BARSA  :
=================================================================================================================================
:FIELD   :           :    :     1877.9:       -0.0:       -0.0:     2077.1:     -0.000:     -0.00:      0.0000:        :        :
:G1      :           :    :     1877.9:       -0.0:       -0.0:     2077.1:     -0.000:     -0.00:      0.0000:        :        :
:PROD    : 10, 10    : BHP:     1877.9:       -0.0:       -0.0:     2077.1:     -0.000:     -0.00:      0.0000:   245.0:     0.0:
:--------:-----------:----:-----------:-----------:-----------:-----------:-----------:----------:------------:--------:--------:

============================================= INJECTION REPORT ==============================================
:  WELL  : LOCATION  : CTRL : CTRL : CTRL :    OIL    :   WATER   :    GAS    :   FLUID   : BHP OR : THP OR :
:  NAME  :  (I,J,K)  : MODE : MODE : MODE :   RATE    :   RATE    :   RATE    : RES.VOL.  :CON.PR. :BLK.PR. :
:        :           : OIL  : WAT  : GAS  :  SCM/DAY  :  SCM/DAY  :  SCM/DAY  :  RCM/DAY  : BARSA  : BARSA  :
=============================================================================================================
:FIELD   :           :      :      :      :        0.0:     2000.0:        0.0:     2077.5:        :        :
:G1      :           :      :      :      :        0.0:     2000.0:        0.0:     2077.5:        :        :
:INJ     :  1,  1    :      :  WRAT:      :        0.0:     2000.0:        0.0:     2077.5:   272.5:     0.0:
:--------:-----------:------:------:------:-----------:-----------:-----------:-----------:--------:--------:

============================================== CUMULATIVE PRODUCTION/INJECTION TOTALS ==============================================
:  WELL  : LOCATION  :  WELL  :CTRL:    OIL    :   WATER   :    GAS    :   Prod    :    OIL    :   WATER   :    GAS    :    INJ    :
:  NAME  :  (I,J,K)  :  TYPE  :MODE:   PROD    :   PROD    :   PROD    : RES.VOL.  :    INJ    :    INJ    :    INJ    : RES.VOL.  :
:        :           :        :    :   MSCM    :   MSCM    :   MMSCM   :   MRCM    :   MSCM    :   MSCM    :   MMSCM   :   MRCM    :
====================================================================================================================================
:FIELD   :           :        :    :      391.5:        0.0:        0.0:      433.0:        0.0:      424.0:        0.0:      440.4:
:G1      :           :        :    :      391.5:        0.0:        0.0:      433.0:        0.0:      424.0:        0.0:      440.4:
:PROD    : 10, 10    :    PROD: BHP:      391.5:        0.0:        0.0:      433.0:        0.0:        0.0:        0.0:        0.0:
:INJ     :  1,  1    :     INJ:WRAT:        0.0:        0.0:        0.0:        0.0:        0.0:      424.0:        0.0:      440.4:
:--------:-----------:--------:----:-----------:-----------:-----------:-----------:-----------:-----------:-----------:-----------:


Report step  7/96 at day 212/2920, date = 01-Aug-2015

Starting time step 0, stepsize 12.4 days, at day 212/243, date = 01-Aug-2015
Restart file written for report step  7/96, date = 01-Aug-2015 00:00:00
 Newton its=20, linearizations=21 (0.0sec), linear its=  1 (0.0sec)

Starting time step 1, stepsize 4.96 days, at day 224.4/243, date = 13-Aug-2015
 Newton its= 5, linearizations= 6 (0.0sec), linear its=  3 (0.0sec)

Starting time step 2, stepsize 6.82 days, at day 229.36/243, date = 18-Aug-2015
    Oscillating behavior detected: Relaxation set to 0.900000
 Newton its=20, linearizations=21 (0.0sec), linear its=  7 (0.0sec)

Starting time step 3, stepsize 2.728 days, at day 236.18/243, date = 25-Aug-2015
 Newton its= 3, linearizations= 4 (0.0sec), linear its=  1 (0.0sec)

Starting time step 4, stepsize 4.092 days, at day 238.908/243, date = 27-Aug-2015

Warning: Keyword 'WELLS' is unhandled for output to restart file.
 Newton its= 8, linearizations= 9 (0.0sec), linear its=  2 (0.0sec)

                              **************************************************************************
  WELLS    AT       243  DAYS *                 SPE1 - CASE 2                                          *
  REPORT    8    01 Sep 2015  *                                             Flow  version 2025.10-pre  *
                              **************************************************************************


======================================================= PRODUCTION REPORT =======================================================
:  WELL  : LOCATION  :CTRL:    OIL    :   WATER   :    GAS    :   FLUID   :   WATER   : GAS/OIL  :  WAT/GAS   : BHP OR : THP OR :
:  NAME  :  (I,J,K)  :MODE:   RATE    :   RATE    :   RATE    : RES.VOL.  :    CUT    :  RATIO   :   RATIO    :CON.PR. :BLK.PR. :
:        :           :    :  SCM/DAY  :  SCM/DAY  :  RCM/DAY  :  SCM/SCM  :  SCM/SCM  : SCM/SCM  :  SCM/SCM   : BARSA  : BARSA  :
=================================================================================================================================
:FIELD   :           :    :     1877.9:       -0.0:       -0.0:     2077.0:     -0.000:     -0.00:      0.0000:        :        :
:G1      :           :    :     1877.9:       -0.0:       -0.0:     2077.0:     -0.000:     -0.00:      0.0000:        :        :
:PROD    : 10, 10    : BHP:     1877.9:       -0.0:       -0.0:     2077.0:     -0.000:     -0.00:      0.0000:   245.0:     0.0:
:--------:-----------:----:-----------:-----------:-----------:-----------:-----------:----------:------------:--------:--------:

============================================= INJECTION REPORT ==============================================
:  WELL  : LOCATION  : CTRL : CTRL : CTRL :    OIL    :   WATER   :    GAS    :   FLUID   : BHP OR : THP OR :
:  NAME  :  (I,J,K)  : MODE : MODE : MODE :   RATE    :   RATE    :   RATE    : RES.VOL.  :CON.PR. :BLK.PR. :
:        :           : OIL  : WAT  : GAS  :  SCM/DAY  :  SCM/DAY  :  SCM/DAY  :  RCM/DAY  : BARSA  : BARSA  :
=============================================================================================================
:FIELD   :           :      :      :      :        0.0:     2000.0:        0.0:     2077.5:        :        :
:G1      :           :      :      :      :        0.0:     2000.0:        0.0:     2077.5:        :        :
:INJ     :  1,  1    :      :  WRAT:      :        0.0:     2000.0:        0.0:     2077.5:   272.2:     0.0:
:--------:-----------:------:------:------:-----------:-----------:-----------:-----------:--------:--------:

============================================== CUMULATIVE PRODUCTION/INJECTION TOTALS ==============================================
:  WELL  : LOCATION  :  WELL  :CTRL:    OIL    :   WATER   :    GAS    :   Prod    :    OIL    :   WATER   :    GAS    :    INJ    :
:  NAME  :  (I,J,K)  :  TYPE  :MODE:   PROD    :   PROD    :   PROD    : RES.VOL.  :    INJ    :    INJ    :    INJ    : RES.VOL.  :
:        :           :        :    :   MSCM    :   MSCM    :   MMSCM   :   MRCM    :   MSCM    :   MSCM    :   MMSCM   :   MRCM    :
====================================================================================================================================
:FIELD   :           :        :    :      449.7:        0.0:        0.0:      497.4:        0.0:      486.0:        0.0:      504.8:
:G1      :           :        :    :      449.7:        0.0:        0.0:      497.4:        0.0:      486.0:        0.0:      504.8:
:PROD    : 10, 10    :    PROD: BHP:      449.7:        0.0:        0.0:      497.4:        0.0:        0.0:        0.0:        0.0:
:INJ     :  1,  1    :     INJ:WRAT:        0.0:        0.0:        0.0:        0.0:        0.0:      486.0:        0.0:      504.8:
:--------:-----------:--------:----:-----------:-----------:-----------:-----------:-----------:-----------:-----------:-----------:


Report step  8/96 at day 243/2920, date = 01-Sep-2015

Starting time step 0, stepsize 4.092 days, at day 243/273, date = 01-Sep-2015
Restart file written for report step  8/96, date = 01-Sep-2015 00:00:00
 Newton its= 1, linearizations= 2 (0.0sec), linear its=  1 (0.0sec)

Starting time step 1, stepsize 12.276 days, at day 247.092/273, date = 05-Sep-2015
 Newton its= 6, linearizations= 7 (0.0sec), linear its=  3 (0.0sec)

Starting time step 2, stepsize 13.632 days, at day 259.368/273, date = 17-Sep-2015

Warning: Keyword 'WELLS' is unhandled for output to restart file.
 Newton its= 7, linearizations= 8 (0.0sec), linear its=  4 (0.0sec)

                              **************************************************************************
  WELLS    AT       273  DAYS *                 SPE1 - CASE 2                                          *
  REPORT    9    01 Oct 2015  *                                             Flow  version 2025.10-pre  *
                              **************************************************************************


======================================================= PRODUCTION REPORT =======================================================
:  WELL  : LOCATION  :CTRL:    OIL    :   WATER   :    GAS    :   FLUID   :   WATER   : GAS/OIL  :  WAT/GAS   : BHP OR : THP OR :
:  NAME  :  (I,J,K)  :MODE:   RATE    :   RATE    :   RATE    : RES.VOL.  :    CUT    :  RATIO   :   RATIO    :CON.PR. :BLK.PR. :
:        :           :    :  SCM/DAY  :  SCM/DAY  :  RCM/DAY  :  SCM/SCM  :  SCM/SCM  : SCM/SCM  :  SCM/SCM   : BARSA  : BARSA  :
=================================================================================================================================
:FIELD   :           :    :     1877.8:       -0.0:       -0.0:     2077.0:     -0.000:     -0.00:      0.0000:        :        :
:G1      :           :    :     1877.8:       -0.0:       -0.0:     2077.0:     -0.000:     -0.00:      0.0000:        :        :
:PROD    : 10, 10    : BHP:     1877.8:       -0.0:       -0.0:     2077.0:     -0.000:     -0.00:      0.0000:   245.0:     0.0:
:--------:-----------:----:-----------:-----------:-----------:-----------:-----------:----------:------------:--------:--------:

============================================= INJECTION REPORT ==============================================
:  WELL  : LOCATION  : CTRL : CTRL : CTRL :    OIL    :   WATER   :    GAS    :   FLUID   : BHP OR : THP OR :
:  NAME  :  (I,J,K)  : MODE : MODE : MODE :   RATE    :   RATE    :   RATE    : RES.VOL.  :CON.PR. :BLK.PR. :
:        :           : OIL  : WAT  : GAS  :  SCM/DAY  :  SCM/DAY  :  SCM/DAY  :  RCM/DAY  : BARSA  : BARSA  :
=============================================================================================================
:FIELD   :           :      :      :      :        0.0:     2000.0:        0.0:     2077.5:        :        :
:G1      :           :      :      :      :        0.0:     2000.0:        0.0:     2077.5:        :        :
:INJ     :  1,  1    :      :  WRAT:      :        0.0:     2000.0:        0.0:     2077.5:   272.2:     0.0:
:--------:-----------:------:------:------:-----------:-----------:-----------:-----------:--------:--------:

============================================== CUMULATIVE PRODUCTION/INJECTION TOTALS ==============================================
:  WELL  : LOCATION  :  WELL  :CTRL:    OIL    :   WATER   :    GAS    :   Prod    :    OIL    :   WATER   :    GAS    :    INJ    :
:  NAME  :  (I,J,K)  :  TYPE  :MODE:   PROD    :   PROD    :   PROD    : RES.VOL.  :    INJ    :    INJ    :    INJ    : RES.VOL.  :
:        :           :        :    :   MSCM    :   MSCM    :   MMSCM   :   MRCM    :   MSCM    :   MSCM    :   MMSCM   :   MRCM    :
====================================================================================================================================
:FIELD   :           :        :    :      506.0:        0.0:        0.0:      559.7:        0.0:      546.0:        0.0:      567.2:
:G1      :           :        :    :      506.0:        0.0:        0.0:      559.7:        0.0:      546.0:        0.0:      567.2:
:PROD    : 10, 10    :    PROD: BHP:      506.0:        0.0:        0.0:      559.7:        0.0:        0.0:        0.0:        0.0:
:INJ     :  1,  1    :     INJ:WRAT:        0.0:        0.0:        0.0:        0.0:        0.0:      546.0:        0.0:      567.2:
:--------:-----------:--------:----:-----------:-----------:-----------:-----------:-----------:-----------:-----------:-----------:


Report step  9/96 at day 273/2920, date = 01-Oct-2015

Starting time step 0, stepsize 19.0848 days, at day 273/304, date = 01-Oct-2015
Restart file written for report step  9/96, date = 01-Oct-2015 00:00:00
 Newton its= 4, linearizations= 5 (0.0sec), linear its=  2 (0.0sec)

Starting time step 1, stepsize 11.9152 days, at day 292.085/304, date = 20-Oct-2015

Warning: Keyword 'WELLS' is unhandled for output to restart file.
 Newton its= 4, linearizations= 5 (0.0sec), linear its=  0 (0.0sec)

                              **************************************************************************
  WELLS    AT       304  DAYS *                 SPE1 - CASE 2                                          *
  REPORT   10    01 Nov 2015  *                                             Flow  version 2025.10-pre  *
                              **************************************************************************


======================================================= PRODUCTION REPORT =======================================================
:  WELL  : LOCATION  :CTRL:    OIL    :   WATER   :    GAS    :   FLUID   :   WATER   : GAS/OIL  :  WAT/GAS   : BHP OR : THP OR :
:  NAME  :  (I,J,K)  :MODE:   RATE    :   RATE    :   RATE    : RES.VOL.  :    CUT    :  RATIO   :   RATIO    :CON.PR. :BLK.PR. :
:        :           :    :  SCM/DAY  :  SCM/DAY  :  RCM/DAY  :  SCM/SCM  :  SCM/SCM  : SCM/SCM  :  SCM/SCM   : BARSA  : BARSA  :
=================================================================================================================================
:FIELD   :           :    :     1877.9:       -0.0:       -0.0:     2077.1:     -0.000:     -0.00:      0.0000:        :        :
:G1      :           :    :     1877.9:       -0.0:       -0.0:     2077.1:     -0.000:     -0.00:      0.0000:        :        :
:PROD    : 10, 10    : BHP:     1877.9:       -0.0:       -0.0:     2077.1:     -0.000:     -0.00:      0.0000:   245.0:     0.0:
:--------:-----------:----:-----------:-----------:-----------:-----------:-----------:----------:------------:--------:--------:

============================================= INJECTION REPORT ==============================================
:  WELL  : LOCATION  : CTRL : CTRL : CTRL :    OIL    :   WATER   :    GAS    :   FLUID   : BHP OR : THP OR :
:  NAME  :  (I,J,K)  : MODE : MODE : MODE :   RATE    :   RATE    :   RATE    : RES.VOL.  :CON.PR. :BLK.PR. :
:        :           : OIL  : WAT  : GAS  :  SCM/DAY  :  SCM/DAY  :  SCM/DAY  :  RCM/DAY  : BARSA  : BARSA  :
=============================================================================================================
:FIELD   :           :      :      :      :        0.0:     2000.0:        0.0:     2077.5:        :        :
:G1      :           :      :      :      :        0.0:     2000.0:        0.0:     2077.5:        :        :
:INJ     :  1,  1    :      :  WRAT:      :        0.0:     2000.0:        0.0:     2077.5:   272.3:     0.0:
:--------:-----------:------:------:------:-----------:-----------:-----------:-----------:--------:--------:

============================================== CUMULATIVE PRODUCTION/INJECTION TOTALS ==============================================
:  WELL  : LOCATION  :  WELL  :CTRL:    OIL    :   WATER   :    GAS    :   Prod    :    OIL    :   WATER   :    GAS    :    INJ    :
:  NAME  :  (I,J,K)  :  TYPE  :MODE:   PROD    :   PROD    :   PROD    : RES.VOL.  :    INJ    :    INJ    :    INJ    : RES.VOL.  :
:        :           :        :    :   MSCM    :   MSCM    :   MMSCM   :   MRCM    :   MSCM    :   MSCM    :   MMSCM   :   MRCM    :
====================================================================================================================================
:FIELD   :           :        :    :      564.2:        0.0:        0.0:      624.1:        0.0:      608.0:        0.0:      631.6:
:G1      :           :        :    :      564.2:        0.0:        0.0:      624.1:        0.0:      608.0:        0.0:      631.6:
:PROD    : 10, 10    :    PROD: BHP:      564.2:        0.0:        0.0:      624.1:        0.0:        0.0:        0.0:        0.0:
:INJ     :  1,  1    :     INJ:WRAT:        0.0:        0.0:        0.0:        0.0:        0.0:      608.0:        0.0:      631.6:
:--------:-----------:--------:----:-----------:-----------:-----------:-----------:-----------:-----------:-----------:-----------:


Report step 10/96 at day 304/2920, date = 01-Nov-2015

Starting time step 0, stepsize 30 days, at day 304/334, date = 01-Nov-2015
Restart file written for report step 10/96, date = 01-Nov-2015 00:00:00

Warning: Keyword 'WELLS' is unhandled for output to restart file.
 Newton its= 5, linearizations= 6 (0.0sec), linear its=  2 (0.0sec)

                              **************************************************************************
  WELLS    AT       334  DAYS *                 SPE1 - CASE 2                                          *
  REPORT   11    01 Dec 2015  *                                             Flow  version 2025.10-pre  *
                              **************************************************************************


======================================================= PRODUCTION REPORT =======================================================
:  WELL  : LOCATION  :CTRL:    OIL    :   WATER   :    GAS    :   FLUID   :   WATER   : GAS/OIL  :  WAT/GAS   : BHP OR : THP OR :
:  NAME  :  (I,J,K)  :MODE:   RATE    :   RATE    :   RATE    : RES.VOL.  :    CUT    :  RATIO   :   RATIO    :CON.PR. :BLK.PR. :
:        :           :    :  SCM/DAY  :  SCM/DAY  :  RCM/DAY  :  SCM/SCM  :  SCM/SCM  : SCM/SCM  :  SCM/SCM   : BARSA  : BARSA  :
=================================================================================================================================
:FIELD   :           :    :     1877.9:       -0.0:       -0.0:     2077.1:     -0.000:     -0.00:      0.0000:        :        :
:G1      :           :    :     1877.9:       -0.0:       -0.0:     2077.1:     -0.000:     -0.00:      0.0000:        :        :
:PROD    : 10, 10    : BHP:     1877.9:       -0.0:       -0.0:     2077.1:     -0.000:     -0.00:      0.0000:   245.0:     0.0:
:--------:-----------:----:-----------:-----------:-----------:-----------:-----------:----------:------------:--------:--------:

============================================= INJECTION REPORT ==============================================
:  WELL  : LOCATION  : CTRL : CTRL : CTRL :    OIL    :   WATER   :    GAS    :   FLUID   : BHP OR : THP OR :
:  NAME  :  (I,J,K)  : MODE : MODE : MODE :   RATE    :   RATE    :   RATE    : RES.VOL.  :CON.PR. :BLK.PR. :
:        :           : OIL  : WAT  : GAS  :  SCM/DAY  :  SCM/DAY  :  SCM/DAY  :  RCM/DAY  : BARSA  : BARSA  :
=============================================================================================================
:FIELD   :           :      :      :      :        0.0:     2000.0:        0.0:     2077.5:        :        :
:G1      :           :      :      :      :        0.0:     2000.0:        0.0:     2077.5:        :        :
:INJ     :  1,  1    :      :  WRAT:      :        0.0:     2000.0:        0.0:     2077.5:   272.4:     0.0:
:--------:-----------:------:------:------:-----------:-----------:-----------:-----------:--------:--------:

============================================== CUMULATIVE PRODUCTION/INJECTION TOTALS ==============================================
:  WELL  : LOCATION  :  WELL  :CTRL:    OIL    :   WATER   :    GAS    :   Prod    :    OIL    :   WATER   :    GAS    :    INJ    :
:  NAME  :  (I,J,K)  :  TYPE  :MODE:   PROD    :   PROD    :   PROD    : RES.VOL.  :    INJ    :    INJ    :    INJ    : RES.VOL.  :
:        :           :        :    :   MSCM    :   MSCM    :   MMSCM   :   MRCM    :   MSCM    :   MSCM    :   MMSCM   :   MRCM    :
====================================================================================================================================
:FIELD   :           :        :    :      620.6:        0.0:        0.0:      686.4:        0.0:      668.0:        0.0:      693.9:
:G1      :           :        :    :      620.6:        0.0:        0.0:      686.4:        0.0:      668.0:        0.0:      693.9:
:PROD    : 10, 10    :    PROD: BHP:      620.6:        0.0:        0.0:      686.4:        0.0:        0.0:        0.0:        0.0:
:INJ     :  1,  1    :     INJ:WRAT:        0.0:        0.0:        0.0:        0.0:        0.0:      668.0:        0.0:      693.9:
:--------:-----------:--------:----:-----------:-----------:-----------:-----------:-----------:-----------:-----------:-----------:


Report step 11/96 at day 334/2920, date = 01-Dec-2015

Starting time step 0, stepsize 31 days, at day 334/365, date = 01-Dec-2015
Restart file written for report step 11/96, date = 01-Dec-2015 00:00:00

Warning: Keyword 'WELLS' is unhandled for output to restart file.
 Newton its= 6, linearizations= 7 (0.0sec), linear its=  2 (0.0sec)

                              **************************************************************************
  WELLS    AT       365  DAYS *                 SPE1 - CASE 2                                          *
  REPORT   12    01 Jan 2016  *                                             Flow  version 2025.10-pre  *
                              **************************************************************************


======================================================= PRODUCTION REPORT =======================================================
:  WELL  : LOCATION  :CTRL:    OIL    :   WATER   :    GAS    :   FLUID   :   WATER   : GAS/OIL  :  WAT/GAS   : BHP OR : THP OR :
:  NAME  :  (I,J,K)  :MODE:   RATE    :   RATE    :   RATE    : RES.VOL.  :    CUT    :  RATIO   :   RATIO    :CON.PR. :BLK.PR. :
:        :           :    :  SCM/DAY  :  SCM/DAY  :  RCM/DAY  :  SCM/SCM  :  SCM/SCM  : SCM/SCM  :  SCM/SCM   : BARSA  : BARSA  :
=================================================================================================================================
:FIELD   :           :    :     1877.9:       -0.0:       -0.0:     2077.1:     -0.000:     -0.00:      0.0000:        :        :
:G1      :           :    :     1877.9:       -0.0:       -0.0:     2077.1:     -0.000:     -0.00:      0.0000:        :        :
:PROD    : 10, 10    : BHP:     1877.9:       -0.0:       -0.0:     2077.1:     -0.000:     -0.00:      0.0000:   245.0:     0.0:
:--------:-----------:----:-----------:-----------:-----------:-----------:-----------:----------:------------:--------:--------:

============================================= INJECTION REPORT ==============================================
:  WELL  : LOCATION  : CTRL : CTRL : CTRL :    OIL    :   WATER   :    GAS    :   FLUID   : BHP OR : THP OR :
:  NAME  :  (I,J,K)  : MODE : MODE : MODE :   RATE    :   RATE    :   RATE    : RES.VOL.  :CON.PR. :BLK.PR. :
:        :           : OIL  : WAT  : GAS  :  SCM/DAY  :  SCM/DAY  :  SCM/DAY  :  RCM/DAY  : BARSA  : BARSA  :
=============================================================================================================
:FIELD   :           :      :      :      :        0.0:     2000.0:        0.0:     2077.5:        :        :
:G1      :           :      :      :      :        0.0:     2000.0:        0.0:     2077.5:        :        :
:INJ     :  1,  1    :      :  WRAT:      :        0.0:     2000.0:        0.0:     2077.5:   272.3:     0.0:
:--------:-----------:------:------:------:-----------:-----------:-----------:-----------:--------:--------:

============================================== CUMULATIVE PRODUCTION/INJECTION TOTALS ==============================================
:  WELL  : LOCATION  :  WELL  :CTRL:    OIL    :   WATER   :    GAS    :   Prod    :    OIL    :   WATER   :    GAS    :    INJ    :
:  NAME  :  (I,J,K)  :  TYPE  :MODE:   PROD    :   PROD    :   PROD    : RES.VOL.  :    INJ    :    INJ    :    INJ    : RES.VOL.  :
:        :           :        :    :   MSCM    :   MSCM    :   MMSCM   :   MRCM    :   MSCM    :   MSCM    :   MMSCM   :   MRCM    :
====================================================================================================================================
:FIELD   :           :        :    :      678.8:        0.0:        0.0:      750.8:        0.0:      730.0:        0.0:      758.3:
:G1      :           :        :    :      678.8:        0.0:        0.0:      750.8:        0.0:      730.0:        0.0:      758.3:
:PROD    : 10, 10    :    PROD: BHP:      678.8:        0.0:        0.0:      750.8:        0.0:        0.0:        0.0:        0.0:
:INJ     :  1,  1    :     INJ:WRAT:        0.0:        0.0:        0.0:        0.0:        0.0:      730.0:        0.0:      758.3:
:--------:-----------:--------:----:-----------:-----------:-----------:-----------:-----------:-----------:-----------:-----------:


Report step 12/96 at day 365/2920, date = 01-Jan-2016

Starting time step 0, stepsize 31 days, at day 365/396, date = 01-Jan-2016
Restart file written for report step 12/96, date = 01-Jan-2016 00:00:00

Warning: Keyword 'WELLS' is unhandled for output to restart file.
 Newton its= 4, linearizations= 5 (0.0sec), linear its=  0 (0.0sec)

                              **************************************************************************
  WELLS    AT       396  DAYS *                 SPE1 - CASE 2                                          *
  REPORT   13    01 Feb 2016  *                                             Flow  version 2025.10-pre  *
                              **************************************************************************


======================================================= PRODUCTION REPORT =======================================================
:  WELL  : LOCATION  :CTRL:    OIL    :   WATER   :    GAS    :   FLUID   :   WATER   : GAS/OIL  :  WAT/GAS   : BHP OR : THP OR :
:  NAME  :  (I,J,K)  :MODE:   RATE    :   RATE    :   RATE    : RES.VOL.  :    CUT    :  RATIO   :   RATIO    :CON.PR. :BLK.PR. :
:        :           :    :  SCM/DAY  :  SCM/DAY  :  RCM/DAY  :  SCM/SCM  :  SCM/SCM  : SCM/SCM  :  SCM/SCM   : BARSA  : BARSA  :
=================================================================================================================================
:FIELD   :           :    :      251.0:       -0.0:       -0.0:      277.6:     -0.000:     -0.00:      0.0000:        :        :
:G1      :           :    :      251.0:       -0.0:       -0.0:      277.6:     -0.000:     -0.00:      0.0000:        :        :
:PROD    : 10, 10    : BHP:      251.0:       -0.0:       -0.0:      277.6:     -0.000:     -0.00:      0.0000:   245.0:     0.0:
:--------:-----------:----:-----------:-----------:-----------:-----------:-----------:----------:------------:--------:--------:

============================================= INJECTION REPORT ==============================================
:  WELL  : LOCATION  : CTRL : CTRL : CTRL :    OIL    :   WATER   :    GAS    :   FLUID   : BHP OR : THP OR :
:  NAME  :  (I,J,K)  : MODE : MODE : MODE :   RATE    :   RATE    :   RATE    : RES.VOL.  :CON.PR. :BLK.PR. :
:        :           : OIL  : WAT  : GAS  :  SCM/DAY  :  SCM/DAY  :  SCM/DAY  :  RCM/DAY  : BARSA  : BARSA  :
=============================================================================================================
:FIELD   :           :      :      :      :        0.0:        0.0:        0.0:        0.0:        :        :
:G1      :           :      :      :      :        0.0:        0.0:        0.0:        0.0:        :        :
:INJ     :  1,  1    :      :  WRAT:      :        0.0:        0.0:        0.0:        0.0:     0.0:     0.0:
:--------:-----------:------:------:------:-----------:-----------:-----------:-----------:--------:--------:

============================================== CUMULATIVE PRODUCTION/INJECTION TOTALS ==============================================
:  WELL  : LOCATION  :  WELL  :CTRL:    OIL    :   WATER   :    GAS    :   Prod    :    OIL    :   WATER   :    GAS    :    INJ    :
:  NAME  :  (I,J,K)  :  TYPE  :MODE:   PROD    :   PROD    :   PROD    : RES.VOL.  :    INJ    :    INJ    :    INJ    : RES.VOL.  :
:        :           :        :    :   MSCM    :   MSCM    :   MMSCM   :   MRCM    :   MSCM    :   MSCM    :   MMSCM   :   MRCM    :
====================================================================================================================================
:FIELD   :           :        :    :      686.6:        0.0:        0.0:      759.4:        0.0:      730.0:        0.0:      758.3:
:G1      :           :        :    :      686.6:        0.0:        0.0:      759.4:        0.0:      730.0:        0.0:      758.3:
:PROD    : 10, 10    :    PROD: BHP:      686.6:        0.0:        0.0:      759.4:        0.0:        0.0:        0.0:        0.0:
:INJ     :  1,  1    :     INJ:WRAT:        0.0:        0.0:        0.0:        0.0:        0.0:      730.0:        0.0:      758.3:
:--------:-----------:--------:----:-----------:-----------:-----------:-----------:-----------:-----------:-----------:-----------:


Report step 13/96 at day 396/2920, date = 01-Feb-2016

Starting time step 0, stepsize 13.6525 days, at day 396/424, date = 01-Feb-2016
Restart file written for report step 13/96, date = 01-Feb-2016 00:00:00
 Newton its= 1, linearizations= 2 (0.0sec), linear its=  1 (0.0sec)

Starting time step 1, stepsize 14.3475 days, at day 409.652/424, date = 14-Feb-2016

Warning: Keyword 'WELLS' is unhandled for output to restart file.
 Newton its= 1, linearizations= 2 (0.0sec), linear its=  1 (0.0sec)

                              **************************************************************************
  WELLS    AT       424  DAYS *                 SPE1 - CASE 2                                          *
  REPORT   14    29 Feb 2016  *                                             Flow  version 2025.10-pre  *
                              **************************************************************************


======================================================= PRODUCTION REPORT =======================================================
:  WELL  : LOCATION  :CTRL:    OIL    :   WATER   :    GAS    :   FLUID   :   WATER   : GAS/OIL  :  WAT/GAS   : BHP OR : THP OR :
:  NAME  :  (I,J,K)  :MODE:   RATE    :   RATE    :   RATE    : RES.VOL.  :    CUT    :  RATIO   :   RATIO    :CON.PR. :BLK.PR. :
:        :           :    :  SCM/DAY  :  SCM/DAY  :  RCM/DAY  :  SCM/SCM  :  SCM/SCM  : SCM/SCM  :  SCM/SCM   : BARSA  : BARSA  :
=================================================================================================================================
:FIELD   :           :    :       14.9:       -0.0:       -0.0:       16.5:     -0.000:     -0.00:      0.0000:        :        :
:G1      :           :    :       14.9:       -0.0:       -0.0:       16.5:     -0.000:     -0.00:      0.0000:        :        :
:PROD    : 10, 10    : BHP:       14.9:       -0.0:       -0.0:       16.5:     -0.000:     -0.00:      0.0000:   245.0:     0.0:
:--------:-----------:----:-----------:-----------:-----------:-----------:-----------:----------:------------:--------:--------:

============================================= INJECTION REPORT ==============================================
:  WELL  : LOCATION  : CTRL : CTRL : CTRL :    OIL    :   WATER   :    GAS    :   FLUID   : BHP OR : THP OR :
:  NAME  :  (I,J,K)  : MODE : MODE : MODE :   RATE    :   RATE    :   RATE    : RES.VOL.  :CON.PR. :BLK.PR. :
:        :           : OIL  : WAT  : GAS  :  SCM/DAY  :  SCM/DAY  :  SCM/DAY  :  RCM/DAY  : BARSA  : BARSA  :
=============================================================================================================
:FIELD   :           :      :      :      :        0.0:        0.0:        0.0:        0.0:        :        :
:G1      :           :      :      :      :        0.0:        0.0:        0.0:        0.0:        :        :
:INJ     :  1,  1    :      :  WRAT:      :        0.0:        0.0:        0.0:        0.0:     0.0:     0.0:
:--------:-----------:------:------:------:-----------:-----------:-----------:-----------:--------:--------:

============================================== CUMULATIVE PRODUCTION/INJECTION TOTALS ==============================================
:  WELL  : LOCATION  :  WELL  :CTRL:    OIL    :   WATER   :    GAS    :   Prod    :    OIL    :   WATER   :    GAS    :    INJ    :
:  NAME  :  (I,J,K)  :  TYPE  :MODE:   PROD    :   PROD    :   PROD    : RES.VOL.  :    INJ    :    INJ    :    INJ    : RES.VOL.  :
:        :           :        :    :   MSCM    :   MSCM    :   MMSCM   :   MRCM    :   MSCM    :   MSCM    :   MMSCM   :   MRCM    :
====================================================================================================================================
:FIELD   :           :        :    :      687.6:        0.0:        0.0:      760.5:        0.0:      730.0:        0.0:      758.3:
:G1      :           :        :    :      687.6:        0.0:        0.0:      760.5:        0.0:      730.0:        0.0:      758.3:
:PROD    : 10, 10    :    PROD: BHP:      687.6:        0.0:        0.0:      760.5:        0.0:        0.0:        0.0:        0.0:
:INJ     :  1,  1    :     INJ:WRAT:        0.0:        0.0:        0.0:        0.0:        0.0:      730.0:        0.0:      758.3:
:--------:-----------:--------:----:-----------:-----------:-----------:-----------:-----------:-----------:-----------:-----------:


Report step 14/96 at day 424/2920, date = 29-Feb-2016

Starting time step 0, stepsize 31 days, at day 424/455, date = 29-Feb-2016
Restart file written for report step 14/96, date = 29-Feb-2016 00:00:00

Warning: Keyword 'WELLS' is unhandled for output to restart file.
 Newton its= 3, linearizations= 4 (0.0sec), linear its=  1 (0.0sec)

                              **************************************************************************
  WELLS    AT       455  DAYS *                 SPE1 - CASE 2                                          *
  REPORT   15    31 Mar 2016  *                                             Flow  version 2025.10-pre  *
                              **************************************************************************


======================================================= PRODUCTION REPORT =======================================================
:  WELL  : LOCATION  :CTRL:    OIL    :   WATER   :    GAS    :   FLUID   :   WATER   : GAS/OIL  :  WAT/GAS   : BHP OR : THP OR :
:  NAME  :  (I,J,K)  :MODE:   RATE    :   RATE    :   RATE    : RES.VOL.  :    CUT    :  RATIO   :   RATIO    :CON.PR. :BLK.PR. :
:        :           :    :  SCM/DAY  :  SCM/DAY  :  RCM/DAY  :  SCM/SCM  :  SCM/SCM  : SCM/SCM  :  SCM/SCM   : BARSA  : BARSA  :
=================================================================================================================================
:FIELD   :           :    :        1.9:       -0.0:       -0.0:        2.1:     -0.000:     -0.00:      0.0000:        :        :
:G1      :           :    :        1.9:       -0.0:       -0.0:        2.1:     -0.000:     -0.00:      0.0000:        :        :
:PROD    : 10, 10    : BHP:        1.9:       -0.0:       -0.0:        2.1:     -0.000:     -0.00:      0.0000:   245.0:     0.0:
:--------:-----------:----:-----------:-----------:-----------:-----------:-----------:----------:------------:--------:--------:

============================================= INJECTION REPORT ==============================================
:  WELL  : LOCATION  : CTRL : CTRL : CTRL :    OIL    :   WATER   :    GAS    :   FLUID   : BHP OR : THP OR :
:  NAME  :  (I,J,K)  : MODE : MODE : MODE :   RATE    :   RATE    :   RATE    : RES.VOL.  :CON.PR. :BLK.PR. :
:        :           : OIL  : WAT  : GAS  :  SCM/DAY  :  SCM/DAY  :  SCM/DAY  :  RCM/DAY  : BARSA  : BARSA  :
=============================================================================================================
:FIELD   :           :      :      :      :        0.0:        0.0:        0.0:        0.0:        :        :
:G1      :           :      :      :      :        0.0:        0.0:        0.0:        0.0:        :        :
:INJ     :  1,  1    :      :  WRAT:      :        0.0:        0.0:        0.0:        0.0:     0.0:     0.0:
:--------:-----------:------:------:------:-----------:-----------:-----------:-----------:--------:--------:

============================================== CUMULATIVE PRODUCTION/INJECTION TOTALS ==============================================
:  WELL  : LOCATION  :  WELL  :CTRL:    OIL    :   WATER   :    GAS    :   Prod    :    OIL    :   WATER   :    GAS    :    INJ    :
:  NAME  :  (I,J,K)  :  TYPE  :MODE:   PROD    :   PROD    :   PROD    : RES.VOL.  :    INJ    :    INJ    :    INJ    : RES.VOL.  :
:        :           :        :    :   MSCM    :   MSCM    :   MMSCM   :   MRCM    :   MSCM    :   MSCM    :   MMSCM   :   MRCM    :
====================================================================================================================================
:FIELD   :           :        :    :      687.7:        0.0:        0.0:      760.6:        0.0:      730.0:        0.0:      758.3:
:G1      :           :        :    :      687.7:        0.0:        0.0:      760.6:        0.0:      730.0:        0.0:      758.3:
:PROD    : 10, 10    :    PROD: BHP:      687.7:        0.0:        0.0:      760.6:        0.0:        0.0:        0.0:        0.0:
:INJ     :  1,  1    :     INJ:WRAT:        0.0:        0.0:        0.0:        0.0:        0.0:      730.0:        0.0:      758.3:
:--------:-----------:--------:----:-----------:-----------:-----------:-----------:-----------:-----------:-----------:-----------:


Report step 15/96 at day 455/2920, date = 31-Mar-2016

Starting time step 0, stepsize 30 days, at day 455/485, date = 31-Mar-2016
Restart file written for report step 15/96, date = 31-Mar-2016 00:00:00

Warning: Keyword 'WELLS' is unhandled for output to restart file.
 Newton its= 1, linearizations= 2 (0.0sec), linear its=  1 (0.0sec)

                              **************************************************************************
  WELLS    AT       485  DAYS *                 SPE1 - CASE 2                                          *
  REPORT   16    30 Apr 2016  *                                             Flow  version 2025.10-pre  *
                              **************************************************************************


======================================================= PRODUCTION REPORT =======================================================
:  WELL  : LOCATION  :CTRL:    OIL    :   WATER   :    GAS    :   FLUID   :   WATER   : GAS/OIL  :  WAT/GAS   : BHP OR : THP OR :
:  NAME  :  (I,J,K)  :MODE:   RATE    :   RATE    :   RATE    : RES.VOL.  :    CUT    :  RATIO   :   RATIO    :CON.PR. :BLK.PR. :
:        :           :    :  SCM/DAY  :  SCM/DAY  :  RCM/DAY  :  SCM/SCM  :  SCM/SCM  : SCM/SCM  :  SCM/SCM   : BARSA  : BARSA  :
=================================================================================================================================
:FIELD   :           :    :        0.2:       -0.0:       -0.0:        0.3:     -0.000:     -0.00:      0.0000:        :        :
:G1      :           :    :        0.2:       -0.0:       -0.0:        0.3:     -0.000:     -0.00:      0.0000:        :        :
:PROD    : 10, 10    : BHP:        0.2:       -0.0:       -0.0:        0.3:     -0.000:     -0.00:      0.0000:   245.0:     0.0:
:--------:-----------:----:-----------:-----------:-----------:-----------:-----------:----------:------------:--------:--------:

============================================= INJECTION REPORT ==============================================
:  WELL  : LOCATION  : CTRL : CTRL : CTRL :    OIL    :   WATER   :    GAS    :   FLUID   : BHP OR : THP OR :
:  NAME  :  (I,J,K)  : MODE : MODE : MODE :   RATE    :   RATE    :   RATE    : RES.VOL.  :CON.PR. :BLK.PR. :
:        :           : OIL  : WAT  : GAS  :  SCM/DAY  :  SCM/DAY  :  SCM/DAY  :  RCM/DAY  : BARSA  : BARSA  :
=============================================================================================================
:FIELD   :           :      :      :      :        0.0:        0.0:        0.0:        0.0:        :        :
:G1      :           :      :      :      :        0.0:        0.0:        0.0:        0.0:        :        :
:INJ     :  1,  1    :      :  WRAT:      :        0.0:        0.0:        0.0:        0.0:     0.0:     0.0:
:--------:-----------:------:------:------:-----------:-----------:-----------:-----------:--------:--------:

============================================== CUMULATIVE PRODUCTION/INJECTION TOTALS ==============================================
:  WELL  : LOCATION  :  WELL  :CTRL:    OIL    :   WATER   :    GAS    :   Prod    :    OIL    :   WATER   :    GAS    :    INJ    :
:  NAME  :  (I,J,K)  :  TYPE  :MODE:   PROD    :   PROD    :   PROD    : RES.VOL.  :    INJ    :    INJ    :    INJ    : RES.VOL.  :
:        :           :        :    :   MSCM    :   MSCM    :   MMSCM   :   MRCM    :   MSCM    :   MSCM    :   MMSCM   :   MRCM    :
====================================================================================================================================
:FIELD   :           :        :    :      687.7:        0.0:        0.0:      760.6:        0.0:      730.0:        0.0:      758.3:
:G1      :           :        :    :      687.7:        0.0:        0.0:      760.6:        0.0:      730.0:        0.0:      758.3:
:PROD    : 10, 10    :    PROD: BHP:      687.7:        0.0:        0.0:      760.6:        0.0:        0.0:        0.0:        0.0:
:INJ     :  1,  1    :     INJ:WRAT:        0.0:        0.0:        0.0:        0.0:        0.0:      730.0:        0.0:      758.3:
:--------:-----------:--------:----:-----------:-----------:-----------:-----------:-----------:-----------:-----------:-----------:


Report step 16/96 at day 485/2920, date = 30-Apr-2016

Starting time step 0, stepsize 31 days, at day 485/516, date = 30-Apr-2016
Restart file written for report step 16/96, date = 30-Apr-2016 00:00:00

Warning: Keyword 'WELLS' is unhandled for output to restart file.
 Newton its= 2, linearizations= 3 (0.0sec), linear its=  1 (0.0sec)

                              **************************************************************************
  WELLS    AT       516  DAYS *                 SPE1 - CASE 2                                          *
  REPORT   17    31 May 2016  *                                             Flow  version 2025.10-pre  *
                              **************************************************************************


======================================================= PRODUCTION REPORT =======================================================
:  WELL  : LOCATION  :CTRL:    OIL    :   WATER   :    GAS    :   FLUID   :   WATER   : GAS/OIL  :  WAT/GAS   : BHP OR : THP OR :
:  NAME  :  (I,J,K)  :MODE:   RATE    :   RATE    :   RATE    : RES.VOL.  :    CUT    :  RATIO   :   RATIO    :CON.PR. :BLK.PR. :
:        :           :    :  SCM/DAY  :  SCM/DAY  :  RCM/DAY  :  SCM/SCM  :  SCM/SCM  : SCM/SCM  :  SCM/SCM   : BARSA  : BARSA  :
=================================================================================================================================
:FIELD   :           :    :        0.0:       -0.0:       -0.0:        0.0:     -0.000:     -0.00:      0.0000:        :        :
:G1      :           :    :        0.0:       -0.0:       -0.0:        0.0:     -0.000:     -0.00:      0.0000:        :        :
:PROD    : 10, 10    : BHP:        0.0:       -0.0:       -0.0:        0.0:     -0.000:     -0.00:      0.0000:   245.0:     0.0:
:--------:-----------:----:-----------:-----------:-----------:-----------:-----------:----------:------------:--------:--------:

============================================= INJECTION REPORT ==============================================
:  WELL  : LOCATION  : CTRL : CTRL : CTRL :    OIL    :   WATER   :    GAS    :   FLUID   : BHP OR : THP OR :
:  NAME  :  (I,J,K)  : MODE : MODE : MODE :   RATE    :   RATE    :   RATE    : RES.VOL.  :CON.PR. :BLK.PR. :
:        :           : OIL  : WAT  : GAS  :  SCM/DAY  :  SCM/DAY  :  SCM/DAY  :  RCM/DAY  : BARSA  : BARSA  :
=============================================================================================================
:FIELD   :           :      :      :      :        0.0:        0.0:        0.0:        0.0:        :        :
:G1      :           :      :      :      :        0.0:        0.0:        0.0:        0.0:        :        :
:INJ     :  1,  1    :      :  WRAT:      :        0.0:        0.0:        0.0:        0.0:     0.0:     0.0:
:--------:-----------:------:------:------:-----------:-----------:-----------:-----------:--------:--------:

============================================== CUMULATIVE PRODUCTION/INJECTION TOTALS ==============================================
:  WELL  : LOCATION  :  WELL  :CTRL:    OIL    :   WATER   :    GAS    :   Prod    :    OIL    :   WATER   :    GAS    :    INJ    :
:  NAME  :  (I,J,K)  :  TYPE  :MODE:   PROD    :   PROD    :   PROD    : RES.VOL.  :    INJ    :    INJ    :    INJ    : RES.VOL.  :
:        :           :        :    :   MSCM    :   MSCM    :   MMSCM   :   MRCM    :   MSCM    :   MSCM    :   MMSCM   :   MRCM    :
====================================================================================================================================
:FIELD   :           :        :    :      687.7:        0.0:        0.0:      760.6:        0.0:      730.0:        0.0:      758.3:
:G1      :           :        :    :      687.7:        0.0:        0.0:      760.6:        0.0:      730.0:        0.0:      758.3:
:PROD    : 10, 10    :    PROD: BHP:      687.7:        0.0:        0.0:      760.6:        0.0:        0.0:        0.0:        0.0:
:INJ     :  1,  1    :     INJ:WRAT:        0.0:        0.0:        0.0:        0.0:        0.0:      730.0:        0.0:      758.3:
:--------:-----------:--------:----:-----------:-----------:-----------:-----------:-----------:-----------:-----------:-----------:


Report step 17/96 at day 516/2920, date = 31-May-2016

Starting time step 0, stepsize 30 days, at day 516/546, date = 31-May-2016
Restart file written for report step 17/96, date = 31-May-2016 00:00:00
Well PROD will be shut as it can not operate under current reservoir conditions.

Warning: Keyword 'WELLS' is unhandled for output to restart file.
 Newton its= 2, linearizations= 3 (0.0sec), linear its=  0 (0.0sec)

                              **************************************************************************
  WELLS    AT       546  DAYS *                 SPE1 - CASE 2                                          *
  REPORT   18    30 Jun 2016  *                                             Flow  version 2025.10-pre  *
                              **************************************************************************


======================================================= PRODUCTION REPORT =======================================================
:  WELL  : LOCATION  :CTRL:    OIL    :   WATER   :    GAS    :   FLUID   :   WATER   : GAS/OIL  :  WAT/GAS   : BHP OR : THP OR :
:  NAME  :  (I,J,K)  :MODE:   RATE    :   RATE    :   RATE    : RES.VOL.  :    CUT    :  RATIO   :   RATIO    :CON.PR. :BLK.PR. :
:        :           :    :  SCM/DAY  :  SCM/DAY  :  RCM/DAY  :  SCM/SCM  :  SCM/SCM  : SCM/SCM  :  SCM/SCM   : BARSA  : BARSA  :
=================================================================================================================================
:FIELD   :           :    :       -0.0:       -0.0:       -0.0:       -0.0:      0.000:      0.00:      0.0000:        :        :
:G1      :           :    :       -0.0:       -0.0:       -0.0:       -0.0:      0.000:      0.00:      0.0000:        :        :
:PROD    : 10, 10    : BHP:       -0.0:       -0.0:       -0.0:       -0.0:      0.000:      0.00:      0.0000:   245.0:     0.0:
:--------:-----------:----:-----------:-----------:-----------:-----------:-----------:----------:------------:--------:--------:

============================================= INJECTION REPORT ==============================================
:  WELL  : LOCATION  : CTRL : CTRL : CTRL :    OIL    :   WATER   :    GAS    :   FLUID   : BHP OR : THP OR :
:  NAME  :  (I,J,K)  : MODE : MODE : MODE :   RATE    :   RATE    :   RATE    : RES.VOL.  :CON.PR. :BLK.PR. :
:        :           : OIL  : WAT  : GAS  :  SCM/DAY  :  SCM/DAY  :  SCM/DAY  :  RCM/DAY  : BARSA  : BARSA  :
=============================================================================================================
:FIELD   :           :      :      :      :        0.0:        0.0:        0.0:        0.0:        :        :
:G1      :           :      :      :      :        0.0:        0.0:        0.0:        0.0:        :        :
:INJ     :  1,  1    :      :  WRAT:      :        0.0:        0.0:        0.0:        0.0:     0.0:     0.0:
:--------:-----------:------:------:------:-----------:-----------:-----------:-----------:--------:--------:

============================================== CUMULATIVE PRODUCTION/INJECTION TOTALS ==============================================
:  WELL  : LOCATION  :  WELL  :CTRL:    OIL    :   WATER   :    GAS    :   Prod    :    OIL    :   WATER   :    GAS    :    INJ    :
:  NAME  :  (I,J,K)  :  TYPE  :MODE:   PROD    :   PROD    :   PROD    : RES.VOL.  :    INJ    :    INJ    :    INJ    : RES.VOL.  :
:        :           :        :    :   MSCM    :   MSCM    :   MMSCM   :   MRCM    :   MSCM    :   MSCM    :   MMSCM   :   MRCM    :
====================================================================================================================================
:FIELD   :           :        :    :      687.7:        0.0:        0.0:      760.6:        0.0:      730.0:        0.0:      758.3:
:G1      :           :        :    :      687.7:        0.0:        0.0:      760.6:        0.0:      730.0:        0.0:      758.3:
:PROD    : 10, 10    :    PROD: BHP:      687.7:        0.0:        0.0:      760.6:        0.0:        0.0:        0.0:        0.0:
:INJ     :  1,  1    :     INJ:WRAT:        0.0:        0.0:        0.0:        0.0:        0.0:      730.0:        0.0:      758.3:
:--------:-----------:--------:----:-----------:-----------:-----------:-----------:-----------:-----------:-----------:-----------:


Report step 18/96 at day 546/2920, date = 30-Jun-2016

Starting time step 0, stepsize 31 days, at day 546/577, date = 30-Jun-2016
Restart file written for report step 18/96, date = 30-Jun-2016 00:00:00

Warning: Keyword 'WELLS' is unhandled for output to restart file.
 Newton its= 3, linearizations= 4 (0.0sec), linear its=  1 (0.0sec)

                              **************************************************************************
  WELLS    AT       577  DAYS *                 SPE1 - CASE 2                                          *
  REPORT   19    31 Jul 2016  *                                             Flow  version 2025.10-pre  *
                              **************************************************************************


======================================================= PRODUCTION REPORT =======================================================
:  WELL  : LOCATION  :CTRL:    OIL    :   WATER   :    GAS    :   FLUID   :   WATER   : GAS/OIL  :  WAT/GAS   : BHP OR : THP OR :
:  NAME  :  (I,J,K)  :MODE:   RATE    :   RATE    :   RATE    : RES.VOL.  :    CUT    :  RATIO   :   RATIO    :CON.PR. :BLK.PR. :
:        :           :    :  SCM/DAY  :  SCM/DAY  :  RCM/DAY  :  SCM/SCM  :  SCM/SCM  : SCM/SCM  :  SCM/SCM   : BARSA  : BARSA  :
=================================================================================================================================
:FIELD   :           :    :       -0.0:       -0.0:       -0.0:       -0.0:      0.000:      0.00:      0.0000:        :        :
:G1      :           :    :       -0.0:       -0.0:       -0.0:       -0.0:      0.000:      0.00:      0.0000:        :        :
:PROD    : 10, 10    : BHP:       -0.0:       -0.0:       -0.0:       -0.0:      0.000:      0.00:      0.0000:     0.0:     0.0:
:--------:-----------:----:-----------:-----------:-----------:-----------:-----------:----------:------------:--------:--------:

============================================= INJECTION REPORT ==============================================
:  WELL  : LOCATION  : CTRL : CTRL : CTRL :    OIL    :   WATER   :    GAS    :   FLUID   : BHP OR : THP OR :
:  NAME  :  (I,J,K)  : MODE : MODE : MODE :   RATE    :   RATE    :   RATE    : RES.VOL.  :CON.PR. :BLK.PR. :
:        :           : OIL  : WAT  : GAS  :  SCM/DAY  :  SCM/DAY  :  SCM/DAY  :  RCM/DAY  : BARSA  : BARSA  :
=============================================================================================================
:FIELD   :           :      :      :      :        0.0:        0.0:        0.0:        0.0:        :        :
:G1      :           :      :      :      :        0.0:        0.0:        0.0:        0.0:        :        :
:INJ     :  1,  1    :      :  WRAT:      :        0.0:        0.0:        0.0:        0.0:     0.0:     0.0:
:--------:-----------:------:------:------:-----------:-----------:-----------:-----------:--------:--------:

============================================== CUMULATIVE PRODUCTION/INJECTION TOTALS ==============================================
:  WELL  : LOCATION  :  WELL  :CTRL:    OIL    :   WATER   :    GAS    :   Prod    :    OIL    :   WATER   :    GAS    :    INJ    :
:  NAME  :  (I,J,K)  :  TYPE  :MODE:   PROD    :   PROD    :   PROD    : RES.VOL.  :    INJ    :    INJ    :    INJ    : RES.VOL.  :
:        :           :        :    :   MSCM    :   MSCM    :   MMSCM   :   MRCM    :   MSCM    :   MSCM    :   MMSCM   :   MRCM    :
====================================================================================================================================
:FIELD   :           :        :    :      687.7:        0.0:        0.0:      760.6:        0.0:      730.0:        0.0:      758.3:
:G1      :           :        :    :      687.7:        0.0:        0.0:      760.6:        0.0:      730.0:        0.0:      758.3:
:PROD    : 10, 10    :    PROD: BHP:      687.7:        0.0:        0.0:      760.6:        0.0:        0.0:        0.0:        0.0:
:INJ     :  1,  1    :     INJ:WRAT:        0.0:        0.0:        0.0:        0.0:        0.0:      730.0:        0.0:      758.3:
:--------:-----------:--------:----:-----------:-----------:-----------:-----------:-----------:-----------:-----------:-----------:


Report step 19/96 at day 577/2920, date = 31-Jul-2016

Starting time step 0, stepsize 31 days, at day 577/608, date = 31-Jul-2016
Restart file written for report step 19/96, date = 31-Jul-2016 00:00:00

Warning: Keyword 'WELLS' is unhandled for output to restart file.
 Newton its= 2, linearizations= 3 (0.0sec), linear its=  1 (0.0sec)

                              **************************************************************************
  WELLS    AT       608  DAYS *                 SPE1 - CASE 2                                          *
  REPORT   20    31 Aug 2016  *                                             Flow  version 2025.10-pre  *
                              **************************************************************************


======================================================= PRODUCTION REPORT =======================================================
:  WELL  : LOCATION  :CTRL:    OIL    :   WATER   :    GAS    :   FLUID   :   WATER   : GAS/OIL  :  WAT/GAS   : BHP OR : THP OR :
:  NAME  :  (I,J,K)  :MODE:   RATE    :   RATE    :   RATE    : RES.VOL.  :    CUT    :  RATIO   :   RATIO    :CON.PR. :BLK.PR. :
:        :           :    :  SCM/DAY  :  SCM/DAY  :  RCM/DAY  :  SCM/SCM  :  SCM/SCM  : SCM/SCM  :  SCM/SCM   : BARSA  : BARSA  :
=================================================================================================================================
:FIELD   :           :    :       -0.0:       -0.0:       -0.0:       -0.0:      0.000:      0.00:      0.0000:        :        :
:G1      :           :    :       -0.0:       -0.0:       -0.0:       -0.0:      0.000:      0.00:      0.0000:        :        :
:PROD    : 10, 10    : BHP:       -0.0:       -0.0:       -0.0:       -0.0:      0.000:      0.00:      0.0000:     0.0:     0.0:
:--------:-----------:----:-----------:-----------:-----------:-----------:-----------:----------:------------:--------:--------:

============================================= INJECTION REPORT ==============================================
:  WELL  : LOCATION  : CTRL : CTRL : CTRL :    OIL    :   WATER   :    GAS    :   FLUID   : BHP OR : THP OR :
:  NAME  :  (I,J,K)  : MODE : MODE : MODE :   RATE    :   RATE    :   RATE    : RES.VOL.  :CON.PR. :BLK.PR. :
:        :           : OIL  : WAT  : GAS  :  SCM/DAY  :  SCM/DAY  :  SCM/DAY  :  RCM/DAY  : BARSA  : BARSA  :
=============================================================================================================
:FIELD   :           :      :      :      :        0.0:        0.0:        0.0:        0.0:        :        :
:G1      :           :      :      :      :        0.0:        0.0:        0.0:        0.0:        :        :
:INJ     :  1,  1    :      :  WRAT:      :        0.0:        0.0:        0.0:        0.0:     0.0:     0.0:
:--------:-----------:------:------:------:-----------:-----------:-----------:-----------:--------:--------:

============================================== CUMULATIVE PRODUCTION/INJECTION TOTALS ==============================================
:  WELL  : LOCATION  :  WELL  :CTRL:    OIL    :   WATER   :    GAS    :   Prod    :    OIL    :   WATER   :    GAS    :    INJ    :
:  NAME  :  (I,J,K)  :  TYPE  :MODE:   PROD    :   PROD    :   PROD    : RES.VOL.  :    INJ    :    INJ    :    INJ    : RES.VOL.  :
:        :           :        :    :   MSCM    :   MSCM    :   MMSCM   :   MRCM    :   MSCM    :   MSCM    :   MMSCM   :   MRCM    :
====================================================================================================================================
:FIELD   :           :        :    :      687.7:        0.0:        0.0:      760.6:        0.0:      730.0:        0.0:      758.3:
:G1      :           :        :    :      687.7:        0.0:        0.0:      760.6:        0.0:      730.0:        0.0:      758.3:
:PROD    : 10, 10    :    PROD: BHP:      687.7:        0.0:        0.0:      760.6:        0.0:        0.0:        0.0:        0.0:
:INJ     :  1,  1    :     INJ:WRAT:        0.0:        0.0:        0.0:        0.0:        0.0:      730.0:        0.0:      758.3:
:--------:-----------:--------:----:-----------:-----------:-----------:-----------:-----------:-----------:-----------:-----------:


Report step 20/96 at day 608/2920, date = 31-Aug-2016

Starting time step 0, stepsize 30 days, at day 608/638, date = 31-Aug-2016
Restart file written for report step 20/96, date = 31-Aug-2016 00:00:00

Warning: Keyword 'WELLS' is unhandled for output to restart file.
 Newton its= 2, linearizations= 3 (0.0sec), linear its=  1 (0.0sec)

                              **************************************************************************
  WELLS    AT       638  DAYS *                 SPE1 - CASE 2                                          *
  REPORT   21    30 Sep 2016  *                                             Flow  version 2025.10-pre  *
                              **************************************************************************


======================================================= PRODUCTION REPORT =======================================================
:  WELL  : LOCATION  :CTRL:    OIL    :   WATER   :    GAS    :   FLUID   :   WATER   : GAS/OIL  :  WAT/GAS   : BHP OR : THP OR :
:  NAME  :  (I,J,K)  :MODE:   RATE    :   RATE    :   RATE    : RES.VOL.  :    CUT    :  RATIO   :   RATIO    :CON.PR. :BLK.PR. :
:        :           :    :  SCM/DAY  :  SCM/DAY  :  RCM/DAY  :  SCM/SCM  :  SCM/SCM  : SCM/SCM  :  SCM/SCM   : BARSA  : BARSA  :
=================================================================================================================================
:FIELD   :           :    :       -0.0:       -0.0:       -0.0:       -0.0:      0.000:      0.00:      0.0000:        :        :
:G1      :           :    :       -0.0:       -0.0:       -0.0:       -0.0:      0.000:      0.00:      0.0000:        :        :
:PROD    : 10, 10    : BHP:       -0.0:       -0.0:       -0.0:       -0.0:      0.000:      0.00:      0.0000:     0.0:     0.0:
:--------:-----------:----:-----------:-----------:-----------:-----------:-----------:----------:------------:--------:--------:

============================================= INJECTION REPORT ==============================================
:  WELL  : LOCATION  : CTRL : CTRL : CTRL :    OIL    :   WATER   :    GAS    :   FLUID   : BHP OR : THP OR :
:  NAME  :  (I,J,K)  : MODE : MODE : MODE :   RATE    :   RATE    :   RATE    : RES.VOL.  :CON.PR. :BLK.PR. :
:        :           : OIL  : WAT  : GAS  :  SCM/DAY  :  SCM/DAY  :  SCM/DAY  :  RCM/DAY  : BARSA  : BARSA  :
=============================================================================================================
:FIELD   :           :      :      :      :        0.0:        0.0:        0.0:        0.0:        :        :
:G1      :           :      :      :      :        0.0:        0.0:        0.0:        0.0:        :        :
:INJ     :  1,  1    :      :  WRAT:      :        0.0:        0.0:        0.0:        0.0:     0.0:     0.0:
:--------:-----------:------:------:------:-----------:-----------:-----------:-----------:--------:--------:

============================================== CUMULATIVE PRODUCTION/INJECTION TOTALS ==============================================
:  WELL  : LOCATION  :  WELL  :CTRL:    OIL    :   WATER   :    GAS    :   Prod    :    OIL    :   WATER   :    GAS    :    INJ    :
:  NAME  :  (I,J,K)  :  TYPE  :MODE:   PROD    :   PROD    :   PROD    : RES.VOL.  :    INJ    :    INJ    :    INJ    : RES.VOL.  :
:        :           :        :    :   MSCM    :   MSCM    :   MMSCM   :   MRCM    :   MSCM    :   MSCM    :   MMSCM   :   MRCM    :
====================================================================================================================================
:FIELD   :           :        :    :      687.7:        0.0:        0.0:      760.6:        0.0:      730.0:        0.0:      758.3:
:G1      :           :        :    :      687.7:        0.0:        0.0:      760.6:        0.0:      730.0:        0.0:      758.3:
:PROD    : 10, 10    :    PROD: BHP:      687.7:        0.0:        0.0:      760.6:        0.0:        0.0:        0.0:        0.0:
:INJ     :  1,  1    :     INJ:WRAT:        0.0:        0.0:        0.0:        0.0:        0.0:      730.0:        0.0:      758.3:
:--------:-----------:--------:----:-----------:-----------:-----------:-----------:-----------:-----------:-----------:-----------:


Report step 21/96 at day 638/2920, date = 30-Sep-2016

Starting time step 0, stepsize 31 days, at day 638/669, date = 30-Sep-2016

Warning: Keyword 'WELLS' is unhandled for output to restart file.
 Newton its= 1, linearizations= 2 (0.0sec), linear its=  1 (0.0sec)
Restart file written for report step 21/96, date = 30-Sep-2016 00:00:00

                              **************************************************************************
  WELLS    AT       669  DAYS *                 SPE1 - CASE 2                                          *
  REPORT   22    31 Oct 2016  *                                             Flow  version 2025.10-pre  *
                              **************************************************************************


======================================================= PRODUCTION REPORT =======================================================
:  WELL  : LOCATION  :CTRL:    OIL    :   WATER   :    GAS    :   FLUID   :   WATER   : GAS/OIL  :  WAT/GAS   : BHP OR : THP OR :
:  NAME  :  (I,J,K)  :MODE:   RATE    :   RATE    :   RATE    : RES.VOL.  :    CUT    :  RATIO   :   RATIO    :CON.PR. :BLK.PR. :
:        :           :    :  SCM/DAY  :  SCM/DAY  :  RCM/DAY  :  SCM/SCM  :  SCM/SCM  : SCM/SCM  :  SCM/SCM   : BARSA  : BARSA  :
=================================================================================================================================
:FIELD   :           :    :       -0.0:       -0.0:       -0.0:       -0.0:      0.000:      0.00:      0.0000:        :        :
:G1      :           :    :       -0.0:       -0.0:       -0.0:       -0.0:      0.000:      0.00:      0.0000:        :        :
:PROD    : 10, 10    : BHP:       -0.0:       -0.0:       -0.0:       -0.0:      0.000:      0.00:      0.0000:     0.0:     0.0:
:--------:-----------:----:-----------:-----------:-----------:-----------:-----------:----------:------------:--------:--------:

============================================= INJECTION REPORT ==============================================
:  WELL  : LOCATION  : CTRL : CTRL : CTRL :    OIL    :   WATER   :    GAS    :   FLUID   : BHP OR : THP OR :
:  NAME  :  (I,J,K)  : MODE : MODE : MODE :   RATE    :   RATE    :   RATE    : RES.VOL.  :CON.PR. :BLK.PR. :
:        :           : OIL  : WAT  : GAS  :  SCM/DAY  :  SCM/DAY  :  SCM/DAY  :  RCM/DAY  : BARSA  : BARSA  :
=============================================================================================================
:FIELD   :           :      :      :      :        0.0:        0.0:        0.0:        0.0:        :        :
:G1      :           :      :      :      :        0.0:        0.0:        0.0:        0.0:        :        :
:INJ     :  1,  1    :      :  WRAT:      :        0.0:        0.0:        0.0:        0.0:     0.0:     0.0:
:--------:-----------:------:------:------:-----------:-----------:-----------:-----------:--------:--------:

============================================== CUMULATIVE PRODUCTION/INJECTION TOTALS ==============================================
:  WELL  : LOCATION  :  WELL  :CTRL:    OIL    :   WATER   :    GAS    :   Prod    :    OIL    :   WATER   :    GAS    :    INJ    :
:  NAME  :  (I,J,K)  :  TYPE  :MODE:   PROD    :   PROD    :   PROD    : RES.VOL.  :    INJ    :    INJ    :    INJ    : RES.VOL.  :
:        :           :        :    :   MSCM    :   MSCM    :   MMSCM   :   MRCM    :   MSCM    :   MSCM    :   MMSCM   :   MRCM    :
====================================================================================================================================
:FIELD   :           :        :    :      687.7:        0.0:        0.0:      760.6:        0.0:      730.0:        0.0:      758.3:
:G1      :           :        :    :      687.7:        0.0:        0.0:      760.6:        0.0:      730.0:        0.0:      758.3:
:PROD    : 10, 10    :    PROD: BHP:      687.7:        0.0:        0.0:      760.6:        0.0:        0.0:        0.0:        0.0:
:INJ     :  1,  1    :     INJ:WRAT:        0.0:        0.0:        0.0:        0.0:        0.0:      730.0:        0.0:      758.3:
:--------:-----------:--------:----:-----------:-----------:-----------:-----------:-----------:-----------:-----------:-----------:


Report step 22/96 at day 669/2920, date = 31-Oct-2016

Starting time step 0, stepsize 30 days, at day 669/699, date = 31-Oct-2016

Warning: Keyword 'WELLS' is unhandled for output to restart file.
 Newton its= 1, linearizations= 2 (0.0sec), linear its=  1 (0.0sec)
Restart file written for report step 22/96, date = 31-Oct-2016 00:00:00

                              **************************************************************************
  WELLS    AT       699  DAYS *                 SPE1 - CASE 2                                          *
  REPORT   23    30 Nov 2016  *                                             Flow  version 2025.10-pre  *
                              **************************************************************************


======================================================= PRODUCTION REPORT =======================================================
:  WELL  : LOCATION  :CTRL:    OIL    :   WATER   :    GAS    :   FLUID   :   WATER   : GAS/OIL  :  WAT/GAS   : BHP OR : THP OR :
:  NAME  :  (I,J,K)  :MODE:   RATE    :   RATE    :   RATE    : RES.VOL.  :    CUT    :  RATIO   :   RATIO    :CON.PR. :BLK.PR. :
:        :           :    :  SCM/DAY  :  SCM/DAY  :  RCM/DAY  :  SCM/SCM  :  SCM/SCM  : SCM/SCM  :  SCM/SCM   : BARSA  : BARSA  :
=================================================================================================================================
:FIELD   :           :    :       -0.0:       -0.0:       -0.0:       -0.0:      0.000:      0.00:      0.0000:        :        :
:G1      :           :    :       -0.0:       -0.0:       -0.0:       -0.0:      0.000:      0.00:      0.0000:        :        :
:PROD    : 10, 10    : BHP:       -0.0:       -0.0:       -0.0:       -0.0:      0.000:      0.00:      0.0000:     0.0:     0.0:
:--------:-----------:----:-----------:-----------:-----------:-----------:-----------:----------:------------:--------:--------:

============================================= INJECTION REPORT ==============================================
:  WELL  : LOCATION  : CTRL : CTRL : CTRL :    OIL    :   WATER   :    GAS    :   FLUID   : BHP OR : THP OR :
:  NAME  :  (I,J,K)  : MODE : MODE : MODE :   RATE    :   RATE    :   RATE    : RES.VOL.  :CON.PR. :BLK.PR. :
:        :           : OIL  : WAT  : GAS  :  SCM/DAY  :  SCM/DAY  :  SCM/DAY  :  RCM/DAY  : BARSA  : BARSA  :
=============================================================================================================
:FIELD   :           :      :      :      :        0.0:        0.0:        0.0:        0.0:        :        :
:G1      :           :      :      :      :        0.0:        0.0:        0.0:        0.0:        :        :
:INJ     :  1,  1    :      :  WRAT:      :        0.0:        0.0:        0.0:        0.0:     0.0:     0.0:
:--------:-----------:------:------:------:-----------:-----------:-----------:-----------:--------:--------:

============================================== CUMULATIVE PRODUCTION/INJECTION TOTALS ==============================================
:  WELL  : LOCATION  :  WELL  :CTRL:    OIL    :   WATER   :    GAS    :   Prod    :    OIL    :   WATER   :    GAS    :    INJ    :
:  NAME  :  (I,J,K)  :  TYPE  :MODE:   PROD    :   PROD    :   PROD    : RES.VOL.  :    INJ    :    INJ    :    INJ    : RES.VOL.  :
:        :           :        :    :   MSCM    :   MSCM    :   MMSCM   :   MRCM    :   MSCM    :   MSCM    :   MMSCM   :   MRCM    :
====================================================================================================================================
:FIELD   :           :        :    :      687.7:        0.0:        0.0:      760.6:        0.0:      730.0:        0.0:      758.3:
:G1      :           :        :    :      687.7:        0.0:        0.0:      760.6:        0.0:      730.0:        0.0:      758.3:
:PROD    : 10, 10    :    PROD: BHP:      687.7:        0.0:        0.0:      760.6:        0.0:        0.0:        0.0:        0.0:
:INJ     :  1,  1    :     INJ:WRAT:        0.0:        0.0:        0.0:        0.0:        0.0:      730.0:        0.0:      758.3:
:--------:-----------:--------:----:-----------:-----------:-----------:-----------:-----------:-----------:-----------:-----------:


Report step 23/96 at day 699/2920, date = 30-Nov-2016

Starting time step 0, stepsize 31 days, at day 699/730, date = 30-Nov-2016
Restart file written for report step 23/96, date = 30-Nov-2016 00:00:00

Warning: Keyword 'WELLS' is unhandled for output to restart file.
 Newton its= 2, linearizations= 3 (0.0sec), linear its=  1 (0.0sec)

                              **************************************************************************
  WELLS    AT       730  DAYS *                 SPE1 - CASE 2                                          *
  REPORT   24    31 Dec 2016  *                                             Flow  version 2025.10-pre  *
                              **************************************************************************


======================================================= PRODUCTION REPORT =======================================================
:  WELL  : LOCATION  :CTRL:    OIL    :   WATER   :    GAS    :   FLUID   :   WATER   : GAS/OIL  :  WAT/GAS   : BHP OR : THP OR :
:  NAME  :  (I,J,K)  :MODE:   RATE    :   RATE    :   RATE    : RES.VOL.  :    CUT    :  RATIO   :   RATIO    :CON.PR. :BLK.PR. :
:        :           :    :  SCM/DAY  :  SCM/DAY  :  RCM/DAY  :  SCM/SCM  :  SCM/SCM  : SCM/SCM  :  SCM/SCM   : BARSA  : BARSA  :
=================================================================================================================================
:FIELD   :           :    :       -0.0:       -0.0:       -0.0:       -0.0:      0.000:      0.00:      0.0000:        :        :
:G1      :           :    :       -0.0:       -0.0:       -0.0:       -0.0:      0.000:      0.00:      0.0000:        :        :
:PROD    : 10, 10    : BHP:       -0.0:       -0.0:       -0.0:       -0.0:      0.000:      0.00:      0.0000:     0.0:     0.0:
:--------:-----------:----:-----------:-----------:-----------:-----------:-----------:----------:------------:--------:--------:

============================================= INJECTION REPORT ==============================================
:  WELL  : LOCATION  : CTRL : CTRL : CTRL :    OIL    :   WATER   :    GAS    :   FLUID   : BHP OR : THP OR :
:  NAME  :  (I,J,K)  : MODE : MODE : MODE :   RATE    :   RATE    :   RATE    : RES.VOL.  :CON.PR. :BLK.PR. :
:        :           : OIL  : WAT  : GAS  :  SCM/DAY  :  SCM/DAY  :  SCM/DAY  :  RCM/DAY  : BARSA  : BARSA  :
=============================================================================================================
:FIELD   :           :      :      :      :        0.0:        0.0:        0.0:        0.0:        :        :
:G1      :           :      :      :      :        0.0:        0.0:        0.0:        0.0:        :        :
:INJ     :  1,  1    :      :  WRAT:      :        0.0:        0.0:        0.0:        0.0:     0.0:     0.0:
:--------:-----------:------:------:------:-----------:-----------:-----------:-----------:--------:--------:

============================================== CUMULATIVE PRODUCTION/INJECTION TOTALS ==============================================
:  WELL  : LOCATION  :  WELL  :CTRL:    OIL    :   WATER   :    GAS    :   Prod    :    OIL    :   WATER   :    GAS    :    INJ    :
:  NAME  :  (I,J,K)  :  TYPE  :MODE:   PROD    :   PROD    :   PROD    : RES.VOL.  :    INJ    :    INJ    :    INJ    : RES.VOL.  :
:        :           :        :    :   MSCM    :   MSCM    :   MMSCM   :   MRCM    :   MSCM    :   MSCM    :   MMSCM   :   MRCM    :
====================================================================================================================================
:FIELD   :           :        :    :      687.7:        0.0:        0.0:      760.6:        0.0:      730.0:        0.0:      758.3:
:G1      :           :        :    :      687.7:        0.0:        0.0:      760.6:        0.0:      730.0:        0.0:      758.3:
:PROD    : 10, 10    :    PROD: BHP:      687.7:        0.0:        0.0:      760.6:        0.0:        0.0:        0.0:        0.0:
:INJ     :  1,  1    :     INJ:WRAT:        0.0:        0.0:        0.0:        0.0:        0.0:      730.0:        0.0:      758.3:
:--------:-----------:--------:----:-----------:-----------:-----------:-----------:-----------:-----------:-----------:-----------:


Report step 24/96 at day 730/2920, date = 31-Dec-2016

Starting time step 0, stepsize 31 days, at day 730/761, date = 31-Dec-2016
Restart file written for report step 24/96, date = 31-Dec-2016 00:00:00

Problem: Solver convergence failure - Iteration limit reached
Timestep chopped to 10.23 days


Starting time step 0, stepsize 10.23 days, at day 730/761, date = 31-Dec-2016
 Newton its=20, linearizations=21 (0.0sec), linear its=  3 (0.0sec)

Starting time step 1, stepsize 3.21535 days, at day 740.23/761, date = 10-Jan-2017
 Newton its= 2, linearizations= 3 (0.0sec), linear its=  0 (0.0sec)

Starting time step 2, stepsize 9.64604 days, at day 743.445/761, date = 13-Jan-2017
 Newton its= 2, linearizations= 3 (0.0sec), linear its=  1 (0.0sec)

Starting time step 3, stepsize 7.90862 days, at day 753.091/761, date = 23-Jan-2017

Warning: Keyword 'WELLS' is unhandled for output to restart file.
 Newton its= 3, linearizations= 4 (0.0sec), linear its=  1 (0.0sec)

                              **************************************************************************
  WELLS    AT       761  DAYS *                 SPE1 - CASE 2                                          *
  REPORT   25    31 Jan 2017  *                                             Flow  version 2025.10-pre  *
                              **************************************************************************


======================================================= PRODUCTION REPORT =======================================================
:  WELL  : LOCATION  :CTRL:    OIL    :   WATER   :    GAS    :   FLUID   :   WATER   : GAS/OIL  :  WAT/GAS   : BHP OR : THP OR :
:  NAME  :  (I,J,K)  :MODE:   RATE    :   RATE    :   RATE    : RES.VOL.  :    CUT    :  RATIO   :   RATIO    :CON.PR. :BLK.PR. :
:        :           :    :  SCM/DAY  :  SCM/DAY  :  RCM/DAY  :  SCM/SCM  :  SCM/SCM  : SCM/SCM  :  SCM/SCM   : BARSA  : BARSA  :
=================================================================================================================================
:FIELD   :           :    :     1837.0:       -0.0:       -0.0:     2031.9:     -0.000:     -0.00:      0.0000:        :        :
:G1      :           :    :     1837.0:       -0.0:       -0.0:     2031.9:     -0.000:     -0.00:      0.0000:        :        :
:PROD    : 10, 10    : BHP:     1837.0:       -0.0:       -0.0:     2031.9:     -0.000:     -0.00:      0.0000:   245.0:     0.0:
:--------:-----------:----:-----------:-----------:-----------:-----------:-----------:----------:------------:--------:--------:

============================================= INJECTION REPORT ==============================================
:  WELL  : LOCATION  : CTRL : CTRL : CTRL :    OIL    :   WATER   :    GAS    :   FLUID   : BHP OR : THP OR :
:  NAME  :  (I,J,K)  : MODE : MODE : MODE :   RATE    :   RATE    :   RATE    : RES.VOL.  :CON.PR. :BLK.PR. :
:        :           : OIL  : WAT  : GAS  :  SCM/DAY  :  SCM/DAY  :  SCM/DAY  :  RCM/DAY  : BARSA  : BARSA  :
=============================================================================================================
:FIELD   :           :      :      :      :        0.0:     2000.0:        0.0:     2077.6:        :        :
:G1      :           :      :      :      :        0.0:     2000.0:        0.0:     2077.6:        :        :
:INJ     :  1,  1    :      :  WRAT:      :        0.0:     2000.0:        0.0:     2077.6:   272.0:     0.0:
:--------:-----------:------:------:------:-----------:-----------:-----------:-----------:--------:--------:

============================================== CUMULATIVE PRODUCTION/INJECTION TOTALS ==============================================
:  WELL  : LOCATION  :  WELL  :CTRL:    OIL    :   WATER   :    GAS    :   Prod    :    OIL    :   WATER   :    GAS    :    INJ    :
:  NAME  :  (I,J,K)  :  TYPE  :MODE:   PROD    :   PROD    :   PROD    : RES.VOL.  :    INJ    :    INJ    :    INJ    : RES.VOL.  :
:        :           :        :    :   MSCM    :   MSCM    :   MMSCM   :   MRCM    :   MSCM    :   MSCM    :   MMSCM   :   MRCM    :
====================================================================================================================================
:FIELD   :           :        :    :      737.2:        0.0:        0.0:      815.4:        0.0:      792.0:        0.0:      822.7:
:G1      :           :        :    :      737.2:        0.0:        0.0:      815.4:        0.0:      792.0:        0.0:      822.7:
:PROD    : 10, 10    :    PROD: BHP:      737.2:        0.0:        0.0:      815.4:        0.0:        0.0:        0.0:        0.0:
:INJ     :  1,  1    :     INJ:WRAT:        0.0:        0.0:        0.0:        0.0:        0.0:      792.0:        0.0:      822.7:
:--------:-----------:--------:----:-----------:-----------:-----------:-----------:-----------:-----------:-----------:-----------:


Report step 25/96 at day 761/2920, date = 31-Jan-2017

Starting time step 0, stepsize 14 days, at day 761/789, date = 31-Jan-2017
Restart file written for report step 25/96, date = 31-Jan-2017 00:00:00
 Newton its=20, linearizations=21 (0.0sec), linear its= 10 (0.0sec)

Starting time step 1, stepsize 5.6 days, at day 775/789, date = 14-Feb-2017
    Oscillating behavior detected: Relaxation set to 0.900000
    Oscillating behavior detected: Relaxation set to 0.800000
 Newton its=10, linearizations=11 (0.0sec), linear its=  3 (0.0sec)

Starting time step 2, stepsize 4.48 days, at day 780.6/789, date = 19-Feb-2017
 Newton its= 3, linearizations= 4 (0.0sec), linear its=  0 (0.0sec)

Starting time step 3, stepsize 3.92 days, at day 785.08/789, date = 24-Feb-2017

Warning: Keyword 'WELLS' is unhandled for output to restart file.
 Newton its= 1, linearizations= 2 (0.0sec), linear its=  0 (0.0sec)

                              **************************************************************************
  WELLS    AT       789  DAYS *                 SPE1 - CASE 2                                          *
  REPORT   26    28 Feb 2017  *                                             Flow  version 2025.10-pre  *
                              **************************************************************************


======================================================= PRODUCTION REPORT =======================================================
:  WELL  : LOCATION  :CTRL:    OIL    :   WATER   :    GAS    :   FLUID   :   WATER   : GAS/OIL  :  WAT/GAS   : BHP OR : THP OR :
:  NAME  :  (I,J,K)  :MODE:   RATE    :   RATE    :   RATE    : RES.VOL.  :    CUT    :  RATIO   :   RATIO    :CON.PR. :BLK.PR. :
:        :           :    :  SCM/DAY  :  SCM/DAY  :  RCM/DAY  :  SCM/SCM  :  SCM/SCM  : SCM/SCM  :  SCM/SCM   : BARSA  : BARSA  :
=================================================================================================================================
:FIELD   :           :    :     1876.7:       -0.0:       -0.0:     2075.8:     -0.000:     -0.00:      0.0000:        :        :
:G1      :           :    :     1876.7:       -0.0:       -0.0:     2075.8:     -0.000:     -0.00:      0.0000:        :        :
:PROD    : 10, 10    : BHP:     1876.7:       -0.0:       -0.0:     2075.8:     -0.000:     -0.00:      0.0000:   245.0:     0.0:
:--------:-----------:----:-----------:-----------:-----------:-----------:-----------:----------:------------:--------:--------:

============================================= INJECTION REPORT ==============================================
:  WELL  : LOCATION  : CTRL : CTRL : CTRL :    OIL    :   WATER   :    GAS    :   FLUID   : BHP OR : THP OR :
:  NAME  :  (I,J,K)  : MODE : MODE : MODE :   RATE    :   RATE    :   RATE    : RES.VOL.  :CON.PR. :BLK.PR. :
:        :           : OIL  : WAT  : GAS  :  SCM/DAY  :  SCM/DAY  :  SCM/DAY  :  RCM/DAY  : BARSA  : BARSA  :
=============================================================================================================
:FIELD   :           :      :      :      :        0.0:     2000.0:        0.0:     2077.5:        :        :
:G1      :           :      :      :      :        0.0:     2000.0:        0.0:     2077.5:        :        :
:INJ     :  1,  1    :      :  WRAT:      :        0.0:     2000.0:        0.0:     2077.5:   272.3:     0.0:
:--------:-----------:------:------:------:-----------:-----------:-----------:-----------:--------:--------:

============================================== CUMULATIVE PRODUCTION/INJECTION TOTALS ==============================================
:  WELL  : LOCATION  :  WELL  :CTRL:    OIL    :   WATER   :    GAS    :   Prod    :    OIL    :   WATER   :    GAS    :    INJ    :
:  NAME  :  (I,J,K)  :  TYPE  :MODE:   PROD    :   PROD    :   PROD    : RES.VOL.  :    INJ    :    INJ    :    INJ    : RES.VOL.  :
:        :           :        :    :   MSCM    :   MSCM    :   MMSCM   :   MRCM    :   MSCM    :   MSCM    :   MMSCM   :   MRCM    :
====================================================================================================================================
:FIELD   :           :        :    :      789.6:        0.0:        0.0:      873.3:        0.0:      848.0:        0.0:      880.9:
:G1      :           :        :    :      789.6:        0.0:        0.0:      873.3:        0.0:      848.0:        0.0:      880.9:
:PROD    : 10, 10    :    PROD: BHP:      789.6:        0.0:        0.0:      873.3:        0.0:        0.0:        0.0:        0.0:
:INJ     :  1,  1    :     INJ:WRAT:        0.0:        0.0:        0.0:        0.0:        0.0:      848.0:        0.0:      880.9:
:--------:-----------:--------:----:-----------:-----------:-----------:-----------:-----------:-----------:-----------:-----------:


Report step 26/96 at day 789/2920, date = 28-Feb-2017

Starting time step 0, stepsize 11.76 days, at day 789/820, date = 28-Feb-2017
Restart file written for report step 26/96, date = 28-Feb-2017 00:00:00
 Newton its= 4, linearizations= 5 (0.0sec), linear its=  1 (0.0sec)

Starting time step 1, stepsize 19.24 days, at day 800.76/820, date = 11-Mar-2017

Warning: Keyword 'WELLS' is unhandled for output to restart file.
 Newton its= 4, linearizations= 5 (0.0sec), linear its=  1 (0.0sec)

                              **************************************************************************
  WELLS    AT       820  DAYS *                 SPE1 - CASE 2                                          *
  REPORT   27    31 Mar 2017  *                                             Flow  version 2025.10-pre  *
                              **************************************************************************


======================================================= PRODUCTION REPORT =======================================================
:  WELL  : LOCATION  :CTRL:    OIL    :   WATER   :    GAS    :   FLUID   :   WATER   : GAS/OIL  :  WAT/GAS   : BHP OR : THP OR :
:  NAME  :  (I,J,K)  :MODE:   RATE    :   RATE    :   RATE    : RES.VOL.  :    CUT    :  RATIO   :   RATIO    :CON.PR. :BLK.PR. :
:        :           :    :  SCM/DAY  :  SCM/DAY  :  RCM/DAY  :  SCM/SCM  :  SCM/SCM  : SCM/SCM  :  SCM/SCM   : BARSA  : BARSA  :
=================================================================================================================================
:FIELD   :           :    :     1877.9:       -0.0:       -0.0:     2077.1:     -0.000:     -0.00:      0.0000:        :        :
:G1      :           :    :     1877.9:       -0.0:       -0.0:     2077.1:     -0.000:     -0.00:      0.0000:        :        :
:PROD    : 10, 10    : BHP:     1877.9:       -0.0:       -0.0:     2077.1:     -0.000:     -0.00:      0.0000:   245.0:     0.0:
:--------:-----------:----:-----------:-----------:-----------:-----------:-----------:----------:------------:--------:--------:

============================================= INJECTION REPORT ==============================================
:  WELL  : LOCATION  : CTRL : CTRL : CTRL :    OIL    :   WATER   :    GAS    :   FLUID   : BHP OR : THP OR :
:  NAME  :  (I,J,K)  : MODE : MODE : MODE :   RATE    :   RATE    :   RATE    : RES.VOL.  :CON.PR. :BLK.PR. :
:        :           : OIL  : WAT  : GAS  :  SCM/DAY  :  SCM/DAY  :  SCM/DAY  :  RCM/DAY  : BARSA  : BARSA  :
=============================================================================================================
:FIELD   :           :      :      :      :        0.0:     2000.0:        0.0:     2077.5:        :        :
:G1      :           :      :      :      :        0.0:     2000.0:        0.0:     2077.5:        :        :
:INJ     :  1,  1    :      :  WRAT:      :        0.0:     2000.0:        0.0:     2077.5:   272.3:     0.0:
:--------:-----------:------:------:------:-----------:-----------:-----------:-----------:--------:--------:

============================================== CUMULATIVE PRODUCTION/INJECTION TOTALS ==============================================
:  WELL  : LOCATION  :  WELL  :CTRL:    OIL    :   WATER   :    GAS    :   Prod    :    OIL    :   WATER   :    GAS    :    INJ    :
:  NAME  :  (I,J,K)  :  TYPE  :MODE:   PROD    :   PROD    :   PROD    : RES.VOL.  :    INJ    :    INJ    :    INJ    : RES.VOL.  :
:        :           :        :    :   MSCM    :   MSCM    :   MMSCM   :   MRCM    :   MSCM    :   MSCM    :   MMSCM   :   MRCM    :
====================================================================================================================================
:FIELD   :           :        :    :      847.8:        0.0:        0.0:      937.7:        0.0:      910.0:        0.0:      945.3:
:G1      :           :        :    :      847.8:        0.0:        0.0:      937.7:        0.0:      910.0:        0.0:      945.3:
:PROD    : 10, 10    :    PROD: BHP:      847.8:        0.0:        0.0:      937.7:        0.0:        0.0:        0.0:        0.0:
:INJ     :  1,  1    :     INJ:WRAT:        0.0:        0.0:        0.0:        0.0:        0.0:      910.0:        0.0:      945.3:
:--------:-----------:--------:----:-----------:-----------:-----------:-----------:-----------:-----------:-----------:-----------:


Report step 27/96 at day 820/2920, date = 31-Mar-2017

Starting time step 0, stepsize 30 days, at day 820/850, date = 31-Mar-2017
Restart file written for report step 27/96, date = 31-Mar-2017 00:00:00

Warning: Keyword 'WELLS' is unhandled for output to restart file.
 Newton its= 4, linearizations= 5 (0.0sec), linear its=  1 (0.0sec)

                              **************************************************************************
  WELLS    AT       850  DAYS *                 SPE1 - CASE 2                                          *
  REPORT   28    30 Apr 2017  *                                             Flow  version 2025.10-pre  *
                              **************************************************************************


======================================================= PRODUCTION REPORT =======================================================
:  WELL  : LOCATION  :CTRL:    OIL    :   WATER   :    GAS    :   FLUID   :   WATER   : GAS/OIL  :  WAT/GAS   : BHP OR : THP OR :
:  NAME  :  (I,J,K)  :MODE:   RATE    :   RATE    :   RATE    : RES.VOL.  :    CUT    :  RATIO   :   RATIO    :CON.PR. :BLK.PR. :
:        :           :    :  SCM/DAY  :  SCM/DAY  :  RCM/DAY  :  SCM/SCM  :  SCM/SCM  : SCM/SCM  :  SCM/SCM   : BARSA  : BARSA  :
=================================================================================================================================
:FIELD   :           :    :     1878.0:       -0.0:       -0.0:     2077.1:     -0.000:     -0.00:      0.0000:        :        :
:G1      :           :    :     1878.0:       -0.0:       -0.0:     2077.1:     -0.000:     -0.00:      0.0000:        :        :
:PROD    : 10, 10    : BHP:     1878.0:       -0.0:       -0.0:     2077.1:     -0.000:     -0.00:      0.0000:   245.0:     0.0:
:--------:-----------:----:-----------:-----------:-----------:-----------:-----------:----------:------------:--------:--------:

============================================= INJECTION REPORT ==============================================
:  WELL  : LOCATION  : CTRL : CTRL : CTRL :    OIL    :   WATER   :    GAS    :   FLUID   : BHP OR : THP OR :
:  NAME  :  (I,J,K)  : MODE : MODE : MODE :   RATE    :   RATE    :   RATE    : RES.VOL.  :CON.PR. :BLK.PR. :
:        :           : OIL  : WAT  : GAS  :  SCM/DAY  :  SCM/DAY  :  SCM/DAY  :  RCM/DAY  : BARSA  : BARSA  :
=============================================================================================================
:FIELD   :           :      :      :      :        0.0:     2000.0:        0.0:     2077.5:        :        :
:G1      :           :      :      :      :        0.0:     2000.0:        0.0:     2077.5:        :        :
:INJ     :  1,  1    :      :  WRAT:      :        0.0:     2000.0:        0.0:     2077.5:   272.3:     0.0:
:--------:-----------:------:------:------:-----------:-----------:-----------:-----------:--------:--------:

============================================== CUMULATIVE PRODUCTION/INJECTION TOTALS ==============================================
:  WELL  : LOCATION  :  WELL  :CTRL:    OIL    :   WATER   :    GAS    :   Prod    :    OIL    :   WATER   :    GAS    :    INJ    :
:  NAME  :  (I,J,K)  :  TYPE  :MODE:   PROD    :   PROD    :   PROD    : RES.VOL.  :    INJ    :    INJ    :    INJ    : RES.VOL.  :
:        :           :        :    :   MSCM    :   MSCM    :   MMSCM   :   MRCM    :   MSCM    :   MSCM    :   MMSCM   :   MRCM    :
====================================================================================================================================
:FIELD   :           :        :    :      904.1:        0.0:        0.0:     1000.0:        0.0:      970.0:        0.0:     1007.6:
:G1      :           :        :    :      904.1:        0.0:        0.0:     1000.0:        0.0:      970.0:        0.0:     1007.6:
:PROD    : 10, 10    :    PROD: BHP:      904.1:        0.0:        0.0:     1000.0:        0.0:        0.0:        0.0:        0.0:
:INJ     :  1,  1    :     INJ:WRAT:        0.0:        0.0:        0.0:        0.0:        0.0:      970.0:        0.0:     1007.6:
:--------:-----------:--------:----:-----------:-----------:-----------:-----------:-----------:-----------:-----------:-----------:


Report step 28/96 at day 850/2920, date = 30-Apr-2017

Starting time step 0, stepsize 31 days, at day 850/881, date = 30-Apr-2017
Restart file written for report step 28/96, date = 30-Apr-2017 00:00:00

Warning: Keyword 'WELLS' is unhandled for output to restart file.
 Newton its=12, linearizations=13 (0.0sec), linear its=  5 (0.0sec)

                              **************************************************************************
  WELLS    AT       881  DAYS *                 SPE1 - CASE 2                                          *
  REPORT   29    31 May 2017  *                                             Flow  version 2025.10-pre  *
                              **************************************************************************


======================================================= PRODUCTION REPORT =======================================================
:  WELL  : LOCATION  :CTRL:    OIL    :   WATER   :    GAS    :   FLUID   :   WATER   : GAS/OIL  :  WAT/GAS   : BHP OR : THP OR :
:  NAME  :  (I,J,K)  :MODE:   RATE    :   RATE    :   RATE    : RES.VOL.  :    CUT    :  RATIO   :   RATIO    :CON.PR. :BLK.PR. :
:        :           :    :  SCM/DAY  :  SCM/DAY  :  RCM/DAY  :  SCM/SCM  :  SCM/SCM  : SCM/SCM  :  SCM/SCM   : BARSA  : BARSA  :
=================================================================================================================================
:FIELD   :           :    :     1878.0:       -0.0:       -0.0:     2077.1:     -0.000:     -0.00:      0.0000:        :        :
:G1      :           :    :     1878.0:       -0.0:       -0.0:     2077.1:     -0.000:     -0.00:      0.0000:        :        :
:PROD    : 10, 10    : BHP:     1878.0:       -0.0:       -0.0:     2077.1:     -0.000:     -0.00:      0.0000:   245.0:     0.0:
:--------:-----------:----:-----------:-----------:-----------:-----------:-----------:----------:------------:--------:--------:

============================================= INJECTION REPORT ==============================================
:  WELL  : LOCATION  : CTRL : CTRL : CTRL :    OIL    :   WATER   :    GAS    :   FLUID   : BHP OR : THP OR :
:  NAME  :  (I,J,K)  : MODE : MODE : MODE :   RATE    :   RATE    :   RATE    : RES.VOL.  :CON.PR. :BLK.PR. :
:        :           : OIL  : WAT  : GAS  :  SCM/DAY  :  SCM/DAY  :  SCM/DAY  :  RCM/DAY  : BARSA  : BARSA  :
=============================================================================================================
:FIELD   :           :      :      :      :        0.0:     2000.0:        0.0:     2077.5:        :        :
:G1      :           :      :      :      :        0.0:     2000.0:        0.0:     2077.5:        :        :
:INJ     :  1,  1    :      :  WRAT:      :        0.0:     2000.0:        0.0:     2077.5:   272.3:     0.0:
:--------:-----------:------:------:------:-----------:-----------:-----------:-----------:--------:--------:

============================================== CUMULATIVE PRODUCTION/INJECTION TOTALS ==============================================
:  WELL  : LOCATION  :  WELL  :CTRL:    OIL    :   WATER   :    GAS    :   Prod    :    OIL    :   WATER   :    GAS    :    INJ    :
:  NAME  :  (I,J,K)  :  TYPE  :MODE:   PROD    :   PROD    :   PROD    : RES.VOL.  :    INJ    :    INJ    :    INJ    : RES.VOL.  :
:        :           :        :    :   MSCM    :   MSCM    :   MMSCM   :   MRCM    :   MSCM    :   MSCM    :   MMSCM   :   MRCM    :
====================================================================================================================================
:FIELD   :           :        :    :      962.4:        0.0:        0.0:     1064.4:        0.0:     1032.0:        0.0:     1072.0:
:G1      :           :        :    :      962.4:        0.0:        0.0:     1064.4:        0.0:     1032.0:        0.0:     1072.0:
:PROD    : 10, 10    :    PROD: BHP:      962.4:        0.0:        0.0:     1064.4:        0.0:        0.0:        0.0:        0.0:
:INJ     :  1,  1    :     INJ:WRAT:        0.0:        0.0:        0.0:        0.0:        0.0:     1032.0:        0.0:     1072.0:
:--------:-----------:--------:----:-----------:-----------:-----------:-----------:-----------:-----------:-----------:-----------:


Report step 29/96 at day 881/2920, date = 31-May-2017

Starting time step 0, stepsize 15 days, at day 881/911, date = 31-May-2017
Restart file written for report step 29/96, date = 31-May-2017 00:00:00
 Newton its= 3, linearizations= 4 (0.0sec), linear its=  1 (0.0sec)

Starting time step 1, stepsize 15 days, at day 896/911, date = 15-Jun-2017
    Oscillating behavior detected: Relaxation set to 0.900000

Warning: Keyword 'WELLS' is unhandled for output to restart file.
 Newton its= 8, linearizations= 9 (0.0sec), linear its=  2 (0.0sec)

                              **************************************************************************
  WELLS    AT       911  DAYS *                 SPE1 - CASE 2                                          *
  REPORT   30    30 Jun 2017  *                                             Flow  version 2025.10-pre  *
                              **************************************************************************


======================================================= PRODUCTION REPORT =======================================================
:  WELL  : LOCATION  :CTRL:    OIL    :   WATER   :    GAS    :   FLUID   :   WATER   : GAS/OIL  :  WAT/GAS   : BHP OR : THP OR :
:  NAME  :  (I,J,K)  :MODE:   RATE    :   RATE    :   RATE    : RES.VOL.  :    CUT    :  RATIO   :   RATIO    :CON.PR. :BLK.PR. :
:        :           :    :  SCM/DAY  :  SCM/DAY  :  RCM/DAY  :  SCM/SCM  :  SCM/SCM  : SCM/SCM  :  SCM/SCM   : BARSA  : BARSA  :
=================================================================================================================================
:FIELD   :           :    :     1878.0:       -0.0:       -0.0:     2077.2:     -0.000:     -0.00:      0.0000:        :        :
:G1      :           :    :     1878.0:       -0.0:       -0.0:     2077.2:     -0.000:     -0.00:      0.0000:        :        :
:PROD    : 10, 10    : BHP:     1878.0:       -0.0:       -0.0:     2077.2:     -0.000:     -0.00:      0.0000:   245.0:     0.0:
:--------:-----------:----:-----------:-----------:-----------:-----------:-----------:----------:------------:--------:--------:

============================================= INJECTION REPORT ==============================================
:  WELL  : LOCATION  : CTRL : CTRL : CTRL :    OIL    :   WATER   :    GAS    :   FLUID   : BHP OR : THP OR :
:  NAME  :  (I,J,K)  : MODE : MODE : MODE :   RATE    :   RATE    :   RATE    : RES.VOL.  :CON.PR. :BLK.PR. :
:        :           : OIL  : WAT  : GAS  :  SCM/DAY  :  SCM/DAY  :  SCM/DAY  :  RCM/DAY  : BARSA  : BARSA  :
=============================================================================================================
:FIELD   :           :      :      :      :        0.0:     2000.0:        0.0:     2077.5:        :        :
:G1      :           :      :      :      :        0.0:     2000.0:        0.0:     2077.5:        :        :
:INJ     :  1,  1    :      :  WRAT:      :        0.0:     2000.0:        0.0:     2077.5:   272.3:     0.0:
:--------:-----------:------:------:------:-----------:-----------:-----------:-----------:--------:--------:

============================================== CUMULATIVE PRODUCTION/INJECTION TOTALS ==============================================
:  WELL  : LOCATION  :  WELL  :CTRL:    OIL    :   WATER   :    GAS    :   Prod    :    OIL    :   WATER   :    GAS    :    INJ    :
:  NAME  :  (I,J,K)  :  TYPE  :MODE:   PROD    :   PROD    :   PROD    : RES.VOL.  :    INJ    :    INJ    :    INJ    : RES.VOL.  :
:        :           :        :    :   MSCM    :   MSCM    :   MMSCM   :   MRCM    :   MSCM    :   MSCM    :   MMSCM   :   MRCM    :
====================================================================================================================================
:FIELD   :           :        :    :     1018.7:        0.0:        0.0:     1126.7:        0.0:     1092.0:        0.0:     1134.3:
:G1      :           :        :    :     1018.7:        0.0:        0.0:     1126.7:        0.0:     1092.0:        0.0:     1134.3:
:PROD    : 10, 10    :    PROD: BHP:     1018.7:        0.0:        0.0:     1126.7:        0.0:        0.0:        0.0:        0.0:
:INJ     :  1,  1    :     INJ:WRAT:        0.0:        0.0:        0.0:        0.0:        0.0:     1092.0:        0.0:     1134.3:
:--------:-----------:--------:----:-----------:-----------:-----------:-----------:-----------:-----------:-----------:-----------:


Report step 30/96 at day 911/2920, date = 30-Jun-2017

Starting time step 0, stepsize 15 days, at day 911/942, date = 30-Jun-2017
Restart file written for report step 30/96, date = 30-Jun-2017 00:00:00
 Newton its= 9, linearizations=10 (0.0sec), linear its=  4 (0.0sec)

Starting time step 1, stepsize 8 days, at day 926/942, date = 15-Jul-2017
 Newton its= 1, linearizations= 2 (0.0sec), linear its=  1 (0.0sec)

Starting time step 2, stepsize 8 days, at day 934/942, date = 23-Jul-2017

Warning: Keyword 'WELLS' is unhandled for output to restart file.
 Newton its= 3, linearizations= 4 (0.0sec), linear its=  1 (0.0sec)

                              **************************************************************************
  WELLS    AT       942  DAYS *                 SPE1 - CASE 2                                          *
  REPORT   31    31 Jul 2017  *                                             Flow  version 2025.10-pre  *
                              **************************************************************************


======================================================= PRODUCTION REPORT =======================================================
:  WELL  : LOCATION  :CTRL:    OIL    :   WATER   :    GAS    :   FLUID   :   WATER   : GAS/OIL  :  WAT/GAS   : BHP OR : THP OR :
:  NAME  :  (I,J,K)  :MODE:   RATE    :   RATE    :   RATE    : RES.VOL.  :    CUT    :  RATIO   :   RATIO    :CON.PR. :BLK.PR. :
:        :           :    :  SCM/DAY  :  SCM/DAY  :  RCM/DAY  :  SCM/SCM  :  SCM/SCM  : SCM/SCM  :  SCM/SCM   : BARSA  : BARSA  :
=================================================================================================================================
:FIELD   :           :    :     1878.0:       -0.0:       -0.0:     2077.2:     -0.000:     -0.00:      0.0000:        :        :
:G1      :           :    :     1878.0:       -0.0:       -0.0:     2077.2:     -0.000:     -0.00:      0.0000:        :        :
:PROD    : 10, 10    : BHP:     1878.0:       -0.0:       -0.0:     2077.2:     -0.000:     -0.00:      0.0000:   245.0:     0.0:
:--------:-----------:----:-----------:-----------:-----------:-----------:-----------:----------:------------:--------:--------:

============================================= INJECTION REPORT ==============================================
:  WELL  : LOCATION  : CTRL : CTRL : CTRL :    OIL    :   WATER   :    GAS    :   FLUID   : BHP OR : THP OR :
:  NAME  :  (I,J,K)  : MODE : MODE : MODE :   RATE    :   RATE    :   RATE    : RES.VOL.  :CON.PR. :BLK.PR. :
:        :           : OIL  : WAT  : GAS  :  SCM/DAY  :  SCM/DAY  :  SCM/DAY  :  RCM/DAY  : BARSA  : BARSA  :
=============================================================================================================
:FIELD   :           :      :      :      :        0.0:     2000.0:        0.0:     2077.5:        :        :
:G1      :           :      :      :      :        0.0:     2000.0:        0.0:     2077.5:        :        :
:INJ     :  1,  1    :      :  WRAT:      :        0.0:     2000.0:        0.0:     2077.5:   272.2:     0.0:
:--------:-----------:------:------:------:-----------:-----------:-----------:-----------:--------:--------:

============================================== CUMULATIVE PRODUCTION/INJECTION TOTALS ==============================================
:  WELL  : LOCATION  :  WELL  :CTRL:    OIL    :   WATER   :    GAS    :   Prod    :    OIL    :   WATER   :    GAS    :    INJ    :
:  NAME  :  (I,J,K)  :  TYPE  :MODE:   PROD    :   PROD    :   PROD    : RES.VOL.  :    INJ    :    INJ    :    INJ    : RES.VOL.  :
:        :           :        :    :   MSCM    :   MSCM    :   MMSCM   :   MRCM    :   MSCM    :   MSCM    :   MMSCM   :   MRCM    :
====================================================================================================================================
:FIELD   :           :        :    :     1076.9:        0.0:        0.0:     1191.1:        0.0:     1154.0:        0.0:     1198.7:
:G1      :           :        :    :     1076.9:        0.0:        0.0:     1191.1:        0.0:     1154.0:        0.0:     1198.7:
:PROD    : 10, 10    :    PROD: BHP:     1076.9:        0.0:        0.0:     1191.1:        0.0:        0.0:        0.0:        0.0:
:INJ     :  1,  1    :     INJ:WRAT:        0.0:        0.0:        0.0:        0.0:        0.0:     1154.0:        0.0:     1198.7:
:--------:-----------:--------:----:-----------:-----------:-----------:-----------:-----------:-----------:-----------:-----------:


Report step 31/96 at day 942/2920, date = 31-Jul-2017

Starting time step 0, stepsize 15.5 days, at day 942/973, date = 31-Jul-2017
Restart file written for report step 31/96, date = 31-Jul-2017 00:00:00
    Oscillating behavior detected: Relaxation set to 0.900000
 Newton its=16, linearizations=17 (0.0sec), linear its=  2 (0.0sec)

Starting time step 1, stepsize 7.75 days, at day 957.5/973, date = 15-Aug-2017
 Newton its= 1, linearizations= 2 (0.0sec), linear its=  1 (0.0sec)

Starting time step 2, stepsize 7.75 days, at day 965.25/973, date = 23-Aug-2017

Warning: Keyword 'WELLS' is unhandled for output to restart file.
 Newton its= 2, linearizations= 3 (0.0sec), linear its=  1 (0.0sec)

                              **************************************************************************
  WELLS    AT       973  DAYS *                 SPE1 - CASE 2                                          *
  REPORT   32    31 Aug 2017  *                                             Flow  version 2025.10-pre  *
                              **************************************************************************


======================================================= PRODUCTION REPORT =======================================================
:  WELL  : LOCATION  :CTRL:    OIL    :   WATER   :    GAS    :   FLUID   :   WATER   : GAS/OIL  :  WAT/GAS   : BHP OR : THP OR :
:  NAME  :  (I,J,K)  :MODE:   RATE    :   RATE    :   RATE    : RES.VOL.  :    CUT    :  RATIO   :   RATIO    :CON.PR. :BLK.PR. :
:        :           :    :  SCM/DAY  :  SCM/DAY  :  RCM/DAY  :  SCM/SCM  :  SCM/SCM  : SCM/SCM  :  SCM/SCM   : BARSA  : BARSA  :
=================================================================================================================================
:FIELD   :           :    :     1878.0:       -0.0:       -0.0:     2077.2:     -0.000:     -0.00:      0.0000:        :        :
:G1      :           :    :     1878.0:       -0.0:       -0.0:     2077.2:     -0.000:     -0.00:      0.0000:        :        :
:PROD    : 10, 10    : BHP:     1878.0:       -0.0:       -0.0:     2077.2:     -0.000:     -0.00:      0.0000:   245.0:     0.0:
:--------:-----------:----:-----------:-----------:-----------:-----------:-----------:----------:------------:--------:--------:

============================================= INJECTION REPORT ==============================================
:  WELL  : LOCATION  : CTRL : CTRL : CTRL :    OIL    :   WATER   :    GAS    :   FLUID   : BHP OR : THP OR :
:  NAME  :  (I,J,K)  : MODE : MODE : MODE :   RATE    :   RATE    :   RATE    : RES.VOL.  :CON.PR. :BLK.PR. :
:        :           : OIL  : WAT  : GAS  :  SCM/DAY  :  SCM/DAY  :  SCM/DAY  :  RCM/DAY  : BARSA  : BARSA  :
=============================================================================================================
:FIELD   :           :      :      :      :        0.0:     2000.0:        0.0:     2077.5:        :        :
:G1      :           :      :      :      :        0.0:     2000.0:        0.0:     2077.5:        :        :
:INJ     :  1,  1    :      :  WRAT:      :        0.0:     2000.0:        0.0:     2077.5:   272.2:     0.0:
:--------:-----------:------:------:------:-----------:-----------:-----------:-----------:--------:--------:

============================================== CUMULATIVE PRODUCTION/INJECTION TOTALS ==============================================
:  WELL  : LOCATION  :  WELL  :CTRL:    OIL    :   WATER   :    GAS    :   Prod    :    OIL    :   WATER   :    GAS    :    INJ    :
:  NAME  :  (I,J,K)  :  TYPE  :MODE:   PROD    :   PROD    :   PROD    : RES.VOL.  :    INJ    :    INJ    :    INJ    : RES.VOL.  :
:        :           :        :    :   MSCM    :   MSCM    :   MMSCM   :   MRCM    :   MSCM    :   MSCM    :   MMSCM   :   MRCM    :
====================================================================================================================================
:FIELD   :           :        :    :     1135.1:        0.0:        0.0:     1255.5:        0.0:     1216.0:        0.0:     1263.1:
:G1      :           :        :    :     1135.1:        0.0:        0.0:     1255.5:        0.0:     1216.0:        0.0:     1263.1:
:PROD    : 10, 10    :    PROD: BHP:     1135.1:        0.0:        0.0:     1255.5:        0.0:        0.0:        0.0:        0.0:
:INJ     :  1,  1    :     INJ:WRAT:        0.0:        0.0:        0.0:        0.0:        0.0:     1216.0:        0.0:     1263.1:
:--------:-----------:--------:----:-----------:-----------:-----------:-----------:-----------:-----------:-----------:-----------:


Report step 32/96 at day 973/2920, date = 31-Aug-2017

Starting time step 0, stepsize 15 days, at day 973/1003, date = 31-Aug-2017
Restart file written for report step 32/96, date = 31-Aug-2017 00:00:00

Problem: Solver convergence failure - Iteration limit reached
Timestep chopped to 4.95 days


Starting time step 0, stepsize 4.95 days, at day 973/1003, date = 31-Aug-2017
 Newton its= 1, linearizations= 2 (0.0sec), linear its=  1 (0.0sec)

Starting time step 1, stepsize 9.9 days, at day 977.95/1003, date = 04-Sep-2017
 Newton its= 6, linearizations= 7 (0.0sec), linear its=  3 (0.0sec)

Starting time step 2, stepsize 15.15 days, at day 987.85/1003, date = 14-Sep-2017

Warning: Keyword 'WELLS' is unhandled for output to restart file.
 Newton its=20, linearizations=21 (0.0sec), linear its= 10 (0.0sec)

                              **************************************************************************
  WELLS    AT      1003  DAYS *                 SPE1 - CASE 2                                          *
  REPORT   33    30 Sep 2017  *                                             Flow  version 2025.10-pre  *
                              **************************************************************************


======================================================= PRODUCTION REPORT =======================================================
:  WELL  : LOCATION  :CTRL:    OIL    :   WATER   :    GAS    :   FLUID   :   WATER   : GAS/OIL  :  WAT/GAS   : BHP OR : THP OR :
:  NAME  :  (I,J,K)  :MODE:   RATE    :   RATE    :   RATE    : RES.VOL.  :    CUT    :  RATIO   :   RATIO    :CON.PR. :BLK.PR. :
:        :           :    :  SCM/DAY  :  SCM/DAY  :  RCM/DAY  :  SCM/SCM  :  SCM/SCM  : SCM/SCM  :  SCM/SCM   : BARSA  : BARSA  :
=================================================================================================================================
:FIELD   :           :    :     1878.1:       -0.0:       -0.0:     2077.2:     -0.000:     -0.00:      0.0000:        :        :
:G1      :           :    :     1878.1:       -0.0:       -0.0:     2077.2:     -0.000:     -0.00:      0.0000:        :        :
:PROD    : 10, 10    : BHP:     1878.1:       -0.0:       -0.0:     2077.2:     -0.000:     -0.00:      0.0000:   245.0:     0.0:
:--------:-----------:----:-----------:-----------:-----------:-----------:-----------:----------:------------:--------:--------:

============================================= INJECTION REPORT ==============================================
:  WELL  : LOCATION  : CTRL : CTRL : CTRL :    OIL    :   WATER   :    GAS    :   FLUID   : BHP OR : THP OR :
:  NAME  :  (I,J,K)  : MODE : MODE : MODE :   RATE    :   RATE    :   RATE    : RES.VOL.  :CON.PR. :BLK.PR. :
:        :           : OIL  : WAT  : GAS  :  SCM/DAY  :  SCM/DAY  :  SCM/DAY  :  RCM/DAY  : BARSA  : BARSA  :
=============================================================================================================
:FIELD   :           :      :      :      :        0.0:     2000.0:        0.0:     2077.5:        :        :
:G1      :           :      :      :      :        0.0:     2000.0:        0.0:     2077.5:        :        :
:INJ     :  1,  1    :      :  WRAT:      :        0.0:     2000.0:        0.0:     2077.5:   272.2:     0.0:
:--------:-----------:------:------:------:-----------:-----------:-----------:-----------:--------:--------:

============================================== CUMULATIVE PRODUCTION/INJECTION TOTALS ==============================================
:  WELL  : LOCATION  :  WELL  :CTRL:    OIL    :   WATER   :    GAS    :   Prod    :    OIL    :   WATER   :    GAS    :    INJ    :
:  NAME  :  (I,J,K)  :  TYPE  :MODE:   PROD    :   PROD    :   PROD    : RES.VOL.  :    INJ    :    INJ    :    INJ    : RES.VOL.  :
:        :           :        :    :   MSCM    :   MSCM    :   MMSCM   :   MRCM    :   MSCM    :   MSCM    :   MMSCM   :   MRCM    :
====================================================================================================================================
:FIELD   :           :        :    :     1191.5:        0.0:        0.0:     1317.8:        0.0:     1276.0:        0.0:     1325.5:
:G1      :           :        :    :     1191.5:        0.0:        0.0:     1317.8:        0.0:     1276.0:        0.0:     1325.5:
:PROD    : 10, 10    :    PROD: BHP:     1191.5:        0.0:        0.0:     1317.8:        0.0:        0.0:        0.0:        0.0:
:INJ     :  1,  1    :     INJ:WRAT:        0.0:        0.0:        0.0:        0.0:        0.0:     1276.0:        0.0:     1325.5:
:--------:-----------:--------:----:-----------:-----------:-----------:-----------:-----------:-----------:-----------:-----------:


Report step 33/96 at day 1003/2920, date = 30-Sep-2017

Starting time step 0, stepsize 6.06 days, at day 1003/1034, date = 30-Sep-2017
 Newton its= 2, linearizations= 3 (0.0sec), linear its=  0 (0.0sec)
Restart file written for report step 33/96, date = 30-Sep-2017 00:00:00

Starting time step 1, stepsize 12.47 days, at day 1009.06/1034, date = 06-Oct-2017
 Newton its=20, linearizations=21 (0.0sec), linear its=  1 (0.0sec)

Starting time step 2, stepsize 4.988 days, at day 1021.53/1034, date = 18-Oct-2017
 Newton its= 2, linearizations= 3 (0.0sec), linear its=  0 (0.0sec)

Starting time step 3, stepsize 7.482 days, at day 1026.52/1034, date = 23-Oct-2017
    Oscillating behavior detected: Relaxation set to 0.900000
    Oscillating behavior detected: Relaxation set to 0.800000

Warning: Keyword 'WELLS' is unhandled for output to restart file.
 Newton its= 7, linearizations= 8 (0.0sec), linear its=  1 (0.0sec)

                              **************************************************************************
  WELLS    AT      1034  DAYS *                 SPE1 - CASE 2                                          *
  REPORT   34    31 Oct 2017  *                                             Flow  version 2025.10-pre  *
                              **************************************************************************


======================================================= PRODUCTION REPORT =======================================================
:  WELL  : LOCATION  :CTRL:    OIL    :   WATER   :    GAS    :   FLUID   :   WATER   : GAS/OIL  :  WAT/GAS   : BHP OR : THP OR :
:  NAME  :  (I,J,K)  :MODE:   RATE    :   RATE    :   RATE    : RES.VOL.  :    CUT    :  RATIO   :   RATIO    :CON.PR. :BLK.PR. :
:        :           :    :  SCM/DAY  :  SCM/DAY  :  RCM/DAY  :  SCM/SCM  :  SCM/SCM  : SCM/SCM  :  SCM/SCM   : BARSA  : BARSA  :
=================================================================================================================================
:FIELD   :           :    :     1878.1:       -0.0:       -0.0:     2077.3:     -0.000:     -0.00:      0.0000:        :        :
:G1      :           :    :     1878.1:       -0.0:       -0.0:     2077.3:     -0.000:     -0.00:      0.0000:        :        :
:PROD    : 10, 10    : BHP:     1878.1:       -0.0:       -0.0:     2077.3:     -0.000:     -0.00:      0.0000:   245.0:     0.0:
:--------:-----------:----:-----------:-----------:-----------:-----------:-----------:----------:------------:--------:--------:

============================================= INJECTION REPORT ==============================================
:  WELL  : LOCATION  : CTRL : CTRL : CTRL :    OIL    :   WATER   :    GAS    :   FLUID   : BHP OR : THP OR :
:  NAME  :  (I,J,K)  : MODE : MODE : MODE :   RATE    :   RATE    :   RATE    : RES.VOL.  :CON.PR. :BLK.PR. :
:        :           : OIL  : WAT  : GAS  :  SCM/DAY  :  SCM/DAY  :  SCM/DAY  :  RCM/DAY  : BARSA  : BARSA  :
=============================================================================================================
:FIELD   :           :      :      :      :        0.0:     2000.0:        0.0:     2077.5:        :        :
:G1      :           :      :      :      :        0.0:     2000.0:        0.0:     2077.5:        :        :
:INJ     :  1,  1    :      :  WRAT:      :        0.0:     2000.0:        0.0:     2077.5:   272.1:     0.0:
:--------:-----------:------:------:------:-----------:-----------:-----------:-----------:--------:--------:

============================================== CUMULATIVE PRODUCTION/INJECTION TOTALS ==============================================
:  WELL  : LOCATION  :  WELL  :CTRL:    OIL    :   WATER   :    GAS    :   Prod    :    OIL    :   WATER   :    GAS    :    INJ    :
:  NAME  :  (I,J,K)  :  TYPE  :MODE:   PROD    :   PROD    :   PROD    : RES.VOL.  :    INJ    :    INJ    :    INJ    : RES.VOL.  :
:        :           :        :    :   MSCM    :   MSCM    :   MMSCM   :   MRCM    :   MSCM    :   MSCM    :   MMSCM   :   MRCM    :
====================================================================================================================================
:FIELD   :           :        :    :     1249.7:        0.0:        0.0:     1382.2:        0.0:     1338.0:        0.0:     1389.9:
:G1      :           :        :    :     1249.7:        0.0:        0.0:     1382.2:        0.0:     1338.0:        0.0:     1389.9:
:PROD    : 10, 10    :    PROD: BHP:     1249.7:        0.0:        0.0:     1382.2:        0.0:        0.0:        0.0:        0.0:
:INJ     :  1,  1    :     INJ:WRAT:        0.0:        0.0:        0.0:        0.0:        0.0:     1338.0:        0.0:     1389.9:
:--------:-----------:--------:----:-----------:-----------:-----------:-----------:-----------:-----------:-----------:-----------:


Report step 34/96 at day 1034/2920, date = 31-Oct-2017

Starting time step 0, stepsize 10.4748 days, at day 1034/1064, date = 31-Oct-2017
Restart file written for report step 34/96, date = 31-Oct-2017 00:00:00
    Oscillating behavior detected: Relaxation set to 0.900000
    Oscillating behavior detected: Relaxation set to 0.800000
    Oscillating behavior detected: Relaxation set to 0.700000
    Oscillating behavior detected: Relaxation set to 0.600000
    Oscillating behavior detected: Relaxation set to 0.500000
 Newton its=20, linearizations=21 (0.0sec), linear its=  1 (0.0sec)

Starting time step 1, stepsize 4.18992 days, at day 1044.47/1064, date = 10-Nov-2017
    Oscillating behavior detected: Relaxation set to 0.900000
    Oscillating behavior detected: Relaxation set to 0.800000
 Newton its=20, linearizations=21 (0.0sec), linear its=  2 (0.0sec)

Starting time step 2, stepsize 1.67597 days, at day 1048.66/1064, date = 14-Nov-2017
 Newton its= 1, linearizations= 2 (0.0sec), linear its=  0 (0.0sec)

Starting time step 3, stepsize 5.0279 days, at day 1050.34/1064, date = 16-Nov-2017
    Oscillating behavior detected: Relaxation set to 0.900000
    Oscillating behavior detected: Relaxation set to 0.800000
    Oscillating behavior detected: Relaxation set to 0.700000
    Oscillating behavior detected: Relaxation set to 0.600000
    Oscillating behavior detected: Relaxation set to 0.500000
    Oscillating behavior detected: Relaxation set to 0.500000
 Newton its=20, linearizations=21 (0.0sec), linear its=  2 (0.0sec)

Starting time step 4, stepsize 2.01116 days, at day 1055.37/1064, date = 21-Nov-2017
 Newton its= 3, linearizations= 4 (0.0sec), linear its=  1 (0.0sec)

Starting time step 5, stepsize 3.31012 days, at day 1057.38/1064, date = 23-Nov-2017

Problem: Solver convergence failure - Iteration limit reached
Timestep chopped to 1.0923406560000188 days


Starting time step 5, stepsize 1.09234 days, at day 1057.38/1064, date = 23-Nov-2017
 Newton its= 1, linearizations= 2 (0.0sec), linear its=  0 (0.0sec)

Starting time step 6, stepsize 2.18468 days, at day 1058.47/1064, date = 24-Nov-2017
 Newton its=16, linearizations=17 (0.0sec), linear its=  3 (0.0sec)

Starting time step 7, stepsize 1.09234 days, at day 1060.66/1064, date = 26-Nov-2017
 Newton its= 2, linearizations= 3 (0.0sec), linear its=  0 (0.0sec)

Starting time step 8, stepsize 2.25088 days, at day 1061.75/1064, date = 27-Nov-2017

Warning: Keyword 'WELLS' is unhandled for output to restart file.
 Newton its= 1, linearizations= 2 (0.0sec), linear its=  0 (0.0sec)

                              **************************************************************************
  WELLS    AT      1064  DAYS *                 SPE1 - CASE 2                                          *
  REPORT   35    30 Nov 2017  *                                             Flow  version 2025.10-pre  *
                              **************************************************************************


======================================================= PRODUCTION REPORT =======================================================
:  WELL  : LOCATION  :CTRL:    OIL    :   WATER   :    GAS    :   FLUID   :   WATER   : GAS/OIL  :  WAT/GAS   : BHP OR : THP OR :
:  NAME  :  (I,J,K)  :MODE:   RATE    :   RATE    :   RATE    : RES.VOL.  :    CUT    :  RATIO   :   RATIO    :CON.PR. :BLK.PR. :
:        :           :    :  SCM/DAY  :  SCM/DAY  :  RCM/DAY  :  SCM/SCM  :  SCM/SCM  : SCM/SCM  :  SCM/SCM   : BARSA  : BARSA  :
=================================================================================================================================
:FIELD   :           :    :     1878.0:       -0.0:       -0.0:     2077.2:     -0.000:     -0.00:      0.0000:        :        :
:G1      :           :    :     1878.0:       -0.0:       -0.0:     2077.2:     -0.000:     -0.00:      0.0000:        :        :
:PROD    : 10, 10    : BHP:     1878.0:       -0.0:       -0.0:     2077.2:     -0.000:     -0.00:      0.0000:   245.0:     0.0:
:--------:-----------:----:-----------:-----------:-----------:-----------:-----------:----------:------------:--------:--------:

============================================= INJECTION REPORT ==============================================
:  WELL  : LOCATION  : CTRL : CTRL : CTRL :    OIL    :   WATER   :    GAS    :   FLUID   : BHP OR : THP OR :
:  NAME  :  (I,J,K)  : MODE : MODE : MODE :   RATE    :   RATE    :   RATE    : RES.VOL.  :CON.PR. :BLK.PR. :
:        :           : OIL  : WAT  : GAS  :  SCM/DAY  :  SCM/DAY  :  SCM/DAY  :  RCM/DAY  : BARSA  : BARSA  :
=============================================================================================================
:FIELD   :           :      :      :      :        0.0:     2000.0:        0.0:     2077.5:        :        :
:G1      :           :      :      :      :        0.0:     2000.0:        0.0:     2077.5:        :        :
:INJ     :  1,  1    :      :  WRAT:      :        0.0:     2000.0:        0.0:     2077.5:   272.1:     0.0:
:--------:-----------:------:------:------:-----------:-----------:-----------:-----------:--------:--------:

============================================== CUMULATIVE PRODUCTION/INJECTION TOTALS ==============================================
:  WELL  : LOCATION  :  WELL  :CTRL:    OIL    :   WATER   :    GAS    :   Prod    :    OIL    :   WATER   :    GAS    :    INJ    :
:  NAME  :  (I,J,K)  :  TYPE  :MODE:   PROD    :   PROD    :   PROD    : RES.VOL.  :    INJ    :    INJ    :    INJ    : RES.VOL.  :
:        :           :        :    :   MSCM    :   MSCM    :   MMSCM   :   MRCM    :   MSCM    :   MSCM    :   MMSCM   :   MRCM    :
====================================================================================================================================
:FIELD   :           :        :    :     1306.0:        0.0:        0.0:     1444.5:        0.0:     1398.0:        0.0:     1452.2:
:G1      :           :        :    :     1306.0:        0.0:        0.0:     1444.5:        0.0:     1398.0:        0.0:     1452.2:
:PROD    : 10, 10    :    PROD: BHP:     1306.0:        0.0:        0.0:     1444.5:        0.0:        0.0:        0.0:        0.0:
:INJ     :  1,  1    :     INJ:WRAT:        0.0:        0.0:        0.0:        0.0:        0.0:     1398.0:        0.0:     1452.2:
:--------:-----------:--------:----:-----------:-----------:-----------:-----------:-----------:-----------:-----------:-----------:


Report step 35/96 at day 1064/2920, date = 30-Nov-2017

Starting time step 0, stepsize 6.75265 days, at day 1064/1095, date = 30-Nov-2017
Restart file written for report step 35/96, date = 30-Nov-2017 00:00:00
 Newton its= 6, linearizations= 7 (0.0sec), linear its=  2 (0.0sec)

Starting time step 1, stepsize 12.1548 days, at day 1070.75/1095, date = 06-Dec-2017
 Newton its= 3, linearizations= 4 (0.0sec), linear its=  1 (0.0sec)

Starting time step 2, stepsize 12.0926 days, at day 1082.91/1095, date = 18-Dec-2017

Problem: Solver convergence failure - Iteration limit reached
Timestep chopped to 3.9905501729274686 days


Starting time step 2, stepsize 3.99055 days, at day 1082.91/1095, date = 18-Dec-2017
 Newton its= 1, linearizations= 2 (0.0sec), linear its=  0 (0.0sec)

Starting time step 3, stepsize 8.10203 days, at day 1086.9/1095, date = 22-Dec-2017
    Oscillating behavior detected: Relaxation set to 0.900000

Problem: Solver convergence failure - Iteration limit reached
Timestep chopped to 2.6736686158614233 days


Starting time step 3, stepsize 2.67367 days, at day 1086.9/1095, date = 22-Dec-2017
 Newton its= 1, linearizations= 2 (0.0sec), linear its=  0 (0.0sec)

Starting time step 4, stepsize 5.42836 days, at day 1089.57/1095, date = 25-Dec-2017

Warning: Keyword 'WELLS' is unhandled for output to restart file.
 Newton its=20, linearizations=21 (0.0sec), linear its= 10 (0.0sec)

                              **************************************************************************
  WELLS    AT      1095  DAYS *                 SPE1 - CASE 2                                          *
  REPORT   36    31 Dec 2017  *                                             Flow  version 2025.10-pre  *
                              **************************************************************************


======================================================= PRODUCTION REPORT =======================================================
:  WELL  : LOCATION  :CTRL:    OIL    :   WATER   :    GAS    :   FLUID   :   WATER   : GAS/OIL  :  WAT/GAS   : BHP OR : THP OR :
:  NAME  :  (I,J,K)  :MODE:   RATE    :   RATE    :   RATE    : RES.VOL.  :    CUT    :  RATIO   :   RATIO    :CON.PR. :BLK.PR. :
:        :           :    :  SCM/DAY  :  SCM/DAY  :  RCM/DAY  :  SCM/SCM  :  SCM/SCM  : SCM/SCM  :  SCM/SCM   : BARSA  : BARSA  :
=================================================================================================================================
:FIELD   :           :    :     1877.9:       -0.0:       -0.0:     2077.1:     -0.000:     -0.00:      0.0000:        :        :
:G1      :           :    :     1877.9:       -0.0:       -0.0:     2077.1:     -0.000:     -0.00:      0.0000:        :        :
:PROD    : 10, 10    : BHP:     1877.9:       -0.0:       -0.0:     2077.1:     -0.000:     -0.00:      0.0000:   245.0:     0.0:
:--------:-----------:----:-----------:-----------:-----------:-----------:-----------:----------:------------:--------:--------:

============================================= INJECTION REPORT ==============================================
:  WELL  : LOCATION  : CTRL : CTRL : CTRL :    OIL    :   WATER   :    GAS    :   FLUID   : BHP OR : THP OR :
:  NAME  :  (I,J,K)  : MODE : MODE : MODE :   RATE    :   RATE    :   RATE    : RES.VOL.  :CON.PR. :BLK.PR. :
:        :           : OIL  : WAT  : GAS  :  SCM/DAY  :  SCM/DAY  :  SCM/DAY  :  RCM/DAY  : BARSA  : BARSA  :
=============================================================================================================
:FIELD   :           :      :      :      :        0.0:     2000.0:        0.0:     2077.5:        :        :
:G1      :           :      :      :      :        0.0:     2000.0:        0.0:     2077.5:        :        :
:INJ     :  1,  1    :      :  WRAT:      :        0.0:     2000.0:        0.0:     2077.5:   272.1:     0.0:
:--------:-----------:------:------:------:-----------:-----------:-----------:-----------:--------:--------:

============================================== CUMULATIVE PRODUCTION/INJECTION TOTALS ==============================================
:  WELL  : LOCATION  :  WELL  :CTRL:    OIL    :   WATER   :    GAS    :   Prod    :    OIL    :   WATER   :    GAS    :    INJ    :
:  NAME  :  (I,J,K)  :  TYPE  :MODE:   PROD    :   PROD    :   PROD    : RES.VOL.  :    INJ    :    INJ    :    INJ    : RES.VOL.  :
:        :           :        :    :   MSCM    :   MSCM    :   MMSCM   :   MRCM    :   MSCM    :   MSCM    :   MMSCM   :   MRCM    :
====================================================================================================================================
:FIELD   :           :        :    :     1364.3:        0.0:        0.0:     1508.9:        0.0:     1460.0:        0.0:     1516.6:
:G1      :           :        :    :     1364.3:        0.0:        0.0:     1508.9:        0.0:     1460.0:        0.0:     1516.6:
:PROD    : 10, 10    :    PROD: BHP:     1364.3:        0.0:        0.0:     1508.9:        0.0:        0.0:        0.0:        0.0:
:INJ     :  1,  1    :     INJ:WRAT:        0.0:        0.0:        0.0:        0.0:        0.0:     1460.0:        0.0:     1516.6:
:--------:-----------:--------:----:-----------:-----------:-----------:-----------:-----------:-----------:-----------:-----------:


Report step 36/96 at day 1095/2920, date = 31-Dec-2017

Starting time step 0, stepsize 2.17134 days, at day 1095/1126, date = 31-Dec-2017
 Newton its= 1, linearizations= 2 (0.0sec), linear its=  0 (0.0sec)
Restart file written for report step 36/96, date = 31-Dec-2017 00:00:00

Starting time step 1, stepsize 1.56344 days, at day 1097.17/1126, date = 02-Jan-2018
 Newton its= 1, linearizations= 2 (0.0sec), linear its=  0 (0.0sec)

Starting time step 2, stepsize 4.69031 days, at day 1098.73/1126, date = 03-Jan-2018
 Newton its= 1, linearizations= 2 (0.0sec), linear its=  0 (0.0sec)

Starting time step 3, stepsize 12.1361 days, at day 1103.43/1126, date = 08-Jan-2018
 Newton its= 5, linearizations= 6 (0.0sec), linear its=  2 (0.0sec)

Starting time step 4, stepsize 10.4388 days, at day 1115.56/1126, date = 20-Jan-2018

Warning: Keyword 'WELLS' is unhandled for output to restart file.
 Newton its= 1, linearizations= 2 (0.0sec), linear its=  1 (0.0sec)

                              **************************************************************************
  WELLS    AT      1126  DAYS *                 SPE1 - CASE 2                                          *
  REPORT   37    31 Jan 2018  *                                             Flow  version 2025.10-pre  *
                              **************************************************************************


======================================================= PRODUCTION REPORT =======================================================
:  WELL  : LOCATION  :CTRL:    OIL    :   WATER   :    GAS    :   FLUID   :   WATER   : GAS/OIL  :  WAT/GAS   : BHP OR : THP OR :
:  NAME  :  (I,J,K)  :MODE:   RATE    :   RATE    :   RATE    : RES.VOL.  :    CUT    :  RATIO   :   RATIO    :CON.PR. :BLK.PR. :
:        :           :    :  SCM/DAY  :  SCM/DAY  :  RCM/DAY  :  SCM/SCM  :  SCM/SCM  : SCM/SCM  :  SCM/SCM   : BARSA  : BARSA  :
=================================================================================================================================
:FIELD   :           :    :       46.2:       -0.0:       -0.0:       51.1:     -0.000:     -0.00:      0.0000:        :        :
:G1      :           :    :       46.2:       -0.0:       -0.0:       51.1:     -0.000:     -0.00:      0.0000:        :        :
:PROD    : 10, 10    : BHP:       46.2:       -0.0:       -0.0:       51.1:     -0.000:     -0.00:      0.0000:   245.0:     0.0:
:--------:-----------:----:-----------:-----------:-----------:-----------:-----------:----------:------------:--------:--------:

============================================= INJECTION REPORT ==============================================
:  WELL  : LOCATION  : CTRL : CTRL : CTRL :    OIL    :   WATER   :    GAS    :   FLUID   : BHP OR : THP OR :
:  NAME  :  (I,J,K)  : MODE : MODE : MODE :   RATE    :   RATE    :   RATE    : RES.VOL.  :CON.PR. :BLK.PR. :
:        :           : OIL  : WAT  : GAS  :  SCM/DAY  :  SCM/DAY  :  SCM/DAY  :  RCM/DAY  : BARSA  : BARSA  :
=============================================================================================================
:FIELD   :           :      :      :      :        0.0:        0.0:        0.0:        0.0:        :        :
:G1      :           :      :      :      :        0.0:        0.0:        0.0:        0.0:        :        :
:INJ     :  1,  1    :      :  WRAT:      :        0.0:        0.0:        0.0:        0.0:     0.0:     0.0:
:--------:-----------:------:------:------:-----------:-----------:-----------:-----------:--------:--------:

============================================== CUMULATIVE PRODUCTION/INJECTION TOTALS ==============================================
:  WELL  : LOCATION  :  WELL  :CTRL:    OIL    :   WATER   :    GAS    :   Prod    :    OIL    :   WATER   :    GAS    :    INJ    :
:  NAME  :  (I,J,K)  :  TYPE  :MODE:   PROD    :   PROD    :   PROD    : RES.VOL.  :    INJ    :    INJ    :    INJ    : RES.VOL.  :
:        :           :        :    :   MSCM    :   MSCM    :   MMSCM   :   MRCM    :   MSCM    :   MSCM    :   MMSCM   :   MRCM    :
====================================================================================================================================
:FIELD   :           :        :    :     1373.5:        0.0:        0.0:     1519.2:        0.0:     1460.0:        0.0:     1516.6:
:G1      :           :        :    :     1373.5:        0.0:        0.0:     1519.2:        0.0:     1460.0:        0.0:     1516.6:
:PROD    : 10, 10    :    PROD: BHP:     1373.5:        0.0:        0.0:     1519.2:        0.0:        0.0:        0.0:        0.0:
:INJ     :  1,  1    :     INJ:WRAT:        0.0:        0.0:        0.0:        0.0:        0.0:     1460.0:        0.0:     1516.6:
:--------:-----------:--------:----:-----------:-----------:-----------:-----------:-----------:-----------:-----------:-----------:


Report step 37/96 at day 1126/2920, date = 31-Jan-2018

Starting time step 0, stepsize 28 days, at day 1126/1154, date = 31-Jan-2018
Restart file written for report step 37/96, date = 31-Jan-2018 00:00:00

Warning: Keyword 'WELLS' is unhandled for output to restart file.
 Newton its= 4, linearizations= 5 (0.0sec), linear its=  1 (0.0sec)

                              **************************************************************************
  WELLS    AT      1154  DAYS *                 SPE1 - CASE 2                                          *
  REPORT   38    28 Feb 2018  *                                             Flow  version 2025.10-pre  *
                              **************************************************************************


======================================================= PRODUCTION REPORT =======================================================
:  WELL  : LOCATION  :CTRL:    OIL    :   WATER   :    GAS    :   FLUID   :   WATER   : GAS/OIL  :  WAT/GAS   : BHP OR : THP OR :
:  NAME  :  (I,J,K)  :MODE:   RATE    :   RATE    :   RATE    : RES.VOL.  :    CUT    :  RATIO   :   RATIO    :CON.PR. :BLK.PR. :
:        :           :    :  SCM/DAY  :  SCM/DAY  :  RCM/DAY  :  SCM/SCM  :  SCM/SCM  : SCM/SCM  :  SCM/SCM   : BARSA  : BARSA  :
=================================================================================================================================
:FIELD   :           :    :        6.7:       -0.0:       -0.0:        7.4:     -0.000:     -0.00:      0.0000:        :        :
:G1      :           :    :        6.7:       -0.0:       -0.0:        7.4:     -0.000:     -0.00:      0.0000:        :        :
:PROD    : 10, 10    : BHP:        6.7:       -0.0:       -0.0:        7.4:     -0.000:     -0.00:      0.0000:   245.0:     0.0:
:--------:-----------:----:-----------:-----------:-----------:-----------:-----------:----------:------------:--------:--------:

============================================= INJECTION REPORT ==============================================
:  WELL  : LOCATION  : CTRL : CTRL : CTRL :    OIL    :   WATER   :    GAS    :   FLUID   : BHP OR : THP OR :
:  NAME  :  (I,J,K)  : MODE : MODE : MODE :   RATE    :   RATE    :   RATE    : RES.VOL.  :CON.PR. :BLK.PR. :
:        :           : OIL  : WAT  : GAS  :  SCM/DAY  :  SCM/DAY  :  SCM/DAY  :  RCM/DAY  : BARSA  : BARSA  :
=============================================================================================================
:FIELD   :           :      :      :      :        0.0:        0.0:        0.0:        0.0:        :        :
:G1      :           :      :      :      :        0.0:        0.0:        0.0:        0.0:        :        :
:INJ     :  1,  1    :      :  WRAT:      :        0.0:        0.0:        0.0:        0.0:     0.0:     0.0:
:--------:-----------:------:------:------:-----------:-----------:-----------:-----------:--------:--------:

============================================== CUMULATIVE PRODUCTION/INJECTION TOTALS ==============================================
:  WELL  : LOCATION  :  WELL  :CTRL:    OIL    :   WATER   :    GAS    :   Prod    :    OIL    :   WATER   :    GAS    :    INJ    :
:  NAME  :  (I,J,K)  :  TYPE  :MODE:   PROD    :   PROD    :   PROD    : RES.VOL.  :    INJ    :    INJ    :    INJ    : RES.VOL.  :
:        :           :        :    :   MSCM    :   MSCM    :   MMSCM   :   MRCM    :   MSCM    :   MSCM    :   MMSCM   :   MRCM    :
====================================================================================================================================
:FIELD   :           :        :    :     1373.7:        0.0:        0.0:     1519.4:        0.0:     1460.0:        0.0:     1516.6:
:G1      :           :        :    :     1373.7:        0.0:        0.0:     1519.4:        0.0:     1460.0:        0.0:     1516.6:
:PROD    : 10, 10    :    PROD: BHP:     1373.7:        0.0:        0.0:     1519.4:        0.0:        0.0:        0.0:        0.0:
:INJ     :  1,  1    :     INJ:WRAT:        0.0:        0.0:        0.0:        0.0:        0.0:     1460.0:        0.0:     1516.6:
:--------:-----------:--------:----:-----------:-----------:-----------:-----------:-----------:-----------:-----------:-----------:


Report step 38/96 at day 1154/2920, date = 28-Feb-2018

Starting time step 0, stepsize 31 days, at day 1154/1185, date = 28-Feb-2018

Warning: Keyword 'WELLS' is unhandled for output to restart file.
 Newton its= 1, linearizations= 2 (0.0sec), linear its=  1 (0.0sec)
Restart file written for report step 38/96, date = 28-Feb-2018 00:00:00

                              **************************************************************************
  WELLS    AT      1185  DAYS *                 SPE1 - CASE 2                                          *
  REPORT   39    31 Mar 2018  *                                             Flow  version 2025.10-pre  *
                              **************************************************************************


======================================================= PRODUCTION REPORT =======================================================
:  WELL  : LOCATION  :CTRL:    OIL    :   WATER   :    GAS    :   FLUID   :   WATER   : GAS/OIL  :  WAT/GAS   : BHP OR : THP OR :
:  NAME  :  (I,J,K)  :MODE:   RATE    :   RATE    :   RATE    : RES.VOL.  :    CUT    :  RATIO   :   RATIO    :CON.PR. :BLK.PR. :
:        :           :    :  SCM/DAY  :  SCM/DAY  :  RCM/DAY  :  SCM/SCM  :  SCM/SCM  : SCM/SCM  :  SCM/SCM   : BARSA  : BARSA  :
=================================================================================================================================
:FIELD   :           :    :        0.9:       -0.0:       -0.0:        1.0:     -0.000:     -0.00:      0.0000:        :        :
:G1      :           :    :        0.9:       -0.0:       -0.0:        1.0:     -0.000:     -0.00:      0.0000:        :        :
:PROD    : 10, 10    : BHP:        0.9:       -0.0:       -0.0:        1.0:     -0.000:     -0.00:      0.0000:   245.0:     0.0:
:--------:-----------:----:-----------:-----------:-----------:-----------:-----------:----------:------------:--------:--------:

============================================= INJECTION REPORT ==============================================
:  WELL  : LOCATION  : CTRL : CTRL : CTRL :    OIL    :   WATER   :    GAS    :   FLUID   : BHP OR : THP OR :
:  NAME  :  (I,J,K)  : MODE : MODE : MODE :   RATE    :   RATE    :   RATE    : RES.VOL.  :CON.PR. :BLK.PR. :
:        :           : OIL  : WAT  : GAS  :  SCM/DAY  :  SCM/DAY  :  SCM/DAY  :  RCM/DAY  : BARSA  : BARSA  :
=============================================================================================================
:FIELD   :           :      :      :      :        0.0:        0.0:        0.0:        0.0:        :        :
:G1      :           :      :      :      :        0.0:        0.0:        0.0:        0.0:        :        :
:INJ     :  1,  1    :      :  WRAT:      :        0.0:        0.0:        0.0:        0.0:     0.0:     0.0:
:--------:-----------:------:------:------:-----------:-----------:-----------:-----------:--------:--------:

============================================== CUMULATIVE PRODUCTION/INJECTION TOTALS ==============================================
:  WELL  : LOCATION  :  WELL  :CTRL:    OIL    :   WATER   :    GAS    :   Prod    :    OIL    :   WATER   :    GAS    :    INJ    :
:  NAME  :  (I,J,K)  :  TYPE  :MODE:   PROD    :   PROD    :   PROD    : RES.VOL.  :    INJ    :    INJ    :    INJ    : RES.VOL.  :
:        :           :        :    :   MSCM    :   MSCM    :   MMSCM   :   MRCM    :   MSCM    :   MSCM    :   MMSCM   :   MRCM    :
====================================================================================================================================
:FIELD   :           :        :    :     1373.7:        0.0:        0.0:     1519.4:        0.0:     1460.0:        0.0:     1516.6:
:G1      :           :        :    :     1373.7:        0.0:        0.0:     1519.4:        0.0:     1460.0:        0.0:     1516.6:
:PROD    : 10, 10    :    PROD: BHP:     1373.7:        0.0:        0.0:     1519.4:        0.0:        0.0:        0.0:        0.0:
:INJ     :  1,  1    :     INJ:WRAT:        0.0:        0.0:        0.0:        0.0:        0.0:     1460.0:        0.0:     1516.6:
:--------:-----------:--------:----:-----------:-----------:-----------:-----------:-----------:-----------:-----------:-----------:


Report step 39/96 at day 1185/2920, date = 31-Mar-2018

Starting time step 0, stepsize 30 days, at day 1185/1215, date = 31-Mar-2018

Warning: Keyword 'WELLS' is unhandled for output to restart file.
 Newton its= 2, linearizations= 3 (0.0sec), linear its=  1 (0.0sec)
Restart file written for report step 39/96, date = 31-Mar-2018 00:00:00

                              **************************************************************************
  WELLS    AT      1215  DAYS *                 SPE1 - CASE 2                                          *
  REPORT   40    30 Apr 2018  *                                             Flow  version 2025.10-pre  *
                              **************************************************************************


======================================================= PRODUCTION REPORT =======================================================
:  WELL  : LOCATION  :CTRL:    OIL    :   WATER   :    GAS    :   FLUID   :   WATER   : GAS/OIL  :  WAT/GAS   : BHP OR : THP OR :
:  NAME  :  (I,J,K)  :MODE:   RATE    :   RATE    :   RATE    : RES.VOL.  :    CUT    :  RATIO   :   RATIO    :CON.PR. :BLK.PR. :
:        :           :    :  SCM/DAY  :  SCM/DAY  :  RCM/DAY  :  SCM/SCM  :  SCM/SCM  : SCM/SCM  :  SCM/SCM   : BARSA  : BARSA  :
=================================================================================================================================
:FIELD   :           :    :        0.1:       -0.0:       -0.0:        0.1:     -0.000:     -0.00:      0.0000:        :        :
:G1      :           :    :        0.1:       -0.0:       -0.0:        0.1:     -0.000:     -0.00:      0.0000:        :        :
:PROD    : 10, 10    : BHP:        0.1:       -0.0:       -0.0:        0.1:     -0.000:     -0.00:      0.0000:   245.0:     0.0:
:--------:-----------:----:-----------:-----------:-----------:-----------:-----------:----------:------------:--------:--------:

============================================= INJECTION REPORT ==============================================
:  WELL  : LOCATION  : CTRL : CTRL : CTRL :    OIL    :   WATER   :    GAS    :   FLUID   : BHP OR : THP OR :
:  NAME  :  (I,J,K)  : MODE : MODE : MODE :   RATE    :   RATE    :   RATE    : RES.VOL.  :CON.PR. :BLK.PR. :
:        :           : OIL  : WAT  : GAS  :  SCM/DAY  :  SCM/DAY  :  SCM/DAY  :  RCM/DAY  : BARSA  : BARSA  :
=============================================================================================================
:FIELD   :           :      :      :      :        0.0:        0.0:        0.0:        0.0:        :        :
:G1      :           :      :      :      :        0.0:        0.0:        0.0:        0.0:        :        :
:INJ     :  1,  1    :      :  WRAT:      :        0.0:        0.0:        0.0:        0.0:     0.0:     0.0:
:--------:-----------:------:------:------:-----------:-----------:-----------:-----------:--------:--------:

============================================== CUMULATIVE PRODUCTION/INJECTION TOTALS ==============================================
:  WELL  : LOCATION  :  WELL  :CTRL:    OIL    :   WATER   :    GAS    :   Prod    :    OIL    :   WATER   :    GAS    :    INJ    :
:  NAME  :  (I,J,K)  :  TYPE  :MODE:   PROD    :   PROD    :   PROD    : RES.VOL.  :    INJ    :    INJ    :    INJ    : RES.VOL.  :
:        :           :        :    :   MSCM    :   MSCM    :   MMSCM   :   MRCM    :   MSCM    :   MSCM    :   MMSCM   :   MRCM    :
====================================================================================================================================
:FIELD   :           :        :    :     1373.7:        0.0:        0.0:     1519.4:        0.0:     1460.0:        0.0:     1516.6:
:G1      :           :        :    :     1373.7:        0.0:        0.0:     1519.4:        0.0:     1460.0:        0.0:     1516.6:
:PROD    : 10, 10    :    PROD: BHP:     1373.7:        0.0:        0.0:     1519.4:        0.0:        0.0:        0.0:        0.0:
:INJ     :  1,  1    :     INJ:WRAT:        0.0:        0.0:        0.0:        0.0:        0.0:     1460.0:        0.0:     1516.6:
:--------:-----------:--------:----:-----------:-----------:-----------:-----------:-----------:-----------:-----------:-----------:


Report step 40/96 at day 1215/2920, date = 30-Apr-2018

Starting time step 0, stepsize 31 days, at day 1215/1246, date = 30-Apr-2018

Warning: Keyword 'WELLS' is unhandled for output to restart file.
 Newton its= 3, linearizations= 4 (0.0sec), linear its=  1 (0.0sec)
Restart file written for report step 40/96, date = 30-Apr-2018 00:00:00

                              **************************************************************************
  WELLS    AT      1246  DAYS *                 SPE1 - CASE 2                                          *
  REPORT   41    31 May 2018  *                                             Flow  version 2025.10-pre  *
                              **************************************************************************


======================================================= PRODUCTION REPORT =======================================================
:  WELL  : LOCATION  :CTRL:    OIL    :   WATER   :    GAS    :   FLUID   :   WATER   : GAS/OIL  :  WAT/GAS   : BHP OR : THP OR :
:  NAME  :  (I,J,K)  :MODE:   RATE    :   RATE    :   RATE    : RES.VOL.  :    CUT    :  RATIO   :   RATIO    :CON.PR. :BLK.PR. :
:        :           :    :  SCM/DAY  :  SCM/DAY  :  RCM/DAY  :  SCM/SCM  :  SCM/SCM  : SCM/SCM  :  SCM/SCM   : BARSA  : BARSA  :
=================================================================================================================================
:FIELD   :           :    :        0.0:       -0.0:       -0.0:        0.0:     -0.000:     -0.00:      0.0000:        :        :
:G1      :           :    :        0.0:       -0.0:       -0.0:        0.0:     -0.000:     -0.00:      0.0000:        :        :
:PROD    : 10, 10    : BHP:        0.0:       -0.0:       -0.0:        0.0:     -0.000:     -0.00:      0.0000:   245.0:     0.0:
:--------:-----------:----:-----------:-----------:-----------:-----------:-----------:----------:------------:--------:--------:

============================================= INJECTION REPORT ==============================================
:  WELL  : LOCATION  : CTRL : CTRL : CTRL :    OIL    :   WATER   :    GAS    :   FLUID   : BHP OR : THP OR :
:  NAME  :  (I,J,K)  : MODE : MODE : MODE :   RATE    :   RATE    :   RATE    : RES.VOL.  :CON.PR. :BLK.PR. :
:        :           : OIL  : WAT  : GAS  :  SCM/DAY  :  SCM/DAY  :  SCM/DAY  :  RCM/DAY  : BARSA  : BARSA  :
=============================================================================================================
:FIELD   :           :      :      :      :        0.0:        0.0:        0.0:        0.0:        :        :
:G1      :           :      :      :      :        0.0:        0.0:        0.0:        0.0:        :        :
:INJ     :  1,  1    :      :  WRAT:      :        0.0:        0.0:        0.0:        0.0:     0.0:     0.0:
:--------:-----------:------:------:------:-----------:-----------:-----------:-----------:--------:--------:

============================================== CUMULATIVE PRODUCTION/INJECTION TOTALS ==============================================
:  WELL  : LOCATION  :  WELL  :CTRL:    OIL    :   WATER   :    GAS    :   Prod    :    OIL    :   WATER   :    GAS    :    INJ    :
:  NAME  :  (I,J,K)  :  TYPE  :MODE:   PROD    :   PROD    :   PROD    : RES.VOL.  :    INJ    :    INJ    :    INJ    : RES.VOL.  :
:        :           :        :    :   MSCM    :   MSCM    :   MMSCM   :   MRCM    :   MSCM    :   MSCM    :   MMSCM   :   MRCM    :
====================================================================================================================================
:FIELD   :           :        :    :     1373.7:        0.0:        0.0:     1519.4:        0.0:     1460.0:        0.0:     1516.6:
:G1      :           :        :    :     1373.7:        0.0:        0.0:     1519.4:        0.0:     1460.0:        0.0:     1516.6:
:PROD    : 10, 10    :    PROD: BHP:     1373.7:        0.0:        0.0:     1519.4:        0.0:        0.0:        0.0:        0.0:
:INJ     :  1,  1    :     INJ:WRAT:        0.0:        0.0:        0.0:        0.0:        0.0:     1460.0:        0.0:     1516.6:
:--------:-----------:--------:----:-----------:-----------:-----------:-----------:-----------:-----------:-----------:-----------:


Report step 41/96 at day 1246/2920, date = 31-May-2018

Starting time step 0, stepsize 30 days, at day 1246/1276, date = 31-May-2018
Well PROD will be shut as it can not operate under current reservoir conditions.

Warning: Keyword 'WELLS' is unhandled for output to restart file.
 Newton its= 1, linearizations= 2 (0.0sec), linear its=  1 (0.0sec)
Restart file written for report step 41/96, date = 31-May-2018 00:00:00

                              **************************************************************************
  WELLS    AT      1276  DAYS *                 SPE1 - CASE 2                                          *
  REPORT   42    30 Jun 2018  *                                             Flow  version 2025.10-pre  *
                              **************************************************************************


======================================================= PRODUCTION REPORT =======================================================
:  WELL  : LOCATION  :CTRL:    OIL    :   WATER   :    GAS    :   FLUID   :   WATER   : GAS/OIL  :  WAT/GAS   : BHP OR : THP OR :
:  NAME  :  (I,J,K)  :MODE:   RATE    :   RATE    :   RATE    : RES.VOL.  :    CUT    :  RATIO   :   RATIO    :CON.PR. :BLK.PR. :
:        :           :    :  SCM/DAY  :  SCM/DAY  :  RCM/DAY  :  SCM/SCM  :  SCM/SCM  : SCM/SCM  :  SCM/SCM   : BARSA  : BARSA  :
=================================================================================================================================
:FIELD   :           :    :       -0.0:       -0.0:       -0.0:       -0.0:      0.000:      0.00:      0.0000:        :        :
:G1      :           :    :       -0.0:       -0.0:       -0.0:       -0.0:      0.000:      0.00:      0.0000:        :        :
:PROD    : 10, 10    : BHP:       -0.0:       -0.0:       -0.0:       -0.0:      0.000:      0.00:      0.0000:   245.0:     0.0:
:--------:-----------:----:-----------:-----------:-----------:-----------:-----------:----------:------------:--------:--------:

============================================= INJECTION REPORT ==============================================
:  WELL  : LOCATION  : CTRL : CTRL : CTRL :    OIL    :   WATER   :    GAS    :   FLUID   : BHP OR : THP OR :
:  NAME  :  (I,J,K)  : MODE : MODE : MODE :   RATE    :   RATE    :   RATE    : RES.VOL.  :CON.PR. :BLK.PR. :
:        :           : OIL  : WAT  : GAS  :  SCM/DAY  :  SCM/DAY  :  SCM/DAY  :  RCM/DAY  : BARSA  : BARSA  :
=============================================================================================================
:FIELD   :           :      :      :      :        0.0:        0.0:        0.0:        0.0:        :        :
:G1      :           :      :      :      :        0.0:        0.0:        0.0:        0.0:        :        :
:INJ     :  1,  1    :      :  WRAT:      :        0.0:        0.0:        0.0:        0.0:     0.0:     0.0:
:--------:-----------:------:------:------:-----------:-----------:-----------:-----------:--------:--------:

============================================== CUMULATIVE PRODUCTION/INJECTION TOTALS ==============================================
:  WELL  : LOCATION  :  WELL  :CTRL:    OIL    :   WATER   :    GAS    :   Prod    :    OIL    :   WATER   :    GAS    :    INJ    :
:  NAME  :  (I,J,K)  :  TYPE  :MODE:   PROD    :   PROD    :   PROD    : RES.VOL.  :    INJ    :    INJ    :    INJ    : RES.VOL.  :
:        :           :        :    :   MSCM    :   MSCM    :   MMSCM   :   MRCM    :   MSCM    :   MSCM    :   MMSCM   :   MRCM    :
====================================================================================================================================
:FIELD   :           :        :    :     1373.7:        0.0:        0.0:     1519.4:        0.0:     1460.0:        0.0:     1516.6:
:G1      :           :        :    :     1373.7:        0.0:        0.0:     1519.4:        0.0:     1460.0:        0.0:     1516.6:
:PROD    : 10, 10    :    PROD: BHP:     1373.7:        0.0:        0.0:     1519.4:        0.0:        0.0:        0.0:        0.0:
:INJ     :  1,  1    :     INJ:WRAT:        0.0:        0.0:        0.0:        0.0:        0.0:     1460.0:        0.0:     1516.6:
:--------:-----------:--------:----:-----------:-----------:-----------:-----------:-----------:-----------:-----------:-----------:


Report step 42/96 at day 1276/2920, date = 30-Jun-2018

Starting time step 0, stepsize 31 days, at day 1276/1307, date = 30-Jun-2018

Warning: Keyword 'WELLS' is unhandled for output to restart file.
 Newton its= 3, linearizations= 4 (0.0sec), linear its=  1 (0.0sec)
Restart file written for report step 42/96, date = 30-Jun-2018 00:00:00

                              **************************************************************************
  WELLS    AT      1307  DAYS *                 SPE1 - CASE 2                                          *
  REPORT   43    31 Jul 2018  *                                             Flow  version 2025.10-pre  *
                              **************************************************************************


======================================================= PRODUCTION REPORT =======================================================
:  WELL  : LOCATION  :CTRL:    OIL    :   WATER   :    GAS    :   FLUID   :   WATER   : GAS/OIL  :  WAT/GAS   : BHP OR : THP OR :
:  NAME  :  (I,J,K)  :MODE:   RATE    :   RATE    :   RATE    : RES.VOL.  :    CUT    :  RATIO   :   RATIO    :CON.PR. :BLK.PR. :
:        :           :    :  SCM/DAY  :  SCM/DAY  :  RCM/DAY  :  SCM/SCM  :  SCM/SCM  : SCM/SCM  :  SCM/SCM   : BARSA  : BARSA  :
=================================================================================================================================
:FIELD   :           :    :       -0.0:       -0.0:       -0.0:       -0.0:      0.000:      0.00:      0.0000:        :        :
:G1      :           :    :       -0.0:       -0.0:       -0.0:       -0.0:      0.000:      0.00:      0.0000:        :        :
:PROD    : 10, 10    : BHP:       -0.0:       -0.0:       -0.0:       -0.0:      0.000:      0.00:      0.0000:     0.0:     0.0:
:--------:-----------:----:-----------:-----------:-----------:-----------:-----------:----------:------------:--------:--------:

============================================= INJECTION REPORT ==============================================
:  WELL  : LOCATION  : CTRL : CTRL : CTRL :    OIL    :   WATER   :    GAS    :   FLUID   : BHP OR : THP OR :
:  NAME  :  (I,J,K)  : MODE : MODE : MODE :   RATE    :   RATE    :   RATE    : RES.VOL.  :CON.PR. :BLK.PR. :
:        :           : OIL  : WAT  : GAS  :  SCM/DAY  :  SCM/DAY  :  SCM/DAY  :  RCM/DAY  : BARSA  : BARSA  :
=============================================================================================================
:FIELD   :           :      :      :      :        0.0:        0.0:        0.0:        0.0:        :        :
:G1      :           :      :      :      :        0.0:        0.0:        0.0:        0.0:        :        :
:INJ     :  1,  1    :      :  WRAT:      :        0.0:        0.0:        0.0:        0.0:     0.0:     0.0:
:--------:-----------:------:------:------:-----------:-----------:-----------:-----------:--------:--------:

============================================== CUMULATIVE PRODUCTION/INJECTION TOTALS ==============================================
:  WELL  : LOCATION  :  WELL  :CTRL:    OIL    :   WATER   :    GAS    :   Prod    :    OIL    :   WATER   :    GAS    :    INJ    :
:  NAME  :  (I,J,K)  :  TYPE  :MODE:   PROD    :   PROD    :   PROD    : RES.VOL.  :    INJ    :    INJ    :    INJ    : RES.VOL.  :
:        :           :        :    :   MSCM    :   MSCM    :   MMSCM   :   MRCM    :   MSCM    :   MSCM    :   MMSCM   :   MRCM    :
====================================================================================================================================
:FIELD   :           :        :    :     1373.7:        0.0:        0.0:     1519.4:        0.0:     1460.0:        0.0:     1516.6:
:G1      :           :        :    :     1373.7:        0.0:        0.0:     1519.4:        0.0:     1460.0:        0.0:     1516.6:
:PROD    : 10, 10    :    PROD: BHP:     1373.7:        0.0:        0.0:     1519.4:        0.0:        0.0:        0.0:        0.0:
:INJ     :  1,  1    :     INJ:WRAT:        0.0:        0.0:        0.0:        0.0:        0.0:     1460.0:        0.0:     1516.6:
:--------:-----------:--------:----:-----------:-----------:-----------:-----------:-----------:-----------:-----------:-----------:


Report step 43/96 at day 1307/2920, date = 31-Jul-2018

Starting time step 0, stepsize 31 days, at day 1307/1338, date = 31-Jul-2018

Warning: Keyword 'WELLS' is unhandled for output to restart file.
 Newton its= 2, linearizations= 3 (0.0sec), linear its=  1 (0.0sec)
Restart file written for report step 43/96, date = 31-Jul-2018 00:00:00

                              **************************************************************************
  WELLS    AT      1338  DAYS *                 SPE1 - CASE 2                                          *
  REPORT   44    31 Aug 2018  *                                             Flow  version 2025.10-pre  *
                              **************************************************************************


======================================================= PRODUCTION REPORT =======================================================
:  WELL  : LOCATION  :CTRL:    OIL    :   WATER   :    GAS    :   FLUID   :   WATER   : GAS/OIL  :  WAT/GAS   : BHP OR : THP OR :
:  NAME  :  (I,J,K)  :MODE:   RATE    :   RATE    :   RATE    : RES.VOL.  :    CUT    :  RATIO   :   RATIO    :CON.PR. :BLK.PR. :
:        :           :    :  SCM/DAY  :  SCM/DAY  :  RCM/DAY  :  SCM/SCM  :  SCM/SCM  : SCM/SCM  :  SCM/SCM   : BARSA  : BARSA  :
=================================================================================================================================
:FIELD   :           :    :       -0.0:       -0.0:       -0.0:       -0.0:      0.000:      0.00:      0.0000:        :        :
:G1      :           :    :       -0.0:       -0.0:       -0.0:       -0.0:      0.000:      0.00:      0.0000:        :        :
:PROD    : 10, 10    : BHP:       -0.0:       -0.0:       -0.0:       -0.0:      0.000:      0.00:      0.0000:     0.0:     0.0:
:--------:-----------:----:-----------:-----------:-----------:-----------:-----------:----------:------------:--------:--------:

============================================= INJECTION REPORT ==============================================
:  WELL  : LOCATION  : CTRL : CTRL : CTRL :    OIL    :   WATER   :    GAS    :   FLUID   : BHP OR : THP OR :
:  NAME  :  (I,J,K)  : MODE : MODE : MODE :   RATE    :   RATE    :   RATE    : RES.VOL.  :CON.PR. :BLK.PR. :
:        :           : OIL  : WAT  : GAS  :  SCM/DAY  :  SCM/DAY  :  SCM/DAY  :  RCM/DAY  : BARSA  : BARSA  :
=============================================================================================================
:FIELD   :           :      :      :      :        0.0:        0.0:        0.0:        0.0:        :        :
:G1      :           :      :      :      :        0.0:        0.0:        0.0:        0.0:        :        :
:INJ     :  1,  1    :      :  WRAT:      :        0.0:        0.0:        0.0:        0.0:     0.0:     0.0:
:--------:-----------:------:------:------:-----------:-----------:-----------:-----------:--------:--------:

============================================== CUMULATIVE PRODUCTION/INJECTION TOTALS ==============================================
:  WELL  : LOCATION  :  WELL  :CTRL:    OIL    :   WATER   :    GAS    :   Prod    :    OIL    :   WATER   :    GAS    :    INJ    :
:  NAME  :  (I,J,K)  :  TYPE  :MODE:   PROD    :   PROD    :   PROD    : RES.VOL.  :    INJ    :    INJ    :    INJ    : RES.VOL.  :
:        :           :        :    :   MSCM    :   MSCM    :   MMSCM   :   MRCM    :   MSCM    :   MSCM    :   MMSCM   :   MRCM    :
====================================================================================================================================
:FIELD   :           :        :    :     1373.7:        0.0:        0.0:     1519.4:        0.0:     1460.0:        0.0:     1516.6:
:G1      :           :        :    :     1373.7:        0.0:        0.0:     1519.4:        0.0:     1460.0:        0.0:     1516.6:
:PROD    : 10, 10    :    PROD: BHP:     1373.7:        0.0:        0.0:     1519.4:        0.0:        0.0:        0.0:        0.0:
:INJ     :  1,  1    :     INJ:WRAT:        0.0:        0.0:        0.0:        0.0:        0.0:     1460.0:        0.0:     1516.6:
:--------:-----------:--------:----:-----------:-----------:-----------:-----------:-----------:-----------:-----------:-----------:


Report step 44/96 at day 1338/2920, date = 31-Aug-2018

Starting time step 0, stepsize 30 days, at day 1338/1368, date = 31-Aug-2018

Warning: Keyword 'WELLS' is unhandled for output to restart file.
 Newton its= 2, linearizations= 3 (0.0sec), linear its=  1 (0.0sec)
Restart file written for report step 44/96, date = 31-Aug-2018 00:00:00

                              **************************************************************************
  WELLS    AT      1368  DAYS *                 SPE1 - CASE 2                                          *
  REPORT   45    30 Sep 2018  *                                             Flow  version 2025.10-pre  *
                              **************************************************************************


======================================================= PRODUCTION REPORT =======================================================
:  WELL  : LOCATION  :CTRL:    OIL    :   WATER   :    GAS    :   FLUID   :   WATER   : GAS/OIL  :  WAT/GAS   : BHP OR : THP OR :
:  NAME  :  (I,J,K)  :MODE:   RATE    :   RATE    :   RATE    : RES.VOL.  :    CUT    :  RATIO   :   RATIO    :CON.PR. :BLK.PR. :
:        :           :    :  SCM/DAY  :  SCM/DAY  :  RCM/DAY  :  SCM/SCM  :  SCM/SCM  : SCM/SCM  :  SCM/SCM   : BARSA  : BARSA  :
=================================================================================================================================
:FIELD   :           :    :       -0.0:       -0.0:       -0.0:       -0.0:      0.000:      0.00:      0.0000:        :        :
:G1      :           :    :       -0.0:       -0.0:       -0.0:       -0.0:      0.000:      0.00:      0.0000:        :        :
:PROD    : 10, 10    : BHP:       -0.0:       -0.0:       -0.0:       -0.0:      0.000:      0.00:      0.0000:     0.0:     0.0:
:--------:-----------:----:-----------:-----------:-----------:-----------:-----------:----------:------------:--------:--------:

============================================= INJECTION REPORT ==============================================
:  WELL  : LOCATION  : CTRL : CTRL : CTRL :    OIL    :   WATER   :    GAS    :   FLUID   : BHP OR : THP OR :
:  NAME  :  (I,J,K)  : MODE : MODE : MODE :   RATE    :   RATE    :   RATE    : RES.VOL.  :CON.PR. :BLK.PR. :
:        :           : OIL  : WAT  : GAS  :  SCM/DAY  :  SCM/DAY  :  SCM/DAY  :  RCM/DAY  : BARSA  : BARSA  :
=============================================================================================================
:FIELD   :           :      :      :      :        0.0:        0.0:        0.0:        0.0:        :        :
:G1      :           :      :      :      :        0.0:        0.0:        0.0:        0.0:        :        :
:INJ     :  1,  1    :      :  WRAT:      :        0.0:        0.0:        0.0:        0.0:     0.0:     0.0:
:--------:-----------:------:------:------:-----------:-----------:-----------:-----------:--------:--------:

============================================== CUMULATIVE PRODUCTION/INJECTION TOTALS ==============================================
:  WELL  : LOCATION  :  WELL  :CTRL:    OIL    :   WATER   :    GAS    :   Prod    :    OIL    :   WATER   :    GAS    :    INJ    :
:  NAME  :  (I,J,K)  :  TYPE  :MODE:   PROD    :   PROD    :   PROD    : RES.VOL.  :    INJ    :    INJ    :    INJ    : RES.VOL.  :
:        :           :        :    :   MSCM    :   MSCM    :   MMSCM   :   MRCM    :   MSCM    :   MSCM    :   MMSCM   :   MRCM    :
====================================================================================================================================
:FIELD   :           :        :    :     1373.7:        0.0:        0.0:     1519.4:        0.0:     1460.0:        0.0:     1516.6:
:G1      :           :        :    :     1373.7:        0.0:        0.0:     1519.4:        0.0:     1460.0:        0.0:     1516.6:
:PROD    : 10, 10    :    PROD: BHP:     1373.7:        0.0:        0.0:     1519.4:        0.0:        0.0:        0.0:        0.0:
:INJ     :  1,  1    :     INJ:WRAT:        0.0:        0.0:        0.0:        0.0:        0.0:     1460.0:        0.0:     1516.6:
:--------:-----------:--------:----:-----------:-----------:-----------:-----------:-----------:-----------:-----------:-----------:


Report step 45/96 at day 1368/2920, date = 30-Sep-2018

Starting time step 0, stepsize 31 days, at day 1368/1399, date = 30-Sep-2018

Warning: Keyword 'WELLS' is unhandled for output to restart file.
 Newton its= 2, linearizations= 3 (0.0sec), linear its=  1 (0.0sec)
Restart file written for report step 45/96, date = 30-Sep-2018 00:00:00

                              **************************************************************************
  WELLS    AT      1399  DAYS *                 SPE1 - CASE 2                                          *
  REPORT   46    31 Oct 2018  *                                             Flow  version 2025.10-pre  *
                              **************************************************************************


======================================================= PRODUCTION REPORT =======================================================
:  WELL  : LOCATION  :CTRL:    OIL    :   WATER   :    GAS    :   FLUID   :   WATER   : GAS/OIL  :  WAT/GAS   : BHP OR : THP OR :
:  NAME  :  (I,J,K)  :MODE:   RATE    :   RATE    :   RATE    : RES.VOL.  :    CUT    :  RATIO   :   RATIO    :CON.PR. :BLK.PR. :
:        :           :    :  SCM/DAY  :  SCM/DAY  :  RCM/DAY  :  SCM/SCM  :  SCM/SCM  : SCM/SCM  :  SCM/SCM   : BARSA  : BARSA  :
=================================================================================================================================
:FIELD   :           :    :       -0.0:       -0.0:       -0.0:       -0.0:      0.000:      0.00:      0.0000:        :        :
:G1      :           :    :       -0.0:       -0.0:       -0.0:       -0.0:      0.000:      0.00:      0.0000:        :        :
:PROD    : 10, 10    : BHP:       -0.0:       -0.0:       -0.0:       -0.0:      0.000:      0.00:      0.0000:     0.0:     0.0:
:--------:-----------:----:-----------:-----------:-----------:-----------:-----------:----------:------------:--------:--------:

============================================= INJECTION REPORT ==============================================
:  WELL  : LOCATION  : CTRL : CTRL : CTRL :    OIL    :   WATER   :    GAS    :   FLUID   : BHP OR : THP OR :
:  NAME  :  (I,J,K)  : MODE : MODE : MODE :   RATE    :   RATE    :   RATE    : RES.VOL.  :CON.PR. :BLK.PR. :
:        :           : OIL  : WAT  : GAS  :  SCM/DAY  :  SCM/DAY  :  SCM/DAY  :  RCM/DAY  : BARSA  : BARSA  :
=============================================================================================================
:FIELD   :           :      :      :      :        0.0:        0.0:        0.0:        0.0:        :        :
:G1      :           :      :      :      :        0.0:        0.0:        0.0:        0.0:        :        :
:INJ     :  1,  1    :      :  WRAT:      :        0.0:        0.0:        0.0:        0.0:     0.0:     0.0:
:--------:-----------:------:------:------:-----------:-----------:-----------:-----------:--------:--------:

============================================== CUMULATIVE PRODUCTION/INJECTION TOTALS ==============================================
:  WELL  : LOCATION  :  WELL  :CTRL:    OIL    :   WATER   :    GAS    :   Prod    :    OIL    :   WATER   :    GAS    :    INJ    :
:  NAME  :  (I,J,K)  :  TYPE  :MODE:   PROD    :   PROD    :   PROD    : RES.VOL.  :    INJ    :    INJ    :    INJ    : RES.VOL.  :
:        :           :        :    :   MSCM    :   MSCM    :   MMSCM   :   MRCM    :   MSCM    :   MSCM    :   MMSCM   :   MRCM    :
====================================================================================================================================
:FIELD   :           :        :    :     1373.7:        0.0:        0.0:     1519.4:        0.0:     1460.0:        0.0:     1516.6:
:G1      :           :        :    :     1373.7:        0.0:        0.0:     1519.4:        0.0:     1460.0:        0.0:     1516.6:
:PROD    : 10, 10    :    PROD: BHP:     1373.7:        0.0:        0.0:     1519.4:        0.0:        0.0:        0.0:        0.0:
:INJ     :  1,  1    :     INJ:WRAT:        0.0:        0.0:        0.0:        0.0:        0.0:     1460.0:        0.0:     1516.6:
:--------:-----------:--------:----:-----------:-----------:-----------:-----------:-----------:-----------:-----------:-----------:


Report step 46/96 at day 1399/2920, date = 31-Oct-2018

Starting time step 0, stepsize 30 days, at day 1399/1429, date = 31-Oct-2018

Warning: Keyword 'WELLS' is unhandled for output to restart file.
 Newton its= 1, linearizations= 2 (0.0sec), linear its=  1 (0.0sec)
Restart file written for report step 46/96, date = 31-Oct-2018 00:00:00

                              **************************************************************************
  WELLS    AT      1429  DAYS *                 SPE1 - CASE 2                                          *
  REPORT   47    30 Nov 2018  *                                             Flow  version 2025.10-pre  *
                              **************************************************************************


======================================================= PRODUCTION REPORT =======================================================
:  WELL  : LOCATION  :CTRL:    OIL    :   WATER   :    GAS    :   FLUID   :   WATER   : GAS/OIL  :  WAT/GAS   : BHP OR : THP OR :
:  NAME  :  (I,J,K)  :MODE:   RATE    :   RATE    :   RATE    : RES.VOL.  :    CUT    :  RATIO   :   RATIO    :CON.PR. :BLK.PR. :
:        :           :    :  SCM/DAY  :  SCM/DAY  :  RCM/DAY  :  SCM/SCM  :  SCM/SCM  : SCM/SCM  :  SCM/SCM   : BARSA  : BARSA  :
=================================================================================================================================
:FIELD   :           :    :       -0.0:       -0.0:       -0.0:       -0.0:      0.000:      0.00:      0.0000:        :        :
:G1      :           :    :       -0.0:       -0.0:       -0.0:       -0.0:      0.000:      0.00:      0.0000:        :        :
:PROD    : 10, 10    : BHP:       -0.0:       -0.0:       -0.0:       -0.0:      0.000:      0.00:      0.0000:     0.0:     0.0:
:--------:-----------:----:-----------:-----------:-----------:-----------:-----------:----------:------------:--------:--------:

============================================= INJECTION REPORT ==============================================
:  WELL  : LOCATION  : CTRL : CTRL : CTRL :    OIL    :   WATER   :    GAS    :   FLUID   : BHP OR : THP OR :
:  NAME  :  (I,J,K)  : MODE : MODE : MODE :   RATE    :   RATE    :   RATE    : RES.VOL.  :CON.PR. :BLK.PR. :
:        :           : OIL  : WAT  : GAS  :  SCM/DAY  :  SCM/DAY  :  SCM/DAY  :  RCM/DAY  : BARSA  : BARSA  :
=============================================================================================================
:FIELD   :           :      :      :      :        0.0:        0.0:        0.0:        0.0:        :        :
:G1      :           :      :      :      :        0.0:        0.0:        0.0:        0.0:        :        :
:INJ     :  1,  1    :      :  WRAT:      :        0.0:        0.0:        0.0:        0.0:     0.0:     0.0:
:--------:-----------:------:------:------:-----------:-----------:-----------:-----------:--------:--------:

============================================== CUMULATIVE PRODUCTION/INJECTION TOTALS ==============================================
:  WELL  : LOCATION  :  WELL  :CTRL:    OIL    :   WATER   :    GAS    :   Prod    :    OIL    :   WATER   :    GAS    :    INJ    :
:  NAME  :  (I,J,K)  :  TYPE  :MODE:   PROD    :   PROD    :   PROD    : RES.VOL.  :    INJ    :    INJ    :    INJ    : RES.VOL.  :
:        :           :        :    :   MSCM    :   MSCM    :   MMSCM   :   MRCM    :   MSCM    :   MSCM    :   MMSCM   :   MRCM    :
====================================================================================================================================
:FIELD   :           :        :    :     1373.7:        0.0:        0.0:     1519.4:        0.0:     1460.0:        0.0:     1516.6:
:G1      :           :        :    :     1373.7:        0.0:        0.0:     1519.4:        0.0:     1460.0:        0.0:     1516.6:
:PROD    : 10, 10    :    PROD: BHP:     1373.7:        0.0:        0.0:     1519.4:        0.0:        0.0:        0.0:        0.0:
:INJ     :  1,  1    :     INJ:WRAT:        0.0:        0.0:        0.0:        0.0:        0.0:     1460.0:        0.0:     1516.6:
:--------:-----------:--------:----:-----------:-----------:-----------:-----------:-----------:-----------:-----------:-----------:


Report step 47/96 at day 1429/2920, date = 30-Nov-2018

Starting time step 0, stepsize 31 days, at day 1429/1460, date = 30-Nov-2018

Warning: Keyword 'WELLS' is unhandled for output to restart file.
 Newton its= 1, linearizations= 2 (0.0sec), linear its=  1 (0.0sec)
Restart file written for report step 47/96, date = 30-Nov-2018 00:00:00

                              **************************************************************************
  WELLS    AT      1460  DAYS *                 SPE1 - CASE 2                                          *
  REPORT   48    31 Dec 2018  *                                             Flow  version 2025.10-pre  *
                              **************************************************************************


======================================================= PRODUCTION REPORT =======================================================
:  WELL  : LOCATION  :CTRL:    OIL    :   WATER   :    GAS    :   FLUID   :   WATER   : GAS/OIL  :  WAT/GAS   : BHP OR : THP OR :
:  NAME  :  (I,J,K)  :MODE:   RATE    :   RATE    :   RATE    : RES.VOL.  :    CUT    :  RATIO   :   RATIO    :CON.PR. :BLK.PR. :
:        :           :    :  SCM/DAY  :  SCM/DAY  :  RCM/DAY  :  SCM/SCM  :  SCM/SCM  : SCM/SCM  :  SCM/SCM   : BARSA  : BARSA  :
=================================================================================================================================
:FIELD   :           :    :       -0.0:       -0.0:       -0.0:       -0.0:      0.000:      0.00:      0.0000:        :        :
:G1      :           :    :       -0.0:       -0.0:       -0.0:       -0.0:      0.000:      0.00:      0.0000:        :        :
:PROD    : 10, 10    : BHP:       -0.0:       -0.0:       -0.0:       -0.0:      0.000:      0.00:      0.0000:     0.0:     0.0:
:--------:-----------:----:-----------:-----------:-----------:-----------:-----------:----------:------------:--------:--------:

============================================= INJECTION REPORT ==============================================
:  WELL  : LOCATION  : CTRL : CTRL : CTRL :    OIL    :   WATER   :    GAS    :   FLUID   : BHP OR : THP OR :
:  NAME  :  (I,J,K)  : MODE : MODE : MODE :   RATE    :   RATE    :   RATE    : RES.VOL.  :CON.PR. :BLK.PR. :
:        :           : OIL  : WAT  : GAS  :  SCM/DAY  :  SCM/DAY  :  SCM/DAY  :  RCM/DAY  : BARSA  : BARSA  :
=============================================================================================================
:FIELD   :           :      :      :      :        0.0:        0.0:        0.0:        0.0:        :        :
:G1      :           :      :      :      :        0.0:        0.0:        0.0:        0.0:        :        :
:INJ     :  1,  1    :      :  WRAT:      :        0.0:        0.0:        0.0:        0.0:     0.0:     0.0:
:--------:-----------:------:------:------:-----------:-----------:-----------:-----------:--------:--------:

============================================== CUMULATIVE PRODUCTION/INJECTION TOTALS ==============================================
:  WELL  : LOCATION  :  WELL  :CTRL:    OIL    :   WATER   :    GAS    :   Prod    :    OIL    :   WATER   :    GAS    :    INJ    :
:  NAME  :  (I,J,K)  :  TYPE  :MODE:   PROD    :   PROD    :   PROD    : RES.VOL.  :    INJ    :    INJ    :    INJ    : RES.VOL.  :
:        :           :        :    :   MSCM    :   MSCM    :   MMSCM   :   MRCM    :   MSCM    :   MSCM    :   MMSCM   :   MRCM    :
====================================================================================================================================
:FIELD   :           :        :    :     1373.7:        0.0:        0.0:     1519.4:        0.0:     1460.0:        0.0:     1516.6:
:G1      :           :        :    :     1373.7:        0.0:        0.0:     1519.4:        0.0:     1460.0:        0.0:     1516.6:
:PROD    : 10, 10    :    PROD: BHP:     1373.7:        0.0:        0.0:     1519.4:        0.0:        0.0:        0.0:        0.0:
:INJ     :  1,  1    :     INJ:WRAT:        0.0:        0.0:        0.0:        0.0:        0.0:     1460.0:        0.0:     1516.6:
:--------:-----------:--------:----:-----------:-----------:-----------:-----------:-----------:-----------:-----------:-----------:


Report step 48/96 at day 1460/2920, date = 31-Dec-2018

Starting time step 0, stepsize 31 days, at day 1460/1491, date = 31-Dec-2018
Restart file written for report step 48/96, date = 31-Dec-2018 00:00:00

Warning: Keyword 'WELLS' is unhandled for output to restart file.
 Newton its=20, linearizations=21 (0.0sec), linear its=  2 (0.0sec)

                              **************************************************************************
  WELLS    AT      1491  DAYS *                 SPE1 - CASE 2                                          *
  REPORT   49    31 Jan 2019  *                                             Flow  version 2025.10-pre  *
                              **************************************************************************


======================================================= PRODUCTION REPORT =======================================================
:  WELL  : LOCATION  :CTRL:    OIL    :   WATER   :    GAS    :   FLUID   :   WATER   : GAS/OIL  :  WAT/GAS   : BHP OR : THP OR :
:  NAME  :  (I,J,K)  :MODE:   RATE    :   RATE    :   RATE    : RES.VOL.  :    CUT    :  RATIO   :   RATIO    :CON.PR. :BLK.PR. :
:        :           :    :  SCM/DAY  :  SCM/DAY  :  RCM/DAY  :  SCM/SCM  :  SCM/SCM  : SCM/SCM  :  SCM/SCM   : BARSA  : BARSA  :
=================================================================================================================================
:FIELD   :           :    :     1613.0:        0.0:       -0.0:     1784.1:      0.000:     -0.00:      0.0000:        :        :
:G1      :           :    :     1613.0:        0.0:       -0.0:     1784.1:      0.000:     -0.00:      0.0000:        :        :
:PROD    : 10, 10    : BHP:     1613.0:        0.0:       -0.0:     1784.1:      0.000:     -0.00:      0.0000:   245.0:     0.0:
:--------:-----------:----:-----------:-----------:-----------:-----------:-----------:----------:------------:--------:--------:

============================================= INJECTION REPORT ==============================================
:  WELL  : LOCATION  : CTRL : CTRL : CTRL :    OIL    :   WATER   :    GAS    :   FLUID   : BHP OR : THP OR :
:  NAME  :  (I,J,K)  : MODE : MODE : MODE :   RATE    :   RATE    :   RATE    : RES.VOL.  :CON.PR. :BLK.PR. :
:        :           : OIL  : WAT  : GAS  :  SCM/DAY  :  SCM/DAY  :  SCM/DAY  :  RCM/DAY  : BARSA  : BARSA  :
=============================================================================================================
:FIELD   :           :      :      :      :        0.0:     2000.0:        0.0:     2079.0:        :        :
:G1      :           :      :      :      :        0.0:     2000.0:        0.0:     2079.0:        :        :
:INJ     :  1,  1    :      :  WRAT:      :        0.0:     2000.0:        0.0:     2079.0:   269.8:     0.0:
:--------:-----------:------:------:------:-----------:-----------:-----------:-----------:--------:--------:

============================================== CUMULATIVE PRODUCTION/INJECTION TOTALS ==============================================
:  WELL  : LOCATION  :  WELL  :CTRL:    OIL    :   WATER   :    GAS    :   Prod    :    OIL    :   WATER   :    GAS    :    INJ    :
:  NAME  :  (I,J,K)  :  TYPE  :MODE:   PROD    :   PROD    :   PROD    : RES.VOL.  :    INJ    :    INJ    :    INJ    : RES.VOL.  :
:        :           :        :    :   MSCM    :   MSCM    :   MMSCM   :   MRCM    :   MSCM    :   MSCM    :   MMSCM   :   MRCM    :
====================================================================================================================================
:FIELD   :           :        :    :     1423.7:        0.0:        0.0:     1574.7:        0.0:     1522.0:        0.0:     1581.0:
:G1      :           :        :    :     1423.7:        0.0:        0.0:     1574.7:        0.0:     1522.0:        0.0:     1581.0:
:PROD    : 10, 10    :    PROD: BHP:     1423.7:        0.0:        0.0:     1574.7:        0.0:        0.0:        0.0:        0.0:
:INJ     :  1,  1    :     INJ:WRAT:        0.0:        0.0:        0.0:        0.0:        0.0:     1522.0:        0.0:     1581.0:
:--------:-----------:--------:----:-----------:-----------:-----------:-----------:-----------:-----------:-----------:-----------:


Report step 49/96 at day 1491/2920, date = 31-Jan-2019

Starting time step 0, stepsize 10.8813 days, at day 1491/1519, date = 31-Jan-2019
 Newton its= 3, linearizations= 4 (0.0sec), linear its=  1 (0.0sec)
Restart file written for report step 49/96, date = 31-Jan-2019 00:00:00

Starting time step 1, stepsize 17.1187 days, at day 1501.88/1519, date = 10-Feb-2019

Warning: Keyword 'WELLS' is unhandled for output to restart file.
 Newton its= 6, linearizations= 7 (0.0sec), linear its=  2 (0.0sec)

                              **************************************************************************
  WELLS    AT      1519  DAYS *                 SPE1 - CASE 2                                          *
  REPORT   50    28 Feb 2019  *                                             Flow  version 2025.10-pre  *
                              **************************************************************************


======================================================= PRODUCTION REPORT =======================================================
:  WELL  : LOCATION  :CTRL:    OIL    :   WATER   :    GAS    :   FLUID   :   WATER   : GAS/OIL  :  WAT/GAS   : BHP OR : THP OR :
:  NAME  :  (I,J,K)  :MODE:   RATE    :   RATE    :   RATE    : RES.VOL.  :    CUT    :  RATIO   :   RATIO    :CON.PR. :BLK.PR. :
:        :           :    :  SCM/DAY  :  SCM/DAY  :  RCM/DAY  :  SCM/SCM  :  SCM/SCM  : SCM/SCM  :  SCM/SCM   : BARSA  : BARSA  :
=================================================================================================================================
:FIELD   :           :    :     1860.2:       -0.0:       -0.0:     2057.5:     -0.000:     -0.00:      0.0000:        :        :
:G1      :           :    :     1860.2:       -0.0:       -0.0:     2057.5:     -0.000:     -0.00:      0.0000:        :        :
:PROD    : 10, 10    : BHP:     1860.2:       -0.0:       -0.0:     2057.5:     -0.000:     -0.00:      0.0000:   245.0:     0.0:
:--------:-----------:----:-----------:-----------:-----------:-----------:-----------:----------:------------:--------:--------:

============================================= INJECTION REPORT ==============================================
:  WELL  : LOCATION  : CTRL : CTRL : CTRL :    OIL    :   WATER   :    GAS    :   FLUID   : BHP OR : THP OR :
:  NAME  :  (I,J,K)  : MODE : MODE : MODE :   RATE    :   RATE    :   RATE    : RES.VOL.  :CON.PR. :BLK.PR. :
:        :           : OIL  : WAT  : GAS  :  SCM/DAY  :  SCM/DAY  :  SCM/DAY  :  RCM/DAY  : BARSA  : BARSA  :
=============================================================================================================
:FIELD   :           :      :      :      :        0.0:     2000.0:        0.0:     2077.5:        :        :
:G1      :           :      :      :      :        0.0:     2000.0:        0.0:     2077.5:        :        :
:INJ     :  1,  1    :      :  WRAT:      :        0.0:     2000.0:        0.0:     2077.5:   272.0:     0.0:
:--------:-----------:------:------:------:-----------:-----------:-----------:-----------:--------:--------:

============================================== CUMULATIVE PRODUCTION/INJECTION TOTALS ==============================================
:  WELL  : LOCATION  :  WELL  :CTRL:    OIL    :   WATER   :    GAS    :   Prod    :    OIL    :   WATER   :    GAS    :    INJ    :
:  NAME  :  (I,J,K)  :  TYPE  :MODE:   PROD    :   PROD    :   PROD    : RES.VOL.  :    INJ    :    INJ    :    INJ    : RES.VOL.  :
:        :           :        :    :   MSCM    :   MSCM    :   MMSCM   :   MRCM    :   MSCM    :   MSCM    :   MMSCM   :   MRCM    :
====================================================================================================================================
:FIELD   :           :        :    :     1475.1:        0.0:        0.0:     1631.6:        0.0:     1578.0:        0.0:     1639.2:
:G1      :           :        :    :     1475.1:        0.0:        0.0:     1631.6:        0.0:     1578.0:        0.0:     1639.2:
:PROD    : 10, 10    :    PROD: BHP:     1475.1:        0.0:        0.0:     1631.6:        0.0:        0.0:        0.0:        0.0:
:INJ     :  1,  1    :     INJ:WRAT:        0.0:        0.0:        0.0:        0.0:        0.0:     1578.0:        0.0:     1639.2:
:--------:-----------:--------:----:-----------:-----------:-----------:-----------:-----------:-----------:-----------:-----------:


Report step 50/96 at day 1519/2920, date = 28-Feb-2019

Starting time step 0, stepsize 31 days, at day 1519/1550, date = 28-Feb-2019
Restart file written for report step 50/96, date = 28-Feb-2019 00:00:00

Warning: Keyword 'WELLS' is unhandled for output to restart file.
 Newton its=20, linearizations=21 (0.0sec), linear its=  9 (0.0sec)

                              **************************************************************************
  WELLS    AT      1550  DAYS *                 SPE1 - CASE 2                                          *
  REPORT   51    31 Mar 2019  *                                             Flow  version 2025.10-pre  *
                              **************************************************************************


======================================================= PRODUCTION REPORT =======================================================
:  WELL  : LOCATION  :CTRL:    OIL    :   WATER   :    GAS    :   FLUID   :   WATER   : GAS/OIL  :  WAT/GAS   : BHP OR : THP OR :
:  NAME  :  (I,J,K)  :MODE:   RATE    :   RATE    :   RATE    : RES.VOL.  :    CUT    :  RATIO   :   RATIO    :CON.PR. :BLK.PR. :
:        :           :    :  SCM/DAY  :  SCM/DAY  :  RCM/DAY  :  SCM/SCM  :  SCM/SCM  : SCM/SCM  :  SCM/SCM   : BARSA  : BARSA  :
=================================================================================================================================
:FIELD   :           :    :     1875.6:       -0.0:       -0.0:     2074.5:     -0.000:     -0.00:      0.0000:        :        :
:G1      :           :    :     1875.6:       -0.0:       -0.0:     2074.5:     -0.000:     -0.00:      0.0000:        :        :
:PROD    : 10, 10    : BHP:     1875.6:       -0.0:       -0.0:     2074.5:     -0.000:     -0.00:      0.0000:   245.0:     0.0:
:--------:-----------:----:-----------:-----------:-----------:-----------:-----------:----------:------------:--------:--------:

============================================= INJECTION REPORT ==============================================
:  WELL  : LOCATION  : CTRL : CTRL : CTRL :    OIL    :   WATER   :    GAS    :   FLUID   : BHP OR : THP OR :
:  NAME  :  (I,J,K)  : MODE : MODE : MODE :   RATE    :   RATE    :   RATE    : RES.VOL.  :CON.PR. :BLK.PR. :
:        :           : OIL  : WAT  : GAS  :  SCM/DAY  :  SCM/DAY  :  SCM/DAY  :  RCM/DAY  : BARSA  : BARSA  :
=============================================================================================================
:FIELD   :           :      :      :      :        0.0:     2000.0:        0.0:     2077.5:        :        :
:G1      :           :      :      :      :        0.0:     2000.0:        0.0:     2077.5:        :        :
:INJ     :  1,  1    :      :  WRAT:      :        0.0:     2000.0:        0.0:     2077.5:   272.1:     0.0:
:--------:-----------:------:------:------:-----------:-----------:-----------:-----------:--------:--------:

============================================== CUMULATIVE PRODUCTION/INJECTION TOTALS ==============================================
:  WELL  : LOCATION  :  WELL  :CTRL:    OIL    :   WATER   :    GAS    :   Prod    :    OIL    :   WATER   :    GAS    :    INJ    :
:  NAME  :  (I,J,K)  :  TYPE  :MODE:   PROD    :   PROD    :   PROD    : RES.VOL.  :    INJ    :    INJ    :    INJ    : RES.VOL.  :
:        :           :        :    :   MSCM    :   MSCM    :   MMSCM   :   MRCM    :   MSCM    :   MSCM    :   MMSCM   :   MRCM    :
====================================================================================================================================
:FIELD   :           :        :    :     1533.3:        0.0:        0.0:     1695.9:        0.0:     1640.0:        0.0:     1703.6:
:G1      :           :        :    :     1533.3:        0.0:        0.0:     1695.9:        0.0:     1640.0:        0.0:     1703.6:
:PROD    : 10, 10    :    PROD: BHP:     1533.3:        0.0:        0.0:     1695.9:        0.0:        0.0:        0.0:        0.0:
:INJ     :  1,  1    :     INJ:WRAT:        0.0:        0.0:        0.0:        0.0:        0.0:     1640.0:        0.0:     1703.6:
:--------:-----------:--------:----:-----------:-----------:-----------:-----------:-----------:-----------:-----------:-----------:


Report step 51/96 at day 1550/2920, date = 31-Mar-2019

Starting time step 0, stepsize 12.4 days, at day 1550/1580, date = 31-Mar-2019
Restart file written for report step 51/96, date = 31-Mar-2019 00:00:00
 Newton its=20, linearizations=21 (0.0sec), linear its=  9 (0.0sec)

Starting time step 1, stepsize 4.96 days, at day 1562.4/1580, date = 12-Apr-2019
 Newton its= 3, linearizations= 4 (0.0sec), linear its=  2 (0.0sec)

Starting time step 2, stepsize 12.64 days, at day 1567.36/1580, date = 17-Apr-2019

Warning: Keyword 'WELLS' is unhandled for output to restart file.
 Newton its= 3, linearizations= 4 (0.0sec), linear its=  3 (0.0sec)

                              **************************************************************************
  WELLS    AT      1580  DAYS *                 SPE1 - CASE 2                                          *
  REPORT   52    30 Apr 2019  *                                             Flow  version 2025.10-pre  *
                              **************************************************************************


======================================================= PRODUCTION REPORT =======================================================
:  WELL  : LOCATION  :CTRL:    OIL    :   WATER   :    GAS    :   FLUID   :   WATER   : GAS/OIL  :  WAT/GAS   : BHP OR : THP OR :
:  NAME  :  (I,J,K)  :MODE:   RATE    :   RATE    :   RATE    : RES.VOL.  :    CUT    :  RATIO   :   RATIO    :CON.PR. :BLK.PR. :
:        :           :    :  SCM/DAY  :  SCM/DAY  :  RCM/DAY  :  SCM/SCM  :  SCM/SCM  : SCM/SCM  :  SCM/SCM   : BARSA  : BARSA  :
=================================================================================================================================
:FIELD   :           :    :     1877.9:       -0.0:       -0.0:     2077.1:     -0.000:     -0.00:      0.0000:        :        :
:G1      :           :    :     1877.9:       -0.0:       -0.0:     2077.1:     -0.000:     -0.00:      0.0000:        :        :
:PROD    : 10, 10    : BHP:     1877.9:       -0.0:       -0.0:     2077.1:     -0.000:     -0.00:      0.0000:   245.0:     0.0:
:--------:-----------:----:-----------:-----------:-----------:-----------:-----------:----------:------------:--------:--------:

============================================= INJECTION REPORT ==============================================
:  WELL  : LOCATION  : CTRL : CTRL : CTRL :    OIL    :   WATER   :    GAS    :   FLUID   : BHP OR : THP OR :
:  NAME  :  (I,J,K)  : MODE : MODE : MODE :   RATE    :   RATE    :   RATE    : RES.VOL.  :CON.PR. :BLK.PR. :
:        :           : OIL  : WAT  : GAS  :  SCM/DAY  :  SCM/DAY  :  SCM/DAY  :  RCM/DAY  : BARSA  : BARSA  :
=============================================================================================================
:FIELD   :           :      :      :      :        0.0:     2000.0:        0.0:     2077.5:        :        :
:G1      :           :      :      :      :        0.0:     2000.0:        0.0:     2077.5:        :        :
:INJ     :  1,  1    :      :  WRAT:      :        0.0:     2000.0:        0.0:     2077.5:   272.1:     0.0:
:--------:-----------:------:------:------:-----------:-----------:-----------:-----------:--------:--------:

============================================== CUMULATIVE PRODUCTION/INJECTION TOTALS ==============================================
:  WELL  : LOCATION  :  WELL  :CTRL:    OIL    :   WATER   :    GAS    :   Prod    :    OIL    :   WATER   :    GAS    :    INJ    :
:  NAME  :  (I,J,K)  :  TYPE  :MODE:   PROD    :   PROD    :   PROD    : RES.VOL.  :    INJ    :    INJ    :    INJ    : RES.VOL.  :
:        :           :        :    :   MSCM    :   MSCM    :   MMSCM   :   MRCM    :   MSCM    :   MSCM    :   MMSCM   :   MRCM    :
====================================================================================================================================
:FIELD   :           :        :    :     1589.6:        0.0:        0.0:     1758.2:        0.0:     1700.0:        0.0:     1765.9:
:G1      :           :        :    :     1589.6:        0.0:        0.0:     1758.2:        0.0:     1700.0:        0.0:     1765.9:
:PROD    : 10, 10    :    PROD: BHP:     1589.6:        0.0:        0.0:     1758.2:        0.0:        0.0:        0.0:        0.0:
:INJ     :  1,  1    :     INJ:WRAT:        0.0:        0.0:        0.0:        0.0:        0.0:     1700.0:        0.0:     1765.9:
:--------:-----------:--------:----:-----------:-----------:-----------:-----------:-----------:-----------:-----------:-----------:


Report step 52/96 at day 1580/2920, date = 30-Apr-2019

Starting time step 0, stepsize 31 days, at day 1580/1611, date = 30-Apr-2019
Restart file written for report step 52/96, date = 30-Apr-2019 00:00:00

Problem: Solver convergence failure - Iteration limit reached
Timestep chopped to 10.23 days


Starting time step 0, stepsize 10.23 days, at day 1580/1611, date = 30-Apr-2019
 Newton its= 3, linearizations= 4 (0.0sec), linear its=  1 (0.0sec)

Starting time step 1, stepsize 20.77 days, at day 1590.23/1611, date = 10-May-2019

Warning: Keyword 'WELLS' is unhandled for output to restart file.
 Newton its=20, linearizations=21 (0.0sec), linear its=  9 (0.0sec)

                              **************************************************************************
  WELLS    AT      1611  DAYS *                 SPE1 - CASE 2                                          *
  REPORT   53    31 May 2019  *                                             Flow  version 2025.10-pre  *
                              **************************************************************************


======================================================= PRODUCTION REPORT =======================================================
:  WELL  : LOCATION  :CTRL:    OIL    :   WATER   :    GAS    :   FLUID   :   WATER   : GAS/OIL  :  WAT/GAS   : BHP OR : THP OR :
:  NAME  :  (I,J,K)  :MODE:   RATE    :   RATE    :   RATE    : RES.VOL.  :    CUT    :  RATIO   :   RATIO    :CON.PR. :BLK.PR. :
:        :           :    :  SCM/DAY  :  SCM/DAY  :  RCM/DAY  :  SCM/SCM  :  SCM/SCM  : SCM/SCM  :  SCM/SCM   : BARSA  : BARSA  :
=================================================================================================================================
:FIELD   :           :    :     1878.1:       -0.0:       -0.0:     2077.2:     -0.000:     -0.00:      0.0000:        :        :
:G1      :           :    :     1878.1:       -0.0:       -0.0:     2077.2:     -0.000:     -0.00:      0.0000:        :        :
:PROD    : 10, 10    : BHP:     1878.1:       -0.0:       -0.0:     2077.2:     -0.000:     -0.00:      0.0000:   245.0:     0.0:
:--------:-----------:----:-----------:-----------:-----------:-----------:-----------:----------:------------:--------:--------:

============================================= INJECTION REPORT ==============================================
:  WELL  : LOCATION  : CTRL : CTRL : CTRL :    OIL    :   WATER   :    GAS    :   FLUID   : BHP OR : THP OR :
:  NAME  :  (I,J,K)  : MODE : MODE : MODE :   RATE    :   RATE    :   RATE    : RES.VOL.  :CON.PR. :BLK.PR. :
:        :           : OIL  : WAT  : GAS  :  SCM/DAY  :  SCM/DAY  :  SCM/DAY  :  RCM/DAY  : BARSA  : BARSA  :
=============================================================================================================
:FIELD   :           :      :      :      :        0.0:     2000.0:        0.0:     2077.5:        :        :
:G1      :           :      :      :      :        0.0:     2000.0:        0.0:     2077.5:        :        :
:INJ     :  1,  1    :      :  WRAT:      :        0.0:     2000.0:        0.0:     2077.5:   272.1:     0.0:
:--------:-----------:------:------:------:-----------:-----------:-----------:-----------:--------:--------:

============================================== CUMULATIVE PRODUCTION/INJECTION TOTALS ==============================================
:  WELL  : LOCATION  :  WELL  :CTRL:    OIL    :   WATER   :    GAS    :   Prod    :    OIL    :   WATER   :    GAS    :    INJ    :
:  NAME  :  (I,J,K)  :  TYPE  :MODE:   PROD    :   PROD    :   PROD    : RES.VOL.  :    INJ    :    INJ    :    INJ    : RES.VOL.  :
:        :           :        :    :   MSCM    :   MSCM    :   MMSCM   :   MRCM    :   MSCM    :   MSCM    :   MMSCM   :   MRCM    :
====================================================================================================================================
:FIELD   :           :        :    :     1647.8:        0.0:        0.0:     1822.6:        0.0:     1762.0:        0.0:     1830.3:
:G1      :           :        :    :     1647.8:        0.0:        0.0:     1822.6:        0.0:     1762.0:        0.0:     1830.3:
:PROD    : 10, 10    :    PROD: BHP:     1647.8:        0.0:        0.0:     1822.6:        0.0:        0.0:        0.0:        0.0:
:INJ     :  1,  1    :     INJ:WRAT:        0.0:        0.0:        0.0:        0.0:        0.0:     1762.0:        0.0:     1830.3:
:--------:-----------:--------:----:-----------:-----------:-----------:-----------:-----------:-----------:-----------:-----------:


Report step 53/96 at day 1611/2920, date = 31-May-2019

Starting time step 0, stepsize 8.308 days, at day 1611/1641, date = 31-May-2019
 Newton its= 2, linearizations= 3 (0.0sec), linear its=  2 (0.0sec)
Restart file written for report step 53/96, date = 31-May-2019 00:00:00

Starting time step 1, stepsize 21.692 days, at day 1619.31/1641, date = 08-Jun-2019

Problem: Solver convergence failure - Iteration limit reached
Timestep chopped to 7.158360000000046 days


Starting time step 1, stepsize 7.15836 days, at day 1619.31/1641, date = 08-Jun-2019
 Newton its= 3, linearizations= 4 (0.0sec), linear its=  1 (0.0sec)

Starting time step 2, stepsize 14.5336 days, at day 1626.47/1641, date = 15-Jun-2019
    Oscillating behavior detected: Relaxation set to 0.900000

Problem: Solver convergence failure - Iteration limit reached
Timestep chopped to 4.796101200000083 days


Starting time step 2, stepsize 4.7961 days, at day 1626.47/1641, date = 15-Jun-2019
    Oscillating behavior detected: Relaxation set to 0.900000
 Newton its=20, linearizations=21 (0.0sec), linear its=  8 (0.0sec)

Starting time step 3, stepsize 1.91844 days, at day 1631.26/1641, date = 20-Jun-2019
 Newton its= 2, linearizations= 3 (0.0sec), linear its=  0 (0.0sec)

Starting time step 4, stepsize 3.90955 days, at day 1633.18/1641, date = 22-Jun-2019
 Newton its= 3, linearizations= 4 (0.0sec), linear its=  2 (0.0sec)

Starting time step 5, stepsize 3.90955 days, at day 1637.09/1641, date = 26-Jun-2019
    Oscillating behavior detected: Relaxation set to 0.900000
    Oscillating behavior detected: Relaxation set to 0.800000

Warning: Keyword 'WELLS' is unhandled for output to restart file.
 Newton its= 6, linearizations= 7 (0.0sec), linear its=  0 (0.0sec)

                              **************************************************************************
  WELLS    AT      1641  DAYS *                 SPE1 - CASE 2                                          *
  REPORT   54    30 Jun 2019  *                                             Flow  version 2025.10-pre  *
                              **************************************************************************


======================================================= PRODUCTION REPORT =======================================================
:  WELL  : LOCATION  :CTRL:    OIL    :   WATER   :    GAS    :   FLUID   :   WATER   : GAS/OIL  :  WAT/GAS   : BHP OR : THP OR :
:  NAME  :  (I,J,K)  :MODE:   RATE    :   RATE    :   RATE    : RES.VOL.  :    CUT    :  RATIO   :   RATIO    :CON.PR. :BLK.PR. :
:        :           :    :  SCM/DAY  :  SCM/DAY  :  RCM/DAY  :  SCM/SCM  :  SCM/SCM  : SCM/SCM  :  SCM/SCM   : BARSA  : BARSA  :
=================================================================================================================================
:FIELD   :           :    :     1878.1:       -0.0:       -0.0:     2077.3:     -0.000:     -0.00:      0.0000:        :        :
:G1      :           :    :     1878.1:       -0.0:       -0.0:     2077.3:     -0.000:     -0.00:      0.0000:        :        :
:PROD    : 10, 10    : BHP:     1878.1:       -0.0:       -0.0:     2077.3:     -0.000:     -0.00:      0.0000:   245.0:     0.0:
:--------:-----------:----:-----------:-----------:-----------:-----------:-----------:----------:------------:--------:--------:

============================================= INJECTION REPORT ==============================================
:  WELL  : LOCATION  : CTRL : CTRL : CTRL :    OIL    :   WATER   :    GAS    :   FLUID   : BHP OR : THP OR :
:  NAME  :  (I,J,K)  : MODE : MODE : MODE :   RATE    :   RATE    :   RATE    : RES.VOL.  :CON.PR. :BLK.PR. :
:        :           : OIL  : WAT  : GAS  :  SCM/DAY  :  SCM/DAY  :  SCM/DAY  :  RCM/DAY  : BARSA  : BARSA  :
=============================================================================================================
:FIELD   :           :      :      :      :        0.0:     2000.0:        0.0:     2077.5:        :        :
:G1      :           :      :      :      :        0.0:     2000.0:        0.0:     2077.5:        :        :
:INJ     :  1,  1    :      :  WRAT:      :        0.0:     2000.0:        0.0:     2077.5:   272.1:     0.0:
:--------:-----------:------:------:------:-----------:-----------:-----------:-----------:--------:--------:

============================================== CUMULATIVE PRODUCTION/INJECTION TOTALS ==============================================
:  WELL  : LOCATION  :  WELL  :CTRL:    OIL    :   WATER   :    GAS    :   Prod    :    OIL    :   WATER   :    GAS    :    INJ    :
:  NAME  :  (I,J,K)  :  TYPE  :MODE:   PROD    :   PROD    :   PROD    : RES.VOL.  :    INJ    :    INJ    :    INJ    : RES.VOL.  :
:        :           :        :    :   MSCM    :   MSCM    :   MMSCM   :   MRCM    :   MSCM    :   MSCM    :   MMSCM   :   MRCM    :
====================================================================================================================================
:FIELD   :           :        :    :     1704.2:        0.0:        0.0:     1884.9:        0.0:     1822.0:        0.0:     1892.7:
:G1      :           :        :    :     1704.2:        0.0:        0.0:     1884.9:        0.0:     1822.0:        0.0:     1892.7:
:PROD    : 10, 10    :    PROD: BHP:     1704.2:        0.0:        0.0:     1884.9:        0.0:        0.0:        0.0:        0.0:
:INJ     :  1,  1    :     INJ:WRAT:        0.0:        0.0:        0.0:        0.0:        0.0:     1822.0:        0.0:     1892.7:
:--------:-----------:--------:----:-----------:-----------:-----------:-----------:-----------:-----------:-----------:-----------:


Report step 54/96 at day 1641/2920, date = 30-Jun-2019

Starting time step 0, stepsize 7.03719 days, at day 1641/1672, date = 30-Jun-2019
 Newton its= 3, linearizations= 4 (0.0sec), linear its=  1 (0.0sec)
Restart file written for report step 54/96, date = 30-Jun-2019 00:00:00

Starting time step 1, stepsize 11.9814 days, at day 1648.04/1672, date = 07-Jul-2019
    Oscillating behavior detected: Relaxation set to 0.900000
 Newton its=10, linearizations=11 (0.0sec), linear its=  4 (0.0sec)

Starting time step 2, stepsize 5.9907 days, at day 1660.02/1672, date = 19-Jul-2019
 Newton its= 1, linearizations= 2 (0.0sec), linear its=  0 (0.0sec)

Starting time step 3, stepsize 5.9907 days, at day 1666.01/1672, date = 25-Jul-2019

Warning: Keyword 'WELLS' is unhandled for output to restart file.
 Newton its= 2, linearizations= 3 (0.0sec), linear its=  0 (0.0sec)

                              **************************************************************************
  WELLS    AT      1672  DAYS *                 SPE1 - CASE 2                                          *
  REPORT   55    31 Jul 2019  *                                             Flow  version 2025.10-pre  *
                              **************************************************************************


======================================================= PRODUCTION REPORT =======================================================
:  WELL  : LOCATION  :CTRL:    OIL    :   WATER   :    GAS    :   FLUID   :   WATER   : GAS/OIL  :  WAT/GAS   : BHP OR : THP OR :
:  NAME  :  (I,J,K)  :MODE:   RATE    :   RATE    :   RATE    : RES.VOL.  :    CUT    :  RATIO   :   RATIO    :CON.PR. :BLK.PR. :
:        :           :    :  SCM/DAY  :  SCM/DAY  :  RCM/DAY  :  SCM/SCM  :  SCM/SCM  : SCM/SCM  :  SCM/SCM   : BARSA  : BARSA  :
=================================================================================================================================
:FIELD   :           :    :     1878.0:       -0.0:       -0.0:     2077.2:     -0.000:     -0.00:      0.0000:        :        :
:G1      :           :    :     1878.0:       -0.0:       -0.0:     2077.2:     -0.000:     -0.00:      0.0000:        :        :
:PROD    : 10, 10    : BHP:     1878.0:       -0.0:       -0.0:     2077.2:     -0.000:     -0.00:      0.0000:   245.0:     0.0:
:--------:-----------:----:-----------:-----------:-----------:-----------:-----------:----------:------------:--------:--------:

============================================= INJECTION REPORT ==============================================
:  WELL  : LOCATION  : CTRL : CTRL : CTRL :    OIL    :   WATER   :    GAS    :   FLUID   : BHP OR : THP OR :
:  NAME  :  (I,J,K)  : MODE : MODE : MODE :   RATE    :   RATE    :   RATE    : RES.VOL.  :CON.PR. :BLK.PR. :
:        :           : OIL  : WAT  : GAS  :  SCM/DAY  :  SCM/DAY  :  SCM/DAY  :  RCM/DAY  : BARSA  : BARSA  :
=============================================================================================================
:FIELD   :           :      :      :      :        0.0:     2000.0:        0.0:     2077.5:        :        :
:G1      :           :      :      :      :        0.0:     2000.0:        0.0:     2077.5:        :        :
:INJ     :  1,  1    :      :  WRAT:      :        0.0:     2000.0:        0.0:     2077.5:   272.1:     0.0:
:--------:-----------:------:------:------:-----------:-----------:-----------:-----------:--------:--------:

============================================== CUMULATIVE PRODUCTION/INJECTION TOTALS ==============================================
:  WELL  : LOCATION  :  WELL  :CTRL:    OIL    :   WATER   :    GAS    :   Prod    :    OIL    :   WATER   :    GAS    :    INJ    :
:  NAME  :  (I,J,K)  :  TYPE  :MODE:   PROD    :   PROD    :   PROD    : RES.VOL.  :    INJ    :    INJ    :    INJ    : RES.VOL.  :
:        :           :        :    :   MSCM    :   MSCM    :   MMSCM   :   MRCM    :   MSCM    :   MSCM    :   MMSCM   :   MRCM    :
====================================================================================================================================
:FIELD   :           :        :    :     1762.4:        0.0:        0.0:     1949.3:        0.0:     1884.0:        0.0:     1957.1:
:G1      :           :        :    :     1762.4:        0.0:        0.0:     1949.3:        0.0:     1884.0:        0.0:     1957.1:
:PROD    : 10, 10    :    PROD: BHP:     1762.4:        0.0:        0.0:     1949.3:        0.0:        0.0:        0.0:        0.0:
:INJ     :  1,  1    :     INJ:WRAT:        0.0:        0.0:        0.0:        0.0:        0.0:     1884.0:        0.0:     1957.1:
:--------:-----------:--------:----:-----------:-----------:-----------:-----------:-----------:-----------:-----------:-----------:


Report step 55/96 at day 1672/2920, date = 31-Jul-2019

Starting time step 0, stepsize 17.9721 days, at day 1672/1703, date = 31-Jul-2019
Restart file written for report step 55/96, date = 31-Jul-2019 00:00:00

Problem: Solver convergence failure - Iteration limit reached
Timestep chopped to 5.930795849219803 days


Starting time step 0, stepsize 5.9308 days, at day 1672/1703, date = 31-Jul-2019
 Newton its= 3, linearizations= 4 (0.0sec), linear its=  1 (0.0sec)

Starting time step 1, stepsize 11.8616 days, at day 1677.93/1703, date = 05-Aug-2019
 Newton its=20, linearizations=21 (0.0sec), linear its=  1 (0.0sec)

Starting time step 2, stepsize 4.74464 days, at day 1689.79/1703, date = 17-Aug-2019
 Newton its= 2, linearizations= 3 (0.0sec), linear its=  0 (0.0sec)

Starting time step 3, stepsize 8.46298 days, at day 1694.54/1703, date = 22-Aug-2019

Warning: Keyword 'WELLS' is unhandled for output to restart file.
 Newton its= 1, linearizations= 2 (0.0sec), linear its=  1 (0.0sec)

                              **************************************************************************
  WELLS    AT      1703  DAYS *                 SPE1 - CASE 2                                          *
  REPORT   56    31 Aug 2019  *                                             Flow  version 2025.10-pre  *
                              **************************************************************************


======================================================= PRODUCTION REPORT =======================================================
:  WELL  : LOCATION  :CTRL:    OIL    :   WATER   :    GAS    :   FLUID   :   WATER   : GAS/OIL  :  WAT/GAS   : BHP OR : THP OR :
:  NAME  :  (I,J,K)  :MODE:   RATE    :   RATE    :   RATE    : RES.VOL.  :    CUT    :  RATIO   :   RATIO    :CON.PR. :BLK.PR. :
:        :           :    :  SCM/DAY  :  SCM/DAY  :  RCM/DAY  :  SCM/SCM  :  SCM/SCM  : SCM/SCM  :  SCM/SCM   : BARSA  : BARSA  :
=================================================================================================================================
:FIELD   :           :    :     1878.1:       -0.0:       -0.0:     2077.3:     -0.000:     -0.00:      0.0000:        :        :
:G1      :           :    :     1878.1:       -0.0:       -0.0:     2077.3:     -0.000:     -0.00:      0.0000:        :        :
:PROD    : 10, 10    : BHP:     1878.1:       -0.0:       -0.0:     2077.3:     -0.000:     -0.00:      0.0000:   245.0:     0.0:
:--------:-----------:----:-----------:-----------:-----------:-----------:-----------:----------:------------:--------:--------:

============================================= INJECTION REPORT ==============================================
:  WELL  : LOCATION  : CTRL : CTRL : CTRL :    OIL    :   WATER   :    GAS    :   FLUID   : BHP OR : THP OR :
:  NAME  :  (I,J,K)  : MODE : MODE : MODE :   RATE    :   RATE    :   RATE    : RES.VOL.  :CON.PR. :BLK.PR. :
:        :           : OIL  : WAT  : GAS  :  SCM/DAY  :  SCM/DAY  :  SCM/DAY  :  RCM/DAY  : BARSA  : BARSA  :
=============================================================================================================
:FIELD   :           :      :      :      :        0.0:     2000.0:        0.0:     2077.5:        :        :
:G1      :           :      :      :      :        0.0:     2000.0:        0.0:     2077.5:        :        :
:INJ     :  1,  1    :      :  WRAT:      :        0.0:     2000.0:        0.0:     2077.5:   272.1:     0.0:
:--------:-----------:------:------:------:-----------:-----------:-----------:-----------:--------:--------:

============================================== CUMULATIVE PRODUCTION/INJECTION TOTALS ==============================================
:  WELL  : LOCATION  :  WELL  :CTRL:    OIL    :   WATER   :    GAS    :   Prod    :    OIL    :   WATER   :    GAS    :    INJ    :
:  NAME  :  (I,J,K)  :  TYPE  :MODE:   PROD    :   PROD    :   PROD    : RES.VOL.  :    INJ    :    INJ    :    INJ    : RES.VOL.  :
:        :           :        :    :   MSCM    :   MSCM    :   MMSCM   :   MRCM    :   MSCM    :   MSCM    :   MMSCM   :   MRCM    :
====================================================================================================================================
:FIELD   :           :        :    :     1820.6:        0.0:        0.0:     2013.7:        0.0:     1946.0:        0.0:     2021.5:
:G1      :           :        :    :     1820.6:        0.0:        0.0:     2013.7:        0.0:     1946.0:        0.0:     2021.5:
:PROD    : 10, 10    :    PROD: BHP:     1820.6:        0.0:        0.0:     2013.7:        0.0:        0.0:        0.0:        0.0:
:INJ     :  1,  1    :     INJ:WRAT:        0.0:        0.0:        0.0:        0.0:        0.0:     1946.0:        0.0:     2021.5:
:--------:-----------:--------:----:-----------:-----------:-----------:-----------:-----------:-----------:-----------:-----------:


Report step 56/96 at day 1703/2920, date = 31-Aug-2019

Starting time step 0, stepsize 15 days, at day 1703/1733, date = 31-Aug-2019
Restart file written for report step 56/96, date = 31-Aug-2019 00:00:00
 Newton its=20, linearizations=21 (0.0sec), linear its=  1 (0.0sec)

Starting time step 1, stepsize 6 days, at day 1718/1733, date = 15-Sep-2019
 Newton its= 3, linearizations= 4 (0.0sec), linear its=  1 (0.0sec)

Starting time step 2, stepsize 9 days, at day 1724/1733, date = 21-Sep-2019

Warning: Keyword 'WELLS' is unhandled for output to restart file.
 Newton its= 1, linearizations= 2 (0.0sec), linear its=  1 (0.0sec)

                              **************************************************************************
  WELLS    AT      1733  DAYS *                 SPE1 - CASE 2                                          *
  REPORT   57    30 Sep 2019  *                                             Flow  version 2025.10-pre  *
                              **************************************************************************


======================================================= PRODUCTION REPORT =======================================================
:  WELL  : LOCATION  :CTRL:    OIL    :   WATER   :    GAS    :   FLUID   :   WATER   : GAS/OIL  :  WAT/GAS   : BHP OR : THP OR :
:  NAME  :  (I,J,K)  :MODE:   RATE    :   RATE    :   RATE    : RES.VOL.  :    CUT    :  RATIO   :   RATIO    :CON.PR. :BLK.PR. :
:        :           :    :  SCM/DAY  :  SCM/DAY  :  RCM/DAY  :  SCM/SCM  :  SCM/SCM  : SCM/SCM  :  SCM/SCM   : BARSA  : BARSA  :
=================================================================================================================================
:FIELD   :           :    :     1878.2:       -0.0:       -0.0:     2077.4:     -0.000:     -0.00:      0.0000:        :        :
:G1      :           :    :     1878.2:       -0.0:       -0.0:     2077.4:     -0.000:     -0.00:      0.0000:        :        :
:PROD    : 10, 10    : BHP:     1878.2:       -0.0:       -0.0:     2077.4:     -0.000:     -0.00:      0.0000:   245.0:     0.0:
:--------:-----------:----:-----------:-----------:-----------:-----------:-----------:----------:------------:--------:--------:

============================================= INJECTION REPORT ==============================================
:  WELL  : LOCATION  : CTRL : CTRL : CTRL :    OIL    :   WATER   :    GAS    :   FLUID   : BHP OR : THP OR :
:  NAME  :  (I,J,K)  : MODE : MODE : MODE :   RATE    :   RATE    :   RATE    : RES.VOL.  :CON.PR. :BLK.PR. :
:        :           : OIL  : WAT  : GAS  :  SCM/DAY  :  SCM/DAY  :  SCM/DAY  :  RCM/DAY  : BARSA  : BARSA  :
=============================================================================================================
:FIELD   :           :      :      :      :        0.0:     2000.0:        0.0:     2077.5:        :        :
:G1      :           :      :      :      :        0.0:     2000.0:        0.0:     2077.5:        :        :
:INJ     :  1,  1    :      :  WRAT:      :        0.0:     2000.0:        0.0:     2077.5:   272.1:     0.0:
:--------:-----------:------:------:------:-----------:-----------:-----------:-----------:--------:--------:

============================================== CUMULATIVE PRODUCTION/INJECTION TOTALS ==============================================
:  WELL  : LOCATION  :  WELL  :CTRL:    OIL    :   WATER   :    GAS    :   Prod    :    OIL    :   WATER   :    GAS    :    INJ    :
:  NAME  :  (I,J,K)  :  TYPE  :MODE:   PROD    :   PROD    :   PROD    : RES.VOL.  :    INJ    :    INJ    :    INJ    : RES.VOL.  :
:        :           :        :    :   MSCM    :   MSCM    :   MMSCM   :   MRCM    :   MSCM    :   MSCM    :   MMSCM   :   MRCM    :
====================================================================================================================================
:FIELD   :           :        :    :     1877.0:        0.0:        0.0:     2076.0:        0.0:     2006.0:        0.0:     2083.8:
:G1      :           :        :    :     1877.0:        0.0:        0.0:     2076.0:        0.0:     2006.0:        0.0:     2083.8:
:PROD    : 10, 10    :    PROD: BHP:     1877.0:        0.0:        0.0:     2076.0:        0.0:        0.0:        0.0:        0.0:
:INJ     :  1,  1    :     INJ:WRAT:        0.0:        0.0:        0.0:        0.0:        0.0:     2006.0:        0.0:     2083.8:
:--------:-----------:--------:----:-----------:-----------:-----------:-----------:-----------:-----------:-----------:-----------:


Report step 57/96 at day 1733/2920, date = 30-Sep-2019

Starting time step 0, stepsize 15.5 days, at day 1733/1764, date = 30-Sep-2019
    Oscillating behavior detected: Relaxation set to 0.900000
Restart file written for report step 57/96, date = 30-Sep-2019 00:00:00
    Oscillating behavior detected: Relaxation set to 0.800000
    Oscillating behavior detected: Relaxation set to 0.700000
    Oscillating behavior detected: Relaxation set to 0.600000
    Oscillating behavior detected: Relaxation set to 0.500000

Problem: Solver convergence failure - Iteration limit reached
Timestep chopped to 5.115 days


Starting time step 0, stepsize 5.115 days, at day 1733/1764, date = 30-Sep-2019
 Newton its= 2, linearizations= 3 (0.0sec), linear its=  0 (0.0sec)

Starting time step 1, stepsize 10.23 days, at day 1738.12/1764, date = 05-Oct-2019
 Newton its= 4, linearizations= 5 (0.0sec), linear its=  2 (0.0sec)

Starting time step 2, stepsize 15.655 days, at day 1748.35/1764, date = 15-Oct-2019

Warning: Keyword 'WELLS' is unhandled for output to restart file.
 Newton its= 3, linearizations= 4 (0.0sec), linear its=  2 (0.0sec)

                              **************************************************************************
  WELLS    AT      1764  DAYS *                 SPE1 - CASE 2                                          *
  REPORT   58    31 Oct 2019  *                                             Flow  version 2025.10-pre  *
                              **************************************************************************


======================================================= PRODUCTION REPORT =======================================================
:  WELL  : LOCATION  :CTRL:    OIL    :   WATER   :    GAS    :   FLUID   :   WATER   : GAS/OIL  :  WAT/GAS   : BHP OR : THP OR :
:  NAME  :  (I,J,K)  :MODE:   RATE    :   RATE    :   RATE    : RES.VOL.  :    CUT    :  RATIO   :   RATIO    :CON.PR. :BLK.PR. :
:        :           :    :  SCM/DAY  :  SCM/DAY  :  RCM/DAY  :  SCM/SCM  :  SCM/SCM  : SCM/SCM  :  SCM/SCM   : BARSA  : BARSA  :
=================================================================================================================================
:FIELD   :           :    :     1878.1:       -0.0:       -0.0:     2077.2:     -0.000:     -0.00:      0.0000:        :        :
:G1      :           :    :     1878.1:       -0.0:       -0.0:     2077.2:     -0.000:     -0.00:      0.0000:        :        :
:PROD    : 10, 10    : BHP:     1878.1:       -0.0:       -0.0:     2077.2:     -0.000:     -0.00:      0.0000:   245.0:     0.0:
:--------:-----------:----:-----------:-----------:-----------:-----------:-----------:----------:------------:--------:--------:

============================================= INJECTION REPORT ==============================================
:  WELL  : LOCATION  : CTRL : CTRL : CTRL :    OIL    :   WATER   :    GAS    :   FLUID   : BHP OR : THP OR :
:  NAME  :  (I,J,K)  : MODE : MODE : MODE :   RATE    :   RATE    :   RATE    : RES.VOL.  :CON.PR. :BLK.PR. :
:        :           : OIL  : WAT  : GAS  :  SCM/DAY  :  SCM/DAY  :  SCM/DAY  :  RCM/DAY  : BARSA  : BARSA  :
=============================================================================================================
:FIELD   :           :      :      :      :        0.0:     2000.0:        0.0:     2077.5:        :        :
:G1      :           :      :      :      :        0.0:     2000.0:        0.0:     2077.5:        :        :
:INJ     :  1,  1    :      :  WRAT:      :        0.0:     2000.0:        0.0:     2077.5:   272.1:     0.0:
:--------:-----------:------:------:------:-----------:-----------:-----------:-----------:--------:--------:

============================================== CUMULATIVE PRODUCTION/INJECTION TOTALS ==============================================
:  WELL  : LOCATION  :  WELL  :CTRL:    OIL    :   WATER   :    GAS    :   Prod    :    OIL    :   WATER   :    GAS    :    INJ    :
:  NAME  :  (I,J,K)  :  TYPE  :MODE:   PROD    :   PROD    :   PROD    : RES.VOL.  :    INJ    :    INJ    :    INJ    : RES.VOL.  :
:        :           :        :    :   MSCM    :   MSCM    :   MMSCM   :   MRCM    :   MSCM    :   MSCM    :   MMSCM   :   MRCM    :
====================================================================================================================================
:FIELD   :           :        :    :     1935.2:        0.0:        0.0:     2140.4:        0.0:     2068.0:        0.0:     2148.2:
:G1      :           :        :    :     1935.2:        0.0:        0.0:     2140.4:        0.0:     2068.0:        0.0:     2148.2:
:PROD    : 10, 10    :    PROD: BHP:     1935.2:        0.0:        0.0:     2140.4:        0.0:        0.0:        0.0:        0.0:
:INJ     :  1,  1    :     INJ:WRAT:        0.0:        0.0:        0.0:        0.0:        0.0:     2068.0:        0.0:     2148.2:
:--------:-----------:--------:----:-----------:-----------:-----------:-----------:-----------:-----------:-----------:-----------:


Report step 58/96 at day 1764/2920, date = 31-Oct-2019

Starting time step 0, stepsize 30 days, at day 1764/1794, date = 31-Oct-2019
Restart file written for report step 58/96, date = 31-Oct-2019 00:00:00

Warning: Keyword 'WELLS' is unhandled for output to restart file.
 Newton its=12, linearizations=13 (0.0sec), linear its=  7 (0.0sec)

                              **************************************************************************
  WELLS    AT      1794  DAYS *                 SPE1 - CASE 2                                          *
  REPORT   59    30 Nov 2019  *                                             Flow  version 2025.10-pre  *
                              **************************************************************************


======================================================= PRODUCTION REPORT =======================================================
:  WELL  : LOCATION  :CTRL:    OIL    :   WATER   :    GAS    :   FLUID   :   WATER   : GAS/OIL  :  WAT/GAS   : BHP OR : THP OR :
:  NAME  :  (I,J,K)  :MODE:   RATE    :   RATE    :   RATE    : RES.VOL.  :    CUT    :  RATIO   :   RATIO    :CON.PR. :BLK.PR. :
:        :           :    :  SCM/DAY  :  SCM/DAY  :  RCM/DAY  :  SCM/SCM  :  SCM/SCM  : SCM/SCM  :  SCM/SCM   : BARSA  : BARSA  :
=================================================================================================================================
:FIELD   :           :    :     1878.1:       -0.0:       -0.0:     2077.2:     -0.000:     -0.00:      0.0000:        :        :
:G1      :           :    :     1878.1:       -0.0:       -0.0:     2077.2:     -0.000:     -0.00:      0.0000:        :        :
:PROD    : 10, 10    : BHP:     1878.1:       -0.0:       -0.0:     2077.2:     -0.000:     -0.00:      0.0000:   245.0:     0.0:
:--------:-----------:----:-----------:-----------:-----------:-----------:-----------:----------:------------:--------:--------:

============================================= INJECTION REPORT ==============================================
:  WELL  : LOCATION  : CTRL : CTRL : CTRL :    OIL    :   WATER   :    GAS    :   FLUID   : BHP OR : THP OR :
:  NAME  :  (I,J,K)  : MODE : MODE : MODE :   RATE    :   RATE    :   RATE    : RES.VOL.  :CON.PR. :BLK.PR. :
:        :           : OIL  : WAT  : GAS  :  SCM/DAY  :  SCM/DAY  :  SCM/DAY  :  RCM/DAY  : BARSA  : BARSA  :
=============================================================================================================
:FIELD   :           :      :      :      :        0.0:     2000.0:        0.0:     2077.5:        :        :
:G1      :           :      :      :      :        0.0:     2000.0:        0.0:     2077.5:        :        :
:INJ     :  1,  1    :      :  WRAT:      :        0.0:     2000.0:        0.0:     2077.5:   272.1:     0.0:
:--------:-----------:------:------:------:-----------:-----------:-----------:-----------:--------:--------:

============================================== CUMULATIVE PRODUCTION/INJECTION TOTALS ==============================================
:  WELL  : LOCATION  :  WELL  :CTRL:    OIL    :   WATER   :    GAS    :   Prod    :    OIL    :   WATER   :    GAS    :    INJ    :
:  NAME  :  (I,J,K)  :  TYPE  :MODE:   PROD    :   PROD    :   PROD    : RES.VOL.  :    INJ    :    INJ    :    INJ    : RES.VOL.  :
:        :           :        :    :   MSCM    :   MSCM    :   MMSCM   :   MRCM    :   MSCM    :   MSCM    :   MMSCM   :   MRCM    :
====================================================================================================================================
:FIELD   :           :        :    :     1991.5:        0.0:        0.0:     2202.7:        0.0:     2128.0:        0.0:     2210.5:
:G1      :           :        :    :     1991.5:        0.0:        0.0:     2202.7:        0.0:     2128.0:        0.0:     2210.5:
:PROD    : 10, 10    :    PROD: BHP:     1991.5:        0.0:        0.0:     2202.7:        0.0:        0.0:        0.0:        0.0:
:INJ     :  1,  1    :     INJ:WRAT:        0.0:        0.0:        0.0:        0.0:        0.0:     2128.0:        0.0:     2210.5:
:--------:-----------:--------:----:-----------:-----------:-----------:-----------:-----------:-----------:-----------:-----------:


Report step 59/96 at day 1794/2920, date = 30-Nov-2019

Starting time step 0, stepsize 20 days, at day 1794/1825, date = 30-Nov-2019
 Newton its= 3, linearizations= 4 (0.0sec), linear its=  1 (0.0sec)
Restart file written for report step 59/96, date = 30-Nov-2019 00:00:00

Starting time step 1, stepsize 11 days, at day 1814/1825, date = 20-Dec-2019

Warning: Keyword 'WELLS' is unhandled for output to restart file.
 Newton its= 3, linearizations= 4 (0.0sec), linear its=  1 (0.0sec)

                              **************************************************************************
  WELLS    AT      1825  DAYS *                 SPE1 - CASE 2                                          *
  REPORT   60    31 Dec 2019  *                                             Flow  version 2025.10-pre  *
                              **************************************************************************


======================================================= PRODUCTION REPORT =======================================================
:  WELL  : LOCATION  :CTRL:    OIL    :   WATER   :    GAS    :   FLUID   :   WATER   : GAS/OIL  :  WAT/GAS   : BHP OR : THP OR :
:  NAME  :  (I,J,K)  :MODE:   RATE    :   RATE    :   RATE    : RES.VOL.  :    CUT    :  RATIO   :   RATIO    :CON.PR. :BLK.PR. :
:        :           :    :  SCM/DAY  :  SCM/DAY  :  RCM/DAY  :  SCM/SCM  :  SCM/SCM  : SCM/SCM  :  SCM/SCM   : BARSA  : BARSA  :
=================================================================================================================================
:FIELD   :           :    :     1878.0:       -0.0:       -0.0:     2077.2:     -0.000:     -0.00:      0.0000:        :        :
:G1      :           :    :     1878.0:       -0.0:       -0.0:     2077.2:     -0.000:     -0.00:      0.0000:        :        :
:PROD    : 10, 10    : BHP:     1878.0:       -0.0:       -0.0:     2077.2:     -0.000:     -0.00:      0.0000:   245.0:     0.0:
:--------:-----------:----:-----------:-----------:-----------:-----------:-----------:----------:------------:--------:--------:

============================================= INJECTION REPORT ==============================================
:  WELL  : LOCATION  : CTRL : CTRL : CTRL :    OIL    :   WATER   :    GAS    :   FLUID   : BHP OR : THP OR :
:  NAME  :  (I,J,K)  : MODE : MODE : MODE :   RATE    :   RATE    :   RATE    : RES.VOL.  :CON.PR. :BLK.PR. :
:        :           : OIL  : WAT  : GAS  :  SCM/DAY  :  SCM/DAY  :  SCM/DAY  :  RCM/DAY  : BARSA  : BARSA  :
=============================================================================================================
:FIELD   :           :      :      :      :        0.0:     2000.0:        0.0:     2077.5:        :        :
:G1      :           :      :      :      :        0.0:     2000.0:        0.0:     2077.5:        :        :
:INJ     :  1,  1    :      :  WRAT:      :        0.0:     2000.0:        0.0:     2077.5:   272.1:     0.0:
:--------:-----------:------:------:------:-----------:-----------:-----------:-----------:--------:--------:

============================================== CUMULATIVE PRODUCTION/INJECTION TOTALS ==============================================
:  WELL  : LOCATION  :  WELL  :CTRL:    OIL    :   WATER   :    GAS    :   Prod    :    OIL    :   WATER   :    GAS    :    INJ    :
:  NAME  :  (I,J,K)  :  TYPE  :MODE:   PROD    :   PROD    :   PROD    : RES.VOL.  :    INJ    :    INJ    :    INJ    : RES.VOL.  :
:        :           :        :    :   MSCM    :   MSCM    :   MMSCM   :   MRCM    :   MSCM    :   MSCM    :   MMSCM   :   MRCM    :
====================================================================================================================================
:FIELD   :           :        :    :     2049.7:        0.0:        0.0:     2267.1:        0.0:     2190.0:        0.0:     2274.9:
:G1      :           :        :    :     2049.7:        0.0:        0.0:     2267.1:        0.0:     2190.0:        0.0:     2274.9:
:PROD    : 10, 10    :    PROD: BHP:     2049.7:        0.0:        0.0:     2267.1:        0.0:        0.0:        0.0:        0.0:
:INJ     :  1,  1    :     INJ:WRAT:        0.0:        0.0:        0.0:        0.0:        0.0:     2190.0:        0.0:     2274.9:
:--------:-----------:--------:----:-----------:-----------:-----------:-----------:-----------:-----------:-----------:-----------:


Report step 60/96 at day 1825/2920, date = 31-Dec-2019

Starting time step 0, stepsize 31 days, at day 1825/1856, date = 31-Dec-2019
Restart file written for report step 60/96, date = 31-Dec-2019 00:00:00

Problem: Solver convergence failure - Iteration limit reached
Timestep chopped to 10.23 days


Starting time step 0, stepsize 10.23 days, at day 1825/1856, date = 31-Dec-2019
 Newton its= 2, linearizations= 3 (0.0sec), linear its=  1 (0.0sec)

Starting time step 1, stepsize 4.69462 days, at day 1835.23/1856, date = 10-Jan-2020
 Newton its= 1, linearizations= 2 (0.0sec), linear its=  0 (0.0sec)

Starting time step 2, stepsize 8.03769 days, at day 1839.92/1856, date = 14-Jan-2020
 Newton its= 1, linearizations= 2 (0.0sec), linear its=  0 (0.0sec)

Starting time step 3, stepsize 8.03769 days, at day 1847.96/1856, date = 22-Jan-2020

Warning: Keyword 'WELLS' is unhandled for output to restart file.
 Newton its= 1, linearizations= 2 (0.0sec), linear its=  0 (0.0sec)

                              **************************************************************************
  WELLS    AT      1856  DAYS *                 SPE1 - CASE 2                                          *
  REPORT   61    31 Jan 2020  *                                             Flow  version 2025.10-pre  *
                              **************************************************************************


======================================================= PRODUCTION REPORT =======================================================
:  WELL  : LOCATION  :CTRL:    OIL    :   WATER   :    GAS    :   FLUID   :   WATER   : GAS/OIL  :  WAT/GAS   : BHP OR : THP OR :
:  NAME  :  (I,J,K)  :MODE:   RATE    :   RATE    :   RATE    : RES.VOL.  :    CUT    :  RATIO   :   RATIO    :CON.PR. :BLK.PR. :
:        :           :    :  SCM/DAY  :  SCM/DAY  :  RCM/DAY  :  SCM/SCM  :  SCM/SCM  : SCM/SCM  :  SCM/SCM   : BARSA  : BARSA  :
=================================================================================================================================
:FIELD   :           :    :       51.0:       -0.0:       -0.0:       56.4:     -0.000:     -0.00:      0.0000:        :        :
:G1      :           :    :       51.0:       -0.0:       -0.0:       56.4:     -0.000:     -0.00:      0.0000:        :        :
:PROD    : 10, 10    : BHP:       51.0:       -0.0:       -0.0:       56.4:     -0.000:     -0.00:      0.0000:   245.0:     0.0:
:--------:-----------:----:-----------:-----------:-----------:-----------:-----------:----------:------------:--------:--------:

============================================= INJECTION REPORT ==============================================
:  WELL  : LOCATION  : CTRL : CTRL : CTRL :    OIL    :   WATER   :    GAS    :   FLUID   : BHP OR : THP OR :
:  NAME  :  (I,J,K)  : MODE : MODE : MODE :   RATE    :   RATE    :   RATE    : RES.VOL.  :CON.PR. :BLK.PR. :
:        :           : OIL  : WAT  : GAS  :  SCM/DAY  :  SCM/DAY  :  SCM/DAY  :  RCM/DAY  : BARSA  : BARSA  :
=============================================================================================================
:FIELD   :           :      :      :      :        0.0:        0.0:        0.0:        0.0:        :        :
:G1      :           :      :      :      :        0.0:        0.0:        0.0:        0.0:        :        :
:INJ     :  1,  1    :      :  WRAT:      :        0.0:        0.0:        0.0:        0.0:     0.0:     0.0:
:--------:-----------:------:------:------:-----------:-----------:-----------:-----------:--------:--------:

============================================== CUMULATIVE PRODUCTION/INJECTION TOTALS ==============================================
:  WELL  : LOCATION  :  WELL  :CTRL:    OIL    :   WATER   :    GAS    :   Prod    :    OIL    :   WATER   :    GAS    :    INJ    :
:  NAME  :  (I,J,K)  :  TYPE  :MODE:   PROD    :   PROD    :   PROD    : RES.VOL.  :    INJ    :    INJ    :    INJ    : RES.VOL.  :
:        :           :        :    :   MSCM    :   MSCM    :   MMSCM   :   MRCM    :   MSCM    :   MSCM    :   MMSCM   :   MRCM    :
====================================================================================================================================
:FIELD   :           :        :    :     2059.5:        0.0:        0.0:     2277.9:        0.0:     2190.0:        0.0:     2274.9:
:G1      :           :        :    :     2059.5:        0.0:        0.0:     2277.9:        0.0:     2190.0:        0.0:     2274.9:
:PROD    : 10, 10    :    PROD: BHP:     2059.5:        0.0:        0.0:     2277.9:        0.0:        0.0:        0.0:        0.0:
:INJ     :  1,  1    :     INJ:WRAT:        0.0:        0.0:        0.0:        0.0:        0.0:     2190.0:        0.0:     2274.9:
:--------:-----------:--------:----:-----------:-----------:-----------:-----------:-----------:-----------:-----------:-----------:


Report step 61/96 at day 1856/2920, date = 31-Jan-2020

Starting time step 0, stepsize 14 days, at day 1856/1884, date = 31-Jan-2020
 Newton its= 2, linearizations= 3 (0.0sec), linear its=  1 (0.0sec)
Restart file written for report step 61/96, date = 31-Jan-2020 00:00:00

Starting time step 1, stepsize 14 days, at day 1870/1884, date = 14-Feb-2020

Warning: Keyword 'WELLS' is unhandled for output to restart file.
 Newton its= 1, linearizations= 2 (0.0sec), linear its=  1 (0.0sec)

                              **************************************************************************
  WELLS    AT      1884  DAYS *                 SPE1 - CASE 2                                          *
  REPORT   62    28 Feb 2020  *                                             Flow  version 2025.10-pre  *
                              **************************************************************************


======================================================= PRODUCTION REPORT =======================================================
:  WELL  : LOCATION  :CTRL:    OIL    :   WATER   :    GAS    :   FLUID   :   WATER   : GAS/OIL  :  WAT/GAS   : BHP OR : THP OR :
:  NAME  :  (I,J,K)  :MODE:   RATE    :   RATE    :   RATE    : RES.VOL.  :    CUT    :  RATIO   :   RATIO    :CON.PR. :BLK.PR. :
:        :           :    :  SCM/DAY  :  SCM/DAY  :  RCM/DAY  :  SCM/SCM  :  SCM/SCM  : SCM/SCM  :  SCM/SCM   : BARSA  : BARSA  :
=================================================================================================================================
:FIELD   :           :    :        3.6:       -0.0:       -0.0:        4.0:     -0.000:     -0.00:      0.0000:        :        :
:G1      :           :    :        3.6:       -0.0:       -0.0:        4.0:     -0.000:     -0.00:      0.0000:        :        :
:PROD    : 10, 10    : BHP:        3.6:       -0.0:       -0.0:        4.0:     -0.000:     -0.00:      0.0000:   245.0:     0.0:
:--------:-----------:----:-----------:-----------:-----------:-----------:-----------:----------:------------:--------:--------:

============================================= INJECTION REPORT ==============================================
:  WELL  : LOCATION  : CTRL : CTRL : CTRL :    OIL    :   WATER   :    GAS    :   FLUID   : BHP OR : THP OR :
:  NAME  :  (I,J,K)  : MODE : MODE : MODE :   RATE    :   RATE    :   RATE    : RES.VOL.  :CON.PR. :BLK.PR. :
:        :           : OIL  : WAT  : GAS  :  SCM/DAY  :  SCM/DAY  :  SCM/DAY  :  RCM/DAY  : BARSA  : BARSA  :
=============================================================================================================
:FIELD   :           :      :      :      :        0.0:        0.0:        0.0:        0.0:        :        :
:G1      :           :      :      :      :        0.0:        0.0:        0.0:        0.0:        :        :
:INJ     :  1,  1    :      :  WRAT:      :        0.0:        0.0:        0.0:        0.0:     0.0:     0.0:
:--------:-----------:------:------:------:-----------:-----------:-----------:-----------:--------:--------:

============================================== CUMULATIVE PRODUCTION/INJECTION TOTALS ==============================================
:  WELL  : LOCATION  :  WELL  :CTRL:    OIL    :   WATER   :    GAS    :   Prod    :    OIL    :   WATER   :    GAS    :    INJ    :
:  NAME  :  (I,J,K)  :  TYPE  :MODE:   PROD    :   PROD    :   PROD    : RES.VOL.  :    INJ    :    INJ    :    INJ    : RES.VOL.  :
:        :           :        :    :   MSCM    :   MSCM    :   MMSCM   :   MRCM    :   MSCM    :   MSCM    :   MMSCM   :   MRCM    :
====================================================================================================================================
:FIELD   :           :        :    :     2059.8:        0.0:        0.0:     2278.2:        0.0:     2190.0:        0.0:     2274.9:
:G1      :           :        :    :     2059.8:        0.0:        0.0:     2278.2:        0.0:     2190.0:        0.0:     2274.9:
:PROD    : 10, 10    :    PROD: BHP:     2059.8:        0.0:        0.0:     2278.2:        0.0:        0.0:        0.0:        0.0:
:INJ     :  1,  1    :     INJ:WRAT:        0.0:        0.0:        0.0:        0.0:        0.0:     2190.0:        0.0:     2274.9:
:--------:-----------:--------:----:-----------:-----------:-----------:-----------:-----------:-----------:-----------:-----------:


Report step 62/96 at day 1884/2920, date = 28-Feb-2020

Starting time step 0, stepsize 31 days, at day 1884/1915, date = 28-Feb-2020

Warning: Keyword 'WELLS' is unhandled for output to restart file.
 Newton its= 1, linearizations= 2 (0.0sec), linear its=  1 (0.0sec)
Restart file written for report step 62/96, date = 28-Feb-2020 00:00:00

                              **************************************************************************
  WELLS    AT      1915  DAYS *                 SPE1 - CASE 2                                          *
  REPORT   63    30 Mar 2020  *                                             Flow  version 2025.10-pre  *
                              **************************************************************************


======================================================= PRODUCTION REPORT =======================================================
:  WELL  : LOCATION  :CTRL:    OIL    :   WATER   :    GAS    :   FLUID   :   WATER   : GAS/OIL  :  WAT/GAS   : BHP OR : THP OR :
:  NAME  :  (I,J,K)  :MODE:   RATE    :   RATE    :   RATE    : RES.VOL.  :    CUT    :  RATIO   :   RATIO    :CON.PR. :BLK.PR. :
:        :           :    :  SCM/DAY  :  SCM/DAY  :  RCM/DAY  :  SCM/SCM  :  SCM/SCM  : SCM/SCM  :  SCM/SCM   : BARSA  : BARSA  :
=================================================================================================================================
:FIELD   :           :    :        0.5:       -0.0:       -0.0:        0.6:     -0.000:     -0.00:      0.0000:        :        :
:G1      :           :    :        0.5:       -0.0:       -0.0:        0.6:     -0.000:     -0.00:      0.0000:        :        :
:PROD    : 10, 10    : BHP:        0.5:       -0.0:       -0.0:        0.6:     -0.000:     -0.00:      0.0000:   245.0:     0.0:
:--------:-----------:----:-----------:-----------:-----------:-----------:-----------:----------:------------:--------:--------:

============================================= INJECTION REPORT ==============================================
:  WELL  : LOCATION  : CTRL : CTRL : CTRL :    OIL    :   WATER   :    GAS    :   FLUID   : BHP OR : THP OR :
:  NAME  :  (I,J,K)  : MODE : MODE : MODE :   RATE    :   RATE    :   RATE    : RES.VOL.  :CON.PR. :BLK.PR. :
:        :           : OIL  : WAT  : GAS  :  SCM/DAY  :  SCM/DAY  :  SCM/DAY  :  RCM/DAY  : BARSA  : BARSA  :
=============================================================================================================
:FIELD   :           :      :      :      :        0.0:        0.0:        0.0:        0.0:        :        :
:G1      :           :      :      :      :        0.0:        0.0:        0.0:        0.0:        :        :
:INJ     :  1,  1    :      :  WRAT:      :        0.0:        0.0:        0.0:        0.0:     0.0:     0.0:
:--------:-----------:------:------:------:-----------:-----------:-----------:-----------:--------:--------:

============================================== CUMULATIVE PRODUCTION/INJECTION TOTALS ==============================================
:  WELL  : LOCATION  :  WELL  :CTRL:    OIL    :   WATER   :    GAS    :   Prod    :    OIL    :   WATER   :    GAS    :    INJ    :
:  NAME  :  (I,J,K)  :  TYPE  :MODE:   PROD    :   PROD    :   PROD    : RES.VOL.  :    INJ    :    INJ    :    INJ    : RES.VOL.  :
:        :           :        :    :   MSCM    :   MSCM    :   MMSCM   :   MRCM    :   MSCM    :   MSCM    :   MMSCM   :   MRCM    :
====================================================================================================================================
:FIELD   :           :        :    :     2059.8:        0.0:        0.0:     2278.2:        0.0:     2190.0:        0.0:     2274.9:
:G1      :           :        :    :     2059.8:        0.0:        0.0:     2278.2:        0.0:     2190.0:        0.0:     2274.9:
:PROD    : 10, 10    :    PROD: BHP:     2059.8:        0.0:        0.0:     2278.2:        0.0:        0.0:        0.0:        0.0:
:INJ     :  1,  1    :     INJ:WRAT:        0.0:        0.0:        0.0:        0.0:        0.0:     2190.0:        0.0:     2274.9:
:--------:-----------:--------:----:-----------:-----------:-----------:-----------:-----------:-----------:-----------:-----------:


Report step 63/96 at day 1915/2920, date = 30-Mar-2020

Starting time step 0, stepsize 30 days, at day 1915/1945, date = 30-Mar-2020

Warning: Keyword 'WELLS' is unhandled for output to restart file.
 Newton its= 4, linearizations= 5 (0.0sec), linear its=  1 (0.0sec)
Restart file written for report step 63/96, date = 30-Mar-2020 00:00:00

                              **************************************************************************
  WELLS    AT      1945  DAYS *                 SPE1 - CASE 2                                          *
  REPORT   64    29 Apr 2020  *                                             Flow  version 2025.10-pre  *
                              **************************************************************************


======================================================= PRODUCTION REPORT =======================================================
:  WELL  : LOCATION  :CTRL:    OIL    :   WATER   :    GAS    :   FLUID   :   WATER   : GAS/OIL  :  WAT/GAS   : BHP OR : THP OR :
:  NAME  :  (I,J,K)  :MODE:   RATE    :   RATE    :   RATE    : RES.VOL.  :    CUT    :  RATIO   :   RATIO    :CON.PR. :BLK.PR. :
:        :           :    :  SCM/DAY  :  SCM/DAY  :  RCM/DAY  :  SCM/SCM  :  SCM/SCM  : SCM/SCM  :  SCM/SCM   : BARSA  : BARSA  :
=================================================================================================================================
:FIELD   :           :    :        0.1:       -0.0:       -0.0:        0.1:     -0.000:     -0.00:      0.0000:        :        :
:G1      :           :    :        0.1:       -0.0:       -0.0:        0.1:     -0.000:     -0.00:      0.0000:        :        :
:PROD    : 10, 10    : BHP:        0.1:       -0.0:       -0.0:        0.1:     -0.000:     -0.00:      0.0000:   245.0:     0.0:
:--------:-----------:----:-----------:-----------:-----------:-----------:-----------:----------:------------:--------:--------:

============================================= INJECTION REPORT ==============================================
:  WELL  : LOCATION  : CTRL : CTRL : CTRL :    OIL    :   WATER   :    GAS    :   FLUID   : BHP OR : THP OR :
:  NAME  :  (I,J,K)  : MODE : MODE : MODE :   RATE    :   RATE    :   RATE    : RES.VOL.  :CON.PR. :BLK.PR. :
:        :           : OIL  : WAT  : GAS  :  SCM/DAY  :  SCM/DAY  :  SCM/DAY  :  RCM/DAY  : BARSA  : BARSA  :
=============================================================================================================
:FIELD   :           :      :      :      :        0.0:        0.0:        0.0:        0.0:        :        :
:G1      :           :      :      :      :        0.0:        0.0:        0.0:        0.0:        :        :
:INJ     :  1,  1    :      :  WRAT:      :        0.0:        0.0:        0.0:        0.0:     0.0:     0.0:
:--------:-----------:------:------:------:-----------:-----------:-----------:-----------:--------:--------:

============================================== CUMULATIVE PRODUCTION/INJECTION TOTALS ==============================================
:  WELL  : LOCATION  :  WELL  :CTRL:    OIL    :   WATER   :    GAS    :   Prod    :    OIL    :   WATER   :    GAS    :    INJ    :
:  NAME  :  (I,J,K)  :  TYPE  :MODE:   PROD    :   PROD    :   PROD    : RES.VOL.  :    INJ    :    INJ    :    INJ    : RES.VOL.  :
:        :           :        :    :   MSCM    :   MSCM    :   MMSCM   :   MRCM    :   MSCM    :   MSCM    :   MMSCM   :   MRCM    :
====================================================================================================================================
:FIELD   :           :        :    :     2059.8:        0.0:        0.0:     2278.2:        0.0:     2190.0:        0.0:     2274.9:
:G1      :           :        :    :     2059.8:        0.0:        0.0:     2278.2:        0.0:     2190.0:        0.0:     2274.9:
:PROD    : 10, 10    :    PROD: BHP:     2059.8:        0.0:        0.0:     2278.2:        0.0:        0.0:        0.0:        0.0:
:INJ     :  1,  1    :     INJ:WRAT:        0.0:        0.0:        0.0:        0.0:        0.0:     2190.0:        0.0:     2274.9:
:--------:-----------:--------:----:-----------:-----------:-----------:-----------:-----------:-----------:-----------:-----------:


Report step 64/96 at day 1945/2920, date = 29-Apr-2020

Starting time step 0, stepsize 31 days, at day 1945/1976, date = 29-Apr-2020
Well PROD will be shut as it can not operate under current reservoir conditions.

Warning: Keyword 'WELLS' is unhandled for output to restart file.
 Newton its= 2, linearizations= 3 (0.0sec), linear its=  1 (0.0sec)
Restart file written for report step 64/96, date = 29-Apr-2020 00:00:00

                              **************************************************************************
  WELLS    AT      1976  DAYS *                 SPE1 - CASE 2                                          *
  REPORT   65    30 May 2020  *                                             Flow  version 2025.10-pre  *
                              **************************************************************************


======================================================= PRODUCTION REPORT =======================================================
:  WELL  : LOCATION  :CTRL:    OIL    :   WATER   :    GAS    :   FLUID   :   WATER   : GAS/OIL  :  WAT/GAS   : BHP OR : THP OR :
:  NAME  :  (I,J,K)  :MODE:   RATE    :   RATE    :   RATE    : RES.VOL.  :    CUT    :  RATIO   :   RATIO    :CON.PR. :BLK.PR. :
:        :           :    :  SCM/DAY  :  SCM/DAY  :  RCM/DAY  :  SCM/SCM  :  SCM/SCM  : SCM/SCM  :  SCM/SCM   : BARSA  : BARSA  :
=================================================================================================================================
:FIELD   :           :    :       -0.0:       -0.0:       -0.0:       -0.0:      0.000:      0.00:      0.0000:        :        :
:G1      :           :    :       -0.0:       -0.0:       -0.0:       -0.0:      0.000:      0.00:      0.0000:        :        :
:PROD    : 10, 10    : BHP:       -0.0:       -0.0:       -0.0:       -0.0:      0.000:      0.00:      0.0000:   245.0:     0.0:
:--------:-----------:----:-----------:-----------:-----------:-----------:-----------:----------:------------:--------:--------:

============================================= INJECTION REPORT ==============================================
:  WELL  : LOCATION  : CTRL : CTRL : CTRL :    OIL    :   WATER   :    GAS    :   FLUID   : BHP OR : THP OR :
:  NAME  :  (I,J,K)  : MODE : MODE : MODE :   RATE    :   RATE    :   RATE    : RES.VOL.  :CON.PR. :BLK.PR. :
:        :           : OIL  : WAT  : GAS  :  SCM/DAY  :  SCM/DAY  :  SCM/DAY  :  RCM/DAY  : BARSA  : BARSA  :
=============================================================================================================
:FIELD   :           :      :      :      :        0.0:        0.0:        0.0:        0.0:        :        :
:G1      :           :      :      :      :        0.0:        0.0:        0.0:        0.0:        :        :
:INJ     :  1,  1    :      :  WRAT:      :        0.0:        0.0:        0.0:        0.0:     0.0:     0.0:
:--------:-----------:------:------:------:-----------:-----------:-----------:-----------:--------:--------:

============================================== CUMULATIVE PRODUCTION/INJECTION TOTALS ==============================================
:  WELL  : LOCATION  :  WELL  :CTRL:    OIL    :   WATER   :    GAS    :   Prod    :    OIL    :   WATER   :    GAS    :    INJ    :
:  NAME  :  (I,J,K)  :  TYPE  :MODE:   PROD    :   PROD    :   PROD    : RES.VOL.  :    INJ    :    INJ    :    INJ    : RES.VOL.  :
:        :           :        :    :   MSCM    :   MSCM    :   MMSCM   :   MRCM    :   MSCM    :   MSCM    :   MMSCM   :   MRCM    :
====================================================================================================================================
:FIELD   :           :        :    :     2059.8:        0.0:        0.0:     2278.2:        0.0:     2190.0:        0.0:     2274.9:
:G1      :           :        :    :     2059.8:        0.0:        0.0:     2278.2:        0.0:     2190.0:        0.0:     2274.9:
:PROD    : 10, 10    :    PROD: BHP:     2059.8:        0.0:        0.0:     2278.2:        0.0:        0.0:        0.0:        0.0:
:INJ     :  1,  1    :     INJ:WRAT:        0.0:        0.0:        0.0:        0.0:        0.0:     2190.0:        0.0:     2274.9:
:--------:-----------:--------:----:-----------:-----------:-----------:-----------:-----------:-----------:-----------:-----------:


Report step 65/96 at day 1976/2920, date = 30-May-2020

Starting time step 0, stepsize 30 days, at day 1976/2006, date = 30-May-2020

Warning: Keyword 'WELLS' is unhandled for output to restart file.
 Newton its= 1, linearizations= 2 (0.0sec), linear its=  1 (0.0sec)
Restart file written for report step 65/96, date = 30-May-2020 00:00:00

                              **************************************************************************
  WELLS    AT      2006  DAYS *                 SPE1 - CASE 2                                          *
  REPORT   66    29 Jun 2020  *                                             Flow  version 2025.10-pre  *
                              **************************************************************************


======================================================= PRODUCTION REPORT =======================================================
:  WELL  : LOCATION  :CTRL:    OIL    :   WATER   :    GAS    :   FLUID   :   WATER   : GAS/OIL  :  WAT/GAS   : BHP OR : THP OR :
:  NAME  :  (I,J,K)  :MODE:   RATE    :   RATE    :   RATE    : RES.VOL.  :    CUT    :  RATIO   :   RATIO    :CON.PR. :BLK.PR. :
:        :           :    :  SCM/DAY  :  SCM/DAY  :  RCM/DAY  :  SCM/SCM  :  SCM/SCM  : SCM/SCM  :  SCM/SCM   : BARSA  : BARSA  :
=================================================================================================================================
:FIELD   :           :    :       -0.0:       -0.0:       -0.0:       -0.0:      0.000:      0.00:      0.0000:        :        :
:G1      :           :    :       -0.0:       -0.0:       -0.0:       -0.0:      0.000:      0.00:      0.0000:        :        :
:PROD    : 10, 10    : BHP:       -0.0:       -0.0:       -0.0:       -0.0:      0.000:      0.00:      0.0000:     0.0:     0.0:
:--------:-----------:----:-----------:-----------:-----------:-----------:-----------:----------:------------:--------:--------:

============================================= INJECTION REPORT ==============================================
:  WELL  : LOCATION  : CTRL : CTRL : CTRL :    OIL    :   WATER   :    GAS    :   FLUID   : BHP OR : THP OR :
:  NAME  :  (I,J,K)  : MODE : MODE : MODE :   RATE    :   RATE    :   RATE    : RES.VOL.  :CON.PR. :BLK.PR. :
:        :           : OIL  : WAT  : GAS  :  SCM/DAY  :  SCM/DAY  :  SCM/DAY  :  RCM/DAY  : BARSA  : BARSA  :
=============================================================================================================
:FIELD   :           :      :      :      :        0.0:        0.0:        0.0:        0.0:        :        :
:G1      :           :      :      :      :        0.0:        0.0:        0.0:        0.0:        :        :
:INJ     :  1,  1    :      :  WRAT:      :        0.0:        0.0:        0.0:        0.0:     0.0:     0.0:
:--------:-----------:------:------:------:-----------:-----------:-----------:-----------:--------:--------:

============================================== CUMULATIVE PRODUCTION/INJECTION TOTALS ==============================================
:  WELL  : LOCATION  :  WELL  :CTRL:    OIL    :   WATER   :    GAS    :   Prod    :    OIL    :   WATER   :    GAS    :    INJ    :
:  NAME  :  (I,J,K)  :  TYPE  :MODE:   PROD    :   PROD    :   PROD    : RES.VOL.  :    INJ    :    INJ    :    INJ    : RES.VOL.  :
:        :           :        :    :   MSCM    :   MSCM    :   MMSCM   :   MRCM    :   MSCM    :   MSCM    :   MMSCM   :   MRCM    :
====================================================================================================================================
:FIELD   :           :        :    :     2059.8:        0.0:        0.0:     2278.2:        0.0:     2190.0:        0.0:     2274.9:
:G1      :           :        :    :     2059.8:        0.0:        0.0:     2278.2:        0.0:     2190.0:        0.0:     2274.9:
:PROD    : 10, 10    :    PROD: BHP:     2059.8:        0.0:        0.0:     2278.2:        0.0:        0.0:        0.0:        0.0:
:INJ     :  1,  1    :     INJ:WRAT:        0.0:        0.0:        0.0:        0.0:        0.0:     2190.0:        0.0:     2274.9:
:--------:-----------:--------:----:-----------:-----------:-----------:-----------:-----------:-----------:-----------:-----------:


Report step 66/96 at day 2006/2920, date = 29-Jun-2020

Starting time step 0, stepsize 31 days, at day 2006/2037, date = 29-Jun-2020

Warning: Keyword 'WELLS' is unhandled for output to restart file.
 Newton its= 2, linearizations= 3 (0.0sec), linear its=  1 (0.0sec)
Restart file written for report step 66/96, date = 29-Jun-2020 00:00:00

                              **************************************************************************
  WELLS    AT      2037  DAYS *                 SPE1 - CASE 2                                          *
  REPORT   67    30 Jul 2020  *                                             Flow  version 2025.10-pre  *
                              **************************************************************************


======================================================= PRODUCTION REPORT =======================================================
:  WELL  : LOCATION  :CTRL:    OIL    :   WATER   :    GAS    :   FLUID   :   WATER   : GAS/OIL  :  WAT/GAS   : BHP OR : THP OR :
:  NAME  :  (I,J,K)  :MODE:   RATE    :   RATE    :   RATE    : RES.VOL.  :    CUT    :  RATIO   :   RATIO    :CON.PR. :BLK.PR. :
:        :           :    :  SCM/DAY  :  SCM/DAY  :  RCM/DAY  :  SCM/SCM  :  SCM/SCM  : SCM/SCM  :  SCM/SCM   : BARSA  : BARSA  :
=================================================================================================================================
:FIELD   :           :    :       -0.0:       -0.0:       -0.0:       -0.0:      0.000:      0.00:      0.0000:        :        :
:G1      :           :    :       -0.0:       -0.0:       -0.0:       -0.0:      0.000:      0.00:      0.0000:        :        :
:PROD    : 10, 10    : BHP:       -0.0:       -0.0:       -0.0:       -0.0:      0.000:      0.00:      0.0000:     0.0:     0.0:
:--------:-----------:----:-----------:-----------:-----------:-----------:-----------:----------:------------:--------:--------:

============================================= INJECTION REPORT ==============================================
:  WELL  : LOCATION  : CTRL : CTRL : CTRL :    OIL    :   WATER   :    GAS    :   FLUID   : BHP OR : THP OR :
:  NAME  :  (I,J,K)  : MODE : MODE : MODE :   RATE    :   RATE    :   RATE    : RES.VOL.  :CON.PR. :BLK.PR. :
:        :           : OIL  : WAT  : GAS  :  SCM/DAY  :  SCM/DAY  :  SCM/DAY  :  RCM/DAY  : BARSA  : BARSA  :
=============================================================================================================
:FIELD   :           :      :      :      :        0.0:        0.0:        0.0:        0.0:        :        :
:G1      :           :      :      :      :        0.0:        0.0:        0.0:        0.0:        :        :
:INJ     :  1,  1    :      :  WRAT:      :        0.0:        0.0:        0.0:        0.0:     0.0:     0.0:
:--------:-----------:------:------:------:-----------:-----------:-----------:-----------:--------:--------:

============================================== CUMULATIVE PRODUCTION/INJECTION TOTALS ==============================================
:  WELL  : LOCATION  :  WELL  :CTRL:    OIL    :   WATER   :    GAS    :   Prod    :    OIL    :   WATER   :    GAS    :    INJ    :
:  NAME  :  (I,J,K)  :  TYPE  :MODE:   PROD    :   PROD    :   PROD    : RES.VOL.  :    INJ    :    INJ    :    INJ    : RES.VOL.  :
:        :           :        :    :   MSCM    :   MSCM    :   MMSCM   :   MRCM    :   MSCM    :   MSCM    :   MMSCM   :   MRCM    :
====================================================================================================================================
:FIELD   :           :        :    :     2059.8:        0.0:        0.0:     2278.2:        0.0:     2190.0:        0.0:     2274.9:
:G1      :           :        :    :     2059.8:        0.0:        0.0:     2278.2:        0.0:     2190.0:        0.0:     2274.9:
:PROD    : 10, 10    :    PROD: BHP:     2059.8:        0.0:        0.0:     2278.2:        0.0:        0.0:        0.0:        0.0:
:INJ     :  1,  1    :     INJ:WRAT:        0.0:        0.0:        0.0:        0.0:        0.0:     2190.0:        0.0:     2274.9:
:--------:-----------:--------:----:-----------:-----------:-----------:-----------:-----------:-----------:-----------:-----------:


Report step 67/96 at day 2037/2920, date = 30-Jul-2020

Starting time step 0, stepsize 31 days, at day 2037/2068, date = 30-Jul-2020

Warning: Keyword 'WELLS' is unhandled for output to restart file.
 Newton its= 2, linearizations= 3 (0.0sec), linear its=  1 (0.0sec)
Restart file written for report step 67/96, date = 30-Jul-2020 00:00:00

                              **************************************************************************
  WELLS    AT      2068  DAYS *                 SPE1 - CASE 2                                          *
  REPORT   68    30 Aug 2020  *                                             Flow  version 2025.10-pre  *
                              **************************************************************************


======================================================= PRODUCTION REPORT =======================================================
:  WELL  : LOCATION  :CTRL:    OIL    :   WATER   :    GAS    :   FLUID   :   WATER   : GAS/OIL  :  WAT/GAS   : BHP OR : THP OR :
:  NAME  :  (I,J,K)  :MODE:   RATE    :   RATE    :   RATE    : RES.VOL.  :    CUT    :  RATIO   :   RATIO    :CON.PR. :BLK.PR. :
:        :           :    :  SCM/DAY  :  SCM/DAY  :  RCM/DAY  :  SCM/SCM  :  SCM/SCM  : SCM/SCM  :  SCM/SCM   : BARSA  : BARSA  :
=================================================================================================================================
:FIELD   :           :    :       -0.0:       -0.0:       -0.0:       -0.0:      0.000:      0.00:      0.0000:        :        :
:G1      :           :    :       -0.0:       -0.0:       -0.0:       -0.0:      0.000:      0.00:      0.0000:        :        :
:PROD    : 10, 10    : BHP:       -0.0:       -0.0:       -0.0:       -0.0:      0.000:      0.00:      0.0000:     0.0:     0.0:
:--------:-----------:----:-----------:-----------:-----------:-----------:-----------:----------:------------:--------:--------:

============================================= INJECTION REPORT ==============================================
:  WELL  : LOCATION  : CTRL : CTRL : CTRL :    OIL    :   WATER   :    GAS    :   FLUID   : BHP OR : THP OR :
:  NAME  :  (I,J,K)  : MODE : MODE : MODE :   RATE    :   RATE    :   RATE    : RES.VOL.  :CON.PR. :BLK.PR. :
:        :           : OIL  : WAT  : GAS  :  SCM/DAY  :  SCM/DAY  :  SCM/DAY  :  RCM/DAY  : BARSA  : BARSA  :
=============================================================================================================
:FIELD   :           :      :      :      :        0.0:        0.0:        0.0:        0.0:        :        :
:G1      :           :      :      :      :        0.0:        0.0:        0.0:        0.0:        :        :
:INJ     :  1,  1    :      :  WRAT:      :        0.0:        0.0:        0.0:        0.0:     0.0:     0.0:
:--------:-----------:------:------:------:-----------:-----------:-----------:-----------:--------:--------:

============================================== CUMULATIVE PRODUCTION/INJECTION TOTALS ==============================================
:  WELL  : LOCATION  :  WELL  :CTRL:    OIL    :   WATER   :    GAS    :   Prod    :    OIL    :   WATER   :    GAS    :    INJ    :
:  NAME  :  (I,J,K)  :  TYPE  :MODE:   PROD    :   PROD    :   PROD    : RES.VOL.  :    INJ    :    INJ    :    INJ    : RES.VOL.  :
:        :           :        :    :   MSCM    :   MSCM    :   MMSCM   :   MRCM    :   MSCM    :   MSCM    :   MMSCM   :   MRCM    :
====================================================================================================================================
:FIELD   :           :        :    :     2059.8:        0.0:        0.0:     2278.2:        0.0:     2190.0:        0.0:     2274.9:
:G1      :           :        :    :     2059.8:        0.0:        0.0:     2278.2:        0.0:     2190.0:        0.0:     2274.9:
:PROD    : 10, 10    :    PROD: BHP:     2059.8:        0.0:        0.0:     2278.2:        0.0:        0.0:        0.0:        0.0:
:INJ     :  1,  1    :     INJ:WRAT:        0.0:        0.0:        0.0:        0.0:        0.0:     2190.0:        0.0:     2274.9:
:--------:-----------:--------:----:-----------:-----------:-----------:-----------:-----------:-----------:-----------:-----------:


Report step 68/96 at day 2068/2920, date = 30-Aug-2020

Starting time step 0, stepsize 30 days, at day 2068/2098, date = 30-Aug-2020
    Oscillating behavior detected: Relaxation set to 0.900000
Restart file written for report step 68/96, date = 30-Aug-2020 00:00:00

Warning: Keyword 'WELLS' is unhandled for output to restart file.
 Newton its=11, linearizations=12 (0.0sec), linear its=  1 (0.0sec)

                              **************************************************************************
  WELLS    AT      2098  DAYS *                 SPE1 - CASE 2                                          *
  REPORT   69    29 Sep 2020  *                                             Flow  version 2025.10-pre  *
                              **************************************************************************


======================================================= PRODUCTION REPORT =======================================================
:  WELL  : LOCATION  :CTRL:    OIL    :   WATER   :    GAS    :   FLUID   :   WATER   : GAS/OIL  :  WAT/GAS   : BHP OR : THP OR :
:  NAME  :  (I,J,K)  :MODE:   RATE    :   RATE    :   RATE    : RES.VOL.  :    CUT    :  RATIO   :   RATIO    :CON.PR. :BLK.PR. :
:        :           :    :  SCM/DAY  :  SCM/DAY  :  RCM/DAY  :  SCM/SCM  :  SCM/SCM  : SCM/SCM  :  SCM/SCM   : BARSA  : BARSA  :
=================================================================================================================================
:FIELD   :           :    :       -0.0:       -0.0:       -0.0:       -0.0:      0.000:      0.00:      0.0000:        :        :
:G1      :           :    :       -0.0:       -0.0:       -0.0:       -0.0:      0.000:      0.00:      0.0000:        :        :
:PROD    : 10, 10    : BHP:       -0.0:       -0.0:       -0.0:       -0.0:      0.000:      0.00:      0.0000:     0.0:     0.0:
:--------:-----------:----:-----------:-----------:-----------:-----------:-----------:----------:------------:--------:--------:

============================================= INJECTION REPORT ==============================================
:  WELL  : LOCATION  : CTRL : CTRL : CTRL :    OIL    :   WATER   :    GAS    :   FLUID   : BHP OR : THP OR :
:  NAME  :  (I,J,K)  : MODE : MODE : MODE :   RATE    :   RATE    :   RATE    : RES.VOL.  :CON.PR. :BLK.PR. :
:        :           : OIL  : WAT  : GAS  :  SCM/DAY  :  SCM/DAY  :  SCM/DAY  :  RCM/DAY  : BARSA  : BARSA  :
=============================================================================================================
:FIELD   :           :      :      :      :        0.0:        0.0:        0.0:        0.0:        :        :
:G1      :           :      :      :      :        0.0:        0.0:        0.0:        0.0:        :        :
:INJ     :  1,  1    :      :  WRAT:      :        0.0:        0.0:        0.0:        0.0:     0.0:     0.0:
:--------:-----------:------:------:------:-----------:-----------:-----------:-----------:--------:--------:

============================================== CUMULATIVE PRODUCTION/INJECTION TOTALS ==============================================
:  WELL  : LOCATION  :  WELL  :CTRL:    OIL    :   WATER   :    GAS    :   Prod    :    OIL    :   WATER   :    GAS    :    INJ    :
:  NAME  :  (I,J,K)  :  TYPE  :MODE:   PROD    :   PROD    :   PROD    : RES.VOL.  :    INJ    :    INJ    :    INJ    : RES.VOL.  :
:        :           :        :    :   MSCM    :   MSCM    :   MMSCM   :   MRCM    :   MSCM    :   MSCM    :   MMSCM   :   MRCM    :
====================================================================================================================================
:FIELD   :           :        :    :     2059.8:        0.0:        0.0:     2278.2:        0.0:     2190.0:        0.0:     2274.9:
:G1      :           :        :    :     2059.8:        0.0:        0.0:     2278.2:        0.0:     2190.0:        0.0:     2274.9:
:PROD    : 10, 10    :    PROD: BHP:     2059.8:        0.0:        0.0:     2278.2:        0.0:        0.0:        0.0:        0.0:
:INJ     :  1,  1    :     INJ:WRAT:        0.0:        0.0:        0.0:        0.0:        0.0:     2190.0:        0.0:     2274.9:
:--------:-----------:--------:----:-----------:-----------:-----------:-----------:-----------:-----------:-----------:-----------:


Report step 69/96 at day 2098/2920, date = 29-Sep-2020

Starting time step 0, stepsize 15.5 days, at day 2098/2129, date = 29-Sep-2020
 Newton its= 1, linearizations= 2 (0.0sec), linear its=  0 (0.0sec)
Restart file written for report step 69/96, date = 29-Sep-2020 00:00:00

Starting time step 1, stepsize 15.5 days, at day 2113.5/2129, date = 14-Oct-2020

Warning: Keyword 'WELLS' is unhandled for output to restart file.
 Newton its= 2, linearizations= 3 (0.0sec), linear its=  0 (0.0sec)

                              **************************************************************************
  WELLS    AT      2129  DAYS *                 SPE1 - CASE 2                                          *
  REPORT   70    30 Oct 2020  *                                             Flow  version 2025.10-pre  *
                              **************************************************************************


======================================================= PRODUCTION REPORT =======================================================
:  WELL  : LOCATION  :CTRL:    OIL    :   WATER   :    GAS    :   FLUID   :   WATER   : GAS/OIL  :  WAT/GAS   : BHP OR : THP OR :
:  NAME  :  (I,J,K)  :MODE:   RATE    :   RATE    :   RATE    : RES.VOL.  :    CUT    :  RATIO   :   RATIO    :CON.PR. :BLK.PR. :
:        :           :    :  SCM/DAY  :  SCM/DAY  :  RCM/DAY  :  SCM/SCM  :  SCM/SCM  : SCM/SCM  :  SCM/SCM   : BARSA  : BARSA  :
=================================================================================================================================
:FIELD   :           :    :       -0.0:       -0.0:       -0.0:       -0.0:      0.000:      0.00:      0.0000:        :        :
:G1      :           :    :       -0.0:       -0.0:       -0.0:       -0.0:      0.000:      0.00:      0.0000:        :        :
:PROD    : 10, 10    : BHP:       -0.0:       -0.0:       -0.0:       -0.0:      0.000:      0.00:      0.0000:     0.0:     0.0:
:--------:-----------:----:-----------:-----------:-----------:-----------:-----------:----------:------------:--------:--------:

============================================= INJECTION REPORT ==============================================
:  WELL  : LOCATION  : CTRL : CTRL : CTRL :    OIL    :   WATER   :    GAS    :   FLUID   : BHP OR : THP OR :
:  NAME  :  (I,J,K)  : MODE : MODE : MODE :   RATE    :   RATE    :   RATE    : RES.VOL.  :CON.PR. :BLK.PR. :
:        :           : OIL  : WAT  : GAS  :  SCM/DAY  :  SCM/DAY  :  SCM/DAY  :  RCM/DAY  : BARSA  : BARSA  :
=============================================================================================================
:FIELD   :           :      :      :      :        0.0:        0.0:        0.0:        0.0:        :        :
:G1      :           :      :      :      :        0.0:        0.0:        0.0:        0.0:        :        :
:INJ     :  1,  1    :      :  WRAT:      :        0.0:        0.0:        0.0:        0.0:     0.0:     0.0:
:--------:-----------:------:------:------:-----------:-----------:-----------:-----------:--------:--------:

============================================== CUMULATIVE PRODUCTION/INJECTION TOTALS ==============================================
:  WELL  : LOCATION  :  WELL  :CTRL:    OIL    :   WATER   :    GAS    :   Prod    :    OIL    :   WATER   :    GAS    :    INJ    :
:  NAME  :  (I,J,K)  :  TYPE  :MODE:   PROD    :   PROD    :   PROD    : RES.VOL.  :    INJ    :    INJ    :    INJ    : RES.VOL.  :
:        :           :        :    :   MSCM    :   MSCM    :   MMSCM   :   MRCM    :   MSCM    :   MSCM    :   MMSCM   :   MRCM    :
====================================================================================================================================
:FIELD   :           :        :    :     2059.8:        0.0:        0.0:     2278.2:        0.0:     2190.0:        0.0:     2274.9:
:G1      :           :        :    :     2059.8:        0.0:        0.0:     2278.2:        0.0:     2190.0:        0.0:     2274.9:
:PROD    : 10, 10    :    PROD: BHP:     2059.8:        0.0:        0.0:     2278.2:        0.0:        0.0:        0.0:        0.0:
:INJ     :  1,  1    :     INJ:WRAT:        0.0:        0.0:        0.0:        0.0:        0.0:     2190.0:        0.0:     2274.9:
:--------:-----------:--------:----:-----------:-----------:-----------:-----------:-----------:-----------:-----------:-----------:


Report step 70/96 at day 2129/2920, date = 30-Oct-2020

Starting time step 0, stepsize 30 days, at day 2129/2159, date = 30-Oct-2020

Warning: Keyword 'WELLS' is unhandled for output to restart file.
 Newton its= 4, linearizations= 5 (0.0sec), linear its=  1 (0.0sec)
Restart file written for report step 70/96, date = 30-Oct-2020 00:00:00

                              **************************************************************************
  WELLS    AT      2159  DAYS *                 SPE1 - CASE 2                                          *
  REPORT   71    29 Nov 2020  *                                             Flow  version 2025.10-pre  *
                              **************************************************************************


======================================================= PRODUCTION REPORT =======================================================
:  WELL  : LOCATION  :CTRL:    OIL    :   WATER   :    GAS    :   FLUID   :   WATER   : GAS/OIL  :  WAT/GAS   : BHP OR : THP OR :
:  NAME  :  (I,J,K)  :MODE:   RATE    :   RATE    :   RATE    : RES.VOL.  :    CUT    :  RATIO   :   RATIO    :CON.PR. :BLK.PR. :
:        :           :    :  SCM/DAY  :  SCM/DAY  :  RCM/DAY  :  SCM/SCM  :  SCM/SCM  : SCM/SCM  :  SCM/SCM   : BARSA  : BARSA  :
=================================================================================================================================
:FIELD   :           :    :       -0.0:       -0.0:       -0.0:       -0.0:      0.000:      0.00:      0.0000:        :        :
:G1      :           :    :       -0.0:       -0.0:       -0.0:       -0.0:      0.000:      0.00:      0.0000:        :        :
:PROD    : 10, 10    : BHP:       -0.0:       -0.0:       -0.0:       -0.0:      0.000:      0.00:      0.0000:     0.0:     0.0:
:--------:-----------:----:-----------:-----------:-----------:-----------:-----------:----------:------------:--------:--------:

============================================= INJECTION REPORT ==============================================
:  WELL  : LOCATION  : CTRL : CTRL : CTRL :    OIL    :   WATER   :    GAS    :   FLUID   : BHP OR : THP OR :
:  NAME  :  (I,J,K)  : MODE : MODE : MODE :   RATE    :   RATE    :   RATE    : RES.VOL.  :CON.PR. :BLK.PR. :
:        :           : OIL  : WAT  : GAS  :  SCM/DAY  :  SCM/DAY  :  SCM/DAY  :  RCM/DAY  : BARSA  : BARSA  :
=============================================================================================================
:FIELD   :           :      :      :      :        0.0:        0.0:        0.0:        0.0:        :        :
:G1      :           :      :      :      :        0.0:        0.0:        0.0:        0.0:        :        :
:INJ     :  1,  1    :      :  WRAT:      :        0.0:        0.0:        0.0:        0.0:     0.0:     0.0:
:--------:-----------:------:------:------:-----------:-----------:-----------:-----------:--------:--------:

============================================== CUMULATIVE PRODUCTION/INJECTION TOTALS ==============================================
:  WELL  : LOCATION  :  WELL  :CTRL:    OIL    :   WATER   :    GAS    :   Prod    :    OIL    :   WATER   :    GAS    :    INJ    :
:  NAME  :  (I,J,K)  :  TYPE  :MODE:   PROD    :   PROD    :   PROD    : RES.VOL.  :    INJ    :    INJ    :    INJ    : RES.VOL.  :
:        :           :        :    :   MSCM    :   MSCM    :   MMSCM   :   MRCM    :   MSCM    :   MSCM    :   MMSCM   :   MRCM    :
====================================================================================================================================
:FIELD   :           :        :    :     2059.8:        0.0:        0.0:     2278.2:        0.0:     2190.0:        0.0:     2274.9:
:G1      :           :        :    :     2059.8:        0.0:        0.0:     2278.2:        0.0:     2190.0:        0.0:     2274.9:
:PROD    : 10, 10    :    PROD: BHP:     2059.8:        0.0:        0.0:     2278.2:        0.0:        0.0:        0.0:        0.0:
:INJ     :  1,  1    :     INJ:WRAT:        0.0:        0.0:        0.0:        0.0:        0.0:     2190.0:        0.0:     2274.9:
:--------:-----------:--------:----:-----------:-----------:-----------:-----------:-----------:-----------:-----------:-----------:


Report step 71/96 at day 2159/2920, date = 29-Nov-2020

Starting time step 0, stepsize 31 days, at day 2159/2190, date = 29-Nov-2020

Warning: Keyword 'WELLS' is unhandled for output to restart file.
 Newton its= 2, linearizations= 3 (0.0sec), linear its=  1 (0.0sec)
Restart file written for report step 71/96, date = 29-Nov-2020 00:00:00

                              **************************************************************************
  WELLS    AT      2190  DAYS *                 SPE1 - CASE 2                                          *
  REPORT   72    30 Dec 2020  *                                             Flow  version 2025.10-pre  *
                              **************************************************************************


======================================================= PRODUCTION REPORT =======================================================
:  WELL  : LOCATION  :CTRL:    OIL    :   WATER   :    GAS    :   FLUID   :   WATER   : GAS/OIL  :  WAT/GAS   : BHP OR : THP OR :
:  NAME  :  (I,J,K)  :MODE:   RATE    :   RATE    :   RATE    : RES.VOL.  :    CUT    :  RATIO   :   RATIO    :CON.PR. :BLK.PR. :
:        :           :    :  SCM/DAY  :  SCM/DAY  :  RCM/DAY  :  SCM/SCM  :  SCM/SCM  : SCM/SCM  :  SCM/SCM   : BARSA  : BARSA  :
=================================================================================================================================
:FIELD   :           :    :       -0.0:       -0.0:       -0.0:       -0.0:      0.000:      0.00:      0.0000:        :        :
:G1      :           :    :       -0.0:       -0.0:       -0.0:       -0.0:      0.000:      0.00:      0.0000:        :        :
:PROD    : 10, 10    : BHP:       -0.0:       -0.0:       -0.0:       -0.0:      0.000:      0.00:      0.0000:     0.0:     0.0:
:--------:-----------:----:-----------:-----------:-----------:-----------:-----------:----------:------------:--------:--------:

============================================= INJECTION REPORT ==============================================
:  WELL  : LOCATION  : CTRL : CTRL : CTRL :    OIL    :   WATER   :    GAS    :   FLUID   : BHP OR : THP OR :
:  NAME  :  (I,J,K)  : MODE : MODE : MODE :   RATE    :   RATE    :   RATE    : RES.VOL.  :CON.PR. :BLK.PR. :
:        :           : OIL  : WAT  : GAS  :  SCM/DAY  :  SCM/DAY  :  SCM/DAY  :  RCM/DAY  : BARSA  : BARSA  :
=============================================================================================================
:FIELD   :           :      :      :      :        0.0:        0.0:        0.0:        0.0:        :        :
:G1      :           :      :      :      :        0.0:        0.0:        0.0:        0.0:        :        :
:INJ     :  1,  1    :      :  WRAT:      :        0.0:        0.0:        0.0:        0.0:     0.0:     0.0:
:--------:-----------:------:------:------:-----------:-----------:-----------:-----------:--------:--------:

============================================== CUMULATIVE PRODUCTION/INJECTION TOTALS ==============================================
:  WELL  : LOCATION  :  WELL  :CTRL:    OIL    :   WATER   :    GAS    :   Prod    :    OIL    :   WATER   :    GAS    :    INJ    :
:  NAME  :  (I,J,K)  :  TYPE  :MODE:   PROD    :   PROD    :   PROD    : RES.VOL.  :    INJ    :    INJ    :    INJ    : RES.VOL.  :
:        :           :        :    :   MSCM    :   MSCM    :   MMSCM   :   MRCM    :   MSCM    :   MSCM    :   MMSCM   :   MRCM    :
====================================================================================================================================
:FIELD   :           :        :    :     2059.8:        0.0:        0.0:     2278.2:        0.0:     2190.0:        0.0:     2274.9:
:G1      :           :        :    :     2059.8:        0.0:        0.0:     2278.2:        0.0:     2190.0:        0.0:     2274.9:
:PROD    : 10, 10    :    PROD: BHP:     2059.8:        0.0:        0.0:     2278.2:        0.0:        0.0:        0.0:        0.0:
:INJ     :  1,  1    :     INJ:WRAT:        0.0:        0.0:        0.0:        0.0:        0.0:     2190.0:        0.0:     2274.9:
:--------:-----------:--------:----:-----------:-----------:-----------:-----------:-----------:-----------:-----------:-----------:


Report step 72/96 at day 2190/2920, date = 30-Dec-2020

Starting time step 0, stepsize 31 days, at day 2190/2221, date = 30-Dec-2020
Restart file written for report step 72/96, date = 30-Dec-2020 00:00:00

Warning: Keyword 'WELLS' is unhandled for output to restart file.
 Newton its=15, linearizations=16 (0.0sec), linear its=  5 (0.0sec)

                              **************************************************************************
  WELLS    AT      2221  DAYS *                 SPE1 - CASE 2                                          *
  REPORT   73    30 Jan 2021  *                                             Flow  version 2025.10-pre  *
                              **************************************************************************


======================================================= PRODUCTION REPORT =======================================================
:  WELL  : LOCATION  :CTRL:    OIL    :   WATER   :    GAS    :   FLUID   :   WATER   : GAS/OIL  :  WAT/GAS   : BHP OR : THP OR :
:  NAME  :  (I,J,K)  :MODE:   RATE    :   RATE    :   RATE    : RES.VOL.  :    CUT    :  RATIO   :   RATIO    :CON.PR. :BLK.PR. :
:        :           :    :  SCM/DAY  :  SCM/DAY  :  RCM/DAY  :  SCM/SCM  :  SCM/SCM  : SCM/SCM  :  SCM/SCM   : BARSA  : BARSA  :
=================================================================================================================================
:FIELD   :           :    :     1599.4:        0.0:       -0.0:     1769.1:      0.000:     -0.00:      0.0000:        :        :
:G1      :           :    :     1599.4:        0.0:       -0.0:     1769.1:      0.000:     -0.00:      0.0000:        :        :
:PROD    : 10, 10    : BHP:     1599.4:        0.0:       -0.0:     1769.1:      0.000:     -0.00:      0.0000:   245.0:     0.0:
:--------:-----------:----:-----------:-----------:-----------:-----------:-----------:----------:------------:--------:--------:

============================================= INJECTION REPORT ==============================================
:  WELL  : LOCATION  : CTRL : CTRL : CTRL :    OIL    :   WATER   :    GAS    :   FLUID   : BHP OR : THP OR :
:  NAME  :  (I,J,K)  : MODE : MODE : MODE :   RATE    :   RATE    :   RATE    : RES.VOL.  :CON.PR. :BLK.PR. :
:        :           : OIL  : WAT  : GAS  :  SCM/DAY  :  SCM/DAY  :  SCM/DAY  :  RCM/DAY  : BARSA  : BARSA  :
=============================================================================================================
:FIELD   :           :      :      :      :        0.0:     2000.0:        0.0:     2079.0:        :        :
:G1      :           :      :      :      :        0.0:     2000.0:        0.0:     2079.0:        :        :
:INJ     :  1,  1    :      :  WRAT:      :        0.0:     2000.0:        0.0:     2079.0:   270.2:     0.0:
:--------:-----------:------:------:------:-----------:-----------:-----------:-----------:--------:--------:

============================================== CUMULATIVE PRODUCTION/INJECTION TOTALS ==============================================
:  WELL  : LOCATION  :  WELL  :CTRL:    OIL    :   WATER   :    GAS    :   Prod    :    OIL    :   WATER   :    GAS    :    INJ    :
:  NAME  :  (I,J,K)  :  TYPE  :MODE:   PROD    :   PROD    :   PROD    : RES.VOL.  :    INJ    :    INJ    :    INJ    : RES.VOL.  :
:        :           :        :    :   MSCM    :   MSCM    :   MMSCM   :   MRCM    :   MSCM    :   MSCM    :   MMSCM   :   MRCM    :
====================================================================================================================================
:FIELD   :           :        :    :     2109.4:        0.0:        0.0:     2333.1:        0.0:     2252.0:        0.0:     2339.4:
:G1      :           :        :    :     2109.4:        0.0:        0.0:     2333.1:        0.0:     2252.0:        0.0:     2339.4:
:PROD    : 10, 10    :    PROD: BHP:     2109.4:        0.0:        0.0:     2333.1:        0.0:        0.0:        0.0:        0.0:
:INJ     :  1,  1    :     INJ:WRAT:        0.0:        0.0:        0.0:        0.0:        0.0:     2252.0:        0.0:     2339.4:
:--------:-----------:--------:----:-----------:-----------:-----------:-----------:-----------:-----------:-----------:-----------:


Report step 73/96 at day 2221/2920, date = 30-Jan-2021

Starting time step 0, stepsize 12.9821 days, at day 2221/2249, date = 30-Jan-2021
 Newton its= 2, linearizations= 3 (0.0sec), linear its=  1 (0.0sec)
Restart file written for report step 73/96, date = 30-Jan-2021 00:00:00

Starting time step 1, stepsize 15.0179 days, at day 2233.98/2249, date = 11-Feb-2021

Warning: Keyword 'WELLS' is unhandled for output to restart file.
 Newton its= 4, linearizations= 5 (0.0sec), linear its=  2 (0.0sec)

                              **************************************************************************
  WELLS    AT      2249  DAYS *                 SPE1 - CASE 2                                          *
  REPORT   74    27 Feb 2021  *                                             Flow  version 2025.10-pre  *
                              **************************************************************************


======================================================= PRODUCTION REPORT =======================================================
:  WELL  : LOCATION  :CTRL:    OIL    :   WATER   :    GAS    :   FLUID   :   WATER   : GAS/OIL  :  WAT/GAS   : BHP OR : THP OR :
:  NAME  :  (I,J,K)  :MODE:   RATE    :   RATE    :   RATE    : RES.VOL.  :    CUT    :  RATIO   :   RATIO    :CON.PR. :BLK.PR. :
:        :           :    :  SCM/DAY  :  SCM/DAY  :  RCM/DAY  :  SCM/SCM  :  SCM/SCM  : SCM/SCM  :  SCM/SCM   : BARSA  : BARSA  :
=================================================================================================================================
:FIELD   :           :    :     1858.1:       -0.0:       -0.0:     2055.2:     -0.000:     -0.00:      0.0000:        :        :
:G1      :           :    :     1858.1:       -0.0:       -0.0:     2055.2:     -0.000:     -0.00:      0.0000:        :        :
:PROD    : 10, 10    : BHP:     1858.1:       -0.0:       -0.0:     2055.2:     -0.000:     -0.00:      0.0000:   245.0:     0.0:
:--------:-----------:----:-----------:-----------:-----------:-----------:-----------:----------:------------:--------:--------:

============================================= INJECTION REPORT ==============================================
:  WELL  : LOCATION  : CTRL : CTRL : CTRL :    OIL    :   WATER   :    GAS    :   FLUID   : BHP OR : THP OR :
:  NAME  :  (I,J,K)  : MODE : MODE : MODE :   RATE    :   RATE    :   RATE    : RES.VOL.  :CON.PR. :BLK.PR. :
:        :           : OIL  : WAT  : GAS  :  SCM/DAY  :  SCM/DAY  :  SCM/DAY  :  RCM/DAY  : BARSA  : BARSA  :
=============================================================================================================
:FIELD   :           :      :      :      :        0.0:     2000.0:        0.0:     2077.5:        :        :
:G1      :           :      :      :      :        0.0:     2000.0:        0.0:     2077.5:        :        :
:INJ     :  1,  1    :      :  WRAT:      :        0.0:     2000.0:        0.0:     2077.5:   272.5:     0.0:
:--------:-----------:------:------:------:-----------:-----------:-----------:-----------:--------:--------:

============================================== CUMULATIVE PRODUCTION/INJECTION TOTALS ==============================================
:  WELL  : LOCATION  :  WELL  :CTRL:    OIL    :   WATER   :    GAS    :   Prod    :    OIL    :   WATER   :    GAS    :    INJ    :
:  NAME  :  (I,J,K)  :  TYPE  :MODE:   PROD    :   PROD    :   PROD    : RES.VOL.  :    INJ    :    INJ    :    INJ    : RES.VOL.  :
:        :           :        :    :   MSCM    :   MSCM    :   MMSCM   :   MRCM    :   MSCM    :   MSCM    :   MMSCM   :   MRCM    :
====================================================================================================================================
:FIELD   :           :        :    :     2160.6:        0.0:        0.0:     2389.8:        0.0:     2308.0:        0.0:     2397.6:
:G1      :           :        :    :     2160.6:        0.0:        0.0:     2389.8:        0.0:     2308.0:        0.0:     2397.6:
:PROD    : 10, 10    :    PROD: BHP:     2160.6:        0.0:        0.0:     2389.8:        0.0:        0.0:        0.0:        0.0:
:INJ     :  1,  1    :     INJ:WRAT:        0.0:        0.0:        0.0:        0.0:        0.0:     2308.0:        0.0:     2397.6:
:--------:-----------:--------:----:-----------:-----------:-----------:-----------:-----------:-----------:-----------:-----------:


Report step 74/96 at day 2249/2920, date = 27-Feb-2021

Starting time step 0, stepsize 31 days, at day 2249/2280, date = 27-Feb-2021

Warning: Keyword 'WELLS' is unhandled for output to restart file.
 Newton its= 5, linearizations= 6 (0.0sec), linear its=  3 (0.0sec)
Restart file written for report step 74/96, date = 27-Feb-2021 00:00:00

                              **************************************************************************
  WELLS    AT      2280  DAYS *                 SPE1 - CASE 2                                          *
  REPORT   75    30 Mar 2021  *                                             Flow  version 2025.10-pre  *
                              **************************************************************************


======================================================= PRODUCTION REPORT =======================================================
:  WELL  : LOCATION  :CTRL:    OIL    :   WATER   :    GAS    :   FLUID   :   WATER   : GAS/OIL  :  WAT/GAS   : BHP OR : THP OR :
:  NAME  :  (I,J,K)  :MODE:   RATE    :   RATE    :   RATE    : RES.VOL.  :    CUT    :  RATIO   :   RATIO    :CON.PR. :BLK.PR. :
:        :           :    :  SCM/DAY  :  SCM/DAY  :  RCM/DAY  :  SCM/SCM  :  SCM/SCM  : SCM/SCM  :  SCM/SCM   : BARSA  : BARSA  :
=================================================================================================================================
:FIELD   :           :    :     1875.2:       -0.0:       -0.0:     2074.1:     -0.000:     -0.00:      0.0000:        :        :
:G1      :           :    :     1875.2:       -0.0:       -0.0:     2074.1:     -0.000:     -0.00:      0.0000:        :        :
:PROD    : 10, 10    : BHP:     1875.2:       -0.0:       -0.0:     2074.1:     -0.000:     -0.00:      0.0000:   245.0:     0.0:
:--------:-----------:----:-----------:-----------:-----------:-----------:-----------:----------:------------:--------:--------:

============================================= INJECTION REPORT ==============================================
:  WELL  : LOCATION  : CTRL : CTRL : CTRL :    OIL    :   WATER   :    GAS    :   FLUID   : BHP OR : THP OR :
:  NAME  :  (I,J,K)  : MODE : MODE : MODE :   RATE    :   RATE    :   RATE    : RES.VOL.  :CON.PR. :BLK.PR. :
:        :           : OIL  : WAT  : GAS  :  SCM/DAY  :  SCM/DAY  :  SCM/DAY  :  RCM/DAY  : BARSA  : BARSA  :
=============================================================================================================
:FIELD   :           :      :      :      :        0.0:     2000.0:        0.0:     2077.5:        :        :
:G1      :           :      :      :      :        0.0:     2000.0:        0.0:     2077.5:        :        :
:INJ     :  1,  1    :      :  WRAT:      :        0.0:     2000.0:        0.0:     2077.5:   272.6:     0.0:
:--------:-----------:------:------:------:-----------:-----------:-----------:-----------:--------:--------:

============================================== CUMULATIVE PRODUCTION/INJECTION TOTALS ==============================================
:  WELL  : LOCATION  :  WELL  :CTRL:    OIL    :   WATER   :    GAS    :   Prod    :    OIL    :   WATER   :    GAS    :    INJ    :
:  NAME  :  (I,J,K)  :  TYPE  :MODE:   PROD    :   PROD    :   PROD    : RES.VOL.  :    INJ    :    INJ    :    INJ    : RES.VOL.  :
:        :           :        :    :   MSCM    :   MSCM    :   MMSCM   :   MRCM    :   MSCM    :   MSCM    :   MMSCM   :   MRCM    :
====================================================================================================================================
:FIELD   :           :        :    :     2218.8:        0.0:        0.0:     2454.1:        0.0:     2370.0:        0.0:     2462.0:
:G1      :           :        :    :     2218.8:        0.0:        0.0:     2454.1:        0.0:     2370.0:        0.0:     2462.0:
:PROD    : 10, 10    :    PROD: BHP:     2218.8:        0.0:        0.0:     2454.1:        0.0:        0.0:        0.0:        0.0:
:INJ     :  1,  1    :     INJ:WRAT:        0.0:        0.0:        0.0:        0.0:        0.0:     2370.0:        0.0:     2462.0:
:--------:-----------:--------:----:-----------:-----------:-----------:-----------:-----------:-----------:-----------:-----------:


Report step 75/96 at day 2280/2920, date = 30-Mar-2021

Starting time step 0, stepsize 30 days, at day 2280/2310, date = 30-Mar-2021

Warning: Keyword 'WELLS' is unhandled for output to restart file.
 Newton its= 4, linearizations= 5 (0.0sec), linear its=  2 (0.0sec)
Restart file written for report step 75/96, date = 30-Mar-2021 00:00:00

                              **************************************************************************
  WELLS    AT      2310  DAYS *                 SPE1 - CASE 2                                          *
  REPORT   76    29 Apr 2021  *                                             Flow  version 2025.10-pre  *
                              **************************************************************************


======================================================= PRODUCTION REPORT =======================================================
:  WELL  : LOCATION  :CTRL:    OIL    :   WATER   :    GAS    :   FLUID   :   WATER   : GAS/OIL  :  WAT/GAS   : BHP OR : THP OR :
:  NAME  :  (I,J,K)  :MODE:   RATE    :   RATE    :   RATE    : RES.VOL.  :    CUT    :  RATIO   :   RATIO    :CON.PR. :BLK.PR. :
:        :           :    :  SCM/DAY  :  SCM/DAY  :  RCM/DAY  :  SCM/SCM  :  SCM/SCM  : SCM/SCM  :  SCM/SCM   : BARSA  : BARSA  :
=================================================================================================================================
:FIELD   :           :    :     1877.7:       -0.0:       -0.0:     2076.8:     -0.000:     -0.00:      0.0000:        :        :
:G1      :           :    :     1877.7:       -0.0:       -0.0:     2076.8:     -0.000:     -0.00:      0.0000:        :        :
:PROD    : 10, 10    : BHP:     1877.7:       -0.0:       -0.0:     2076.8:     -0.000:     -0.00:      0.0000:   245.0:     0.0:
:--------:-----------:----:-----------:-----------:-----------:-----------:-----------:----------:------------:--------:--------:

============================================= INJECTION REPORT ==============================================
:  WELL  : LOCATION  : CTRL : CTRL : CTRL :    OIL    :   WATER   :    GAS    :   FLUID   : BHP OR : THP OR :
:  NAME  :  (I,J,K)  : MODE : MODE : MODE :   RATE    :   RATE    :   RATE    : RES.VOL.  :CON.PR. :BLK.PR. :
:        :           : OIL  : WAT  : GAS  :  SCM/DAY  :  SCM/DAY  :  SCM/DAY  :  RCM/DAY  : BARSA  : BARSA  :
=============================================================================================================
:FIELD   :           :      :      :      :        0.0:     2000.0:        0.0:     2077.5:        :        :
:G1      :           :      :      :      :        0.0:     2000.0:        0.0:     2077.5:        :        :
:INJ     :  1,  1    :      :  WRAT:      :        0.0:     2000.0:        0.0:     2077.5:   272.6:     0.0:
:--------:-----------:------:------:------:-----------:-----------:-----------:-----------:--------:--------:

============================================== CUMULATIVE PRODUCTION/INJECTION TOTALS ==============================================
:  WELL  : LOCATION  :  WELL  :CTRL:    OIL    :   WATER   :    GAS    :   Prod    :    OIL    :   WATER   :    GAS    :    INJ    :
:  NAME  :  (I,J,K)  :  TYPE  :MODE:   PROD    :   PROD    :   PROD    : RES.VOL.  :    INJ    :    INJ    :    INJ    : RES.VOL.  :
:        :           :        :    :   MSCM    :   MSCM    :   MMSCM   :   MRCM    :   MSCM    :   MSCM    :   MMSCM   :   MRCM    :
====================================================================================================================================
:FIELD   :           :        :    :     2275.1:        0.0:        0.0:     2516.4:        0.0:     2430.0:        0.0:     2524.3:
:G1      :           :        :    :     2275.1:        0.0:        0.0:     2516.4:        0.0:     2430.0:        0.0:     2524.3:
:PROD    : 10, 10    :    PROD: BHP:     2275.1:        0.0:        0.0:     2516.4:        0.0:        0.0:        0.0:        0.0:
:INJ     :  1,  1    :     INJ:WRAT:        0.0:        0.0:        0.0:        0.0:        0.0:     2430.0:        0.0:     2524.3:
:--------:-----------:--------:----:-----------:-----------:-----------:-----------:-----------:-----------:-----------:-----------:


Report step 76/96 at day 2310/2920, date = 29-Apr-2021

Starting time step 0, stepsize 31 days, at day 2310/2341, date = 29-Apr-2021

Warning: Keyword 'WELLS' is unhandled for output to restart file.
 Newton its= 4, linearizations= 5 (0.0sec), linear its=  2 (0.0sec)
Restart file written for report step 76/96, date = 29-Apr-2021 00:00:00

                              **************************************************************************
  WELLS    AT      2341  DAYS *                 SPE1 - CASE 2                                          *
  REPORT   77    30 May 2021  *                                             Flow  version 2025.10-pre  *
                              **************************************************************************


======================================================= PRODUCTION REPORT =======================================================
:  WELL  : LOCATION  :CTRL:    OIL    :   WATER   :    GAS    :   FLUID   :   WATER   : GAS/OIL  :  WAT/GAS   : BHP OR : THP OR :
:  NAME  :  (I,J,K)  :MODE:   RATE    :   RATE    :   RATE    : RES.VOL.  :    CUT    :  RATIO   :   RATIO    :CON.PR. :BLK.PR. :
:        :           :    :  SCM/DAY  :  SCM/DAY  :  RCM/DAY  :  SCM/SCM  :  SCM/SCM  : SCM/SCM  :  SCM/SCM   : BARSA  : BARSA  :
=================================================================================================================================
:FIELD   :           :    :     1878.0:       -0.0:       -0.0:     2077.1:     -0.000:     -0.00:      0.0000:        :        :
:G1      :           :    :     1878.0:       -0.0:       -0.0:     2077.1:     -0.000:     -0.00:      0.0000:        :        :
:PROD    : 10, 10    : BHP:     1878.0:       -0.0:       -0.0:     2077.1:     -0.000:     -0.00:      0.0000:   245.0:     0.0:
:--------:-----------:----:-----------:-----------:-----------:-----------:-----------:----------:------------:--------:--------:

============================================= INJECTION REPORT ==============================================
:  WELL  : LOCATION  : CTRL : CTRL : CTRL :    OIL    :   WATER   :    GAS    :   FLUID   : BHP OR : THP OR :
:  NAME  :  (I,J,K)  : MODE : MODE : MODE :   RATE    :   RATE    :   RATE    : RES.VOL.  :CON.PR. :BLK.PR. :
:        :           : OIL  : WAT  : GAS  :  SCM/DAY  :  SCM/DAY  :  SCM/DAY  :  RCM/DAY  : BARSA  : BARSA  :
=============================================================================================================
:FIELD   :           :      :      :      :        0.0:     2000.0:        0.0:     2077.5:        :        :
:G1      :           :      :      :      :        0.0:     2000.0:        0.0:     2077.5:        :        :
:INJ     :  1,  1    :      :  WRAT:      :        0.0:     2000.0:        0.0:     2077.5:   272.6:     0.0:
:--------:-----------:------:------:------:-----------:-----------:-----------:-----------:--------:--------:

============================================== CUMULATIVE PRODUCTION/INJECTION TOTALS ==============================================
:  WELL  : LOCATION  :  WELL  :CTRL:    OIL    :   WATER   :    GAS    :   Prod    :    OIL    :   WATER   :    GAS    :    INJ    :
:  NAME  :  (I,J,K)  :  TYPE  :MODE:   PROD    :   PROD    :   PROD    : RES.VOL.  :    INJ    :    INJ    :    INJ    : RES.VOL.  :
:        :           :        :    :   MSCM    :   MSCM    :   MMSCM   :   MRCM    :   MSCM    :   MSCM    :   MMSCM   :   MRCM    :
====================================================================================================================================
:FIELD   :           :        :    :     2333.3:        0.0:        0.0:     2580.8:        0.0:     2492.0:        0.0:     2588.7:
:G1      :           :        :    :     2333.3:        0.0:        0.0:     2580.8:        0.0:     2492.0:        0.0:     2588.7:
:PROD    : 10, 10    :    PROD: BHP:     2333.3:        0.0:        0.0:     2580.8:        0.0:        0.0:        0.0:        0.0:
:INJ     :  1,  1    :     INJ:WRAT:        0.0:        0.0:        0.0:        0.0:        0.0:     2492.0:        0.0:     2588.7:
:--------:-----------:--------:----:-----------:-----------:-----------:-----------:-----------:-----------:-----------:-----------:


Report step 77/96 at day 2341/2920, date = 30-May-2021

Starting time step 0, stepsize 30 days, at day 2341/2371, date = 30-May-2021
Restart file written for report step 77/96, date = 30-May-2021 00:00:00

Problem: Solver convergence failure - Iteration limit reached
Timestep chopped to 9.9 days


Starting time step 0, stepsize 9.9 days, at day 2341/2371, date = 30-May-2021
 Newton its= 2, linearizations= 3 (0.0sec), linear its=  0 (0.0sec)

Starting time step 1, stepsize 20.1 days, at day 2350.9/2371, date = 08-Jun-2021

Warning: Keyword 'WELLS' is unhandled for output to restart file.
 Newton its= 7, linearizations= 8 (0.0sec), linear its=  5 (0.0sec)

                              **************************************************************************
  WELLS    AT      2371  DAYS *                 SPE1 - CASE 2                                          *
  REPORT   78    29 Jun 2021  *                                             Flow  version 2025.10-pre  *
                              **************************************************************************


======================================================= PRODUCTION REPORT =======================================================
:  WELL  : LOCATION  :CTRL:    OIL    :   WATER   :    GAS    :   FLUID   :   WATER   : GAS/OIL  :  WAT/GAS   : BHP OR : THP OR :
:  NAME  :  (I,J,K)  :MODE:   RATE    :   RATE    :   RATE    : RES.VOL.  :    CUT    :  RATIO   :   RATIO    :CON.PR. :BLK.PR. :
:        :           :    :  SCM/DAY  :  SCM/DAY  :  RCM/DAY  :  SCM/SCM  :  SCM/SCM  : SCM/SCM  :  SCM/SCM   : BARSA  : BARSA  :
=================================================================================================================================
:FIELD   :           :    :     1878.1:       -0.0:       -0.0:     2077.2:     -0.000:     -0.00:      0.0000:        :        :
:G1      :           :    :     1878.1:       -0.0:       -0.0:     2077.2:     -0.000:     -0.00:      0.0000:        :        :
:PROD    : 10, 10    : BHP:     1878.1:       -0.0:       -0.0:     2077.2:     -0.000:     -0.00:      0.0000:   245.0:     0.0:
:--------:-----------:----:-----------:-----------:-----------:-----------:-----------:----------:------------:--------:--------:

============================================= INJECTION REPORT ==============================================
:  WELL  : LOCATION  : CTRL : CTRL : CTRL :    OIL    :   WATER   :    GAS    :   FLUID   : BHP OR : THP OR :
:  NAME  :  (I,J,K)  : MODE : MODE : MODE :   RATE    :   RATE    :   RATE    : RES.VOL.  :CON.PR. :BLK.PR. :
:        :           : OIL  : WAT  : GAS  :  SCM/DAY  :  SCM/DAY  :  SCM/DAY  :  RCM/DAY  : BARSA  : BARSA  :
=============================================================================================================
:FIELD   :           :      :      :      :        0.0:     2000.0:        0.0:     2077.5:        :        :
:G1      :           :      :      :      :        0.0:     2000.0:        0.0:     2077.5:        :        :
:INJ     :  1,  1    :      :  WRAT:      :        0.0:     2000.0:        0.0:     2077.5:   272.6:     0.0:
:--------:-----------:------:------:------:-----------:-----------:-----------:-----------:--------:--------:

============================================== CUMULATIVE PRODUCTION/INJECTION TOTALS ==============================================
:  WELL  : LOCATION  :  WELL  :CTRL:    OIL    :   WATER   :    GAS    :   Prod    :    OIL    :   WATER   :    GAS    :    INJ    :
:  NAME  :  (I,J,K)  :  TYPE  :MODE:   PROD    :   PROD    :   PROD    : RES.VOL.  :    INJ    :    INJ    :    INJ    : RES.VOL.  :
:        :           :        :    :   MSCM    :   MSCM    :   MMSCM   :   MRCM    :   MSCM    :   MSCM    :   MMSCM   :   MRCM    :
====================================================================================================================================
:FIELD   :           :        :    :     2389.7:        0.0:        0.0:     2643.1:        0.0:     2552.0:        0.0:     2651.0:
:G1      :           :        :    :     2389.7:        0.0:        0.0:     2643.1:        0.0:     2552.0:        0.0:     2651.0:
:PROD    : 10, 10    :    PROD: BHP:     2389.7:        0.0:        0.0:     2643.1:        0.0:        0.0:        0.0:        0.0:
:INJ     :  1,  1    :     INJ:WRAT:        0.0:        0.0:        0.0:        0.0:        0.0:     2552.0:        0.0:     2651.0:
:--------:-----------:--------:----:-----------:-----------:-----------:-----------:-----------:-----------:-----------:-----------:


Report step 78/96 at day 2371/2920, date = 29-Jun-2021

Starting time step 0, stepsize 15.5 days, at day 2371/2402, date = 29-Jun-2021
 Newton its= 3, linearizations= 4 (0.0sec), linear its=  1 (0.0sec)
Restart file written for report step 78/96, date = 29-Jun-2021 00:00:00

Starting time step 1, stepsize 15.5 days, at day 2386.5/2402, date = 14-Jul-2021

Warning: Keyword 'WELLS' is unhandled for output to restart file.
 Newton its= 3, linearizations= 4 (0.0sec), linear its=  1 (0.0sec)

                              **************************************************************************
  WELLS    AT      2402  DAYS *                 SPE1 - CASE 2                                          *
  REPORT   79    30 Jul 2021  *                                             Flow  version 2025.10-pre  *
                              **************************************************************************


======================================================= PRODUCTION REPORT =======================================================
:  WELL  : LOCATION  :CTRL:    OIL    :   WATER   :    GAS    :   FLUID   :   WATER   : GAS/OIL  :  WAT/GAS   : BHP OR : THP OR :
:  NAME  :  (I,J,K)  :MODE:   RATE    :   RATE    :   RATE    : RES.VOL.  :    CUT    :  RATIO   :   RATIO    :CON.PR. :BLK.PR. :
:        :           :    :  SCM/DAY  :  SCM/DAY  :  RCM/DAY  :  SCM/SCM  :  SCM/SCM  : SCM/SCM  :  SCM/SCM   : BARSA  : BARSA  :
=================================================================================================================================
:FIELD   :           :    :     1878.1:       -0.0:       -0.0:     2077.3:     -0.000:     -0.00:      0.0000:        :        :
:G1      :           :    :     1878.1:       -0.0:       -0.0:     2077.3:     -0.000:     -0.00:      0.0000:        :        :
:PROD    : 10, 10    : BHP:     1878.1:       -0.0:       -0.0:     2077.3:     -0.000:     -0.00:      0.0000:   245.0:     0.0:
:--------:-----------:----:-----------:-----------:-----------:-----------:-----------:----------:------------:--------:--------:

============================================= INJECTION REPORT ==============================================
:  WELL  : LOCATION  : CTRL : CTRL : CTRL :    OIL    :   WATER   :    GAS    :   FLUID   : BHP OR : THP OR :
:  NAME  :  (I,J,K)  : MODE : MODE : MODE :   RATE    :   RATE    :   RATE    : RES.VOL.  :CON.PR. :BLK.PR. :
:        :           : OIL  : WAT  : GAS  :  SCM/DAY  :  SCM/DAY  :  SCM/DAY  :  RCM/DAY  : BARSA  : BARSA  :
=============================================================================================================
:FIELD   :           :      :      :      :        0.0:     2000.0:        0.0:     2077.5:        :        :
:G1      :           :      :      :      :        0.0:     2000.0:        0.0:     2077.5:        :        :
:INJ     :  1,  1    :      :  WRAT:      :        0.0:     2000.0:        0.0:     2077.5:   272.6:     0.0:
:--------:-----------:------:------:------:-----------:-----------:-----------:-----------:--------:--------:

============================================== CUMULATIVE PRODUCTION/INJECTION TOTALS ==============================================
:  WELL  : LOCATION  :  WELL  :CTRL:    OIL    :   WATER   :    GAS    :   Prod    :    OIL    :   WATER   :    GAS    :    INJ    :
:  NAME  :  (I,J,K)  :  TYPE  :MODE:   PROD    :   PROD    :   PROD    : RES.VOL.  :    INJ    :    INJ    :    INJ    : RES.VOL.  :
:        :           :        :    :   MSCM    :   MSCM    :   MMSCM   :   MRCM    :   MSCM    :   MSCM    :   MMSCM   :   MRCM    :
====================================================================================================================================
:FIELD   :           :        :    :     2447.9:        0.0:        0.0:     2707.5:        0.0:     2614.0:        0.0:     2715.4:
:G1      :           :        :    :     2447.9:        0.0:        0.0:     2707.5:        0.0:     2614.0:        0.0:     2715.4:
:PROD    : 10, 10    :    PROD: BHP:     2447.9:        0.0:        0.0:     2707.5:        0.0:        0.0:        0.0:        0.0:
:INJ     :  1,  1    :     INJ:WRAT:        0.0:        0.0:        0.0:        0.0:        0.0:     2614.0:        0.0:     2715.4:
:--------:-----------:--------:----:-----------:-----------:-----------:-----------:-----------:-----------:-----------:-----------:


Report step 79/96 at day 2402/2920, date = 30-Jul-2021

Starting time step 0, stepsize 31 days, at day 2402/2433, date = 30-Jul-2021

Warning: Keyword 'WELLS' is unhandled for output to restart file.
 Newton its= 4, linearizations= 5 (0.0sec), linear its=  2 (0.0sec)
Restart file written for report step 79/96, date = 30-Jul-2021 00:00:00

                              **************************************************************************
  WELLS    AT      2433  DAYS *                 SPE1 - CASE 2                                          *
  REPORT   80    30 Aug 2021  *                                             Flow  version 2025.10-pre  *
                              **************************************************************************


======================================================= PRODUCTION REPORT =======================================================
:  WELL  : LOCATION  :CTRL:    OIL    :   WATER   :    GAS    :   FLUID   :   WATER   : GAS/OIL  :  WAT/GAS   : BHP OR : THP OR :
:  NAME  :  (I,J,K)  :MODE:   RATE    :   RATE    :   RATE    : RES.VOL.  :    CUT    :  RATIO   :   RATIO    :CON.PR. :BLK.PR. :
:        :           :    :  SCM/DAY  :  SCM/DAY  :  RCM/DAY  :  SCM/SCM  :  SCM/SCM  : SCM/SCM  :  SCM/SCM   : BARSA  : BARSA  :
=================================================================================================================================
:FIELD   :           :    :     1878.1:       -0.0:       -0.0:     2077.2:     -0.000:     -0.00:      0.0000:        :        :
:G1      :           :    :     1878.1:       -0.0:       -0.0:     2077.2:     -0.000:     -0.00:      0.0000:        :        :
:PROD    : 10, 10    : BHP:     1878.1:       -0.0:       -0.0:     2077.2:     -0.000:     -0.00:      0.0000:   245.0:     0.0:
:--------:-----------:----:-----------:-----------:-----------:-----------:-----------:----------:------------:--------:--------:

============================================= INJECTION REPORT ==============================================
:  WELL  : LOCATION  : CTRL : CTRL : CTRL :    OIL    :   WATER   :    GAS    :   FLUID   : BHP OR : THP OR :
:  NAME  :  (I,J,K)  : MODE : MODE : MODE :   RATE    :   RATE    :   RATE    : RES.VOL.  :CON.PR. :BLK.PR. :
:        :           : OIL  : WAT  : GAS  :  SCM/DAY  :  SCM/DAY  :  SCM/DAY  :  RCM/DAY  : BARSA  : BARSA  :
=============================================================================================================
:FIELD   :           :      :      :      :        0.0:     2000.0:        0.0:     2077.5:        :        :
:G1      :           :      :      :      :        0.0:     2000.0:        0.0:     2077.5:        :        :
:INJ     :  1,  1    :      :  WRAT:      :        0.0:     2000.0:        0.0:     2077.5:   272.6:     0.0:
:--------:-----------:------:------:------:-----------:-----------:-----------:-----------:--------:--------:

============================================== CUMULATIVE PRODUCTION/INJECTION TOTALS ==============================================
:  WELL  : LOCATION  :  WELL  :CTRL:    OIL    :   WATER   :    GAS    :   Prod    :    OIL    :   WATER   :    GAS    :    INJ    :
:  NAME  :  (I,J,K)  :  TYPE  :MODE:   PROD    :   PROD    :   PROD    : RES.VOL.  :    INJ    :    INJ    :    INJ    : RES.VOL.  :
:        :           :        :    :   MSCM    :   MSCM    :   MMSCM   :   MRCM    :   MSCM    :   MSCM    :   MMSCM   :   MRCM    :
====================================================================================================================================
:FIELD   :           :        :    :     2506.1:        0.0:        0.0:     2771.9:        0.0:     2676.0:        0.0:     2779.8:
:G1      :           :        :    :     2506.1:        0.0:        0.0:     2771.9:        0.0:     2676.0:        0.0:     2779.8:
:PROD    : 10, 10    :    PROD: BHP:     2506.1:        0.0:        0.0:     2771.9:        0.0:        0.0:        0.0:        0.0:
:INJ     :  1,  1    :     INJ:WRAT:        0.0:        0.0:        0.0:        0.0:        0.0:     2676.0:        0.0:     2779.8:
:--------:-----------:--------:----:-----------:-----------:-----------:-----------:-----------:-----------:-----------:-----------:


Report step 80/96 at day 2433/2920, date = 30-Aug-2021

Starting time step 0, stepsize 30 days, at day 2433/2463, date = 30-Aug-2021
Restart file written for report step 80/96, date = 30-Aug-2021 00:00:00

Problem: Solver convergence failure - Iteration limit reached
Timestep chopped to 9.9 days


Starting time step 0, stepsize 9.9 days, at day 2433/2463, date = 30-Aug-2021
 Newton its= 2, linearizations= 3 (0.0sec), linear its=  0 (0.0sec)

Starting time step 1, stepsize 20.1 days, at day 2442.9/2463, date = 08-Sep-2021

Warning: Keyword 'WELLS' is unhandled for output to restart file.
 Newton its= 3, linearizations= 4 (0.0sec), linear its=  1 (0.0sec)

                              **************************************************************************
  WELLS    AT      2463  DAYS *                 SPE1 - CASE 2                                          *
  REPORT   81    29 Sep 2021  *                                             Flow  version 2025.10-pre  *
                              **************************************************************************


======================================================= PRODUCTION REPORT =======================================================
:  WELL  : LOCATION  :CTRL:    OIL    :   WATER   :    GAS    :   FLUID   :   WATER   : GAS/OIL  :  WAT/GAS   : BHP OR : THP OR :
:  NAME  :  (I,J,K)  :MODE:   RATE    :   RATE    :   RATE    : RES.VOL.  :    CUT    :  RATIO   :   RATIO    :CON.PR. :BLK.PR. :
:        :           :    :  SCM/DAY  :  SCM/DAY  :  RCM/DAY  :  SCM/SCM  :  SCM/SCM  : SCM/SCM  :  SCM/SCM   : BARSA  : BARSA  :
=================================================================================================================================
:FIELD   :           :    :     1878.1:       -0.0:       -0.0:     2077.3:     -0.000:     -0.00:      0.0000:        :        :
:G1      :           :    :     1878.1:       -0.0:       -0.0:     2077.3:     -0.000:     -0.00:      0.0000:        :        :
:PROD    : 10, 10    : BHP:     1878.1:       -0.0:       -0.0:     2077.3:     -0.000:     -0.00:      0.0000:   245.0:     0.0:
:--------:-----------:----:-----------:-----------:-----------:-----------:-----------:----------:------------:--------:--------:

============================================= INJECTION REPORT ==============================================
:  WELL  : LOCATION  : CTRL : CTRL : CTRL :    OIL    :   WATER   :    GAS    :   FLUID   : BHP OR : THP OR :
:  NAME  :  (I,J,K)  : MODE : MODE : MODE :   RATE    :   RATE    :   RATE    : RES.VOL.  :CON.PR. :BLK.PR. :
:        :           : OIL  : WAT  : GAS  :  SCM/DAY  :  SCM/DAY  :  SCM/DAY  :  RCM/DAY  : BARSA  : BARSA  :
=============================================================================================================
:FIELD   :           :      :      :      :        0.0:     2000.0:        0.0:     2077.5:        :        :
:G1      :           :      :      :      :        0.0:     2000.0:        0.0:     2077.5:        :        :
:INJ     :  1,  1    :      :  WRAT:      :        0.0:     2000.0:        0.0:     2077.5:   272.6:     0.0:
:--------:-----------:------:------:------:-----------:-----------:-----------:-----------:--------:--------:

============================================== CUMULATIVE PRODUCTION/INJECTION TOTALS ==============================================
:  WELL  : LOCATION  :  WELL  :CTRL:    OIL    :   WATER   :    GAS    :   Prod    :    OIL    :   WATER   :    GAS    :    INJ    :
:  NAME  :  (I,J,K)  :  TYPE  :MODE:   PROD    :   PROD    :   PROD    : RES.VOL.  :    INJ    :    INJ    :    INJ    : RES.VOL.  :
:        :           :        :    :   MSCM    :   MSCM    :   MMSCM   :   MRCM    :   MSCM    :   MSCM    :   MMSCM   :   MRCM    :
====================================================================================================================================
:FIELD   :           :        :    :     2562.4:        0.0:        0.0:     2834.2:        0.0:     2736.0:        0.0:     2842.1:
:G1      :           :        :    :     2562.4:        0.0:        0.0:     2834.2:        0.0:     2736.0:        0.0:     2842.1:
:PROD    : 10, 10    :    PROD: BHP:     2562.4:        0.0:        0.0:     2834.2:        0.0:        0.0:        0.0:        0.0:
:INJ     :  1,  1    :     INJ:WRAT:        0.0:        0.0:        0.0:        0.0:        0.0:     2736.0:        0.0:     2842.1:
:--------:-----------:--------:----:-----------:-----------:-----------:-----------:-----------:-----------:-----------:-----------:


Report step 81/96 at day 2463/2920, date = 29-Sep-2021

Starting time step 0, stepsize 31 days, at day 2463/2494, date = 29-Sep-2021
Restart file written for report step 81/96, date = 29-Sep-2021 00:00:00

Warning: Keyword 'WELLS' is unhandled for output to restart file.
 Newton its=20, linearizations=21 (0.0sec), linear its=  4 (0.0sec)

                              **************************************************************************
  WELLS    AT      2494  DAYS *                 SPE1 - CASE 2                                          *
  REPORT   82    30 Oct 2021  *                                             Flow  version 2025.10-pre  *
                              **************************************************************************


======================================================= PRODUCTION REPORT =======================================================
:  WELL  : LOCATION  :CTRL:    OIL    :   WATER   :    GAS    :   FLUID   :   WATER   : GAS/OIL  :  WAT/GAS   : BHP OR : THP OR :
:  NAME  :  (I,J,K)  :MODE:   RATE    :   RATE    :   RATE    : RES.VOL.  :    CUT    :  RATIO   :   RATIO    :CON.PR. :BLK.PR. :
:        :           :    :  SCM/DAY  :  SCM/DAY  :  RCM/DAY  :  SCM/SCM  :  SCM/SCM  : SCM/SCM  :  SCM/SCM   : BARSA  : BARSA  :
=================================================================================================================================
:FIELD   :           :    :     1878.1:       -0.0:       -0.0:     2077.3:     -0.000:     -0.00:      0.0000:        :        :
:G1      :           :    :     1878.1:       -0.0:       -0.0:     2077.3:     -0.000:     -0.00:      0.0000:        :        :
:PROD    : 10, 10    : BHP:     1878.1:       -0.0:       -0.0:     2077.3:     -0.000:     -0.00:      0.0000:   245.0:     0.0:
:--------:-----------:----:-----------:-----------:-----------:-----------:-----------:----------:------------:--------:--------:

============================================= INJECTION REPORT ==============================================
:  WELL  : LOCATION  : CTRL : CTRL : CTRL :    OIL    :   WATER   :    GAS    :   FLUID   : BHP OR : THP OR :
:  NAME  :  (I,J,K)  : MODE : MODE : MODE :   RATE    :   RATE    :   RATE    : RES.VOL.  :CON.PR. :BLK.PR. :
:        :           : OIL  : WAT  : GAS  :  SCM/DAY  :  SCM/DAY  :  SCM/DAY  :  RCM/DAY  : BARSA  : BARSA  :
=============================================================================================================
:FIELD   :           :      :      :      :        0.0:     2000.0:        0.0:     2077.5:        :        :
:G1      :           :      :      :      :        0.0:     2000.0:        0.0:     2077.5:        :        :
:INJ     :  1,  1    :      :  WRAT:      :        0.0:     2000.0:        0.0:     2077.5:   272.6:     0.0:
:--------:-----------:------:------:------:-----------:-----------:-----------:-----------:--------:--------:

============================================== CUMULATIVE PRODUCTION/INJECTION TOTALS ==============================================
:  WELL  : LOCATION  :  WELL  :CTRL:    OIL    :   WATER   :    GAS    :   Prod    :    OIL    :   WATER   :    GAS    :    INJ    :
:  NAME  :  (I,J,K)  :  TYPE  :MODE:   PROD    :   PROD    :   PROD    : RES.VOL.  :    INJ    :    INJ    :    INJ    : RES.VOL.  :
:        :           :        :    :   MSCM    :   MSCM    :   MMSCM   :   MRCM    :   MSCM    :   MSCM    :   MMSCM   :   MRCM    :
====================================================================================================================================
:FIELD   :           :        :    :     2620.7:        0.0:        0.0:     2898.6:        0.0:     2798.0:        0.0:     2906.5:
:G1      :           :        :    :     2620.7:        0.0:        0.0:     2898.6:        0.0:     2798.0:        0.0:     2906.5:
:PROD    : 10, 10    :    PROD: BHP:     2620.7:        0.0:        0.0:     2898.6:        0.0:        0.0:        0.0:        0.0:
:INJ     :  1,  1    :     INJ:WRAT:        0.0:        0.0:        0.0:        0.0:        0.0:     2798.0:        0.0:     2906.5:
:--------:-----------:--------:----:-----------:-----------:-----------:-----------:-----------:-----------:-----------:-----------:


Report step 82/96 at day 2494/2920, date = 30-Oct-2021

Starting time step 0, stepsize 12.4 days, at day 2494/2524, date = 30-Oct-2021
    Oscillating behavior detected: Relaxation set to 0.900000
Restart file written for report step 82/96, date = 30-Oct-2021 00:00:00
    Oscillating behavior detected: Relaxation set to 0.800000
    Oscillating behavior detected: Relaxation set to 0.700000
    Oscillating behavior detected: Relaxation set to 0.600000
    Oscillating behavior detected: Relaxation set to 0.500000
 Newton its=20, linearizations=21 (0.0sec), linear its=  4 (0.0sec)

Starting time step 1, stepsize 4.96 days, at day 2506.4/2524, date = 11-Nov-2021
    Oscillating behavior detected: Relaxation set to 0.900000
 Newton its=20, linearizations=21 (0.0sec), linear its=  2 (0.0sec)

Starting time step 2, stepsize 1.984 days, at day 2511.36/2524, date = 16-Nov-2021
 Newton its= 1, linearizations= 2 (0.0sec), linear its=  0 (0.0sec)

Starting time step 3, stepsize 5.952 days, at day 2513.34/2524, date = 18-Nov-2021
    Oscillating behavior detected: Relaxation set to 0.900000
    Oscillating behavior detected: Relaxation set to 0.800000
    Oscillating behavior detected: Relaxation set to 0.700000
 Newton its=14, linearizations=15 (0.0sec), linear its=  1 (0.0sec)

Starting time step 4, stepsize 2.352 days, at day 2519.3/2524, date = 24-Nov-2021
 Newton its= 2, linearizations= 3 (0.0sec), linear its=  1 (0.0sec)

Starting time step 5, stepsize 2.352 days, at day 2521.65/2524, date = 26-Nov-2021

Warning: Keyword 'WELLS' is unhandled for output to restart file.
 Newton its= 1, linearizations= 2 (0.0sec), linear its=  1 (0.0sec)

                              **************************************************************************
  WELLS    AT      2524  DAYS *                 SPE1 - CASE 2                                          *
  REPORT   83    29 Nov 2021  *                                             Flow  version 2025.10-pre  *
                              **************************************************************************


======================================================= PRODUCTION REPORT =======================================================
:  WELL  : LOCATION  :CTRL:    OIL    :   WATER   :    GAS    :   FLUID   :   WATER   : GAS/OIL  :  WAT/GAS   : BHP OR : THP OR :
:  NAME  :  (I,J,K)  :MODE:   RATE    :   RATE    :   RATE    : RES.VOL.  :    CUT    :  RATIO   :   RATIO    :CON.PR. :BLK.PR. :
:        :           :    :  SCM/DAY  :  SCM/DAY  :  RCM/DAY  :  SCM/SCM  :  SCM/SCM  : SCM/SCM  :  SCM/SCM   : BARSA  : BARSA  :
=================================================================================================================================
:FIELD   :           :    :     1878.1:       -0.0:       -0.0:     2077.3:     -0.000:     -0.00:      0.0000:        :        :
:G1      :           :    :     1878.1:       -0.0:       -0.0:     2077.3:     -0.000:     -0.00:      0.0000:        :        :
:PROD    : 10, 10    : BHP:     1878.1:       -0.0:       -0.0:     2077.3:     -0.000:     -0.00:      0.0000:   245.0:     0.0:
:--------:-----------:----:-----------:-----------:-----------:-----------:-----------:----------:------------:--------:--------:

============================================= INJECTION REPORT ==============================================
:  WELL  : LOCATION  : CTRL : CTRL : CTRL :    OIL    :   WATER   :    GAS    :   FLUID   : BHP OR : THP OR :
:  NAME  :  (I,J,K)  : MODE : MODE : MODE :   RATE    :   RATE    :   RATE    : RES.VOL.  :CON.PR. :BLK.PR. :
:        :           : OIL  : WAT  : GAS  :  SCM/DAY  :  SCM/DAY  :  SCM/DAY  :  RCM/DAY  : BARSA  : BARSA  :
=============================================================================================================
:FIELD   :           :      :      :      :        0.0:     2000.0:        0.0:     2077.5:        :        :
:G1      :           :      :      :      :        0.0:     2000.0:        0.0:     2077.5:        :        :
:INJ     :  1,  1    :      :  WRAT:      :        0.0:     2000.0:        0.0:     2077.5:   272.6:     0.0:
:--------:-----------:------:------:------:-----------:-----------:-----------:-----------:--------:--------:

============================================== CUMULATIVE PRODUCTION/INJECTION TOTALS ==============================================
:  WELL  : LOCATION  :  WELL  :CTRL:    OIL    :   WATER   :    GAS    :   Prod    :    OIL    :   WATER   :    GAS    :    INJ    :
:  NAME  :  (I,J,K)  :  TYPE  :MODE:   PROD    :   PROD    :   PROD    : RES.VOL.  :    INJ    :    INJ    :    INJ    : RES.VOL.  :
:        :           :        :    :   MSCM    :   MSCM    :   MMSCM   :   MRCM    :   MSCM    :   MSCM    :   MMSCM   :   MRCM    :
====================================================================================================================================
:FIELD   :           :        :    :     2677.0:        0.0:        0.0:     2960.9:        0.0:     2858.0:        0.0:     2968.9:
:G1      :           :        :    :     2677.0:        0.0:        0.0:     2960.9:        0.0:     2858.0:        0.0:     2968.9:
:PROD    : 10, 10    :    PROD: BHP:     2677.0:        0.0:        0.0:     2960.9:        0.0:        0.0:        0.0:        0.0:
:INJ     :  1,  1    :     INJ:WRAT:        0.0:        0.0:        0.0:        0.0:        0.0:     2858.0:        0.0:     2968.9:
:--------:-----------:--------:----:-----------:-----------:-----------:-----------:-----------:-----------:-----------:-----------:


Report step 83/96 at day 2524/2920, date = 29-Nov-2021

Starting time step 0, stepsize 7.056 days, at day 2524/2555, date = 29-Nov-2021
 Newton its= 1, linearizations= 2 (0.0sec), linear its=  1 (0.0sec)
Restart file written for report step 83/96, date = 29-Nov-2021 00:00:00

Starting time step 1, stepsize 11.972 days, at day 2531.06/2555, date = 06-Dec-2021
 Newton its= 2, linearizations= 3 (0.0sec), linear its=  1 (0.0sec)

Starting time step 2, stepsize 11.972 days, at day 2543.03/2555, date = 18-Dec-2021

Warning: Keyword 'WELLS' is unhandled for output to restart file.
 Newton its=20, linearizations=21 (0.0sec), linear its=  1 (0.0sec)

                              **************************************************************************
  WELLS    AT      2555  DAYS *                 SPE1 - CASE 2                                          *
  REPORT   84    30 Dec 2021  *                                             Flow  version 2025.10-pre  *
                              **************************************************************************


======================================================= PRODUCTION REPORT =======================================================
:  WELL  : LOCATION  :CTRL:    OIL    :   WATER   :    GAS    :   FLUID   :   WATER   : GAS/OIL  :  WAT/GAS   : BHP OR : THP OR :
:  NAME  :  (I,J,K)  :MODE:   RATE    :   RATE    :   RATE    : RES.VOL.  :    CUT    :  RATIO   :   RATIO    :CON.PR. :BLK.PR. :
:        :           :    :  SCM/DAY  :  SCM/DAY  :  RCM/DAY  :  SCM/SCM  :  SCM/SCM  : SCM/SCM  :  SCM/SCM   : BARSA  : BARSA  :
=================================================================================================================================
:FIELD   :           :    :     1878.0:       -0.0:       -0.0:     2077.2:     -0.000:     -0.00:      0.0000:        :        :
:G1      :           :    :     1878.0:       -0.0:       -0.0:     2077.2:     -0.000:     -0.00:      0.0000:        :        :
:PROD    : 10, 10    : BHP:     1878.0:       -0.0:       -0.0:     2077.2:     -0.000:     -0.00:      0.0000:   245.0:     0.0:
:--------:-----------:----:-----------:-----------:-----------:-----------:-----------:----------:------------:--------:--------:

============================================= INJECTION REPORT ==============================================
:  WELL  : LOCATION  : CTRL : CTRL : CTRL :    OIL    :   WATER   :    GAS    :   FLUID   : BHP OR : THP OR :
:  NAME  :  (I,J,K)  : MODE : MODE : MODE :   RATE    :   RATE    :   RATE    : RES.VOL.  :CON.PR. :BLK.PR. :
:        :           : OIL  : WAT  : GAS  :  SCM/DAY  :  SCM/DAY  :  SCM/DAY  :  RCM/DAY  : BARSA  : BARSA  :
=============================================================================================================
:FIELD   :           :      :      :      :        0.0:     2000.0:        0.0:     2077.5:        :        :
:G1      :           :      :      :      :        0.0:     2000.0:        0.0:     2077.5:        :        :
:INJ     :  1,  1    :      :  WRAT:      :        0.0:     2000.0:        0.0:     2077.5:   272.6:     0.0:
:--------:-----------:------:------:------:-----------:-----------:-----------:-----------:--------:--------:

============================================== CUMULATIVE PRODUCTION/INJECTION TOTALS ==============================================
:  WELL  : LOCATION  :  WELL  :CTRL:    OIL    :   WATER   :    GAS    :   Prod    :    OIL    :   WATER   :    GAS    :    INJ    :
:  NAME  :  (I,J,K)  :  TYPE  :MODE:   PROD    :   PROD    :   PROD    : RES.VOL.  :    INJ    :    INJ    :    INJ    : RES.VOL.  :
:        :           :        :    :   MSCM    :   MSCM    :   MMSCM   :   MRCM    :   MSCM    :   MSCM    :   MMSCM   :   MRCM    :
====================================================================================================================================
:FIELD   :           :        :    :     2735.2:        0.0:        0.0:     3025.3:        0.0:     2920.0:        0.0:     3033.3:
:G1      :           :        :    :     2735.2:        0.0:        0.0:     3025.3:        0.0:     2920.0:        0.0:     3033.3:
:PROD    : 10, 10    :    PROD: BHP:     2735.2:        0.0:        0.0:     3025.3:        0.0:        0.0:        0.0:        0.0:
:INJ     :  1,  1    :     INJ:WRAT:        0.0:        0.0:        0.0:        0.0:        0.0:     2920.0:        0.0:     3033.3:
:--------:-----------:--------:----:-----------:-----------:-----------:-----------:-----------:-----------:-----------:-----------:


Report step 84/96 at day 2555/2920, date = 30-Dec-2021

Starting time step 0, stepsize 4.7888 days, at day 2555/2586, date = 30-Dec-2021
 Newton its= 1, linearizations= 2 (0.0sec), linear its=  0 (0.0sec)
Restart file written for report step 84/96, date = 30-Dec-2021 00:00:00

Starting time step 1, stepsize 2.47575 days, at day 2559.79/2586, date = 03-Jan-2022
 Newton its= 2, linearizations= 3 (0.0sec), linear its=  0 (0.0sec)

Starting time step 2, stepsize 7.42724 days, at day 2562.26/2586, date = 06-Jan-2022
 Newton its= 2, linearizations= 3 (0.0sec), linear its=  0 (0.0sec)

Starting time step 3, stepsize 16.3082 days, at day 2569.69/2586, date = 13-Jan-2022
    Oscillating behavior detected: Relaxation set to 0.900000
    Oscillating behavior detected: Relaxation set to 0.800000

Warning: Keyword 'WELLS' is unhandled for output to restart file.
 Newton its= 6, linearizations= 7 (0.0sec), linear its=  1 (0.0sec)

                              **************************************************************************
  WELLS    AT      2586  DAYS *                 SPE1 - CASE 2                                          *
  REPORT   85    30 Jan 2022  *                                             Flow  version 2025.10-pre  *
                              **************************************************************************


======================================================= PRODUCTION REPORT =======================================================
:  WELL  : LOCATION  :CTRL:    OIL    :   WATER   :    GAS    :   FLUID   :   WATER   : GAS/OIL  :  WAT/GAS   : BHP OR : THP OR :
:  NAME  :  (I,J,K)  :MODE:   RATE    :   RATE    :   RATE    : RES.VOL.  :    CUT    :  RATIO   :   RATIO    :CON.PR. :BLK.PR. :
:        :           :    :  SCM/DAY  :  SCM/DAY  :  RCM/DAY  :  SCM/SCM  :  SCM/SCM  : SCM/SCM  :  SCM/SCM   : BARSA  : BARSA  :
=================================================================================================================================
:FIELD   :           :    :       73.9:       -0.0:       -0.0:       81.8:     -0.000:     -0.00:      0.0000:        :        :
:G1      :           :    :       73.9:       -0.0:       -0.0:       81.8:     -0.000:     -0.00:      0.0000:        :        :
:PROD    : 10, 10    : BHP:       73.9:       -0.0:       -0.0:       81.8:     -0.000:     -0.00:      0.0000:   245.0:     0.0:
:--------:-----------:----:-----------:-----------:-----------:-----------:-----------:----------:------------:--------:--------:

============================================= INJECTION REPORT ==============================================
:  WELL  : LOCATION  : CTRL : CTRL : CTRL :    OIL    :   WATER   :    GAS    :   FLUID   : BHP OR : THP OR :
:  NAME  :  (I,J,K)  : MODE : MODE : MODE :   RATE    :   RATE    :   RATE    : RES.VOL.  :CON.PR. :BLK.PR. :
:        :           : OIL  : WAT  : GAS  :  SCM/DAY  :  SCM/DAY  :  SCM/DAY  :  RCM/DAY  : BARSA  : BARSA  :
=============================================================================================================
:FIELD   :           :      :      :      :        0.0:        0.0:        0.0:        0.0:        :        :
:G1      :           :      :      :      :        0.0:        0.0:        0.0:        0.0:        :        :
:INJ     :  1,  1    :      :  WRAT:      :        0.0:        0.0:        0.0:        0.0:     0.0:     0.0:
:--------:-----------:------:------:------:-----------:-----------:-----------:-----------:--------:--------:

============================================== CUMULATIVE PRODUCTION/INJECTION TOTALS ==============================================
:  WELL  : LOCATION  :  WELL  :CTRL:    OIL    :   WATER   :    GAS    :   Prod    :    OIL    :   WATER   :    GAS    :    INJ    :
:  NAME  :  (I,J,K)  :  TYPE  :MODE:   PROD    :   PROD    :   PROD    : RES.VOL.  :    INJ    :    INJ    :    INJ    : RES.VOL.  :
:        :           :        :    :   MSCM    :   MSCM    :   MMSCM   :   MRCM    :   MSCM    :   MSCM    :   MMSCM   :   MRCM    :
====================================================================================================================================
:FIELD   :           :        :    :     2745.4:        0.0:        0.0:     3036.6:        0.0:     2920.0:        0.0:     3033.3:
:G1      :           :        :    :     2745.4:        0.0:        0.0:     3036.6:        0.0:     2920.0:        0.0:     3033.3:
:PROD    : 10, 10    :    PROD: BHP:     2745.4:        0.0:        0.0:     3036.6:        0.0:        0.0:        0.0:        0.0:
:INJ     :  1,  1    :     INJ:WRAT:        0.0:        0.0:        0.0:        0.0:        0.0:     2920.0:        0.0:     3033.3:
:--------:-----------:--------:----:-----------:-----------:-----------:-----------:-----------:-----------:-----------:-----------:


Report step 85/96 at day 2586/2920, date = 30-Jan-2022

Starting time step 0, stepsize 28 days, at day 2586/2614, date = 30-Jan-2022
Restart file written for report step 85/96, date = 30-Jan-2022 00:00:00

Warning: Keyword 'WELLS' is unhandled for output to restart file.
 Newton its=20, linearizations=21 (0.0sec), linear its=  1 (0.0sec)

                              **************************************************************************
  WELLS    AT      2614  DAYS *                 SPE1 - CASE 2                                          *
  REPORT   86    27 Feb 2022  *                                             Flow  version 2025.10-pre  *
                              **************************************************************************


======================================================= PRODUCTION REPORT =======================================================
:  WELL  : LOCATION  :CTRL:    OIL    :   WATER   :    GAS    :   FLUID   :   WATER   : GAS/OIL  :  WAT/GAS   : BHP OR : THP OR :
:  NAME  :  (I,J,K)  :MODE:   RATE    :   RATE    :   RATE    : RES.VOL.  :    CUT    :  RATIO   :   RATIO    :CON.PR. :BLK.PR. :
:        :           :    :  SCM/DAY  :  SCM/DAY  :  RCM/DAY  :  SCM/SCM  :  SCM/SCM  : SCM/SCM  :  SCM/SCM   : BARSA  : BARSA  :
=================================================================================================================================
:FIELD   :           :    :       11.8:       -0.0:       -0.0:       13.1:     -0.000:     -0.00:      0.0000:        :        :
:G1      :           :    :       11.8:       -0.0:       -0.0:       13.1:     -0.000:     -0.00:      0.0000:        :        :
:PROD    : 10, 10    : BHP:       11.8:       -0.0:       -0.0:       13.1:     -0.000:     -0.00:      0.0000:   245.0:     0.0:
:--------:-----------:----:-----------:-----------:-----------:-----------:-----------:----------:------------:--------:--------:

============================================= INJECTION REPORT ==============================================
:  WELL  : LOCATION  : CTRL : CTRL : CTRL :    OIL    :   WATER   :    GAS    :   FLUID   : BHP OR : THP OR :
:  NAME  :  (I,J,K)  : MODE : MODE : MODE :   RATE    :   RATE    :   RATE    : RES.VOL.  :CON.PR. :BLK.PR. :
:        :           : OIL  : WAT  : GAS  :  SCM/DAY  :  SCM/DAY  :  SCM/DAY  :  RCM/DAY  : BARSA  : BARSA  :
=============================================================================================================
:FIELD   :           :      :      :      :        0.0:        0.0:        0.0:        0.0:        :        :
:G1      :           :      :      :      :        0.0:        0.0:        0.0:        0.0:        :        :
:INJ     :  1,  1    :      :  WRAT:      :        0.0:        0.0:        0.0:        0.0:     0.0:     0.0:
:--------:-----------:------:------:------:-----------:-----------:-----------:-----------:--------:--------:

============================================== CUMULATIVE PRODUCTION/INJECTION TOTALS ==============================================
:  WELL  : LOCATION  :  WELL  :CTRL:    OIL    :   WATER   :    GAS    :   Prod    :    OIL    :   WATER   :    GAS    :    INJ    :
:  NAME  :  (I,J,K)  :  TYPE  :MODE:   PROD    :   PROD    :   PROD    : RES.VOL.  :    INJ    :    INJ    :    INJ    : RES.VOL.  :
:        :           :        :    :   MSCM    :   MSCM    :   MMSCM   :   MRCM    :   MSCM    :   MSCM    :   MMSCM   :   MRCM    :
====================================================================================================================================
:FIELD   :           :        :    :     2745.8:        0.0:        0.0:     3037.0:        0.0:     2920.0:        0.0:     3033.3:
:G1      :           :        :    :     2745.8:        0.0:        0.0:     3037.0:        0.0:     2920.0:        0.0:     3033.3:
:PROD    : 10, 10    :    PROD: BHP:     2745.8:        0.0:        0.0:     3037.0:        0.0:        0.0:        0.0:        0.0:
:INJ     :  1,  1    :     INJ:WRAT:        0.0:        0.0:        0.0:        0.0:        0.0:     2920.0:        0.0:     3033.3:
:--------:-----------:--------:----:-----------:-----------:-----------:-----------:-----------:-----------:-----------:-----------:


Report step 86/96 at day 2614/2920, date = 27-Feb-2022

Starting time step 0, stepsize 11.2 days, at day 2614/2645, date = 27-Feb-2022
 Newton its= 1, linearizations= 2 (0.0sec), linear its=  0 (0.0sec)
Restart file written for report step 86/96, date = 27-Feb-2022 00:00:00

Starting time step 1, stepsize 19.8 days, at day 2625.2/2645, date = 10-Mar-2022

Warning: Keyword 'WELLS' is unhandled for output to restart file.
 Newton its= 1, linearizations= 2 (0.0sec), linear its=  0 (0.0sec)

                              **************************************************************************
  WELLS    AT      2645  DAYS *                 SPE1 - CASE 2                                          *
  REPORT   87    30 Mar 2022  *                                             Flow  version 2025.10-pre  *
                              **************************************************************************


======================================================= PRODUCTION REPORT =======================================================
:  WELL  : LOCATION  :CTRL:    OIL    :   WATER   :    GAS    :   FLUID   :   WATER   : GAS/OIL  :  WAT/GAS   : BHP OR : THP OR :
:  NAME  :  (I,J,K)  :MODE:   RATE    :   RATE    :   RATE    : RES.VOL.  :    CUT    :  RATIO   :   RATIO    :CON.PR. :BLK.PR. :
:        :           :    :  SCM/DAY  :  SCM/DAY  :  RCM/DAY  :  SCM/SCM  :  SCM/SCM  : SCM/SCM  :  SCM/SCM   : BARSA  : BARSA  :
=================================================================================================================================
:FIELD   :           :    :        0.8:       -0.0:       -0.0:        0.9:     -0.000:     -0.00:      0.0000:        :        :
:G1      :           :    :        0.8:       -0.0:       -0.0:        0.9:     -0.000:     -0.00:      0.0000:        :        :
:PROD    : 10, 10    : BHP:        0.8:       -0.0:       -0.0:        0.9:     -0.000:     -0.00:      0.0000:   245.0:     0.0:
:--------:-----------:----:-----------:-----------:-----------:-----------:-----------:----------:------------:--------:--------:

============================================= INJECTION REPORT ==============================================
:  WELL  : LOCATION  : CTRL : CTRL : CTRL :    OIL    :   WATER   :    GAS    :   FLUID   : BHP OR : THP OR :
:  NAME  :  (I,J,K)  : MODE : MODE : MODE :   RATE    :   RATE    :   RATE    : RES.VOL.  :CON.PR. :BLK.PR. :
:        :           : OIL  : WAT  : GAS  :  SCM/DAY  :  SCM/DAY  :  SCM/DAY  :  RCM/DAY  : BARSA  : BARSA  :
=============================================================================================================
:FIELD   :           :      :      :      :        0.0:        0.0:        0.0:        0.0:        :        :
:G1      :           :      :      :      :        0.0:        0.0:        0.0:        0.0:        :        :
:INJ     :  1,  1    :      :  WRAT:      :        0.0:        0.0:        0.0:        0.0:     0.0:     0.0:
:--------:-----------:------:------:------:-----------:-----------:-----------:-----------:--------:--------:

============================================== CUMULATIVE PRODUCTION/INJECTION TOTALS ==============================================
:  WELL  : LOCATION  :  WELL  :CTRL:    OIL    :   WATER   :    GAS    :   Prod    :    OIL    :   WATER   :    GAS    :    INJ    :
:  NAME  :  (I,J,K)  :  TYPE  :MODE:   PROD    :   PROD    :   PROD    : RES.VOL.  :    INJ    :    INJ    :    INJ    : RES.VOL.  :
:        :           :        :    :   MSCM    :   MSCM    :   MMSCM   :   MRCM    :   MSCM    :   MSCM    :   MMSCM   :   MRCM    :
====================================================================================================================================
:FIELD   :           :        :    :     2745.8:        0.0:        0.0:     3037.0:        0.0:     2920.0:        0.0:     3033.3:
:G1      :           :        :    :     2745.8:        0.0:        0.0:     3037.0:        0.0:     2920.0:        0.0:     3033.3:
:PROD    : 10, 10    :    PROD: BHP:     2745.8:        0.0:        0.0:     3037.0:        0.0:        0.0:        0.0:        0.0:
:INJ     :  1,  1    :     INJ:WRAT:        0.0:        0.0:        0.0:        0.0:        0.0:     2920.0:        0.0:     3033.3:
:--------:-----------:--------:----:-----------:-----------:-----------:-----------:-----------:-----------:-----------:-----------:


Report step 87/96 at day 2645/2920, date = 30-Mar-2022

Starting time step 0, stepsize 30 days, at day 2645/2675, date = 30-Mar-2022

Warning: Keyword 'WELLS' is unhandled for output to restart file.
 Newton its= 2, linearizations= 3 (0.0sec), linear its=  1 (0.0sec)
Restart file written for report step 87/96, date = 30-Mar-2022 00:00:00

                              **************************************************************************
  WELLS    AT      2675  DAYS *                 SPE1 - CASE 2                                          *
  REPORT   88    29 Apr 2022  *                                             Flow  version 2025.10-pre  *
                              **************************************************************************


======================================================= PRODUCTION REPORT =======================================================
:  WELL  : LOCATION  :CTRL:    OIL    :   WATER   :    GAS    :   FLUID   :   WATER   : GAS/OIL  :  WAT/GAS   : BHP OR : THP OR :
:  NAME  :  (I,J,K)  :MODE:   RATE    :   RATE    :   RATE    : RES.VOL.  :    CUT    :  RATIO   :   RATIO    :CON.PR. :BLK.PR. :
:        :           :    :  SCM/DAY  :  SCM/DAY  :  RCM/DAY  :  SCM/SCM  :  SCM/SCM  : SCM/SCM  :  SCM/SCM   : BARSA  : BARSA  :
=================================================================================================================================
:FIELD   :           :    :        0.1:       -0.0:       -0.0:        0.1:     -0.000:     -0.00:      0.0000:        :        :
:G1      :           :    :        0.1:       -0.0:       -0.0:        0.1:     -0.000:     -0.00:      0.0000:        :        :
:PROD    : 10, 10    : BHP:        0.1:       -0.0:       -0.0:        0.1:     -0.000:     -0.00:      0.0000:   245.0:     0.0:
:--------:-----------:----:-----------:-----------:-----------:-----------:-----------:----------:------------:--------:--------:

============================================= INJECTION REPORT ==============================================
:  WELL  : LOCATION  : CTRL : CTRL : CTRL :    OIL    :   WATER   :    GAS    :   FLUID   : BHP OR : THP OR :
:  NAME  :  (I,J,K)  : MODE : MODE : MODE :   RATE    :   RATE    :   RATE    : RES.VOL.  :CON.PR. :BLK.PR. :
:        :           : OIL  : WAT  : GAS  :  SCM/DAY  :  SCM/DAY  :  SCM/DAY  :  RCM/DAY  : BARSA  : BARSA  :
=============================================================================================================
:FIELD   :           :      :      :      :        0.0:        0.0:        0.0:        0.0:        :        :
:G1      :           :      :      :      :        0.0:        0.0:        0.0:        0.0:        :        :
:INJ     :  1,  1    :      :  WRAT:      :        0.0:        0.0:        0.0:        0.0:     0.0:     0.0:
:--------:-----------:------:------:------:-----------:-----------:-----------:-----------:--------:--------:

============================================== CUMULATIVE PRODUCTION/INJECTION TOTALS ==============================================
:  WELL  : LOCATION  :  WELL  :CTRL:    OIL    :   WATER   :    GAS    :   Prod    :    OIL    :   WATER   :    GAS    :    INJ    :
:  NAME  :  (I,J,K)  :  TYPE  :MODE:   PROD    :   PROD    :   PROD    : RES.VOL.  :    INJ    :    INJ    :    INJ    : RES.VOL.  :
:        :           :        :    :   MSCM    :   MSCM    :   MMSCM   :   MRCM    :   MSCM    :   MSCM    :   MMSCM   :   MRCM    :
====================================================================================================================================
:FIELD   :           :        :    :     2745.8:        0.0:        0.0:     3037.0:        0.0:     2920.0:        0.0:     3033.3:
:G1      :           :        :    :     2745.8:        0.0:        0.0:     3037.0:        0.0:     2920.0:        0.0:     3033.3:
:PROD    : 10, 10    :    PROD: BHP:     2745.8:        0.0:        0.0:     3037.0:        0.0:        0.0:        0.0:        0.0:
:INJ     :  1,  1    :     INJ:WRAT:        0.0:        0.0:        0.0:        0.0:        0.0:     2920.0:        0.0:     3033.3:
:--------:-----------:--------:----:-----------:-----------:-----------:-----------:-----------:-----------:-----------:-----------:


Report step 88/96 at day 2675/2920, date = 29-Apr-2022

Starting time step 0, stepsize 31 days, at day 2675/2706, date = 29-Apr-2022

Warning: Keyword 'WELLS' is unhandled for output to restart file.
 Newton its= 1, linearizations= 2 (0.0sec), linear its=  1 (0.0sec)
Restart file written for report step 88/96, date = 29-Apr-2022 00:00:00

                              **************************************************************************
  WELLS    AT      2706  DAYS *                 SPE1 - CASE 2                                          *
  REPORT   89    30 May 2022  *                                             Flow  version 2025.10-pre  *
                              **************************************************************************


======================================================= PRODUCTION REPORT =======================================================
:  WELL  : LOCATION  :CTRL:    OIL    :   WATER   :    GAS    :   FLUID   :   WATER   : GAS/OIL  :  WAT/GAS   : BHP OR : THP OR :
:  NAME  :  (I,J,K)  :MODE:   RATE    :   RATE    :   RATE    : RES.VOL.  :    CUT    :  RATIO   :   RATIO    :CON.PR. :BLK.PR. :
:        :           :    :  SCM/DAY  :  SCM/DAY  :  RCM/DAY  :  SCM/SCM  :  SCM/SCM  : SCM/SCM  :  SCM/SCM   : BARSA  : BARSA  :
=================================================================================================================================
:FIELD   :           :    :        0.0:       -0.0:       -0.0:        0.0:     -0.000:     -0.00:      0.0000:        :        :
:G1      :           :    :        0.0:       -0.0:       -0.0:        0.0:     -0.000:     -0.00:      0.0000:        :        :
:PROD    : 10, 10    : BHP:        0.0:       -0.0:       -0.0:        0.0:     -0.000:     -0.00:      0.0000:   245.0:     0.0:
:--------:-----------:----:-----------:-----------:-----------:-----------:-----------:----------:------------:--------:--------:

============================================= INJECTION REPORT ==============================================
:  WELL  : LOCATION  : CTRL : CTRL : CTRL :    OIL    :   WATER   :    GAS    :   FLUID   : BHP OR : THP OR :
:  NAME  :  (I,J,K)  : MODE : MODE : MODE :   RATE    :   RATE    :   RATE    : RES.VOL.  :CON.PR. :BLK.PR. :
:        :           : OIL  : WAT  : GAS  :  SCM/DAY  :  SCM/DAY  :  SCM/DAY  :  RCM/DAY  : BARSA  : BARSA  :
=============================================================================================================
:FIELD   :           :      :      :      :        0.0:        0.0:        0.0:        0.0:        :        :
:G1      :           :      :      :      :        0.0:        0.0:        0.0:        0.0:        :        :
:INJ     :  1,  1    :      :  WRAT:      :        0.0:        0.0:        0.0:        0.0:     0.0:     0.0:
:--------:-----------:------:------:------:-----------:-----------:-----------:-----------:--------:--------:

============================================== CUMULATIVE PRODUCTION/INJECTION TOTALS ==============================================
:  WELL  : LOCATION  :  WELL  :CTRL:    OIL    :   WATER   :    GAS    :   Prod    :    OIL    :   WATER   :    GAS    :    INJ    :
:  NAME  :  (I,J,K)  :  TYPE  :MODE:   PROD    :   PROD    :   PROD    : RES.VOL.  :    INJ    :    INJ    :    INJ    : RES.VOL.  :
:        :           :        :    :   MSCM    :   MSCM    :   MMSCM   :   MRCM    :   MSCM    :   MSCM    :   MMSCM   :   MRCM    :
====================================================================================================================================
:FIELD   :           :        :    :     2745.8:        0.0:        0.0:     3037.0:        0.0:     2920.0:        0.0:     3033.3:
:G1      :           :        :    :     2745.8:        0.0:        0.0:     3037.0:        0.0:     2920.0:        0.0:     3033.3:
:PROD    : 10, 10    :    PROD: BHP:     2745.8:        0.0:        0.0:     3037.0:        0.0:        0.0:        0.0:        0.0:
:INJ     :  1,  1    :     INJ:WRAT:        0.0:        0.0:        0.0:        0.0:        0.0:     2920.0:        0.0:     3033.3:
:--------:-----------:--------:----:-----------:-----------:-----------:-----------:-----------:-----------:-----------:-----------:


Report step 89/96 at day 2706/2920, date = 30-May-2022

Starting time step 0, stepsize 30 days, at day 2706/2736, date = 30-May-2022
Well PROD will be shut as it can not operate under current reservoir conditions.

Warning: Keyword 'WELLS' is unhandled for output to restart file.
 Newton its= 2, linearizations= 3 (0.0sec), linear its=  0 (0.0sec)
Restart file written for report step 89/96, date = 30-May-2022 00:00:00

                              **************************************************************************
  WELLS    AT      2736  DAYS *                 SPE1 - CASE 2                                          *
  REPORT   90    29 Jun 2022  *                                             Flow  version 2025.10-pre  *
                              **************************************************************************


======================================================= PRODUCTION REPORT =======================================================
:  WELL  : LOCATION  :CTRL:    OIL    :   WATER   :    GAS    :   FLUID   :   WATER   : GAS/OIL  :  WAT/GAS   : BHP OR : THP OR :
:  NAME  :  (I,J,K)  :MODE:   RATE    :   RATE    :   RATE    : RES.VOL.  :    CUT    :  RATIO   :   RATIO    :CON.PR. :BLK.PR. :
:        :           :    :  SCM/DAY  :  SCM/DAY  :  RCM/DAY  :  SCM/SCM  :  SCM/SCM  : SCM/SCM  :  SCM/SCM   : BARSA  : BARSA  :
=================================================================================================================================
:FIELD   :           :    :       -0.0:       -0.0:       -0.0:       -0.0:      0.000:      0.00:      0.0000:        :        :
:G1      :           :    :       -0.0:       -0.0:       -0.0:       -0.0:      0.000:      0.00:      0.0000:        :        :
:PROD    : 10, 10    : BHP:       -0.0:       -0.0:       -0.0:       -0.0:      0.000:      0.00:      0.0000:   245.0:     0.0:
:--------:-----------:----:-----------:-----------:-----------:-----------:-----------:----------:------------:--------:--------:

============================================= INJECTION REPORT ==============================================
:  WELL  : LOCATION  : CTRL : CTRL : CTRL :    OIL    :   WATER   :    GAS    :   FLUID   : BHP OR : THP OR :
:  NAME  :  (I,J,K)  : MODE : MODE : MODE :   RATE    :   RATE    :   RATE    : RES.VOL.  :CON.PR. :BLK.PR. :
:        :           : OIL  : WAT  : GAS  :  SCM/DAY  :  SCM/DAY  :  SCM/DAY  :  RCM/DAY  : BARSA  : BARSA  :
=============================================================================================================
:FIELD   :           :      :      :      :        0.0:        0.0:        0.0:        0.0:        :        :
:G1      :           :      :      :      :        0.0:        0.0:        0.0:        0.0:        :        :
:INJ     :  1,  1    :      :  WRAT:      :        0.0:        0.0:        0.0:        0.0:     0.0:     0.0:
:--------:-----------:------:------:------:-----------:-----------:-----------:-----------:--------:--------:

============================================== CUMULATIVE PRODUCTION/INJECTION TOTALS ==============================================
:  WELL  : LOCATION  :  WELL  :CTRL:    OIL    :   WATER   :    GAS    :   Prod    :    OIL    :   WATER   :    GAS    :    INJ    :
:  NAME  :  (I,J,K)  :  TYPE  :MODE:   PROD    :   PROD    :   PROD    : RES.VOL.  :    INJ    :    INJ    :    INJ    : RES.VOL.  :
:        :           :        :    :   MSCM    :   MSCM    :   MMSCM   :   MRCM    :   MSCM    :   MSCM    :   MMSCM   :   MRCM    :
====================================================================================================================================
:FIELD   :           :        :    :     2745.8:        0.0:        0.0:     3037.0:        0.0:     2920.0:        0.0:     3033.3:
:G1      :           :        :    :     2745.8:        0.0:        0.0:     3037.0:        0.0:     2920.0:        0.0:     3033.3:
:PROD    : 10, 10    :    PROD: BHP:     2745.8:        0.0:        0.0:     3037.0:        0.0:        0.0:        0.0:        0.0:
:INJ     :  1,  1    :     INJ:WRAT:        0.0:        0.0:        0.0:        0.0:        0.0:     2920.0:        0.0:     3033.3:
:--------:-----------:--------:----:-----------:-----------:-----------:-----------:-----------:-----------:-----------:-----------:


Report step 90/96 at day 2736/2920, date = 29-Jun-2022

Starting time step 0, stepsize 31 days, at day 2736/2767, date = 29-Jun-2022

Warning: Keyword 'WELLS' is unhandled for output to restart file.
 Newton its= 2, linearizations= 3 (0.0sec), linear its=  1 (0.0sec)
Restart file written for report step 90/96, date = 29-Jun-2022 00:00:00

                              **************************************************************************
  WELLS    AT      2767  DAYS *                 SPE1 - CASE 2                                          *
  REPORT   91    30 Jul 2022  *                                             Flow  version 2025.10-pre  *
                              **************************************************************************


======================================================= PRODUCTION REPORT =======================================================
:  WELL  : LOCATION  :CTRL:    OIL    :   WATER   :    GAS    :   FLUID   :   WATER   : GAS/OIL  :  WAT/GAS   : BHP OR : THP OR :
:  NAME  :  (I,J,K)  :MODE:   RATE    :   RATE    :   RATE    : RES.VOL.  :    CUT    :  RATIO   :   RATIO    :CON.PR. :BLK.PR. :
:        :           :    :  SCM/DAY  :  SCM/DAY  :  RCM/DAY  :  SCM/SCM  :  SCM/SCM  : SCM/SCM  :  SCM/SCM   : BARSA  : BARSA  :
=================================================================================================================================
:FIELD   :           :    :       -0.0:       -0.0:       -0.0:       -0.0:      0.000:      0.00:      0.0000:        :        :
:G1      :           :    :       -0.0:       -0.0:       -0.0:       -0.0:      0.000:      0.00:      0.0000:        :        :
:PROD    : 10, 10    : BHP:       -0.0:       -0.0:       -0.0:       -0.0:      0.000:      0.00:      0.0000:     0.0:     0.0:
:--------:-----------:----:-----------:-----------:-----------:-----------:-----------:----------:------------:--------:--------:

============================================= INJECTION REPORT ==============================================
:  WELL  : LOCATION  : CTRL : CTRL : CTRL :    OIL    :   WATER   :    GAS    :   FLUID   : BHP OR : THP OR :
:  NAME  :  (I,J,K)  : MODE : MODE : MODE :   RATE    :   RATE    :   RATE    : RES.VOL.  :CON.PR. :BLK.PR. :
:        :           : OIL  : WAT  : GAS  :  SCM/DAY  :  SCM/DAY  :  SCM/DAY  :  RCM/DAY  : BARSA  : BARSA  :
=============================================================================================================
:FIELD   :           :      :      :      :        0.0:        0.0:        0.0:        0.0:        :        :
:G1      :           :      :      :      :        0.0:        0.0:        0.0:        0.0:        :        :
:INJ     :  1,  1    :      :  WRAT:      :        0.0:        0.0:        0.0:        0.0:     0.0:     0.0:
:--------:-----------:------:------:------:-----------:-----------:-----------:-----------:--------:--------:

============================================== CUMULATIVE PRODUCTION/INJECTION TOTALS ==============================================
:  WELL  : LOCATION  :  WELL  :CTRL:    OIL    :   WATER   :    GAS    :   Prod    :    OIL    :   WATER   :    GAS    :    INJ    :
:  NAME  :  (I,J,K)  :  TYPE  :MODE:   PROD    :   PROD    :   PROD    : RES.VOL.  :    INJ    :    INJ    :    INJ    : RES.VOL.  :
:        :           :        :    :   MSCM    :   MSCM    :   MMSCM   :   MRCM    :   MSCM    :   MSCM    :   MMSCM   :   MRCM    :
====================================================================================================================================
:FIELD   :           :        :    :     2745.8:        0.0:        0.0:     3037.0:        0.0:     2920.0:        0.0:     3033.3:
:G1      :           :        :    :     2745.8:        0.0:        0.0:     3037.0:        0.0:     2920.0:        0.0:     3033.3:
:PROD    : 10, 10    :    PROD: BHP:     2745.8:        0.0:        0.0:     3037.0:        0.0:        0.0:        0.0:        0.0:
:INJ     :  1,  1    :     INJ:WRAT:        0.0:        0.0:        0.0:        0.0:        0.0:     2920.0:        0.0:     3033.3:
:--------:-----------:--------:----:-----------:-----------:-----------:-----------:-----------:-----------:-----------:-----------:


Report step 91/96 at day 2767/2920, date = 30-Jul-2022

Starting time step 0, stepsize 31 days, at day 2767/2798, date = 30-Jul-2022

Warning: Keyword 'WELLS' is unhandled for output to restart file.
 Newton its= 1, linearizations= 2 (0.0sec), linear its=  1 (0.0sec)
Restart file written for report step 91/96, date = 30-Jul-2022 00:00:00

                              **************************************************************************
  WELLS    AT      2798  DAYS *                 SPE1 - CASE 2                                          *
  REPORT   92    30 Aug 2022  *                                             Flow  version 2025.10-pre  *
                              **************************************************************************


======================================================= PRODUCTION REPORT =======================================================
:  WELL  : LOCATION  :CTRL:    OIL    :   WATER   :    GAS    :   FLUID   :   WATER   : GAS/OIL  :  WAT/GAS   : BHP OR : THP OR :
:  NAME  :  (I,J,K)  :MODE:   RATE    :   RATE    :   RATE    : RES.VOL.  :    CUT    :  RATIO   :   RATIO    :CON.PR. :BLK.PR. :
:        :           :    :  SCM/DAY  :  SCM/DAY  :  RCM/DAY  :  SCM/SCM  :  SCM/SCM  : SCM/SCM  :  SCM/SCM   : BARSA  : BARSA  :
=================================================================================================================================
:FIELD   :           :    :       -0.0:       -0.0:       -0.0:       -0.0:      0.000:      0.00:      0.0000:        :        :
:G1      :           :    :       -0.0:       -0.0:       -0.0:       -0.0:      0.000:      0.00:      0.0000:        :        :
:PROD    : 10, 10    : BHP:       -0.0:       -0.0:       -0.0:       -0.0:      0.000:      0.00:      0.0000:     0.0:     0.0:
:--------:-----------:----:-----------:-----------:-----------:-----------:-----------:----------:------------:--------:--------:

============================================= INJECTION REPORT ==============================================
:  WELL  : LOCATION  : CTRL : CTRL : CTRL :    OIL    :   WATER   :    GAS    :   FLUID   : BHP OR : THP OR :
:  NAME  :  (I,J,K)  : MODE : MODE : MODE :   RATE    :   RATE    :   RATE    : RES.VOL.  :CON.PR. :BLK.PR. :
:        :           : OIL  : WAT  : GAS  :  SCM/DAY  :  SCM/DAY  :  SCM/DAY  :  RCM/DAY  : BARSA  : BARSA  :
=============================================================================================================
:FIELD   :           :      :      :      :        0.0:        0.0:        0.0:        0.0:        :        :
:G1      :           :      :      :      :        0.0:        0.0:        0.0:        0.0:        :        :
:INJ     :  1,  1    :      :  WRAT:      :        0.0:        0.0:        0.0:        0.0:     0.0:     0.0:
:--------:-----------:------:------:------:-----------:-----------:-----------:-----------:--------:--------:

============================================== CUMULATIVE PRODUCTION/INJECTION TOTALS ==============================================
:  WELL  : LOCATION  :  WELL  :CTRL:    OIL    :   WATER   :    GAS    :   Prod    :    OIL    :   WATER   :    GAS    :    INJ    :
:  NAME  :  (I,J,K)  :  TYPE  :MODE:   PROD    :   PROD    :   PROD    : RES.VOL.  :    INJ    :    INJ    :    INJ    : RES.VOL.  :
:        :           :        :    :   MSCM    :   MSCM    :   MMSCM   :   MRCM    :   MSCM    :   MSCM    :   MMSCM   :   MRCM    :
====================================================================================================================================
:FIELD   :           :        :    :     2745.8:        0.0:        0.0:     3037.0:        0.0:     2920.0:        0.0:     3033.3:
:G1      :           :        :    :     2745.8:        0.0:        0.0:     3037.0:        0.0:     2920.0:        0.0:     3033.3:
:PROD    : 10, 10    :    PROD: BHP:     2745.8:        0.0:        0.0:     3037.0:        0.0:        0.0:        0.0:        0.0:
:INJ     :  1,  1    :     INJ:WRAT:        0.0:        0.0:        0.0:        0.0:        0.0:     2920.0:        0.0:     3033.3:
:--------:-----------:--------:----:-----------:-----------:-----------:-----------:-----------:-----------:-----------:-----------:


Report step 92/96 at day 2798/2920, date = 30-Aug-2022

Starting time step 0, stepsize 30 days, at day 2798/2828, date = 30-Aug-2022

Warning: Keyword 'WELLS' is unhandled for output to restart file.
 Newton its= 1, linearizations= 2 (0.0sec), linear its=  1 (0.0sec)
Restart file written for report step 92/96, date = 30-Aug-2022 00:00:00

                              **************************************************************************
  WELLS    AT      2828  DAYS *                 SPE1 - CASE 2                                          *
  REPORT   93    29 Sep 2022  *                                             Flow  version 2025.10-pre  *
                              **************************************************************************


======================================================= PRODUCTION REPORT =======================================================
:  WELL  : LOCATION  :CTRL:    OIL    :   WATER   :    GAS    :   FLUID   :   WATER   : GAS/OIL  :  WAT/GAS   : BHP OR : THP OR :
:  NAME  :  (I,J,K)  :MODE:   RATE    :   RATE    :   RATE    : RES.VOL.  :    CUT    :  RATIO   :   RATIO    :CON.PR. :BLK.PR. :
:        :           :    :  SCM/DAY  :  SCM/DAY  :  RCM/DAY  :  SCM/SCM  :  SCM/SCM  : SCM/SCM  :  SCM/SCM   : BARSA  : BARSA  :
=================================================================================================================================
:FIELD   :           :    :       -0.0:       -0.0:       -0.0:       -0.0:      0.000:      0.00:      0.0000:        :        :
:G1      :           :    :       -0.0:       -0.0:       -0.0:       -0.0:      0.000:      0.00:      0.0000:        :        :
:PROD    : 10, 10    : BHP:       -0.0:       -0.0:       -0.0:       -0.0:      0.000:      0.00:      0.0000:     0.0:     0.0:
:--------:-----------:----:-----------:-----------:-----------:-----------:-----------:----------:------------:--------:--------:

============================================= INJECTION REPORT ==============================================
:  WELL  : LOCATION  : CTRL : CTRL : CTRL :    OIL    :   WATER   :    GAS    :   FLUID   : BHP OR : THP OR :
:  NAME  :  (I,J,K)  : MODE : MODE : MODE :   RATE    :   RATE    :   RATE    : RES.VOL.  :CON.PR. :BLK.PR. :
:        :           : OIL  : WAT  : GAS  :  SCM/DAY  :  SCM/DAY  :  SCM/DAY  :  RCM/DAY  : BARSA  : BARSA  :
=============================================================================================================
:FIELD   :           :      :      :      :        0.0:        0.0:        0.0:        0.0:        :        :
:G1      :           :      :      :      :        0.0:        0.0:        0.0:        0.0:        :        :
:INJ     :  1,  1    :      :  WRAT:      :        0.0:        0.0:        0.0:        0.0:     0.0:     0.0:
:--------:-----------:------:------:------:-----------:-----------:-----------:-----------:--------:--------:

============================================== CUMULATIVE PRODUCTION/INJECTION TOTALS ==============================================
:  WELL  : LOCATION  :  WELL  :CTRL:    OIL    :   WATER   :    GAS    :   Prod    :    OIL    :   WATER   :    GAS    :    INJ    :
:  NAME  :  (I,J,K)  :  TYPE  :MODE:   PROD    :   PROD    :   PROD    : RES.VOL.  :    INJ    :    INJ    :    INJ    : RES.VOL.  :
:        :           :        :    :   MSCM    :   MSCM    :   MMSCM   :   MRCM    :   MSCM    :   MSCM    :   MMSCM   :   MRCM    :
====================================================================================================================================
:FIELD   :           :        :    :     2745.8:        0.0:        0.0:     3037.0:        0.0:     2920.0:        0.0:     3033.3:
:G1      :           :        :    :     2745.8:        0.0:        0.0:     3037.0:        0.0:     2920.0:        0.0:     3033.3:
:PROD    : 10, 10    :    PROD: BHP:     2745.8:        0.0:        0.0:     3037.0:        0.0:        0.0:        0.0:        0.0:
:INJ     :  1,  1    :     INJ:WRAT:        0.0:        0.0:        0.0:        0.0:        0.0:     2920.0:        0.0:     3033.3:
:--------:-----------:--------:----:-----------:-----------:-----------:-----------:-----------:-----------:-----------:-----------:


Report step 93/96 at day 2828/2920, date = 29-Sep-2022

Starting time step 0, stepsize 31 days, at day 2828/2859, date = 29-Sep-2022

Warning: Keyword 'WELLS' is unhandled for output to restart file.
 Newton its= 1, linearizations= 2 (0.0sec), linear its=  1 (0.0sec)
Restart file written for report step 93/96, date = 29-Sep-2022 00:00:00

                              **************************************************************************
  WELLS    AT      2859  DAYS *                 SPE1 - CASE 2                                          *
  REPORT   94    30 Oct 2022  *                                             Flow  version 2025.10-pre  *
                              **************************************************************************


======================================================= PRODUCTION REPORT =======================================================
:  WELL  : LOCATION  :CTRL:    OIL    :   WATER   :    GAS    :   FLUID   :   WATER   : GAS/OIL  :  WAT/GAS   : BHP OR : THP OR :
:  NAME  :  (I,J,K)  :MODE:   RATE    :   RATE    :   RATE    : RES.VOL.  :    CUT    :  RATIO   :   RATIO    :CON.PR. :BLK.PR. :
:        :           :    :  SCM/DAY  :  SCM/DAY  :  RCM/DAY  :  SCM/SCM  :  SCM/SCM  : SCM/SCM  :  SCM/SCM   : BARSA  : BARSA  :
=================================================================================================================================
:FIELD   :           :    :       -0.0:       -0.0:       -0.0:       -0.0:      0.000:      0.00:      0.0000:        :        :
:G1      :           :    :       -0.0:       -0.0:       -0.0:       -0.0:      0.000:      0.00:      0.0000:        :        :
:PROD    : 10, 10    : BHP:       -0.0:       -0.0:       -0.0:       -0.0:      0.000:      0.00:      0.0000:     0.0:     0.0:
:--------:-----------:----:-----------:-----------:-----------:-----------:-----------:----------:------------:--------:--------:

============================================= INJECTION REPORT ==============================================
:  WELL  : LOCATION  : CTRL : CTRL : CTRL :    OIL    :   WATER   :    GAS    :   FLUID   : BHP OR : THP OR :
:  NAME  :  (I,J,K)  : MODE : MODE : MODE :   RATE    :   RATE    :   RATE    : RES.VOL.  :CON.PR. :BLK.PR. :
:        :           : OIL  : WAT  : GAS  :  SCM/DAY  :  SCM/DAY  :  SCM/DAY  :  RCM/DAY  : BARSA  : BARSA  :
=============================================================================================================
:FIELD   :           :      :      :      :        0.0:        0.0:        0.0:        0.0:        :        :
:G1      :           :      :      :      :        0.0:        0.0:        0.0:        0.0:        :        :
:INJ     :  1,  1    :      :  WRAT:      :        0.0:        0.0:        0.0:        0.0:     0.0:     0.0:
:--------:-----------:------:------:------:-----------:-----------:-----------:-----------:--------:--------:

============================================== CUMULATIVE PRODUCTION/INJECTION TOTALS ==============================================
:  WELL  : LOCATION  :  WELL  :CTRL:    OIL    :   WATER   :    GAS    :   Prod    :    OIL    :   WATER   :    GAS    :    INJ    :
:  NAME  :  (I,J,K)  :  TYPE  :MODE:   PROD    :   PROD    :   PROD    : RES.VOL.  :    INJ    :    INJ    :    INJ    : RES.VOL.  :
:        :           :        :    :   MSCM    :   MSCM    :   MMSCM   :   MRCM    :   MSCM    :   MSCM    :   MMSCM   :   MRCM    :
====================================================================================================================================
:FIELD   :           :        :    :     2745.8:        0.0:        0.0:     3037.0:        0.0:     2920.0:        0.0:     3033.3:
:G1      :           :        :    :     2745.8:        0.0:        0.0:     3037.0:        0.0:     2920.0:        0.0:     3033.3:
:PROD    : 10, 10    :    PROD: BHP:     2745.8:        0.0:        0.0:     3037.0:        0.0:        0.0:        0.0:        0.0:
:INJ     :  1,  1    :     INJ:WRAT:        0.0:        0.0:        0.0:        0.0:        0.0:     2920.0:        0.0:     3033.3:
:--------:-----------:--------:----:-----------:-----------:-----------:-----------:-----------:-----------:-----------:-----------:


Report step 94/96 at day 2859/2920, date = 30-Oct-2022

Starting time step 0, stepsize 30 days, at day 2859/2889, date = 30-Oct-2022
    Oscillating behavior detected: Relaxation set to 0.900000
    Oscillating behavior detected: Relaxation set to 0.800000
Restart file written for report step 94/96, date = 30-Oct-2022 00:00:00
    Oscillating behavior detected: Relaxation set to 0.700000
    Oscillating behavior detected: Relaxation set to 0.600000
    Oscillating behavior detected: Relaxation set to 0.500000
    Oscillating behavior detected: Relaxation set to 0.500000
    Oscillating behavior detected: Relaxation set to 0.500000
    Oscillating behavior detected: Relaxation set to 0.500000
    Oscillating behavior detected: Relaxation set to 0.500000
    Oscillating behavior detected: Relaxation set to 0.500000

Warning: Keyword 'WELLS' is unhandled for output to restart file.
 Newton its=20, linearizations=21 (0.0sec), linear its= 10 (0.0sec)

                              **************************************************************************
  WELLS    AT      2889  DAYS *                 SPE1 - CASE 2                                          *
  REPORT   95    29 Nov 2022  *                                             Flow  version 2025.10-pre  *
                              **************************************************************************


======================================================= PRODUCTION REPORT =======================================================
:  WELL  : LOCATION  :CTRL:    OIL    :   WATER   :    GAS    :   FLUID   :   WATER   : GAS/OIL  :  WAT/GAS   : BHP OR : THP OR :
:  NAME  :  (I,J,K)  :MODE:   RATE    :   RATE    :   RATE    : RES.VOL.  :    CUT    :  RATIO   :   RATIO    :CON.PR. :BLK.PR. :
:        :           :    :  SCM/DAY  :  SCM/DAY  :  RCM/DAY  :  SCM/SCM  :  SCM/SCM  : SCM/SCM  :  SCM/SCM   : BARSA  : BARSA  :
=================================================================================================================================
:FIELD   :           :    :       -0.0:       -0.0:       -0.0:       -0.0:      0.000:      0.00:      0.0000:        :        :
:G1      :           :    :       -0.0:       -0.0:       -0.0:       -0.0:      0.000:      0.00:      0.0000:        :        :
:PROD    : 10, 10    : BHP:       -0.0:       -0.0:       -0.0:       -0.0:      0.000:      0.00:      0.0000:     0.0:     0.0:
:--------:-----------:----:-----------:-----------:-----------:-----------:-----------:----------:------------:--------:--------:

============================================= INJECTION REPORT ==============================================
:  WELL  : LOCATION  : CTRL : CTRL : CTRL :    OIL    :   WATER   :    GAS    :   FLUID   : BHP OR : THP OR :
:  NAME  :  (I,J,K)  : MODE : MODE : MODE :   RATE    :   RATE    :   RATE    : RES.VOL.  :CON.PR. :BLK.PR. :
:        :           : OIL  : WAT  : GAS  :  SCM/DAY  :  SCM/DAY  :  SCM/DAY  :  RCM/DAY  : BARSA  : BARSA  :
=============================================================================================================
:FIELD   :           :      :      :      :        0.0:        0.0:        0.0:        0.0:        :        :
:G1      :           :      :      :      :        0.0:        0.0:        0.0:        0.0:        :        :
:INJ     :  1,  1    :      :  WRAT:      :        0.0:        0.0:        0.0:        0.0:     0.0:     0.0:
:--------:-----------:------:------:------:-----------:-----------:-----------:-----------:--------:--------:

============================================== CUMULATIVE PRODUCTION/INJECTION TOTALS ==============================================
:  WELL  : LOCATION  :  WELL  :CTRL:    OIL    :   WATER   :    GAS    :   Prod    :    OIL    :   WATER   :    GAS    :    INJ    :
:  NAME  :  (I,J,K)  :  TYPE  :MODE:   PROD    :   PROD    :   PROD    : RES.VOL.  :    INJ    :    INJ    :    INJ    : RES.VOL.  :
:        :           :        :    :   MSCM    :   MSCM    :   MMSCM   :   MRCM    :   MSCM    :   MSCM    :   MMSCM   :   MRCM    :
====================================================================================================================================
:FIELD   :           :        :    :     2745.8:        0.0:        0.0:     3037.0:        0.0:     2920.0:        0.0:     3033.3:
:G1      :           :        :    :     2745.8:        0.0:        0.0:     3037.0:        0.0:     2920.0:        0.0:     3033.3:
:PROD    : 10, 10    :    PROD: BHP:     2745.8:        0.0:        0.0:     3037.0:        0.0:        0.0:        0.0:        0.0:
:INJ     :  1,  1    :     INJ:WRAT:        0.0:        0.0:        0.0:        0.0:        0.0:     2920.0:        0.0:     3033.3:
:--------:-----------:--------:----:-----------:-----------:-----------:-----------:-----------:-----------:-----------:-----------:


Report step 95/96 at day 2889/2920, date = 29-Nov-2022

Starting time step 0, stepsize 12 days, at day 2889/2920, date = 29-Nov-2022
Restart file written for report step 95/96, date = 29-Nov-2022 00:00:00
 Newton its=20, linearizations=21 (0.0sec), linear its= 10 (0.0sec)

Starting time step 1, stepsize 4.8 days, at day 2901/2920, date = 11-Dec-2022
 Newton its= 2, linearizations= 3 (0.0sec), linear its=  0 (0.0sec)

Starting time step 2, stepsize 14.2 days, at day 2905.8/2920, date = 15-Dec-2022
    Oscillating behavior detected: Relaxation set to 0.900000
    Oscillating behavior detected: Relaxation set to 0.800000

Warning: Keyword 'WELLS' is unhandled for output to restart file.
 Newton its=20, linearizations=21 (0.0sec), linear its=  1 (0.0sec)

                              **************************************************************************
  WELLS    AT      2920  DAYS *                 SPE1 - CASE 2                                          *
  REPORT   96    30 Dec 2022  *                                             Flow  version 2025.10-pre  *
                              **************************************************************************


======================================================= PRODUCTION REPORT =======================================================
:  WELL  : LOCATION  :CTRL:    OIL    :   WATER   :    GAS    :   FLUID   :   WATER   : GAS/OIL  :  WAT/GAS   : BHP OR : THP OR :
:  NAME  :  (I,J,K)  :MODE:   RATE    :   RATE    :   RATE    : RES.VOL.  :    CUT    :  RATIO   :   RATIO    :CON.PR. :BLK.PR. :
:        :           :    :  SCM/DAY  :  SCM/DAY  :  RCM/DAY  :  SCM/SCM  :  SCM/SCM  : SCM/SCM  :  SCM/SCM   : BARSA  : BARSA  :
=================================================================================================================================
:FIELD   :           :    :       -0.0:       -0.0:       -0.0:       -0.0:      0.000:      0.00:      0.0000:        :        :
:G1      :           :    :       -0.0:       -0.0:       -0.0:       -0.0:      0.000:      0.00:      0.0000:        :        :
:PROD    : 10, 10    : BHP:       -0.0:       -0.0:       -0.0:       -0.0:      0.000:      0.00:      0.0000:     0.0:     0.0:
:--------:-----------:----:-----------:-----------:-----------:-----------:-----------:----------:------------:--------:--------:

============================================= INJECTION REPORT ==============================================
:  WELL  : LOCATION  : CTRL : CTRL : CTRL :    OIL    :   WATER   :    GAS    :   FLUID   : BHP OR : THP OR :
:  NAME  :  (I,J,K)  : MODE : MODE : MODE :   RATE    :   RATE    :   RATE    : RES.VOL.  :CON.PR. :BLK.PR. :
:        :           : OIL  : WAT  : GAS  :  SCM/DAY  :  SCM/DAY  :  SCM/DAY  :  RCM/DAY  : BARSA  : BARSA  :
=============================================================================================================
:FIELD   :           :      :      :      :        0.0:        0.0:        0.0:        0.0:        :        :
:G1      :           :      :      :      :        0.0:        0.0:        0.0:        0.0:        :        :
:INJ     :  1,  1    :      :  WRAT:      :        0.0:        0.0:        0.0:        0.0:     0.0:     0.0:
:--------:-----------:------:------:------:-----------:-----------:-----------:-----------:--------:--------:

============================================== CUMULATIVE PRODUCTION/INJECTION TOTALS ==============================================
:  WELL  : LOCATION  :  WELL  :CTRL:    OIL    :   WATER   :    GAS    :   Prod    :    OIL    :   WATER   :    GAS    :    INJ    :
:  NAME  :  (I,J,K)  :  TYPE  :MODE:   PROD    :   PROD    :   PROD    : RES.VOL.  :    INJ    :    INJ    :    INJ    : RES.VOL.  :
:        :           :        :    :   MSCM    :   MSCM    :   MMSCM   :   MRCM    :   MSCM    :   MSCM    :   MMSCM   :   MRCM    :
====================================================================================================================================
:FIELD   :           :        :    :     2745.8:        0.0:        0.0:     3037.0:        0.0:     2920.0:        0.0:     3033.3:
:G1      :           :        :    :     2745.8:        0.0:        0.0:     3037.0:        0.0:     2920.0:        0.0:     3033.3:
:PROD    : 10, 10    :    PROD: BHP:     2745.8:        0.0:        0.0:     3037.0:        0.0:        0.0:        0.0:        0.0:
:INJ     :  1,  1    :     INJ:WRAT:        0.0:        0.0:        0.0:        0.0:        0.0:     2920.0:        0.0:     3033.3:
:--------:-----------:--------:----:-----------:-----------:-----------:-----------:-----------:-----------:-----------:-----------:

Restart file written for report step 96/96, date = 30-Dec-2022 00:00:00


================    End of simulation     ===============

Number of MPI processes:         1
Threads per MPI process:         1
Setup time:                      0.06 s
  Deck input:                    0.04 s
Number of timesteps:           222
Simulation time:                 1.79 s
  Assembly time:                 0.16 s (Wasted: 0.0 s; 26.1%)
    Well assembly:               0.02 s (Wasted: 0.0 s; 26.0%)
  Linear solve time:             0.88 s (Wasted: 0.3 s; 29.8%)
    Linear setup:                0.76 s (Wasted: 0.2 s; 29.2%)
  Props/update time:             0.46 s (Wasted: 0.1 s; 29.6%)
  Pre/post step:                 0.14 s (Wasted: 0.0 s; 5.1%)
  Output write time:             0.15 s
Overall Linearizations:       1756      (Wasted:   462; 26.3%)
Overall Newton Iterations:    1556      (Wasted:   462; 29.7%)
Overall Linear Iterations:     647      (Wasted:   259; 40.0%)



Error summary:
Warnings          98
Info              786
Errors            0
Bugs              0
Debug             0
Problems          22

