


 ########  #          ######   #           #
 #         #         #      #   #         # 
 #####     #         #      #    #   #   #  
 #         #         #      #     # # # #   
 #         #######    ######       #   #    

Flow is a simulator for fully implicit three-phase black-oil flow, and is part of OPM.
For more information visit: https://opm-project.org 

Flow Version     =  2025.04-pre (ebe0754ff*)
Machine name     =  Macbookns-MacBook-Pro-2.local (Number of logical cores: 10, Memory size: 16384.00 MB) 
Operating system =  Darwin arm64 (Kernel: 24.2.0, Darwin Kernel Version 24.2.0: Fri Dec  6 19:01:59 PST 2024; root:xnu-11215.61.5~2/RELEASE_ARM64_T6000 )
Build time       =  2024-12-11 at 17:21:30 hrs
User             =  root
Simulation started on 18-12-2024 at 12:05:12 hrs
Using 1 MPI processes with 1 OMP threads on each 
Parameters used by Flow:
# [known parameters which were specified at run-time]
EclDeckFileName="SPE11B" # default: ""
UseBestResidual="true" # default: "0"
RelaxedMaxPvFraction="0" # default: "0.03"
OutputExtraConvergenceInfo="steps,iterations" # default: "none"
EnableEclOutput="0" # default: "1"
FullTimeStepInitially="1" # default: "0"
ToleranceCnvRelaxed="0.01" # default: "1"
ToleranceCnv="0.01" # default: "0.01"
ToleranceMb="1e-5" # default: "1e-07"
ToleranceMbRelaxed="1e-5" # default: "1e-06"
MinStrictCnvIter="5" # default: "-1"
SolverMaxTimeStepInDays="3650" # default: "365"
LinearSolver="cprw" # default: "cprw"
NewtonMinIterations="1" # default: "2"
NewtonMaxIterations="20" # default: "20"
LinearSolverReduction="1e-05" # default: "0.01"
OutputDir="/Users/macbookn/hackatonwork/opm-tests/spe11b/output/sim_3" # default: ""
# [parameters which were specified at compile-time]
AcceleratorMode="none"
ActionParsingStrictness="normal"
AllowDistributedWells="0"
AllowSplittingInactiveWells="1"
AlternativeWellRateInit="1"
BdaDeviceId="0"
CheckGroupConstraintsInnerWellIterations="1"
CheckSatfuncConsistency="0"
ContinueOnConvergenceError="0"
ConvergenceMonitoring="0"
ConvergenceMonitoringCutOff="6"
ConvergenceMonitoringDecayFactor="0.75"
CprReuseInterval="30"
CprReuseSetup="4"
DbhpMaxRel="1"
DebugEmitCellPartition="0"
DpMaxRel="0.3"
DsMax="0.2"
DwellFractionMax="0.2"
EclOutputDoublePrecision="0"
EclOutputInterval="-1"
EdgeWeightsMethod="1"
EnableAdaptiveTimeStepping="1"
EnableAsyncEclOutput="1"
EnableAsyncVtkOutput="1"
EnableDriftCompensation="0"
EnableDryRun="auto"
EnableEsmry="0"
EnableGravity="1"
EnableGridAdaptation="0"
EnableIntensiveQuantityCache="1"
EnableLoggingFalloutWarning="0"
EnableOpmRstFile="0"
EnableStorageCache="1"
EnableTerminalOutput="1"
EnableThermodynamicHints="0"
EnableTuning="0"
EnableVtkOutput="0"
EnableWellOperabilityCheck="1"
EnableWellOperabilityCheckIter="0"
EnableWriteAllSolutions="0"
EndTime="1e+100"
ExplicitRockCompaction="0"
ForceDisableFluidInPlaceOutput="0"
ForceDisableResvFluidInPlaceOutput="0"
IgnoreKeywords=""
IluFillinLevel="0"
IluRedblack="0"
IluRelaxation="0.9"
IluReorderSpheres="0"
InitialTimeStepInDays="1"
InitialTimeStepSize="86400"
InjMultDampMult="0.9"
InjMultMinDampFactor="0.05"
InjMultOscThreshold="0.1"
InputSkipMode="100"
LinearSolverIgnoreConvergenceFailure="0"
LinearSolverMaxIter="200"
LinearSolverPrintJsonDefinition="1"
LinearSolverRestart="40"
LinearSolverVerbosity="0"
LoadFile=""
LoadStep="-1"
LocalDomainsOrderingMeasure="maxpressure"
LocalDomainsPartitioningImbalance="1.03"
LocalDomainsPartitioningMethod="zoltan"
LocalSolveApproach="gauss-seidel"
LocalToleranceScalingCnv="0.1"
LocalToleranceScalingMb="1"
LocalWellSolveControlSwitching="1"
MatrixAddWellContributions="0"
MaxInnerIterMsWells="100"
MaxInnerIterWells="50"
MaxLocalSolveIterations="20"
MaxNewtonIterationsWithInnerWellIterations="8"
MaxPressureChangeMsWells="1e+06"
MaxResidualAllowed="1e+07"
MaxSinglePrecisionDays="20"
MaxTemperatureChange="5"
MaxTimeStepDivisions="10"
MaxTimeStepSize="inf"
MaxWelleqIter="30"
MaximumNumberOfWellSwitches="3"
MaximumWaterSaturation="1"
MiluVariant="ILU"
MinStrictMbIter="-1"
MinTimeStepBasedOnNewtonIterations="0"
MinTimeStepBeforeShuttingProblematicWellsInDays="0.01"
MinTimeStepSize="0"
NetworkMaxIterations="200"
NetworkMaxStrictIterations="100"
NewtonMaxError="1e+100"
NewtonMaxRelax="0.5"
NewtonRelaxationType="dampen"
NewtonTargetIterations="10"
NewtonTolerance="0.01"
NewtonVerbose="1"
NewtonWriteConvergence="0"
NlddLocalLinearSolver="ilu0"
NlddLocalLinearSolverMaxIter="200"
NlddLocalLinearSolverReduction="0.01"
NlddNumInitialNewtonIter="1"
NonlinearSolver="newton"
NumLocalDomains="0"
NumPressurePointsEquil="2000"
NumSatfuncConsistencySamplePoints="5"
OpenclIluParallel="1"
OpenclPlatformId="0"
OutputInterval="1"
OutputMode="all"
OwnerCellsFirst="1"
ParameterFile=""
ParsingStrictness="normal"
PredeterminedTimeStepsFile=""
PressureMax="1e+99"
PressureMin="-1e+99"
PressureScale="1"
PriVarOscilationThreshold="1e-05"
PrintParameters="2"
ProjectSaturations="0"
RegularizationFactorWells="100"
RelaxedLinearSolverReduction="0.01"
RelaxedPressureTolMsw="10000"
RelaxedWellFlowTol="0.001"
RestartTime="-1e+35"
RestartWritingInterval="16777215"
SaveFile=""
SaveStep=""
ScaleLinearSystem="0"
SchedRestart="0"
ShutUnsolvableWells="1"
SolveWelleqInitially="1"
SolverContinueOnConvergenceFailure="0"
SolverGrowthFactor="2"
SolverMaxGrowth="3"
SolverMaxRestarts="10"
SolverMinTimeStep="1e-12"
SolverRestartFactor="0.33"
SolverVerbosity="1"
StrictInnerIterWells="40"
StrictOuterIterWells="6"
TemperatureMax="1e+09"
TemperatureMin="0"
ThreadsPerProcess="1"
TimeStepAfterEventInDays="-1"
TimeStepControl="pid+newtoniteration"
TimeStepControlDecayDampingFactor="1"
TimeStepControlDecayRate="0.75"
TimeStepControlFileName="timesteps"
TimeStepControlGrowthDampingFactor="3.2"
TimeStepControlGrowthRate="1.25"
TimeStepControlTargetIterations="30"
TimeStepControlTargetNewtonIterations="8"
TimeStepControlTolerance="0.1"
TimeStepVerbosity="1"
ToleranceCnvEnergy="0.01"
ToleranceCnvEnergyRelaxed="1"
ToleranceEisenstat="0.5"
ToleranceEnergyBalance="1e-07"
ToleranceEnergyBalanceRelaxed="1e-06"
TolerancePressureMsWells="1000"
ToleranceWellControl="1e-07"
ToleranceWells="0.0001"
UpdateEquationsScaling="0"
UseAverageDensityMsWells="0"
UseBestPath="0"
UseEisenstat="0"
UseGmres="0"
UseImplicitIpr="1"
UseMLmethodsTols="0"
UseMultisegmentWell="1"
UseUpdateStabilization="1"
VtkWriteAverageMolarMasses="0"
VtkWriteDensities="1"
VtkWriteDiffusionCoefficients="0"
VtkWriteDofIndex="0"
VtkWriteEffectiveDiffusionCoefficients="0"
VtkWriteExtrusionFactor="0"
VtkWriteFilterVelocities="0"
VtkWriteFugacities="0"
VtkWriteFugacityCoeffs="0"
VtkWriteGasDissolutionFactor="0"
VtkWriteGasFormationVolumeFactor="0"
VtkWriteGasSaturationPressure="0"
VtkWriteIntrinsicPermeabilities="0"
VtkWriteMassFractions="0"
VtkWriteMobilities="0"
VtkWriteMolarities="0"
VtkWriteMoleFractions="1"
VtkWriteOilFormationVolumeFactor="0"
VtkWriteOilSaturationPressure="0"
VtkWriteOilVaporizationFactor="0"
VtkWritePorosity="1"
VtkWritePotentialGradients="0"
VtkWritePressures="1"
VtkWritePrimaryVars="0"
VtkWritePrimaryVarsMeaning="0"
VtkWriteProcessRank="0"
VtkWriteRelativePermeabilities="1"
VtkWriteSaturatedGasOilVaporizationFactor="0"
VtkWriteSaturatedOilGasDissolutionFactor="0"
VtkWriteSaturationRatios="0"
VtkWriteSaturations="1"
VtkWriteTemperature="1"
VtkWriteTortuosities="0"
VtkWriteTotalMassFractions="0"
VtkWriteTotalMoleFractions="0"
VtkWriteTracerConcentration="0"
VtkWriteViscosities="0"
VtkWriteWaterFormationVolumeFactor="0"
WaterOnlyThreshold="1"

Reading deck file 'SPE11B.data'
    0 Reading RUNSPEC  in SPE11B.DATA line 4
    1 Reading DIMENS   in SPE11B.DATA line 6
    2 Reading EQLDIMS  in SPE11B.DATA line 9
    3 Reading TABDIMS  in SPE11B.DATA line 12
    4 Reading WATER    in SPE11B.DATA line 15
    5 Reading GAS      in SPE11B.DATA line 16
    6 Reading CO2STORE in SPE11B.DATA line 17
    7 Reading DISGASW  in SPE11B.DATA line 18
    8 Reading VAPWAT   in SPE11B.DATA line 19
    9 Reading DIFFUSE  in SPE11B.DATA line 20
   10 Reading THERMAL  in SPE11B.DATA line 22
   11 Reading METRIC   in SPE11B.DATA line 24
   12 Reading START    in SPE11B.DATA line 26
   13 Reading UNIFOUT  in SPE11B.DATA line 30
   14 Reading GRID     in SPE11B.DATA line 32
   15 Reading INIT     in SPE11B.DATA line 34
   16 Reading DX       in /Users/macbookn/hackatonwork/opm-tests/spe11b/DX.INC line 3
   17 Reading DY       in SPE11B.DATA line 37
   18 Reading DZ       in SPE11B.DATA line 39
   19 Reading TOPS     in SPE11B.DATA line 41
   20 Reading PERMX    in /Users/macbookn/hackatonwork/opm-tests/spe11b/PERMX.INC line 3
   21 Reading COPY     in SPE11B.DATA line 47
   22 Reading MULTIPLY in SPE11B.DATA line 52
   23 Reading PORO     in /Users/macbookn/hackatonwork/opm-tests/spe11b/PORO.INC line 3
   24 Reading THCONR   in /Users/macbookn/hackatonwork/opm-tests/spe11b/THCONR.INC line 3
   25 Reading BCCON    in SPE11B.DATA line 62
   26 Reading DISPERC  in /Users/macbookn/hackatonwork/opm-tests/spe11b/DISPERC.INC line 3
   27 Reading EDIT     in SPE11B.DATA line 70
   28 Reading EQUALS   in /Users/macbookn/hackatonwork/opm-tests/spe11b/PVBOUNDARIES.INC line 3
   29 Reading PROPS    in SPE11B.DATA line 75
   30 Reading SGWFN    in /Users/macbookn/hackatonwork/opm-tests/spe11b/TABLES.INC line 3
   31 Reading DIFFAWAT in SPE11B.DATA line 80
   32 Reading DIFFAGAS in SPE11B.DATA line 82
   33 Reading SPECROCK in SPE11B.DATA line 85
   34 Reading THCO2MIX in SPE11B.DATA line 102
   35 Reading REGIONS  in SPE11B.DATA line 105
   36 Reading SATNUM   in /Users/macbookn/hackatonwork/opm-tests/spe11b/SATNUM.INC line 3
   37 Reading FIPNUM   in /Users/macbookn/hackatonwork/opm-tests/spe11b/FIPNUM.INC line 3
   38 Reading SOLUTION in SPE11B.DATA line 113
   39 Reading EQUIL    in SPE11B.DATA line 115
   40 Reading RPTRST   in SPE11B.DATA line 118
   41 Reading RTEMPVD  in SPE11B.DATA line 122
   42 Reading SUMMARY  in SPE11B.DATA line 127
   43 Reading PERFORMA in SPE11B.DATA line 129
   44 Reading FGIP     in SPE11B.DATA line 130
   45 Reading FGIR     in SPE11B.DATA line 131
   46 Reading FGIT     in SPE11B.DATA line 132
   47 Reading FGIPL    in SPE11B.DATA line 134
   48 Reading FGIPG    in SPE11B.DATA line 135
   49 Reading RGKDI    in SPE11B.DATA line 137
   50 Reading RGKDM    in SPE11B.DATA line 139
   51 Reading RGIP     in SPE11B.DATA line 141
   52 Reading RWCD     in SPE11B.DATA line 143
   53 Reading WBHP     in SPE11B.DATA line 145
   54 Reading WGIR     in SPE11B.DATA line 147
   55 Reading WGIT     in SPE11B.DATA line 149
   56 Reading BWPR     in SPE11B.DATA line 151
   57 Reading SCHEDULE in SPE11B.DATA line 156
   58 Reading RPTRST   in SPE11B.DATA line 158
   59 Reading BCPROP   in SPE11B.DATA line 162
   60 Reading TUNING   in SPE11B.DATA line 168
   61 Reading SOURCE   in SPE11B.DATA line 172
   62 Reading TSTEP    in SPE11B.DATA line 176
   63 Reading TUNING   in SPE11B.DATA line 179
   64 Reading SOURCE   in SPE11B.DATA line 183
   65 Reading TSTEP    in SPE11B.DATA line 187
   66 Reading TUNING   in SPE11B.DATA line 190
   67 Reading SOURCE   in SPE11B.DATA line 194
   68 Reading TSTEP    in SPE11B.DATA line 198
   69 Reading TUNING   in SPE11B.DATA line 201
   70 Reading SOURCE   in SPE11B.DATA line 205
   71 Reading TSTEP    in SPE11B.DATA line 209
   72 Reading TUNING   in SPE11B.DATA line 212
   73 Reading SOURCE   in SPE11B.DATA line 216
   74 Reading TSTEP    in SPE11B.DATA line 220
The CO2 storage option is given. PVT properties from the Brine-CO2 system is used
See the OPM manual for details on the used models.

Creating grid from keywords DX, DY, DZ and TOPS
3 fluid phases are active

Processing dynamic information from
SPE11B.DATA line 156
Initializing report step 0/17 at 2025-01-01 0 DAYS line 156
Processing keyword RPTRST at line 158
Processing keyword BCPROP at line 162
Processing keyword TUNING at line 168
Processing keyword SOURCE at line 172
Complete report step 1 (364963.5 DAYS) at 3024-03-28 (0 DAYS)

Initializing report step 2/17 at 3024-03-28 (0 DAYS) line 176
Processing keyword TUNING at line 179
Processing keyword SOURCE at line 183
Complete report step 2 (36.5 DAYS) at 3024-05-04 (364963.5 DAYS)

Initializing report step 3/17 at 3024-05-04 (364963.5 DAYS) line 187
Processing keyword TUNING at line 190
Processing keyword SOURCE at line 194
Complete report step 3 (1825 DAYS) at 3029-05-03 (365000 DAYS)

Initializing report step 4/17 at 3029-05-03 (365000 DAYS) line 198
Complete report step 4 (1825 DAYS) at 3034-05-02 (366825 DAYS)

Initializing report step 5/17 at 3034-05-02 (366825 DAYS) line 198
Complete report step 5 (1825 DAYS) at 3039-05-01 (368650 DAYS)
Report limit reached, see PRT-file for remaining Schedule initialization.

Initializing report step 6/17 at 3039-05-01 (368650 DAYS) line 198
Complete report step 6 (1825 DAYS) at 3044-04-29 (370475 DAYS)

Initializing report step 7/17 at 3044-04-29 (370475 DAYS) line 198
Complete report step 7 (1825 DAYS) at 3049-04-28 (372300 DAYS)

Initializing report step 8/17 at 3049-04-28 (372300 DAYS) line 198
Processing keyword TUNING at line 201
Processing keyword SOURCE at line 205
Complete report step 8 (1825 DAYS) at 3054-04-27 (374125 DAYS)

Initializing report step 9/17 at 3054-04-27 (374125 DAYS) line 209
Complete report step 9 (1825 DAYS) at 3059-04-26 (375950 DAYS)

Initializing report step 10/17 at 3059-04-26 (375950 DAYS) line 209
Complete report step 10 (1825 DAYS) at 3064-04-24 (377775 DAYS)

Initializing report step 11/17 at 3064-04-24 (377775 DAYS) line 209
Complete report step 11 (1825 DAYS) at 3069-04-23 (379600 DAYS)

Initializing report step 12/17 at 3069-04-23 (379600 DAYS) line 209
Complete report step 12 (1825 DAYS) at 3074-04-22 (381425 DAYS)

Initializing report step 13/17 at 3074-04-22 (381425 DAYS) line 209
Processing keyword TUNING at line 212
Processing keyword SOURCE at line 216
Complete report step 13 (1825 DAYS) at 3079-04-21 (383250 DAYS)

Initializing report step 14/17 at 3079-04-21 (383250 DAYS) line 220
Complete report step 14 (1825 DAYS) at 3084-04-19 (385075 DAYS)

Initializing report step 15/17 at 3084-04-19 (385075 DAYS) line 220
Complete report step 15 (1825 DAYS) at 3089-04-18 (386900 DAYS)

Initializing report step 16/17 at 3089-04-18 (386900 DAYS) line 220
Complete report step 16 (1825 DAYS) at 3094-04-17 (388725 DAYS)

Initializing report step 17/17 at 3094-04-17 (388725 DAYS) line 220
Complete report step 17 (1825 DAYS) at 3099-04-16 (390550 DAYS)


Processing grid
2 pinch-out connections generated
Total number of active cells: 101040 / total pore volume: 20437486 RM3
Property tree for linear solvers:
{
    "maxiter": "20",
    "tol": "1.0000000000000001e-05",
    "verbosity": "0",
    "solver": "bicgstab",
    "preconditioner": {
        "type": "cprw",
        "use_well_weights": "false",
        "add_wells": "true",
        "weight_type": "trueimpes",
        "finesmoother": {
            "type": "ParOverILU0",
            "relaxation": "1"
        },
        "verbosity": "0",
        "coarsesolver": {
            "maxiter": "1",
            "tol": "0.10000000000000001",
            "solver": "loopsolver",
            "verbosity": "0",
            "preconditioner": {
                "type": "amg",
                "alpha": "0.33333333333300003",
                "relaxation": "1",
                "iterations": "1",
                "coarsenTarget": "1200",
                "pre_smooth": "1",
                "post_smooth": "1",
                "beta": "0",
                "smoother": "ILU0",
                "verbosity": "0",
                "maxlevel": "15",
                "skip_isolated": "0",
                "accumulate": "1",
                "prolongationdamping": "1",
                "maxdistance": "2",
                "maxconnectivity": "15",
                "maxaggsize": "6",
                "minaggsize": "4"
            }
        }
    }
}


===============Saturation Functions Diagnostics===============

System:  Water-Gas system.
Relative permeability input format: Saturation Family II.
Number of saturation regions: 7


Warning: Dispersion is activated in combination with VAPWAT/VAPOIL. 
Water/oil is still allowed to vaporize, but dispersion in the gas phase is ignored.
CO2STORE/CO2SOL is enabled. 
 The surface density of CO2 is  1.868433kg/m3 
 The surface density of Brine is  998.107723kg/m3
 The surface densities are computed using the reference pressure ( 101325.000000Pa) and the reference temperature (288.710000K).

Warning: No explicit RVWVD table is given for EQUIL region 1. 
and datum depth is not at the gas-water-contact. 
Rvw is set to 0.0 in all cells. 



================ Starting main simulation loop ===============


Report step  0/17 at day 0/392375, date = 01-Jan-2025
Using Newton nonlinear solver.

Starting time step 0, stepsize 3650 days, at day 0/364964, date = 01-Jan-2025
 Newton its= 1, linearizations= 2 (0.7sec), linear its= 16 (0.8sec)

Starting time step 1, stepsize 3650 days, at day 3650/364964, date = 30-Dec-2034
 Newton its= 1, linearizations= 2 (0.3sec), linear its= 17 (0.7sec)

Starting time step 2, stepsize 3650 days, at day 7300/364964, date = 27-Dec-2044
 Newton its= 1, linearizations= 2 (0.3sec), linear its= 18 (1.0sec)

Starting time step 3, stepsize 3650 days, at day 10950/364964, date = 25-Dec-2054
 Newton its= 1, linearizations= 2 (0.3sec), linear its= 18 (0.9sec)

Starting time step 4, stepsize 3650 days, at day 14600/364964, date = 22-Dec-2064
 Newton its= 1, linearizations= 2 (0.3sec), linear its= 18 (0.8sec)

Starting time step 5, stepsize 3650 days, at day 18250/364964, date = 20-Dec-2074
 Newton its= 1, linearizations= 2 (0.2sec), linear its= 18 (0.9sec)

Starting time step 6, stepsize 3650 days, at day 21900/364964, date = 17-Dec-2084
 Newton its= 1, linearizations= 2 (0.3sec), linear its= 18 (0.8sec)

Starting time step 7, stepsize 3650 days, at day 25550/364964, date = 15-Dec-2094
 Newton its= 1, linearizations= 2 (0.2sec), linear its= 19 (0.9sec)

Starting time step 8, stepsize 3650 days, at day 29200/364964, date = 13-Dec-2104
 Newton its= 1, linearizations= 2 (0.2sec), linear its= 18 (0.8sec)

Starting time step 9, stepsize 3650 days, at day 32850/364964, date = 11-Dec-2114
 Newton its= 1, linearizations= 2 (0.2sec), linear its= 18 (0.8sec)

Starting time step 10, stepsize 3650 days, at day 36500/364964, date = 08-Dec-2124
 Newton its= 1, linearizations= 2 (0.2sec), linear its= 18 (0.9sec)

Starting time step 11, stepsize 3650 days, at day 40150/364964, date = 06-Dec-2134
 Newton its= 1, linearizations= 2 (0.2sec), linear its= 18 (0.8sec)

Starting time step 12, stepsize 3650 days, at day 43800/364964, date = 03-Dec-2144
 Newton its= 1, linearizations= 2 (0.2sec), linear its= 18 (0.8sec)

Starting time step 13, stepsize 3650 days, at day 47450/364964, date = 01-Dec-2154
 Newton its= 1, linearizations= 2 (0.3sec), linear its= 16 (0.8sec)

Starting time step 14, stepsize 3650 days, at day 51100/364964, date = 28-Nov-2164
 Newton its= 1, linearizations= 2 (0.3sec), linear its= 16 (0.8sec)

Starting time step 15, stepsize 3650 days, at day 54750/364964, date = 26-Nov-2174
 Newton its= 1, linearizations= 2 (0.3sec), linear its= 17 (0.8sec)

Starting time step 16, stepsize 3650 days, at day 58400/364964, date = 23-Nov-2184
 Newton its= 1, linearizations= 2 (0.3sec), linear its= 16 (0.8sec)

Starting time step 17, stepsize 3650 days, at day 62050/364964, date = 21-Nov-2194
 Newton its= 1, linearizations= 2 (0.4sec), linear its= 16 (0.7sec)

Starting time step 18, stepsize 3650 days, at day 65700/364964, date = 19-Nov-2204
 Newton its= 1, linearizations= 2 (0.3sec), linear its= 16 (0.8sec)

Starting time step 19, stepsize 3650 days, at day 69350/364964, date = 17-Nov-2214
 Newton its= 1, linearizations= 2 (0.3sec), linear its= 16 (0.7sec)

Starting time step 20, stepsize 3650 days, at day 73000/364964, date = 14-Nov-2224
 Newton its= 1, linearizations= 2 (0.2sec), linear its= 16 (0.7sec)

Starting time step 21, stepsize 3650 days, at day 76650/364964, date = 12-Nov-2234
 Newton its= 1, linearizations= 2 (0.2sec), linear its= 16 (0.7sec)

Starting time step 22, stepsize 3650 days, at day 80300/364964, date = 09-Nov-2244
 Newton its= 1, linearizations= 2 (0.3sec), linear its= 16 (0.7sec)

Starting time step 23, stepsize 3650 days, at day 83950/364964, date = 07-Nov-2254
 Newton its= 1, linearizations= 2 (0.3sec), linear its= 16 (0.8sec)

Starting time step 24, stepsize 3650 days, at day 87600/364964, date = 04-Nov-2264
 Newton its= 1, linearizations= 2 (0.3sec), linear its= 16 (0.8sec)

Starting time step 25, stepsize 3650 days, at day 91250/364964, date = 02-Nov-2274
 Newton its= 1, linearizations= 2 (0.3sec), linear its= 16 (0.8sec)

Starting time step 26, stepsize 3650 days, at day 94900/364964, date = 30-Oct-2284
 Newton its= 1, linearizations= 2 (0.3sec), linear its= 16 (0.8sec)

Starting time step 27, stepsize 3650 days, at day 98550/364964, date = 28-Oct-2294
 Newton its= 1, linearizations= 2 (0.3sec), linear its= 16 (0.8sec)

Starting time step 28, stepsize 3650 days, at day 102200/364964, date = 26-Oct-2304
 Newton its= 1, linearizations= 2 (0.3sec), linear its= 16 (0.8sec)

Starting time step 29, stepsize 3650 days, at day 105850/364964, date = 24-Oct-2314
 Newton its= 1, linearizations= 2 (0.2sec), linear its= 16 (0.8sec)

Starting time step 30, stepsize 3650 days, at day 109500/364964, date = 21-Oct-2324
 Newton its= 1, linearizations= 2 (0.2sec), linear its= 16 (0.9sec)

Starting time step 31, stepsize 3650 days, at day 113150/364964, date = 19-Oct-2334
 Newton its= 1, linearizations= 2 (0.2sec), linear its= 16 (0.8sec)

Starting time step 32, stepsize 3650 days, at day 116800/364964, date = 16-Oct-2344
 Newton its= 1, linearizations= 2 (0.2sec), linear its= 16 (0.8sec)

Starting time step 33, stepsize 3650 days, at day 120450/364964, date = 14-Oct-2354
 Newton its= 1, linearizations= 2 (0.2sec), linear its= 16 (0.9sec)

Starting time step 34, stepsize 3650 days, at day 124100/364964, date = 11-Oct-2364
 Newton its= 1, linearizations= 2 (0.2sec), linear its= 16 (0.8sec)

Starting time step 35, stepsize 3650 days, at day 127750/364964, date = 09-Oct-2374
 Newton its= 1, linearizations= 2 (0.3sec), linear its= 15 (0.8sec)

Starting time step 36, stepsize 3650 days, at day 131400/364964, date = 06-Oct-2384
 Newton its= 1, linearizations= 2 (0.3sec), linear its= 16 (0.8sec)

Starting time step 37, stepsize 3650 days, at day 135050/364964, date = 04-Oct-2394
 Newton its= 1, linearizations= 2 (0.2sec), linear its= 17 (0.8sec)

Starting time step 38, stepsize 3650 days, at day 138700/364964, date = 01-Oct-2404
 Newton its= 1, linearizations= 2 (0.2sec), linear its= 17 (0.9sec)

Starting time step 39, stepsize 3650 days, at day 142350/364964, date = 29-Sep-2414
 Newton its= 1, linearizations= 2 (0.2sec), linear its= 17 (0.8sec)

Starting time step 40, stepsize 3650 days, at day 146000/364964, date = 26-Sep-2424
 Newton its= 1, linearizations= 2 (0.3sec), linear its= 17 (0.9sec)

Starting time step 41, stepsize 3650 days, at day 149650/364964, date = 24-Sep-2434
 Newton its= 1, linearizations= 2 (0.2sec), linear its= 17 (0.9sec)

Starting time step 42, stepsize 3650 days, at day 153300/364964, date = 21-Sep-2444
 Newton its= 1, linearizations= 2 (0.2sec), linear its= 17 (0.8sec)

Starting time step 43, stepsize 3650 days, at day 156950/364964, date = 19-Sep-2454
 Newton its= 1, linearizations= 2 (0.3sec), linear its= 17 (0.8sec)

Starting time step 44, stepsize 3650 days, at day 160600/364964, date = 16-Sep-2464
 Newton its= 1, linearizations= 2 (0.3sec), linear its= 16 (0.8sec)

Starting time step 45, stepsize 3650 days, at day 164250/364964, date = 14-Sep-2474
 Newton its= 1, linearizations= 2 (0.2sec), linear its= 16 (0.8sec)

Starting time step 46, stepsize 3650 days, at day 167900/364964, date = 11-Sep-2484
 Newton its= 1, linearizations= 2 (0.3sec), linear its= 16 (0.8sec)

Starting time step 47, stepsize 3650 days, at day 171550/364964, date = 09-Sep-2494
 Newton its= 1, linearizations= 2 (0.2sec), linear its= 16 (0.8sec)

Starting time step 48, stepsize 3650 days, at day 175200/364964, date = 07-Sep-2504
 Newton its= 1, linearizations= 2 (0.3sec), linear its= 15 (0.8sec)

Starting time step 49, stepsize 3650 days, at day 178850/364964, date = 05-Sep-2514
 Newton its= 1, linearizations= 2 (0.2sec), linear its= 15 (0.8sec)

Starting time step 50, stepsize 3650 days, at day 182500/364964, date = 02-Sep-2524
 Newton its= 1, linearizations= 2 (0.2sec), linear its= 16 (0.8sec)

Starting time step 51, stepsize 3650 days, at day 186150/364964, date = 31-Aug-2534
 Newton its= 1, linearizations= 2 (0.2sec), linear its= 16 (0.8sec)

Starting time step 52, stepsize 3650 days, at day 189800/364964, date = 28-Aug-2544
 Newton its= 1, linearizations= 2 (0.2sec), linear its= 16 (0.9sec)

Starting time step 53, stepsize 3650 days, at day 193450/364964, date = 26-Aug-2554
 Newton its= 1, linearizations= 2 (0.2sec), linear its= 15 (0.8sec)

Starting time step 54, stepsize 3650 days, at day 197100/364964, date = 23-Aug-2564
 Newton its= 1, linearizations= 2 (0.3sec), linear its= 15 (0.8sec)

Starting time step 55, stepsize 3650 days, at day 200750/364964, date = 21-Aug-2574
 Newton its= 1, linearizations= 2 (0.3sec), linear its= 15 (0.8sec)

Starting time step 56, stepsize 3650 days, at day 204400/364964, date = 18-Aug-2584
 Newton its= 1, linearizations= 2 (0.4sec), linear its= 15 (0.7sec)

Starting time step 57, stepsize 3650 days, at day 208050/364964, date = 16-Aug-2594
 Newton its= 1, linearizations= 2 (0.3sec), linear its= 15 (0.8sec)

Starting time step 58, stepsize 3650 days, at day 211700/364964, date = 14-Aug-2604
 Newton its= 1, linearizations= 2 (0.3sec), linear its= 16 (0.8sec)

Starting time step 59, stepsize 3650 days, at day 215350/364964, date = 12-Aug-2614
 Newton its= 1, linearizations= 2 (0.2sec), linear its= 15 (0.7sec)

Starting time step 60, stepsize 3650 days, at day 219000/364964, date = 09-Aug-2624
 Newton its= 1, linearizations= 2 (0.2sec), linear its= 16 (0.9sec)

Starting time step 61, stepsize 3650 days, at day 222650/364964, date = 07-Aug-2634
 Newton its= 1, linearizations= 2 (0.3sec), linear its= 15 (0.8sec)

Starting time step 62, stepsize 3650 days, at day 226300/364964, date = 04-Aug-2644
 Newton its= 1, linearizations= 2 (0.3sec), linear its= 15 (0.8sec)

Starting time step 63, stepsize 3650 days, at day 229950/364964, date = 02-Aug-2654
 Newton its= 1, linearizations= 2 (0.3sec), linear its= 15 (0.8sec)

Starting time step 64, stepsize 3650 days, at day 233600/364964, date = 30-Jul-2664
 Newton its= 1, linearizations= 2 (0.2sec), linear its= 15 (0.8sec)

Starting time step 65, stepsize 3650 days, at day 237250/364964, date = 28-Jul-2674
 Newton its= 1, linearizations= 2 (0.2sec), linear its= 15 (0.7sec)

Starting time step 66, stepsize 3650 days, at day 240900/364964, date = 25-Jul-2684
 Newton its= 1, linearizations= 2 (0.3sec), linear its= 15 (0.8sec)

Starting time step 67, stepsize 3650 days, at day 244550/364964, date = 23-Jul-2694
 Newton its= 1, linearizations= 2 (0.3sec), linear its= 15 (0.8sec)

Starting time step 68, stepsize 3650 days, at day 248200/364964, date = 21-Jul-2704
 Newton its= 1, linearizations= 2 (0.3sec), linear its= 15 (0.7sec)

Starting time step 69, stepsize 3650 days, at day 251850/364964, date = 19-Jul-2714
 Newton its= 1, linearizations= 2 (0.3sec), linear its= 15 (0.8sec)

Starting time step 70, stepsize 3650 days, at day 255500/364964, date = 16-Jul-2724
 Newton its= 1, linearizations= 2 (0.3sec), linear its= 15 (0.8sec)

Starting time step 71, stepsize 3650 days, at day 259150/364964, date = 14-Jul-2734
 Newton its= 1, linearizations= 2 (0.3sec), linear its= 15 (0.8sec)

Starting time step 72, stepsize 3650 days, at day 262800/364964, date = 11-Jul-2744
 Newton its= 1, linearizations= 2 (0.3sec), linear its= 15 (0.8sec)

Starting time step 73, stepsize 3650 days, at day 266450/364964, date = 09-Jul-2754
 Newton its= 1, linearizations= 2 (0.2sec), linear its= 15 (0.8sec)

Starting time step 74, stepsize 3650 days, at day 270100/364964, date = 06-Jul-2764
 Newton its= 1, linearizations= 2 (0.2sec), linear its= 16 (0.9sec)

Starting time step 75, stepsize 3650 days, at day 273750/364964, date = 04-Jul-2774
 Newton its= 1, linearizations= 2 (0.3sec), linear its= 15 (0.7sec)

Starting time step 76, stepsize 3650 days, at day 277400/364964, date = 01-Jul-2784
 Newton its= 1, linearizations= 2 (0.3sec), linear its= 16 (0.8sec)

Starting time step 77, stepsize 3650 days, at day 281050/364964, date = 29-Jun-2794
 Newton its= 1, linearizations= 2 (0.3sec), linear its= 16 (0.9sec)

Starting time step 78, stepsize 3650 days, at day 284700/364964, date = 26-Jun-2804
 Newton its= 1, linearizations= 2 (0.3sec), linear its= 14 (0.7sec)

Starting time step 79, stepsize 3650 days, at day 288350/364964, date = 24-Jun-2814
 Newton its= 1, linearizations= 2 (0.3sec), linear its= 16 (0.8sec)

Starting time step 80, stepsize 3650 days, at day 292000/364964, date = 21-Jun-2824
 Newton its= 1, linearizations= 2 (0.3sec), linear its= 15 (0.8sec)

Starting time step 81, stepsize 3650 days, at day 295650/364964, date = 19-Jun-2834
 Newton its= 1, linearizations= 2 (0.3sec), linear its= 15 (0.9sec)

Starting time step 82, stepsize 3650 days, at day 299300/364964, date = 16-Jun-2844
 Newton its= 1, linearizations= 2 (0.2sec), linear its= 15 (0.8sec)

Starting time step 83, stepsize 3650 days, at day 302950/364964, date = 14-Jun-2854
 Newton its= 1, linearizations= 2 (0.3sec), linear its= 15 (0.8sec)

Starting time step 84, stepsize 3650 days, at day 306600/364964, date = 11-Jun-2864
 Newton its= 1, linearizations= 2 (0.3sec), linear its= 15 (0.8sec)

Starting time step 85, stepsize 3650 days, at day 310250/364964, date = 09-Jun-2874
 Newton its= 1, linearizations= 2 (0.2sec), linear its= 15 (0.8sec)

Starting time step 86, stepsize 3650 days, at day 313900/364964, date = 06-Jun-2884
 Newton its= 1, linearizations= 2 (0.2sec), linear its= 15 (0.8sec)

Starting time step 87, stepsize 3650 days, at day 317550/364964, date = 04-Jun-2894
 Newton its= 1, linearizations= 2 (0.3sec), linear its= 15 (0.8sec)

Starting time step 88, stepsize 3650 days, at day 321200/364964, date = 02-Jun-2904
 Newton its= 1, linearizations= 2 (0.3sec), linear its= 15 (0.7sec)

Starting time step 89, stepsize 3650 days, at day 324850/364964, date = 31-May-2914
 Newton its= 1, linearizations= 2 (0.3sec), linear its= 15 (0.8sec)

Starting time step 90, stepsize 3650 days, at day 328500/364964, date = 28-May-2924
 Newton its= 1, linearizations= 2 (0.3sec), linear its= 15 (0.9sec)

Starting time step 91, stepsize 3650 days, at day 332150/364964, date = 26-May-2934
 Newton its= 1, linearizations= 2 (0.4sec), linear its= 15 (0.8sec)

Starting time step 92, stepsize 3650 days, at day 335800/364964, date = 23-May-2944
 Newton its= 1, linearizations= 2 (0.4sec), linear its= 15 (0.8sec)

Starting time step 93, stepsize 3650 days, at day 339450/364964, date = 21-May-2954
 Newton its= 1, linearizations= 2 (0.3sec), linear its= 15 (0.8sec)

Starting time step 94, stepsize 3650 days, at day 343100/364964, date = 18-May-2964
 Newton its= 1, linearizations= 2 (0.3sec), linear its= 15 (0.7sec)

Starting time step 95, stepsize 3650 days, at day 346750/364964, date = 16-May-2974
 Newton its= 1, linearizations= 2 (0.2sec), linear its= 15 (0.8sec)

Starting time step 96, stepsize 3650 days, at day 350400/364964, date = 13-May-2984
 Newton its= 1, linearizations= 2 (0.3sec), linear its= 15 (0.8sec)

Starting time step 97, stepsize 3650 days, at day 354050/364964, date = 11-May-2994
 Newton its= 1, linearizations= 2 (0.3sec), linear its= 16 (0.9sec)

Starting time step 98, stepsize 3650 days, at day 357700/364964, date = 09-May-3004
 Newton its= 1, linearizations= 2 (0.2sec), linear its= 16 (0.8sec)

Starting time step 99, stepsize 3613.5 days, at day 361350/364964, date = 07-May-3014
 Newton its= 1, linearizations= 2 (0.3sec), linear its= 15 (0.8sec)

Report step  1/17 at day 364964/392375, date = 28-Mar-3024

Starting time step 0, stepsize 36.5 days, at day 364964/365000, date = 28-Mar-3024
 Newton its= 1, linearizations= 2 (0.3sec), linear its=  8 (0.5sec)

Report step  2/17 at day 365000/392375, date = 04-May-3024

Starting time step 0, stepsize 1825 days, at day 365000/366825, date = 04-May-3024

Warning: Full linear solver tolerance not achieved. The reduction is:1.25423e-05 after 20 iterations 

Problem: Solver convergence failure - Numerical problem encountered
Timestep chopped to 602.250000 days


Starting time step 0, stepsize 602.25 days, at day 365000/366825, date = 04-May-3024

Problem: Solver convergence failure - Numerical problem encountered
Timestep chopped to 198.742500 days


Starting time step 0, stepsize 198.743 days, at day 365000/366825, date = 04-May-3024

Problem: Solver convergence failure - Numerical problem encountered
Timestep chopped to 65.585025 days


Starting time step 0, stepsize 65.585 days, at day 365000/366825, date = 04-May-3024

Warning: Full linear solver tolerance not achieved. The reduction is:1.92285e-05 after 20 iterations 
 Newton its=20, linearizations=21 (3.9sec), linear its=162 (9.3sec)

Starting time step 1, stepsize 26.234 days, at day 365066/366825, date = 08-Jul-3024
 Newton its= 3, linearizations= 4 (0.5sec), linear its= 21 (1.3sec)

Starting time step 2, stepsize 78.702 days, at day 365092/366825, date = 03-Aug-3024
 Newton its= 7, linearizations= 8 (1.6sec), linear its= 61 (3.7sec)

Starting time step 3, stepsize 110.183 days, at day 365171/366825, date = 21-Oct-3024
 Newton its= 9, linearizations=10 (1.8sec), linear its=103 (5.7sec)

Starting time step 4, stepsize 97.9403 days, at day 365281/366825, date = 08-Feb-3025
 Newton its= 6, linearizations= 7 (1.5sec), linear its= 52 (3.1sec)

Starting time step 5, stepsize 176.293 days, at day 365379/366825, date = 17-May-3025

Warning: Full linear solver tolerance not achieved. The reduction is:1.4255e-05 after 20 iterations 

Warning: Full linear solver tolerance not achieved. The reduction is:4.41809e-05 after 20 iterations 

Warning: Full linear solver tolerance not achieved. The reduction is:0.0040729 after 20 iterations 
 Newton its=10, linearizations=11 (2.0sec), linear its=155 (7.4sec)

Starting time step 6, stepsize 141.034 days, at day 365555/366825, date = 09-Nov-3025
 Newton its= 9, linearizations=10 (1.9sec), linear its= 92 (5.0sec)

Starting time step 7, stepsize 125.364 days, at day 365696/366825, date = 30-Mar-3026

Warning: Full linear solver tolerance not achieved. The reduction is:1.59779e-05 after 20 iterations 
    Oscillating behavior detected: Relaxation set to 0.900000
 Newton its=14, linearizations=15 (3.2sec), linear its=179 (8.9sec)

Starting time step 8, stepsize 71.6363 days, at day 365821/366825, date = 03-Aug-3026
 Newton its= 6, linearizations= 7 (1.6sec), linear its= 74 (3.8sec)

Starting time step 9, stepsize 128.945 days, at day 365893/366825, date = 13-Oct-3026
 Newton its=15, linearizations=16 (3.3sec), linear its=175 (9.2sec)

Starting time step 10, stepsize 68.7709 days, at day 366022/366825, date = 19-Feb-3027
 Newton its= 8, linearizations= 9 (2.0sec), linear its= 88 (4.8sec)

Starting time step 11, stepsize 68.7709 days, at day 366091/366825, date = 29-Apr-3027
 Newton its= 9, linearizations=10 (2.5sec), linear its= 93 (5.9sec)

Starting time step 12, stepsize 61.1297 days, at day 366159/366825, date = 07-Jul-3027
 Newton its= 7, linearizations= 8 (1.6sec), linear its= 81 (4.6sec)

Starting time step 13, stepsize 85.5815 days, at day 366221/366825, date = 06-Sep-3027
 Newton its=10, linearizations=11 (1.0sec), linear its=111 (5.3sec)

Starting time step 14, stepsize 68.4652 days, at day 366306/366825, date = 01-Dec-3027

Warning: Full linear solver tolerance not achieved. The reduction is:2.98394e-05 after 20 iterations 

Warning: Full linear solver tolerance not achieved. The reduction is:2.04173e-05 after 20 iterations 
 Newton its= 7, linearizations= 8 (0.8sec), linear its= 93 (4.2sec)

Starting time step 15, stepsize 95.8513 days, at day 366375/366825, date = 07-Feb-3028

Warning: Full linear solver tolerance not achieved. The reduction is:8.97014e-05 after 20 iterations 

Warning: Full linear solver tolerance not achieved. The reduction is:7.26252e-05 after 20 iterations 

Warning: Full linear solver tolerance not achieved. The reduction is:2.38502e-05 after 20 iterations 

Warning: Full linear solver tolerance not achieved. The reduction is:1.65629e-05 after 20 iterations 
 Newton its=11, linearizations=12 (1.2sec), linear its=171 (7.5sec)

Starting time step 16, stepsize 69.7101 days, at day 366470/366825, date = 13-May-3028
 Newton its= 7, linearizations= 8 (0.8sec), linear its= 80 (3.9sec)

Starting time step 17, stepsize 97.5941 days, at day 366540/366825, date = 22-Jul-3028

Warning: Full linear solver tolerance not achieved. The reduction is:2.80787e-05 after 20 iterations 
 Newton its= 9, linearizations=10 (0.9sec), linear its=110 (5.2sec)

Starting time step 18, stepsize 86.7503 days, at day 366638/366825, date = 27-Oct-3028
 Newton its= 7, linearizations= 8 (0.7sec), linear its= 91 (4.2sec)

Starting time step 19, stepsize 100.46 days, at day 366725/366825, date = 22-Jan-3029

Warning: Full linear solver tolerance not achieved. The reduction is:3.73642e-05 after 20 iterations 

Warning: Full linear solver tolerance not achieved. The reduction is:0.000303918 after 20 iterations 
 Newton its= 9, linearizations=10 (0.9sec), linear its=126 (5.8sec)

Report step  3/17 at day 366825/392375, date = 03-May-3029

Starting time step 0, stepsize 1825 days, at day 366825/368650, date = 03-May-3029

Warning: Full linear solver tolerance not achieved. The reduction is:0.000162066 after 20 iterations 

Problem: Solver convergence failure - Numerical problem encountered
Timestep chopped to 602.250000 days


Starting time step 0, stepsize 602.25 days, at day 366825/368650, date = 03-May-3029

Warning: Full linear solver tolerance not achieved. The reduction is:0.000382104 after 20 iterations 

Warning: Full linear solver tolerance not achieved. The reduction is:0.000217167 after 20 iterations 

Warning: Full linear solver tolerance not achieved. The reduction is:0.000422936 after 20 iterations 

Problem: Solver convergence failure - Numerical problem encountered
Timestep chopped to 198.742500 days


Starting time step 0, stepsize 198.743 days, at day 366825/368650, date = 03-May-3029

Problem: Solver convergence failure - Numerical problem encountered
Timestep chopped to 65.585025 days


Starting time step 0, stepsize 65.585 days, at day 366825/368650, date = 03-May-3029
 Newton its= 7, linearizations= 8 (0.7sec), linear its= 88 (4.0sec)

Starting time step 1, stepsize 91.819 days, at day 366891/368650, date = 07-Jul-3029

Warning: Full linear solver tolerance not achieved. The reduction is:0.000165389 after 20 iterations 

Warning: Full linear solver tolerance not achieved. The reduction is:1.40683e-05 after 20 iterations 

Warning: Full linear solver tolerance not achieved. The reduction is:3.44641e-05 after 20 iterations 
 Newton its= 9, linearizations=10 (0.9sec), linear its=157 (6.8sec)

Starting time step 2, stepsize 81.6169 days, at day 366982/368650, date = 07-Oct-3029

Warning: Full linear solver tolerance not achieved. The reduction is:3.0175e-05 after 20 iterations 

Warning: Full linear solver tolerance not achieved. The reduction is:3.31549e-05 after 20 iterations 

Warning: Full linear solver tolerance not achieved. The reduction is:1.63119e-05 after 20 iterations 
 Newton its= 8, linearizations= 9 (0.8sec), linear its=132 (5.9sec)

Starting time step 3, stepsize 81.6169 days, at day 367064/368650, date = 28-Dec-3029

Warning: Full linear solver tolerance not achieved. The reduction is:1.19152e-05 after 20 iterations 
 Newton its= 8, linearizations= 9 (0.9sec), linear its=111 (5.0sec)

Starting time step 4, stepsize 81.6169 days, at day 367146/368650, date = 19-Mar-3030

Warning: Full linear solver tolerance not achieved. The reduction is:6.19279e-05 after 20 iterations 

Warning: Full linear solver tolerance not achieved. The reduction is:1.45763e-05 after 20 iterations 
 Newton its= 8, linearizations= 9 (0.7sec), linear its=113 (5.2sec)

Starting time step 5, stepsize 81.6169 days, at day 367227/368650, date = 09-Jun-3030

Warning: Full linear solver tolerance not achieved. The reduction is:3.26868e-05 after 20 iterations 

Warning: Full linear solver tolerance not achieved. The reduction is:1.97966e-05 after 20 iterations 

Warning: Full linear solver tolerance not achieved. The reduction is:1.77916e-05 after 20 iterations 

Warning: Full linear solver tolerance not achieved. The reduction is:8.16805e-05 after 20 iterations 
 Newton its= 7, linearizations= 8 (0.8sec), linear its=117 (5.3sec)

Starting time step 6, stepsize 114.264 days, at day 367309/368650, date = 29-Aug-3030

Warning: Full linear solver tolerance not achieved. The reduction is:1.83086e-05 after 20 iterations 

Warning: Full linear solver tolerance not achieved. The reduction is:0.00205745 after 20 iterations 

Warning: Full linear solver tolerance not achieved. The reduction is:0.000195369 after 20 iterations 

Warning: Full linear solver tolerance not achieved. The reduction is:8.26674e-05 after 20 iterations 

Warning: Full linear solver tolerance not achieved. The reduction is:0.000168078 after 20 iterations 

Problem: Solver convergence failure - Iteration limit reached
Timestep chopped to 37.707017 days


Starting time step 6, stepsize 37.707 days, at day 367309/368650, date = 29-Aug-3030
    Oscillating behavior detected: Relaxation set to 0.900000
 Newton its= 5, linearizations= 6 (0.6sec), linear its= 67 (3.0sec)

Starting time step 7, stepsize 75.414 days, at day 367347/368650, date = 06-Oct-3030

Warning: Full linear solver tolerance not achieved. The reduction is:2.92732e-05 after 20 iterations 
 Newton its= 8, linearizations= 9 (0.7sec), linear its=103 (4.7sec)

Starting time step 8, stepsize 75.414 days, at day 367422/368650, date = 20-Dec-3030

Warning: Full linear solver tolerance not achieved. The reduction is:0.000795184 after 20 iterations 

Warning: Full linear solver tolerance not achieved. The reduction is:1.25365e-05 after 20 iterations 

Warning: Full linear solver tolerance not achieved. The reduction is:1.18005e-05 after 20 iterations 

Problem: Solver convergence failure - Numerical problem encountered
Timestep chopped to 24.886631 days


Starting time step 8, stepsize 24.8866 days, at day 367422/368650, date = 20-Dec-3030

Problem: Solver convergence failure - Numerical problem encountered
Timestep chopped to 8.212588 days


Starting time step 8, stepsize 8.21259 days, at day 367422/368650, date = 20-Dec-3030
 Newton its= 1, linearizations= 2 (0.2sec), linear its=  9 (0.5sec)

Starting time step 9, stepsize 16.4252 days, at day 367430/368650, date = 29-Dec-3030
 Newton its= 2, linearizations= 3 (0.3sec), linear its= 18 (0.9sec)

Starting time step 10, stepsize 49.2755 days, at day 367447/368650, date = 14-Jan-3031
 Newton its= 5, linearizations= 6 (0.6sec), linear its= 59 (2.8sec)

Starting time step 11, stepsize 108.406 days, at day 367496/368650, date = 04-Mar-3031

Warning: Full linear solver tolerance not achieved. The reduction is:3.17643e-05 after 20 iterations 

Warning: Full linear solver tolerance not achieved. The reduction is:3.55924e-05 after 20 iterations 

Warning: Full linear solver tolerance not achieved. The reduction is:9.5615e-05 after 20 iterations 

Warning: Full linear solver tolerance not achieved. The reduction is:6.25206e-05 after 20 iterations 

Problem: Solver convergence failure - Numerical problem encountered
Timestep chopped to 35.774035 days


Starting time step 11, stepsize 35.774 days, at day 367496/368650, date = 04-Mar-3031

Problem: Solver convergence failure - Numerical problem encountered
Timestep chopped to 11.805431 days


Starting time step 11, stepsize 11.8054 days, at day 367496/368650, date = 04-Mar-3031
 Newton its= 2, linearizations= 3 (0.3sec), linear its= 25 (1.3sec)

Starting time step 12, stepsize 23.6109 days, at day 367508/368650, date = 16-Mar-3031
 Newton its= 3, linearizations= 4 (0.3sec), linear its= 31 (1.5sec)

Starting time step 13, stepsize 70.8326 days, at day 367531/368650, date = 09-Apr-3031

Warning: Full linear solver tolerance not achieved. The reduction is:1.60782e-05 after 20 iterations 

Warning: Full linear solver tolerance not achieved. The reduction is:0.00265928 after 20 iterations 

Warning: Full linear solver tolerance not achieved. The reduction is:0.000665911 after 20 iterations 

Problem: Solver convergence failure - Numerical problem encountered
Timestep chopped to 23.374754 days


Starting time step 13, stepsize 23.3748 days, at day 367531/368650, date = 09-Apr-3031

Problem: Solver convergence failure - Numerical problem encountered
Timestep chopped to 7.713669 days


Starting time step 13, stepsize 7.71367 days, at day 367531/368650, date = 09-Apr-3031
 Newton its= 1, linearizations= 2 (0.1sec), linear its= 10 (0.5sec)

Starting time step 14, stepsize 15.4273 days, at day 367539/368650, date = 17-Apr-3031
 Newton its= 2, linearizations= 3 (0.2sec), linear its= 19 (0.9sec)

Starting time step 15, stepsize 46.282 days, at day 367554/368650, date = 02-May-3031
    Oscillating behavior detected: Relaxation set to 0.900000
 Newton its= 5, linearizations= 6 (0.6sec), linear its= 62 (2.8sec)

Starting time step 16, stepsize 101.82 days, at day 367601/368650, date = 17-Jun-3031

Warning: Full linear solver tolerance not achieved. The reduction is:7.55823e-05 after 20 iterations 

Problem: Solver convergence failure - Numerical problem encountered
Timestep chopped to 33.600742 days


Starting time step 16, stepsize 33.6007 days, at day 367601/368650, date = 17-Jun-3031

Problem: Solver convergence failure - Numerical problem encountered
Timestep chopped to 11.088245 days


Starting time step 16, stepsize 11.0882 days, at day 367601/368650, date = 17-Jun-3031
 Newton its= 1, linearizations= 2 (0.2sec), linear its=  8 (0.5sec)

Starting time step 17, stepsize 22.1765 days, at day 367612/368650, date = 28-Jun-3031
 Newton its= 3, linearizations= 4 (0.3sec), linear its= 34 (1.5sec)

Starting time step 18, stepsize 66.5295 days, at day 367634/368650, date = 21-Jul-3031
    Oscillating behavior detected: Relaxation set to 0.900000
 Newton its= 8, linearizations= 9 (0.8sec), linear its=120 (5.5sec)

Starting time step 19, stepsize 66.5295 days, at day 367701/368650, date = 25-Sep-3031
 Newton its= 6, linearizations= 7 (0.7sec), linear its= 75 (3.5sec)

Starting time step 20, stepsize 119.753 days, at day 367767/368650, date = 01-Dec-3031

Warning: Full linear solver tolerance not achieved. The reduction is:1.79318e-05 after 20 iterations 

Problem: Solver convergence failure - Numerical problem encountered
Timestep chopped to 39.518504 days


Starting time step 20, stepsize 39.5185 days, at day 367767/368650, date = 01-Dec-3031

Problem: Solver convergence failure - Numerical problem encountered
Timestep chopped to 13.041106 days


Starting time step 20, stepsize 13.0411 days, at day 367767/368650, date = 01-Dec-3031
 Newton its= 2, linearizations= 3 (0.3sec), linear its= 21 (1.0sec)

Starting time step 21, stepsize 26.0822 days, at day 367780/368650, date = 14-Dec-3031
 Newton its= 3, linearizations= 4 (0.3sec), linear its= 43 (1.9sec)

Starting time step 22, stepsize 78.2466 days, at day 367806/368650, date = 09-Jan-3032
 Newton its= 8, linearizations= 9 (1.0sec), linear its=104 (4.9sec)

Starting time step 23, stepsize 78.2466 days, at day 367884/368650, date = 27-Mar-3032
 Newton its= 8, linearizations= 9 (1.1sec), linear its=103 (5.3sec)

Starting time step 24, stepsize 78.2466 days, at day 367963/368650, date = 13-Jun-3032
 Newton its= 7, linearizations= 8 (0.8sec), linear its= 92 (4.8sec)

Starting time step 25, stepsize 109.545 days, at day 368041/368650, date = 30-Aug-3032

Warning: Full linear solver tolerance not achieved. The reduction is:2.2837e-05 after 20 iterations 
 Newton its=10, linearizations=11 (1.2sec), linear its=145 (6.9sec)

Starting time step 26, stepsize 87.6362 days, at day 368150/368650, date = 18-Dec-3032
 Newton its= 6, linearizations= 7 (1.3sec), linear its= 90 (4.9sec)

Starting time step 27, stepsize 157.745 days, at day 368238/368650, date = 16-Mar-3033

Warning: Full linear solver tolerance not achieved. The reduction is:1.04615e-05 after 20 iterations 

Warning: Full linear solver tolerance not achieved. The reduction is:5.71067e-05 after 20 iterations 
 Newton its=13, linearizations=14 (1.3sec), linear its=206 (10.3sec)

Starting time step 28, stepsize 97.074 days, at day 368396/368650, date = 20-Aug-3033

Warning: Full linear solver tolerance not achieved. The reduction is:3.42128e-05 after 20 iterations 

Warning: Full linear solver tolerance not achieved. The reduction is:3.63284e-05 after 20 iterations 

Warning: Full linear solver tolerance not achieved. The reduction is:1.6067e-05 after 20 iterations 

Warning: Full linear solver tolerance not achieved. The reduction is:2.17794e-05 after 20 iterations 
 Newton its= 7, linearizations= 8 (0.7sec), linear its=122 (5.6sec)

Starting time step 29, stepsize 78.5335 days, at day 368493/368650, date = 25-Nov-3033

Warning: Full linear solver tolerance not achieved. The reduction is:3.87378e-05 after 20 iterations 

Warning: Full linear solver tolerance not achieved. The reduction is:2.67695e-05 after 20 iterations 
    Oscillating behavior detected: Relaxation set to 0.900000

Warning: Full linear solver tolerance not achieved. The reduction is:2.37064e-05 after 20 iterations 
 Newton its=11, linearizations=12 (1.5sec), linear its=180 (8.6sec)

Starting time step 30, stepsize 39.2667 days, at day 368571/368650, date = 12-Feb-3034
 Newton its= 4, linearizations= 5 (0.5sec), linear its= 47 (2.4sec)

Starting time step 31, stepsize 39.2667 days, at day 368611/368650, date = 23-Mar-3034
 Newton its= 4, linearizations= 5 (0.6sec), linear its= 48 (2.4sec)

Report step  4/17 at day 368650/392375, date = 02-May-3034

Starting time step 0, stepsize 1825 days, at day 368650/370475, date = 02-May-3034

Warning: Full linear solver tolerance not achieved. The reduction is:0.00133904 after 20 iterations 

Problem: Solver convergence failure - Numerical problem encountered
Timestep chopped to 602.250000 days


Starting time step 0, stepsize 602.25 days, at day 368650/370475, date = 02-May-3034

Problem: Solver convergence failure - Numerical problem encountered
Timestep chopped to 198.742500 days


Starting time step 0, stepsize 198.743 days, at day 368650/370475, date = 02-May-3034

Warning: Full linear solver tolerance not achieved. The reduction is:0.000441887 after 20 iterations 

Warning: Full linear solver tolerance not achieved. The reduction is:1.51619e-05 after 20 iterations 

Warning: Full linear solver tolerance not achieved. The reduction is:0.000263219 after 20 iterations 

Problem: Solver convergence failure - Numerical problem encountered
Timestep chopped to 65.585025 days


Starting time step 0, stepsize 65.585 days, at day 368650/370475, date = 02-May-3034

Problem: Solver convergence failure - Numerical problem encountered
Timestep chopped to 21.643058 days


Starting time step 0, stepsize 21.6431 days, at day 368650/370475, date = 02-May-3034
 Newton its= 2, linearizations= 3 (0.3sec), linear its= 21 (1.1sec)

Starting time step 1, stepsize 43.2861 days, at day 368672/370475, date = 23-May-3034
 Newton its= 4, linearizations= 5 (0.5sec), linear its= 55 (2.6sec)

Starting time step 2, stepsize 112.544 days, at day 368715/370475, date = 05-Jul-3034

Warning: Full linear solver tolerance not achieved. The reduction is:2.00255e-05 after 20 iterations 

Warning: Full linear solver tolerance not achieved. The reduction is:0.00164205 after 20 iterations 

Warning: Full linear solver tolerance not achieved. The reduction is:0.000460994 after 20 iterations 

Warning: Full linear solver tolerance not achieved. The reduction is:0.000598396 after 20 iterations 

Problem: Solver convergence failure - Numerical problem encountered
Timestep chopped to 37.139488 days


Starting time step 2, stepsize 37.1395 days, at day 368715/370475, date = 05-Jul-3034

Problem: Solver convergence failure - Numerical problem encountered
Timestep chopped to 12.256031 days


Starting time step 2, stepsize 12.256 days, at day 368715/370475, date = 05-Jul-3034
 Newton its= 1, linearizations= 2 (0.2sec), linear its= 12 (0.6sec)

Starting time step 3, stepsize 24.5121 days, at day 368727/370475, date = 18-Jul-3034
 Newton its= 3, linearizations= 4 (0.3sec), linear its= 31 (1.6sec)

Starting time step 4, stepsize 73.5362 days, at day 368752/370475, date = 11-Aug-3034

Warning: Full linear solver tolerance not achieved. The reduction is:0.000610292 after 20 iterations 

Warning: Full linear solver tolerance not achieved. The reduction is:0.000160328 after 20 iterations 

Warning: Full linear solver tolerance not achieved. The reduction is:0.000219829 after 20 iterations 

Warning: Full linear solver tolerance not achieved. The reduction is:1.21206e-05 after 20 iterations 

Warning: Full linear solver tolerance not achieved. The reduction is:1.4363e-05 after 20 iterations 

Problem: Solver convergence failure - Numerical problem encountered
Timestep chopped to 24.266941 days


Starting time step 4, stepsize 24.2669 days, at day 368752/370475, date = 11-Aug-3034
 Newton its= 3, linearizations= 4 (0.4sec), linear its= 37 (1.8sec)

Starting time step 5, stepsize 48.5339 days, at day 368776/370475, date = 04-Sep-3034
 Newton its= 5, linearizations= 6 (0.5sec), linear its= 60 (2.8sec)

Starting time step 6, stepsize 106.775 days, at day 368824/370475, date = 23-Oct-3034

Warning: Full linear solver tolerance not achieved. The reduction is:0.00119172 after 20 iterations 

Warning: Full linear solver tolerance not achieved. The reduction is:0.00117288 after 20 iterations 

Warning: Full linear solver tolerance not achieved. The reduction is:0.00460285 after 20 iterations 

Warning: Full linear solver tolerance not achieved. The reduction is:9.24719e-05 after 20 iterations 

Problem: Solver convergence failure - Numerical problem encountered
Timestep chopped to 35.235599 days


Starting time step 6, stepsize 35.2356 days, at day 368824/370475, date = 23-Oct-3034

Problem: Solver convergence failure - Numerical problem encountered
Timestep chopped to 11.627748 days


Starting time step 6, stepsize 11.6277 days, at day 368824/370475, date = 23-Oct-3034
 Newton its= 1, linearizations= 2 (0.2sec), linear its= 10 (0.5sec)

Starting time step 7, stepsize 23.2555 days, at day 368836/370475, date = 04-Nov-3034
 Newton its= 3, linearizations= 4 (0.4sec), linear its= 33 (1.6sec)

Starting time step 8, stepsize 69.7665 days, at day 368859/370475, date = 27-Nov-3034

Warning: Full linear solver tolerance not achieved. The reduction is:7.40681e-05 after 20 iterations 

Warning: Full linear solver tolerance not achieved. The reduction is:1.40823e-05 after 20 iterations 

Warning: Full linear solver tolerance not achieved. The reduction is:5.53046e-05 after 20 iterations 

Warning: Full linear solver tolerance not achieved. The reduction is:2.17935e-05 after 20 iterations 

Warning: Full linear solver tolerance not achieved. The reduction is:1.86021e-05 after 20 iterations 
    Oscillating behavior detected: Relaxation set to 0.900000
 Newton its= 9, linearizations=10 (0.9sec), linear its=167 (7.2sec)

Starting time step 9, stepsize 62.0147 days, at day 368929/370475, date = 05-Feb-3035
 Newton its= 6, linearizations= 7 (0.7sec), linear its= 89 (4.0sec)

Starting time step 10, stepsize 111.626 days, at day 368991/370475, date = 08-Apr-3035

Warning: Full linear solver tolerance not achieved. The reduction is:1.28761e-05 after 20 iterations 

Problem: Solver convergence failure - Numerical problem encountered
Timestep chopped to 36.836705 days


Starting time step 10, stepsize 36.8367 days, at day 368991/370475, date = 08-Apr-3035

Warning: Full linear solver tolerance not achieved. The reduction is:1.8503e-05 after 20 iterations 
 Newton its= 4, linearizations= 5 (0.5sec), linear its= 60 (2.8sec)

Starting time step 11, stepsize 73.6734 days, at day 369028/370475, date = 14-May-3035

Warning: Full linear solver tolerance not achieved. The reduction is:2.41772e-05 after 20 iterations 

Warning: Full linear solver tolerance not achieved. The reduction is:2.24411e-05 after 20 iterations 

Warning: Full linear solver tolerance not achieved. The reduction is:0.0071272 after 20 iterations 

Warning: Full linear solver tolerance not achieved. The reduction is:0.000121291 after 20 iterations 

Warning: Full linear solver tolerance not achieved. The reduction is:1.73969e-05 after 20 iterations 

Warning: Full linear solver tolerance not achieved. The reduction is:2.12586e-05 after 20 iterations 

Warning: Full linear solver tolerance not achieved. The reduction is:1.19572e-05 after 20 iterations 

Warning: Full linear solver tolerance not achieved. The reduction is:4.60041e-05 after 20 iterations 

Warning: Full linear solver tolerance not achieved. The reduction is:1.09892e-05 after 20 iterations 

Warning: Full linear solver tolerance not achieved. The reduction is:0.000500995 after 20 iterations 

Warning: Full linear solver tolerance not achieved. The reduction is:1.81586e-05 after 20 iterations 

Warning: Full linear solver tolerance not achieved. The reduction is:0.000216461 after 20 iterations 

Problem: Solver convergence failure - Iteration limit reached
Timestep chopped to 24.312225 days


Starting time step 11, stepsize 24.3122 days, at day 369028/370475, date = 14-May-3035
 Newton its= 3, linearizations= 4 (0.4sec), linear its= 39 (1.8sec)

Starting time step 12, stepsize 48.6245 days, at day 369052/370475, date = 08-Jun-3035
 Newton its= 4, linearizations= 5 (0.4sec), linear its= 53 (2.5sec)

Starting time step 13, stepsize 126.424 days, at day 369101/370475, date = 26-Jul-3035

Warning: Full linear solver tolerance not achieved. The reduction is:0.0027554 after 20 iterations 

Warning: Full linear solver tolerance not achieved. The reduction is:0.00304722 after 20 iterations 

Problem: Solver convergence failure - Numerical problem encountered
Timestep chopped to 41.719778 days


Starting time step 13, stepsize 41.7198 days, at day 369101/370475, date = 26-Jul-3035

Problem: Solver convergence failure - Numerical problem encountered
Timestep chopped to 13.767527 days


Starting time step 13, stepsize 13.7675 days, at day 369101/370475, date = 26-Jul-3035
 Newton its= 2, linearizations= 3 (0.3sec), linear its= 29 (1.3sec)

Starting time step 14, stepsize 27.5351 days, at day 369115/370475, date = 09-Aug-3035
 Newton its= 3, linearizations= 4 (0.3sec), linear its= 41 (2.0sec)

Starting time step 15, stepsize 82.6052 days, at day 369142/370475, date = 06-Sep-3035

Problem: Solver convergence failure - Numerical problem encountered
Timestep chopped to 27.259703 days


Starting time step 15, stepsize 27.2597 days, at day 369142/370475, date = 06-Sep-3035
 Newton its= 3, linearizations= 4 (0.3sec), linear its= 34 (1.6sec)

Starting time step 16, stepsize 54.5194 days, at day 369169/370475, date = 03-Oct-3035
 Newton its= 5, linearizations= 6 (0.6sec), linear its= 84 (3.8sec)

Starting time step 17, stepsize 119.943 days, at day 369224/370475, date = 27-Nov-3035

Warning: Full linear solver tolerance not achieved. The reduction is:0.00164027 after 20 iterations 

Warning: Full linear solver tolerance not achieved. The reduction is:0.000138828 after 20 iterations 

Problem: Solver convergence failure - Numerical problem encountered
Timestep chopped to 39.581089 days


Starting time step 17, stepsize 39.5811 days, at day 369224/370475, date = 27-Nov-3035

Problem: Solver convergence failure - Numerical problem encountered
Timestep chopped to 13.061759 days


Starting time step 17, stepsize 13.0618 days, at day 369224/370475, date = 27-Nov-3035
 Newton its= 1, linearizations= 2 (0.2sec), linear its= 11 (0.5sec)

Starting time step 18, stepsize 26.1235 days, at day 369237/370475, date = 10-Dec-3035
 Newton its= 3, linearizations= 4 (0.5sec), linear its= 33 (1.6sec)

Starting time step 19, stepsize 78.3706 days, at day 369263/370475, date = 05-Jan-3036

Warning: Full linear solver tolerance not achieved. The reduction is:5.39471e-05 after 20 iterations 

Warning: Full linear solver tolerance not achieved. The reduction is:7.53842e-05 after 20 iterations 

Warning: Full linear solver tolerance not achieved. The reduction is:1.56636e-05 after 20 iterations 

Warning: Full linear solver tolerance not achieved. The reduction is:0.000496519 after 20 iterations 

Warning: Full linear solver tolerance not achieved. The reduction is:3.04481e-05 after 20 iterations 

Warning: Full linear solver tolerance not achieved. The reduction is:3.95056e-05 after 20 iterations 

Warning: Full linear solver tolerance not achieved. The reduction is:0.00150923 after 20 iterations 

Warning: Full linear solver tolerance not achieved. The reduction is:1.3e-05 after 20 iterations 
    Oscillating behavior detected: Relaxation set to 0.900000

Warning: Full linear solver tolerance not achieved. The reduction is:0.000959876 after 20 iterations 

Warning: Full linear solver tolerance not achieved. The reduction is:3.79128e-05 after 20 iterations 
    Oscillating behavior detected: Relaxation set to 0.800000

Warning: Full linear solver tolerance not achieved. The reduction is:4.14964e-05 after 20 iterations 

Warning: Full linear solver tolerance not achieved. The reduction is:0.000613896 after 20 iterations 

Warning: Full linear solver tolerance not achieved. The reduction is:1.69001e-05 after 20 iterations 
    Oscillating behavior detected: Relaxation set to 0.700000

Warning: Full linear solver tolerance not achieved. The reduction is:5.92019e-05 after 20 iterations 

Warning: Full linear solver tolerance not achieved. The reduction is:0.000361856 after 20 iterations 

Warning: Full linear solver tolerance not achieved. The reduction is:0.000213892 after 20 iterations 

Warning: Full linear solver tolerance not achieved. The reduction is:9.95022e-05 after 20 iterations 

Warning: Full linear solver tolerance not achieved. The reduction is:0.000453157 after 20 iterations 

Warning: Full linear solver tolerance not achieved. The reduction is:0.000123614 after 20 iterations 

Warning: Full linear solver tolerance not achieved. The reduction is:2.95528e-05 after 20 iterations 

Problem: Solver convergence failure - Iteration limit reached
Timestep chopped to 25.862283 days


Starting time step 19, stepsize 25.8623 days, at day 369263/370475, date = 05-Jan-3036
 Newton its= 2, linearizations= 3 (0.3sec), linear its= 22 (1.1sec)

Starting time step 20, stepsize 51.7246 days, at day 369289/370475, date = 31-Jan-3036
 Newton its= 5, linearizations= 6 (0.6sec), linear its= 62 (2.9sec)

Starting time step 21, stepsize 113.794 days, at day 369341/370475, date = 22-Mar-3036

Warning: Full linear solver tolerance not achieved. The reduction is:6.99944e-05 after 20 iterations 

Warning: Full linear solver tolerance not achieved. The reduction is:0.000101018 after 20 iterations 

Warning: Full linear solver tolerance not achieved. The reduction is:3.88135e-05 after 20 iterations 

Problem: Solver convergence failure - Numerical problem encountered
Timestep chopped to 37.552036 days


Starting time step 21, stepsize 37.552 days, at day 369341/370475, date = 22-Mar-3036

Warning: Full linear solver tolerance not achieved. The reduction is:0.000166837 after 20 iterations 

Warning: Full linear solver tolerance not achieved. The reduction is:0.000718907 after 20 iterations 

Warning: Full linear solver tolerance not achieved. The reduction is:7.70495e-05 after 20 iterations 

Problem: Solver convergence failure - Numerical problem encountered
Timestep chopped to 12.392172 days


Starting time step 21, stepsize 12.3922 days, at day 369341/370475, date = 22-Mar-3036

Problem: Solver convergence failure - Numerical problem encountered
Timestep chopped to 4.089417 days


Starting time step 21, stepsize 4.08942 days, at day 369341/370475, date = 22-Mar-3036
 Newton its= 1, linearizations= 2 (0.2sec), linear its= 13 (0.6sec)

Starting time step 22, stepsize 8.17883 days, at day 369345/370475, date = 26-Mar-3036
 Newton its= 1, linearizations= 2 (0.2sec), linear its= 12 (0.6sec)

Starting time step 23, stepsize 24.5365 days, at day 369353/370475, date = 04-Apr-3036
 Newton its= 3, linearizations= 4 (0.4sec), linear its= 32 (1.7sec)

Starting time step 24, stepsize 73.6095 days, at day 369378/370475, date = 28-Apr-3036

Warning: Full linear solver tolerance not achieved. The reduction is:7.43408e-05 after 20 iterations 

Warning: Full linear solver tolerance not achieved. The reduction is:2.51203e-05 after 20 iterations 
 Newton its= 7, linearizations= 8 (0.7sec), linear its=118 (5.2sec)

Starting time step 25, stepsize 103.053 days, at day 369451/370475, date = 11-Jul-3036

Warning: Full linear solver tolerance not achieved. The reduction is:4.11934e-05 after 20 iterations 

Warning: Full linear solver tolerance not achieved. The reduction is:0.000257481 after 20 iterations 

Problem: Solver convergence failure - Numerical problem encountered
Timestep chopped to 34.007589 days


Starting time step 25, stepsize 34.0076 days, at day 369451/370475, date = 11-Jul-3036

Problem: Solver convergence failure - Numerical problem encountered
Timestep chopped to 11.222504 days


Starting time step 25, stepsize 11.2225 days, at day 369451/370475, date = 11-Jul-3036
 Newton its= 1, linearizations= 2 (0.2sec), linear its= 14 (0.6sec)

Starting time step 26, stepsize 22.445 days, at day 369462/370475, date = 22-Jul-3036
 Newton its= 3, linearizations= 4 (0.4sec), linear its= 42 (1.9sec)

Starting time step 27, stepsize 67.335 days, at day 369485/370475, date = 13-Aug-3036
 Newton its= 6, linearizations= 7 (0.7sec), linear its= 87 (3.9sec)

Starting time step 28, stepsize 121.203 days, at day 369552/370475, date = 20-Oct-3036

Warning: Full linear solver tolerance not achieved. The reduction is:2.57874e-05 after 20 iterations 

Warning: Full linear solver tolerance not achieved. The reduction is:3.16368e-05 after 20 iterations 

Warning: Full linear solver tolerance not achieved. The reduction is:5.28713e-05 after 20 iterations 

Warning: Full linear solver tolerance not achieved. The reduction is:0.00414796 after 20 iterations 

Warning: Full linear solver tolerance not achieved. The reduction is:2.38344e-05 after 20 iterations 

Warning: Full linear solver tolerance not achieved. The reduction is:1.40623e-05 after 20 iterations 

Warning: Full linear solver tolerance not achieved. The reduction is:3.86091e-05 after 20 iterations 
 Newton its=12, linearizations=13 (1.4sec), linear its=224 (9.7sec)

Starting time step 29, stepsize 80.802 days, at day 369673/370475, date = 18-Feb-3037

Warning: Full linear solver tolerance not achieved. The reduction is:1.995e-05 after 20 iterations 
 Newton its= 5, linearizations= 6 (0.5sec), linear its= 87 (4.0sec)

Starting time step 30, stepsize 177.764 days, at day 369754/370475, date = 10-May-3037

Warning: Full linear solver tolerance not achieved. The reduction is:4.72617e-05 after 20 iterations 

Problem: Solver convergence failure - Numerical problem encountered
Timestep chopped to 58.662275 days


Starting time step 30, stepsize 58.6623 days, at day 369754/370475, date = 10-May-3037

Problem: Solver convergence failure - Numerical problem encountered
Timestep chopped to 19.358551 days


Starting time step 30, stepsize 19.3586 days, at day 369754/370475, date = 10-May-3037
 Newton its= 2, linearizations= 3 (0.3sec), linear its= 26 (1.2sec)

Starting time step 31, stepsize 38.7171 days, at day 369774/370475, date = 29-May-3037
 Newton its= 4, linearizations= 5 (0.4sec), linear its= 52 (2.5sec)

Starting time step 32, stepsize 100.664 days, at day 369812/370475, date = 07-Jul-3037

Warning: Full linear solver tolerance not achieved. The reduction is:1.05596e-05 after 20 iterations 

Warning: Full linear solver tolerance not achieved. The reduction is:8.64863e-05 after 20 iterations 

Warning: Full linear solver tolerance not achieved. The reduction is:1.39163e-05 after 20 iterations 
 Newton its= 7, linearizations= 8 (0.7sec), linear its=126 (5.7sec)

Starting time step 33, stepsize 140.93 days, at day 369913/370475, date = 15-Oct-3037

Warning: Full linear solver tolerance not achieved. The reduction is:6.49801e-05 after 20 iterations 

Warning: Full linear solver tolerance not achieved. The reduction is:5.46955e-05 after 20 iterations 

Warning: Full linear solver tolerance not achieved. The reduction is:0.000778192 after 20 iterations 

Problem: Solver convergence failure - Numerical problem encountered
Timestep chopped to 46.506982 days


Starting time step 33, stepsize 46.507 days, at day 369913/370475, date = 15-Oct-3037

Problem: Solver convergence failure - Numerical problem encountered
Timestep chopped to 15.347304 days


Starting time step 33, stepsize 15.3473 days, at day 369913/370475, date = 15-Oct-3037
 Newton its= 2, linearizations= 3 (0.3sec), linear its= 31 (1.4sec)

Starting time step 34, stepsize 30.6946 days, at day 369928/370475, date = 31-Oct-3037
 Newton its= 3, linearizations= 4 (0.4sec), linear its= 34 (1.6sec)

Starting time step 35, stepsize 92.0838 days, at day 369959/370475, date = 30-Nov-3037

Warning: Full linear solver tolerance not achieved. The reduction is:4.86587e-05 after 20 iterations 

Warning: Full linear solver tolerance not achieved. The reduction is:1.56436e-05 after 20 iterations 
 Newton its= 8, linearizations= 9 (0.9sec), linear its=126 (6.0sec)

Starting time step 36, stepsize 92.0838 days, at day 370051/370475, date = 03-Mar-3038

Warning: Full linear solver tolerance not achieved. The reduction is:5.29315e-05 after 20 iterations 

Warning: Full linear solver tolerance not achieved. The reduction is:4.71901e-05 after 20 iterations 
 Newton its= 7, linearizations= 8 (0.7sec), linear its=109 (5.1sec)

Starting time step 37, stepsize 128.917 days, at day 370143/370475, date = 03-Jun-3038

Warning: Full linear solver tolerance not achieved. The reduction is:4.25528e-05 after 20 iterations 

Warning: Full linear solver tolerance not achieved. The reduction is:2.38927e-05 after 20 iterations 

Warning: Full linear solver tolerance not achieved. The reduction is:1.14272e-05 after 20 iterations 

Warning: Full linear solver tolerance not achieved. The reduction is:0.000313168 after 20 iterations 
 Newton its=10, linearizations=11 (0.9sec), linear its=186 (8.4sec)

Starting time step 38, stepsize 103.134 days, at day 370272/370475, date = 10-Oct-3038

Warning: Full linear solver tolerance not achieved. The reduction is:0.000129328 after 20 iterations 

Warning: Full linear solver tolerance not achieved. The reduction is:1.13701e-05 after 20 iterations 
 Newton its= 8, linearizations= 9 (0.8sec), linear its=136 (6.1sec)

Starting time step 39, stepsize 99.7875 days, at day 370375/370475, date = 21-Jan-3039

Warning: Full linear solver tolerance not achieved. The reduction is:1.07763e-05 after 20 iterations 
 Newton its= 7, linearizations= 8 (0.7sec), linear its=128 (5.6sec)

Report step  5/17 at day 370475/392375, date = 01-May-3039

Starting time step 0, stepsize 1825 days, at day 370475/372300, date = 01-May-3039

Warning: Full linear solver tolerance not achieved. The reduction is:0.000657413 after 20 iterations 

Problem: Solver convergence failure - Numerical problem encountered
Timestep chopped to 602.250000 days


Starting time step 0, stepsize 602.25 days, at day 370475/372300, date = 01-May-3039

Problem: Solver convergence failure - Numerical problem encountered
Timestep chopped to 198.742500 days


Starting time step 0, stepsize 198.743 days, at day 370475/372300, date = 01-May-3039

Warning: Full linear solver tolerance not achieved. The reduction is:4.68831e-05 after 20 iterations 

Warning: Full linear solver tolerance not achieved. The reduction is:2.04767e-05 after 20 iterations 

Problem: Solver convergence failure - Iteration limit reached
Timestep chopped to 65.585025 days


Starting time step 0, stepsize 65.585 days, at day 370475/372300, date = 01-May-3039
 Newton its= 5, linearizations= 6 (0.6sec), linear its= 76 (3.5sec)

Starting time step 1, stepsize 131.17 days, at day 370541/372300, date = 05-Jul-3039

Warning: Full linear solver tolerance not achieved. The reduction is:1.93835e-05 after 20 iterations 

Warning: Full linear solver tolerance not achieved. The reduction is:1.49891e-05 after 20 iterations 

Warning: Full linear solver tolerance not achieved. The reduction is:2.56441e-05 after 20 iterations 

Warning: Full linear solver tolerance not achieved. The reduction is:4.94285e-05 after 20 iterations 

Warning: Full linear solver tolerance not achieved. The reduction is:0.000115557 after 20 iterations 

Warning: Full linear solver tolerance not achieved. The reduction is:1.23828e-05 after 20 iterations 

Warning: Full linear solver tolerance not achieved. The reduction is:4.51534e-05 after 20 iterations 

Warning: Full linear solver tolerance not achieved. The reduction is:4.18172e-05 after 20 iterations 

Warning: Full linear solver tolerance not achieved. The reduction is:1.21482e-05 after 20 iterations 

Problem: Solver convergence failure - Iteration limit reached
Timestep chopped to 43.286117 days


Starting time step 1, stepsize 43.2861 days, at day 370541/372300, date = 05-Jul-3039

Warning: Full linear solver tolerance not achieved. The reduction is:0.00040853 after 20 iterations 
 Newton its= 4, linearizations= 5 (0.5sec), linear its= 67 (3.0sec)

Starting time step 2, stepsize 86.5722 days, at day 370584/372300, date = 17-Aug-3039

Warning: Full linear solver tolerance not achieved. The reduction is:0.00602554 after 20 iterations 

Warning: Full linear solver tolerance not achieved. The reduction is:1.79402e-05 after 20 iterations 

Warning: Full linear solver tolerance not achieved. The reduction is:1.70045e-05 after 20 iterations 

Warning: Full linear solver tolerance not achieved. The reduction is:0.000549703 after 20 iterations 

Warning: Full linear solver tolerance not achieved. The reduction is:8.4917e-05 after 20 iterations 

Warning: Full linear solver tolerance not achieved. The reduction is:4.49355e-05 after 20 iterations 

Warning: Full linear solver tolerance not achieved. The reduction is:0.000773206 after 20 iterations 

Warning: Full linear solver tolerance not achieved. The reduction is:2.44457e-05 after 20 iterations 

Warning: Full linear solver tolerance not achieved. The reduction is:9.2942e-05 after 20 iterations 

Warning: Full linear solver tolerance not achieved. The reduction is:0.000559814 after 20 iterations 

Warning: Full linear solver tolerance not achieved. The reduction is:0.000110857 after 20 iterations 

Warning: Full linear solver tolerance not achieved. The reduction is:0.0001041 after 20 iterations 

Warning: Full linear solver tolerance not achieved. The reduction is:4.93555e-05 after 20 iterations 

Warning: Full linear solver tolerance not achieved. The reduction is:0.000128285 after 20 iterations 

Problem: Solver convergence failure - Numerical problem encountered
Timestep chopped to 28.568837 days


Starting time step 2, stepsize 28.5688 days, at day 370584/372300, date = 17-Aug-3039
 Newton its= 3, linearizations= 4 (0.3sec), linear its= 41 (1.8sec)

Starting time step 3, stepsize 57.1377 days, at day 370612/372300, date = 15-Sep-3039
 Newton its= 4, linearizations= 5 (0.4sec), linear its= 61 (2.8sec)

Starting time step 4, stepsize 148.558 days, at day 370670/372300, date = 11-Nov-3039

Warning: Full linear solver tolerance not achieved. The reduction is:6.58976e-05 after 20 iterations 

Warning: Full linear solver tolerance not achieved. The reduction is:1.65156e-05 after 20 iterations 

Warning: Full linear solver tolerance not achieved. The reduction is:0.000222674 after 20 iterations 

Warning: Full linear solver tolerance not achieved. The reduction is:5.02049e-05 after 20 iterations 

Warning: Full linear solver tolerance not achieved. The reduction is:2.88176e-05 after 20 iterations 

Warning: Full linear solver tolerance not achieved. The reduction is:5.17453e-05 after 20 iterations 

Warning: Full linear solver tolerance not achieved. The reduction is:6.28055e-05 after 20 iterations 

Warning: Full linear solver tolerance not achieved. The reduction is:0.00285459 after 20 iterations 

Warning: Full linear solver tolerance not achieved. The reduction is:0.000336819 after 20 iterations 

Warning: Full linear solver tolerance not achieved. The reduction is:0.000491855 after 20 iterations 

Warning: Full linear solver tolerance not achieved. The reduction is:0.00435865 after 20 iterations 

Problem: Solver convergence failure - Numerical problem encountered
Timestep chopped to 49.024124 days


Starting time step 4, stepsize 49.0241 days, at day 370670/372300, date = 11-Nov-3039

Problem: Solver convergence failure - Numerical problem encountered
Timestep chopped to 16.177961 days


Starting time step 4, stepsize 16.178 days, at day 370670/372300, date = 11-Nov-3039
 Newton its= 3, linearizations= 4 (0.3sec), linear its= 38 (1.8sec)

Starting time step 5, stepsize 32.3559 days, at day 370686/372300, date = 27-Nov-3039
 Newton its= 3, linearizations= 4 (0.4sec), linear its= 36 (1.7sec)

Starting time step 6, stepsize 97.0678 days, at day 370718/372300, date = 30-Dec-3039

Warning: Full linear solver tolerance not achieved. The reduction is:0.000166111 after 20 iterations 

Warning: Full linear solver tolerance not achieved. The reduction is:0.00141513 after 20 iterations 

Warning: Full linear solver tolerance not achieved. The reduction is:0.000442176 after 20 iterations 

Warning: Full linear solver tolerance not achieved. The reduction is:9.99318e-05 after 20 iterations 

Warning: Full linear solver tolerance not achieved. The reduction is:0.00159327 after 20 iterations 

Warning: Full linear solver tolerance not achieved. The reduction is:1.12792e-05 after 20 iterations 

Warning: Full linear solver tolerance not achieved. The reduction is:0.00423714 after 20 iterations 

Warning: Full linear solver tolerance not achieved. The reduction is:0.000734605 after 20 iterations 

Problem: Solver convergence failure - Numerical problem encountered
Timestep chopped to 32.032363 days


Starting time step 6, stepsize 32.0324 days, at day 370718/372300, date = 30-Dec-3039
 Newton its= 3, linearizations= 4 (0.6sec), linear its= 38 (1.8sec)

Starting time step 7, stepsize 64.0647 days, at day 370750/372300, date = 31-Jan-3040

Warning: Full linear solver tolerance not achieved. The reduction is:2.47402e-05 after 20 iterations 
 Newton its= 5, linearizations= 6 (0.6sec), linear its= 87 (3.8sec)

Starting time step 8, stepsize 140.942 days, at day 370814/372300, date = 04-Apr-3040

Warning: Full linear solver tolerance not achieved. The reduction is:3.02656e-05 after 20 iterations 

Warning: Full linear solver tolerance not achieved. The reduction is:0.00392172 after 20 iterations 

Problem: Solver convergence failure - Numerical problem encountered
Timestep chopped to 46.510991 days


Starting time step 8, stepsize 46.511 days, at day 370814/372300, date = 04-Apr-3040

Problem: Solver convergence failure - Numerical problem encountered
Timestep chopped to 15.348627 days


Starting time step 8, stepsize 15.3486 days, at day 370814/372300, date = 04-Apr-3040
 Newton its= 1, linearizations= 2 (0.2sec), linear its= 13 (0.6sec)

Starting time step 9, stepsize 30.6973 days, at day 370830/372300, date = 19-Apr-3040
 Newton its= 3, linearizations= 4 (0.4sec), linear its= 40 (1.8sec)

Starting time step 10, stepsize 92.0918 days, at day 370860/372300, date = 20-May-3040

Warning: Full linear solver tolerance not achieved. The reduction is:0.000370827 after 20 iterations 

Warning: Full linear solver tolerance not achieved. The reduction is:0.000136875 after 20 iterations 

Warning: Full linear solver tolerance not achieved. The reduction is:0.00216907 after 20 iterations 

Warning: Full linear solver tolerance not achieved. The reduction is:5.24534e-05 after 20 iterations 

Warning: Full linear solver tolerance not achieved. The reduction is:9.62793e-05 after 20 iterations 

Warning: Full linear solver tolerance not achieved. The reduction is:1.07627e-05 after 20 iterations 

Warning: Full linear solver tolerance not achieved. The reduction is:0.00106352 after 20 iterations 

Warning: Full linear solver tolerance not achieved. The reduction is:0.00032538 after 20 iterations 

Warning: Full linear solver tolerance not achieved. The reduction is:0.00106084 after 20 iterations 

Warning: Full linear solver tolerance not achieved. The reduction is:7.74644e-05 after 20 iterations 

Warning: Full linear solver tolerance not achieved. The reduction is:8.65801e-05 after 20 iterations 

Warning: Full linear solver tolerance not achieved. The reduction is:0.0025557 after 20 iterations 

Warning: Full linear solver tolerance not achieved. The reduction is:3.74868e-05 after 20 iterations 

Warning: Full linear solver tolerance not achieved. The reduction is:0.000224427 after 20 iterations 

Warning: Full linear solver tolerance not achieved. The reduction is:0.000415758 after 20 iterations 

Warning: Full linear solver tolerance not achieved. The reduction is:6.91427e-05 after 20 iterations 

Warning: Full linear solver tolerance not achieved. The reduction is:0.000750631 after 20 iterations 

Warning: Full linear solver tolerance not achieved. The reduction is:0.00153795 after 20 iterations 

Warning: Full linear solver tolerance not achieved. The reduction is:0.000539811 after 20 iterations 

Warning: Full linear solver tolerance not achieved. The reduction is:0.00563938 after 20 iterations 

Problem: Solver convergence failure - Iteration limit reached
Timestep chopped to 30.390281 days


Starting time step 10, stepsize 30.3903 days, at day 370860/372300, date = 20-May-3040
 Newton its= 3, linearizations= 4 (0.5sec), linear its= 43 (2.0sec)

Starting time step 11, stepsize 60.7806 days, at day 370891/372300, date = 19-Jun-3040

Warning: Full linear solver tolerance not achieved. The reduction is:3.1604e-05 after 20 iterations 

Warning: Full linear solver tolerance not achieved. The reduction is:7.56924e-05 after 20 iterations 
 Newton its= 5, linearizations= 6 (0.6sec), linear its= 87 (3.8sec)

Starting time step 12, stepsize 133.717 days, at day 370951/372300, date = 19-Aug-3040

Warning: Full linear solver tolerance not achieved. The reduction is:0.000190123 after 20 iterations 

Warning: Full linear solver tolerance not achieved. The reduction is:0.000626783 after 20 iterations 

Problem: Solver convergence failure - Numerical problem encountered
Timestep chopped to 44.126688 days


Starting time step 12, stepsize 44.1267 days, at day 370951/372300, date = 19-Aug-3040

Warning: Full linear solver tolerance not achieved. The reduction is:0.00148965 after 20 iterations 

Warning: Full linear solver tolerance not achieved. The reduction is:2.79078e-05 after 20 iterations 

Warning: Full linear solver tolerance not achieved. The reduction is:0.000684296 after 20 iterations 

Problem: Solver convergence failure - Numerical problem encountered
Timestep chopped to 14.561807 days


Starting time step 12, stepsize 14.5618 days, at day 370951/372300, date = 19-Aug-3040

Problem: Solver convergence failure - Numerical problem encountered
Timestep chopped to 4.805396 days


Starting time step 12, stepsize 4.8054 days, at day 370951/372300, date = 19-Aug-3040
 Newton its= 1, linearizations= 2 (0.3sec), linear its= 12 (0.7sec)

Starting time step 13, stepsize 9.61079 days, at day 370956/372300, date = 24-Aug-3040
 Newton its= 2, linearizations= 3 (0.5sec), linear its= 23 (1.3sec)

Starting time step 14, stepsize 28.8324 days, at day 370966/372300, date = 02-Sep-3040
 Newton its= 4, linearizations= 5 (0.9sec), linear its= 57 (3.0sec)

Starting time step 15, stepsize 74.9642 days, at day 370995/372300, date = 01-Oct-3040

Problem: Solver convergence failure - Numerical problem encountered
Timestep chopped to 24.738181 days


Starting time step 15, stepsize 24.7382 days, at day 370995/372300, date = 01-Oct-3040
 Newton its= 3, linearizations= 4 (0.5sec), linear its= 36 (1.8sec)

Starting time step 16, stepsize 49.4764 days, at day 371019/372300, date = 26-Oct-3040
 Newton its= 4, linearizations= 5 (0.4sec), linear its= 61 (2.7sec)

Starting time step 17, stepsize 128.639 days, at day 371069/372300, date = 14-Dec-3040

Problem: Solver convergence failure - Numerical problem encountered
Timestep chopped to 42.450718 days


Starting time step 17, stepsize 42.4507 days, at day 371069/372300, date = 14-Dec-3040
 Newton its= 4, linearizations= 5 (0.5sec), linear its= 65 (3.0sec)

Starting time step 18, stepsize 84.9014 days, at day 371111/372300, date = 26-Jan-3041

Warning: Full linear solver tolerance not achieved. The reduction is:0.000196889 after 20 iterations 

Warning: Full linear solver tolerance not achieved. The reduction is:0.00124627 after 20 iterations 

Warning: Full linear solver tolerance not achieved. The reduction is:2.11459e-05 after 20 iterations 

Warning: Full linear solver tolerance not achieved. The reduction is:0.000200481 after 20 iterations 

Warning: Full linear solver tolerance not achieved. The reduction is:3.74818e-05 after 20 iterations 

Warning: Full linear solver tolerance not achieved. The reduction is:5.07227e-05 after 20 iterations 

Warning: Full linear solver tolerance not achieved. The reduction is:1.81362e-05 after 20 iterations 

Warning: Full linear solver tolerance not achieved. The reduction is:0.000534802 after 20 iterations 

Warning: Full linear solver tolerance not achieved. The reduction is:2.13433e-05 after 20 iterations 

Warning: Full linear solver tolerance not achieved. The reduction is:0.00103695 after 20 iterations 

Warning: Full linear solver tolerance not achieved. The reduction is:0.000562999 after 20 iterations 

Warning: Full linear solver tolerance not achieved. The reduction is:2.74359e-05 after 20 iterations 

Warning: Full linear solver tolerance not achieved. The reduction is:6.17468e-05 after 20 iterations 

Warning: Full linear solver tolerance not achieved. The reduction is:1.08446e-05 after 20 iterations 

Warning: Full linear solver tolerance not achieved. The reduction is:0.000201163 after 20 iterations 

Warning: Full linear solver tolerance not achieved. The reduction is:0.000463267 after 20 iterations 

Problem: Solver convergence failure - Iteration limit reached
Timestep chopped to 28.017474 days


Starting time step 18, stepsize 28.0175 days, at day 371111/372300, date = 26-Jan-3041

Warning: Full linear solver tolerance not achieved. The reduction is:0.00181713 after 20 iterations 

Warning: Full linear solver tolerance not achieved. The reduction is:0.00460557 after 20 iterations 

Problem: Solver convergence failure - Numerical problem encountered
Timestep chopped to 9.245766 days


Starting time step 18, stepsize 9.24577 days, at day 371111/372300, date = 26-Jan-3041

Problem: Solver convergence failure - Numerical problem encountered
Timestep chopped to 3.051103 days


Starting time step 18, stepsize 3.0511 days, at day 371111/372300, date = 26-Jan-3041
 Newton its= 1, linearizations= 2 (0.1sec), linear its= 16 (0.7sec)

Starting time step 19, stepsize 6.10221 days, at day 371114/372300, date = 29-Jan-3041
 Newton its= 1, linearizations= 2 (0.2sec), linear its= 11 (0.5sec)

Starting time step 20, stepsize 18.3066 days, at day 371120/372300, date = 04-Feb-3041
 Newton its= 3, linearizations= 4 (0.4sec), linear its= 41 (2.0sec)

Starting time step 21, stepsize 54.9199 days, at day 371139/372300, date = 22-Feb-3041
 Newton its= 5, linearizations= 6 (0.6sec), linear its= 78 (3.7sec)

Starting time step 22, stepsize 120.824 days, at day 371194/372300, date = 18-Apr-3041

Warning: Full linear solver tolerance not achieved. The reduction is:4.73897e-05 after 20 iterations 

Warning: Full linear solver tolerance not achieved. The reduction is:0.000554952 after 20 iterations 

Warning: Full linear solver tolerance not achieved. The reduction is:0.00148985 after 20 iterations 

Problem: Solver convergence failure - Numerical problem encountered
Timestep chopped to 39.871813 days


Starting time step 22, stepsize 39.8718 days, at day 371194/372300, date = 18-Apr-3041

Problem: Solver convergence failure - Numerical problem encountered
Timestep chopped to 13.157698 days


Starting time step 22, stepsize 13.1577 days, at day 371194/372300, date = 18-Apr-3041
 Newton its= 1, linearizations= 2 (0.1sec), linear its= 15 (0.7sec)

Starting time step 23, stepsize 26.3154 days, at day 371207/372300, date = 01-May-3041
 Newton its= 3, linearizations= 4 (0.3sec), linear its= 41 (1.7sec)

Starting time step 24, stepsize 78.9462 days, at day 371233/372300, date = 28-May-3041

Warning: Full linear solver tolerance not achieved. The reduction is:8.02429e-05 after 20 iterations 

Warning: Full linear solver tolerance not achieved. The reduction is:0.00012946 after 20 iterations 

Warning: Full linear solver tolerance not achieved. The reduction is:4.41762e-05 after 20 iterations 

Warning: Full linear solver tolerance not achieved. The reduction is:1.56981e-05 after 20 iterations 

Warning: Full linear solver tolerance not achieved. The reduction is:8.97966e-05 after 20 iterations 
 Newton its= 7, linearizations= 8 (0.6sec), linear its=132 (5.5sec)

Starting time step 25, stepsize 110.525 days, at day 371312/372300, date = 15-Aug-3041

Warning: Full linear solver tolerance not achieved. The reduction is:2.1752e-05 after 20 iterations 

Warning: Full linear solver tolerance not achieved. The reduction is:0.00012785 after 20 iterations 

Warning: Full linear solver tolerance not achieved. The reduction is:0.00876408 after 20 iterations 

Problem: Solver convergence failure - Numerical problem encountered
Timestep chopped to 36.473139 days


Starting time step 25, stepsize 36.4731 days, at day 371312/372300, date = 15-Aug-3041

Problem: Solver convergence failure - Numerical problem encountered
Timestep chopped to 12.036136 days


Starting time step 25, stepsize 12.0361 days, at day 371312/372300, date = 15-Aug-3041
 Newton its= 1, linearizations= 2 (0.1sec), linear its= 14 (0.6sec)

Starting time step 26, stepsize 24.0723 days, at day 371324/372300, date = 27-Aug-3041
 Newton its= 3, linearizations= 4 (0.3sec), linear its= 45 (1.9sec)

Starting time step 27, stepsize 72.2168 days, at day 371348/372300, date = 20-Sep-3041

Warning: Full linear solver tolerance not achieved. The reduction is:4.29427e-05 after 20 iterations 

Warning: Full linear solver tolerance not achieved. The reduction is:4.6848e-05 after 20 iterations 

Warning: Full linear solver tolerance not achieved. The reduction is:1.10012e-05 after 20 iterations 

Warning: Full linear solver tolerance not achieved. The reduction is:1.24348e-05 after 20 iterations 

Warning: Full linear solver tolerance not achieved. The reduction is:1.6121e-05 after 20 iterations 
    Oscillating behavior detected: Relaxation set to 0.900000
 Newton its= 9, linearizations=10 (0.8sec), linear its=166 (6.8sec)

Starting time step 28, stepsize 64.1927 days, at day 371420/372300, date = 01-Dec-3041
 Newton its= 5, linearizations= 6 (0.7sec), linear its= 84 (4.0sec)

Starting time step 29, stepsize 141.224 days, at day 371485/372300, date = 03-Feb-3042

Warning: Full linear solver tolerance not achieved. The reduction is:0.00677202 after 20 iterations 

Problem: Solver convergence failure - Numerical problem encountered
Timestep chopped to 46.603918 days


Starting time step 29, stepsize 46.6039 days, at day 371485/372300, date = 03-Feb-3042

Problem: Solver convergence failure - Numerical problem encountered
Timestep chopped to 15.379293 days


Starting time step 29, stepsize 15.3793 days, at day 371485/372300, date = 03-Feb-3042
 Newton its= 3, linearizations= 4 (0.3sec), linear its= 38 (1.6sec)

Starting time step 30, stepsize 30.7586 days, at day 371500/372300, date = 19-Feb-3042
 Newton its= 3, linearizations= 4 (0.3sec), linear its= 47 (2.0sec)

Starting time step 31, stepsize 92.2758 days, at day 371531/372300, date = 21-Mar-3042

Warning: Full linear solver tolerance not achieved. The reduction is:1.09816e-05 after 20 iterations 

Warning: Full linear solver tolerance not achieved. The reduction is:5.7471e-05 after 20 iterations 

Warning: Full linear solver tolerance not achieved. The reduction is:1.24711e-05 after 20 iterations 

Warning: Full linear solver tolerance not achieved. The reduction is:2.52634e-05 after 20 iterations 
 Newton its= 7, linearizations= 8 (0.6sec), linear its=128 (5.1sec)

Starting time step 32, stepsize 129.186 days, at day 371623/372300, date = 22-Jun-3042

Warning: Full linear solver tolerance not achieved. The reduction is:2.19807e-05 after 20 iterations 

Warning: Full linear solver tolerance not achieved. The reduction is:5.16217e-05 after 20 iterations 

Warning: Full linear solver tolerance not achieved. The reduction is:8.19113e-05 after 20 iterations 

Warning: Full linear solver tolerance not achieved. The reduction is:3.32952e-05 after 20 iterations 

Warning: Full linear solver tolerance not achieved. The reduction is:1.31217e-05 after 20 iterations 

Warning: Full linear solver tolerance not achieved. The reduction is:0.000495698 after 20 iterations 

Warning: Full linear solver tolerance not achieved. The reduction is:3.47039e-05 after 20 iterations 

Warning: Full linear solver tolerance not achieved. The reduction is:4.90216e-05 after 20 iterations 

Warning: Full linear solver tolerance not achieved. The reduction is:4.23088e-05 after 20 iterations 

Problem: Solver convergence failure - Iteration limit reached
Timestep chopped to 42.631400 days


Starting time step 32, stepsize 42.6314 days, at day 371623/372300, date = 22-Jun-3042
 Newton its= 4, linearizations= 5 (0.4sec), linear its= 62 (2.5sec)

Starting time step 33, stepsize 85.2628 days, at day 371666/372300, date = 03-Aug-3042

Warning: Full linear solver tolerance not achieved. The reduction is:3.01517e-05 after 20 iterations 

Warning: Full linear solver tolerance not achieved. The reduction is:3.52534e-05 after 20 iterations 

Warning: Full linear solver tolerance not achieved. The reduction is:2.63204e-05 after 20 iterations 

Warning: Full linear solver tolerance not achieved. The reduction is:6.31368e-05 after 20 iterations 
 Newton its= 7, linearizations= 8 (0.6sec), linear its=121 (4.8sec)

Starting time step 34, stepsize 119.368 days, at day 371751/372300, date = 27-Oct-3042

Warning: Full linear solver tolerance not achieved. The reduction is:2.88084e-05 after 20 iterations 

Warning: Full linear solver tolerance not achieved. The reduction is:2.55166e-05 after 20 iterations 
    Oscillating behavior detected: Relaxation set to 0.900000

Warning: Full linear solver tolerance not achieved. The reduction is:1.82796e-05 after 20 iterations 
    Oscillating behavior detected: Relaxation set to 0.800000

Warning: Full linear solver tolerance not achieved. The reduction is:1.37165e-05 after 20 iterations 
    Oscillating behavior detected: Relaxation set to 0.700000

Warning: Full linear solver tolerance not achieved. The reduction is:1.49327e-05 after 20 iterations 
    Oscillating behavior detected: Relaxation set to 0.600000

Warning: Full linear solver tolerance not achieved. The reduction is:1.8062e-05 after 20 iterations 

Problem: Solver convergence failure - Iteration limit reached
Timestep chopped to 39.391414 days


Starting time step 34, stepsize 39.3914 days, at day 371751/372300, date = 27-Oct-3042
 Newton its= 4, linearizations= 5 (0.3sec), linear its= 60 (2.5sec)

Starting time step 35, stepsize 78.7828 days, at day 371790/372300, date = 06-Dec-3042

Warning: Full linear solver tolerance not achieved. The reduction is:0.00013214 after 20 iterations 
 Newton its= 6, linearizations= 7 (0.5sec), linear its= 98 (4.0sec)

Starting time step 36, stepsize 141.809 days, at day 371869/372300, date = 23-Feb-3043

Warning: Full linear solver tolerance not achieved. The reduction is:7.10441e-05 after 20 iterations 

Warning: Full linear solver tolerance not achieved. The reduction is:0.00188557 after 20 iterations 

Warning: Full linear solver tolerance not achieved. The reduction is:4.75032e-05 after 20 iterations 

Warning: Full linear solver tolerance not achieved. The reduction is:2.58891e-05 after 20 iterations 

Warning: Full linear solver tolerance not achieved. The reduction is:0.000121014 after 20 iterations 

Warning: Full linear solver tolerance not achieved. The reduction is:2.47511e-05 after 20 iterations 

Warning: Full linear solver tolerance not achieved. The reduction is:5.5623e-05 after 20 iterations 

Warning: Full linear solver tolerance not achieved. The reduction is:1.33249e-05 after 20 iterations 

Warning: Full linear solver tolerance not achieved. The reduction is:1.54837e-05 after 20 iterations 

Warning: Full linear solver tolerance not achieved. The reduction is:0.000980805 after 20 iterations 

Warning: Full linear solver tolerance not achieved. The reduction is:0.00235904 after 20 iterations 

Problem: Solver convergence failure - Iteration limit reached
Timestep chopped to 46.797000 days


Starting time step 36, stepsize 46.797 days, at day 371869/372300, date = 23-Feb-3043
 Newton its= 4, linearizations= 5 (0.5sec), linear its= 49 (2.3sec)

Starting time step 37, stepsize 93.594 days, at day 371916/372300, date = 10-Apr-3043

Warning: Full linear solver tolerance not achieved. The reduction is:1.6556e-05 after 20 iterations 

Warning: Full linear solver tolerance not achieved. The reduction is:5.60455e-05 after 20 iterations 

Warning: Full linear solver tolerance not achieved. The reduction is:0.0009575 after 20 iterations 

Problem: Solver convergence failure - Numerical problem encountered
Timestep chopped to 30.886020 days


Starting time step 37, stepsize 30.886 days, at day 371916/372300, date = 10-Apr-3043
 Newton its= 5, linearizations= 6 (0.5sec), linear its= 67 (3.0sec)

Starting time step 38, stepsize 61.772 days, at day 371947/372300, date = 11-May-3043

Warning: Full linear solver tolerance not achieved. The reduction is:1.82719e-05 after 20 iterations 
 Newton its= 5, linearizations= 6 (0.6sec), linear its= 85 (3.6sec)

Starting time step 39, stepsize 135.898 days, at day 372009/372300, date = 12-Jul-3043

Warning: Full linear solver tolerance not achieved. The reduction is:0.000588691 after 20 iterations 

Warning: Full linear solver tolerance not achieved. The reduction is:1.26784e-05 after 20 iterations 

Warning: Full linear solver tolerance not achieved. The reduction is:1.20506e-05 after 20 iterations 

Warning: Full linear solver tolerance not achieved. The reduction is:4.96347e-05 after 20 iterations 

Warning: Full linear solver tolerance not achieved. The reduction is:7.77839e-05 after 20 iterations 

Warning: Full linear solver tolerance not achieved. The reduction is:0.000134511 after 20 iterations 
 Newton its=18, linearizations=19 (2.1sec), linear its=320 (13.9sec)

Starting time step 40, stepsize 60.3993 days, at day 372144/372300, date = 25-Nov-3043
 Newton its= 4, linearizations= 5 (0.5sec), linear its= 56 (2.5sec)

Starting time step 41, stepsize 95.1089 days, at day 372205/372300, date = 24-Jan-3044

Warning: Full linear solver tolerance not achieved. The reduction is:3.39001e-05 after 20 iterations 

Warning: Full linear solver tolerance not achieved. The reduction is:1.15498e-05 after 20 iterations 
 Newton its= 8, linearizations= 9 (1.0sec), linear its=129 (5.8sec)

Report step  6/17 at day 372300/392375, date = 29-Apr-3044

Starting time step 0, stepsize 1825 days, at day 372300/374125, date = 29-Apr-3044

Warning: Full linear solver tolerance not achieved. The reduction is:0.00224682 after 20 iterations 

Problem: Solver convergence failure - Numerical problem encountered
Timestep chopped to 602.250000 days


Starting time step 0, stepsize 602.25 days, at day 372300/374125, date = 29-Apr-3044

Problem: Solver convergence failure - Numerical problem encountered
Timestep chopped to 198.742500 days


Starting time step 0, stepsize 198.743 days, at day 372300/374125, date = 29-Apr-3044

Warning: Full linear solver tolerance not achieved. The reduction is:1.03134e-05 after 20 iterations 

Warning: Full linear solver tolerance not achieved. The reduction is:0.000420239 after 20 iterations 

Warning: Full linear solver tolerance not achieved. The reduction is:0.00700655 after 20 iterations 

Problem: Solver convergence failure - Numerical problem encountered
Timestep chopped to 65.585025 days


Starting time step 0, stepsize 65.585 days, at day 372300/374125, date = 29-Apr-3044

Problem: Solver convergence failure - Numerical problem encountered
Timestep chopped to 21.643058 days


Starting time step 0, stepsize 21.6431 days, at day 372300/374125, date = 29-Apr-3044
 Newton its= 3, linearizations= 4 (0.4sec), linear its= 44 (2.0sec)

Starting time step 1, stepsize 43.2861 days, at day 372322/374125, date = 20-May-3044
 Newton its= 4, linearizations= 5 (0.5sec), linear its= 59 (2.6sec)

Starting time step 2, stepsize 112.544 days, at day 372365/374125, date = 02-Jul-3044

Warning: Full linear solver tolerance not achieved. The reduction is:0.000137126 after 20 iterations 

Warning: Full linear solver tolerance not achieved. The reduction is:1.30061e-05 after 20 iterations 

Warning: Full linear solver tolerance not achieved. The reduction is:0.00011059 after 20 iterations 
 Newton its=10, linearizations=11 (1.5sec), linear its=180 (7.9sec)

Starting time step 3, stepsize 90.0351 days, at day 372477/374125, date = 23-Oct-3044

Warning: Full linear solver tolerance not achieved. The reduction is:1.06203e-05 after 20 iterations 

Warning: Full linear solver tolerance not achieved. The reduction is:0.000211345 after 20 iterations 
 Newton its= 7, linearizations= 8 (0.8sec), linear its=113 (5.2sec)

Starting time step 4, stepsize 126.049 days, at day 372568/374125, date = 21-Jan-3045

Warning: Full linear solver tolerance not achieved. The reduction is:1.28729e-05 after 20 iterations 

Warning: Full linear solver tolerance not achieved. The reduction is:6.13918e-05 after 20 iterations 

Warning: Full linear solver tolerance not achieved. The reduction is:0.000399811 after 20 iterations 
 Newton its=11, linearizations=12 (1.0sec), linear its=194 (8.4sec)

Starting time step 5, stepsize 91.6721 days, at day 372694/374125, date = 27-May-3045

Warning: Full linear solver tolerance not achieved. The reduction is:1.29992e-05 after 20 iterations 

Warning: Full linear solver tolerance not achieved. The reduction is:0.00111157 after 20 iterations 
 Newton its= 8, linearizations= 9 (0.9sec), linear its=137 (6.1sec)

Starting time step 6, stepsize 91.6721 days, at day 372785/374125, date = 27-Aug-3045
    Oscillating behavior detected: Relaxation set to 0.900000
 Newton its= 9, linearizations=10 (1.4sec), linear its=140 (6.6sec)

Starting time step 7, stepsize 81.4863 days, at day 372877/374125, date = 26-Nov-3045

Warning: Full linear solver tolerance not achieved. The reduction is:9.13274e-05 after 20 iterations 

Warning: Full linear solver tolerance not achieved. The reduction is:4.22708e-05 after 20 iterations 
 Newton its= 6, linearizations= 7 (0.9sec), linear its=102 (5.1sec)

Starting time step 8, stepsize 146.675 days, at day 372958/374125, date = 16-Feb-3046

Warning: Full linear solver tolerance not achieved. The reduction is:1.36841e-05 after 20 iterations 

Warning: Full linear solver tolerance not achieved. The reduction is:1.19533e-05 after 20 iterations 
 Newton its= 9, linearizations=10 (1.0sec), linear its=149 (6.4sec)

Starting time step 9, stepsize 130.378 days, at day 373105/374125, date = 13-Jul-3046

Warning: Full linear solver tolerance not achieved. The reduction is:0.000890907 after 20 iterations 
 Newton its= 9, linearizations=10 (0.9sec), linear its=153 (7.0sec)

Starting time step 10, stepsize 115.892 days, at day 373235/374125, date = 20-Nov-3046

Warning: Full linear solver tolerance not achieved. The reduction is:1.07409e-05 after 20 iterations 
 Newton its= 6, linearizations= 7 (0.7sec), linear its= 93 (4.3sec)

Starting time step 11, stepsize 208.605 days, at day 373351/374125, date = 16-Mar-3047

Warning: Full linear solver tolerance not achieved. The reduction is:5.40721e-05 after 20 iterations 

Warning: Full linear solver tolerance not achieved. The reduction is:2.44466e-05 after 20 iterations 
 Newton its=12, linearizations=13 (1.2sec), linear its=210 (9.7sec)

Starting time step 12, stepsize 139.07 days, at day 373560/374125, date = 10-Oct-3047
 Newton its= 8, linearizations= 9 (0.9sec), linear its=122 (5.9sec)

Starting time step 13, stepsize 139.07 days, at day 373699/374125, date = 27-Feb-3048

Warning: Full linear solver tolerance not achieved. The reduction is:1.96547e-05 after 20 iterations 

Warning: Full linear solver tolerance not achieved. The reduction is:0.000140981 after 20 iterations 
 Newton its= 9, linearizations=10 (0.9sec), linear its=138 (6.6sec)

Starting time step 14, stepsize 123.618 days, at day 373838/374125, date = 15-Jul-3048
 Newton its= 8, linearizations= 9 (0.9sec), linear its=119 (5.6sec)

Starting time step 15, stepsize 81.652 days, at day 373962/374125, date = 15-Nov-3048
 Newton its= 5, linearizations= 6 (0.5sec), linear its= 77 (3.6sec)

Starting time step 16, stepsize 81.652 days, at day 374043/374125, date = 05-Feb-3049

Warning: Full linear solver tolerance not achieved. The reduction is:0.000189863 after 20 iterations 
 Newton its= 6, linearizations= 7 (0.7sec), linear its= 99 (4.2sec)

Report step  7/17 at day 374125/392375, date = 28-Apr-3049

Starting time step 0, stepsize 1825 days, at day 374125/375950, date = 28-Apr-3049

Warning: Full linear solver tolerance not achieved. The reduction is:0.000721376 after 20 iterations 

Problem: Solver convergence failure - Numerical problem encountered
Timestep chopped to 602.250000 days


Starting time step 0, stepsize 602.25 days, at day 374125/375950, date = 28-Apr-3049

Problem: Solver convergence failure - Numerical problem encountered
Timestep chopped to 198.742500 days


Starting time step 0, stepsize 198.743 days, at day 374125/375950, date = 28-Apr-3049

Problem: Solver convergence failure - Numerical problem encountered
Timestep chopped to 65.585025 days


Starting time step 0, stepsize 65.585 days, at day 374125/375950, date = 28-Apr-3049

Warning: Full linear solver tolerance not achieved. The reduction is:2.03588e-05 after 20 iterations 
 Newton its=19, linearizations=20 (3.3sec), linear its=179 (9.9sec)

Starting time step 1, stepsize 27.6147 days, at day 374191/375950, date = 02-Jul-3049
 Newton its= 5, linearizations= 6 (0.4sec), linear its= 60 (2.6sec)

Starting time step 2, stepsize 60.7524 days, at day 374218/375950, date = 30-Jul-3049

Warning: Full linear solver tolerance not achieved. The reduction is:2.00782e-05 after 20 iterations 
 Newton its= 6, linearizations= 7 (0.5sec), linear its= 85 (3.6sec)

Starting time step 3, stepsize 109.354 days, at day 374279/375950, date = 28-Sep-3049

Warning: Full linear solver tolerance not achieved. The reduction is:2.84669e-05 after 20 iterations 
 Newton its= 8, linearizations= 9 (0.6sec), linear its=121 (4.9sec)

Starting time step 4, stepsize 109.354 days, at day 374388/375950, date = 16-Jan-3050

Warning: Full linear solver tolerance not achieved. The reduction is:0.000144271 after 20 iterations 
 Newton its= 7, linearizations= 8 (0.5sec), linear its=105 (4.3sec)

Starting time step 5, stepsize 153.096 days, at day 374498/375950, date = 05-May-3050

Warning: Full linear solver tolerance not achieved. The reduction is:3.54241e-05 after 20 iterations 
 Newton its=10, linearizations=11 (0.8sec), linear its=172 (6.9sec)

Starting time step 6, stepsize 122.477 days, at day 374651/375950, date = 05-Oct-3050

Warning: Full linear solver tolerance not achieved. The reduction is:3.46956e-05 after 20 iterations 
 Newton its= 7, linearizations= 8 (0.5sec), linear its=111 (4.6sec)

Starting time step 7, stepsize 171.468 days, at day 374773/375950, date = 05-Feb-3051

Warning: Full linear solver tolerance not achieved. The reduction is:0.000106038 after 20 iterations 

Warning: Full linear solver tolerance not achieved. The reduction is:6.19273e-05 after 20 iterations 

Warning: Full linear solver tolerance not achieved. The reduction is:2.08037e-05 after 20 iterations 

Warning: Full linear solver tolerance not achieved. The reduction is:1.80141e-05 after 20 iterations 
 Newton its=10, linearizations=11 (0.7sec), linear its=173 (7.0sec)

Starting time step 8, stepsize 137.174 days, at day 374945/375950, date = 26-Jul-3051

Warning: Full linear solver tolerance not achieved. The reduction is:0.000266768 after 20 iterations 

Warning: Full linear solver tolerance not achieved. The reduction is:2.09397e-05 after 20 iterations 

Warning: Full linear solver tolerance not achieved. The reduction is:2.48527e-05 after 20 iterations 

Warning: Full linear solver tolerance not achieved. The reduction is:1.20237e-05 after 20 iterations 

Warning: Full linear solver tolerance not achieved. The reduction is:0.000261502 after 20 iterations 

Warning: Full linear solver tolerance not achieved. The reduction is:0.000788359 after 20 iterations 
 Newton its= 8, linearizations= 9 (0.6sec), linear its=152 (6.3sec)

Starting time step 9, stepsize 137.174 days, at day 375082/375950, date = 10-Dec-3051

Warning: Full linear solver tolerance not achieved. The reduction is:0.000862602 after 20 iterations 

Warning: Full linear solver tolerance not achieved. The reduction is:3.99473e-05 after 20 iterations 

Warning: Full linear solver tolerance not achieved. The reduction is:3.21627e-05 after 20 iterations 
    Oscillating behavior detected: Relaxation set to 0.900000
    Oscillating behavior detected: Relaxation set to 0.800000

Problem: Solver convergence failure - Iteration limit reached
Timestep chopped to 45.267472 days


Starting time step 9, stepsize 45.2675 days, at day 375082/375950, date = 10-Dec-3051
 Newton its= 3, linearizations= 4 (0.3sec), linear its= 50 (2.1sec)

Starting time step 10, stepsize 90.5349 days, at day 375127/375950, date = 25-Jan-3052

Warning: Full linear solver tolerance not achieved. The reduction is:0.000137907 after 20 iterations 

Warning: Full linear solver tolerance not achieved. The reduction is:3.07805e-05 after 20 iterations 
 Newton its= 6, linearizations= 7 (0.5sec), linear its= 98 (4.0sec)

Starting time step 11, stepsize 162.963 days, at day 375218/375950, date = 24-Apr-3052

Warning: Full linear solver tolerance not achieved. The reduction is:1.42112e-05 after 20 iterations 

Warning: Full linear solver tolerance not achieved. The reduction is:5.77425e-05 after 20 iterations 

Warning: Full linear solver tolerance not achieved. The reduction is:3.66867e-05 after 20 iterations 
 Newton its=10, linearizations=11 (0.8sec), linear its=181 (7.6sec)

Starting time step 12, stepsize 130.37 days, at day 375381/375950, date = 04-Oct-3052

Warning: Full linear solver tolerance not achieved. The reduction is:0.000368227 after 20 iterations 
 Newton its= 8, linearizations= 9 (0.7sec), linear its=139 (5.6sec)

Starting time step 13, stepsize 130.37 days, at day 375511/375950, date = 12-Feb-3053

Warning: Full linear solver tolerance not achieved. The reduction is:2.46559e-05 after 20 iterations 

Warning: Full linear solver tolerance not achieved. The reduction is:4.46998e-05 after 20 iterations 

Warning: Full linear solver tolerance not achieved. The reduction is:0.000634595 after 20 iterations 

Warning: Full linear solver tolerance not achieved. The reduction is:0.000544398 after 20 iterations 

Warning: Full linear solver tolerance not achieved. The reduction is:2.12829e-05 after 20 iterations 

Warning: Full linear solver tolerance not achieved. The reduction is:1.16949e-05 after 20 iterations 

Warning: Full linear solver tolerance not achieved. The reduction is:1.66684e-05 after 20 iterations 

Warning: Full linear solver tolerance not achieved. The reduction is:2.88752e-05 after 20 iterations 

Warning: Full linear solver tolerance not achieved. The reduction is:2.3032e-05 after 20 iterations 
 Newton its=10, linearizations=11 (0.9sec), linear its=200 (8.0sec)

Starting time step 14, stepsize 104.296 days, at day 375641/375950, date = 22-Jun-3053

Warning: Full linear solver tolerance not achieved. The reduction is:5.77605e-05 after 20 iterations 

Warning: Full linear solver tolerance not achieved. The reduction is:2.48476e-05 after 20 iterations 

Warning: Full linear solver tolerance not achieved. The reduction is:1.75012e-05 after 20 iterations 
    Oscillating behavior detected: Relaxation set to 0.900000

Warning: Full linear solver tolerance not achieved. The reduction is:2.51417e-05 after 20 iterations 
    Oscillating behavior detected: Relaxation set to 0.800000

Warning: Full linear solver tolerance not achieved. The reduction is:4.37557e-05 after 20 iterations 
    Oscillating behavior detected: Relaxation set to 0.700000
    Oscillating behavior detected: Relaxation set to 0.600000
    Oscillating behavior detected: Relaxation set to 0.500000
    Oscillating behavior detected: Relaxation set to 0.500000
    Oscillating behavior detected: Relaxation set to 0.500000

Warning: Full linear solver tolerance not achieved. The reduction is:1.49831e-05 after 20 iterations 
    Oscillating behavior detected: Relaxation set to 0.500000
    Oscillating behavior detected: Relaxation set to 0.500000

Problem: Solver convergence failure - Iteration limit reached
Timestep chopped to 34.417765 days


Starting time step 14, stepsize 34.4178 days, at day 375641/375950, date = 22-Jun-3053
 Newton its= 4, linearizations= 5 (0.5sec), linear its= 57 (2.6sec)

Starting time step 15, stepsize 68.8355 days, at day 375676/375950, date = 26-Jul-3053

Warning: Full linear solver tolerance not achieved. The reduction is:1.37689e-05 after 20 iterations 
 Newton its= 5, linearizations= 6 (0.5sec), linear its= 87 (3.7sec)

Starting time step 16, stepsize 102.682 days, at day 375745/375950, date = 03-Oct-3053

Warning: Full linear solver tolerance not achieved. The reduction is:0.000119088 after 20 iterations 

Warning: Full linear solver tolerance not achieved. The reduction is:0.00035193 after 20 iterations 
 Newton its= 8, linearizations= 9 (0.7sec), linear its=137 (5.9sec)

Starting time step 17, stepsize 102.682 days, at day 375847/375950, date = 14-Jan-3054

Warning: Full linear solver tolerance not achieved. The reduction is:0.000433116 after 20 iterations 

Warning: Full linear solver tolerance not achieved. The reduction is:1.61853e-05 after 20 iterations 

Warning: Full linear solver tolerance not achieved. The reduction is:0.000124302 after 20 iterations 
 Newton its= 8, linearizations= 9 (0.7sec), linear its=143 (6.1sec)

Report step  8/17 at day 375950/392375, date = 27-Apr-3054

Starting time step 0, stepsize 1825 days, at day 375950/377775, date = 27-Apr-3054

Problem: Solver convergence failure - Numerical problem encountered
Timestep chopped to 602.250000 days


Starting time step 0, stepsize 602.25 days, at day 375950/377775, date = 27-Apr-3054

Warning: Full linear solver tolerance not achieved. The reduction is:7.30424e-05 after 20 iterations 

Warning: Full linear solver tolerance not achieved. The reduction is:1.90741e-05 after 20 iterations 

Warning: Full linear solver tolerance not achieved. The reduction is:4.43807e-05 after 20 iterations 

Problem: Solver convergence failure - Numerical problem encountered
Timestep chopped to 198.742500 days


Starting time step 0, stepsize 198.743 days, at day 375950/377775, date = 27-Apr-3054

Problem: Solver convergence failure - Numerical problem encountered
Timestep chopped to 65.585025 days


Starting time step 0, stepsize 65.585 days, at day 375950/377775, date = 27-Apr-3054
 Newton its= 5, linearizations= 6 (0.4sec), linear its= 73 (3.1sec)

Starting time step 1, stepsize 131.17 days, at day 376016/377775, date = 01-Jul-3054

Warning: Full linear solver tolerance not achieved. The reduction is:1.03653e-05 after 20 iterations 

Warning: Full linear solver tolerance not achieved. The reduction is:1.30976e-05 after 20 iterations 

Warning: Full linear solver tolerance not achieved. The reduction is:2.40983e-05 after 20 iterations 

Warning: Full linear solver tolerance not achieved. The reduction is:0.000948948 after 20 iterations 

Warning: Full linear solver tolerance not achieved. The reduction is:1.43181e-05 after 20 iterations 

Warning: Full linear solver tolerance not achieved. The reduction is:0.000278952 after 20 iterations 

Warning: Full linear solver tolerance not achieved. The reduction is:0.000241261 after 20 iterations 
    Oscillating behavior detected: Relaxation set to 0.900000
    Oscillating behavior detected: Relaxation set to 0.800000

Warning: Full linear solver tolerance not achieved. The reduction is:0.000203554 after 20 iterations 

Warning: Full linear solver tolerance not achieved. The reduction is:1.07022e-05 after 20 iterations 

Warning: Full linear solver tolerance not achieved. The reduction is:0.000265715 after 20 iterations 

Warning: Full linear solver tolerance not achieved. The reduction is:1.12985e-05 after 20 iterations 
    Oscillating behavior detected: Relaxation set to 0.700000

Warning: Full linear solver tolerance not achieved. The reduction is:7.99781e-05 after 20 iterations 
    Oscillating behavior detected: Relaxation set to 0.600000

Warning: Full linear solver tolerance not achieved. The reduction is:1.05227e-05 after 20 iterations 

Warning: Full linear solver tolerance not achieved. The reduction is:0.000147342 after 20 iterations 

Warning: Full linear solver tolerance not achieved. The reduction is:1.14054e-05 after 20 iterations 

Problem: Solver convergence failure - Iteration limit reached
Timestep chopped to 43.286117 days


Starting time step 1, stepsize 43.2861 days, at day 376016/377775, date = 01-Jul-3054
 Newton its= 4, linearizations= 5 (0.4sec), linear its= 50 (2.1sec)

Starting time step 2, stepsize 86.5722 days, at day 376059/377775, date = 13-Aug-3054

Warning: Full linear solver tolerance not achieved. The reduction is:4.07928e-05 after 20 iterations 
 Newton its= 6, linearizations= 7 (0.5sec), linear its= 94 (3.9sec)

Starting time step 3, stepsize 155.83 days, at day 376145/377775, date = 08-Nov-3054

Warning: Full linear solver tolerance not achieved. The reduction is:1.02986e-05 after 20 iterations 

Warning: Full linear solver tolerance not achieved. The reduction is:1.70351e-05 after 20 iterations 

Warning: Full linear solver tolerance not achieved. The reduction is:3.67772e-05 after 20 iterations 
 Newton its=10, linearizations=11 (0.8sec), linear its=173 (7.2sec)

Starting time step 4, stepsize 124.664 days, at day 376301/377775, date = 13-Apr-3055

Warning: Full linear solver tolerance not achieved. The reduction is:1.10169e-05 after 20 iterations 

Warning: Full linear solver tolerance not achieved. The reduction is:1.94645e-05 after 20 iterations 
 Newton its= 7, linearizations= 8 (0.6sec), linear its=126 (5.5sec)

Starting time step 5, stepsize 174.53 days, at day 376426/377775, date = 15-Aug-3055

Warning: Full linear solver tolerance not achieved. The reduction is:1.91776e-05 after 20 iterations 

Warning: Full linear solver tolerance not achieved. The reduction is:1.48808e-05 after 20 iterations 

Warning: Full linear solver tolerance not achieved. The reduction is:3.13593e-05 after 20 iterations 

Warning: Full linear solver tolerance not achieved. The reduction is:1.80719e-05 after 20 iterations 

Warning: Full linear solver tolerance not achieved. The reduction is:1.22916e-05 after 20 iterations 

Warning: Full linear solver tolerance not achieved. The reduction is:1.06074e-05 after 20 iterations 

Warning: Full linear solver tolerance not achieved. The reduction is:2.45036e-05 after 20 iterations 

Warning: Full linear solver tolerance not achieved. The reduction is:2.43523e-05 after 20 iterations 

Problem: Solver convergence failure - Numerical problem encountered
Timestep chopped to 57.594775 days


Starting time step 5, stepsize 57.5948 days, at day 376426/377775, date = 15-Aug-3055
 Newton its= 4, linearizations= 5 (0.4sec), linear its= 65 (2.7sec)

Starting time step 6, stepsize 115.19 days, at day 376484/377775, date = 12-Oct-3055

Warning: Full linear solver tolerance not achieved. The reduction is:1.35599e-05 after 20 iterations 
 Newton its= 6, linearizations= 7 (0.5sec), linear its=104 (4.5sec)

Starting time step 7, stepsize 207.341 days, at day 376599/377775, date = 04-Feb-3056

Warning: Full linear solver tolerance not achieved. The reduction is:1.34557e-05 after 20 iterations 

Warning: Full linear solver tolerance not achieved. The reduction is:0.000108953 after 20 iterations 

Warning: Full linear solver tolerance not achieved. The reduction is:0.000350853 after 20 iterations 

Warning: Full linear solver tolerance not achieved. The reduction is:1.03343e-05 after 20 iterations 

Warning: Full linear solver tolerance not achieved. The reduction is:2.99412e-05 after 20 iterations 

Warning: Full linear solver tolerance not achieved. The reduction is:1.15019e-05 after 20 iterations 

Warning: Full linear solver tolerance not achieved. The reduction is:2.94838e-05 after 20 iterations 

Warning: Full linear solver tolerance not achieved. The reduction is:0.00665236 after 20 iterations 

Warning: Full linear solver tolerance not achieved. The reduction is:1.13972e-05 after 20 iterations 

Warning: Full linear solver tolerance not achieved. The reduction is:9.04775e-05 after 20 iterations 

Warning: Full linear solver tolerance not achieved. The reduction is:1.53247e-05 after 20 iterations 

Warning: Full linear solver tolerance not achieved. The reduction is:0.00121108 after 20 iterations 

Warning: Full linear solver tolerance not achieved. The reduction is:1.11984e-05 after 20 iterations 

Warning: Full linear solver tolerance not achieved. The reduction is:2.03481e-05 after 20 iterations 

Warning: Full linear solver tolerance not achieved. The reduction is:1.17482e-05 after 20 iterations 
    Oscillating behavior detected: Relaxation set to 0.900000
    Oscillating behavior detected: Relaxation set to 0.800000

Problem: Solver convergence failure - Iteration limit reached
Timestep chopped to 68.422593 days


Starting time step 7, stepsize 68.4226 days, at day 376599/377775, date = 04-Feb-3056
 Newton its= 4, linearizations= 5 (0.4sec), linear its= 55 (2.5sec)

Starting time step 8, stepsize 136.845 days, at day 376667/377775, date = 13-Apr-3056

Warning: Full linear solver tolerance not achieved. The reduction is:4.74995e-05 after 20 iterations 

Warning: Full linear solver tolerance not achieved. The reduction is:9.18925e-05 after 20 iterations 

Warning: Full linear solver tolerance not achieved. The reduction is:1.40816e-05 after 20 iterations 

Warning: Full linear solver tolerance not achieved. The reduction is:1.91397e-05 after 20 iterations 
 Newton its= 9, linearizations=10 (0.7sec), linear its=168 (7.1sec)

Starting time step 9, stepsize 121.64 days, at day 376804/377775, date = 27-Aug-3056

Warning: Full linear solver tolerance not achieved. The reduction is:3.54044e-05 after 20 iterations 

Warning: Full linear solver tolerance not achieved. The reduction is:1.18377e-05 after 20 iterations 

Warning: Full linear solver tolerance not achieved. The reduction is:3.40363e-05 after 20 iterations 

Warning: Full linear solver tolerance not achieved. The reduction is:4.26894e-05 after 20 iterations 

Warning: Full linear solver tolerance not achieved. The reduction is:4.8985e-05 after 20 iterations 

Warning: Full linear solver tolerance not achieved. The reduction is:1.35554e-05 after 20 iterations 

Warning: Full linear solver tolerance not achieved. The reduction is:1.10378e-05 after 20 iterations 
    Oscillating behavior detected: Relaxation set to 0.900000

Warning: Full linear solver tolerance not achieved. The reduction is:1.55682e-05 after 20 iterations 
    Oscillating behavior detected: Relaxation set to 0.800000

Warning: Full linear solver tolerance not achieved. The reduction is:2.12023e-05 after 20 iterations 
    Oscillating behavior detected: Relaxation set to 0.700000

Warning: Full linear solver tolerance not achieved. The reduction is:1.63277e-05 after 20 iterations 
    Oscillating behavior detected: Relaxation set to 0.600000

Warning: Full linear solver tolerance not achieved. The reduction is:3.86755e-05 after 20 iterations 
    Oscillating behavior detected: Relaxation set to 0.500000

Problem: Solver convergence failure - Iteration limit reached
Timestep chopped to 40.141255 days


Starting time step 9, stepsize 40.1413 days, at day 376804/377775, date = 27-Aug-3056
 Newton its= 3, linearizations= 4 (0.3sec), linear its= 47 (2.0sec)

Starting time step 10, stepsize 80.2825 days, at day 376844/377775, date = 07-Oct-3056

Warning: Full linear solver tolerance not achieved. The reduction is:0.000100296 after 20 iterations 
 Newton its= 5, linearizations= 6 (0.5sec), linear its= 81 (3.7sec)

Starting time step 11, stepsize 176.622 days, at day 376924/377775, date = 26-Dec-3056

Warning: Full linear solver tolerance not achieved. The reduction is:1.19389e-05 after 20 iterations 

Warning: Full linear solver tolerance not achieved. The reduction is:0.000173043 after 20 iterations 

Warning: Full linear solver tolerance not achieved. The reduction is:0.000132545 after 20 iterations 

Warning: Full linear solver tolerance not achieved. The reduction is:0.00132534 after 20 iterations 

Warning: Full linear solver tolerance not achieved. The reduction is:0.0010687 after 20 iterations 

Warning: Full linear solver tolerance not achieved. The reduction is:0.000259059 after 20 iterations 

Problem: Solver convergence failure - Numerical problem encountered
Timestep chopped to 58.285102 days


Starting time step 11, stepsize 58.2851 days, at day 376924/377775, date = 26-Dec-3056

Problem: Solver convergence failure - Numerical problem encountered
Timestep chopped to 19.234084 days


Starting time step 11, stepsize 19.2341 days, at day 376924/377775, date = 26-Dec-3056
 Newton its= 3, linearizations= 4 (0.3sec), linear its= 46 (2.1sec)

Starting time step 12, stepsize 38.4682 days, at day 376944/377775, date = 14-Jan-3057
 Newton its= 3, linearizations= 4 (0.3sec), linear its= 40 (1.7sec)

Starting time step 13, stepsize 115.405 days, at day 376982/377775, date = 22-Feb-3057

Warning: Full linear solver tolerance not achieved. The reduction is:5.02961e-05 after 20 iterations 

Warning: Full linear solver tolerance not achieved. The reduction is:2.98542e-05 after 20 iterations 

Warning: Full linear solver tolerance not achieved. The reduction is:0.000511412 after 20 iterations 

Warning: Full linear solver tolerance not achieved. The reduction is:0.000177126 after 20 iterations 

Warning: Full linear solver tolerance not achieved. The reduction is:3.63339e-05 after 20 iterations 

Warning: Full linear solver tolerance not achieved. The reduction is:0.000216131 after 20 iterations 

Problem: Solver convergence failure - Numerical problem encountered
Timestep chopped to 38.083485 days


Starting time step 13, stepsize 38.0835 days, at day 376982/377775, date = 22-Feb-3057

Problem: Solver convergence failure - Numerical problem encountered
Timestep chopped to 12.567550 days


Starting time step 13, stepsize 12.5676 days, at day 376982/377775, date = 22-Feb-3057
 Newton its= 1, linearizations= 2 (0.2sec), linear its= 13 (0.7sec)

Starting time step 14, stepsize 25.1351 days, at day 376995/377775, date = 06-Mar-3057
 Newton its= 3, linearizations= 4 (0.3sec), linear its= 44 (1.9sec)

Starting time step 15, stepsize 75.4053 days, at day 377020/377775, date = 31-Mar-3057

Warning: Full linear solver tolerance not achieved. The reduction is:1.16037e-05 after 20 iterations 

Warning: Full linear solver tolerance not achieved. The reduction is:1.7125e-05 after 20 iterations 
 Newton its= 6, linearizations= 7 (0.5sec), linear its=102 (4.4sec)

Starting time step 16, stepsize 135.73 days, at day 377095/377775, date = 15-Jun-3057

Warning: Full linear solver tolerance not achieved. The reduction is:0.00761398 after 20 iterations 

Problem: Solver convergence failure - Numerical problem encountered
Timestep chopped to 44.790749 days


Starting time step 16, stepsize 44.7907 days, at day 377095/377775, date = 15-Jun-3057

Problem: Solver convergence failure - Numerical problem encountered
Timestep chopped to 14.780947 days


Starting time step 16, stepsize 14.7809 days, at day 377095/377775, date = 15-Jun-3057
 Newton its= 1, linearizations= 2 (0.2sec), linear its= 15 (0.6sec)

Starting time step 17, stepsize 29.5619 days, at day 377110/377775, date = 30-Jun-3057
 Newton its= 3, linearizations= 4 (0.3sec), linear its= 50 (2.1sec)

Starting time step 18, stepsize 88.6857 days, at day 377140/377775, date = 29-Jul-3057

Warning: Full linear solver tolerance not achieved. The reduction is:2.78076e-05 after 20 iterations 

Problem: Solver convergence failure - Numerical problem encountered
Timestep chopped to 29.266275 days


Starting time step 18, stepsize 29.2663 days, at day 377140/377775, date = 29-Jul-3057
 Newton its= 3, linearizations= 4 (0.4sec), linear its= 40 (1.8sec)

Starting time step 19, stepsize 58.5326 days, at day 377169/377775, date = 27-Aug-3057
 Newton its= 4, linearizations= 5 (0.4sec), linear its= 66 (2.9sec)

Starting time step 20, stepsize 152.185 days, at day 377227/377775, date = 25-Oct-3057

Warning: Full linear solver tolerance not achieved. The reduction is:4.28509e-05 after 20 iterations 

Warning: Full linear solver tolerance not achieved. The reduction is:6.64538e-05 after 20 iterations 

Warning: Full linear solver tolerance not achieved. The reduction is:0.000294792 after 20 iterations 

Warning: Full linear solver tolerance not achieved. The reduction is:1.56863e-05 after 20 iterations 

Warning: Full linear solver tolerance not achieved. The reduction is:0.000108597 after 20 iterations 

Warning: Full linear solver tolerance not achieved. The reduction is:1.66752e-05 after 20 iterations 

Warning: Full linear solver tolerance not achieved. The reduction is:2.6005e-05 after 20 iterations 

Warning: Full linear solver tolerance not achieved. The reduction is:2.95955e-05 after 20 iterations 
    Oscillating behavior detected: Relaxation set to 0.900000

Warning: Full linear solver tolerance not achieved. The reduction is:2.84956e-05 after 20 iterations 
    Oscillating behavior detected: Relaxation set to 0.800000

Warning: Full linear solver tolerance not achieved. The reduction is:2.74342e-05 after 20 iterations 

Warning: Full linear solver tolerance not achieved. The reduction is:1.35946e-05 after 20 iterations 

Warning: Full linear solver tolerance not achieved. The reduction is:3.01509e-05 after 20 iterations 

Problem: Solver convergence failure - Iteration limit reached
Timestep chopped to 50.220928 days


Starting time step 20, stepsize 50.2209 days, at day 377227/377775, date = 25-Oct-3057
 Newton its= 4, linearizations= 5 (0.5sec), linear its= 62 (2.6sec)

Starting time step 21, stepsize 100.442 days, at day 377278/377775, date = 14-Dec-3057

Warning: Full linear solver tolerance not achieved. The reduction is:0.00152687 after 20 iterations 

Warning: Full linear solver tolerance not achieved. The reduction is:1.16609e-05 after 20 iterations 

Warning: Full linear solver tolerance not achieved. The reduction is:0.00427917 after 20 iterations 

Warning: Full linear solver tolerance not achieved. The reduction is:3.46185e-05 after 20 iterations 

Warning: Full linear solver tolerance not achieved. The reduction is:1.82751e-05 after 20 iterations 

Warning: Full linear solver tolerance not achieved. The reduction is:1.39075e-05 after 20 iterations 
    Oscillating behavior detected: Relaxation set to 0.900000

Warning: Full linear solver tolerance not achieved. The reduction is:3.85001e-05 after 20 iterations 

Warning: Full linear solver tolerance not achieved. The reduction is:4.0881e-05 after 20 iterations 
    Oscillating behavior detected: Relaxation set to 0.800000
    Oscillating behavior detected: Relaxation set to 0.700000

Warning: Full linear solver tolerance not achieved. The reduction is:7.94201e-05 after 20 iterations 

Warning: Full linear solver tolerance not achieved. The reduction is:1.99069e-05 after 20 iterations 

Warning: Full linear solver tolerance not achieved. The reduction is:6.66496e-05 after 20 iterations 
    Oscillating behavior detected: Relaxation set to 0.600000

Warning: Full linear solver tolerance not achieved. The reduction is:0.000282125 after 20 iterations 

Problem: Solver convergence failure - Iteration limit reached
Timestep chopped to 33.145813 days


Starting time step 21, stepsize 33.1458 days, at day 377278/377775, date = 14-Dec-3057
 Newton its= 3, linearizations= 4 (0.4sec), linear its= 40 (1.7sec)

Starting time step 22, stepsize 66.2916 days, at day 377311/377775, date = 16-Jan-3058
 Newton its= 4, linearizations= 5 (0.4sec), linear its= 67 (2.8sec)

Starting time step 23, stepsize 172.358 days, at day 377377/377775, date = 24-Mar-3058

Warning: Full linear solver tolerance not achieved. The reduction is:1.69427e-05 after 20 iterations 

Warning: Full linear solver tolerance not achieved. The reduction is:0.00455254 after 20 iterations 

Problem: Solver convergence failure - Numerical problem encountered
Timestep chopped to 56.878215 days


Starting time step 23, stepsize 56.8782 days, at day 377377/377775, date = 24-Mar-3058

Problem: Solver convergence failure - Numerical problem encountered
Timestep chopped to 18.769811 days


Starting time step 23, stepsize 18.7698 days, at day 377377/377775, date = 24-Mar-3058
 Newton its= 2, linearizations= 3 (0.3sec), linear its= 34 (1.5sec)

Starting time step 24, stepsize 37.5396 days, at day 377396/377775, date = 11-Apr-3058
 Newton its= 3, linearizations= 4 (0.3sec), linear its= 43 (2.0sec)

Starting time step 25, stepsize 112.619 days, at day 377433/377775, date = 19-May-3058

Warning: Full linear solver tolerance not achieved. The reduction is:1.84432e-05 after 20 iterations 

Warning: Full linear solver tolerance not achieved. The reduction is:8.59141e-05 after 20 iterations 

Warning: Full linear solver tolerance not achieved. The reduction is:2.55327e-05 after 20 iterations 

Warning: Full linear solver tolerance not achieved. The reduction is:6.91153e-05 after 20 iterations 

Warning: Full linear solver tolerance not achieved. The reduction is:2.72745e-05 after 20 iterations 

Warning: Full linear solver tolerance not achieved. The reduction is:4.98354e-05 after 20 iterations 

Problem: Solver convergence failure - Numerical problem encountered
Timestep chopped to 37.164225 days


Starting time step 25, stepsize 37.1642 days, at day 377433/377775, date = 19-May-3058
 Newton its= 3, linearizations= 4 (0.3sec), linear its= 41 (1.8sec)

Starting time step 26, stepsize 74.3285 days, at day 377470/377775, date = 25-Jun-3058
 Newton its= 4, linearizations= 5 (0.4sec), linear its= 68 (2.9sec)

Starting time step 27, stepsize 115.087 days, at day 377545/377775, date = 07-Sep-3058

Warning: Full linear solver tolerance not achieved. The reduction is:0.00268573 after 20 iterations 

Warning: Full linear solver tolerance not achieved. The reduction is:6.04914e-05 after 20 iterations 

Warning: Full linear solver tolerance not achieved. The reduction is:4.83435e-05 after 20 iterations 

Warning: Full linear solver tolerance not achieved. The reduction is:3.20981e-05 after 20 iterations 

Warning: Full linear solver tolerance not achieved. The reduction is:0.000102535 after 20 iterations 

Warning: Full linear solver tolerance not achieved. The reduction is:1.54271e-05 after 20 iterations 

Warning: Full linear solver tolerance not achieved. The reduction is:1.05019e-05 after 20 iterations 

Warning: Full linear solver tolerance not achieved. The reduction is:0.000574693 after 20 iterations 

Warning: Full linear solver tolerance not achieved. The reduction is:1.80126e-05 after 20 iterations 

Warning: Full linear solver tolerance not achieved. The reduction is:5.22829e-05 after 20 iterations 

Warning: Full linear solver tolerance not achieved. The reduction is:8.53158e-05 after 20 iterations 

Warning: Full linear solver tolerance not achieved. The reduction is:1.40401e-05 after 20 iterations 

Warning: Full linear solver tolerance not achieved. The reduction is:0.000518546 after 20 iterations 

Warning: Full linear solver tolerance not achieved. The reduction is:0.00110841 after 20 iterations 

Problem: Solver convergence failure - Numerical problem encountered
Timestep chopped to 37.978772 days


Starting time step 27, stepsize 37.9788 days, at day 377545/377775, date = 07-Sep-3058

Problem: Solver convergence failure - Numerical problem encountered
Timestep chopped to 12.532995 days


Starting time step 27, stepsize 12.533 days, at day 377545/377775, date = 07-Sep-3058
 Newton its= 1, linearizations= 2 (0.2sec), linear its= 19 (0.8sec)

Starting time step 28, stepsize 25.066 days, at day 377557/377775, date = 20-Sep-3058
 Newton its= 3, linearizations= 4 (0.3sec), linear its= 42 (1.9sec)

Starting time step 29, stepsize 75.198 days, at day 377582/377775, date = 15-Oct-3058
 Newton its= 5, linearizations= 6 (0.4sec), linear its= 79 (3.5sec)

Starting time step 30, stepsize 117.377 days, at day 377658/377775, date = 29-Dec-3058

Warning: Full linear solver tolerance not achieved. The reduction is:0.000185367 after 20 iterations 

Warning: Full linear solver tolerance not achieved. The reduction is:0.000413994 after 20 iterations 

Warning: Full linear solver tolerance not achieved. The reduction is:3.21662e-05 after 20 iterations 

Warning: Full linear solver tolerance not achieved. The reduction is:0.00136369 after 20 iterations 

Problem: Solver convergence failure - Numerical problem encountered
Timestep chopped to 38.734550 days


Starting time step 30, stepsize 38.7346 days, at day 377658/377775, date = 29-Dec-3058

Problem: Solver convergence failure - Numerical problem encountered
Timestep chopped to 12.782402 days


Starting time step 30, stepsize 12.7824 days, at day 377658/377775, date = 29-Dec-3058
 Newton its= 1, linearizations= 2 (0.1sec), linear its= 15 (0.6sec)

Starting time step 31, stepsize 25.5648 days, at day 377670/377775, date = 11-Jan-3059
 Newton its= 3, linearizations= 4 (0.3sec), linear its= 40 (1.7sec)

Starting time step 32, stepsize 79.0302 days, at day 377696/377775, date = 05-Feb-3059

Warning: Full linear solver tolerance not achieved. The reduction is:1.24133e-05 after 20 iterations 
 Newton its= 5, linearizations= 6 (0.5sec), linear its= 91 (3.9sec)

Report step  9/17 at day 377775/392375, date = 26-Apr-3059

Starting time step 0, stepsize 1825 days, at day 377775/379600, date = 26-Apr-3059

Problem: Solver convergence failure - Numerical problem encountered
Timestep chopped to 602.250000 days


Starting time step 0, stepsize 602.25 days, at day 377775/379600, date = 26-Apr-3059

Warning: Full linear solver tolerance not achieved. The reduction is:5.48762e-05 after 20 iterations 

Problem: Solver convergence failure - Numerical problem encountered
Timestep chopped to 198.742500 days


Starting time step 0, stepsize 198.743 days, at day 377775/379600, date = 26-Apr-3059

Warning: Full linear solver tolerance not achieved. The reduction is:1.07852e-05 after 20 iterations 

Warning: Full linear solver tolerance not achieved. The reduction is:0.000142783 after 20 iterations 

Warning: Full linear solver tolerance not achieved. The reduction is:1.24139e-05 after 20 iterations 

Warning: Full linear solver tolerance not achieved. The reduction is:1.02514e-05 after 20 iterations 

Warning: Full linear solver tolerance not achieved. The reduction is:0.000216416 after 20 iterations 
    Oscillating behavior detected: Relaxation set to 0.900000

Warning: Full linear solver tolerance not achieved. The reduction is:1.23683e-05 after 20 iterations 
    Oscillating behavior detected: Relaxation set to 0.800000
    Oscillating behavior detected: Relaxation set to 0.700000

Warning: Full linear solver tolerance not achieved. The reduction is:1.15454e-05 after 20 iterations 
    Oscillating behavior detected: Relaxation set to 0.600000
    Oscillating behavior detected: Relaxation set to 0.500000

Warning: Full linear solver tolerance not achieved. The reduction is:1.00705e-05 after 20 iterations 

Warning: Full linear solver tolerance not achieved. The reduction is:1.44143e-05 after 20 iterations 

Problem: Solver convergence failure - Iteration limit reached
Timestep chopped to 65.585025 days


Starting time step 0, stepsize 65.585 days, at day 377775/379600, date = 26-Apr-3059

Warning: Full linear solver tolerance not achieved. The reduction is:2.5844e-05 after 20 iterations 
 Newton its= 5, linearizations= 6 (0.5sec), linear its= 86 (4.0sec)

Starting time step 1, stepsize 131.17 days, at day 377841/379600, date = 30-Jun-3059

Warning: Full linear solver tolerance not achieved. The reduction is:1.26753e-05 after 20 iterations 

Warning: Full linear solver tolerance not achieved. The reduction is:3.86588e-05 after 20 iterations 

Warning: Full linear solver tolerance not achieved. The reduction is:0.000226229 after 20 iterations 

Problem: Solver convergence failure - Iteration limit reached
Timestep chopped to 43.286117 days


Starting time step 1, stepsize 43.2861 days, at day 377841/379600, date = 30-Jun-3059
 Newton its= 3, linearizations= 4 (0.3sec), linear its= 42 (1.9sec)

Starting time step 2, stepsize 86.5722 days, at day 377884/379600, date = 12-Aug-3059

Warning: Full linear solver tolerance not achieved. The reduction is:1.18908e-05 after 20 iterations 

Warning: Full linear solver tolerance not achieved. The reduction is:8.8297e-05 after 20 iterations 
 Newton its= 5, linearizations= 6 (0.5sec), linear its= 88 (3.8sec)

Starting time step 3, stepsize 190.459 days, at day 377970/379600, date = 07-Nov-3059

Warning: Full linear solver tolerance not achieved. The reduction is:1.1101e-05 after 20 iterations 
    Oscillating behavior detected: Relaxation set to 0.900000

Warning: Full linear solver tolerance not achieved. The reduction is:2.72869e-05 after 20 iterations 

Warning: Full linear solver tolerance not achieved. The reduction is:1.24944e-05 after 20 iterations 

Warning: Full linear solver tolerance not achieved. The reduction is:1.69335e-05 after 20 iterations 

Warning: Full linear solver tolerance not achieved. The reduction is:1.48932e-05 after 20 iterations 

Warning: Full linear solver tolerance not achieved. The reduction is:3.86695e-05 after 20 iterations 

Warning: Full linear solver tolerance not achieved. The reduction is:6.0206e-05 after 20 iterations 

Warning: Full linear solver tolerance not achieved. The reduction is:0.000155058 after 20 iterations 

Warning: Full linear solver tolerance not achieved. The reduction is:0.000117291 after 20 iterations 

Warning: Full linear solver tolerance not achieved. The reduction is:1.16135e-05 after 20 iterations 

Warning: Full linear solver tolerance not achieved. The reduction is:9.14799e-05 after 20 iterations 

Warning: Full linear solver tolerance not achieved. The reduction is:6.71567e-05 after 20 iterations 

Warning: Full linear solver tolerance not achieved. The reduction is:0.00153211 after 20 iterations 

Problem: Solver convergence failure - Iteration limit reached
Timestep chopped to 62.851441 days


Starting time step 3, stepsize 62.8514 days, at day 377970/379600, date = 07-Nov-3059
 Newton its= 4, linearizations= 5 (0.4sec), linear its= 62 (2.9sec)

Starting time step 4, stepsize 125.703 days, at day 378033/379600, date = 09-Jan-3060

Warning: Full linear solver tolerance not achieved. The reduction is:5.0506e-05 after 20 iterations 

Problem: Solver convergence failure - Numerical problem encountered
Timestep chopped to 41.481951 days


Starting time step 4, stepsize 41.482 days, at day 378033/379600, date = 09-Jan-3060

Problem: Solver convergence failure - Numerical problem encountered
Timestep chopped to 13.689044 days


Starting time step 4, stepsize 13.689 days, at day 378033/379600, date = 09-Jan-3060
 Newton its= 1, linearizations= 2 (0.2sec), linear its= 15 (0.7sec)

Starting time step 5, stepsize 27.3781 days, at day 378047/379600, date = 22-Jan-3060
 Newton its= 3, linearizations= 4 (0.3sec), linear its= 43 (2.1sec)

Starting time step 6, stepsize 82.1343 days, at day 378074/379600, date = 19-Feb-3060

Warning: Full linear solver tolerance not achieved. The reduction is:6.40755e-05 after 20 iterations 

Warning: Full linear solver tolerance not achieved. The reduction is:1.30497e-05 after 20 iterations 

Warning: Full linear solver tolerance not achieved. The reduction is:0.00661513 after 20 iterations 

Warning: Full linear solver tolerance not achieved. The reduction is:0.000158294 after 20 iterations 
 Newton its= 5, linearizations= 6 (0.5sec), linear its= 97 (4.3sec)

Starting time step 7, stepsize 180.695 days, at day 378156/379600, date = 11-May-3060

Warning: Full linear solver tolerance not achieved. The reduction is:4.22668e-05 after 20 iterations 

Warning: Full linear solver tolerance not achieved. The reduction is:0.000101298 after 20 iterations 

Warning: Full linear solver tolerance not achieved. The reduction is:8.40809e-05 after 20 iterations 

Warning: Full linear solver tolerance not achieved. The reduction is:1.08903e-05 after 20 iterations 

Warning: Full linear solver tolerance not achieved. The reduction is:4.54233e-05 after 20 iterations 

Warning: Full linear solver tolerance not achieved. The reduction is:1.2131e-05 after 20 iterations 

Warning: Full linear solver tolerance not achieved. The reduction is:4.36446e-05 after 20 iterations 

Warning: Full linear solver tolerance not achieved. The reduction is:1.36832e-05 after 20 iterations 

Warning: Full linear solver tolerance not achieved. The reduction is:4.40224e-05 after 20 iterations 

Warning: Full linear solver tolerance not achieved. The reduction is:1.37112e-05 after 20 iterations 

Warning: Full linear solver tolerance not achieved. The reduction is:4.40374e-05 after 20 iterations 

Warning: Full linear solver tolerance not achieved. The reduction is:1.37103e-05 after 20 iterations 

Warning: Full linear solver tolerance not achieved. The reduction is:4.40382e-05 after 20 iterations 

Warning: Full linear solver tolerance not achieved. The reduction is:1.37104e-05 after 20 iterations 

Warning: Full linear solver tolerance not achieved. The reduction is:4.40382e-05 after 20 iterations 

Problem: Solver convergence failure - Iteration limit reached
Timestep chopped to 59.629475 days


Starting time step 7, stepsize 59.6295 days, at day 378156/379600, date = 11-May-3060
 Newton its= 4, linearizations= 5 (0.5sec), linear its= 54 (1061.2sec)

Starting time step 8, stepsize 119.259 days, at day 378216/379600, date = 10-Jul-3060

Warning: Full linear solver tolerance not achieved. The reduction is:3.0072e-05 after 20 iterations 

Warning: Full linear solver tolerance not achieved. The reduction is:1.56537e-05 after 20 iterations 

Warning: Full linear solver tolerance not achieved. The reduction is:7.11363e-05 after 20 iterations 

Warning: Full linear solver tolerance not achieved. The reduction is:3.93571e-05 after 20 iterations 

Warning: Full linear solver tolerance not achieved. The reduction is:1.02741e-05 after 20 iterations 
    Oscillating behavior detected: Relaxation set to 0.900000
    Oscillating behavior detected: Relaxation set to 0.800000

Warning: Full linear solver tolerance not achieved. The reduction is:1.51377e-05 after 20 iterations 
    Oscillating behavior detected: Relaxation set to 0.700000

Warning: Full linear solver tolerance not achieved. The reduction is:0.000193365 after 20 iterations 
    Oscillating behavior detected: Relaxation set to 0.600000

Problem: Solver convergence failure - Iteration limit reached
Timestep chopped to 39.355454 days


Starting time step 8, stepsize 39.3555 days, at day 378216/379600, date = 10-Jul-3060
 Newton its= 3, linearizations= 4 (0.8sec), linear its= 43 (2.3sec)

Starting time step 9, stepsize 78.7109 days, at day 378255/379600, date = 18-Aug-3060

Warning: Full linear solver tolerance not achieved. The reduction is:0.000338134 after 20 iterations 

Warning: Full linear solver tolerance not achieved. The reduction is:5.73424e-05 after 20 iterations 
 Newton its= 5, linearizations= 6 (0.8sec), linear its= 97 (4.7sec)

Starting time step 10, stepsize 173.164 days, at day 378334/379600, date = 05-Nov-3060

Warning: Full linear solver tolerance not achieved. The reduction is:0.000128013 after 20 iterations 

Warning: Full linear solver tolerance not achieved. The reduction is:0.00202141 after 20 iterations 

Warning: Full linear solver tolerance not achieved. The reduction is:2.50517e-05 after 20 iterations 

Warning: Full linear solver tolerance not achieved. The reduction is:3.0143e-05 after 20 iterations 

Warning: Full linear solver tolerance not achieved. The reduction is:2.6994e-05 after 20 iterations 

Warning: Full linear solver tolerance not achieved. The reduction is:1.70843e-05 after 20 iterations 

Warning: Full linear solver tolerance not achieved. The reduction is:7.85492e-05 after 20 iterations 

Warning: Full linear solver tolerance not achieved. The reduction is:6.68716e-05 after 20 iterations 

Warning: Full linear solver tolerance not achieved. The reduction is:0.00226144 after 20 iterations 

Warning: Full linear solver tolerance not achieved. The reduction is:1.62892e-05 after 20 iterations 
    Oscillating behavior detected: Relaxation set to 0.900000
    Oscillating behavior detected: Relaxation set to 0.800000

Problem: Solver convergence failure - Iteration limit reached
Timestep chopped to 57.144119 days


Starting time step 10, stepsize 57.1441 days, at day 378334/379600, date = 05-Nov-3060
 Newton its= 4, linearizations= 5 (0.4sec), linear its= 64 (2.9sec)

Starting time step 11, stepsize 114.288 days, at day 378391/379600, date = 01-Jan-3061

Warning: Full linear solver tolerance not achieved. The reduction is:0.000145588 after 20 iterations 

Warning: Full linear solver tolerance not achieved. The reduction is:0.00394862 after 20 iterations 

Warning: Full linear solver tolerance not achieved. The reduction is:2.46524e-05 after 20 iterations 

Warning: Full linear solver tolerance not achieved. The reduction is:0.000359673 after 20 iterations 
 Newton its=10, linearizations=11 (0.9sec), linear its=175 (8.3sec)

Starting time step 12, stepsize 91.4306 days, at day 378506/379600, date = 25-Apr-3061

Warning: Full linear solver tolerance not achieved. The reduction is:0.000241735 after 20 iterations 

Warning: Full linear solver tolerance not achieved. The reduction is:3.2513e-05 after 20 iterations 
 Newton its= 5, linearizations= 6 (0.6sec), linear its= 93 (4.4sec)

Starting time step 13, stepsize 201.147 days, at day 378597/379600, date = 26-Jul-3061

Warning: Full linear solver tolerance not achieved. The reduction is:3.8399e-05 after 20 iterations 

Warning: Full linear solver tolerance not achieved. The reduction is:5.66118e-05 after 20 iterations 

Warning: Full linear solver tolerance not achieved. The reduction is:0.000348552 after 20 iterations 

Warning: Full linear solver tolerance not achieved. The reduction is:2.11863e-05 after 20 iterations 

Warning: Full linear solver tolerance not achieved. The reduction is:2.37645e-05 after 20 iterations 

Warning: Full linear solver tolerance not achieved. The reduction is:3.11044e-05 after 20 iterations 

Warning: Full linear solver tolerance not achieved. The reduction is:4.50465e-05 after 20 iterations 
    Oscillating behavior detected: Relaxation set to 0.900000

Warning: Full linear solver tolerance not achieved. The reduction is:2.8482e-05 after 20 iterations 

Warning: Full linear solver tolerance not achieved. The reduction is:2.91294e-05 after 20 iterations 
    Oscillating behavior detected: Relaxation set to 0.800000

Warning: Full linear solver tolerance not achieved. The reduction is:2.53895e-05 after 20 iterations 

Warning: Full linear solver tolerance not achieved. The reduction is:2.95329e-05 after 20 iterations 
    Oscillating behavior detected: Relaxation set to 0.700000

Warning: Full linear solver tolerance not achieved. The reduction is:2.16075e-05 after 20 iterations 

Warning: Full linear solver tolerance not achieved. The reduction is:3.39363e-05 after 20 iterations 
    Oscillating behavior detected: Relaxation set to 0.600000

Warning: Full linear solver tolerance not achieved. The reduction is:3.09273e-05 after 20 iterations 

Warning: Full linear solver tolerance not achieved. The reduction is:3.57161e-05 after 20 iterations 
    Oscillating behavior detected: Relaxation set to 0.500000

Warning: Full linear solver tolerance not achieved. The reduction is:2.40598e-05 after 20 iterations 
    Oscillating behavior detected: Relaxation set to 0.500000

Problem: Solver convergence failure - Iteration limit reached
Timestep chopped to 66.378608 days


Starting time step 13, stepsize 66.3786 days, at day 378597/379600, date = 26-Jul-3061
 Newton its= 4, linearizations= 5 (0.7sec), linear its= 60 (3.0sec)

Starting time step 14, stepsize 132.757 days, at day 378663/379600, date = 30-Sep-3061

Warning: Full linear solver tolerance not achieved. The reduction is:0.000124811 after 20 iterations 

Problem: Solver convergence failure - Numerical problem encountered
Timestep chopped to 43.809881 days


Starting time step 14, stepsize 43.8099 days, at day 378663/379600, date = 30-Sep-3061
 Newton its= 4, linearizations= 5 (0.7sec), linear its= 55 (2.9sec)

Starting time step 15, stepsize 87.6198 days, at day 378707/379600, date = 13-Nov-3061

Warning: Full linear solver tolerance not achieved. The reduction is:0.00235025 after 20 iterations 

Warning: Full linear solver tolerance not achieved. The reduction is:7.75281e-05 after 20 iterations 

Warning: Full linear solver tolerance not achieved. The reduction is:6.27528e-05 after 20 iterations 
 Newton its= 5, linearizations= 6 (0.9sec), linear its= 94 (4.7sec)

Starting time step 16, stepsize 192.763 days, at day 378795/379600, date = 08-Feb-3062

Warning: Full linear solver tolerance not achieved. The reduction is:1.00499e-05 after 20 iterations 

Warning: Full linear solver tolerance not achieved. The reduction is:0.000342792 after 20 iterations 

Warning: Full linear solver tolerance not achieved. The reduction is:2.21399e-05 after 20 iterations 

Warning: Full linear solver tolerance not achieved. The reduction is:3.2489e-05 after 20 iterations 

Warning: Full linear solver tolerance not achieved. The reduction is:3.2806e-05 after 20 iterations 

Warning: Full linear solver tolerance not achieved. The reduction is:0.000117334 after 20 iterations 

Warning: Full linear solver tolerance not achieved. The reduction is:2.87597e-05 after 20 iterations 

Warning: Full linear solver tolerance not achieved. The reduction is:1.26772e-05 after 20 iterations 

Warning: Full linear solver tolerance not achieved. The reduction is:6.63576e-05 after 20 iterations 

Warning: Full linear solver tolerance not achieved. The reduction is:0.000261911 after 20 iterations 

Warning: Full linear solver tolerance not achieved. The reduction is:1.91126e-05 after 20 iterations 

Warning: Full linear solver tolerance not achieved. The reduction is:2.9275e-05 after 20 iterations 

Warning: Full linear solver tolerance not achieved. The reduction is:1.58719e-05 after 20 iterations 

Warning: Full linear solver tolerance not achieved. The reduction is:6.26349e-05 after 20 iterations 

Warning: Full linear solver tolerance not achieved. The reduction is:2.16657e-05 after 20 iterations 
    Oscillating behavior detected: Relaxation set to 0.900000

Warning: Full linear solver tolerance not achieved. The reduction is:2.81253e-05 after 20 iterations 

Warning: Full linear solver tolerance not achieved. The reduction is:1.4488e-05 after 20 iterations 

Warning: Full linear solver tolerance not achieved. The reduction is:5.97999e-05 after 20 iterations 

Warning: Full linear solver tolerance not achieved. The reduction is:1.58197e-05 after 20 iterations 

Problem: Solver convergence failure - Iteration limit reached
Timestep chopped to 63.611948 days


Starting time step 16, stepsize 63.6119 days, at day 378795/379600, date = 08-Feb-3062

Warning: Full linear solver tolerance not achieved. The reduction is:1.91416e-05 after 20 iterations 
 Newton its= 4, linearizations= 5 (0.7sec), linear its= 63 (3.4sec)

Starting time step 17, stepsize 127.224 days, at day 378858/379600, date = 13-Apr-3062

Warning: Full linear solver tolerance not achieved. The reduction is:0.000468904 after 20 iterations 

Warning: Full linear solver tolerance not achieved. The reduction is:0.000670294 after 20 iterations 

Problem: Solver convergence failure - Numerical problem encountered
Timestep chopped to 41.983886 days


Starting time step 17, stepsize 41.9839 days, at day 378858/379600, date = 13-Apr-3062

Problem: Solver convergence failure - Numerical problem encountered
Timestep chopped to 13.854682 days


Starting time step 17, stepsize 13.8547 days, at day 378858/379600, date = 13-Apr-3062
 Newton its= 1, linearizations= 2 (0.4sec), linear its= 16 (0.8sec)

Starting time step 18, stepsize 27.7094 days, at day 378872/379600, date = 27-Apr-3062
 Newton its= 2, linearizations= 3 (0.3sec), linear its= 30 (1.7sec)

Starting time step 19, stepsize 83.1281 days, at day 378900/379600, date = 25-May-3062

Warning: Full linear solver tolerance not achieved. The reduction is:0.000122448 after 20 iterations 
 Newton its= 5, linearizations= 6 (0.6sec), linear its= 81 (3.8sec)

Starting time step 20, stepsize 182.882 days, at day 378983/379600, date = 16-Aug-3062

Warning: Full linear solver tolerance not achieved. The reduction is:1.22133e-05 after 20 iterations 

Warning: Full linear solver tolerance not achieved. The reduction is:0.000230148 after 20 iterations 

Warning: Full linear solver tolerance not achieved. The reduction is:5.92891e-05 after 20 iterations 

Warning: Full linear solver tolerance not achieved. The reduction is:2.34956e-05 after 20 iterations 

Warning: Full linear solver tolerance not achieved. The reduction is:4.68048e-05 after 20 iterations 

Warning: Full linear solver tolerance not achieved. The reduction is:6.28544e-05 after 20 iterations 

Warning: Full linear solver tolerance not achieved. The reduction is:2.0986e-05 after 20 iterations 

Warning: Full linear solver tolerance not achieved. The reduction is:0.00012654 after 20 iterations 

Warning: Full linear solver tolerance not achieved. The reduction is:4.33457e-05 after 20 iterations 

Warning: Full linear solver tolerance not achieved. The reduction is:6.75879e-05 after 20 iterations 

Warning: Full linear solver tolerance not achieved. The reduction is:4.29992e-05 after 20 iterations 

Warning: Full linear solver tolerance not achieved. The reduction is:6.74e-05 after 20 iterations 

Problem: Solver convergence failure - Iteration limit reached
Timestep chopped to 60.350996 days


Starting time step 20, stepsize 60.351 days, at day 378983/379600, date = 16-Aug-3062
 Newton its= 4, linearizations= 5 (0.4sec), linear its= 56 (2.6sec)

Starting time step 21, stepsize 120.702 days, at day 379044/379600, date = 15-Oct-3062

Warning: Full linear solver tolerance not achieved. The reduction is:0.000169774 after 20 iterations 

Warning: Full linear solver tolerance not achieved. The reduction is:1.97304e-05 after 20 iterations 

Warning: Full linear solver tolerance not achieved. The reduction is:0.000260776 after 20 iterations 

Warning: Full linear solver tolerance not achieved. The reduction is:2.55605e-05 after 20 iterations 

Warning: Full linear solver tolerance not achieved. The reduction is:3.46586e-05 after 20 iterations 

Warning: Full linear solver tolerance not achieved. The reduction is:0.000102498 after 20 iterations 

Warning: Full linear solver tolerance not achieved. The reduction is:2.69383e-05 after 20 iterations 

Warning: Full linear solver tolerance not achieved. The reduction is:8.91253e-05 after 20 iterations 

Warning: Full linear solver tolerance not achieved. The reduction is:0.000483663 after 20 iterations 

Warning: Full linear solver tolerance not achieved. The reduction is:3.5689e-05 after 20 iterations 

Warning: Full linear solver tolerance not achieved. The reduction is:2.23415e-05 after 20 iterations 

Warning: Full linear solver tolerance not achieved. The reduction is:2.06088e-05 after 20 iterations 
    Oscillating behavior detected: Relaxation set to 0.900000

Warning: Full linear solver tolerance not achieved. The reduction is:1.44614e-05 after 20 iterations 

Warning: Full linear solver tolerance not achieved. The reduction is:0.000121044 after 20 iterations 

Warning: Full linear solver tolerance not achieved. The reduction is:0.000325373 after 20 iterations 

Problem: Solver convergence failure - Iteration limit reached
Timestep chopped to 39.831657 days


Starting time step 21, stepsize 39.8317 days, at day 379044/379600, date = 15-Oct-3062
 Newton its= 3, linearizations= 4 (0.4sec), linear its= 47 (2.1sec)

Starting time step 22, stepsize 79.6633 days, at day 379083/379600, date = 24-Nov-3062
 Newton its= 5, linearizations= 6 (0.5sec), linear its= 84 (3.8sec)

Starting time step 23, stepsize 175.259 days, at day 379163/379600, date = 12-Feb-3063

Warning: Full linear solver tolerance not achieved. The reduction is:4.21395e-05 after 20 iterations 

Warning: Full linear solver tolerance not achieved. The reduction is:3.99303e-05 after 20 iterations 

Warning: Full linear solver tolerance not achieved. The reduction is:3.97866e-05 after 20 iterations 

Warning: Full linear solver tolerance not achieved. The reduction is:3.97876e-05 after 20 iterations 

Warning: Full linear solver tolerance not achieved. The reduction is:3.97882e-05 after 20 iterations 

Problem: Solver convergence failure - Iteration limit reached
Timestep chopped to 57.835566 days


Starting time step 23, stepsize 57.8356 days, at day 379163/379600, date = 12-Feb-3063
 Newton its= 4, linearizations= 5 (0.5sec), linear its= 58 (2.6sec)

Starting time step 24, stepsize 115.671 days, at day 379221/379600, date = 10-Apr-3063

Warning: Full linear solver tolerance not achieved. The reduction is:2.97893e-05 after 20 iterations 

Warning: Full linear solver tolerance not achieved. The reduction is:1.32511e-05 after 20 iterations 

Warning: Full linear solver tolerance not achieved. The reduction is:1.80474e-05 after 20 iterations 

Warning: Full linear solver tolerance not achieved. The reduction is:6.36856e-05 after 20 iterations 

Warning: Full linear solver tolerance not achieved. The reduction is:4.97508e-05 after 20 iterations 

Warning: Full linear solver tolerance not achieved. The reduction is:6.59823e-05 after 20 iterations 

Warning: Full linear solver tolerance not achieved. The reduction is:0.000317477 after 20 iterations 

Warning: Full linear solver tolerance not achieved. The reduction is:1.25384e-05 after 20 iterations 
    Oscillating behavior detected: Relaxation set to 0.900000

Warning: Full linear solver tolerance not achieved. The reduction is:6.32288e-05 after 20 iterations 
    Oscillating behavior detected: Relaxation set to 0.800000

Warning: Full linear solver tolerance not achieved. The reduction is:3.04255e-05 after 20 iterations 
    Oscillating behavior detected: Relaxation set to 0.700000
    Oscillating behavior detected: Relaxation set to 0.600000

Warning: Full linear solver tolerance not achieved. The reduction is:4.37102e-05 after 20 iterations 
    Oscillating behavior detected: Relaxation set to 0.500000

Warning: Full linear solver tolerance not achieved. The reduction is:1.82931e-05 after 20 iterations 
    Oscillating behavior detected: Relaxation set to 0.500000

Problem: Solver convergence failure - Iteration limit reached
Timestep chopped to 38.171474 days


Starting time step 24, stepsize 38.1715 days, at day 379221/379600, date = 10-Apr-3063
 Newton its= 3, linearizations= 4 (0.4sec), linear its= 41 (1.9sec)

Starting time step 25, stepsize 76.3429 days, at day 379259/379600, date = 19-May-3063

Warning: Full linear solver tolerance not achieved. The reduction is:2.39093e-05 after 20 iterations 
 Newton its= 4, linearizations= 5 (0.5sec), linear its= 70 (3.3sec)

Starting time step 26, stepsize 132.318 days, at day 379335/379600, date = 03-Aug-3063

Warning: Full linear solver tolerance not achieved. The reduction is:0.00180978 after 20 iterations 

Warning: Full linear solver tolerance not achieved. The reduction is:0.000653008 after 20 iterations 

Problem: Solver convergence failure - Numerical problem encountered
Timestep chopped to 43.665058 days


Starting time step 26, stepsize 43.6651 days, at day 379335/379600, date = 03-Aug-3063

Problem: Solver convergence failure - Numerical problem encountered
Timestep chopped to 14.409469 days


Starting time step 26, stepsize 14.4095 days, at day 379335/379600, date = 03-Aug-3063
 Newton its= 1, linearizations= 2 (0.2sec), linear its= 14 (0.7sec)

Starting time step 27, stepsize 28.8189 days, at day 379350/379600, date = 17-Aug-3063
 Newton its= 3, linearizations= 4 (0.4sec), linear its= 42 (2.0sec)

Starting time step 28, stepsize 86.4568 days, at day 379379/379600, date = 15-Sep-3063

Warning: Full linear solver tolerance not achieved. The reduction is:2.32312e-05 after 20 iterations 
 Newton its= 5, linearizations= 6 (0.5sec), linear its= 91 (4.1sec)

Starting time step 29, stepsize 134.951 days, at day 379465/379600, date = 11-Dec-3063

Warning: Full linear solver tolerance not achieved. The reduction is:2.84826e-05 after 20 iterations 

Warning: Full linear solver tolerance not achieved. The reduction is:3.77106e-05 after 20 iterations 

Warning: Full linear solver tolerance not achieved. The reduction is:1.10181e-05 after 20 iterations 

Warning: Full linear solver tolerance not achieved. The reduction is:1.11523e-05 after 20 iterations 

Warning: Full linear solver tolerance not achieved. The reduction is:1.04812e-05 after 20 iterations 
    Oscillating behavior detected: Relaxation set to 0.900000
    Oscillating behavior detected: Relaxation set to 0.800000
    Oscillating behavior detected: Relaxation set to 0.700000
    Oscillating behavior detected: Relaxation set to 0.600000
    Oscillating behavior detected: Relaxation set to 0.500000

Problem: Solver convergence failure - Iteration limit reached
Timestep chopped to 44.533992 days


Starting time step 29, stepsize 44.534 days, at day 379465/379600, date = 11-Dec-3063
 Newton its= 3, linearizations= 4 (0.4sec), linear its= 46 (2.0sec)

Starting time step 30, stepsize 90.4175 days, at day 379510/379600, date = 24-Jan-3064

Warning: Full linear solver tolerance not achieved. The reduction is:0.0024612 after 20 iterations 

Warning: Full linear solver tolerance not achieved. The reduction is:0.00467662 after 20 iterations 

Warning: Full linear solver tolerance not achieved. The reduction is:2.5567e-05 after 20 iterations 
 Newton its= 5, linearizations= 6 (0.6sec), linear its= 91 (4.2sec)

Report step 10/17 at day 379600/392375, date = 24-Apr-3064

Starting time step 0, stepsize 1825 days, at day 379600/381425, date = 24-Apr-3064

Problem: Solver convergence failure - Numerical problem encountered
Timestep chopped to 602.250000 days


Starting time step 0, stepsize 602.25 days, at day 379600/381425, date = 24-Apr-3064

Warning: Full linear solver tolerance not achieved. The reduction is:7.5955e-05 after 20 iterations 

Warning: Full linear solver tolerance not achieved. The reduction is:0.00133415 after 20 iterations 

Warning: Full linear solver tolerance not achieved. The reduction is:0.00133511 after 20 iterations 

Problem: Solver convergence failure - Numerical problem encountered
Timestep chopped to 198.742500 days


Starting time step 0, stepsize 198.743 days, at day 379600/381425, date = 24-Apr-3064

Problem: Solver convergence failure - Numerical problem encountered
Timestep chopped to 65.585025 days


Starting time step 0, stepsize 65.585 days, at day 379600/381425, date = 24-Apr-3064
 Newton its= 4, linearizations= 5 (0.6sec), linear its= 63 (3.1sec)

Starting time step 1, stepsize 131.17 days, at day 379666/381425, date = 28-Jun-3064

Warning: Full linear solver tolerance not achieved. The reduction is:0.000287056 after 20 iterations 

Warning: Full linear solver tolerance not achieved. The reduction is:1.02455e-05 after 20 iterations 

Problem: Solver convergence failure - Numerical problem encountered
Timestep chopped to 43.286117 days


Starting time step 1, stepsize 43.2861 days, at day 379666/381425, date = 28-Jun-3064

Problem: Solver convergence failure - Numerical problem encountered
Timestep chopped to 14.284418 days


Starting time step 1, stepsize 14.2844 days, at day 379666/381425, date = 28-Jun-3064
 Newton its= 1, linearizations= 2 (0.2sec), linear its= 14 (0.7sec)

Starting time step 2, stepsize 28.5688 days, at day 379680/381425, date = 12-Jul-3064

Warning: Full linear solver tolerance not achieved. The reduction is:1.95881e-05 after 20 iterations 
 Newton its= 3, linearizations= 4 (0.4sec), linear its= 47 (2.3sec)

Starting time step 3, stepsize 85.7065 days, at day 379708/381425, date = 10-Aug-3064

Warning: Full linear solver tolerance not achieved. The reduction is:1.58085e-05 after 20 iterations 
 Newton its= 7, linearizations= 8 (0.8sec), linear its=118 (5.5sec)

Starting time step 4, stepsize 119.989 days, at day 379794/381425, date = 04-Nov-3064

Warning: Full linear solver tolerance not achieved. The reduction is:0.000301687 after 20 iterations 

Warning: Full linear solver tolerance not achieved. The reduction is:3.02022e-05 after 20 iterations 

Warning: Full linear solver tolerance not achieved. The reduction is:0.00495869 after 20 iterations 

Warning: Full linear solver tolerance not achieved. The reduction is:3.32023e-05 after 20 iterations 

Problem: Solver convergence failure - Numerical problem encountered
Timestep chopped to 39.596408 days


Starting time step 4, stepsize 39.5964 days, at day 379794/381425, date = 04-Nov-3064
 Newton its= 3, linearizations= 4 (0.4sec), linear its= 44 (2.2sec)

Starting time step 5, stepsize 79.1928 days, at day 379834/381425, date = 13-Dec-3064
 Newton its= 5, linearizations= 6 (0.6sec), linear its= 87 (4.1sec)

Starting time step 6, stepsize 174.224 days, at day 379913/381425, date = 02-Mar-3065

Warning: Full linear solver tolerance not achieved. The reduction is:1.06229e-05 after 20 iterations 

Warning: Full linear solver tolerance not achieved. The reduction is:1.27682e-05 after 20 iterations 

Warning: Full linear solver tolerance not achieved. The reduction is:1.06408e-05 after 20 iterations 

Warning: Full linear solver tolerance not achieved. The reduction is:1.37634e-05 after 20 iterations 

Warning: Full linear solver tolerance not achieved. The reduction is:3.07118e-05 after 20 iterations 

Warning: Full linear solver tolerance not achieved. The reduction is:4.59032e-05 after 20 iterations 

Warning: Full linear solver tolerance not achieved. The reduction is:0.000959728 after 20 iterations 

Warning: Full linear solver tolerance not achieved. The reduction is:0.000125098 after 20 iterations 

Warning: Full linear solver tolerance not achieved. The reduction is:2.49281e-05 after 20 iterations 

Warning: Full linear solver tolerance not achieved. The reduction is:4.58481e-05 after 20 iterations 

Warning: Full linear solver tolerance not achieved. The reduction is:0.000948024 after 20 iterations 
    Oscillating behavior detected: Relaxation set to 0.900000

Warning: Full linear solver tolerance not achieved. The reduction is:0.00029657 after 20 iterations 

Warning: Full linear solver tolerance not achieved. The reduction is:5.28536e-05 after 20 iterations 
    Oscillating behavior detected: Relaxation set to 0.800000

Warning: Full linear solver tolerance not achieved. The reduction is:2.74526e-05 after 20 iterations 

Warning: Full linear solver tolerance not achieved. The reduction is:2.27913e-05 after 20 iterations 

Warning: Full linear solver tolerance not achieved. The reduction is:6.40885e-05 after 20 iterations 

Warning: Full linear solver tolerance not achieved. The reduction is:2.37904e-05 after 20 iterations 

Warning: Full linear solver tolerance not achieved. The reduction is:6.52281e-05 after 20 iterations 

Problem: Solver convergence failure - Iteration limit reached
Timestep chopped to 57.493984 days


Starting time step 6, stepsize 57.494 days, at day 379913/381425, date = 02-Mar-3065
 Newton its= 3, linearizations= 4 (0.4sec), linear its= 41 (1.9sec)

Starting time step 7, stepsize 114.988 days, at day 379970/381425, date = 29-Apr-3065

Warning: Full linear solver tolerance not achieved. The reduction is:4.05471e-05 after 20 iterations 

Warning: Full linear solver tolerance not achieved. The reduction is:2.91979e-05 after 20 iterations 

Warning: Full linear solver tolerance not achieved. The reduction is:3.09226e-05 after 20 iterations 

Warning: Full linear solver tolerance not achieved. The reduction is:1.95522e-05 after 20 iterations 

Warning: Full linear solver tolerance not achieved. The reduction is:1.59455e-05 after 20 iterations 

Warning: Full linear solver tolerance not achieved. The reduction is:0.00104749 after 20 iterations 

Warning: Full linear solver tolerance not achieved. The reduction is:9.34624e-05 after 20 iterations 

Problem: Solver convergence failure - Numerical problem encountered
Timestep chopped to 37.946030 days


Starting time step 7, stepsize 37.946 days, at day 379970/381425, date = 29-Apr-3065
 Newton its= 3, linearizations= 4 (0.3sec), linear its= 39 (1.8sec)

Starting time step 8, stepsize 75.8921 days, at day 380008/381425, date = 06-Jun-3065
 Newton its= 5, linearizations= 6 (0.5sec), linear its= 81 (3.7sec)

Starting time step 9, stepsize 166.963 days, at day 380084/381425, date = 21-Aug-3065

Warning: Full linear solver tolerance not achieved. The reduction is:1.75621e-05 after 20 iterations 

Warning: Full linear solver tolerance not achieved. The reduction is:1.055e-05 after 20 iterations 

Warning: Full linear solver tolerance not achieved. The reduction is:1.95914e-05 after 20 iterations 

Warning: Full linear solver tolerance not achieved. The reduction is:1.12293e-05 after 20 iterations 

Warning: Full linear solver tolerance not achieved. The reduction is:1.33059e-05 after 20 iterations 
    Oscillating behavior detected: Relaxation set to 0.900000
    Oscillating behavior detected: Relaxation set to 0.800000

Warning: Full linear solver tolerance not achieved. The reduction is:1.24904e-05 after 20 iterations 

Warning: Full linear solver tolerance not achieved. The reduction is:1.10553e-05 after 20 iterations 
    Oscillating behavior detected: Relaxation set to 0.700000

Warning: Full linear solver tolerance not achieved. The reduction is:1.86623e-05 after 20 iterations 

Warning: Full linear solver tolerance not achieved. The reduction is:1.28048e-05 after 20 iterations 

Warning: Full linear solver tolerance not achieved. The reduction is:1.37631e-05 after 20 iterations 

Problem: Solver convergence failure - Iteration limit reached
Timestep chopped to 55.097635 days


Starting time step 9, stepsize 55.0976 days, at day 380084/381425, date = 21-Aug-3065
 Newton its= 3, linearizations= 4 (0.4sec), linear its= 45 (2.2sec)

Starting time step 10, stepsize 110.195 days, at day 380139/381425, date = 15-Oct-3065

Warning: Full linear solver tolerance not achieved. The reduction is:1.33431e-05 after 20 iterations 

Warning: Full linear solver tolerance not achieved. The reduction is:0.00951323 after 20 iterations 

Warning: Full linear solver tolerance not achieved. The reduction is:0.000111508 after 20 iterations 

Warning: Full linear solver tolerance not achieved. The reduction is:0.000211997 after 20 iterations 

Warning: Full linear solver tolerance not achieved. The reduction is:0.000103174 after 20 iterations 

Warning: Full linear solver tolerance not achieved. The reduction is:0.00131474 after 20 iterations 

Warning: Full linear solver tolerance not achieved. The reduction is:0.000612182 after 20 iterations 

Problem: Solver convergence failure - Numerical problem encountered
Timestep chopped to 36.364439 days


Starting time step 10, stepsize 36.3644 days, at day 380139/381425, date = 15-Oct-3065
 Newton its= 3, linearizations= 4 (0.4sec), linear its= 52 (2.4sec)

Starting time step 11, stepsize 72.7289 days, at day 380176/381425, date = 20-Nov-3065
 Newton its= 5, linearizations= 6 (0.6sec), linear its= 82 (4.3sec)

Starting time step 12, stepsize 160.004 days, at day 380248/381425, date = 01-Feb-3066

Warning: Full linear solver tolerance not achieved. The reduction is:1.53137e-05 after 20 iterations 

Warning: Full linear solver tolerance not achieved. The reduction is:2.82614e-05 after 20 iterations 

Warning: Full linear solver tolerance not achieved. The reduction is:0.000636513 after 20 iterations 

Warning: Full linear solver tolerance not achieved. The reduction is:5.11145e-05 after 20 iterations 

Warning: Full linear solver tolerance not achieved. The reduction is:0.00143372 after 20 iterations 

Warning: Full linear solver tolerance not achieved. The reduction is:0.000235089 after 20 iterations 

Warning: Full linear solver tolerance not achieved. The reduction is:0.00167213 after 20 iterations 

Problem: Solver convergence failure - Numerical problem encountered
Timestep chopped to 52.801166 days


Starting time step 12, stepsize 52.8012 days, at day 380248/381425, date = 01-Feb-3066

Problem: Solver convergence failure - Numerical problem encountered
Timestep chopped to 17.424385 days


Starting time step 12, stepsize 17.4244 days, at day 380248/381425, date = 01-Feb-3066
 Newton its= 1, linearizations= 2 (0.2sec), linear its= 17 (0.8sec)

Starting time step 13, stepsize 34.8488 days, at day 380266/381425, date = 18-Feb-3066
 Newton its= 3, linearizations= 4 (0.3sec), linear its= 46 (2.1sec)

Starting time step 14, stepsize 104.546 days, at day 380301/381425, date = 25-Mar-3066

Warning: Full linear solver tolerance not achieved. The reduction is:0.000108159 after 20 iterations 

Warning: Full linear solver tolerance not achieved. The reduction is:2.13092e-05 after 20 iterations 

Warning: Full linear solver tolerance not achieved. The reduction is:3.53523e-05 after 20 iterations 

Warning: Full linear solver tolerance not achieved. The reduction is:4.26596e-05 after 20 iterations 

Warning: Full linear solver tolerance not achieved. The reduction is:2.09921e-05 after 20 iterations 

Warning: Full linear solver tolerance not achieved. The reduction is:2.40396e-05 after 20 iterations 

Warning: Full linear solver tolerance not achieved. The reduction is:8.74569e-05 after 20 iterations 

Warning: Full linear solver tolerance not achieved. The reduction is:2.63054e-05 after 20 iterations 
 Newton its=12, linearizations=13 (1.1sec), linear its=228 (10.3sec)

Starting time step 15, stepsize 69.6975 days, at day 380405/381425, date = 08-Jul-3066
 Newton its= 4, linearizations= 5 (0.4sec), linear its= 65 (3.0sec)

Starting time step 16, stepsize 181.214 days, at day 380475/381425, date = 15-Sep-3066

Warning: Full linear solver tolerance not achieved. The reduction is:1.2133e-05 after 20 iterations 

Warning: Full linear solver tolerance not achieved. The reduction is:0.000298458 after 20 iterations 

Warning: Full linear solver tolerance not achieved. The reduction is:1.69475e-05 after 20 iterations 

Warning: Full linear solver tolerance not achieved. The reduction is:0.00986831 after 20 iterations 
    Oscillating behavior detected: Relaxation set to 0.900000

Warning: Full linear solver tolerance not achieved. The reduction is:0.00012143 after 20 iterations 

Warning: Full linear solver tolerance not achieved. The reduction is:0.000285516 after 20 iterations 

Warning: Full linear solver tolerance not achieved. The reduction is:0.000209126 after 20 iterations 

Warning: Full linear solver tolerance not achieved. The reduction is:1.29755e-05 after 20 iterations 

Warning: Full linear solver tolerance not achieved. The reduction is:5.33242e-05 after 20 iterations 

Warning: Full linear solver tolerance not achieved. The reduction is:0.000118536 after 20 iterations 

Warning: Full linear solver tolerance not achieved. The reduction is:1.39669e-05 after 20 iterations 

Warning: Full linear solver tolerance not achieved. The reduction is:3.85221e-05 after 20 iterations 

Warning: Full linear solver tolerance not achieved. The reduction is:5.24438e-05 after 20 iterations 

Problem: Solver convergence failure - Iteration limit reached
Timestep chopped to 59.800488 days


Starting time step 16, stepsize 59.8005 days, at day 380475/381425, date = 15-Sep-3066
 Newton its= 3, linearizations= 4 (0.3sec), linear its= 47 (2.2sec)

Starting time step 17, stepsize 119.601 days, at day 380535/381425, date = 14-Nov-3066

Warning: Full linear solver tolerance not achieved. The reduction is:0.000799031 after 20 iterations 

Warning: Full linear solver tolerance not achieved. The reduction is:0.000126708 after 20 iterations 

Warning: Full linear solver tolerance not achieved. The reduction is:5.72728e-05 after 20 iterations 

Warning: Full linear solver tolerance not achieved. The reduction is:1.07114e-05 after 20 iterations 

Warning: Full linear solver tolerance not achieved. The reduction is:0.000206139 after 20 iterations 

Warning: Full linear solver tolerance not achieved. The reduction is:0.000267749 after 20 iterations 
    Oscillating behavior detected: Relaxation set to 0.900000

Warning: Full linear solver tolerance not achieved. The reduction is:1.65086e-05 after 20 iterations 

Warning: Full linear solver tolerance not achieved. The reduction is:0.00137095 after 20 iterations 

Warning: Full linear solver tolerance not achieved. The reduction is:8.94235e-05 after 20 iterations 

Warning: Full linear solver tolerance not achieved. The reduction is:0.00250813 after 20 iterations 

Warning: Full linear solver tolerance not achieved. The reduction is:3.80738e-05 after 20 iterations 

Warning: Full linear solver tolerance not achieved. The reduction is:0.00049968 after 20 iterations 

Warning: Full linear solver tolerance not achieved. The reduction is:0.0012862 after 20 iterations 

Warning: Full linear solver tolerance not achieved. The reduction is:0.000654995 after 20 iterations 

Warning: Full linear solver tolerance not achieved. The reduction is:0.000242486 after 20 iterations 

Warning: Full linear solver tolerance not achieved. The reduction is:0.000130347 after 20 iterations 

Warning: Full linear solver tolerance not achieved. The reduction is:1.44823e-05 after 20 iterations 

Problem: Solver convergence failure - Iteration limit reached
Timestep chopped to 39.468322 days


Starting time step 17, stepsize 39.4683 days, at day 380535/381425, date = 14-Nov-3066
 Newton its= 3, linearizations= 4 (0.3sec), linear its= 46 (2.0sec)

Starting time step 18, stepsize 78.9366 days, at day 380574/381425, date = 24-Dec-3066

Warning: Full linear solver tolerance not achieved. The reduction is:1.27946e-05 after 20 iterations 
 Newton its= 4, linearizations= 5 (0.5sec), linear its= 68 (3.1sec)

Starting time step 19, stepsize 205.235 days, at day 380653/381425, date = 13-Mar-3067

Warning: Full linear solver tolerance not achieved. The reduction is:3.66757e-05 after 20 iterations 

Warning: Full linear solver tolerance not achieved. The reduction is:0.00551466 after 20 iterations 

Problem: Solver convergence failure - Numerical problem encountered
Timestep chopped to 67.727641 days


Starting time step 19, stepsize 67.7276 days, at day 380653/381425, date = 13-Mar-3067

Warning: Full linear solver tolerance not achieved. The reduction is:0.00193596 after 20 iterations 

Warning: Full linear solver tolerance not achieved. The reduction is:6.34889e-05 after 20 iterations 
 Newton its=11, linearizations=12 (1.2sec), linear its=185 (8.3sec)

Starting time step 20, stepsize 49.2565 days, at day 380721/381425, date = 19-May-3067
 Newton its= 3, linearizations= 4 (0.4sec), linear its= 45 (2.0sec)

Starting time step 21, stepsize 147.769 days, at day 380770/381425, date = 08-Jul-3067

Warning: Full linear solver tolerance not achieved. The reduction is:0.000164121 after 20 iterations 

Warning: Full linear solver tolerance not achieved. The reduction is:0.000199857 after 20 iterations 

Warning: Full linear solver tolerance not achieved. The reduction is:0.000209137 after 20 iterations 

Warning: Full linear solver tolerance not achieved. The reduction is:0.000469406 after 20 iterations 

Problem: Solver convergence failure - Numerical problem encountered
Timestep chopped to 48.763901 days


Starting time step 21, stepsize 48.7639 days, at day 380770/381425, date = 08-Jul-3067
 Newton its= 3, linearizations= 4 (0.4sec), linear its= 46 (2.1sec)

Starting time step 22, stepsize 97.5278 days, at day 380819/381425, date = 25-Aug-3067

Warning: Full linear solver tolerance not achieved. The reduction is:0.000224377 after 20 iterations 

Warning: Full linear solver tolerance not achieved. The reduction is:0.00306913 after 20 iterations 

Warning: Full linear solver tolerance not achieved. The reduction is:0.00197736 after 20 iterations 

Warning: Full linear solver tolerance not achieved. The reduction is:2.93972e-05 after 20 iterations 

Warning: Full linear solver tolerance not achieved. The reduction is:0.000312702 after 20 iterations 

Warning: Full linear solver tolerance not achieved. The reduction is:0.000266113 after 20 iterations 

Warning: Full linear solver tolerance not achieved. The reduction is:1.08329e-05 after 20 iterations 

Problem: Solver convergence failure - Numerical problem encountered
Timestep chopped to 32.184175 days


Starting time step 22, stepsize 32.1842 days, at day 380819/381425, date = 25-Aug-3067
 Newton its= 3, linearizations= 4 (0.4sec), linear its= 43 (2.0sec)

Starting time step 23, stepsize 64.3683 days, at day 380851/381425, date = 27-Sep-3067
 Newton its= 4, linearizations= 5 (0.5sec), linear its= 65 (2.9sec)

Starting time step 24, stepsize 167.358 days, at day 380915/381425, date = 30-Nov-3067

Warning: Full linear solver tolerance not achieved. The reduction is:1.15755e-05 after 20 iterations 

Warning: Full linear solver tolerance not achieved. The reduction is:0.00262183 after 20 iterations 

Warning: Full linear solver tolerance not achieved. The reduction is:3.89829e-05 after 20 iterations 

Warning: Full linear solver tolerance not achieved. The reduction is:1.23708e-05 after 20 iterations 

Warning: Full linear solver tolerance not achieved. The reduction is:0.000431292 after 20 iterations 

Warning: Full linear solver tolerance not achieved. The reduction is:0.000365637 after 20 iterations 

Problem: Solver convergence failure - Numerical problem encountered
Timestep chopped to 55.228044 days


Starting time step 24, stepsize 55.228 days, at day 380915/381425, date = 30-Nov-3067
 Newton its= 3, linearizations= 4 (0.3sec), linear its= 49 (2.2sec)

Starting time step 25, stepsize 110.456 days, at day 380971/381425, date = 24-Jan-3068

Warning: Full linear solver tolerance not achieved. The reduction is:0.000899061 after 20 iterations 

Warning: Full linear solver tolerance not achieved. The reduction is:0.00025429 after 20 iterations 

Warning: Full linear solver tolerance not achieved. The reduction is:5.32856e-05 after 20 iterations 

Warning: Full linear solver tolerance not achieved. The reduction is:0.000215004 after 20 iterations 

Warning: Full linear solver tolerance not achieved. The reduction is:0.000243299 after 20 iterations 

Warning: Full linear solver tolerance not achieved. The reduction is:0.000157462 after 20 iterations 

Warning: Full linear solver tolerance not achieved. The reduction is:7.66643e-05 after 20 iterations 

Warning: Full linear solver tolerance not achieved. The reduction is:0.000196564 after 20 iterations 

Warning: Full linear solver tolerance not achieved. The reduction is:0.00378543 after 20 iterations 

Problem: Solver convergence failure - Numerical problem encountered
Timestep chopped to 36.450509 days


Starting time step 25, stepsize 36.4505 days, at day 380971/381425, date = 24-Jan-3068

Problem: Solver convergence failure - Numerical problem encountered
Timestep chopped to 12.028668 days


Starting time step 25, stepsize 12.0287 days, at day 380971/381425, date = 24-Jan-3068
 Newton its= 1, linearizations= 2 (0.2sec), linear its= 14 (0.7sec)

Starting time step 26, stepsize 24.0573 days, at day 380983/381425, date = 05-Feb-3068
 Newton its= 2, linearizations= 3 (0.2sec), linear its= 28 (1.3sec)

Starting time step 27, stepsize 72.172 days, at day 381007/381425, date = 29-Feb-3068

Warning: Full linear solver tolerance not achieved. The reduction is:1.9267e-05 after 20 iterations 
 Newton its= 4, linearizations= 5 (0.4sec), linear its= 70 (3.2sec)

Starting time step 28, stepsize 187.647 days, at day 381079/381425, date = 11-May-3068

Warning: Full linear solver tolerance not achieved. The reduction is:0.000168154 after 20 iterations 

Warning: Full linear solver tolerance not achieved. The reduction is:0.0016986 after 20 iterations 

Problem: Solver convergence failure - Numerical problem encountered
Timestep chopped to 61.923583 days


Starting time step 28, stepsize 61.9236 days, at day 381079/381425, date = 11-May-3068

Problem: Solver convergence failure - Numerical problem encountered
Timestep chopped to 20.434782 days


Starting time step 28, stepsize 20.4348 days, at day 381079/381425, date = 11-May-3068
 Newton its= 1, linearizations= 2 (0.2sec), linear its= 16 (0.7sec)

Starting time step 29, stepsize 40.8696 days, at day 381099/381425, date = 01-Jun-3068

Warning: Full linear solver tolerance not achieved. The reduction is:2.29405e-05 after 20 iterations 
 Newton its= 3, linearizations= 4 (0.3sec), linear its= 52 (2.4sec)

Starting time step 30, stepsize 122.609 days, at day 381140/381425, date = 12-Jul-3068

Warning: Full linear solver tolerance not achieved. The reduction is:1.68155e-05 after 20 iterations 

Problem: Solver convergence failure - Numerical problem encountered
Timestep chopped to 40.460869 days


Starting time step 30, stepsize 40.4609 days, at day 381140/381425, date = 12-Jul-3068
 Newton its= 3, linearizations= 4 (0.4sec), linear its= 47 (2.2sec)

Starting time step 31, stepsize 80.9217 days, at day 381181/381425, date = 21-Aug-3068

Warning: Full linear solver tolerance not achieved. The reduction is:1.41747e-05 after 20 iterations 
 Newton its= 5, linearizations= 6 (0.5sec), linear its= 86 (3.9sec)

Starting time step 32, stepsize 163.347 days, at day 381262/381425, date = 10-Nov-3068

Warning: Full linear solver tolerance not achieved. The reduction is:2.54131e-05 after 20 iterations 

Warning: Full linear solver tolerance not achieved. The reduction is:3.75708e-05 after 20 iterations 

Warning: Full linear solver tolerance not achieved. The reduction is:9.46653e-05 after 20 iterations 

Warning: Full linear solver tolerance not achieved. The reduction is:0.000158118 after 20 iterations 

Warning: Full linear solver tolerance not achieved. The reduction is:7.30421e-05 after 20 iterations 

Warning: Full linear solver tolerance not achieved. The reduction is:0.000149915 after 20 iterations 

Warning: Full linear solver tolerance not achieved. The reduction is:1.24643e-05 after 20 iterations 

Warning: Full linear solver tolerance not achieved. The reduction is:4.16531e-05 after 20 iterations 

Warning: Full linear solver tolerance not achieved. The reduction is:1.57447e-05 after 20 iterations 

Warning: Full linear solver tolerance not achieved. The reduction is:2.08297e-05 after 20 iterations 

Warning: Full linear solver tolerance not achieved. The reduction is:6.62473e-05 after 20 iterations 

Warning: Full linear solver tolerance not achieved. The reduction is:1.11927e-05 after 20 iterations 

Warning: Full linear solver tolerance not achieved. The reduction is:1.06767e-05 after 20 iterations 

Problem: Solver convergence failure - Iteration limit reached
Timestep chopped to 53.904497 days


Starting time step 32, stepsize 53.9045 days, at day 381262/381425, date = 10-Nov-3068
 Newton its= 3, linearizations= 4 (0.3sec), linear its= 54 (2.4sec)

Starting time step 33, stepsize 109.442 days, at day 381316/381425, date = 03-Jan-3069

Warning: Full linear solver tolerance not achieved. The reduction is:9.79691e-05 after 20 iterations 

Warning: Full linear solver tolerance not achieved. The reduction is:2.87663e-05 after 20 iterations 

Warning: Full linear solver tolerance not achieved. The reduction is:0.00317815 after 20 iterations 

Warning: Full linear solver tolerance not achieved. The reduction is:1.71538e-05 after 20 iterations 

Warning: Full linear solver tolerance not achieved. The reduction is:1.04365e-05 after 20 iterations 

Warning: Full linear solver tolerance not achieved. The reduction is:0.000223768 after 20 iterations 

Warning: Full linear solver tolerance not achieved. The reduction is:6.72076e-05 after 20 iterations 

Warning: Full linear solver tolerance not achieved. The reduction is:3.78197e-05 after 20 iterations 

Warning: Full linear solver tolerance not achieved. The reduction is:7.8208e-05 after 20 iterations 

Warning: Full linear solver tolerance not achieved. The reduction is:0.000817579 after 20 iterations 

Warning: Full linear solver tolerance not achieved. The reduction is:0.000109554 after 20 iterations 

Warning: Full linear solver tolerance not achieved. The reduction is:2.69089e-05 after 20 iterations 

Warning: Full linear solver tolerance not achieved. The reduction is:0.0010169 after 20 iterations 

Problem: Solver convergence failure - Iteration limit reached
Timestep chopped to 36.116013 days


Starting time step 33, stepsize 36.116 days, at day 381316/381425, date = 03-Jan-3069

Warning: Full linear solver tolerance not achieved. The reduction is:1.98507e-05 after 20 iterations 
 Newton its= 9, linearizations=10 (0.8sec), linear its=127 (6.0sec)

Starting time step 34, stepsize 32.1031 days, at day 381352/381425, date = 08-Feb-3069
 Newton its= 3, linearizations= 4 (0.3sec), linear its= 47 (2.2sec)

Starting time step 35, stepsize 41.2233 days, at day 381384/381425, date = 12-Mar-3069
 Newton its= 3, linearizations= 4 (0.3sec), linear its= 45 (2.1sec)

Report step 11/17 at day 381425/392375, date = 23-Apr-3069

Starting time step 0, stepsize 1825 days, at day 381425/383250, date = 23-Apr-3069

Problem: Solver convergence failure - Numerical problem encountered
Timestep chopped to 602.250000 days


Starting time step 0, stepsize 602.25 days, at day 381425/383250, date = 23-Apr-3069

Warning: Full linear solver tolerance not achieved. The reduction is:0.000421111 after 20 iterations 

Warning: Full linear solver tolerance not achieved. The reduction is:0.000355672 after 20 iterations 

Warning: Full linear solver tolerance not achieved. The reduction is:7.63602e-05 after 20 iterations 

Warning: Full linear solver tolerance not achieved. The reduction is:0.000676001 after 20 iterations 

Problem: Solver convergence failure - Numerical problem encountered
Timestep chopped to 198.742500 days


Starting time step 0, stepsize 198.743 days, at day 381425/383250, date = 23-Apr-3069

Problem: Solver convergence failure - Numerical problem encountered
Timestep chopped to 65.585025 days


Starting time step 0, stepsize 65.585 days, at day 381425/383250, date = 23-Apr-3069
 Newton its= 3, linearizations= 4 (0.3sec), linear its= 48 (2.3sec)

Starting time step 1, stepsize 131.17 days, at day 381491/383250, date = 27-Jun-3069

Warning: Full linear solver tolerance not achieved. The reduction is:1.16404e-05 after 20 iterations 

Warning: Full linear solver tolerance not achieved. The reduction is:0.000171892 after 20 iterations 

Warning: Full linear solver tolerance not achieved. The reduction is:1.00892e-05 after 20 iterations 

Warning: Full linear solver tolerance not achieved. The reduction is:7.32128e-05 after 20 iterations 

Warning: Full linear solver tolerance not achieved. The reduction is:2.27763e-05 after 20 iterations 

Warning: Full linear solver tolerance not achieved. The reduction is:1.31731e-05 after 20 iterations 

Warning: Full linear solver tolerance not achieved. The reduction is:1.89066e-05 after 20 iterations 

Warning: Full linear solver tolerance not achieved. The reduction is:1.11249e-05 after 20 iterations 

Warning: Full linear solver tolerance not achieved. The reduction is:1.71744e-05 after 20 iterations 

Warning: Full linear solver tolerance not achieved. The reduction is:3.17376e-05 after 20 iterations 

Warning: Full linear solver tolerance not achieved. The reduction is:1.22089e-05 after 20 iterations 

Warning: Full linear solver tolerance not achieved. The reduction is:6.5725e-05 after 20 iterations 

Problem: Solver convergence failure - Iteration limit reached
Timestep chopped to 43.286117 days


Starting time step 1, stepsize 43.2861 days, at day 381491/383250, date = 27-Jun-3069
 Newton its= 4, linearizations= 5 (0.4sec), linear its= 71 (3.3sec)

Starting time step 2, stepsize 86.5722 days, at day 381534/383250, date = 09-Aug-3069
 Newton its= 4, linearizations= 5 (0.4sec), linear its= 67 (3.0sec)

Starting time step 3, stepsize 225.088 days, at day 381620/383250, date = 04-Nov-3069

Warning: Full linear solver tolerance not achieved. The reduction is:1.34844e-05 after 20 iterations 

Warning: Full linear solver tolerance not achieved. The reduction is:1.31804e-05 after 20 iterations 

Warning: Full linear solver tolerance not achieved. The reduction is:0.000140923 after 20 iterations 

Warning: Full linear solver tolerance not achieved. The reduction is:0.000438628 after 20 iterations 

Warning: Full linear solver tolerance not achieved. The reduction is:3.09723e-05 after 20 iterations 

Warning: Full linear solver tolerance not achieved. The reduction is:5.5649e-05 after 20 iterations 

Warning: Full linear solver tolerance not achieved. The reduction is:0.000250183 after 20 iterations 

Warning: Full linear solver tolerance not achieved. The reduction is:1.66356e-05 after 20 iterations 
    Oscillating behavior detected: Relaxation set to 0.900000

Warning: Full linear solver tolerance not achieved. The reduction is:4.05609e-05 after 20 iterations 
    Oscillating behavior detected: Relaxation set to 0.800000

Warning: Full linear solver tolerance not achieved. The reduction is:8.89335e-05 after 20 iterations 

Problem: Solver convergence failure - Iteration limit reached
Timestep chopped to 74.278976 days


Starting time step 3, stepsize 74.279 days, at day 381620/383250, date = 04-Nov-3069
 Newton its= 4, linearizations= 5 (0.4sec), linear its= 60 (2.8sec)

Starting time step 4, stepsize 148.558 days, at day 381695/383250, date = 17-Jan-3070

Warning: Full linear solver tolerance not achieved. The reduction is:4.79445e-05 after 20 iterations 

Warning: Full linear solver tolerance not achieved. The reduction is:6.40262e-05 after 20 iterations 

Warning: Full linear solver tolerance not achieved. The reduction is:1.33394e-05 after 20 iterations 

Warning: Full linear solver tolerance not achieved. The reduction is:0.000310742 after 20 iterations 

Warning: Full linear solver tolerance not achieved. The reduction is:0.000327903 after 20 iterations 

Problem: Solver convergence failure - Numerical problem encountered
Timestep chopped to 49.024124 days


Starting time step 4, stepsize 49.0241 days, at day 381695/383250, date = 17-Jan-3070

Warning: Full linear solver tolerance not achieved. The reduction is:0.000832451 after 20 iterations 

Problem: Solver convergence failure - Numerical problem encountered
Timestep chopped to 16.177961 days


Starting time step 4, stepsize 16.178 days, at day 381695/383250, date = 17-Jan-3070

Problem: Solver convergence failure - Numerical problem encountered
Timestep chopped to 5.338727 days


Starting time step 4, stepsize 5.33873 days, at day 381695/383250, date = 17-Jan-3070
 Newton its= 1, linearizations= 2 (0.2sec), linear its= 15 (0.7sec)

Starting time step 5, stepsize 10.6775 days, at day 381700/383250, date = 23-Jan-3070
 Newton its= 1, linearizations= 2 (0.2sec), linear its= 13 (0.7sec)

Starting time step 6, stepsize 32.0324 days, at day 381711/383250, date = 02-Feb-3070
 Newton its= 3, linearizations= 4 (0.3sec), linear its= 45 (2.1sec)

Starting time step 7, stepsize 96.0971 days, at day 381743/383250, date = 06-Mar-3070

Warning: Full linear solver tolerance not achieved. The reduction is:2.48187e-05 after 20 iterations 

Warning: Full linear solver tolerance not achieved. The reduction is:1.54113e-05 after 20 iterations 

Warning: Full linear solver tolerance not achieved. The reduction is:1.61816e-05 after 20 iterations 

Warning: Full linear solver tolerance not achieved. The reduction is:9.93438e-05 after 20 iterations 

Warning: Full linear solver tolerance not achieved. The reduction is:0.000163323 after 20 iterations 

Warning: Full linear solver tolerance not achieved. The reduction is:1.23554e-05 after 20 iterations 
 Newton its= 8, linearizations= 9 (0.8sec), linear its=153 (6.9sec)

Starting time step 8, stepsize 96.0971 days, at day 381839/383250, date = 10-Jun-3070

Warning: Full linear solver tolerance not achieved. The reduction is:9.74214e-05 after 20 iterations 

Warning: Full linear solver tolerance not achieved. The reduction is:5.89492e-05 after 20 iterations 

Warning: Full linear solver tolerance not achieved. The reduction is:5.54317e-05 after 20 iterations 

Warning: Full linear solver tolerance not achieved. The reduction is:0.00124606 after 20 iterations 

Warning: Full linear solver tolerance not achieved. The reduction is:0.000210986 after 20 iterations 

Warning: Full linear solver tolerance not achieved. The reduction is:0.00224582 after 20 iterations 
 Newton its= 8, linearizations= 9 (0.9sec), linear its=155 (6.7sec)

Starting time step 9, stepsize 96.0971 days, at day 381935/383250, date = 14-Sep-3070

Warning: Full linear solver tolerance not achieved. The reduction is:0.000109045 after 20 iterations 

Warning: Full linear solver tolerance not achieved. The reduction is:1.83133e-05 after 20 iterations 

Warning: Full linear solver tolerance not achieved. The reduction is:0.000136388 after 20 iterations 

Warning: Full linear solver tolerance not achieved. The reduction is:1.51473e-05 after 20 iterations 
 Newton its= 5, linearizations= 6 (0.6sec), linear its= 95 (4.1sec)

Starting time step 10, stepsize 211.414 days, at day 382031/383250, date = 20-Dec-3070

Warning: Full linear solver tolerance not achieved. The reduction is:1.66238e-05 after 20 iterations 

Warning: Full linear solver tolerance not achieved. The reduction is:7.93029e-05 after 20 iterations 

Warning: Full linear solver tolerance not achieved. The reduction is:1.07411e-05 after 20 iterations 

Warning: Full linear solver tolerance not achieved. The reduction is:3.36707e-05 after 20 iterations 

Warning: Full linear solver tolerance not achieved. The reduction is:2.57968e-05 after 20 iterations 

Problem: Solver convergence failure - Iteration limit reached
Timestep chopped to 69.766486 days


Starting time step 10, stepsize 69.7665 days, at day 382031/383250, date = 20-Dec-3070
 Newton its= 4, linearizations= 5 (0.5sec), linear its= 65 (2.8sec)

Starting time step 11, stepsize 139.533 days, at day 382101/383250, date = 27-Feb-3071

Warning: Full linear solver tolerance not achieved. The reduction is:2.31036e-05 after 20 iterations 

Warning: Full linear solver tolerance not achieved. The reduction is:0.000466961 after 20 iterations 

Warning: Full linear solver tolerance not achieved. The reduction is:3.6517e-05 after 20 iterations 

Warning: Full linear solver tolerance not achieved. The reduction is:2.05901e-05 after 20 iterations 

Warning: Full linear solver tolerance not achieved. The reduction is:3.31191e-05 after 20 iterations 

Warning: Full linear solver tolerance not achieved. The reduction is:0.0014883 after 20 iterations 

Warning: Full linear solver tolerance not achieved. The reduction is:0.00137111 after 20 iterations 

Warning: Full linear solver tolerance not achieved. The reduction is:8.69722e-05 after 20 iterations 

Problem: Solver convergence failure - Numerical problem encountered
Timestep chopped to 46.045881 days


Starting time step 11, stepsize 46.0459 days, at day 382101/383250, date = 27-Feb-3071
 Newton its= 3, linearizations= 4 (0.4sec), linear its= 44 (1.9sec)

Starting time step 12, stepsize 92.0918 days, at day 382147/383250, date = 14-Apr-3071

Warning: Full linear solver tolerance not achieved. The reduction is:0.00016415 after 20 iterations 

Warning: Full linear solver tolerance not achieved. The reduction is:0.000201057 after 20 iterations 

Problem: Solver convergence failure - Numerical problem encountered
Timestep chopped to 30.390281 days


Starting time step 12, stepsize 30.3903 days, at day 382147/383250, date = 14-Apr-3071
 Newton its= 2, linearizations= 3 (0.2sec), linear its= 31 (1.3sec)

Starting time step 13, stepsize 60.7806 days, at day 382177/383250, date = 15-May-3071
 Newton its= 4, linearizations= 5 (0.4sec), linear its= 67 (2.8sec)

Starting time step 14, stepsize 158.029 days, at day 382238/383250, date = 15-Jul-3071

Warning: Full linear solver tolerance not achieved. The reduction is:6.30166e-05 after 20 iterations 

Warning: Full linear solver tolerance not achieved. The reduction is:0.000174685 after 20 iterations 

Problem: Solver convergence failure - Numerical problem encountered
Timestep chopped to 52.149723 days


Starting time step 14, stepsize 52.1497 days, at day 382238/383250, date = 15-Jul-3071

Warning: Full linear solver tolerance not achieved. The reduction is:2.45889e-05 after 20 iterations 
 Newton its= 4, linearizations= 5 (0.4sec), linear its= 66 (2.7sec)

Starting time step 15, stepsize 104.299 days, at day 382290/383250, date = 05-Sep-3071

Warning: Full linear solver tolerance not achieved. The reduction is:4.12265e-05 after 20 iterations 

Warning: Full linear solver tolerance not achieved. The reduction is:0.000227891 after 20 iterations 

Warning: Full linear solver tolerance not achieved. The reduction is:0.000130686 after 20 iterations 

Warning: Full linear solver tolerance not achieved. The reduction is:0.00124445 after 20 iterations 

Warning: Full linear solver tolerance not achieved. The reduction is:7.39643e-05 after 20 iterations 

Warning: Full linear solver tolerance not achieved. The reduction is:0.000158644 after 20 iterations 

Warning: Full linear solver tolerance not achieved. The reduction is:3.43865e-05 after 20 iterations 

Warning: Full linear solver tolerance not achieved. The reduction is:0.00104235 after 20 iterations 

Warning: Full linear solver tolerance not achieved. The reduction is:0.00101926 after 20 iterations 

Warning: Full linear solver tolerance not achieved. The reduction is:2.76022e-05 after 20 iterations 

Warning: Full linear solver tolerance not achieved. The reduction is:0.000628501 after 20 iterations 

Warning: Full linear solver tolerance not achieved. The reduction is:0.00054203 after 20 iterations 

Warning: Full linear solver tolerance not achieved. The reduction is:4.6684e-05 after 20 iterations 

Problem: Solver convergence failure - Iteration limit reached
Timestep chopped to 34.418817 days


Starting time step 15, stepsize 34.4188 days, at day 382290/383250, date = 05-Sep-3071
 Newton its= 3, linearizations= 4 (0.3sec), linear its= 43 (1.9sec)

Starting time step 16, stepsize 68.8376 days, at day 382325/383250, date = 09-Oct-3071
 Newton its= 4, linearizations= 5 (0.4sec), linear its= 59 (2.6sec)

Starting time step 17, stepsize 178.978 days, at day 382393/383250, date = 17-Dec-3071

Warning: Full linear solver tolerance not achieved. The reduction is:0.00105304 after 20 iterations 

Warning: Full linear solver tolerance not achieved. The reduction is:0.000301177 after 20 iterations 

Warning: Full linear solver tolerance not achieved. The reduction is:5.0572e-05 after 20 iterations 

Warning: Full linear solver tolerance not achieved. The reduction is:0.000113367 after 20 iterations 

Warning: Full linear solver tolerance not achieved. The reduction is:0.00210227 after 20 iterations 

Warning: Full linear solver tolerance not achieved. The reduction is:1.10782e-05 after 20 iterations 

Warning: Full linear solver tolerance not achieved. The reduction is:0.000207179 after 20 iterations 

Warning: Full linear solver tolerance not achieved. The reduction is:0.00517077 after 20 iterations 

Problem: Solver convergence failure - Numerical problem encountered
Timestep chopped to 59.062690 days


Starting time step 17, stepsize 59.0627 days, at day 382393/383250, date = 17-Dec-3071
 Newton its= 4, linearizations= 5 (0.4sec), linear its= 61 (2.7sec)

Starting time step 18, stepsize 118.125 days, at day 382453/383250, date = 14-Feb-3072

Warning: Full linear solver tolerance not achieved. The reduction is:0.00127525 after 20 iterations 

Warning: Full linear solver tolerance not achieved. The reduction is:5.03031e-05 after 20 iterations 

Warning: Full linear solver tolerance not achieved. The reduction is:0.00139856 after 20 iterations 

Warning: Full linear solver tolerance not achieved. The reduction is:4.63362e-05 after 20 iterations 

Warning: Full linear solver tolerance not achieved. The reduction is:0.00132855 after 20 iterations 

Warning: Full linear solver tolerance not achieved. The reduction is:2.17616e-05 after 20 iterations 

Warning: Full linear solver tolerance not achieved. The reduction is:7.77434e-05 after 20 iterations 

Warning: Full linear solver tolerance not achieved. The reduction is:3.4606e-05 after 20 iterations 

Warning: Full linear solver tolerance not achieved. The reduction is:0.000193085 after 20 iterations 

Warning: Full linear solver tolerance not achieved. The reduction is:0.00148662 after 20 iterations 

Problem: Solver convergence failure - Numerical problem encountered
Timestep chopped to 38.981375 days


Starting time step 18, stepsize 38.9814 days, at day 382453/383250, date = 14-Feb-3072

Problem: Solver convergence failure - Numerical problem encountered
Timestep chopped to 12.863854 days


Starting time step 18, stepsize 12.8639 days, at day 382453/383250, date = 14-Feb-3072
 Newton its= 1, linearizations= 2 (0.1sec), linear its= 14 (0.6sec)

Starting time step 19, stepsize 25.7277 days, at day 382465/383250, date = 27-Feb-3072
 Newton its= 2, linearizations= 3 (0.2sec), linear its= 31 (1.4sec)

Starting time step 20, stepsize 77.1831 days, at day 382491/383250, date = 24-Mar-3072
    Oscillating behavior detected: Relaxation set to 0.900000
 Newton its= 5, linearizations= 6 (0.4sec), linear its= 73 (3.3sec)

Starting time step 21, stepsize 169.803 days, at day 382568/383250, date = 09-Jun-3072

Warning: Full linear solver tolerance not achieved. The reduction is:2.67463e-05 after 20 iterations 

Warning: Full linear solver tolerance not achieved. The reduction is:0.000391619 after 20 iterations 

Warning: Full linear solver tolerance not achieved. The reduction is:8.19869e-05 after 20 iterations 

Warning: Full linear solver tolerance not achieved. The reduction is:9.06126e-05 after 20 iterations 
    Oscillating behavior detected: Relaxation set to 0.900000

Warning: Full linear solver tolerance not achieved. The reduction is:0.00562275 after 20 iterations 

Problem: Solver convergence failure - Numerical problem encountered
Timestep chopped to 56.034947 days


Starting time step 21, stepsize 56.0349 days, at day 382568/383250, date = 09-Jun-3072

Problem: Solver convergence failure - Numerical problem encountered
Timestep chopped to 18.491533 days


Starting time step 21, stepsize 18.4915 days, at day 382568/383250, date = 09-Jun-3072
 Newton its= 1, linearizations= 2 (0.2sec), linear its= 18 (0.8sec)

Starting time step 22, stepsize 36.9831 days, at day 382587/383250, date = 27-Jun-3072
 Newton its= 3, linearizations= 4 (0.3sec), linear its= 41 (1.8sec)

Starting time step 23, stepsize 110.949 days, at day 382624/383250, date = 03-Aug-3072

Warning: Full linear solver tolerance not achieved. The reduction is:2.10557e-05 after 20 iterations 

Warning: Full linear solver tolerance not achieved. The reduction is:2.76433e-05 after 20 iterations 

Warning: Full linear solver tolerance not achieved. The reduction is:0.000116728 after 20 iterations 

Warning: Full linear solver tolerance not achieved. The reduction is:0.00779762 after 20 iterations 
    Oscillating behavior detected: Relaxation set to 0.900000

Problem: Solver convergence failure - Numerical problem encountered
Timestep chopped to 36.613235 days


Starting time step 23, stepsize 36.6132 days, at day 382624/383250, date = 03-Aug-3072

Warning: Full linear solver tolerance not achieved. The reduction is:0.0031712 after 20 iterations 
 Newton its= 6, linearizations= 7 (0.5sec), linear its= 88 (3.9sec)

Starting time step 24, stepsize 65.9038 days, at day 382660/383250, date = 09-Sep-3072
 Newton its= 4, linearizations= 5 (0.4sec), linear its= 63 (2.8sec)

Starting time step 25, stepsize 171.35 days, at day 382726/383250, date = 14-Nov-3072

Warning: Full linear solver tolerance not achieved. The reduction is:0.00012152 after 20 iterations 

Warning: Full linear solver tolerance not achieved. The reduction is:0.0050336 after 20 iterations 

Warning: Full linear solver tolerance not achieved. The reduction is:0.000231928 after 20 iterations 

Warning: Full linear solver tolerance not achieved. The reduction is:1.02044e-05 after 20 iterations 

Warning: Full linear solver tolerance not achieved. The reduction is:0.00045191 after 20 iterations 

Problem: Solver convergence failure - Numerical problem encountered
Timestep chopped to 56.545480 days


Starting time step 25, stepsize 56.5455 days, at day 382726/383250, date = 14-Nov-3072

Problem: Solver convergence failure - Numerical problem encountered
Timestep chopped to 18.660008 days


Starting time step 25, stepsize 18.66 days, at day 382726/383250, date = 14-Nov-3072
 Newton its= 1, linearizations= 2 (0.2sec), linear its= 18 (0.7sec)

Starting time step 26, stepsize 37.32 days, at day 382745/383250, date = 02-Dec-3072
 Newton its= 4, linearizations= 5 (0.4sec), linear its= 56 (2.4sec)

Starting time step 27, stepsize 97.032 days, at day 382782/383250, date = 09-Jan-3073

Warning: Full linear solver tolerance not achieved. The reduction is:4.3028e-05 after 20 iterations 

Warning: Full linear solver tolerance not achieved. The reduction is:1.91309e-05 after 20 iterations 

Warning: Full linear solver tolerance not achieved. The reduction is:0.00186472 after 20 iterations 
    Oscillating behavior detected: Relaxation set to 0.900000

Warning: Full linear solver tolerance not achieved. The reduction is:7.70161e-05 after 20 iterations 

Warning: Full linear solver tolerance not achieved. The reduction is:3.8309e-05 after 20 iterations 

Warning: Full linear solver tolerance not achieved. The reduction is:0.000966689 after 20 iterations 

Warning: Full linear solver tolerance not achieved. The reduction is:8.14662e-05 after 20 iterations 

Warning: Full linear solver tolerance not achieved. The reduction is:0.000475242 after 20 iterations 

Warning: Full linear solver tolerance not achieved. The reduction is:0.000101013 after 20 iterations 
    Oscillating behavior detected: Relaxation set to 0.800000

Warning: Full linear solver tolerance not achieved. The reduction is:0.000238518 after 20 iterations 

Warning: Full linear solver tolerance not achieved. The reduction is:3.38936e-05 after 20 iterations 

Warning: Full linear solver tolerance not achieved. The reduction is:0.000204083 after 20 iterations 

Warning: Full linear solver tolerance not achieved. The reduction is:2.07824e-05 after 20 iterations 
    Oscillating behavior detected: Relaxation set to 0.700000

Warning: Full linear solver tolerance not achieved. The reduction is:5.70146e-05 after 20 iterations 

Warning: Full linear solver tolerance not achieved. The reduction is:0.000616363 after 20 iterations 

Warning: Full linear solver tolerance not achieved. The reduction is:0.000281395 after 20 iterations 

Warning: Full linear solver tolerance not achieved. The reduction is:6.09038e-05 after 20 iterations 

Problem: Solver convergence failure - Numerical problem encountered
Timestep chopped to 32.020574 days


Starting time step 27, stepsize 32.0206 days, at day 382782/383250, date = 09-Jan-3073
 Newton its= 3, linearizations= 4 (0.3sec), linear its= 48 (2.2sec)

Starting time step 28, stepsize 64.0411 days, at day 382814/383250, date = 10-Feb-3073
 Newton its= 4, linearizations= 5 (0.4sec), linear its= 64 (3.0sec)

Starting time step 29, stepsize 166.507 days, at day 382878/383250, date = 15-Apr-3073

Warning: Full linear solver tolerance not achieved. The reduction is:2.99494e-05 after 20 iterations 

Warning: Full linear solver tolerance not achieved. The reduction is:3.47537e-05 after 20 iterations 

Warning: Full linear solver tolerance not achieved. The reduction is:0.00379129 after 20 iterations 

Warning: Full linear solver tolerance not achieved. The reduction is:2.82019e-05 after 20 iterations 

Warning: Full linear solver tolerance not achieved. The reduction is:4.10172e-05 after 20 iterations 

Warning: Full linear solver tolerance not achieved. The reduction is:0.000244067 after 20 iterations 

Warning: Full linear solver tolerance not achieved. The reduction is:4.56822e-05 after 20 iterations 

Warning: Full linear solver tolerance not achieved. The reduction is:7.82464e-05 after 20 iterations 

Warning: Full linear solver tolerance not achieved. The reduction is:0.000424233 after 20 iterations 

Warning: Full linear solver tolerance not achieved. The reduction is:0.000844925 after 20 iterations 

Warning: Full linear solver tolerance not achieved. The reduction is:0.00134875 after 20 iterations 

Problem: Solver convergence failure - Numerical problem encountered
Timestep chopped to 54.947305 days


Starting time step 29, stepsize 54.9473 days, at day 382878/383250, date = 15-Apr-3073

Problem: Solver convergence failure - Numerical problem encountered
Timestep chopped to 18.132611 days


Starting time step 29, stepsize 18.1326 days, at day 382878/383250, date = 15-Apr-3073
 Newton its= 1, linearizations= 2 (0.1sec), linear its= 16 (0.7sec)

Starting time step 30, stepsize 36.2652 days, at day 382896/383250, date = 03-May-3073
 Newton its= 3, linearizations= 4 (0.3sec), linear its= 41 (1.8sec)

Starting time step 31, stepsize 108.796 days, at day 382933/383250, date = 08-Jun-3073

Warning: Full linear solver tolerance not achieved. The reduction is:0.000449752 after 20 iterations 

Warning: Full linear solver tolerance not achieved. The reduction is:0.000134047 after 20 iterations 

Warning: Full linear solver tolerance not achieved. The reduction is:2.9657e-05 after 20 iterations 
    Oscillating behavior detected: Relaxation set to 0.900000

Warning: Full linear solver tolerance not achieved. The reduction is:0.00248206 after 20 iterations 

Warning: Full linear solver tolerance not achieved. The reduction is:0.00597381 after 20 iterations 

Warning: Full linear solver tolerance not achieved. The reduction is:0.000126092 after 20 iterations 

Problem: Solver convergence failure - Numerical problem encountered
Timestep chopped to 35.902569 days


Starting time step 31, stepsize 35.9026 days, at day 382933/383250, date = 08-Jun-3073

Problem: Solver convergence failure - Numerical problem encountered
Timestep chopped to 11.847848 days


Starting time step 31, stepsize 11.8478 days, at day 382933/383250, date = 08-Jun-3073
 Newton its= 1, linearizations= 2 (0.2sec), linear its= 13 (0.6sec)

Starting time step 32, stepsize 23.6957 days, at day 382945/383250, date = 20-Jun-3073
 Newton its= 2, linearizations= 3 (0.2sec), linear its= 31 (1.4sec)

Starting time step 33, stepsize 71.0871 days, at day 382968/383250, date = 14-Jul-3073
 Newton its= 4, linearizations= 5 (0.4sec), linear its= 67 (3.0sec)

Starting time step 34, stepsize 105.325 days, at day 383039/383250, date = 23-Sep-3073

Warning: Full linear solver tolerance not achieved. The reduction is:2.59432e-05 after 20 iterations 

Warning: Full linear solver tolerance not achieved. The reduction is:2.29587e-05 after 20 iterations 

Warning: Full linear solver tolerance not achieved. The reduction is:0.000789793 after 20 iterations 
    Oscillating behavior detected: Relaxation set to 0.900000

Warning: Full linear solver tolerance not achieved. The reduction is:0.000107007 after 20 iterations 

Warning: Full linear solver tolerance not achieved. The reduction is:0.000126563 after 20 iterations 

Warning: Full linear solver tolerance not achieved. The reduction is:0.00037014 after 20 iterations 

Warning: Full linear solver tolerance not achieved. The reduction is:3.93044e-05 after 20 iterations 

Warning: Full linear solver tolerance not achieved. The reduction is:0.000102435 after 20 iterations 
    Oscillating behavior detected: Relaxation set to 0.800000

Warning: Full linear solver tolerance not achieved. The reduction is:0.000542935 after 20 iterations 

Warning: Full linear solver tolerance not achieved. The reduction is:2.35925e-05 after 20 iterations 

Warning: Full linear solver tolerance not achieved. The reduction is:9.35784e-05 after 20 iterations 

Warning: Full linear solver tolerance not achieved. The reduction is:0.00121268 after 20 iterations 

Warning: Full linear solver tolerance not achieved. The reduction is:6.8228e-05 after 20 iterations 

Warning: Full linear solver tolerance not achieved. The reduction is:2.16478e-05 after 20 iterations 

Warning: Full linear solver tolerance not achieved. The reduction is:1.11817e-05 after 20 iterations 

Warning: Full linear solver tolerance not achieved. The reduction is:8.01316e-05 after 20 iterations 

Warning: Full linear solver tolerance not achieved. The reduction is:0.000164396 after 20 iterations 

Problem: Solver convergence failure - Numerical problem encountered
Timestep chopped to 34.757121 days


Starting time step 34, stepsize 34.7571 days, at day 383039/383250, date = 23-Sep-3073
 Newton its= 2, linearizations= 3 (0.2sec), linear its= 31 (1.4sec)

Starting time step 35, stepsize 69.5142 days, at day 383074/383250, date = 28-Oct-3073
 Newton its= 4, linearizations= 5 (0.4sec), linear its= 69 (3.1sec)

Starting time step 36, stepsize 106.378 days, at day 383144/383250, date = 05-Jan-3074

Warning: Full linear solver tolerance not achieved. The reduction is:1.13109e-05 after 20 iterations 

Warning: Full linear solver tolerance not achieved. The reduction is:0.000170655 after 20 iterations 

Warning: Full linear solver tolerance not achieved. The reduction is:1.7977e-05 after 20 iterations 

Warning: Full linear solver tolerance not achieved. The reduction is:3.97898e-05 after 20 iterations 

Warning: Full linear solver tolerance not achieved. The reduction is:0.000105597 after 20 iterations 

Warning: Full linear solver tolerance not achieved. The reduction is:5.36428e-05 after 20 iterations 

Warning: Full linear solver tolerance not achieved. The reduction is:0.00811354 after 20 iterations 

Warning: Full linear solver tolerance not achieved. The reduction is:0.0022683 after 20 iterations 

Warning: Full linear solver tolerance not achieved. The reduction is:0.000373807 after 20 iterations 

Warning: Full linear solver tolerance not achieved. The reduction is:0.000859282 after 20 iterations 

Warning: Full linear solver tolerance not achieved. The reduction is:0.00069675 after 20 iterations 

Warning: Full linear solver tolerance not achieved. The reduction is:8.14546e-05 after 20 iterations 

Warning: Full linear solver tolerance not achieved. The reduction is:3.96951e-05 after 20 iterations 

Warning: Full linear solver tolerance not achieved. The reduction is:0.00483458 after 20 iterations 

Warning: Full linear solver tolerance not achieved. The reduction is:3.34684e-05 after 20 iterations 

Warning: Full linear solver tolerance not achieved. The reduction is:2.98195e-05 after 20 iterations 

Problem: Solver convergence failure - Iteration limit reached
Timestep chopped to 35.104692 days


Starting time step 36, stepsize 35.1047 days, at day 383144/383250, date = 05-Jan-3074
 Newton its= 2, linearizations= 3 (0.2sec), linear its= 31 (1.3sec)

Starting time step 37, stepsize 71.2732 days, at day 383179/383250, date = 09-Feb-3074
 Newton its= 5, linearizations= 6 (0.4sec), linear its= 91 (3.6sec)

Report step 12/17 at day 383250/392375, date = 22-Apr-3074

Starting time step 0, stepsize 1825 days, at day 383250/385075, date = 22-Apr-3074

Problem: Solver convergence failure - Numerical problem encountered
Timestep chopped to 602.250000 days


Starting time step 0, stepsize 602.25 days, at day 383250/385075, date = 22-Apr-3074

Warning: Full linear solver tolerance not achieved. The reduction is:0.000175584 after 20 iterations 

Warning: Full linear solver tolerance not achieved. The reduction is:0.000233176 after 20 iterations 

Warning: Full linear solver tolerance not achieved. The reduction is:2.6012e-05 after 20 iterations 

Warning: Full linear solver tolerance not achieved. The reduction is:0.00253183 after 20 iterations 

Warning: Full linear solver tolerance not achieved. The reduction is:0.00875242 after 20 iterations 

Problem: Solver convergence failure - Numerical problem encountered
Timestep chopped to 198.742500 days


Starting time step 0, stepsize 198.743 days, at day 383250/385075, date = 22-Apr-3074

Problem: Solver convergence failure - Numerical problem encountered
Timestep chopped to 65.585025 days


Starting time step 0, stepsize 65.585 days, at day 383250/385075, date = 22-Apr-3074

Warning: Full linear solver tolerance not achieved. The reduction is:1.20653e-05 after 20 iterations 

Warning: Full linear solver tolerance not achieved. The reduction is:1.61519e-05 after 20 iterations 
 Newton its= 4, linearizations= 5 (0.4sec), linear its= 68 (2.9sec)

Starting time step 1, stepsize 131.17 days, at day 383316/385075, date = 26-Jun-3074

Warning: Full linear solver tolerance not achieved. The reduction is:0.000255487 after 20 iterations 

Warning: Full linear solver tolerance not achieved. The reduction is:0.00737108 after 20 iterations 

Warning: Full linear solver tolerance not achieved. The reduction is:1.17698e-05 after 20 iterations 

Warning: Full linear solver tolerance not achieved. The reduction is:3.35572e-05 after 20 iterations 
    Oscillating behavior detected: Relaxation set to 0.900000

Warning: Full linear solver tolerance not achieved. The reduction is:4.08342e-05 after 20 iterations 
    Oscillating behavior detected: Relaxation set to 0.800000
    Oscillating behavior detected: Relaxation set to 0.700000

Warning: Full linear solver tolerance not achieved. The reduction is:5.64474e-05 after 20 iterations 
    Oscillating behavior detected: Relaxation set to 0.600000
    Oscillating behavior detected: Relaxation set to 0.500000
    Oscillating behavior detected: Relaxation set to 0.500000

Warning: Full linear solver tolerance not achieved. The reduction is:2.60871e-05 after 20 iterations 
    Oscillating behavior detected: Relaxation set to 0.500000

Problem: Solver convergence failure - Iteration limit reached
Timestep chopped to 43.286117 days


Starting time step 1, stepsize 43.2861 days, at day 383316/385075, date = 26-Jun-3074

Warning: Full linear solver tolerance not achieved. The reduction is:1.39557e-05 after 20 iterations 
 Newton its= 3, linearizations= 4 (0.3sec), linear its= 57 (2.2sec)

Starting time step 2, stepsize 86.5722 days, at day 383359/385075, date = 08-Aug-3074

Warning: Full linear solver tolerance not achieved. The reduction is:5.62378e-05 after 20 iterations 
 Newton its= 4, linearizations= 5 (0.4sec), linear its= 71 (2.9sec)

Starting time step 3, stepsize 225.088 days, at day 383445/385075, date = 03-Nov-3074

Warning: Full linear solver tolerance not achieved. The reduction is:0.000115846 after 20 iterations 

Warning: Full linear solver tolerance not achieved. The reduction is:1.59653e-05 after 20 iterations 

Warning: Full linear solver tolerance not achieved. The reduction is:2.5352e-05 after 20 iterations 

Warning: Full linear solver tolerance not achieved. The reduction is:3.07358e-05 after 20 iterations 

Warning: Full linear solver tolerance not achieved. The reduction is:2.31014e-05 after 20 iterations 

Warning: Full linear solver tolerance not achieved. The reduction is:5.07214e-05 after 20 iterations 
    Oscillating behavior detected: Relaxation set to 0.900000

Warning: Full linear solver tolerance not achieved. The reduction is:2.49119e-05 after 20 iterations 

Warning: Full linear solver tolerance not achieved. The reduction is:1.04968e-05 after 20 iterations 

Warning: Full linear solver tolerance not achieved. The reduction is:4.50837e-05 after 20 iterations 

Warning: Full linear solver tolerance not achieved. The reduction is:1.31545e-05 after 20 iterations 

Warning: Full linear solver tolerance not achieved. The reduction is:3.45456e-05 after 20 iterations 

Warning: Full linear solver tolerance not achieved. The reduction is:1.12879e-05 after 20 iterations 
    Oscillating behavior detected: Relaxation set to 0.800000

Warning: Full linear solver tolerance not achieved. The reduction is:4.24408e-05 after 20 iterations 

Warning: Full linear solver tolerance not achieved. The reduction is:2.17973e-05 after 20 iterations 
    Oscillating behavior detected: Relaxation set to 0.700000

Warning: Full linear solver tolerance not achieved. The reduction is:5.54822e-05 after 20 iterations 

Warning: Full linear solver tolerance not achieved. The reduction is:1.97277e-05 after 20 iterations 
    Oscillating behavior detected: Relaxation set to 0.600000

Warning: Full linear solver tolerance not achieved. The reduction is:3.51316e-05 after 20 iterations 
    Oscillating behavior detected: Relaxation set to 0.500000

Warning: Full linear solver tolerance not achieved. The reduction is:1.03482e-05 after 20 iterations 

Warning: Full linear solver tolerance not achieved. The reduction is:2.339e-05 after 20 iterations 
    Oscillating behavior detected: Relaxation set to 0.500000

Warning: Full linear solver tolerance not achieved. The reduction is:1.9891e-05 after 20 iterations 
    Oscillating behavior detected: Relaxation set to 0.500000

Problem: Solver convergence failure - Iteration limit reached
Timestep chopped to 74.278976 days


Starting time step 3, stepsize 74.279 days, at day 383445/385075, date = 03-Nov-3074

Warning: Full linear solver tolerance not achieved. The reduction is:6.37088e-05 after 20 iterations 
 Newton its= 4, linearizations= 5 (0.4sec), linear its= 73 (2.9sec)

Starting time step 4, stepsize 148.558 days, at day 383520/385075, date = 16-Jan-3075

Warning: Full linear solver tolerance not achieved. The reduction is:2.21293e-05 after 20 iterations 

Warning: Full linear solver tolerance not achieved. The reduction is:0.000124089 after 20 iterations 

Warning: Full linear solver tolerance not achieved. The reduction is:2.25251e-05 after 20 iterations 

Warning: Full linear solver tolerance not achieved. The reduction is:1.20737e-05 after 20 iterations 

Warning: Full linear solver tolerance not achieved. The reduction is:0.000268059 after 20 iterations 

Warning: Full linear solver tolerance not achieved. The reduction is:0.000235901 after 20 iterations 
    Oscillating behavior detected: Relaxation set to 0.900000

Warning: Full linear solver tolerance not achieved. The reduction is:3.63706e-05 after 20 iterations 

Warning: Full linear solver tolerance not achieved. The reduction is:1.56906e-05 after 20 iterations 
    Oscillating behavior detected: Relaxation set to 0.800000

Warning: Full linear solver tolerance not achieved. The reduction is:1.75946e-05 after 20 iterations 
    Oscillating behavior detected: Relaxation set to 0.700000

Warning: Full linear solver tolerance not achieved. The reduction is:2.04969e-05 after 20 iterations 
    Oscillating behavior detected: Relaxation set to 0.600000

Warning: Full linear solver tolerance not achieved. The reduction is:0.000152524 after 20 iterations 

Warning: Full linear solver tolerance not achieved. The reduction is:1.8757e-05 after 20 iterations 
    Oscillating behavior detected: Relaxation set to 0.500000

Warning: Full linear solver tolerance not achieved. The reduction is:1.07773e-05 after 20 iterations 

Warning: Full linear solver tolerance not achieved. The reduction is:1.46717e-05 after 20 iterations 
    Oscillating behavior detected: Relaxation set to 0.500000

Warning: Full linear solver tolerance not achieved. The reduction is:6.60663e-05 after 20 iterations 

Warning: Full linear solver tolerance not achieved. The reduction is:8.37375e-05 after 20 iterations 
    Oscillating behavior detected: Relaxation set to 0.500000

Problem: Solver convergence failure - Iteration limit reached
Timestep chopped to 49.024124 days


Starting time step 4, stepsize 49.0241 days, at day 383520/385075, date = 16-Jan-3075
 Newton its= 3, linearizations= 4 (0.3sec), linear its= 51 (2.1sec)

Starting time step 5, stepsize 98.0482 days, at day 383569/385075, date = 06-Mar-3075

Warning: Full linear solver tolerance not achieved. The reduction is:4.49369e-05 after 20 iterations 

Warning: Full linear solver tolerance not achieved. The reduction is:0.000474216 after 20 iterations 

Warning: Full linear solver tolerance not achieved. The reduction is:4.42516e-05 after 20 iterations 

Warning: Full linear solver tolerance not achieved. The reduction is:0.000322201 after 20 iterations 
 Newton its= 4, linearizations= 5 (0.4sec), linear its= 80 (3.3sec)

Starting time step 6, stepsize 254.925 days, at day 383667/385075, date = 12-Jun-3075

Warning: Full linear solver tolerance not achieved. The reduction is:1.89765e-05 after 20 iterations 

Warning: Full linear solver tolerance not achieved. The reduction is:1.16274e-05 after 20 iterations 

Warning: Full linear solver tolerance not achieved. The reduction is:1.1163e-05 after 20 iterations 

Warning: Full linear solver tolerance not achieved. The reduction is:1.25437e-05 after 20 iterations 

Warning: Full linear solver tolerance not achieved. The reduction is:1.27324e-05 after 20 iterations 

Warning: Full linear solver tolerance not achieved. The reduction is:1.03159e-05 after 20 iterations 

Warning: Full linear solver tolerance not achieved. The reduction is:1.23815e-05 after 20 iterations 

Warning: Full linear solver tolerance not achieved. The reduction is:1.27335e-05 after 20 iterations 

Warning: Full linear solver tolerance not achieved. The reduction is:1.03177e-05 after 20 iterations 

Warning: Full linear solver tolerance not achieved. The reduction is:1.23795e-05 after 20 iterations 

Problem: Solver convergence failure - Iteration limit reached
Timestep chopped to 84.125397 days


Starting time step 6, stepsize 84.1254 days, at day 383667/385075, date = 12-Jun-3075

Warning: Full linear solver tolerance not achieved. The reduction is:1.1887e-05 after 20 iterations 
 Newton its= 4, linearizations= 5 (0.4sec), linear its= 75 (3.2sec)

Starting time step 7, stepsize 168.251 days, at day 383751/385075, date = 04-Sep-3075

Warning: Full linear solver tolerance not achieved. The reduction is:0.000103152 after 20 iterations 

Warning: Full linear solver tolerance not achieved. The reduction is:1.57659e-05 after 20 iterations 

Problem: Solver convergence failure - Numerical problem encountered
Timestep chopped to 55.522762 days


Starting time step 7, stepsize 55.5228 days, at day 383751/385075, date = 04-Sep-3075
 Newton its= 3, linearizations= 4 (0.3sec), linear its= 50 (2.2sec)

Starting time step 8, stepsize 111.046 days, at day 383806/385075, date = 30-Oct-3075

Warning: Full linear solver tolerance not achieved. The reduction is:2.8296e-05 after 20 iterations 

Warning: Full linear solver tolerance not achieved. The reduction is:1.44235e-05 after 20 iterations 

Warning: Full linear solver tolerance not achieved. The reduction is:3.32141e-05 after 20 iterations 
 Newton its= 7, linearizations= 8 (0.6sec), linear its=123 (5.2sec)

Starting time step 9, stepsize 155.464 days, at day 383917/385075, date = 18-Feb-3076

Warning: Full linear solver tolerance not achieved. The reduction is:0.00011043 after 20 iterations 

Warning: Full linear solver tolerance not achieved. The reduction is:1.69634e-05 after 20 iterations 

Warning: Full linear solver tolerance not achieved. The reduction is:1.47651e-05 after 20 iterations 

Warning: Full linear solver tolerance not achieved. The reduction is:7.0338e-05 after 20 iterations 

Problem: Solver convergence failure - Numerical problem encountered
Timestep chopped to 51.303032 days


Starting time step 9, stepsize 51.303 days, at day 383917/385075, date = 18-Feb-3076

Warning: Full linear solver tolerance not achieved. The reduction is:0.00116151 after 20 iterations 
 Newton its= 7, linearizations= 8 (0.6sec), linear its=106 (4.8sec)

Starting time step 10, stepsize 71.8242 days, at day 383969/385075, date = 09-Apr-3076

Warning: Full linear solver tolerance not achieved. The reduction is:1.27539e-05 after 20 iterations 

Warning: Full linear solver tolerance not achieved. The reduction is:1.16847e-05 after 20 iterations 
 Newton its= 3, linearizations= 4 (0.3sec), linear its= 55 (2.6sec)

Starting time step 11, stepsize 215.473 days, at day 384041/385075, date = 20-Jun-3076

Warning: Full linear solver tolerance not achieved. The reduction is:1.11531e-05 after 20 iterations 

Warning: Full linear solver tolerance not achieved. The reduction is:1.24268e-05 after 20 iterations 

Warning: Full linear solver tolerance not achieved. The reduction is:1.93392e-05 after 20 iterations 

Warning: Full linear solver tolerance not achieved. The reduction is:2.3135e-05 after 20 iterations 
    Oscillating behavior detected: Relaxation set to 0.900000

Warning: Full linear solver tolerance not achieved. The reduction is:1.11255e-05 after 20 iterations 

Warning: Full linear solver tolerance not achieved. The reduction is:1.11971e-05 after 20 iterations 

Warning: Full linear solver tolerance not achieved. The reduction is:1.09745e-05 after 20 iterations 

Warning: Full linear solver tolerance not achieved. The reduction is:1.13246e-05 after 20 iterations 
    Oscillating behavior detected: Relaxation set to 0.800000

Warning: Full linear solver tolerance not achieved. The reduction is:1.11755e-05 after 20 iterations 
    Oscillating behavior detected: Relaxation set to 0.700000

Warning: Full linear solver tolerance not achieved. The reduction is:1.59633e-05 after 20 iterations 

Warning: Full linear solver tolerance not achieved. The reduction is:1.14691e-05 after 20 iterations 

Problem: Solver convergence failure - Iteration limit reached
Timestep chopped to 71.106002 days


Starting time step 11, stepsize 71.106 days, at day 384041/385075, date = 20-Jun-3076
 Newton its= 3, linearizations= 4 (0.3sec), linear its= 48 (2.0sec)

Starting time step 12, stepsize 142.212 days, at day 384112/385075, date = 30-Aug-3076

Warning: Full linear solver tolerance not achieved. The reduction is:7.86468e-05 after 20 iterations 

Warning: Full linear solver tolerance not achieved. The reduction is:1.79189e-05 after 20 iterations 

Warning: Full linear solver tolerance not achieved. The reduction is:2.64279e-05 after 20 iterations 

Warning: Full linear solver tolerance not achieved. The reduction is:3.54452e-05 after 20 iterations 

Warning: Full linear solver tolerance not achieved. The reduction is:2.69503e-05 after 20 iterations 

Warning: Full linear solver tolerance not achieved. The reduction is:3.98842e-05 after 20 iterations 

Warning: Full linear solver tolerance not achieved. The reduction is:3.14502e-05 after 20 iterations 
    Oscillating behavior detected: Relaxation set to 0.900000

Warning: Full linear solver tolerance not achieved. The reduction is:4.64948e-05 after 20 iterations 

Warning: Full linear solver tolerance not achieved. The reduction is:1.99025e-05 after 20 iterations 

Warning: Full linear solver tolerance not achieved. The reduction is:3.31897e-05 after 20 iterations 
    Oscillating behavior detected: Relaxation set to 0.800000

Warning: Full linear solver tolerance not achieved. The reduction is:1.31277e-05 after 20 iterations 

Warning: Full linear solver tolerance not achieved. The reduction is:2.96389e-05 after 20 iterations 

Warning: Full linear solver tolerance not achieved. The reduction is:2.8247e-05 after 20 iterations 
    Oscillating behavior detected: Relaxation set to 0.700000

Warning: Full linear solver tolerance not achieved. The reduction is:5.59438e-05 after 20 iterations 

Warning: Full linear solver tolerance not achieved. The reduction is:1.56803e-05 after 20 iterations 

Warning: Full linear solver tolerance not achieved. The reduction is:2.18088e-05 after 20 iterations 

Warning: Full linear solver tolerance not achieved. The reduction is:1.70382e-05 after 20 iterations 
    Oscillating behavior detected: Relaxation set to 0.600000

Warning: Full linear solver tolerance not achieved. The reduction is:2.65053e-05 after 20 iterations 

Warning: Full linear solver tolerance not achieved. The reduction is:2.12729e-05 after 20 iterations 

Problem: Solver convergence failure - Iteration limit reached
Timestep chopped to 46.929962 days


Starting time step 12, stepsize 46.93 days, at day 384112/385075, date = 30-Aug-3076
 Newton its= 3, linearizations= 4 (0.3sec), linear its= 46 (1.9sec)

Starting time step 13, stepsize 93.8599 days, at day 384159/385075, date = 16-Oct-3076

Warning: Full linear solver tolerance not achieved. The reduction is:0.00101882 after 20 iterations 

Warning: Full linear solver tolerance not achieved. The reduction is:6.64069e-05 after 20 iterations 

Warning: Full linear solver tolerance not achieved. The reduction is:2.01152e-05 after 20 iterations 
 Newton its= 5, linearizations= 6 (0.4sec), linear its= 92 (3.8sec)

Starting time step 14, stepsize 206.492 days, at day 384253/385075, date = 18-Jan-3077

Warning: Full linear solver tolerance not achieved. The reduction is:1.41196e-05 after 20 iterations 

Warning: Full linear solver tolerance not achieved. The reduction is:3.24728e-05 after 20 iterations 

Warning: Full linear solver tolerance not achieved. The reduction is:0.000428998 after 20 iterations 

Problem: Solver convergence failure - Numerical problem encountered
Timestep chopped to 68.142304 days


Starting time step 14, stepsize 68.1423 days, at day 384253/385075, date = 18-Jan-3077
 Newton its= 4, linearizations= 5 (0.4sec), linear its= 57 (2.7sec)

Starting time step 15, stepsize 136.285 days, at day 384321/385075, date = 27-Mar-3077

Warning: Full linear solver tolerance not achieved. The reduction is:2.65599e-05 after 20 iterations 

Warning: Full linear solver tolerance not achieved. The reduction is:0.000409308 after 20 iterations 

Warning: Full linear solver tolerance not achieved. The reduction is:8.13322e-05 after 20 iterations 

Warning: Full linear solver tolerance not achieved. The reduction is:4.78432e-05 after 20 iterations 
    Oscillating behavior detected: Relaxation set to 0.900000

Warning: Full linear solver tolerance not achieved. The reduction is:4.30324e-05 after 20 iterations 

Warning: Full linear solver tolerance not achieved. The reduction is:0.00159274 after 20 iterations 

Warning: Full linear solver tolerance not achieved. The reduction is:0.000312916 after 20 iterations 

Warning: Full linear solver tolerance not achieved. The reduction is:6.49083e-05 after 20 iterations 

Warning: Full linear solver tolerance not achieved. The reduction is:0.000141787 after 20 iterations 

Warning: Full linear solver tolerance not achieved. The reduction is:1.67279e-05 after 20 iterations 

Warning: Full linear solver tolerance not achieved. The reduction is:1.29013e-05 after 20 iterations 

Warning: Full linear solver tolerance not achieved. The reduction is:1.74255e-05 after 20 iterations 

Warning: Full linear solver tolerance not achieved. The reduction is:1.35631e-05 after 20 iterations 

Warning: Full linear solver tolerance not achieved. The reduction is:2.955e-05 after 20 iterations 

Problem: Solver convergence failure - Iteration limit reached
Timestep chopped to 44.973921 days


Starting time step 15, stepsize 44.9739 days, at day 384321/385075, date = 27-Mar-3077
 Newton its= 3, linearizations= 4 (0.3sec), linear its= 38 (1.7sec)

Starting time step 16, stepsize 89.9478 days, at day 384366/385075, date = 11-May-3077

Warning: Full linear solver tolerance not achieved. The reduction is:2.98981e-05 after 20 iterations 
 Newton its= 4, linearizations= 5 (0.4sec), linear its= 67 (3.0sec)

Starting time step 17, stepsize 233.864 days, at day 384456/385075, date = 09-Aug-3077

Warning: Full linear solver tolerance not achieved. The reduction is:1.65148e-05 after 20 iterations 

Warning: Full linear solver tolerance not achieved. The reduction is:5.23509e-05 after 20 iterations 

Warning: Full linear solver tolerance not achieved. The reduction is:0.00013752 after 20 iterations 

Warning: Full linear solver tolerance not achieved. The reduction is:0.00134715 after 20 iterations 

Warning: Full linear solver tolerance not achieved. The reduction is:9.43936e-05 after 20 iterations 

Warning: Full linear solver tolerance not achieved. The reduction is:0.000481072 after 20 iterations 

Warning: Full linear solver tolerance not achieved. The reduction is:1.03333e-05 after 20 iterations 

Warning: Full linear solver tolerance not achieved. The reduction is:2.53266e-05 after 20 iterations 
    Oscillating behavior detected: Relaxation set to 0.900000

Warning: Full linear solver tolerance not achieved. The reduction is:3.45035e-05 after 20 iterations 
    Oscillating behavior detected: Relaxation set to 0.800000

Warning: Full linear solver tolerance not achieved. The reduction is:6.83107e-05 after 20 iterations 

Problem: Solver convergence failure - Iteration limit reached
Timestep chopped to 77.175248 days


Starting time step 17, stepsize 77.1752 days, at day 384456/385075, date = 09-Aug-3077
 Newton its= 4, linearizations= 5 (0.4sec), linear its= 66 (3.0sec)

Starting time step 18, stepsize 154.35 days, at day 384533/385075, date = 25-Oct-3077

Warning: Full linear solver tolerance not achieved. The reduction is:0.000140642 after 20 iterations 

Warning: Full linear solver tolerance not achieved. The reduction is:0.000121239 after 20 iterations 

Warning: Full linear solver tolerance not achieved. The reduction is:1.26436e-05 after 20 iterations 

Warning: Full linear solver tolerance not achieved. The reduction is:1.11644e-05 after 20 iterations 

Warning: Full linear solver tolerance not achieved. The reduction is:1.51892e-05 after 20 iterations 

Warning: Full linear solver tolerance not achieved. The reduction is:0.000143712 after 20 iterations 
    Oscillating behavior detected: Relaxation set to 0.900000

Warning: Full linear solver tolerance not achieved. The reduction is:3.27636e-05 after 20 iterations 

Warning: Full linear solver tolerance not achieved. The reduction is:2.30023e-05 after 20 iterations 

Warning: Full linear solver tolerance not achieved. The reduction is:2.67483e-05 after 20 iterations 

Warning: Full linear solver tolerance not achieved. The reduction is:2.31195e-05 after 20 iterations 

Warning: Full linear solver tolerance not achieved. The reduction is:0.000239829 after 20 iterations 

Warning: Full linear solver tolerance not achieved. The reduction is:2.93429e-05 after 20 iterations 

Warning: Full linear solver tolerance not achieved. The reduction is:2.9613e-05 after 20 iterations 

Warning: Full linear solver tolerance not achieved. The reduction is:1.84011e-05 after 20 iterations 

Warning: Full linear solver tolerance not achieved. The reduction is:2.33223e-05 after 20 iterations 

Warning: Full linear solver tolerance not achieved. The reduction is:2.31485e-05 after 20 iterations 

Warning: Full linear solver tolerance not achieved. The reduction is:0.000239894 after 20 iterations 

Warning: Full linear solver tolerance not achieved. The reduction is:2.90402e-05 after 20 iterations 

Problem: Solver convergence failure - Iteration limit reached
Timestep chopped to 50.935664 days


Starting time step 18, stepsize 50.9357 days, at day 384533/385075, date = 25-Oct-3077
 Newton its= 3, linearizations= 4 (0.3sec), linear its= 41 (1.7sec)

Starting time step 19, stepsize 101.871 days, at day 384584/385075, date = 15-Dec-3077

Warning: Full linear solver tolerance not achieved. The reduction is:2.59541e-05 after 20 iterations 

Warning: Full linear solver tolerance not achieved. The reduction is:7.65356e-05 after 20 iterations 
 Newton its= 4, linearizations= 5 (0.4sec), linear its= 71 (2.8sec)

Starting time step 20, stepsize 194.721 days, at day 384686/385075, date = 27-Mar-3078

Warning: Full linear solver tolerance not achieved. The reduction is:1.33875e-05 after 20 iterations 

Warning: Full linear solver tolerance not achieved. The reduction is:6.53087e-05 after 20 iterations 

Warning: Full linear solver tolerance not achieved. The reduction is:3.22278e-05 after 20 iterations 

Warning: Full linear solver tolerance not achieved. The reduction is:1.03827e-05 after 20 iterations 

Warning: Full linear solver tolerance not achieved. The reduction is:7.26648e-05 after 20 iterations 

Warning: Full linear solver tolerance not achieved. The reduction is:4.70558e-05 after 20 iterations 

Warning: Full linear solver tolerance not achieved. The reduction is:7.84945e-05 after 20 iterations 

Warning: Full linear solver tolerance not achieved. The reduction is:3.13536e-05 after 20 iterations 

Warning: Full linear solver tolerance not achieved. The reduction is:0.0050247 after 20 iterations 

Problem: Solver convergence failure - Numerical problem encountered
Timestep chopped to 64.257950 days


Starting time step 20, stepsize 64.258 days, at day 384686/385075, date = 27-Mar-3078

Problem: Solver convergence failure - Numerical problem encountered
Timestep chopped to 21.205124 days


Starting time step 20, stepsize 21.2051 days, at day 384686/385075, date = 27-Mar-3078
 Newton its= 1, linearizations= 2 (0.1sec), linear its= 18 (0.7sec)

Starting time step 21, stepsize 42.4102 days, at day 384707/385075, date = 17-Apr-3078
 Newton its= 2, linearizations= 3 (0.2sec), linear its= 31 (1.2sec)

Starting time step 22, stepsize 127.231 days, at day 384749/385075, date = 30-May-3078

Warning: Full linear solver tolerance not achieved. The reduction is:0.000216527 after 20 iterations 

Problem: Solver convergence failure - Numerical problem encountered
Timestep chopped to 41.986145 days


Starting time step 22, stepsize 41.9861 days, at day 384749/385075, date = 30-May-3078
 Newton its= 3, linearizations= 4 (0.3sec), linear its= 47 (1.8sec)

Starting time step 23, stepsize 83.9723 days, at day 384791/385075, date = 11-Jul-3078
 Newton its= 3, linearizations= 4 (0.3sec), linear its= 48 (1.8sec)

Starting time step 24, stepsize 199.868 days, at day 384875/385075, date = 03-Oct-3078

Warning: Full linear solver tolerance not achieved. The reduction is:1.35286e-05 after 20 iterations 

Warning: Full linear solver tolerance not achieved. The reduction is:0.00401984 after 20 iterations 

Problem: Solver convergence failure - Numerical problem encountered
Timestep chopped to 65.956545 days


Starting time step 24, stepsize 65.9565 days, at day 384875/385075, date = 03-Oct-3078

Problem: Solver convergence failure - Numerical problem encountered
Timestep chopped to 21.765660 days


Starting time step 24, stepsize 21.7657 days, at day 384875/385075, date = 03-Oct-3078
 Newton its= 1, linearizations= 2 (0.1sec), linear its= 10 (0.4sec)

Starting time step 25, stepsize 43.5313 days, at day 384897/385075, date = 24-Oct-3078
 Newton its= 3, linearizations= 4 (0.3sec), linear its= 46 (1.8sec)

Starting time step 26, stepsize 134.571 days, at day 384940/385075, date = 07-Dec-3078

Warning: Full linear solver tolerance not achieved. The reduction is:1.88132e-05 after 20 iterations 

Warning: Full linear solver tolerance not achieved. The reduction is:0.000187947 after 20 iterations 

Warning: Full linear solver tolerance not achieved. The reduction is:1.17125e-05 after 20 iterations 

Warning: Full linear solver tolerance not achieved. The reduction is:7.20634e-05 after 20 iterations 

Warning: Full linear solver tolerance not achieved. The reduction is:0.000363789 after 20 iterations 

Problem: Solver convergence failure - Numerical problem encountered
Timestep chopped to 44.408542 days


Starting time step 26, stepsize 44.4085 days, at day 384940/385075, date = 07-Dec-3078
 Newton its= 3, linearizations= 4 (0.3sec), linear its= 45 (1.6sec)

Starting time step 27, stepsize 90.1628 days, at day 384985/385075, date = 20-Jan-3079

Warning: Full linear solver tolerance not achieved. The reduction is:4.8646e-05 after 20 iterations 
 Newton its= 4, linearizations= 5 (0.4sec), linear its= 70 (2.6sec)

Report step 13/17 at day 385075/392375, date = 21-Apr-3079

Starting time step 0, stepsize 1825 days, at day 385075/386900, date = 21-Apr-3079

Warning: Full linear solver tolerance not achieved. The reduction is:0.003734 after 20 iterations 

Problem: Solver convergence failure - Numerical problem encountered
Timestep chopped to 602.250000 days


Starting time step 0, stepsize 602.25 days, at day 385075/386900, date = 21-Apr-3079

Problem: Solver convergence failure - Numerical problem encountered
Timestep chopped to 198.742500 days


Starting time step 0, stepsize 198.743 days, at day 385075/386900, date = 21-Apr-3079

Warning: Full linear solver tolerance not achieved. The reduction is:9.7336e-05 after 20 iterations 

Warning: Full linear solver tolerance not achieved. The reduction is:3.00163e-05 after 20 iterations 

Warning: Full linear solver tolerance not achieved. The reduction is:1.54089e-05 after 20 iterations 

Warning: Full linear solver tolerance not achieved. The reduction is:6.78934e-05 after 20 iterations 

Warning: Full linear solver tolerance not achieved. The reduction is:5.07731e-05 after 20 iterations 

Warning: Full linear solver tolerance not achieved. The reduction is:2.14898e-05 after 20 iterations 

Warning: Full linear solver tolerance not achieved. The reduction is:0.000134808 after 20 iterations 

Warning: Full linear solver tolerance not achieved. The reduction is:0.000136782 after 20 iterations 

Warning: Full linear solver tolerance not achieved. The reduction is:0.00196407 after 20 iterations 

Warning: Full linear solver tolerance not achieved. The reduction is:1.73008e-05 after 20 iterations 

Warning: Full linear solver tolerance not achieved. The reduction is:1.13003e-05 after 20 iterations 

Warning: Full linear solver tolerance not achieved. The reduction is:1.34406e-05 after 20 iterations 

Problem: Solver convergence failure - Iteration limit reached
Timestep chopped to 65.585025 days


Starting time step 0, stepsize 65.585 days, at day 385075/386900, date = 21-Apr-3079
 Newton its= 3, linearizations= 4 (0.3sec), linear its= 41 (1.5sec)

Starting time step 1, stepsize 131.17 days, at day 385141/386900, date = 25-Jun-3079

Warning: Full linear solver tolerance not achieved. The reduction is:1.07636e-05 after 20 iterations 

Warning: Full linear solver tolerance not achieved. The reduction is:1.70548e-05 after 20 iterations 

Warning: Full linear solver tolerance not achieved. The reduction is:0.000724741 after 20 iterations 

Problem: Solver convergence failure - Numerical problem encountered
Timestep chopped to 43.286117 days


Starting time step 1, stepsize 43.2861 days, at day 385141/386900, date = 25-Jun-3079
 Newton its= 3, linearizations= 4 (0.3sec), linear its= 38 (1.5sec)

Starting time step 2, stepsize 86.5722 days, at day 385184/386900, date = 07-Aug-3079

Warning: Full linear solver tolerance not achieved. The reduction is:1.06918e-05 after 20 iterations 

Warning: Full linear solver tolerance not achieved. The reduction is:1.05173e-05 after 20 iterations 
 Newton its= 4, linearizations= 5 (0.3sec), linear its= 72 (2.6sec)

Starting time step 3, stepsize 225.088 days, at day 385270/386900, date = 02-Nov-3079

Warning: Full linear solver tolerance not achieved. The reduction is:1.25256e-05 after 20 iterations 

Warning: Full linear solver tolerance not achieved. The reduction is:0.0004071 after 20 iterations 

Warning: Full linear solver tolerance not achieved. The reduction is:2.87797e-05 after 20 iterations 

Warning: Full linear solver tolerance not achieved. The reduction is:9.18259e-05 after 20 iterations 

Warning: Full linear solver tolerance not achieved. The reduction is:1.11971e-05 after 20 iterations 

Warning: Full linear solver tolerance not achieved. The reduction is:1.15698e-05 after 20 iterations 

Warning: Full linear solver tolerance not achieved. The reduction is:1.46926e-05 after 20 iterations 

Warning: Full linear solver tolerance not achieved. The reduction is:1.38771e-05 after 20 iterations 

Warning: Full linear solver tolerance not achieved. The reduction is:1.75722e-05 after 20 iterations 

Warning: Full linear solver tolerance not achieved. The reduction is:2.71954e-05 after 20 iterations 

Warning: Full linear solver tolerance not achieved. The reduction is:1.23466e-05 after 20 iterations 

Warning: Full linear solver tolerance not achieved. The reduction is:1.02684e-05 after 20 iterations 

Warning: Full linear solver tolerance not achieved. The reduction is:1.72439e-05 after 20 iterations 
    Oscillating behavior detected: Relaxation set to 0.900000

Warning: Full linear solver tolerance not achieved. The reduction is:2.48747e-05 after 20 iterations 

Warning: Full linear solver tolerance not achieved. The reduction is:1.82607e-05 after 20 iterations 

Warning: Full linear solver tolerance not achieved. The reduction is:2.51358e-05 after 20 iterations 
    Oscillating behavior detected: Relaxation set to 0.800000

Warning: Full linear solver tolerance not achieved. The reduction is:2.41429e-05 after 20 iterations 

Warning: Full linear solver tolerance not achieved. The reduction is:2.51693e-05 after 20 iterations 

Warning: Full linear solver tolerance not achieved. The reduction is:2.50731e-05 after 20 iterations 

Problem: Solver convergence failure - Iteration limit reached
Timestep chopped to 74.278976 days


Starting time step 3, stepsize 74.279 days, at day 385270/386900, date = 02-Nov-3079
 Newton its= 4, linearizations= 5 (0.4sec), linear its= 68 (2.7sec)

Starting time step 4, stepsize 148.558 days, at day 385345/386900, date = 15-Jan-3080

Warning: Full linear solver tolerance not achieved. The reduction is:1.26385e-05 after 20 iterations 

Warning: Full linear solver tolerance not achieved. The reduction is:6.84823e-05 after 20 iterations 

Warning: Full linear solver tolerance not achieved. The reduction is:0.000248844 after 20 iterations 

Warning: Full linear solver tolerance not achieved. The reduction is:3.34897e-05 after 20 iterations 

Warning: Full linear solver tolerance not achieved. The reduction is:0.000227434 after 20 iterations 

Warning: Full linear solver tolerance not achieved. The reduction is:1.85688e-05 after 20 iterations 

Warning: Full linear solver tolerance not achieved. The reduction is:2.64265e-05 after 20 iterations 

Warning: Full linear solver tolerance not achieved. The reduction is:0.000146287 after 20 iterations 

Warning: Full linear solver tolerance not achieved. The reduction is:0.000120683 after 20 iterations 

Warning: Full linear solver tolerance not achieved. The reduction is:1.96752e-05 after 20 iterations 

Warning: Full linear solver tolerance not achieved. The reduction is:6.89142e-05 after 20 iterations 

Warning: Full linear solver tolerance not achieved. The reduction is:4.8537e-05 after 20 iterations 

Warning: Full linear solver tolerance not achieved. The reduction is:1.65627e-05 after 20 iterations 

Warning: Full linear solver tolerance not achieved. The reduction is:8.79333e-05 after 20 iterations 

Warning: Full linear solver tolerance not achieved. The reduction is:0.000153287 after 20 iterations 

Warning: Full linear solver tolerance not achieved. The reduction is:0.000267775 after 20 iterations 

Warning: Full linear solver tolerance not achieved. The reduction is:2.97418e-05 after 20 iterations 

Warning: Full linear solver tolerance not achieved. The reduction is:6.20054e-05 after 20 iterations 

Problem: Solver convergence failure - Iteration limit reached
Timestep chopped to 49.024124 days


Starting time step 4, stepsize 49.0241 days, at day 385345/386900, date = 15-Jan-3080
 Newton its= 3, linearizations= 4 (0.3sec), linear its= 50 (1.9sec)

Starting time step 5, stepsize 98.0482 days, at day 385394/386900, date = 04-Mar-3080

Warning: Full linear solver tolerance not achieved. The reduction is:0.000282354 after 20 iterations 

Warning: Full linear solver tolerance not achieved. The reduction is:2.61379e-05 after 20 iterations 

Warning: Full linear solver tolerance not achieved. The reduction is:0.000150412 after 20 iterations 

Warning: Full linear solver tolerance not achieved. The reduction is:9.99846e-05 after 20 iterations 
 Newton its= 4, linearizations= 5 (0.4sec), linear its= 80 (3.1sec)

Starting time step 6, stepsize 254.925 days, at day 385492/386900, date = 10-Jun-3080

Warning: Full linear solver tolerance not achieved. The reduction is:1.36914e-05 after 20 iterations 

Warning: Full linear solver tolerance not achieved. The reduction is:5.0758e-05 after 20 iterations 

Warning: Full linear solver tolerance not achieved. The reduction is:3.289e-05 after 20 iterations 

Warning: Full linear solver tolerance not achieved. The reduction is:7.35222e-05 after 20 iterations 

Warning: Full linear solver tolerance not achieved. The reduction is:1.06184e-05 after 20 iterations 

Warning: Full linear solver tolerance not achieved. The reduction is:1.01841e-05 after 20 iterations 

Warning: Full linear solver tolerance not achieved. The reduction is:1.96743e-05 after 20 iterations 

Warning: Full linear solver tolerance not achieved. The reduction is:0.000802434 after 20 iterations 

Warning: Full linear solver tolerance not achieved. The reduction is:3.08401e-05 after 20 iterations 

Warning: Full linear solver tolerance not achieved. The reduction is:3.95927e-05 after 20 iterations 

Warning: Full linear solver tolerance not achieved. The reduction is:4.5053e-05 after 20 iterations 

Warning: Full linear solver tolerance not achieved. The reduction is:2.03233e-05 after 20 iterations 

Warning: Full linear solver tolerance not achieved. The reduction is:0.00399363 after 20 iterations 

Problem: Solver convergence failure - Numerical problem encountered
Timestep chopped to 84.125397 days


Starting time step 6, stepsize 84.1254 days, at day 385492/386900, date = 10-Jun-3080

Warning: Full linear solver tolerance not achieved. The reduction is:0.00278244 after 20 iterations 

Problem: Solver convergence failure - Numerical problem encountered
Timestep chopped to 27.761381 days


Starting time step 6, stepsize 27.7614 days, at day 385492/386900, date = 10-Jun-3080

Warning: Full linear solver tolerance not achieved. The reduction is:0.000727551 after 20 iterations 

Warning: Full linear solver tolerance not achieved. The reduction is:0.000177751 after 20 iterations 

Warning: Full linear solver tolerance not achieved. The reduction is:3.8189e-05 after 20 iterations 

Warning: Full linear solver tolerance not achieved. The reduction is:2.67175e-05 after 20 iterations 

Warning: Full linear solver tolerance not achieved. The reduction is:0.000135927 after 20 iterations 

Problem: Solver convergence failure - Numerical problem encountered
Timestep chopped to 9.161256 days


Starting time step 6, stepsize 9.16126 days, at day 385492/386900, date = 10-Jun-3080

Problem: Solver convergence failure - Numerical problem encountered
Timestep chopped to 3.023214 days


Starting time step 6, stepsize 3.02321 days, at day 385492/386900, date = 10-Jun-3080
 Newton its= 1, linearizations= 2 (0.1sec), linear its=  9 (0.4sec)

Starting time step 7, stepsize 6.04643 days, at day 385495/386900, date = 13-Jun-3080
 Newton its= 1, linearizations= 2 (0.1sec), linear its= 12 (0.5sec)

Starting time step 8, stepsize 18.1393 days, at day 385501/386900, date = 19-Jun-3080
 Newton its= 1, linearizations= 2 (0.1sec), linear its=  9 (0.4sec)

Starting time step 9, stepsize 54.4179 days, at day 385519/386900, date = 08-Jul-3080

Warning: Full linear solver tolerance not achieved. The reduction is:3.25649e-05 after 20 iterations 
 Newton its= 3, linearizations= 4 (0.3sec), linear its= 47 (1.8sec)

Starting time step 10, stepsize 163.254 days, at day 385573/386900, date = 31-Aug-3080

Warning: Full linear solver tolerance not achieved. The reduction is:0.000137058 after 20 iterations 

Warning: Full linear solver tolerance not achieved. The reduction is:1.04048e-05 after 20 iterations 

Warning: Full linear solver tolerance not achieved. The reduction is:1.79884e-05 after 20 iterations 

Warning: Full linear solver tolerance not achieved. The reduction is:5.6932e-05 after 20 iterations 

Warning: Full linear solver tolerance not achieved. The reduction is:1.2376e-05 after 20 iterations 

Warning: Full linear solver tolerance not achieved. The reduction is:0.000149903 after 20 iterations 

Warning: Full linear solver tolerance not achieved. The reduction is:6.76824e-05 after 20 iterations 

Warning: Full linear solver tolerance not achieved. The reduction is:4.82352e-05 after 20 iterations 

Warning: Full linear solver tolerance not achieved. The reduction is:1.02037e-05 after 20 iterations 

Warning: Full linear solver tolerance not achieved. The reduction is:0.000166346 after 20 iterations 

Warning: Full linear solver tolerance not achieved. The reduction is:5.51145e-05 after 20 iterations 

Warning: Full linear solver tolerance not achieved. The reduction is:1.82406e-05 after 20 iterations 
    Oscillating behavior detected: Relaxation set to 0.900000

Problem: Solver convergence failure - Iteration limit reached
Timestep chopped to 53.873680 days


Starting time step 10, stepsize 53.8737 days, at day 385573/386900, date = 31-Aug-3080
 Newton its= 3, linearizations= 4 (0.3sec), linear its= 36 (1.5sec)

Starting time step 11, stepsize 107.747 days, at day 385627/386900, date = 24-Oct-3080

Warning: Full linear solver tolerance not achieved. The reduction is:0.000633493 after 20 iterations 

Warning: Full linear solver tolerance not achieved. The reduction is:1.31664e-05 after 20 iterations 

Warning: Full linear solver tolerance not achieved. The reduction is:3.76666e-05 after 20 iterations 

Warning: Full linear solver tolerance not achieved. The reduction is:0.000127348 after 20 iterations 
    Oscillating behavior detected: Relaxation set to 0.900000
    Oscillating behavior detected: Relaxation set to 0.800000

Warning: Full linear solver tolerance not achieved. The reduction is:0.000370092 after 20 iterations 

Warning: Full linear solver tolerance not achieved. The reduction is:1.91994e-05 after 20 iterations 

Warning: Full linear solver tolerance not achieved. The reduction is:2.39276e-05 after 20 iterations 
    Oscillating behavior detected: Relaxation set to 0.700000
    Oscillating behavior detected: Relaxation set to 0.600000

Warning: Full linear solver tolerance not achieved. The reduction is:6.19202e-05 after 20 iterations 
    Oscillating behavior detected: Relaxation set to 0.500000

Warning: Full linear solver tolerance not achieved. The reduction is:2.69682e-05 after 20 iterations 

Problem: Solver convergence failure - Iteration limit reached
Timestep chopped to 35.556629 days


Starting time step 11, stepsize 35.5566 days, at day 385627/386900, date = 24-Oct-3080

Warning: Full linear solver tolerance not achieved. The reduction is:1.16192e-05 after 20 iterations 
 Newton its= 3, linearizations= 4 (0.3sec), linear its= 46 (1.8sec)

Starting time step 12, stepsize 71.1133 days, at day 385663/386900, date = 28-Nov-3080
 Newton its= 3, linearizations= 4 (0.3sec), linear its= 46 (1.9sec)

Starting time step 13, stepsize 213.34 days, at day 385734/386900, date = 07-Feb-3081

Warning: Full linear solver tolerance not achieved. The reduction is:7.9372e-05 after 20 iterations 

Warning: Full linear solver tolerance not achieved. The reduction is:0.00077832 after 20 iterations 

Warning: Full linear solver tolerance not achieved. The reduction is:0.000139042 after 20 iterations 

Warning: Full linear solver tolerance not achieved. The reduction is:0.000371142 after 20 iterations 

Warning: Full linear solver tolerance not achieved. The reduction is:2.25638e-05 after 20 iterations 

Problem: Solver convergence failure - Numerical problem encountered
Timestep chopped to 70.402126 days


Starting time step 13, stepsize 70.4021 days, at day 385734/386900, date = 07-Feb-3081

Warning: Full linear solver tolerance not achieved. The reduction is:1.1475e-05 after 20 iterations 
 Newton its= 3, linearizations= 4 (0.3sec), linear its= 46 (1.9sec)

Starting time step 14, stepsize 140.804 days, at day 385804/386900, date = 19-Apr-3081

Warning: Full linear solver tolerance not achieved. The reduction is:5.80967e-05 after 20 iterations 

Warning: Full linear solver tolerance not achieved. The reduction is:0.00139306 after 20 iterations 

Warning: Full linear solver tolerance not achieved. The reduction is:1.93106e-05 after 20 iterations 

Warning: Full linear solver tolerance not achieved. The reduction is:0.00138667 after 20 iterations 

Warning: Full linear solver tolerance not achieved. The reduction is:2.12031e-05 after 20 iterations 

Problem: Solver convergence failure - Numerical problem encountered
Timestep chopped to 46.465403 days


Starting time step 14, stepsize 46.4654 days, at day 385804/386900, date = 19-Apr-3081
 Newton its= 3, linearizations= 4 (0.3sec), linear its= 48 (1.9sec)

Starting time step 15, stepsize 92.9308 days, at day 385851/386900, date = 04-Jun-3081

Warning: Full linear solver tolerance not achieved. The reduction is:0.00121207 after 20 iterations 

Warning: Full linear solver tolerance not achieved. The reduction is:1.80483e-05 after 20 iterations 

Warning: Full linear solver tolerance not achieved. The reduction is:0.000444875 after 20 iterations 

Warning: Full linear solver tolerance not achieved. The reduction is:4.96176e-05 after 20 iterations 

Warning: Full linear solver tolerance not achieved. The reduction is:0.000555447 after 20 iterations 

Warning: Full linear solver tolerance not achieved. The reduction is:5.09973e-05 after 20 iterations 

Warning: Full linear solver tolerance not achieved. The reduction is:0.00040778 after 20 iterations 

Warning: Full linear solver tolerance not achieved. The reduction is:5.99158e-05 after 20 iterations 

Warning: Full linear solver tolerance not achieved. The reduction is:0.00223488 after 20 iterations 

Warning: Full linear solver tolerance not achieved. The reduction is:6.2962e-05 after 20 iterations 

Warning: Full linear solver tolerance not achieved. The reduction is:0.000299245 after 20 iterations 

Warning: Full linear solver tolerance not achieved. The reduction is:5.28235e-05 after 20 iterations 

Warning: Full linear solver tolerance not achieved. The reduction is:0.000290981 after 20 iterations 

Warning: Full linear solver tolerance not achieved. The reduction is:6.03899e-05 after 20 iterations 

Warning: Full linear solver tolerance not achieved. The reduction is:0.000527806 after 20 iterations 

Problem: Solver convergence failure - Iteration limit reached
Timestep chopped to 30.667166 days


Starting time step 15, stepsize 30.6672 days, at day 385851/386900, date = 04-Jun-3081
 Newton its= 1, linearizations= 2 (0.1sec), linear its= 13 (0.6sec)

Starting time step 16, stepsize 61.3343 days, at day 385881/386900, date = 05-Jul-3081
 Newton its= 3, linearizations= 4 (0.3sec), linear its= 49 (2.0sec)

Starting time step 17, stepsize 184.003 days, at day 385943/386900, date = 04-Sep-3081

Warning: Full linear solver tolerance not achieved. The reduction is:1.32702e-05 after 20 iterations 

Warning: Full linear solver tolerance not achieved. The reduction is:0.00667508 after 20 iterations 

Warning: Full linear solver tolerance not achieved. The reduction is:1.27445e-05 after 20 iterations 

Warning: Full linear solver tolerance not achieved. The reduction is:1.29147e-05 after 20 iterations 

Warning: Full linear solver tolerance not achieved. The reduction is:0.000570097 after 20 iterations 

Warning: Full linear solver tolerance not achieved. The reduction is:0.000553247 after 20 iterations 

Warning: Full linear solver tolerance not achieved. The reduction is:1.11008e-05 after 20 iterations 

Warning: Full linear solver tolerance not achieved. The reduction is:3.42312e-05 after 20 iterations 

Warning: Full linear solver tolerance not achieved. The reduction is:0.000422047 after 20 iterations 

Warning: Full linear solver tolerance not achieved. The reduction is:1.95609e-05 after 20 iterations 

Warning: Full linear solver tolerance not achieved. The reduction is:0.00134927 after 20 iterations 

Warning: Full linear solver tolerance not achieved. The reduction is:1.11005e-05 after 20 iterations 

Warning: Full linear solver tolerance not achieved. The reduction is:1.52497e-05 after 20 iterations 

Warning: Full linear solver tolerance not achieved. The reduction is:8.06955e-05 after 20 iterations 

Warning: Full linear solver tolerance not achieved. The reduction is:3.42029e-05 after 20 iterations 

Warning: Full linear solver tolerance not achieved. The reduction is:0.000313766 after 20 iterations 

Warning: Full linear solver tolerance not achieved. The reduction is:2.78589e-05 after 20 iterations 

Warning: Full linear solver tolerance not achieved. The reduction is:2.54658e-05 after 20 iterations 

Warning: Full linear solver tolerance not achieved. The reduction is:5.90473e-05 after 20 iterations 

Problem: Solver convergence failure - Iteration limit reached
Timestep chopped to 60.720989 days


Starting time step 17, stepsize 60.721 days, at day 385943/386900, date = 04-Sep-3081

Warning: Full linear solver tolerance not achieved. The reduction is:1.69016e-05 after 20 iterations 
 Newton its= 3, linearizations= 4 (0.3sec), linear its= 53 (1.9sec)

Starting time step 18, stepsize 121.442 days, at day 386004/386900, date = 04-Nov-3081

Warning: Full linear solver tolerance not achieved. The reduction is:4.37308e-05 after 20 iterations 

Warning: Full linear solver tolerance not achieved. The reduction is:0.00056958 after 20 iterations 

Warning: Full linear solver tolerance not achieved. The reduction is:0.000396783 after 20 iterations 

Problem: Solver convergence failure - Numerical problem encountered
Timestep chopped to 40.075852 days


Starting time step 18, stepsize 40.0759 days, at day 386004/386900, date = 04-Nov-3081

Problem: Solver convergence failure - Numerical problem encountered
Timestep chopped to 13.225031 days


Starting time step 18, stepsize 13.225 days, at day 386004/386900, date = 04-Nov-3081
 Newton its= 1, linearizations= 2 (0.1sec), linear its= 16 (0.6sec)

Starting time step 19, stepsize 26.4501 days, at day 386017/386900, date = 17-Nov-3081
 Newton its= 1, linearizations= 2 (0.1sec), linear its= 12 (0.5sec)

Starting time step 20, stepsize 79.3502 days, at day 386043/386900, date = 14-Dec-3081

Warning: Full linear solver tolerance not achieved. The reduction is:1.0876e-05 after 20 iterations 
 Newton its= 3, linearizations= 4 (0.3sec), linear its= 52 (2.0sec)

Starting time step 21, stepsize 238.051 days, at day 386123/386900, date = 03-Mar-3082

Warning: Full linear solver tolerance not achieved. The reduction is:1.11113e-05 after 20 iterations 

Warning: Full linear solver tolerance not achieved. The reduction is:0.000860892 after 20 iterations 

Problem: Solver convergence failure - Numerical problem encountered
Timestep chopped to 78.556686 days


Starting time step 21, stepsize 78.5567 days, at day 386123/386900, date = 03-Mar-3082

Warning: Full linear solver tolerance not achieved. The reduction is:1.44516e-05 after 20 iterations 
 Newton its= 6, linearizations= 7 (0.5sec), linear its= 99 (3.8sec)

Starting time step 22, stepsize 141.402 days, at day 386201/386900, date = 21-May-3082

Warning: Full linear solver tolerance not achieved. The reduction is:5.55102e-05 after 20 iterations 

Warning: Full linear solver tolerance not achieved. The reduction is:0.00291051 after 20 iterations 

Warning: Full linear solver tolerance not achieved. The reduction is:0.000715568 after 20 iterations 

Warning: Full linear solver tolerance not achieved. The reduction is:0.000113496 after 20 iterations 

Warning: Full linear solver tolerance not achieved. The reduction is:1.45134e-05 after 20 iterations 

Warning: Full linear solver tolerance not achieved. The reduction is:4.71689e-05 after 20 iterations 

Warning: Full linear solver tolerance not achieved. The reduction is:0.000465166 after 20 iterations 

Warning: Full linear solver tolerance not achieved. The reduction is:0.000514929 after 20 iterations 

Warning: Full linear solver tolerance not achieved. The reduction is:0.000353347 after 20 iterations 

Warning: Full linear solver tolerance not achieved. The reduction is:3.96718e-05 after 20 iterations 

Warning: Full linear solver tolerance not achieved. The reduction is:0.000188 after 20 iterations 

Warning: Full linear solver tolerance not achieved. The reduction is:0.000654006 after 20 iterations 

Warning: Full linear solver tolerance not achieved. The reduction is:0.000157926 after 20 iterations 

Warning: Full linear solver tolerance not achieved. The reduction is:1.42422e-05 after 20 iterations 

Warning: Full linear solver tolerance not achieved. The reduction is:1.15668e-05 after 20 iterations 

Warning: Full linear solver tolerance not achieved. The reduction is:0.00428934 after 20 iterations 

Problem: Solver convergence failure - Numerical problem encountered
Timestep chopped to 46.662671 days


Starting time step 22, stepsize 46.6627 days, at day 386201/386900, date = 21-May-3082

Problem: Solver convergence failure - Numerical problem encountered
Timestep chopped to 15.398682 days


Starting time step 22, stepsize 15.3987 days, at day 386201/386900, date = 21-May-3082
 Newton its= 1, linearizations= 2 (0.1sec), linear its= 12 (0.5sec)

Starting time step 23, stepsize 30.7974 days, at day 386217/386900, date = 05-Jun-3082
 Newton its= 2, linearizations= 3 (0.2sec), linear its= 31 (1.3sec)

Starting time step 24, stepsize 92.3921 days, at day 386247/386900, date = 06-Jul-3082

Problem: Solver convergence failure - Numerical problem encountered
Timestep chopped to 30.489390 days


Starting time step 24, stepsize 30.4894 days, at day 386247/386900, date = 06-Jul-3082
 Newton its= 3, linearizations= 4 (0.3sec), linear its= 44 (1.7sec)

Starting time step 25, stepsize 60.9788 days, at day 386278/386900, date = 05-Aug-3082
 Newton its= 3, linearizations= 4 (0.3sec), linear its= 50 (1.8sec)

Starting time step 26, stepsize 182.936 days, at day 386339/386900, date = 05-Oct-3082

Warning: Full linear solver tolerance not achieved. The reduction is:0.000697719 after 20 iterations 

Warning: Full linear solver tolerance not achieved. The reduction is:0.00644733 after 20 iterations 

Warning: Full linear solver tolerance not achieved. The reduction is:0.000252627 after 20 iterations 

Warning: Full linear solver tolerance not achieved. The reduction is:3.93726e-05 after 20 iterations 

Warning: Full linear solver tolerance not achieved. The reduction is:9.58329e-05 after 20 iterations 

Warning: Full linear solver tolerance not achieved. The reduction is:1.30175e-05 after 20 iterations 

Warning: Full linear solver tolerance not achieved. The reduction is:1.43858e-05 after 20 iterations 

Warning: Full linear solver tolerance not achieved. The reduction is:0.00123994 after 20 iterations 

Warning: Full linear solver tolerance not achieved. The reduction is:1.59586e-05 after 20 iterations 

Warning: Full linear solver tolerance not achieved. The reduction is:5.01705e-05 after 20 iterations 

Warning: Full linear solver tolerance not achieved. The reduction is:2.71578e-05 after 20 iterations 

Warning: Full linear solver tolerance not achieved. The reduction is:2.72515e-05 after 20 iterations 

Warning: Full linear solver tolerance not achieved. The reduction is:1.79396e-05 after 20 iterations 

Warning: Full linear solver tolerance not achieved. The reduction is:0.000933382 after 20 iterations 

Warning: Full linear solver tolerance not achieved. The reduction is:2.99682e-05 after 20 iterations 

Warning: Full linear solver tolerance not achieved. The reduction is:2.82117e-05 after 20 iterations 

Warning: Full linear solver tolerance not achieved. The reduction is:2.82178e-05 after 20 iterations 

Warning: Full linear solver tolerance not achieved. The reduction is:0.00222263 after 20 iterations 

Problem: Solver convergence failure - Iteration limit reached
Timestep chopped to 60.368991 days


Starting time step 26, stepsize 60.369 days, at day 386339/386900, date = 05-Oct-3082

Warning: Full linear solver tolerance not achieved. The reduction is:1.82871e-05 after 20 iterations 
 Newton its= 3, linearizations= 4 (0.3sec), linear its= 55 (2.1sec)

Starting time step 27, stepsize 120.738 days, at day 386399/386900, date = 05-Dec-3082

Problem: Solver convergence failure - Numerical problem encountered
Timestep chopped to 39.843534 days


Starting time step 27, stepsize 39.8435 days, at day 386399/386900, date = 05-Dec-3082
 Newton its= 3, linearizations= 4 (0.3sec), linear its= 44 (1.7sec)

Starting time step 28, stepsize 79.6871 days, at day 386439/386900, date = 14-Jan-3083

Warning: Full linear solver tolerance not achieved. The reduction is:6.3256e-05 after 20 iterations 
 Newton its= 4, linearizations= 5 (0.4sec), linear its= 70 (2.6sec)

Starting time step 29, stepsize 207.186 days, at day 386519/386900, date = 03-Apr-3083

Warning: Full linear solver tolerance not achieved. The reduction is:0.000143559 after 20 iterations 

Warning: Full linear solver tolerance not achieved. The reduction is:4.06637e-05 after 20 iterations 

Warning: Full linear solver tolerance not achieved. The reduction is:8.07439e-05 after 20 iterations 

Warning: Full linear solver tolerance not achieved. The reduction is:1.82461e-05 after 20 iterations 
    Oscillating behavior detected: Relaxation set to 0.900000

Warning: Full linear solver tolerance not achieved. The reduction is:0.00520555 after 20 iterations 

Warning: Full linear solver tolerance not achieved. The reduction is:1.8603e-05 after 20 iterations 

Warning: Full linear solver tolerance not achieved. The reduction is:2.39817e-05 after 20 iterations 

Warning: Full linear solver tolerance not achieved. The reduction is:1.64813e-05 after 20 iterations 

Warning: Full linear solver tolerance not achieved. The reduction is:1.48127e-05 after 20 iterations 

Warning: Full linear solver tolerance not achieved. The reduction is:1.99597e-05 after 20 iterations 

Problem: Solver convergence failure - Iteration limit reached
Timestep chopped to 68.371505 days


Starting time step 29, stepsize 68.3715 days, at day 386519/386900, date = 03-Apr-3083
 Newton its= 3, linearizations= 4 (0.3sec), linear its= 49 (1.8sec)

Starting time step 30, stepsize 136.743 days, at day 386587/386900, date = 11-Jun-3083

Warning: Full linear solver tolerance not achieved. The reduction is:0.000321259 after 20 iterations 

Warning: Full linear solver tolerance not achieved. The reduction is:6.07094e-05 after 20 iterations 

Warning: Full linear solver tolerance not achieved. The reduction is:1.35083e-05 after 20 iterations 

Warning: Full linear solver tolerance not achieved. The reduction is:8.54007e-05 after 20 iterations 

Warning: Full linear solver tolerance not achieved. The reduction is:1.35575e-05 after 20 iterations 

Warning: Full linear solver tolerance not achieved. The reduction is:3.83207e-05 after 20 iterations 

Warning: Full linear solver tolerance not achieved. The reduction is:0.000299395 after 20 iterations 

Warning: Full linear solver tolerance not achieved. The reduction is:0.000118294 after 20 iterations 

Warning: Full linear solver tolerance not achieved. The reduction is:0.00186753 after 20 iterations 

Warning: Full linear solver tolerance not achieved. The reduction is:1.37293e-05 after 20 iterations 

Warning: Full linear solver tolerance not achieved. The reduction is:0.000169335 after 20 iterations 

Warning: Full linear solver tolerance not achieved. The reduction is:2.60259e-05 after 20 iterations 

Warning: Full linear solver tolerance not achieved. The reduction is:0.000116831 after 20 iterations 

Warning: Full linear solver tolerance not achieved. The reduction is:0.00372783 after 20 iterations 

Warning: Full linear solver tolerance not achieved. The reduction is:0.000223981 after 20 iterations 

Warning: Full linear solver tolerance not achieved. The reduction is:1.63612e-05 after 20 iterations 

Warning: Full linear solver tolerance not achieved. The reduction is:0.000600882 after 20 iterations 

Warning: Full linear solver tolerance not achieved. The reduction is:0.00191628 after 20 iterations 

Warning: Full linear solver tolerance not achieved. The reduction is:1.861e-05 after 20 iterations 

Problem: Solver convergence failure - Iteration limit reached
Timestep chopped to 45.125193 days


Starting time step 30, stepsize 45.1252 days, at day 386587/386900, date = 11-Jun-3083

Warning: Full linear solver tolerance not achieved. The reduction is:2.31296e-05 after 20 iterations 
 Newton its= 3, linearizations= 4 (0.3sec), linear its= 52 (2.1sec)

Starting time step 31, stepsize 90.2504 days, at day 386632/386900, date = 26-Jul-3083

Warning: Full linear solver tolerance not achieved. The reduction is:0.000350039 after 20 iterations 

Warning: Full linear solver tolerance not achieved. The reduction is:0.000312699 after 20 iterations 

Warning: Full linear solver tolerance not achieved. The reduction is:0.00965477 after 20 iterations 

Warning: Full linear solver tolerance not achieved. The reduction is:3.76594e-05 after 20 iterations 

Warning: Full linear solver tolerance not achieved. The reduction is:1.02512e-05 after 20 iterations 
 Newton its= 6, linearizations= 7 (0.5sec), linear its=115 (4.6sec)

Starting time step 32, stepsize 88.776 days, at day 386722/386900, date = 24-Oct-3083
 Newton its= 4, linearizations= 5 (0.4sec), linear its= 68 (2.6sec)

Starting time step 33, stepsize 88.776 days, at day 386811/386900, date = 21-Jan-3084

Warning: Full linear solver tolerance not achieved. The reduction is:1.51608e-05 after 20 iterations 
 Newton its= 4, linearizations= 5 (0.4sec), linear its= 71 (2.7sec)

Report step 14/17 at day 386900/392375, date = 19-Apr-3084

Starting time step 0, stepsize 1825 days, at day 386900/388725, date = 19-Apr-3084

Warning: Full linear solver tolerance not achieved. The reduction is:0.000309421 after 20 iterations 

Warning: Full linear solver tolerance not achieved. The reduction is:0.000488904 after 20 iterations 

Problem: Solver convergence failure - Numerical problem encountered
Timestep chopped to 602.250000 days


Starting time step 0, stepsize 602.25 days, at day 386900/388725, date = 19-Apr-3084

Problem: Solver convergence failure - Numerical problem encountered
Timestep chopped to 198.742500 days


Starting time step 0, stepsize 198.743 days, at day 386900/388725, date = 19-Apr-3084

Warning: Full linear solver tolerance not achieved. The reduction is:1.21397e-05 after 20 iterations 

Warning: Full linear solver tolerance not achieved. The reduction is:2.15397e-05 after 20 iterations 

Warning: Full linear solver tolerance not achieved. The reduction is:2.98313e-05 after 20 iterations 

Warning: Full linear solver tolerance not achieved. The reduction is:3.23307e-05 after 20 iterations 

Warning: Full linear solver tolerance not achieved. The reduction is:3.43918e-05 after 20 iterations 

Warning: Full linear solver tolerance not achieved. The reduction is:5.94231e-05 after 20 iterations 

Warning: Full linear solver tolerance not achieved. The reduction is:2.57266e-05 after 20 iterations 

Warning: Full linear solver tolerance not achieved. The reduction is:4.60477e-05 after 20 iterations 
    Oscillating behavior detected: Relaxation set to 0.900000

Warning: Full linear solver tolerance not achieved. The reduction is:1.99323e-05 after 20 iterations 
    Oscillating behavior detected: Relaxation set to 0.800000

Warning: Full linear solver tolerance not achieved. The reduction is:1.71302e-05 after 20 iterations 

Warning: Full linear solver tolerance not achieved. The reduction is:1.93728e-05 after 20 iterations 
    Oscillating behavior detected: Relaxation set to 0.700000

Warning: Full linear solver tolerance not achieved. The reduction is:2.73687e-05 after 20 iterations 
    Oscillating behavior detected: Relaxation set to 0.600000

Warning: Full linear solver tolerance not achieved. The reduction is:2.7491e-05 after 20 iterations 

Warning: Full linear solver tolerance not achieved. The reduction is:3.21819e-05 after 20 iterations 
    Oscillating behavior detected: Relaxation set to 0.500000

Warning: Full linear solver tolerance not achieved. The reduction is:1.88559e-05 after 20 iterations 
    Oscillating behavior detected: Relaxation set to 0.500000

Warning: Full linear solver tolerance not achieved. The reduction is:0.000399558 after 20 iterations 
    Oscillating behavior detected: Relaxation set to 0.500000

Warning: Full linear solver tolerance not achieved. The reduction is:1.7099e-05 after 20 iterations 

Warning: Full linear solver tolerance not achieved. The reduction is:3.0686e-05 after 20 iterations 

Warning: Full linear solver tolerance not achieved. The reduction is:1.43013e-05 after 20 iterations 

Problem: Solver convergence failure - Iteration limit reached
Timestep chopped to 65.585025 days


Starting time step 0, stepsize 65.585 days, at day 386900/388725, date = 19-Apr-3084
 Newton its= 3, linearizations= 4 (0.3sec), linear its= 40 (1.6sec)

Starting time step 1, stepsize 131.17 days, at day 386966/388725, date = 23-Jun-3084

Warning: Full linear solver tolerance not achieved. The reduction is:0.00654247 after 20 iterations 

Warning: Full linear solver tolerance not achieved. The reduction is:1.2146e-05 after 20 iterations 

Warning: Full linear solver tolerance not achieved. The reduction is:1.71443e-05 after 20 iterations 

Warning: Full linear solver tolerance not achieved. The reduction is:2.44953e-05 after 20 iterations 

Warning: Full linear solver tolerance not achieved. The reduction is:1.13804e-05 after 20 iterations 

Warning: Full linear solver tolerance not achieved. The reduction is:3.12892e-05 after 20 iterations 

Problem: Solver convergence failure - Iteration limit reached
Timestep chopped to 43.286117 days


Starting time step 1, stepsize 43.2861 days, at day 386966/388725, date = 23-Jun-3084

Warning: Full linear solver tolerance not achieved. The reduction is:2.04757e-05 after 20 iterations 
 Newton its= 3, linearizations= 4 (0.3sec), linear its= 45 (1.8sec)

Starting time step 2, stepsize 86.5722 days, at day 387009/388725, date = 05-Aug-3084

Warning: Full linear solver tolerance not achieved. The reduction is:0.000131583 after 20 iterations 
 Newton its= 5, linearizations= 6 (0.4sec), linear its= 87 (3.4sec)

Starting time step 3, stepsize 190.459 days, at day 387095/388725, date = 31-Oct-3084

Warning: Full linear solver tolerance not achieved. The reduction is:2.41069e-05 after 20 iterations 

Warning: Full linear solver tolerance not achieved. The reduction is:2.10344e-05 after 20 iterations 

Warning: Full linear solver tolerance not achieved. The reduction is:3.20695e-05 after 20 iterations 

Warning: Full linear solver tolerance not achieved. The reduction is:2.50432e-05 after 20 iterations 

Warning: Full linear solver tolerance not achieved. The reduction is:1.62286e-05 after 20 iterations 

Warning: Full linear solver tolerance not achieved. The reduction is:2.24141e-05 after 20 iterations 

Warning: Full linear solver tolerance not achieved. The reduction is:1.11467e-05 after 20 iterations 

Warning: Full linear solver tolerance not achieved. The reduction is:2.07106e-05 after 20 iterations 

Warning: Full linear solver tolerance not achieved. The reduction is:1.27998e-05 after 20 iterations 

Warning: Full linear solver tolerance not achieved. The reduction is:2.74541e-05 after 20 iterations 

Warning: Full linear solver tolerance not achieved. The reduction is:1.07423e-05 after 20 iterations 

Warning: Full linear solver tolerance not achieved. The reduction is:2.74541e-05 after 20 iterations 

Warning: Full linear solver tolerance not achieved. The reduction is:1.09619e-05 after 20 iterations 

Warning: Full linear solver tolerance not achieved. The reduction is:2.74241e-05 after 20 iterations 

Warning: Full linear solver tolerance not achieved. The reduction is:1.09729e-05 after 20 iterations 

Warning: Full linear solver tolerance not achieved. The reduction is:2.7423e-05 after 20 iterations 

Warning: Full linear solver tolerance not achieved. The reduction is:1.09723e-05 after 20 iterations 

Warning: Full linear solver tolerance not achieved. The reduction is:2.83934e-05 after 20 iterations 

Problem: Solver convergence failure - Iteration limit reached
Timestep chopped to 62.851441 days


Starting time step 3, stepsize 62.8514 days, at day 387095/388725, date = 31-Oct-3084
 Newton its= 3, linearizations= 4 (0.3sec), linear its= 43 (1.7sec)

Starting time step 4, stepsize 125.703 days, at day 387158/388725, date = 02-Jan-3085

Warning: Full linear solver tolerance not achieved. The reduction is:0.00127133 after 20 iterations 

Warning: Full linear solver tolerance not achieved. The reduction is:3.67939e-05 after 20 iterations 

Warning: Full linear solver tolerance not achieved. The reduction is:0.00238489 after 20 iterations 

Warning: Full linear solver tolerance not achieved. The reduction is:1.55493e-05 after 20 iterations 

Warning: Full linear solver tolerance not achieved. The reduction is:3.98005e-05 after 20 iterations 

Warning: Full linear solver tolerance not achieved. The reduction is:6.86182e-05 after 20 iterations 

Warning: Full linear solver tolerance not achieved. The reduction is:4.57352e-05 after 20 iterations 

Warning: Full linear solver tolerance not achieved. The reduction is:6.68561e-05 after 20 iterations 

Warning: Full linear solver tolerance not achieved. The reduction is:1.09242e-05 after 20 iterations 
    Oscillating behavior detected: Relaxation set to 0.900000

Warning: Full linear solver tolerance not achieved. The reduction is:3.25372e-05 after 20 iterations 

Warning: Full linear solver tolerance not achieved. The reduction is:0.00014022 after 20 iterations 

Warning: Full linear solver tolerance not achieved. The reduction is:8.21696e-05 after 20 iterations 

Warning: Full linear solver tolerance not achieved. The reduction is:7.15785e-05 after 20 iterations 

Warning: Full linear solver tolerance not achieved. The reduction is:3.23875e-05 after 20 iterations 
    Oscillating behavior detected: Relaxation set to 0.800000

Warning: Full linear solver tolerance not achieved. The reduction is:5.12264e-05 after 20 iterations 

Warning: Full linear solver tolerance not achieved. The reduction is:3.54204e-05 after 20 iterations 
    Oscillating behavior detected: Relaxation set to 0.700000

Warning: Full linear solver tolerance not achieved. The reduction is:2.83636e-05 after 20 iterations 

Warning: Full linear solver tolerance not achieved. The reduction is:1.10031e-05 after 20 iterations 

Problem: Solver convergence failure - Iteration limit reached
Timestep chopped to 41.481951 days


Starting time step 4, stepsize 41.482 days, at day 387158/388725, date = 02-Jan-3085
 Newton its= 1, linearizations= 2 (0.1sec), linear its= 12 (0.5sec)

Starting time step 5, stepsize 82.9639 days, at day 387200/388725, date = 12-Feb-3085

Warning: Full linear solver tolerance not achieved. The reduction is:2.9725e-05 after 20 iterations 
 Newton its= 4, linearizations= 5 (0.4sec), linear its= 64 (2.5sec)

Starting time step 6, stepsize 215.706 days, at day 387283/388725, date = 06-May-3085

Warning: Full linear solver tolerance not achieved. The reduction is:0.0067217 after 20 iterations 

Problem: Solver convergence failure - Numerical problem encountered
Timestep chopped to 71.183028 days


Starting time step 6, stepsize 71.183 days, at day 387283/388725, date = 06-May-3085

Problem: Solver convergence failure - Numerical problem encountered
Timestep chopped to 23.490399 days


Starting time step 6, stepsize 23.4904 days, at day 387283/388725, date = 06-May-3085
 Newton its= 1, linearizations= 2 (0.1sec), linear its= 14 (0.5sec)

Starting time step 7, stepsize 46.9808 days, at day 387306/388725, date = 30-May-3085
 Newton its= 2, linearizations= 3 (0.2sec), linear its= 31 (1.2sec)

Starting time step 8, stepsize 140.942 days, at day 387353/388725, date = 16-Jul-3085

Warning: Full linear solver tolerance not achieved. The reduction is:1.47163e-05 after 20 iterations 

Warning: Full linear solver tolerance not achieved. The reduction is:4.2701e-05 after 20 iterations 

Warning: Full linear solver tolerance not achieved. The reduction is:0.00338382 after 20 iterations 

Problem: Solver convergence failure - Numerical problem encountered
Timestep chopped to 46.510991 days


Starting time step 8, stepsize 46.511 days, at day 387353/388725, date = 16-Jul-3085
 Newton its= 3, linearizations= 4 (0.3sec), linear its= 46 (1.8sec)

Starting time step 9, stepsize 93.022 days, at day 387400/388725, date = 31-Aug-3085

Warning: Full linear solver tolerance not achieved. The reduction is:0.00133716 after 20 iterations 

Warning: Full linear solver tolerance not achieved. The reduction is:0.000706733 after 20 iterations 

Warning: Full linear solver tolerance not achieved. The reduction is:0.00208548 after 20 iterations 

Warning: Full linear solver tolerance not achieved. The reduction is:0.000647884 after 20 iterations 

Warning: Full linear solver tolerance not achieved. The reduction is:0.00993646 after 20 iterations 
 Newton its= 6, linearizations= 7 (0.5sec), linear its=114 (4.4sec)

Starting time step 10, stepsize 167.44 days, at day 387493/388725, date = 02-Dec-3085

Warning: Full linear solver tolerance not achieved. The reduction is:0.00265462 after 20 iterations 

Warning: Full linear solver tolerance not achieved. The reduction is:0.000288197 after 20 iterations 

Warning: Full linear solver tolerance not achieved. The reduction is:4.48191e-05 after 20 iterations 

Warning: Full linear solver tolerance not achieved. The reduction is:2.55236e-05 after 20 iterations 

Warning: Full linear solver tolerance not achieved. The reduction is:0.000188741 after 20 iterations 

Warning: Full linear solver tolerance not achieved. The reduction is:0.000106258 after 20 iterations 

Warning: Full linear solver tolerance not achieved. The reduction is:1.87395e-05 after 20 iterations 

Warning: Full linear solver tolerance not achieved. The reduction is:0.000996275 after 20 iterations 

Warning: Full linear solver tolerance not achieved. The reduction is:0.008693 after 20 iterations 

Warning: Full linear solver tolerance not achieved. The reduction is:1.21592e-05 after 20 iterations 

Warning: Full linear solver tolerance not achieved. The reduction is:8.66148e-05 after 20 iterations 

Warning: Full linear solver tolerance not achieved. The reduction is:3.69384e-05 after 20 iterations 

Problem: Solver convergence failure - Iteration limit reached
Timestep chopped to 55.255057 days


Starting time step 10, stepsize 55.2551 days, at day 387493/388725, date = 02-Dec-3085
 Newton its= 3, linearizations= 4 (0.3sec), linear its= 37 (1.5sec)

Starting time step 11, stepsize 110.51 days, at day 387548/388725, date = 26-Jan-3086

Warning: Full linear solver tolerance not achieved. The reduction is:8.3505e-05 after 20 iterations 

Warning: Full linear solver tolerance not achieved. The reduction is:1.19862e-05 after 20 iterations 

Warning: Full linear solver tolerance not achieved. The reduction is:0.000833549 after 20 iterations 
 Newton its= 7, linearizations= 8 (0.6sec), linear its=129 (5.1sec)

Starting time step 12, stepsize 154.714 days, at day 387659/388725, date = 17-May-3086

Warning: Full linear solver tolerance not achieved. The reduction is:0.00249186 after 20 iterations 

Warning: Full linear solver tolerance not achieved. The reduction is:0.000314138 after 20 iterations 

Warning: Full linear solver tolerance not achieved. The reduction is:0.000121039 after 20 iterations 

Warning: Full linear solver tolerance not achieved. The reduction is:2.72997e-05 after 20 iterations 

Warning: Full linear solver tolerance not achieved. The reduction is:2.94513e-05 after 20 iterations 

Warning: Full linear solver tolerance not achieved. The reduction is:5.01284e-05 after 20 iterations 

Warning: Full linear solver tolerance not achieved. The reduction is:7.11907e-05 after 20 iterations 

Warning: Full linear solver tolerance not achieved. The reduction is:2.57515e-05 after 20 iterations 

Warning: Full linear solver tolerance not achieved. The reduction is:1.18933e-05 after 20 iterations 

Warning: Full linear solver tolerance not achieved. The reduction is:2.304e-05 after 20 iterations 
    Oscillating behavior detected: Relaxation set to 0.900000

Warning: Full linear solver tolerance not achieved. The reduction is:6.4221e-05 after 20 iterations 

Warning: Full linear solver tolerance not achieved. The reduction is:1.83098e-05 after 20 iterations 

Warning: Full linear solver tolerance not achieved. The reduction is:2.81272e-05 after 20 iterations 

Warning: Full linear solver tolerance not achieved. The reduction is:0.000117232 after 20 iterations 

Problem: Solver convergence failure - Iteration limit reached
Timestep chopped to 51.055673 days


Starting time step 12, stepsize 51.0557 days, at day 387659/388725, date = 17-May-3086
 Newton its= 3, linearizations= 4 (0.3sec), linear its= 37 (1.4sec)

Starting time step 13, stepsize 102.111 days, at day 387710/388725, date = 07-Jul-3086

Warning: Full linear solver tolerance not achieved. The reduction is:0.000165018 after 20 iterations 

Warning: Full linear solver tolerance not achieved. The reduction is:0.000119825 after 20 iterations 

Warning: Full linear solver tolerance not achieved. The reduction is:2.70033e-05 after 20 iterations 
 Newton its= 6, linearizations= 7 (0.5sec), linear its=109 (4.1sec)

Starting time step 14, stepsize 183.8 days, at day 387812/388725, date = 17-Oct-3086

Warning: Full linear solver tolerance not achieved. The reduction is:0.00331517 after 20 iterations 

Problem: Solver convergence failure - Numerical problem encountered
Timestep chopped to 60.654139 days


Starting time step 14, stepsize 60.6541 days, at day 387812/388725, date = 17-Oct-3086
 Newton its= 3, linearizations= 4 (0.3sec), linear its= 45 (1.7sec)

Starting time step 15, stepsize 121.308 days, at day 387872/388725, date = 17-Dec-3086

Warning: Full linear solver tolerance not achieved. The reduction is:0.000318188 after 20 iterations 

Warning: Full linear solver tolerance not achieved. The reduction is:0.00808107 after 20 iterations 

Warning: Full linear solver tolerance not achieved. The reduction is:0.000453698 after 20 iterations 

Problem: Solver convergence failure - Numerical problem encountered
Timestep chopped to 40.031732 days


Starting time step 15, stepsize 40.0317 days, at day 387872/388725, date = 17-Dec-3086

Problem: Solver convergence failure - Numerical problem encountered
Timestep chopped to 13.210471 days


Starting time step 15, stepsize 13.2105 days, at day 387872/388725, date = 17-Dec-3086
 Newton its= 1, linearizations= 2 (0.1sec), linear its= 12 (0.5sec)

Starting time step 16, stepsize 26.4209 days, at day 387886/388725, date = 30-Dec-3086
 Newton its= 1, linearizations= 2 (0.2sec), linear its= 11 (0.4sec)

Starting time step 17, stepsize 79.2628 days, at day 387912/388725, date = 25-Jan-3087

Warning: Full linear solver tolerance not achieved. The reduction is:1.63821e-05 after 20 iterations 
 Newton its= 4, linearizations= 5 (0.4sec), linear its= 70 (2.5sec)

Starting time step 18, stepsize 206.083 days, at day 387991/388725, date = 15-Apr-3087

Warning: Full linear solver tolerance not achieved. The reduction is:8.3266e-05 after 20 iterations 

Warning: Full linear solver tolerance not achieved. The reduction is:2.2306e-05 after 20 iterations 

Warning: Full linear solver tolerance not achieved. The reduction is:0.000387862 after 20 iterations 

Warning: Full linear solver tolerance not achieved. The reduction is:4.46649e-05 after 20 iterations 

Warning: Full linear solver tolerance not achieved. The reduction is:1.39405e-05 after 20 iterations 

Warning: Full linear solver tolerance not achieved. The reduction is:9.42957e-05 after 20 iterations 

Warning: Full linear solver tolerance not achieved. The reduction is:2.30917e-05 after 20 iterations 

Problem: Solver convergence failure - Iteration limit reached
Timestep chopped to 68.007507 days


Starting time step 18, stepsize 68.0075 days, at day 387991/388725, date = 15-Apr-3087
 Newton its= 3, linearizations= 4 (0.3sec), linear its= 44 (1.6sec)

Starting time step 19, stepsize 136.015 days, at day 388059/388725, date = 22-Jun-3087

Warning: Full linear solver tolerance not achieved. The reduction is:0.000311966 after 20 iterations 

Warning: Full linear solver tolerance not achieved. The reduction is:1.88526e-05 after 20 iterations 

Warning: Full linear solver tolerance not achieved. The reduction is:0.000181657 after 20 iterations 

Warning: Full linear solver tolerance not achieved. The reduction is:0.0019845 after 20 iterations 

Warning: Full linear solver tolerance not achieved. The reduction is:2.2112e-05 after 20 iterations 

Warning: Full linear solver tolerance not achieved. The reduction is:1.1466e-05 after 20 iterations 

Warning: Full linear solver tolerance not achieved. The reduction is:8.54233e-05 after 20 iterations 

Warning: Full linear solver tolerance not achieved. The reduction is:2.1194e-05 after 20 iterations 

Warning: Full linear solver tolerance not achieved. The reduction is:6.86193e-05 after 20 iterations 

Warning: Full linear solver tolerance not achieved. The reduction is:1.25938e-05 after 20 iterations 
    Oscillating behavior detected: Relaxation set to 0.900000

Warning: Full linear solver tolerance not achieved. The reduction is:6.349e-05 after 20 iterations 

Warning: Full linear solver tolerance not achieved. The reduction is:7.0509e-05 after 20 iterations 
    Oscillating behavior detected: Relaxation set to 0.800000

Warning: Full linear solver tolerance not achieved. The reduction is:0.000228399 after 20 iterations 
    Oscillating behavior detected: Relaxation set to 0.700000

Warning: Full linear solver tolerance not achieved. The reduction is:7.23682e-05 after 20 iterations 
    Oscillating behavior detected: Relaxation set to 0.600000

Problem: Solver convergence failure - Iteration limit reached
Timestep chopped to 44.884955 days


Starting time step 19, stepsize 44.885 days, at day 388059/388725, date = 22-Jun-3087
 Newton its= 3, linearizations= 4 (0.3sec), linear its= 45 (1.6sec)

Starting time step 20, stepsize 89.7699 days, at day 388104/388725, date = 06-Aug-3087

Warning: Full linear solver tolerance not achieved. The reduction is:0.000258355 after 20 iterations 

Warning: Full linear solver tolerance not achieved. The reduction is:2.18432e-05 after 20 iterations 
 Newton its= 4, linearizations= 5 (0.4sec), linear its= 70 (2.6sec)

Starting time step 21, stepsize 233.402 days, at day 388194/388725, date = 03-Nov-3087

Warning: Full linear solver tolerance not achieved. The reduction is:0.0016571 after 20 iterations 

Warning: Full linear solver tolerance not achieved. The reduction is:0.000205703 after 20 iterations 

Warning: Full linear solver tolerance not achieved. The reduction is:1.64169e-05 after 20 iterations 

Warning: Full linear solver tolerance not achieved. The reduction is:1.83427e-05 after 20 iterations 

Warning: Full linear solver tolerance not achieved. The reduction is:1.55097e-05 after 20 iterations 

Warning: Full linear solver tolerance not achieved. The reduction is:3.41482e-05 after 20 iterations 

Warning: Full linear solver tolerance not achieved. The reduction is:9.03183e-05 after 20 iterations 

Warning: Full linear solver tolerance not achieved. The reduction is:0.000168175 after 20 iterations 

Warning: Full linear solver tolerance not achieved. The reduction is:2.19641e-05 after 20 iterations 

Warning: Full linear solver tolerance not achieved. The reduction is:0.000163921 after 20 iterations 

Warning: Full linear solver tolerance not achieved. The reduction is:5.39443e-05 after 20 iterations 

Warning: Full linear solver tolerance not achieved. The reduction is:4.76316e-05 after 20 iterations 

Warning: Full linear solver tolerance not achieved. The reduction is:7.60058e-05 after 20 iterations 
    Oscillating behavior detected: Relaxation set to 0.900000

Warning: Full linear solver tolerance not achieved. The reduction is:2.44281e-05 after 20 iterations 

Warning: Full linear solver tolerance not achieved. The reduction is:0.000129152 after 20 iterations 

Warning: Full linear solver tolerance not achieved. The reduction is:2.68291e-05 after 20 iterations 

Warning: Full linear solver tolerance not achieved. The reduction is:0.00014301 after 20 iterations 

Problem: Solver convergence failure - Iteration limit reached
Timestep chopped to 77.022582 days


Starting time step 21, stepsize 77.0226 days, at day 388194/388725, date = 03-Nov-3087
 Newton its= 4, linearizations= 5 (0.4sec), linear its= 59 (2.2sec)

Starting time step 22, stepsize 154.045 days, at day 388271/388725, date = 19-Jan-3088

Warning: Full linear solver tolerance not achieved. The reduction is:1.58529e-05 after 20 iterations 

Warning: Full linear solver tolerance not achieved. The reduction is:3.35623e-05 after 20 iterations 

Warning: Full linear solver tolerance not achieved. The reduction is:2.87092e-05 after 20 iterations 

Problem: Solver convergence failure - Numerical problem encountered
Timestep chopped to 50.834904 days


Starting time step 22, stepsize 50.8349 days, at day 388271/388725, date = 19-Jan-3088

Warning: Full linear solver tolerance not achieved. The reduction is:1.67252e-05 after 20 iterations 
 Newton its= 3, linearizations= 4 (0.3sec), linear its= 48 (1.8sec)

Starting time step 23, stepsize 101.67 days, at day 388322/388725, date = 10-Mar-3088

Warning: Full linear solver tolerance not achieved. The reduction is:0.00024683 after 20 iterations 

Warning: Full linear solver tolerance not achieved. The reduction is:0.000425284 after 20 iterations 

Warning: Full linear solver tolerance not achieved. The reduction is:2.16698e-05 after 20 iterations 
 Newton its= 6, linearizations= 7 (0.5sec), linear its=105 (3.9sec)

Starting time step 24, stepsize 183.006 days, at day 388423/388725, date = 20-Jun-3088

Warning: Full linear solver tolerance not achieved. The reduction is:0.00019317 after 20 iterations 

Warning: Full linear solver tolerance not achieved. The reduction is:0.000333915 after 20 iterations 

Problem: Solver convergence failure - Numerical problem encountered
Timestep chopped to 60.391866 days


Starting time step 24, stepsize 60.3919 days, at day 388423/388725, date = 20-Jun-3088

Warning: Full linear solver tolerance not achieved. The reduction is:0.00382659 after 20 iterations 
 Newton its= 7, linearizations= 8 (0.6sec), linear its=111 (4.1sec)

Starting time step 25, stepsize 84.5486 days, at day 388484/388725, date = 19-Aug-3088
 Newton its= 4, linearizations= 5 (0.4sec), linear its= 67 (2.6sec)

Starting time step 26, stepsize 156.644 days, at day 388568/388725, date = 12-Nov-3088

Warning: Full linear solver tolerance not achieved. The reduction is:4.70022e-05 after 20 iterations 

Warning: Full linear solver tolerance not achieved. The reduction is:0.000747608 after 20 iterations 

Warning: Full linear solver tolerance not achieved. The reduction is:2.9246e-05 after 20 iterations 

Warning: Full linear solver tolerance not achieved. The reduction is:2.60533e-05 after 20 iterations 

Warning: Full linear solver tolerance not achieved. The reduction is:2.65673e-05 after 20 iterations 
    Oscillating behavior detected: Relaxation set to 0.900000

Warning: Full linear solver tolerance not achieved. The reduction is:3.17286e-05 after 20 iterations 
    Oscillating behavior detected: Relaxation set to 0.800000

Warning: Full linear solver tolerance not achieved. The reduction is:2.96287e-05 after 20 iterations 
    Oscillating behavior detected: Relaxation set to 0.700000

Warning: Full linear solver tolerance not achieved. The reduction is:2.84952e-05 after 20 iterations 
    Oscillating behavior detected: Relaxation set to 0.600000
    Oscillating behavior detected: Relaxation set to 0.500000

Warning: Full linear solver tolerance not achieved. The reduction is:1.02152e-05 after 20 iterations 
    Oscillating behavior detected: Relaxation set to 0.500000

Warning: Full linear solver tolerance not achieved. The reduction is:1.64499e-05 after 20 iterations 

Problem: Solver convergence failure - Iteration limit reached
Timestep chopped to 51.692667 days


Starting time step 26, stepsize 51.6927 days, at day 388568/388725, date = 12-Nov-3088
 Newton its= 3, linearizations= 4 (0.3sec), linear its= 42 (1.6sec)

Starting time step 27, stepsize 104.952 days, at day 388620/388725, date = 03-Jan-3089

Warning: Full linear solver tolerance not achieved. The reduction is:2.29129e-05 after 20 iterations 

Warning: Full linear solver tolerance not achieved. The reduction is:0.000290666 after 20 iterations 

Warning: Full linear solver tolerance not achieved. The reduction is:1.35801e-05 after 20 iterations 
 Newton its= 5, linearizations= 6 (0.4sec), linear its= 98 (3.5sec)

Report step 15/17 at day 388725/392375, date = 18-Apr-3089

Starting time step 0, stepsize 1825 days, at day 388725/390550, date = 18-Apr-3089

Warning: Full linear solver tolerance not achieved. The reduction is:0.000318646 after 20 iterations 

Warning: Full linear solver tolerance not achieved. The reduction is:0.00353796 after 20 iterations 

Warning: Full linear solver tolerance not achieved. The reduction is:0.000259954 after 20 iterations 

Problem: Solver convergence failure - Numerical problem encountered
Timestep chopped to 602.250000 days


Starting time step 0, stepsize 602.25 days, at day 388725/390550, date = 18-Apr-3089

Problem: Solver convergence failure - Numerical problem encountered
Timestep chopped to 198.742500 days


Starting time step 0, stepsize 198.743 days, at day 388725/390550, date = 18-Apr-3089

Warning: Full linear solver tolerance not achieved. The reduction is:4.2457e-05 after 20 iterations 

Warning: Full linear solver tolerance not achieved. The reduction is:0.000118368 after 20 iterations 

Warning: Full linear solver tolerance not achieved. The reduction is:0.000990819 after 20 iterations 

Warning: Full linear solver tolerance not achieved. The reduction is:0.00030549 after 20 iterations 

Warning: Full linear solver tolerance not achieved. The reduction is:1.74914e-05 after 20 iterations 

Warning: Full linear solver tolerance not achieved. The reduction is:3.76962e-05 after 20 iterations 

Warning: Full linear solver tolerance not achieved. The reduction is:1.52186e-05 after 20 iterations 

Warning: Full linear solver tolerance not achieved. The reduction is:1.34901e-05 after 20 iterations 

Warning: Full linear solver tolerance not achieved. The reduction is:1.01584e-05 after 20 iterations 

Problem: Solver convergence failure - Iteration limit reached
Timestep chopped to 65.585025 days


Starting time step 0, stepsize 65.585 days, at day 388725/390550, date = 18-Apr-3089
 Newton its= 3, linearizations= 4 (0.3sec), linear its= 51 (1.9sec)

Starting time step 1, stepsize 131.17 days, at day 388791/390550, date = 22-Jun-3089

Warning: Full linear solver tolerance not achieved. The reduction is:9.19982e-05 after 20 iterations 

Warning: Full linear solver tolerance not achieved. The reduction is:2.22148e-05 after 20 iterations 

Warning: Full linear solver tolerance not achieved. The reduction is:0.000272999 after 20 iterations 

Warning: Full linear solver tolerance not achieved. The reduction is:1.74965e-05 after 20 iterations 

Warning: Full linear solver tolerance not achieved. The reduction is:1.36505e-05 after 20 iterations 

Warning: Full linear solver tolerance not achieved. The reduction is:8.68839e-05 after 20 iterations 

Warning: Full linear solver tolerance not achieved. The reduction is:6.22254e-05 after 20 iterations 
    Oscillating behavior detected: Relaxation set to 0.900000
    Oscillating behavior detected: Relaxation set to 0.800000

Warning: Full linear solver tolerance not achieved. The reduction is:1.7257e-05 after 20 iterations 
    Oscillating behavior detected: Relaxation set to 0.700000

Warning: Full linear solver tolerance not achieved. The reduction is:0.000207378 after 20 iterations 

Warning: Full linear solver tolerance not achieved. The reduction is:6.33263e-05 after 20 iterations 
    Oscillating behavior detected: Relaxation set to 0.600000
    Oscillating behavior detected: Relaxation set to 0.500000

Problem: Solver convergence failure - Iteration limit reached
Timestep chopped to 43.286117 days


Starting time step 1, stepsize 43.2861 days, at day 388791/390550, date = 22-Jun-3089
 Newton its= 3, linearizations= 4 (0.3sec), linear its= 42 (1.6sec)

Starting time step 2, stepsize 86.5722 days, at day 388834/390550, date = 04-Aug-3089

Warning: Full linear solver tolerance not achieved. The reduction is:1.13878e-05 after 20 iterations 
 Newton its= 3, linearizations= 4 (0.3sec), linear its= 54 (2.0sec)

Starting time step 3, stepsize 259.717 days, at day 388920/390550, date = 30-Oct-3089

Warning: Full linear solver tolerance not achieved. The reduction is:0.00033624 after 20 iterations 

Warning: Full linear solver tolerance not achieved. The reduction is:0.000119488 after 20 iterations 

Warning: Full linear solver tolerance not achieved. The reduction is:7.11374e-05 after 20 iterations 

Warning: Full linear solver tolerance not achieved. The reduction is:2.75808e-05 after 20 iterations 

Warning: Full linear solver tolerance not achieved. The reduction is:1.68569e-05 after 20 iterations 
    Oscillating behavior detected: Relaxation set to 0.900000

Warning: Full linear solver tolerance not achieved. The reduction is:1.32606e-05 after 20 iterations 

Warning: Full linear solver tolerance not achieved. The reduction is:1.16972e-05 after 20 iterations 

Warning: Full linear solver tolerance not achieved. The reduction is:2.4351e-05 after 20 iterations 

Warning: Full linear solver tolerance not achieved. The reduction is:1.0768e-05 after 20 iterations 
    Oscillating behavior detected: Relaxation set to 0.800000

Problem: Solver convergence failure - Iteration limit reached
Timestep chopped to 85.706511 days


Starting time step 3, stepsize 85.7065 days, at day 388920/390550, date = 30-Oct-3089

Warning: Full linear solver tolerance not achieved. The reduction is:1.03235e-05 after 20 iterations 
 Newton its= 3, linearizations= 4 (0.3sec), linear its= 56 (2.0sec)

Starting time step 4, stepsize 171.413 days, at day 389006/390550, date = 24-Jan-3090

Warning: Full linear solver tolerance not achieved. The reduction is:0.000312831 after 20 iterations 

Warning: Full linear solver tolerance not achieved. The reduction is:0.000561587 after 20 iterations 

Warning: Full linear solver tolerance not achieved. The reduction is:4.1221e-05 after 20 iterations 

Warning: Full linear solver tolerance not achieved. The reduction is:1.51979e-05 after 20 iterations 

Warning: Full linear solver tolerance not achieved. The reduction is:1.2447e-05 after 20 iterations 

Warning: Full linear solver tolerance not achieved. The reduction is:6.44523e-05 after 20 iterations 

Warning: Full linear solver tolerance not achieved. The reduction is:1.21712e-05 after 20 iterations 

Warning: Full linear solver tolerance not achieved. The reduction is:3.79559e-05 after 20 iterations 
    Oscillating behavior detected: Relaxation set to 0.900000

Warning: Full linear solver tolerance not achieved. The reduction is:1.73647e-05 after 20 iterations 
    Oscillating behavior detected: Relaxation set to 0.800000

Warning: Full linear solver tolerance not achieved. The reduction is:1.00001e-05 after 20 iterations 

Warning: Full linear solver tolerance not achieved. The reduction is:1.79297e-05 after 20 iterations 
    Oscillating behavior detected: Relaxation set to 0.700000

Warning: Full linear solver tolerance not achieved. The reduction is:2.79763e-05 after 20 iterations 
    Oscillating behavior detected: Relaxation set to 0.600000

Warning: Full linear solver tolerance not achieved. The reduction is:1.00125e-05 after 20 iterations 

Warning: Full linear solver tolerance not achieved. The reduction is:3.28578e-05 after 20 iterations 
    Oscillating behavior detected: Relaxation set to 0.500000

Warning: Full linear solver tolerance not achieved. The reduction is:1.00749e-05 after 20 iterations 

Warning: Full linear solver tolerance not achieved. The reduction is:0.000126458 after 20 iterations 
    Oscillating behavior detected: Relaxation set to 0.500000

Problem: Solver convergence failure - Iteration limit reached
Timestep chopped to 56.566297 days


Starting time step 4, stepsize 56.5663 days, at day 389006/390550, date = 24-Jan-3090
 Newton its= 3, linearizations= 4 (0.3sec), linear its= 45 (1.7sec)

Starting time step 5, stepsize 113.133 days, at day 389063/390550, date = 21-Mar-3090

Warning: Full linear solver tolerance not achieved. The reduction is:3.74521e-05 after 20 iterations 

Warning: Full linear solver tolerance not achieved. The reduction is:0.000174056 after 20 iterations 

Problem: Solver convergence failure - Numerical problem encountered
Timestep chopped to 37.333756 days


Starting time step 5, stepsize 37.3338 days, at day 389063/390550, date = 21-Mar-3090
 Newton its= 1, linearizations= 2 (0.1sec), linear its= 13 (0.5sec)

Starting time step 6, stepsize 74.6675 days, at day 389100/390550, date = 28-Apr-3090
 Newton its= 4, linearizations= 5 (0.4sec), linear its= 68 (2.5sec)

Starting time step 7, stepsize 194.136 days, at day 389175/390550, date = 11-Jul-3090

Warning: Full linear solver tolerance not achieved. The reduction is:1.88142e-05 after 20 iterations 

Warning: Full linear solver tolerance not achieved. The reduction is:5.80622e-05 after 20 iterations 

Warning: Full linear solver tolerance not achieved. The reduction is:0.000161135 after 20 iterations 

Warning: Full linear solver tolerance not achieved. The reduction is:1.40919e-05 after 20 iterations 

Warning: Full linear solver tolerance not achieved. The reduction is:8.68214e-05 after 20 iterations 

Problem: Solver convergence failure - Iteration limit reached
Timestep chopped to 64.064725 days


Starting time step 7, stepsize 64.0647 days, at day 389175/390550, date = 11-Jul-3090
 Newton its= 3, linearizations= 4 (0.3sec), linear its= 43 (1.6sec)

Starting time step 8, stepsize 128.129 days, at day 389239/390550, date = 13-Sep-3090

Warning: Full linear solver tolerance not achieved. The reduction is:9.84991e-05 after 20 iterations 

Warning: Full linear solver tolerance not achieved. The reduction is:1.40682e-05 after 20 iterations 

Warning: Full linear solver tolerance not achieved. The reduction is:4.41275e-05 after 20 iterations 

Warning: Full linear solver tolerance not achieved. The reduction is:2.83357e-05 after 20 iterations 
    Oscillating behavior detected: Relaxation set to 0.900000
    Oscillating behavior detected: Relaxation set to 0.800000
    Oscillating behavior detected: Relaxation set to 0.700000

Warning: Full linear solver tolerance not achieved. The reduction is:0.000141156 after 20 iterations 
    Oscillating behavior detected: Relaxation set to 0.600000

Warning: Full linear solver tolerance not achieved. The reduction is:1.79541e-05 after 20 iterations 
    Oscillating behavior detected: Relaxation set to 0.500000

Warning: Full linear solver tolerance not achieved. The reduction is:1.91139e-05 after 20 iterations 

Warning: Full linear solver tolerance not achieved. The reduction is:1.44654e-05 after 20 iterations 

Warning: Full linear solver tolerance not achieved. The reduction is:1.81528e-05 after 20 iterations 

Warning: Full linear solver tolerance not achieved. The reduction is:3.09587e-05 after 20 iterations 

Warning: Full linear solver tolerance not achieved. The reduction is:1.39652e-05 after 20 iterations 

Warning: Full linear solver tolerance not achieved. The reduction is:4.83556e-05 after 20 iterations 

Problem: Solver convergence failure - Iteration limit reached
Timestep chopped to 42.282719 days


Starting time step 8, stepsize 42.2827 days, at day 389239/390550, date = 13-Sep-3090
 Newton its= 2, linearizations= 3 (0.2sec), linear its= 26 (1.0sec)

Starting time step 9, stepsize 84.5654 days, at day 389281/390550, date = 26-Oct-3090

Warning: Full linear solver tolerance not achieved. The reduction is:1.4402e-05 after 20 iterations 
 Newton its= 4, linearizations= 5 (0.4sec), linear its= 70 (2.5sec)

Starting time step 10, stepsize 219.87 days, at day 389366/390550, date = 18-Jan-3091

Warning: Full linear solver tolerance not achieved. The reduction is:0.000292397 after 20 iterations 

Warning: Full linear solver tolerance not achieved. The reduction is:6.25542e-05 after 20 iterations 

Warning: Full linear solver tolerance not achieved. The reduction is:3.53342e-05 after 20 iterations 

Warning: Full linear solver tolerance not achieved. The reduction is:7.9433e-05 after 20 iterations 

Warning: Full linear solver tolerance not achieved. The reduction is:2.72568e-05 after 20 iterations 

Warning: Full linear solver tolerance not achieved. The reduction is:8.01199e-05 after 20 iterations 

Warning: Full linear solver tolerance not achieved. The reduction is:0.000774901 after 20 iterations 

Warning: Full linear solver tolerance not achieved. The reduction is:1.62889e-05 after 20 iterations 

Warning: Full linear solver tolerance not achieved. The reduction is:5.07421e-05 after 20 iterations 

Warning: Full linear solver tolerance not achieved. The reduction is:2.08556e-05 after 20 iterations 

Warning: Full linear solver tolerance not achieved. The reduction is:9.07159e-05 after 20 iterations 

Warning: Full linear solver tolerance not achieved. The reduction is:9.34844e-05 after 20 iterations 

Warning: Full linear solver tolerance not achieved. The reduction is:8.73972e-05 after 20 iterations 

Warning: Full linear solver tolerance not achieved. The reduction is:3.30576e-05 after 20 iterations 

Warning: Full linear solver tolerance not achieved. The reduction is:0.000118012 after 20 iterations 

Warning: Full linear solver tolerance not achieved. The reduction is:0.000467916 after 20 iterations 

Warning: Full linear solver tolerance not achieved. The reduction is:1.01809e-05 after 20 iterations 

Problem: Solver convergence failure - Iteration limit reached
Timestep chopped to 72.557145 days


Starting time step 10, stepsize 72.5571 days, at day 389366/390550, date = 18-Jan-3091
 Newton its= 3, linearizations= 4 (0.3sec), linear its= 51 (2.0sec)

Starting time step 11, stepsize 145.114 days, at day 389438/390550, date = 01-Apr-3091

Warning: Full linear solver tolerance not achieved. The reduction is:4.02225e-05 after 20 iterations 

Warning: Full linear solver tolerance not achieved. The reduction is:1.37225e-05 after 20 iterations 

Warning: Full linear solver tolerance not achieved. The reduction is:4.04433e-05 after 20 iterations 

Warning: Full linear solver tolerance not achieved. The reduction is:1.21498e-05 after 20 iterations 

Warning: Full linear solver tolerance not achieved. The reduction is:1.19389e-05 after 20 iterations 

Warning: Full linear solver tolerance not achieved. The reduction is:1.25349e-05 after 20 iterations 

Warning: Full linear solver tolerance not achieved. The reduction is:1.21191e-05 after 20 iterations 

Warning: Full linear solver tolerance not achieved. The reduction is:1.2193e-05 after 20 iterations 

Warning: Full linear solver tolerance not achieved. The reduction is:1.2276e-05 after 20 iterations 

Warning: Full linear solver tolerance not achieved. The reduction is:1.22824e-05 after 20 iterations 

Problem: Solver convergence failure - Iteration limit reached
Timestep chopped to 47.887716 days


Starting time step 11, stepsize 47.8877 days, at day 389438/390550, date = 01-Apr-3091
 Newton its= 3, linearizations= 4 (0.3sec), linear its= 46 (1.7sec)

Starting time step 12, stepsize 95.7754 days, at day 389486/390550, date = 19-May-3091

Warning: Full linear solver tolerance not achieved. The reduction is:0.000119298 after 20 iterations 

Warning: Full linear solver tolerance not achieved. The reduction is:8.60281e-05 after 20 iterations 
 Newton its= 3, linearizations= 4 (0.3sec), linear its= 59 (2.1sec)

Starting time step 13, stepsize 287.326 days, at day 389582/390550, date = 22-Aug-3091

Warning: Full linear solver tolerance not achieved. The reduction is:1.15656e-05 after 20 iterations 

Warning: Full linear solver tolerance not achieved. The reduction is:3.80695e-05 after 20 iterations 

Warning: Full linear solver tolerance not achieved. The reduction is:0.00637885 after 20 iterations 

Problem: Solver convergence failure - Numerical problem encountered
Timestep chopped to 94.817678 days


Starting time step 13, stepsize 94.8177 days, at day 389582/390550, date = 22-Aug-3091

Problem: Solver convergence failure - Numerical problem encountered
Timestep chopped to 31.289834 days


Starting time step 13, stepsize 31.2898 days, at day 389582/390550, date = 22-Aug-3091
 Newton its= 1, linearizations= 2 (0.1sec), linear its= 14 (0.5sec)

Starting time step 14, stepsize 62.5797 days, at day 389613/390550, date = 23-Sep-3091
 Newton its= 3, linearizations= 4 (0.3sec), linear its= 48 (1.7sec)

Starting time step 15, stepsize 187.739 days, at day 389676/390550, date = 24-Nov-3091

Warning: Full linear solver tolerance not achieved. The reduction is:0.000126022 after 20 iterations 

Warning: Full linear solver tolerance not achieved. The reduction is:1.07866e-05 after 20 iterations 

Warning: Full linear solver tolerance not achieved. The reduction is:1.3509e-05 after 20 iterations 

Warning: Full linear solver tolerance not achieved. The reduction is:0.000127863 after 20 iterations 

Warning: Full linear solver tolerance not achieved. The reduction is:1.18547e-05 after 20 iterations 

Warning: Full linear solver tolerance not achieved. The reduction is:3.01192e-05 after 20 iterations 

Warning: Full linear solver tolerance not achieved. The reduction is:0.000951648 after 20 iterations 

Warning: Full linear solver tolerance not achieved. The reduction is:0.000239938 after 20 iterations 

Warning: Full linear solver tolerance not achieved. The reduction is:3.68115e-05 after 20 iterations 

Warning: Full linear solver tolerance not achieved. The reduction is:2.54082e-05 after 20 iterations 

Warning: Full linear solver tolerance not achieved. The reduction is:2.79326e-05 after 20 iterations 

Warning: Full linear solver tolerance not achieved. The reduction is:0.000218039 after 20 iterations 

Warning: Full linear solver tolerance not achieved. The reduction is:1.30408e-05 after 20 iterations 

Warning: Full linear solver tolerance not achieved. The reduction is:0.00034078 after 20 iterations 

Warning: Full linear solver tolerance not achieved. The reduction is:5.15626e-05 after 20 iterations 

Warning: Full linear solver tolerance not achieved. The reduction is:2.82807e-05 after 20 iterations 

Problem: Solver convergence failure - Iteration limit reached
Timestep chopped to 61.953871 days


Starting time step 15, stepsize 61.9539 days, at day 389676/390550, date = 24-Nov-3091
 Newton its= 3, linearizations= 4 (0.3sec), linear its= 45 (1.8sec)

Starting time step 16, stepsize 123.908 days, at day 389738/390550, date = 25-Jan-3092

Warning: Full linear solver tolerance not achieved. The reduction is:0.000539789 after 20 iterations 

Warning: Full linear solver tolerance not achieved. The reduction is:5.00103e-05 after 20 iterations 

Warning: Full linear solver tolerance not achieved. The reduction is:3.62894e-05 after 20 iterations 

Warning: Full linear solver tolerance not achieved. The reduction is:7.67478e-05 after 20 iterations 

Warning: Full linear solver tolerance not achieved. The reduction is:1.75114e-05 after 20 iterations 

Warning: Full linear solver tolerance not achieved. The reduction is:1.75069e-05 after 20 iterations 

Warning: Full linear solver tolerance not achieved. The reduction is:4.56941e-05 after 20 iterations 

Warning: Full linear solver tolerance not achieved. The reduction is:6.86327e-05 after 20 iterations 

Warning: Full linear solver tolerance not achieved. The reduction is:0.000122668 after 20 iterations 

Problem: Solver convergence failure - Numerical problem encountered
Timestep chopped to 40.889555 days


Starting time step 16, stepsize 40.8896 days, at day 389738/390550, date = 25-Jan-3092
 Newton its= 1, linearizations= 2 (0.1sec), linear its= 13 (0.5sec)

Starting time step 17, stepsize 81.7791 days, at day 389779/390550, date = 06-Mar-3092
 Newton its= 4, linearizations= 5 (0.4sec), linear its= 66 (2.5sec)

Starting time step 18, stepsize 212.626 days, at day 389860/390550, date = 27-May-3092

Warning: Full linear solver tolerance not achieved. The reduction is:6.26987e-05 after 20 iterations 

Problem: Solver convergence failure - Numerical problem encountered
Timestep chopped to 70.166476 days


Starting time step 18, stepsize 70.1665 days, at day 389860/390550, date = 27-May-3092

Warning: Full linear solver tolerance not achieved. The reduction is:1.14258e-05 after 20 iterations 
 Newton its= 3, linearizations= 4 (0.3sec), linear its= 51 (1.9sec)

Starting time step 19, stepsize 140.333 days, at day 389931/390550, date = 05-Aug-3092

Warning: Full linear solver tolerance not achieved. The reduction is:1.47145e-05 after 20 iterations 

Warning: Full linear solver tolerance not achieved. The reduction is:4.84082e-05 after 20 iterations 

Warning: Full linear solver tolerance not achieved. The reduction is:0.000322761 after 20 iterations 

Warning: Full linear solver tolerance not achieved. The reduction is:0.000200961 after 20 iterations 
    Oscillating behavior detected: Relaxation set to 0.900000

Warning: Full linear solver tolerance not achieved. The reduction is:2.63238e-05 after 20 iterations 

Warning: Full linear solver tolerance not achieved. The reduction is:0.000150139 after 20 iterations 

Warning: Full linear solver tolerance not achieved. The reduction is:0.000186369 after 20 iterations 

Warning: Full linear solver tolerance not achieved. The reduction is:0.000426313 after 20 iterations 

Warning: Full linear solver tolerance not achieved. The reduction is:0.000107984 after 20 iterations 

Warning: Full linear solver tolerance not achieved. The reduction is:4.01319e-05 after 20 iterations 

Warning: Full linear solver tolerance not achieved. The reduction is:0.000225598 after 20 iterations 

Warning: Full linear solver tolerance not achieved. The reduction is:4.54448e-05 after 20 iterations 

Warning: Full linear solver tolerance not achieved. The reduction is:0.000664434 after 20 iterations 

Warning: Full linear solver tolerance not achieved. The reduction is:8.52944e-05 after 20 iterations 

Warning: Full linear solver tolerance not achieved. The reduction is:0.000821932 after 20 iterations 

Warning: Full linear solver tolerance not achieved. The reduction is:0.0061852 after 20 iterations 

Warning: Full linear solver tolerance not achieved. The reduction is:2.87155e-05 after 20 iterations 

Problem: Solver convergence failure - Iteration limit reached
Timestep chopped to 46.309874 days


Starting time step 19, stepsize 46.3099 days, at day 389931/390550, date = 05-Aug-3092
 Newton its= 5, linearizations= 6 (0.4sec), linear its= 79 (3.0sec)

Starting time step 20, stepsize 92.6197 days, at day 389977/390550, date = 20-Sep-3092

Warning: Full linear solver tolerance not achieved. The reduction is:0.000670106 after 20 iterations 

Warning: Full linear solver tolerance not achieved. The reduction is:0.000197071 after 20 iterations 

Warning: Full linear solver tolerance not achieved. The reduction is:5.90796e-05 after 20 iterations 
 Newton its= 4, linearizations= 5 (0.4sec), linear its= 75 (2.7sec)

Starting time step 21, stepsize 240.811 days, at day 390069/390550, date = 22-Dec-3092

Warning: Full linear solver tolerance not achieved. The reduction is:4.25271e-05 after 20 iterations 

Warning: Full linear solver tolerance not achieved. The reduction is:2.83943e-05 after 20 iterations 

Warning: Full linear solver tolerance not achieved. The reduction is:2.23028e-05 after 20 iterations 

Warning: Full linear solver tolerance not achieved. The reduction is:3.24062e-05 after 20 iterations 

Warning: Full linear solver tolerance not achieved. The reduction is:2.12774e-05 after 20 iterations 

Warning: Full linear solver tolerance not achieved. The reduction is:1.73298e-05 after 20 iterations 

Warning: Full linear solver tolerance not achieved. The reduction is:2.76605e-05 after 20 iterations 

Warning: Full linear solver tolerance not achieved. The reduction is:2.34871e-05 after 20 iterations 

Warning: Full linear solver tolerance not achieved. The reduction is:2.45981e-05 after 20 iterations 
    Oscillating behavior detected: Relaxation set to 0.900000

Warning: Full linear solver tolerance not achieved. The reduction is:1.93696e-05 after 20 iterations 

Warning: Full linear solver tolerance not achieved. The reduction is:5.80993e-05 after 20 iterations 

Warning: Full linear solver tolerance not achieved. The reduction is:2.26143e-05 after 20 iterations 
    Oscillating behavior detected: Relaxation set to 0.800000

Warning: Full linear solver tolerance not achieved. The reduction is:2.33385e-05 after 20 iterations 

Warning: Full linear solver tolerance not achieved. The reduction is:1.94094e-05 after 20 iterations 

Warning: Full linear solver tolerance not achieved. The reduction is:3.53886e-05 after 20 iterations 
    Oscillating behavior detected: Relaxation set to 0.700000

Warning: Full linear solver tolerance not achieved. The reduction is:2.39893e-05 after 20 iterations 

Warning: Full linear solver tolerance not achieved. The reduction is:2.60542e-05 after 20 iterations 
    Oscillating behavior detected: Relaxation set to 0.600000

Warning: Full linear solver tolerance not achieved. The reduction is:1.96281e-05 after 20 iterations 

Warning: Full linear solver tolerance not achieved. The reduction is:0.000132511 after 20 iterations 

Problem: Solver convergence failure - Iteration limit reached
Timestep chopped to 79.467744 days


Starting time step 21, stepsize 79.4677 days, at day 390069/390550, date = 22-Dec-3092

Warning: Full linear solver tolerance not achieved. The reduction is:2.25902e-05 after 20 iterations 

Warning: Full linear solver tolerance not achieved. The reduction is:1.25854e-05 after 20 iterations 
 Newton its= 4, linearizations= 5 (0.4sec), linear its= 72 (2.7sec)

Starting time step 22, stepsize 158.935 days, at day 390149/390550, date = 11-Mar-3093

Warning: Full linear solver tolerance not achieved. The reduction is:1.39695e-05 after 20 iterations 

Warning: Full linear solver tolerance not achieved. The reduction is:3.06405e-05 after 20 iterations 

Warning: Full linear solver tolerance not achieved. The reduction is:0.00262234 after 20 iterations 

Warning: Full linear solver tolerance not achieved. The reduction is:0.000802065 after 20 iterations 

Warning: Full linear solver tolerance not achieved. The reduction is:3.18501e-05 after 20 iterations 

Warning: Full linear solver tolerance not achieved. The reduction is:1.03457e-05 after 20 iterations 

Warning: Full linear solver tolerance not achieved. The reduction is:1.21923e-05 after 20 iterations 

Warning: Full linear solver tolerance not achieved. The reduction is:3.42639e-05 after 20 iterations 

Warning: Full linear solver tolerance not achieved. The reduction is:5.11235e-05 after 20 iterations 

Warning: Full linear solver tolerance not achieved. The reduction is:0.000181815 after 20 iterations 

Warning: Full linear solver tolerance not achieved. The reduction is:0.000140263 after 20 iterations 

Problem: Solver convergence failure - Iteration limit reached
Timestep chopped to 52.448711 days


Starting time step 22, stepsize 52.4487 days, at day 390149/390550, date = 11-Mar-3093
 Newton its= 3, linearizations= 4 (0.3sec), linear its= 47 (1.8sec)

Starting time step 23, stepsize 104.897 days, at day 390201/390550, date = 03-May-3093

Warning: Full linear solver tolerance not achieved. The reduction is:0.000102212 after 20 iterations 

Warning: Full linear solver tolerance not achieved. The reduction is:7.78066e-05 after 20 iterations 

Warning: Full linear solver tolerance not achieved. The reduction is:1.86431e-05 after 20 iterations 
 Newton its= 5, linearizations= 6 (0.4sec), linear its= 92 (3.4sec)

Starting time step 24, stepsize 121.874 days, at day 390306/390550, date = 16-Aug-3093

Warning: Full linear solver tolerance not achieved. The reduction is:0.000219294 after 20 iterations 

Warning: Full linear solver tolerance not achieved. The reduction is:2.18785e-05 after 20 iterations 

Warning: Full linear solver tolerance not achieved. The reduction is:1.18761e-05 after 20 iterations 

Warning: Full linear solver tolerance not achieved. The reduction is:0.000279705 after 20 iterations 

Warning: Full linear solver tolerance not achieved. The reduction is:0.000946988 after 20 iterations 

Warning: Full linear solver tolerance not achieved. The reduction is:0.00636612 after 20 iterations 

Warning: Full linear solver tolerance not achieved. The reduction is:2.86048e-05 after 20 iterations 

Warning: Full linear solver tolerance not achieved. The reduction is:0.000326958 after 20 iterations 

Warning: Full linear solver tolerance not achieved. The reduction is:2.93191e-05 after 20 iterations 

Warning: Full linear solver tolerance not achieved. The reduction is:3.65206e-05 after 20 iterations 

Warning: Full linear solver tolerance not achieved. The reduction is:0.000114045 after 20 iterations 

Warning: Full linear solver tolerance not achieved. The reduction is:0.000192371 after 20 iterations 

Warning: Full linear solver tolerance not achieved. The reduction is:2.12841e-05 after 20 iterations 

Warning: Full linear solver tolerance not achieved. The reduction is:3.13786e-05 after 20 iterations 

Warning: Full linear solver tolerance not achieved. The reduction is:1.80226e-05 after 20 iterations 

Problem: Solver convergence failure - Iteration limit reached
Timestep chopped to 40.218315 days


Starting time step 24, stepsize 40.2183 days, at day 390306/390550, date = 16-Aug-3093
 Newton its= 2, linearizations= 3 (0.2sec), linear its= 30 (1.1sec)

Starting time step 25, stepsize 80.4366 days, at day 390346/390550, date = 25-Sep-3093
 Newton its= 3, linearizations= 4 (0.3sec), linear its= 47 (1.8sec)

Starting time step 26, stepsize 123.092 days, at day 390427/390550, date = 14-Dec-3093

Warning: Full linear solver tolerance not achieved. The reduction is:0.000143963 after 20 iterations 

Warning: Full linear solver tolerance not achieved. The reduction is:6.99817e-05 after 20 iterations 

Warning: Full linear solver tolerance not achieved. The reduction is:1.84939e-05 after 20 iterations 

Warning: Full linear solver tolerance not achieved. The reduction is:0.000183763 after 20 iterations 

Warning: Full linear solver tolerance not achieved. The reduction is:0.00555436 after 20 iterations 

Warning: Full linear solver tolerance not achieved. The reduction is:0.00018574 after 20 iterations 

Warning: Full linear solver tolerance not achieved. The reduction is:6.762e-05 after 20 iterations 

Warning: Full linear solver tolerance not achieved. The reduction is:0.000114953 after 20 iterations 

Warning: Full linear solver tolerance not achieved. The reduction is:3.04116e-05 after 20 iterations 
    Oscillating behavior detected: Relaxation set to 0.900000

Warning: Full linear solver tolerance not achieved. The reduction is:6.3539e-05 after 20 iterations 

Warning: Full linear solver tolerance not achieved. The reduction is:0.000314097 after 20 iterations 

Warning: Full linear solver tolerance not achieved. The reduction is:9.84237e-05 after 20 iterations 

Warning: Full linear solver tolerance not achieved. The reduction is:6.82482e-05 after 20 iterations 

Warning: Full linear solver tolerance not achieved. The reduction is:5.06639e-05 after 20 iterations 

Warning: Full linear solver tolerance not achieved. The reduction is:5.28094e-05 after 20 iterations 

Warning: Full linear solver tolerance not achieved. The reduction is:4.43982e-05 after 20 iterations 

Warning: Full linear solver tolerance not achieved. The reduction is:1.20791e-05 after 20 iterations 

Warning: Full linear solver tolerance not achieved. The reduction is:4.08743e-05 after 20 iterations 

Warning: Full linear solver tolerance not achieved. The reduction is:1.62642e-05 after 20 iterations 

Problem: Solver convergence failure - Iteration limit reached
Timestep chopped to 40.620499 days


Starting time step 26, stepsize 40.6205 days, at day 390427/390550, date = 14-Dec-3093
 Newton its= 3, linearizations= 4 (0.3sec), linear its= 42 (1.6sec)

Starting time step 27, stepsize 82.4719 days, at day 390468/390550, date = 24-Jan-3094

Warning: Full linear solver tolerance not achieved. The reduction is:1.00928e-05 after 20 iterations 
 Newton its= 3, linearizations= 4 (0.3sec), linear its= 50 (1.9sec)

Report step 16/17 at day 390550/392375, date = 17-Apr-3094

Starting time step 0, stepsize 1825 days, at day 390550/392375, date = 17-Apr-3094

Problem: Solver convergence failure - Numerical problem encountered
Timestep chopped to 602.250000 days


Starting time step 0, stepsize 602.25 days, at day 390550/392375, date = 17-Apr-3094

Warning: Full linear solver tolerance not achieved. The reduction is:0.000118032 after 20 iterations 

Warning: Full linear solver tolerance not achieved. The reduction is:7.44094e-05 after 20 iterations 

Problem: Solver convergence failure - Numerical problem encountered
Timestep chopped to 198.742500 days


Starting time step 0, stepsize 198.743 days, at day 390550/392375, date = 17-Apr-3094

Warning: Full linear solver tolerance not achieved. The reduction is:0.00142373 after 20 iterations 

Warning: Full linear solver tolerance not achieved. The reduction is:0.000242828 after 20 iterations 

Warning: Full linear solver tolerance not achieved. The reduction is:6.42785e-05 after 20 iterations 

Warning: Full linear solver tolerance not achieved. The reduction is:9.5743e-05 after 20 iterations 

Warning: Full linear solver tolerance not achieved. The reduction is:0.000175174 after 20 iterations 

Warning: Full linear solver tolerance not achieved. The reduction is:0.000504258 after 20 iterations 

Warning: Full linear solver tolerance not achieved. The reduction is:2.11968e-05 after 20 iterations 

Problem: Solver convergence failure - Numerical problem encountered
Timestep chopped to 65.585025 days


Starting time step 0, stepsize 65.585 days, at day 390550/392375, date = 17-Apr-3094

Problem: Solver convergence failure - Numerical problem encountered
Timestep chopped to 21.643058 days


Starting time step 0, stepsize 21.6431 days, at day 390550/392375, date = 17-Apr-3094
 Newton its= 3, linearizations= 4 (0.3sec), linear its= 41 (1.7sec)

Starting time step 1, stepsize 43.2861 days, at day 390572/392375, date = 08-May-3094
 Newton its= 1, linearizations= 2 (0.1sec), linear its= 13 (0.5sec)

Starting time step 2, stepsize 129.858 days, at day 390615/392375, date = 20-Jun-3094

Warning: Full linear solver tolerance not achieved. The reduction is:2.13074e-05 after 20 iterations 

Warning: Full linear solver tolerance not achieved. The reduction is:0.000106687 after 20 iterations 

Warning: Full linear solver tolerance not achieved. The reduction is:0.000176853 after 20 iterations 

Warning: Full linear solver tolerance not achieved. The reduction is:0.000705615 after 20 iterations 

Warning: Full linear solver tolerance not achieved. The reduction is:0.000128483 after 20 iterations 

Warning: Full linear solver tolerance not achieved. The reduction is:0.000124897 after 20 iterations 

Warning: Full linear solver tolerance not achieved. The reduction is:0.0002427 after 20 iterations 

Warning: Full linear solver tolerance not achieved. The reduction is:0.00229743 after 20 iterations 

Warning: Full linear solver tolerance not achieved. The reduction is:0.000241331 after 20 iterations 

Warning: Full linear solver tolerance not achieved. The reduction is:6.75676e-05 after 20 iterations 

Warning: Full linear solver tolerance not achieved. The reduction is:0.00034494 after 20 iterations 

Warning: Full linear solver tolerance not achieved. The reduction is:4.49082e-05 after 20 iterations 

Warning: Full linear solver tolerance not achieved. The reduction is:0.000221038 after 20 iterations 

Warning: Full linear solver tolerance not achieved. The reduction is:9.54267e-05 after 20 iterations 

Problem: Solver convergence failure - Numerical problem encountered
Timestep chopped to 42.853255 days


Starting time step 2, stepsize 42.8533 days, at day 390615/392375, date = 20-Jun-3094
 Newton its= 4, linearizations= 5 (0.4sec), linear its= 59 (2.2sec)

Starting time step 3, stepsize 85.7065 days, at day 390658/392375, date = 02-Aug-3094
 Newton its= 4, linearizations= 5 (0.4sec), linear its= 71 (2.6sec)

Starting time step 4, stepsize 222.837 days, at day 390743/392375, date = 27-Oct-3094

Warning: Full linear solver tolerance not achieved. The reduction is:1.39469e-05 after 20 iterations 

Warning: Full linear solver tolerance not achieved. The reduction is:2.61925e-05 after 20 iterations 

Warning: Full linear solver tolerance not achieved. The reduction is:4.30171e-05 after 20 iterations 
    Oscillating behavior detected: Relaxation set to 0.900000
    Oscillating behavior detected: Relaxation set to 0.800000
    Oscillating behavior detected: Relaxation set to 0.700000
    Oscillating behavior detected: Relaxation set to 0.600000
    Oscillating behavior detected: Relaxation set to 0.500000
    Oscillating behavior detected: Relaxation set to 0.500000
    Oscillating behavior detected: Relaxation set to 0.500000

Problem: Solver convergence failure - Iteration limit reached
Timestep chopped to 73.536186 days


Starting time step 4, stepsize 73.5362 days, at day 390743/392375, date = 27-Oct-3094
 Newton its= 3, linearizations= 4 (0.3sec), linear its= 47 (1.7sec)

Starting time step 5, stepsize 147.072 days, at day 390817/392375, date = 09-Jan-3095

Warning: Full linear solver tolerance not achieved. The reduction is:0.000307826 after 20 iterations 

Warning: Full linear solver tolerance not achieved. The reduction is:2.37879e-05 after 20 iterations 

Warning: Full linear solver tolerance not achieved. The reduction is:7.40028e-05 after 20 iterations 

Warning: Full linear solver tolerance not achieved. The reduction is:0.000714921 after 20 iterations 

Warning: Full linear solver tolerance not achieved. The reduction is:2.37791e-05 after 20 iterations 

Warning: Full linear solver tolerance not achieved. The reduction is:0.000268476 after 20 iterations 

Warning: Full linear solver tolerance not achieved. The reduction is:1.60007e-05 after 20 iterations 

Warning: Full linear solver tolerance not achieved. The reduction is:0.000118637 after 20 iterations 
    Oscillating behavior detected: Relaxation set to 0.900000

Warning: Full linear solver tolerance not achieved. The reduction is:4.07361e-05 after 20 iterations 

Warning: Full linear solver tolerance not achieved. The reduction is:5.03933e-05 after 20 iterations 
    Oscillating behavior detected: Relaxation set to 0.800000

Warning: Full linear solver tolerance not achieved. The reduction is:4.48232e-05 after 20 iterations 

Warning: Full linear solver tolerance not achieved. The reduction is:2.61943e-05 after 20 iterations 
    Oscillating behavior detected: Relaxation set to 0.700000

Warning: Full linear solver tolerance not achieved. The reduction is:2.8439e-05 after 20 iterations 

Warning: Full linear solver tolerance not achieved. The reduction is:3.02114e-05 after 20 iterations 
    Oscillating behavior detected: Relaxation set to 0.600000

Warning: Full linear solver tolerance not achieved. The reduction is:3.15808e-05 after 20 iterations 

Warning: Full linear solver tolerance not achieved. The reduction is:3.59557e-05 after 20 iterations 

Warning: Full linear solver tolerance not achieved. The reduction is:2.69289e-05 after 20 iterations 

Problem: Solver convergence failure - Iteration limit reached
Timestep chopped to 48.533883 days


Starting time step 5, stepsize 48.5339 days, at day 390817/392375, date = 09-Jan-3095
 Newton its= 3, linearizations= 4 (0.3sec), linear its= 48 (1.8sec)

Starting time step 6, stepsize 97.0678 days, at day 390866/392375, date = 26-Feb-3095

Warning: Full linear solver tolerance not achieved. The reduction is:1.07621e-05 after 20 iterations 

Warning: Full linear solver tolerance not achieved. The reduction is:5.9422e-05 after 20 iterations 

Warning: Full linear solver tolerance not achieved. The reduction is:2.05047e-05 after 20 iterations 

Warning: Full linear solver tolerance not achieved. The reduction is:0.00038064 after 20 iterations 
 Newton its= 5, linearizations= 6 (0.4sec), linear its= 98 (3.6sec)

Starting time step 7, stepsize 213.549 days, at day 390963/392375, date = 03-Jun-3095

Warning: Full linear solver tolerance not achieved. The reduction is:3.49394e-05 after 20 iterations 

Warning: Full linear solver tolerance not achieved. The reduction is:3.96478e-05 after 20 iterations 

Warning: Full linear solver tolerance not achieved. The reduction is:9.05651e-05 after 20 iterations 

Warning: Full linear solver tolerance not achieved. The reduction is:1.72009e-05 after 20 iterations 

Warning: Full linear solver tolerance not achieved. The reduction is:1.61997e-05 after 20 iterations 

Warning: Full linear solver tolerance not achieved. The reduction is:0.00225446 after 20 iterations 

Warning: Full linear solver tolerance not achieved. The reduction is:7.60078e-05 after 20 iterations 

Warning: Full linear solver tolerance not achieved. The reduction is:1.1176e-05 after 20 iterations 

Warning: Full linear solver tolerance not achieved. The reduction is:5.2623e-05 after 20 iterations 

Warning: Full linear solver tolerance not achieved. The reduction is:0.000543617 after 20 iterations 

Warning: Full linear solver tolerance not achieved. The reduction is:2.33797e-05 after 20 iterations 

Warning: Full linear solver tolerance not achieved. The reduction is:0.000584128 after 20 iterations 

Warning: Full linear solver tolerance not achieved. The reduction is:1.20377e-05 after 20 iterations 

Warning: Full linear solver tolerance not achieved. The reduction is:1.71312e-05 after 20 iterations 

Problem: Solver convergence failure - Iteration limit reached
Timestep chopped to 70.471198 days


Starting time step 7, stepsize 70.4712 days, at day 390963/392375, date = 03-Jun-3095
 Newton its= 4, linearizations= 5 (0.4sec), linear its= 62 (2.4sec)

Starting time step 8, stepsize 140.942 days, at day 391033/392375, date = 13-Aug-3095

Warning: Full linear solver tolerance not achieved. The reduction is:1.32474e-05 after 20 iterations 

Warning: Full linear solver tolerance not achieved. The reduction is:7.38532e-05 after 20 iterations 

Warning: Full linear solver tolerance not achieved. The reduction is:2.77459e-05 after 20 iterations 

Warning: Full linear solver tolerance not achieved. The reduction is:0.00275545 after 20 iterations 

Warning: Full linear solver tolerance not achieved. The reduction is:0.000554745 after 20 iterations 

Warning: Full linear solver tolerance not achieved. The reduction is:1.7224e-05 after 20 iterations 

Warning: Full linear solver tolerance not achieved. The reduction is:0.0006948 after 20 iterations 

Warning: Full linear solver tolerance not achieved. The reduction is:4.61062e-05 after 20 iterations 

Warning: Full linear solver tolerance not achieved. The reduction is:4.01017e-05 after 20 iterations 

Warning: Full linear solver tolerance not achieved. The reduction is:0.00181429 after 20 iterations 

Problem: Solver convergence failure - Numerical problem encountered
Timestep chopped to 46.510991 days


Starting time step 8, stepsize 46.511 days, at day 391033/392375, date = 13-Aug-3095
 Newton its= 2, linearizations= 3 (0.2sec), linear its= 33 (1.3sec)

Starting time step 9, stepsize 93.022 days, at day 391080/392375, date = 28-Sep-3095

Warning: Full linear solver tolerance not achieved. The reduction is:4.292e-05 after 20 iterations 

Warning: Full linear solver tolerance not achieved. The reduction is:0.000133239 after 20 iterations 

Warning: Full linear solver tolerance not achieved. The reduction is:8.08836e-05 after 20 iterations 
 Newton its= 4, linearizations= 5 (0.3sec), linear its= 75 (2.8sec)

Starting time step 10, stepsize 241.857 days, at day 391173/392375, date = 30-Dec-3095

Warning: Full linear solver tolerance not achieved. The reduction is:1.09943e-05 after 20 iterations 

Warning: Full linear solver tolerance not achieved. The reduction is:2.50301e-05 after 20 iterations 

Warning: Full linear solver tolerance not achieved. The reduction is:3.48868e-05 after 20 iterations 
    Oscillating behavior detected: Relaxation set to 0.900000
    Oscillating behavior detected: Relaxation set to 0.800000
    Oscillating behavior detected: Relaxation set to 0.700000

Problem: Solver convergence failure - Iteration limit reached
Timestep chopped to 79.812860 days


Starting time step 10, stepsize 79.8129 days, at day 391173/392375, date = 30-Dec-3095
 Newton its= 4, linearizations= 5 (0.4sec), linear its= 63 (2.4sec)

Starting time step 11, stepsize 159.626 days, at day 391252/392375, date = 19-Mar-3096

Warning: Full linear solver tolerance not achieved. The reduction is:1.39211e-05 after 20 iterations 

Warning: Full linear solver tolerance not achieved. The reduction is:4.2149e-05 after 20 iterations 

Warning: Full linear solver tolerance not achieved. The reduction is:4.55837e-05 after 20 iterations 

Warning: Full linear solver tolerance not achieved. The reduction is:3.12058e-05 after 20 iterations 

Warning: Full linear solver tolerance not achieved. The reduction is:0.000138164 after 20 iterations 

Warning: Full linear solver tolerance not achieved. The reduction is:1.21553e-05 after 20 iterations 

Warning: Full linear solver tolerance not achieved. The reduction is:1.29955e-05 after 20 iterations 

Warning: Full linear solver tolerance not achieved. The reduction is:4.55819e-05 after 20 iterations 

Warning: Full linear solver tolerance not achieved. The reduction is:6.33112e-05 after 20 iterations 

Warning: Full linear solver tolerance not achieved. The reduction is:0.000101715 after 20 iterations 
    Oscillating behavior detected: Relaxation set to 0.900000

Warning: Full linear solver tolerance not achieved. The reduction is:9.16519e-05 after 20 iterations 
    Oscillating behavior detected: Relaxation set to 0.800000

Warning: Full linear solver tolerance not achieved. The reduction is:1.74099e-05 after 20 iterations 
    Oscillating behavior detected: Relaxation set to 0.700000

Warning: Full linear solver tolerance not achieved. The reduction is:2.5681e-05 after 20 iterations 

Problem: Solver convergence failure - Iteration limit reached
Timestep chopped to 52.676488 days


Starting time step 11, stepsize 52.6765 days, at day 391252/392375, date = 19-Mar-3096
 Newton its= 2, linearizations= 3 (0.2sec), linear its= 29 (1.1sec)

Starting time step 12, stepsize 105.353 days, at day 391305/392375, date = 11-May-3096

Warning: Full linear solver tolerance not achieved. The reduction is:0.000229094 after 20 iterations 

Warning: Full linear solver tolerance not achieved. The reduction is:4.54613e-05 after 20 iterations 
 Newton its= 5, linearizations= 6 (0.4sec), linear its= 93 (3.5sec)

Starting time step 13, stepsize 231.777 days, at day 391410/392375, date = 24-Aug-3096

Warning: Full linear solver tolerance not achieved. The reduction is:0.000590628 after 20 iterations 

Problem: Solver convergence failure - Numerical problem encountered
Timestep chopped to 76.486260 days


Starting time step 13, stepsize 76.4863 days, at day 391410/392375, date = 24-Aug-3096

Warning: Full linear solver tolerance not achieved. The reduction is:0.000186603 after 20 iterations 
 Newton its= 5, linearizations= 6 (0.4sec), linear its= 85 (3.1sec)

Starting time step 14, stepsize 152.973 days, at day 391487/392375, date = 08-Nov-3096

Warning: Full linear solver tolerance not achieved. The reduction is:0.000195634 after 20 iterations 

Warning: Full linear solver tolerance not achieved. The reduction is:0.000242616 after 20 iterations 

Warning: Full linear solver tolerance not achieved. The reduction is:3.56728e-05 after 20 iterations 

Warning: Full linear solver tolerance not achieved. The reduction is:1.3665e-05 after 20 iterations 

Warning: Full linear solver tolerance not achieved. The reduction is:2.52763e-05 after 20 iterations 

Warning: Full linear solver tolerance not achieved. The reduction is:0.000199293 after 20 iterations 

Warning: Full linear solver tolerance not achieved. The reduction is:0.000880146 after 20 iterations 

Warning: Full linear solver tolerance not achieved. The reduction is:0.000402711 after 20 iterations 

Warning: Full linear solver tolerance not achieved. The reduction is:0.000103797 after 20 iterations 

Warning: Full linear solver tolerance not achieved. The reduction is:5.59761e-05 after 20 iterations 

Warning: Full linear solver tolerance not achieved. The reduction is:0.000125366 after 20 iterations 

Warning: Full linear solver tolerance not achieved. The reduction is:8.22295e-05 after 20 iterations 

Warning: Full linear solver tolerance not achieved. The reduction is:5.89206e-05 after 20 iterations 

Warning: Full linear solver tolerance not achieved. The reduction is:0.000273487 after 20 iterations 

Warning: Full linear solver tolerance not achieved. The reduction is:0.000774988 after 20 iterations 

Problem: Solver convergence failure - Iteration limit reached
Timestep chopped to 50.480932 days


Starting time step 14, stepsize 50.4809 days, at day 391487/392375, date = 08-Nov-3096

Warning: Full linear solver tolerance not achieved. The reduction is:1.46068e-05 after 20 iterations 
 Newton its= 5, linearizations= 6 (0.4sec), linear its= 89 (3.4sec)

Starting time step 15, stepsize 100.962 days, at day 391537/392375, date = 29-Dec-3096

Warning: Full linear solver tolerance not achieved. The reduction is:0.000235572 after 20 iterations 
    Oscillating behavior detected: Relaxation set to 0.900000

Warning: Full linear solver tolerance not achieved. The reduction is:4.96463e-05 after 20 iterations 

Warning: Full linear solver tolerance not achieved. The reduction is:2.9879e-05 after 20 iterations 

Warning: Full linear solver tolerance not achieved. The reduction is:1.2857e-05 after 20 iterations 
    Oscillating behavior detected: Relaxation set to 0.800000

Warning: Full linear solver tolerance not achieved. The reduction is:2.15679e-05 after 20 iterations 
    Oscillating behavior detected: Relaxation set to 0.700000

Warning: Full linear solver tolerance not achieved. The reduction is:6.45388e-05 after 20 iterations 

Warning: Full linear solver tolerance not achieved. The reduction is:6.22795e-05 after 20 iterations 

Warning: Full linear solver tolerance not achieved. The reduction is:0.000234428 after 20 iterations 

Warning: Full linear solver tolerance not achieved. The reduction is:3.54876e-05 after 20 iterations 

Warning: Full linear solver tolerance not achieved. The reduction is:3.31848e-05 after 20 iterations 

Problem: Solver convergence failure - Numerical problem encountered
Timestep chopped to 33.317415 days


Starting time step 15, stepsize 33.3174 days, at day 391537/392375, date = 29-Dec-3096
 Newton its= 1, linearizations= 2 (0.1sec), linear its= 15 (0.6sec)

Starting time step 16, stepsize 66.6348 days, at day 391571/392375, date = 31-Jan-3097

Warning: Full linear solver tolerance not achieved. The reduction is:1.48459e-05 after 20 iterations 
 Newton its= 3, linearizations= 4 (0.3sec), linear its= 49 (1.9sec)

Starting time step 17, stepsize 199.904 days, at day 391637/392375, date = 08-Apr-3097

Warning: Full linear solver tolerance not achieved. The reduction is:4.51788e-05 after 20 iterations 

Warning: Full linear solver tolerance not achieved. The reduction is:2.46601e-05 after 20 iterations 

Warning: Full linear solver tolerance not achieved. The reduction is:1.70486e-05 after 20 iterations 

Warning: Full linear solver tolerance not achieved. The reduction is:0.000145593 after 20 iterations 

Warning: Full linear solver tolerance not achieved. The reduction is:1.50946e-05 after 20 iterations 

Warning: Full linear solver tolerance not achieved. The reduction is:1.24847e-05 after 20 iterations 

Warning: Full linear solver tolerance not achieved. The reduction is:1.26379e-05 after 20 iterations 

Warning: Full linear solver tolerance not achieved. The reduction is:1.26387e-05 after 20 iterations 

Problem: Solver convergence failure - Iteration limit reached
Timestep chopped to 65.968481 days


Starting time step 17, stepsize 65.9685 days, at day 391637/392375, date = 08-Apr-3097

Warning: Full linear solver tolerance not achieved. The reduction is:1.41178e-05 after 20 iterations 
 Newton its= 3, linearizations= 4 (0.3sec), linear its= 49 (1.8sec)

Starting time step 18, stepsize 131.937 days, at day 391703/392375, date = 13-Jun-3097

Warning: Full linear solver tolerance not achieved. The reduction is:5.82725e-05 after 20 iterations 

Warning: Full linear solver tolerance not achieved. The reduction is:0.00635951 after 20 iterations 

Warning: Full linear solver tolerance not achieved. The reduction is:1.47004e-05 after 20 iterations 

Warning: Full linear solver tolerance not achieved. The reduction is:0.000190848 after 20 iterations 

Warning: Full linear solver tolerance not achieved. The reduction is:0.000127361 after 20 iterations 

Warning: Full linear solver tolerance not achieved. The reduction is:0.000168208 after 20 iterations 

Warning: Full linear solver tolerance not achieved. The reduction is:0.000215066 after 20 iterations 

Warning: Full linear solver tolerance not achieved. The reduction is:1.63096e-05 after 20 iterations 

Warning: Full linear solver tolerance not achieved. The reduction is:5.16898e-05 after 20 iterations 

Warning: Full linear solver tolerance not achieved. The reduction is:5.03912e-05 after 20 iterations 

Warning: Full linear solver tolerance not achieved. The reduction is:3.74188e-05 after 20 iterations 

Warning: Full linear solver tolerance not achieved. The reduction is:2.23108e-05 after 20 iterations 

Warning: Full linear solver tolerance not achieved. The reduction is:0.0044716 after 20 iterations 

Warning: Full linear solver tolerance not achieved. The reduction is:1.1507e-05 after 20 iterations 

Warning: Full linear solver tolerance not achieved. The reduction is:9.74906e-05 after 20 iterations 

Warning: Full linear solver tolerance not achieved. The reduction is:0.000189297 after 20 iterations 

Warning: Full linear solver tolerance not achieved. The reduction is:1.08716e-05 after 20 iterations 

Warning: Full linear solver tolerance not achieved. The reduction is:2.60667e-05 after 20 iterations 

Warning: Full linear solver tolerance not achieved. The reduction is:4.2905e-05 after 20 iterations 

Problem: Solver convergence failure - Iteration limit reached
Timestep chopped to 43.539198 days


Starting time step 18, stepsize 43.5392 days, at day 391703/392375, date = 13-Jun-3097
 Newton its= 1, linearizations= 2 (0.1sec), linear its= 15 (0.5sec)

Starting time step 19, stepsize 87.0784 days, at day 391747/392375, date = 26-Jul-3097

Warning: Full linear solver tolerance not achieved. The reduction is:5.85448e-05 after 20 iterations 
 Newton its= 4, linearizations= 5 (0.4sec), linear its= 70 (2.5sec)

Starting time step 20, stepsize 226.404 days, at day 391834/392375, date = 21-Oct-3097

Warning: Full linear solver tolerance not achieved. The reduction is:1.27396e-05 after 20 iterations 

Warning: Full linear solver tolerance not achieved. The reduction is:1.08347e-05 after 20 iterations 
    Oscillating behavior detected: Relaxation set to 0.900000
    Oscillating behavior detected: Relaxation set to 0.800000
    Oscillating behavior detected: Relaxation set to 0.700000
    Oscillating behavior detected: Relaxation set to 0.600000
    Oscillating behavior detected: Relaxation set to 0.500000
    Oscillating behavior detected: Relaxation set to 0.500000
    Oscillating behavior detected: Relaxation set to 0.500000

Problem: Solver convergence failure - Iteration limit reached
Timestep chopped to 74.713263 days


Starting time step 20, stepsize 74.7133 days, at day 391834/392375, date = 21-Oct-3097

Warning: Full linear solver tolerance not achieved. The reduction is:2.20861e-05 after 20 iterations 
 Newton its= 3, linearizations= 4 (0.3sec), linear its= 48 (1.8sec)

Starting time step 21, stepsize 149.427 days, at day 391909/392375, date = 04-Jan-3098

Warning: Full linear solver tolerance not achieved. The reduction is:0.000154207 after 20 iterations 

Warning: Full linear solver tolerance not achieved. The reduction is:7.01825e-05 after 20 iterations 

Warning: Full linear solver tolerance not achieved. The reduction is:0.00037349 after 20 iterations 

Warning: Full linear solver tolerance not achieved. The reduction is:2.28786e-05 after 20 iterations 

Warning: Full linear solver tolerance not achieved. The reduction is:0.000871254 after 20 iterations 

Warning: Full linear solver tolerance not achieved. The reduction is:1.58046e-05 after 20 iterations 

Warning: Full linear solver tolerance not achieved. The reduction is:8.50752e-05 after 20 iterations 

Warning: Full linear solver tolerance not achieved. The reduction is:7.16018e-05 after 20 iterations 

Warning: Full linear solver tolerance not achieved. The reduction is:0.000690358 after 20 iterations 

Warning: Full linear solver tolerance not achieved. The reduction is:7.2226e-05 after 20 iterations 

Warning: Full linear solver tolerance not achieved. The reduction is:6.82988e-05 after 20 iterations 

Warning: Full linear solver tolerance not achieved. The reduction is:0.000117181 after 20 iterations 

Problem: Solver convergence failure - Iteration limit reached
Timestep chopped to 49.310754 days


Starting time step 21, stepsize 49.3108 days, at day 391909/392375, date = 04-Jan-3098
 Newton its= 2, linearizations= 3 (0.2sec), linear its= 27 (1.2sec)

Starting time step 22, stepsize 98.6215 days, at day 391958/392375, date = 23-Feb-3098

Warning: Full linear solver tolerance not achieved. The reduction is:4.13426e-05 after 20 iterations 

Warning: Full linear solver tolerance not achieved. The reduction is:0.000201728 after 20 iterations 

Warning: Full linear solver tolerance not achieved. The reduction is:2.7841e-05 after 20 iterations 

Warning: Full linear solver tolerance not achieved. The reduction is:4.18326e-05 after 20 iterations 

Warning: Full linear solver tolerance not achieved. The reduction is:6.06066e-05 after 20 iterations 

Warning: Full linear solver tolerance not achieved. The reduction is:4.97146e-05 after 20 iterations 

Warning: Full linear solver tolerance not achieved. The reduction is:1.58359e-05 after 20 iterations 
 Newton its= 8, linearizations= 9 (0.6sec), linear its=154 (5.6sec)

Starting time step 23, stepsize 98.6215 days, at day 392057/392375, date = 01-Jun-3098

Warning: Full linear solver tolerance not achieved. The reduction is:3.31858e-05 after 20 iterations 

Warning: Full linear solver tolerance not achieved. The reduction is:2.16185e-05 after 20 iterations 
 Newton its= 5, linearizations= 6 (0.4sec), linear its= 90 (3.3sec)

Starting time step 24, stepsize 219.754 days, at day 392155/392375, date = 08-Sep-3098

Warning: Full linear solver tolerance not achieved. The reduction is:1.60998e-05 after 20 iterations 
    Oscillating behavior detected: Relaxation set to 0.900000

Warning: Full linear solver tolerance not achieved. The reduction is:6.04907e-05 after 20 iterations 

Problem: Solver convergence failure - Numerical problem encountered
Timestep chopped to 72.518883 days


Starting time step 24, stepsize 72.5189 days, at day 392155/392375, date = 08-Sep-3098
 Newton its= 3, linearizations= 4 (0.3sec), linear its= 48 (1.8sec)

Starting time step 25, stepsize 147.235 days, at day 392228/392375, date = 19-Nov-3098

Warning: Full linear solver tolerance not achieved. The reduction is:1.13261e-05 after 20 iterations 

Warning: Full linear solver tolerance not achieved. The reduction is:0.000918664 after 20 iterations 

Warning: Full linear solver tolerance not achieved. The reduction is:2.12066e-05 after 20 iterations 

Warning: Full linear solver tolerance not achieved. The reduction is:0.000369565 after 20 iterations 

Warning: Full linear solver tolerance not achieved. The reduction is:0.000227238 after 20 iterations 

Warning: Full linear solver tolerance not achieved. The reduction is:0.000475903 after 20 iterations 

Warning: Full linear solver tolerance not achieved. The reduction is:6.12324e-05 after 20 iterations 

Warning: Full linear solver tolerance not achieved. The reduction is:1.30335e-05 after 20 iterations 
    Oscillating behavior detected: Relaxation set to 0.900000

Warning: Full linear solver tolerance not achieved. The reduction is:3.98265e-05 after 20 iterations 

Warning: Full linear solver tolerance not achieved. The reduction is:1.11378e-05 after 20 iterations 

Warning: Full linear solver tolerance not achieved. The reduction is:3.67456e-05 after 20 iterations 

Warning: Full linear solver tolerance not achieved. The reduction is:3.10356e-05 after 20 iterations 

Warning: Full linear solver tolerance not achieved. The reduction is:0.00131994 after 20 iterations 

Warning: Full linear solver tolerance not achieved. The reduction is:3.5414e-05 after 20 iterations 

Problem: Solver convergence failure - Iteration limit reached
Timestep chopped to 48.587651 days


Starting time step 25, stepsize 48.5877 days, at day 392228/392375, date = 19-Nov-3098
 Newton its= 3, linearizations= 4 (0.3sec), linear its= 45 (1.7sec)

Starting time step 26, stepsize 98.6477 days, at day 392276/392375, date = 07-Jan-3099

Warning: Full linear solver tolerance not achieved. The reduction is:0.000323638 after 20 iterations 

Warning: Full linear solver tolerance not achieved. The reduction is:4.28505e-05 after 20 iterations 

Warning: Full linear solver tolerance not achieved. The reduction is:8.3897e-05 after 20 iterations 
 Newton its= 4, linearizations= 5 (0.3sec), linear its= 80 (2.9sec)


================    End of simulation     ===============

Number of MPI processes:         1
Threads per MPI process:         1
Setup time:                      1.90 s
  Deck input:                    0.29 s
Number of timesteps:           840
Simulation time:              6839.41 s
  Assembly time:               488.41 s (Wasted: 236.0 s; 48.3%)
    Well assembly:               0.00 s (Wasted: 0.0 s; 0.0%)
  Linear solve time:          5112.50 s (Wasted: 2626.1 s; 51.4%)
    Linear setup:              297.43 s (Wasted: 160.3 s; 53.9%)
  Props/update time:          1078.00 s (Wasted: 551.0 s; 51.1%)
  Pre/post step:               156.99 s (Wasted: 35.5 s; 22.6%)
  Output write time:             0.04 s
Overall Linearizations:       5493      (Wasted:  2859; 52.0%)
Overall Newton Iterations:    4940      (Wasted:  2859; 57.9%)
Overall Linear Iterations:   86348      (Wasted: 54064; 62.6%)



Error summary:
Warnings          2024
Info              1732
Errors            0
Bugs              0
Debug             0
Problems          287

