I,J,K,SWAT,OILKR,Group Index,Group Description,Turning Point,Turning Point Value,Turning Point Value Filled,Process
1,1,1,0.0617,0.9503,1,01.Jan 2015,,,0.0617,Initial
1,1,1,0.06172,0.95027,2,02.Jan 2015,,,0.0617,Imbibition
1,1,1,0.06172,0.95027,3,02.Jan 2015,,,0.0617,Imbibition
1,1,1,0.06172,0.95027,4,02.Jan 2015,,,0.0617,Imbibition
1,1,1,0.06172,0.95027,5,02.Jan 2015,,,0.0617,Imbibition
1,1,1,0.06172,0.95027,6,02.Jan 2015,,,0.0617,Imbibition
1,1,1,0.06172,0.95027,7,02.Jan 2015,,,0.0617,Imbibition
1,1,1,0.06172,0.95027,8,02.Jan 2015,,,0.0617,Imbibition
1,1,1,0.06172,0.95027,9,02.Jan 2015,,,0.0617,Imbibition
1,1,1,0.06172,0.95027,10,02.Jan 2015,,,0.0617,Imbibition
1,1,1,0.06172,0.95027,11,02.Jan 2015,,,0.0617,Imbibition
1,1,1,0.06172,0.95027,12,02.Jan 2015,,,0.0617,Imbibition
1,1,1,0.06172,0.95027,13,02.Jan 2015,,,0.0617,Imbibition
1,1,1,0.06172,0.95027,14,02.Jan 2015,,,0.0617,Imbibition
1,1,1,0.06172,0.95027,15,02.Jan 2015,,,0.0617,Imbibition
1,1,1,0.06172,0.95027,16,02.Jan 2015,,,0.0617,Imbibition
1,1,1,0.06172,0.95027,17,02.Jan 2015,,,0.0617,Imbibition
1,1,1,0.06172,0.95027,18,02.Jan 2015,,,0.0617,Imbibition
1,1,1,0.06172,0.95027,19,02.Jan 2015,,,0.0617,Imbibition
1,1,1,0.06172,0.95027,20,02.Jan 2015,,,0.0617,Imbibition
1,1,1,0.06172,0.95027,21,02.Jan 2015,,,0.0617,Imbibition
1,1,1,0.06172,0.95027,22,02.Jan 2015,,,0.0617,Imbibition
1,1,1,0.06172,0.95027,23,02.Jan 2015,,,0.0617,Imbibition
1,1,1,0.06172,0.95027,24,02.Jan 2015,,,0.0617,Imbibition
1,1,1,0.06172,0.95027,25,02.Jan 2015,,,0.0617,Imbibition
1,1,1,0.06172,0.95027,26,02.Jan 2015,,,0.0617,Imbibition
1,1,1,0.06172,0.95027,27,02.Jan 2015,,,0.0617,Imbibition
1,1,1,0.06172,0.95027,28,02.Jan 2015,,,0.0617,Imbibition
1,1,1,0.06172,0.95027,29,02.Jan 2015,,,0.0617,Imbibition
1,1,1,0.06172,0.95027,30,02.Jan 2015,,,0.0617,Imbibition
1,1,1,0.06172,0.95027,31,02.Jan 2015,,,0.0617,Imbibition
1,1,1,0.06172,0.95027,32,02.Jan 2015,,,0.0617,Imbibition
1,1,1,0.06172,0.95027,33,03.Jan 2015,,,0.0617,Imbibition
1,1,1,0.06172,0.95027,34,03.Jan 2015,,,0.0617,Imbibition
1,1,1,0.06172,0.95027,35,03.Jan 2015,,,0.0617,Imbibition
1,1,1,0.06172,0.95027,36,03.Jan 2015,,,0.0617,Imbibition
1,1,1,0.06172,0.95027,37,03.Jan 2015,,,0.0617,Imbibition
1,1,1,0.06172,0.95027,38,03.Jan 2015,,,0.0617,Imbibition
1,1,1,0.06172,0.95027,39,03.Jan 2015,,,0.0617,Imbibition
1,1,1,0.06172,0.95027,40,03.Jan 2015,,,0.0617,Imbibition
1,1,1,0.06172,0.95027,41,03.Jan 2015,,,0.0617,Imbibition
1,1,1,0.06172,0.95027,42,03.Jan 2015,,,0.0617,Imbibition
1,1,1,0.06172,0.95027,43,03.Jan 2015,,,0.0617,Imbibition
1,1,1,0.06172,0.95027,44,03.Jan 2015,,,0.0617,Imbibition
1,1,1,0.06172,0.95027,45,03.Jan 2015,,,0.0617,Imbibition
1,1,1,0.06172,0.95027,46,03.Jan 2015,,,0.0617,Imbibition
1,1,1,0.06172,0.95027,47,03.Jan 2015,,,0.0617,Imbibition
1,1,1,0.06172,0.95027,48,03.Jan 2015,,,0.0617,Imbibition
1,1,1,0.06172,0.95027,49,03.Jan 2015,,,0.0617,Imbibition
1,1,1,0.06172,0.95027,50,03.Jan 2015,,,0.0617,Imbibition
1,1,1,0.06172,0.95027,51,03.Jan 2015,,,0.0617,Imbibition
1,1,1,0.06172,0.95027,52,03.Jan 2015,,,0.0617,Imbibition
1,1,1,0.06172,0.95027,53,03.Jan 2015,,,0.0617,Imbibition
1,1,1,0.06172,0.95027,54,03.Jan 2015,,,0.0617,Imbibition
1,1,1,0.06172,0.95027,55,03.Jan 2015,,,0.0617,Imbibition
1,1,1,0.06172,0.95027,56,03.Jan 2015,,,0.0617,Imbibition
1,1,1,0.06172,0.95027,57,03.Jan 2015,,,0.0617,Imbibition
1,1,1,0.06172,0.95027,58,03.Jan 2015,,,0.0617,Imbibition
1,1,1,0.06172,0.95027,59,03.Jan 2015,,,0.0617,Imbibition
1,1,1,0.06172,0.95027,60,03.Jan 2015,,,0.0617,Imbibition
1,1,1,0.06172,0.95027,61,03.Jan 2015,,,0.0617,Imbibition
1,1,1,0.06172,0.95027,62,03.Jan 2015,,,0.0617,Imbibition
1,1,1,0.06172,0.95027,63,03.Jan 2015,,,0.0617,Imbibition
1,1,1,0.06172,0.95027,64,03.Jan 2015,,,0.0617,Imbibition
1,1,1,0.06172,0.95027,65,03.Jan 2015,,,0.0617,Imbibition
1,1,1,0.06172,0.95027,66,03.Jan 2015,,,0.0617,Imbibition
1,1,1,0.06172,0.95027,67,03.Jan 2015,,,0.0617,Imbibition
1,1,1,0.06172,0.95027,68,03.Jan 2015,,,0.0617,Imbibition
1,1,1,0.06172,0.95027,69,03.Jan 2015,,,0.0617,Imbibition
1,1,1,0.06172,0.95027,70,03.Jan 2015,,,0.0617,Imbibition
1,1,1,0.06172,0.95027,71,04.Jan 2015,,,0.0617,Imbibition
1,1,1,0.06172,0.95027,72,04.Jan 2015,,,0.0617,Imbibition
1,1,1,0.06172,0.95027,73,04.Jan 2015,,,0.0617,Imbibition
1,1,1,0.06172,0.95027,74,04.Jan 2015,,,0.0617,Imbibition
1,1,1,0.06172,0.95027,75,04.Jan 2015,,,0.0617,Imbibition
1,1,1,0.06172,0.95027,76,04.Jan 2015,,,0.0617,Imbibition
1,1,1,0.06172,0.95027,77,04.Jan 2015,,,0.0617,Imbibition
1,1,1,0.06172,0.95027,78,04.Jan 2015,,,0.0617,Imbibition
1,1,1,0.06172,0.95027,79,04.Jan 2015,,,0.0617,Imbibition
1,1,1,0.06172,0.95027,80,04.Jan 2015,,,0.0617,Imbibition
1,1,1,0.06172,0.95027,81,04.Jan 2015,,,0.0617,Imbibition
1,1,1,0.06172,0.95027,82,04.Jan 2015,,,0.0617,Imbibition
1,1,1,0.06172,0.95027,83,04.Jan 2015,,,0.0617,Imbibition
1,1,1,0.06172,0.95027,84,04.Jan 2015,,,0.0617,Imbibition
1,1,1,0.06172,0.95027,85,04.Jan 2015,,,0.0617,Imbibition
1,1,1,0.06172,0.95027,86,04.Jan 2015,,,0.0617,Imbibition
1,1,1,0.06172,0.95027,87,04.Jan 2015,,,0.0617,Imbibition
1,1,1,0.06172,0.95027,88,04.Jan 2015,,,0.0617,Imbibition
1,1,1,0.06172,0.95027,89,04.Jan 2015,,,0.0617,Imbibition
1,1,1,0.06172,0.95027,90,04.Jan 2015,,,0.0617,Imbibition
1,1,1,0.06172,0.95027,91,04.Jan 2015,,,0.0617,Imbibition
1,1,1,0.06172,0.95027,92,04.Jan 2015,,,0.0617,Imbibition
1,1,1,0.06172,0.95027,93,04.Jan 2015,,,0.0617,Imbibition
1,1,1,0.06172,0.95027,94,04.Jan 2015,,,0.0617,Imbibition
1,1,1,0.06172,0.95027,95,04.Jan 2015,,,0.0617,Imbibition
1,1,1,0.06172,0.95027,96,04.Jan 2015,,,0.0617,Imbibition
1,1,1,0.06172,0.95027,97,04.Jan 2015,,,0.0617,Imbibition
1,1,1,0.06172,0.95027,98,04.Jan 2015,,,0.0617,Imbibition
1,1,1,0.06172,0.95027,99,04.Jan 2015,,,0.0617,Imbibition
1,1,1,0.06172,0.95027,100,04.Jan 2015,,,0.0617,Imbibition
1,1,1,0.06172,0.95027,101,04.Jan 2015,,,0.0617,Imbibition
1,1,1,0.06172,0.95027,102,04.Jan 2015,,,0.0617,Imbibition
1,1,1,0.06172,0.95027,103,04.Jan 2015,,,0.0617,Imbibition
1,1,1,0.06172,0.95027,104,04.Jan 2015,,,0.0617,Imbibition
1,1,1,0.06172,0.95027,105,04.Jan 2015,,,0.0617,Imbibition
1,1,1,0.06172,0.95027,106,04.Jan 2015,,,0.0617,Imbibition
1,1,1,0.06172,0.95027,107,04.Jan 2015,,,0.0617,Imbibition
1,1,1,0.06172,0.95027,108,04.Jan 2015,,,0.0617,Imbibition
1,1,1,0.06172,0.95027,109,04.Jan 2015,,,0.0617,Imbibition
1,1,1,0.06172,0.95027,110,05.Jan 2015,,,0.0617,Imbibition
1,1,1,0.06172,0.95027,111,05.Jan 2015,,,0.0617,Imbibition
1,1,1,0.06172,0.95027,112,05.Jan 2015,,,0.0617,Imbibition
1,1,1,0.06172,0.95027,113,05.Jan 2015,,,0.0617,Imbibition
1,1,1,0.06172,0.95027,114,05.Jan 2015,,,0.0617,Imbibition
1,1,1,0.06172,0.95027,115,05.Jan 2015,,,0.0617,Imbibition
1,1,1,0.06172,0.95027,116,05.Jan 2015,,,0.0617,Imbibition
1,1,1,0.06172,0.95027,117,05.Jan 2015,,,0.0617,Imbibition
1,1,1,0.06172,0.95027,118,05.Jan 2015,,,0.0617,Imbibition
1,1,1,0.06172,0.95027,119,05.Jan 2015,,,0.0617,Imbibition
1,1,1,0.06172,0.95027,120,05.Jan 2015,,,0.0617,Imbibition
1,1,1,0.06172,0.95027,121,05.Jan 2015,,,0.0617,Imbibition
1,1,1,0.06172,0.95027,122,05.Jan 2015,,,0.0617,Imbibition
1,1,1,0.06172,0.95027,123,05.Jan 2015,,,0.0617,Imbibition
1,1,1,0.06172,0.95027,124,05.Jan 2015,,,0.0617,Imbibition
1,1,1,0.06172,0.95027,125,05.Jan 2015,,,0.0617,Imbibition
1,1,1,0.06172,0.95027,126,05.Jan 2015,,,0.0617,Imbibition
1,1,1,0.06172,0.95027,127,05.Jan 2015,,,0.0617,Imbibition
1,1,1,0.06172,0.95027,128,05.Jan 2015,,,0.0617,Imbibition
1,1,1,0.06172,0.95027,129,05.Jan 2015,,,0.0617,Imbibition
1,1,1,0.06172,0.95027,130,05.Jan 2015,,,0.0617,Imbibition
1,1,1,0.06172,0.95027,131,05.Jan 2015,,,0.0617,Imbibition
1,1,1,0.06172,0.95027,132,05.Jan 2015,,,0.0617,Imbibition
1,1,1,0.06172,0.95027,133,05.Jan 2015,,,0.0617,Imbibition
1,1,1,0.06172,0.95027,134,05.Jan 2015,,,0.0617,Imbibition
1,1,1,0.06172,0.95027,135,05.Jan 2015,,,0.0617,Imbibition
1,1,1,0.06172,0.95027,136,05.Jan 2015,,,0.0617,Imbibition
1,1,1,0.06172,0.95027,137,05.Jan 2015,,,0.0617,Imbibition
1,1,1,0.06172,0.95027,138,05.Jan 2015,,,0.0617,Imbibition
1,1,1,0.06172,0.95027,139,05.Jan 2015,,,0.0617,Imbibition
1,1,1,0.06172,0.95027,140,05.Jan 2015,,,0.0617,Imbibition
1,1,1,0.06172,0.95027,141,05.Jan 2015,,,0.0617,Imbibition
1,1,1,0.06172,0.95027,142,05.Jan 2015,,,0.0617,Imbibition
1,1,1,0.06172,0.95027,143,05.Jan 2015,,,0.0617,Imbibition
1,1,1,0.06172,0.95027,144,05.Jan 2015,,,0.0617,Imbibition
1,1,1,0.06172,0.95027,145,05.Jan 2015,,,0.0617,Imbibition
1,1,1,0.06172,0.95027,146,05.Jan 2015,,,0.0617,Imbibition
1,1,1,0.06172,0.95027,147,05.Jan 2015,,,0.0617,Imbibition
1,1,1,0.06172,0.95027,148,05.Jan 2015,,,0.0617,Imbibition
1,1,1,0.06172,0.95027,149,05.Jan 2015,,,0.0617,Imbibition
1,1,1,0.06172,0.95027,150,05.Jan 2015,,,0.0617,Imbibition
1,1,1,0.06172,0.95027,151,06.Jan 2015,,,0.0617,Imbibition
1,1,1,0.06172,0.95027,152,06.Jan 2015,,,0.0617,Imbibition
1,1,1,0.06172,0.95027,153,06.Jan 2015,,,0.0617,Imbibition
1,1,1,0.06172,0.95027,154,06.Jan 2015,,,0.0617,Imbibition
1,1,1,0.06172,0.95027,155,06.Jan 2015,,,0.0617,Imbibition
1,1,1,0.06172,0.95027,156,06.Jan 2015,,,0.0617,Imbibition
1,1,1,0.06172,0.95027,157,06.Jan 2015,,,0.0617,Imbibition
1,1,1,0.06172,0.95027,158,06.Jan 2015,,,0.0617,Imbibition
1,1,1,0.06172,0.95027,159,06.Jan 2015,,,0.0617,Imbibition
1,1,1,0.06172,0.95027,160,06.Jan 2015,,,0.0617,Imbibition
1,1,1,0.06172,0.95027,161,06.Jan 2015,,,0.0617,Imbibition
1,1,1,0.06172,0.95027,162,06.Jan 2015,,,0.0617,Imbibition
1,1,1,0.06172,0.95027,163,06.Jan 2015,,,0.0617,Imbibition
1,1,1,0.06172,0.95027,164,06.Jan 2015,,,0.0617,Imbibition
1,1,1,0.06172,0.95027,165,06.Jan 2015,,,0.0617,Imbibition
1,1,1,0.06172,0.95027,166,06.Jan 2015,,,0.0617,Imbibition
1,1,1,0.06172,0.95027,167,06.Jan 2015,,,0.0617,Imbibition
1,1,1,0.06172,0.95027,168,06.Jan 2015,,,0.0617,Imbibition
1,1,1,0.06172,0.95027,169,06.Jan 2015,,,0.0617,Imbibition
1,1,1,0.06172,0.95027,170,06.Jan 2015,,,0.0617,Imbibition
1,1,1,0.06172,0.95027,171,06.Jan 2015,,,0.0617,Imbibition
1,1,1,0.06172,0.95027,172,06.Jan 2015,,,0.0617,Imbibition
1,1,1,0.06172,0.95027,173,06.Jan 2015,,,0.0617,Imbibition
1,1,1,0.06172,0.95027,174,06.Jan 2015,,,0.0617,Imbibition
1,1,1,0.06172,0.95027,175,06.Jan 2015,,,0.0617,Imbibition
1,1,1,0.06172,0.95027,176,06.Jan 2015,,,0.0617,Imbibition
1,1,1,0.06172,0.95027,177,06.Jan 2015,,,0.0617,Imbibition
1,1,1,0.06172,0.95027,178,06.Jan 2015,,,0.0617,Imbibition
1,1,1,0.06172,0.95027,179,06.Jan 2015,,,0.0617,Imbibition
1,1,1,0.06172,0.95027,180,06.Jan 2015,,,0.0617,Imbibition
1,1,1,0.06172,0.95027,181,06.Jan 2015,,,0.0617,Imbibition
1,1,1,0.06172,0.95027,182,06.Jan 2015,,,0.0617,Imbibition
1,1,1,0.06172,0.95027,183,06.Jan 2015,,,0.0617,Imbibition
1,1,1,0.06172,0.95027,184,06.Jan 2015,,,0.0617,Imbibition
1,1,1,0.06247,0.94879,185,06.Jan 2015,,,0.0617,Imbibition
1,1,1,0.06372,0.94633,186,06.Jan 2015,,,0.0617,Imbibition
1,1,1,0.06716,0.93957,187,06.Jan 2015,,,0.0617,Imbibition
1,1,1,0.07131,0.93142,188,06.Jan 2015,,,0.0617,Imbibition
1,1,1,0.07349,0.9291,189,06.Jan 2015,,,0.0617,Imbibition
1,1,1,0.08117,0.92225,190,06.Jan 2015,,,0.0617,Imbibition
1,1,1,0.10492,0.87932,191,06.Jan 2015,,,0.0617,Imbibition
1,1,1,0.1098,0.86158,192,06.Jan 2015,,,0.0617,Imbibition
1,1,1,0.12012,0.84661,193,07.Jan 2015,,,0.0617,Imbibition
1,1,1,0.1222,0.84399,194,07.Jan 2015,,,0.0617,Imbibition
1,1,1,0.12282,0.8424,195,07.Jan 2015,,,0.0617,Imbibition
1,1,1,0.12554,0.83534,196,07.Jan 2015,,,0.0617,Imbibition
1,1,1,0.12644,0.83302,197,07.Jan 2015,,,0.0617,Imbibition
1,1,1,0.12704,0.83147,198,07.Jan 2015,,,0.0617,Imbibition
1,1,1,0.12737,0.83062,199,07.Jan 2015,,,0.0617,Imbibition
1,1,1,0.12782,0.82944,200,07.Jan 2015,,,0.0617,Imbibition
1,1,1,0.12802,0.82892,201,07.Jan 2015,,,0.0617,Imbibition
1,1,1,0.1283,0.82822,202,07.Jan 2015,,,0.0617,Imbibition
1,1,1,0.12834,0.8281,203,07.Jan 2015,,,0.0617,Imbibition
1,1,1,0.12842,0.82791,204,07.Jan 2015,,,0.0617,Imbibition
1,1,1,0.12845,0.82782,205,07.Jan 2015,,,0.0617,Imbibition
1,1,1,0.12845,0.82782,206,07.Jan 2015,,,0.0617,Imbibition
1,1,1,0.12845,0.82782,207,07.Jan 2015,,,0.0617,Imbibition
1,1,1,0.12845,0.82782,208,07.Jan 2015,,,0.0617,Imbibition
1,1,1,0.12845,0.82782,209,07.Jan 2015,,,0.0617,Imbibition
1,1,1,0.12855,0.82757,210,07.Jan 2015,,,0.0617,Imbibition
1,1,1,0.12863,0.82736,211,07.Jan 2015,,,0.0617,Imbibition
1,1,1,0.12863,0.82736,212,07.Jan 2015,,,0.0617,Imbibition
1,1,1,0.12863,0.82736,213,07.Jan 2015,,,0.0617,Imbibition
1,1,1,0.12863,0.82736,214,07.Jan 2015,,,0.0617,Imbibition
1,1,1,0.12863,0.82736,215,07.Jan 2015,,,0.0617,Imbibition
1,1,1,0.12863,0.82736,216,07.Jan 2015,,,0.0617,Imbibition
1,1,1,0.12863,0.82736,217,07.Jan 2015,,,0.0617,Imbibition
1,1,1,0.12863,0.82736,218,07.Jan 2015,,,0.0617,Imbibition
1,1,1,0.12863,0.82736,219,07.Jan 2015,,,0.0617,Imbibition
1,1,1,0.12863,0.82736,220,07.Jan 2015,,,0.0617,Imbibition
1,1,1,0.12863,0.82736,221,07.Jan 2015,,,0.0617,Imbibition
1,1,1,0.12863,0.82736,222,07.Jan 2015,,,0.0617,Imbibition
1,1,1,0.12863,0.82736,223,07.Jan 2015,,,0.0617,Imbibition
1,1,1,0.12863,0.82736,224,07.Jan 2015,,,0.0617,Imbibition
1,1,1,0.12863,0.82736,225,07.Jan 2015,,,0.0617,Imbibition
1,1,1,0.12863,0.82736,226,07.Jan 2015,,,0.0617,Imbibition
1,1,1,0.12863,0.82736,227,07.Jan 2015,,,0.0617,Imbibition
1,1,1,0.12863,0.82736,228,07.Jan 2015,,,0.0617,Imbibition
1,1,1,0.12863,0.82736,229,07.Jan 2015,,,0.0617,Imbibition
1,1,1,0.12863,0.82736,230,07.Jan 2015,,,0.0617,Imbibition
1,1,1,0.12863,0.82736,231,07.Jan 2015,,,0.0617,Imbibition
1,1,1,0.12863,0.82736,232,07.Jan 2015,,,0.0617,Imbibition
1,1,1,0.12863,0.82736,233,07.Jan 2015,,,0.0617,Imbibition
1,1,1,0.12863,0.82736,234,07.Jan 2015,,,0.0617,Imbibition
1,1,1,0.12808,0.82878,235,07.Jan 2015,,,0.0617,Drainage
1,1,1,0.12808,0.82878,236,07.Jan 2015,,,0.0617,Drainage
1,1,1,0.12808,0.82878,237,07.Jan 2015,,,0.0617,Drainage
1,1,1,0.12808,0.82878,238,07.Jan 2015,,,0.0617,Drainage
1,1,1,0.12808,0.82878,239,07.Jan 2015,,,0.0617,Drainage
1,1,1,0.12808,0.82878,240,08.Jan 2015,,,0.0617,Drainage
1,1,1,0.12897,0.82646,241,08.Jan 2015,,,0.0617,Imbibition
1,1,1,0.13185,0.81901,242,08.Jan 2015,,,0.0617,Imbibition
1,1,1,0.13453,0.81746,243,08.Jan 2015,,,0.0617,Imbibition
1,1,1,0.13601,0.81666,244,08.Jan 2015,,,0.0617,Imbibition
1,1,1,0.1373,0.81595,245,08.Jan 2015,,,0.0617,Imbibition
1,1,1,0.1373,0.81595,246,08.Jan 2015,,,0.0617,Imbibition
1,1,1,0.13734,0.81593,247,08.Jan 2015,,,0.0617,Imbibition
1,1,1,0.13798,0.81558,248,08.Jan 2015,,,0.0617,Imbibition
1,1,1,0.1388,0.81513,249,08.Jan 2015,,,0.0617,Imbibition
1,1,1,0.14126,0.81378,250,08.Jan 2015,,,0.0617,Imbibition
1,1,1,0.14196,0.81329,251,08.Jan 2015,,,0.0617,Imbibition
1,1,1,0.14352,0.80998,252,08.Jan 2015,,,0.0617,Imbibition
1,1,1,0.14886,0.79858,253,08.Jan 2015,,,0.0617,Imbibition
1,1,1,0.15236,0.79192,254,08.Jan 2015,,,0.0617,Imbibition
1,1,1,0.16386,0.78706,255,08.Jan 2015,,,0.0617,Imbibition
1,1,1,0.16702,0.78618,256,08.Jan 2015,,,0.0617,Imbibition
1,1,1,0.17178,0.7848,257,08.Jan 2015,,,0.0617,Imbibition
1,1,1,0.17372,0.78325,258,08.Jan 2015,,,0.0617,Imbibition
1,1,1,0.17819,0.77969,259,08.Jan 2015,,,0.0617,Imbibition
1,1,1,0.1808,0.7776,260,08.Jan 2015,,,0.0617,Imbibition
1,1,1,0.18209,0.77651,261,08.Jan 2015,,,0.0617,Imbibition
1,1,1,0.18624,0.77159,262,08.Jan 2015,,,0.0617,Imbibition
1,1,1,0.18892,0.76841,263,08.Jan 2015,,,0.0617,Imbibition
1,1,1,0.1954,0.76329,264,08.Jan 2015,,,0.0617,Imbibition
1,1,1,0.19995,0.7613,265,08.Jan 2015,,,0.0617,Imbibition
1,1,1,0.20129,0.76072,266,08.Jan 2015,,,0.0617,Imbibition
1,1,1,0.20116,0.76078,267,08.Jan 2015,Turning Point,0.20116,0.20116,Drainage
1,1,1,0.2,0.76128,268,08.Jan 2015,,,0.20116,Drainage
1,1,1,0.20849,0.73731,269,08.Jan 2015,Turning Point,0.20849,0.20849,Imbibition
1,1,1,0.20914,0.73502,270,08.Jan 2015,,,0.20849,Imbibition
1,1,1,0.21346,0.72416,271,08.Jan 2015,,,0.20849,Imbibition
1,1,1,0.21583,0.72321,272,08.Jan 2015,,,0.20849,Imbibition
1,1,1,0.22214,0.72068,273,08.Jan 2015,,,0.20849,Imbibition
1,1,1,0.22616,0.71901,274,08.Jan 2015,,,0.20849,Imbibition
1,1,1,0.22755,0.71844,275,08.Jan 2015,,,0.20849,Imbibition
1,1,1,0.22975,0.71752,276,08.Jan 2015,,,0.20849,Imbibition
1,1,1,0.23097,0.71702,277,08.Jan 2015,,,0.20849,Imbibition
1,1,1,0.23204,0.71648,278,08.Jan 2015,,,0.20849,Imbibition
1,1,1,0.23345,0.71551,279,08.Jan 2015,,,0.20849,Imbibition
1,1,1,0.23723,0.71291,280,08.Jan 2015,,,0.20849,Imbibition
1,1,1,0.24039,0.71073,281,08.Jan 2015,,,0.20849,Imbibition
1,1,1,0.25785,0.68564,282,08.Jan 2015,,,0.20849,Imbibition
1,1,1,0.2756,0.61648,283,08.Jan 2015,,,0.20849,Imbibition
1,1,1,0.27888,0.61076,284,08.Jan 2015,,,0.20849,Imbibition
1,1,1,0.28625,0.59913,285,08.Jan 2015,,,0.20849,Imbibition
1,1,1,0.30286,0.58798,286,08.Jan 2015,,,0.20849,Imbibition
1,1,1,0.3119,0.57895,287,08.Jan 2015,,,0.20849,Imbibition
1,1,1,0.33827,0.48795,288,08.Jan 2015,,,0.20849,Imbibition
1,1,1,0.34558,0.47495,289,08.Jan 2015,,,0.20849,Imbibition
1,1,1,0.3561,0.44944,290,09.Jan 2015,,,0.20849,Imbibition
1,1,1,0.3536,0.45462,291,09.Jan 2015,Turning Point,0.3536,0.3536,Drainage
1,1,1,0.35408,0.45361,292,09.Jan 2015,Turning Point,0.35408,0.35408,Imbibition
1,1,1,0.35408,0.45362,293,09.Jan 2015,,,0.35408,Imbibition
1,1,1,0.3535,0.45482,294,09.Jan 2015,,,0.35408,Drainage
1,1,1,0.35278,0.4563,295,09.Jan 2015,,,0.35408,Drainage
1,1,1,0.35059,0.46164,296,09.Jan 2015,,,0.35408,Drainage
1,1,1,0.34126,0.48524,297,09.Jan 2015,,,0.35408,Drainage
1,1,1,0.339,0.4873,298,09.Jan 2015,,,0.35408,Drainage
1,1,1,0.33764,0.48854,299,09.Jan 2015,,,0.35408,Drainage
1,1,1,0.3356,0.49038,300,09.Jan 2015,,,0.35408,Drainage
1,1,1,0.33446,0.49142,301,09.Jan 2015,,,0.35408,Drainage
1,1,1,0.33394,0.4919,302,09.Jan 2015,,,0.35408,Drainage
1,1,1,0.33197,0.4939,303,09.Jan 2015,,,0.35408,Drainage
1,1,1,0.33032,0.50441,304,09.Jan 2015,,,0.35408,Drainage
1,1,1,0.32928,0.51103,305,09.Jan 2015,,,0.35408,Drainage
1,1,1,0.32866,0.51503,306,09.Jan 2015,,,0.35408,Drainage
1,1,1,0.32745,0.5227,307,09.Jan 2015,,,0.35408,Drainage
1,1,1,0.32697,0.52578,308,09.Jan 2015,,,0.35408,Drainage
1,1,1,0.32561,0.53448,309,09.Jan 2015,,,0.35408,Drainage
1,1,1,0.32497,0.53851,310,09.Jan 2015,,,0.35408,Drainage
1,1,1,0.32461,0.54083,311,09.Jan 2015,,,0.35408,Drainage
1,1,1,0.32572,0.53374,312,09.Jan 2015,Turning Point,0.32572,0.32572,Imbibition
1,1,1,0.32596,0.53222,313,09.Jan 2015,,,0.32572,Imbibition
1,1,1,0.32532,0.53628,314,09.Jan 2015,Turning Point,0.32532,0.32532,Drainage
1,1,1,0.32393,0.54515,315,09.Jan 2015,,,0.32532,Drainage
1,1,1,0.32293,0.55153,316,09.Jan 2015,,,0.32532,Drainage
1,1,1,0.32226,0.55582,317,09.Jan 2015,,,0.32532,Drainage
1,1,1,0.32177,0.55797,318,09.Jan 2015,,,0.32532,Drainage
1,1,1,0.32029,0.56112,319,09.Jan 2015,,,0.32532,Drainage
1,1,1,0.30849,0.58239,320,09.Jan 2015,,,0.32532,Drainage
1,1,1,0.30511,0.58575,321,09.Jan 2015,,,0.32532,Drainage
1,1,1,0.30288,0.58796,322,09.Jan 2015,,,0.32532,Drainage
1,1,1,0.29959,0.58934,323,09.Jan 2015,,,0.32532,Drainage
1,1,1,0.29848,0.58956,324,09.Jan 2015,,,0.32532,Drainage
1,1,1,0.29624,0.59001,325,09.Jan 2015,,,0.32532,Drainage
1,1,1,0.29495,0.59027,326,09.Jan 2015,,,0.32532,Drainage
1,1,1,0.29286,0.59069,327,09.Jan 2015,,,0.32532,Drainage
1,1,1,0.29399,0.59046,328,09.Jan 2015,Turning Point,0.29399,0.29399,Imbibition
1,1,1,0.29373,0.59052,329,09.Jan 2015,Turning Point,0.29373,0.29373,Drainage
1,1,1,0.29352,0.59056,330,09.Jan 2015,,,0.29373,Drainage
1,1,1,0.29271,0.59072,331,09.Jan 2015,,,0.29373,Drainage
1,1,1,0.29208,0.59085,332,09.Jan 2015,,,0.29373,Drainage
1,1,1,0.2842,0.60211,333,09.Jan 2015,,,0.29373,Drainage
1,1,1,0.28131,0.60651,334,09.Jan 2015,,,0.29373,Drainage
1,1,1,0.2778,0.61265,335,09.Jan 2015,,,0.29373,Drainage
1,1,1,0.2726,0.62173,336,09.Jan 2015,,,0.29373,Drainage
1,1,1,0.2679,0.64313,337,09.Jan 2015,,,0.29373,Drainage
1,1,1,0.26554,0.65496,338,09.Jan 2015,,,0.29373,Drainage
1,1,1,0.25428,0.6967,339,09.Jan 2015,,,0.29373,Drainage
1,1,1,0.24957,0.70533,340,09.Jan 2015,,,0.29373,Drainage
1,1,1,0.24692,0.70683,341,09.Jan 2015,,,0.29373,Drainage
1,1,1,0.2452,0.70781,342,09.Jan 2015,,,0.29373,Drainage
1,1,1,0.24407,0.70845,343,09.Jan 2015,,,0.29373,Drainage
1,1,1,0.24188,0.7097,344,09.Jan 2015,,,0.29373,Drainage
1,1,1,0.23759,0.71266,345,09.Jan 2015,,,0.29373,Drainage
1,1,1,0.23523,0.71428,346,09.Jan 2015,,,0.29373,Drainage
1,1,1,0.23318,0.71569,347,10.Jan 2015,,,0.29373,Drainage
2,1,1,0.0617,0.9503,1,01.Jan 2015,,,0.29373,Drainage
2,1,1,0.06172,0.95027,2,02.Jan 2015,Turning Point,0.06172,0.06172,Imbibition
2,1,1,0.06172,0.95027,3,02.Jan 2015,,,0.06172,Imbibition
2,1,1,0.06172,0.95027,4,02.Jan 2015,,,0.06172,Imbibition
2,1,1,0.06172,0.95027,5,02.Jan 2015,,,0.06172,Imbibition
2,1,1,0.06172,0.95027,6,02.Jan 2015,,,0.06172,Imbibition
2,1,1,0.06172,0.95027,7,02.Jan 2015,,,0.06172,Imbibition
2,1,1,0.06172,0.95027,8,02.Jan 2015,,,0.06172,Imbibition
2,1,1,0.06172,0.95027,9,02.Jan 2015,,,0.06172,Imbibition
2,1,1,0.06172,0.95027,10,02.Jan 2015,,,0.06172,Imbibition
2,1,1,0.06172,0.95027,11,02.Jan 2015,,,0.06172,Imbibition
2,1,1,0.06172,0.95027,12,02.Jan 2015,,,0.06172,Imbibition
2,1,1,0.06172,0.95027,13,02.Jan 2015,,,0.06172,Imbibition
2,1,1,0.06172,0.95027,14,02.Jan 2015,,,0.06172,Imbibition
2,1,1,0.06172,0.95027,15,02.Jan 2015,,,0.06172,Imbibition
2,1,1,0.06172,0.95027,16,02.Jan 2015,,,0.06172,Imbibition
2,1,1,0.06172,0.95027,17,02.Jan 2015,,,0.06172,Imbibition
2,1,1,0.06172,0.95027,18,02.Jan 2015,,,0.06172,Imbibition
2,1,1,0.06172,0.95027,19,02.Jan 2015,,,0.06172,Imbibition
2,1,1,0.06172,0.95027,20,02.Jan 2015,,,0.06172,Imbibition
2,1,1,0.06172,0.95027,21,02.Jan 2015,,,0.06172,Imbibition
2,1,1,0.06172,0.95027,22,02.Jan 2015,,,0.06172,Imbibition
2,1,1,0.06172,0.95027,23,02.Jan 2015,,,0.06172,Imbibition
2,1,1,0.06172,0.95027,24,02.Jan 2015,,,0.06172,Imbibition
2,1,1,0.06172,0.95027,25,02.Jan 2015,,,0.06172,Imbibition
2,1,1,0.06172,0.95027,26,02.Jan 2015,,,0.06172,Imbibition
2,1,1,0.06172,0.95027,27,02.Jan 2015,,,0.06172,Imbibition
2,1,1,0.06172,0.95027,28,02.Jan 2015,,,0.06172,Imbibition
2,1,1,0.06172,0.95027,29,02.Jan 2015,,,0.06172,Imbibition
2,1,1,0.06172,0.95027,30,02.Jan 2015,,,0.06172,Imbibition
2,1,1,0.06172,0.95027,31,02.Jan 2015,,,0.06172,Imbibition
2,1,1,0.06172,0.95027,32,02.Jan 2015,,,0.06172,Imbibition
2,1,1,0.06172,0.95027,33,03.Jan 2015,,,0.06172,Imbibition
2,1,1,0.06172,0.95027,34,03.Jan 2015,,,0.06172,Imbibition
2,1,1,0.06172,0.95027,35,03.Jan 2015,,,0.06172,Imbibition
2,1,1,0.06172,0.95027,36,03.Jan 2015,,,0.06172,Imbibition
2,1,1,0.06172,0.95027,37,03.Jan 2015,,,0.06172,Imbibition
2,1,1,0.06172,0.95027,38,03.Jan 2015,,,0.06172,Imbibition
2,1,1,0.06172,0.95027,39,03.Jan 2015,,,0.06172,Imbibition
2,1,1,0.06172,0.95027,40,03.Jan 2015,,,0.06172,Imbibition
2,1,1,0.06172,0.95027,41,03.Jan 2015,,,0.06172,Imbibition
2,1,1,0.06172,0.95027,42,03.Jan 2015,,,0.06172,Imbibition
2,1,1,0.06172,0.95027,43,03.Jan 2015,,,0.06172,Imbibition
2,1,1,0.06172,0.95027,44,03.Jan 2015,,,0.06172,Imbibition
2,1,1,0.06172,0.95027,45,03.Jan 2015,,,0.06172,Imbibition
2,1,1,0.06172,0.95027,46,03.Jan 2015,,,0.06172,Imbibition
2,1,1,0.06172,0.95027,47,03.Jan 2015,,,0.06172,Imbibition
2,1,1,0.06172,0.95027,48,03.Jan 2015,,,0.06172,Imbibition
2,1,1,0.06172,0.95027,49,03.Jan 2015,,,0.06172,Imbibition
2,1,1,0.06172,0.95027,50,03.Jan 2015,,,0.06172,Imbibition
2,1,1,0.06172,0.95027,51,03.Jan 2015,,,0.06172,Imbibition
2,1,1,0.06172,0.95027,52,03.Jan 2015,,,0.06172,Imbibition
2,1,1,0.06172,0.95027,53,03.Jan 2015,,,0.06172,Imbibition
2,1,1,0.06172,0.95027,54,03.Jan 2015,,,0.06172,Imbibition
2,1,1,0.06172,0.95027,55,03.Jan 2015,,,0.06172,Imbibition
2,1,1,0.06172,0.95027,56,03.Jan 2015,,,0.06172,Imbibition
2,1,1,0.06172,0.95027,57,03.Jan 2015,,,0.06172,Imbibition
2,1,1,0.06172,0.95027,58,03.Jan 2015,,,0.06172,Imbibition
2,1,1,0.06172,0.95027,59,03.Jan 2015,,,0.06172,Imbibition
2,1,1,0.06172,0.95027,60,03.Jan 2015,,,0.06172,Imbibition
2,1,1,0.06172,0.95027,61,03.Jan 2015,,,0.06172,Imbibition
2,1,1,0.06172,0.95027,62,03.Jan 2015,,,0.06172,Imbibition
2,1,1,0.06172,0.95027,63,03.Jan 2015,,,0.06172,Imbibition
2,1,1,0.06172,0.95027,64,03.Jan 2015,,,0.06172,Imbibition
2,1,1,0.06172,0.95027,65,03.Jan 2015,,,0.06172,Imbibition
2,1,1,0.06172,0.95027,66,03.Jan 2015,,,0.06172,Imbibition
2,1,1,0.06172,0.95027,67,03.Jan 2015,,,0.06172,Imbibition
2,1,1,0.06172,0.95027,68,03.Jan 2015,,,0.06172,Imbibition
2,1,1,0.06172,0.95027,69,03.Jan 2015,,,0.06172,Imbibition
2,1,1,0.06172,0.95027,70,03.Jan 2015,,,0.06172,Imbibition
2,1,1,0.06172,0.95027,71,04.Jan 2015,,,0.06172,Imbibition
2,1,1,0.06172,0.95027,72,04.Jan 2015,,,0.06172,Imbibition
2,1,1,0.06172,0.95027,73,04.Jan 2015,,,0.06172,Imbibition
2,1,1,0.06172,0.95027,74,04.Jan 2015,,,0.06172,Imbibition
2,1,1,0.06172,0.95027,75,04.Jan 2015,,,0.06172,Imbibition
2,1,1,0.06172,0.95027,76,04.Jan 2015,,,0.06172,Imbibition
2,1,1,0.06172,0.95027,77,04.Jan 2015,,,0.06172,Imbibition
2,1,1,0.06172,0.95027,78,04.Jan 2015,,,0.06172,Imbibition
2,1,1,0.06172,0.95027,79,04.Jan 2015,,,0.06172,Imbibition
2,1,1,0.06172,0.95027,80,04.Jan 2015,,,0.06172,Imbibition
2,1,1,0.06172,0.95027,81,04.Jan 2015,,,0.06172,Imbibition
2,1,1,0.06172,0.95027,82,04.Jan 2015,,,0.06172,Imbibition
2,1,1,0.06172,0.95027,83,04.Jan 2015,,,0.06172,Imbibition
2,1,1,0.06172,0.95027,84,04.Jan 2015,,,0.06172,Imbibition
2,1,1,0.06172,0.95027,85,04.Jan 2015,,,0.06172,Imbibition
2,1,1,0.06172,0.95027,86,04.Jan 2015,,,0.06172,Imbibition
2,1,1,0.06172,0.95027,87,04.Jan 2015,,,0.06172,Imbibition
2,1,1,0.06172,0.95027,88,04.Jan 2015,,,0.06172,Imbibition
2,1,1,0.06172,0.95027,89,04.Jan 2015,,,0.06172,Imbibition
2,1,1,0.06172,0.95027,90,04.Jan 2015,,,0.06172,Imbibition
2,1,1,0.06172,0.95027,91,04.Jan 2015,,,0.06172,Imbibition
2,1,1,0.06172,0.95027,92,04.Jan 2015,,,0.06172,Imbibition
2,1,1,0.06172,0.95027,93,04.Jan 2015,,,0.06172,Imbibition
2,1,1,0.06172,0.95027,94,04.Jan 2015,,,0.06172,Imbibition
2,1,1,0.06172,0.95027,95,04.Jan 2015,,,0.06172,Imbibition
2,1,1,0.06172,0.95027,96,04.Jan 2015,,,0.06172,Imbibition
2,1,1,0.06172,0.95027,97,04.Jan 2015,,,0.06172,Imbibition
2,1,1,0.06172,0.95027,98,04.Jan 2015,,,0.06172,Imbibition
2,1,1,0.06172,0.95027,99,04.Jan 2015,,,0.06172,Imbibition
2,1,1,0.06172,0.95027,100,04.Jan 2015,,,0.06172,Imbibition
2,1,1,0.06172,0.95027,101,04.Jan 2015,,,0.06172,Imbibition
2,1,1,0.06172,0.95027,102,04.Jan 2015,,,0.06172,Imbibition
2,1,1,0.06172,0.95027,103,04.Jan 2015,,,0.06172,Imbibition
2,1,1,0.06172,0.95027,104,04.Jan 2015,,,0.06172,Imbibition
2,1,1,0.06172,0.95027,105,04.Jan 2015,,,0.06172,Imbibition
2,1,1,0.06172,0.95027,106,04.Jan 2015,,,0.06172,Imbibition
2,1,1,0.06172,0.95027,107,04.Jan 2015,,,0.06172,Imbibition
2,1,1,0.06172,0.95027,108,04.Jan 2015,,,0.06172,Imbibition
2,1,1,0.06172,0.95027,109,04.Jan 2015,,,0.06172,Imbibition
2,1,1,0.06172,0.95027,110,05.Jan 2015,,,0.06172,Imbibition
2,1,1,0.06172,0.95027,111,05.Jan 2015,,,0.06172,Imbibition
2,1,1,0.06172,0.95027,112,05.Jan 2015,,,0.06172,Imbibition
2,1,1,0.06172,0.95027,113,05.Jan 2015,,,0.06172,Imbibition
2,1,1,0.06172,0.95027,114,05.Jan 2015,,,0.06172,Imbibition
2,1,1,0.06172,0.95027,115,05.Jan 2015,,,0.06172,Imbibition
2,1,1,0.06172,0.95027,116,05.Jan 2015,,,0.06172,Imbibition
2,1,1,0.06172,0.95027,117,05.Jan 2015,,,0.06172,Imbibition
2,1,1,0.06172,0.95027,118,05.Jan 2015,,,0.06172,Imbibition
2,1,1,0.06172,0.95027,119,05.Jan 2015,,,0.06172,Imbibition
2,1,1,0.06172,0.95027,120,05.Jan 2015,,,0.06172,Imbibition
2,1,1,0.06172,0.95027,121,05.Jan 2015,,,0.06172,Imbibition
2,1,1,0.06172,0.95027,122,05.Jan 2015,,,0.06172,Imbibition
2,1,1,0.06172,0.95027,123,05.Jan 2015,,,0.06172,Imbibition
2,1,1,0.06172,0.95027,124,05.Jan 2015,,,0.06172,Imbibition
2,1,1,0.06172,0.95027,125,05.Jan 2015,,,0.06172,Imbibition
2,1,1,0.06172,0.95027,126,05.Jan 2015,,,0.06172,Imbibition
2,1,1,0.06172,0.95027,127,05.Jan 2015,,,0.06172,Imbibition
2,1,1,0.06172,0.95027,128,05.Jan 2015,,,0.06172,Imbibition
2,1,1,0.06172,0.95027,129,05.Jan 2015,,,0.06172,Imbibition
2,1,1,0.06172,0.95027,130,05.Jan 2015,,,0.06172,Imbibition
2,1,1,0.06172,0.95027,131,05.Jan 2015,,,0.06172,Imbibition
2,1,1,0.06172,0.95027,132,05.Jan 2015,,,0.06172,Imbibition
2,1,1,0.06172,0.95027,133,05.Jan 2015,,,0.06172,Imbibition
2,1,1,0.06172,0.95027,134,05.Jan 2015,,,0.06172,Imbibition
2,1,1,0.06172,0.95027,135,05.Jan 2015,,,0.06172,Imbibition
2,1,1,0.06172,0.95027,136,05.Jan 2015,,,0.06172,Imbibition
2,1,1,0.06172,0.95027,137,05.Jan 2015,,,0.06172,Imbibition
2,1,1,0.06172,0.95027,138,05.Jan 2015,,,0.06172,Imbibition
2,1,1,0.06172,0.95027,139,05.Jan 2015,,,0.06172,Imbibition
2,1,1,0.06172,0.95027,140,05.Jan 2015,,,0.06172,Imbibition
2,1,1,0.06172,0.95027,141,05.Jan 2015,,,0.06172,Imbibition
2,1,1,0.06172,0.95027,142,05.Jan 2015,,,0.06172,Imbibition
2,1,1,0.06172,0.95027,143,05.Jan 2015,,,0.06172,Imbibition
2,1,1,0.06172,0.95027,144,05.Jan 2015,,,0.06172,Imbibition
2,1,1,0.06172,0.95027,145,05.Jan 2015,,,0.06172,Imbibition
2,1,1,0.06172,0.95027,146,05.Jan 2015,,,0.06172,Imbibition
2,1,1,0.06172,0.95027,147,05.Jan 2015,,,0.06172,Imbibition
2,1,1,0.06172,0.95027,148,05.Jan 2015,,,0.06172,Imbibition
2,1,1,0.06172,0.95027,149,05.Jan 2015,,,0.06172,Imbibition
2,1,1,0.06172,0.95027,150,05.Jan 2015,,,0.06172,Imbibition
2,1,1,0.06172,0.95027,151,06.Jan 2015,,,0.06172,Imbibition
2,1,1,0.06172,0.95027,152,06.Jan 2015,,,0.06172,Imbibition
2,1,1,0.06172,0.95027,153,06.Jan 2015,,,0.06172,Imbibition
2,1,1,0.06172,0.95027,154,06.Jan 2015,,,0.06172,Imbibition
2,1,1,0.06172,0.95027,155,06.Jan 2015,,,0.06172,Imbibition
2,1,1,0.06172,0.95027,156,06.Jan 2015,,,0.06172,Imbibition
2,1,1,0.06172,0.95027,157,06.Jan 2015,,,0.06172,Imbibition
2,1,1,0.06172,0.95027,158,06.Jan 2015,,,0.06172,Imbibition
2,1,1,0.06233,0.94905,159,06.Jan 2015,,,0.06172,Imbibition
2,1,1,0.06352,0.94672,160,06.Jan 2015,,,0.06172,Imbibition
2,1,1,0.06758,0.93875,161,06.Jan 2015,,,0.06172,Imbibition
2,1,1,0.07,0.93399,162,06.Jan 2015,,,0.06172,Imbibition
2,1,1,0.07246,0.93002,163,06.Jan 2015,,,0.06172,Imbibition
2,1,1,0.07621,0.92668,164,06.Jan 2015,,,0.06172,Imbibition
2,1,1,0.07956,0.92368,165,06.Jan 2015,,,0.06172,Imbibition
2,1,1,0.08665,0.91346,166,06.Jan 2015,,,0.06172,Imbibition
2,1,1,0.10416,0.88211,167,06.Jan 2015,,,0.06172,Imbibition
2,1,1,0.10676,0.87262,168,06.Jan 2015,,,0.06172,Imbibition
2,1,1,0.10858,0.866,169,06.Jan 2015,,,0.06172,Imbibition
2,1,1,0.11023,0.86002,170,06.Jan 2015,,,0.06172,Imbibition
2,1,1,0.11132,0.85602,171,06.Jan 2015,,,0.06172,Imbibition
2,1,1,0.11363,0.85322,172,06.Jan 2015,,,0.06172,Imbibition
2,1,1,0.11589,0.85092,173,06.Jan 2015,,,0.06172,Imbibition
2,1,1,0.12261,0.84293,174,06.Jan 2015,,,0.06172,Imbibition
2,1,1,0.12423,0.83874,175,06.Jan 2015,,,0.06172,Imbibition
2,1,1,0.12931,0.82561,176,06.Jan 2015,,,0.06172,Imbibition
2,1,1,0.13007,0.82362,177,06.Jan 2015,,,0.06172,Imbibition
2,1,1,0.13097,0.82131,178,06.Jan 2015,,,0.06172,Imbibition
2,1,1,0.13605,0.81663,179,06.Jan 2015,,,0.06172,Imbibition
2,1,1,0.13834,0.81538,180,06.Jan 2015,,,0.06172,Imbibition
2,1,1,0.14041,0.81425,181,06.Jan 2015,,,0.06172,Imbibition
2,1,1,0.15494,0.79075,182,06.Jan 2015,,,0.06172,Imbibition
2,1,1,0.16469,0.78683,183,06.Jan 2015,,,0.06172,Imbibition
2,1,1,0.16708,0.78617,184,06.Jan 2015,,,0.06172,Imbibition
2,1,1,0.17409,0.78295,185,06.Jan 2015,,,0.06172,Imbibition
2,1,1,0.17911,0.77895,186,06.Jan 2015,,,0.06172,Imbibition
2,1,1,0.18406,0.77417,187,06.Jan 2015,,,0.06172,Imbibition
2,1,1,0.18604,0.77182,188,06.Jan 2015,,,0.06172,Imbibition
2,1,1,0.18805,0.76945,189,06.Jan 2015,,,0.06172,Imbibition
2,1,1,0.19526,0.76335,190,06.Jan 2015,,,0.06172,Imbibition
2,1,1,0.22385,0.71997,191,06.Jan 2015,,,0.06172,Imbibition
2,1,1,0.22771,0.71837,192,06.Jan 2015,,,0.06172,Imbibition
2,1,1,0.23394,0.71517,193,07.Jan 2015,,,0.06172,Imbibition
2,1,1,0.22527,0.71939,194,07.Jan 2015,Turning Point,0.22527,0.22527,Drainage
2,1,1,0.22442,0.71974,195,07.Jan 2015,,,0.22527,Drainage
2,1,1,0.22654,0.71886,196,07.Jan 2015,Turning Point,0.22654,0.22654,Imbibition
2,1,1,0.22601,0.71908,197,07.Jan 2015,Turning Point,0.22601,0.22601,Drainage
2,1,1,0.22539,0.71933,198,07.Jan 2015,,,0.22601,Drainage
2,1,1,0.225,0.71949,199,07.Jan 2015,,,0.22601,Drainage
2,1,1,0.22441,0.71974,200,07.Jan 2015,,,0.22601,Drainage
2,1,1,0.22411,0.71987,201,07.Jan 2015,,,0.22601,Drainage
2,1,1,0.22352,0.72011,202,07.Jan 2015,,,0.22601,Drainage
2,1,1,0.22343,0.72015,203,07.Jan 2015,,,0.22601,Drainage
2,1,1,0.22336,0.72018,204,07.Jan 2015,,,0.22601,Drainage
2,1,1,0.22319,0.72025,205,07.Jan 2015,,,0.22601,Drainage
2,1,1,0.2226,0.72049,206,07.Jan 2015,,,0.22601,Drainage
2,1,1,0.22231,0.72061,207,07.Jan 2015,,,0.22601,Drainage
2,1,1,0.22219,0.72066,208,07.Jan 2015,,,0.22601,Drainage
2,1,1,0.22288,0.72038,209,07.Jan 2015,Turning Point,0.22288,0.22288,Imbibition
2,1,1,0.22339,0.72016,210,07.Jan 2015,,,0.22288,Imbibition
2,1,1,0.22341,0.72016,211,07.Jan 2015,,,0.22288,Imbibition
2,1,1,0.22297,0.72034,212,07.Jan 2015,Turning Point,0.22297,0.22297,Drainage
2,1,1,0.22282,0.7204,213,07.Jan 2015,,,0.22297,Drainage
2,1,1,0.22241,0.72057,214,07.Jan 2015,,,0.22297,Drainage
2,1,1,0.22205,0.72072,215,07.Jan 2015,,,0.22297,Drainage
2,1,1,0.2218,0.72082,216,07.Jan 2015,,,0.22297,Drainage
2,1,1,0.22164,0.72089,217,07.Jan 2015,,,0.22297,Drainage
2,1,1,0.22131,0.72102,218,07.Jan 2015,,,0.22297,Drainage
2,1,1,0.22055,0.72132,219,07.Jan 2015,,,0.22297,Drainage
2,1,1,0.22041,0.72138,220,07.Jan 2015,,,0.22297,Drainage
2,1,1,0.21978,0.72163,221,07.Jan 2015,,,0.22297,Drainage
2,1,1,0.21867,0.72207,222,07.Jan 2015,,,0.22297,Drainage
2,1,1,0.21762,0.72249,223,07.Jan 2015,,,0.22297,Drainage
2,1,1,0.21702,0.72273,224,07.Jan 2015,,,0.22297,Drainage
2,1,1,0.21582,0.72321,225,07.Jan 2015,,,0.22297,Drainage
2,1,1,0.21567,0.72327,226,07.Jan 2015,,,0.22297,Drainage
2,1,1,0.21538,0.72339,227,07.Jan 2015,,,0.22297,Drainage
2,1,1,0.21459,0.7237,228,07.Jan 2015,,,0.22297,Drainage
2,1,1,0.20158,0.76059,229,07.Jan 2015,,,0.22297,Drainage
2,1,1,0.19291,0.76437,230,07.Jan 2015,,,0.22297,Drainage
2,1,1,0.19266,0.76448,231,07.Jan 2015,,,0.22297,Drainage
2,1,1,0.1922,0.76468,232,07.Jan 2015,,,0.22297,Drainage
2,1,1,0.19099,0.76595,233,07.Jan 2015,,,0.22297,Drainage
2,1,1,0.191,0.76595,234,07.Jan 2015,Turning Point,0.191,0.191,Imbibition
2,1,1,0.19331,0.7642,235,07.Jan 2015,,,0.191,Imbibition
2,1,1,0.19375,0.764,236,07.Jan 2015,,,0.191,Imbibition
2,1,1,0.19338,0.76417,237,07.Jan 2015,Turning Point,0.19338,0.19338,Drainage
2,1,1,0.19297,0.76434,238,07.Jan 2015,,,0.19338,Drainage
2,1,1,0.19265,0.76449,239,07.Jan 2015,,,0.19338,Drainage
2,1,1,0.19187,0.76492,240,08.Jan 2015,,,0.19338,Drainage
2,1,1,0.19354,0.7641,241,08.Jan 2015,Turning Point,0.19354,0.19354,Imbibition
2,1,1,0.19687,0.76265,242,08.Jan 2015,,,0.19354,Imbibition
2,1,1,0.19929,0.76159,243,08.Jan 2015,,,0.19354,Imbibition
2,1,1,0.20049,0.76107,244,08.Jan 2015,,,0.19354,Imbibition
2,1,1,0.20146,0.76065,245,08.Jan 2015,,,0.19354,Imbibition
2,1,1,0.21168,0.72611,246,08.Jan 2015,,,0.19354,Imbibition
2,1,1,0.21459,0.72371,247,08.Jan 2015,,,0.19354,Imbibition
2,1,1,0.21869,0.72207,248,08.Jan 2015,,,0.19354,Imbibition
2,1,1,0.22141,0.72098,249,08.Jan 2015,,,0.19354,Imbibition
2,1,1,0.22436,0.71976,250,08.Jan 2015,,,0.19354,Imbibition
2,1,1,0.22499,0.7195,251,08.Jan 2015,,,0.19354,Imbibition
2,1,1,0.22584,0.71915,252,08.Jan 2015,,,0.19354,Imbibition
2,1,1,0.22733,0.71853,253,08.Jan 2015,,,0.19354,Imbibition
2,1,1,0.22801,0.71825,254,08.Jan 2015,,,0.19354,Imbibition
2,1,1,0.2272,0.71858,255,08.Jan 2015,Turning Point,0.2272,0.2272,Drainage
2,1,1,0.22736,0.71851,256,08.Jan 2015,Turning Point,0.22736,0.22736,Imbibition
2,1,1,0.22798,0.71826,257,08.Jan 2015,,,0.22736,Imbibition
2,1,1,0.22805,0.71823,258,08.Jan 2015,,,0.22736,Imbibition
2,1,1,0.22564,0.71923,259,08.Jan 2015,Turning Point,0.22564,0.22564,Drainage
2,1,1,0.22566,0.71922,260,08.Jan 2015,Turning Point,0.22566,0.22566,Imbibition
2,1,1,0.22593,0.71911,261,08.Jan 2015,,,0.22566,Imbibition
2,1,1,0.22662,0.71882,262,08.Jan 2015,,,0.22566,Imbibition
2,1,1,0.22645,0.71889,263,08.Jan 2015,Turning Point,0.22645,0.22645,Drainage
2,1,1,0.22812,0.7182,264,08.Jan 2015,Turning Point,0.22812,0.22812,Imbibition
2,1,1,0.24027,0.71081,265,08.Jan 2015,,,0.22812,Imbibition
2,1,1,0.24872,0.70581,266,08.Jan 2015,,,0.22812,Imbibition
2,1,1,0.25834,0.6841,267,08.Jan 2015,,,0.22812,Imbibition
2,1,1,0.26948,0.6352,268,08.Jan 2015,,,0.22812,Imbibition
2,1,1,0.28959,0.59428,269,08.Jan 2015,,,0.22812,Imbibition
2,1,1,0.29328,0.5906,270,08.Jan 2015,,,0.22812,Imbibition
2,1,1,0.29566,0.59013,271,08.Jan 2015,,,0.22812,Imbibition
2,1,1,0.29682,0.5899,272,08.Jan 2015,,,0.22812,Imbibition
2,1,1,0.29986,0.58929,273,08.Jan 2015,,,0.22812,Imbibition
2,1,1,0.30611,0.58475,274,08.Jan 2015,,,0.22812,Imbibition
2,1,1,0.33724,0.4889,275,08.Jan 2015,,,0.22812,Imbibition
2,1,1,0.36393,0.43722,276,08.Jan 2015,,,0.22812,Imbibition
2,1,1,0.37837,0.37694,277,08.Jan 2015,,,0.22812,Imbibition
2,1,1,0.38763,0.34197,278,08.Jan 2015,,,0.22812,Imbibition
2,1,1,0.3929,0.33782,279,08.Jan 2015,,,0.22812,Imbibition
2,1,1,0.39825,0.32619,280,08.Jan 2015,,,0.22812,Imbibition
2,1,1,0.40261,0.31666,281,08.Jan 2015,,,0.22812,Imbibition
2,1,1,0.4117,0.29614,282,08.Jan 2015,,,0.22812,Imbibition
2,1,1,0.41931,0.2949,283,08.Jan 2015,,,0.22812,Imbibition
2,1,1,0.42179,0.29454,284,08.Jan 2015,,,0.22812,Imbibition
2,1,1,0.42684,0.29227,285,08.Jan 2015,,,0.22812,Imbibition
2,1,1,0.43217,0.29002,286,08.Jan 2015,,,0.22812,Imbibition
2,1,1,0.43655,0.28921,287,08.Jan 2015,,,0.22812,Imbibition
2,1,1,0.4414,0.28832,288,08.Jan 2015,,,0.22812,Imbibition
2,1,1,0.45293,0.28429,289,08.Jan 2015,,,0.22812,Imbibition
2,1,1,0.46346,0.27418,290,09.Jan 2015,,,0.22812,Imbibition
2,1,1,0.44905,0.28648,291,09.Jan 2015,Turning Point,0.44905,0.44905,Drainage
2,1,1,0.44348,0.28782,292,09.Jan 2015,,,0.44905,Drainage
2,1,1,0.43294,0.28988,293,09.Jan 2015,,,0.44905,Drainage
2,1,1,0.42827,0.29162,294,09.Jan 2015,,,0.44905,Drainage
2,1,1,0.42385,0.29362,295,09.Jan 2015,,,0.44905,Drainage
2,1,1,0.41708,0.29518,296,09.Jan 2015,,,0.44905,Drainage
2,1,1,0.40936,0.30143,297,09.Jan 2015,,,0.44905,Drainage
2,1,1,0.40634,0.30824,298,09.Jan 2015,,,0.44905,Drainage
2,1,1,0.40408,0.31334,299,09.Jan 2015,,,0.44905,Drainage
2,1,1,0.39822,0.32625,300,09.Jan 2015,,,0.44905,Drainage
2,1,1,0.39227,0.33917,301,09.Jan 2015,,,0.44905,Drainage
2,1,1,0.39007,0.34089,302,09.Jan 2015,,,0.44905,Drainage
2,1,1,0.3856,0.34287,303,09.Jan 2015,,,0.44905,Drainage
2,1,1,0.38328,0.3439,304,09.Jan 2015,,,0.44905,Drainage
2,1,1,0.38308,0.34399,305,09.Jan 2015,,,0.44905,Drainage
2,1,1,0.38348,0.34381,306,09.Jan 2015,Turning Point,0.38348,0.38348,Imbibition
2,1,1,0.38308,0.34399,307,09.Jan 2015,Turning Point,0.38308,0.38308,Drainage
2,1,1,0.38277,0.34413,308,09.Jan 2015,,,0.38308,Drainage
2,1,1,0.3816,0.34774,309,09.Jan 2015,,,0.38308,Drainage
2,1,1,0.38044,0.3582,310,09.Jan 2015,,,0.38308,Drainage
2,1,1,0.37877,0.3734,311,09.Jan 2015,,,0.38308,Drainage
2,1,1,0.37212,0.43362,312,09.Jan 2015,,,0.38308,Drainage
2,1,1,0.36984,0.43661,313,09.Jan 2015,,,0.38308,Drainage
2,1,1,0.36541,0.43706,314,09.Jan 2015,,,0.38308,Drainage
2,1,1,0.3623,0.43738,315,09.Jan 2015,,,0.38308,Drainage
2,1,1,0.36034,0.44068,316,09.Jan 2015,,,0.38308,Drainage
2,1,1,0.35906,0.44334,317,09.Jan 2015,,,0.38308,Drainage
2,1,1,0.35825,0.44501,318,09.Jan 2015,,,0.38308,Drainage
2,1,1,0.35727,0.44704,319,09.Jan 2015,,,0.38308,Drainage
2,1,1,0.36137,0.43855,320,09.Jan 2015,Turning Point,0.36137,0.36137,Imbibition
2,1,1,0.36245,0.43737,321,09.Jan 2015,,,0.36137,Imbibition
2,1,1,0.36309,0.4373,322,09.Jan 2015,,,0.36137,Imbibition
2,1,1,0.36317,0.43729,323,09.Jan 2015,,,0.36137,Imbibition
2,1,1,0.36302,0.43731,324,09.Jan 2015,Turning Point,0.36302,0.36302,Drainage
2,1,1,0.36151,0.43826,325,09.Jan 2015,,,0.36302,Drainage
2,1,1,0.35975,0.44191,326,09.Jan 2015,,,0.36302,Drainage
2,1,1,0.35286,0.45614,327,09.Jan 2015,,,0.36302,Drainage
2,1,1,0.34531,0.47565,328,09.Jan 2015,,,0.36302,Drainage
2,1,1,0.34153,0.48499,329,09.Jan 2015,,,0.36302,Drainage
2,1,1,0.3402,0.4862,330,09.Jan 2015,,,0.36302,Drainage
2,1,1,0.33793,0.48827,331,09.Jan 2015,,,0.36302,Drainage
2,1,1,0.33715,0.48898,332,09.Jan 2015,,,0.36302,Drainage
2,1,1,0.3387,0.48756,333,09.Jan 2015,Turning Point,0.3387,0.3387,Imbibition
2,1,1,0.33923,0.48709,334,09.Jan 2015,,,0.3387,Imbibition
2,1,1,0.33797,0.48823,335,09.Jan 2015,Turning Point,0.33797,0.33797,Drainage
2,1,1,0.33242,0.49327,336,09.Jan 2015,,,0.33797,Drainage
2,1,1,0.33065,0.50232,337,09.Jan 2015,,,0.33797,Drainage
2,1,1,0.33033,0.50433,338,09.Jan 2015,,,0.33797,Drainage
2,1,1,0.33258,0.49313,339,09.Jan 2015,Turning Point,0.33258,0.33258,Imbibition
2,1,1,0.3333,0.49247,340,09.Jan 2015,,,0.33258,Imbibition
2,1,1,0.33366,0.49215,341,09.Jan 2015,,,0.33258,Imbibition
2,1,1,0.33385,0.49198,342,09.Jan 2015,,,0.33258,Imbibition
2,1,1,0.33396,0.49187,343,09.Jan 2015,,,0.33258,Imbibition
2,1,1,0.33412,0.49174,344,09.Jan 2015,,,0.33258,Imbibition
2,1,1,0.33463,0.49127,345,09.Jan 2015,,,0.33258,Imbibition
2,1,1,0.33493,0.49099,346,09.Jan 2015,,,0.33258,Imbibition
2,1,1,0.33515,0.4908,347,10.Jan 2015,,,0.33258,Imbibition
3,1,1,0.0617,0.9503,1,01.Jan 2015,Turning Point,0.0617,0.0617,Drainage
3,1,1,0.06172,0.95027,2,02.Jan 2015,Turning Point,0.06172,0.06172,Imbibition
3,1,1,0.06172,0.95027,3,02.Jan 2015,,,0.06172,Imbibition
3,1,1,0.06172,0.95027,4,02.Jan 2015,,,0.06172,Imbibition
3,1,1,0.06172,0.95027,5,02.Jan 2015,,,0.06172,Imbibition
3,1,1,0.06172,0.95027,6,02.Jan 2015,,,0.06172,Imbibition
3,1,1,0.06172,0.95027,7,02.Jan 2015,,,0.06172,Imbibition
3,1,1,0.06172,0.95027,8,02.Jan 2015,,,0.06172,Imbibition
3,1,1,0.06172,0.95027,9,02.Jan 2015,,,0.06172,Imbibition
3,1,1,0.06172,0.95027,10,02.Jan 2015,,,0.06172,Imbibition
3,1,1,0.06172,0.95027,11,02.Jan 2015,,,0.06172,Imbibition
3,1,1,0.06172,0.95027,12,02.Jan 2015,,,0.06172,Imbibition
3,1,1,0.06172,0.95027,13,02.Jan 2015,,,0.06172,Imbibition
3,1,1,0.06172,0.95027,14,02.Jan 2015,,,0.06172,Imbibition
3,1,1,0.06172,0.95027,15,02.Jan 2015,,,0.06172,Imbibition
3,1,1,0.06172,0.95027,16,02.Jan 2015,,,0.06172,Imbibition
3,1,1,0.06172,0.95027,17,02.Jan 2015,,,0.06172,Imbibition
3,1,1,0.06172,0.95027,18,02.Jan 2015,,,0.06172,Imbibition
3,1,1,0.06172,0.95027,19,02.Jan 2015,,,0.06172,Imbibition
3,1,1,0.06172,0.95027,20,02.Jan 2015,,,0.06172,Imbibition
3,1,1,0.06172,0.95027,21,02.Jan 2015,,,0.06172,Imbibition
3,1,1,0.06172,0.95027,22,02.Jan 2015,,,0.06172,Imbibition
3,1,1,0.06172,0.95027,23,02.Jan 2015,,,0.06172,Imbibition
3,1,1,0.06172,0.95027,24,02.Jan 2015,,,0.06172,Imbibition
3,1,1,0.06172,0.95027,25,02.Jan 2015,,,0.06172,Imbibition
3,1,1,0.06172,0.95027,26,02.Jan 2015,,,0.06172,Imbibition
3,1,1,0.06172,0.95027,27,02.Jan 2015,,,0.06172,Imbibition
3,1,1,0.06172,0.95027,28,02.Jan 2015,,,0.06172,Imbibition
3,1,1,0.06172,0.95027,29,02.Jan 2015,,,0.06172,Imbibition
3,1,1,0.06172,0.95027,30,02.Jan 2015,,,0.06172,Imbibition
3,1,1,0.06172,0.95027,31,02.Jan 2015,,,0.06172,Imbibition
3,1,1,0.06172,0.95027,32,02.Jan 2015,,,0.06172,Imbibition
3,1,1,0.06172,0.95027,33,03.Jan 2015,,,0.06172,Imbibition
3,1,1,0.06172,0.95027,34,03.Jan 2015,,,0.06172,Imbibition
3,1,1,0.06172,0.95027,35,03.Jan 2015,,,0.06172,Imbibition
3,1,1,0.06172,0.95027,36,03.Jan 2015,,,0.06172,Imbibition
3,1,1,0.06172,0.95027,37,03.Jan 2015,,,0.06172,Imbibition
3,1,1,0.06172,0.95027,38,03.Jan 2015,,,0.06172,Imbibition
3,1,1,0.06172,0.95027,39,03.Jan 2015,,,0.06172,Imbibition
3,1,1,0.06172,0.95027,40,03.Jan 2015,,,0.06172,Imbibition
3,1,1,0.06172,0.95027,41,03.Jan 2015,,,0.06172,Imbibition
3,1,1,0.06172,0.95027,42,03.Jan 2015,,,0.06172,Imbibition
3,1,1,0.06172,0.95027,43,03.Jan 2015,,,0.06172,Imbibition
3,1,1,0.06172,0.95027,44,03.Jan 2015,,,0.06172,Imbibition
3,1,1,0.06172,0.95027,45,03.Jan 2015,,,0.06172,Imbibition
3,1,1,0.06172,0.95027,46,03.Jan 2015,,,0.06172,Imbibition
3,1,1,0.06172,0.95027,47,03.Jan 2015,,,0.06172,Imbibition
3,1,1,0.06172,0.95027,48,03.Jan 2015,,,0.06172,Imbibition
3,1,1,0.06172,0.95027,49,03.Jan 2015,,,0.06172,Imbibition
3,1,1,0.06172,0.95027,50,03.Jan 2015,,,0.06172,Imbibition
3,1,1,0.06172,0.95027,51,03.Jan 2015,,,0.06172,Imbibition
3,1,1,0.06172,0.95027,52,03.Jan 2015,,,0.06172,Imbibition
3,1,1,0.06172,0.95027,53,03.Jan 2015,,,0.06172,Imbibition
3,1,1,0.06172,0.95027,54,03.Jan 2015,,,0.06172,Imbibition
3,1,1,0.06172,0.95027,55,03.Jan 2015,,,0.06172,Imbibition
3,1,1,0.06172,0.95027,56,03.Jan 2015,,,0.06172,Imbibition
3,1,1,0.06172,0.95027,57,03.Jan 2015,,,0.06172,Imbibition
3,1,1,0.06172,0.95027,58,03.Jan 2015,,,0.06172,Imbibition
3,1,1,0.06172,0.95027,59,03.Jan 2015,,,0.06172,Imbibition
3,1,1,0.06172,0.95027,60,03.Jan 2015,,,0.06172,Imbibition
3,1,1,0.06172,0.95027,61,03.Jan 2015,,,0.06172,Imbibition
3,1,1,0.06172,0.95027,62,03.Jan 2015,,,0.06172,Imbibition
3,1,1,0.06172,0.95027,63,03.Jan 2015,,,0.06172,Imbibition
3,1,1,0.06172,0.95027,64,03.Jan 2015,,,0.06172,Imbibition
3,1,1,0.06172,0.95027,65,03.Jan 2015,,,0.06172,Imbibition
3,1,1,0.06172,0.95027,66,03.Jan 2015,,,0.06172,Imbibition
3,1,1,0.06172,0.95027,67,03.Jan 2015,,,0.06172,Imbibition
3,1,1,0.06172,0.95027,68,03.Jan 2015,,,0.06172,Imbibition
3,1,1,0.06172,0.95027,69,03.Jan 2015,,,0.06172,Imbibition
3,1,1,0.06172,0.95027,70,03.Jan 2015,,,0.06172,Imbibition
3,1,1,0.06172,0.95027,71,04.Jan 2015,,,0.06172,Imbibition
3,1,1,0.06172,0.95027,72,04.Jan 2015,,,0.06172,Imbibition
3,1,1,0.06172,0.95027,73,04.Jan 2015,,,0.06172,Imbibition
3,1,1,0.06172,0.95027,74,04.Jan 2015,,,0.06172,Imbibition
3,1,1,0.06172,0.95027,75,04.Jan 2015,,,0.06172,Imbibition
3,1,1,0.06172,0.95027,76,04.Jan 2015,,,0.06172,Imbibition
3,1,1,0.06172,0.95027,77,04.Jan 2015,,,0.06172,Imbibition
3,1,1,0.06172,0.95027,78,04.Jan 2015,,,0.06172,Imbibition
3,1,1,0.06172,0.95027,79,04.Jan 2015,,,0.06172,Imbibition
3,1,1,0.06172,0.95027,80,04.Jan 2015,,,0.06172,Imbibition
3,1,1,0.06172,0.95027,81,04.Jan 2015,,,0.06172,Imbibition
3,1,1,0.06172,0.95027,82,04.Jan 2015,,,0.06172,Imbibition
3,1,1,0.06172,0.95027,83,04.Jan 2015,,,0.06172,Imbibition
3,1,1,0.06172,0.95027,84,04.Jan 2015,,,0.06172,Imbibition
3,1,1,0.06172,0.95027,85,04.Jan 2015,,,0.06172,Imbibition
3,1,1,0.06172,0.95027,86,04.Jan 2015,,,0.06172,Imbibition
3,1,1,0.06172,0.95027,87,04.Jan 2015,,,0.06172,Imbibition
3,1,1,0.06172,0.95027,88,04.Jan 2015,,,0.06172,Imbibition
3,1,1,0.06172,0.95027,89,04.Jan 2015,,,0.06172,Imbibition
3,1,1,0.06172,0.95027,90,04.Jan 2015,,,0.06172,Imbibition
3,1,1,0.06172,0.95027,91,04.Jan 2015,,,0.06172,Imbibition
3,1,1,0.06172,0.95027,92,04.Jan 2015,,,0.06172,Imbibition
3,1,1,0.06172,0.95027,93,04.Jan 2015,,,0.06172,Imbibition
3,1,1,0.06172,0.95027,94,04.Jan 2015,,,0.06172,Imbibition
3,1,1,0.06172,0.95027,95,04.Jan 2015,,,0.06172,Imbibition
3,1,1,0.06172,0.95027,96,04.Jan 2015,,,0.06172,Imbibition
3,1,1,0.06172,0.95027,97,04.Jan 2015,,,0.06172,Imbibition
3,1,1,0.06172,0.95027,98,04.Jan 2015,,,0.06172,Imbibition
3,1,1,0.06172,0.95027,99,04.Jan 2015,,,0.06172,Imbibition
3,1,1,0.06299,0.94776,100,04.Jan 2015,,,0.06172,Imbibition
3,1,1,0.0738,0.92882,101,04.Jan 2015,,,0.06172,Imbibition
3,1,1,0.08177,0.92157,102,04.Jan 2015,,,0.06172,Imbibition
3,1,1,0.08177,0.92157,103,04.Jan 2015,,,0.06172,Imbibition
3,1,1,0.08177,0.92157,104,04.Jan 2015,,,0.06172,Imbibition
3,1,1,0.08177,0.92157,105,04.Jan 2015,,,0.06172,Imbibition
3,1,1,0.0828,0.91986,106,04.Jan 2015,,,0.06172,Imbibition
3,1,1,0.08772,0.91169,107,04.Jan 2015,,,0.06172,Imbibition
3,1,1,0.10487,0.87952,108,04.Jan 2015,,,0.06172,Imbibition
3,1,1,0.1151,0.85172,109,04.Jan 2015,,,0.06172,Imbibition
3,1,1,0.12652,0.83282,110,05.Jan 2015,,,0.06172,Imbibition
3,1,1,0.11398,0.85287,111,05.Jan 2015,Turning Point,0.11398,0.11398,Drainage
3,1,1,0.11545,0.85136,112,05.Jan 2015,Turning Point,0.11545,0.11545,Imbibition
3,1,1,0.1166,0.85019,113,05.Jan 2015,,,0.11545,Imbibition
3,1,1,0.11726,0.84952,114,05.Jan 2015,,,0.11545,Imbibition
3,1,1,0.11766,0.84912,115,05.Jan 2015,,,0.11545,Imbibition
3,1,1,0.11833,0.84843,116,05.Jan 2015,,,0.11545,Imbibition
3,1,1,0.11907,0.84769,117,05.Jan 2015,,,0.11545,Imbibition
3,1,1,0.11939,0.84736,118,05.Jan 2015,,,0.11545,Imbibition
3,1,1,0.12017,0.84656,119,05.Jan 2015,,,0.11545,Imbibition
3,1,1,0.12077,0.84596,120,05.Jan 2015,,,0.11545,Imbibition
3,1,1,0.12098,0.84574,121,05.Jan 2015,,,0.11545,Imbibition
3,1,1,0.12141,0.84531,122,05.Jan 2015,,,0.11545,Imbibition
3,1,1,0.12157,0.84514,123,05.Jan 2015,,,0.11545,Imbibition
3,1,1,0.12167,0.84504,124,05.Jan 2015,,,0.11545,Imbibition
3,1,1,0.12181,0.84489,125,05.Jan 2015,,,0.11545,Imbibition
3,1,1,0.12185,0.84485,126,05.Jan 2015,,,0.11545,Imbibition
3,1,1,0.12191,0.84475,127,05.Jan 2015,,,0.11545,Imbibition
3,1,1,0.12185,0.84486,128,05.Jan 2015,Turning Point,0.12185,0.12185,Drainage
3,1,1,0.12185,0.84486,129,05.Jan 2015,,,0.12185,Drainage
3,1,1,0.12185,0.84486,130,05.Jan 2015,,,0.12185,Drainage
3,1,1,0.12185,0.84486,131,05.Jan 2015,,,0.12185,Drainage
3,1,1,0.12042,0.84631,132,05.Jan 2015,,,0.12185,Drainage
3,1,1,0.12047,0.84626,133,05.Jan 2015,Turning Point,0.12047,0.12047,Imbibition
3,1,1,0.1227,0.84269,134,05.Jan 2015,,,0.12047,Imbibition
3,1,1,0.12772,0.8297,135,05.Jan 2015,,,0.12047,Imbibition
3,1,1,0.12772,0.8297,136,05.Jan 2015,,,0.12047,Imbibition
3,1,1,0.12772,0.8297,137,05.Jan 2015,,,0.12047,Imbibition
3,1,1,0.12772,0.8297,138,05.Jan 2015,,,0.12047,Imbibition
3,1,1,0.12772,0.8297,139,05.Jan 2015,,,0.12047,Imbibition
3,1,1,0.12781,0.82948,140,05.Jan 2015,,,0.12047,Imbibition
3,1,1,0.12908,0.8262,141,05.Jan 2015,,,0.12047,Imbibition
3,1,1,0.12908,0.8262,142,05.Jan 2015,,,0.12047,Imbibition
3,1,1,0.12908,0.8262,143,05.Jan 2015,,,0.12047,Imbibition
3,1,1,0.12908,0.8262,144,05.Jan 2015,,,0.12047,Imbibition
3,1,1,0.12908,0.8262,145,05.Jan 2015,,,0.12047,Imbibition
3,1,1,0.12908,0.8262,146,05.Jan 2015,,,0.12047,Imbibition
3,1,1,0.12908,0.8262,147,05.Jan 2015,,,0.12047,Imbibition
3,1,1,0.12908,0.8262,148,05.Jan 2015,,,0.12047,Imbibition
3,1,1,0.12977,0.8244,149,05.Jan 2015,,,0.12047,Imbibition
3,1,1,0.13518,0.81711,150,05.Jan 2015,,,0.12047,Imbibition
3,1,1,0.13599,0.81667,151,06.Jan 2015,,,0.12047,Imbibition
3,1,1,0.14127,0.81378,152,06.Jan 2015,,,0.12047,Imbibition
3,1,1,0.14476,0.80734,153,06.Jan 2015,,,0.12047,Imbibition
3,1,1,0.15101,0.794,154,06.Jan 2015,,,0.12047,Imbibition
3,1,1,0.15754,0.78956,155,06.Jan 2015,,,0.12047,Imbibition
3,1,1,0.16262,0.78741,156,06.Jan 2015,,,0.12047,Imbibition
3,1,1,0.16978,0.78542,157,06.Jan 2015,,,0.12047,Imbibition
3,1,1,0.17137,0.78497,158,06.Jan 2015,,,0.12047,Imbibition
3,1,1,0.17428,0.78281,159,06.Jan 2015,,,0.12047,Imbibition
3,1,1,0.17689,0.78072,160,06.Jan 2015,,,0.12047,Imbibition
3,1,1,0.18151,0.77703,161,06.Jan 2015,,,0.12047,Imbibition
3,1,1,0.18318,0.77522,162,06.Jan 2015,,,0.12047,Imbibition
3,1,1,0.18431,0.77388,163,06.Jan 2015,,,0.12047,Imbibition
3,1,1,0.18576,0.77215,164,06.Jan 2015,,,0.12047,Imbibition
3,1,1,0.18717,0.77049,165,06.Jan 2015,,,0.12047,Imbibition
3,1,1,0.18928,0.76799,166,06.Jan 2015,,,0.12047,Imbibition
3,1,1,0.21228,0.72463,167,06.Jan 2015,,,0.12047,Imbibition
3,1,1,0.21412,0.72389,168,06.Jan 2015,,,0.12047,Imbibition
3,1,1,0.21496,0.72356,169,06.Jan 2015,,,0.12047,Imbibition
3,1,1,0.21487,0.72359,170,06.Jan 2015,Turning Point,0.21487,0.21487,Drainage
3,1,1,0.21602,0.72313,171,06.Jan 2015,Turning Point,0.21602,0.21602,Imbibition
3,1,1,0.21891,0.72198,172,06.Jan 2015,,,0.21602,Imbibition
3,1,1,0.21944,0.72177,173,06.Jan 2015,,,0.21602,Imbibition
3,1,1,0.19724,0.76248,174,06.Jan 2015,Turning Point,0.19724,0.19724,Drainage
3,1,1,0.1993,0.76159,175,06.Jan 2015,Turning Point,0.1993,0.1993,Imbibition
3,1,1,0.20207,0.75982,176,06.Jan 2015,,,0.1993,Imbibition
3,1,1,0.21213,0.72469,177,06.Jan 2015,,,0.1993,Imbibition
3,1,1,0.21819,0.72227,178,06.Jan 2015,,,0.1993,Imbibition
3,1,1,0.22574,0.71919,179,06.Jan 2015,,,0.1993,Imbibition
3,1,1,0.272,0.62277,180,06.Jan 2015,,,0.1993,Imbibition
3,1,1,0.27776,0.61272,181,06.Jan 2015,,,0.1993,Imbibition
3,1,1,0.27994,0.60892,182,06.Jan 2015,,,0.1993,Imbibition
3,1,1,0.28044,0.60804,183,06.Jan 2015,,,0.1993,Imbibition
3,1,1,0.28824,0.59624,184,06.Jan 2015,,,0.1993,Imbibition
3,1,1,0.29895,0.58947,185,06.Jan 2015,,,0.1993,Imbibition
3,1,1,0.30456,0.58629,186,06.Jan 2015,,,0.1993,Imbibition
3,1,1,0.3161,0.57002,187,06.Jan 2015,,,0.1993,Imbibition
3,1,1,0.33764,0.48853,188,06.Jan 2015,,,0.1993,Imbibition
3,1,1,0.34509,0.47626,189,06.Jan 2015,,,0.1993,Imbibition
3,1,1,0.36737,0.43686,190,06.Jan 2015,,,0.1993,Imbibition
3,1,1,0.41184,0.29582,191,06.Jan 2015,,,0.1993,Imbibition
3,1,1,0.4237,0.29369,192,06.Jan 2015,,,0.1993,Imbibition
3,1,1,0.44883,0.28653,193,07.Jan 2015,,,0.1993,Imbibition
3,1,1,0.47114,0.27283,194,07.Jan 2015,,,0.1993,Imbibition
3,1,1,0.46476,0.27395,195,07.Jan 2015,Turning Point,0.46476,0.46476,Drainage
3,1,1,0.43766,0.28901,196,07.Jan 2015,,,0.46476,Drainage
3,1,1,0.43035,0.29069,197,07.Jan 2015,,,0.46476,Drainage
3,1,1,0.42467,0.29325,198,07.Jan 2015,,,0.46476,Drainage
3,1,1,0.42107,0.29469,199,07.Jan 2015,,,0.46476,Drainage
3,1,1,0.41366,0.2956,200,07.Jan 2015,,,0.46476,Drainage
3,1,1,0.40938,0.30138,201,07.Jan 2015,,,0.46476,Drainage
3,1,1,0.39913,0.32427,202,07.Jan 2015,,,0.46476,Drainage
3,1,1,0.39701,0.32887,203,07.Jan 2015,,,0.46476,Drainage
3,1,1,0.39263,0.33839,204,07.Jan 2015,,,0.46476,Drainage
3,1,1,0.38875,0.34147,205,07.Jan 2015,,,0.46476,Drainage
3,1,1,0.38356,0.34378,206,07.Jan 2015,,,0.46476,Drainage
3,1,1,0.38171,0.34671,207,07.Jan 2015,,,0.46476,Drainage
3,1,1,0.37968,0.36512,208,07.Jan 2015,,,0.46476,Drainage
3,1,1,0.37428,0.41404,209,07.Jan 2015,,,0.46476,Drainage
3,1,1,0.37186,0.43595,210,07.Jan 2015,,,0.46476,Drainage
3,1,1,0.36957,0.43663,211,07.Jan 2015,,,0.46476,Drainage
3,1,1,0.3652,0.43709,212,07.Jan 2015,,,0.46476,Drainage
3,1,1,0.36397,0.43721,213,07.Jan 2015,,,0.46476,Drainage
3,1,1,0.36189,0.43748,214,07.Jan 2015,,,0.46476,Drainage
3,1,1,0.35974,0.44193,215,07.Jan 2015,,,0.46476,Drainage
3,1,1,0.3583,0.4449,216,07.Jan 2015,,,0.46476,Drainage
3,1,1,0.35735,0.44686,217,07.Jan 2015,,,0.46476,Drainage
3,1,1,0.35547,0.45076,218,07.Jan 2015,,,0.46476,Drainage
3,1,1,0.35013,0.46288,219,07.Jan 2015,,,0.46476,Drainage
3,1,1,0.34663,0.47217,220,07.Jan 2015,,,0.46476,Drainage
3,1,1,0.3386,0.48766,221,07.Jan 2015,,,0.46476,Drainage
3,1,1,0.33452,0.49137,222,07.Jan 2015,,,0.46476,Drainage
3,1,1,0.33328,0.49249,223,07.Jan 2015,,,0.46476,Drainage
3,1,1,0.333,0.49275,224,07.Jan 2015,,,0.46476,Drainage
3,1,1,0.32959,0.50906,225,07.Jan 2015,,,0.46476,Drainage
3,1,1,0.32911,0.51217,226,07.Jan 2015,,,0.46476,Drainage
3,1,1,0.32814,0.5183,227,07.Jan 2015,,,0.46476,Drainage
3,1,1,0.32533,0.53625,228,07.Jan 2015,,,0.46476,Drainage
3,1,1,0.31784,0.56633,229,07.Jan 2015,,,0.46476,Drainage
3,1,1,0.32433,0.5426,230,07.Jan 2015,Turning Point,0.32433,0.32433,Imbibition
3,1,1,0.32413,0.54387,231,07.Jan 2015,Turning Point,0.32413,0.32413,Drainage
3,1,1,0.32363,0.54705,232,07.Jan 2015,,,0.32413,Drainage
3,1,1,0.32202,0.55738,233,07.Jan 2015,,,0.32413,Drainage
3,1,1,0.31629,0.56961,234,07.Jan 2015,,,0.32413,Drainage
3,1,1,0.30671,0.58416,235,07.Jan 2015,,,0.32413,Drainage
3,1,1,0.29985,0.58929,236,07.Jan 2015,,,0.32413,Drainage
3,1,1,0.29695,0.58987,237,07.Jan 2015,,,0.32413,Drainage
3,1,1,0.2956,0.59014,238,07.Jan 2015,,,0.32413,Drainage
3,1,1,0.29487,0.59029,239,07.Jan 2015,,,0.32413,Drainage
3,1,1,0.2938,0.5905,240,08.Jan 2015,,,0.32413,Drainage
3,1,1,0.29465,0.59033,241,08.Jan 2015,Turning Point,0.29465,0.29465,Imbibition
3,1,1,0.29646,0.58997,242,08.Jan 2015,,,0.29465,Imbibition
3,1,1,0.29786,0.58969,243,08.Jan 2015,,,0.29465,Imbibition
3,1,1,0.29857,0.58955,244,08.Jan 2015,,,0.29465,Imbibition
3,1,1,0.29915,0.58943,245,08.Jan 2015,,,0.29465,Imbibition
3,1,1,0.2966,0.58994,246,08.Jan 2015,Turning Point,0.2966,0.2966,Drainage
3,1,1,0.29622,0.59002,247,08.Jan 2015,,,0.2966,Drainage
3,1,1,0.2965,0.58996,248,08.Jan 2015,Turning Point,0.2965,0.2965,Imbibition
3,1,1,0.29702,0.58986,249,08.Jan 2015,,,0.2965,Imbibition
3,1,1,0.29817,0.58963,250,08.Jan 2015,,,0.2965,Imbibition
3,1,1,0.29846,0.58957,251,08.Jan 2015,,,0.2965,Imbibition
3,1,1,0.29888,0.58948,252,08.Jan 2015,,,0.2965,Imbibition
3,1,1,0.30033,0.58919,253,08.Jan 2015,,,0.2965,Imbibition
3,1,1,0.30126,0.58901,254,08.Jan 2015,,,0.2965,Imbibition
3,1,1,0.30357,0.58727,255,08.Jan 2015,,,0.2965,Imbibition
3,1,1,0.30494,0.58591,256,08.Jan 2015,,,0.2965,Imbibition
3,1,1,0.30957,0.58132,257,08.Jan 2015,,,0.2965,Imbibition
3,1,1,0.31131,0.57959,258,08.Jan 2015,,,0.2965,Imbibition
3,1,1,0.32768,0.52123,259,08.Jan 2015,,,0.2965,Imbibition
3,1,1,0.33483,0.49108,260,08.Jan 2015,,,0.2965,Imbibition
3,1,1,0.33759,0.48858,261,08.Jan 2015,,,0.2965,Imbibition
3,1,1,0.3456,0.47489,262,08.Jan 2015,,,0.2965,Imbibition
3,1,1,0.35254,0.4568,263,08.Jan 2015,,,0.2965,Imbibition
3,1,1,0.36517,0.43709,264,08.Jan 2015,,,0.2965,Imbibition
3,1,1,0.37215,0.43331,265,08.Jan 2015,,,0.2965,Imbibition
3,1,1,0.37378,0.41853,266,08.Jan 2015,,,0.2965,Imbibition
3,1,1,0.38283,0.3441,267,08.Jan 2015,,,0.2965,Imbibition
3,1,1,0.38693,0.34228,268,08.Jan 2015,,,0.2965,Imbibition
3,1,1,0.39136,0.34031,269,08.Jan 2015,,,0.2965,Imbibition
3,1,1,0.39025,0.3408,270,08.Jan 2015,Turning Point,0.39025,0.39025,Drainage
3,1,1,0.3924,0.33891,271,08.Jan 2015,Turning Point,0.3924,0.3924,Imbibition
3,1,1,0.39445,0.33445,272,08.Jan 2015,,,0.3924,Imbibition
3,1,1,0.40573,0.30961,273,08.Jan 2015,,,0.3924,Imbibition
3,1,1,0.41719,0.29516,274,08.Jan 2015,,,0.3924,Imbibition
3,1,1,0.4281,0.2917,275,08.Jan 2015,,,0.3924,Imbibition
3,1,1,0.43417,0.28965,276,08.Jan 2015,,,0.3924,Imbibition
3,1,1,0.4387,0.28882,277,08.Jan 2015,,,0.3924,Imbibition
3,1,1,0.4392,0.28872,278,08.Jan 2015,,,0.3924,Imbibition
3,1,1,0.44142,0.28832,279,08.Jan 2015,,,0.3924,Imbibition
3,1,1,0.45537,0.28152,280,08.Jan 2015,,,0.3924,Imbibition
3,1,1,0.46271,0.27431,281,08.Jan 2015,,,0.3924,Imbibition
3,1,1,0.48242,0.2719,282,08.Jan 2015,,,0.3924,Imbibition
3,1,1,0.49157,0.27081,283,08.Jan 2015,,,0.3924,Imbibition
3,1,1,0.49408,0.27035,284,08.Jan 2015,,,0.3924,Imbibition
3,1,1,0.50024,0.26924,285,08.Jan 2015,,,0.3924,Imbibition
3,1,1,0.54376,0.20134,286,08.Jan 2015,,,0.3924,Imbibition
3,1,1,0.55468,0.18292,287,08.Jan 2015,,,0.3924,Imbibition
3,1,1,0.57563,0.08955,288,08.Jan 2015,,,0.3924,Imbibition
3,1,1,0.58317,0.08865,289,08.Jan 2015,,,0.3924,Imbibition
3,1,1,0.58814,0.08828,290,09.Jan 2015,,,0.3924,Imbibition
3,1,1,0.54525,0.19812,291,09.Jan 2015,Turning Point,0.54525,0.54525,Drainage
3,1,1,0.54042,0.20676,292,09.Jan 2015,,,0.54525,Drainage
3,1,1,0.53102,0.21162,293,09.Jan 2015,,,0.54525,Drainage
3,1,1,0.5216,0.25543,294,09.Jan 2015,,,0.54525,Drainage
3,1,1,0.5175,0.25904,295,09.Jan 2015,,,0.54525,Drainage
3,1,1,0.51557,0.26026,296,09.Jan 2015,,,0.54525,Drainage
3,1,1,0.48745,0.2713,297,09.Jan 2015,,,0.54525,Drainage
3,1,1,0.48071,0.27207,298,09.Jan 2015,,,0.54525,Drainage
3,1,1,0.47663,0.27237,299,09.Jan 2015,,,0.54525,Drainage
3,1,1,0.4688,0.27324,300,09.Jan 2015,,,0.54525,Drainage
3,1,1,0.46356,0.27416,301,09.Jan 2015,,,0.54525,Drainage
3,1,1,0.46151,0.27455,302,09.Jan 2015,,,0.54525,Drainage
3,1,1,0.45566,0.28119,303,09.Jan 2015,,,0.54525,Drainage
3,1,1,0.45185,0.28551,304,09.Jan 2015,,,0.54525,Drainage
3,1,1,0.44601,0.28721,305,09.Jan 2015,,,0.54525,Drainage
3,1,1,0.44055,0.28848,306,09.Jan 2015,,,0.54525,Drainage
3,1,1,0.43358,0.28976,307,09.Jan 2015,,,0.54525,Drainage
3,1,1,0.43128,0.29027,308,09.Jan 2015,,,0.54525,Drainage
3,1,1,0.4287,0.29143,309,09.Jan 2015,,,0.54525,Drainage
3,1,1,0.42673,0.29232,310,09.Jan 2015,,,0.54525,Drainage
3,1,1,0.42464,0.29326,311,09.Jan 2015,,,0.54525,Drainage
3,1,1,0.42234,0.2943,312,09.Jan 2015,,,0.54525,Drainage
3,1,1,0.42118,0.29467,313,09.Jan 2015,,,0.54525,Drainage
3,1,1,0.41597,0.29531,314,09.Jan 2015,,,0.54525,Drainage
3,1,1,0.41007,0.29983,315,09.Jan 2015,,,0.54525,Drainage
3,1,1,0.40637,0.30816,316,09.Jan 2015,,,0.54525,Drainage
3,1,1,0.40409,0.31332,317,09.Jan 2015,,,0.54525,Drainage
3,1,1,0.40264,0.31659,318,09.Jan 2015,,,0.54525,Drainage
3,1,1,0.39955,0.32336,319,09.Jan 2015,,,0.54525,Drainage
3,1,1,0.39243,0.33883,320,09.Jan 2015,,,0.54525,Drainage
3,1,1,0.39206,0.33964,321,09.Jan 2015,,,0.54525,Drainage
3,1,1,0.39259,0.33849,322,09.Jan 2015,Turning Point,0.39259,0.39259,Imbibition
3,1,1,0.39223,0.33927,323,09.Jan 2015,Turning Point,0.39223,0.39223,Drainage
3,1,1,0.3919,0.33999,324,09.Jan 2015,,,0.39223,Drainage
3,1,1,0.39037,0.34075,325,09.Jan 2015,,,0.39223,Drainage
3,1,1,0.38901,0.34136,326,09.Jan 2015,,,0.39223,Drainage
3,1,1,0.3852,0.34305,327,09.Jan 2015,,,0.39223,Drainage
3,1,1,0.38024,0.36008,328,09.Jan 2015,,,0.39223,Drainage
3,1,1,0.37998,0.36236,329,09.Jan 2015,,,0.39223,Drainage
3,1,1,0.3797,0.3649,330,09.Jan 2015,,,0.39223,Drainage
3,1,1,0.37689,0.39039,331,09.Jan 2015,,,0.39223,Drainage
3,1,1,0.37166,0.43642,332,09.Jan 2015,,,0.39223,Drainage
3,1,1,0.36687,0.43691,333,09.Jan 2015,,,0.39223,Drainage
3,1,1,0.36574,0.43703,334,09.Jan 2015,,,0.39223,Drainage
3,1,1,0.3641,0.4372,335,09.Jan 2015,,,0.39223,Drainage
3,1,1,0.35875,0.44397,336,09.Jan 2015,,,0.39223,Drainage
3,1,1,0.35458,0.4526,337,09.Jan 2015,,,0.39223,Drainage
3,1,1,0.35297,0.45592,338,09.Jan 2015,,,0.39223,Drainage
3,1,1,0.35096,0.46065,339,09.Jan 2015,,,0.39223,Drainage
3,1,1,0.35229,0.45733,340,09.Jan 2015,Turning Point,0.35229,0.35229,Imbibition
3,1,1,0.35315,0.45554,341,09.Jan 2015,,,0.35229,Imbibition
3,1,1,0.35355,0.45472,342,09.Jan 2015,,,0.35229,Imbibition
3,1,1,0.35375,0.45431,343,09.Jan 2015,,,0.35229,Imbibition
3,1,1,0.35398,0.45384,344,09.Jan 2015,,,0.35229,Imbibition
3,1,1,0.35416,0.45346,345,09.Jan 2015,,,0.35229,Imbibition
3,1,1,0.35422,0.45332,346,09.Jan 2015,,,0.35229,Imbibition
3,1,1,0.35426,0.45324,347,10.Jan 2015,,,0.35229,Imbibition
4,1,1,0.0617,0.9503,1,01.Jan 2015,Turning Point,0.0617,0.0617,Drainage
4,1,1,0.06172,0.95027,2,02.Jan 2015,Turning Point,0.06172,0.06172,Imbibition
4,1,1,0.06172,0.95027,3,02.Jan 2015,,,0.06172,Imbibition
4,1,1,0.06172,0.95027,4,02.Jan 2015,,,0.06172,Imbibition
4,1,1,0.06172,0.95027,5,02.Jan 2015,,,0.06172,Imbibition
4,1,1,0.06172,0.95027,6,02.Jan 2015,,,0.06172,Imbibition
4,1,1,0.06172,0.95027,7,02.Jan 2015,,,0.06172,Imbibition
4,1,1,0.06172,0.95027,8,02.Jan 2015,,,0.06172,Imbibition
4,1,1,0.06172,0.95027,9,02.Jan 2015,,,0.06172,Imbibition
4,1,1,0.06172,0.95027,10,02.Jan 2015,,,0.06172,Imbibition
4,1,1,0.06172,0.95027,11,02.Jan 2015,,,0.06172,Imbibition
4,1,1,0.06172,0.95027,12,02.Jan 2015,,,0.06172,Imbibition
4,1,1,0.06172,0.95027,13,02.Jan 2015,,,0.06172,Imbibition
4,1,1,0.06172,0.95027,14,02.Jan 2015,,,0.06172,Imbibition
4,1,1,0.06172,0.95027,15,02.Jan 2015,,,0.06172,Imbibition
4,1,1,0.06172,0.95027,16,02.Jan 2015,,,0.06172,Imbibition
4,1,1,0.06172,0.95027,17,02.Jan 2015,,,0.06172,Imbibition
4,1,1,0.06172,0.95027,18,02.Jan 2015,,,0.06172,Imbibition
4,1,1,0.06172,0.95027,19,02.Jan 2015,,,0.06172,Imbibition
4,1,1,0.06172,0.95027,20,02.Jan 2015,,,0.06172,Imbibition
4,1,1,0.06172,0.95027,21,02.Jan 2015,,,0.06172,Imbibition
4,1,1,0.06172,0.95027,22,02.Jan 2015,,,0.06172,Imbibition
4,1,1,0.06172,0.95027,23,02.Jan 2015,,,0.06172,Imbibition
4,1,1,0.06172,0.95027,24,02.Jan 2015,,,0.06172,Imbibition
4,1,1,0.06172,0.95027,25,02.Jan 2015,,,0.06172,Imbibition
4,1,1,0.06172,0.95027,26,02.Jan 2015,,,0.06172,Imbibition
4,1,1,0.06172,0.95027,27,02.Jan 2015,,,0.06172,Imbibition
4,1,1,0.06172,0.95027,28,02.Jan 2015,,,0.06172,Imbibition
4,1,1,0.06172,0.95027,29,02.Jan 2015,,,0.06172,Imbibition
4,1,1,0.06172,0.95027,30,02.Jan 2015,,,0.06172,Imbibition
4,1,1,0.06172,0.95027,31,02.Jan 2015,,,0.06172,Imbibition
4,1,1,0.06172,0.95027,32,02.Jan 2015,,,0.06172,Imbibition
4,1,1,0.06172,0.95027,33,03.Jan 2015,,,0.06172,Imbibition
4,1,1,0.06172,0.95027,34,03.Jan 2015,,,0.06172,Imbibition
4,1,1,0.06172,0.95027,35,03.Jan 2015,,,0.06172,Imbibition
4,1,1,0.06172,0.95027,36,03.Jan 2015,,,0.06172,Imbibition
4,1,1,0.06172,0.95027,37,03.Jan 2015,,,0.06172,Imbibition
4,1,1,0.06172,0.95027,38,03.Jan 2015,,,0.06172,Imbibition
4,1,1,0.06172,0.95027,39,03.Jan 2015,,,0.06172,Imbibition
4,1,1,0.06172,0.95027,40,03.Jan 2015,,,0.06172,Imbibition
4,1,1,0.06172,0.95027,41,03.Jan 2015,,,0.06172,Imbibition
4,1,1,0.06172,0.95027,42,03.Jan 2015,,,0.06172,Imbibition
4,1,1,0.06172,0.95027,43,03.Jan 2015,,,0.06172,Imbibition
4,1,1,0.06172,0.95027,44,03.Jan 2015,,,0.06172,Imbibition
4,1,1,0.06172,0.95027,45,03.Jan 2015,,,0.06172,Imbibition
4,1,1,0.06172,0.95027,46,03.Jan 2015,,,0.06172,Imbibition
4,1,1,0.06172,0.95027,47,03.Jan 2015,,,0.06172,Imbibition
4,1,1,0.06172,0.95027,48,03.Jan 2015,,,0.06172,Imbibition
4,1,1,0.06172,0.95027,49,03.Jan 2015,,,0.06172,Imbibition
4,1,1,0.06172,0.95027,50,03.Jan 2015,,,0.06172,Imbibition
4,1,1,0.06172,0.95027,51,03.Jan 2015,,,0.06172,Imbibition
4,1,1,0.06172,0.95027,52,03.Jan 2015,,,0.06172,Imbibition
4,1,1,0.06172,0.95027,53,03.Jan 2015,,,0.06172,Imbibition
4,1,1,0.06172,0.95027,54,03.Jan 2015,,,0.06172,Imbibition
4,1,1,0.06172,0.95027,55,03.Jan 2015,,,0.06172,Imbibition
4,1,1,0.06172,0.95027,56,03.Jan 2015,,,0.06172,Imbibition
4,1,1,0.06172,0.95027,57,03.Jan 2015,,,0.06172,Imbibition
4,1,1,0.06172,0.95027,58,03.Jan 2015,,,0.06172,Imbibition
4,1,1,0.06172,0.95027,59,03.Jan 2015,,,0.06172,Imbibition
4,1,1,0.06172,0.95027,60,03.Jan 2015,,,0.06172,Imbibition
4,1,1,0.06172,0.95027,61,03.Jan 2015,,,0.06172,Imbibition
4,1,1,0.06172,0.95027,62,03.Jan 2015,,,0.06172,Imbibition
4,1,1,0.06172,0.95027,63,03.Jan 2015,,,0.06172,Imbibition
4,1,1,0.06172,0.95027,64,03.Jan 2015,,,0.06172,Imbibition
4,1,1,0.06172,0.95027,65,03.Jan 2015,,,0.06172,Imbibition
4,1,1,0.06172,0.95027,66,03.Jan 2015,,,0.06172,Imbibition
4,1,1,0.06172,0.95027,67,03.Jan 2015,,,0.06172,Imbibition
4,1,1,0.06172,0.95027,68,03.Jan 2015,,,0.06172,Imbibition
4,1,1,0.06172,0.95027,69,03.Jan 2015,,,0.06172,Imbibition
4,1,1,0.06172,0.95027,70,03.Jan 2015,,,0.06172,Imbibition
4,1,1,0.06172,0.95027,71,04.Jan 2015,,,0.06172,Imbibition
4,1,1,0.06172,0.95027,72,04.Jan 2015,,,0.06172,Imbibition
4,1,1,0.06172,0.95027,73,04.Jan 2015,,,0.06172,Imbibition
4,1,1,0.06172,0.95027,74,04.Jan 2015,,,0.06172,Imbibition
4,1,1,0.06172,0.95027,75,04.Jan 2015,,,0.06172,Imbibition
4,1,1,0.06172,0.95027,76,04.Jan 2015,,,0.06172,Imbibition
4,1,1,0.06172,0.95027,77,04.Jan 2015,,,0.06172,Imbibition
4,1,1,0.06172,0.95027,78,04.Jan 2015,,,0.06172,Imbibition
4,1,1,0.06172,0.95027,79,04.Jan 2015,,,0.06172,Imbibition
4,1,1,0.06172,0.95027,80,04.Jan 2015,,,0.06172,Imbibition
4,1,1,0.06172,0.95027,81,04.Jan 2015,,,0.06172,Imbibition
4,1,1,0.06172,0.95027,82,04.Jan 2015,,,0.06172,Imbibition
4,1,1,0.06172,0.95027,83,04.Jan 2015,,,0.06172,Imbibition
4,1,1,0.06172,0.95027,84,04.Jan 2015,,,0.06172,Imbibition
4,1,1,0.06172,0.95027,85,04.Jan 2015,,,0.06172,Imbibition
4,1,1,0.06172,0.95027,86,04.Jan 2015,,,0.06172,Imbibition
4,1,1,0.06206,0.9496,87,04.Jan 2015,,,0.06172,Imbibition
4,1,1,0.06259,0.94855,88,04.Jan 2015,,,0.06172,Imbibition
4,1,1,0.06298,0.94778,89,04.Jan 2015,,,0.06172,Imbibition
4,1,1,0.06457,0.94465,90,04.Jan 2015,,,0.06172,Imbibition
4,1,1,0.065,0.94381,91,04.Jan 2015,,,0.06172,Imbibition
4,1,1,0.07374,0.92888,92,04.Jan 2015,,,0.06172,Imbibition
4,1,1,0.0808,0.92258,93,04.Jan 2015,,,0.06172,Imbibition
4,1,1,0.09082,0.90654,94,04.Jan 2015,,,0.06172,Imbibition
4,1,1,0.09347,0.90263,95,04.Jan 2015,,,0.06172,Imbibition
4,1,1,0.10283,0.88693,96,04.Jan 2015,,,0.06172,Imbibition
4,1,1,0.11546,0.85136,97,04.Jan 2015,,,0.06172,Imbibition
4,1,1,0.13221,0.81873,98,04.Jan 2015,,,0.06172,Imbibition
4,1,1,0.1625,0.78744,99,04.Jan 2015,,,0.06172,Imbibition
4,1,1,0.17419,0.78288,100,04.Jan 2015,,,0.06172,Imbibition
4,1,1,0.18975,0.76743,101,04.Jan 2015,,,0.06172,Imbibition
4,1,1,0.19786,0.76222,102,04.Jan 2015,,,0.06172,Imbibition
4,1,1,0.11829,0.84848,103,04.Jan 2015,Turning Point,0.11829,0.11829,Drainage
4,1,1,0.14036,0.81428,104,04.Jan 2015,Turning Point,0.14036,0.14036,Imbibition
4,1,1,0.14956,0.79711,105,04.Jan 2015,,,0.14036,Imbibition
4,1,1,0.17889,0.77912,106,04.Jan 2015,,,0.14036,Imbibition
4,1,1,0.20829,0.73801,107,04.Jan 2015,,,0.14036,Imbibition
4,1,1,0.29537,0.59019,108,04.Jan 2015,,,0.14036,Imbibition
4,1,1,0.30106,0.58905,109,04.Jan 2015,,,0.14036,Imbibition
4,1,1,0.31543,0.57145,110,05.Jan 2015,,,0.14036,Imbibition
4,1,1,0.31232,0.57806,111,05.Jan 2015,Turning Point,0.31232,0.31232,Drainage
4,1,1,0.325,0.53833,112,05.Jan 2015,Turning Point,0.325,0.325,Imbibition
4,1,1,0.32653,0.52861,113,05.Jan 2015,,,0.325,Imbibition
4,1,1,0.32638,0.52953,114,05.Jan 2015,Turning Point,0.32638,0.32638,Drainage
4,1,1,0.32605,0.53168,115,05.Jan 2015,,,0.32638,Drainage
4,1,1,0.32624,0.53047,116,05.Jan 2015,Turning Point,0.32624,0.32624,Imbibition
4,1,1,0.32967,0.50857,117,05.Jan 2015,,,0.32624,Imbibition
4,1,1,0.33043,0.50373,118,05.Jan 2015,,,0.32624,Imbibition
4,1,1,0.33055,0.50297,119,05.Jan 2015,,,0.32624,Imbibition
4,1,1,0.33004,0.5062,120,05.Jan 2015,Turning Point,0.33004,0.33004,Drainage
4,1,1,0.32977,0.50792,121,05.Jan 2015,,,0.33004,Drainage
4,1,1,0.32882,0.51402,122,05.Jan 2015,,,0.33004,Drainage
4,1,1,0.32853,0.51581,123,05.Jan 2015,,,0.33004,Drainage
4,1,1,0.32841,0.51658,124,05.Jan 2015,,,0.33004,Drainage
4,1,1,0.32796,0.51946,125,05.Jan 2015,,,0.33004,Drainage
4,1,1,0.32776,0.52072,126,05.Jan 2015,,,0.33004,Drainage
4,1,1,0.32723,0.52415,127,05.Jan 2015,,,0.33004,Drainage
4,1,1,0.32481,0.53955,128,05.Jan 2015,,,0.33004,Drainage
4,1,1,0.32404,0.54445,129,05.Jan 2015,,,0.33004,Drainage
4,1,1,0.32222,0.55606,130,05.Jan 2015,,,0.33004,Drainage
4,1,1,0.32403,0.54454,131,05.Jan 2015,Turning Point,0.32403,0.32403,Imbibition
4,1,1,0.32304,0.55086,132,05.Jan 2015,Turning Point,0.32304,0.32304,Drainage
4,1,1,0.32234,0.55532,133,05.Jan 2015,,,0.32304,Drainage
4,1,1,0.31634,0.56952,134,05.Jan 2015,,,0.32304,Drainage
4,1,1,0.29844,0.58957,135,05.Jan 2015,,,0.32304,Drainage
4,1,1,0.29476,0.59031,136,05.Jan 2015,,,0.32304,Drainage
4,1,1,0.29285,0.59069,137,05.Jan 2015,,,0.32304,Drainage
4,1,1,0.29168,0.59123,138,05.Jan 2015,,,0.32304,Drainage
4,1,1,0.28911,0.59498,139,05.Jan 2015,,,0.32304,Drainage
4,1,1,0.28647,0.59882,140,05.Jan 2015,,,0.32304,Drainage
4,1,1,0.27974,0.60926,141,05.Jan 2015,,,0.32304,Drainage
4,1,1,0.2775,0.61318,142,05.Jan 2015,,,0.32304,Drainage
4,1,1,0.27365,0.6199,143,05.Jan 2015,,,0.32304,Drainage
4,1,1,0.269,0.63764,144,05.Jan 2015,,,0.32304,Drainage
4,1,1,0.26403,0.66251,145,05.Jan 2015,,,0.32304,Drainage
4,1,1,0.26286,0.66841,146,05.Jan 2015,,,0.32304,Drainage
4,1,1,0.26021,0.67831,147,05.Jan 2015,,,0.32304,Drainage
4,1,1,0.25835,0.68409,148,05.Jan 2015,,,0.32304,Drainage
4,1,1,0.25108,0.70447,149,05.Jan 2015,,,0.32304,Drainage
4,1,1,0.23403,0.71511,150,05.Jan 2015,,,0.32304,Drainage
4,1,1,0.2262,0.719,151,06.Jan 2015,,,0.32304,Drainage
4,1,1,0.22682,0.71874,152,06.Jan 2015,Turning Point,0.22682,0.22682,Imbibition
4,1,1,0.2273,0.71854,153,06.Jan 2015,,,0.22682,Imbibition
4,1,1,0.22788,0.7183,154,06.Jan 2015,,,0.22682,Imbibition
4,1,1,0.2267,0.71879,155,06.Jan 2015,Turning Point,0.2267,0.2267,Drainage
4,1,1,0.22592,0.71912,156,06.Jan 2015,,,0.2267,Drainage
4,1,1,0.22732,0.71853,157,06.Jan 2015,Turning Point,0.22732,0.22732,Imbibition
4,1,1,0.22783,0.71832,158,06.Jan 2015,,,0.22732,Imbibition
4,1,1,0.22866,0.71798,159,06.Jan 2015,,,0.22732,Imbibition
4,1,1,0.22915,0.71777,160,06.Jan 2015,,,0.22732,Imbibition
4,1,1,0.23001,0.71741,161,06.Jan 2015,,,0.22732,Imbibition
4,1,1,0.22993,0.71745,162,06.Jan 2015,Turning Point,0.22993,0.22993,Drainage
4,1,1,0.22955,0.71761,163,06.Jan 2015,,,0.22993,Drainage
4,1,1,0.2297,0.71755,164,06.Jan 2015,Turning Point,0.2297,0.2297,Imbibition
4,1,1,0.23029,0.7173,165,06.Jan 2015,,,0.2297,Imbibition
4,1,1,0.23089,0.71705,166,06.Jan 2015,,,0.2297,Imbibition
4,1,1,0.25462,0.69566,167,06.Jan 2015,,,0.2297,Imbibition
4,1,1,0.26105,0.67571,168,06.Jan 2015,,,0.2297,Imbibition
4,1,1,0.26683,0.6485,169,06.Jan 2015,,,0.2297,Imbibition
4,1,1,0.27497,0.61759,170,06.Jan 2015,,,0.2297,Imbibition
4,1,1,0.27757,0.61305,171,06.Jan 2015,,,0.2297,Imbibition
4,1,1,0.28112,0.60684,172,06.Jan 2015,,,0.2297,Imbibition
4,1,1,0.28984,0.59391,173,06.Jan 2015,,,0.2297,Imbibition
4,1,1,0.34188,0.48468,174,06.Jan 2015,,,0.2297,Imbibition
4,1,1,0.34428,0.47841,175,06.Jan 2015,,,0.2297,Imbibition
4,1,1,0.36034,0.44068,176,06.Jan 2015,,,0.2297,Imbibition
4,1,1,0.37368,0.41947,177,06.Jan 2015,,,0.2297,Imbibition
4,1,1,0.37422,0.41459,178,06.Jan 2015,,,0.2297,Imbibition
4,1,1,0.38576,0.3428,179,06.Jan 2015,,,0.2297,Imbibition
4,1,1,0.40431,0.31282,180,06.Jan 2015,,,0.2297,Imbibition
4,1,1,0.40973,0.30058,181,06.Jan 2015,,,0.2297,Imbibition
4,1,1,0.42171,0.29458,182,06.Jan 2015,,,0.2297,Imbibition
4,1,1,0.44079,0.28843,183,06.Jan 2015,,,0.2297,Imbibition
4,1,1,0.43656,0.28921,184,06.Jan 2015,Turning Point,0.43656,0.43656,Drainage
4,1,1,0.45079,0.28606,185,06.Jan 2015,Turning Point,0.45079,0.45079,Imbibition
4,1,1,0.46225,0.27439,186,06.Jan 2015,,,0.45079,Imbibition
4,1,1,0.47042,0.27296,187,06.Jan 2015,,,0.45079,Imbibition
4,1,1,0.47592,0.27243,188,06.Jan 2015,,,0.45079,Imbibition
4,1,1,0.47882,0.27221,189,06.Jan 2015,,,0.45079,Imbibition
4,1,1,0.48969,0.27104,190,06.Jan 2015,,,0.45079,Imbibition
4,1,1,0.53847,0.20732,191,06.Jan 2015,,,0.45079,Imbibition
4,1,1,0.54706,0.19421,192,06.Jan 2015,,,0.45079,Imbibition
4,1,1,0.56752,0.12393,193,07.Jan 2015,,,0.45079,Imbibition
4,1,1,0.49926,0.26941,194,07.Jan 2015,Turning Point,0.49926,0.49926,Drainage
4,1,1,0.4883,0.2712,195,07.Jan 2015,,,0.49926,Drainage
4,1,1,0.49247,0.27064,196,07.Jan 2015,Turning Point,0.49247,0.49247,Imbibition
4,1,1,0.48839,0.27119,197,07.Jan 2015,Turning Point,0.48839,0.48839,Drainage
4,1,1,0.48417,0.27169,198,07.Jan 2015,,,0.48839,Drainage
4,1,1,0.48132,0.27202,199,07.Jan 2015,,,0.48839,Drainage
4,1,1,0.47509,0.27249,200,07.Jan 2015,,,0.48839,Drainage
4,1,1,0.47142,0.27278,201,07.Jan 2015,,,0.48839,Drainage
4,1,1,0.46944,0.27313,202,07.Jan 2015,,,0.48839,Drainage
4,1,1,0.46853,0.27329,203,07.Jan 2015,,,0.48839,Drainage
4,1,1,0.46633,0.27368,204,07.Jan 2015,,,0.48839,Drainage
4,1,1,0.46358,0.27416,205,07.Jan 2015,,,0.48839,Drainage
4,1,1,0.45789,0.27866,206,07.Jan 2015,,,0.48839,Drainage
4,1,1,0.45531,0.28159,207,07.Jan 2015,,,0.48839,Drainage
4,1,1,0.45286,0.28437,208,07.Jan 2015,,,0.48839,Drainage
4,1,1,0.44881,0.28654,209,07.Jan 2015,,,0.48839,Drainage
4,1,1,0.43808,0.28893,210,07.Jan 2015,,,0.48839,Drainage
4,1,1,0.43171,0.2901,211,07.Jan 2015,,,0.48839,Drainage
4,1,1,0.42178,0.29455,212,07.Jan 2015,,,0.48839,Drainage
4,1,1,0.41916,0.29492,213,07.Jan 2015,,,0.48839,Drainage
4,1,1,0.4139,0.29557,214,07.Jan 2015,,,0.48839,Drainage
4,1,1,0.40928,0.3016,215,07.Jan 2015,,,0.48839,Drainage
4,1,1,0.40653,0.30782,216,07.Jan 2015,,,0.48839,Drainage
4,1,1,0.40486,0.31157,217,07.Jan 2015,,,0.48839,Drainage
4,1,1,0.40194,0.31817,218,07.Jan 2015,,,0.48839,Drainage
4,1,1,0.40243,0.31705,219,07.Jan 2015,Turning Point,0.40243,0.40243,Imbibition
4,1,1,0.40135,0.31946,220,07.Jan 2015,Turning Point,0.40135,0.40135,Drainage
4,1,1,0.39046,0.34072,221,07.Jan 2015,,,0.40135,Drainage
4,1,1,0.38494,0.34317,222,07.Jan 2015,,,0.40135,Drainage
4,1,1,0.37562,0.40186,223,07.Jan 2015,,,0.40135,Drainage
4,1,1,0.36931,0.43666,224,07.Jan 2015,,,0.40135,Drainage
4,1,1,0.36245,0.43737,225,07.Jan 2015,,,0.40135,Drainage
4,1,1,0.36179,0.43768,226,07.Jan 2015,,,0.40135,Drainage
4,1,1,0.3605,0.44035,227,07.Jan 2015,,,0.40135,Drainage
4,1,1,0.35717,0.44724,228,07.Jan 2015,,,0.40135,Drainage
4,1,1,0.35397,0.45384,229,07.Jan 2015,,,0.40135,Drainage
4,1,1,0.33907,0.48723,230,07.Jan 2015,,,0.40135,Drainage
4,1,1,0.33875,0.48752,231,07.Jan 2015,,,0.40135,Drainage
4,1,1,0.33812,0.48809,232,07.Jan 2015,,,0.40135,Drainage
4,1,1,0.33666,0.48942,233,07.Jan 2015,,,0.40135,Drainage
4,1,1,0.33749,0.48866,234,07.Jan 2015,Turning Point,0.33749,0.33749,Imbibition
4,1,1,0.34118,0.48531,235,07.Jan 2015,,,0.33749,Imbibition
4,1,1,0.33855,0.48771,236,07.Jan 2015,Turning Point,0.33855,0.33855,Drainage
4,1,1,0.33818,0.48804,237,07.Jan 2015,,,0.33855,Drainage
4,1,1,0.33752,0.48864,238,07.Jan 2015,,,0.33855,Drainage
4,1,1,0.33698,0.48914,239,07.Jan 2015,,,0.33855,Drainage
4,1,1,0.33579,0.49021,240,08.Jan 2015,,,0.33855,Drainage
4,1,1,0.33612,0.48992,241,08.Jan 2015,Turning Point,0.33612,0.33612,Imbibition
4,1,1,0.3379,0.4883,242,08.Jan 2015,,,0.33612,Imbibition
4,1,1,0.33975,0.48661,243,08.Jan 2015,,,0.33612,Imbibition
4,1,1,0.34078,0.48567,244,08.Jan 2015,,,0.33612,Imbibition
4,1,1,0.34168,0.48486,245,08.Jan 2015,,,0.33612,Imbibition
4,1,1,0.34171,0.48483,246,08.Jan 2015,,,0.33612,Imbibition
4,1,1,0.34174,0.4848,247,08.Jan 2015,,,0.33612,Imbibition
4,1,1,0.34207,0.48427,248,08.Jan 2015,,,0.33612,Imbibition
4,1,1,0.34283,0.48226,249,08.Jan 2015,,,0.33612,Imbibition
4,1,1,0.34709,0.47093,250,08.Jan 2015,,,0.33612,Imbibition
4,1,1,0.34842,0.4674,251,08.Jan 2015,,,0.33612,Imbibition
4,1,1,0.35174,0.45859,252,08.Jan 2015,,,0.33612,Imbibition
4,1,1,0.3586,0.44428,253,08.Jan 2015,,,0.33612,Imbibition
4,1,1,0.36307,0.4373,254,08.Jan 2015,,,0.33612,Imbibition
4,1,1,0.36831,0.43676,255,08.Jan 2015,,,0.33612,Imbibition
4,1,1,0.36993,0.4366,256,08.Jan 2015,,,0.33612,Imbibition
4,1,1,0.37452,0.41185,257,08.Jan 2015,,,0.33612,Imbibition
4,1,1,0.37741,0.38572,258,08.Jan 2015,,,0.33612,Imbibition
4,1,1,0.38214,0.34441,259,08.Jan 2015,,,0.33612,Imbibition
4,1,1,0.38492,0.34317,260,08.Jan 2015,,,0.33612,Imbibition
4,1,1,0.38643,0.3425,261,08.Jan 2015,,,0.33612,Imbibition
4,1,1,0.39125,0.34036,262,08.Jan 2015,,,0.33612,Imbibition
4,1,1,0.39509,0.33305,263,08.Jan 2015,,,0.33612,Imbibition
4,1,1,0.40423,0.313,264,08.Jan 2015,,,0.33612,Imbibition
4,1,1,0.42315,0.29393,265,08.Jan 2015,,,0.33612,Imbibition
4,1,1,0.43099,0.2904,266,08.Jan 2015,,,0.33612,Imbibition
4,1,1,0.4342,0.28964,267,08.Jan 2015,,,0.33612,Imbibition
4,1,1,0.43728,0.28908,268,08.Jan 2015,,,0.33612,Imbibition
4,1,1,0.44761,0.28683,269,08.Jan 2015,,,0.33612,Imbibition
4,1,1,0.45253,0.28473,270,08.Jan 2015,,,0.33612,Imbibition
4,1,1,0.46145,0.27462,271,08.Jan 2015,,,0.33612,Imbibition
4,1,1,0.46651,0.27364,272,08.Jan 2015,,,0.33612,Imbibition
4,1,1,0.47832,0.27225,273,08.Jan 2015,,,0.33612,Imbibition
4,1,1,0.48607,0.27147,274,08.Jan 2015,,,0.33612,Imbibition
4,1,1,0.50621,0.26607,275,08.Jan 2015,,,0.33612,Imbibition
4,1,1,0.53867,0.20727,276,08.Jan 2015,,,0.33612,Imbibition
4,1,1,0.55144,0.18495,277,08.Jan 2015,,,0.33612,Imbibition
4,1,1,0.56333,0.16184,278,08.Jan 2015,,,0.33612,Imbibition
4,1,1,0.56946,0.10641,279,08.Jan 2015,,,0.33612,Imbibition
4,1,1,0.57666,0.08941,280,08.Jan 2015,,,0.33612,Imbibition
4,1,1,0.58215,0.08873,281,08.Jan 2015,,,0.33612,Imbibition
4,1,1,0.59496,0.08612,282,08.Jan 2015,,,0.33612,Imbibition
4,1,1,0.61094,0.07127,283,08.Jan 2015,,,0.33612,Imbibition
4,1,1,0.61362,0.05486,284,08.Jan 2015,,,0.33612,Imbibition
4,1,1,0.61682,0.03188,285,08.Jan 2015,,,0.33612,Imbibition
4,1,1,0.61645,0.03449,286,08.Jan 2015,Turning Point,0.61645,0.61645,Drainage
4,1,1,0.61831,0.02114,287,08.Jan 2015,Turning Point,0.61831,0.61831,Imbibition
4,1,1,0.61961,0.01178,288,08.Jan 2015,,,0.61831,Imbibition
4,1,1,0.6199,0.00971,289,08.Jan 2015,,,0.61831,Imbibition
4,1,1,0.62027,0.00703,290,09.Jan 2015,,,0.61831,Imbibition
4,1,1,0.59728,0.08491,291,09.Jan 2015,Turning Point,0.59728,0.59728,Drainage
4,1,1,0.59144,0.08795,292,09.Jan 2015,,,0.59728,Drainage
4,1,1,0.58279,0.08868,293,09.Jan 2015,,,0.59728,Drainage
4,1,1,0.57899,0.0891,294,09.Jan 2015,,,0.59728,Drainage
4,1,1,0.56899,0.11061,295,09.Jan 2015,,,0.59728,Drainage
4,1,1,0.54783,0.19255,296,09.Jan 2015,,,0.59728,Drainage
4,1,1,0.54091,0.20661,297,09.Jan 2015,,,0.59728,Drainage
4,1,1,0.53818,0.20741,298,09.Jan 2015,,,0.59728,Drainage
4,1,1,0.53637,0.20793,299,09.Jan 2015,,,0.59728,Drainage
4,1,1,0.53224,0.20914,300,09.Jan 2015,,,0.59728,Drainage
4,1,1,0.52966,0.21794,301,09.Jan 2015,,,0.59728,Drainage
4,1,1,0.52935,0.21937,302,09.Jan 2015,,,0.59728,Drainage
4,1,1,0.52458,0.24158,303,09.Jan 2015,,,0.59728,Drainage
4,1,1,0.51922,0.25795,304,09.Jan 2015,,,0.59728,Drainage
4,1,1,0.51718,0.25925,305,09.Jan 2015,,,0.59728,Drainage
4,1,1,0.51674,0.25952,306,09.Jan 2015,,,0.59728,Drainage
4,1,1,0.5147,0.26081,307,09.Jan 2015,,,0.59728,Drainage
4,1,1,0.51363,0.26149,308,09.Jan 2015,,,0.59728,Drainage
4,1,1,0.5002,0.26924,309,09.Jan 2015,,,0.59728,Drainage
4,1,1,0.49411,0.27035,310,09.Jan 2015,,,0.59728,Drainage
4,1,1,0.48945,0.27107,311,09.Jan 2015,,,0.59728,Drainage
4,1,1,0.48794,0.27124,312,09.Jan 2015,,,0.59728,Drainage
4,1,1,0.48629,0.27144,313,09.Jan 2015,,,0.59728,Drainage
4,1,1,0.47973,0.27214,314,09.Jan 2015,,,0.59728,Drainage
4,1,1,0.47374,0.27259,315,09.Jan 2015,,,0.59728,Drainage
4,1,1,0.46981,0.27306,316,09.Jan 2015,,,0.59728,Drainage
4,1,1,0.46712,0.27354,317,09.Jan 2015,,,0.59728,Drainage
4,1,1,0.46532,0.27385,318,09.Jan 2015,,,0.59728,Drainage
4,1,1,0.46189,0.27446,319,09.Jan 2015,,,0.59728,Drainage
4,1,1,0.45238,0.28491,320,09.Jan 2015,,,0.59728,Drainage
4,1,1,0.44608,0.28719,321,09.Jan 2015,,,0.59728,Drainage
4,1,1,0.44026,0.28853,322,09.Jan 2015,,,0.59728,Drainage
4,1,1,0.4331,0.28985,323,09.Jan 2015,,,0.59728,Drainage
4,1,1,0.4307,0.29053,324,09.Jan 2015,,,0.59728,Drainage
4,1,1,0.42493,0.29313,325,09.Jan 2015,,,0.59728,Drainage
4,1,1,0.42093,0.2947,326,09.Jan 2015,,,0.59728,Drainage
4,1,1,0.41154,0.2965,327,09.Jan 2015,,,0.59728,Drainage
4,1,1,0.40869,0.30292,328,09.Jan 2015,,,0.59728,Drainage
4,1,1,0.40984,0.30034,329,09.Jan 2015,Turning Point,0.40984,0.40984,Imbibition
4,1,1,0.40998,0.30002,330,09.Jan 2015,,,0.40984,Imbibition
4,1,1,0.40931,0.30154,331,09.Jan 2015,Turning Point,0.40931,0.40931,Drainage
4,1,1,0.40873,0.30284,332,09.Jan 2015,,,0.40931,Drainage
4,1,1,0.40483,0.31164,333,09.Jan 2015,,,0.40931,Drainage
4,1,1,0.40348,0.31469,334,09.Jan 2015,,,0.40931,Drainage
4,1,1,0.40022,0.3219,335,09.Jan 2015,,,0.40931,Drainage
4,1,1,0.38861,0.34153,336,09.Jan 2015,,,0.40931,Drainage
4,1,1,0.38398,0.34359,337,09.Jan 2015,,,0.40931,Drainage
4,1,1,0.38285,0.34409,338,09.Jan 2015,,,0.40931,Drainage
4,1,1,0.37902,0.37105,339,09.Jan 2015,,,0.40931,Drainage
4,1,1,0.37367,0.41951,340,09.Jan 2015,,,0.40931,Drainage
4,1,1,0.3707,0.43652,341,09.Jan 2015,,,0.40931,Drainage
4,1,1,0.36919,0.43667,342,09.Jan 2015,,,0.40931,Drainage
4,1,1,0.36838,0.43676,343,09.Jan 2015,,,0.40931,Drainage
4,1,1,0.36721,0.43688,344,09.Jan 2015,,,0.40931,Drainage
4,1,1,0.36589,0.43701,345,09.Jan 2015,,,0.40931,Drainage
4,1,1,0.36535,0.43707,346,09.Jan 2015,,,0.40931,Drainage
4,1,1,0.36498,0.43711,347,10.Jan 2015,,,0.40931,Drainage
5,1,1,0.0617,0.9503,1,01.Jan 2015,,,0.40931,Drainage
5,1,1,0.06172,0.95027,2,02.Jan 2015,Turning Point,0.06172,0.06172,Imbibition
5,1,1,0.06172,0.95027,3,02.Jan 2015,,,0.06172,Imbibition
5,1,1,0.06172,0.95027,4,02.Jan 2015,,,0.06172,Imbibition
5,1,1,0.06172,0.95027,5,02.Jan 2015,,,0.06172,Imbibition
5,1,1,0.06172,0.95027,6,02.Jan 2015,,,0.06172,Imbibition
5,1,1,0.06172,0.95027,7,02.Jan 2015,,,0.06172,Imbibition
5,1,1,0.06172,0.95027,8,02.Jan 2015,,,0.06172,Imbibition
5,1,1,0.06172,0.95027,9,02.Jan 2015,,,0.06172,Imbibition
5,1,1,0.06172,0.95027,10,02.Jan 2015,,,0.06172,Imbibition
5,1,1,0.06172,0.95027,11,02.Jan 2015,,,0.06172,Imbibition
5,1,1,0.06172,0.95027,12,02.Jan 2015,,,0.06172,Imbibition
5,1,1,0.06172,0.95027,13,02.Jan 2015,,,0.06172,Imbibition
5,1,1,0.06172,0.95027,14,02.Jan 2015,,,0.06172,Imbibition
5,1,1,0.06172,0.95027,15,02.Jan 2015,,,0.06172,Imbibition
5,1,1,0.06172,0.95027,16,02.Jan 2015,,,0.06172,Imbibition
5,1,1,0.06172,0.95027,17,02.Jan 2015,,,0.06172,Imbibition
5,1,1,0.06172,0.95027,18,02.Jan 2015,,,0.06172,Imbibition
5,1,1,0.06172,0.95027,19,02.Jan 2015,,,0.06172,Imbibition
5,1,1,0.06172,0.95027,20,02.Jan 2015,,,0.06172,Imbibition
5,1,1,0.06172,0.95027,21,02.Jan 2015,,,0.06172,Imbibition
5,1,1,0.06172,0.95027,22,02.Jan 2015,,,0.06172,Imbibition
5,1,1,0.06172,0.95027,23,02.Jan 2015,,,0.06172,Imbibition
5,1,1,0.06172,0.95027,24,02.Jan 2015,,,0.06172,Imbibition
5,1,1,0.06172,0.95027,25,02.Jan 2015,,,0.06172,Imbibition
5,1,1,0.06172,0.95027,26,02.Jan 2015,,,0.06172,Imbibition
5,1,1,0.06172,0.95027,27,02.Jan 2015,,,0.06172,Imbibition
5,1,1,0.06172,0.95027,28,02.Jan 2015,,,0.06172,Imbibition
5,1,1,0.06172,0.95027,29,02.Jan 2015,,,0.06172,Imbibition
5,1,1,0.06172,0.95027,30,02.Jan 2015,,,0.06172,Imbibition
5,1,1,0.08111,0.9223,31,02.Jan 2015,,,0.06172,Imbibition
5,1,1,0.09291,0.90341,32,02.Jan 2015,,,0.06172,Imbibition
5,1,1,0.11604,0.85077,33,03.Jan 2015,,,0.06172,Imbibition
5,1,1,0.11613,0.85067,34,03.Jan 2015,,,0.06172,Imbibition
5,1,1,0.11623,0.85057,35,03.Jan 2015,,,0.06172,Imbibition
5,1,1,0.11634,0.85046,36,03.Jan 2015,,,0.06172,Imbibition
5,1,1,0.11665,0.85015,37,03.Jan 2015,,,0.06172,Imbibition
5,1,1,0.11708,0.84971,38,03.Jan 2015,,,0.06172,Imbibition
5,1,1,0.11739,0.84939,39,03.Jan 2015,,,0.06172,Imbibition
5,1,1,0.1181,0.84867,40,03.Jan 2015,,,0.06172,Imbibition
5,1,1,0.11852,0.84825,41,03.Jan 2015,,,0.06172,Imbibition
5,1,1,0.11885,0.84791,42,03.Jan 2015,,,0.06172,Imbibition
5,1,1,0.11961,0.84713,43,03.Jan 2015,,,0.06172,Imbibition
5,1,1,0.11513,0.85169,44,03.Jan 2015,Turning Point,0.11513,0.11513,Drainage
5,1,1,0.11756,0.84922,45,03.Jan 2015,Turning Point,0.11756,0.11756,Imbibition
5,1,1,0.12016,0.84658,46,03.Jan 2015,,,0.11756,Imbibition
5,1,1,0.12074,0.84599,47,03.Jan 2015,,,0.11756,Imbibition
5,1,1,0.12146,0.84525,48,03.Jan 2015,,,0.11756,Imbibition
5,1,1,0.12192,0.84471,49,03.Jan 2015,,,0.11756,Imbibition
5,1,1,0.12199,0.84453,50,03.Jan 2015,,,0.11756,Imbibition
5,1,1,0.12203,0.84444,51,03.Jan 2015,,,0.11756,Imbibition
5,1,1,0.12202,0.84447,52,03.Jan 2015,Turning Point,0.12202,0.12202,Drainage
5,1,1,0.12202,0.84447,53,03.Jan 2015,,,0.12202,Drainage
5,1,1,0.12202,0.84447,54,03.Jan 2015,,,0.12202,Drainage
5,1,1,0.12202,0.84447,55,03.Jan 2015,,,0.12202,Drainage
5,1,1,0.12202,0.84447,56,03.Jan 2015,,,0.12202,Drainage
5,1,1,0.12202,0.84447,57,03.Jan 2015,,,0.12202,Drainage
5,1,1,0.12202,0.84447,58,03.Jan 2015,,,0.12202,Drainage
5,1,1,0.12202,0.84447,59,03.Jan 2015,,,0.12202,Drainage
5,1,1,0.12202,0.84447,60,03.Jan 2015,,,0.12202,Drainage
5,1,1,0.12207,0.84434,61,03.Jan 2015,,,0.12202,Imbibition
5,1,1,0.12207,0.84434,62,03.Jan 2015,,,0.12202,Imbibition
5,1,1,0.12207,0.84434,63,03.Jan 2015,,,0.12202,Imbibition
5,1,1,0.12207,0.84434,64,03.Jan 2015,,,0.12202,Imbibition
5,1,1,0.12207,0.84434,65,03.Jan 2015,,,0.12202,Imbibition
5,1,1,0.12207,0.84434,66,03.Jan 2015,,,0.12202,Imbibition
5,1,1,0.12212,0.84421,67,03.Jan 2015,,,0.12202,Imbibition
5,1,1,0.12218,0.84404,68,03.Jan 2015,,,0.12202,Imbibition
5,1,1,0.12223,0.84392,69,03.Jan 2015,,,0.12202,Imbibition
5,1,1,0.12226,0.84385,70,03.Jan 2015,,,0.12202,Imbibition
5,1,1,0.12232,0.84369,71,04.Jan 2015,,,0.12202,Imbibition
5,1,1,0.12416,0.83893,72,04.Jan 2015,,,0.12202,Imbibition
5,1,1,0.12796,0.82908,73,04.Jan 2015,,,0.12202,Imbibition
5,1,1,0.13189,0.81893,74,04.Jan 2015,,,0.12202,Imbibition
5,1,1,0.13407,0.81772,75,04.Jan 2015,,,0.12202,Imbibition
5,1,1,0.13587,0.81673,76,04.Jan 2015,,,0.12202,Imbibition
5,1,1,0.14002,0.81446,77,04.Jan 2015,,,0.12202,Imbibition
5,1,1,0.13971,0.81463,78,04.Jan 2015,Turning Point,0.13971,0.13971,Drainage
5,1,1,0.14083,0.81402,79,04.Jan 2015,Turning Point,0.14083,0.14083,Imbibition
5,1,1,0.14206,0.81309,80,04.Jan 2015,,,0.14083,Imbibition
5,1,1,0.14565,0.80544,81,04.Jan 2015,,,0.14083,Imbibition
5,1,1,0.14748,0.80154,82,04.Jan 2015,,,0.14083,Imbibition
5,1,1,0.14951,0.79721,83,04.Jan 2015,,,0.14083,Imbibition
5,1,1,0.15508,0.79069,84,04.Jan 2015,,,0.14083,Imbibition
5,1,1,0.16254,0.78743,85,04.Jan 2015,,,0.14083,Imbibition
5,1,1,0.16879,0.78569,86,04.Jan 2015,,,0.14083,Imbibition
5,1,1,0.17288,0.78392,87,04.Jan 2015,,,0.14083,Imbibition
5,1,1,0.17458,0.78257,88,04.Jan 2015,,,0.14083,Imbibition
5,1,1,0.17494,0.78228,89,04.Jan 2015,,,0.14083,Imbibition
5,1,1,0.17864,0.77933,90,04.Jan 2015,,,0.14083,Imbibition
5,1,1,0.1791,0.77896,91,04.Jan 2015,,,0.14083,Imbibition
5,1,1,0.18905,0.76826,92,04.Jan 2015,,,0.14083,Imbibition
5,1,1,0.19186,0.76493,93,04.Jan 2015,,,0.14083,Imbibition
5,1,1,0.20955,0.73358,94,04.Jan 2015,,,0.14083,Imbibition
5,1,1,0.21977,0.72163,95,04.Jan 2015,,,0.14083,Imbibition
5,1,1,0.2243,0.71979,96,04.Jan 2015,,,0.14083,Imbibition
5,1,1,0.2293,0.71771,97,04.Jan 2015,,,0.14083,Imbibition
5,1,1,0.29366,0.59053,98,04.Jan 2015,,,0.14083,Imbibition
5,1,1,0.30252,0.58831,99,04.Jan 2015,,,0.14083,Imbibition
5,1,1,0.35247,0.45694,100,04.Jan 2015,,,0.14083,Imbibition
5,1,1,0.37051,0.43654,101,04.Jan 2015,,,0.14083,Imbibition
5,1,1,0.39832,0.32603,102,04.Jan 2015,,,0.14083,Imbibition
5,1,1,0.53045,0.21424,103,04.Jan 2015,,,0.14083,Imbibition
5,1,1,0.53508,0.20831,104,04.Jan 2015,,,0.14083,Imbibition
5,1,1,0.53546,0.2082,105,04.Jan 2015,,,0.14083,Imbibition
5,1,1,0.53677,0.20782,106,04.Jan 2015,,,0.14083,Imbibition
5,1,1,0.53461,0.20845,107,04.Jan 2015,Turning Point,0.53461,0.53461,Drainage
5,1,1,0.49708,0.26981,108,04.Jan 2015,,,0.53461,Drainage
5,1,1,0.5117,0.26272,109,04.Jan 2015,Turning Point,0.5117,0.5117,Imbibition
5,1,1,0.53232,0.20911,110,05.Jan 2015,,,0.5117,Imbibition
5,1,1,0.53368,0.20872,111,05.Jan 2015,,,0.5117,Imbibition
5,1,1,0.49117,0.27086,112,05.Jan 2015,Turning Point,0.49117,0.49117,Drainage
5,1,1,0.47551,0.27246,113,05.Jan 2015,,,0.49117,Drainage
5,1,1,0.46695,0.27357,114,05.Jan 2015,,,0.49117,Drainage
5,1,1,0.46187,0.27446,115,05.Jan 2015,,,0.49117,Drainage
5,1,1,0.45254,0.28473,116,05.Jan 2015,,,0.49117,Drainage
5,1,1,0.43738,0.28906,117,05.Jan 2015,,,0.49117,Drainage
5,1,1,0.43234,0.28999,118,05.Jan 2015,,,0.49117,Drainage
5,1,1,0.42141,0.29464,119,05.Jan 2015,,,0.49117,Drainage
5,1,1,0.41208,0.29579,120,05.Jan 2015,,,0.49117,Drainage
5,1,1,0.40868,0.30296,121,05.Jan 2015,,,0.49117,Drainage
5,1,1,0.40016,0.32203,122,05.Jan 2015,,,0.49117,Drainage
5,1,1,0.39625,0.33054,123,05.Jan 2015,,,0.49117,Drainage
5,1,1,0.39367,0.33614,124,05.Jan 2015,,,0.49117,Drainage
5,1,1,0.38937,0.3412,125,05.Jan 2015,,,0.49117,Drainage
5,1,1,0.38811,0.34176,126,05.Jan 2015,,,0.49117,Drainage
5,1,1,0.38606,0.34267,127,05.Jan 2015,,,0.49117,Drainage
5,1,1,0.38367,0.34373,128,05.Jan 2015,,,0.49117,Drainage
5,1,1,0.38398,0.34359,129,05.Jan 2015,Turning Point,0.38398,0.38398,Imbibition
5,1,1,0.38194,0.3446,130,05.Jan 2015,Turning Point,0.38194,0.38194,Drainage
5,1,1,0.37005,0.43658,131,05.Jan 2015,,,0.38194,Drainage
5,1,1,0.36041,0.44055,132,05.Jan 2015,,,0.38194,Drainage
5,1,1,0.35934,0.44274,133,05.Jan 2015,,,0.38194,Drainage
5,1,1,0.35947,0.44248,134,05.Jan 2015,Turning Point,0.35947,0.35947,Imbibition
5,1,1,0.36065,0.44004,135,05.Jan 2015,,,0.35947,Imbibition
5,1,1,0.35743,0.4467,136,05.Jan 2015,Turning Point,0.35743,0.35743,Drainage
5,1,1,0.35285,0.45616,137,05.Jan 2015,,,0.35743,Drainage
5,1,1,0.33738,0.48876,138,05.Jan 2015,,,0.35743,Drainage
5,1,1,0.33623,0.48981,139,05.Jan 2015,,,0.35743,Drainage
5,1,1,0.33683,0.48927,140,05.Jan 2015,Turning Point,0.33683,0.33683,Imbibition
5,1,1,0.33868,0.48759,141,05.Jan 2015,,,0.33683,Imbibition
5,1,1,0.33824,0.48799,142,05.Jan 2015,Turning Point,0.33824,0.33824,Drainage
5,1,1,0.33424,0.49162,143,05.Jan 2015,,,0.33824,Drainage
5,1,1,0.33189,0.49441,144,05.Jan 2015,,,0.33824,Drainage
5,1,1,0.33182,0.49483,145,05.Jan 2015,,,0.33824,Drainage
5,1,1,0.33188,0.49446,146,05.Jan 2015,Turning Point,0.33188,0.33188,Imbibition
5,1,1,0.33216,0.49351,147,05.Jan 2015,,,0.33188,Imbibition
5,1,1,0.33238,0.49332,148,05.Jan 2015,,,0.33188,Imbibition
5,1,1,0.33332,0.49246,149,05.Jan 2015,,,0.33188,Imbibition
5,1,1,0.33522,0.49073,150,05.Jan 2015,,,0.33188,Imbibition
5,1,1,0.33464,0.49126,151,06.Jan 2015,Turning Point,0.33464,0.33464,Drainage
5,1,1,0.3387,0.48756,152,06.Jan 2015,Turning Point,0.3387,0.3387,Imbibition
5,1,1,0.34002,0.48637,153,06.Jan 2015,,,0.3387,Imbibition
5,1,1,0.34484,0.47691,154,06.Jan 2015,,,0.3387,Imbibition
5,1,1,0.35057,0.4617,155,06.Jan 2015,,,0.3387,Imbibition
5,1,1,0.35405,0.45369,156,06.Jan 2015,,,0.3387,Imbibition
5,1,1,0.36194,0.43742,157,06.Jan 2015,,,0.3387,Imbibition
5,1,1,0.36367,0.43724,158,06.Jan 2015,,,0.3387,Imbibition
5,1,1,0.36647,0.43695,159,06.Jan 2015,,,0.3387,Imbibition
5,1,1,0.36771,0.43683,160,06.Jan 2015,,,0.3387,Imbibition
5,1,1,0.37165,0.43642,161,06.Jan 2015,,,0.3387,Imbibition
5,1,1,0.375,0.40746,162,06.Jan 2015,,,0.3387,Imbibition
5,1,1,0.37942,0.36744,163,06.Jan 2015,,,0.3387,Imbibition
5,1,1,0.38659,0.34243,164,06.Jan 2015,,,0.3387,Imbibition
5,1,1,0.39157,0.34022,165,06.Jan 2015,,,0.3387,Imbibition
5,1,1,0.40419,0.31308,166,06.Jan 2015,,,0.3387,Imbibition
5,1,1,0.41322,0.29565,167,06.Jan 2015,,,0.3387,Imbibition
5,1,1,0.4116,0.29636,168,06.Jan 2015,Turning Point,0.4116,0.4116,Drainage
5,1,1,0.41113,0.29743,169,06.Jan 2015,,,0.4116,Drainage
5,1,1,0.40982,0.30039,170,06.Jan 2015,,,0.4116,Drainage
5,1,1,0.41076,0.29827,171,06.Jan 2015,Turning Point,0.41076,0.41076,Imbibition
5,1,1,0.41482,0.29545,172,06.Jan 2015,,,0.41076,Imbibition
5,1,1,0.41623,0.29528,173,06.Jan 2015,,,0.41076,Imbibition
5,1,1,0.41023,0.29946,174,06.Jan 2015,Turning Point,0.41023,0.41023,Drainage
5,1,1,0.41664,0.29523,175,06.Jan 2015,Turning Point,0.41664,0.41664,Imbibition
5,1,1,0.42654,0.2924,176,06.Jan 2015,,,0.41664,Imbibition
5,1,1,0.42799,0.29175,177,06.Jan 2015,,,0.41664,Imbibition
5,1,1,0.43257,0.28994,178,06.Jan 2015,,,0.41664,Imbibition
5,1,1,0.45343,0.28372,179,06.Jan 2015,,,0.41664,Imbibition
5,1,1,0.48421,0.27169,180,06.Jan 2015,,,0.41664,Imbibition
5,1,1,0.48911,0.27111,181,06.Jan 2015,,,0.41664,Imbibition
5,1,1,0.49309,0.27053,182,06.Jan 2015,,,0.41664,Imbibition
5,1,1,0.50463,0.26704,183,06.Jan 2015,,,0.41664,Imbibition
5,1,1,0.51643,0.25972,184,06.Jan 2015,,,0.41664,Imbibition
5,1,1,0.53874,0.20724,185,06.Jan 2015,,,0.41664,Imbibition
5,1,1,0.54709,0.19416,186,06.Jan 2015,,,0.41664,Imbibition
5,1,1,0.56399,0.15583,187,06.Jan 2015,,,0.41664,Imbibition
5,1,1,0.57554,0.08956,188,06.Jan 2015,,,0.41664,Imbibition
5,1,1,0.58211,0.08873,189,06.Jan 2015,,,0.41664,Imbibition
5,1,1,0.59731,0.08489,190,06.Jan 2015,,,0.41664,Imbibition
5,1,1,0.61649,0.0342,191,06.Jan 2015,,,0.41664,Imbibition
5,1,1,0.61866,0.01863,192,06.Jan 2015,,,0.41664,Imbibition
5,1,1,0.62019,0.00761,193,07.Jan 2015,,,0.41664,Imbibition
5,1,1,0.61401,0.05209,194,07.Jan 2015,Turning Point,0.61401,0.61401,Drainage
5,1,1,0.6102,0.07216,195,07.Jan 2015,,,0.61401,Drainage
5,1,1,0.55886,0.18031,196,07.Jan 2015,,,0.61401,Drainage
5,1,1,0.54524,0.19814,197,07.Jan 2015,,,0.61401,Drainage
5,1,1,0.53906,0.20715,198,07.Jan 2015,,,0.61401,Drainage
5,1,1,0.53734,0.20765,199,07.Jan 2015,,,0.61401,Drainage
5,1,1,0.5318,0.20926,200,07.Jan 2015,,,0.61401,Drainage
5,1,1,0.5283,0.22426,201,07.Jan 2015,,,0.61401,Drainage
5,1,1,0.49584,0.27003,202,07.Jan 2015,,,0.61401,Drainage
5,1,1,0.49084,0.2709,203,07.Jan 2015,,,0.61401,Drainage
5,1,1,0.4866,0.2714,204,07.Jan 2015,,,0.61401,Drainage
5,1,1,0.48315,0.27181,205,07.Jan 2015,,,0.61401,Drainage
5,1,1,0.48167,0.27199,206,07.Jan 2015,,,0.61401,Drainage
5,1,1,0.48037,0.27209,207,07.Jan 2015,,,0.61401,Drainage
5,1,1,0.47795,0.27227,208,07.Jan 2015,,,0.61401,Drainage
5,1,1,0.47305,0.27264,209,07.Jan 2015,,,0.61401,Drainage
5,1,1,0.47348,0.27261,210,07.Jan 2015,Turning Point,0.47348,0.47348,Imbibition
5,1,1,0.47195,0.27273,211,07.Jan 2015,Turning Point,0.47195,0.47195,Drainage
5,1,1,0.46797,0.27339,212,07.Jan 2015,,,0.47195,Drainage
5,1,1,0.46682,0.27359,213,07.Jan 2015,,,0.47195,Drainage
5,1,1,0.46482,0.27394,214,07.Jan 2015,,,0.47195,Drainage
5,1,1,0.46271,0.27431,215,07.Jan 2015,,,0.47195,Drainage
5,1,1,0.46119,0.27492,216,07.Jan 2015,,,0.47195,Drainage
5,1,1,0.4601,0.27616,217,07.Jan 2015,,,0.47195,Drainage
5,1,1,0.4602,0.27604,218,07.Jan 2015,Turning Point,0.4602,0.4602,Imbibition
5,1,1,0.44014,0.28855,219,07.Jan 2015,Turning Point,0.44014,0.44014,Drainage
5,1,1,0.43335,0.2898,220,07.Jan 2015,,,0.44014,Drainage
5,1,1,0.4202,0.29479,221,07.Jan 2015,,,0.44014,Drainage
5,1,1,0.41188,0.29582,222,07.Jan 2015,,,0.44014,Drainage
5,1,1,0.40666,0.3075,223,07.Jan 2015,,,0.44014,Drainage
5,1,1,0.40948,0.30114,224,07.Jan 2015,Turning Point,0.40948,0.40948,Imbibition
5,1,1,0.40466,0.31203,225,07.Jan 2015,Turning Point,0.40466,0.40466,Drainage
5,1,1,0.40546,0.31022,226,07.Jan 2015,Turning Point,0.40546,0.40546,Imbibition
5,1,1,0.40466,0.31204,227,07.Jan 2015,Turning Point,0.40466,0.40466,Drainage
5,1,1,0.39917,0.32418,228,07.Jan 2015,,,0.40466,Drainage
5,1,1,0.3859,0.34274,229,07.Jan 2015,,,0.40466,Drainage
5,1,1,0.36816,0.43678,230,07.Jan 2015,,,0.40466,Drainage
5,1,1,0.36745,0.43685,231,07.Jan 2015,,,0.40466,Drainage
5,1,1,0.36625,0.43698,232,07.Jan 2015,,,0.40466,Drainage
5,1,1,0.36407,0.4372,233,07.Jan 2015,,,0.40466,Drainage
5,1,1,0.36317,0.43729,234,07.Jan 2015,,,0.40466,Drainage
5,1,1,0.36353,0.43726,235,07.Jan 2015,Turning Point,0.36353,0.36353,Imbibition
5,1,1,0.36416,0.43719,236,07.Jan 2015,,,0.36353,Imbibition
5,1,1,0.36319,0.43729,237,07.Jan 2015,Turning Point,0.36319,0.36319,Drainage
5,1,1,0.3625,0.43736,238,07.Jan 2015,,,0.36319,Drainage
5,1,1,0.36201,0.43741,239,07.Jan 2015,,,0.36319,Drainage
5,1,1,0.36079,0.43975,240,08.Jan 2015,,,0.36319,Drainage
5,1,1,0.36156,0.43817,241,08.Jan 2015,Turning Point,0.36156,0.36156,Imbibition
5,1,1,0.36386,0.43722,242,08.Jan 2015,,,0.36156,Imbibition
5,1,1,0.36574,0.43703,243,08.Jan 2015,,,0.36156,Imbibition
5,1,1,0.36663,0.43694,244,08.Jan 2015,,,0.36156,Imbibition
5,1,1,0.36734,0.43686,245,08.Jan 2015,,,0.36156,Imbibition
5,1,1,0.36841,0.43675,246,08.Jan 2015,,,0.36156,Imbibition
5,1,1,0.36878,0.43672,247,08.Jan 2015,,,0.36156,Imbibition
5,1,1,0.36967,0.43662,248,08.Jan 2015,,,0.36156,Imbibition
5,1,1,0.37044,0.43654,249,08.Jan 2015,,,0.36156,Imbibition
5,1,1,0.37155,0.43643,250,08.Jan 2015,,,0.36156,Imbibition
5,1,1,0.3718,0.4364,251,08.Jan 2015,,,0.36156,Imbibition
5,1,1,0.37254,0.4298,252,08.Jan 2015,,,0.36156,Imbibition
5,1,1,0.38338,0.34386,253,08.Jan 2015,,,0.36156,Imbibition
5,1,1,0.38786,0.34187,254,08.Jan 2015,,,0.36156,Imbibition
5,1,1,0.40163,0.31884,255,08.Jan 2015,,,0.36156,Imbibition
5,1,1,0.40614,0.30869,256,08.Jan 2015,,,0.36156,Imbibition
5,1,1,0.41039,0.29911,257,08.Jan 2015,,,0.36156,Imbibition
5,1,1,0.41186,0.29582,258,08.Jan 2015,,,0.36156,Imbibition
5,1,1,0.41427,0.29552,259,08.Jan 2015,,,0.36156,Imbibition
5,1,1,0.41562,0.29536,260,08.Jan 2015,,,0.36156,Imbibition
5,1,1,0.41751,0.29512,261,08.Jan 2015,,,0.36156,Imbibition
5,1,1,0.42699,0.2922,262,08.Jan 2015,,,0.36156,Imbibition
5,1,1,0.43268,0.28992,263,08.Jan 2015,,,0.36156,Imbibition
5,1,1,0.45254,0.28473,264,08.Jan 2015,,,0.36156,Imbibition
5,1,1,0.47995,0.27212,265,08.Jan 2015,,,0.36156,Imbibition
5,1,1,0.48802,0.27124,266,08.Jan 2015,,,0.36156,Imbibition
5,1,1,0.4956,0.27008,267,08.Jan 2015,,,0.36156,Imbibition
5,1,1,0.50121,0.26906,268,08.Jan 2015,,,0.36156,Imbibition
5,1,1,0.55871,0.18041,269,08.Jan 2015,,,0.36156,Imbibition
5,1,1,0.56112,0.1789,270,08.Jan 2015,,,0.36156,Imbibition
5,1,1,0.56424,0.15361,271,08.Jan 2015,,,0.36156,Imbibition
5,1,1,0.56517,0.14513,272,08.Jan 2015,,,0.36156,Imbibition
5,1,1,0.56997,0.10172,273,08.Jan 2015,,,0.36156,Imbibition
5,1,1,0.58309,0.08866,274,08.Jan 2015,,,0.36156,Imbibition
5,1,1,0.6074,0.07551,275,08.Jan 2015,,,0.36156,Imbibition
5,1,1,0.61624,0.036,276,08.Jan 2015,,,0.36156,Imbibition
5,1,1,0.61862,0.01893,277,08.Jan 2015,,,0.36156,Imbibition
5,1,1,0.61927,0.01423,278,08.Jan 2015,,,0.36156,Imbibition
5,1,1,0.61964,0.01152,279,08.Jan 2015,,,0.36156,Imbibition
5,1,1,0.62005,0.0086,280,08.Jan 2015,,,0.36156,Imbibition
5,1,1,0.62007,0.00847,281,08.Jan 2015,,,0.36156,Imbibition
5,1,1,0.62059,0.00472,282,08.Jan 2015,,,0.36156,Imbibition
5,1,1,0.62067,0.00416,283,08.Jan 2015,,,0.36156,Imbibition
5,1,1,0.6207,0.00393,284,08.Jan 2015,,,0.36156,Imbibition
5,1,1,0.6208,0.00323,285,08.Jan 2015,,,0.36156,Imbibition
5,1,1,0.62114,0.00079,286,08.Jan 2015,,,0.36156,Imbibition
5,1,1,0.62116,0.00062,287,08.Jan 2015,,,0.36156,Imbibition
5,1,1,0.62119,0.00037,288,08.Jan 2015,,,0.36156,Imbibition
5,1,1,0.62121,0.00027,289,08.Jan 2015,,,0.36156,Imbibition
5,1,1,0.62122,0.0002,290,09.Jan 2015,,,0.36156,Imbibition
5,1,1,0.61618,0.03642,291,09.Jan 2015,Turning Point,0.61618,0.61618,Drainage
5,1,1,0.61557,0.04086,292,09.Jan 2015,,,0.61618,Drainage
5,1,1,0.61305,0.05901,293,09.Jan 2015,,,0.61618,Drainage
5,1,1,0.61144,0.07054,294,09.Jan 2015,,,0.61618,Drainage
5,1,1,0.61089,0.07133,295,09.Jan 2015,,,0.61618,Drainage
5,1,1,0.60044,0.08326,296,09.Jan 2015,,,0.61618,Drainage
5,1,1,0.55036,0.1871,297,09.Jan 2015,,,0.61618,Drainage
5,1,1,0.54342,0.20207,298,09.Jan 2015,,,0.61618,Drainage
5,1,1,0.54069,0.20668,299,09.Jan 2015,,,0.61618,Drainage
5,1,1,0.53339,0.2088,300,09.Jan 2015,,,0.61618,Drainage
5,1,1,0.50118,0.26907,301,09.Jan 2015,,,0.61618,Drainage
5,1,1,0.49532,0.27013,302,09.Jan 2015,,,0.61618,Drainage
5,1,1,0.48909,0.27111,303,09.Jan 2015,,,0.61618,Drainage
5,1,1,0.48459,0.27164,304,09.Jan 2015,,,0.61618,Drainage
5,1,1,0.48093,0.27205,305,09.Jan 2015,,,0.61618,Drainage
5,1,1,0.47984,0.27213,306,09.Jan 2015,,,0.61618,Drainage
5,1,1,0.48714,0.27134,307,09.Jan 2015,Turning Point,0.48714,0.48714,Imbibition
5,1,1,0.48811,0.27123,308,09.Jan 2015,,,0.48714,Imbibition
5,1,1,0.49154,0.27081,309,09.Jan 2015,,,0.48714,Imbibition
5,1,1,0.49114,0.27087,310,09.Jan 2015,Turning Point,0.49114,0.49114,Drainage
5,1,1,0.48964,0.27104,311,09.Jan 2015,,,0.49114,Drainage
5,1,1,0.50892,0.26442,312,09.Jan 2015,Turning Point,0.50892,0.50892,Imbibition
5,1,1,0.50094,0.26911,313,09.Jan 2015,Turning Point,0.50094,0.50094,Drainage
5,1,1,0.49081,0.27091,314,09.Jan 2015,,,0.50094,Drainage
5,1,1,0.48458,0.27164,315,09.Jan 2015,,,0.50094,Drainage
5,1,1,0.48184,0.27197,316,09.Jan 2015,,,0.50094,Drainage
5,1,1,0.4804,0.27209,317,09.Jan 2015,,,0.50094,Drainage
5,1,1,0.47953,0.27215,318,09.Jan 2015,,,0.50094,Drainage
5,1,1,0.47787,0.27228,319,09.Jan 2015,,,0.50094,Drainage
5,1,1,0.47197,0.27272,320,09.Jan 2015,,,0.50094,Drainage
5,1,1,0.47215,0.27271,321,09.Jan 2015,Turning Point,0.47215,0.47215,Imbibition
5,1,1,0.47306,0.27264,322,09.Jan 2015,,,0.47215,Imbibition
5,1,1,0.47184,0.27273,323,09.Jan 2015,Turning Point,0.47184,0.47184,Drainage
5,1,1,0.47108,0.27284,324,09.Jan 2015,,,0.47184,Drainage
5,1,1,0.46812,0.27336,325,09.Jan 2015,,,0.47184,Drainage
5,1,1,0.46553,0.27382,326,09.Jan 2015,,,0.47184,Drainage
5,1,1,0.45754,0.27906,327,09.Jan 2015,,,0.47184,Drainage
5,1,1,0.45252,0.28474,328,09.Jan 2015,,,0.47184,Drainage
5,1,1,0.44147,0.28831,329,09.Jan 2015,,,0.47184,Drainage
5,1,1,0.43799,0.28895,330,09.Jan 2015,,,0.47184,Drainage
5,1,1,0.43212,0.29003,331,09.Jan 2015,,,0.47184,Drainage
5,1,1,0.4277,0.29188,332,09.Jan 2015,,,0.47184,Drainage
5,1,1,0.42056,0.29475,333,09.Jan 2015,,,0.47184,Drainage
5,1,1,0.41825,0.29503,334,09.Jan 2015,,,0.47184,Drainage
5,1,1,0.41387,0.29557,335,09.Jan 2015,,,0.47184,Drainage
5,1,1,0.40668,0.30748,336,09.Jan 2015,,,0.47184,Drainage
5,1,1,0.39918,0.32416,337,09.Jan 2015,,,0.47184,Drainage
5,1,1,0.39781,0.32715,338,09.Jan 2015,,,0.47184,Drainage
5,1,1,0.38692,0.34229,339,09.Jan 2015,,,0.47184,Drainage
5,1,1,0.38855,0.34156,340,09.Jan 2015,Turning Point,0.38855,0.38855,Imbibition
5,1,1,0.38955,0.34112,341,09.Jan 2015,,,0.38855,Imbibition
5,1,1,0.39032,0.34078,342,09.Jan 2015,,,0.38855,Imbibition
5,1,1,0.39099,0.34048,343,09.Jan 2015,,,0.38855,Imbibition
5,1,1,0.39219,0.33936,344,09.Jan 2015,,,0.38855,Imbibition
5,1,1,0.39245,0.33878,345,09.Jan 2015,,,0.38855,Imbibition
5,1,1,0.39218,0.33937,346,09.Jan 2015,Turning Point,0.39218,0.39218,Drainage
5,1,1,0.39179,0.34012,347,10.Jan 2015,,,0.39218,Drainage
6,1,1,0.0617,0.9503,1,01.Jan 2015,,,0.39218,Drainage
6,1,1,0.06172,0.95027,2,02.Jan 2015,Turning Point,0.06172,0.06172,Imbibition
6,1,1,0.06172,0.95027,3,02.Jan 2015,,,0.06172,Imbibition
6,1,1,0.06172,0.95027,4,02.Jan 2015,,,0.06172,Imbibition
6,1,1,0.06172,0.95027,5,02.Jan 2015,,,0.06172,Imbibition
6,1,1,0.06172,0.95027,6,02.Jan 2015,,,0.06172,Imbibition
6,1,1,0.06172,0.95027,7,02.Jan 2015,,,0.06172,Imbibition
6,1,1,0.06172,0.95027,8,02.Jan 2015,,,0.06172,Imbibition
6,1,1,0.06172,0.95027,9,02.Jan 2015,,,0.06172,Imbibition
6,1,1,0.06172,0.95027,10,02.Jan 2015,,,0.06172,Imbibition
6,1,1,0.06172,0.95027,11,02.Jan 2015,,,0.06172,Imbibition
6,1,1,0.06172,0.95027,12,02.Jan 2015,,,0.06172,Imbibition
6,1,1,0.06172,0.95027,13,02.Jan 2015,,,0.06172,Imbibition
6,1,1,0.06172,0.95027,14,02.Jan 2015,,,0.06172,Imbibition
6,1,1,0.06172,0.95027,15,02.Jan 2015,,,0.06172,Imbibition
6,1,1,0.06172,0.95027,16,02.Jan 2015,,,0.06172,Imbibition
6,1,1,0.06172,0.95027,17,02.Jan 2015,,,0.06172,Imbibition
6,1,1,0.06172,0.95027,18,02.Jan 2015,,,0.06172,Imbibition
6,1,1,0.06172,0.95027,19,02.Jan 2015,,,0.06172,Imbibition
6,1,1,0.06172,0.95027,20,02.Jan 2015,,,0.06172,Imbibition
6,1,1,0.06172,0.95027,21,02.Jan 2015,,,0.06172,Imbibition
6,1,1,0.0563,0.95474,22,02.Jan 2015,,,0.06172,Drainage
6,1,1,0.05724,0.95398,23,02.Jan 2015,Turning Point,0.05724,0.05724,Imbibition
6,1,1,0.05903,0.95254,24,02.Jan 2015,,,0.05724,Imbibition
6,1,1,0.06836,0.93722,25,02.Jan 2015,,,0.05724,Imbibition
6,1,1,0.07406,0.92859,26,02.Jan 2015,,,0.05724,Imbibition
6,1,1,0.09231,0.90425,27,02.Jan 2015,,,0.05724,Imbibition
6,1,1,0.09759,0.8969,28,02.Jan 2015,,,0.05724,Imbibition
6,1,1,0.10783,0.86874,29,02.Jan 2015,,,0.05724,Imbibition
6,1,1,0.12988,0.82412,30,02.Jan 2015,,,0.05724,Imbibition
6,1,1,0.18993,0.76722,31,02.Jan 2015,,,0.05724,Imbibition
6,1,1,0.21849,0.72215,32,02.Jan 2015,,,0.05724,Imbibition
6,1,1,0.16974,0.78543,33,03.Jan 2015,Turning Point,0.16974,0.16974,Drainage
6,1,1,0.17569,0.78168,34,03.Jan 2015,Turning Point,0.17569,0.17569,Imbibition
6,1,1,0.17742,0.7803,35,03.Jan 2015,,,0.17569,Imbibition
6,1,1,0.1787,0.77928,36,03.Jan 2015,,,0.17569,Imbibition
6,1,1,0.18859,0.7688,37,03.Jan 2015,,,0.17569,Imbibition
6,1,1,0.19355,0.76409,38,03.Jan 2015,,,0.17569,Imbibition
6,1,1,0.19475,0.76357,39,03.Jan 2015,,,0.17569,Imbibition
6,1,1,0.19558,0.76321,40,03.Jan 2015,,,0.17569,Imbibition
6,1,1,0.19573,0.76314,41,03.Jan 2015,,,0.17569,Imbibition
6,1,1,0.1959,0.76307,42,03.Jan 2015,,,0.17569,Imbibition
6,1,1,0.19556,0.76322,43,03.Jan 2015,Turning Point,0.19556,0.19556,Drainage
6,1,1,0.20747,0.74087,44,03.Jan 2015,Turning Point,0.20747,0.20747,Imbibition
6,1,1,0.20416,0.75251,45,03.Jan 2015,Turning Point,0.20416,0.20416,Drainage
6,1,1,0.19991,0.76132,46,03.Jan 2015,,,0.20416,Drainage
6,1,1,0.19887,0.76178,47,03.Jan 2015,,,0.20416,Drainage
6,1,1,0.19731,0.76245,48,03.Jan 2015,,,0.20416,Drainage
6,1,1,0.195,0.76346,49,03.Jan 2015,,,0.20416,Drainage
6,1,1,0.19469,0.7636,50,03.Jan 2015,,,0.20416,Drainage
6,1,1,0.19462,0.76363,51,03.Jan 2015,,,0.20416,Drainage
6,1,1,0.1943,0.76376,52,03.Jan 2015,,,0.20416,Drainage
6,1,1,0.19337,0.76417,53,03.Jan 2015,,,0.20416,Drainage
6,1,1,0.19213,0.76471,54,03.Jan 2015,,,0.20416,Drainage
6,1,1,0.19178,0.76502,55,03.Jan 2015,,,0.20416,Drainage
6,1,1,0.19082,0.76616,56,03.Jan 2015,,,0.20416,Drainage
6,1,1,0.18979,0.76738,57,03.Jan 2015,,,0.20416,Drainage
6,1,1,0.18909,0.76821,58,03.Jan 2015,,,0.20416,Drainage
6,1,1,0.18765,0.76992,59,03.Jan 2015,,,0.20416,Drainage
6,1,1,0.18475,0.77335,60,03.Jan 2015,,,0.20416,Drainage
6,1,1,0.18376,0.77453,61,03.Jan 2015,,,0.20416,Drainage
6,1,1,0.1851,0.77294,62,03.Jan 2015,Turning Point,0.1851,0.1851,Imbibition
6,1,1,0.18632,0.77149,63,03.Jan 2015,,,0.1851,Imbibition
6,1,1,0.18699,0.7707,64,03.Jan 2015,,,0.1851,Imbibition
6,1,1,0.18691,0.7708,65,03.Jan 2015,Turning Point,0.18691,0.18691,Drainage
6,1,1,0.18551,0.77245,66,03.Jan 2015,,,0.18691,Drainage
6,1,1,0.18401,0.77423,67,03.Jan 2015,,,0.18691,Drainage
6,1,1,0.18294,0.7755,68,03.Jan 2015,,,0.18691,Drainage
6,1,1,0.18226,0.77631,69,03.Jan 2015,,,0.18691,Drainage
6,1,1,0.18195,0.77668,70,03.Jan 2015,,,0.18691,Drainage
6,1,1,0.18187,0.77675,71,04.Jan 2015,,,0.18691,Drainage
6,1,1,0.18846,0.76896,72,04.Jan 2015,Turning Point,0.18846,0.18846,Imbibition
6,1,1,0.19321,0.76424,73,04.Jan 2015,,,0.18846,Imbibition
6,1,1,0.19237,0.76461,74,04.Jan 2015,Turning Point,0.19237,0.19237,Drainage
6,1,1,0.19626,0.76291,75,04.Jan 2015,Turning Point,0.19626,0.19626,Imbibition
6,1,1,0.19856,0.76191,76,04.Jan 2015,,,0.19626,Imbibition
6,1,1,0.20247,0.75844,77,04.Jan 2015,,,0.19626,Imbibition
6,1,1,0.21399,0.72394,78,04.Jan 2015,,,0.19626,Imbibition
6,1,1,0.22134,0.72101,79,04.Jan 2015,,,0.19626,Imbibition
6,1,1,0.22402,0.7199,80,04.Jan 2015,,,0.19626,Imbibition
6,1,1,0.22667,0.7188,81,04.Jan 2015,,,0.19626,Imbibition
6,1,1,0.22793,0.71828,82,04.Jan 2015,,,0.19626,Imbibition
6,1,1,0.22916,0.71777,83,04.Jan 2015,,,0.19626,Imbibition
6,1,1,0.23027,0.71731,84,04.Jan 2015,,,0.19626,Imbibition
6,1,1,0.22995,0.71744,85,04.Jan 2015,Turning Point,0.22995,0.22995,Drainage
6,1,1,0.23267,0.71605,86,04.Jan 2015,Turning Point,0.23267,0.23267,Imbibition
6,1,1,0.24566,0.70755,87,04.Jan 2015,,,0.23267,Imbibition
6,1,1,0.25783,0.68569,88,04.Jan 2015,,,0.23267,Imbibition
6,1,1,0.26804,0.64242,89,04.Jan 2015,,,0.23267,Imbibition
6,1,1,0.27973,0.60928,90,04.Jan 2015,,,0.23267,Imbibition
6,1,1,0.29219,0.59082,91,04.Jan 2015,,,0.23267,Imbibition
6,1,1,0.30884,0.58204,92,04.Jan 2015,,,0.23267,Imbibition
6,1,1,0.33369,0.49212,93,04.Jan 2015,,,0.23267,Imbibition
6,1,1,0.35862,0.44425,94,04.Jan 2015,,,0.23267,Imbibition
6,1,1,0.36353,0.43726,95,04.Jan 2015,,,0.23267,Imbibition
6,1,1,0.3898,0.34101,96,04.Jan 2015,,,0.23267,Imbibition
6,1,1,0.41565,0.29535,97,04.Jan 2015,,,0.23267,Imbibition
6,1,1,0.43497,0.2895,98,04.Jan 2015,,,0.23267,Imbibition
6,1,1,0.4733,0.27262,99,04.Jan 2015,,,0.23267,Imbibition
6,1,1,0.48783,0.27126,100,04.Jan 2015,,,0.23267,Imbibition
6,1,1,0.53146,0.20956,101,04.Jan 2015,,,0.23267,Imbibition
6,1,1,0.54671,0.19498,102,04.Jan 2015,,,0.23267,Imbibition
6,1,1,0.57824,0.0892,103,04.Jan 2015,,,0.23267,Imbibition
6,1,1,0.58089,0.08885,104,04.Jan 2015,,,0.23267,Imbibition
6,1,1,0.58494,0.08852,105,04.Jan 2015,,,0.23267,Imbibition
6,1,1,0.59409,0.08657,106,04.Jan 2015,,,0.23267,Imbibition
6,1,1,0.60236,0.08155,107,04.Jan 2015,,,0.23267,Imbibition
6,1,1,0.6165,0.03413,108,04.Jan 2015,,,0.23267,Imbibition
6,1,1,0.61831,0.02114,109,04.Jan 2015,,,0.23267,Imbibition
6,1,1,0.6196,0.01184,110,05.Jan 2015,,,0.23267,Imbibition
6,1,1,0.48165,0.27199,111,05.Jan 2015,Turning Point,0.48165,0.48165,Drainage
6,1,1,0.48279,0.27185,112,05.Jan 2015,Turning Point,0.48279,0.48279,Imbibition
6,1,1,0.47949,0.27216,113,05.Jan 2015,Turning Point,0.47949,0.47949,Drainage
6,1,1,0.47528,0.27247,114,05.Jan 2015,,,0.47949,Drainage
6,1,1,0.4745,0.27253,115,05.Jan 2015,,,0.47949,Drainage
6,1,1,0.4724,0.27269,116,05.Jan 2015,,,0.47949,Drainage
6,1,1,0.47606,0.27242,117,05.Jan 2015,Turning Point,0.47606,0.47606,Imbibition
6,1,1,0.47636,0.27239,118,05.Jan 2015,,,0.47606,Imbibition
6,1,1,0.47279,0.27266,119,05.Jan 2015,Turning Point,0.47279,0.47279,Drainage
6,1,1,0.46828,0.27333,120,05.Jan 2015,,,0.47279,Drainage
6,1,1,0.46643,0.27366,121,05.Jan 2015,,,0.47279,Drainage
6,1,1,0.46083,0.27533,122,05.Jan 2015,,,0.47279,Drainage
6,1,1,0.45841,0.27806,123,05.Jan 2015,,,0.47279,Drainage
6,1,1,0.45694,0.27974,124,05.Jan 2015,,,0.47279,Drainage
6,1,1,0.45422,0.28282,125,05.Jan 2015,,,0.47279,Drainage
6,1,1,0.45332,0.28384,126,05.Jan 2015,,,0.47279,Drainage
6,1,1,0.4515,0.28589,127,05.Jan 2015,,,0.47279,Drainage
6,1,1,0.45011,0.28622,128,05.Jan 2015,,,0.47279,Drainage
6,1,1,0.44095,0.2884,129,05.Jan 2015,,,0.47279,Drainage
6,1,1,0.43026,0.29073,130,05.Jan 2015,,,0.47279,Drainage
6,1,1,0.42012,0.2948,131,05.Jan 2015,,,0.47279,Drainage
6,1,1,0.41003,0.29991,132,05.Jan 2015,,,0.47279,Drainage
6,1,1,0.40956,0.30097,133,05.Jan 2015,,,0.47279,Drainage
6,1,1,0.40727,0.30615,134,05.Jan 2015,,,0.47279,Drainage
6,1,1,0.40163,0.31885,135,05.Jan 2015,,,0.47279,Drainage
6,1,1,0.39547,0.33223,136,05.Jan 2015,,,0.47279,Drainage
6,1,1,0.3891,0.34132,137,05.Jan 2015,,,0.47279,Drainage
6,1,1,0.38273,0.34414,138,05.Jan 2015,,,0.47279,Drainage
6,1,1,0.37956,0.36618,139,05.Jan 2015,,,0.47279,Drainage
6,1,1,0.37654,0.39351,140,05.Jan 2015,,,0.47279,Drainage
6,1,1,0.36971,0.43662,141,05.Jan 2015,,,0.47279,Drainage
6,1,1,0.36727,0.43687,142,05.Jan 2015,,,0.47279,Drainage
6,1,1,0.36275,0.43734,143,05.Jan 2015,,,0.47279,Drainage
6,1,1,0.35929,0.44286,144,05.Jan 2015,,,0.47279,Drainage
6,1,1,0.3565,0.44863,145,05.Jan 2015,,,0.47279,Drainage
6,1,1,0.35588,0.44991,146,05.Jan 2015,,,0.47279,Drainage
6,1,1,0.3547,0.45234,147,05.Jan 2015,,,0.47279,Drainage
6,1,1,0.35396,0.45387,148,05.Jan 2015,,,0.47279,Drainage
6,1,1,0.35227,0.45736,149,05.Jan 2015,,,0.47279,Drainage
6,1,1,0.34836,0.46758,150,05.Jan 2015,,,0.47279,Drainage
6,1,1,0.34122,0.48528,151,06.Jan 2015,,,0.47279,Drainage
6,1,1,0.34577,0.47443,152,06.Jan 2015,Turning Point,0.34577,0.34577,Imbibition
6,1,1,0.35162,0.45891,153,06.Jan 2015,,,0.34577,Imbibition
6,1,1,0.36073,0.43987,154,06.Jan 2015,,,0.34577,Imbibition
6,1,1,0.36405,0.4372,155,06.Jan 2015,,,0.34577,Imbibition
6,1,1,0.36543,0.43706,156,06.Jan 2015,,,0.34577,Imbibition
6,1,1,0.3692,0.43667,157,06.Jan 2015,,,0.34577,Imbibition
6,1,1,0.37012,0.43658,158,06.Jan 2015,,,0.34577,Imbibition
6,1,1,0.37296,0.42596,159,06.Jan 2015,,,0.34577,Imbibition
6,1,1,0.38057,0.35708,160,06.Jan 2015,,,0.34577,Imbibition
6,1,1,0.39452,0.33429,161,06.Jan 2015,,,0.34577,Imbibition
6,1,1,0.40252,0.31685,162,06.Jan 2015,,,0.34577,Imbibition
6,1,1,0.40417,0.31314,163,06.Jan 2015,,,0.34577,Imbibition
6,1,1,0.41015,0.29964,164,06.Jan 2015,,,0.34577,Imbibition
6,1,1,0.41567,0.29535,165,06.Jan 2015,,,0.34577,Imbibition
6,1,1,0.42551,0.29287,166,06.Jan 2015,,,0.34577,Imbibition
6,1,1,0.44561,0.28731,167,06.Jan 2015,,,0.34577,Imbibition
6,1,1,0.45561,0.28124,168,06.Jan 2015,,,0.34577,Imbibition
6,1,1,0.46252,0.27435,169,06.Jan 2015,,,0.34577,Imbibition
6,1,1,0.46845,0.2733,170,06.Jan 2015,,,0.34577,Imbibition
6,1,1,0.47221,0.27271,171,06.Jan 2015,,,0.34577,Imbibition
6,1,1,0.47916,0.27218,172,06.Jan 2015,,,0.34577,Imbibition
6,1,1,0.48064,0.27207,173,06.Jan 2015,,,0.34577,Imbibition
6,1,1,0.48744,0.2713,174,06.Jan 2015,,,0.34577,Imbibition
6,1,1,0.49125,0.27085,175,06.Jan 2015,,,0.34577,Imbibition
6,1,1,0.50691,0.26565,176,06.Jan 2015,,,0.34577,Imbibition
6,1,1,0.53186,0.20925,177,06.Jan 2015,,,0.34577,Imbibition
6,1,1,0.54053,0.20672,178,06.Jan 2015,,,0.34577,Imbibition
6,1,1,0.56339,0.16131,179,06.Jan 2015,,,0.34577,Imbibition
6,1,1,0.59061,0.0881,180,06.Jan 2015,,,0.34577,Imbibition
6,1,1,0.59612,0.08551,181,06.Jan 2015,,,0.34577,Imbibition
6,1,1,0.6111,0.07108,182,06.Jan 2015,,,0.34577,Imbibition
6,1,1,0.61727,0.02862,183,06.Jan 2015,,,0.34577,Imbibition
6,1,1,0.61835,0.02085,184,06.Jan 2015,,,0.34577,Imbibition
6,1,1,0.61988,0.00983,185,06.Jan 2015,,,0.34577,Imbibition
6,1,1,0.62054,0.00508,186,06.Jan 2015,,,0.34577,Imbibition
6,1,1,0.62083,0.003,187,06.Jan 2015,,,0.34577,Imbibition
6,1,1,0.62097,0.00199,188,06.Jan 2015,,,0.34577,Imbibition
6,1,1,0.62099,0.00187,189,06.Jan 2015,,,0.34577,Imbibition
6,1,1,0.6211,0.00104,190,06.Jan 2015,,,0.34577,Imbibition
6,1,1,0.62109,0.00113,191,06.Jan 2015,Turning Point,0.62109,0.62109,Drainage
6,1,1,0.62113,0.00082,192,06.Jan 2015,Turning Point,0.62113,0.62113,Imbibition
6,1,1,0.62119,0.00043,193,07.Jan 2015,,,0.62113,Imbibition
6,1,1,0.61714,0.02953,194,07.Jan 2015,Turning Point,0.61714,0.61714,Drainage
6,1,1,0.61476,0.04671,195,07.Jan 2015,,,0.61714,Drainage
6,1,1,0.61364,0.05472,196,07.Jan 2015,,,0.61714,Drainage
6,1,1,0.61139,0.07073,197,07.Jan 2015,,,0.61714,Drainage
6,1,1,0.60322,0.08052,198,07.Jan 2015,,,0.61714,Drainage
6,1,1,0.59465,0.08628,199,07.Jan 2015,,,0.61714,Drainage
6,1,1,0.58421,0.08858,200,07.Jan 2015,,,0.61714,Drainage
6,1,1,0.57963,0.08902,201,07.Jan 2015,,,0.61714,Drainage
6,1,1,0.5812,0.08881,202,07.Jan 2015,Turning Point,0.5812,0.5812,Imbibition
6,1,1,0.58035,0.08892,203,07.Jan 2015,Turning Point,0.58035,0.58035,Drainage
6,1,1,0.57188,0.09004,204,07.Jan 2015,,,0.58035,Drainage
6,1,1,0.56548,0.14237,205,07.Jan 2015,,,0.58035,Drainage
6,1,1,0.54565,0.19725,206,07.Jan 2015,,,0.58035,Drainage
6,1,1,0.53874,0.20724,207,07.Jan 2015,,,0.58035,Drainage
6,1,1,0.53381,0.20868,208,07.Jan 2015,,,0.58035,Drainage
6,1,1,0.53207,0.20918,209,07.Jan 2015,,,0.58035,Drainage
6,1,1,0.5301,0.21586,210,07.Jan 2015,,,0.58035,Drainage
6,1,1,0.53163,0.20931,211,07.Jan 2015,Turning Point,0.53163,0.53163,Imbibition
6,1,1,0.52805,0.2254,212,07.Jan 2015,Turning Point,0.52805,0.52805,Drainage
6,1,1,0.52638,0.23317,213,07.Jan 2015,,,0.52805,Drainage
6,1,1,0.5225,0.25122,214,07.Jan 2015,,,0.52805,Drainage
6,1,1,0.51829,0.25854,215,07.Jan 2015,,,0.52805,Drainage
6,1,1,0.51556,0.26027,216,07.Jan 2015,,,0.52805,Drainage
6,1,1,0.5139,0.26132,217,07.Jan 2015,,,0.52805,Drainage
6,1,1,0.50527,0.26665,218,07.Jan 2015,,,0.52805,Drainage
6,1,1,0.49244,0.27065,219,07.Jan 2015,,,0.52805,Drainage
6,1,1,0.48538,0.27155,220,07.Jan 2015,,,0.52805,Drainage
6,1,1,0.47168,0.27275,221,07.Jan 2015,,,0.52805,Drainage
6,1,1,0.46577,0.27377,222,07.Jan 2015,,,0.52805,Drainage
6,1,1,0.45907,0.27732,223,07.Jan 2015,,,0.52805,Drainage
6,1,1,0.44227,0.28812,224,07.Jan 2015,,,0.52805,Drainage
6,1,1,0.44406,0.28768,225,07.Jan 2015,Turning Point,0.44406,0.44406,Imbibition
6,1,1,0.43833,0.28888,226,07.Jan 2015,Turning Point,0.43833,0.43833,Drainage
6,1,1,0.43343,0.28979,227,07.Jan 2015,,,0.43833,Drainage
6,1,1,0.42374,0.29367,228,07.Jan 2015,,,0.43833,Drainage
6,1,1,0.40719,0.30631,229,07.Jan 2015,,,0.43833,Drainage
6,1,1,0.40422,0.31302,230,07.Jan 2015,,,0.43833,Drainage
6,1,1,0.404,0.31353,231,07.Jan 2015,,,0.43833,Drainage
6,1,1,0.40329,0.31512,232,07.Jan 2015,,,0.43833,Drainage
6,1,1,0.40046,0.32139,233,07.Jan 2015,,,0.43833,Drainage
6,1,1,0.39669,0.32958,234,07.Jan 2015,,,0.43833,Drainage
6,1,1,0.39403,0.33537,235,07.Jan 2015,,,0.43833,Drainage
6,1,1,0.38993,0.34095,236,07.Jan 2015,,,0.43833,Drainage
6,1,1,0.38816,0.34174,237,07.Jan 2015,,,0.43833,Drainage
6,1,1,0.38711,0.3422,238,07.Jan 2015,,,0.43833,Drainage
6,1,1,0.38647,0.34248,239,07.Jan 2015,,,0.43833,Drainage
6,1,1,0.38552,0.34291,240,08.Jan 2015,,,0.43833,Drainage
6,1,1,0.38686,0.34231,241,08.Jan 2015,Turning Point,0.38686,0.38686,Imbibition
6,1,1,0.39026,0.3408,242,08.Jan 2015,,,0.38686,Imbibition
6,1,1,0.39333,0.33687,243,08.Jan 2015,,,0.38686,Imbibition
6,1,1,0.39529,0.33262,244,08.Jan 2015,,,0.38686,Imbibition
6,1,1,0.39726,0.32834,245,08.Jan 2015,,,0.38686,Imbibition
6,1,1,0.40253,0.31682,246,08.Jan 2015,,,0.38686,Imbibition
6,1,1,0.40422,0.31302,247,08.Jan 2015,,,0.38686,Imbibition
6,1,1,0.40742,0.3058,248,08.Jan 2015,,,0.38686,Imbibition
6,1,1,0.41003,0.2999,249,08.Jan 2015,,,0.38686,Imbibition
6,1,1,0.41595,0.29532,250,08.Jan 2015,,,0.38686,Imbibition
6,1,1,0.41762,0.29511,251,08.Jan 2015,,,0.38686,Imbibition
6,1,1,0.42091,0.2947,252,08.Jan 2015,,,0.38686,Imbibition
6,1,1,0.41883,0.29496,253,08.Jan 2015,Turning Point,0.41883,0.41883,Drainage
6,1,1,0.4202,0.29479,254,08.Jan 2015,Turning Point,0.4202,0.4202,Imbibition
6,1,1,0.42933,0.29114,255,08.Jan 2015,,,0.4202,Imbibition
6,1,1,0.43221,0.29001,256,08.Jan 2015,,,0.4202,Imbibition
6,1,1,0.42994,0.29087,257,08.Jan 2015,Turning Point,0.42994,0.42994,Drainage
6,1,1,0.43184,0.29008,258,08.Jan 2015,Turning Point,0.43184,0.43184,Imbibition
6,1,1,0.44763,0.28682,259,08.Jan 2015,,,0.43184,Imbibition
6,1,1,0.46391,0.2741,260,08.Jan 2015,,,0.43184,Imbibition
6,1,1,0.47146,0.27277,261,08.Jan 2015,,,0.43184,Imbibition
6,1,1,0.48587,0.27149,262,08.Jan 2015,,,0.43184,Imbibition
6,1,1,0.49322,0.27051,263,08.Jan 2015,,,0.43184,Imbibition
6,1,1,0.52268,0.25039,264,08.Jan 2015,,,0.43184,Imbibition
6,1,1,0.55032,0.18718,265,08.Jan 2015,,,0.43184,Imbibition
6,1,1,0.56853,0.11482,266,08.Jan 2015,,,0.43184,Imbibition
6,1,1,0.58522,0.0885,267,08.Jan 2015,,,0.43184,Imbibition
6,1,1,0.59588,0.08564,268,08.Jan 2015,,,0.43184,Imbibition
6,1,1,0.59588,0.08564,269,08.Jan 2015,,,0.43184,Imbibition
6,1,1,0.59647,0.08533,270,08.Jan 2015,,,0.43184,Imbibition
6,1,1,0.60214,0.08182,271,08.Jan 2015,,,0.43184,Imbibition
6,1,1,0.60573,0.07752,272,08.Jan 2015,,,0.43184,Imbibition
6,1,1,0.61401,0.0521,273,08.Jan 2015,,,0.43184,Imbibition
6,1,1,0.61651,0.03411,274,08.Jan 2015,,,0.43184,Imbibition
6,1,1,0.6188,0.01761,275,08.Jan 2015,,,0.43184,Imbibition
6,1,1,0.61994,0.0094,276,08.Jan 2015,,,0.43184,Imbibition
6,1,1,0.62037,0.00628,277,08.Jan 2015,,,0.43184,Imbibition
6,1,1,0.6206,0.00468,278,08.Jan 2015,,,0.43184,Imbibition
6,1,1,0.62072,0.0038,279,08.Jan 2015,,,0.43184,Imbibition
6,1,1,0.62089,0.00258,280,08.Jan 2015,,,0.43184,Imbibition
6,1,1,0.62097,0.00196,281,08.Jan 2015,,,0.43184,Imbibition
6,1,1,0.62111,0.00099,282,08.Jan 2015,,,0.43184,Imbibition
6,1,1,0.62117,0.00054,283,08.Jan 2015,,,0.43184,Imbibition
6,1,1,0.62118,0.00046,284,08.Jan 2015,,,0.43184,Imbibition
6,1,1,0.6212,0.00033,285,08.Jan 2015,,,0.43184,Imbibition
6,1,1,0.62122,0.00016,286,08.Jan 2015,,,0.43184,Imbibition
6,1,1,0.62123,0.00011,287,08.Jan 2015,,,0.43184,Imbibition
6,1,1,0.62124,6e-05,288,08.Jan 2015,,,0.43184,Imbibition
6,1,1,0.62124,4e-05,289,08.Jan 2015,,,0.43184,Imbibition
6,1,1,0.62124,3e-05,290,09.Jan 2015,,,0.43184,Imbibition
6,1,1,0.61811,0.02256,291,09.Jan 2015,,,0.43184,Drainage
6,1,1,0.61752,0.02682,292,09.Jan 2015,,,0.43184,Drainage
6,1,1,0.61579,0.03929,293,09.Jan 2015,,,0.43184,Drainage
6,1,1,0.61449,0.04862,294,09.Jan 2015,,,0.43184,Drainage
6,1,1,0.61351,0.05571,295,09.Jan 2015,,,0.43184,Drainage
6,1,1,0.61378,0.05374,296,09.Jan 2015,Turning Point,0.61378,0.61378,Imbibition
6,1,1,0.61145,0.07047,297,09.Jan 2015,Turning Point,0.61145,0.61145,Drainage
6,1,1,0.6015,0.08259,298,09.Jan 2015,,,0.61145,Drainage
6,1,1,0.59262,0.08734,299,09.Jan 2015,,,0.61145,Drainage
6,1,1,0.5822,0.08873,300,09.Jan 2015,,,0.61145,Drainage
6,1,1,0.61555,0.04098,301,09.Jan 2015,Turning Point,0.61555,0.61555,Imbibition
6,1,1,0.61325,0.05756,302,09.Jan 2015,Turning Point,0.61325,0.61325,Drainage
6,1,1,0.59653,0.0853,303,09.Jan 2015,,,0.61325,Drainage
6,1,1,0.58658,0.0884,304,09.Jan 2015,,,0.61325,Drainage
6,1,1,0.58195,0.08875,305,09.Jan 2015,,,0.61325,Drainage
6,1,1,0.57721,0.08934,306,09.Jan 2015,,,0.61325,Drainage
6,1,1,0.55532,0.18252,307,09.Jan 2015,,,0.61325,Drainage
6,1,1,0.54865,0.19079,308,09.Jan 2015,,,0.61325,Drainage
6,1,1,0.53943,0.20704,309,09.Jan 2015,,,0.61325,Drainage
6,1,1,0.53559,0.20816,310,09.Jan 2015,,,0.61325,Drainage
6,1,1,0.5341,0.2086,311,09.Jan 2015,,,0.61325,Drainage
6,1,1,0.46035,0.27587,312,09.Jan 2015,,,0.61325,Drainage
6,1,1,0.46754,0.27346,313,09.Jan 2015,Turning Point,0.46754,0.46754,Imbibition
6,1,1,0.47651,0.27238,314,09.Jan 2015,,,0.46754,Imbibition
6,1,1,0.47982,0.27213,315,09.Jan 2015,,,0.46754,Imbibition
6,1,1,0.48327,0.2718,316,09.Jan 2015,,,0.46754,Imbibition
6,1,1,0.48423,0.27168,317,09.Jan 2015,,,0.46754,Imbibition
6,1,1,0.48435,0.27167,318,09.Jan 2015,,,0.46754,Imbibition
6,1,1,0.4834,0.27178,319,09.Jan 2015,Turning Point,0.4834,0.4834,Drainage
6,1,1,0.47929,0.27217,320,09.Jan 2015,,,0.4834,Drainage
6,1,1,0.47822,0.27225,321,09.Jan 2015,,,0.4834,Drainage
6,1,1,0.47765,0.2723,322,09.Jan 2015,,,0.4834,Drainage
6,1,1,0.47646,0.27239,323,09.Jan 2015,,,0.4834,Drainage
6,1,1,0.47603,0.27242,324,09.Jan 2015,,,0.4834,Drainage
6,1,1,0.47495,0.2725,325,09.Jan 2015,,,0.4834,Drainage
6,1,1,0.47417,0.27256,326,09.Jan 2015,,,0.4834,Drainage
6,1,1,0.47211,0.27271,327,09.Jan 2015,,,0.4834,Drainage
6,1,1,0.47174,0.27274,328,09.Jan 2015,,,0.4834,Drainage
6,1,1,0.47761,0.2723,329,09.Jan 2015,Turning Point,0.47761,0.47761,Imbibition
6,1,1,0.47869,0.27222,330,09.Jan 2015,,,0.47761,Imbibition
6,1,1,0.47732,0.27232,331,09.Jan 2015,Turning Point,0.47732,0.47732,Drainage
6,1,1,0.47492,0.2725,332,09.Jan 2015,,,0.47732,Drainage
6,1,1,0.46887,0.27323,333,09.Jan 2015,,,0.47732,Drainage
6,1,1,0.46675,0.2736,334,09.Jan 2015,,,0.47732,Drainage
6,1,1,0.46224,0.27439,335,09.Jan 2015,,,0.47732,Drainage
6,1,1,0.45258,0.28468,336,09.Jan 2015,,,0.47732,Drainage
6,1,1,0.45725,0.27939,337,09.Jan 2015,Turning Point,0.45725,0.45725,Imbibition
6,1,1,0.45206,0.28527,338,09.Jan 2015,Turning Point,0.45206,0.45206,Drainage
6,1,1,0.45585,0.28098,339,09.Jan 2015,Turning Point,0.45585,0.45585,Imbibition
6,1,1,0.45018,0.28621,340,09.Jan 2015,Turning Point,0.45018,0.45018,Drainage
6,1,1,0.44885,0.28653,341,09.Jan 2015,,,0.45018,Drainage
6,1,1,0.44651,0.28709,342,09.Jan 2015,,,0.45018,Drainage
6,1,1,0.44412,0.28767,343,09.Jan 2015,,,0.45018,Drainage
6,1,1,0.43872,0.28881,344,09.Jan 2015,,,0.45018,Drainage
6,1,1,0.4329,0.28988,345,09.Jan 2015,,,0.45018,Drainage
6,1,1,0.43053,0.29061,346,09.Jan 2015,,,0.45018,Drainage
6,1,1,0.42848,0.29153,347,10.Jan 2015,,,0.45018,Drainage
7,1,1,0.0617,0.9503,1,01.Jan 2015,,,0.45018,Drainage
7,1,1,0.06172,0.95027,2,02.Jan 2015,Turning Point,0.06172,0.06172,Imbibition
7,1,1,0.06172,0.95027,3,02.Jan 2015,,,0.06172,Imbibition
7,1,1,0.06172,0.95027,4,02.Jan 2015,,,0.06172,Imbibition
7,1,1,0.06172,0.95027,5,02.Jan 2015,,,0.06172,Imbibition
7,1,1,0.06172,0.95027,6,02.Jan 2015,,,0.06172,Imbibition
7,1,1,0.06176,0.95018,7,02.Jan 2015,,,0.06172,Imbibition
7,1,1,0.06394,0.9459,8,02.Jan 2015,,,0.06172,Imbibition
7,1,1,0.06673,0.94042,9,02.Jan 2015,,,0.06172,Imbibition
7,1,1,0.06916,0.93564,10,02.Jan 2015,,,0.06172,Imbibition
7,1,1,0.07468,0.92803,11,02.Jan 2015,,,0.06172,Imbibition
7,1,1,0.08707,0.91277,12,02.Jan 2015,,,0.06172,Imbibition
7,1,1,0.09379,0.90218,13,02.Jan 2015,,,0.06172,Imbibition
7,1,1,0.10089,0.8923,14,02.Jan 2015,,,0.06172,Imbibition
7,1,1,0.10569,0.87653,15,02.Jan 2015,,,0.06172,Imbibition
7,1,1,0.11506,0.85176,16,02.Jan 2015,,,0.06172,Imbibition
7,1,1,0.11746,0.84933,17,02.Jan 2015,,,0.06172,Imbibition
7,1,1,0.12329,0.84118,18,02.Jan 2015,,,0.06172,Imbibition
7,1,1,0.13331,0.81813,19,02.Jan 2015,,,0.06172,Imbibition
7,1,1,0.1386,0.81524,20,02.Jan 2015,,,0.06172,Imbibition
7,1,1,0.14182,0.81348,21,02.Jan 2015,,,0.06172,Imbibition
7,1,1,0.16884,0.78568,22,02.Jan 2015,,,0.06172,Imbibition
7,1,1,0.17657,0.78098,23,02.Jan 2015,,,0.06172,Imbibition
7,1,1,0.18295,0.77549,24,02.Jan 2015,,,0.06172,Imbibition
7,1,1,0.19588,0.76308,25,02.Jan 2015,,,0.06172,Imbibition
7,1,1,0.20228,0.75909,26,02.Jan 2015,,,0.06172,Imbibition
7,1,1,0.22616,0.71901,27,02.Jan 2015,,,0.06172,Imbibition
7,1,1,0.23016,0.71735,28,02.Jan 2015,,,0.06172,Imbibition
7,1,1,0.23371,0.71533,29,02.Jan 2015,,,0.06172,Imbibition
7,1,1,0.33032,0.50442,30,02.Jan 2015,,,0.06172,Imbibition
7,1,1,0.41068,0.29844,31,02.Jan 2015,,,0.06172,Imbibition
7,1,1,0.432,0.29005,32,02.Jan 2015,,,0.06172,Imbibition
7,1,1,0.50462,0.26705,33,03.Jan 2015,,,0.06172,Imbibition
7,1,1,0.48315,0.27181,34,03.Jan 2015,Turning Point,0.48315,0.48315,Drainage
7,1,1,0.46836,0.27332,35,03.Jan 2015,,,0.48315,Drainage
7,1,1,0.45836,0.27813,36,03.Jan 2015,,,0.48315,Drainage
7,1,1,0.43233,0.28999,37,03.Jan 2015,,,0.48315,Drainage
7,1,1,0.41783,0.29508,38,03.Jan 2015,,,0.48315,Drainage
7,1,1,0.41114,0.2974,39,03.Jan 2015,,,0.48315,Drainage
7,1,1,0.40568,0.30972,40,03.Jan 2015,,,0.48315,Drainage
7,1,1,0.40214,0.31772,41,03.Jan 2015,,,0.48315,Drainage
7,1,1,0.39861,0.3254,42,03.Jan 2015,,,0.48315,Drainage
7,1,1,0.38731,0.34211,43,03.Jan 2015,,,0.48315,Drainage
7,1,1,0.37618,0.3968,44,03.Jan 2015,,,0.48315,Drainage
7,1,1,0.37212,0.43357,45,03.Jan 2015,,,0.48315,Drainage
7,1,1,0.36485,0.43712,46,03.Jan 2015,,,0.48315,Drainage
7,1,1,0.36308,0.4373,47,03.Jan 2015,,,0.48315,Drainage
7,1,1,0.35974,0.44192,48,03.Jan 2015,,,0.48315,Drainage
7,1,1,0.3516,0.45896,49,03.Jan 2015,,,0.48315,Drainage
7,1,1,0.34775,0.46918,50,03.Jan 2015,,,0.48315,Drainage
7,1,1,0.34457,0.47761,51,03.Jan 2015,,,0.48315,Drainage
7,1,1,0.3388,0.48747,52,03.Jan 2015,,,0.48315,Drainage
7,1,1,0.33388,0.49195,53,03.Jan 2015,,,0.48315,Drainage
7,1,1,0.3339,0.49193,54,03.Jan 2015,Turning Point,0.3339,0.3339,Imbibition
7,1,1,0.33352,0.49227,55,03.Jan 2015,Turning Point,0.33352,0.33352,Drainage
7,1,1,0.33206,0.4936,56,03.Jan 2015,,,0.33352,Drainage
7,1,1,0.33002,0.50633,57,03.Jan 2015,,,0.33352,Drainage
7,1,1,0.32871,0.51469,58,03.Jan 2015,,,0.33352,Drainage
7,1,1,0.32623,0.5305,59,03.Jan 2015,,,0.33352,Drainage
7,1,1,0.32001,0.56171,60,03.Jan 2015,,,0.33352,Drainage
7,1,1,0.31539,0.57154,61,03.Jan 2015,,,0.33352,Drainage
7,1,1,0.30882,0.58206,62,03.Jan 2015,,,0.33352,Drainage
7,1,1,0.304,0.58685,63,03.Jan 2015,,,0.33352,Drainage
7,1,1,0.30112,0.58904,64,03.Jan 2015,,,0.33352,Drainage
7,1,1,0.29814,0.58963,65,03.Jan 2015,,,0.33352,Drainage
7,1,1,0.29493,0.59028,66,03.Jan 2015,,,0.33352,Drainage
7,1,1,0.29315,0.59063,67,03.Jan 2015,,,0.33352,Drainage
7,1,1,0.29207,0.59085,68,03.Jan 2015,,,0.33352,Drainage
7,1,1,0.29133,0.59174,69,03.Jan 2015,,,0.33352,Drainage
7,1,1,0.28971,0.59411,70,03.Jan 2015,,,0.33352,Drainage
7,1,1,0.28196,0.60538,71,04.Jan 2015,,,0.33352,Drainage
7,1,1,0.27982,0.60912,72,04.Jan 2015,,,0.33352,Drainage
7,1,1,0.29052,0.59292,73,04.Jan 2015,Turning Point,0.29052,0.29052,Imbibition
7,1,1,0.33051,0.5032,74,04.Jan 2015,,,0.29052,Imbibition
7,1,1,0.33335,0.49243,75,04.Jan 2015,,,0.29052,Imbibition
7,1,1,0.3355,0.49048,76,04.Jan 2015,,,0.29052,Imbibition
7,1,1,0.34073,0.48572,77,04.Jan 2015,,,0.29052,Imbibition
7,1,1,0.33986,0.48651,78,04.Jan 2015,Turning Point,0.33986,0.33986,Drainage
7,1,1,0.34282,0.48226,79,04.Jan 2015,Turning Point,0.34282,0.34282,Imbibition
7,1,1,0.34821,0.46795,80,04.Jan 2015,,,0.34282,Imbibition
7,1,1,0.36161,0.43806,81,04.Jan 2015,,,0.34282,Imbibition
7,1,1,0.36689,0.43691,82,04.Jan 2015,,,0.34282,Imbibition
7,1,1,0.37267,0.42857,83,04.Jan 2015,,,0.34282,Imbibition
7,1,1,0.39008,0.34088,84,04.Jan 2015,,,0.34282,Imbibition
7,1,1,0.4023,0.31735,85,04.Jan 2015,,,0.34282,Imbibition
7,1,1,0.41634,0.29527,86,04.Jan 2015,,,0.34282,Imbibition
7,1,1,0.42485,0.29316,87,04.Jan 2015,,,0.34282,Imbibition
7,1,1,0.42931,0.29116,88,04.Jan 2015,,,0.34282,Imbibition
7,1,1,0.43192,0.29006,89,04.Jan 2015,,,0.34282,Imbibition
7,1,1,0.43215,0.29002,90,04.Jan 2015,,,0.34282,Imbibition
7,1,1,0.4318,0.29009,91,04.Jan 2015,Turning Point,0.4318,0.4318,Drainage
7,1,1,0.44257,0.28804,92,04.Jan 2015,Turning Point,0.44257,0.44257,Imbibition
7,1,1,0.45883,0.27759,93,04.Jan 2015,,,0.44257,Imbibition
7,1,1,0.47962,0.27215,94,04.Jan 2015,,,0.44257,Imbibition
7,1,1,0.48391,0.27172,95,04.Jan 2015,,,0.44257,Imbibition
7,1,1,0.49658,0.2699,96,04.Jan 2015,,,0.44257,Imbibition
7,1,1,0.53449,0.20848,97,04.Jan 2015,,,0.44257,Imbibition
7,1,1,0.58422,0.08857,98,04.Jan 2015,,,0.44257,Imbibition
7,1,1,0.59928,0.08387,99,04.Jan 2015,,,0.44257,Imbibition
7,1,1,0.61469,0.04719,100,04.Jan 2015,,,0.44257,Imbibition
7,1,1,0.61863,0.01885,101,04.Jan 2015,,,0.44257,Imbibition
7,1,1,0.62021,0.00749,102,04.Jan 2015,,,0.44257,Imbibition
7,1,1,0.62114,0.00073,103,04.Jan 2015,,,0.44257,Imbibition
7,1,1,0.62581,0.0,104,04.Jan 2015,,,0.44257,Imbibition
7,1,1,0.62581,0.0,105,04.Jan 2015,,,0.44257,Imbibition
7,1,1,0.6258,0.0,106,04.Jan 2015,,,0.44257,Drainage
7,1,1,0.6258,0.0,107,04.Jan 2015,,,0.44257,Drainage
7,1,1,0.6258,0.0,108,04.Jan 2015,,,0.44257,Drainage
7,1,1,0.6258,0.0,109,04.Jan 2015,,,0.44257,Drainage
7,1,1,0.6258,0.0,110,05.Jan 2015,,,0.44257,Drainage
7,1,1,0.6258,0.0,111,05.Jan 2015,,,0.44257,Drainage
7,1,1,0.60113,0.0829,112,05.Jan 2015,,,0.44257,Drainage
7,1,1,0.58744,0.08833,113,05.Jan 2015,,,0.44257,Drainage
7,1,1,0.58108,0.08883,114,05.Jan 2015,,,0.44257,Drainage
7,1,1,0.57385,0.08978,115,05.Jan 2015,,,0.44257,Drainage
7,1,1,0.56155,0.17794,116,05.Jan 2015,,,0.44257,Drainage
7,1,1,0.54708,0.19417,117,05.Jan 2015,,,0.44257,Drainage
7,1,1,0.54241,0.20425,118,05.Jan 2015,,,0.44257,Drainage
7,1,1,0.53421,0.20856,119,05.Jan 2015,,,0.44257,Drainage
7,1,1,0.53154,0.20934,120,05.Jan 2015,,,0.44257,Drainage
7,1,1,0.53001,0.21628,121,05.Jan 2015,,,0.44257,Drainage
7,1,1,0.52958,0.21832,122,05.Jan 2015,,,0.44257,Drainage
7,1,1,0.5285,0.22332,123,05.Jan 2015,,,0.44257,Drainage
7,1,1,0.52735,0.22869,124,05.Jan 2015,,,0.44257,Drainage
7,1,1,0.52248,0.25134,125,05.Jan 2015,,,0.44257,Drainage
7,1,1,0.52076,0.25697,126,05.Jan 2015,,,0.44257,Drainage
7,1,1,0.51709,0.2593,127,05.Jan 2015,,,0.44257,Drainage
7,1,1,0.49654,0.26991,128,05.Jan 2015,,,0.44257,Drainage
7,1,1,0.49219,0.2707,129,05.Jan 2015,,,0.44257,Drainage
7,1,1,0.48299,0.27183,130,05.Jan 2015,,,0.44257,Drainage
7,1,1,0.47268,0.27267,131,05.Jan 2015,,,0.44257,Drainage
7,1,1,0.44622,0.28716,132,05.Jan 2015,,,0.44257,Drainage
7,1,1,0.43999,0.28858,133,05.Jan 2015,,,0.44257,Drainage
7,1,1,0.43293,0.28988,134,05.Jan 2015,,,0.44257,Drainage
7,1,1,0.42881,0.29138,135,05.Jan 2015,,,0.44257,Drainage
7,1,1,0.4232,0.29391,136,05.Jan 2015,,,0.44257,Drainage
7,1,1,0.4162,0.29529,137,05.Jan 2015,,,0.44257,Drainage
7,1,1,0.40529,0.3106,138,05.Jan 2015,,,0.44257,Drainage
7,1,1,0.40224,0.3175,139,05.Jan 2015,,,0.44257,Drainage
7,1,1,0.40366,0.31428,140,05.Jan 2015,Turning Point,0.40366,0.40366,Imbibition
7,1,1,0.40732,0.30603,141,05.Jan 2015,,,0.40366,Imbibition
7,1,1,0.40639,0.30813,142,05.Jan 2015,Turning Point,0.40639,0.40639,Drainage
7,1,1,0.39929,0.32394,143,05.Jan 2015,,,0.40639,Drainage
7,1,1,0.3902,0.34083,144,05.Jan 2015,,,0.40639,Drainage
7,1,1,0.38629,0.34256,145,05.Jan 2015,,,0.40639,Drainage
7,1,1,0.38554,0.3429,146,05.Jan 2015,,,0.40639,Drainage
7,1,1,0.38441,0.3434,147,05.Jan 2015,,,0.40639,Drainage
7,1,1,0.38376,0.34369,148,05.Jan 2015,,,0.40639,Drainage
7,1,1,0.38225,0.34436,149,05.Jan 2015,,,0.40639,Drainage
7,1,1,0.38121,0.35129,150,05.Jan 2015,,,0.40639,Drainage
7,1,1,0.38156,0.34808,151,06.Jan 2015,Turning Point,0.38156,0.38156,Imbibition
7,1,1,0.38507,0.34311,152,06.Jan 2015,,,0.38156,Imbibition
7,1,1,0.38654,0.34245,153,06.Jan 2015,,,0.38156,Imbibition
7,1,1,0.39088,0.34053,154,06.Jan 2015,,,0.38156,Imbibition
7,1,1,0.39573,0.33165,155,06.Jan 2015,,,0.38156,Imbibition
7,1,1,0.40082,0.3206,156,06.Jan 2015,,,0.38156,Imbibition
7,1,1,0.41083,0.29811,157,06.Jan 2015,,,0.38156,Imbibition
7,1,1,0.41123,0.29721,158,06.Jan 2015,,,0.38156,Imbibition
7,1,1,0.41557,0.29536,159,06.Jan 2015,,,0.38156,Imbibition
7,1,1,0.4188,0.29496,160,06.Jan 2015,,,0.38156,Imbibition
7,1,1,0.43143,0.2902,161,06.Jan 2015,,,0.38156,Imbibition
7,1,1,0.43552,0.2894,162,06.Jan 2015,,,0.38156,Imbibition
7,1,1,0.45254,0.28473,163,06.Jan 2015,,,0.38156,Imbibition
7,1,1,0.46646,0.27365,164,06.Jan 2015,,,0.38156,Imbibition
7,1,1,0.47034,0.27297,165,06.Jan 2015,,,0.38156,Imbibition
7,1,1,0.48223,0.27192,166,06.Jan 2015,,,0.38156,Imbibition
7,1,1,0.53861,0.20728,167,06.Jan 2015,,,0.38156,Imbibition
7,1,1,0.54164,0.20591,168,06.Jan 2015,,,0.38156,Imbibition
7,1,1,0.5429,0.2032,169,06.Jan 2015,,,0.38156,Imbibition
7,1,1,0.54345,0.20202,170,06.Jan 2015,,,0.38156,Imbibition
7,1,1,0.54529,0.19804,171,06.Jan 2015,,,0.38156,Imbibition
7,1,1,0.55107,0.18556,172,06.Jan 2015,,,0.38156,Imbibition
7,1,1,0.5638,0.15756,173,06.Jan 2015,,,0.38156,Imbibition
7,1,1,0.58288,0.08868,174,06.Jan 2015,,,0.38156,Imbibition
7,1,1,0.58875,0.08824,175,06.Jan 2015,,,0.38156,Imbibition
7,1,1,0.60695,0.07605,176,06.Jan 2015,,,0.38156,Imbibition
7,1,1,0.61464,0.04754,177,06.Jan 2015,,,0.38156,Imbibition
7,1,1,0.61718,0.02929,178,06.Jan 2015,,,0.38156,Imbibition
7,1,1,0.61931,0.01391,179,06.Jan 2015,,,0.38156,Imbibition
7,1,1,0.62052,0.00521,180,06.Jan 2015,,,0.38156,Imbibition
7,1,1,0.62069,0.00397,181,06.Jan 2015,,,0.38156,Imbibition
7,1,1,0.62075,0.0036,182,06.Jan 2015,,,0.38156,Imbibition
7,1,1,0.6209,0.00249,183,06.Jan 2015,,,0.38156,Imbibition
7,1,1,0.62096,0.00205,184,06.Jan 2015,,,0.38156,Imbibition
7,1,1,0.62108,0.00117,185,06.Jan 2015,,,0.38156,Imbibition
7,1,1,0.62113,0.0008,186,06.Jan 2015,,,0.38156,Imbibition
7,1,1,0.62118,0.00049,187,06.Jan 2015,,,0.38156,Imbibition
7,1,1,0.62121,0.00029,188,06.Jan 2015,,,0.38156,Imbibition
7,1,1,0.62121,0.00022,189,06.Jan 2015,,,0.38156,Imbibition
7,1,1,0.62123,0.00012,190,06.Jan 2015,,,0.38156,Imbibition
7,1,1,0.62124,3e-05,191,06.Jan 2015,,,0.38156,Imbibition
7,1,1,0.62124,2e-05,192,06.Jan 2015,,,0.38156,Imbibition
7,1,1,0.62124,1e-05,193,07.Jan 2015,,,0.38156,Imbibition
7,1,1,0.61913,0.01523,194,07.Jan 2015,,,0.38156,Drainage
7,1,1,0.61767,0.02574,195,07.Jan 2015,,,0.38156,Drainage
7,1,1,0.61542,0.0419,196,07.Jan 2015,,,0.38156,Drainage
7,1,1,0.614,0.05213,197,07.Jan 2015,,,0.38156,Drainage
7,1,1,0.61389,0.0529,198,07.Jan 2015,,,0.38156,Drainage
7,1,1,0.61439,0.04936,199,07.Jan 2015,Turning Point,0.61439,0.61439,Imbibition
7,1,1,0.61267,0.06174,200,07.Jan 2015,Turning Point,0.61267,0.61267,Drainage
7,1,1,0.61133,0.07081,201,07.Jan 2015,,,0.61267,Drainage
7,1,1,0.59909,0.08397,202,07.Jan 2015,,,0.61267,Drainage
7,1,1,0.59668,0.08522,203,07.Jan 2015,,,0.61267,Drainage
7,1,1,0.59336,0.08695,204,07.Jan 2015,,,0.61267,Drainage
7,1,1,0.58836,0.08826,205,07.Jan 2015,,,0.61267,Drainage
7,1,1,0.58393,0.0886,206,07.Jan 2015,,,0.61267,Drainage
7,1,1,0.58159,0.08877,207,07.Jan 2015,,,0.61267,Drainage
7,1,1,0.57944,0.08905,208,07.Jan 2015,,,0.61267,Drainage
7,1,1,0.56821,0.11767,209,07.Jan 2015,,,0.61267,Drainage
7,1,1,0.56296,0.16514,210,07.Jan 2015,,,0.61267,Drainage
7,1,1,0.55058,0.18661,211,07.Jan 2015,,,0.61267,Drainage
7,1,1,0.5364,0.20793,212,07.Jan 2015,,,0.61267,Drainage
7,1,1,0.5333,0.20883,213,07.Jan 2015,,,0.61267,Drainage
7,1,1,0.5332,0.20886,214,07.Jan 2015,,,0.61267,Drainage
7,1,1,0.53265,0.20902,215,07.Jan 2015,,,0.61267,Drainage
7,1,1,0.53291,0.20894,216,07.Jan 2015,Turning Point,0.53291,0.53291,Imbibition
7,1,1,0.53391,0.20865,217,07.Jan 2015,,,0.53291,Imbibition
7,1,1,0.53633,0.20795,218,07.Jan 2015,,,0.53291,Imbibition
7,1,1,0.53701,0.20775,219,07.Jan 2015,,,0.53291,Imbibition
7,1,1,0.53545,0.2082,220,07.Jan 2015,Turning Point,0.53545,0.53545,Drainage
7,1,1,0.52875,0.22218,221,07.Jan 2015,,,0.53545,Drainage
7,1,1,0.52014,0.25737,222,07.Jan 2015,,,0.53545,Drainage
7,1,1,0.51246,0.26223,223,07.Jan 2015,,,0.53545,Drainage
7,1,1,0.51189,0.2626,224,07.Jan 2015,,,0.53545,Drainage
7,1,1,0.4817,0.27198,225,07.Jan 2015,,,0.53545,Drainage
7,1,1,0.48199,0.27195,226,07.Jan 2015,Turning Point,0.48199,0.48199,Imbibition
7,1,1,0.47894,0.2722,227,07.Jan 2015,Turning Point,0.47894,0.47894,Drainage
7,1,1,0.4719,0.27273,228,07.Jan 2015,,,0.47894,Drainage
7,1,1,0.45918,0.27719,229,07.Jan 2015,,,0.47894,Drainage
7,1,1,0.42629,0.29252,230,07.Jan 2015,,,0.47894,Drainage
7,1,1,0.42497,0.29311,231,07.Jan 2015,,,0.47894,Drainage
7,1,1,0.42278,0.2941,232,07.Jan 2015,,,0.47894,Drainage
7,1,1,0.41809,0.29505,233,07.Jan 2015,,,0.47894,Drainage
7,1,1,0.41409,0.29554,234,07.Jan 2015,,,0.47894,Drainage
7,1,1,0.41166,0.29624,235,07.Jan 2015,,,0.47894,Drainage
7,1,1,0.40827,0.30389,236,07.Jan 2015,,,0.47894,Drainage
7,1,1,0.40679,0.30723,237,07.Jan 2015,,,0.47894,Drainage
7,1,1,0.40593,0.30917,238,07.Jan 2015,,,0.47894,Drainage
7,1,1,0.406,0.309,239,07.Jan 2015,Turning Point,0.406,0.406,Imbibition
7,1,1,0.40742,0.30579,240,08.Jan 2015,,,0.406,Imbibition
7,1,1,0.41016,0.29962,241,08.Jan 2015,,,0.406,Imbibition
7,1,1,0.41684,0.29521,242,08.Jan 2015,,,0.406,Imbibition
7,1,1,0.41919,0.29492,243,08.Jan 2015,,,0.406,Imbibition
7,1,1,0.42006,0.29481,244,08.Jan 2015,,,0.406,Imbibition
7,1,1,0.42143,0.29464,245,08.Jan 2015,,,0.406,Imbibition
7,1,1,0.42517,0.29302,246,08.Jan 2015,,,0.406,Imbibition
7,1,1,0.42661,0.29237,247,08.Jan 2015,,,0.406,Imbibition
7,1,1,0.42895,0.29132,248,08.Jan 2015,,,0.406,Imbibition
7,1,1,0.43074,0.29051,249,08.Jan 2015,,,0.406,Imbibition
7,1,1,0.43428,0.28963,250,08.Jan 2015,,,0.406,Imbibition
7,1,1,0.43536,0.28943,251,08.Jan 2015,,,0.406,Imbibition
7,1,1,0.43706,0.28912,252,08.Jan 2015,,,0.406,Imbibition
7,1,1,0.44968,0.28633,253,08.Jan 2015,,,0.406,Imbibition
7,1,1,0.46088,0.27527,254,08.Jan 2015,,,0.406,Imbibition
7,1,1,0.48393,0.27172,255,08.Jan 2015,,,0.406,Imbibition
7,1,1,0.48738,0.27131,256,08.Jan 2015,,,0.406,Imbibition
7,1,1,0.51636,0.25976,257,08.Jan 2015,,,0.406,Imbibition
7,1,1,0.5257,0.23634,258,08.Jan 2015,,,0.406,Imbibition
7,1,1,0.54028,0.2068,259,08.Jan 2015,,,0.406,Imbibition
7,1,1,0.54667,0.19506,260,08.Jan 2015,,,0.406,Imbibition
7,1,1,0.55035,0.18712,261,08.Jan 2015,,,0.406,Imbibition
7,1,1,0.56931,0.1077,262,08.Jan 2015,,,0.406,Imbibition
7,1,1,0.5843,0.08857,263,08.Jan 2015,,,0.406,Imbibition
7,1,1,0.61128,0.07087,264,08.Jan 2015,,,0.406,Imbibition
7,1,1,0.61866,0.0186,265,08.Jan 2015,,,0.406,Imbibition
7,1,1,0.6199,0.00965,266,08.Jan 2015,,,0.406,Imbibition
7,1,1,0.62025,0.00716,267,08.Jan 2015,,,0.406,Imbibition
7,1,1,0.62056,0.00492,268,08.Jan 2015,,,0.406,Imbibition
7,1,1,0.6205,0.00537,269,08.Jan 2015,Turning Point,0.6205,0.6205,Drainage
7,1,1,0.62263,0.0,270,08.Jan 2015,Turning Point,0.62263,0.62263,Imbibition
7,1,1,0.62262,0.0,271,08.Jan 2015,Turning Point,0.62262,0.62262,Drainage
7,1,1,0.62262,0.0,272,08.Jan 2015,,,0.62262,Drainage
7,1,1,0.62261,0.0,273,08.Jan 2015,,,0.62262,Drainage
7,1,1,0.6226,0.0,274,08.Jan 2015,,,0.62262,Drainage
7,1,1,0.6226,0.0,275,08.Jan 2015,,,0.62262,Drainage
7,1,1,0.6226,0.0,276,08.Jan 2015,,,0.62262,Drainage
7,1,1,0.6226,0.0,277,08.Jan 2015,,,0.62262,Drainage
7,1,1,0.6226,0.0,278,08.Jan 2015,,,0.62262,Drainage
7,1,1,0.6226,0.0,279,08.Jan 2015,,,0.62262,Drainage
7,1,1,0.6226,0.0,280,08.Jan 2015,,,0.62262,Drainage
7,1,1,0.6226,0.0,281,08.Jan 2015,,,0.62262,Drainage
7,1,1,0.6226,0.0,282,08.Jan 2015,,,0.62262,Drainage
7,1,1,0.6226,0.0,283,08.Jan 2015,,,0.62262,Drainage
7,1,1,0.6226,0.0,284,08.Jan 2015,,,0.62262,Drainage
7,1,1,0.6226,0.0,285,08.Jan 2015,,,0.62262,Drainage
7,1,1,0.6226,0.0,286,08.Jan 2015,,,0.62262,Drainage
7,1,1,0.6226,0.0,287,08.Jan 2015,,,0.62262,Drainage
7,1,1,0.6226,0.0,288,08.Jan 2015,,,0.62262,Drainage
7,1,1,0.6226,0.0,289,08.Jan 2015,,,0.62262,Drainage
7,1,1,0.6226,0.0,290,09.Jan 2015,,,0.62262,Drainage
7,1,1,0.61976,0.0107,291,09.Jan 2015,,,0.62262,Drainage
7,1,1,0.61921,0.01465,292,09.Jan 2015,,,0.62262,Drainage
7,1,1,0.61787,0.0243,293,09.Jan 2015,,,0.62262,Drainage
7,1,1,0.61685,0.03161,294,09.Jan 2015,,,0.62262,Drainage
7,1,1,0.61588,0.03862,295,09.Jan 2015,,,0.62262,Drainage
7,1,1,0.61508,0.04438,296,09.Jan 2015,,,0.62262,Drainage
7,1,1,0.61247,0.06319,297,09.Jan 2015,,,0.62262,Drainage
7,1,1,0.61312,0.05848,298,09.Jan 2015,Turning Point,0.61312,0.61312,Imbibition
7,1,1,0.61359,0.05507,299,09.Jan 2015,,,0.61312,Imbibition
7,1,1,0.61187,0.0675,300,09.Jan 2015,Turning Point,0.61187,0.61187,Drainage
7,1,1,0.59084,0.08808,301,09.Jan 2015,,,0.61187,Drainage
7,1,1,0.58994,0.08815,302,09.Jan 2015,,,0.61187,Drainage
7,1,1,0.58838,0.08826,303,09.Jan 2015,,,0.61187,Drainage
7,1,1,0.58643,0.08841,304,09.Jan 2015,,,0.61187,Drainage
7,1,1,0.58472,0.08854,305,09.Jan 2015,,,0.61187,Drainage
7,1,1,0.58415,0.08858,306,09.Jan 2015,,,0.61187,Drainage
7,1,1,0.58452,0.08855,307,09.Jan 2015,Turning Point,0.58452,0.58452,Imbibition
7,1,1,0.58451,0.08855,308,09.Jan 2015,Turning Point,0.58451,0.58451,Drainage
7,1,1,0.58219,0.08873,309,09.Jan 2015,,,0.58451,Drainage
7,1,1,0.58125,0.08881,310,09.Jan 2015,,,0.58451,Drainage
7,1,1,0.57713,0.08935,311,09.Jan 2015,,,0.58451,Drainage
7,1,1,0.60101,0.08297,312,09.Jan 2015,Turning Point,0.60101,0.60101,Imbibition
7,1,1,0.59238,0.08746,313,09.Jan 2015,Turning Point,0.59238,0.59238,Drainage
7,1,1,0.57003,0.10126,314,09.Jan 2015,,,0.59238,Drainage
7,1,1,0.55977,0.17974,315,09.Jan 2015,,,0.59238,Drainage
7,1,1,0.5481,0.19198,316,09.Jan 2015,,,0.59238,Drainage
7,1,1,0.54261,0.20381,317,09.Jan 2015,,,0.59238,Drainage
7,1,1,0.53987,0.20692,318,09.Jan 2015,,,0.59238,Drainage
7,1,1,0.53654,0.20788,319,09.Jan 2015,,,0.59238,Drainage
7,1,1,0.53413,0.20858,320,09.Jan 2015,,,0.59238,Drainage
7,1,1,0.53301,0.20891,321,09.Jan 2015,,,0.59238,Drainage
7,1,1,0.53234,0.20911,322,09.Jan 2015,,,0.59238,Drainage
7,1,1,0.53115,0.21099,323,09.Jan 2015,,,0.59238,Drainage
7,1,1,0.53059,0.21362,324,09.Jan 2015,,,0.59238,Drainage
7,1,1,0.52939,0.21916,325,09.Jan 2015,,,0.59238,Drainage
7,1,1,0.52822,0.22462,326,09.Jan 2015,,,0.59238,Drainage
7,1,1,0.52057,0.2571,327,09.Jan 2015,,,0.59238,Drainage
7,1,1,0.50847,0.2647,328,09.Jan 2015,,,0.59238,Drainage
7,1,1,0.49798,0.26965,329,09.Jan 2015,,,0.59238,Drainage
7,1,1,0.49478,0.27023,330,09.Jan 2015,,,0.59238,Drainage
7,1,1,0.48923,0.27109,331,09.Jan 2015,,,0.59238,Drainage
7,1,1,0.48521,0.27157,332,09.Jan 2015,,,0.59238,Drainage
7,1,1,0.4793,0.27217,333,09.Jan 2015,,,0.59238,Drainage
7,1,1,0.47758,0.2723,334,09.Jan 2015,,,0.59238,Drainage
7,1,1,0.47459,0.27253,335,09.Jan 2015,,,0.59238,Drainage
7,1,1,0.46651,0.27364,336,09.Jan 2015,,,0.59238,Drainage
7,1,1,0.46127,0.27483,337,09.Jan 2015,,,0.59238,Drainage
7,1,1,0.46212,0.27442,338,09.Jan 2015,Turning Point,0.46212,0.46212,Imbibition
7,1,1,0.45182,0.28554,339,09.Jan 2015,Turning Point,0.45182,0.45182,Drainage
7,1,1,0.4486,0.28659,340,09.Jan 2015,,,0.45182,Drainage
7,1,1,0.44145,0.28831,341,09.Jan 2015,,,0.45182,Drainage
7,1,1,0.43862,0.28883,342,09.Jan 2015,,,0.45182,Drainage
7,1,1,0.43753,0.28903,343,09.Jan 2015,,,0.45182,Drainage
7,1,1,0.43647,0.28923,344,09.Jan 2015,,,0.45182,Drainage
7,1,1,0.43393,0.28969,345,09.Jan 2015,,,0.45182,Drainage
7,1,1,0.43252,0.28995,346,09.Jan 2015,,,0.45182,Drainage
7,1,1,0.43151,0.29016,347,10.Jan 2015,,,0.45182,Drainage
8,1,1,0.0617,0.9503,1,01.Jan 2015,,,0.45182,Drainage
8,1,1,0.06172,0.95027,2,02.Jan 2015,Turning Point,0.06172,0.06172,Imbibition
8,1,1,0.06172,0.95027,3,02.Jan 2015,,,0.06172,Imbibition
8,1,1,0.14703,0.80249,4,02.Jan 2015,,,0.06172,Imbibition
8,1,1,0.14819,0.80001,5,02.Jan 2015,,,0.06172,Imbibition
8,1,1,0.1614,0.7878,6,02.Jan 2015,,,0.06172,Imbibition
8,1,1,0.17182,0.78477,7,02.Jan 2015,,,0.06172,Imbibition
8,1,1,0.18109,0.77736,8,02.Jan 2015,,,0.06172,Imbibition
8,1,1,0.18665,0.7711,9,02.Jan 2015,,,0.06172,Imbibition
8,1,1,0.19041,0.76665,10,02.Jan 2015,,,0.06172,Imbibition
8,1,1,0.19722,0.76249,11,02.Jan 2015,,,0.06172,Imbibition
8,1,1,0.22206,0.72072,12,02.Jan 2015,,,0.06172,Imbibition
8,1,1,0.22631,0.71895,13,02.Jan 2015,,,0.06172,Imbibition
8,1,1,0.23004,0.7174,14,02.Jan 2015,,,0.06172,Imbibition
8,1,1,0.2339,0.7152,15,02.Jan 2015,,,0.06172,Imbibition
8,1,1,0.25499,0.69452,16,02.Jan 2015,,,0.06172,Imbibition
8,1,1,0.26389,0.6632,17,02.Jan 2015,,,0.06172,Imbibition
8,1,1,0.27923,0.61015,18,02.Jan 2015,,,0.06172,Imbibition
8,1,1,0.29902,0.58946,19,02.Jan 2015,,,0.06172,Imbibition
8,1,1,0.33033,0.50435,20,02.Jan 2015,,,0.06172,Imbibition
8,1,1,0.3436,0.48021,21,02.Jan 2015,,,0.06172,Imbibition
8,1,1,0.37967,0.36521,22,02.Jan 2015,,,0.06172,Imbibition
8,1,1,0.39345,0.33662,23,02.Jan 2015,,,0.06172,Imbibition
8,1,1,0.40759,0.30542,24,02.Jan 2015,,,0.06172,Imbibition
8,1,1,0.42526,0.29298,25,02.Jan 2015,,,0.06172,Imbibition
8,1,1,0.43715,0.2891,26,02.Jan 2015,,,0.06172,Imbibition
8,1,1,0.4691,0.27319,27,02.Jan 2015,,,0.06172,Imbibition
8,1,1,0.48111,0.27204,28,02.Jan 2015,,,0.06172,Imbibition
8,1,1,0.51327,0.26172,29,02.Jan 2015,,,0.06172,Imbibition
8,1,1,0.53936,0.20707,30,02.Jan 2015,,,0.06172,Imbibition
8,1,1,0.58529,0.08849,31,02.Jan 2015,,,0.06172,Imbibition
8,1,1,0.6038,0.07983,32,02.Jan 2015,,,0.06172,Imbibition
8,1,1,0.63696,0.0,33,03.Jan 2015,,,0.06172,Imbibition
8,1,1,0.6193,0.01398,34,03.Jan 2015,Turning Point,0.6193,0.6193,Drainage
8,1,1,0.60735,0.07557,35,03.Jan 2015,,,0.6193,Drainage
8,1,1,0.58953,0.08818,36,03.Jan 2015,,,0.6193,Drainage
8,1,1,0.56442,0.15197,37,03.Jan 2015,,,0.6193,Drainage
8,1,1,0.53942,0.20705,38,03.Jan 2015,,,0.6193,Drainage
8,1,1,0.52913,0.22039,39,03.Jan 2015,,,0.6193,Drainage
8,1,1,0.50354,0.26771,40,03.Jan 2015,,,0.6193,Drainage
8,1,1,0.49093,0.27089,41,03.Jan 2015,,,0.6193,Drainage
8,1,1,0.48403,0.27171,42,03.Jan 2015,,,0.6193,Drainage
8,1,1,0.47063,0.27292,43,03.Jan 2015,,,0.6193,Drainage
8,1,1,0.43717,0.2891,44,03.Jan 2015,,,0.6193,Drainage
8,1,1,0.42925,0.29118,45,03.Jan 2015,,,0.6193,Drainage
8,1,1,0.41804,0.29506,46,03.Jan 2015,,,0.6193,Drainage
8,1,1,0.41735,0.29514,47,03.Jan 2015,,,0.6193,Drainage
8,1,1,0.41229,0.29577,48,03.Jan 2015,,,0.6193,Drainage
8,1,1,0.39201,0.33974,49,03.Jan 2015,,,0.6193,Drainage
8,1,1,0.38837,0.34164,50,03.Jan 2015,,,0.6193,Drainage
8,1,1,0.38673,0.34237,51,03.Jan 2015,,,0.6193,Drainage
8,1,1,0.38454,0.34334,52,03.Jan 2015,,,0.6193,Drainage
8,1,1,0.38499,0.34314,53,03.Jan 2015,Turning Point,0.38499,0.38499,Imbibition
8,1,1,0.37206,0.43414,54,03.Jan 2015,Turning Point,0.37206,0.37206,Drainage
8,1,1,0.36906,0.43669,55,03.Jan 2015,,,0.37206,Drainage
8,1,1,0.36486,0.43712,56,03.Jan 2015,,,0.37206,Drainage
8,1,1,0.36205,0.43741,57,03.Jan 2015,,,0.37206,Drainage
8,1,1,0.3604,0.44056,58,03.Jan 2015,,,0.37206,Drainage
8,1,1,0.35716,0.44725,59,03.Jan 2015,,,0.37206,Drainage
8,1,1,0.34146,0.48506,60,03.Jan 2015,,,0.37206,Drainage
8,1,1,0.34054,0.48589,61,03.Jan 2015,,,0.37206,Drainage
8,1,1,0.34106,0.48542,62,03.Jan 2015,Turning Point,0.34106,0.34106,Imbibition
8,1,1,0.34141,0.4851,63,03.Jan 2015,,,0.34106,Imbibition
8,1,1,0.34143,0.48509,64,03.Jan 2015,,,0.34106,Imbibition
8,1,1,0.34028,0.48613,65,03.Jan 2015,Turning Point,0.34028,0.34028,Drainage
8,1,1,0.33934,0.48699,66,03.Jan 2015,,,0.34028,Drainage
8,1,1,0.33669,0.4894,67,03.Jan 2015,,,0.34028,Drainage
8,1,1,0.3346,0.4913,68,03.Jan 2015,,,0.34028,Drainage
8,1,1,0.33311,0.49265,69,03.Jan 2015,,,0.34028,Drainage
8,1,1,0.33313,0.49263,70,03.Jan 2015,Turning Point,0.33313,0.33313,Imbibition
8,1,1,0.33579,0.49022,71,04.Jan 2015,,,0.33313,Imbibition
8,1,1,0.33839,0.48785,72,04.Jan 2015,,,0.33313,Imbibition
8,1,1,0.33948,0.48686,73,04.Jan 2015,,,0.33313,Imbibition
8,1,1,0.33469,0.49121,74,04.Jan 2015,Turning Point,0.33469,0.33469,Drainage
8,1,1,0.3463,0.47303,75,04.Jan 2015,Turning Point,0.3463,0.3463,Imbibition
8,1,1,0.35916,0.44312,76,04.Jan 2015,,,0.3463,Imbibition
8,1,1,0.38314,0.34397,77,04.Jan 2015,,,0.3463,Imbibition
8,1,1,0.39515,0.33291,78,04.Jan 2015,,,0.3463,Imbibition
8,1,1,0.40858,0.30317,79,04.Jan 2015,,,0.3463,Imbibition
8,1,1,0.41717,0.29516,80,04.Jan 2015,,,0.3463,Imbibition
8,1,1,0.42362,0.29372,81,04.Jan 2015,,,0.3463,Imbibition
8,1,1,0.42864,0.29146,82,04.Jan 2015,,,0.3463,Imbibition
8,1,1,0.43487,0.28952,83,04.Jan 2015,,,0.3463,Imbibition
8,1,1,0.44183,0.28822,84,04.Jan 2015,,,0.3463,Imbibition
8,1,1,0.46093,0.27521,85,04.Jan 2015,,,0.3463,Imbibition
8,1,1,0.47953,0.27215,86,04.Jan 2015,,,0.3463,Imbibition
8,1,1,0.49105,0.27088,87,04.Jan 2015,,,0.3463,Imbibition
8,1,1,0.49782,0.26968,88,04.Jan 2015,,,0.3463,Imbibition
8,1,1,0.50328,0.26786,89,04.Jan 2015,,,0.3463,Imbibition
8,1,1,0.52875,0.22216,90,04.Jan 2015,,,0.3463,Imbibition
8,1,1,0.54023,0.20681,91,04.Jan 2015,,,0.3463,Imbibition
8,1,1,0.56957,0.1054,92,04.Jan 2015,,,0.3463,Imbibition
8,1,1,0.58395,0.0886,93,04.Jan 2015,,,0.3463,Imbibition
8,1,1,0.60206,0.08191,94,04.Jan 2015,,,0.3463,Imbibition
8,1,1,0.60996,0.07245,95,04.Jan 2015,,,0.3463,Imbibition
8,1,1,0.61706,0.03014,96,04.Jan 2015,,,0.3463,Imbibition
8,1,1,0.61957,0.01207,97,04.Jan 2015,,,0.3463,Imbibition
8,1,1,0.62047,0.00556,98,04.Jan 2015,,,0.3463,Imbibition
8,1,1,0.62092,0.00233,99,04.Jan 2015,,,0.3463,Imbibition
8,1,1,0.62105,0.00138,100,04.Jan 2015,,,0.3463,Imbibition
8,1,1,0.62116,0.00065,101,04.Jan 2015,,,0.3463,Imbibition
8,1,1,0.6212,0.00035,102,04.Jan 2015,,,0.3463,Imbibition
8,1,1,0.62123,0.00012,103,04.Jan 2015,,,0.3463,Imbibition
8,1,1,0.62124,7e-05,104,04.Jan 2015,,,0.3463,Imbibition
8,1,1,0.62124,5e-05,105,04.Jan 2015,,,0.3463,Imbibition
8,1,1,0.62124,3e-05,106,04.Jan 2015,,,0.3463,Imbibition
8,1,1,0.62124,2e-05,107,04.Jan 2015,,,0.3463,Imbibition
8,1,1,0.62125,1e-05,108,04.Jan 2015,,,0.3463,Imbibition
8,1,1,0.62125,0.0,109,04.Jan 2015,,,0.3463,Imbibition
8,1,1,0.62125,0.0,110,05.Jan 2015,,,0.3463,Imbibition
8,1,1,0.62125,0.0,111,05.Jan 2015,,,0.3463,Imbibition
8,1,1,0.61686,0.03159,112,05.Jan 2015,,,0.3463,Drainage
8,1,1,0.61474,0.04685,113,05.Jan 2015,,,0.3463,Drainage
8,1,1,0.61295,0.0597,114,05.Jan 2015,,,0.3463,Drainage
8,1,1,0.61258,0.0624,115,05.Jan 2015,,,0.3463,Drainage
8,1,1,0.61002,0.07237,116,05.Jan 2015,,,0.3463,Drainage
8,1,1,0.60465,0.07881,117,05.Jan 2015,,,0.3463,Drainage
8,1,1,0.60058,0.08319,118,05.Jan 2015,,,0.3463,Drainage
8,1,1,0.58702,0.08837,119,05.Jan 2015,,,0.3463,Drainage
8,1,1,0.56942,0.10671,120,05.Jan 2015,,,0.3463,Drainage
8,1,1,0.56438,0.15229,121,05.Jan 2015,,,0.3463,Drainage
8,1,1,0.54744,0.1934,122,05.Jan 2015,,,0.3463,Drainage
8,1,1,0.54215,0.20482,123,05.Jan 2015,,,0.3463,Drainage
8,1,1,0.53827,0.20738,124,05.Jan 2015,,,0.3463,Drainage
8,1,1,0.53429,0.20854,125,05.Jan 2015,,,0.3463,Drainage
8,1,1,0.53374,0.2087,126,05.Jan 2015,,,0.3463,Drainage
8,1,1,0.53322,0.20885,127,05.Jan 2015,,,0.3463,Drainage
8,1,1,0.53553,0.20818,128,05.Jan 2015,Turning Point,0.53553,0.53553,Imbibition
8,1,1,0.53654,0.20789,129,05.Jan 2015,,,0.53553,Imbibition
8,1,1,0.53566,0.20814,130,05.Jan 2015,Turning Point,0.53566,0.53566,Drainage
8,1,1,0.53182,0.20926,131,05.Jan 2015,,,0.53566,Drainage
8,1,1,0.5323,0.20912,132,05.Jan 2015,Turning Point,0.5323,0.5323,Imbibition
8,1,1,0.53281,0.20897,133,05.Jan 2015,,,0.5323,Imbibition
8,1,1,0.52985,0.21707,134,05.Jan 2015,Turning Point,0.52985,0.52985,Drainage
8,1,1,0.49461,0.27026,135,05.Jan 2015,,,0.52985,Drainage
8,1,1,0.48208,0.27194,136,05.Jan 2015,,,0.52985,Drainage
8,1,1,0.47317,0.27263,137,05.Jan 2015,,,0.52985,Drainage
8,1,1,0.45565,0.2812,138,05.Jan 2015,,,0.52985,Drainage
8,1,1,0.45432,0.28271,139,05.Jan 2015,,,0.52985,Drainage
8,1,1,0.44611,0.28719,140,05.Jan 2015,,,0.52985,Drainage
8,1,1,0.43338,0.2898,141,05.Jan 2015,,,0.52985,Drainage
8,1,1,0.42863,0.29146,142,05.Jan 2015,,,0.52985,Drainage
8,1,1,0.41827,0.29503,143,05.Jan 2015,,,0.52985,Drainage
8,1,1,0.41062,0.29859,144,05.Jan 2015,,,0.52985,Drainage
8,1,1,0.40685,0.30708,145,05.Jan 2015,,,0.52985,Drainage
8,1,1,0.40656,0.30775,146,05.Jan 2015,,,0.52985,Drainage
8,1,1,0.40774,0.30507,147,05.Jan 2015,Turning Point,0.40774,0.40774,Imbibition
8,1,1,0.40774,0.30509,148,05.Jan 2015,,,0.40774,Imbibition
8,1,1,0.40551,0.31012,149,05.Jan 2015,,,0.40774,Drainage
8,1,1,0.4013,0.31957,150,05.Jan 2015,,,0.40774,Drainage
8,1,1,0.39739,0.32806,151,06.Jan 2015,,,0.40774,Drainage
8,1,1,0.40379,0.31399,152,06.Jan 2015,Turning Point,0.40379,0.40379,Imbibition
8,1,1,0.40774,0.30507,153,06.Jan 2015,,,0.40379,Imbibition
8,1,1,0.42069,0.29473,154,06.Jan 2015,,,0.40379,Imbibition
8,1,1,0.42388,0.2936,155,06.Jan 2015,,,0.40379,Imbibition
8,1,1,0.42862,0.29147,156,06.Jan 2015,,,0.40379,Imbibition
8,1,1,0.44794,0.28675,157,06.Jan 2015,,,0.40379,Imbibition
8,1,1,0.45345,0.28369,158,06.Jan 2015,,,0.40379,Imbibition
8,1,1,0.46121,0.27489,159,06.Jan 2015,,,0.40379,Imbibition
8,1,1,0.47291,0.27265,160,06.Jan 2015,,,0.40379,Imbibition
8,1,1,0.49174,0.27078,161,06.Jan 2015,,,0.40379,Imbibition
8,1,1,0.49742,0.26975,162,06.Jan 2015,,,0.40379,Imbibition
8,1,1,0.49668,0.26988,163,06.Jan 2015,Turning Point,0.49668,0.49668,Drainage
8,1,1,0.49756,0.26972,164,06.Jan 2015,Turning Point,0.49756,0.49756,Imbibition
8,1,1,0.51535,0.2604,165,06.Jan 2015,,,0.49756,Imbibition
8,1,1,0.54386,0.20113,166,06.Jan 2015,,,0.49756,Imbibition
8,1,1,0.59092,0.08807,167,06.Jan 2015,,,0.49756,Imbibition
8,1,1,0.59872,0.08416,168,06.Jan 2015,,,0.49756,Imbibition
8,1,1,0.60451,0.07898,169,06.Jan 2015,,,0.49756,Imbibition
8,1,1,0.6114,0.07072,170,06.Jan 2015,,,0.49756,Imbibition
8,1,1,0.61437,0.04951,171,06.Jan 2015,,,0.49756,Imbibition
8,1,1,0.61749,0.02703,172,06.Jan 2015,,,0.49756,Imbibition
8,1,1,0.61876,0.01791,173,06.Jan 2015,,,0.49756,Imbibition
8,1,1,0.61914,0.01517,174,06.Jan 2015,,,0.49756,Imbibition
8,1,1,0.6197,0.01111,175,06.Jan 2015,,,0.49756,Imbibition
8,1,1,0.62026,0.00709,176,06.Jan 2015,,,0.49756,Imbibition
8,1,1,0.62057,0.00486,177,06.Jan 2015,,,0.49756,Imbibition
8,1,1,0.62072,0.00382,178,06.Jan 2015,,,0.49756,Imbibition
8,1,1,0.62097,0.00197,179,06.Jan 2015,,,0.49756,Imbibition
8,1,1,0.62115,0.00069,180,06.Jan 2015,,,0.49756,Imbibition
8,1,1,0.62118,0.00051,181,06.Jan 2015,,,0.49756,Imbibition
8,1,1,0.6212,0.0003,182,06.Jan 2015,,,0.49756,Imbibition
8,1,1,0.62122,0.00017,183,06.Jan 2015,,,0.49756,Imbibition
8,1,1,0.62123,0.00014,184,06.Jan 2015,,,0.49756,Imbibition
8,1,1,0.62124,7e-05,185,06.Jan 2015,,,0.49756,Imbibition
8,1,1,0.62124,5e-05,186,06.Jan 2015,,,0.49756,Imbibition
8,1,1,0.62124,3e-05,187,06.Jan 2015,,,0.49756,Imbibition
8,1,1,0.62124,2e-05,188,06.Jan 2015,,,0.49756,Imbibition
8,1,1,0.62124,1e-05,189,06.Jan 2015,,,0.49756,Imbibition
8,1,1,0.62125,1e-05,190,06.Jan 2015,,,0.49756,Imbibition
8,1,1,0.62125,0.0,191,06.Jan 2015,,,0.49756,Imbibition
8,1,1,0.62125,0.0,192,06.Jan 2015,,,0.49756,Imbibition
8,1,1,0.62125,0.0,193,07.Jan 2015,,,0.49756,Imbibition
8,1,1,0.62016,0.00785,194,07.Jan 2015,,,0.49756,Drainage
8,1,1,0.61936,0.01356,195,07.Jan 2015,,,0.49756,Drainage
8,1,1,0.6171,0.02984,196,07.Jan 2015,,,0.49756,Drainage
8,1,1,0.61601,0.03771,197,07.Jan 2015,,,0.49756,Drainage
8,1,1,0.61539,0.04216,198,07.Jan 2015,,,0.49756,Drainage
8,1,1,0.61523,0.04332,199,07.Jan 2015,,,0.49756,Drainage
8,1,1,0.61429,0.05006,200,07.Jan 2015,,,0.49756,Drainage
8,1,1,0.61351,0.05564,201,07.Jan 2015,,,0.49756,Drainage
8,1,1,0.61377,0.05382,202,07.Jan 2015,Turning Point,0.61377,0.61377,Imbibition
8,1,1,0.61381,0.05354,203,07.Jan 2015,,,0.61377,Imbibition
8,1,1,0.61384,0.05333,204,07.Jan 2015,,,0.61377,Imbibition
8,1,1,0.61332,0.05703,205,07.Jan 2015,Turning Point,0.61332,0.61332,Drainage
8,1,1,0.61183,0.06774,206,07.Jan 2015,,,0.61332,Drainage
8,1,1,0.61107,0.07112,207,07.Jan 2015,,,0.61332,Drainage
8,1,1,0.60889,0.07373,208,07.Jan 2015,,,0.61332,Drainage
8,1,1,0.60168,0.08237,209,07.Jan 2015,,,0.61332,Drainage
8,1,1,0.59102,0.08807,210,07.Jan 2015,,,0.61332,Drainage
8,1,1,0.58736,0.08834,211,07.Jan 2015,,,0.61332,Drainage
8,1,1,0.58177,0.08876,212,07.Jan 2015,,,0.61332,Drainage
8,1,1,0.58056,0.0889,213,07.Jan 2015,,,0.61332,Drainage
8,1,1,0.57095,0.09286,214,07.Jan 2015,,,0.61332,Drainage
8,1,1,0.56411,0.15472,215,07.Jan 2015,,,0.61332,Drainage
8,1,1,0.55778,0.18099,216,07.Jan 2015,,,0.61332,Drainage
8,1,1,0.55125,0.18518,217,07.Jan 2015,,,0.61332,Drainage
8,1,1,0.54242,0.20423,218,07.Jan 2015,,,0.61332,Drainage
8,1,1,0.53817,0.20741,219,07.Jan 2015,,,0.61332,Drainage
8,1,1,0.53632,0.20795,220,07.Jan 2015,,,0.61332,Drainage
8,1,1,0.53596,0.20805,221,07.Jan 2015,,,0.61332,Drainage
8,1,1,0.53412,0.20859,222,07.Jan 2015,,,0.61332,Drainage
8,1,1,0.53283,0.20896,223,07.Jan 2015,,,0.61332,Drainage
8,1,1,0.53296,0.20892,224,07.Jan 2015,Turning Point,0.53296,0.53296,Imbibition
8,1,1,0.53299,0.20892,225,07.Jan 2015,,,0.53296,Imbibition
8,1,1,0.533,0.20891,226,07.Jan 2015,,,0.53296,Imbibition
8,1,1,0.5325,0.20906,227,07.Jan 2015,Turning Point,0.5325,0.5325,Drainage
8,1,1,0.52645,0.23286,228,07.Jan 2015,,,0.5325,Drainage
8,1,1,0.48217,0.27193,229,07.Jan 2015,,,0.5325,Drainage
8,1,1,0.47008,0.27302,230,07.Jan 2015,,,0.5325,Drainage
8,1,1,0.46979,0.27307,231,07.Jan 2015,,,0.5325,Drainage
8,1,1,0.47163,0.27275,232,07.Jan 2015,Turning Point,0.47163,0.47163,Imbibition
8,1,1,0.47,0.27303,233,07.Jan 2015,Turning Point,0.47,0.47,Drainage
8,1,1,0.46637,0.27367,234,07.Jan 2015,,,0.47,Drainage
8,1,1,0.46355,0.27416,235,07.Jan 2015,,,0.47,Drainage
8,1,1,0.45689,0.27979,236,07.Jan 2015,,,0.47,Drainage
8,1,1,0.4534,0.28375,237,07.Jan 2015,,,0.47,Drainage
8,1,1,0.45116,0.28597,238,07.Jan 2015,,,0.47,Drainage
8,1,1,0.4479,0.28676,239,07.Jan 2015,,,0.47,Drainage
8,1,1,0.43772,0.289,240,08.Jan 2015,,,0.47,Drainage
8,1,1,0.43568,0.28937,241,08.Jan 2015,,,0.47,Drainage
8,1,1,0.4367,0.28919,242,08.Jan 2015,Turning Point,0.4367,0.4367,Imbibition
8,1,1,0.44857,0.28659,243,08.Jan 2015,,,0.4367,Imbibition
8,1,1,0.45745,0.27915,244,08.Jan 2015,,,0.4367,Imbibition
8,1,1,0.4647,0.27396,245,08.Jan 2015,,,0.4367,Imbibition
8,1,1,0.47628,0.2724,246,08.Jan 2015,,,0.4367,Imbibition
8,1,1,0.47958,0.27215,247,08.Jan 2015,,,0.4367,Imbibition
8,1,1,0.48003,0.27212,248,08.Jan 2015,,,0.4367,Imbibition
8,1,1,0.48093,0.27205,249,08.Jan 2015,,,0.4367,Imbibition
8,1,1,0.48941,0.27107,250,08.Jan 2015,,,0.4367,Imbibition
8,1,1,0.4919,0.27075,251,08.Jan 2015,,,0.4367,Imbibition
8,1,1,0.49424,0.27032,252,08.Jan 2015,,,0.4367,Imbibition
8,1,1,0.51974,0.25762,253,08.Jan 2015,,,0.4367,Imbibition
8,1,1,0.53339,0.2088,254,08.Jan 2015,,,0.4367,Imbibition
8,1,1,0.54996,0.18796,255,08.Jan 2015,,,0.4367,Imbibition
8,1,1,0.56303,0.16452,256,08.Jan 2015,,,0.4367,Imbibition
8,1,1,0.57927,0.08907,257,08.Jan 2015,,,0.4367,Imbibition
8,1,1,0.58604,0.08844,258,08.Jan 2015,,,0.4367,Imbibition
8,1,1,0.60811,0.07466,259,08.Jan 2015,,,0.4367,Imbibition
8,1,1,0.61602,0.0376,260,08.Jan 2015,,,0.4367,Imbibition
8,1,1,0.61799,0.02345,261,08.Jan 2015,,,0.4367,Imbibition
8,1,1,0.61972,0.01096,262,08.Jan 2015,,,0.4367,Imbibition
8,1,1,0.6197,0.01116,263,08.Jan 2015,Turning Point,0.6197,0.6197,Drainage
8,1,1,0.62021,0.00744,264,08.Jan 2015,Turning Point,0.62021,0.62021,Imbibition
8,1,1,0.62081,0.00312,265,08.Jan 2015,,,0.62021,Imbibition
8,1,1,0.62099,0.00186,266,08.Jan 2015,,,0.62021,Imbibition
8,1,1,0.62109,0.0011,267,08.Jan 2015,,,0.62021,Imbibition
8,1,1,0.62115,0.00073,268,08.Jan 2015,,,0.62021,Imbibition
8,1,1,0.62121,0.00029,269,08.Jan 2015,,,0.62021,Imbibition
8,1,1,0.62121,0.00023,270,08.Jan 2015,,,0.62021,Imbibition
8,1,1,0.62122,0.00016,271,08.Jan 2015,,,0.62021,Imbibition
8,1,1,0.62123,0.00013,272,08.Jan 2015,,,0.62021,Imbibition
8,1,1,0.62124,7e-05,273,08.Jan 2015,,,0.62021,Imbibition
8,1,1,0.62124,4e-05,274,08.Jan 2015,,,0.62021,Imbibition
8,1,1,0.62124,2e-05,275,08.Jan 2015,,,0.62021,Imbibition
8,1,1,0.62125,1e-05,276,08.Jan 2015,,,0.62021,Imbibition
8,1,1,0.62125,0.0,277,08.Jan 2015,,,0.62021,Imbibition
8,1,1,0.62125,0.0,278,08.Jan 2015,,,0.62021,Imbibition
8,1,1,0.62125,0.0,279,08.Jan 2015,,,0.62021,Imbibition
8,1,1,0.62125,0.0,280,08.Jan 2015,,,0.62021,Imbibition
8,1,1,0.62125,0.0,281,08.Jan 2015,,,0.62021,Imbibition
8,1,1,0.62125,0.0,282,08.Jan 2015,,,0.62021,Imbibition
8,1,1,0.62125,0.0,283,08.Jan 2015,,,0.62021,Imbibition
8,1,1,0.62125,0.0,284,08.Jan 2015,,,0.62021,Imbibition
8,1,1,0.62125,0.0,285,08.Jan 2015,,,0.62021,Imbibition
8,1,1,0.62125,0.0,286,08.Jan 2015,,,0.62021,Imbibition
8,1,1,0.62125,0.0,287,08.Jan 2015,,,0.62021,Imbibition
8,1,1,0.62125,0.0,288,08.Jan 2015,,,0.62021,Imbibition
8,1,1,0.62125,0.0,289,08.Jan 2015,,,0.62021,Imbibition
8,1,1,0.62125,0.0,290,09.Jan 2015,,,0.62021,Imbibition
8,1,1,0.62034,0.00655,291,09.Jan 2015,,,0.62021,Drainage
8,1,1,0.62007,0.00843,292,09.Jan 2015,,,0.62021,Drainage
8,1,1,0.61923,0.01454,293,09.Jan 2015,,,0.62021,Drainage
8,1,1,0.61852,0.0196,294,09.Jan 2015,,,0.62021,Drainage
8,1,1,0.61775,0.02518,295,09.Jan 2015,,,0.62021,Drainage
8,1,1,0.6166,0.03346,296,09.Jan 2015,,,0.62021,Drainage
8,1,1,0.61391,0.05283,297,09.Jan 2015,,,0.62021,Drainage
8,1,1,0.61377,0.05383,298,09.Jan 2015,,,0.62021,Drainage
8,1,1,0.6138,0.05358,299,09.Jan 2015,Turning Point,0.6138,0.6138,Imbibition
8,1,1,0.61273,0.06128,300,09.Jan 2015,Turning Point,0.61273,0.61273,Drainage
8,1,1,0.6125,0.06295,301,09.Jan 2015,,,0.61273,Drainage
8,1,1,0.61273,0.06131,302,09.Jan 2015,Turning Point,0.61273,0.61273,Imbibition
8,1,1,0.61258,0.06239,303,09.Jan 2015,Turning Point,0.61258,0.61258,Drainage
8,1,1,0.61209,0.06588,304,09.Jan 2015,,,0.61258,Drainage
8,1,1,0.6116,0.06941,305,09.Jan 2015,,,0.61258,Drainage
8,1,1,0.61119,0.07098,306,09.Jan 2015,,,0.61258,Drainage
8,1,1,0.60995,0.07246,307,09.Jan 2015,,,0.61258,Drainage
8,1,1,0.60934,0.07319,308,09.Jan 2015,,,0.61258,Drainage
8,1,1,0.60364,0.08002,309,09.Jan 2015,,,0.61258,Drainage
8,1,1,0.59823,0.08441,310,09.Jan 2015,,,0.61258,Drainage
8,1,1,0.59429,0.08647,311,09.Jan 2015,,,0.61258,Drainage
8,1,1,0.59371,0.08677,312,09.Jan 2015,,,0.61258,Drainage
8,1,1,0.59223,0.08754,313,09.Jan 2015,,,0.61258,Drainage
8,1,1,0.58728,0.08835,314,09.Jan 2015,,,0.61258,Drainage
8,1,1,0.57251,0.08996,315,09.Jan 2015,,,0.61258,Drainage
8,1,1,0.56766,0.12265,316,09.Jan 2015,,,0.61258,Drainage
8,1,1,0.56536,0.14347,317,09.Jan 2015,,,0.61258,Drainage
8,1,1,0.5641,0.15488,318,09.Jan 2015,,,0.61258,Drainage
8,1,1,0.5616,0.17742,319,09.Jan 2015,,,0.61258,Drainage
8,1,1,0.53864,0.20728,320,09.Jan 2015,,,0.61258,Drainage
8,1,1,0.53514,0.20829,321,09.Jan 2015,,,0.61258,Drainage
8,1,1,0.53439,0.20851,322,09.Jan 2015,,,0.61258,Drainage
8,1,1,0.53372,0.20871,323,09.Jan 2015,,,0.61258,Drainage
8,1,1,0.53344,0.20879,324,09.Jan 2015,,,0.61258,Drainage
8,1,1,0.53546,0.2082,325,09.Jan 2015,Turning Point,0.53546,0.53546,Imbibition
8,1,1,0.53546,0.2082,326,09.Jan 2015,,,0.53546,Imbibition
8,1,1,0.53379,0.20869,327,09.Jan 2015,,,0.53546,Drainage
8,1,1,0.53396,0.20864,328,09.Jan 2015,Turning Point,0.53396,0.53396,Imbibition
8,1,1,0.53631,0.20795,329,09.Jan 2015,,,0.53396,Imbibition
8,1,1,0.53669,0.20784,330,09.Jan 2015,,,0.53396,Imbibition
8,1,1,0.53648,0.2079,331,09.Jan 2015,Turning Point,0.53648,0.53648,Drainage
8,1,1,0.53576,0.20811,332,09.Jan 2015,,,0.53648,Drainage
8,1,1,0.53364,0.20873,333,09.Jan 2015,,,0.53648,Drainage
8,1,1,0.5329,0.20894,334,09.Jan 2015,,,0.53648,Drainage
8,1,1,0.53114,0.21103,335,09.Jan 2015,,,0.53648,Drainage
8,1,1,0.51262,0.26214,336,09.Jan 2015,,,0.53648,Drainage
8,1,1,0.48834,0.2712,337,09.Jan 2015,,,0.53648,Drainage
8,1,1,0.48214,0.27193,338,09.Jan 2015,,,0.53648,Drainage
8,1,1,0.47282,0.27266,339,09.Jan 2015,,,0.53648,Drainage
8,1,1,0.47185,0.27273,340,09.Jan 2015,,,0.53648,Drainage
8,1,1,0.47399,0.27257,341,09.Jan 2015,Turning Point,0.47399,0.47399,Imbibition
8,1,1,0.47453,0.27253,342,09.Jan 2015,,,0.47399,Imbibition
8,1,1,0.47467,0.27252,343,09.Jan 2015,,,0.47399,Imbibition
8,1,1,0.47722,0.27233,344,09.Jan 2015,,,0.47399,Imbibition
8,1,1,0.478,0.27227,345,09.Jan 2015,,,0.47399,Imbibition
8,1,1,0.4774,0.27231,346,09.Jan 2015,Turning Point,0.4774,0.4774,Drainage
8,1,1,0.47657,0.27238,347,10.Jan 2015,,,0.4774,Drainage
9,1,1,0.0617,0.9503,1,01.Jan 2015,,,0.4774,Drainage
9,1,1,0.06172,0.95027,2,02.Jan 2015,Turning Point,0.06172,0.06172,Imbibition
9,1,1,0.11215,0.85472,3,02.Jan 2015,,,0.06172,Imbibition
9,1,1,0.30182,0.58889,4,02.Jan 2015,,,0.06172,Imbibition
9,1,1,0.32216,0.55644,5,02.Jan 2015,,,0.06172,Imbibition
9,1,1,0.35176,0.45854,6,02.Jan 2015,,,0.06172,Imbibition
9,1,1,0.36748,0.43685,7,02.Jan 2015,,,0.06172,Imbibition
9,1,1,0.38629,0.34256,8,02.Jan 2015,,,0.06172,Imbibition
9,1,1,0.39741,0.32801,9,02.Jan 2015,,,0.06172,Imbibition
9,1,1,0.40493,0.31141,10,02.Jan 2015,,,0.06172,Imbibition
9,1,1,0.41534,0.29539,11,02.Jan 2015,,,0.06172,Imbibition
9,1,1,0.4333,0.28981,12,02.Jan 2015,,,0.06172,Imbibition
9,1,1,0.45154,0.28586,13,02.Jan 2015,,,0.06172,Imbibition
9,1,1,0.46993,0.27304,14,02.Jan 2015,,,0.06172,Imbibition
9,1,1,0.47948,0.27216,15,02.Jan 2015,,,0.06172,Imbibition
9,1,1,0.48361,0.27176,16,02.Jan 2015,,,0.06172,Imbibition
9,1,1,0.48469,0.27163,17,02.Jan 2015,,,0.06172,Imbibition
9,1,1,0.4903,0.27097,18,02.Jan 2015,,,0.06172,Imbibition
9,1,1,0.51183,0.26264,19,02.Jan 2015,,,0.06172,Imbibition
9,1,1,0.52702,0.23023,20,02.Jan 2015,,,0.06172,Imbibition
9,1,1,0.5366,0.20787,21,02.Jan 2015,,,0.06172,Imbibition
9,1,1,0.55734,0.18126,22,02.Jan 2015,,,0.06172,Imbibition
9,1,1,0.56644,0.13369,23,02.Jan 2015,,,0.06172,Imbibition
9,1,1,0.57123,0.09041,24,02.Jan 2015,,,0.06172,Imbibition
9,1,1,0.58552,0.08848,25,02.Jan 2015,,,0.06172,Imbibition
9,1,1,0.59252,0.08739,26,02.Jan 2015,,,0.06172,Imbibition
9,1,1,0.61144,0.07055,27,02.Jan 2015,,,0.06172,Imbibition
9,1,1,0.6147,0.04708,28,02.Jan 2015,,,0.06172,Imbibition
9,1,1,0.61785,0.02441,29,02.Jan 2015,,,0.06172,Imbibition
9,1,1,0.62043,0.00586,30,02.Jan 2015,,,0.06172,Imbibition
9,1,1,0.62096,0.00209,31,02.Jan 2015,,,0.06172,Imbibition
9,1,1,0.62109,0.00109,32,02.Jan 2015,,,0.06172,Imbibition
9,1,1,0.62127,0.0,33,03.Jan 2015,,,0.06172,Imbibition
9,1,1,0.62016,0.00781,34,03.Jan 2015,Turning Point,0.62016,0.62016,Drainage
9,1,1,0.617,0.03054,35,03.Jan 2015,,,0.62016,Drainage
9,1,1,0.61606,0.03734,36,03.Jan 2015,,,0.62016,Drainage
9,1,1,0.60575,0.07749,37,03.Jan 2015,,,0.62016,Drainage
9,1,1,0.58857,0.08825,38,03.Jan 2015,,,0.62016,Drainage
9,1,1,0.58203,0.08874,39,03.Jan 2015,,,0.62016,Drainage
9,1,1,0.56883,0.11205,40,03.Jan 2015,,,0.62016,Drainage
9,1,1,0.56407,0.15511,41,03.Jan 2015,,,0.62016,Drainage
9,1,1,0.55838,0.18061,42,03.Jan 2015,,,0.62016,Drainage
9,1,1,0.53454,0.20847,43,03.Jan 2015,,,0.62016,Drainage
9,1,1,0.52636,0.23326,44,03.Jan 2015,,,0.62016,Drainage
9,1,1,0.52521,0.23864,45,03.Jan 2015,,,0.62016,Drainage
9,1,1,0.51089,0.26322,46,03.Jan 2015,,,0.62016,Drainage
9,1,1,0.49919,0.26943,47,03.Jan 2015,,,0.62016,Drainage
9,1,1,0.4852,0.27157,48,03.Jan 2015,,,0.62016,Drainage
9,1,1,0.46462,0.27398,49,03.Jan 2015,,,0.62016,Drainage
9,1,1,0.45988,0.2764,50,03.Jan 2015,,,0.62016,Drainage
9,1,1,0.46072,0.27545,51,03.Jan 2015,Turning Point,0.46072,0.46072,Imbibition
9,1,1,0.45571,0.28113,52,03.Jan 2015,Turning Point,0.45571,0.45571,Drainage
9,1,1,0.44815,0.2867,53,03.Jan 2015,,,0.45571,Drainage
9,1,1,0.42601,0.29264,54,03.Jan 2015,,,0.45571,Drainage
9,1,1,0.42078,0.29472,55,03.Jan 2015,,,0.45571,Drainage
9,1,1,0.41218,0.29578,56,03.Jan 2015,,,0.45571,Drainage
9,1,1,0.40785,0.30483,57,03.Jan 2015,,,0.45571,Drainage
9,1,1,0.40753,0.30555,58,03.Jan 2015,,,0.45571,Drainage
9,1,1,0.40335,0.31499,59,03.Jan 2015,,,0.45571,Drainage
9,1,1,0.38852,0.34157,60,03.Jan 2015,,,0.45571,Drainage
9,1,1,0.38581,0.34278,61,03.Jan 2015,,,0.45571,Drainage
9,1,1,0.38454,0.34334,62,03.Jan 2015,,,0.45571,Drainage
9,1,1,0.38388,0.34364,63,03.Jan 2015,,,0.45571,Drainage
9,1,1,0.38349,0.34381,64,03.Jan 2015,,,0.45571,Drainage
9,1,1,0.38276,0.34413,65,03.Jan 2015,,,0.45571,Drainage
9,1,1,0.37124,0.43646,66,03.Jan 2015,,,0.45571,Drainage
9,1,1,0.36608,0.43699,67,03.Jan 2015,,,0.45571,Drainage
9,1,1,0.36294,0.43732,68,03.Jan 2015,,,0.45571,Drainage
9,1,1,0.36092,0.43949,69,03.Jan 2015,,,0.45571,Drainage
9,1,1,0.35936,0.4427,70,03.Jan 2015,,,0.45571,Drainage
9,1,1,0.35777,0.446,71,04.Jan 2015,,,0.45571,Drainage
9,1,1,0.36461,0.43715,72,04.Jan 2015,Turning Point,0.36461,0.36461,Imbibition
9,1,1,0.38833,0.34166,73,04.Jan 2015,,,0.36461,Imbibition
9,1,1,0.4226,0.29418,74,04.Jan 2015,,,0.36461,Imbibition
9,1,1,0.43142,0.29021,75,04.Jan 2015,,,0.36461,Imbibition
9,1,1,0.43806,0.28894,76,04.Jan 2015,,,0.36461,Imbibition
9,1,1,0.46699,0.27356,77,04.Jan 2015,,,0.36461,Imbibition
9,1,1,0.4809,0.27205,78,04.Jan 2015,,,0.36461,Imbibition
9,1,1,0.48843,0.27119,79,04.Jan 2015,,,0.36461,Imbibition
9,1,1,0.49562,0.27007,80,04.Jan 2015,,,0.36461,Imbibition
9,1,1,0.5261,0.23451,81,04.Jan 2015,,,0.36461,Imbibition
9,1,1,0.53812,0.20742,82,04.Jan 2015,,,0.36461,Imbibition
9,1,1,0.54827,0.19161,83,04.Jan 2015,,,0.36461,Imbibition
9,1,1,0.56895,0.111,84,04.Jan 2015,,,0.36461,Imbibition
9,1,1,0.58204,0.08874,85,04.Jan 2015,,,0.36461,Imbibition
9,1,1,0.59193,0.0877,86,04.Jan 2015,,,0.36461,Imbibition
9,1,1,0.60556,0.07772,87,04.Jan 2015,,,0.36461,Imbibition
9,1,1,0.61368,0.05448,88,04.Jan 2015,,,0.36461,Imbibition
9,1,1,0.6169,0.03131,89,04.Jan 2015,,,0.36461,Imbibition
9,1,1,0.61876,0.01791,90,04.Jan 2015,,,0.36461,Imbibition
9,1,1,0.61973,0.01091,91,04.Jan 2015,,,0.36461,Imbibition
9,1,1,0.62066,0.00418,92,04.Jan 2015,,,0.36461,Imbibition
9,1,1,0.62085,0.00288,93,04.Jan 2015,,,0.36461,Imbibition
9,1,1,0.62107,0.00126,94,04.Jan 2015,,,0.36461,Imbibition
9,1,1,0.62109,0.00113,95,04.Jan 2015,,,0.36461,Imbibition
9,1,1,0.62112,0.00094,96,04.Jan 2015,,,0.36461,Imbibition
9,1,1,0.62118,0.00044,97,04.Jan 2015,,,0.36461,Imbibition
9,1,1,0.62123,0.00014,98,04.Jan 2015,,,0.36461,Imbibition
9,1,1,0.62124,6e-05,99,04.Jan 2015,,,0.36461,Imbibition
9,1,1,0.62124,2e-05,100,04.Jan 2015,,,0.36461,Imbibition
9,1,1,0.62124,1e-05,101,04.Jan 2015,,,0.36461,Imbibition
9,1,1,0.62125,0.0,102,04.Jan 2015,,,0.36461,Imbibition
9,1,1,0.62125,0.0,103,04.Jan 2015,,,0.36461,Imbibition
9,1,1,0.62125,0.0,104,04.Jan 2015,,,0.36461,Imbibition
9,1,1,0.62125,0.0,105,04.Jan 2015,,,0.36461,Imbibition
9,1,1,0.62125,0.0,106,04.Jan 2015,,,0.36461,Imbibition
9,1,1,0.62125,0.0,107,04.Jan 2015,,,0.36461,Imbibition
9,1,1,0.62125,0.0,108,04.Jan 2015,,,0.36461,Imbibition
9,1,1,0.62125,0.0,109,04.Jan 2015,,,0.36461,Imbibition
9,1,1,0.62125,0.0,110,05.Jan 2015,,,0.36461,Imbibition
9,1,1,0.62125,0.0,111,05.Jan 2015,,,0.36461,Imbibition
9,1,1,0.61895,0.01656,112,05.Jan 2015,,,0.36461,Drainage
9,1,1,0.61728,0.02854,113,05.Jan 2015,,,0.36461,Drainage
9,1,1,0.61596,0.03807,114,05.Jan 2015,,,0.36461,Drainage
9,1,1,0.61523,0.0433,115,05.Jan 2015,,,0.36461,Drainage
9,1,1,0.61335,0.05685,116,05.Jan 2015,,,0.36461,Drainage
9,1,1,0.61327,0.05738,117,05.Jan 2015,,,0.36461,Drainage
9,1,1,0.61347,0.05598,118,05.Jan 2015,Turning Point,0.61347,0.61347,Imbibition
9,1,1,0.61268,0.06163,119,05.Jan 2015,Turning Point,0.61268,0.61268,Drainage
9,1,1,0.61157,0.06962,120,05.Jan 2015,,,0.61268,Drainage
9,1,1,0.60927,0.07328,121,05.Jan 2015,,,0.61268,Drainage
9,1,1,0.59691,0.0851,122,05.Jan 2015,,,0.61268,Drainage
9,1,1,0.58926,0.0882,123,05.Jan 2015,,,0.61268,Drainage
9,1,1,0.58579,0.08846,124,05.Jan 2015,,,0.61268,Drainage
9,1,1,0.57717,0.08934,125,05.Jan 2015,,,0.61268,Drainage
9,1,1,0.57347,0.08983,126,05.Jan 2015,,,0.61268,Drainage
9,1,1,0.56694,0.12915,127,05.Jan 2015,,,0.61268,Drainage
9,1,1,0.56204,0.17347,128,05.Jan 2015,,,0.61268,Drainage
9,1,1,0.55649,0.18179,129,05.Jan 2015,,,0.61268,Drainage
9,1,1,0.54057,0.20671,130,05.Jan 2015,,,0.61268,Drainage
9,1,1,0.53554,0.20817,131,05.Jan 2015,,,0.61268,Drainage
9,1,1,0.49791,0.26966,132,05.Jan 2015,,,0.61268,Drainage
9,1,1,0.49416,0.27034,133,05.Jan 2015,,,0.61268,Drainage
9,1,1,0.49108,0.27087,134,05.Jan 2015,,,0.61268,Drainage
9,1,1,0.49394,0.27038,135,05.Jan 2015,Turning Point,0.49394,0.49394,Imbibition
9,1,1,0.48906,0.27111,136,05.Jan 2015,Turning Point,0.48906,0.48906,Drainage
9,1,1,0.48215,0.27193,137,05.Jan 2015,,,0.48906,Drainage
9,1,1,0.47325,0.27263,138,05.Jan 2015,,,0.48906,Drainage
9,1,1,0.46875,0.27325,139,05.Jan 2015,,,0.48906,Drainage
9,1,1,0.46992,0.27304,140,05.Jan 2015,Turning Point,0.46992,0.46992,Imbibition
9,1,1,0.47572,0.27244,141,05.Jan 2015,,,0.46992,Imbibition
9,1,1,0.47573,0.27244,142,05.Jan 2015,,,0.46992,Imbibition
9,1,1,0.46872,0.27325,143,05.Jan 2015,Turning Point,0.46872,0.46872,Drainage
9,1,1,0.45824,0.27826,144,05.Jan 2015,,,0.46872,Drainage
9,1,1,0.45182,0.28554,145,05.Jan 2015,,,0.46872,Drainage
9,1,1,0.44898,0.2865,146,05.Jan 2015,,,0.46872,Drainage
9,1,1,0.43833,0.28888,147,05.Jan 2015,,,0.46872,Drainage
9,1,1,0.4335,0.28977,148,05.Jan 2015,,,0.46872,Drainage
9,1,1,0.42491,0.29314,149,05.Jan 2015,,,0.46872,Drainage
9,1,1,0.41651,0.29525,150,05.Jan 2015,,,0.46872,Drainage
9,1,1,0.41866,0.29498,151,06.Jan 2015,Turning Point,0.41866,0.41866,Imbibition
9,1,1,0.42782,0.29183,152,06.Jan 2015,,,0.41866,Imbibition
9,1,1,0.43107,0.29036,153,06.Jan 2015,,,0.41866,Imbibition
9,1,1,0.43982,0.28861,154,06.Jan 2015,,,0.41866,Imbibition
9,1,1,0.46787,0.2734,155,06.Jan 2015,,,0.41866,Imbibition
9,1,1,0.4843,0.27167,156,06.Jan 2015,,,0.41866,Imbibition
9,1,1,0.5039,0.26749,157,06.Jan 2015,,,0.41866,Imbibition
9,1,1,0.51255,0.26218,158,06.Jan 2015,,,0.41866,Imbibition
9,1,1,0.53159,0.20932,159,06.Jan 2015,,,0.41866,Imbibition
9,1,1,0.54495,0.19877,160,06.Jan 2015,,,0.41866,Imbibition
9,1,1,0.57105,0.09199,161,06.Jan 2015,,,0.41866,Imbibition
9,1,1,0.58548,0.08848,162,06.Jan 2015,,,0.41866,Imbibition
9,1,1,0.59504,0.08608,163,06.Jan 2015,,,0.41866,Imbibition
9,1,1,0.61108,0.0711,164,06.Jan 2015,,,0.41866,Imbibition
9,1,1,0.61585,0.03882,165,06.Jan 2015,,,0.41866,Imbibition
9,1,1,0.61937,0.01347,166,06.Jan 2015,,,0.41866,Imbibition
9,1,1,0.62078,0.00336,167,06.Jan 2015,,,0.41866,Imbibition
9,1,1,0.62092,0.00238,168,06.Jan 2015,,,0.41866,Imbibition
9,1,1,0.62098,0.00189,169,06.Jan 2015,,,0.41866,Imbibition
9,1,1,0.621,0.0018,170,06.Jan 2015,,,0.41866,Imbibition
9,1,1,0.62099,0.00181,171,06.Jan 2015,Turning Point,0.62099,0.62099,Drainage
9,1,1,0.62106,0.00134,172,06.Jan 2015,Turning Point,0.62106,0.62106,Imbibition
9,1,1,0.62111,0.00099,173,06.Jan 2015,,,0.62106,Imbibition
9,1,1,0.62117,0.00057,174,06.Jan 2015,,,0.62106,Imbibition
9,1,1,0.62119,0.00043,175,06.Jan 2015,,,0.62106,Imbibition
9,1,1,0.62122,0.00022,176,06.Jan 2015,,,0.62106,Imbibition
9,1,1,0.62123,0.00012,177,06.Jan 2015,,,0.62106,Imbibition
9,1,1,0.62123,9e-05,178,06.Jan 2015,,,0.62106,Imbibition
9,1,1,0.62124,4e-05,179,06.Jan 2015,,,0.62106,Imbibition
9,1,1,0.62124,1e-05,180,06.Jan 2015,,,0.62106,Imbibition
9,1,1,0.62124,1e-05,181,06.Jan 2015,,,0.62106,Imbibition
9,1,1,0.62125,1e-05,182,06.Jan 2015,,,0.62106,Imbibition
9,1,1,0.62125,0.0,183,06.Jan 2015,,,0.62106,Imbibition
9,1,1,0.62125,0.0,184,06.Jan 2015,,,0.62106,Imbibition
9,1,1,0.62125,0.0,185,06.Jan 2015,,,0.62106,Imbibition
9,1,1,0.62125,0.0,186,06.Jan 2015,,,0.62106,Imbibition
9,1,1,0.62125,0.0,187,06.Jan 2015,,,0.62106,Imbibition
9,1,1,0.62125,0.0,188,06.Jan 2015,,,0.62106,Imbibition
9,1,1,0.62125,0.0,189,06.Jan 2015,,,0.62106,Imbibition
9,1,1,0.62125,0.0,190,06.Jan 2015,,,0.62106,Imbibition
9,1,1,0.62125,0.0,191,06.Jan 2015,,,0.62106,Imbibition
9,1,1,0.62125,0.0,192,06.Jan 2015,,,0.62106,Imbibition
9,1,1,0.62125,0.0,193,07.Jan 2015,,,0.62106,Imbibition
9,1,1,0.62068,0.00404,194,07.Jan 2015,,,0.62106,Drainage
9,1,1,0.62028,0.00699,195,07.Jan 2015,,,0.62106,Drainage
9,1,1,0.61844,0.02019,196,07.Jan 2015,,,0.62106,Drainage
9,1,1,0.61758,0.02641,197,07.Jan 2015,,,0.62106,Drainage
9,1,1,0.61689,0.03137,198,07.Jan 2015,,,0.62106,Drainage
9,1,1,0.61651,0.03406,199,07.Jan 2015,,,0.62106,Drainage
9,1,1,0.61569,0.04001,200,07.Jan 2015,,,0.62106,Drainage
9,1,1,0.61512,0.04406,201,07.Jan 2015,,,0.62106,Drainage
9,1,1,0.6145,0.04854,202,07.Jan 2015,,,0.62106,Drainage
9,1,1,0.6144,0.04924,203,07.Jan 2015,,,0.62106,Drainage
9,1,1,0.61427,0.05019,204,07.Jan 2015,,,0.62106,Drainage
9,1,1,0.614,0.05213,205,07.Jan 2015,,,0.62106,Drainage
9,1,1,0.61305,0.05902,206,07.Jan 2015,,,0.62106,Drainage
9,1,1,0.61254,0.06262,207,07.Jan 2015,,,0.62106,Drainage
9,1,1,0.61244,0.06337,208,07.Jan 2015,,,0.62106,Drainage
9,1,1,0.61302,0.0592,209,07.Jan 2015,Turning Point,0.61302,0.61302,Imbibition
9,1,1,0.61327,0.05738,210,07.Jan 2015,,,0.61302,Imbibition
9,1,1,0.61269,0.06158,211,07.Jan 2015,Turning Point,0.61269,0.61269,Drainage
9,1,1,0.6039,0.07972,212,07.Jan 2015,,,0.61269,Drainage
9,1,1,0.60035,0.08331,213,07.Jan 2015,,,0.61269,Drainage
9,1,1,0.59451,0.08635,214,07.Jan 2015,,,0.61269,Drainage
9,1,1,0.58769,0.08831,215,07.Jan 2015,,,0.61269,Drainage
9,1,1,0.58477,0.08853,216,07.Jan 2015,,,0.61269,Drainage
9,1,1,0.58418,0.08858,217,07.Jan 2015,,,0.61269,Drainage
9,1,1,0.58211,0.08873,218,07.Jan 2015,,,0.61269,Drainage
9,1,1,0.56741,0.12491,219,07.Jan 2015,,,0.61269,Drainage
9,1,1,0.56229,0.17125,220,07.Jan 2015,,,0.61269,Drainage
9,1,1,0.54212,0.20487,221,07.Jan 2015,,,0.61269,Drainage
9,1,1,0.53668,0.20784,222,07.Jan 2015,,,0.61269,Drainage
9,1,1,0.53798,0.20746,223,07.Jan 2015,Turning Point,0.53798,0.53798,Imbibition
9,1,1,0.53774,0.20753,224,07.Jan 2015,Turning Point,0.53774,0.53774,Drainage
9,1,1,0.53664,0.20786,225,07.Jan 2015,,,0.53774,Drainage
9,1,1,0.53647,0.20791,226,07.Jan 2015,,,0.53774,Drainage
9,1,1,0.53596,0.20805,227,07.Jan 2015,,,0.53774,Drainage
9,1,1,0.53411,0.20859,228,07.Jan 2015,,,0.53774,Drainage
9,1,1,0.53193,0.20922,229,07.Jan 2015,,,0.53774,Drainage
9,1,1,0.51158,0.26279,230,07.Jan 2015,,,0.53774,Drainage
9,1,1,0.51005,0.26373,231,07.Jan 2015,,,0.53774,Drainage
9,1,1,0.50009,0.26927,232,07.Jan 2015,,,0.53774,Drainage
9,1,1,0.48776,0.27127,233,07.Jan 2015,,,0.53774,Drainage
9,1,1,0.48072,0.27206,234,07.Jan 2015,,,0.53774,Drainage
9,1,1,0.47754,0.2723,235,07.Jan 2015,,,0.53774,Drainage
9,1,1,0.47366,0.2726,236,07.Jan 2015,,,0.53774,Drainage
9,1,1,0.47171,0.27274,237,07.Jan 2015,,,0.53774,Drainage
9,1,1,0.47035,0.27297,238,07.Jan 2015,,,0.53774,Drainage
9,1,1,0.47039,0.27296,239,07.Jan 2015,Turning Point,0.47039,0.47039,Imbibition
9,1,1,0.47214,0.27271,240,08.Jan 2015,,,0.47039,Imbibition
9,1,1,0.47592,0.27243,241,08.Jan 2015,,,0.47039,Imbibition
9,1,1,0.48937,0.27108,242,08.Jan 2015,,,0.47039,Imbibition
9,1,1,0.49434,0.27031,243,08.Jan 2015,,,0.47039,Imbibition
9,1,1,0.49425,0.27032,244,08.Jan 2015,Turning Point,0.49425,0.49425,Drainage
9,1,1,0.49529,0.27013,245,08.Jan 2015,Turning Point,0.49529,0.49529,Imbibition
9,1,1,0.49904,0.26945,246,08.Jan 2015,,,0.49529,Imbibition
9,1,1,0.50006,0.26927,247,08.Jan 2015,,,0.49529,Imbibition
9,1,1,0.51291,0.26195,248,08.Jan 2015,,,0.49529,Imbibition
9,1,1,0.52579,0.23593,249,08.Jan 2015,,,0.49529,Imbibition
9,1,1,0.54606,0.19638,250,08.Jan 2015,,,0.49529,Imbibition
9,1,1,0.55105,0.1856,251,08.Jan 2015,,,0.49529,Imbibition
9,1,1,0.56441,0.15202,252,08.Jan 2015,,,0.49529,Imbibition
9,1,1,0.58619,0.08843,253,08.Jan 2015,,,0.49529,Imbibition
9,1,1,0.59573,0.08572,254,08.Jan 2015,,,0.49529,Imbibition
9,1,1,0.61494,0.04537,255,08.Jan 2015,,,0.49529,Imbibition
9,1,1,0.61741,0.02764,256,08.Jan 2015,,,0.49529,Imbibition
9,1,1,0.62096,0.00206,257,08.Jan 2015,,,0.49529,Imbibition
9,1,1,0.62094,0.0022,258,08.Jan 2015,Turning Point,0.62094,0.62094,Drainage
9,1,1,0.62103,0.00156,259,08.Jan 2015,Turning Point,0.62103,0.62103,Imbibition
9,1,1,0.62109,0.00115,260,08.Jan 2015,,,0.62103,Imbibition
9,1,1,0.62112,0.00094,261,08.Jan 2015,,,0.62103,Imbibition
9,1,1,0.62117,0.00051,262,08.Jan 2015,,,0.62103,Imbibition
9,1,1,0.6212,0.00032,263,08.Jan 2015,,,0.62103,Imbibition
9,1,1,0.62123,0.00013,264,08.Jan 2015,,,0.62103,Imbibition
9,1,1,0.62124,5e-05,265,08.Jan 2015,,,0.62103,Imbibition
9,1,1,0.62124,3e-05,266,08.Jan 2015,,,0.62103,Imbibition
9,1,1,0.62124,2e-05,267,08.Jan 2015,,,0.62103,Imbibition
9,1,1,0.62124,1e-05,268,08.Jan 2015,,,0.62103,Imbibition
9,1,1,0.62125,0.0,269,08.Jan 2015,,,0.62103,Imbibition
9,1,1,0.62125,0.0,270,08.Jan 2015,,,0.62103,Imbibition
9,1,1,0.62125,0.0,271,08.Jan 2015,,,0.62103,Imbibition
9,1,1,0.62125,0.0,272,08.Jan 2015,,,0.62103,Imbibition
9,1,1,0.62125,0.0,273,08.Jan 2015,,,0.62103,Imbibition
9,1,1,0.62125,0.0,274,08.Jan 2015,,,0.62103,Imbibition
9,1,1,0.62125,0.0,275,08.Jan 2015,,,0.62103,Imbibition
9,1,1,0.62125,0.0,276,08.Jan 2015,,,0.62103,Imbibition
9,1,1,0.62125,0.0,277,08.Jan 2015,,,0.62103,Imbibition
9,1,1,0.62125,0.0,278,08.Jan 2015,,,0.62103,Imbibition
9,1,1,0.62125,0.0,279,08.Jan 2015,,,0.62103,Imbibition
9,1,1,0.62125,0.0,280,08.Jan 2015,,,0.62103,Imbibition
9,1,1,0.62125,0.0,281,08.Jan 2015,,,0.62103,Imbibition
9,1,1,0.62125,0.0,282,08.Jan 2015,,,0.62103,Imbibition
9,1,1,0.62125,0.0,283,08.Jan 2015,,,0.62103,Imbibition
9,1,1,0.62125,0.0,284,08.Jan 2015,,,0.62103,Imbibition
9,1,1,0.62125,0.0,285,08.Jan 2015,,,0.62103,Imbibition
9,1,1,0.62125,0.0,286,08.Jan 2015,,,0.62103,Imbibition
9,1,1,0.62125,0.0,287,08.Jan 2015,,,0.62103,Imbibition
9,1,1,0.62125,0.0,288,08.Jan 2015,,,0.62103,Imbibition
9,1,1,0.62125,0.0,289,08.Jan 2015,,,0.62103,Imbibition
9,1,1,0.62125,0.0,290,09.Jan 2015,,,0.62103,Imbibition
9,1,1,0.62069,0.00399,291,09.Jan 2015,,,0.62103,Drainage
9,1,1,0.62055,0.005,292,09.Jan 2015,,,0.62103,Drainage
9,1,1,0.62005,0.0086,293,09.Jan 2015,,,0.62103,Drainage
9,1,1,0.61961,0.01179,294,09.Jan 2015,,,0.62103,Drainage
9,1,1,0.61907,0.01569,295,09.Jan 2015,,,0.62103,Drainage
9,1,1,0.61797,0.0236,296,09.Jan 2015,,,0.62103,Drainage
9,1,1,0.61525,0.04317,297,09.Jan 2015,,,0.62103,Drainage
9,1,1,0.61474,0.04684,298,09.Jan 2015,,,0.62103,Drainage
9,1,1,0.61451,0.04846,299,09.Jan 2015,,,0.62103,Drainage
9,1,1,0.61375,0.05396,300,09.Jan 2015,,,0.62103,Drainage
9,1,1,0.61351,0.05567,301,09.Jan 2015,,,0.62103,Drainage
9,1,1,0.61336,0.05677,302,09.Jan 2015,,,0.62103,Drainage
9,1,1,0.61304,0.05907,303,09.Jan 2015,,,0.62103,Drainage
9,1,1,0.6127,0.06152,304,09.Jan 2015,,,0.62103,Drainage
9,1,1,0.61239,0.06375,305,09.Jan 2015,,,0.62103,Drainage
9,1,1,0.6122,0.06507,306,09.Jan 2015,,,0.62103,Drainage
9,1,1,0.61207,0.06603,307,09.Jan 2015,,,0.62103,Drainage
9,1,1,0.61205,0.06616,308,09.Jan 2015,,,0.62103,Drainage
9,1,1,0.61255,0.06259,309,09.Jan 2015,Turning Point,0.61255,0.61255,Imbibition
9,1,1,0.61316,0.05822,310,09.Jan 2015,,,0.61255,Imbibition
9,1,1,0.61333,0.05697,311,09.Jan 2015,,,0.61255,Imbibition
9,1,1,0.61401,0.05205,312,09.Jan 2015,,,0.61255,Imbibition
9,1,1,0.6139,0.0529,313,09.Jan 2015,Turning Point,0.6139,0.6139,Drainage
9,1,1,0.61274,0.06123,314,09.Jan 2015,,,0.6139,Drainage
9,1,1,0.6118,0.06795,315,09.Jan 2015,,,0.6139,Drainage
9,1,1,0.60805,0.07473,316,09.Jan 2015,,,0.6139,Drainage
9,1,1,0.60278,0.08105,317,09.Jan 2015,,,0.6139,Drainage
9,1,1,0.59848,0.08428,318,09.Jan 2015,,,0.6139,Drainage
9,1,1,0.58936,0.08819,319,09.Jan 2015,,,0.6139,Drainage
9,1,1,0.58227,0.08872,320,09.Jan 2015,,,0.6139,Drainage
9,1,1,0.57803,0.08923,321,09.Jan 2015,,,0.6139,Drainage
9,1,1,0.57323,0.08986,322,09.Jan 2015,,,0.6139,Drainage
9,1,1,0.56631,0.13484,323,09.Jan 2015,,,0.6139,Drainage
9,1,1,0.56423,0.15365,324,09.Jan 2015,,,0.6139,Drainage
9,1,1,0.54972,0.18848,325,09.Jan 2015,,,0.6139,Drainage
9,1,1,0.54097,0.2066,326,09.Jan 2015,,,0.6139,Drainage
9,1,1,0.53628,0.20796,327,09.Jan 2015,,,0.6139,Drainage
9,1,1,0.53466,0.20843,328,09.Jan 2015,,,0.6139,Drainage
9,1,1,0.5358,0.2081,329,09.Jan 2015,Turning Point,0.5358,0.5358,Imbibition
9,1,1,0.53648,0.2079,330,09.Jan 2015,,,0.5358,Imbibition
9,1,1,0.53856,0.2073,331,09.Jan 2015,,,0.5358,Imbibition
9,1,1,0.53893,0.20719,332,09.Jan 2015,,,0.5358,Imbibition
9,1,1,0.53771,0.20755,333,09.Jan 2015,Turning Point,0.53771,0.53771,Drainage
9,1,1,0.53709,0.20773,334,09.Jan 2015,,,0.53771,Drainage
9,1,1,0.53557,0.20817,335,09.Jan 2015,,,0.53771,Drainage
9,1,1,0.53223,0.20914,336,09.Jan 2015,,,0.53771,Drainage
9,1,1,0.53351,0.20877,337,09.Jan 2015,Turning Point,0.53351,0.53351,Imbibition
9,1,1,0.53262,0.20902,338,09.Jan 2015,Turning Point,0.53262,0.53262,Drainage
9,1,1,0.52053,0.25712,339,09.Jan 2015,,,0.53262,Drainage
9,1,1,0.5158,0.26012,340,09.Jan 2015,,,0.53262,Drainage
9,1,1,0.51374,0.26143,341,09.Jan 2015,,,0.53262,Drainage
9,1,1,0.51253,0.26219,342,09.Jan 2015,,,0.53262,Drainage
9,1,1,0.51177,0.26267,343,09.Jan 2015,,,0.53262,Drainage
9,1,1,0.50316,0.26793,344,09.Jan 2015,,,0.53262,Drainage
9,1,1,0.49352,0.27046,345,09.Jan 2015,,,0.53262,Drainage
9,1,1,0.49002,0.271,346,09.Jan 2015,,,0.53262,Drainage
9,1,1,0.48741,0.27131,347,10.Jan 2015,,,0.53262,Drainage
10,1,1,0.0617,0.9503,1,01.Jan 2015,,,0.53262,Drainage
10,1,1,0.06172,0.95027,2,02.Jan 2015,Turning Point,0.06172,0.06172,Imbibition
10,1,1,0.2617,0.67368,3,02.Jan 2015,,,0.06172,Imbibition
10,1,1,0.48757,0.27129,4,02.Jan 2015,,,0.06172,Imbibition
10,1,1,0.49173,0.27078,5,02.Jan 2015,,,0.06172,Imbibition
10,1,1,0.50026,0.26923,6,02.Jan 2015,,,0.06172,Imbibition
10,1,1,0.5249,0.24006,7,02.Jan 2015,,,0.06172,Imbibition
10,1,1,0.53981,0.20693,8,02.Jan 2015,,,0.06172,Imbibition
10,1,1,0.54717,0.19398,9,02.Jan 2015,,,0.06172,Imbibition
10,1,1,0.55118,0.18533,10,02.Jan 2015,,,0.06172,Imbibition
10,1,1,0.56386,0.15706,11,02.Jan 2015,,,0.06172,Imbibition
10,1,1,0.58659,0.0884,12,02.Jan 2015,,,0.06172,Imbibition
10,1,1,0.59201,0.08766,13,02.Jan 2015,,,0.06172,Imbibition
10,1,1,0.59708,0.08501,14,02.Jan 2015,,,0.06172,Imbibition
10,1,1,0.6015,0.08259,15,02.Jan 2015,,,0.06172,Imbibition
10,1,1,0.61216,0.06536,16,02.Jan 2015,,,0.06172,Imbibition
10,1,1,0.61457,0.04805,17,02.Jan 2015,,,0.06172,Imbibition
10,1,1,0.61737,0.02791,18,02.Jan 2015,,,0.06172,Imbibition
10,1,1,0.61925,0.01437,19,02.Jan 2015,,,0.06172,Imbibition
10,1,1,0.62016,0.00782,20,02.Jan 2015,,,0.06172,Imbibition
10,1,1,0.62044,0.00578,21,02.Jan 2015,,,0.06172,Imbibition
10,1,1,0.62108,0.00121,22,02.Jan 2015,,,0.06172,Imbibition
10,1,1,0.62114,0.00079,23,02.Jan 2015,,,0.06172,Imbibition
10,1,1,0.62117,0.00053,24,02.Jan 2015,,,0.06172,Imbibition
10,1,1,0.6212,0.00036,25,02.Jan 2015,,,0.06172,Imbibition
10,1,1,0.62122,0.00021,26,02.Jan 2015,,,0.06172,Imbibition
10,1,1,0.62122,0.00016,27,02.Jan 2015,,,0.06172,Imbibition
10,1,1,0.62123,0.00013,28,02.Jan 2015,,,0.06172,Imbibition
10,1,1,0.62123,9e-05,29,02.Jan 2015,,,0.06172,Imbibition
10,1,1,0.62124,3e-05,30,02.Jan 2015,,,0.06172,Imbibition
10,1,1,0.62125,1e-05,31,02.Jan 2015,,,0.06172,Imbibition
10,1,1,0.62125,0.0,32,02.Jan 2015,,,0.06172,Imbibition
10,1,1,0.62125,0.0,33,03.Jan 2015,,,0.06172,Imbibition
10,1,1,0.62125,0.0,34,03.Jan 2015,,,0.06172,Imbibition
10,1,1,0.61967,0.01135,35,03.Jan 2015,,,0.06172,Drainage
10,1,1,0.61831,0.02112,36,03.Jan 2015,,,0.06172,Drainage
10,1,1,0.61495,0.04533,37,03.Jan 2015,,,0.06172,Drainage
10,1,1,0.61341,0.05638,38,03.Jan 2015,,,0.06172,Drainage
10,1,1,0.61164,0.0691,39,03.Jan 2015,,,0.06172,Drainage
10,1,1,0.60761,0.07526,40,03.Jan 2015,,,0.06172,Drainage
10,1,1,0.60094,0.083,41,03.Jan 2015,,,0.06172,Drainage
10,1,1,0.5953,0.08594,42,03.Jan 2015,,,0.06172,Drainage
10,1,1,0.58144,0.08878,43,03.Jan 2015,,,0.06172,Drainage
10,1,1,0.56339,0.16126,44,03.Jan 2015,,,0.06172,Drainage
10,1,1,0.55053,0.18672,45,03.Jan 2015,,,0.06172,Drainage
10,1,1,0.53795,0.20747,46,03.Jan 2015,,,0.06172,Drainage
10,1,1,0.53917,0.20712,47,03.Jan 2015,Turning Point,0.53917,0.53917,Imbibition
10,1,1,0.53605,0.20803,48,03.Jan 2015,Turning Point,0.53605,0.53605,Drainage
10,1,1,0.51714,0.25927,49,03.Jan 2015,,,0.53605,Drainage
10,1,1,0.51029,0.26358,50,03.Jan 2015,,,0.53605,Drainage
10,1,1,0.50064,0.26916,51,03.Jan 2015,,,0.53605,Drainage
10,1,1,0.48797,0.27124,52,03.Jan 2015,,,0.53605,Drainage
10,1,1,0.47619,0.27241,53,03.Jan 2015,,,0.53605,Drainage
10,1,1,0.46474,0.27396,54,03.Jan 2015,,,0.53605,Drainage
10,1,1,0.46131,0.27477,55,03.Jan 2015,,,0.53605,Drainage
10,1,1,0.45569,0.28116,56,03.Jan 2015,,,0.53605,Drainage
10,1,1,0.44788,0.28676,57,03.Jan 2015,,,0.53605,Drainage
10,1,1,0.43965,0.28864,58,03.Jan 2015,,,0.53605,Drainage
10,1,1,0.42992,0.29088,59,03.Jan 2015,,,0.53605,Drainage
10,1,1,0.41127,0.29711,60,03.Jan 2015,,,0.53605,Drainage
10,1,1,0.40712,0.30647,61,03.Jan 2015,,,0.53605,Drainage
10,1,1,0.40462,0.31213,62,03.Jan 2015,,,0.53605,Drainage
10,1,1,0.40308,0.3156,63,03.Jan 2015,,,0.53605,Drainage
10,1,1,0.40211,0.31778,64,03.Jan 2015,,,0.53605,Drainage
10,1,1,0.4001,0.32217,65,03.Jan 2015,,,0.53605,Drainage
10,1,1,0.39691,0.32909,66,03.Jan 2015,,,0.53605,Drainage
10,1,1,0.39135,0.34032,67,03.Jan 2015,,,0.53605,Drainage
10,1,1,0.38761,0.34198,68,03.Jan 2015,,,0.53605,Drainage
10,1,1,0.38513,0.34308,69,03.Jan 2015,,,0.53605,Drainage
10,1,1,0.38364,0.34374,70,03.Jan 2015,,,0.53605,Drainage
10,1,1,0.38069,0.35599,71,04.Jan 2015,,,0.53605,Drainage
10,1,1,0.41923,0.29491,72,04.Jan 2015,Turning Point,0.41923,0.41923,Imbibition
10,1,1,0.47284,0.27266,73,04.Jan 2015,,,0.41923,Imbibition
10,1,1,0.53706,0.20773,74,04.Jan 2015,,,0.41923,Imbibition
10,1,1,0.56241,0.17012,75,04.Jan 2015,,,0.41923,Imbibition
10,1,1,0.57639,0.08945,76,04.Jan 2015,,,0.41923,Imbibition
10,1,1,0.58962,0.08817,77,04.Jan 2015,,,0.41923,Imbibition
10,1,1,0.59875,0.08415,78,04.Jan 2015,,,0.41923,Imbibition
10,1,1,0.61129,0.07085,79,04.Jan 2015,,,0.41923,Imbibition
10,1,1,0.61588,0.03864,80,04.Jan 2015,,,0.41923,Imbibition
10,1,1,0.61862,0.01887,81,04.Jan 2015,,,0.41923,Imbibition
10,1,1,0.61957,0.01207,82,04.Jan 2015,,,0.41923,Imbibition
10,1,1,0.62025,0.00717,83,04.Jan 2015,,,0.41923,Imbibition
10,1,1,0.62073,0.00371,84,04.Jan 2015,,,0.41923,Imbibition
10,1,1,0.62084,0.00295,85,04.Jan 2015,,,0.41923,Imbibition
10,1,1,0.62102,0.00162,86,04.Jan 2015,,,0.41923,Imbibition
10,1,1,0.62109,0.00111,87,04.Jan 2015,,,0.41923,Imbibition
10,1,1,0.62112,0.00091,88,04.Jan 2015,,,0.41923,Imbibition
10,1,1,0.62114,0.00073,89,04.Jan 2015,,,0.41923,Imbibition
10,1,1,0.62118,0.00047,90,04.Jan 2015,,,0.41923,Imbibition
10,1,1,0.6212,0.00034,91,04.Jan 2015,,,0.41923,Imbibition
10,1,1,0.62122,0.00016,92,04.Jan 2015,,,0.41923,Imbibition
10,1,1,0.62123,8e-05,93,04.Jan 2015,,,0.41923,Imbibition
10,1,1,0.62124,3e-05,94,04.Jan 2015,,,0.41923,Imbibition
10,1,1,0.62124,2e-05,95,04.Jan 2015,,,0.41923,Imbibition
10,1,1,0.62124,1e-05,96,04.Jan 2015,,,0.41923,Imbibition
10,1,1,0.62125,0.0,97,04.Jan 2015,,,0.41923,Imbibition
10,1,1,0.62125,0.0,98,04.Jan 2015,,,0.41923,Imbibition
10,1,1,0.62125,0.0,99,04.Jan 2015,,,0.41923,Imbibition
10,1,1,0.62125,0.0,100,04.Jan 2015,,,0.41923,Imbibition
10,1,1,0.62125,0.0,101,04.Jan 2015,,,0.41923,Imbibition
10,1,1,0.62125,0.0,102,04.Jan 2015,,,0.41923,Imbibition
10,1,1,0.62125,0.0,103,04.Jan 2015,,,0.41923,Imbibition
10,1,1,0.62125,0.0,104,04.Jan 2015,,,0.41923,Imbibition
10,1,1,0.62125,0.0,105,04.Jan 2015,,,0.41923,Imbibition
10,1,1,0.62125,0.0,106,04.Jan 2015,,,0.41923,Imbibition
10,1,1,0.62125,0.0,107,04.Jan 2015,,,0.41923,Imbibition
10,1,1,0.62125,0.0,108,04.Jan 2015,,,0.41923,Imbibition
10,1,1,0.62125,0.0,109,04.Jan 2015,,,0.41923,Imbibition
10,1,1,0.62125,0.0,110,05.Jan 2015,,,0.41923,Imbibition
10,1,1,0.62125,0.0,111,05.Jan 2015,,,0.41923,Imbibition
10,1,1,0.62005,0.0086,112,05.Jan 2015,,,0.41923,Drainage
10,1,1,0.61892,0.01676,113,05.Jan 2015,,,0.41923,Drainage
10,1,1,0.61795,0.02369,114,05.Jan 2015,,,0.41923,Drainage
10,1,1,0.61728,0.02851,115,05.Jan 2015,,,0.41923,Drainage
10,1,1,0.61568,0.04008,116,05.Jan 2015,,,0.41923,Drainage
10,1,1,0.6147,0.04709,117,05.Jan 2015,,,0.41923,Drainage
10,1,1,0.61442,0.04914,118,05.Jan 2015,,,0.41923,Drainage
10,1,1,0.61358,0.05514,119,05.Jan 2015,,,0.41923,Drainage
10,1,1,0.61261,0.06217,120,05.Jan 2015,,,0.41923,Drainage
10,1,1,0.6124,0.06366,121,05.Jan 2015,,,0.41923,Drainage
10,1,1,0.61314,0.05837,122,05.Jan 2015,Turning Point,0.61314,0.61314,Imbibition
10,1,1,0.61336,0.05673,123,05.Jan 2015,,,0.61314,Imbibition
10,1,1,0.61272,0.06137,124,05.Jan 2015,Turning Point,0.61272,0.61272,Drainage
10,1,1,0.61152,0.06997,125,05.Jan 2015,,,0.61272,Drainage
10,1,1,0.61133,0.0708,126,05.Jan 2015,,,0.61272,Drainage
10,1,1,0.60956,0.07293,127,05.Jan 2015,,,0.61272,Drainage
10,1,1,0.5971,0.085,128,05.Jan 2015,,,0.61272,Drainage
10,1,1,0.59121,0.08805,129,05.Jan 2015,,,0.61272,Drainage
10,1,1,0.58354,0.08863,130,05.Jan 2015,,,0.61272,Drainage
10,1,1,0.5676,0.12323,131,05.Jan 2015,,,0.61272,Drainage
10,1,1,0.56384,0.15723,132,05.Jan 2015,,,0.61272,Drainage
10,1,1,0.56274,0.16711,133,05.Jan 2015,,,0.61272,Drainage
10,1,1,0.55742,0.18121,134,05.Jan 2015,,,0.61272,Drainage
10,1,1,0.54471,0.19929,135,05.Jan 2015,,,0.61272,Drainage
10,1,1,0.5389,0.2072,136,05.Jan 2015,,,0.61272,Drainage
10,1,1,0.53422,0.20856,137,05.Jan 2015,,,0.61272,Drainage
10,1,1,0.52103,0.2568,138,05.Jan 2015,,,0.61272,Drainage
10,1,1,0.51649,0.25968,139,05.Jan 2015,,,0.61272,Drainage
10,1,1,0.51386,0.26135,140,05.Jan 2015,,,0.61272,Drainage
10,1,1,0.49949,0.26937,141,05.Jan 2015,,,0.61272,Drainage
10,1,1,0.49342,0.27047,142,05.Jan 2015,,,0.61272,Drainage
10,1,1,0.4819,0.27196,143,05.Jan 2015,,,0.61272,Drainage
10,1,1,0.47281,0.27266,144,05.Jan 2015,,,0.61272,Drainage
10,1,1,0.4647,0.27396,145,05.Jan 2015,,,0.61272,Drainage
10,1,1,0.46381,0.27412,146,05.Jan 2015,,,0.61272,Drainage
10,1,1,0.46486,0.27393,147,05.Jan 2015,Turning Point,0.46486,0.46486,Imbibition
10,1,1,0.46404,0.27408,148,05.Jan 2015,Turning Point,0.46404,0.46404,Drainage
10,1,1,0.45934,0.27701,149,05.Jan 2015,,,0.46404,Drainage
10,1,1,0.4535,0.28364,150,05.Jan 2015,,,0.46404,Drainage
10,1,1,0.4381,0.28893,151,06.Jan 2015,,,0.46404,Drainage
10,1,1,0.48402,0.27171,152,06.Jan 2015,Turning Point,0.48402,0.48402,Imbibition
10,1,1,0.5167,0.25954,153,06.Jan 2015,,,0.48402,Imbibition
10,1,1,0.56437,0.15236,154,06.Jan 2015,,,0.48402,Imbibition
10,1,1,0.58245,0.08871,155,06.Jan 2015,,,0.48402,Imbibition
10,1,1,0.59231,0.0875,156,06.Jan 2015,,,0.48402,Imbibition
10,1,1,0.61368,0.05442,157,06.Jan 2015,,,0.48402,Imbibition
10,1,1,0.61607,0.03723,158,06.Jan 2015,,,0.48402,Imbibition
10,1,1,0.61828,0.02131,159,06.Jan 2015,,,0.48402,Imbibition
10,1,1,0.61982,0.01025,160,06.Jan 2015,,,0.48402,Imbibition
10,1,1,0.62069,0.00398,161,06.Jan 2015,,,0.48402,Imbibition
10,1,1,0.62084,0.00292,162,06.Jan 2015,,,0.48402,Imbibition
10,1,1,0.62098,0.00191,163,06.Jan 2015,,,0.48402,Imbibition
10,1,1,0.62102,0.00161,164,06.Jan 2015,,,0.48402,Imbibition
10,1,1,0.62108,0.00116,165,06.Jan 2015,,,0.48402,Imbibition
10,1,1,0.62117,0.00057,166,06.Jan 2015,,,0.48402,Imbibition
10,1,1,0.62123,0.00014,167,06.Jan 2015,,,0.48402,Imbibition
10,1,1,0.62123,0.0001,168,06.Jan 2015,,,0.48402,Imbibition
10,1,1,0.62124,7e-05,169,06.Jan 2015,,,0.48402,Imbibition
10,1,1,0.62124,5e-05,170,06.Jan 2015,,,0.48402,Imbibition
10,1,1,0.62124,4e-05,171,06.Jan 2015,,,0.48402,Imbibition
10,1,1,0.62124,3e-05,172,06.Jan 2015,,,0.48402,Imbibition
10,1,1,0.62124,2e-05,173,06.Jan 2015,,,0.48402,Imbibition
10,1,1,0.62124,1e-05,174,06.Jan 2015,,,0.48402,Imbibition
10,1,1,0.62124,1e-05,175,06.Jan 2015,,,0.48402,Imbibition
10,1,1,0.62125,0.0,176,06.Jan 2015,,,0.48402,Imbibition
10,1,1,0.62125,0.0,177,06.Jan 2015,,,0.48402,Imbibition
10,1,1,0.62125,0.0,178,06.Jan 2015,,,0.48402,Imbibition
10,1,1,0.62125,0.0,179,06.Jan 2015,,,0.48402,Imbibition
10,1,1,0.62125,0.0,180,06.Jan 2015,,,0.48402,Imbibition
10,1,1,0.62125,0.0,181,06.Jan 2015,,,0.48402,Imbibition
10,1,1,0.62125,0.0,182,06.Jan 2015,,,0.48402,Imbibition
10,1,1,0.62125,0.0,183,06.Jan 2015,,,0.48402,Imbibition
10,1,1,0.62125,0.0,184,06.Jan 2015,,,0.48402,Imbibition
10,1,1,0.62125,0.0,185,06.Jan 2015,,,0.48402,Imbibition
10,1,1,0.62125,0.0,186,06.Jan 2015,,,0.48402,Imbibition
10,1,1,0.62125,0.0,187,06.Jan 2015,,,0.48402,Imbibition
10,1,1,0.62125,0.0,188,06.Jan 2015,,,0.48402,Imbibition
10,1,1,0.62125,0.0,189,06.Jan 2015,,,0.48402,Imbibition
10,1,1,0.62125,0.0,190,06.Jan 2015,,,0.48402,Imbibition
10,1,1,0.62125,0.0,191,06.Jan 2015,,,0.48402,Imbibition
10,1,1,0.62125,0.0,192,06.Jan 2015,,,0.48402,Imbibition
10,1,1,0.62125,0.0,193,07.Jan 2015,,,0.48402,Imbibition
10,1,1,0.62096,0.00208,194,07.Jan 2015,,,0.48402,Drainage
10,1,1,0.62075,0.00359,195,07.Jan 2015,,,0.48402,Drainage
10,1,1,0.61938,0.01345,196,07.Jan 2015,,,0.48402,Drainage
10,1,1,0.6187,0.01835,197,07.Jan 2015,,,0.48402,Drainage
10,1,1,0.61806,0.0229,198,07.Jan 2015,,,0.48402,Drainage
10,1,1,0.61766,0.02584,199,07.Jan 2015,,,0.48402,Drainage
10,1,1,0.61682,0.03186,200,07.Jan 2015,,,0.48402,Drainage
10,1,1,0.61631,0.03553,201,07.Jan 2015,,,0.48402,Drainage
10,1,1,0.61528,0.04291,202,07.Jan 2015,,,0.48402,Drainage
10,1,1,0.6151,0.04424,203,07.Jan 2015,,,0.48402,Drainage
10,1,1,0.61481,0.04632,204,07.Jan 2015,,,0.48402,Drainage
10,1,1,0.61453,0.04834,205,07.Jan 2015,,,0.48402,Drainage
10,1,1,0.61379,0.05366,206,07.Jan 2015,,,0.48402,Drainage
10,1,1,0.61342,0.05633,207,07.Jan 2015,,,0.48402,Drainage
10,1,1,0.61313,0.05842,208,07.Jan 2015,,,0.48402,Drainage
10,1,1,0.61308,0.05877,209,07.Jan 2015,,,0.48402,Drainage
10,1,1,0.61316,0.05819,210,07.Jan 2015,Turning Point,0.61316,0.61316,Imbibition
10,1,1,0.61298,0.05951,211,07.Jan 2015,Turning Point,0.61298,0.61298,Drainage
10,1,1,0.61305,0.05902,212,07.Jan 2015,Turning Point,0.61305,0.61305,Imbibition
10,1,1,0.6133,0.05721,213,07.Jan 2015,,,0.61305,Imbibition
10,1,1,0.6135,0.05577,214,07.Jan 2015,,,0.61305,Imbibition
10,1,1,0.6128,0.06078,215,07.Jan 2015,Turning Point,0.6128,0.6128,Drainage
10,1,1,0.61199,0.06663,216,07.Jan 2015,,,0.6128,Drainage
10,1,1,0.61151,0.07006,217,07.Jan 2015,,,0.6128,Drainage
10,1,1,0.60958,0.0729,218,07.Jan 2015,,,0.6128,Drainage
10,1,1,0.59734,0.08488,219,07.Jan 2015,,,0.6128,Drainage
10,1,1,0.58849,0.08826,220,07.Jan 2015,,,0.6128,Drainage
10,1,1,0.56946,0.10634,221,07.Jan 2015,,,0.6128,Drainage
10,1,1,0.56295,0.16529,222,07.Jan 2015,,,0.6128,Drainage
10,1,1,0.55055,0.18667,223,07.Jan 2015,,,0.6128,Drainage
10,1,1,0.5454,0.1978,224,07.Jan 2015,,,0.6128,Drainage
10,1,1,0.54021,0.20682,225,07.Jan 2015,,,0.6128,Drainage
10,1,1,0.53961,0.20699,226,07.Jan 2015,,,0.6128,Drainage
10,1,1,0.5386,0.20729,227,07.Jan 2015,,,0.6128,Drainage
10,1,1,0.5362,0.20798,228,07.Jan 2015,,,0.6128,Drainage
10,1,1,0.5329,0.20894,229,07.Jan 2015,,,0.6128,Drainage
10,1,1,0.5259,0.2354,230,07.Jan 2015,,,0.6128,Drainage
10,1,1,0.52595,0.23519,231,07.Jan 2015,Turning Point,0.52595,0.52595,Imbibition
10,1,1,0.52986,0.21699,232,07.Jan 2015,,,0.52595,Imbibition
10,1,1,0.53173,0.20928,233,07.Jan 2015,,,0.52595,Imbibition
10,1,1,0.53041,0.21445,234,07.Jan 2015,Turning Point,0.53041,0.53041,Drainage
10,1,1,0.52864,0.22266,235,07.Jan 2015,,,0.53041,Drainage
10,1,1,0.52311,0.24839,236,07.Jan 2015,,,0.53041,Drainage
10,1,1,0.51972,0.25763,237,07.Jan 2015,,,0.53041,Drainage
10,1,1,0.51731,0.25916,238,07.Jan 2015,,,0.53041,Drainage
10,1,1,0.51582,0.2601,239,07.Jan 2015,,,0.53041,Drainage
10,1,1,0.51337,0.26166,240,08.Jan 2015,,,0.53041,Drainage
10,1,1,0.52628,0.23366,241,08.Jan 2015,Turning Point,0.52628,0.52628,Imbibition
10,1,1,0.55006,0.18774,242,08.Jan 2015,,,0.52628,Imbibition
10,1,1,0.56942,0.10673,243,08.Jan 2015,,,0.52628,Imbibition
10,1,1,0.58014,0.08895,244,08.Jan 2015,,,0.52628,Imbibition
10,1,1,0.5878,0.08831,245,08.Jan 2015,,,0.52628,Imbibition
10,1,1,0.60213,0.08183,246,08.Jan 2015,,,0.52628,Imbibition
10,1,1,0.60722,0.07573,247,08.Jan 2015,,,0.52628,Imbibition
10,1,1,0.61314,0.05835,248,08.Jan 2015,,,0.52628,Imbibition
10,1,1,0.61598,0.03788,249,08.Jan 2015,,,0.52628,Imbibition
10,1,1,0.61905,0.01577,250,08.Jan 2015,,,0.52628,Imbibition
10,1,1,0.61967,0.01133,251,08.Jan 2015,,,0.52628,Imbibition
10,1,1,0.62019,0.00756,252,08.Jan 2015,,,0.52628,Imbibition
10,1,1,0.62068,0.00407,253,08.Jan 2015,,,0.52628,Imbibition
10,1,1,0.62092,0.00232,254,08.Jan 2015,,,0.52628,Imbibition
10,1,1,0.62107,0.00129,255,08.Jan 2015,,,0.52628,Imbibition
10,1,1,0.62111,0.00095,256,08.Jan 2015,,,0.52628,Imbibition
10,1,1,0.62118,0.00046,257,08.Jan 2015,,,0.52628,Imbibition
10,1,1,0.6212,0.00032,258,08.Jan 2015,,,0.52628,Imbibition
10,1,1,0.62123,0.00015,259,08.Jan 2015,,,0.52628,Imbibition
10,1,1,0.62123,9e-05,260,08.Jan 2015,,,0.52628,Imbibition
10,1,1,0.62124,6e-05,261,08.Jan 2015,,,0.52628,Imbibition
10,1,1,0.62124,3e-05,262,08.Jan 2015,,,0.52628,Imbibition
10,1,1,0.62124,2e-05,263,08.Jan 2015,,,0.52628,Imbibition
10,1,1,0.62125,1e-05,264,08.Jan 2015,,,0.52628,Imbibition
10,1,1,0.62125,0.0,265,08.Jan 2015,,,0.52628,Imbibition
10,1,1,0.62125,0.0,266,08.Jan 2015,,,0.52628,Imbibition
10,1,1,0.62125,0.0,267,08.Jan 2015,,,0.52628,Imbibition
10,1,1,0.62125,0.0,268,08.Jan 2015,,,0.52628,Imbibition
10,1,1,0.62125,0.0,269,08.Jan 2015,,,0.52628,Imbibition
10,1,1,0.62125,0.0,270,08.Jan 2015,,,0.52628,Imbibition
10,1,1,0.62125,0.0,271,08.Jan 2015,,,0.52628,Imbibition
10,1,1,0.62125,0.0,272,08.Jan 2015,,,0.52628,Imbibition
10,1,1,0.62125,0.0,273,08.Jan 2015,,,0.52628,Imbibition
10,1,1,0.62125,0.0,274,08.Jan 2015,,,0.52628,Imbibition
10,1,1,0.62125,0.0,275,08.Jan 2015,,,0.52628,Imbibition
10,1,1,0.62125,0.0,276,08.Jan 2015,,,0.52628,Imbibition
10,1,1,0.62125,0.0,277,08.Jan 2015,,,0.52628,Imbibition
10,1,1,0.62125,0.0,278,08.Jan 2015,,,0.52628,Imbibition
10,1,1,0.62125,0.0,279,08.Jan 2015,,,0.52628,Imbibition
10,1,1,0.62125,0.0,280,08.Jan 2015,,,0.52628,Imbibition
10,1,1,0.62125,0.0,281,08.Jan 2015,,,0.52628,Imbibition
10,1,1,0.62125,0.0,282,08.Jan 2015,,,0.52628,Imbibition
10,1,1,0.62125,0.0,283,08.Jan 2015,,,0.52628,Imbibition
10,1,1,0.62125,0.0,284,08.Jan 2015,,,0.52628,Imbibition
10,1,1,0.62125,0.0,285,08.Jan 2015,,,0.52628,Imbibition
10,1,1,0.62125,0.0,286,08.Jan 2015,,,0.52628,Imbibition
10,1,1,0.62125,0.0,287,08.Jan 2015,,,0.52628,Imbibition
10,1,1,0.62125,0.0,288,08.Jan 2015,,,0.52628,Imbibition
10,1,1,0.62125,0.0,289,08.Jan 2015,,,0.52628,Imbibition
10,1,1,0.62125,0.0,290,09.Jan 2015,,,0.52628,Imbibition
10,1,1,0.62091,0.00243,291,09.Jan 2015,,,0.52628,Drainage
10,1,1,0.62083,0.00302,292,09.Jan 2015,,,0.52628,Drainage
10,1,1,0.62053,0.00514,293,09.Jan 2015,,,0.52628,Drainage
10,1,1,0.62026,0.00709,294,09.Jan 2015,,,0.52628,Drainage
10,1,1,0.61991,0.00964,295,09.Jan 2015,,,0.52628,Drainage
10,1,1,0.61899,0.01621,296,09.Jan 2015,,,0.52628,Drainage
10,1,1,0.6163,0.03558,297,09.Jan 2015,,,0.52628,Drainage
10,1,1,0.61564,0.04034,298,09.Jan 2015,,,0.52628,Drainage
10,1,1,0.61527,0.043,299,09.Jan 2015,,,0.52628,Drainage
10,1,1,0.61451,0.04848,300,09.Jan 2015,,,0.52628,Drainage
10,1,1,0.61405,0.05177,301,09.Jan 2015,,,0.52628,Drainage
10,1,1,0.61387,0.05306,302,09.Jan 2015,,,0.52628,Drainage
10,1,1,0.61345,0.05614,303,09.Jan 2015,,,0.52628,Drainage
10,1,1,0.61312,0.05848,304,09.Jan 2015,,,0.52628,Drainage
10,1,1,0.61287,0.06026,305,09.Jan 2015,,,0.52628,Drainage
10,1,1,0.6127,0.06148,306,09.Jan 2015,,,0.52628,Drainage
10,1,1,0.61245,0.06333,307,09.Jan 2015,,,0.52628,Drainage
10,1,1,0.61236,0.06393,308,09.Jan 2015,,,0.52628,Drainage
10,1,1,0.61245,0.06333,309,09.Jan 2015,Turning Point,0.61245,0.61245,Imbibition
10,1,1,0.61268,0.06164,310,09.Jan 2015,,,0.61245,Imbibition
10,1,1,0.61289,0.06013,311,09.Jan 2015,,,0.61245,Imbibition
10,1,1,0.61344,0.05621,312,09.Jan 2015,,,0.61245,Imbibition
10,1,1,0.61356,0.0553,313,09.Jan 2015,,,0.61245,Imbibition
10,1,1,0.61312,0.0585,314,09.Jan 2015,Turning Point,0.61312,0.61312,Drainage
10,1,1,0.61241,0.06356,315,09.Jan 2015,,,0.61312,Drainage
10,1,1,0.61229,0.06443,316,09.Jan 2015,,,0.61312,Drainage
10,1,1,0.61268,0.06168,317,09.Jan 2015,Turning Point,0.61268,0.61268,Imbibition
10,1,1,0.61296,0.05963,318,09.Jan 2015,,,0.61268,Imbibition
10,1,1,0.61288,0.06023,319,09.Jan 2015,Turning Point,0.61288,0.61288,Drainage
10,1,1,0.60384,0.07979,320,09.Jan 2015,,,0.61288,Drainage
10,1,1,0.6013,0.08281,321,09.Jan 2015,,,0.61288,Drainage
10,1,1,0.6001,0.08344,322,09.Jan 2015,,,0.61288,Drainage
10,1,1,0.5945,0.08636,323,09.Jan 2015,,,0.61288,Drainage
10,1,1,0.59171,0.08781,324,09.Jan 2015,,,0.61288,Drainage
10,1,1,0.58801,0.08829,325,09.Jan 2015,,,0.61288,Drainage
10,1,1,0.5839,0.0886,326,09.Jan 2015,,,0.61288,Drainage
10,1,1,0.56727,0.12618,327,09.Jan 2015,,,0.61288,Drainage
10,1,1,0.56156,0.17778,328,09.Jan 2015,,,0.61288,Drainage
10,1,1,0.55767,0.18106,329,09.Jan 2015,,,0.61288,Drainage
10,1,1,0.55583,0.18221,330,09.Jan 2015,,,0.61288,Drainage
10,1,1,0.5498,0.1883,331,09.Jan 2015,,,0.61288,Drainage
10,1,1,0.54599,0.19653,332,09.Jan 2015,,,0.61288,Drainage
10,1,1,0.5415,0.20622,333,09.Jan 2015,,,0.61288,Drainage
10,1,1,0.54027,0.2068,334,09.Jan 2015,,,0.61288,Drainage
10,1,1,0.53822,0.2074,335,09.Jan 2015,,,0.61288,Drainage
10,1,1,0.53404,0.20861,336,09.Jan 2015,,,0.61288,Drainage
10,1,1,0.53373,0.2087,337,09.Jan 2015,,,0.61288,Drainage
10,1,1,0.53334,0.20882,338,09.Jan 2015,,,0.61288,Drainage
10,1,1,0.5317,0.20929,339,09.Jan 2015,,,0.61288,Drainage
10,1,1,0.53073,0.21296,340,09.Jan 2015,,,0.61288,Drainage
10,1,1,0.53006,0.21605,341,09.Jan 2015,,,0.61288,Drainage
10,1,1,0.52958,0.21828,342,09.Jan 2015,,,0.61288,Drainage
10,1,1,0.52925,0.21982,343,09.Jan 2015,,,0.61288,Drainage
10,1,1,0.53249,0.20906,344,09.Jan 2015,Turning Point,0.53249,0.53249,Imbibition
10,1,1,0.53451,0.20847,345,09.Jan 2015,,,0.53249,Imbibition
10,1,1,0.53459,0.20845,346,09.Jan 2015,,,0.53249,Imbibition
10,1,1,0.53437,0.20851,347,10.Jan 2015,Turning Point,0.53437,0.53437,Drainage
