


 ########  #          ######   #           #
 #         #         #      #   #         # 
 #####     #         #      #    #   #   #  
 #         #         #      #     # # # #   
 #         #######    ######       #   #    

Flow is a simulator for fully implicit three-phase black-oil flow, and is part of OPM.
For more information visit: https://opm-project.org 

Flow Version     =  2025.04-pre (1f8438ef8*)
Machine name     =  Macbookns-MacBook-Pro-2.local (Number of logical cores: 10, Memory size: 16384.00 MB) 
Operating system =  Darwin arm64 (Kernel: 24.1.0, Darwin Kernel Version 24.1.0: Thu Oct 10 21:03:15 PDT 2024; root:xnu-11215.41.3~2/RELEASE_ARM64_T6000 )
Build time       =  2024-11-15 at 12:17:09 hrs
User             =  macbookn
Simulation started on 10-12-2024 at 17:47:48 hrs
Using 1 MPI processes with 1 OMP threads on each 
Parameters used by Flow:
# [known parameters which were specified at run-time]
EclDeckFileName="SPE11A" # default: ""
UseBestResidual="true" # default: "0"
RelaxedMaxPvFraction="0" # default: "0.03"
OutputExtraConvergenceInfo="steps,iterations" # default: "none"
EnableEclOutput="0" # default: "1"
FullTimeStepInitially="1" # default: "0"
ToleranceCnvRelaxed="1e-2" # default: "1"
ToleranceCnv="1e-2" # default: "0.01"
ToleranceMb="1e-5" # default: "1e-07"
ToleranceMbRelaxed="1e-5" # default: "1e-06"
NewtonMinIterations="1" # default: "2"
NewtonMaxIterations="50" # default: "20"
LinearSolverReduction="5e-06" # default: "0.01"
OutputDir="/Users/macbookn/hackatonwork/opm-tests/spe11pyopm/output/sim_5" # default: ""
# [parameters which were specified at compile-time]
AcceleratorMode="none"
ActionParsingStrictness="normal"
AllowDistributedWells="0"
AllowSplittingInactiveWells="1"
AlternativeWellRateInit="1"
BdaDeviceId="0"
CheckGroupConstraintsInnerWellIterations="1"
CheckSatfuncConsistency="0"
ContinueOnConvergenceError="0"
ConvergenceMonitoring="0"
ConvergenceMonitoringCutOff="6"
ConvergenceMonitoringDecayFactor="0.75"
CprReuseInterval="30"
CprReuseSetup="4"
DbhpMaxRel="1"
DebugEmitCellPartition="0"
DpMaxRel="0.3"
DsMax="0.2"
DwellFractionMax="0.2"
EclOutputDoublePrecision="0"
EclOutputInterval="-1"
EdgeWeightsMethod="1"
EnableAdaptiveTimeStepping="1"
EnableAsyncEclOutput="1"
EnableAsyncVtkOutput="1"
EnableDriftCompensation="0"
EnableDryRun="auto"
EnableEsmry="0"
EnableGravity="1"
EnableGridAdaptation="0"
EnableIntensiveQuantityCache="1"
EnableLoggingFalloutWarning="0"
EnableOpmRstFile="0"
EnableStorageCache="1"
EnableTerminalOutput="1"
EnableThermodynamicHints="0"
EnableTuning="0"
EnableVtkOutput="0"
EnableWellOperabilityCheck="1"
EnableWellOperabilityCheckIter="0"
EnableWriteAllSolutions="0"
EndTime="1e+100"
ExplicitRockCompaction="0"
ForceDisableFluidInPlaceOutput="0"
ForceDisableResvFluidInPlaceOutput="0"
IgnoreKeywords=""
IluFillinLevel="0"
IluRedblack="0"
IluRelaxation="0.9"
IluReorderSpheres="0"
InitialTimeStepInDays="1"
InitialTimeStepSize="86400"
InjMultDampMult="0.9"
InjMultMinDampFactor="0.05"
InjMultOscThreshold="0.1"
InputSkipMode="100"
LinearSolver="cprw"
LinearSolverIgnoreConvergenceFailure="0"
LinearSolverMaxIter="200"
LinearSolverPrintJsonDefinition="1"
LinearSolverRestart="40"
LinearSolverVerbosity="0"
LoadFile=""
LoadStep="-1"
LocalDomainsOrderingMeasure="maxpressure"
LocalDomainsPartitioningImbalance="1.03"
LocalDomainsPartitioningMethod="zoltan"
LocalSolveApproach="gauss-seidel"
LocalToleranceScalingCnv="0.1"
LocalToleranceScalingMb="1"
LocalWellSolveControlSwitching="1"
MatrixAddWellContributions="0"
MaxInnerIterMsWells="100"
MaxInnerIterWells="50"
MaxLocalSolveIterations="20"
MaxNewtonIterationsWithInnerWellIterations="8"
MaxPressureChangeMsWells="1e+06"
MaxResidualAllowed="1e+07"
MaxSinglePrecisionDays="20"
MaxTemperatureChange="5"
MaxTimeStepDivisions="10"
MaxTimeStepSize="inf"
MaxWelleqIter="30"
MaximumNumberOfWellSwitches="3"
MaximumWaterSaturation="1"
MiluVariant="ILU"
MinStrictCnvIter="-1"
MinStrictMbIter="-1"
MinTimeStepBasedOnNewtonIterations="0"
MinTimeStepBeforeShuttingProblematicWellsInDays="0.01"
MinTimeStepSize="0"
NetworkMaxIterations="200"
NetworkMaxStrictIterations="100"
NewtonMaxError="1e+100"
NewtonMaxRelax="0.5"
NewtonRelaxationType="dampen"
NewtonTargetIterations="10"
NewtonTolerance="0.01"
NewtonVerbose="1"
NewtonWriteConvergence="0"
NlddLocalLinearSolver="ilu0"
NlddLocalLinearSolverMaxIter="200"
NlddLocalLinearSolverReduction="0.01"
NlddNumInitialNewtonIter="1"
NonlinearSolver="newton"
NumLocalDomains="0"
NumPressurePointsEquil="2000"
NumSatfuncConsistencySamplePoints="5"
OpenclIluParallel="1"
OpenclPlatformId="0"
OutputInterval="1"
OutputMode="all"
OwnerCellsFirst="1"
ParameterFile=""
ParsingStrictness="normal"
PredeterminedTimeStepsFile=""
PressureMax="1e+99"
PressureMin="-1e+99"
PressureScale="1"
PriVarOscilationThreshold="1e-05"
PrintParameters="2"
ProjectSaturations="0"
RegularizationFactorWells="100"
RelaxedLinearSolverReduction="0.01"
RelaxedPressureTolMsw="10000"
RelaxedWellFlowTol="0.001"
RestartTime="-1e+35"
RestartWritingInterval="16777215"
SaveFile=""
SaveStep=""
ScaleLinearSystem="0"
SchedRestart="0"
ShutUnsolvableWells="1"
SolveWelleqInitially="1"
SolverContinueOnConvergenceFailure="0"
SolverGrowthFactor="2"
SolverMaxGrowth="3"
SolverMaxRestarts="10"
SolverMaxTimeStepInDays="365"
SolverMinTimeStep="1e-12"
SolverRestartFactor="0.33"
SolverVerbosity="1"
StrictInnerIterWells="40"
StrictOuterIterWells="6"
TemperatureMax="1e+09"
TemperatureMin="0"
ThreadsPerProcess="1"
TimeStepAfterEventInDays="-1"
TimeStepControl="pid+newtoniteration"
TimeStepControlDecayDampingFactor="1"
TimeStepControlDecayRate="0.75"
TimeStepControlFileName="timesteps"
TimeStepControlGrowthDampingFactor="3.2"
TimeStepControlGrowthRate="1.25"
TimeStepControlTargetIterations="30"
TimeStepControlTargetNewtonIterations="8"
TimeStepControlTolerance="0.1"
TimeStepVerbosity="1"
ToleranceCnvEnergy="0.01"
ToleranceCnvEnergyRelaxed="1"
ToleranceEisenstat="0.5"
ToleranceEnergyBalance="1e-07"
ToleranceEnergyBalanceRelaxed="1e-06"
TolerancePressureMsWells="1000"
ToleranceWellControl="1e-07"
ToleranceWells="0.0001"
UpdateEquationsScaling="0"
UseAverageDensityMsWells="0"
UseBestPath="0"
UseEisenstat="0"
UseGmres="0"
UseImplicitIpr="1"
UseMLmethodsTols="0"
UseMultisegmentWell="1"
UseUpdateStabilization="1"
VtkWriteAverageMolarMasses="0"
VtkWriteDensities="1"
VtkWriteDiffusionCoefficients="0"
VtkWriteDofIndex="0"
VtkWriteEffectiveDiffusionCoefficients="0"
VtkWriteExtrusionFactor="0"
VtkWriteFilterVelocities="0"
VtkWriteFugacities="0"
VtkWriteFugacityCoeffs="0"
VtkWriteGasDissolutionFactor="0"
VtkWriteGasFormationVolumeFactor="0"
VtkWriteGasSaturationPressure="0"
VtkWriteIntrinsicPermeabilities="0"
VtkWriteMassFractions="0"
VtkWriteMobilities="0"
VtkWriteMolarities="0"
VtkWriteMoleFractions="1"
VtkWriteOilFormationVolumeFactor="0"
VtkWriteOilSaturationPressure="0"
VtkWriteOilVaporizationFactor="0"
VtkWritePorosity="1"
VtkWritePotentialGradients="0"
VtkWritePressures="1"
VtkWritePrimaryVars="0"
VtkWritePrimaryVarsMeaning="0"
VtkWriteProcessRank="0"
VtkWriteRelativePermeabilities="1"
VtkWriteSaturatedGasOilVaporizationFactor="0"
VtkWriteSaturatedOilGasDissolutionFactor="0"
VtkWriteSaturationRatios="0"
VtkWriteSaturations="1"
VtkWriteTemperature="1"
VtkWriteTortuosities="0"
VtkWriteTotalMassFractions="0"
VtkWriteTotalMoleFractions="0"
VtkWriteTracerConcentration="0"
VtkWriteViscosities="0"
VtkWriteWaterFormationVolumeFactor="0"
WaterOnlyThreshold="1"

Reading deck file 'SPE11A.data'
    0 Reading RUNSPEC  in SPE11A.DATA line 4
    1 Reading DIMENS   in SPE11A.DATA line 6
    2 Reading EQLDIMS  in SPE11A.DATA line 9
    3 Reading TABDIMS  in SPE11A.DATA line 12
    4 Reading WATER    in SPE11A.DATA line 15
    5 Reading GAS      in SPE11A.DATA line 16
    6 Reading CO2STORE in SPE11A.DATA line 17
    7 Reading DISGASW  in SPE11A.DATA line 18
    8 Reading VAPWAT   in SPE11A.DATA line 19
    9 Reading DIFFUSE  in SPE11A.DATA line 20
   10 Reading METRIC   in SPE11A.DATA line 22
   11 Reading START    in SPE11A.DATA line 24
   12 Reading UNIFOUT  in SPE11A.DATA line 28
   13 Reading GRID     in SPE11A.DATA line 30
   14 Reading INIT     in SPE11A.DATA line 32
   15 Reading DX       in SPE11A.DATA line 33
   16 Reading DY       in SPE11A.DATA line 35
   17 Reading DZ       in SPE11A.DATA line 37
   18 Reading TOPS     in SPE11A.DATA line 39
   19 Reading PERMX    in /Users/macbookn/hackatonwork/opm-tests/spe11pyopm/PERMX.INC line 3
   20 Reading COPY     in SPE11A.DATA line 45
   21 Reading MULTIPLY in SPE11A.DATA line 50
   22 Reading PORO     in /Users/macbookn/hackatonwork/opm-tests/spe11pyopm/PORO.INC line 3
   23 Reading BCCON    in SPE11A.DATA line 57
   24 Reading DISPERC  in /Users/macbookn/hackatonwork/opm-tests/spe11pyopm/DISPERC.INC line 3
   25 Reading PROPS    in SPE11A.DATA line 65
   26 Reading SGWFN    in /Users/macbookn/hackatonwork/opm-tests/spe11pyopm/TABLES.INC line 3
   27 Reading DIFFAWAT in SPE11A.DATA line 70
   28 Reading DIFFAGAS in SPE11A.DATA line 72
   29 Reading THCO2MIX in SPE11A.DATA line 75
   30 Reading REGIONS  in SPE11A.DATA line 78
   31 Reading SATNUM   in /Users/macbookn/hackatonwork/opm-tests/spe11pyopm/SATNUM.INC line 3
   32 Reading FIPNUM   in /Users/macbookn/hackatonwork/opm-tests/spe11pyopm/FIPNUM.INC line 3
   33 Reading SOLUTION in SPE11A.DATA line 86
   34 Reading EQUIL    in SPE11A.DATA line 88
   35 Reading RPTRST   in SPE11A.DATA line 91
   36 Reading RTEMPVD  in SPE11A.DATA line 95
   37 Reading SUMMARY  in SPE11A.DATA line 99
   38 Reading PERFORMA in SPE11A.DATA line 101
   39 Reading FGIP     in SPE11A.DATA line 102
   40 Reading FGIR     in SPE11A.DATA line 103
   41 Reading FGIT     in SPE11A.DATA line 104
   42 Reading RGKDI    in SPE11A.DATA line 105
   43 Reading RGKDM    in SPE11A.DATA line 107
   44 Reading RGIP     in SPE11A.DATA line 109
   45 Reading RWCD     in SPE11A.DATA line 111
   46 Reading WBHP     in SPE11A.DATA line 113
   47 Reading WGIR     in SPE11A.DATA line 115
   48 Reading WGIT     in SPE11A.DATA line 117
   49 Reading BWPR     in SPE11A.DATA line 119
   50 Reading SCHEDULE in SPE11A.DATA line 124
   51 Reading RPTRST   in SPE11A.DATA line 126
   52 Reading BCPROP   in SPE11A.DATA line 130
   53 Reading TUNING   in SPE11A.DATA line 134
   54 Reading SOURCE   in SPE11A.DATA line 138
   55 Reading TSTEP    in SPE11A.DATA line 142
   56 Reading TUNING   in SPE11A.DATA line 145
   57 Reading SOURCE   in SPE11A.DATA line 149
   58 Reading TSTEP    in SPE11A.DATA line 153
The CO2 storage option is given. PVT properties from the Brine-CO2 system is used
See the OPM manual for details on the used models.

Creating grid from keywords DX, DY, DZ and TOPS
2 fluid phases are active

Processing dynamic information from
SPE11A.DATA line 124
Initializing report step 0/1000 at 2025-01-01 0 DAYS line 124
Processing keyword RPTRST at line 126
Processing keyword BCPROP at line 130
Processing keyword TUNING at line 134
Processing keyword SOURCE at line 138
Complete report step 1 (0.00020833333333333332 DAYS) at 2025-01-01 (0 DAYS)

Initializing report step 2/1000 at 2025-01-01 (0 DAYS) line 142
Complete report step 2 (0.00020833333333333332 DAYS) at 2025-01-01 (0.00020833333333333332 DAYS)

Initializing report step 3/1000 at 2025-01-01 (0.00020833333333333332 DAYS) line 142
Complete report step 3 (0.00020833333333333332 DAYS) at 2025-01-01 (0.00041666666666666664 DAYS)

Initializing report step 4/1000 at 2025-01-01 (0.00041666666666666664 DAYS) line 142
Complete report step 4 (0.00020833333333333332 DAYS) at 2025-01-01 (0.000625 DAYS)

Initializing report step 5/1000 at 2025-01-01 (0.000625 DAYS) line 142
Complete report step 5 (0.00020833333333333332 DAYS) at 2025-01-01 (0.0008333333333333333 DAYS)
Report limit reached, see PRT-file for remaining Schedule initialization.

Initializing report step 6/1000 at 2025-01-01 (0.0008333333333333333 DAYS) line 142
Complete report step 6 (0.00020833333333333332 DAYS) at 2025-01-01 (0.0010416666666666667 DAYS)

Initializing report step 7/1000 at 2025-01-01 (0.0010416666666666667 DAYS) line 142
Complete report step 7 (0.00020833333333333332 DAYS) at 2025-01-01 (0.00125 DAYS)

Initializing report step 8/1000 at 2025-01-01 (0.00125 DAYS) line 142
Complete report step 8 (0.00020833333333333332 DAYS) at 2025-01-01 (0.0014583333333333332 DAYS)

Initializing report step 9/1000 at 2025-01-01 (0.0014583333333333332 DAYS) line 142
Complete report step 9 (0.00020833333333333332 DAYS) at 2025-01-01 (0.0016666666666666666 DAYS)

Initializing report step 10/1000 at 2025-01-01 (0.0016666666666666666 DAYS) line 142
Complete report step 10 (0.00020833333333333332 DAYS) at 2025-01-01 (0.001875 DAYS)

Initializing report step 11/1000 at 2025-01-01 (0.001875 DAYS) line 142
Complete report step 11 (0.00020833333333333332 DAYS) at 2025-01-01 (0.0020833333333333333 DAYS)

Initializing report step 12/1000 at 2025-01-01 (0.0020833333333333333 DAYS) line 142
Complete report step 12 (0.00020833333333333332 DAYS) at 2025-01-01 (0.0022916666666666667 DAYS)

Initializing report step 13/1000 at 2025-01-01 (0.0022916666666666667 DAYS) line 142
Complete report step 13 (0.00020833333333333332 DAYS) at 2025-01-01 (0.0025 DAYS)

Initializing report step 14/1000 at 2025-01-01 (0.0025 DAYS) line 142
Complete report step 14 (0.00020833333333333332 DAYS) at 2025-01-01 (0.002708333333333333 DAYS)

Initializing report step 15/1000 at 2025-01-01 (0.002708333333333333 DAYS) line 142
Complete report step 15 (0.00020833333333333332 DAYS) at 2025-01-01 (0.0029166666666666664 DAYS)

Initializing report step 16/1000 at 2025-01-01 (0.0029166666666666664 DAYS) line 142
Complete report step 16 (0.00020833333333333332 DAYS) at 2025-01-01 (0.0031249999999999997 DAYS)

Initializing report step 17/1000 at 2025-01-01 (0.0031249999999999997 DAYS) line 142
Complete report step 17 (0.00020833333333333332 DAYS) at 2025-01-01 (0.003333333333333333 DAYS)

Initializing report step 18/1000 at 2025-01-01 (0.003333333333333333 DAYS) line 142
Complete report step 18 (0.00020833333333333332 DAYS) at 2025-01-01 (0.0035416666666666665 DAYS)

Initializing report step 19/1000 at 2025-01-01 (0.0035416666666666665 DAYS) line 142
Complete report step 19 (0.00020833333333333332 DAYS) at 2025-01-01 (0.00375 DAYS)

Initializing report step 20/1000 at 2025-01-01 (0.00375 DAYS) line 142
Complete report step 20 (0.00020833333333333332 DAYS) at 2025-01-01 (0.003958333333333333 DAYS)

Initializing report step 21/1000 at 2025-01-01 (0.003958333333333333 DAYS) line 142
Complete report step 21 (0.00020833333333333332 DAYS) at 2025-01-01 (0.004166666666666667 DAYS)

Initializing report step 22/1000 at 2025-01-01 (0.004166666666666667 DAYS) line 142
Complete report step 22 (0.00020833333333333332 DAYS) at 2025-01-01 (0.0043749999999999995 DAYS)

Initializing report step 23/1000 at 2025-01-01 (0.0043749999999999995 DAYS) line 142
Complete report step 23 (0.00020833333333333332 DAYS) at 2025-01-01 (0.004583333333333333 DAYS)

Initializing report step 24/1000 at 2025-01-01 (0.004583333333333333 DAYS) line 142
Complete report step 24 (0.00020833333333333332 DAYS) at 2025-01-01 (0.004791666666666666 DAYS)

Initializing report step 25/1000 at 2025-01-01 (0.004791666666666666 DAYS) line 142
Complete report step 25 (0.00020833333333333332 DAYS) at 2025-01-01 (0.005 DAYS)

Initializing report step 26/1000 at 2025-01-01 (0.005 DAYS) line 142
Complete report step 26 (0.00020833333333333332 DAYS) at 2025-01-01 (0.005208333333333333 DAYS)

Initializing report step 27/1000 at 2025-01-01 (0.005208333333333333 DAYS) line 142
Complete report step 27 (0.00020833333333333332 DAYS) at 2025-01-01 (0.005416666666666666 DAYS)

Initializing report step 28/1000 at 2025-01-01 (0.005416666666666666 DAYS) line 142
Complete report step 28 (0.00020833333333333332 DAYS) at 2025-01-01 (0.005625 DAYS)

Initializing report step 29/1000 at 2025-01-01 (0.005625 DAYS) line 142
Complete report step 29 (0.00020833333333333332 DAYS) at 2025-01-01 (0.005833333333333333 DAYS)

Initializing report step 30/1000 at 2025-01-01 (0.005833333333333333 DAYS) line 142
Complete report step 30 (0.00020833333333333332 DAYS) at 2025-01-01 (0.0060416666666666665 DAYS)

Initializing report step 31/1000 at 2025-01-01 (0.0060416666666666665 DAYS) line 142
Complete report step 31 (0.00020833333333333332 DAYS) at 2025-01-01 (0.0062499999999999995 DAYS)

Initializing report step 32/1000 at 2025-01-01 (0.0062499999999999995 DAYS) line 142
Complete report step 32 (0.00020833333333333332 DAYS) at 2025-01-01 (0.006458333333333333 DAYS)

Initializing report step 33/1000 at 2025-01-01 (0.006458333333333333 DAYS) line 142
Complete report step 33 (0.00020833333333333332 DAYS) at 2025-01-01 (0.006666666666666666 DAYS)

Initializing report step 34/1000 at 2025-01-01 (0.006666666666666666 DAYS) line 142
Complete report step 34 (0.00020833333333333332 DAYS) at 2025-01-01 (0.006875 DAYS)

Initializing report step 35/1000 at 2025-01-01 (0.006875 DAYS) line 142
Complete report step 35 (0.00020833333333333332 DAYS) at 2025-01-01 (0.007083333333333333 DAYS)

Initializing report step 36/1000 at 2025-01-01 (0.007083333333333333 DAYS) line 142
Complete report step 36 (0.00020833333333333332 DAYS) at 2025-01-01 (0.007291666666666666 DAYS)

Initializing report step 37/1000 at 2025-01-01 (0.007291666666666666 DAYS) line 142
Complete report step 37 (0.00020833333333333332 DAYS) at 2025-01-01 (0.0075 DAYS)

Initializing report step 38/1000 at 2025-01-01 (0.0075 DAYS) line 142
Complete report step 38 (0.00020833333333333332 DAYS) at 2025-01-01 (0.007708333333333333 DAYS)

Initializing report step 39/1000 at 2025-01-01 (0.007708333333333333 DAYS) line 142
Complete report step 39 (0.00020833333333333332 DAYS) at 2025-01-01 (0.007916666666666666 DAYS)

Initializing report step 40/1000 at 2025-01-01 (0.007916666666666666 DAYS) line 142
Complete report step 40 (0.00020833333333333332 DAYS) at 2025-01-01 (0.008125 DAYS)

Initializing report step 41/1000 at 2025-01-01 (0.008125 DAYS) line 142
Complete report step 41 (0.00020833333333333332 DAYS) at 2025-01-01 (0.008333333333333333 DAYS)

Initializing report step 42/1000 at 2025-01-01 (0.008333333333333333 DAYS) line 142
Complete report step 42 (0.00020833333333333332 DAYS) at 2025-01-01 (0.008541666666666666 DAYS)

Initializing report step 43/1000 at 2025-01-01 (0.008541666666666666 DAYS) line 142
Complete report step 43 (0.00020833333333333332 DAYS) at 2025-01-01 (0.008749999999999999 DAYS)

Initializing report step 44/1000 at 2025-01-01 (0.008749999999999999 DAYS) line 142
Complete report step 44 (0.00020833333333333332 DAYS) at 2025-01-01 (0.008958333333333332 DAYS)

Initializing report step 45/1000 at 2025-01-01 (0.008958333333333332 DAYS) line 142
Complete report step 45 (0.00020833333333333332 DAYS) at 2025-01-01 (0.009166666666666667 DAYS)

Initializing report step 46/1000 at 2025-01-01 (0.009166666666666667 DAYS) line 142
Complete report step 46 (0.00020833333333333332 DAYS) at 2025-01-01 (0.009375 DAYS)

Initializing report step 47/1000 at 2025-01-01 (0.009375 DAYS) line 142
Complete report step 47 (0.00020833333333333332 DAYS) at 2025-01-01 (0.009583333333333333 DAYS)

Initializing report step 48/1000 at 2025-01-01 (0.009583333333333333 DAYS) line 142
Complete report step 48 (0.00020833333333333332 DAYS) at 2025-01-01 (0.009791666666666666 DAYS)

Initializing report step 49/1000 at 2025-01-01 (0.009791666666666666 DAYS) line 142
Complete report step 49 (0.00020833333333333332 DAYS) at 2025-01-01 (0.01 DAYS)

Initializing report step 50/1000 at 2025-01-01 (0.01 DAYS) line 142
Complete report step 50 (0.00020833333333333332 DAYS) at 2025-01-01 (0.010208333333333333 DAYS)

Initializing report step 51/1000 at 2025-01-01 (0.010208333333333333 DAYS) line 142
Complete report step 51 (0.00020833333333333332 DAYS) at 2025-01-01 (0.010416666666666666 DAYS)

Initializing report step 52/1000 at 2025-01-01 (0.010416666666666666 DAYS) line 142
Complete report step 52 (0.00020833333333333332 DAYS) at 2025-01-01 (0.010624999999999999 DAYS)

Initializing report step 53/1000 at 2025-01-01 (0.010624999999999999 DAYS) line 142
Complete report step 53 (0.00020833333333333332 DAYS) at 2025-01-01 (0.010833333333333332 DAYS)

Initializing report step 54/1000 at 2025-01-01 (0.010833333333333332 DAYS) line 142
Complete report step 54 (0.00020833333333333332 DAYS) at 2025-01-01 (0.011041666666666667 DAYS)

Initializing report step 55/1000 at 2025-01-01 (0.011041666666666667 DAYS) line 142
Complete report step 55 (0.00020833333333333332 DAYS) at 2025-01-01 (0.01125 DAYS)

Initializing report step 56/1000 at 2025-01-01 (0.01125 DAYS) line 142
Complete report step 56 (0.00020833333333333332 DAYS) at 2025-01-01 (0.011458333333333333 DAYS)

Initializing report step 57/1000 at 2025-01-01 (0.011458333333333333 DAYS) line 142
Complete report step 57 (0.00020833333333333332 DAYS) at 2025-01-01 (0.011666666666666665 DAYS)

Initializing report step 58/1000 at 2025-01-01 (0.011666666666666665 DAYS) line 142
Complete report step 58 (0.00020833333333333332 DAYS) at 2025-01-01 (0.011875 DAYS)

Initializing report step 59/1000 at 2025-01-01 (0.011875 DAYS) line 142
Complete report step 59 (0.00020833333333333332 DAYS) at 2025-01-01 (0.012083333333333333 DAYS)

Initializing report step 60/1000 at 2025-01-01 (0.012083333333333333 DAYS) line 142
Complete report step 60 (0.00020833333333333332 DAYS) at 2025-01-01 (0.012291666666666666 DAYS)

Initializing report step 61/1000 at 2025-01-01 (0.012291666666666666 DAYS) line 142
Complete report step 61 (0.00020833333333333332 DAYS) at 2025-01-01 (0.012499999999999999 DAYS)

Initializing report step 62/1000 at 2025-01-01 (0.012499999999999999 DAYS) line 142
Complete report step 62 (0.00020833333333333332 DAYS) at 2025-01-01 (0.012708333333333332 DAYS)

Initializing report step 63/1000 at 2025-01-01 (0.012708333333333332 DAYS) line 142
Complete report step 63 (0.00020833333333333332 DAYS) at 2025-01-01 (0.012916666666666667 DAYS)

Initializing report step 64/1000 at 2025-01-01 (0.012916666666666667 DAYS) line 142
Complete report step 64 (0.00020833333333333332 DAYS) at 2025-01-01 (0.013125 DAYS)

Initializing report step 65/1000 at 2025-01-01 (0.013125 DAYS) line 142
Complete report step 65 (0.00020833333333333332 DAYS) at 2025-01-01 (0.013333333333333332 DAYS)

Initializing report step 66/1000 at 2025-01-01 (0.013333333333333332 DAYS) line 142
Complete report step 66 (0.00020833333333333332 DAYS) at 2025-01-01 (0.013541666666666665 DAYS)

Initializing report step 67/1000 at 2025-01-01 (0.013541666666666665 DAYS) line 142
Complete report step 67 (0.00020833333333333332 DAYS) at 2025-01-01 (0.01375 DAYS)

Initializing report step 68/1000 at 2025-01-01 (0.01375 DAYS) line 142
Complete report step 68 (0.00020833333333333332 DAYS) at 2025-01-01 (0.013958333333333333 DAYS)

Initializing report step 69/1000 at 2025-01-01 (0.013958333333333333 DAYS) line 142
Complete report step 69 (0.00020833333333333332 DAYS) at 2025-01-01 (0.014166666666666666 DAYS)

Initializing report step 70/1000 at 2025-01-01 (0.014166666666666666 DAYS) line 142
Complete report step 70 (0.00020833333333333332 DAYS) at 2025-01-01 (0.014374999999999999 DAYS)

Initializing report step 71/1000 at 2025-01-01 (0.014374999999999999 DAYS) line 142
Complete report step 71 (0.00020833333333333332 DAYS) at 2025-01-01 (0.014583333333333332 DAYS)

Initializing report step 72/1000 at 2025-01-01 (0.014583333333333332 DAYS) line 142
Complete report step 72 (0.00020833333333333332 DAYS) at 2025-01-01 (0.014791666666666667 DAYS)

Initializing report step 73/1000 at 2025-01-01 (0.014791666666666667 DAYS) line 142
Complete report step 73 (0.00020833333333333332 DAYS) at 2025-01-01 (0.015 DAYS)

Initializing report step 74/1000 at 2025-01-01 (0.015 DAYS) line 142
Complete report step 74 (0.00020833333333333332 DAYS) at 2025-01-01 (0.015208333333333332 DAYS)

Initializing report step 75/1000 at 2025-01-01 (0.015208333333333332 DAYS) line 142
Complete report step 75 (0.00020833333333333332 DAYS) at 2025-01-01 (0.015416666666666665 DAYS)

Initializing report step 76/1000 at 2025-01-01 (0.015416666666666665 DAYS) line 142
Complete report step 76 (0.00020833333333333332 DAYS) at 2025-01-01 (0.015625 DAYS)

Initializing report step 77/1000 at 2025-01-01 (0.015625 DAYS) line 142
Complete report step 77 (0.00020833333333333332 DAYS) at 2025-01-01 (0.01583333333333333 DAYS)

Initializing report step 78/1000 at 2025-01-01 (0.01583333333333333 DAYS) line 142
Complete report step 78 (0.00020833333333333332 DAYS) at 2025-01-01 (0.016041666666666666 DAYS)

Initializing report step 79/1000 at 2025-01-01 (0.016041666666666666 DAYS) line 142
Complete report step 79 (0.00020833333333333332 DAYS) at 2025-01-01 (0.01625 DAYS)

Initializing report step 80/1000 at 2025-01-01 (0.01625 DAYS) line 142
Complete report step 80 (0.00020833333333333332 DAYS) at 2025-01-01 (0.016458333333333332 DAYS)

Initializing report step 81/1000 at 2025-01-01 (0.016458333333333332 DAYS) line 142
Complete report step 81 (0.00020833333333333332 DAYS) at 2025-01-01 (0.016666666666666666 DAYS)

Initializing report step 82/1000 at 2025-01-01 (0.016666666666666666 DAYS) line 142
Complete report step 82 (0.00020833333333333332 DAYS) at 2025-01-01 (0.016874999999999998 DAYS)

Initializing report step 83/1000 at 2025-01-01 (0.016874999999999998 DAYS) line 142
Complete report step 83 (0.00020833333333333332 DAYS) at 2025-01-01 (0.017083333333333332 DAYS)

Initializing report step 84/1000 at 2025-01-01 (0.017083333333333332 DAYS) line 142
Complete report step 84 (0.00020833333333333332 DAYS) at 2025-01-01 (0.017291666666666667 DAYS)

Initializing report step 85/1000 at 2025-01-01 (0.017291666666666667 DAYS) line 142
Complete report step 85 (0.00020833333333333332 DAYS) at 2025-01-01 (0.017499999999999998 DAYS)

Initializing report step 86/1000 at 2025-01-01 (0.017499999999999998 DAYS) line 142
Complete report step 86 (0.00020833333333333332 DAYS) at 2025-01-01 (0.017708333333333333 DAYS)

Initializing report step 87/1000 at 2025-01-01 (0.017708333333333333 DAYS) line 142
Complete report step 87 (0.00020833333333333332 DAYS) at 2025-01-01 (0.017916666666666664 DAYS)

Initializing report step 88/1000 at 2025-01-01 (0.017916666666666664 DAYS) line 142
Complete report step 88 (0.00020833333333333332 DAYS) at 2025-01-01 (0.018125 DAYS)

Initializing report step 89/1000 at 2025-01-01 (0.018125 DAYS) line 142
Complete report step 89 (0.00020833333333333332 DAYS) at 2025-01-01 (0.018333333333333333 DAYS)

Initializing report step 90/1000 at 2025-01-01 (0.018333333333333333 DAYS) line 142
Complete report step 90 (0.00020833333333333332 DAYS) at 2025-01-01 (0.018541666666666665 DAYS)

Initializing report step 91/1000 at 2025-01-01 (0.018541666666666665 DAYS) line 142
Complete report step 91 (0.00020833333333333332 DAYS) at 2025-01-01 (0.01875 DAYS)

Initializing report step 92/1000 at 2025-01-01 (0.01875 DAYS) line 142
Complete report step 92 (0.00020833333333333332 DAYS) at 2025-01-01 (0.018958333333333334 DAYS)

Initializing report step 93/1000 at 2025-01-01 (0.018958333333333334 DAYS) line 142
Complete report step 93 (0.00020833333333333332 DAYS) at 2025-01-01 (0.019166666666666665 DAYS)

Initializing report step 94/1000 at 2025-01-01 (0.019166666666666665 DAYS) line 142
Complete report step 94 (0.00020833333333333332 DAYS) at 2025-01-01 (0.019375 DAYS)

Initializing report step 95/1000 at 2025-01-01 (0.019375 DAYS) line 142
Complete report step 95 (0.00020833333333333332 DAYS) at 2025-01-01 (0.01958333333333333 DAYS)

Initializing report step 96/1000 at 2025-01-01 (0.01958333333333333 DAYS) line 142
Complete report step 96 (0.00020833333333333332 DAYS) at 2025-01-01 (0.019791666666666666 DAYS)

Initializing report step 97/1000 at 2025-01-01 (0.019791666666666666 DAYS) line 142
Complete report step 97 (0.00020833333333333332 DAYS) at 2025-01-01 (0.02 DAYS)

Initializing report step 98/1000 at 2025-01-01 (0.02 DAYS) line 142
Complete report step 98 (0.00020833333333333332 DAYS) at 2025-01-01 (0.02020833333333333 DAYS)

Initializing report step 99/1000 at 2025-01-01 (0.02020833333333333 DAYS) line 142
Complete report step 99 (0.00020833333333333332 DAYS) at 2025-01-01 (0.020416666666666666 DAYS)

Initializing report step 100/1000 at 2025-01-01 (0.020416666666666666 DAYS) line 142
Complete report step 100 (0.00020833333333333332 DAYS) at 2025-01-01 (0.020624999999999998 DAYS)

Initializing report step 101/1000 at 2025-01-01 (0.020624999999999998 DAYS) line 142
Complete report step 101 (0.00020833333333333332 DAYS) at 2025-01-01 (0.020833333333333332 DAYS)

Initializing report step 102/1000 at 2025-01-01 (0.020833333333333332 DAYS) line 142
Complete report step 102 (0.00020833333333333332 DAYS) at 2025-01-01 (0.021041666666666667 DAYS)

Initializing report step 103/1000 at 2025-01-01 (0.021041666666666667 DAYS) line 142
Complete report step 103 (0.00020833333333333332 DAYS) at 2025-01-01 (0.021249999999999998 DAYS)

Initializing report step 104/1000 at 2025-01-01 (0.021249999999999998 DAYS) line 142
Complete report step 104 (0.00020833333333333332 DAYS) at 2025-01-01 (0.021458333333333333 DAYS)

Initializing report step 105/1000 at 2025-01-01 (0.021458333333333333 DAYS) line 142
Complete report step 105 (0.00020833333333333332 DAYS) at 2025-01-01 (0.021666666666666664 DAYS)

Initializing report step 106/1000 at 2025-01-01 (0.021666666666666664 DAYS) line 142
Complete report step 106 (0.00020833333333333332 DAYS) at 2025-01-01 (0.021875 DAYS)

Initializing report step 107/1000 at 2025-01-01 (0.021875 DAYS) line 142
Complete report step 107 (0.00020833333333333332 DAYS) at 2025-01-01 (0.022083333333333333 DAYS)

Initializing report step 108/1000 at 2025-01-01 (0.022083333333333333 DAYS) line 142
Complete report step 108 (0.00020833333333333332 DAYS) at 2025-01-01 (0.022291666666666664 DAYS)

Initializing report step 109/1000 at 2025-01-01 (0.022291666666666664 DAYS) line 142
Complete report step 109 (0.00020833333333333332 DAYS) at 2025-01-01 (0.0225 DAYS)

Initializing report step 110/1000 at 2025-01-01 (0.0225 DAYS) line 142
Complete report step 110 (0.00020833333333333332 DAYS) at 2025-01-01 (0.022708333333333334 DAYS)

Initializing report step 111/1000 at 2025-01-01 (0.022708333333333334 DAYS) line 142
Complete report step 111 (0.00020833333333333332 DAYS) at 2025-01-01 (0.022916666666666665 DAYS)

Initializing report step 112/1000 at 2025-01-01 (0.022916666666666665 DAYS) line 142
Complete report step 112 (0.00020833333333333332 DAYS) at 2025-01-01 (0.023125 DAYS)

Initializing report step 113/1000 at 2025-01-01 (0.023125 DAYS) line 142
Complete report step 113 (0.00020833333333333332 DAYS) at 2025-01-01 (0.02333333333333333 DAYS)

Initializing report step 114/1000 at 2025-01-01 (0.02333333333333333 DAYS) line 142
Complete report step 114 (0.00020833333333333332 DAYS) at 2025-01-01 (0.023541666666666666 DAYS)

Initializing report step 115/1000 at 2025-01-01 (0.023541666666666666 DAYS) line 142
Complete report step 115 (0.00020833333333333332 DAYS) at 2025-01-01 (0.02375 DAYS)

Initializing report step 116/1000 at 2025-01-01 (0.02375 DAYS) line 142
Complete report step 116 (0.00020833333333333332 DAYS) at 2025-01-01 (0.02395833333333333 DAYS)

Initializing report step 117/1000 at 2025-01-01 (0.02395833333333333 DAYS) line 142
Complete report step 117 (0.00020833333333333332 DAYS) at 2025-01-01 (0.024166666666666666 DAYS)

Initializing report step 118/1000 at 2025-01-01 (0.024166666666666666 DAYS) line 142
Complete report step 118 (0.00020833333333333332 DAYS) at 2025-01-01 (0.024374999999999997 DAYS)

Initializing report step 119/1000 at 2025-01-01 (0.024374999999999997 DAYS) line 142
Complete report step 119 (0.00020833333333333332 DAYS) at 2025-01-01 (0.024583333333333332 DAYS)

Initializing report step 120/1000 at 2025-01-01 (0.024583333333333332 DAYS) line 142
Complete report step 120 (0.00020833333333333332 DAYS) at 2025-01-01 (0.024791666666666667 DAYS)

Initializing report step 121/1000 at 2025-01-01 (0.024791666666666667 DAYS) line 142
Complete report step 121 (0.00020833333333333332 DAYS) at 2025-01-01 (0.024999999999999998 DAYS)

Initializing report step 122/1000 at 2025-01-01 (0.024999999999999998 DAYS) line 142
Complete report step 122 (0.00020833333333333332 DAYS) at 2025-01-01 (0.025208333333333333 DAYS)

Initializing report step 123/1000 at 2025-01-01 (0.025208333333333333 DAYS) line 142
Complete report step 123 (0.00020833333333333332 DAYS) at 2025-01-01 (0.025416666666666664 DAYS)

Initializing report step 124/1000 at 2025-01-01 (0.025416666666666664 DAYS) line 142
Complete report step 124 (0.00020833333333333332 DAYS) at 2025-01-01 (0.025625 DAYS)

Initializing report step 125/1000 at 2025-01-01 (0.025625 DAYS) line 142
Complete report step 125 (0.00020833333333333332 DAYS) at 2025-01-01 (0.025833333333333333 DAYS)

Initializing report step 126/1000 at 2025-01-01 (0.025833333333333333 DAYS) line 142
Complete report step 126 (0.00020833333333333332 DAYS) at 2025-01-01 (0.026041666666666664 DAYS)

Initializing report step 127/1000 at 2025-01-01 (0.026041666666666664 DAYS) line 142
Complete report step 127 (0.00020833333333333332 DAYS) at 2025-01-01 (0.02625 DAYS)

Initializing report step 128/1000 at 2025-01-01 (0.02625 DAYS) line 142
Complete report step 128 (0.00020833333333333332 DAYS) at 2025-01-01 (0.026458333333333334 DAYS)

Initializing report step 129/1000 at 2025-01-01 (0.026458333333333334 DAYS) line 142
Complete report step 129 (0.00020833333333333332 DAYS) at 2025-01-01 (0.026666666666666665 DAYS)

Initializing report step 130/1000 at 2025-01-01 (0.026666666666666665 DAYS) line 142
Complete report step 130 (0.00020833333333333332 DAYS) at 2025-01-01 (0.026875 DAYS)

Initializing report step 131/1000 at 2025-01-01 (0.026875 DAYS) line 142
Complete report step 131 (0.00020833333333333332 DAYS) at 2025-01-01 (0.02708333333333333 DAYS)

Initializing report step 132/1000 at 2025-01-01 (0.02708333333333333 DAYS) line 142
Complete report step 132 (0.00020833333333333332 DAYS) at 2025-01-01 (0.027291666666666665 DAYS)

Initializing report step 133/1000 at 2025-01-01 (0.027291666666666665 DAYS) line 142
Complete report step 133 (0.00020833333333333332 DAYS) at 2025-01-01 (0.0275 DAYS)

Initializing report step 134/1000 at 2025-01-01 (0.0275 DAYS) line 142
Complete report step 134 (0.00020833333333333332 DAYS) at 2025-01-01 (0.02770833333333333 DAYS)

Initializing report step 135/1000 at 2025-01-01 (0.02770833333333333 DAYS) line 142
Complete report step 135 (0.00020833333333333332 DAYS) at 2025-01-01 (0.027916666666666666 DAYS)

Initializing report step 136/1000 at 2025-01-01 (0.027916666666666666 DAYS) line 142
Complete report step 136 (0.00020833333333333332 DAYS) at 2025-01-01 (0.028124999999999997 DAYS)

Initializing report step 137/1000 at 2025-01-01 (0.028124999999999997 DAYS) line 142
Complete report step 137 (0.00020833333333333332 DAYS) at 2025-01-01 (0.028333333333333332 DAYS)

Initializing report step 138/1000 at 2025-01-01 (0.028333333333333332 DAYS) line 142
Complete report step 138 (0.00020833333333333332 DAYS) at 2025-01-01 (0.028541666666666667 DAYS)

Initializing report step 139/1000 at 2025-01-01 (0.028541666666666667 DAYS) line 142
Complete report step 139 (0.00020833333333333332 DAYS) at 2025-01-01 (0.028749999999999998 DAYS)

Initializing report step 140/1000 at 2025-01-01 (0.028749999999999998 DAYS) line 142
Complete report step 140 (0.00020833333333333332 DAYS) at 2025-01-01 (0.028958333333333332 DAYS)

Initializing report step 141/1000 at 2025-01-01 (0.028958333333333332 DAYS) line 142
Complete report step 141 (0.00020833333333333332 DAYS) at 2025-01-01 (0.029166666666666664 DAYS)

Initializing report step 142/1000 at 2025-01-01 (0.029166666666666664 DAYS) line 142
Complete report step 142 (0.00020833333333333332 DAYS) at 2025-01-01 (0.029375 DAYS)

Initializing report step 143/1000 at 2025-01-01 (0.029375 DAYS) line 142
Complete report step 143 (0.00020833333333333332 DAYS) at 2025-01-01 (0.029583333333333333 DAYS)

Initializing report step 144/1000 at 2025-01-01 (0.029583333333333333 DAYS) line 142
Complete report step 144 (0.00020833333333333332 DAYS) at 2025-01-01 (0.029791666666666664 DAYS)

Initializing report step 145/1000 at 2025-01-01 (0.029791666666666664 DAYS) line 142
Complete report step 145 (0.00020833333333333332 DAYS) at 2025-01-01 (0.03 DAYS)

Initializing report step 146/1000 at 2025-01-01 (0.03 DAYS) line 142
Complete report step 146 (0.00020833333333333332 DAYS) at 2025-01-01 (0.030208333333333334 DAYS)

Initializing report step 147/1000 at 2025-01-01 (0.030208333333333334 DAYS) line 142
Complete report step 147 (0.00020833333333333332 DAYS) at 2025-01-01 (0.030416666666666665 DAYS)

Initializing report step 148/1000 at 2025-01-01 (0.030416666666666665 DAYS) line 142
Complete report step 148 (0.00020833333333333332 DAYS) at 2025-01-01 (0.030625 DAYS)

Initializing report step 149/1000 at 2025-01-01 (0.030625 DAYS) line 142
Complete report step 149 (0.00020833333333333332 DAYS) at 2025-01-01 (0.03083333333333333 DAYS)

Initializing report step 150/1000 at 2025-01-01 (0.03083333333333333 DAYS) line 142
Complete report step 150 (0.00020833333333333332 DAYS) at 2025-01-01 (0.031041666666666665 DAYS)

Initializing report step 151/1000 at 2025-01-01 (0.031041666666666665 DAYS) line 142
Complete report step 151 (0.00020833333333333332 DAYS) at 2025-01-01 (0.03125 DAYS)

Initializing report step 152/1000 at 2025-01-01 (0.03125 DAYS) line 142
Complete report step 152 (0.00020833333333333332 DAYS) at 2025-01-01 (0.03145833333333333 DAYS)

Initializing report step 153/1000 at 2025-01-01 (0.03145833333333333 DAYS) line 142
Complete report step 153 (0.00020833333333333332 DAYS) at 2025-01-01 (0.03166666666666666 DAYS)

Initializing report step 154/1000 at 2025-01-01 (0.03166666666666666 DAYS) line 142
Complete report step 154 (0.00020833333333333332 DAYS) at 2025-01-01 (0.031875 DAYS)

Initializing report step 155/1000 at 2025-01-01 (0.031875 DAYS) line 142
Complete report step 155 (0.00020833333333333332 DAYS) at 2025-01-01 (0.03208333333333333 DAYS)

Initializing report step 156/1000 at 2025-01-01 (0.03208333333333333 DAYS) line 142
Complete report step 156 (0.00020833333333333332 DAYS) at 2025-01-01 (0.03229166666666666 DAYS)

Initializing report step 157/1000 at 2025-01-01 (0.03229166666666666 DAYS) line 142
Complete report step 157 (0.00020833333333333332 DAYS) at 2025-01-01 (0.0325 DAYS)

Initializing report step 158/1000 at 2025-01-01 (0.0325 DAYS) line 142
Complete report step 158 (0.00020833333333333332 DAYS) at 2025-01-01 (0.03270833333333333 DAYS)

Initializing report step 159/1000 at 2025-01-01 (0.03270833333333333 DAYS) line 142
Complete report step 159 (0.00020833333333333332 DAYS) at 2025-01-01 (0.032916666666666664 DAYS)

Initializing report step 160/1000 at 2025-01-01 (0.032916666666666664 DAYS) line 142
Complete report step 160 (0.00020833333333333332 DAYS) at 2025-01-01 (0.033125 DAYS)

Initializing report step 161/1000 at 2025-01-01 (0.033125 DAYS) line 142
Complete report step 161 (0.00020833333333333332 DAYS) at 2025-01-01 (0.03333333333333333 DAYS)

Initializing report step 162/1000 at 2025-01-01 (0.03333333333333333 DAYS) line 142
Complete report step 162 (0.00020833333333333332 DAYS) at 2025-01-01 (0.033541666666666664 DAYS)

Initializing report step 163/1000 at 2025-01-01 (0.033541666666666664 DAYS) line 142
Complete report step 163 (0.00020833333333333332 DAYS) at 2025-01-01 (0.033749999999999995 DAYS)

Initializing report step 164/1000 at 2025-01-01 (0.033749999999999995 DAYS) line 142
Complete report step 164 (0.00020833333333333332 DAYS) at 2025-01-01 (0.03395833333333333 DAYS)

Initializing report step 165/1000 at 2025-01-01 (0.03395833333333333 DAYS) line 142
Complete report step 165 (0.00020833333333333332 DAYS) at 2025-01-01 (0.034166666666666665 DAYS)

Initializing report step 166/1000 at 2025-01-01 (0.034166666666666665 DAYS) line 142
Complete report step 166 (0.00020833333333333332 DAYS) at 2025-01-01 (0.034374999999999996 DAYS)

Initializing report step 167/1000 at 2025-01-01 (0.034374999999999996 DAYS) line 142
Complete report step 167 (0.00020833333333333332 DAYS) at 2025-01-01 (0.034583333333333334 DAYS)

Initializing report step 168/1000 at 2025-01-01 (0.034583333333333334 DAYS) line 142
Complete report step 168 (0.00020833333333333332 DAYS) at 2025-01-01 (0.034791666666666665 DAYS)

Initializing report step 169/1000 at 2025-01-01 (0.034791666666666665 DAYS) line 142
Complete report step 169 (0.00020833333333333332 DAYS) at 2025-01-01 (0.034999999999999996 DAYS)

Initializing report step 170/1000 at 2025-01-01 (0.034999999999999996 DAYS) line 142
Complete report step 170 (0.00020833333333333332 DAYS) at 2025-01-01 (0.035208333333333335 DAYS)

Initializing report step 171/1000 at 2025-01-01 (0.035208333333333335 DAYS) line 142
Complete report step 171 (0.00020833333333333332 DAYS) at 2025-01-01 (0.035416666666666666 DAYS)

Initializing report step 172/1000 at 2025-01-01 (0.035416666666666666 DAYS) line 142
Complete report step 172 (0.00020833333333333332 DAYS) at 2025-01-01 (0.035625 DAYS)

Initializing report step 173/1000 at 2025-01-01 (0.035625 DAYS) line 142
Complete report step 173 (0.00020833333333333332 DAYS) at 2025-01-01 (0.03583333333333333 DAYS)

Initializing report step 174/1000 at 2025-01-01 (0.03583333333333333 DAYS) line 142
Complete report step 174 (0.00020833333333333332 DAYS) at 2025-01-01 (0.036041666666666666 DAYS)

Initializing report step 175/1000 at 2025-01-01 (0.036041666666666666 DAYS) line 142
Complete report step 175 (0.00020833333333333332 DAYS) at 2025-01-01 (0.03625 DAYS)

Initializing report step 176/1000 at 2025-01-01 (0.03625 DAYS) line 142
Complete report step 176 (0.00020833333333333332 DAYS) at 2025-01-01 (0.03645833333333333 DAYS)

Initializing report step 177/1000 at 2025-01-01 (0.03645833333333333 DAYS) line 142
Complete report step 177 (0.00020833333333333332 DAYS) at 2025-01-01 (0.03666666666666667 DAYS)

Initializing report step 178/1000 at 2025-01-01 (0.03666666666666667 DAYS) line 142
Complete report step 178 (0.00020833333333333332 DAYS) at 2025-01-01 (0.036875 DAYS)

Initializing report step 179/1000 at 2025-01-01 (0.036875 DAYS) line 142
Complete report step 179 (0.00020833333333333332 DAYS) at 2025-01-01 (0.03708333333333333 DAYS)

Initializing report step 180/1000 at 2025-01-01 (0.03708333333333333 DAYS) line 142
Complete report step 180 (0.00020833333333333332 DAYS) at 2025-01-01 (0.03729166666666667 DAYS)

Initializing report step 181/1000 at 2025-01-01 (0.03729166666666667 DAYS) line 142
Complete report step 181 (0.00020833333333333332 DAYS) at 2025-01-01 (0.0375 DAYS)

Initializing report step 182/1000 at 2025-01-01 (0.0375 DAYS) line 142
Complete report step 182 (0.00020833333333333332 DAYS) at 2025-01-01 (0.03770833333333333 DAYS)

Initializing report step 183/1000 at 2025-01-01 (0.03770833333333333 DAYS) line 142
Complete report step 183 (0.00020833333333333332 DAYS) at 2025-01-01 (0.03791666666666667 DAYS)

Initializing report step 184/1000 at 2025-01-01 (0.03791666666666667 DAYS) line 142
Complete report step 184 (0.00020833333333333332 DAYS) at 2025-01-01 (0.038125 DAYS)

Initializing report step 185/1000 at 2025-01-01 (0.038125 DAYS) line 142
Complete report step 185 (0.00020833333333333332 DAYS) at 2025-01-01 (0.03833333333333333 DAYS)

Initializing report step 186/1000 at 2025-01-01 (0.03833333333333333 DAYS) line 142
Complete report step 186 (0.00020833333333333332 DAYS) at 2025-01-01 (0.03854166666666666 DAYS)

Initializing report step 187/1000 at 2025-01-01 (0.03854166666666666 DAYS) line 142
Complete report step 187 (0.00020833333333333332 DAYS) at 2025-01-01 (0.03875 DAYS)

Initializing report step 188/1000 at 2025-01-01 (0.03875 DAYS) line 142
Complete report step 188 (0.00020833333333333332 DAYS) at 2025-01-01 (0.03895833333333333 DAYS)

Initializing report step 189/1000 at 2025-01-01 (0.03895833333333333 DAYS) line 142
Complete report step 189 (0.00020833333333333332 DAYS) at 2025-01-01 (0.03916666666666666 DAYS)

Initializing report step 190/1000 at 2025-01-01 (0.03916666666666666 DAYS) line 142
Complete report step 190 (0.00020833333333333332 DAYS) at 2025-01-01 (0.039375 DAYS)

Initializing report step 191/1000 at 2025-01-01 (0.039375 DAYS) line 142
Complete report step 191 (0.00020833333333333332 DAYS) at 2025-01-01 (0.03958333333333333 DAYS)

Initializing report step 192/1000 at 2025-01-01 (0.03958333333333333 DAYS) line 142
Complete report step 192 (0.00020833333333333332 DAYS) at 2025-01-01 (0.03979166666666666 DAYS)

Initializing report step 193/1000 at 2025-01-01 (0.03979166666666666 DAYS) line 142
Complete report step 193 (0.00020833333333333332 DAYS) at 2025-01-01 (0.04 DAYS)

Initializing report step 194/1000 at 2025-01-01 (0.04 DAYS) line 142
Complete report step 194 (0.00020833333333333332 DAYS) at 2025-01-01 (0.04020833333333333 DAYS)

Initializing report step 195/1000 at 2025-01-01 (0.04020833333333333 DAYS) line 142
Complete report step 195 (0.00020833333333333332 DAYS) at 2025-01-01 (0.04041666666666666 DAYS)

Initializing report step 196/1000 at 2025-01-01 (0.04041666666666666 DAYS) line 142
Complete report step 196 (0.00020833333333333332 DAYS) at 2025-01-01 (0.040625 DAYS)

Initializing report step 197/1000 at 2025-01-01 (0.040625 DAYS) line 142
Complete report step 197 (0.00020833333333333332 DAYS) at 2025-01-01 (0.04083333333333333 DAYS)

Initializing report step 198/1000 at 2025-01-01 (0.04083333333333333 DAYS) line 142
Complete report step 198 (0.00020833333333333332 DAYS) at 2025-01-01 (0.041041666666666664 DAYS)

Initializing report step 199/1000 at 2025-01-01 (0.041041666666666664 DAYS) line 142
Complete report step 199 (0.00020833333333333332 DAYS) at 2025-01-01 (0.041249999999999995 DAYS)

Initializing report step 200/1000 at 2025-01-01 (0.041249999999999995 DAYS) line 142
Complete report step 200 (0.00020833333333333332 DAYS) at 2025-01-01 (0.04145833333333333 DAYS)

Initializing report step 201/1000 at 2025-01-01 (0.04145833333333333 DAYS) line 142
Complete report step 201 (0.00020833333333333332 DAYS) at 2025-01-01 (0.041666666666666664 DAYS)

Initializing report step 202/1000 at 2025-01-01 (0.041666666666666664 DAYS) line 142
Complete report step 202 (0.00020833333333333332 DAYS) at 2025-01-01 (0.041874999999999996 DAYS)

Initializing report step 203/1000 at 2025-01-01 (0.041874999999999996 DAYS) line 142
Complete report step 203 (0.00020833333333333332 DAYS) at 2025-01-01 (0.042083333333333334 DAYS)

Initializing report step 204/1000 at 2025-01-01 (0.042083333333333334 DAYS) line 142
Complete report step 204 (0.00020833333333333332 DAYS) at 2025-01-01 (0.042291666666666665 DAYS)

Initializing report step 205/1000 at 2025-01-01 (0.042291666666666665 DAYS) line 142
Complete report step 205 (0.00020833333333333332 DAYS) at 2025-01-01 (0.042499999999999996 DAYS)

Initializing report step 206/1000 at 2025-01-01 (0.042499999999999996 DAYS) line 142
Complete report step 206 (0.00020833333333333332 DAYS) at 2025-01-01 (0.042708333333333334 DAYS)

Initializing report step 207/1000 at 2025-01-01 (0.042708333333333334 DAYS) line 142
Complete report step 207 (0.00020833333333333332 DAYS) at 2025-01-01 (0.042916666666666665 DAYS)

Initializing report step 208/1000 at 2025-01-01 (0.042916666666666665 DAYS) line 142
Complete report step 208 (0.00020833333333333332 DAYS) at 2025-01-01 (0.043125 DAYS)

Initializing report step 209/1000 at 2025-01-01 (0.043125 DAYS) line 142
Complete report step 209 (0.00020833333333333332 DAYS) at 2025-01-01 (0.04333333333333333 DAYS)

Initializing report step 210/1000 at 2025-01-01 (0.04333333333333333 DAYS) line 142
Complete report step 210 (0.00020833333333333332 DAYS) at 2025-01-01 (0.043541666666666666 DAYS)

Initializing report step 211/1000 at 2025-01-01 (0.043541666666666666 DAYS) line 142
Complete report step 211 (0.00020833333333333332 DAYS) at 2025-01-01 (0.04375 DAYS)

Initializing report step 212/1000 at 2025-01-01 (0.04375 DAYS) line 142
Complete report step 212 (0.00020833333333333332 DAYS) at 2025-01-01 (0.04395833333333333 DAYS)

Initializing report step 213/1000 at 2025-01-01 (0.04395833333333333 DAYS) line 142
Complete report step 213 (0.00020833333333333332 DAYS) at 2025-01-01 (0.04416666666666667 DAYS)

Initializing report step 214/1000 at 2025-01-01 (0.04416666666666667 DAYS) line 142
Complete report step 214 (0.00020833333333333332 DAYS) at 2025-01-01 (0.044375 DAYS)

Initializing report step 215/1000 at 2025-01-01 (0.044375 DAYS) line 142
Complete report step 215 (0.00020833333333333332 DAYS) at 2025-01-01 (0.04458333333333333 DAYS)

Initializing report step 216/1000 at 2025-01-01 (0.04458333333333333 DAYS) line 142
Complete report step 216 (0.00020833333333333332 DAYS) at 2025-01-01 (0.04479166666666667 DAYS)

Initializing report step 217/1000 at 2025-01-01 (0.04479166666666667 DAYS) line 142
Complete report step 217 (0.00020833333333333332 DAYS) at 2025-01-01 (0.045 DAYS)

Initializing report step 218/1000 at 2025-01-01 (0.045 DAYS) line 142
Complete report step 218 (0.00020833333333333332 DAYS) at 2025-01-01 (0.04520833333333333 DAYS)

Initializing report step 219/1000 at 2025-01-01 (0.04520833333333333 DAYS) line 142
Complete report step 219 (0.00020833333333333332 DAYS) at 2025-01-01 (0.04541666666666667 DAYS)

Initializing report step 220/1000 at 2025-01-01 (0.04541666666666667 DAYS) line 142
Complete report step 220 (0.00020833333333333332 DAYS) at 2025-01-01 (0.045625 DAYS)

Initializing report step 221/1000 at 2025-01-01 (0.045625 DAYS) line 142
Complete report step 221 (0.00020833333333333332 DAYS) at 2025-01-01 (0.04583333333333333 DAYS)

Initializing report step 222/1000 at 2025-01-01 (0.04583333333333333 DAYS) line 142
Complete report step 222 (0.00020833333333333332 DAYS) at 2025-01-01 (0.04604166666666666 DAYS)

Initializing report step 223/1000 at 2025-01-01 (0.04604166666666666 DAYS) line 142
Complete report step 223 (0.00020833333333333332 DAYS) at 2025-01-01 (0.04625 DAYS)

Initializing report step 224/1000 at 2025-01-01 (0.04625 DAYS) line 142
Complete report step 224 (0.00020833333333333332 DAYS) at 2025-01-01 (0.04645833333333333 DAYS)

Initializing report step 225/1000 at 2025-01-01 (0.04645833333333333 DAYS) line 142
Complete report step 225 (0.00020833333333333332 DAYS) at 2025-01-01 (0.04666666666666666 DAYS)

Initializing report step 226/1000 at 2025-01-01 (0.04666666666666666 DAYS) line 142
Complete report step 226 (0.00020833333333333332 DAYS) at 2025-01-01 (0.046875 DAYS)

Initializing report step 227/1000 at 2025-01-01 (0.046875 DAYS) line 142
Complete report step 227 (0.00020833333333333332 DAYS) at 2025-01-01 (0.04708333333333333 DAYS)

Initializing report step 228/1000 at 2025-01-01 (0.04708333333333333 DAYS) line 142
Complete report step 228 (0.00020833333333333332 DAYS) at 2025-01-01 (0.04729166666666666 DAYS)

Initializing report step 229/1000 at 2025-01-01 (0.04729166666666666 DAYS) line 142
Complete report step 229 (0.00020833333333333332 DAYS) at 2025-01-01 (0.0475 DAYS)

Initializing report step 230/1000 at 2025-01-01 (0.0475 DAYS) line 142
Complete report step 230 (0.00020833333333333332 DAYS) at 2025-01-01 (0.04770833333333333 DAYS)

Initializing report step 231/1000 at 2025-01-01 (0.04770833333333333 DAYS) line 142
Complete report step 231 (0.00020833333333333332 DAYS) at 2025-01-01 (0.04791666666666666 DAYS)

Initializing report step 232/1000 at 2025-01-01 (0.04791666666666666 DAYS) line 142
Complete report step 232 (0.00020833333333333332 DAYS) at 2025-01-01 (0.048124999999999994 DAYS)

Initializing report step 233/1000 at 2025-01-01 (0.048124999999999994 DAYS) line 142
Complete report step 233 (0.00020833333333333332 DAYS) at 2025-01-01 (0.04833333333333333 DAYS)

Initializing report step 234/1000 at 2025-01-01 (0.04833333333333333 DAYS) line 142
Complete report step 234 (0.00020833333333333332 DAYS) at 2025-01-01 (0.048541666666666664 DAYS)

Initializing report step 235/1000 at 2025-01-01 (0.048541666666666664 DAYS) line 142
Complete report step 235 (0.00020833333333333332 DAYS) at 2025-01-01 (0.048749999999999995 DAYS)

Initializing report step 236/1000 at 2025-01-01 (0.048749999999999995 DAYS) line 142
Complete report step 236 (0.00020833333333333332 DAYS) at 2025-01-01 (0.04895833333333333 DAYS)

Initializing report step 237/1000 at 2025-01-01 (0.04895833333333333 DAYS) line 142
Complete report step 237 (0.00020833333333333332 DAYS) at 2025-01-01 (0.049166666666666664 DAYS)

Initializing report step 238/1000 at 2025-01-01 (0.049166666666666664 DAYS) line 142
Complete report step 238 (0.00020833333333333332 DAYS) at 2025-01-01 (0.049374999999999995 DAYS)

Initializing report step 239/1000 at 2025-01-01 (0.049374999999999995 DAYS) line 142
Complete report step 239 (0.00020833333333333332 DAYS) at 2025-01-01 (0.04958333333333333 DAYS)

Initializing report step 240/1000 at 2025-01-01 (0.04958333333333333 DAYS) line 142
Complete report step 240 (0.00020833333333333332 DAYS) at 2025-01-01 (0.049791666666666665 DAYS)

Initializing report step 241/1000 at 2025-01-01 (0.049791666666666665 DAYS) line 142
Complete report step 241 (0.00020833333333333332 DAYS) at 2025-01-01 (0.049999999999999996 DAYS)

Initializing report step 242/1000 at 2025-01-01 (0.049999999999999996 DAYS) line 142
Complete report step 242 (0.00020833333333333332 DAYS) at 2025-01-01 (0.050208333333333334 DAYS)

Initializing report step 243/1000 at 2025-01-01 (0.050208333333333334 DAYS) line 142
Complete report step 243 (0.00020833333333333332 DAYS) at 2025-01-01 (0.050416666666666665 DAYS)

Initializing report step 244/1000 at 2025-01-01 (0.050416666666666665 DAYS) line 142
Complete report step 244 (0.00020833333333333332 DAYS) at 2025-01-01 (0.050624999999999996 DAYS)

Initializing report step 245/1000 at 2025-01-01 (0.050624999999999996 DAYS) line 142
Complete report step 245 (0.00020833333333333332 DAYS) at 2025-01-01 (0.05083333333333333 DAYS)

Initializing report step 246/1000 at 2025-01-01 (0.05083333333333333 DAYS) line 142
Complete report step 246 (0.00020833333333333332 DAYS) at 2025-01-01 (0.051041666666666666 DAYS)

Initializing report step 247/1000 at 2025-01-01 (0.051041666666666666 DAYS) line 142
Complete report step 247 (0.00020833333333333332 DAYS) at 2025-01-01 (0.05125 DAYS)

Initializing report step 248/1000 at 2025-01-01 (0.05125 DAYS) line 142
Complete report step 248 (0.00020833333333333332 DAYS) at 2025-01-01 (0.05145833333333333 DAYS)

Initializing report step 249/1000 at 2025-01-01 (0.05145833333333333 DAYS) line 142
Complete report step 249 (0.00020833333333333332 DAYS) at 2025-01-01 (0.051666666666666666 DAYS)

Initializing report step 250/1000 at 2025-01-01 (0.051666666666666666 DAYS) line 142
Complete report step 250 (0.00020833333333333332 DAYS) at 2025-01-01 (0.051875 DAYS)

Initializing report step 251/1000 at 2025-01-01 (0.051875 DAYS) line 142
Complete report step 251 (0.00020833333333333332 DAYS) at 2025-01-01 (0.05208333333333333 DAYS)

Initializing report step 252/1000 at 2025-01-01 (0.05208333333333333 DAYS) line 142
Complete report step 252 (0.00020833333333333332 DAYS) at 2025-01-01 (0.05229166666666667 DAYS)

Initializing report step 253/1000 at 2025-01-01 (0.05229166666666667 DAYS) line 142
Complete report step 253 (0.00020833333333333332 DAYS) at 2025-01-01 (0.0525 DAYS)

Initializing report step 254/1000 at 2025-01-01 (0.0525 DAYS) line 142
Complete report step 254 (0.00020833333333333332 DAYS) at 2025-01-01 (0.05270833333333333 DAYS)

Initializing report step 255/1000 at 2025-01-01 (0.05270833333333333 DAYS) line 142
Complete report step 255 (0.00020833333333333332 DAYS) at 2025-01-01 (0.05291666666666667 DAYS)

Initializing report step 256/1000 at 2025-01-01 (0.05291666666666667 DAYS) line 142
Complete report step 256 (0.00020833333333333332 DAYS) at 2025-01-01 (0.053125 DAYS)

Initializing report step 257/1000 at 2025-01-01 (0.053125 DAYS) line 142
Complete report step 257 (0.00020833333333333332 DAYS) at 2025-01-01 (0.05333333333333333 DAYS)

Initializing report step 258/1000 at 2025-01-01 (0.05333333333333333 DAYS) line 142
Complete report step 258 (0.00020833333333333332 DAYS) at 2025-01-01 (0.05354166666666666 DAYS)

Initializing report step 259/1000 at 2025-01-01 (0.05354166666666666 DAYS) line 142
Complete report step 259 (0.00020833333333333332 DAYS) at 2025-01-01 (0.05375 DAYS)

Initializing report step 260/1000 at 2025-01-01 (0.05375 DAYS) line 142
Complete report step 260 (0.00020833333333333332 DAYS) at 2025-01-01 (0.05395833333333333 DAYS)

Initializing report step 261/1000 at 2025-01-01 (0.05395833333333333 DAYS) line 142
Complete report step 261 (0.00020833333333333332 DAYS) at 2025-01-01 (0.05416666666666666 DAYS)

Initializing report step 262/1000 at 2025-01-01 (0.05416666666666666 DAYS) line 142
Complete report step 262 (0.00020833333333333332 DAYS) at 2025-01-01 (0.054375 DAYS)

Initializing report step 263/1000 at 2025-01-01 (0.054375 DAYS) line 142
Complete report step 263 (0.00020833333333333332 DAYS) at 2025-01-01 (0.05458333333333333 DAYS)

Initializing report step 264/1000 at 2025-01-01 (0.05458333333333333 DAYS) line 142
Complete report step 264 (0.00020833333333333332 DAYS) at 2025-01-01 (0.05479166666666666 DAYS)

Initializing report step 265/1000 at 2025-01-01 (0.05479166666666666 DAYS) line 142
Complete report step 265 (0.00020833333333333332 DAYS) at 2025-01-01 (0.055 DAYS)

Initializing report step 266/1000 at 2025-01-01 (0.055 DAYS) line 142
Complete report step 266 (0.00020833333333333332 DAYS) at 2025-01-01 (0.05520833333333333 DAYS)

Initializing report step 267/1000 at 2025-01-01 (0.05520833333333333 DAYS) line 142
Complete report step 267 (0.00020833333333333332 DAYS) at 2025-01-01 (0.05541666666666666 DAYS)

Initializing report step 268/1000 at 2025-01-01 (0.05541666666666666 DAYS) line 142
Complete report step 268 (0.00020833333333333332 DAYS) at 2025-01-01 (0.055624999999999994 DAYS)

Initializing report step 269/1000 at 2025-01-01 (0.055624999999999994 DAYS) line 142
Complete report step 269 (0.00020833333333333332 DAYS) at 2025-01-01 (0.05583333333333333 DAYS)

Initializing report step 270/1000 at 2025-01-01 (0.05583333333333333 DAYS) line 142
Complete report step 270 (0.00020833333333333332 DAYS) at 2025-01-01 (0.05604166666666666 DAYS)

Initializing report step 271/1000 at 2025-01-01 (0.05604166666666666 DAYS) line 142
Complete report step 271 (0.00020833333333333332 DAYS) at 2025-01-01 (0.056249999999999994 DAYS)

Initializing report step 272/1000 at 2025-01-01 (0.056249999999999994 DAYS) line 142
Complete report step 272 (0.00020833333333333332 DAYS) at 2025-01-01 (0.05645833333333333 DAYS)

Initializing report step 273/1000 at 2025-01-01 (0.05645833333333333 DAYS) line 142
Complete report step 273 (0.00020833333333333332 DAYS) at 2025-01-01 (0.056666666666666664 DAYS)

Initializing report step 274/1000 at 2025-01-01 (0.056666666666666664 DAYS) line 142
Complete report step 274 (0.00020833333333333332 DAYS) at 2025-01-01 (0.056874999999999995 DAYS)

Initializing report step 275/1000 at 2025-01-01 (0.056874999999999995 DAYS) line 142
Complete report step 275 (0.00020833333333333332 DAYS) at 2025-01-01 (0.05708333333333333 DAYS)

Initializing report step 276/1000 at 2025-01-01 (0.05708333333333333 DAYS) line 142
Complete report step 276 (0.00020833333333333332 DAYS) at 2025-01-01 (0.057291666666666664 DAYS)

Initializing report step 277/1000 at 2025-01-01 (0.057291666666666664 DAYS) line 142
Complete report step 277 (0.00020833333333333332 DAYS) at 2025-01-01 (0.057499999999999996 DAYS)

Initializing report step 278/1000 at 2025-01-01 (0.057499999999999996 DAYS) line 142
Complete report step 278 (0.00020833333333333332 DAYS) at 2025-01-01 (0.057708333333333334 DAYS)

Initializing report step 279/1000 at 2025-01-01 (0.057708333333333334 DAYS) line 142
Complete report step 279 (0.00020833333333333332 DAYS) at 2025-01-01 (0.057916666666666665 DAYS)

Initializing report step 280/1000 at 2025-01-01 (0.057916666666666665 DAYS) line 142
Complete report step 280 (0.00020833333333333332 DAYS) at 2025-01-01 (0.058124999999999996 DAYS)

Initializing report step 281/1000 at 2025-01-01 (0.058124999999999996 DAYS) line 142
Complete report step 281 (0.00020833333333333332 DAYS) at 2025-01-01 (0.05833333333333333 DAYS)

Initializing report step 282/1000 at 2025-01-01 (0.05833333333333333 DAYS) line 142
Complete report step 282 (0.00020833333333333332 DAYS) at 2025-01-01 (0.058541666666666665 DAYS)

Initializing report step 283/1000 at 2025-01-01 (0.058541666666666665 DAYS) line 142
Complete report step 283 (0.00020833333333333332 DAYS) at 2025-01-01 (0.05875 DAYS)

Initializing report step 284/1000 at 2025-01-01 (0.05875 DAYS) line 142
Complete report step 284 (0.00020833333333333332 DAYS) at 2025-01-01 (0.05895833333333333 DAYS)

Initializing report step 285/1000 at 2025-01-01 (0.05895833333333333 DAYS) line 142
Complete report step 285 (0.00020833333333333332 DAYS) at 2025-01-01 (0.059166666666666666 DAYS)

Initializing report step 286/1000 at 2025-01-01 (0.059166666666666666 DAYS) line 142
Complete report step 286 (0.00020833333333333332 DAYS) at 2025-01-01 (0.059375 DAYS)

Initializing report step 287/1000 at 2025-01-01 (0.059375 DAYS) line 142
Complete report step 287 (0.00020833333333333332 DAYS) at 2025-01-01 (0.05958333333333333 DAYS)

Initializing report step 288/1000 at 2025-01-01 (0.05958333333333333 DAYS) line 142
Complete report step 288 (0.00020833333333333332 DAYS) at 2025-01-01 (0.05979166666666667 DAYS)

Initializing report step 289/1000 at 2025-01-01 (0.05979166666666667 DAYS) line 142
Complete report step 289 (0.00020833333333333332 DAYS) at 2025-01-01 (0.06 DAYS)

Initializing report step 290/1000 at 2025-01-01 (0.06 DAYS) line 142
Complete report step 290 (0.00020833333333333332 DAYS) at 2025-01-01 (0.06020833333333333 DAYS)

Initializing report step 291/1000 at 2025-01-01 (0.06020833333333333 DAYS) line 142
Complete report step 291 (0.00020833333333333332 DAYS) at 2025-01-01 (0.06041666666666667 DAYS)

Initializing report step 292/1000 at 2025-01-01 (0.06041666666666667 DAYS) line 142
Complete report step 292 (0.00020833333333333332 DAYS) at 2025-01-01 (0.060625 DAYS)

Initializing report step 293/1000 at 2025-01-01 (0.060625 DAYS) line 142
Complete report step 293 (0.00020833333333333332 DAYS) at 2025-01-01 (0.06083333333333333 DAYS)

Initializing report step 294/1000 at 2025-01-01 (0.06083333333333333 DAYS) line 142
Complete report step 294 (0.00020833333333333332 DAYS) at 2025-01-01 (0.06104166666666666 DAYS)

Initializing report step 295/1000 at 2025-01-01 (0.06104166666666666 DAYS) line 142
Complete report step 295 (0.00020833333333333332 DAYS) at 2025-01-01 (0.06125 DAYS)

Initializing report step 296/1000 at 2025-01-01 (0.06125 DAYS) line 142
Complete report step 296 (0.00020833333333333332 DAYS) at 2025-01-01 (0.06145833333333333 DAYS)

Initializing report step 297/1000 at 2025-01-01 (0.06145833333333333 DAYS) line 142
Complete report step 297 (0.00020833333333333332 DAYS) at 2025-01-01 (0.06166666666666666 DAYS)

Initializing report step 298/1000 at 2025-01-01 (0.06166666666666666 DAYS) line 142
Complete report step 298 (0.00020833333333333332 DAYS) at 2025-01-01 (0.061875 DAYS)

Initializing report step 299/1000 at 2025-01-01 (0.061875 DAYS) line 142
Complete report step 299 (0.00020833333333333332 DAYS) at 2025-01-01 (0.06208333333333333 DAYS)

Initializing report step 300/1000 at 2025-01-01 (0.06208333333333333 DAYS) line 142
Complete report step 300 (0.00020833333333333332 DAYS) at 2025-01-01 (0.06229166666666666 DAYS)

Initializing report step 301/1000 at 2025-01-01 (0.06229166666666666 DAYS) line 142
Complete report step 301 (0.00020833333333333332 DAYS) at 2025-01-01 (0.0625 DAYS)

Initializing report step 302/1000 at 2025-01-01 (0.0625 DAYS) line 142
Complete report step 302 (0.00020833333333333332 DAYS) at 2025-01-01 (0.06270833333333332 DAYS)

Initializing report step 303/1000 at 2025-01-01 (0.06270833333333332 DAYS) line 142
Complete report step 303 (0.00020833333333333332 DAYS) at 2025-01-01 (0.06291666666666666 DAYS)

Initializing report step 304/1000 at 2025-01-01 (0.06291666666666666 DAYS) line 142
Complete report step 304 (0.00020833333333333332 DAYS) at 2025-01-01 (0.063125 DAYS)

Initializing report step 305/1000 at 2025-01-01 (0.063125 DAYS) line 142
Complete report step 305 (0.00020833333333333332 DAYS) at 2025-01-01 (0.06333333333333332 DAYS)

Initializing report step 306/1000 at 2025-01-01 (0.06333333333333332 DAYS) line 142
Complete report step 306 (0.00020833333333333332 DAYS) at 2025-01-01 (0.06354166666666666 DAYS)

Initializing report step 307/1000 at 2025-01-01 (0.06354166666666666 DAYS) line 142
Complete report step 307 (0.00020833333333333332 DAYS) at 2025-01-01 (0.06375 DAYS)

Initializing report step 308/1000 at 2025-01-01 (0.06375 DAYS) line 142
Complete report step 308 (0.00020833333333333332 DAYS) at 2025-01-01 (0.06395833333333333 DAYS)

Initializing report step 309/1000 at 2025-01-01 (0.06395833333333333 DAYS) line 142
Complete report step 309 (0.00020833333333333332 DAYS) at 2025-01-01 (0.06416666666666666 DAYS)

Initializing report step 310/1000 at 2025-01-01 (0.06416666666666666 DAYS) line 142
Complete report step 310 (0.00020833333333333332 DAYS) at 2025-01-01 (0.064375 DAYS)

Initializing report step 311/1000 at 2025-01-01 (0.064375 DAYS) line 142
Complete report step 311 (0.00020833333333333332 DAYS) at 2025-01-01 (0.06458333333333333 DAYS)

Initializing report step 312/1000 at 2025-01-01 (0.06458333333333333 DAYS) line 142
Complete report step 312 (0.00020833333333333332 DAYS) at 2025-01-01 (0.06479166666666666 DAYS)

Initializing report step 313/1000 at 2025-01-01 (0.06479166666666666 DAYS) line 142
Complete report step 313 (0.00020833333333333332 DAYS) at 2025-01-01 (0.065 DAYS)

Initializing report step 314/1000 at 2025-01-01 (0.065 DAYS) line 142
Complete report step 314 (0.00020833333333333332 DAYS) at 2025-01-01 (0.06520833333333333 DAYS)

Initializing report step 315/1000 at 2025-01-01 (0.06520833333333333 DAYS) line 142
Complete report step 315 (0.00020833333333333332 DAYS) at 2025-01-01 (0.06541666666666666 DAYS)

Initializing report step 316/1000 at 2025-01-01 (0.06541666666666666 DAYS) line 142
Complete report step 316 (0.00020833333333333332 DAYS) at 2025-01-01 (0.065625 DAYS)

Initializing report step 317/1000 at 2025-01-01 (0.065625 DAYS) line 142
Complete report step 317 (0.00020833333333333332 DAYS) at 2025-01-01 (0.06583333333333333 DAYS)

Initializing report step 318/1000 at 2025-01-01 (0.06583333333333333 DAYS) line 142
Complete report step 318 (0.00020833333333333332 DAYS) at 2025-01-01 (0.06604166666666667 DAYS)

Initializing report step 319/1000 at 2025-01-01 (0.06604166666666667 DAYS) line 142
Complete report step 319 (0.00020833333333333332 DAYS) at 2025-01-01 (0.06625 DAYS)

Initializing report step 320/1000 at 2025-01-01 (0.06625 DAYS) line 142
Complete report step 320 (0.00020833333333333332 DAYS) at 2025-01-01 (0.06645833333333333 DAYS)

Initializing report step 321/1000 at 2025-01-01 (0.06645833333333333 DAYS) line 142
Complete report step 321 (0.00020833333333333332 DAYS) at 2025-01-01 (0.06666666666666667 DAYS)

Initializing report step 322/1000 at 2025-01-01 (0.06666666666666667 DAYS) line 142
Complete report step 322 (0.00020833333333333332 DAYS) at 2025-01-01 (0.06687499999999999 DAYS)

Initializing report step 323/1000 at 2025-01-01 (0.06687499999999999 DAYS) line 142
Complete report step 323 (0.00020833333333333332 DAYS) at 2025-01-01 (0.06708333333333333 DAYS)

Initializing report step 324/1000 at 2025-01-01 (0.06708333333333333 DAYS) line 142
Complete report step 324 (0.00020833333333333332 DAYS) at 2025-01-01 (0.06729166666666667 DAYS)

Initializing report step 325/1000 at 2025-01-01 (0.06729166666666667 DAYS) line 142
Complete report step 325 (0.00020833333333333332 DAYS) at 2025-01-01 (0.06749999999999999 DAYS)

Initializing report step 326/1000 at 2025-01-01 (0.06749999999999999 DAYS) line 142
Complete report step 326 (0.00020833333333333332 DAYS) at 2025-01-01 (0.06770833333333333 DAYS)

Initializing report step 327/1000 at 2025-01-01 (0.06770833333333333 DAYS) line 142
Complete report step 327 (0.00020833333333333332 DAYS) at 2025-01-01 (0.06791666666666667 DAYS)

Initializing report step 328/1000 at 2025-01-01 (0.06791666666666667 DAYS) line 142
Complete report step 328 (0.00020833333333333332 DAYS) at 2025-01-01 (0.06812499999999999 DAYS)

Initializing report step 329/1000 at 2025-01-01 (0.06812499999999999 DAYS) line 142
Complete report step 329 (0.00020833333333333332 DAYS) at 2025-01-01 (0.06833333333333333 DAYS)

Initializing report step 330/1000 at 2025-01-01 (0.06833333333333333 DAYS) line 142
Complete report step 330 (0.00020833333333333332 DAYS) at 2025-01-01 (0.06854166666666667 DAYS)

Initializing report step 331/1000 at 2025-01-01 (0.06854166666666667 DAYS) line 142
Complete report step 331 (0.00020833333333333332 DAYS) at 2025-01-01 (0.06874999999999999 DAYS)

Initializing report step 332/1000 at 2025-01-01 (0.06874999999999999 DAYS) line 142
Complete report step 332 (0.00020833333333333332 DAYS) at 2025-01-01 (0.06895833333333333 DAYS)

Initializing report step 333/1000 at 2025-01-01 (0.06895833333333333 DAYS) line 142
Complete report step 333 (0.00020833333333333332 DAYS) at 2025-01-01 (0.06916666666666667 DAYS)

Initializing report step 334/1000 at 2025-01-01 (0.06916666666666667 DAYS) line 142
Complete report step 334 (0.00020833333333333332 DAYS) at 2025-01-01 (0.06937499999999999 DAYS)

Initializing report step 335/1000 at 2025-01-01 (0.06937499999999999 DAYS) line 142
Complete report step 335 (0.00020833333333333332 DAYS) at 2025-01-01 (0.06958333333333333 DAYS)

Initializing report step 336/1000 at 2025-01-01 (0.06958333333333333 DAYS) line 142
Complete report step 336 (0.00020833333333333332 DAYS) at 2025-01-01 (0.06979166666666667 DAYS)

Initializing report step 337/1000 at 2025-01-01 (0.06979166666666667 DAYS) line 142
Complete report step 337 (0.00020833333333333332 DAYS) at 2025-01-01 (0.06999999999999999 DAYS)

Initializing report step 338/1000 at 2025-01-01 (0.06999999999999999 DAYS) line 142
Complete report step 338 (0.00020833333333333332 DAYS) at 2025-01-01 (0.07020833333333333 DAYS)

Initializing report step 339/1000 at 2025-01-01 (0.07020833333333333 DAYS) line 142
Complete report step 339 (0.00020833333333333332 DAYS) at 2025-01-01 (0.07041666666666667 DAYS)

Initializing report step 340/1000 at 2025-01-01 (0.07041666666666667 DAYS) line 142
Complete report step 340 (0.00020833333333333332 DAYS) at 2025-01-01 (0.070625 DAYS)

Initializing report step 341/1000 at 2025-01-01 (0.070625 DAYS) line 142
Complete report step 341 (0.00020833333333333332 DAYS) at 2025-01-01 (0.07083333333333333 DAYS)

Initializing report step 342/1000 at 2025-01-01 (0.07083333333333333 DAYS) line 142
Complete report step 342 (0.00020833333333333332 DAYS) at 2025-01-01 (0.07104166666666667 DAYS)

Initializing report step 343/1000 at 2025-01-01 (0.07104166666666667 DAYS) line 142
Complete report step 343 (0.00020833333333333332 DAYS) at 2025-01-01 (0.07125 DAYS)

Initializing report step 344/1000 at 2025-01-01 (0.07125 DAYS) line 142
Complete report step 344 (0.00020833333333333332 DAYS) at 2025-01-01 (0.07145833333333333 DAYS)

Initializing report step 345/1000 at 2025-01-01 (0.07145833333333333 DAYS) line 142
Complete report step 345 (0.00020833333333333332 DAYS) at 2025-01-01 (0.07166666666666666 DAYS)

Initializing report step 346/1000 at 2025-01-01 (0.07166666666666666 DAYS) line 142
Complete report step 346 (0.00020833333333333332 DAYS) at 2025-01-01 (0.071875 DAYS)

Initializing report step 347/1000 at 2025-01-01 (0.071875 DAYS) line 142
Complete report step 347 (0.00020833333333333332 DAYS) at 2025-01-01 (0.07208333333333333 DAYS)

Initializing report step 348/1000 at 2025-01-01 (0.07208333333333333 DAYS) line 142
Complete report step 348 (0.00020833333333333332 DAYS) at 2025-01-01 (0.07229166666666666 DAYS)

Initializing report step 349/1000 at 2025-01-01 (0.07229166666666666 DAYS) line 142
Complete report step 349 (0.00020833333333333332 DAYS) at 2025-01-01 (0.0725 DAYS)

Initializing report step 350/1000 at 2025-01-01 (0.0725 DAYS) line 142
Complete report step 350 (0.00020833333333333332 DAYS) at 2025-01-01 (0.07270833333333333 DAYS)

Initializing report step 351/1000 at 2025-01-01 (0.07270833333333333 DAYS) line 142
Complete report step 351 (0.00020833333333333332 DAYS) at 2025-01-01 (0.07291666666666666 DAYS)

Initializing report step 352/1000 at 2025-01-01 (0.07291666666666666 DAYS) line 142
Complete report step 352 (0.00020833333333333332 DAYS) at 2025-01-01 (0.073125 DAYS)

Initializing report step 353/1000 at 2025-01-01 (0.073125 DAYS) line 142
Complete report step 353 (0.00020833333333333332 DAYS) at 2025-01-01 (0.07333333333333333 DAYS)

Initializing report step 354/1000 at 2025-01-01 (0.07333333333333333 DAYS) line 142
Complete report step 354 (0.00020833333333333332 DAYS) at 2025-01-01 (0.07354166666666666 DAYS)

Initializing report step 355/1000 at 2025-01-01 (0.07354166666666666 DAYS) line 142
Complete report step 355 (0.00020833333333333332 DAYS) at 2025-01-01 (0.07375 DAYS)

Initializing report step 356/1000 at 2025-01-01 (0.07375 DAYS) line 142
Complete report step 356 (0.00020833333333333332 DAYS) at 2025-01-01 (0.07395833333333333 DAYS)

Initializing report step 357/1000 at 2025-01-01 (0.07395833333333333 DAYS) line 142
Complete report step 357 (0.00020833333333333332 DAYS) at 2025-01-01 (0.07416666666666666 DAYS)

Initializing report step 358/1000 at 2025-01-01 (0.07416666666666666 DAYS) line 142
Complete report step 358 (0.00020833333333333332 DAYS) at 2025-01-01 (0.074375 DAYS)

Initializing report step 359/1000 at 2025-01-01 (0.074375 DAYS) line 142
Complete report step 359 (0.00020833333333333332 DAYS) at 2025-01-01 (0.07458333333333333 DAYS)

Initializing report step 360/1000 at 2025-01-01 (0.07458333333333333 DAYS) line 142
Complete report step 360 (0.00020833333333333332 DAYS) at 2025-01-01 (0.07479166666666666 DAYS)

Initializing report step 361/1000 at 2025-01-01 (0.07479166666666666 DAYS) line 142
Complete report step 361 (0.00020833333333333332 DAYS) at 2025-01-01 (0.075 DAYS)

Initializing report step 362/1000 at 2025-01-01 (0.075 DAYS) line 142
Complete report step 362 (0.00020833333333333332 DAYS) at 2025-01-01 (0.07520833333333334 DAYS)

Initializing report step 363/1000 at 2025-01-01 (0.07520833333333334 DAYS) line 142
Complete report step 363 (0.00020833333333333332 DAYS) at 2025-01-01 (0.07541666666666666 DAYS)

Initializing report step 364/1000 at 2025-01-01 (0.07541666666666666 DAYS) line 142
Complete report step 364 (0.00020833333333333332 DAYS) at 2025-01-01 (0.075625 DAYS)

Initializing report step 365/1000 at 2025-01-01 (0.075625 DAYS) line 142
Complete report step 365 (0.00020833333333333332 DAYS) at 2025-01-01 (0.07583333333333334 DAYS)

Initializing report step 366/1000 at 2025-01-01 (0.07583333333333334 DAYS) line 142
Complete report step 366 (0.00020833333333333332 DAYS) at 2025-01-01 (0.07604166666666666 DAYS)

Initializing report step 367/1000 at 2025-01-01 (0.07604166666666666 DAYS) line 142
Complete report step 367 (0.00020833333333333332 DAYS) at 2025-01-01 (0.07625 DAYS)

Initializing report step 368/1000 at 2025-01-01 (0.07625 DAYS) line 142
Complete report step 368 (0.00020833333333333332 DAYS) at 2025-01-01 (0.07645833333333332 DAYS)

Initializing report step 369/1000 at 2025-01-01 (0.07645833333333332 DAYS) line 142
Complete report step 369 (0.00020833333333333332 DAYS) at 2025-01-01 (0.07666666666666666 DAYS)

Initializing report step 370/1000 at 2025-01-01 (0.07666666666666666 DAYS) line 142
Complete report step 370 (0.00020833333333333332 DAYS) at 2025-01-01 (0.076875 DAYS)

Initializing report step 371/1000 at 2025-01-01 (0.076875 DAYS) line 142
Complete report step 371 (0.00020833333333333332 DAYS) at 2025-01-01 (0.07708333333333332 DAYS)

Initializing report step 372/1000 at 2025-01-01 (0.07708333333333332 DAYS) line 142
Complete report step 372 (0.00020833333333333332 DAYS) at 2025-01-01 (0.07729166666666666 DAYS)

Initializing report step 373/1000 at 2025-01-01 (0.07729166666666666 DAYS) line 142
Complete report step 373 (0.00020833333333333332 DAYS) at 2025-01-01 (0.0775 DAYS)

Initializing report step 374/1000 at 2025-01-01 (0.0775 DAYS) line 142
Complete report step 374 (0.00020833333333333332 DAYS) at 2025-01-01 (0.07770833333333332 DAYS)

Initializing report step 375/1000 at 2025-01-01 (0.07770833333333332 DAYS) line 142
Complete report step 375 (0.00020833333333333332 DAYS) at 2025-01-01 (0.07791666666666666 DAYS)

Initializing report step 376/1000 at 2025-01-01 (0.07791666666666666 DAYS) line 142
Complete report step 376 (0.00020833333333333332 DAYS) at 2025-01-01 (0.078125 DAYS)

Initializing report step 377/1000 at 2025-01-01 (0.078125 DAYS) line 142
Complete report step 377 (0.00020833333333333332 DAYS) at 2025-01-01 (0.07833333333333332 DAYS)

Initializing report step 378/1000 at 2025-01-01 (0.07833333333333332 DAYS) line 142
Complete report step 378 (0.00020833333333333332 DAYS) at 2025-01-01 (0.07854166666666666 DAYS)

Initializing report step 379/1000 at 2025-01-01 (0.07854166666666666 DAYS) line 142
Complete report step 379 (0.00020833333333333332 DAYS) at 2025-01-01 (0.07875 DAYS)

Initializing report step 380/1000 at 2025-01-01 (0.07875 DAYS) line 142
Complete report step 380 (0.00020833333333333332 DAYS) at 2025-01-01 (0.07895833333333332 DAYS)

Initializing report step 381/1000 at 2025-01-01 (0.07895833333333332 DAYS) line 142
Complete report step 381 (0.00020833333333333332 DAYS) at 2025-01-01 (0.07916666666666666 DAYS)

Initializing report step 382/1000 at 2025-01-01 (0.07916666666666666 DAYS) line 142
Complete report step 382 (0.00020833333333333332 DAYS) at 2025-01-01 (0.079375 DAYS)

Initializing report step 383/1000 at 2025-01-01 (0.079375 DAYS) line 142
Complete report step 383 (0.00020833333333333332 DAYS) at 2025-01-01 (0.07958333333333333 DAYS)

Initializing report step 384/1000 at 2025-01-01 (0.07958333333333333 DAYS) line 142
Complete report step 384 (0.00020833333333333332 DAYS) at 2025-01-01 (0.07979166666666666 DAYS)

Initializing report step 385/1000 at 2025-01-01 (0.07979166666666666 DAYS) line 142
Complete report step 385 (0.00020833333333333332 DAYS) at 2025-01-01 (0.08 DAYS)

Initializing report step 386/1000 at 2025-01-01 (0.08 DAYS) line 142
Complete report step 386 (0.00020833333333333332 DAYS) at 2025-01-01 (0.08020833333333333 DAYS)

Initializing report step 387/1000 at 2025-01-01 (0.08020833333333333 DAYS) line 142
Complete report step 387 (0.00020833333333333332 DAYS) at 2025-01-01 (0.08041666666666666 DAYS)

Initializing report step 388/1000 at 2025-01-01 (0.08041666666666666 DAYS) line 142
Complete report step 388 (0.00020833333333333332 DAYS) at 2025-01-01 (0.080625 DAYS)

Initializing report step 389/1000 at 2025-01-01 (0.080625 DAYS) line 142
Complete report step 389 (0.00020833333333333332 DAYS) at 2025-01-01 (0.08083333333333333 DAYS)

Initializing report step 390/1000 at 2025-01-01 (0.08083333333333333 DAYS) line 142
Complete report step 390 (0.00020833333333333332 DAYS) at 2025-01-01 (0.08104166666666666 DAYS)

Initializing report step 391/1000 at 2025-01-01 (0.08104166666666666 DAYS) line 142
Complete report step 391 (0.00020833333333333332 DAYS) at 2025-01-01 (0.08125 DAYS)

Initializing report step 392/1000 at 2025-01-01 (0.08125 DAYS) line 142
Complete report step 392 (0.00020833333333333332 DAYS) at 2025-01-01 (0.08145833333333333 DAYS)

Initializing report step 393/1000 at 2025-01-01 (0.08145833333333333 DAYS) line 142
Complete report step 393 (0.00020833333333333332 DAYS) at 2025-01-01 (0.08166666666666667 DAYS)

Initializing report step 394/1000 at 2025-01-01 (0.08166666666666667 DAYS) line 142
Complete report step 394 (0.00020833333333333332 DAYS) at 2025-01-01 (0.08187499999999999 DAYS)

Initializing report step 395/1000 at 2025-01-01 (0.08187499999999999 DAYS) line 142
Complete report step 395 (0.00020833333333333332 DAYS) at 2025-01-01 (0.08208333333333333 DAYS)

Initializing report step 396/1000 at 2025-01-01 (0.08208333333333333 DAYS) line 142
Complete report step 396 (0.00020833333333333332 DAYS) at 2025-01-01 (0.08229166666666667 DAYS)

Initializing report step 397/1000 at 2025-01-01 (0.08229166666666667 DAYS) line 142
Complete report step 397 (0.00020833333333333332 DAYS) at 2025-01-01 (0.08249999999999999 DAYS)

Initializing report step 398/1000 at 2025-01-01 (0.08249999999999999 DAYS) line 142
Complete report step 398 (0.00020833333333333332 DAYS) at 2025-01-01 (0.08270833333333333 DAYS)

Initializing report step 399/1000 at 2025-01-01 (0.08270833333333333 DAYS) line 142
Complete report step 399 (0.00020833333333333332 DAYS) at 2025-01-01 (0.08291666666666667 DAYS)

Initializing report step 400/1000 at 2025-01-01 (0.08291666666666667 DAYS) line 142
Complete report step 400 (0.00020833333333333332 DAYS) at 2025-01-01 (0.08312499999999999 DAYS)

Initializing report step 401/1000 at 2025-01-01 (0.08312499999999999 DAYS) line 142
Complete report step 401 (0.00020833333333333332 DAYS) at 2025-01-01 (0.08333333333333333 DAYS)

Initializing report step 402/1000 at 2025-01-01 (0.08333333333333333 DAYS) line 142
Complete report step 402 (0.00020833333333333332 DAYS) at 2025-01-01 (0.08354166666666667 DAYS)

Initializing report step 403/1000 at 2025-01-01 (0.08354166666666667 DAYS) line 142
Complete report step 403 (0.00020833333333333332 DAYS) at 2025-01-01 (0.08374999999999999 DAYS)

Initializing report step 404/1000 at 2025-01-01 (0.08374999999999999 DAYS) line 142
Complete report step 404 (0.00020833333333333332 DAYS) at 2025-01-01 (0.08395833333333333 DAYS)

Initializing report step 405/1000 at 2025-01-01 (0.08395833333333333 DAYS) line 142
Complete report step 405 (0.00020833333333333332 DAYS) at 2025-01-01 (0.08416666666666667 DAYS)

Initializing report step 406/1000 at 2025-01-01 (0.08416666666666667 DAYS) line 142
Complete report step 406 (0.00020833333333333332 DAYS) at 2025-01-01 (0.08437499999999999 DAYS)

Initializing report step 407/1000 at 2025-01-01 (0.08437499999999999 DAYS) line 142
Complete report step 407 (0.00020833333333333332 DAYS) at 2025-01-01 (0.08458333333333333 DAYS)

Initializing report step 408/1000 at 2025-01-01 (0.08458333333333333 DAYS) line 142
Complete report step 408 (0.00020833333333333332 DAYS) at 2025-01-01 (0.08479166666666667 DAYS)

Initializing report step 409/1000 at 2025-01-01 (0.08479166666666667 DAYS) line 142
Complete report step 409 (0.00020833333333333332 DAYS) at 2025-01-01 (0.08499999999999999 DAYS)

Initializing report step 410/1000 at 2025-01-01 (0.08499999999999999 DAYS) line 142
Complete report step 410 (0.00020833333333333332 DAYS) at 2025-01-01 (0.08520833333333333 DAYS)

Initializing report step 411/1000 at 2025-01-01 (0.08520833333333333 DAYS) line 142
Complete report step 411 (0.00020833333333333332 DAYS) at 2025-01-01 (0.08541666666666667 DAYS)

Initializing report step 412/1000 at 2025-01-01 (0.08541666666666667 DAYS) line 142
Complete report step 412 (0.00020833333333333332 DAYS) at 2025-01-01 (0.08562499999999999 DAYS)

Initializing report step 413/1000 at 2025-01-01 (0.08562499999999999 DAYS) line 142
Complete report step 413 (0.00020833333333333332 DAYS) at 2025-01-01 (0.08583333333333333 DAYS)

Initializing report step 414/1000 at 2025-01-01 (0.08583333333333333 DAYS) line 142
Complete report step 414 (0.00020833333333333332 DAYS) at 2025-01-01 (0.08604166666666667 DAYS)

Initializing report step 415/1000 at 2025-01-01 (0.08604166666666667 DAYS) line 142
Complete report step 415 (0.00020833333333333332 DAYS) at 2025-01-01 (0.08625 DAYS)

Initializing report step 416/1000 at 2025-01-01 (0.08625 DAYS) line 142
Complete report step 416 (0.00020833333333333332 DAYS) at 2025-01-01 (0.08645833333333333 DAYS)

Initializing report step 417/1000 at 2025-01-01 (0.08645833333333333 DAYS) line 142
Complete report step 417 (0.00020833333333333332 DAYS) at 2025-01-01 (0.08666666666666666 DAYS)

Initializing report step 418/1000 at 2025-01-01 (0.08666666666666666 DAYS) line 142
Complete report step 418 (0.00020833333333333332 DAYS) at 2025-01-01 (0.086875 DAYS)

Initializing report step 419/1000 at 2025-01-01 (0.086875 DAYS) line 142
Complete report step 419 (0.00020833333333333332 DAYS) at 2025-01-01 (0.08708333333333333 DAYS)

Initializing report step 420/1000 at 2025-01-01 (0.08708333333333333 DAYS) line 142
Complete report step 420 (0.00020833333333333332 DAYS) at 2025-01-01 (0.08729166666666666 DAYS)

Initializing report step 421/1000 at 2025-01-01 (0.08729166666666666 DAYS) line 142
Complete report step 421 (0.00020833333333333332 DAYS) at 2025-01-01 (0.0875 DAYS)

Initializing report step 422/1000 at 2025-01-01 (0.0875 DAYS) line 142
Complete report step 422 (0.00020833333333333332 DAYS) at 2025-01-01 (0.08770833333333333 DAYS)

Initializing report step 423/1000 at 2025-01-01 (0.08770833333333333 DAYS) line 142
Complete report step 423 (0.00020833333333333332 DAYS) at 2025-01-01 (0.08791666666666666 DAYS)

Initializing report step 424/1000 at 2025-01-01 (0.08791666666666666 DAYS) line 142
Complete report step 424 (0.00020833333333333332 DAYS) at 2025-01-01 (0.088125 DAYS)

Initializing report step 425/1000 at 2025-01-01 (0.088125 DAYS) line 142
Complete report step 425 (0.00020833333333333332 DAYS) at 2025-01-01 (0.08833333333333333 DAYS)

Initializing report step 426/1000 at 2025-01-01 (0.08833333333333333 DAYS) line 142
Complete report step 426 (0.00020833333333333332 DAYS) at 2025-01-01 (0.08854166666666666 DAYS)

Initializing report step 427/1000 at 2025-01-01 (0.08854166666666666 DAYS) line 142
Complete report step 427 (0.00020833333333333332 DAYS) at 2025-01-01 (0.08875 DAYS)

Initializing report step 428/1000 at 2025-01-01 (0.08875 DAYS) line 142
Complete report step 428 (0.00020833333333333332 DAYS) at 2025-01-01 (0.08895833333333333 DAYS)

Initializing report step 429/1000 at 2025-01-01 (0.08895833333333333 DAYS) line 142
Complete report step 429 (0.00020833333333333332 DAYS) at 2025-01-01 (0.08916666666666666 DAYS)

Initializing report step 430/1000 at 2025-01-01 (0.08916666666666666 DAYS) line 142
Complete report step 430 (0.00020833333333333332 DAYS) at 2025-01-01 (0.089375 DAYS)

Initializing report step 431/1000 at 2025-01-01 (0.089375 DAYS) line 142
Complete report step 431 (0.00020833333333333332 DAYS) at 2025-01-01 (0.08958333333333333 DAYS)

Initializing report step 432/1000 at 2025-01-01 (0.08958333333333333 DAYS) line 142
Complete report step 432 (0.00020833333333333332 DAYS) at 2025-01-01 (0.08979166666666666 DAYS)

Initializing report step 433/1000 at 2025-01-01 (0.08979166666666666 DAYS) line 142
Complete report step 433 (0.00020833333333333332 DAYS) at 2025-01-01 (0.09 DAYS)

Initializing report step 434/1000 at 2025-01-01 (0.09 DAYS) line 142
Complete report step 434 (0.00020833333333333332 DAYS) at 2025-01-01 (0.09020833333333333 DAYS)

Initializing report step 435/1000 at 2025-01-01 (0.09020833333333333 DAYS) line 142
Complete report step 435 (0.00020833333333333332 DAYS) at 2025-01-01 (0.09041666666666666 DAYS)

Initializing report step 436/1000 at 2025-01-01 (0.09041666666666666 DAYS) line 142
Complete report step 436 (0.00020833333333333332 DAYS) at 2025-01-01 (0.090625 DAYS)

Initializing report step 437/1000 at 2025-01-01 (0.090625 DAYS) line 142
Complete report step 437 (0.00020833333333333332 DAYS) at 2025-01-01 (0.09083333333333334 DAYS)

Initializing report step 438/1000 at 2025-01-01 (0.09083333333333334 DAYS) line 142
Complete report step 438 (0.00020833333333333332 DAYS) at 2025-01-01 (0.09104166666666666 DAYS)

Initializing report step 439/1000 at 2025-01-01 (0.09104166666666666 DAYS) line 142
Complete report step 439 (0.00020833333333333332 DAYS) at 2025-01-01 (0.09125 DAYS)

Initializing report step 440/1000 at 2025-01-01 (0.09125 DAYS) line 142
Complete report step 440 (0.00020833333333333332 DAYS) at 2025-01-01 (0.09145833333333332 DAYS)

Initializing report step 441/1000 at 2025-01-01 (0.09145833333333332 DAYS) line 142
Complete report step 441 (0.00020833333333333332 DAYS) at 2025-01-01 (0.09166666666666666 DAYS)

Initializing report step 442/1000 at 2025-01-01 (0.09166666666666666 DAYS) line 142
Complete report step 442 (0.00020833333333333332 DAYS) at 2025-01-01 (0.091875 DAYS)

Initializing report step 443/1000 at 2025-01-01 (0.091875 DAYS) line 142
Complete report step 443 (0.00020833333333333332 DAYS) at 2025-01-01 (0.09208333333333332 DAYS)

Initializing report step 444/1000 at 2025-01-01 (0.09208333333333332 DAYS) line 142
Complete report step 444 (0.00020833333333333332 DAYS) at 2025-01-01 (0.09229166666666666 DAYS)

Initializing report step 445/1000 at 2025-01-01 (0.09229166666666666 DAYS) line 142
Complete report step 445 (0.00020833333333333332 DAYS) at 2025-01-01 (0.0925 DAYS)

Initializing report step 446/1000 at 2025-01-01 (0.0925 DAYS) line 142
Complete report step 446 (0.00020833333333333332 DAYS) at 2025-01-01 (0.09270833333333332 DAYS)

Initializing report step 447/1000 at 2025-01-01 (0.09270833333333332 DAYS) line 142
Complete report step 447 (0.00020833333333333332 DAYS) at 2025-01-01 (0.09291666666666666 DAYS)

Initializing report step 448/1000 at 2025-01-01 (0.09291666666666666 DAYS) line 142
Complete report step 448 (0.00020833333333333332 DAYS) at 2025-01-01 (0.093125 DAYS)

Initializing report step 449/1000 at 2025-01-01 (0.093125 DAYS) line 142
Complete report step 449 (0.00020833333333333332 DAYS) at 2025-01-01 (0.09333333333333332 DAYS)

Initializing report step 450/1000 at 2025-01-01 (0.09333333333333332 DAYS) line 142
Complete report step 450 (0.00020833333333333332 DAYS) at 2025-01-01 (0.09354166666666666 DAYS)

Initializing report step 451/1000 at 2025-01-01 (0.09354166666666666 DAYS) line 142
Complete report step 451 (0.00020833333333333332 DAYS) at 2025-01-01 (0.09375 DAYS)

Initializing report step 452/1000 at 2025-01-01 (0.09375 DAYS) line 142
Complete report step 452 (0.00020833333333333332 DAYS) at 2025-01-01 (0.09395833333333332 DAYS)

Initializing report step 453/1000 at 2025-01-01 (0.09395833333333332 DAYS) line 142
Complete report step 453 (0.00020833333333333332 DAYS) at 2025-01-01 (0.09416666666666666 DAYS)

Initializing report step 454/1000 at 2025-01-01 (0.09416666666666666 DAYS) line 142
Complete report step 454 (0.00020833333333333332 DAYS) at 2025-01-01 (0.094375 DAYS)

Initializing report step 455/1000 at 2025-01-01 (0.094375 DAYS) line 142
Complete report step 455 (0.00020833333333333332 DAYS) at 2025-01-01 (0.09458333333333332 DAYS)

Initializing report step 456/1000 at 2025-01-01 (0.09458333333333332 DAYS) line 142
Complete report step 456 (0.00020833333333333332 DAYS) at 2025-01-01 (0.09479166666666666 DAYS)

Initializing report step 457/1000 at 2025-01-01 (0.09479166666666666 DAYS) line 142
Complete report step 457 (0.00020833333333333332 DAYS) at 2025-01-01 (0.095 DAYS)

Initializing report step 458/1000 at 2025-01-01 (0.095 DAYS) line 142
Complete report step 458 (0.00020833333333333332 DAYS) at 2025-01-01 (0.09520833333333333 DAYS)

Initializing report step 459/1000 at 2025-01-01 (0.09520833333333333 DAYS) line 142
Complete report step 459 (0.00020833333333333332 DAYS) at 2025-01-01 (0.09541666666666666 DAYS)

Initializing report step 460/1000 at 2025-01-01 (0.09541666666666666 DAYS) line 142
Complete report step 460 (0.00020833333333333332 DAYS) at 2025-01-01 (0.095625 DAYS)

Initializing report step 461/1000 at 2025-01-01 (0.095625 DAYS) line 142
Complete report step 461 (0.00020833333333333332 DAYS) at 2025-01-01 (0.09583333333333333 DAYS)

Initializing report step 462/1000 at 2025-01-01 (0.09583333333333333 DAYS) line 142
Complete report step 462 (0.00020833333333333332 DAYS) at 2025-01-01 (0.09604166666666666 DAYS)

Initializing report step 463/1000 at 2025-01-01 (0.09604166666666666 DAYS) line 142
Complete report step 463 (0.00020833333333333332 DAYS) at 2025-01-01 (0.09624999999999999 DAYS)

Initializing report step 464/1000 at 2025-01-01 (0.09624999999999999 DAYS) line 142
Complete report step 464 (0.00020833333333333332 DAYS) at 2025-01-01 (0.09645833333333333 DAYS)

Initializing report step 465/1000 at 2025-01-01 (0.09645833333333333 DAYS) line 142
Complete report step 465 (0.00020833333333333332 DAYS) at 2025-01-01 (0.09666666666666666 DAYS)

Initializing report step 466/1000 at 2025-01-01 (0.09666666666666666 DAYS) line 142
Complete report step 466 (0.00020833333333333332 DAYS) at 2025-01-01 (0.09687499999999999 DAYS)

Initializing report step 467/1000 at 2025-01-01 (0.09687499999999999 DAYS) line 142
Complete report step 467 (0.00020833333333333332 DAYS) at 2025-01-01 (0.09708333333333333 DAYS)

Initializing report step 468/1000 at 2025-01-01 (0.09708333333333333 DAYS) line 142
Complete report step 468 (0.00020833333333333332 DAYS) at 2025-01-01 (0.09729166666666667 DAYS)

Initializing report step 469/1000 at 2025-01-01 (0.09729166666666667 DAYS) line 142
Complete report step 469 (0.00020833333333333332 DAYS) at 2025-01-01 (0.09749999999999999 DAYS)

Initializing report step 470/1000 at 2025-01-01 (0.09749999999999999 DAYS) line 142
Complete report step 470 (0.00020833333333333332 DAYS) at 2025-01-01 (0.09770833333333333 DAYS)

Initializing report step 471/1000 at 2025-01-01 (0.09770833333333333 DAYS) line 142
Complete report step 471 (0.00020833333333333332 DAYS) at 2025-01-01 (0.09791666666666667 DAYS)

Initializing report step 472/1000 at 2025-01-01 (0.09791666666666667 DAYS) line 142
Complete report step 472 (0.00020833333333333332 DAYS) at 2025-01-01 (0.09812499999999999 DAYS)

Initializing report step 473/1000 at 2025-01-01 (0.09812499999999999 DAYS) line 142
Complete report step 473 (0.00020833333333333332 DAYS) at 2025-01-01 (0.09833333333333333 DAYS)

Initializing report step 474/1000 at 2025-01-01 (0.09833333333333333 DAYS) line 142
Complete report step 474 (0.00020833333333333332 DAYS) at 2025-01-01 (0.09854166666666667 DAYS)

Initializing report step 475/1000 at 2025-01-01 (0.09854166666666667 DAYS) line 142
Complete report step 475 (0.00020833333333333332 DAYS) at 2025-01-01 (0.09874999999999999 DAYS)

Initializing report step 476/1000 at 2025-01-01 (0.09874999999999999 DAYS) line 142
Complete report step 476 (0.00020833333333333332 DAYS) at 2025-01-01 (0.09895833333333333 DAYS)

Initializing report step 477/1000 at 2025-01-01 (0.09895833333333333 DAYS) line 142
Complete report step 477 (0.00020833333333333332 DAYS) at 2025-01-01 (0.09916666666666667 DAYS)

Initializing report step 478/1000 at 2025-01-01 (0.09916666666666667 DAYS) line 142
Complete report step 478 (0.00020833333333333332 DAYS) at 2025-01-01 (0.09937499999999999 DAYS)

Initializing report step 479/1000 at 2025-01-01 (0.09937499999999999 DAYS) line 142
Complete report step 479 (0.00020833333333333332 DAYS) at 2025-01-01 (0.09958333333333333 DAYS)

Initializing report step 480/1000 at 2025-01-01 (0.09958333333333333 DAYS) line 142
Complete report step 480 (0.00020833333333333332 DAYS) at 2025-01-01 (0.09979166666666667 DAYS)

Initializing report step 481/1000 at 2025-01-01 (0.09979166666666667 DAYS) line 142
Complete report step 481 (0.00020833333333333332 DAYS) at 2025-01-01 (0.09999999999999999 DAYS)

Initializing report step 482/1000 at 2025-01-01 (0.09999999999999999 DAYS) line 142
Complete report step 482 (0.00020833333333333332 DAYS) at 2025-01-01 (0.10020833333333333 DAYS)

Initializing report step 483/1000 at 2025-01-01 (0.10020833333333333 DAYS) line 142
Complete report step 483 (0.00020833333333333332 DAYS) at 2025-01-01 (0.10041666666666667 DAYS)

Initializing report step 484/1000 at 2025-01-01 (0.10041666666666667 DAYS) line 142
Complete report step 484 (0.00020833333333333332 DAYS) at 2025-01-01 (0.10062499999999999 DAYS)

Initializing report step 485/1000 at 2025-01-01 (0.10062499999999999 DAYS) line 142
Complete report step 485 (0.00020833333333333332 DAYS) at 2025-01-01 (0.10083333333333333 DAYS)

Initializing report step 486/1000 at 2025-01-01 (0.10083333333333333 DAYS) line 142
Complete report step 486 (0.00020833333333333332 DAYS) at 2025-01-01 (0.10104166666666667 DAYS)

Initializing report step 487/1000 at 2025-01-01 (0.10104166666666667 DAYS) line 142
Complete report step 487 (0.00020833333333333332 DAYS) at 2025-01-01 (0.10124999999999999 DAYS)

Initializing report step 488/1000 at 2025-01-01 (0.10124999999999999 DAYS) line 142
Complete report step 488 (0.00020833333333333332 DAYS) at 2025-01-01 (0.10145833333333333 DAYS)

Initializing report step 489/1000 at 2025-01-01 (0.10145833333333333 DAYS) line 142
Complete report step 489 (0.00020833333333333332 DAYS) at 2025-01-01 (0.10166666666666666 DAYS)

Initializing report step 490/1000 at 2025-01-01 (0.10166666666666666 DAYS) line 142
Complete report step 490 (0.00020833333333333332 DAYS) at 2025-01-01 (0.101875 DAYS)

Initializing report step 491/1000 at 2025-01-01 (0.101875 DAYS) line 142
Complete report step 491 (0.00020833333333333332 DAYS) at 2025-01-01 (0.10208333333333333 DAYS)

Initializing report step 492/1000 at 2025-01-01 (0.10208333333333333 DAYS) line 142
Complete report step 492 (0.00020833333333333332 DAYS) at 2025-01-01 (0.10229166666666666 DAYS)

Initializing report step 493/1000 at 2025-01-01 (0.10229166666666666 DAYS) line 142
Complete report step 493 (0.00020833333333333332 DAYS) at 2025-01-01 (0.1025 DAYS)

Initializing report step 494/1000 at 2025-01-01 (0.1025 DAYS) line 142
Complete report step 494 (0.00020833333333333332 DAYS) at 2025-01-01 (0.10270833333333333 DAYS)

Initializing report step 495/1000 at 2025-01-01 (0.10270833333333333 DAYS) line 142
Complete report step 495 (0.00020833333333333332 DAYS) at 2025-01-01 (0.10291666666666666 DAYS)

Initializing report step 496/1000 at 2025-01-01 (0.10291666666666666 DAYS) line 142
Complete report step 496 (0.00020833333333333332 DAYS) at 2025-01-01 (0.103125 DAYS)

Initializing report step 497/1000 at 2025-01-01 (0.103125 DAYS) line 142
Complete report step 497 (0.00020833333333333332 DAYS) at 2025-01-01 (0.10333333333333333 DAYS)

Initializing report step 498/1000 at 2025-01-01 (0.10333333333333333 DAYS) line 142
Complete report step 498 (0.00020833333333333332 DAYS) at 2025-01-01 (0.10354166666666666 DAYS)

Initializing report step 499/1000 at 2025-01-01 (0.10354166666666666 DAYS) line 142
Complete report step 499 (0.00020833333333333332 DAYS) at 2025-01-01 (0.10375 DAYS)

Initializing report step 500/1000 at 2025-01-01 (0.10375 DAYS) line 142
Complete report step 500 (0.00020833333333333332 DAYS) at 2025-01-01 (0.10395833333333333 DAYS)

Initializing report step 501/1000 at 2025-01-01 (0.10395833333333333 DAYS) line 142
Processing keyword TUNING at line 145
Processing keyword SOURCE at line 149
Complete report step 501 (0.00020833333333333332 DAYS) at 2025-01-01 (0.10416666666666666 DAYS)

Initializing report step 502/1000 at 2025-01-01 (0.10416666666666666 DAYS) line 153
Complete report step 502 (0.00020833333333333332 DAYS) at 2025-01-01 (0.104375 DAYS)

Initializing report step 503/1000 at 2025-01-01 (0.104375 DAYS) line 153
Complete report step 503 (0.00020833333333333332 DAYS) at 2025-01-01 (0.10458333333333333 DAYS)

Initializing report step 504/1000 at 2025-01-01 (0.10458333333333333 DAYS) line 153
Complete report step 504 (0.00020833333333333332 DAYS) at 2025-01-01 (0.10479166666666666 DAYS)

Initializing report step 505/1000 at 2025-01-01 (0.10479166666666666 DAYS) line 153
Complete report step 505 (0.00020833333333333332 DAYS) at 2025-01-01 (0.105 DAYS)

Initializing report step 506/1000 at 2025-01-01 (0.105 DAYS) line 153
Complete report step 506 (0.00020833333333333332 DAYS) at 2025-01-01 (0.10520833333333333 DAYS)

Initializing report step 507/1000 at 2025-01-01 (0.10520833333333333 DAYS) line 153
Complete report step 507 (0.00020833333333333332 DAYS) at 2025-01-01 (0.10541666666666666 DAYS)

Initializing report step 508/1000 at 2025-01-01 (0.10541666666666666 DAYS) line 153
Complete report step 508 (0.00020833333333333332 DAYS) at 2025-01-01 (0.105625 DAYS)

Initializing report step 509/1000 at 2025-01-01 (0.105625 DAYS) line 153
Complete report step 509 (0.00020833333333333332 DAYS) at 2025-01-01 (0.10583333333333333 DAYS)

Initializing report step 510/1000 at 2025-01-01 (0.10583333333333333 DAYS) line 153
Complete report step 510 (0.00020833333333333332 DAYS) at 2025-01-01 (0.10604166666666666 DAYS)

Initializing report step 511/1000 at 2025-01-01 (0.10604166666666666 DAYS) line 153
Complete report step 511 (0.00020833333333333332 DAYS) at 2025-01-01 (0.10625 DAYS)

Initializing report step 512/1000 at 2025-01-01 (0.10625 DAYS) line 153
Complete report step 512 (0.00020833333333333332 DAYS) at 2025-01-01 (0.10645833333333332 DAYS)

Initializing report step 513/1000 at 2025-01-01 (0.10645833333333332 DAYS) line 153
Complete report step 513 (0.00020833333333333332 DAYS) at 2025-01-01 (0.10666666666666666 DAYS)

Initializing report step 514/1000 at 2025-01-01 (0.10666666666666666 DAYS) line 153
Complete report step 514 (0.00020833333333333332 DAYS) at 2025-01-01 (0.106875 DAYS)

Initializing report step 515/1000 at 2025-01-01 (0.106875 DAYS) line 153
Complete report step 515 (0.00020833333333333332 DAYS) at 2025-01-01 (0.10708333333333332 DAYS)

Initializing report step 516/1000 at 2025-01-01 (0.10708333333333332 DAYS) line 153
Complete report step 516 (0.00020833333333333332 DAYS) at 2025-01-01 (0.10729166666666666 DAYS)

Initializing report step 517/1000 at 2025-01-01 (0.10729166666666666 DAYS) line 153
Complete report step 517 (0.00020833333333333332 DAYS) at 2025-01-01 (0.1075 DAYS)

Initializing report step 518/1000 at 2025-01-01 (0.1075 DAYS) line 153
Complete report step 518 (0.00020833333333333332 DAYS) at 2025-01-01 (0.10770833333333332 DAYS)

Initializing report step 519/1000 at 2025-01-01 (0.10770833333333332 DAYS) line 153
Complete report step 519 (0.00020833333333333332 DAYS) at 2025-01-01 (0.10791666666666666 DAYS)

Initializing report step 520/1000 at 2025-01-01 (0.10791666666666666 DAYS) line 153
Complete report step 520 (0.00020833333333333332 DAYS) at 2025-01-01 (0.108125 DAYS)

Initializing report step 521/1000 at 2025-01-01 (0.108125 DAYS) line 153
Complete report step 521 (0.00020833333333333332 DAYS) at 2025-01-01 (0.10833333333333332 DAYS)

Initializing report step 522/1000 at 2025-01-01 (0.10833333333333332 DAYS) line 153
Complete report step 522 (0.00020833333333333332 DAYS) at 2025-01-01 (0.10854166666666666 DAYS)

Initializing report step 523/1000 at 2025-01-01 (0.10854166666666666 DAYS) line 153
Complete report step 523 (0.00020833333333333332 DAYS) at 2025-01-01 (0.10875 DAYS)

Initializing report step 524/1000 at 2025-01-01 (0.10875 DAYS) line 153
Complete report step 524 (0.00020833333333333332 DAYS) at 2025-01-01 (0.10895833333333332 DAYS)

Initializing report step 525/1000 at 2025-01-01 (0.10895833333333332 DAYS) line 153
Complete report step 525 (0.00020833333333333332 DAYS) at 2025-01-01 (0.10916666666666666 DAYS)

Initializing report step 526/1000 at 2025-01-01 (0.10916666666666666 DAYS) line 153
Complete report step 526 (0.00020833333333333332 DAYS) at 2025-01-01 (0.109375 DAYS)

Initializing report step 527/1000 at 2025-01-01 (0.109375 DAYS) line 153
Complete report step 527 (0.00020833333333333332 DAYS) at 2025-01-01 (0.10958333333333332 DAYS)

Initializing report step 528/1000 at 2025-01-01 (0.10958333333333332 DAYS) line 153
Complete report step 528 (0.00020833333333333332 DAYS) at 2025-01-01 (0.10979166666666666 DAYS)

Initializing report step 529/1000 at 2025-01-01 (0.10979166666666666 DAYS) line 153
Complete report step 529 (0.00020833333333333332 DAYS) at 2025-01-01 (0.11 DAYS)

Initializing report step 530/1000 at 2025-01-01 (0.11 DAYS) line 153
Complete report step 530 (0.00020833333333333332 DAYS) at 2025-01-01 (0.11020833333333332 DAYS)

Initializing report step 531/1000 at 2025-01-01 (0.11020833333333332 DAYS) line 153
Complete report step 531 (0.00020833333333333332 DAYS) at 2025-01-01 (0.11041666666666666 DAYS)

Initializing report step 532/1000 at 2025-01-01 (0.11041666666666666 DAYS) line 153
Complete report step 532 (0.00020833333333333332 DAYS) at 2025-01-01 (0.110625 DAYS)

Initializing report step 533/1000 at 2025-01-01 (0.110625 DAYS) line 153
Complete report step 533 (0.00020833333333333332 DAYS) at 2025-01-01 (0.11083333333333333 DAYS)

Initializing report step 534/1000 at 2025-01-01 (0.11083333333333333 DAYS) line 153
Complete report step 534 (0.00020833333333333332 DAYS) at 2025-01-01 (0.11104166666666666 DAYS)

Initializing report step 535/1000 at 2025-01-01 (0.11104166666666666 DAYS) line 153
Complete report step 535 (0.00020833333333333332 DAYS) at 2025-01-01 (0.11124999999999999 DAYS)

Initializing report step 536/1000 at 2025-01-01 (0.11124999999999999 DAYS) line 153
Complete report step 536 (0.00020833333333333332 DAYS) at 2025-01-01 (0.11145833333333333 DAYS)

Initializing report step 537/1000 at 2025-01-01 (0.11145833333333333 DAYS) line 153
Complete report step 537 (0.00020833333333333332 DAYS) at 2025-01-01 (0.11166666666666666 DAYS)

Initializing report step 538/1000 at 2025-01-01 (0.11166666666666666 DAYS) line 153
Complete report step 538 (0.00020833333333333332 DAYS) at 2025-01-01 (0.11187499999999999 DAYS)

Initializing report step 539/1000 at 2025-01-01 (0.11187499999999999 DAYS) line 153
Complete report step 539 (0.00020833333333333332 DAYS) at 2025-01-01 (0.11208333333333333 DAYS)

Initializing report step 540/1000 at 2025-01-01 (0.11208333333333333 DAYS) line 153
Complete report step 540 (0.00020833333333333332 DAYS) at 2025-01-01 (0.11229166666666666 DAYS)

Initializing report step 541/1000 at 2025-01-01 (0.11229166666666666 DAYS) line 153
Complete report step 541 (0.00020833333333333332 DAYS) at 2025-01-01 (0.11249999999999999 DAYS)

Initializing report step 542/1000 at 2025-01-01 (0.11249999999999999 DAYS) line 153
Complete report step 542 (0.00020833333333333332 DAYS) at 2025-01-01 (0.11270833333333333 DAYS)

Initializing report step 543/1000 at 2025-01-01 (0.11270833333333333 DAYS) line 153
Complete report step 543 (0.00020833333333333332 DAYS) at 2025-01-01 (0.11291666666666667 DAYS)

Initializing report step 544/1000 at 2025-01-01 (0.11291666666666667 DAYS) line 153
Complete report step 544 (0.00020833333333333332 DAYS) at 2025-01-01 (0.11312499999999999 DAYS)

Initializing report step 545/1000 at 2025-01-01 (0.11312499999999999 DAYS) line 153
Complete report step 545 (0.00020833333333333332 DAYS) at 2025-01-01 (0.11333333333333333 DAYS)

Initializing report step 546/1000 at 2025-01-01 (0.11333333333333333 DAYS) line 153
Complete report step 546 (0.00020833333333333332 DAYS) at 2025-01-01 (0.11354166666666667 DAYS)

Initializing report step 547/1000 at 2025-01-01 (0.11354166666666667 DAYS) line 153
Complete report step 547 (0.00020833333333333332 DAYS) at 2025-01-01 (0.11374999999999999 DAYS)

Initializing report step 548/1000 at 2025-01-01 (0.11374999999999999 DAYS) line 153
Complete report step 548 (0.00020833333333333332 DAYS) at 2025-01-01 (0.11395833333333333 DAYS)

Initializing report step 549/1000 at 2025-01-01 (0.11395833333333333 DAYS) line 153
Complete report step 549 (0.00020833333333333332 DAYS) at 2025-01-01 (0.11416666666666667 DAYS)

Initializing report step 550/1000 at 2025-01-01 (0.11416666666666667 DAYS) line 153
Complete report step 550 (0.00020833333333333332 DAYS) at 2025-01-01 (0.11437499999999999 DAYS)

Initializing report step 551/1000 at 2025-01-01 (0.11437499999999999 DAYS) line 153
Complete report step 551 (0.00020833333333333332 DAYS) at 2025-01-01 (0.11458333333333333 DAYS)

Initializing report step 552/1000 at 2025-01-01 (0.11458333333333333 DAYS) line 153
Complete report step 552 (0.00020833333333333332 DAYS) at 2025-01-01 (0.11479166666666667 DAYS)

Initializing report step 553/1000 at 2025-01-01 (0.11479166666666667 DAYS) line 153
Complete report step 553 (0.00020833333333333332 DAYS) at 2025-01-01 (0.11499999999999999 DAYS)

Initializing report step 554/1000 at 2025-01-01 (0.11499999999999999 DAYS) line 153
Complete report step 554 (0.00020833333333333332 DAYS) at 2025-01-01 (0.11520833333333333 DAYS)

Initializing report step 555/1000 at 2025-01-01 (0.11520833333333333 DAYS) line 153
Complete report step 555 (0.00020833333333333332 DAYS) at 2025-01-01 (0.11541666666666667 DAYS)

Initializing report step 556/1000 at 2025-01-01 (0.11541666666666667 DAYS) line 153
Complete report step 556 (0.00020833333333333332 DAYS) at 2025-01-01 (0.11562499999999999 DAYS)

Initializing report step 557/1000 at 2025-01-01 (0.11562499999999999 DAYS) line 153
Complete report step 557 (0.00020833333333333332 DAYS) at 2025-01-01 (0.11583333333333333 DAYS)

Initializing report step 558/1000 at 2025-01-01 (0.11583333333333333 DAYS) line 153
Complete report step 558 (0.00020833333333333332 DAYS) at 2025-01-01 (0.11604166666666665 DAYS)

Initializing report step 559/1000 at 2025-01-01 (0.11604166666666665 DAYS) line 153
Complete report step 559 (0.00020833333333333332 DAYS) at 2025-01-01 (0.11624999999999999 DAYS)

Initializing report step 560/1000 at 2025-01-01 (0.11624999999999999 DAYS) line 153
Complete report step 560 (0.00020833333333333332 DAYS) at 2025-01-01 (0.11645833333333333 DAYS)

Initializing report step 561/1000 at 2025-01-01 (0.11645833333333333 DAYS) line 153
Complete report step 561 (0.00020833333333333332 DAYS) at 2025-01-01 (0.11666666666666665 DAYS)

Initializing report step 562/1000 at 2025-01-01 (0.11666666666666665 DAYS) line 153
Complete report step 562 (0.00020833333333333332 DAYS) at 2025-01-01 (0.11687499999999999 DAYS)

Initializing report step 563/1000 at 2025-01-01 (0.11687499999999999 DAYS) line 153
Complete report step 563 (0.00020833333333333332 DAYS) at 2025-01-01 (0.11708333333333333 DAYS)

Initializing report step 564/1000 at 2025-01-01 (0.11708333333333333 DAYS) line 153
Complete report step 564 (0.00020833333333333332 DAYS) at 2025-01-01 (0.11729166666666666 DAYS)

Initializing report step 565/1000 at 2025-01-01 (0.11729166666666666 DAYS) line 153
Complete report step 565 (0.00020833333333333332 DAYS) at 2025-01-01 (0.1175 DAYS)

Initializing report step 566/1000 at 2025-01-01 (0.1175 DAYS) line 153
Complete report step 566 (0.00020833333333333332 DAYS) at 2025-01-01 (0.11770833333333333 DAYS)

Initializing report step 567/1000 at 2025-01-01 (0.11770833333333333 DAYS) line 153
Complete report step 567 (0.00020833333333333332 DAYS) at 2025-01-01 (0.11791666666666666 DAYS)

Initializing report step 568/1000 at 2025-01-01 (0.11791666666666666 DAYS) line 153
Complete report step 568 (0.00020833333333333332 DAYS) at 2025-01-01 (0.118125 DAYS)

Initializing report step 569/1000 at 2025-01-01 (0.118125 DAYS) line 153
Complete report step 569 (0.00020833333333333332 DAYS) at 2025-01-01 (0.11833333333333333 DAYS)

Initializing report step 570/1000 at 2025-01-01 (0.11833333333333333 DAYS) line 153
Complete report step 570 (0.00020833333333333332 DAYS) at 2025-01-01 (0.11854166666666666 DAYS)

Initializing report step 571/1000 at 2025-01-01 (0.11854166666666666 DAYS) line 153
Complete report step 571 (0.00020833333333333332 DAYS) at 2025-01-01 (0.11875 DAYS)

Initializing report step 572/1000 at 2025-01-01 (0.11875 DAYS) line 153
Complete report step 572 (0.00020833333333333332 DAYS) at 2025-01-01 (0.11895833333333333 DAYS)

Initializing report step 573/1000 at 2025-01-01 (0.11895833333333333 DAYS) line 153
Complete report step 573 (0.00020833333333333332 DAYS) at 2025-01-01 (0.11916666666666666 DAYS)

Initializing report step 574/1000 at 2025-01-01 (0.11916666666666666 DAYS) line 153
Complete report step 574 (0.00020833333333333332 DAYS) at 2025-01-01 (0.119375 DAYS)

Initializing report step 575/1000 at 2025-01-01 (0.119375 DAYS) line 153
Complete report step 575 (0.00020833333333333332 DAYS) at 2025-01-01 (0.11958333333333333 DAYS)

Initializing report step 576/1000 at 2025-01-01 (0.11958333333333333 DAYS) line 153
Complete report step 576 (0.00020833333333333332 DAYS) at 2025-01-01 (0.11979166666666666 DAYS)

Initializing report step 577/1000 at 2025-01-01 (0.11979166666666666 DAYS) line 153
Complete report step 577 (0.00020833333333333332 DAYS) at 2025-01-01 (0.12 DAYS)

Initializing report step 578/1000 at 2025-01-01 (0.12 DAYS) line 153
Complete report step 578 (0.00020833333333333332 DAYS) at 2025-01-01 (0.12020833333333333 DAYS)

Initializing report step 579/1000 at 2025-01-01 (0.12020833333333333 DAYS) line 153
Complete report step 579 (0.00020833333333333332 DAYS) at 2025-01-01 (0.12041666666666666 DAYS)

Initializing report step 580/1000 at 2025-01-01 (0.12041666666666666 DAYS) line 153
Complete report step 580 (0.00020833333333333332 DAYS) at 2025-01-01 (0.120625 DAYS)

Initializing report step 581/1000 at 2025-01-01 (0.120625 DAYS) line 153
Complete report step 581 (0.00020833333333333332 DAYS) at 2025-01-01 (0.12083333333333333 DAYS)

Initializing report step 582/1000 at 2025-01-01 (0.12083333333333333 DAYS) line 153
Complete report step 582 (0.00020833333333333332 DAYS) at 2025-01-01 (0.12104166666666666 DAYS)

Initializing report step 583/1000 at 2025-01-01 (0.12104166666666666 DAYS) line 153
Complete report step 583 (0.00020833333333333332 DAYS) at 2025-01-01 (0.12125 DAYS)

Initializing report step 584/1000 at 2025-01-01 (0.12125 DAYS) line 153
Complete report step 584 (0.00020833333333333332 DAYS) at 2025-01-01 (0.12145833333333332 DAYS)

Initializing report step 585/1000 at 2025-01-01 (0.12145833333333332 DAYS) line 153
Complete report step 585 (0.00020833333333333332 DAYS) at 2025-01-01 (0.12166666666666666 DAYS)

Initializing report step 586/1000 at 2025-01-01 (0.12166666666666666 DAYS) line 153
Complete report step 586 (0.00020833333333333332 DAYS) at 2025-01-01 (0.121875 DAYS)

Initializing report step 587/1000 at 2025-01-01 (0.121875 DAYS) line 153
Complete report step 587 (0.00020833333333333332 DAYS) at 2025-01-01 (0.12208333333333332 DAYS)

Initializing report step 588/1000 at 2025-01-01 (0.12208333333333332 DAYS) line 153
Complete report step 588 (0.00020833333333333332 DAYS) at 2025-01-01 (0.12229166666666666 DAYS)

Initializing report step 589/1000 at 2025-01-01 (0.12229166666666666 DAYS) line 153
Complete report step 589 (0.00020833333333333332 DAYS) at 2025-01-01 (0.1225 DAYS)

Initializing report step 590/1000 at 2025-01-01 (0.1225 DAYS) line 153
Complete report step 590 (0.00020833333333333332 DAYS) at 2025-01-01 (0.12270833333333332 DAYS)

Initializing report step 591/1000 at 2025-01-01 (0.12270833333333332 DAYS) line 153
Complete report step 591 (0.00020833333333333332 DAYS) at 2025-01-01 (0.12291666666666666 DAYS)

Initializing report step 592/1000 at 2025-01-01 (0.12291666666666666 DAYS) line 153
Complete report step 592 (0.00020833333333333332 DAYS) at 2025-01-01 (0.123125 DAYS)

Initializing report step 593/1000 at 2025-01-01 (0.123125 DAYS) line 153
Complete report step 593 (0.00020833333333333332 DAYS) at 2025-01-01 (0.12333333333333332 DAYS)

Initializing report step 594/1000 at 2025-01-01 (0.12333333333333332 DAYS) line 153
Complete report step 594 (0.00020833333333333332 DAYS) at 2025-01-01 (0.12354166666666666 DAYS)

Initializing report step 595/1000 at 2025-01-01 (0.12354166666666666 DAYS) line 153
Complete report step 595 (0.00020833333333333332 DAYS) at 2025-01-01 (0.12375 DAYS)

Initializing report step 596/1000 at 2025-01-01 (0.12375 DAYS) line 153
Complete report step 596 (0.00020833333333333332 DAYS) at 2025-01-01 (0.12395833333333332 DAYS)

Initializing report step 597/1000 at 2025-01-01 (0.12395833333333332 DAYS) line 153
Complete report step 597 (0.00020833333333333332 DAYS) at 2025-01-01 (0.12416666666666666 DAYS)

Initializing report step 598/1000 at 2025-01-01 (0.12416666666666666 DAYS) line 153
Complete report step 598 (0.00020833333333333332 DAYS) at 2025-01-01 (0.124375 DAYS)

Initializing report step 599/1000 at 2025-01-01 (0.124375 DAYS) line 153
Complete report step 599 (0.00020833333333333332 DAYS) at 2025-01-01 (0.12458333333333332 DAYS)

Initializing report step 600/1000 at 2025-01-01 (0.12458333333333332 DAYS) line 153
Complete report step 600 (0.00020833333333333332 DAYS) at 2025-01-01 (0.12479166666666666 DAYS)

Initializing report step 601/1000 at 2025-01-01 (0.12479166666666666 DAYS) line 153
Complete report step 601 (0.00020833333333333332 DAYS) at 2025-01-01 (0.125 DAYS)

Initializing report step 602/1000 at 2025-01-01 (0.125 DAYS) line 153
Complete report step 602 (0.00020833333333333332 DAYS) at 2025-01-01 (0.12520833333333334 DAYS)

Initializing report step 603/1000 at 2025-01-01 (0.12520833333333334 DAYS) line 153
Complete report step 603 (0.00020833333333333332 DAYS) at 2025-01-01 (0.12541666666666665 DAYS)

Initializing report step 604/1000 at 2025-01-01 (0.12541666666666665 DAYS) line 153
Complete report step 604 (0.00020833333333333332 DAYS) at 2025-01-01 (0.125625 DAYS)

Initializing report step 605/1000 at 2025-01-01 (0.125625 DAYS) line 153
Complete report step 605 (0.00020833333333333332 DAYS) at 2025-01-01 (0.12583333333333332 DAYS)

Initializing report step 606/1000 at 2025-01-01 (0.12583333333333332 DAYS) line 153
Complete report step 606 (0.00020833333333333332 DAYS) at 2025-01-01 (0.12604166666666666 DAYS)

Initializing report step 607/1000 at 2025-01-01 (0.12604166666666666 DAYS) line 153
Complete report step 607 (0.00020833333333333332 DAYS) at 2025-01-01 (0.12625 DAYS)

Initializing report step 608/1000 at 2025-01-01 (0.12625 DAYS) line 153
Complete report step 608 (0.00020833333333333332 DAYS) at 2025-01-01 (0.12645833333333334 DAYS)

Initializing report step 609/1000 at 2025-01-01 (0.12645833333333334 DAYS) line 153
Complete report step 609 (0.00020833333333333332 DAYS) at 2025-01-01 (0.12666666666666665 DAYS)

Initializing report step 610/1000 at 2025-01-01 (0.12666666666666665 DAYS) line 153
Complete report step 610 (0.00020833333333333332 DAYS) at 2025-01-01 (0.126875 DAYS)

Initializing report step 611/1000 at 2025-01-01 (0.126875 DAYS) line 153
Complete report step 611 (0.00020833333333333332 DAYS) at 2025-01-01 (0.12708333333333333 DAYS)

Initializing report step 612/1000 at 2025-01-01 (0.12708333333333333 DAYS) line 153
Complete report step 612 (0.00020833333333333332 DAYS) at 2025-01-01 (0.12729166666666666 DAYS)

Initializing report step 613/1000 at 2025-01-01 (0.12729166666666666 DAYS) line 153
Complete report step 613 (0.00020833333333333332 DAYS) at 2025-01-01 (0.1275 DAYS)

Initializing report step 614/1000 at 2025-01-01 (0.1275 DAYS) line 153
Complete report step 614 (0.00020833333333333332 DAYS) at 2025-01-01 (0.12770833333333334 DAYS)

Initializing report step 615/1000 at 2025-01-01 (0.12770833333333334 DAYS) line 153
Complete report step 615 (0.00020833333333333332 DAYS) at 2025-01-01 (0.12791666666666665 DAYS)

Initializing report step 616/1000 at 2025-01-01 (0.12791666666666665 DAYS) line 153
Complete report step 616 (0.00020833333333333332 DAYS) at 2025-01-01 (0.128125 DAYS)

Initializing report step 617/1000 at 2025-01-01 (0.128125 DAYS) line 153
Complete report step 617 (0.00020833333333333332 DAYS) at 2025-01-01 (0.12833333333333333 DAYS)

Initializing report step 618/1000 at 2025-01-01 (0.12833333333333333 DAYS) line 153
Complete report step 618 (0.00020833333333333332 DAYS) at 2025-01-01 (0.12854166666666667 DAYS)

Initializing report step 619/1000 at 2025-01-01 (0.12854166666666667 DAYS) line 153
Complete report step 619 (0.00020833333333333332 DAYS) at 2025-01-01 (0.12875 DAYS)

Initializing report step 620/1000 at 2025-01-01 (0.12875 DAYS) line 153
Complete report step 620 (0.00020833333333333332 DAYS) at 2025-01-01 (0.1289583333333333 DAYS)

Initializing report step 621/1000 at 2025-01-01 (0.1289583333333333 DAYS) line 153
Complete report step 621 (0.00020833333333333332 DAYS) at 2025-01-01 (0.12916666666666665 DAYS)

Initializing report step 622/1000 at 2025-01-01 (0.12916666666666665 DAYS) line 153
Complete report step 622 (0.00020833333333333332 DAYS) at 2025-01-01 (0.129375 DAYS)

Initializing report step 623/1000 at 2025-01-01 (0.129375 DAYS) line 153
Complete report step 623 (0.00020833333333333332 DAYS) at 2025-01-01 (0.12958333333333333 DAYS)

Initializing report step 624/1000 at 2025-01-01 (0.12958333333333333 DAYS) line 153
Complete report step 624 (0.00020833333333333332 DAYS) at 2025-01-01 (0.12979166666666667 DAYS)

Initializing report step 625/1000 at 2025-01-01 (0.12979166666666667 DAYS) line 153
Complete report step 625 (0.00020833333333333332 DAYS) at 2025-01-01 (0.13 DAYS)

Initializing report step 626/1000 at 2025-01-01 (0.13 DAYS) line 153
Complete report step 626 (0.00020833333333333332 DAYS) at 2025-01-01 (0.13020833333333331 DAYS)

Initializing report step 627/1000 at 2025-01-01 (0.13020833333333331 DAYS) line 153
Complete report step 627 (0.00020833333333333332 DAYS) at 2025-01-01 (0.13041666666666665 DAYS)

Initializing report step 628/1000 at 2025-01-01 (0.13041666666666665 DAYS) line 153
Complete report step 628 (0.00020833333333333332 DAYS) at 2025-01-01 (0.130625 DAYS)

Initializing report step 629/1000 at 2025-01-01 (0.130625 DAYS) line 153
Complete report step 629 (0.00020833333333333332 DAYS) at 2025-01-01 (0.13083333333333333 DAYS)

Initializing report step 630/1000 at 2025-01-01 (0.13083333333333333 DAYS) line 153
Complete report step 630 (0.00020833333333333332 DAYS) at 2025-01-01 (0.13104166666666667 DAYS)

Initializing report step 631/1000 at 2025-01-01 (0.13104166666666667 DAYS) line 153
Complete report step 631 (0.00020833333333333332 DAYS) at 2025-01-01 (0.13125 DAYS)

Initializing report step 632/1000 at 2025-01-01 (0.13125 DAYS) line 153
Complete report step 632 (0.00020833333333333332 DAYS) at 2025-01-01 (0.13145833333333332 DAYS)

Initializing report step 633/1000 at 2025-01-01 (0.13145833333333332 DAYS) line 153
Complete report step 633 (0.00020833333333333332 DAYS) at 2025-01-01 (0.13166666666666665 DAYS)

Initializing report step 634/1000 at 2025-01-01 (0.13166666666666665 DAYS) line 153
Complete report step 634 (0.00020833333333333332 DAYS) at 2025-01-01 (0.131875 DAYS)

Initializing report step 635/1000 at 2025-01-01 (0.131875 DAYS) line 153
Complete report step 635 (0.00020833333333333332 DAYS) at 2025-01-01 (0.13208333333333333 DAYS)

Initializing report step 636/1000 at 2025-01-01 (0.13208333333333333 DAYS) line 153
Complete report step 636 (0.00020833333333333332 DAYS) at 2025-01-01 (0.13229166666666667 DAYS)

Initializing report step 637/1000 at 2025-01-01 (0.13229166666666667 DAYS) line 153
Complete report step 637 (0.00020833333333333332 DAYS) at 2025-01-01 (0.1325 DAYS)

Initializing report step 638/1000 at 2025-01-01 (0.1325 DAYS) line 153
Complete report step 638 (0.00020833333333333332 DAYS) at 2025-01-01 (0.13270833333333332 DAYS)

Initializing report step 639/1000 at 2025-01-01 (0.13270833333333332 DAYS) line 153
Complete report step 639 (0.00020833333333333332 DAYS) at 2025-01-01 (0.13291666666666666 DAYS)

Initializing report step 640/1000 at 2025-01-01 (0.13291666666666666 DAYS) line 153
Complete report step 640 (0.00020833333333333332 DAYS) at 2025-01-01 (0.133125 DAYS)

Initializing report step 641/1000 at 2025-01-01 (0.133125 DAYS) line 153
Complete report step 641 (0.00020833333333333332 DAYS) at 2025-01-01 (0.13333333333333333 DAYS)

Initializing report step 642/1000 at 2025-01-01 (0.13333333333333333 DAYS) line 153
Complete report step 642 (0.00020833333333333332 DAYS) at 2025-01-01 (0.13354166666666667 DAYS)

Initializing report step 643/1000 at 2025-01-01 (0.13354166666666667 DAYS) line 153
Complete report step 643 (0.00020833333333333332 DAYS) at 2025-01-01 (0.13374999999999998 DAYS)

Initializing report step 644/1000 at 2025-01-01 (0.13374999999999998 DAYS) line 153
Complete report step 644 (0.00020833333333333332 DAYS) at 2025-01-01 (0.13395833333333332 DAYS)

Initializing report step 645/1000 at 2025-01-01 (0.13395833333333332 DAYS) line 153
Complete report step 645 (0.00020833333333333332 DAYS) at 2025-01-01 (0.13416666666666666 DAYS)

Initializing report step 646/1000 at 2025-01-01 (0.13416666666666666 DAYS) line 153
Complete report step 646 (0.00020833333333333332 DAYS) at 2025-01-01 (0.134375 DAYS)

Initializing report step 647/1000 at 2025-01-01 (0.134375 DAYS) line 153
Complete report step 647 (0.00020833333333333332 DAYS) at 2025-01-01 (0.13458333333333333 DAYS)

Initializing report step 648/1000 at 2025-01-01 (0.13458333333333333 DAYS) line 153
Complete report step 648 (0.00020833333333333332 DAYS) at 2025-01-01 (0.13479166666666667 DAYS)

Initializing report step 649/1000 at 2025-01-01 (0.13479166666666667 DAYS) line 153
Complete report step 649 (0.00020833333333333332 DAYS) at 2025-01-01 (0.13499999999999998 DAYS)

Initializing report step 650/1000 at 2025-01-01 (0.13499999999999998 DAYS) line 153
Complete report step 650 (0.00020833333333333332 DAYS) at 2025-01-01 (0.13520833333333332 DAYS)

Initializing report step 651/1000 at 2025-01-01 (0.13520833333333332 DAYS) line 153
Complete report step 651 (0.00020833333333333332 DAYS) at 2025-01-01 (0.13541666666666666 DAYS)

Initializing report step 652/1000 at 2025-01-01 (0.13541666666666666 DAYS) line 153
Complete report step 652 (0.00020833333333333332 DAYS) at 2025-01-01 (0.135625 DAYS)

Initializing report step 653/1000 at 2025-01-01 (0.135625 DAYS) line 153
Complete report step 653 (0.00020833333333333332 DAYS) at 2025-01-01 (0.13583333333333333 DAYS)

Initializing report step 654/1000 at 2025-01-01 (0.13583333333333333 DAYS) line 153
Complete report step 654 (0.00020833333333333332 DAYS) at 2025-01-01 (0.13604166666666667 DAYS)

Initializing report step 655/1000 at 2025-01-01 (0.13604166666666667 DAYS) line 153
Complete report step 655 (0.00020833333333333332 DAYS) at 2025-01-01 (0.13624999999999998 DAYS)

Initializing report step 656/1000 at 2025-01-01 (0.13624999999999998 DAYS) line 153
Complete report step 656 (0.00020833333333333332 DAYS) at 2025-01-01 (0.13645833333333332 DAYS)

Initializing report step 657/1000 at 2025-01-01 (0.13645833333333332 DAYS) line 153
Complete report step 657 (0.00020833333333333332 DAYS) at 2025-01-01 (0.13666666666666666 DAYS)

Initializing report step 658/1000 at 2025-01-01 (0.13666666666666666 DAYS) line 153
Complete report step 658 (0.00020833333333333332 DAYS) at 2025-01-01 (0.136875 DAYS)

Initializing report step 659/1000 at 2025-01-01 (0.136875 DAYS) line 153
Complete report step 659 (0.00020833333333333332 DAYS) at 2025-01-01 (0.13708333333333333 DAYS)

Initializing report step 660/1000 at 2025-01-01 (0.13708333333333333 DAYS) line 153
Complete report step 660 (0.00020833333333333332 DAYS) at 2025-01-01 (0.13729166666666667 DAYS)

Initializing report step 661/1000 at 2025-01-01 (0.13729166666666667 DAYS) line 153
Complete report step 661 (0.00020833333333333332 DAYS) at 2025-01-01 (0.13749999999999998 DAYS)

Initializing report step 662/1000 at 2025-01-01 (0.13749999999999998 DAYS) line 153
Complete report step 662 (0.00020833333333333332 DAYS) at 2025-01-01 (0.13770833333333332 DAYS)

Initializing report step 663/1000 at 2025-01-01 (0.13770833333333332 DAYS) line 153
Complete report step 663 (0.00020833333333333332 DAYS) at 2025-01-01 (0.13791666666666666 DAYS)

Initializing report step 664/1000 at 2025-01-01 (0.13791666666666666 DAYS) line 153
Complete report step 664 (0.00020833333333333332 DAYS) at 2025-01-01 (0.138125 DAYS)

Initializing report step 665/1000 at 2025-01-01 (0.138125 DAYS) line 153
Complete report step 665 (0.00020833333333333332 DAYS) at 2025-01-01 (0.13833333333333334 DAYS)

Initializing report step 666/1000 at 2025-01-01 (0.13833333333333334 DAYS) line 153
Complete report step 666 (0.00020833333333333332 DAYS) at 2025-01-01 (0.13854166666666665 DAYS)

Initializing report step 667/1000 at 2025-01-01 (0.13854166666666665 DAYS) line 153
Complete report step 667 (0.00020833333333333332 DAYS) at 2025-01-01 (0.13874999999999998 DAYS)

Initializing report step 668/1000 at 2025-01-01 (0.13874999999999998 DAYS) line 153
Complete report step 668 (0.00020833333333333332 DAYS) at 2025-01-01 (0.13895833333333332 DAYS)

Initializing report step 669/1000 at 2025-01-01 (0.13895833333333332 DAYS) line 153
Complete report step 669 (0.00020833333333333332 DAYS) at 2025-01-01 (0.13916666666666666 DAYS)

Initializing report step 670/1000 at 2025-01-01 (0.13916666666666666 DAYS) line 153
Complete report step 670 (0.00020833333333333332 DAYS) at 2025-01-01 (0.139375 DAYS)

Initializing report step 671/1000 at 2025-01-01 (0.139375 DAYS) line 153
Complete report step 671 (0.00020833333333333332 DAYS) at 2025-01-01 (0.13958333333333334 DAYS)

Initializing report step 672/1000 at 2025-01-01 (0.13958333333333334 DAYS) line 153
Complete report step 672 (0.00020833333333333332 DAYS) at 2025-01-01 (0.13979166666666665 DAYS)

Initializing report step 673/1000 at 2025-01-01 (0.13979166666666665 DAYS) line 153
Complete report step 673 (0.00020833333333333332 DAYS) at 2025-01-01 (0.13999999999999999 DAYS)

Initializing report step 674/1000 at 2025-01-01 (0.13999999999999999 DAYS) line 153
Complete report step 674 (0.00020833333333333332 DAYS) at 2025-01-01 (0.14020833333333332 DAYS)

Initializing report step 675/1000 at 2025-01-01 (0.14020833333333332 DAYS) line 153
Complete report step 675 (0.00020833333333333332 DAYS) at 2025-01-01 (0.14041666666666666 DAYS)

Initializing report step 676/1000 at 2025-01-01 (0.14041666666666666 DAYS) line 153
Complete report step 676 (0.00020833333333333332 DAYS) at 2025-01-01 (0.140625 DAYS)

Initializing report step 677/1000 at 2025-01-01 (0.140625 DAYS) line 153
Complete report step 677 (0.00020833333333333332 DAYS) at 2025-01-01 (0.14083333333333334 DAYS)

Initializing report step 678/1000 at 2025-01-01 (0.14083333333333334 DAYS) line 153
Complete report step 678 (0.00020833333333333332 DAYS) at 2025-01-01 (0.14104166666666665 DAYS)

Initializing report step 679/1000 at 2025-01-01 (0.14104166666666665 DAYS) line 153
Complete report step 679 (0.00020833333333333332 DAYS) at 2025-01-01 (0.14125 DAYS)

Initializing report step 680/1000 at 2025-01-01 (0.14125 DAYS) line 153
Complete report step 680 (0.00020833333333333332 DAYS) at 2025-01-01 (0.14145833333333332 DAYS)

Initializing report step 681/1000 at 2025-01-01 (0.14145833333333332 DAYS) line 153
Complete report step 681 (0.00020833333333333332 DAYS) at 2025-01-01 (0.14166666666666666 DAYS)

Initializing report step 682/1000 at 2025-01-01 (0.14166666666666666 DAYS) line 153
Complete report step 682 (0.00020833333333333332 DAYS) at 2025-01-01 (0.141875 DAYS)

Initializing report step 683/1000 at 2025-01-01 (0.141875 DAYS) line 153
Complete report step 683 (0.00020833333333333332 DAYS) at 2025-01-01 (0.14208333333333334 DAYS)

Initializing report step 684/1000 at 2025-01-01 (0.14208333333333334 DAYS) line 153
Complete report step 684 (0.00020833333333333332 DAYS) at 2025-01-01 (0.14229166666666665 DAYS)

Initializing report step 685/1000 at 2025-01-01 (0.14229166666666665 DAYS) line 153
Complete report step 685 (0.00020833333333333332 DAYS) at 2025-01-01 (0.1425 DAYS)

Initializing report step 686/1000 at 2025-01-01 (0.1425 DAYS) line 153
Complete report step 686 (0.00020833333333333332 DAYS) at 2025-01-01 (0.14270833333333333 DAYS)

Initializing report step 687/1000 at 2025-01-01 (0.14270833333333333 DAYS) line 153
Complete report step 687 (0.00020833333333333332 DAYS) at 2025-01-01 (0.14291666666666666 DAYS)

Initializing report step 688/1000 at 2025-01-01 (0.14291666666666666 DAYS) line 153
Complete report step 688 (0.00020833333333333332 DAYS) at 2025-01-01 (0.143125 DAYS)

Initializing report step 689/1000 at 2025-01-01 (0.143125 DAYS) line 153
Complete report step 689 (0.00020833333333333332 DAYS) at 2025-01-01 (0.1433333333333333 DAYS)

Initializing report step 690/1000 at 2025-01-01 (0.1433333333333333 DAYS) line 153
Complete report step 690 (0.00020833333333333332 DAYS) at 2025-01-01 (0.14354166666666665 DAYS)

Initializing report step 691/1000 at 2025-01-01 (0.14354166666666665 DAYS) line 153
Complete report step 691 (0.00020833333333333332 DAYS) at 2025-01-01 (0.14375 DAYS)

Initializing report step 692/1000 at 2025-01-01 (0.14375 DAYS) line 153
Complete report step 692 (0.00020833333333333332 DAYS) at 2025-01-01 (0.14395833333333333 DAYS)

Initializing report step 693/1000 at 2025-01-01 (0.14395833333333333 DAYS) line 153
Complete report step 693 (0.00020833333333333332 DAYS) at 2025-01-01 (0.14416666666666667 DAYS)

Initializing report step 694/1000 at 2025-01-01 (0.14416666666666667 DAYS) line 153
Complete report step 694 (0.00020833333333333332 DAYS) at 2025-01-01 (0.144375 DAYS)

Initializing report step 695/1000 at 2025-01-01 (0.144375 DAYS) line 153
Complete report step 695 (0.00020833333333333332 DAYS) at 2025-01-01 (0.1445833333333333 DAYS)

Initializing report step 696/1000 at 2025-01-01 (0.1445833333333333 DAYS) line 153
Complete report step 696 (0.00020833333333333332 DAYS) at 2025-01-01 (0.14479166666666665 DAYS)

Initializing report step 697/1000 at 2025-01-01 (0.14479166666666665 DAYS) line 153
Complete report step 697 (0.00020833333333333332 DAYS) at 2025-01-01 (0.145 DAYS)

Initializing report step 698/1000 at 2025-01-01 (0.145 DAYS) line 153
Complete report step 698 (0.00020833333333333332 DAYS) at 2025-01-01 (0.14520833333333333 DAYS)

Initializing report step 699/1000 at 2025-01-01 (0.14520833333333333 DAYS) line 153
Complete report step 699 (0.00020833333333333332 DAYS) at 2025-01-01 (0.14541666666666667 DAYS)

Initializing report step 700/1000 at 2025-01-01 (0.14541666666666667 DAYS) line 153
Complete report step 700 (0.00020833333333333332 DAYS) at 2025-01-01 (0.145625 DAYS)

Initializing report step 701/1000 at 2025-01-01 (0.145625 DAYS) line 153
Complete report step 701 (0.00020833333333333332 DAYS) at 2025-01-01 (0.14583333333333331 DAYS)

Initializing report step 702/1000 at 2025-01-01 (0.14583333333333331 DAYS) line 153
Complete report step 702 (0.00020833333333333332 DAYS) at 2025-01-01 (0.14604166666666665 DAYS)

Initializing report step 703/1000 at 2025-01-01 (0.14604166666666665 DAYS) line 153
Complete report step 703 (0.00020833333333333332 DAYS) at 2025-01-01 (0.14625 DAYS)

Initializing report step 704/1000 at 2025-01-01 (0.14625 DAYS) line 153
Complete report step 704 (0.00020833333333333332 DAYS) at 2025-01-01 (0.14645833333333333 DAYS)

Initializing report step 705/1000 at 2025-01-01 (0.14645833333333333 DAYS) line 153
Complete report step 705 (0.00020833333333333332 DAYS) at 2025-01-01 (0.14666666666666667 DAYS)

Initializing report step 706/1000 at 2025-01-01 (0.14666666666666667 DAYS) line 153
Complete report step 706 (0.00020833333333333332 DAYS) at 2025-01-01 (0.146875 DAYS)

Initializing report step 707/1000 at 2025-01-01 (0.146875 DAYS) line 153
Complete report step 707 (0.00020833333333333332 DAYS) at 2025-01-01 (0.14708333333333332 DAYS)

Initializing report step 708/1000 at 2025-01-01 (0.14708333333333332 DAYS) line 153
Complete report step 708 (0.00020833333333333332 DAYS) at 2025-01-01 (0.14729166666666665 DAYS)

Initializing report step 709/1000 at 2025-01-01 (0.14729166666666665 DAYS) line 153
Complete report step 709 (0.00020833333333333332 DAYS) at 2025-01-01 (0.1475 DAYS)

Initializing report step 710/1000 at 2025-01-01 (0.1475 DAYS) line 153
Complete report step 710 (0.00020833333333333332 DAYS) at 2025-01-01 (0.14770833333333333 DAYS)

Initializing report step 711/1000 at 2025-01-01 (0.14770833333333333 DAYS) line 153
Complete report step 711 (0.00020833333333333332 DAYS) at 2025-01-01 (0.14791666666666667 DAYS)

Initializing report step 712/1000 at 2025-01-01 (0.14791666666666667 DAYS) line 153
Complete report step 712 (0.00020833333333333332 DAYS) at 2025-01-01 (0.14812499999999998 DAYS)

Initializing report step 713/1000 at 2025-01-01 (0.14812499999999998 DAYS) line 153
Complete report step 713 (0.00020833333333333332 DAYS) at 2025-01-01 (0.14833333333333332 DAYS)

Initializing report step 714/1000 at 2025-01-01 (0.14833333333333332 DAYS) line 153
Complete report step 714 (0.00020833333333333332 DAYS) at 2025-01-01 (0.14854166666666666 DAYS)

Initializing report step 715/1000 at 2025-01-01 (0.14854166666666666 DAYS) line 153
Complete report step 715 (0.00020833333333333332 DAYS) at 2025-01-01 (0.14875 DAYS)

Initializing report step 716/1000 at 2025-01-01 (0.14875 DAYS) line 153
Complete report step 716 (0.00020833333333333332 DAYS) at 2025-01-01 (0.14895833333333333 DAYS)

Initializing report step 717/1000 at 2025-01-01 (0.14895833333333333 DAYS) line 153
Complete report step 717 (0.00020833333333333332 DAYS) at 2025-01-01 (0.14916666666666667 DAYS)

Initializing report step 718/1000 at 2025-01-01 (0.14916666666666667 DAYS) line 153
Complete report step 718 (0.00020833333333333332 DAYS) at 2025-01-01 (0.14937499999999998 DAYS)

Initializing report step 719/1000 at 2025-01-01 (0.14937499999999998 DAYS) line 153
Complete report step 719 (0.00020833333333333332 DAYS) at 2025-01-01 (0.14958333333333332 DAYS)

Initializing report step 720/1000 at 2025-01-01 (0.14958333333333332 DAYS) line 153
Complete report step 720 (0.00020833333333333332 DAYS) at 2025-01-01 (0.14979166666666666 DAYS)

Initializing report step 721/1000 at 2025-01-01 (0.14979166666666666 DAYS) line 153
Complete report step 721 (0.00020833333333333332 DAYS) at 2025-01-01 (0.15 DAYS)

Initializing report step 722/1000 at 2025-01-01 (0.15 DAYS) line 153
Complete report step 722 (0.00020833333333333332 DAYS) at 2025-01-01 (0.15020833333333333 DAYS)

Initializing report step 723/1000 at 2025-01-01 (0.15020833333333333 DAYS) line 153
Complete report step 723 (0.00020833333333333332 DAYS) at 2025-01-01 (0.15041666666666667 DAYS)

Initializing report step 724/1000 at 2025-01-01 (0.15041666666666667 DAYS) line 153
Complete report step 724 (0.00020833333333333332 DAYS) at 2025-01-01 (0.15062499999999998 DAYS)

Initializing report step 725/1000 at 2025-01-01 (0.15062499999999998 DAYS) line 153
Complete report step 725 (0.00020833333333333332 DAYS) at 2025-01-01 (0.15083333333333332 DAYS)

Initializing report step 726/1000 at 2025-01-01 (0.15083333333333332 DAYS) line 153
Complete report step 726 (0.00020833333333333332 DAYS) at 2025-01-01 (0.15104166666666666 DAYS)

Initializing report step 727/1000 at 2025-01-01 (0.15104166666666666 DAYS) line 153
Complete report step 727 (0.00020833333333333332 DAYS) at 2025-01-01 (0.15125 DAYS)

Initializing report step 728/1000 at 2025-01-01 (0.15125 DAYS) line 153
Complete report step 728 (0.00020833333333333332 DAYS) at 2025-01-01 (0.15145833333333333 DAYS)

Initializing report step 729/1000 at 2025-01-01 (0.15145833333333333 DAYS) line 153
Complete report step 729 (0.00020833333333333332 DAYS) at 2025-01-01 (0.15166666666666667 DAYS)

Initializing report step 730/1000 at 2025-01-01 (0.15166666666666667 DAYS) line 153
Complete report step 730 (0.00020833333333333332 DAYS) at 2025-01-01 (0.15187499999999998 DAYS)

Initializing report step 731/1000 at 2025-01-01 (0.15187499999999998 DAYS) line 153
Complete report step 731 (0.00020833333333333332 DAYS) at 2025-01-01 (0.15208333333333332 DAYS)

Initializing report step 732/1000 at 2025-01-01 (0.15208333333333332 DAYS) line 153
Complete report step 732 (0.00020833333333333332 DAYS) at 2025-01-01 (0.15229166666666666 DAYS)

Initializing report step 733/1000 at 2025-01-01 (0.15229166666666666 DAYS) line 153
Complete report step 733 (0.00020833333333333332 DAYS) at 2025-01-01 (0.1525 DAYS)

Initializing report step 734/1000 at 2025-01-01 (0.1525 DAYS) line 153
Complete report step 734 (0.00020833333333333332 DAYS) at 2025-01-01 (0.15270833333333333 DAYS)

Initializing report step 735/1000 at 2025-01-01 (0.15270833333333333 DAYS) line 153
Complete report step 735 (0.00020833333333333332 DAYS) at 2025-01-01 (0.15291666666666665 DAYS)

Initializing report step 736/1000 at 2025-01-01 (0.15291666666666665 DAYS) line 153
Complete report step 736 (0.00020833333333333332 DAYS) at 2025-01-01 (0.15312499999999998 DAYS)

Initializing report step 737/1000 at 2025-01-01 (0.15312499999999998 DAYS) line 153
Complete report step 737 (0.00020833333333333332 DAYS) at 2025-01-01 (0.15333333333333332 DAYS)

Initializing report step 738/1000 at 2025-01-01 (0.15333333333333332 DAYS) line 153
Complete report step 738 (0.00020833333333333332 DAYS) at 2025-01-01 (0.15354166666666666 DAYS)

Initializing report step 739/1000 at 2025-01-01 (0.15354166666666666 DAYS) line 153
Complete report step 739 (0.00020833333333333332 DAYS) at 2025-01-01 (0.15375 DAYS)

Initializing report step 740/1000 at 2025-01-01 (0.15375 DAYS) line 153
Complete report step 740 (0.00020833333333333332 DAYS) at 2025-01-01 (0.15395833333333334 DAYS)

Initializing report step 741/1000 at 2025-01-01 (0.15395833333333334 DAYS) line 153
Complete report step 741 (0.00020833333333333332 DAYS) at 2025-01-01 (0.15416666666666665 DAYS)

Initializing report step 742/1000 at 2025-01-01 (0.15416666666666665 DAYS) line 153
Complete report step 742 (0.00020833333333333332 DAYS) at 2025-01-01 (0.15437499999999998 DAYS)

Initializing report step 743/1000 at 2025-01-01 (0.15437499999999998 DAYS) line 153
Complete report step 743 (0.00020833333333333332 DAYS) at 2025-01-01 (0.15458333333333332 DAYS)

Initializing report step 744/1000 at 2025-01-01 (0.15458333333333332 DAYS) line 153
Complete report step 744 (0.00020833333333333332 DAYS) at 2025-01-01 (0.15479166666666666 DAYS)

Initializing report step 745/1000 at 2025-01-01 (0.15479166666666666 DAYS) line 153
Complete report step 745 (0.00020833333333333332 DAYS) at 2025-01-01 (0.155 DAYS)

Initializing report step 746/1000 at 2025-01-01 (0.155 DAYS) line 153
Complete report step 746 (0.00020833333333333332 DAYS) at 2025-01-01 (0.15520833333333334 DAYS)

Initializing report step 747/1000 at 2025-01-01 (0.15520833333333334 DAYS) line 153
Complete report step 747 (0.00020833333333333332 DAYS) at 2025-01-01 (0.15541666666666665 DAYS)

Initializing report step 748/1000 at 2025-01-01 (0.15541666666666665 DAYS) line 153
Complete report step 748 (0.00020833333333333332 DAYS) at 2025-01-01 (0.15562499999999999 DAYS)

Initializing report step 749/1000 at 2025-01-01 (0.15562499999999999 DAYS) line 153
Complete report step 749 (0.00020833333333333332 DAYS) at 2025-01-01 (0.15583333333333332 DAYS)

Initializing report step 750/1000 at 2025-01-01 (0.15583333333333332 DAYS) line 153
Complete report step 750 (0.00020833333333333332 DAYS) at 2025-01-01 (0.15604166666666666 DAYS)

Initializing report step 751/1000 at 2025-01-01 (0.15604166666666666 DAYS) line 153
Complete report step 751 (0.00020833333333333332 DAYS) at 2025-01-01 (0.15625 DAYS)

Initializing report step 752/1000 at 2025-01-01 (0.15625 DAYS) line 153
Complete report step 752 (0.00020833333333333332 DAYS) at 2025-01-01 (0.15645833333333334 DAYS)

Initializing report step 753/1000 at 2025-01-01 (0.15645833333333334 DAYS) line 153
Complete report step 753 (0.00020833333333333332 DAYS) at 2025-01-01 (0.15666666666666665 DAYS)

Initializing report step 754/1000 at 2025-01-01 (0.15666666666666665 DAYS) line 153
Complete report step 754 (0.00020833333333333332 DAYS) at 2025-01-01 (0.156875 DAYS)

Initializing report step 755/1000 at 2025-01-01 (0.156875 DAYS) line 153
Complete report step 755 (0.00020833333333333332 DAYS) at 2025-01-01 (0.15708333333333332 DAYS)

Initializing report step 756/1000 at 2025-01-01 (0.15708333333333332 DAYS) line 153
Complete report step 756 (0.00020833333333333332 DAYS) at 2025-01-01 (0.15729166666666666 DAYS)

Initializing report step 757/1000 at 2025-01-01 (0.15729166666666666 DAYS) line 153
Complete report step 757 (0.00020833333333333332 DAYS) at 2025-01-01 (0.1575 DAYS)

Initializing report step 758/1000 at 2025-01-01 (0.1575 DAYS) line 153
Complete report step 758 (0.00020833333333333332 DAYS) at 2025-01-01 (0.15770833333333334 DAYS)

Initializing report step 759/1000 at 2025-01-01 (0.15770833333333334 DAYS) line 153
Complete report step 759 (0.00020833333333333332 DAYS) at 2025-01-01 (0.15791666666666665 DAYS)

Initializing report step 760/1000 at 2025-01-01 (0.15791666666666665 DAYS) line 153
Complete report step 760 (0.00020833333333333332 DAYS) at 2025-01-01 (0.158125 DAYS)

Initializing report step 761/1000 at 2025-01-01 (0.158125 DAYS) line 153
Complete report step 761 (0.00020833333333333332 DAYS) at 2025-01-01 (0.15833333333333333 DAYS)

Initializing report step 762/1000 at 2025-01-01 (0.15833333333333333 DAYS) line 153
Complete report step 762 (0.00020833333333333332 DAYS) at 2025-01-01 (0.15854166666666666 DAYS)

Initializing report step 763/1000 at 2025-01-01 (0.15854166666666666 DAYS) line 153
Complete report step 763 (0.00020833333333333332 DAYS) at 2025-01-01 (0.15875 DAYS)

Initializing report step 764/1000 at 2025-01-01 (0.15875 DAYS) line 153
Complete report step 764 (0.00020833333333333332 DAYS) at 2025-01-01 (0.1589583333333333 DAYS)

Initializing report step 765/1000 at 2025-01-01 (0.1589583333333333 DAYS) line 153
Complete report step 765 (0.00020833333333333332 DAYS) at 2025-01-01 (0.15916666666666665 DAYS)

Initializing report step 766/1000 at 2025-01-01 (0.15916666666666665 DAYS) line 153
Complete report step 766 (0.00020833333333333332 DAYS) at 2025-01-01 (0.159375 DAYS)

Initializing report step 767/1000 at 2025-01-01 (0.159375 DAYS) line 153
Complete report step 767 (0.00020833333333333332 DAYS) at 2025-01-01 (0.15958333333333333 DAYS)

Initializing report step 768/1000 at 2025-01-01 (0.15958333333333333 DAYS) line 153
Complete report step 768 (0.00020833333333333332 DAYS) at 2025-01-01 (0.15979166666666667 DAYS)

Initializing report step 769/1000 at 2025-01-01 (0.15979166666666667 DAYS) line 153
Complete report step 769 (0.00020833333333333332 DAYS) at 2025-01-01 (0.16 DAYS)

Initializing report step 770/1000 at 2025-01-01 (0.16 DAYS) line 153
Complete report step 770 (0.00020833333333333332 DAYS) at 2025-01-01 (0.1602083333333333 DAYS)

Initializing report step 771/1000 at 2025-01-01 (0.1602083333333333 DAYS) line 153
Complete report step 771 (0.00020833333333333332 DAYS) at 2025-01-01 (0.16041666666666665 DAYS)

Initializing report step 772/1000 at 2025-01-01 (0.16041666666666665 DAYS) line 153
Complete report step 772 (0.00020833333333333332 DAYS) at 2025-01-01 (0.160625 DAYS)

Initializing report step 773/1000 at 2025-01-01 (0.160625 DAYS) line 153
Complete report step 773 (0.00020833333333333332 DAYS) at 2025-01-01 (0.16083333333333333 DAYS)

Initializing report step 774/1000 at 2025-01-01 (0.16083333333333333 DAYS) line 153
Complete report step 774 (0.00020833333333333332 DAYS) at 2025-01-01 (0.16104166666666667 DAYS)

Initializing report step 775/1000 at 2025-01-01 (0.16104166666666667 DAYS) line 153
Complete report step 775 (0.00020833333333333332 DAYS) at 2025-01-01 (0.16125 DAYS)

Initializing report step 776/1000 at 2025-01-01 (0.16125 DAYS) line 153
Complete report step 776 (0.00020833333333333332 DAYS) at 2025-01-01 (0.16145833333333331 DAYS)

Initializing report step 777/1000 at 2025-01-01 (0.16145833333333331 DAYS) line 153
Complete report step 777 (0.00020833333333333332 DAYS) at 2025-01-01 (0.16166666666666665 DAYS)

Initializing report step 778/1000 at 2025-01-01 (0.16166666666666665 DAYS) line 153
Complete report step 778 (0.00020833333333333332 DAYS) at 2025-01-01 (0.161875 DAYS)

Initializing report step 779/1000 at 2025-01-01 (0.161875 DAYS) line 153
Complete report step 779 (0.00020833333333333332 DAYS) at 2025-01-01 (0.16208333333333333 DAYS)

Initializing report step 780/1000 at 2025-01-01 (0.16208333333333333 DAYS) line 153
Complete report step 780 (0.00020833333333333332 DAYS) at 2025-01-01 (0.16229166666666667 DAYS)

Initializing report step 781/1000 at 2025-01-01 (0.16229166666666667 DAYS) line 153
Complete report step 781 (0.00020833333333333332 DAYS) at 2025-01-01 (0.1625 DAYS)

Initializing report step 782/1000 at 2025-01-01 (0.1625 DAYS) line 153
Complete report step 782 (0.00020833333333333332 DAYS) at 2025-01-01 (0.16270833333333332 DAYS)

Initializing report step 783/1000 at 2025-01-01 (0.16270833333333332 DAYS) line 153
Complete report step 783 (0.00020833333333333332 DAYS) at 2025-01-01 (0.16291666666666665 DAYS)

Initializing report step 784/1000 at 2025-01-01 (0.16291666666666665 DAYS) line 153
Complete report step 784 (0.00020833333333333332 DAYS) at 2025-01-01 (0.163125 DAYS)

Initializing report step 785/1000 at 2025-01-01 (0.163125 DAYS) line 153
Complete report step 785 (0.00020833333333333332 DAYS) at 2025-01-01 (0.16333333333333333 DAYS)

Initializing report step 786/1000 at 2025-01-01 (0.16333333333333333 DAYS) line 153
Complete report step 786 (0.00020833333333333332 DAYS) at 2025-01-01 (0.16354166666666667 DAYS)

Initializing report step 787/1000 at 2025-01-01 (0.16354166666666667 DAYS) line 153
Complete report step 787 (0.00020833333333333332 DAYS) at 2025-01-01 (0.16374999999999998 DAYS)

Initializing report step 788/1000 at 2025-01-01 (0.16374999999999998 DAYS) line 153
Complete report step 788 (0.00020833333333333332 DAYS) at 2025-01-01 (0.16395833333333332 DAYS)

Initializing report step 789/1000 at 2025-01-01 (0.16395833333333332 DAYS) line 153
Complete report step 789 (0.00020833333333333332 DAYS) at 2025-01-01 (0.16416666666666666 DAYS)

Initializing report step 790/1000 at 2025-01-01 (0.16416666666666666 DAYS) line 153
Complete report step 790 (0.00020833333333333332 DAYS) at 2025-01-01 (0.164375 DAYS)

Initializing report step 791/1000 at 2025-01-01 (0.164375 DAYS) line 153
Complete report step 791 (0.00020833333333333332 DAYS) at 2025-01-01 (0.16458333333333333 DAYS)

Initializing report step 792/1000 at 2025-01-01 (0.16458333333333333 DAYS) line 153
Complete report step 792 (0.00020833333333333332 DAYS) at 2025-01-01 (0.16479166666666667 DAYS)

Initializing report step 793/1000 at 2025-01-01 (0.16479166666666667 DAYS) line 153
Complete report step 793 (0.00020833333333333332 DAYS) at 2025-01-01 (0.16499999999999998 DAYS)

Initializing report step 794/1000 at 2025-01-01 (0.16499999999999998 DAYS) line 153
Complete report step 794 (0.00020833333333333332 DAYS) at 2025-01-01 (0.16520833333333332 DAYS)

Initializing report step 795/1000 at 2025-01-01 (0.16520833333333332 DAYS) line 153
Complete report step 795 (0.00020833333333333332 DAYS) at 2025-01-01 (0.16541666666666666 DAYS)

Initializing report step 796/1000 at 2025-01-01 (0.16541666666666666 DAYS) line 153
Complete report step 796 (0.00020833333333333332 DAYS) at 2025-01-01 (0.165625 DAYS)

Initializing report step 797/1000 at 2025-01-01 (0.165625 DAYS) line 153
Complete report step 797 (0.00020833333333333332 DAYS) at 2025-01-01 (0.16583333333333333 DAYS)

Initializing report step 798/1000 at 2025-01-01 (0.16583333333333333 DAYS) line 153
Complete report step 798 (0.00020833333333333332 DAYS) at 2025-01-01 (0.16604166666666667 DAYS)

Initializing report step 799/1000 at 2025-01-01 (0.16604166666666667 DAYS) line 153
Complete report step 799 (0.00020833333333333332 DAYS) at 2025-01-01 (0.16624999999999998 DAYS)

Initializing report step 800/1000 at 2025-01-01 (0.16624999999999998 DAYS) line 153
Complete report step 800 (0.00020833333333333332 DAYS) at 2025-01-01 (0.16645833333333332 DAYS)

Initializing report step 801/1000 at 2025-01-01 (0.16645833333333332 DAYS) line 153
Complete report step 801 (0.00020833333333333332 DAYS) at 2025-01-01 (0.16666666666666666 DAYS)

Initializing report step 802/1000 at 2025-01-01 (0.16666666666666666 DAYS) line 153
Complete report step 802 (0.00020833333333333332 DAYS) at 2025-01-01 (0.166875 DAYS)

Initializing report step 803/1000 at 2025-01-01 (0.166875 DAYS) line 153
Complete report step 803 (0.00020833333333333332 DAYS) at 2025-01-01 (0.16708333333333333 DAYS)

Initializing report step 804/1000 at 2025-01-01 (0.16708333333333333 DAYS) line 153
Complete report step 804 (0.00020833333333333332 DAYS) at 2025-01-01 (0.16729166666666667 DAYS)

Initializing report step 805/1000 at 2025-01-01 (0.16729166666666667 DAYS) line 153
Complete report step 805 (0.00020833333333333332 DAYS) at 2025-01-01 (0.16749999999999998 DAYS)

Initializing report step 806/1000 at 2025-01-01 (0.16749999999999998 DAYS) line 153
Complete report step 806 (0.00020833333333333332 DAYS) at 2025-01-01 (0.16770833333333332 DAYS)

Initializing report step 807/1000 at 2025-01-01 (0.16770833333333332 DAYS) line 153
Complete report step 807 (0.00020833333333333332 DAYS) at 2025-01-01 (0.16791666666666666 DAYS)

Initializing report step 808/1000 at 2025-01-01 (0.16791666666666666 DAYS) line 153
Complete report step 808 (0.00020833333333333332 DAYS) at 2025-01-01 (0.168125 DAYS)

Initializing report step 809/1000 at 2025-01-01 (0.168125 DAYS) line 153
Complete report step 809 (0.00020833333333333332 DAYS) at 2025-01-01 (0.16833333333333333 DAYS)

Initializing report step 810/1000 at 2025-01-01 (0.16833333333333333 DAYS) line 153
Complete report step 810 (0.00020833333333333332 DAYS) at 2025-01-01 (0.16854166666666665 DAYS)

Initializing report step 811/1000 at 2025-01-01 (0.16854166666666665 DAYS) line 153
Complete report step 811 (0.00020833333333333332 DAYS) at 2025-01-01 (0.16874999999999998 DAYS)

Initializing report step 812/1000 at 2025-01-01 (0.16874999999999998 DAYS) line 153
Complete report step 812 (0.00020833333333333332 DAYS) at 2025-01-01 (0.16895833333333332 DAYS)

Initializing report step 813/1000 at 2025-01-01 (0.16895833333333332 DAYS) line 153
Complete report step 813 (0.00020833333333333332 DAYS) at 2025-01-01 (0.16916666666666666 DAYS)

Initializing report step 814/1000 at 2025-01-01 (0.16916666666666666 DAYS) line 153
Complete report step 814 (0.00020833333333333332 DAYS) at 2025-01-01 (0.169375 DAYS)

Initializing report step 815/1000 at 2025-01-01 (0.169375 DAYS) line 153
Complete report step 815 (0.00020833333333333332 DAYS) at 2025-01-01 (0.16958333333333334 DAYS)

Initializing report step 816/1000 at 2025-01-01 (0.16958333333333334 DAYS) line 153
Complete report step 816 (0.00020833333333333332 DAYS) at 2025-01-01 (0.16979166666666665 DAYS)

Initializing report step 817/1000 at 2025-01-01 (0.16979166666666665 DAYS) line 153
Complete report step 817 (0.00020833333333333332 DAYS) at 2025-01-01 (0.16999999999999998 DAYS)

Initializing report step 818/1000 at 2025-01-01 (0.16999999999999998 DAYS) line 153
Complete report step 818 (0.00020833333333333332 DAYS) at 2025-01-01 (0.17020833333333332 DAYS)

Initializing report step 819/1000 at 2025-01-01 (0.17020833333333332 DAYS) line 153
Complete report step 819 (0.00020833333333333332 DAYS) at 2025-01-01 (0.17041666666666666 DAYS)

Initializing report step 820/1000 at 2025-01-01 (0.17041666666666666 DAYS) line 153
Complete report step 820 (0.00020833333333333332 DAYS) at 2025-01-01 (0.170625 DAYS)

Initializing report step 821/1000 at 2025-01-01 (0.170625 DAYS) line 153
Complete report step 821 (0.00020833333333333332 DAYS) at 2025-01-01 (0.17083333333333334 DAYS)

Initializing report step 822/1000 at 2025-01-01 (0.17083333333333334 DAYS) line 153
Complete report step 822 (0.00020833333333333332 DAYS) at 2025-01-01 (0.17104166666666665 DAYS)

Initializing report step 823/1000 at 2025-01-01 (0.17104166666666665 DAYS) line 153
Complete report step 823 (0.00020833333333333332 DAYS) at 2025-01-01 (0.17124999999999999 DAYS)

Initializing report step 824/1000 at 2025-01-01 (0.17124999999999999 DAYS) line 153
Complete report step 824 (0.00020833333333333332 DAYS) at 2025-01-01 (0.17145833333333332 DAYS)

Initializing report step 825/1000 at 2025-01-01 (0.17145833333333332 DAYS) line 153
Complete report step 825 (0.00020833333333333332 DAYS) at 2025-01-01 (0.17166666666666666 DAYS)

Initializing report step 826/1000 at 2025-01-01 (0.17166666666666666 DAYS) line 153
Complete report step 826 (0.00020833333333333332 DAYS) at 2025-01-01 (0.171875 DAYS)

Initializing report step 827/1000 at 2025-01-01 (0.171875 DAYS) line 153
Complete report step 827 (0.00020833333333333332 DAYS) at 2025-01-01 (0.17208333333333334 DAYS)

Initializing report step 828/1000 at 2025-01-01 (0.17208333333333334 DAYS) line 153
Complete report step 828 (0.00020833333333333332 DAYS) at 2025-01-01 (0.17229166666666665 DAYS)

Initializing report step 829/1000 at 2025-01-01 (0.17229166666666665 DAYS) line 153
Complete report step 829 (0.00020833333333333332 DAYS) at 2025-01-01 (0.1725 DAYS)

Initializing report step 830/1000 at 2025-01-01 (0.1725 DAYS) line 153
Complete report step 830 (0.00020833333333333332 DAYS) at 2025-01-01 (0.17270833333333332 DAYS)

Initializing report step 831/1000 at 2025-01-01 (0.17270833333333332 DAYS) line 153
Complete report step 831 (0.00020833333333333332 DAYS) at 2025-01-01 (0.17291666666666666 DAYS)

Initializing report step 832/1000 at 2025-01-01 (0.17291666666666666 DAYS) line 153
Complete report step 832 (0.00020833333333333332 DAYS) at 2025-01-01 (0.173125 DAYS)

Initializing report step 833/1000 at 2025-01-01 (0.173125 DAYS) line 153
Complete report step 833 (0.00020833333333333332 DAYS) at 2025-01-01 (0.1733333333333333 DAYS)

Initializing report step 834/1000 at 2025-01-01 (0.1733333333333333 DAYS) line 153
Complete report step 834 (0.00020833333333333332 DAYS) at 2025-01-01 (0.17354166666666665 DAYS)

Initializing report step 835/1000 at 2025-01-01 (0.17354166666666665 DAYS) line 153
Complete report step 835 (0.00020833333333333332 DAYS) at 2025-01-01 (0.17375 DAYS)

Initializing report step 836/1000 at 2025-01-01 (0.17375 DAYS) line 153
Complete report step 836 (0.00020833333333333332 DAYS) at 2025-01-01 (0.17395833333333333 DAYS)

Initializing report step 837/1000 at 2025-01-01 (0.17395833333333333 DAYS) line 153
Complete report step 837 (0.00020833333333333332 DAYS) at 2025-01-01 (0.17416666666666666 DAYS)

Initializing report step 838/1000 at 2025-01-01 (0.17416666666666666 DAYS) line 153
Complete report step 838 (0.00020833333333333332 DAYS) at 2025-01-01 (0.174375 DAYS)

Initializing report step 839/1000 at 2025-01-01 (0.174375 DAYS) line 153
Complete report step 839 (0.00020833333333333332 DAYS) at 2025-01-01 (0.1745833333333333 DAYS)

Initializing report step 840/1000 at 2025-01-01 (0.1745833333333333 DAYS) line 153
Complete report step 840 (0.00020833333333333332 DAYS) at 2025-01-01 (0.17479166666666665 DAYS)

Initializing report step 841/1000 at 2025-01-01 (0.17479166666666665 DAYS) line 153
Complete report step 841 (0.00020833333333333332 DAYS) at 2025-01-01 (0.175 DAYS)

Initializing report step 842/1000 at 2025-01-01 (0.175 DAYS) line 153
Complete report step 842 (0.00020833333333333332 DAYS) at 2025-01-01 (0.17520833333333333 DAYS)

Initializing report step 843/1000 at 2025-01-01 (0.17520833333333333 DAYS) line 153
Complete report step 843 (0.00020833333333333332 DAYS) at 2025-01-01 (0.17541666666666667 DAYS)

Initializing report step 844/1000 at 2025-01-01 (0.17541666666666667 DAYS) line 153
Complete report step 844 (0.00020833333333333332 DAYS) at 2025-01-01 (0.175625 DAYS)

Initializing report step 845/1000 at 2025-01-01 (0.175625 DAYS) line 153
Complete report step 845 (0.00020833333333333332 DAYS) at 2025-01-01 (0.1758333333333333 DAYS)

Initializing report step 846/1000 at 2025-01-01 (0.1758333333333333 DAYS) line 153
Complete report step 846 (0.00020833333333333332 DAYS) at 2025-01-01 (0.17604166666666665 DAYS)

Initializing report step 847/1000 at 2025-01-01 (0.17604166666666665 DAYS) line 153
Complete report step 847 (0.00020833333333333332 DAYS) at 2025-01-01 (0.17625 DAYS)

Initializing report step 848/1000 at 2025-01-01 (0.17625 DAYS) line 153
Complete report step 848 (0.00020833333333333332 DAYS) at 2025-01-01 (0.17645833333333333 DAYS)

Initializing report step 849/1000 at 2025-01-01 (0.17645833333333333 DAYS) line 153
Complete report step 849 (0.00020833333333333332 DAYS) at 2025-01-01 (0.17666666666666667 DAYS)

Initializing report step 850/1000 at 2025-01-01 (0.17666666666666667 DAYS) line 153
Complete report step 850 (0.00020833333333333332 DAYS) at 2025-01-01 (0.176875 DAYS)

Initializing report step 851/1000 at 2025-01-01 (0.176875 DAYS) line 153
Complete report step 851 (0.00020833333333333332 DAYS) at 2025-01-01 (0.17708333333333331 DAYS)

Initializing report step 852/1000 at 2025-01-01 (0.17708333333333331 DAYS) line 153
Complete report step 852 (0.00020833333333333332 DAYS) at 2025-01-01 (0.17729166666666665 DAYS)

Initializing report step 853/1000 at 2025-01-01 (0.17729166666666665 DAYS) line 153
Complete report step 853 (0.00020833333333333332 DAYS) at 2025-01-01 (0.1775 DAYS)

Initializing report step 854/1000 at 2025-01-01 (0.1775 DAYS) line 153
Complete report step 854 (0.00020833333333333332 DAYS) at 2025-01-01 (0.17770833333333333 DAYS)

Initializing report step 855/1000 at 2025-01-01 (0.17770833333333333 DAYS) line 153
Complete report step 855 (0.00020833333333333332 DAYS) at 2025-01-01 (0.17791666666666667 DAYS)

Initializing report step 856/1000 at 2025-01-01 (0.17791666666666667 DAYS) line 153
Complete report step 856 (0.00020833333333333332 DAYS) at 2025-01-01 (0.17812499999999998 DAYS)

Initializing report step 857/1000 at 2025-01-01 (0.17812499999999998 DAYS) line 153
Complete report step 857 (0.00020833333333333332 DAYS) at 2025-01-01 (0.17833333333333332 DAYS)

Initializing report step 858/1000 at 2025-01-01 (0.17833333333333332 DAYS) line 153
Complete report step 858 (0.00020833333333333332 DAYS) at 2025-01-01 (0.17854166666666665 DAYS)

Initializing report step 859/1000 at 2025-01-01 (0.17854166666666665 DAYS) line 153
Complete report step 859 (0.00020833333333333332 DAYS) at 2025-01-01 (0.17875 DAYS)

Initializing report step 860/1000 at 2025-01-01 (0.17875 DAYS) line 153
Complete report step 860 (0.00020833333333333332 DAYS) at 2025-01-01 (0.17895833333333333 DAYS)

Initializing report step 861/1000 at 2025-01-01 (0.17895833333333333 DAYS) line 153
Complete report step 861 (0.00020833333333333332 DAYS) at 2025-01-01 (0.17916666666666667 DAYS)

Initializing report step 862/1000 at 2025-01-01 (0.17916666666666667 DAYS) line 153
Complete report step 862 (0.00020833333333333332 DAYS) at 2025-01-01 (0.17937499999999998 DAYS)

Initializing report step 863/1000 at 2025-01-01 (0.17937499999999998 DAYS) line 153
Complete report step 863 (0.00020833333333333332 DAYS) at 2025-01-01 (0.17958333333333332 DAYS)

Initializing report step 864/1000 at 2025-01-01 (0.17958333333333332 DAYS) line 153
Complete report step 864 (0.00020833333333333332 DAYS) at 2025-01-01 (0.17979166666666666 DAYS)

Initializing report step 865/1000 at 2025-01-01 (0.17979166666666666 DAYS) line 153
Complete report step 865 (0.00020833333333333332 DAYS) at 2025-01-01 (0.18 DAYS)

Initializing report step 866/1000 at 2025-01-01 (0.18 DAYS) line 153
Complete report step 866 (0.00020833333333333332 DAYS) at 2025-01-01 (0.18020833333333333 DAYS)

Initializing report step 867/1000 at 2025-01-01 (0.18020833333333333 DAYS) line 153
Complete report step 867 (0.00020833333333333332 DAYS) at 2025-01-01 (0.18041666666666667 DAYS)

Initializing report step 868/1000 at 2025-01-01 (0.18041666666666667 DAYS) line 153
Complete report step 868 (0.00020833333333333332 DAYS) at 2025-01-01 (0.18062499999999998 DAYS)

Initializing report step 869/1000 at 2025-01-01 (0.18062499999999998 DAYS) line 153
Complete report step 869 (0.00020833333333333332 DAYS) at 2025-01-01 (0.18083333333333332 DAYS)

Initializing report step 870/1000 at 2025-01-01 (0.18083333333333332 DAYS) line 153
Complete report step 870 (0.00020833333333333332 DAYS) at 2025-01-01 (0.18104166666666666 DAYS)

Initializing report step 871/1000 at 2025-01-01 (0.18104166666666666 DAYS) line 153
Complete report step 871 (0.00020833333333333332 DAYS) at 2025-01-01 (0.18125 DAYS)

Initializing report step 872/1000 at 2025-01-01 (0.18125 DAYS) line 153
Complete report step 872 (0.00020833333333333332 DAYS) at 2025-01-01 (0.18145833333333333 DAYS)

Initializing report step 873/1000 at 2025-01-01 (0.18145833333333333 DAYS) line 153
Complete report step 873 (0.00020833333333333332 DAYS) at 2025-01-01 (0.18166666666666667 DAYS)

Initializing report step 874/1000 at 2025-01-01 (0.18166666666666667 DAYS) line 153
Complete report step 874 (0.00020833333333333332 DAYS) at 2025-01-01 (0.18187499999999998 DAYS)

Initializing report step 875/1000 at 2025-01-01 (0.18187499999999998 DAYS) line 153
Complete report step 875 (0.00020833333333333332 DAYS) at 2025-01-01 (0.18208333333333332 DAYS)

Initializing report step 876/1000 at 2025-01-01 (0.18208333333333332 DAYS) line 153
Complete report step 876 (0.00020833333333333332 DAYS) at 2025-01-01 (0.18229166666666666 DAYS)

Initializing report step 877/1000 at 2025-01-01 (0.18229166666666666 DAYS) line 153
Complete report step 877 (0.00020833333333333332 DAYS) at 2025-01-01 (0.1825 DAYS)

Initializing report step 878/1000 at 2025-01-01 (0.1825 DAYS) line 153
Complete report step 878 (0.00020833333333333332 DAYS) at 2025-01-01 (0.18270833333333333 DAYS)

Initializing report step 879/1000 at 2025-01-01 (0.18270833333333333 DAYS) line 153
Complete report step 879 (0.00020833333333333332 DAYS) at 2025-01-01 (0.18291666666666664 DAYS)

Initializing report step 880/1000 at 2025-01-01 (0.18291666666666664 DAYS) line 153
Complete report step 880 (0.00020833333333333332 DAYS) at 2025-01-01 (0.18312499999999998 DAYS)

Initializing report step 881/1000 at 2025-01-01 (0.18312499999999998 DAYS) line 153
Complete report step 881 (0.00020833333333333332 DAYS) at 2025-01-01 (0.18333333333333332 DAYS)

Initializing report step 882/1000 at 2025-01-01 (0.18333333333333332 DAYS) line 153
Complete report step 882 (0.00020833333333333332 DAYS) at 2025-01-01 (0.18354166666666666 DAYS)

Initializing report step 883/1000 at 2025-01-01 (0.18354166666666666 DAYS) line 153
Complete report step 883 (0.00020833333333333332 DAYS) at 2025-01-01 (0.18375 DAYS)

Initializing report step 884/1000 at 2025-01-01 (0.18375 DAYS) line 153
Complete report step 884 (0.00020833333333333332 DAYS) at 2025-01-01 (0.18395833333333333 DAYS)

Initializing report step 885/1000 at 2025-01-01 (0.18395833333333333 DAYS) line 153
Complete report step 885 (0.00020833333333333332 DAYS) at 2025-01-01 (0.18416666666666665 DAYS)

Initializing report step 886/1000 at 2025-01-01 (0.18416666666666665 DAYS) line 153
Complete report step 886 (0.00020833333333333332 DAYS) at 2025-01-01 (0.18437499999999998 DAYS)

Initializing report step 887/1000 at 2025-01-01 (0.18437499999999998 DAYS) line 153
Complete report step 887 (0.00020833333333333332 DAYS) at 2025-01-01 (0.18458333333333332 DAYS)

Initializing report step 888/1000 at 2025-01-01 (0.18458333333333332 DAYS) line 153
Complete report step 888 (0.00020833333333333332 DAYS) at 2025-01-01 (0.18479166666666666 DAYS)

Initializing report step 889/1000 at 2025-01-01 (0.18479166666666666 DAYS) line 153
Complete report step 889 (0.00020833333333333332 DAYS) at 2025-01-01 (0.185 DAYS)

Initializing report step 890/1000 at 2025-01-01 (0.185 DAYS) line 153
Complete report step 890 (0.00020833333333333332 DAYS) at 2025-01-01 (0.18520833333333334 DAYS)

Initializing report step 891/1000 at 2025-01-01 (0.18520833333333334 DAYS) line 153
Complete report step 891 (0.00020833333333333332 DAYS) at 2025-01-01 (0.18541666666666665 DAYS)

Initializing report step 892/1000 at 2025-01-01 (0.18541666666666665 DAYS) line 153
Complete report step 892 (0.00020833333333333332 DAYS) at 2025-01-01 (0.18562499999999998 DAYS)

Initializing report step 893/1000 at 2025-01-01 (0.18562499999999998 DAYS) line 153
Complete report step 893 (0.00020833333333333332 DAYS) at 2025-01-01 (0.18583333333333332 DAYS)

Initializing report step 894/1000 at 2025-01-01 (0.18583333333333332 DAYS) line 153
Complete report step 894 (0.00020833333333333332 DAYS) at 2025-01-01 (0.18604166666666666 DAYS)

Initializing report step 895/1000 at 2025-01-01 (0.18604166666666666 DAYS) line 153
Complete report step 895 (0.00020833333333333332 DAYS) at 2025-01-01 (0.18625 DAYS)

Initializing report step 896/1000 at 2025-01-01 (0.18625 DAYS) line 153
Complete report step 896 (0.00020833333333333332 DAYS) at 2025-01-01 (0.18645833333333334 DAYS)

Initializing report step 897/1000 at 2025-01-01 (0.18645833333333334 DAYS) line 153
Complete report step 897 (0.00020833333333333332 DAYS) at 2025-01-01 (0.18666666666666665 DAYS)

Initializing report step 898/1000 at 2025-01-01 (0.18666666666666665 DAYS) line 153
Complete report step 898 (0.00020833333333333332 DAYS) at 2025-01-01 (0.18687499999999999 DAYS)

Initializing report step 899/1000 at 2025-01-01 (0.18687499999999999 DAYS) line 153
Complete report step 899 (0.00020833333333333332 DAYS) at 2025-01-01 (0.18708333333333332 DAYS)

Initializing report step 900/1000 at 2025-01-01 (0.18708333333333332 DAYS) line 153
Complete report step 900 (0.00020833333333333332 DAYS) at 2025-01-01 (0.18729166666666666 DAYS)

Initializing report step 901/1000 at 2025-01-01 (0.18729166666666666 DAYS) line 153
Complete report step 901 (0.00020833333333333332 DAYS) at 2025-01-01 (0.1875 DAYS)

Initializing report step 902/1000 at 2025-01-01 (0.1875 DAYS) line 153
Complete report step 902 (0.00020833333333333332 DAYS) at 2025-01-01 (0.1877083333333333 DAYS)

Initializing report step 903/1000 at 2025-01-01 (0.1877083333333333 DAYS) line 153
Complete report step 903 (0.00020833333333333332 DAYS) at 2025-01-01 (0.18791666666666665 DAYS)

Initializing report step 904/1000 at 2025-01-01 (0.18791666666666665 DAYS) line 153
Complete report step 904 (0.00020833333333333332 DAYS) at 2025-01-01 (0.188125 DAYS)

Initializing report step 905/1000 at 2025-01-01 (0.188125 DAYS) line 153
Complete report step 905 (0.00020833333333333332 DAYS) at 2025-01-01 (0.18833333333333332 DAYS)

Initializing report step 906/1000 at 2025-01-01 (0.18833333333333332 DAYS) line 153
Complete report step 906 (0.00020833333333333332 DAYS) at 2025-01-01 (0.18854166666666666 DAYS)

Initializing report step 907/1000 at 2025-01-01 (0.18854166666666666 DAYS) line 153
Complete report step 907 (0.00020833333333333332 DAYS) at 2025-01-01 (0.18875 DAYS)

Initializing report step 908/1000 at 2025-01-01 (0.18875 DAYS) line 153
Complete report step 908 (0.00020833333333333332 DAYS) at 2025-01-01 (0.1889583333333333 DAYS)

Initializing report step 909/1000 at 2025-01-01 (0.1889583333333333 DAYS) line 153
Complete report step 909 (0.00020833333333333332 DAYS) at 2025-01-01 (0.18916666666666665 DAYS)

Initializing report step 910/1000 at 2025-01-01 (0.18916666666666665 DAYS) line 153
Complete report step 910 (0.00020833333333333332 DAYS) at 2025-01-01 (0.189375 DAYS)

Initializing report step 911/1000 at 2025-01-01 (0.189375 DAYS) line 153
Complete report step 911 (0.00020833333333333332 DAYS) at 2025-01-01 (0.18958333333333333 DAYS)

Initializing report step 912/1000 at 2025-01-01 (0.18958333333333333 DAYS) line 153
Complete report step 912 (0.00020833333333333332 DAYS) at 2025-01-01 (0.18979166666666666 DAYS)

Initializing report step 913/1000 at 2025-01-01 (0.18979166666666666 DAYS) line 153
Complete report step 913 (0.00020833333333333332 DAYS) at 2025-01-01 (0.19 DAYS)

Initializing report step 914/1000 at 2025-01-01 (0.19 DAYS) line 153
Complete report step 914 (0.00020833333333333332 DAYS) at 2025-01-01 (0.1902083333333333 DAYS)

Initializing report step 915/1000 at 2025-01-01 (0.1902083333333333 DAYS) line 153
Complete report step 915 (0.00020833333333333332 DAYS) at 2025-01-01 (0.19041666666666665 DAYS)

Initializing report step 916/1000 at 2025-01-01 (0.19041666666666665 DAYS) line 153
Complete report step 916 (0.00020833333333333332 DAYS) at 2025-01-01 (0.190625 DAYS)

Initializing report step 917/1000 at 2025-01-01 (0.190625 DAYS) line 153
Complete report step 917 (0.00020833333333333332 DAYS) at 2025-01-01 (0.19083333333333333 DAYS)

Initializing report step 918/1000 at 2025-01-01 (0.19083333333333333 DAYS) line 153
Complete report step 918 (0.00020833333333333332 DAYS) at 2025-01-01 (0.19104166666666667 DAYS)

Initializing report step 919/1000 at 2025-01-01 (0.19104166666666667 DAYS) line 153
Complete report step 919 (0.00020833333333333332 DAYS) at 2025-01-01 (0.19125 DAYS)

Initializing report step 920/1000 at 2025-01-01 (0.19125 DAYS) line 153
Complete report step 920 (0.00020833333333333332 DAYS) at 2025-01-01 (0.1914583333333333 DAYS)

Initializing report step 921/1000 at 2025-01-01 (0.1914583333333333 DAYS) line 153
Complete report step 921 (0.00020833333333333332 DAYS) at 2025-01-01 (0.19166666666666665 DAYS)

Initializing report step 922/1000 at 2025-01-01 (0.19166666666666665 DAYS) line 153
Complete report step 922 (0.00020833333333333332 DAYS) at 2025-01-01 (0.191875 DAYS)

Initializing report step 923/1000 at 2025-01-01 (0.191875 DAYS) line 153
Complete report step 923 (0.00020833333333333332 DAYS) at 2025-01-01 (0.19208333333333333 DAYS)

Initializing report step 924/1000 at 2025-01-01 (0.19208333333333333 DAYS) line 153
Complete report step 924 (0.00020833333333333332 DAYS) at 2025-01-01 (0.19229166666666667 DAYS)

Initializing report step 925/1000 at 2025-01-01 (0.19229166666666667 DAYS) line 153
Complete report step 925 (0.00020833333333333332 DAYS) at 2025-01-01 (0.19249999999999998 DAYS)

Initializing report step 926/1000 at 2025-01-01 (0.19249999999999998 DAYS) line 153
Complete report step 926 (0.00020833333333333332 DAYS) at 2025-01-01 (0.19270833333333331 DAYS)

Initializing report step 927/1000 at 2025-01-01 (0.19270833333333331 DAYS) line 153
Complete report step 927 (0.00020833333333333332 DAYS) at 2025-01-01 (0.19291666666666665 DAYS)

Initializing report step 928/1000 at 2025-01-01 (0.19291666666666665 DAYS) line 153
Complete report step 928 (0.00020833333333333332 DAYS) at 2025-01-01 (0.193125 DAYS)

Initializing report step 929/1000 at 2025-01-01 (0.193125 DAYS) line 153
Complete report step 929 (0.00020833333333333332 DAYS) at 2025-01-01 (0.19333333333333333 DAYS)

Initializing report step 930/1000 at 2025-01-01 (0.19333333333333333 DAYS) line 153
Complete report step 930 (0.00020833333333333332 DAYS) at 2025-01-01 (0.19354166666666667 DAYS)

Initializing report step 931/1000 at 2025-01-01 (0.19354166666666667 DAYS) line 153
Complete report step 931 (0.00020833333333333332 DAYS) at 2025-01-01 (0.19374999999999998 DAYS)

Initializing report step 932/1000 at 2025-01-01 (0.19374999999999998 DAYS) line 153
Complete report step 932 (0.00020833333333333332 DAYS) at 2025-01-01 (0.19395833333333332 DAYS)

Initializing report step 933/1000 at 2025-01-01 (0.19395833333333332 DAYS) line 153
Complete report step 933 (0.00020833333333333332 DAYS) at 2025-01-01 (0.19416666666666665 DAYS)

Initializing report step 934/1000 at 2025-01-01 (0.19416666666666665 DAYS) line 153
Complete report step 934 (0.00020833333333333332 DAYS) at 2025-01-01 (0.194375 DAYS)

Initializing report step 935/1000 at 2025-01-01 (0.194375 DAYS) line 153
Complete report step 935 (0.00020833333333333332 DAYS) at 2025-01-01 (0.19458333333333333 DAYS)

Initializing report step 936/1000 at 2025-01-01 (0.19458333333333333 DAYS) line 153
Complete report step 936 (0.00020833333333333332 DAYS) at 2025-01-01 (0.19479166666666667 DAYS)

Initializing report step 937/1000 at 2025-01-01 (0.19479166666666667 DAYS) line 153
Complete report step 937 (0.00020833333333333332 DAYS) at 2025-01-01 (0.19499999999999998 DAYS)

Initializing report step 938/1000 at 2025-01-01 (0.19499999999999998 DAYS) line 153
Complete report step 938 (0.00020833333333333332 DAYS) at 2025-01-01 (0.19520833333333332 DAYS)

Initializing report step 939/1000 at 2025-01-01 (0.19520833333333332 DAYS) line 153
Complete report step 939 (0.00020833333333333332 DAYS) at 2025-01-01 (0.19541666666666666 DAYS)

Initializing report step 940/1000 at 2025-01-01 (0.19541666666666666 DAYS) line 153
Complete report step 940 (0.00020833333333333332 DAYS) at 2025-01-01 (0.195625 DAYS)

Initializing report step 941/1000 at 2025-01-01 (0.195625 DAYS) line 153
Complete report step 941 (0.00020833333333333332 DAYS) at 2025-01-01 (0.19583333333333333 DAYS)

Initializing report step 942/1000 at 2025-01-01 (0.19583333333333333 DAYS) line 153
Complete report step 942 (0.00020833333333333332 DAYS) at 2025-01-01 (0.19604166666666667 DAYS)

Initializing report step 943/1000 at 2025-01-01 (0.19604166666666667 DAYS) line 153
Complete report step 943 (0.00020833333333333332 DAYS) at 2025-01-01 (0.19624999999999998 DAYS)

Initializing report step 944/1000 at 2025-01-01 (0.19624999999999998 DAYS) line 153
Complete report step 944 (0.00020833333333333332 DAYS) at 2025-01-01 (0.19645833333333332 DAYS)

Initializing report step 945/1000 at 2025-01-01 (0.19645833333333332 DAYS) line 153
Complete report step 945 (0.00020833333333333332 DAYS) at 2025-01-01 (0.19666666666666666 DAYS)

Initializing report step 946/1000 at 2025-01-01 (0.19666666666666666 DAYS) line 153
Complete report step 946 (0.00020833333333333332 DAYS) at 2025-01-01 (0.196875 DAYS)

Initializing report step 947/1000 at 2025-01-01 (0.196875 DAYS) line 153
Complete report step 947 (0.00020833333333333332 DAYS) at 2025-01-01 (0.19708333333333333 DAYS)

Initializing report step 948/1000 at 2025-01-01 (0.19708333333333333 DAYS) line 153
Complete report step 948 (0.00020833333333333332 DAYS) at 2025-01-01 (0.19729166666666667 DAYS)

Initializing report step 949/1000 at 2025-01-01 (0.19729166666666667 DAYS) line 153
Complete report step 949 (0.00020833333333333332 DAYS) at 2025-01-01 (0.19749999999999998 DAYS)

Initializing report step 950/1000 at 2025-01-01 (0.19749999999999998 DAYS) line 153
Complete report step 950 (0.00020833333333333332 DAYS) at 2025-01-01 (0.19770833333333332 DAYS)

Initializing report step 951/1000 at 2025-01-01 (0.19770833333333332 DAYS) line 153
Complete report step 951 (0.00020833333333333332 DAYS) at 2025-01-01 (0.19791666666666666 DAYS)

Initializing report step 952/1000 at 2025-01-01 (0.19791666666666666 DAYS) line 153
Complete report step 952 (0.00020833333333333332 DAYS) at 2025-01-01 (0.198125 DAYS)

Initializing report step 953/1000 at 2025-01-01 (0.198125 DAYS) line 153
Complete report step 953 (0.00020833333333333332 DAYS) at 2025-01-01 (0.19833333333333333 DAYS)

Initializing report step 954/1000 at 2025-01-01 (0.19833333333333333 DAYS) line 153
Complete report step 954 (0.00020833333333333332 DAYS) at 2025-01-01 (0.19854166666666664 DAYS)

Initializing report step 955/1000 at 2025-01-01 (0.19854166666666664 DAYS) line 153
Complete report step 955 (0.00020833333333333332 DAYS) at 2025-01-01 (0.19874999999999998 DAYS)

Initializing report step 956/1000 at 2025-01-01 (0.19874999999999998 DAYS) line 153
Complete report step 956 (0.00020833333333333332 DAYS) at 2025-01-01 (0.19895833333333332 DAYS)

Initializing report step 957/1000 at 2025-01-01 (0.19895833333333332 DAYS) line 153
Complete report step 957 (0.00020833333333333332 DAYS) at 2025-01-01 (0.19916666666666666 DAYS)

Initializing report step 958/1000 at 2025-01-01 (0.19916666666666666 DAYS) line 153
Complete report step 958 (0.00020833333333333332 DAYS) at 2025-01-01 (0.199375 DAYS)

Initializing report step 959/1000 at 2025-01-01 (0.199375 DAYS) line 153
Complete report step 959 (0.00020833333333333332 DAYS) at 2025-01-01 (0.19958333333333333 DAYS)

Initializing report step 960/1000 at 2025-01-01 (0.19958333333333333 DAYS) line 153
Complete report step 960 (0.00020833333333333332 DAYS) at 2025-01-01 (0.19979166666666665 DAYS)

Initializing report step 961/1000 at 2025-01-01 (0.19979166666666665 DAYS) line 153
Complete report step 961 (0.00020833333333333332 DAYS) at 2025-01-01 (0.19999999999999998 DAYS)

Initializing report step 962/1000 at 2025-01-01 (0.19999999999999998 DAYS) line 153
Complete report step 962 (0.00020833333333333332 DAYS) at 2025-01-01 (0.20020833333333332 DAYS)

Initializing report step 963/1000 at 2025-01-01 (0.20020833333333332 DAYS) line 153
Complete report step 963 (0.00020833333333333332 DAYS) at 2025-01-01 (0.20041666666666666 DAYS)

Initializing report step 964/1000 at 2025-01-01 (0.20041666666666666 DAYS) line 153
Complete report step 964 (0.00020833333333333332 DAYS) at 2025-01-01 (0.200625 DAYS)

Initializing report step 965/1000 at 2025-01-01 (0.200625 DAYS) line 153
Complete report step 965 (0.00020833333333333332 DAYS) at 2025-01-01 (0.20083333333333334 DAYS)

Initializing report step 966/1000 at 2025-01-01 (0.20083333333333334 DAYS) line 153
Complete report step 966 (0.00020833333333333332 DAYS) at 2025-01-01 (0.20104166666666665 DAYS)

Initializing report step 967/1000 at 2025-01-01 (0.20104166666666665 DAYS) line 153
Complete report step 967 (0.00020833333333333332 DAYS) at 2025-01-01 (0.20124999999999998 DAYS)

Initializing report step 968/1000 at 2025-01-01 (0.20124999999999998 DAYS) line 153
Complete report step 968 (0.00020833333333333332 DAYS) at 2025-01-01 (0.20145833333333332 DAYS)

Initializing report step 969/1000 at 2025-01-01 (0.20145833333333332 DAYS) line 153
Complete report step 969 (0.00020833333333333332 DAYS) at 2025-01-01 (0.20166666666666666 DAYS)

Initializing report step 970/1000 at 2025-01-01 (0.20166666666666666 DAYS) line 153
Complete report step 970 (0.00020833333333333332 DAYS) at 2025-01-01 (0.201875 DAYS)

Initializing report step 971/1000 at 2025-01-01 (0.201875 DAYS) line 153
Complete report step 971 (0.00020833333333333332 DAYS) at 2025-01-01 (0.20208333333333334 DAYS)

Initializing report step 972/1000 at 2025-01-01 (0.20208333333333334 DAYS) line 153
Complete report step 972 (0.00020833333333333332 DAYS) at 2025-01-01 (0.20229166666666665 DAYS)

Initializing report step 973/1000 at 2025-01-01 (0.20229166666666665 DAYS) line 153
Complete report step 973 (0.00020833333333333332 DAYS) at 2025-01-01 (0.20249999999999999 DAYS)

Initializing report step 974/1000 at 2025-01-01 (0.20249999999999999 DAYS) line 153
Complete report step 974 (0.00020833333333333332 DAYS) at 2025-01-01 (0.20270833333333332 DAYS)

Initializing report step 975/1000 at 2025-01-01 (0.20270833333333332 DAYS) line 153
Complete report step 975 (0.00020833333333333332 DAYS) at 2025-01-01 (0.20291666666666666 DAYS)

Initializing report step 976/1000 at 2025-01-01 (0.20291666666666666 DAYS) line 153
Complete report step 976 (0.00020833333333333332 DAYS) at 2025-01-01 (0.203125 DAYS)

Initializing report step 977/1000 at 2025-01-01 (0.203125 DAYS) line 153
Complete report step 977 (0.00020833333333333332 DAYS) at 2025-01-01 (0.2033333333333333 DAYS)

Initializing report step 978/1000 at 2025-01-01 (0.2033333333333333 DAYS) line 153
Complete report step 978 (0.00020833333333333332 DAYS) at 2025-01-01 (0.20354166666666665 DAYS)

Initializing report step 979/1000 at 2025-01-01 (0.20354166666666665 DAYS) line 153
Complete report step 979 (0.00020833333333333332 DAYS) at 2025-01-01 (0.20375 DAYS)

Initializing report step 980/1000 at 2025-01-01 (0.20375 DAYS) line 153
Complete report step 980 (0.00020833333333333332 DAYS) at 2025-01-01 (0.20395833333333332 DAYS)

Initializing report step 981/1000 at 2025-01-01 (0.20395833333333332 DAYS) line 153
Complete report step 981 (0.00020833333333333332 DAYS) at 2025-01-01 (0.20416666666666666 DAYS)

Initializing report step 982/1000 at 2025-01-01 (0.20416666666666666 DAYS) line 153
Complete report step 982 (0.00020833333333333332 DAYS) at 2025-01-01 (0.204375 DAYS)

Initializing report step 983/1000 at 2025-01-01 (0.204375 DAYS) line 153
Complete report step 983 (0.00020833333333333332 DAYS) at 2025-01-01 (0.2045833333333333 DAYS)

Initializing report step 984/1000 at 2025-01-01 (0.2045833333333333 DAYS) line 153
Complete report step 984 (0.00020833333333333332 DAYS) at 2025-01-01 (0.20479166666666665 DAYS)

Initializing report step 985/1000 at 2025-01-01 (0.20479166666666665 DAYS) line 153
Complete report step 985 (0.00020833333333333332 DAYS) at 2025-01-01 (0.205 DAYS)

Initializing report step 986/1000 at 2025-01-01 (0.205 DAYS) line 153
Complete report step 986 (0.00020833333333333332 DAYS) at 2025-01-01 (0.20520833333333333 DAYS)

Initializing report step 987/1000 at 2025-01-01 (0.20520833333333333 DAYS) line 153
Complete report step 987 (0.00020833333333333332 DAYS) at 2025-01-01 (0.20541666666666666 DAYS)

Initializing report step 988/1000 at 2025-01-01 (0.20541666666666666 DAYS) line 153
Complete report step 988 (0.00020833333333333332 DAYS) at 2025-01-01 (0.205625 DAYS)

Initializing report step 989/1000 at 2025-01-01 (0.205625 DAYS) line 153
Complete report step 989 (0.00020833333333333332 DAYS) at 2025-01-01 (0.2058333333333333 DAYS)

Initializing report step 990/1000 at 2025-01-01 (0.2058333333333333 DAYS) line 153
Complete report step 990 (0.00020833333333333332 DAYS) at 2025-01-01 (0.20604166666666665 DAYS)

Initializing report step 991/1000 at 2025-01-01 (0.20604166666666665 DAYS) line 153
Complete report step 991 (0.00020833333333333332 DAYS) at 2025-01-01 (0.20625 DAYS)

Initializing report step 992/1000 at 2025-01-01 (0.20625 DAYS) line 153
Complete report step 992 (0.00020833333333333332 DAYS) at 2025-01-01 (0.20645833333333333 DAYS)

Initializing report step 993/1000 at 2025-01-01 (0.20645833333333333 DAYS) line 153
Complete report step 993 (0.00020833333333333332 DAYS) at 2025-01-01 (0.20666666666666667 DAYS)

Initializing report step 994/1000 at 2025-01-01 (0.20666666666666667 DAYS) line 153
Complete report step 994 (0.00020833333333333332 DAYS) at 2025-01-01 (0.206875 DAYS)

Initializing report step 995/1000 at 2025-01-01 (0.206875 DAYS) line 153
Complete report step 995 (0.00020833333333333332 DAYS) at 2025-01-01 (0.2070833333333333 DAYS)

Initializing report step 996/1000 at 2025-01-01 (0.2070833333333333 DAYS) line 153
Complete report step 996 (0.00020833333333333332 DAYS) at 2025-01-01 (0.20729166666666665 DAYS)

Initializing report step 997/1000 at 2025-01-01 (0.20729166666666665 DAYS) line 153
Complete report step 997 (0.00020833333333333332 DAYS) at 2025-01-01 (0.2075 DAYS)

Initializing report step 998/1000 at 2025-01-01 (0.2075 DAYS) line 153
Complete report step 998 (0.00020833333333333332 DAYS) at 2025-01-01 (0.20770833333333333 DAYS)

Initializing report step 999/1000 at 2025-01-01 (0.20770833333333333 DAYS) line 153
Complete report step 999 (0.00020833333333333332 DAYS) at 2025-01-01 (0.20791666666666667 DAYS)

Initializing report step 1000/1000 at 2025-01-01 (0.20791666666666667 DAYS) line 153
Complete report step 1000 (0.00020833333333333332 DAYS) at 2025-01-01 (0.20812499999999998 DAYS)


Processing grid
2 pinch-out connections generated
Total number of active cells: 31034 / total pore volume: 0 RM3
Property tree for linear solvers:
{
    "maxiter": "20",
    "tol": "5.0000000000000004e-06",
    "verbosity": "0",
    "solver": "bicgstab",
    "preconditioner": {
        "type": "cprw",
        "use_well_weights": "false",
        "add_wells": "true",
        "weight_type": "trueimpes",
        "finesmoother": {
            "type": "ParOverILU0",
            "relaxation": "1"
        },
        "verbosity": "0",
        "coarsesolver": {
            "maxiter": "1",
            "tol": "0.10000000000000001",
            "solver": "loopsolver",
            "verbosity": "0",
            "preconditioner": {
                "type": "amg",
                "alpha": "0.33333333333300003",
                "relaxation": "1",
                "iterations": "1",
                "coarsenTarget": "1200",
                "pre_smooth": "1",
                "post_smooth": "1",
                "beta": "0",
                "smoother": "ILU0",
                "verbosity": "0",
                "maxlevel": "15",
                "skip_isolated": "0",
                "accumulate": "1",
                "prolongationdamping": "1",
                "maxdistance": "2",
                "maxconnectivity": "15",
                "maxaggsize": "6",
                "minaggsize": "4"
            }
        }
    }
}


===============Saturation Functions Diagnostics===============

System:  Water-Gas system.
Relative permeability input format: Saturation Family II.
Number of saturation regions: 7


Warning: Dispersion is activated in combination with VAPWAT/VAPOIL. 
Water/oil is still allowed to vaporize, but dispersion in the gas phase is ignored.
CO2STORE/CO2SOL is enabled. 
 The surface density of CO2 is  1.868433kg/m3 
 The surface density of Brine is  998.107723kg/m3
 The surface densities are computed using the reference pressure ( 101325.000000Pa) and the reference temperature (288.710000K).


================ Starting main simulation loop ===============


Report step  0/1000 at day 0/0.208333, date = 01-Jan-2025
Using Newton nonlinear solver.

Starting time step 0, stepsize 0.000208333 days, at day 0/0.000208333, date = 01-Jan-2025
 Newton its=14, linearizations=15 (0.5sec), linear its=136 (2.2sec)

Report step  1/1000 at day 0.000208333/0.208333, date = 01-Jan-2025

Starting time step 0, stepsize 0.000208333 days, at day 0.000208333/0.000416667, date = 01-Jan-2025
 Newton its=13, linearizations=14 (0.3sec), linear its=127 (1.6sec)

Report step  2/1000 at day 0.000416667/0.208333, date = 01-Jan-2025

Starting time step 0, stepsize 0.000208333 days, at day 0.000416667/0.000625, date = 01-Jan-2025
 Newton its=11, linearizations=12 (0.3sec), linear its=109 (1.4sec)

Report step  3/1000 at day 0.000625/0.208333, date = 01-Jan-2025

Starting time step 0, stepsize 0.000208333 days, at day 0.000625/0.000833333, date = 01-Jan-2025
 Newton its=12, linearizations=13 (0.2sec), linear its=119 (1.5sec)

Report step  4/1000 at day 0.000833333/0.208333, date = 01-Jan-2025

Starting time step 0, stepsize 0.000208333 days, at day 0.000833333/0.00104167, date = 01-Jan-2025
 Newton its=16, linearizations=17 (0.3sec), linear its=150 (2.0sec)

Report step  5/1000 at day 0.00104167/0.208333, date = 01-Jan-2025

Starting time step 0, stepsize 0.000208333 days, at day 0.00104167/0.00125, date = 01-Jan-2025
 Newton its= 8, linearizations= 9 (0.2sec), linear its= 71 (1.0sec)

Report step  6/1000 at day 0.00125/0.208333, date = 01-Jan-2025

Starting time step 0, stepsize 0.000208333 days, at day 0.00125/0.00145833, date = 01-Jan-2025
 Newton its= 6, linearizations= 7 (0.1sec), linear its= 62 (0.8sec)

Report step  7/1000 at day 0.00145833/0.208333, date = 01-Jan-2025

Starting time step 0, stepsize 0.000208333 days, at day 0.00145833/0.00166667, date = 01-Jan-2025
 Newton its=11, linearizations=12 (0.2sec), linear its=113 (1.6sec)

Report step  8/1000 at day 0.00166667/0.208333, date = 01-Jan-2025

Starting time step 0, stepsize 0.000208333 days, at day 0.00166667/0.001875, date = 01-Jan-2025
 Newton its= 8, linearizations= 9 (0.2sec), linear its= 82 (1.1sec)

Report step  9/1000 at day 0.001875/0.208333, date = 01-Jan-2025

Starting time step 0, stepsize 0.000208333 days, at day 0.001875/0.00208333, date = 01-Jan-2025
 Newton its= 7, linearizations= 8 (0.3sec), linear its= 74 (1.0sec)

Report step 10/1000 at day 0.00208333/0.208333, date = 01-Jan-2025

Starting time step 0, stepsize 0.000208333 days, at day 0.00208333/0.00229167, date = 01-Jan-2025
 Newton its= 7, linearizations= 8 (0.2sec), linear its= 76 (1.1sec)

Report step 11/1000 at day 0.00229167/0.208333, date = 01-Jan-2025

Starting time step 0, stepsize 0.000208333 days, at day 0.00229167/0.0025, date = 01-Jan-2025
 Newton its=12, linearizations=13 (0.3sec), linear its=130 (2.1sec)

Report step 12/1000 at day 0.0025/0.208333, date = 01-Jan-2025

Starting time step 0, stepsize 0.000208333 days, at day 0.0025/0.00270833, date = 01-Jan-2025
 Newton its=11, linearizations=12 (0.3sec), linear its=111 (1.7sec)

Report step 13/1000 at day 0.00270833/0.208333, date = 01-Jan-2025

Starting time step 0, stepsize 0.000208333 days, at day 0.00270833/0.00291667, date = 01-Jan-2025
 Newton its= 7, linearizations= 8 (0.2sec), linear its= 72 (1.0sec)

Report step 14/1000 at day 0.00291667/0.208333, date = 01-Jan-2025

Starting time step 0, stepsize 0.000208333 days, at day 0.00291667/0.003125, date = 01-Jan-2025
 Newton its= 7, linearizations= 8 (0.2sec), linear its= 77 (1.0sec)

Report step 15/1000 at day 0.003125/0.208333, date = 01-Jan-2025

Starting time step 0, stepsize 0.000208333 days, at day 0.003125/0.00333333, date = 01-Jan-2025
 Newton its= 9, linearizations=10 (0.2sec), linear its=102 (1.4sec)

Report step 16/1000 at day 0.00333333/0.208333, date = 01-Jan-2025

Starting time step 0, stepsize 0.000208333 days, at day 0.00333333/0.00354167, date = 01-Jan-2025
 Newton its=13, linearizations=14 (0.4sec), linear its=150 (2.4sec)

Report step 17/1000 at day 0.00354167/0.208333, date = 01-Jan-2025

Starting time step 0, stepsize 0.000208333 days, at day 0.00354167/0.00375, date = 01-Jan-2025
 Newton its=12, linearizations=13 (0.4sec), linear its=126 (1.9sec)

Report step 18/1000 at day 0.00375/0.208333, date = 01-Jan-2025

Starting time step 0, stepsize 0.000208333 days, at day 0.00375/0.00395833, date = 01-Jan-2025
 Newton its=12, linearizations=13 (0.4sec), linear its=122 (2.2sec)

Report step 19/1000 at day 0.00395833/0.208333, date = 01-Jan-2025

Starting time step 0, stepsize 0.000208333 days, at day 0.00395833/0.00416667, date = 01-Jan-2025
 Newton its=10, linearizations=11 (0.2sec), linear its=105 (1.5sec)

Report step 20/1000 at day 0.00416667/0.208333, date = 01-Jan-2025

Starting time step 0, stepsize 0.000208333 days, at day 0.00416667/0.004375, date = 01-Jan-2025
 Newton its=10, linearizations=11 (0.2sec), linear its=104 (1.5sec)

Report step 21/1000 at day 0.004375/0.208333, date = 01-Jan-2025

Starting time step 0, stepsize 0.000208333 days, at day 0.004375/0.00458333, date = 01-Jan-2025
 Newton its=10, linearizations=11 (0.2sec), linear its=109 (1.5sec)

Report step 22/1000 at day 0.00458333/0.208333, date = 01-Jan-2025

Starting time step 0, stepsize 0.000208333 days, at day 0.00458333/0.00479167, date = 01-Jan-2025
 Newton its=11, linearizations=12 (0.3sec), linear its=114 (1.7sec)

Report step 23/1000 at day 0.00479167/0.208333, date = 01-Jan-2025

Starting time step 0, stepsize 0.000208333 days, at day 0.00479167/0.005, date = 01-Jan-2025
 Newton its=12, linearizations=13 (0.4sec), linear its=129 (2.1sec)

Report step 24/1000 at day 0.005/0.208333, date = 01-Jan-2025

Starting time step 0, stepsize 0.000208333 days, at day 0.005/0.00520833, date = 01-Jan-2025
 Newton its=12, linearizations=13 (0.9sec), linear its=123 (2.4sec)

Report step 25/1000 at day 0.00520833/0.208333, date = 01-Jan-2025

Starting time step 0, stepsize 0.000208333 days, at day 0.00520833/0.00541667, date = 01-Jan-2025
 Newton its= 7, linearizations= 8 (0.2sec), linear its= 66 (1.2sec)

Report step 26/1000 at day 0.00541667/0.208333, date = 01-Jan-2025

Starting time step 0, stepsize 0.000208333 days, at day 0.00541667/0.005625, date = 01-Jan-2025
 Newton its=13, linearizations=14 (0.3sec), linear its=130 (2.2sec)

Report step 27/1000 at day 0.005625/0.208333, date = 01-Jan-2025

Starting time step 0, stepsize 0.000208333 days, at day 0.005625/0.00583333, date = 01-Jan-2025
 Newton its= 9, linearizations=10 (0.2sec), linear its= 89 (1.1sec)

Report step 28/1000 at day 0.00583333/0.208333, date = 01-Jan-2025

Starting time step 0, stepsize 0.000208333 days, at day 0.00583333/0.00604167, date = 01-Jan-2025
 Newton its= 7, linearizations= 8 (0.2sec), linear its= 75 (1.0sec)

Report step 29/1000 at day 0.00604167/0.208333, date = 01-Jan-2025

Starting time step 0, stepsize 0.000208333 days, at day 0.00604167/0.00625, date = 01-Jan-2025
 Newton its= 7, linearizations= 8 (0.2sec), linear its= 81 (1.2sec)

Report step 30/1000 at day 0.00625/0.208333, date = 01-Jan-2025

Starting time step 0, stepsize 0.000208333 days, at day 0.00625/0.00645833, date = 01-Jan-2025
 Newton its= 7, linearizations= 8 (0.2sec), linear its= 79 (1.2sec)

Report step 31/1000 at day 0.00645833/0.208333, date = 01-Jan-2025

Starting time step 0, stepsize 0.000208333 days, at day 0.00645833/0.00666667, date = 01-Jan-2025
 Newton its= 7, linearizations= 8 (0.2sec), linear its= 79 (1.1sec)

Report step 32/1000 at day 0.00666667/0.208333, date = 01-Jan-2025

Starting time step 0, stepsize 0.000208333 days, at day 0.00666667/0.006875, date = 01-Jan-2025
 Newton its= 7, linearizations= 8 (0.2sec), linear its= 76 (1.2sec)

Report step 33/1000 at day 0.006875/0.208333, date = 01-Jan-2025

Starting time step 0, stepsize 0.000208333 days, at day 0.006875/0.00708333, date = 01-Jan-2025
 Newton its= 7, linearizations= 8 (0.2sec), linear its= 75 (1.3sec)

Report step 34/1000 at day 0.00708333/0.208333, date = 01-Jan-2025

Starting time step 0, stepsize 0.000208333 days, at day 0.00708333/0.00729167, date = 01-Jan-2025
 Newton its= 7, linearizations= 8 (0.2sec), linear its= 78 (1.1sec)

Report step 35/1000 at day 0.00729167/0.208333, date = 01-Jan-2025

Starting time step 0, stepsize 0.000208333 days, at day 0.00729167/0.0075, date = 01-Jan-2025
 Newton its= 8, linearizations= 9 (0.2sec), linear its= 84 (1.1sec)

Report step 36/1000 at day 0.0075/0.208333, date = 01-Jan-2025

Starting time step 0, stepsize 0.000208333 days, at day 0.0075/0.00770833, date = 01-Jan-2025
 Newton its= 7, linearizations= 8 (0.2sec), linear its= 76 (1.0sec)

Report step 37/1000 at day 0.00770833/0.208333, date = 01-Jan-2025

Starting time step 0, stepsize 0.000208333 days, at day 0.00770833/0.00791667, date = 01-Jan-2025
 Newton its=12, linearizations=13 (0.3sec), linear its=140 (1.9sec)

Report step 38/1000 at day 0.00791667/0.208333, date = 01-Jan-2025

Starting time step 0, stepsize 0.000208333 days, at day 0.00791667/0.008125, date = 01-Jan-2025
 Newton its=13, linearizations=14 (0.3sec), linear its=143 (1.9sec)

Report step 39/1000 at day 0.008125/0.208333, date = 01-Jan-2025

Starting time step 0, stepsize 0.000208333 days, at day 0.008125/0.00833333, date = 01-Jan-2025
 Newton its=12, linearizations=13 (0.4sec), linear its=127 (1.9sec)

Report step 40/1000 at day 0.00833333/0.208333, date = 01-Jan-2025

Starting time step 0, stepsize 0.000208333 days, at day 0.00833333/0.00854167, date = 01-Jan-2025
 Newton its= 9, linearizations=10 (0.2sec), linear its=103 (1.5sec)

Report step 41/1000 at day 0.00854167/0.208333, date = 01-Jan-2025

Starting time step 0, stepsize 0.000208333 days, at day 0.00854167/0.00875, date = 01-Jan-2025
 Newton its= 8, linearizations= 9 (0.2sec), linear its= 88 (1.4sec)

Report step 42/1000 at day 0.00875/0.208333, date = 01-Jan-2025

Starting time step 0, stepsize 0.000208333 days, at day 0.00875/0.00895833, date = 01-Jan-2025
 Newton its=10, linearizations=11 (0.4sec), linear its=123 (1.7sec)

Report step 43/1000 at day 0.00895833/0.208333, date = 01-Jan-2025

Starting time step 0, stepsize 0.000208333 days, at day 0.00895833/0.00916667, date = 01-Jan-2025
 Newton its=11, linearizations=12 (0.3sec), linear its=125 (1.8sec)

Report step 44/1000 at day 0.00916667/0.208333, date = 01-Jan-2025

Starting time step 0, stepsize 0.000208333 days, at day 0.00916667/0.009375, date = 01-Jan-2025
 Newton its= 7, linearizations= 8 (0.2sec), linear its= 86 (1.0sec)

Report step 45/1000 at day 0.009375/0.208333, date = 01-Jan-2025

Starting time step 0, stepsize 0.000208333 days, at day 0.009375/0.00958333, date = 01-Jan-2025
 Newton its= 7, linearizations= 8 (0.2sec), linear its= 93 (1.1sec)

Report step 46/1000 at day 0.00958333/0.208333, date = 01-Jan-2025

Starting time step 0, stepsize 0.000208333 days, at day 0.00958333/0.00979167, date = 01-Jan-2025
 Newton its=13, linearizations=14 (0.3sec), linear its=159 (2.3sec)

Report step 47/1000 at day 0.00979167/0.208333, date = 01-Jan-2025

Starting time step 0, stepsize 0.000208333 days, at day 0.00979167/0.01, date = 01-Jan-2025
 Newton its= 9, linearizations=10 (0.2sec), linear its=121 (1.6sec)

Report step 48/1000 at day 0.01/0.208333, date = 01-Jan-2025

Starting time step 0, stepsize 0.000208333 days, at day 0.01/0.0102083, date = 01-Jan-2025
 Newton its= 7, linearizations= 8 (0.2sec), linear its= 88 (1.1sec)

Report step 49/1000 at day 0.0102083/0.208333, date = 01-Jan-2025

Starting time step 0, stepsize 0.000208333 days, at day 0.0102083/0.0104167, date = 01-Jan-2025
 Newton its=11, linearizations=12 (0.2sec), linear its=147 (1.9sec)

Report step 50/1000 at day 0.0104167/0.208333, date = 01-Jan-2025

Starting time step 0, stepsize 0.000208333 days, at day 0.0104167/0.010625, date = 01-Jan-2025
 Newton its=13, linearizations=14 (0.2sec), linear its=170 (2.3sec)

Report step 51/1000 at day 0.010625/0.208333, date = 01-Jan-2025

Starting time step 0, stepsize 0.000208333 days, at day 0.010625/0.0108333, date = 01-Jan-2025
 Newton its=10, linearizations=11 (0.2sec), linear its=129 (1.6sec)

Report step 52/1000 at day 0.0108333/0.208333, date = 01-Jan-2025

Starting time step 0, stepsize 0.000208333 days, at day 0.0108333/0.0110417, date = 01-Jan-2025
 Newton its= 7, linearizations= 8 (0.2sec), linear its= 92 (1.3sec)

Report step 53/1000 at day 0.0110417/0.208333, date = 01-Jan-2025

Starting time step 0, stepsize 0.000208333 days, at day 0.0110417/0.01125, date = 01-Jan-2025
 Newton its= 7, linearizations= 8 (0.2sec), linear its= 93 (1.4sec)

Report step 54/1000 at day 0.01125/0.208333, date = 01-Jan-2025

Starting time step 0, stepsize 0.000208333 days, at day 0.01125/0.0114583, date = 01-Jan-2025
 Newton its= 7, linearizations= 8 (0.2sec), linear its= 92 (1.4sec)

Report step 55/1000 at day 0.0114583/0.208333, date = 01-Jan-2025

Starting time step 0, stepsize 0.000208333 days, at day 0.0114583/0.0116667, date = 01-Jan-2025
 Newton its= 8, linearizations= 9 (0.2sec), linear its=111 (1.6sec)

Report step 56/1000 at day 0.0116667/0.208333, date = 01-Jan-2025

Starting time step 0, stepsize 0.000208333 days, at day 0.0116667/0.011875, date = 01-Jan-2025
 Newton its= 7, linearizations= 8 (0.2sec), linear its= 95 (1.5sec)

Report step 57/1000 at day 0.011875/0.208333, date = 01-Jan-2025

Starting time step 0, stepsize 0.000208333 days, at day 0.011875/0.0120833, date = 01-Jan-2025
 Newton its=11, linearizations=12 (0.3sec), linear its=147 (1.9sec)

Report step 58/1000 at day 0.0120833/0.208333, date = 01-Jan-2025

Starting time step 0, stepsize 0.000208333 days, at day 0.0120833/0.0122917, date = 01-Jan-2025
 Newton its=10, linearizations=11 (0.3sec), linear its=128 (1.9sec)

Report step 59/1000 at day 0.0122917/0.208333, date = 01-Jan-2025

Starting time step 0, stepsize 0.000208333 days, at day 0.0122917/0.0125, date = 01-Jan-2025
 Newton its= 9, linearizations=10 (0.2sec), linear its=118 (1.7sec)

Report step 60/1000 at day 0.0125/0.208333, date = 01-Jan-2025

Starting time step 0, stepsize 0.000208333 days, at day 0.0125/0.0127083, date = 01-Jan-2025
 Newton its= 5, linearizations= 6 (0.1sec), linear its= 57 (0.9sec)

Report step 61/1000 at day 0.0127083/0.208333, date = 01-Jan-2025

Starting time step 0, stepsize 0.000208333 days, at day 0.0127083/0.0129167, date = 01-Jan-2025
    Oscillating behavior detected: Relaxation set to 0.900000
 Newton its= 7, linearizations= 8 (0.2sec), linear its= 93 (1.3sec)

Report step 62/1000 at day 0.0129167/0.208333, date = 01-Jan-2025

Starting time step 0, stepsize 0.000208333 days, at day 0.0129167/0.013125, date = 01-Jan-2025
 Newton its= 8, linearizations= 9 (0.2sec), linear its=106 (1.5sec)

Report step 63/1000 at day 0.013125/0.208333, date = 01-Jan-2025

Starting time step 0, stepsize 0.000208333 days, at day 0.013125/0.0133333, date = 01-Jan-2025
 Newton its=10, linearizations=11 (0.2sec), linear its=126 (1.7sec)

Report step 64/1000 at day 0.0133333/0.208333, date = 01-Jan-2025

Starting time step 0, stepsize 0.000208333 days, at day 0.0133333/0.0135417, date = 01-Jan-2025

Warning: Full linear solver tolerance not achieved. The reduction is:0.000844499 after 20 iterations 

Problem: Solver convergence failure - Numerical problem encountered
Timestep chopped to 0.000069 days


Starting time step 0, stepsize 6.875e-05 days, at day 0.0133333/0.0135417, date = 01-Jan-2025

Warning: Full linear solver tolerance not achieved. The reduction is:0.00201079 after 20 iterations 

Problem: Solver convergence failure - Numerical problem encountered
Timestep chopped to 0.000023 days


Starting time step 0, stepsize 2.26875e-05 days, at day 0.0133333/0.0135417, date = 01-Jan-2025

Warning: Full linear solver tolerance not achieved. The reduction is:0.00591602 after 20 iterations 

Warning: Full linear solver tolerance not achieved. The reduction is:1.02709e-05 after 20 iterations 

Warning: Full linear solver tolerance not achieved. The reduction is:0.000187483 after 20 iterations 

Problem: Solver convergence failure - Numerical problem encountered
Timestep chopped to 0.000007 days


Starting time step 0, stepsize 7.48688e-06 days, at day 0.0133333/0.0135417, date = 01-Jan-2025
 Newton its= 9, linearizations=10 (0.2sec), linear its=104 (1.5sec)

Starting time step 1, stepsize 6.655e-06 days, at day 0.0133408/0.0135417, date = 01-Jan-2025
 Newton its= 1, linearizations= 2 (0.0sec), linear its=  9 (0.1sec)

Starting time step 2, stepsize 1.9965e-05 days, at day 0.0133475/0.0135417, date = 01-Jan-2025
 Newton its= 1, linearizations= 2 (0.1sec), linear its= 10 (0.1sec)

Starting time step 3, stepsize 5.9895e-05 days, at day 0.0133674/0.0135417, date = 01-Jan-2025
 Newton its= 3, linearizations= 4 (0.1sec), linear its= 34 (0.5sec)

Starting time step 4, stepsize 0.000114331 days, at day 0.0134273/0.0135417, date = 01-Jan-2025

Problem: Solver convergence failure - Numerical problem encountered
Timestep chopped to 0.000038 days


Starting time step 4, stepsize 3.77294e-05 days, at day 0.0134273/0.0135417, date = 01-Jan-2025

Warning: Full linear solver tolerance not achieved. The reduction is:0.000105957 after 20 iterations 

Problem: Solver convergence failure - Numerical problem encountered
Timestep chopped to 0.000012 days


Starting time step 4, stepsize 1.24507e-05 days, at day 0.0134273/0.0135417, date = 01-Jan-2025
    Oscillating behavior detected: Relaxation set to 0.900000

Warning: Full linear solver tolerance not achieved. The reduction is:4.84573e-05 after 20 iterations 
    Oscillating behavior detected: Relaxation set to 0.800000
 Newton its=19, linearizations=20 (0.4sec), linear its=233 (3.0sec)

Starting time step 5, stepsize 5.2424e-06 days, at day 0.0134398/0.0135417, date = 01-Jan-2025
 Newton its= 1, linearizations= 2 (0.0sec), linear its= 11 (0.1sec)

Starting time step 6, stepsize 1.57272e-05 days, at day 0.013445/0.0135417, date = 01-Jan-2025
 Newton its= 2, linearizations= 3 (0.1sec), linear its= 25 (0.3sec)

Starting time step 7, stepsize 4.71816e-05 days, at day 0.0134608/0.0135417, date = 01-Jan-2025
 Newton its=11, linearizations=12 (0.2sec), linear its=121 (1.5sec)

Starting time step 8, stepsize 3.37296e-05 days, at day 0.0135079/0.0135417, date = 01-Jan-2025
 Newton its= 5, linearizations= 6 (0.1sec), linear its= 44 (0.5sec)

Report step 65/1000 at day 0.0135417/0.208333, date = 01-Jan-2025

Starting time step 0, stepsize 0.000208333 days, at day 0.0135417/0.01375, date = 01-Jan-2025

Warning: Full linear solver tolerance not achieved. The reduction is:3.00097e-05 after 20 iterations 

Warning: Full linear solver tolerance not achieved. The reduction is:3.69483e-05 after 20 iterations 

Warning: Full linear solver tolerance not achieved. The reduction is:1.59231e-05 after 20 iterations 

Warning: Full linear solver tolerance not achieved. The reduction is:3.69788e-05 after 20 iterations 

Problem: Solver convergence failure - Iteration limit reached
Timestep chopped to 0.000069 days


Starting time step 0, stepsize 6.875e-05 days, at day 0.0135417/0.01375, date = 01-Jan-2025
 Newton its= 7, linearizations= 8 (0.2sec), linear its= 60 (0.8sec)

Starting time step 1, stepsize 6.97917e-05 days, at day 0.0136104/0.01375, date = 01-Jan-2025
 Newton its= 6, linearizations= 7 (0.1sec), linear its= 60 (0.8sec)

Starting time step 2, stepsize 6.97917e-05 days, at day 0.0136802/0.01375, date = 01-Jan-2025
 Newton its= 4, linearizations= 5 (0.1sec), linear its= 51 (0.6sec)

Report step 66/1000 at day 0.01375/0.208333, date = 01-Jan-2025

Starting time step 0, stepsize 0.000208333 days, at day 0.01375/0.0139583, date = 01-Jan-2025

Problem: Solver convergence failure - Iteration limit reached
Timestep chopped to 0.000069 days


Starting time step 0, stepsize 6.875e-05 days, at day 0.01375/0.0139583, date = 01-Jan-2025
 Newton its= 4, linearizations= 5 (0.1sec), linear its= 52 (0.7sec)

Starting time step 1, stepsize 0.000139583 days, at day 0.0138188/0.0139583, date = 01-Jan-2025
 Newton its= 6, linearizations= 7 (0.1sec), linear its= 82 (1.0sec)

Report step 67/1000 at day 0.0139583/0.208333, date = 01-Jan-2025

Starting time step 0, stepsize 0.000208333 days, at day 0.0139583/0.0141667, date = 01-Jan-2025

Warning: Full linear solver tolerance not achieved. The reduction is:7.05053e-06 after 20 iterations 

Problem: Solver convergence failure - Iteration limit reached
Timestep chopped to 0.000069 days


Starting time step 0, stepsize 6.875e-05 days, at day 0.0139583/0.0141667, date = 01-Jan-2025

Problem: Solver convergence failure - Iteration limit reached
Timestep chopped to 0.000023 days


Starting time step 0, stepsize 2.26875e-05 days, at day 0.0139583/0.0141667, date = 01-Jan-2025
 Newton its= 3, linearizations= 4 (0.1sec), linear its= 39 (0.5sec)

Starting time step 1, stepsize 4.5375e-05 days, at day 0.013981/0.0141667, date = 01-Jan-2025
 Newton its= 3, linearizations= 4 (0.1sec), linear its= 40 (0.5sec)

Starting time step 2, stepsize 0.000140271 days, at day 0.0140264/0.0141667, date = 01-Jan-2025
 Newton its= 7, linearizations= 8 (0.2sec), linear its=100 (1.3sec)

Report step 68/1000 at day 0.0141667/0.208333, date = 01-Jan-2025

Starting time step 0, stepsize 0.000208333 days, at day 0.0141667/0.014375, date = 01-Jan-2025
 Newton its= 6, linearizations= 7 (0.1sec), linear its= 85 (1.1sec)

Report step 69/1000 at day 0.014375/0.208333, date = 01-Jan-2025

Starting time step 0, stepsize 0.000208333 days, at day 0.014375/0.0145833, date = 01-Jan-2025
 Newton its=16, linearizations=17 (0.4sec), linear its=204 (2.5sec)

Report step 70/1000 at day 0.0145833/0.208333, date = 01-Jan-2025

Starting time step 0, stepsize 0.000208333 days, at day 0.0145833/0.0147917, date = 01-Jan-2025
 Newton its= 4, linearizations= 5 (0.1sec), linear its= 56 (0.7sec)

Report step 71/1000 at day 0.0147917/0.208333, date = 01-Jan-2025

Starting time step 0, stepsize 0.000208333 days, at day 0.0147917/0.015, date = 01-Jan-2025
 Newton its= 5, linearizations= 6 (0.2sec), linear its= 73 (0.9sec)

Report step 72/1000 at day 0.015/0.208333, date = 01-Jan-2025

Starting time step 0, stepsize 0.000208333 days, at day 0.015/0.0152083, date = 01-Jan-2025
 Newton its= 5, linearizations= 6 (0.2sec), linear its= 68 (1.2sec)

Report step 73/1000 at day 0.0152083/0.208333, date = 01-Jan-2025

Starting time step 0, stepsize 0.000208333 days, at day 0.0152083/0.0154167, date = 01-Jan-2025
 Newton its= 8, linearizations= 9 (0.2sec), linear its=107 (1.6sec)

Report step 74/1000 at day 0.0154167/0.208333, date = 01-Jan-2025

Starting time step 0, stepsize 0.000208333 days, at day 0.0154167/0.015625, date = 01-Jan-2025
 Newton its= 7, linearizations= 8 (0.2sec), linear its= 86 (1.2sec)

Report step 75/1000 at day 0.015625/0.208333, date = 01-Jan-2025

Starting time step 0, stepsize 0.000208333 days, at day 0.015625/0.0158333, date = 01-Jan-2025
 Newton its= 5, linearizations= 6 (0.1sec), linear its= 66 (0.8sec)

Report step 76/1000 at day 0.0158333/0.208333, date = 01-Jan-2025

Starting time step 0, stepsize 0.000208333 days, at day 0.0158333/0.0160417, date = 01-Jan-2025
 Newton its= 7, linearizations= 8 (0.2sec), linear its= 89 (1.2sec)

Report step 77/1000 at day 0.0160417/0.208333, date = 01-Jan-2025

Starting time step 0, stepsize 0.000208333 days, at day 0.0160417/0.01625, date = 01-Jan-2025
 Newton its= 7, linearizations= 8 (0.1sec), linear its= 94 (1.2sec)

Report step 78/1000 at day 0.01625/0.208333, date = 01-Jan-2025

Starting time step 0, stepsize 0.000208333 days, at day 0.01625/0.0164583, date = 01-Jan-2025
 Newton its= 5, linearizations= 6 (0.1sec), linear its= 62 (0.8sec)

Report step 79/1000 at day 0.0164583/0.208333, date = 01-Jan-2025

Starting time step 0, stepsize 0.000208333 days, at day 0.0164583/0.0166667, date = 01-Jan-2025
 Newton its= 6, linearizations= 7 (0.1sec), linear its= 76 (0.9sec)

Report step 80/1000 at day 0.0166667/0.208333, date = 01-Jan-2025

Starting time step 0, stepsize 0.000208333 days, at day 0.0166667/0.016875, date = 01-Jan-2025
 Newton its= 5, linearizations= 6 (0.1sec), linear its= 69 (0.9sec)

Report step 81/1000 at day 0.016875/0.208333, date = 01-Jan-2025

Starting time step 0, stepsize 0.000208333 days, at day 0.016875/0.0170833, date = 01-Jan-2025
 Newton its= 2, linearizations= 3 (0.0sec), linear its= 32 (0.4sec)

Report step 82/1000 at day 0.0170833/0.208333, date = 01-Jan-2025

Starting time step 0, stepsize 0.000208333 days, at day 0.0170833/0.0172917, date = 01-Jan-2025
 Newton its= 2, linearizations= 3 (0.0sec), linear its= 31 (0.4sec)

Report step 83/1000 at day 0.0172917/0.208333, date = 01-Jan-2025

Starting time step 0, stepsize 0.000208333 days, at day 0.0172917/0.0175, date = 01-Jan-2025
 Newton its= 3, linearizations= 4 (0.1sec), linear its= 40 (0.5sec)

Report step 84/1000 at day 0.0175/0.208333, date = 01-Jan-2025

Starting time step 0, stepsize 0.000208333 days, at day 0.0175/0.0177083, date = 01-Jan-2025
 Newton its= 2, linearizations= 3 (0.1sec), linear its= 27 (0.3sec)

Report step 85/1000 at day 0.0177083/0.208333, date = 01-Jan-2025

Starting time step 0, stepsize 0.000208333 days, at day 0.0177083/0.0179167, date = 01-Jan-2025
 Newton its= 2, linearizations= 3 (0.1sec), linear its= 26 (0.4sec)

Report step 86/1000 at day 0.0179167/0.208333, date = 01-Jan-2025

Starting time step 0, stepsize 0.000208333 days, at day 0.0179167/0.018125, date = 01-Jan-2025

Warning: Full linear solver tolerance not achieved. The reduction is:2.94554e-05 after 20 iterations 

Warning: Full linear solver tolerance not achieved. The reduction is:5.1537e-06 after 20 iterations 
 Newton its=12, linearizations=13 (0.3sec), linear its=200 (2.5sec)

Report step 87/1000 at day 0.018125/0.208333, date = 01-Jan-2025

Starting time step 0, stepsize 0.000208333 days, at day 0.018125/0.0183333, date = 01-Jan-2025

Problem: Solver convergence failure - Numerical problem encountered
Timestep chopped to 0.000069 days


Starting time step 0, stepsize 6.875e-05 days, at day 0.018125/0.0183333, date = 01-Jan-2025

Problem: Solver convergence failure - Numerical problem encountered
Timestep chopped to 0.000023 days


Starting time step 0, stepsize 2.26875e-05 days, at day 0.018125/0.0183333, date = 01-Jan-2025

Warning: Full linear solver tolerance not achieved. The reduction is:0.000474562 after 20 iterations 

Warning: Full linear solver tolerance not achieved. The reduction is:0.00828537 after 20 iterations 

Warning: Full linear solver tolerance not achieved. The reduction is:2.19231e-05 after 20 iterations 

Problem: Solver convergence failure - Numerical problem encountered
Timestep chopped to 0.000007 days


Starting time step 0, stepsize 7.48688e-06 days, at day 0.018125/0.0183333, date = 01-Jan-2025

Problem: Solver convergence failure - Numerical problem encountered
Timestep chopped to 0.000002 days


Starting time step 0, stepsize 2.47067e-06 days, at day 0.018125/0.0183333, date = 01-Jan-2025

Problem: Solver convergence failure - Numerical problem encountered
Timestep chopped to 0.000001 days


Starting time step 0, stepsize 8.15321e-07 days, at day 0.018125/0.0183333, date = 01-Jan-2025

Warning: Full linear solver tolerance not achieved. The reduction is:2.69841e-05 after 20 iterations 

Warning: Full linear solver tolerance not achieved. The reduction is:0.00578492 after 20 iterations 

Warning: Full linear solver tolerance not achieved. The reduction is:5.80392e-05 after 20 iterations 

Problem: [/Users/macbookn/hackatonwork/opm-simulators/opm/simulators/flow/BlackoilModel.hpp:367] NaN residual found!

Problem: Solver convergence failure - Numerical problem encountered
Timestep chopped to 0.000000 days


Starting time step 0, stepsize 2.69056e-07 days, at day 0.018125/0.0183333, date = 01-Jan-2025

Warning: Full linear solver tolerance not achieved. The reduction is:5.81357e-05 after 20 iterations 

Warning: Full linear solver tolerance not achieved. The reduction is:3.16009e-05 after 20 iterations 

Problem: Solver convergence failure - Numerical problem encountered
Timestep chopped to 0.000000 days


Starting time step 0, stepsize 8.87884e-08 days, at day 0.018125/0.0183333, date = 01-Jan-2025

Problem: Solver convergence failure - Numerical problem encountered
Timestep chopped to 0.000000 days


Starting time step 0, stepsize 2.93002e-08 days, at day 0.018125/0.0183333, date = 01-Jan-2025
 Newton its= 6, linearizations= 7 (0.1sec), linear its= 73 (0.9sec)

Starting time step 1, stepsize 5.27403e-08 days, at day 0.018125/0.0183333, date = 01-Jan-2025
 Newton its= 1, linearizations= 2 (0.0sec), linear its= 15 (0.2sec)

Starting time step 2, stepsize 1.58221e-07 days, at day 0.0181251/0.0183333, date = 01-Jan-2025
 Newton its= 1, linearizations= 2 (0.0sec), linear its= 14 (0.2sec)

Starting time step 3, stepsize 4.74663e-07 days, at day 0.0181252/0.0183333, date = 01-Jan-2025
 Newton its= 1, linearizations= 2 (0.0sec), linear its= 15 (0.2sec)

Starting time step 4, stepsize 1.42399e-06 days, at day 0.0181257/0.0183333, date = 01-Jan-2025
 Newton its= 1, linearizations= 2 (0.0sec), linear its= 16 (0.2sec)

Starting time step 5, stepsize 4.27197e-06 days, at day 0.0181271/0.0183333, date = 01-Jan-2025
 Newton its= 1, linearizations= 2 (0.0sec), linear its= 17 (0.2sec)

Starting time step 6, stepsize 1.28159e-05 days, at day 0.0181314/0.0183333, date = 01-Jan-2025
 Newton its= 1, linearizations= 2 (0.0sec), linear its= 18 (0.2sec)

Starting time step 7, stepsize 3.84477e-05 days, at day 0.0181442/0.0183333, date = 01-Jan-2025
 Newton its= 3, linearizations= 4 (0.1sec), linear its= 57 (0.6sec)

Starting time step 8, stepsize 7.53294e-05 days, at day 0.0181827/0.0183333, date = 01-Jan-2025

Warning: Full linear solver tolerance not achieved. The reduction is:3.34058e-05 after 20 iterations 
 Newton its= 9, linearizations=10 (0.2sec), linear its=126 (1.5sec)

Starting time step 9, stepsize 3.76647e-05 days, at day 0.018258/0.0183333, date = 01-Jan-2025
 Newton its= 4, linearizations= 5 (0.1sec), linear its= 54 (0.7sec)

Starting time step 10, stepsize 3.76647e-05 days, at day 0.0182957/0.0183333, date = 01-Jan-2025
 Newton its= 4, linearizations= 5 (0.1sec), linear its= 42 (0.5sec)

Report step 88/1000 at day 0.0183333/0.208333, date = 01-Jan-2025

Starting time step 0, stepsize 0.000208333 days, at day 0.0183333/0.0185417, date = 01-Jan-2025

Warning: Full linear solver tolerance not achieved. The reduction is:0.000751894 after 20 iterations 

Warning: Full linear solver tolerance not achieved. The reduction is:0.00183052 after 20 iterations 

Warning: Full linear solver tolerance not achieved. The reduction is:0.000505902 after 20 iterations 

Warning: Full linear solver tolerance not achieved. The reduction is:1.10307e-05 after 20 iterations 
 Newton its=12, linearizations=13 (0.3sec), linear its=191 (2.4sec)

Report step 89/1000 at day 0.0185417/0.208333, date = 01-Jan-2025

Starting time step 0, stepsize 0.000208333 days, at day 0.0185417/0.01875, date = 01-Jan-2025

Warning: Full linear solver tolerance not achieved. The reduction is:0.00157905 after 20 iterations 

Warning: Full linear solver tolerance not achieved. The reduction is:0.00480052 after 20 iterations 

Warning: Full linear solver tolerance not achieved. The reduction is:0.000204658 after 20 iterations 

Warning: Full linear solver tolerance not achieved. The reduction is:0.000585244 after 20 iterations 

Warning: Full linear solver tolerance not achieved. The reduction is:0.000146823 after 20 iterations 

Warning: Full linear solver tolerance not achieved. The reduction is:0.000304708 after 20 iterations 

Warning: Full linear solver tolerance not achieved. The reduction is:0.00510697 after 20 iterations 

Warning: Full linear solver tolerance not achieved. The reduction is:5.89863e-05 after 20 iterations 

Warning: Full linear solver tolerance not achieved. The reduction is:6.37175e-05 after 20 iterations 

Warning: Full linear solver tolerance not achieved. The reduction is:3.30557e-05 after 20 iterations 

Warning: Full linear solver tolerance not achieved. The reduction is:0.000205115 after 20 iterations 

Warning: Full linear solver tolerance not achieved. The reduction is:0.000184932 after 20 iterations 

Warning: Full linear solver tolerance not achieved. The reduction is:0.000445062 after 20 iterations 

Warning: Full linear solver tolerance not achieved. The reduction is:4.31157e-05 after 20 iterations 

Warning: Full linear solver tolerance not achieved. The reduction is:1.47152e-05 after 20 iterations 

Warning: Full linear solver tolerance not achieved. The reduction is:0.000331553 after 20 iterations 

Warning: Full linear solver tolerance not achieved. The reduction is:0.000140748 after 20 iterations 

Warning: Full linear solver tolerance not achieved. The reduction is:0.000369389 after 20 iterations 

Warning: Full linear solver tolerance not achieved. The reduction is:0.000314027 after 20 iterations 

Warning: Full linear solver tolerance not achieved. The reduction is:0.000259682 after 20 iterations 

Warning: Full linear solver tolerance not achieved. The reduction is:0.00114812 after 20 iterations 

Warning: Full linear solver tolerance not achieved. The reduction is:0.00065646 after 20 iterations 

Warning: Full linear solver tolerance not achieved. The reduction is:0.000751597 after 20 iterations 

Warning: Full linear solver tolerance not achieved. The reduction is:2.07033e-05 after 20 iterations 

Warning: Full linear solver tolerance not achieved. The reduction is:0.000217738 after 20 iterations 

Warning: Full linear solver tolerance not achieved. The reduction is:3.98641e-05 after 20 iterations 

Warning: Full linear solver tolerance not achieved. The reduction is:2.28212e-05 after 20 iterations 

Warning: Full linear solver tolerance not achieved. The reduction is:0.000323735 after 20 iterations 

Warning: Full linear solver tolerance not achieved. The reduction is:8.52538e-05 after 20 iterations 

Warning: Full linear solver tolerance not achieved. The reduction is:3.34673e-05 after 20 iterations 

Warning: Full linear solver tolerance not achieved. The reduction is:0.000730688 after 20 iterations 

Warning: Full linear solver tolerance not achieved. The reduction is:0.000326886 after 20 iterations 

Warning: Full linear solver tolerance not achieved. The reduction is:0.000137623 after 20 iterations 

Warning: Full linear solver tolerance not achieved. The reduction is:0.000409528 after 20 iterations 

Warning: Full linear solver tolerance not achieved. The reduction is:0.000421438 after 20 iterations 

Warning: Full linear solver tolerance not achieved. The reduction is:1.16116e-05 after 20 iterations 

Warning: Full linear solver tolerance not achieved. The reduction is:0.000238377 after 20 iterations 

Warning: Full linear solver tolerance not achieved. The reduction is:9.47408e-05 after 20 iterations 

Problem: Solver convergence failure - Iteration limit reached
Timestep chopped to 0.000069 days


Starting time step 0, stepsize 6.875e-05 days, at day 0.0185417/0.01875, date = 01-Jan-2025

Problem: Solver convergence failure - Iteration limit reached
Timestep chopped to 0.000023 days


Starting time step 0, stepsize 2.26875e-05 days, at day 0.0185417/0.01875, date = 01-Jan-2025
 Newton its= 3, linearizations= 4 (0.1sec), linear its= 36 (0.5sec)

Starting time step 1, stepsize 4.5375e-05 days, at day 0.0185644/0.01875, date = 01-Jan-2025
 Newton its= 3, linearizations= 4 (0.1sec), linear its= 39 (0.4sec)

Starting time step 2, stepsize 0.000140271 days, at day 0.0186097/0.01875, date = 01-Jan-2025

Warning: Full linear solver tolerance not achieved. The reduction is:5.85509e-06 after 20 iterations 

Problem: Solver convergence failure - Iteration limit reached
Timestep chopped to 0.000046 days


Starting time step 2, stepsize 4.62894e-05 days, at day 0.0186097/0.01875, date = 01-Jan-2025
 Newton its= 3, linearizations= 4 (0.1sec), linear its= 37 (0.5sec)

Starting time step 3, stepsize 9.39815e-05 days, at day 0.018656/0.01875, date = 01-Jan-2025

Warning: Full linear solver tolerance not achieved. The reduction is:1.18789e-05 after 20 iterations 
 Newton its= 7, linearizations= 8 (0.1sec), linear its=111 (1.4sec)

Report step 90/1000 at day 0.01875/0.208333, date = 01-Jan-2025

Starting time step 0, stepsize 0.000208333 days, at day 0.01875/0.0189583, date = 01-Jan-2025

Warning: Full linear solver tolerance not achieved. The reduction is:0.00126799 after 20 iterations 

Warning: Full linear solver tolerance not achieved. The reduction is:0.00243544 after 20 iterations 

Warning: Full linear solver tolerance not achieved. The reduction is:3.64422e-05 after 20 iterations 

Warning: Full linear solver tolerance not achieved. The reduction is:1.45477e-05 after 20 iterations 

Warning: Full linear solver tolerance not achieved. The reduction is:5.20413e-06 after 20 iterations 

Warning: Full linear solver tolerance not achieved. The reduction is:6.09425e-05 after 20 iterations 

Warning: Full linear solver tolerance not achieved. The reduction is:0.000159506 after 20 iterations 

Warning: Full linear solver tolerance not achieved. The reduction is:4.91339e-05 after 20 iterations 
 Newton its= 8, linearizations= 9 (0.2sec), linear its=160 (2.1sec)

Report step 91/1000 at day 0.0189583/0.208333, date = 01-Jan-2025

Starting time step 0, stepsize 0.000208333 days, at day 0.0189583/0.0191667, date = 01-Jan-2025

Warning: Full linear solver tolerance not achieved. The reduction is:0.000954988 after 20 iterations 

Warning: Full linear solver tolerance not achieved. The reduction is:6.97435e-05 after 20 iterations 

Warning: Full linear solver tolerance not achieved. The reduction is:7.87588e-05 after 20 iterations 

Warning: Full linear solver tolerance not achieved. The reduction is:7.34382e-05 after 20 iterations 

Warning: Full linear solver tolerance not achieved. The reduction is:1.32986e-05 after 20 iterations 

Warning: Full linear solver tolerance not achieved. The reduction is:5.02543e-05 after 20 iterations 

Warning: Full linear solver tolerance not achieved. The reduction is:0.000361702 after 20 iterations 

Warning: Full linear solver tolerance not achieved. The reduction is:8.09679e-05 after 20 iterations 

Warning: Full linear solver tolerance not achieved. The reduction is:9.8808e-05 after 20 iterations 
 Newton its= 9, linearizations=10 (0.2sec), linear its=180 (2.1sec)

Report step 92/1000 at day 0.0191667/0.208333, date = 01-Jan-2025

Starting time step 0, stepsize 0.000208333 days, at day 0.0191667/0.019375, date = 01-Jan-2025

Warning: Full linear solver tolerance not achieved. The reduction is:0.000757595 after 20 iterations 

Warning: Full linear solver tolerance not achieved. The reduction is:7.07737e-06 after 20 iterations 
 Newton its= 7, linearizations= 8 (0.1sec), linear its=115 (1.4sec)

Report step 93/1000 at day 0.019375/0.208333, date = 01-Jan-2025

Starting time step 0, stepsize 0.000208333 days, at day 0.019375/0.0195833, date = 01-Jan-2025
 Newton its=21, linearizations=22 (0.5sec), linear its=305 (3.8sec)

Report step 94/1000 at day 0.0195833/0.208333, date = 01-Jan-2025

Starting time step 0, stepsize 0.000208333 days, at day 0.0195833/0.0197917, date = 01-Jan-2025
 Newton its= 6, linearizations= 7 (0.1sec), linear its= 87 (1.0sec)

Report step 95/1000 at day 0.0197917/0.208333, date = 01-Jan-2025

Starting time step 0, stepsize 0.000208333 days, at day 0.0197917/0.02, date = 01-Jan-2025
 Newton its= 5, linearizations= 6 (0.1sec), linear its= 67 (0.9sec)

Report step 96/1000 at day 0.02/0.208333, date = 01-Jan-2025

Starting time step 0, stepsize 0.000208333 days, at day 0.02/0.0202083, date = 01-Jan-2025
 Newton its= 3, linearizations= 4 (0.1sec), linear its= 43 (0.5sec)

Report step 97/1000 at day 0.0202083/0.208333, date = 01-Jan-2025

Starting time step 0, stepsize 0.000208333 days, at day 0.0202083/0.0204167, date = 01-Jan-2025
 Newton its= 5, linearizations= 6 (0.1sec), linear its= 74 (0.9sec)

Report step 98/1000 at day 0.0204167/0.208333, date = 01-Jan-2025

Starting time step 0, stepsize 0.000208333 days, at day 0.0204167/0.020625, date = 01-Jan-2025
 Newton its= 5, linearizations= 6 (0.1sec), linear its= 66 (0.8sec)

Report step 99/1000 at day 0.020625/0.208333, date = 01-Jan-2025

Starting time step 0, stepsize 0.000208333 days, at day 0.020625/0.0208333, date = 01-Jan-2025
 Newton its= 6, linearizations= 7 (0.1sec), linear its= 81 (1.0sec)

Report step 100/1000 at day 0.0208333/0.208333, date = 01-Jan-2025

Starting time step 0, stepsize 0.000208333 days, at day 0.0208333/0.0210417, date = 01-Jan-2025
 Newton its= 5, linearizations= 6 (0.1sec), linear its= 73 (0.8sec)

Report step 101/1000 at day 0.0210417/0.208333, date = 01-Jan-2025

Starting time step 0, stepsize 0.000208333 days, at day 0.0210417/0.02125, date = 01-Jan-2025
 Newton its= 6, linearizations= 7 (0.1sec), linear its= 84 (1.1sec)

Report step 102/1000 at day 0.02125/0.208333, date = 01-Jan-2025

Starting time step 0, stepsize 0.000208333 days, at day 0.02125/0.0214583, date = 01-Jan-2025
 Newton its= 6, linearizations= 7 (0.1sec), linear its= 78 (1.0sec)

Report step 103/1000 at day 0.0214583/0.208333, date = 01-Jan-2025

Starting time step 0, stepsize 0.000208333 days, at day 0.0214583/0.0216667, date = 01-Jan-2025
 Newton its= 6, linearizations= 7 (0.1sec), linear its= 81 (1.0sec)

Report step 104/1000 at day 0.0216667/0.208333, date = 01-Jan-2025

Starting time step 0, stepsize 0.000208333 days, at day 0.0216667/0.021875, date = 01-Jan-2025
 Newton its= 8, linearizations= 9 (0.2sec), linear its=107 (1.3sec)

Report step 105/1000 at day 0.021875/0.208333, date = 01-Jan-2025

Starting time step 0, stepsize 0.000208333 days, at day 0.021875/0.0220833, date = 01-Jan-2025
 Newton its= 7, linearizations= 8 (0.2sec), linear its= 90 (1.1sec)

Report step 106/1000 at day 0.0220833/0.208333, date = 01-Jan-2025

Starting time step 0, stepsize 0.000208333 days, at day 0.0220833/0.0222917, date = 01-Jan-2025
 Newton its= 5, linearizations= 6 (0.1sec), linear its= 66 (0.9sec)

Report step 107/1000 at day 0.0222917/0.208333, date = 01-Jan-2025

Starting time step 0, stepsize 0.000208333 days, at day 0.0222917/0.0225, date = 01-Jan-2025
 Newton its= 7, linearizations= 8 (0.2sec), linear its= 83 (1.1sec)

Report step 108/1000 at day 0.0225/0.208333, date = 01-Jan-2025

Starting time step 0, stepsize 0.000208333 days, at day 0.0225/0.0227083, date = 01-Jan-2025
 Newton its= 5, linearizations= 6 (0.1sec), linear its= 65 (0.8sec)

Report step 109/1000 at day 0.0227083/0.208333, date = 01-Jan-2025

Starting time step 0, stepsize 0.000208333 days, at day 0.0227083/0.0229167, date = 01-Jan-2025
 Newton its= 2, linearizations= 3 (0.0sec), linear its= 28 (0.4sec)

Report step 110/1000 at day 0.0229167/0.208333, date = 01-Jan-2025

Starting time step 0, stepsize 0.000208333 days, at day 0.0229167/0.023125, date = 01-Jan-2025
 Newton its= 2, linearizations= 3 (0.1sec), linear its= 30 (0.4sec)

Report step 111/1000 at day 0.023125/0.208333, date = 01-Jan-2025

Starting time step 0, stepsize 0.000208333 days, at day 0.023125/0.0233333, date = 01-Jan-2025
 Newton its= 2, linearizations= 3 (0.0sec), linear its= 31 (0.4sec)

Report step 112/1000 at day 0.0233333/0.208333, date = 01-Jan-2025

Starting time step 0, stepsize 0.000208333 days, at day 0.0233333/0.0235417, date = 01-Jan-2025
 Newton its= 2, linearizations= 3 (0.1sec), linear its= 31 (0.5sec)

Report step 113/1000 at day 0.0235417/0.208333, date = 01-Jan-2025

Starting time step 0, stepsize 0.000208333 days, at day 0.0235417/0.02375, date = 01-Jan-2025
 Newton its= 2, linearizations= 3 (0.1sec), linear its= 32 (0.5sec)

Report step 114/1000 at day 0.02375/0.208333, date = 01-Jan-2025

Starting time step 0, stepsize 0.000208333 days, at day 0.02375/0.0239583, date = 01-Jan-2025
 Newton its= 2, linearizations= 3 (0.1sec), linear its= 33 (0.4sec)

Report step 115/1000 at day 0.0239583/0.208333, date = 01-Jan-2025

Starting time step 0, stepsize 0.000208333 days, at day 0.0239583/0.0241667, date = 01-Jan-2025
 Newton its= 2, linearizations= 3 (0.1sec), linear its= 34 (0.4sec)

Report step 116/1000 at day 0.0241667/0.208333, date = 01-Jan-2025

Starting time step 0, stepsize 0.000208333 days, at day 0.0241667/0.024375, date = 01-Jan-2025
 Newton its= 2, linearizations= 3 (0.1sec), linear its= 31 (0.7sec)

Report step 117/1000 at day 0.024375/0.208333, date = 01-Jan-2025

Starting time step 0, stepsize 0.000208333 days, at day 0.024375/0.0245833, date = 01-Jan-2025
 Newton its= 2, linearizations= 3 (0.1sec), linear its= 26 (0.4sec)

Report step 118/1000 at day 0.0245833/0.208333, date = 01-Jan-2025

Starting time step 0, stepsize 0.000208333 days, at day 0.0245833/0.0247917, date = 01-Jan-2025

Warning: Full linear solver tolerance not achieved. The reduction is:5.71268e-06 after 20 iterations 
 Newton its=10, linearizations=11 (0.6sec), linear its=163 (2.3sec)

Report step 119/1000 at day 0.0247917/0.208333, date = 01-Jan-2025

Starting time step 0, stepsize 0.000208333 days, at day 0.0247917/0.025, date = 01-Jan-2025

Problem: Solver convergence failure - Numerical problem encountered
Timestep chopped to 0.000069 days


Starting time step 0, stepsize 6.875e-05 days, at day 0.0247917/0.025, date = 01-Jan-2025

Warning: Full linear solver tolerance not achieved. The reduction is:0.00251896 after 20 iterations 

Problem: Solver convergence failure - Numerical problem encountered
Timestep chopped to 0.000023 days


Starting time step 0, stepsize 2.26875e-05 days, at day 0.0247917/0.025, date = 01-Jan-2025

Warning: Full linear solver tolerance not achieved. The reduction is:0.000102261 after 20 iterations 

Problem: Solver convergence failure - Numerical problem encountered
Timestep chopped to 0.000007 days


Starting time step 0, stepsize 7.48688e-06 days, at day 0.0247917/0.025, date = 01-Jan-2025

Warning: Full linear solver tolerance not achieved. The reduction is:3.2701e-05 after 20 iterations 

Problem: Solver convergence failure - Numerical problem encountered
Timestep chopped to 0.000002 days


Starting time step 0, stepsize 2.47067e-06 days, at day 0.0247917/0.025, date = 01-Jan-2025

Warning: Full linear solver tolerance not achieved. The reduction is:0.00555289 after 20 iterations 

Problem: [/Users/macbookn/hackatonwork/opm-simulators/opm/simulators/flow/BlackoilModel.hpp:367] NaN residual found!

Problem: Solver convergence failure - Numerical problem encountered
Timestep chopped to 0.000001 days


Starting time step 0, stepsize 8.15321e-07 days, at day 0.0247917/0.025, date = 01-Jan-2025

Problem: Solver convergence failure - Numerical problem encountered
Timestep chopped to 0.000000 days


Starting time step 0, stepsize 2.69056e-07 days, at day 0.0247917/0.025, date = 01-Jan-2025

Warning: Full linear solver tolerance not achieved. The reduction is:0.0001898 after 20 iterations 

Warning: Full linear solver tolerance not achieved. The reduction is:0.000164328 after 20 iterations 

Warning: Full linear solver tolerance not achieved. The reduction is:0.00157397 after 20 iterations 

Problem: Solver convergence failure - Numerical problem encountered
Timestep chopped to 0.000000 days


Starting time step 0, stepsize 8.87884e-08 days, at day 0.0247917/0.025, date = 01-Jan-2025

Warning: Full linear solver tolerance not achieved. The reduction is:0.00737001 after 20 iterations 

Warning: Full linear solver tolerance not achieved. The reduction is:0.000197094 after 20 iterations 

Warning: Full linear solver tolerance not achieved. The reduction is:2.09222e-05 after 20 iterations 

Problem: [/Users/macbookn/hackatonwork/opm-simulators/opm/simulators/flow/BlackoilModel.hpp:367] NaN residual found!

Problem: Solver convergence failure - Numerical problem encountered
Timestep chopped to 0.000000 days


Starting time step 0, stepsize 2.93002e-08 days, at day 0.0247917/0.025, date = 01-Jan-2025
 Newton its= 7, linearizations= 8 (0.1sec), linear its= 84 (1.1sec)

Starting time step 1, stepsize 4.10203e-08 days, at day 0.0247917/0.025, date = 01-Jan-2025
 Newton its= 1, linearizations= 2 (0.0sec), linear its= 12 (0.2sec)

Starting time step 2, stepsize 1.23061e-07 days, at day 0.0247917/0.025, date = 01-Jan-2025
 Newton its= 1, linearizations= 2 (0.0sec), linear its= 17 (0.3sec)

Starting time step 3, stepsize 3.69182e-07 days, at day 0.0247919/0.025, date = 01-Jan-2025
 Newton its= 1, linearizations= 2 (0.1sec), linear its= 14 (0.2sec)

Starting time step 4, stepsize 1.10755e-06 days, at day 0.0247922/0.025, date = 01-Jan-2025
 Newton its= 1, linearizations= 2 (0.0sec), linear its= 16 (0.2sec)

Starting time step 5, stepsize 3.32264e-06 days, at day 0.0247933/0.025, date = 01-Jan-2025
 Newton its= 1, linearizations= 2 (0.0sec), linear its= 18 (0.3sec)

Starting time step 6, stepsize 9.96792e-06 days, at day 0.0247967/0.025, date = 01-Jan-2025
 Newton its= 1, linearizations= 2 (0.0sec), linear its= 19 (0.3sec)

Starting time step 7, stepsize 2.99038e-05 days, at day 0.0248066/0.025, date = 01-Jan-2025

Warning: Full linear solver tolerance not achieved. The reduction is:9.33766e-06 after 20 iterations 
 Newton its= 2, linearizations= 3 (0.1sec), linear its= 38 (0.7sec)

Starting time step 8, stepsize 8.97113e-05 days, at day 0.0248365/0.025, date = 01-Jan-2025

Warning: Full linear solver tolerance not achieved. The reduction is:0.000438691 after 20 iterations 
 Newton its=11, linearizations=12 (0.3sec), linear its=158 (2.6sec)

Starting time step 9, stepsize 3.68788e-05 days, at day 0.0249262/0.025, date = 01-Jan-2025
 Newton its= 3, linearizations= 4 (0.1sec), linear its= 43 (0.6sec)

Starting time step 10, stepsize 3.68788e-05 days, at day 0.0249631/0.025, date = 01-Jan-2025
 Newton its= 4, linearizations= 5 (0.1sec), linear its= 60 (1.0sec)

Report step 120/1000 at day 0.025/0.208333, date = 01-Jan-2025

Starting time step 0, stepsize 0.000208333 days, at day 0.025/0.0252083, date = 01-Jan-2025

Warning: Full linear solver tolerance not achieved. The reduction is:0.00354299 after 20 iterations 

Warning: Full linear solver tolerance not achieved. The reduction is:1.17835e-05 after 20 iterations 

Warning: Full linear solver tolerance not achieved. The reduction is:4.15136e-05 after 20 iterations 

Warning: Full linear solver tolerance not achieved. The reduction is:2.10183e-05 after 20 iterations 
 Newton its=11, linearizations=12 (0.3sec), linear its=185 (2.8sec)

Report step 121/1000 at day 0.0252083/0.208333, date = 01-Jan-2025

Starting time step 0, stepsize 0.000208333 days, at day 0.0252083/0.0254167, date = 01-Jan-2025

Problem: Solver convergence failure - Numerical problem encountered
Timestep chopped to 0.000069 days


Starting time step 0, stepsize 6.875e-05 days, at day 0.0252083/0.0254167, date = 01-Jan-2025
 Newton its= 4, linearizations= 5 (0.1sec), linear its= 43 (0.6sec)

Starting time step 1, stepsize 0.000139583 days, at day 0.0252771/0.0254167, date = 01-Jan-2025

Problem: Solver convergence failure - Iteration limit reached
Timestep chopped to 0.000046 days


Starting time step 1, stepsize 4.60625e-05 days, at day 0.0252771/0.0254167, date = 01-Jan-2025
 Newton its= 3, linearizations= 4 (0.1sec), linear its= 37 (0.5sec)

Starting time step 2, stepsize 9.35208e-05 days, at day 0.0253231/0.0254167, date = 01-Jan-2025
 Newton its= 7, linearizations= 8 (0.2sec), linear its=102 (1.3sec)

Report step 122/1000 at day 0.0254167/0.208333, date = 01-Jan-2025

Starting time step 0, stepsize 0.000208333 days, at day 0.0254167/0.025625, date = 01-Jan-2025

Warning: Full linear solver tolerance not achieved. The reduction is:0.00870187 after 20 iterations 

Warning: Full linear solver tolerance not achieved. The reduction is:0.000521462 after 20 iterations 

Warning: Full linear solver tolerance not achieved. The reduction is:0.00912804 after 20 iterations 

Warning: Full linear solver tolerance not achieved. The reduction is:0.000868016 after 20 iterations 

Problem: Solver convergence failure - Numerical problem encountered
Timestep chopped to 0.000069 days


Starting time step 0, stepsize 6.875e-05 days, at day 0.0254167/0.025625, date = 01-Jan-2025
 Newton its= 5, linearizations= 6 (0.1sec), linear its= 63 (0.9sec)

Starting time step 1, stepsize 0.000139583 days, at day 0.0254854/0.025625, date = 01-Jan-2025

Warning: Full linear solver tolerance not achieved. The reduction is:1.30689e-05 after 20 iterations 
 Newton its= 6, linearizations= 7 (0.2sec), linear its=100 (1.4sec)

Report step 123/1000 at day 0.025625/0.208333, date = 01-Jan-2025

Starting time step 0, stepsize 0.000208333 days, at day 0.025625/0.0258333, date = 01-Jan-2025

Problem: Solver convergence failure - Numerical problem encountered
Timestep chopped to 0.000069 days


Starting time step 0, stepsize 6.875e-05 days, at day 0.025625/0.0258333, date = 01-Jan-2025
 Newton its= 3, linearizations= 4 (0.1sec), linear its= 40 (0.5sec)

Starting time step 1, stepsize 0.000139583 days, at day 0.0256938/0.0258333, date = 01-Jan-2025
 Newton its= 7, linearizations= 8 (0.2sec), linear its=112 (1.6sec)

Report step 124/1000 at day 0.0258333/0.208333, date = 01-Jan-2025

Starting time step 0, stepsize 0.000208333 days, at day 0.0258333/0.0260417, date = 01-Jan-2025

Warning: Full linear solver tolerance not achieved. The reduction is:0.00197145 after 20 iterations 

Warning: Full linear solver tolerance not achieved. The reduction is:0.000243303 after 20 iterations 

Warning: Full linear solver tolerance not achieved. The reduction is:0.000353744 after 20 iterations 

Warning: Full linear solver tolerance not achieved. The reduction is:0.00150303 after 20 iterations 

Warning: Full linear solver tolerance not achieved. The reduction is:4.53823e-05 after 20 iterations 

Warning: Full linear solver tolerance not achieved. The reduction is:9.6288e-05 after 20 iterations 

Warning: Full linear solver tolerance not achieved. The reduction is:0.0056785 after 20 iterations 

Warning: Full linear solver tolerance not achieved. The reduction is:7.28474e-05 after 20 iterations 

Warning: Full linear solver tolerance not achieved. The reduction is:0.00010674 after 20 iterations 
 Newton its= 9, linearizations=10 (0.2sec), linear its=180 (2.3sec)

Report step 125/1000 at day 0.0260417/0.208333, date = 01-Jan-2025

Starting time step 0, stepsize 0.000208333 days, at day 0.0260417/0.02625, date = 01-Jan-2025

Warning: Full linear solver tolerance not achieved. The reduction is:0.000990138 after 20 iterations 

Warning: Full linear solver tolerance not achieved. The reduction is:1.99236e-05 after 20 iterations 

Warning: Full linear solver tolerance not achieved. The reduction is:7.10938e-06 after 20 iterations 
 Newton its= 8, linearizations= 9 (0.2sec), linear its=149 (2.0sec)

Report step 126/1000 at day 0.02625/0.208333, date = 01-Jan-2025

Starting time step 0, stepsize 0.000208333 days, at day 0.02625/0.0264583, date = 01-Jan-2025

Warning: Full linear solver tolerance not achieved. The reduction is:2.12711e-05 after 20 iterations 

Warning: Full linear solver tolerance not achieved. The reduction is:1.12874e-05 after 20 iterations 

Warning: Full linear solver tolerance not achieved. The reduction is:5.90162e-06 after 20 iterations 
 Newton its=10, linearizations=11 (0.3sec), linear its=172 (2.4sec)

Report step 127/1000 at day 0.0264583/0.208333, date = 01-Jan-2025

Starting time step 0, stepsize 0.000208333 days, at day 0.0264583/0.0266667, date = 01-Jan-2025

Warning: Full linear solver tolerance not achieved. The reduction is:0.000219381 after 20 iterations 
 Newton its= 5, linearizations= 6 (0.2sec), linear its= 77 (1.1sec)

Report step 128/1000 at day 0.0266667/0.208333, date = 01-Jan-2025

Starting time step 0, stepsize 0.000208333 days, at day 0.0266667/0.026875, date = 01-Jan-2025

Warning: Full linear solver tolerance not achieved. The reduction is:1.02359e-05 after 20 iterations 
 Newton its=15, linearizations=16 (0.5sec), linear its=225 (3.6sec)

Report step 129/1000 at day 0.026875/0.208333, date = 01-Jan-2025

Starting time step 0, stepsize 0.000208333 days, at day 0.026875/0.0270833, date = 01-Jan-2025
 Newton its= 6, linearizations= 7 (0.2sec), linear its= 88 (1.3sec)

Report step 130/1000 at day 0.0270833/0.208333, date = 01-Jan-2025

Starting time step 0, stepsize 0.000208333 days, at day 0.0270833/0.0272917, date = 01-Jan-2025

Warning: Full linear solver tolerance not achieved. The reduction is:0.000168143 after 20 iterations 
 Newton its= 3, linearizations= 4 (0.1sec), linear its= 46 (0.6sec)

Report step 131/1000 at day 0.0272917/0.208333, date = 01-Jan-2025

Starting time step 0, stepsize 0.000208333 days, at day 0.0272917/0.0275, date = 01-Jan-2025

Warning: Full linear solver tolerance not achieved. The reduction is:6.56114e-06 after 20 iterations 
 Newton its= 3, linearizations= 4 (0.1sec), linear its= 46 (0.6sec)

Report step 132/1000 at day 0.0275/0.208333, date = 01-Jan-2025

Starting time step 0, stepsize 0.000208333 days, at day 0.0275/0.0277083, date = 01-Jan-2025

Warning: Full linear solver tolerance not achieved. The reduction is:2.3595e-05 after 20 iterations 
 Newton its= 2, linearizations= 3 (0.1sec), linear its= 33 (0.5sec)

Report step 133/1000 at day 0.0277083/0.208333, date = 01-Jan-2025

Starting time step 0, stepsize 0.000208333 days, at day 0.0277083/0.0279167, date = 01-Jan-2025
 Newton its= 6, linearizations= 7 (0.1sec), linear its= 96 (1.4sec)

Report step 134/1000 at day 0.0279167/0.208333, date = 01-Jan-2025

Starting time step 0, stepsize 0.000208333 days, at day 0.0279167/0.028125, date = 01-Jan-2025
 Newton its= 3, linearizations= 4 (0.1sec), linear its= 45 (0.8sec)

Report step 135/1000 at day 0.028125/0.208333, date = 01-Jan-2025

Starting time step 0, stepsize 0.000208333 days, at day 0.028125/0.0283333, date = 01-Jan-2025
 Newton its= 5, linearizations= 6 (0.2sec), linear its= 79 (1.1sec)

Report step 136/1000 at day 0.0283333/0.208333, date = 01-Jan-2025

Starting time step 0, stepsize 0.000208333 days, at day 0.0283333/0.0285417, date = 01-Jan-2025
 Newton its= 8, linearizations= 9 (0.2sec), linear its=108 (1.5sec)

Report step 137/1000 at day 0.0285417/0.208333, date = 01-Jan-2025

Starting time step 0, stepsize 0.000208333 days, at day 0.0285417/0.02875, date = 01-Jan-2025
 Newton its= 6, linearizations= 7 (0.1sec), linear its= 84 (1.2sec)

Report step 138/1000 at day 0.02875/0.208333, date = 01-Jan-2025

Starting time step 0, stepsize 0.000208333 days, at day 0.02875/0.0289583, date = 01-Jan-2025
 Newton its= 5, linearizations= 6 (0.1sec), linear its= 62 (0.9sec)

Report step 139/1000 at day 0.0289583/0.208333, date = 01-Jan-2025

Starting time step 0, stepsize 0.000208333 days, at day 0.0289583/0.0291667, date = 01-Jan-2025
 Newton its= 5, linearizations= 6 (0.1sec), linear its= 71 (0.9sec)

Report step 140/1000 at day 0.0291667/0.208333, date = 01-Jan-2025

Starting time step 0, stepsize 0.000208333 days, at day 0.0291667/0.029375, date = 01-Jan-2025
 Newton its= 5, linearizations= 6 (0.1sec), linear its= 69 (0.8sec)

Report step 141/1000 at day 0.029375/0.208333, date = 01-Jan-2025

Starting time step 0, stepsize 0.000208333 days, at day 0.029375/0.0295833, date = 01-Jan-2025
 Newton its= 9, linearizations=10 (0.2sec), linear its=121 (1.6sec)

Report step 142/1000 at day 0.0295833/0.208333, date = 01-Jan-2025

Starting time step 0, stepsize 0.000208333 days, at day 0.0295833/0.0297917, date = 01-Jan-2025
 Newton its= 6, linearizations= 7 (0.2sec), linear its= 83 (1.0sec)

Report step 143/1000 at day 0.0297917/0.208333, date = 01-Jan-2025

Starting time step 0, stepsize 0.000208333 days, at day 0.0297917/0.03, date = 01-Jan-2025
 Newton its= 4, linearizations= 5 (0.1sec), linear its= 45 (0.6sec)

Report step 144/1000 at day 0.03/0.208333, date = 01-Jan-2025

Starting time step 0, stepsize 0.000208333 days, at day 0.03/0.0302083, date = 01-Jan-2025
 Newton its= 3, linearizations= 4 (0.1sec), linear its= 41 (0.6sec)

Report step 145/1000 at day 0.0302083/0.208333, date = 01-Jan-2025

Starting time step 0, stepsize 0.000208333 days, at day 0.0302083/0.0304167, date = 01-Jan-2025
 Newton its= 3, linearizations= 4 (0.1sec), linear its= 44 (0.6sec)

Report step 146/1000 at day 0.0304167/0.208333, date = 01-Jan-2025

Starting time step 0, stepsize 0.000208333 days, at day 0.0304167/0.030625, date = 01-Jan-2025
 Newton its= 2, linearizations= 3 (0.1sec), linear its= 31 (0.4sec)

Report step 147/1000 at day 0.030625/0.208333, date = 01-Jan-2025

Starting time step 0, stepsize 0.000208333 days, at day 0.030625/0.0308333, date = 01-Jan-2025
 Newton its= 2, linearizations= 3 (0.1sec), linear its= 31 (0.4sec)

Report step 148/1000 at day 0.0308333/0.208333, date = 01-Jan-2025

Starting time step 0, stepsize 0.000208333 days, at day 0.0308333/0.0310417, date = 01-Jan-2025
 Newton its= 2, linearizations= 3 (0.1sec), linear its= 34 (0.5sec)

Report step 149/1000 at day 0.0310417/0.208333, date = 01-Jan-2025

Starting time step 0, stepsize 0.000208333 days, at day 0.0310417/0.03125, date = 01-Jan-2025
 Newton its= 2, linearizations= 3 (0.1sec), linear its= 27 (0.4sec)

Report step 150/1000 at day 0.03125/0.208333, date = 01-Jan-2025

Starting time step 0, stepsize 0.000208333 days, at day 0.03125/0.0314583, date = 01-Jan-2025
 Newton its= 2, linearizations= 3 (0.1sec), linear its= 25 (0.3sec)

Report step 151/1000 at day 0.0314583/0.208333, date = 01-Jan-2025

Starting time step 0, stepsize 0.000208333 days, at day 0.0314583/0.0316667, date = 01-Jan-2025
 Newton its= 2, linearizations= 3 (0.1sec), linear its= 25 (0.3sec)

Report step 152/1000 at day 0.0316667/0.208333, date = 01-Jan-2025

Starting time step 0, stepsize 0.000208333 days, at day 0.0316667/0.031875, date = 01-Jan-2025
 Newton its= 2, linearizations= 3 (0.0sec), linear its= 23 (0.3sec)

Report step 153/1000 at day 0.031875/0.208333, date = 01-Jan-2025

Starting time step 0, stepsize 0.000208333 days, at day 0.031875/0.0320833, date = 01-Jan-2025
 Newton its= 2, linearizations= 3 (0.1sec), linear its= 22 (0.3sec)

Report step 154/1000 at day 0.0320833/0.208333, date = 01-Jan-2025

Starting time step 0, stepsize 0.000208333 days, at day 0.0320833/0.0322917, date = 01-Jan-2025
 Newton its= 2, linearizations= 3 (0.0sec), linear its= 22 (0.3sec)

Report step 155/1000 at day 0.0322917/0.208333, date = 01-Jan-2025

Starting time step 0, stepsize 0.000208333 days, at day 0.0322917/0.0325, date = 01-Jan-2025
 Newton its= 2, linearizations= 3 (0.1sec), linear its= 22 (0.3sec)

Report step 156/1000 at day 0.0325/0.208333, date = 01-Jan-2025

Starting time step 0, stepsize 0.000208333 days, at day 0.0325/0.0327083, date = 01-Jan-2025
 Newton its= 2, linearizations= 3 (0.0sec), linear its= 23 (0.4sec)

Report step 157/1000 at day 0.0327083/0.208333, date = 01-Jan-2025

Starting time step 0, stepsize 0.000208333 days, at day 0.0327083/0.0329167, date = 01-Jan-2025
 Newton its= 2, linearizations= 3 (0.1sec), linear its= 23 (0.3sec)

Report step 158/1000 at day 0.0329167/0.208333, date = 01-Jan-2025

Starting time step 0, stepsize 0.000208333 days, at day 0.0329167/0.033125, date = 01-Jan-2025
 Newton its= 2, linearizations= 3 (0.1sec), linear its= 24 (0.3sec)

Report step 159/1000 at day 0.033125/0.208333, date = 01-Jan-2025

Starting time step 0, stepsize 0.000208333 days, at day 0.033125/0.0333333, date = 01-Jan-2025

Warning: Full linear solver tolerance not achieved. The reduction is:0.000742786 after 20 iterations 

Warning: Full linear solver tolerance not achieved. The reduction is:5.28686e-06 after 20 iterations 

Warning: Full linear solver tolerance not achieved. The reduction is:7.39626e-05 after 20 iterations 
 Newton its=24, linearizations=25 (0.5sec), linear its=368 (5.1sec)

Report step 160/1000 at day 0.0333333/0.208333, date = 01-Jan-2025

Starting time step 0, stepsize 0.000208333 days, at day 0.0333333/0.0335417, date = 01-Jan-2025

Warning: Full linear solver tolerance not achieved. The reduction is:0.000358469 after 20 iterations 

Problem: Solver convergence failure - Numerical problem encountered
Timestep chopped to 0.000069 days


Starting time step 0, stepsize 6.875e-05 days, at day 0.0333333/0.0335417, date = 01-Jan-2025

Warning: Full linear solver tolerance not achieved. The reduction is:0.000103655 after 20 iterations 
 Newton its=12, linearizations=13 (0.3sec), linear its=143 (1.9sec)

Starting time step 1, stepsize 4.58333e-05 days, at day 0.0334021/0.0335417, date = 01-Jan-2025
 Newton its= 3, linearizations= 4 (0.1sec), linear its= 39 (0.6sec)

Starting time step 2, stepsize 9.375e-05 days, at day 0.0334479/0.0335417, date = 01-Jan-2025
 Newton its= 8, linearizations= 9 (0.2sec), linear its=105 (1.4sec)

Report step 161/1000 at day 0.0335417/0.208333, date = 01-Jan-2025

Starting time step 0, stepsize 0.000208333 days, at day 0.0335417/0.03375, date = 01-Jan-2025

Warning: Full linear solver tolerance not achieved. The reduction is:0.00244385 after 20 iterations 

Warning: Full linear solver tolerance not achieved. The reduction is:6.96054e-05 after 20 iterations 

Warning: Full linear solver tolerance not achieved. The reduction is:6.20032e-06 after 20 iterations 
 Newton its=10, linearizations=11 (0.3sec), linear its=169 (2.1sec)

Report step 162/1000 at day 0.03375/0.208333, date = 01-Jan-2025

Starting time step 0, stepsize 0.000208333 days, at day 0.03375/0.0339583, date = 01-Jan-2025

Problem: Solver convergence failure - Numerical problem encountered
Timestep chopped to 0.000069 days


Starting time step 0, stepsize 6.875e-05 days, at day 0.03375/0.0339583, date = 01-Jan-2025
 Newton its= 5, linearizations= 6 (0.1sec), linear its= 59 (0.7sec)

Starting time step 1, stepsize 0.000139583 days, at day 0.0338188/0.0339583, date = 01-Jan-2025
 Newton its= 6, linearizations= 7 (0.1sec), linear its= 93 (1.3sec)

Report step 163/1000 at day 0.0339583/0.208333, date = 01-Jan-2025

Starting time step 0, stepsize 0.000208333 days, at day 0.0339583/0.0341667, date = 01-Jan-2025

Warning: Full linear solver tolerance not achieved. The reduction is:8.55612e-06 after 20 iterations 

Warning: Full linear solver tolerance not achieved. The reduction is:0.00567267 after 20 iterations 

Warning: Full linear solver tolerance not achieved. The reduction is:0.00307613 after 20 iterations 

Warning: Full linear solver tolerance not achieved. The reduction is:0.000300225 after 20 iterations 

Warning: Full linear solver tolerance not achieved. The reduction is:0.00372316 after 20 iterations 

Warning: Full linear solver tolerance not achieved. The reduction is:0.000629393 after 20 iterations 

Warning: Full linear solver tolerance not achieved. The reduction is:0.00412513 after 20 iterations 

Warning: Full linear solver tolerance not achieved. The reduction is:0.00507376 after 20 iterations 

Warning: Full linear solver tolerance not achieved. The reduction is:0.00706058 after 20 iterations 

Warning: Full linear solver tolerance not achieved. The reduction is:0.00891794 after 20 iterations 
 Newton its=10, linearizations=11 (0.3sec), linear its=200 (2.6sec)

Report step 164/1000 at day 0.0341667/0.208333, date = 01-Jan-2025

Starting time step 0, stepsize 0.000208333 days, at day 0.0341667/0.034375, date = 01-Jan-2025

Problem: Solver convergence failure - Numerical problem encountered
Timestep chopped to 0.000069 days


Starting time step 0, stepsize 6.875e-05 days, at day 0.0341667/0.034375, date = 01-Jan-2025
 Newton its= 3, linearizations= 4 (0.1sec), linear its= 38 (0.5sec)

Starting time step 1, stepsize 0.000139583 days, at day 0.0342354/0.034375, date = 01-Jan-2025

Warning: Full linear solver tolerance not achieved. The reduction is:2.05064e-05 after 20 iterations 

Warning: Full linear solver tolerance not achieved. The reduction is:7.70387e-06 after 20 iterations 
 Newton its= 7, linearizations= 8 (0.2sec), linear its=126 (1.6sec)

Report step 165/1000 at day 0.034375/0.208333, date = 01-Jan-2025

Starting time step 0, stepsize 0.000208333 days, at day 0.034375/0.0345833, date = 01-Jan-2025

Problem: Solver convergence failure - Numerical problem encountered
Timestep chopped to 0.000069 days


Starting time step 0, stepsize 6.875e-05 days, at day 0.034375/0.0345833, date = 01-Jan-2025
 Newton its= 5, linearizations= 6 (0.1sec), linear its= 67 (0.9sec)

Starting time step 1, stepsize 0.000139583 days, at day 0.0344438/0.0345833, date = 01-Jan-2025
 Newton its= 7, linearizations= 8 (0.2sec), linear its=119 (1.6sec)

Report step 166/1000 at day 0.0345833/0.208333, date = 01-Jan-2025

Starting time step 0, stepsize 0.000208333 days, at day 0.0345833/0.0347917, date = 01-Jan-2025

Problem: Solver convergence failure - Numerical problem encountered
Timestep chopped to 0.000069 days


Starting time step 0, stepsize 6.875e-05 days, at day 0.0345833/0.0347917, date = 01-Jan-2025
 Newton its= 5, linearizations= 6 (0.1sec), linear its= 68 (0.9sec)

Starting time step 1, stepsize 0.000139583 days, at day 0.0346521/0.0347917, date = 01-Jan-2025
 Newton its= 4, linearizations= 5 (0.1sec), linear its= 61 (0.7sec)

Report step 167/1000 at day 0.0347917/0.208333, date = 01-Jan-2025

Starting time step 0, stepsize 0.000208333 days, at day 0.0347917/0.035, date = 01-Jan-2025

Warning: Full linear solver tolerance not achieved. The reduction is:0.00391487 after 20 iterations 

Warning: Full linear solver tolerance not achieved. The reduction is:4.31161e-05 after 20 iterations 

Warning: Full linear solver tolerance not achieved. The reduction is:0.000244704 after 20 iterations 

Warning: Full linear solver tolerance not achieved. The reduction is:0.000987442 after 20 iterations 

Warning: Full linear solver tolerance not achieved. The reduction is:0.000147828 after 20 iterations 

Warning: Full linear solver tolerance not achieved. The reduction is:0.000240816 after 20 iterations 

Warning: Full linear solver tolerance not achieved. The reduction is:0.000163128 after 20 iterations 

Warning: Full linear solver tolerance not achieved. The reduction is:0.00150848 after 20 iterations 

Warning: Full linear solver tolerance not achieved. The reduction is:0.000164939 after 20 iterations 

Warning: Full linear solver tolerance not achieved. The reduction is:0.000369716 after 20 iterations 

Warning: Full linear solver tolerance not achieved. The reduction is:6.57647e-05 after 20 iterations 

Warning: Full linear solver tolerance not achieved. The reduction is:5.81052e-05 after 20 iterations 

Warning: Full linear solver tolerance not achieved. The reduction is:0.000169346 after 20 iterations 

Warning: Full linear solver tolerance not achieved. The reduction is:0.000317384 after 20 iterations 

Warning: Full linear solver tolerance not achieved. The reduction is:7.75334e-05 after 20 iterations 

Warning: Full linear solver tolerance not achieved. The reduction is:0.000244633 after 20 iterations 

Warning: Full linear solver tolerance not achieved. The reduction is:2.51387e-05 after 20 iterations 

Warning: Full linear solver tolerance not achieved. The reduction is:0.000109019 after 20 iterations 

Warning: Full linear solver tolerance not achieved. The reduction is:9.08515e-05 after 20 iterations 

Warning: Full linear solver tolerance not achieved. The reduction is:0.000199096 after 20 iterations 

Warning: Full linear solver tolerance not achieved. The reduction is:3.255e-05 after 20 iterations 

Warning: Full linear solver tolerance not achieved. The reduction is:0.000170049 after 20 iterations 

Warning: Full linear solver tolerance not achieved. The reduction is:9.46084e-05 after 20 iterations 

Warning: Full linear solver tolerance not achieved. The reduction is:0.000210506 after 20 iterations 

Warning: Full linear solver tolerance not achieved. The reduction is:2.44324e-05 after 20 iterations 

Warning: Full linear solver tolerance not achieved. The reduction is:0.000363496 after 20 iterations 

Warning: Full linear solver tolerance not achieved. The reduction is:7.84931e-05 after 20 iterations 

Warning: Full linear solver tolerance not achieved. The reduction is:0.000418628 after 20 iterations 

Warning: Full linear solver tolerance not achieved. The reduction is:2.9799e-05 after 20 iterations 

Warning: Full linear solver tolerance not achieved. The reduction is:0.000186333 after 20 iterations 

Warning: Full linear solver tolerance not achieved. The reduction is:8.7142e-05 after 20 iterations 

Warning: Full linear solver tolerance not achieved. The reduction is:0.000279033 after 20 iterations 

Warning: Full linear solver tolerance not achieved. The reduction is:2.94957e-05 after 20 iterations 

Warning: Full linear solver tolerance not achieved. The reduction is:0.000882893 after 20 iterations 

Warning: Full linear solver tolerance not achieved. The reduction is:0.000110272 after 20 iterations 

Warning: Full linear solver tolerance not achieved. The reduction is:0.00016998 after 20 iterations 

Warning: Full linear solver tolerance not achieved. The reduction is:3.3569e-05 after 20 iterations 

Warning: Full linear solver tolerance not achieved. The reduction is:0.000144172 after 20 iterations 

Warning: Full linear solver tolerance not achieved. The reduction is:9.45513e-05 after 20 iterations 

Warning: Full linear solver tolerance not achieved. The reduction is:0.000225555 after 20 iterations 

Warning: Full linear solver tolerance not achieved. The reduction is:1.83414e-05 after 20 iterations 

Warning: Full linear solver tolerance not achieved. The reduction is:0.000145619 after 20 iterations 

Warning: Full linear solver tolerance not achieved. The reduction is:9.38153e-05 after 20 iterations 

Warning: Full linear solver tolerance not achieved. The reduction is:0.000157802 after 20 iterations 

Warning: Full linear solver tolerance not achieved. The reduction is:1.18322e-05 after 20 iterations 

Warning: Full linear solver tolerance not achieved. The reduction is:0.000205148 after 20 iterations 

Warning: Full linear solver tolerance not achieved. The reduction is:0.000160644 after 20 iterations 

Warning: Full linear solver tolerance not achieved. The reduction is:0.00014242 after 20 iterations 

Warning: Full linear solver tolerance not achieved. The reduction is:1.18544e-05 after 20 iterations 

Warning: Full linear solver tolerance not achieved. The reduction is:7.0534e-05 after 20 iterations 

Warning: Full linear solver tolerance not achieved. The reduction is:0.000143888 after 20 iterations 

Problem: Solver convergence failure - Iteration limit reached
Timestep chopped to 0.000069 days


Starting time step 0, stepsize 6.875e-05 days, at day 0.0347917/0.035, date = 01-Jan-2025

Problem: Solver convergence failure - Iteration limit reached
Timestep chopped to 0.000023 days


Starting time step 0, stepsize 2.26875e-05 days, at day 0.0347917/0.035, date = 01-Jan-2025
 Newton its= 2, linearizations= 3 (0.1sec), linear its= 27 (0.5sec)

Starting time step 1, stepsize 4.5375e-05 days, at day 0.0348144/0.035, date = 01-Jan-2025
 Newton its= 1, linearizations= 2 (0.1sec), linear its= 13 (0.3sec)

Starting time step 2, stepsize 0.000140271 days, at day 0.0348597/0.035, date = 01-Jan-2025
 Newton its= 7, linearizations= 8 (0.2sec), linear its=110 (1.7sec)

Report step 168/1000 at day 0.035/0.208333, date = 01-Jan-2025

Starting time step 0, stepsize 0.000208333 days, at day 0.035/0.0352083, date = 01-Jan-2025

Warning: Full linear solver tolerance not achieved. The reduction is:0.00128923 after 20 iterations 

Warning: Full linear solver tolerance not achieved. The reduction is:0.00276097 after 20 iterations 

Warning: Full linear solver tolerance not achieved. The reduction is:0.000416448 after 20 iterations 

Warning: Full linear solver tolerance not achieved. The reduction is:5.04157e-05 after 20 iterations 

Warning: Full linear solver tolerance not achieved. The reduction is:1.53908e-05 after 20 iterations 

Warning: Full linear solver tolerance not achieved. The reduction is:6.11506e-05 after 20 iterations 

Warning: Full linear solver tolerance not achieved. The reduction is:0.000289617 after 20 iterations 

Warning: Full linear solver tolerance not achieved. The reduction is:0.000279688 after 20 iterations 
 Newton its= 8, linearizations= 9 (0.2sec), linear its=160 (2.1sec)

Report step 169/1000 at day 0.0352083/0.208333, date = 01-Jan-2025

Starting time step 0, stepsize 0.000208333 days, at day 0.0352083/0.0354167, date = 01-Jan-2025

Warning: Full linear solver tolerance not achieved. The reduction is:0.000349667 after 20 iterations 

Warning: Full linear solver tolerance not achieved. The reduction is:0.000111769 after 20 iterations 

Warning: Full linear solver tolerance not achieved. The reduction is:7.35138e-06 after 20 iterations 

Warning: Full linear solver tolerance not achieved. The reduction is:9.2541e-06 after 20 iterations 

Warning: Full linear solver tolerance not achieved. The reduction is:5.93438e-06 after 20 iterations 

Warning: Full linear solver tolerance not achieved. The reduction is:1.06627e-05 after 20 iterations 

Warning: Full linear solver tolerance not achieved. The reduction is:1.01886e-05 after 20 iterations 

Warning: Full linear solver tolerance not achieved. The reduction is:5.36372e-06 after 20 iterations 

Warning: Full linear solver tolerance not achieved. The reduction is:1.2802e-05 after 20 iterations 

Warning: Full linear solver tolerance not achieved. The reduction is:0.000167722 after 20 iterations 

Warning: Full linear solver tolerance not achieved. The reduction is:1.18099e-05 after 20 iterations 

Warning: Full linear solver tolerance not achieved. The reduction is:1.52804e-05 after 20 iterations 

Warning: Full linear solver tolerance not achieved. The reduction is:1.59399e-05 after 20 iterations 

Warning: Full linear solver tolerance not achieved. The reduction is:3.36951e-05 after 20 iterations 

Warning: Full linear solver tolerance not achieved. The reduction is:3.5292e-05 after 20 iterations 

Warning: Full linear solver tolerance not achieved. The reduction is:1.06756e-05 after 20 iterations 

Warning: Full linear solver tolerance not achieved. The reduction is:2.04232e-05 after 20 iterations 

Warning: Full linear solver tolerance not achieved. The reduction is:0.000188365 after 20 iterations 

Warning: Full linear solver tolerance not achieved. The reduction is:2.07628e-05 after 20 iterations 

Warning: Full linear solver tolerance not achieved. The reduction is:3.89724e-05 after 20 iterations 

Warning: Full linear solver tolerance not achieved. The reduction is:2.7138e-05 after 20 iterations 

Warning: Full linear solver tolerance not achieved. The reduction is:2.48363e-05 after 20 iterations 

Warning: Full linear solver tolerance not achieved. The reduction is:8.0944e-06 after 20 iterations 

Problem: Solver convergence failure - Iteration limit reached
Timestep chopped to 0.000069 days


Starting time step 0, stepsize 6.875e-05 days, at day 0.0352083/0.0354167, date = 01-Jan-2025
 Newton its= 5, linearizations= 6 (0.1sec), linear its= 64 (0.8sec)

Starting time step 1, stepsize 0.000139583 days, at day 0.0352771/0.0354167, date = 01-Jan-2025
 Newton its= 7, linearizations= 8 (0.2sec), linear its=104 (1.5sec)

Report step 170/1000 at day 0.0354167/0.208333, date = 01-Jan-2025

Starting time step 0, stepsize 0.000208333 days, at day 0.0354167/0.035625, date = 01-Jan-2025

Warning: Full linear solver tolerance not achieved. The reduction is:0.00266244 after 20 iterations 

Warning: Full linear solver tolerance not achieved. The reduction is:5.60219e-06 after 20 iterations 

Problem: Solver convergence failure - Iteration limit reached
Timestep chopped to 0.000069 days


Starting time step 0, stepsize 6.875e-05 days, at day 0.0354167/0.035625, date = 01-Jan-2025
 Newton its= 3, linearizations= 4 (0.1sec), linear its= 39 (0.5sec)

Starting time step 1, stepsize 0.000139583 days, at day 0.0354854/0.035625, date = 01-Jan-2025
 Newton its= 7, linearizations= 8 (0.1sec), linear its=103 (1.3sec)

Report step 171/1000 at day 0.035625/0.208333, date = 01-Jan-2025

Starting time step 0, stepsize 0.000208333 days, at day 0.035625/0.0358333, date = 01-Jan-2025

Warning: Full linear solver tolerance not achieved. The reduction is:0.000129786 after 20 iterations 

Warning: Full linear solver tolerance not achieved. The reduction is:1.6071e-05 after 20 iterations 

Warning: Full linear solver tolerance not achieved. The reduction is:1.34564e-05 after 20 iterations 

Warning: Full linear solver tolerance not achieved. The reduction is:9.71644e-06 after 20 iterations 

Warning: Full linear solver tolerance not achieved. The reduction is:1.3144e-05 after 20 iterations 

Warning: Full linear solver tolerance not achieved. The reduction is:8.81566e-06 after 20 iterations 

Warning: Full linear solver tolerance not achieved. The reduction is:2.30867e-05 after 20 iterations 

Problem: Solver convergence failure - Iteration limit reached
Timestep chopped to 0.000069 days


Starting time step 0, stepsize 6.875e-05 days, at day 0.035625/0.0358333, date = 01-Jan-2025
 Newton its= 4, linearizations= 5 (0.1sec), linear its= 52 (0.7sec)

Starting time step 1, stepsize 0.000139583 days, at day 0.0356938/0.0358333, date = 01-Jan-2025
 Newton its= 3, linearizations= 4 (0.1sec), linear its= 45 (0.5sec)

Report step 172/1000 at day 0.0358333/0.208333, date = 01-Jan-2025

Starting time step 0, stepsize 0.000208333 days, at day 0.0358333/0.0360417, date = 01-Jan-2025
 Newton its= 5, linearizations= 6 (0.1sec), linear its= 81 (1.1sec)

Report step 173/1000 at day 0.0360417/0.208333, date = 01-Jan-2025

Starting time step 0, stepsize 0.000208333 days, at day 0.0360417/0.03625, date = 01-Jan-2025
 Newton its= 6, linearizations= 7 (0.2sec), linear its= 81 (1.0sec)

Report step 174/1000 at day 0.03625/0.208333, date = 01-Jan-2025

Starting time step 0, stepsize 0.000208333 days, at day 0.03625/0.0364583, date = 01-Jan-2025

Warning: Full linear solver tolerance not achieved. The reduction is:1.92201e-05 after 20 iterations 
 Newton its= 3, linearizations= 4 (0.1sec), linear its= 43 (0.6sec)

Report step 175/1000 at day 0.0364583/0.208333, date = 01-Jan-2025

Starting time step 0, stepsize 0.000208333 days, at day 0.0364583/0.0366667, date = 01-Jan-2025
 Newton its= 2, linearizations= 3 (0.0sec), linear its= 28 (0.4sec)

Report step 176/1000 at day 0.0366667/0.208333, date = 01-Jan-2025

Starting time step 0, stepsize 0.000208333 days, at day 0.0366667/0.036875, date = 01-Jan-2025
 Newton its= 3, linearizations= 4 (0.1sec), linear its= 44 (0.5sec)

Report step 177/1000 at day 0.036875/0.208333, date = 01-Jan-2025

Starting time step 0, stepsize 0.000208333 days, at day 0.036875/0.0370833, date = 01-Jan-2025
 Newton its= 2, linearizations= 3 (0.1sec), linear its= 29 (0.4sec)

Report step 178/1000 at day 0.0370833/0.208333, date = 01-Jan-2025

Starting time step 0, stepsize 0.000208333 days, at day 0.0370833/0.0372917, date = 01-Jan-2025
 Newton its= 5, linearizations= 6 (0.1sec), linear its= 68 (0.9sec)

Report step 179/1000 at day 0.0372917/0.208333, date = 01-Jan-2025

Starting time step 0, stepsize 0.000208333 days, at day 0.0372917/0.0375, date = 01-Jan-2025
 Newton its= 6, linearizations= 7 (0.2sec), linear its= 84 (1.1sec)

Report step 180/1000 at day 0.0375/0.208333, date = 01-Jan-2025

Starting time step 0, stepsize 0.000208333 days, at day 0.0375/0.0377083, date = 01-Jan-2025
 Newton its= 4, linearizations= 5 (0.1sec), linear its= 56 (0.7sec)

Report step 181/1000 at day 0.0377083/0.208333, date = 01-Jan-2025

Starting time step 0, stepsize 0.000208333 days, at day 0.0377083/0.0379167, date = 01-Jan-2025
 Newton its= 5, linearizations= 6 (0.2sec), linear its= 71 (1.0sec)

Report step 182/1000 at day 0.0379167/0.208333, date = 01-Jan-2025

Starting time step 0, stepsize 0.000208333 days, at day 0.0379167/0.038125, date = 01-Jan-2025
 Newton its= 6, linearizations= 7 (0.2sec), linear its= 89 (1.2sec)

Report step 183/1000 at day 0.038125/0.208333, date = 01-Jan-2025

Starting time step 0, stepsize 0.000208333 days, at day 0.038125/0.0383333, date = 01-Jan-2025
 Newton its= 6, linearizations= 7 (0.1sec), linear its= 89 (1.2sec)

Report step 184/1000 at day 0.0383333/0.208333, date = 01-Jan-2025

Starting time step 0, stepsize 0.000208333 days, at day 0.0383333/0.0385417, date = 01-Jan-2025
 Newton its= 7, linearizations= 8 (0.2sec), linear its= 91 (1.2sec)

Report step 185/1000 at day 0.0385417/0.208333, date = 01-Jan-2025

Starting time step 0, stepsize 0.000208333 days, at day 0.0385417/0.03875, date = 01-Jan-2025
 Newton its= 4, linearizations= 5 (0.1sec), linear its= 56 (0.8sec)

Report step 186/1000 at day 0.03875/0.208333, date = 01-Jan-2025

Starting time step 0, stepsize 0.000208333 days, at day 0.03875/0.0389583, date = 01-Jan-2025
 Newton its= 2, linearizations= 3 (0.0sec), linear its= 31 (0.4sec)

Report step 187/1000 at day 0.0389583/0.208333, date = 01-Jan-2025

Starting time step 0, stepsize 0.000208333 days, at day 0.0389583/0.0391667, date = 01-Jan-2025
 Newton its= 2, linearizations= 3 (0.1sec), linear its= 31 (0.4sec)

Report step 188/1000 at day 0.0391667/0.208333, date = 01-Jan-2025

Starting time step 0, stepsize 0.000208333 days, at day 0.0391667/0.039375, date = 01-Jan-2025
 Newton its= 2, linearizations= 3 (0.1sec), linear its= 34 (0.5sec)

Report step 189/1000 at day 0.039375/0.208333, date = 01-Jan-2025

Starting time step 0, stepsize 0.000208333 days, at day 0.039375/0.0395833, date = 01-Jan-2025
 Newton its= 2, linearizations= 3 (0.1sec), linear its= 30 (0.4sec)

Report step 190/1000 at day 0.0395833/0.208333, date = 01-Jan-2025

Starting time step 0, stepsize 0.000208333 days, at day 0.0395833/0.0397917, date = 01-Jan-2025
 Newton its= 2, linearizations= 3 (0.1sec), linear its= 26 (0.4sec)

Report step 191/1000 at day 0.0397917/0.208333, date = 01-Jan-2025

Starting time step 0, stepsize 0.000208333 days, at day 0.0397917/0.04, date = 01-Jan-2025
 Newton its= 2, linearizations= 3 (0.1sec), linear its= 25 (0.3sec)

Report step 192/1000 at day 0.04/0.208333, date = 01-Jan-2025

Starting time step 0, stepsize 0.000208333 days, at day 0.04/0.0402083, date = 01-Jan-2025
 Newton its= 2, linearizations= 3 (0.1sec), linear its= 26 (0.3sec)

Report step 193/1000 at day 0.0402083/0.208333, date = 01-Jan-2025

Starting time step 0, stepsize 0.000208333 days, at day 0.0402083/0.0404167, date = 01-Jan-2025
 Newton its= 2, linearizations= 3 (0.1sec), linear its= 26 (0.3sec)

Report step 194/1000 at day 0.0404167/0.208333, date = 01-Jan-2025

Starting time step 0, stepsize 0.000208333 days, at day 0.0404167/0.040625, date = 01-Jan-2025
 Newton its= 2, linearizations= 3 (0.1sec), linear its= 25 (0.3sec)

Report step 195/1000 at day 0.040625/0.208333, date = 01-Jan-2025

Starting time step 0, stepsize 0.000208333 days, at day 0.040625/0.0408333, date = 01-Jan-2025
 Newton its= 2, linearizations= 3 (0.1sec), linear its= 26 (0.3sec)

Report step 196/1000 at day 0.0408333/0.208333, date = 01-Jan-2025

Starting time step 0, stepsize 0.000208333 days, at day 0.0408333/0.0410417, date = 01-Jan-2025
 Newton its= 2, linearizations= 3 (0.1sec), linear its= 25 (0.3sec)

Report step 197/1000 at day 0.0410417/0.208333, date = 01-Jan-2025

Starting time step 0, stepsize 0.000208333 days, at day 0.0410417/0.04125, date = 01-Jan-2025
 Newton its= 2, linearizations= 3 (0.1sec), linear its= 24 (0.3sec)

Report step 198/1000 at day 0.04125/0.208333, date = 01-Jan-2025

Starting time step 0, stepsize 0.000208333 days, at day 0.04125/0.0414583, date = 01-Jan-2025
 Newton its= 2, linearizations= 3 (0.1sec), linear its= 25 (0.3sec)

Report step 199/1000 at day 0.0414583/0.208333, date = 01-Jan-2025

Starting time step 0, stepsize 0.000208333 days, at day 0.0414583/0.0416667, date = 01-Jan-2025
 Newton its= 2, linearizations= 3 (0.0sec), linear its= 23 (0.3sec)

Report step 200/1000 at day 0.0416667/0.208333, date = 01-Jan-2025

Starting time step 0, stepsize 0.000208333 days, at day 0.0416667/0.041875, date = 01-Jan-2025
 Newton its= 2, linearizations= 3 (0.1sec), linear its= 22 (0.3sec)

Report step 201/1000 at day 0.041875/0.208333, date = 01-Jan-2025

Starting time step 0, stepsize 0.000208333 days, at day 0.041875/0.0420833, date = 01-Jan-2025
 Newton its= 2, linearizations= 3 (0.1sec), linear its= 22 (0.3sec)

Report step 202/1000 at day 0.0420833/0.208333, date = 01-Jan-2025

Starting time step 0, stepsize 0.000208333 days, at day 0.0420833/0.0422917, date = 01-Jan-2025
 Newton its= 2, linearizations= 3 (0.0sec), linear its= 22 (0.3sec)

Report step 203/1000 at day 0.0422917/0.208333, date = 01-Jan-2025

Starting time step 0, stepsize 0.000208333 days, at day 0.0422917/0.0425, date = 01-Jan-2025
 Newton its= 2, linearizations= 3 (0.1sec), linear its= 24 (0.3sec)

Report step 204/1000 at day 0.0425/0.208333, date = 01-Jan-2025

Starting time step 0, stepsize 0.000208333 days, at day 0.0425/0.0427083, date = 01-Jan-2025
 Newton its= 2, linearizations= 3 (0.0sec), linear its= 24 (0.3sec)

Report step 205/1000 at day 0.0427083/0.208333, date = 01-Jan-2025

Starting time step 0, stepsize 0.000208333 days, at day 0.0427083/0.0429167, date = 01-Jan-2025
 Newton its= 2, linearizations= 3 (0.1sec), linear its= 23 (0.4sec)

Report step 206/1000 at day 0.0429167/0.208333, date = 01-Jan-2025

Starting time step 0, stepsize 0.000208333 days, at day 0.0429167/0.043125, date = 01-Jan-2025
 Newton its= 2, linearizations= 3 (0.1sec), linear its= 23 (0.3sec)

Report step 207/1000 at day 0.043125/0.208333, date = 01-Jan-2025

Starting time step 0, stepsize 0.000208333 days, at day 0.043125/0.0433333, date = 01-Jan-2025
 Newton its= 3, linearizations= 4 (0.1sec), linear its= 35 (0.5sec)

Report step 208/1000 at day 0.0433333/0.208333, date = 01-Jan-2025

Starting time step 0, stepsize 0.000208333 days, at day 0.0433333/0.0435417, date = 01-Jan-2025
 Newton its= 5, linearizations= 6 (0.1sec), linear its= 61 (0.9sec)

Report step 209/1000 at day 0.0435417/0.208333, date = 01-Jan-2025

Starting time step 0, stepsize 0.000208333 days, at day 0.0435417/0.04375, date = 01-Jan-2025

Problem: Solver convergence failure - Numerical problem encountered
Timestep chopped to 0.000069 days


Starting time step 0, stepsize 6.875e-05 days, at day 0.0435417/0.04375, date = 01-Jan-2025
 Newton its=13, linearizations=14 (0.3sec), linear its=152 (2.1sec)

Starting time step 1, stepsize 4.23077e-05 days, at day 0.0436104/0.04375, date = 01-Jan-2025
    Oscillating behavior detected: Relaxation set to 0.900000
 Newton its=12, linearizations=13 (0.3sec), linear its=136 (1.8sec)

Starting time step 2, stepsize 2.82051e-05 days, at day 0.0436527/0.04375, date = 01-Jan-2025
 Newton its= 2, linearizations= 3 (0.1sec), linear its= 24 (0.3sec)

Starting time step 3, stepsize 6.90705e-05 days, at day 0.0436809/0.04375, date = 01-Jan-2025
 Newton its= 5, linearizations= 6 (0.1sec), linear its= 63 (0.9sec)

Report step 210/1000 at day 0.04375/0.208333, date = 01-Jan-2025

Starting time step 0, stepsize 0.000208333 days, at day 0.04375/0.0439583, date = 01-Jan-2025

Problem: Solver convergence failure - Numerical problem encountered
Timestep chopped to 0.000069 days


Starting time step 0, stepsize 6.875e-05 days, at day 0.04375/0.0439583, date = 01-Jan-2025

Problem: Solver convergence failure - Iteration limit reached
Timestep chopped to 0.000023 days


Starting time step 0, stepsize 2.26875e-05 days, at day 0.04375/0.0439583, date = 01-Jan-2025

Problem: Solver convergence failure - Iteration limit reached
Timestep chopped to 0.000007 days


Starting time step 0, stepsize 7.48688e-06 days, at day 0.04375/0.0439583, date = 01-Jan-2025
 Newton its= 5, linearizations= 6 (0.2sec), linear its= 52 (0.8sec)

Starting time step 1, stepsize 1.49738e-05 days, at day 0.0437575/0.0439583, date = 01-Jan-2025
 Newton its= 1, linearizations= 2 (0.0sec), linear its= 11 (0.2sec)

Starting time step 2, stepsize 4.49213e-05 days, at day 0.0437725/0.0439583, date = 01-Jan-2025
 Newton its= 2, linearizations= 3 (0.1sec), linear its= 27 (0.5sec)

Starting time step 3, stepsize 0.000140951 days, at day 0.0438174/0.0439583, date = 01-Jan-2025
 Newton its=10, linearizations=11 (0.3sec), linear its=139 (2.0sec)

Report step 211/1000 at day 0.0439583/0.208333, date = 01-Jan-2025

Starting time step 0, stepsize 0.000208333 days, at day 0.0439583/0.0441667, date = 01-Jan-2025

Problem: Solver convergence failure - Numerical problem encountered
Timestep chopped to 0.000069 days


Starting time step 0, stepsize 6.875e-05 days, at day 0.0439583/0.0441667, date = 01-Jan-2025
 Newton its= 5, linearizations= 6 (0.1sec), linear its= 65 (0.9sec)

Starting time step 1, stepsize 0.000139583 days, at day 0.0440271/0.0441667, date = 01-Jan-2025
 Newton its= 7, linearizations= 8 (0.2sec), linear its= 95 (1.4sec)

Report step 212/1000 at day 0.0441667/0.208333, date = 01-Jan-2025

Starting time step 0, stepsize 0.000208333 days, at day 0.0441667/0.044375, date = 01-Jan-2025

Warning: Full linear solver tolerance not achieved. The reduction is:0.00651885 after 20 iterations 

Warning: Full linear solver tolerance not achieved. The reduction is:0.00326524 after 20 iterations 

Warning: Full linear solver tolerance not achieved. The reduction is:0.000430182 after 20 iterations 

Warning: Full linear solver tolerance not achieved. The reduction is:0.00933329 after 20 iterations 

Warning: Full linear solver tolerance not achieved. The reduction is:2.16288e-05 after 20 iterations 

Warning: Full linear solver tolerance not achieved. The reduction is:1.51573e-05 after 20 iterations 

Warning: Full linear solver tolerance not achieved. The reduction is:5.07822e-06 after 20 iterations 

Warning: Full linear solver tolerance not achieved. The reduction is:0.00160826 after 20 iterations 

Warning: Full linear solver tolerance not achieved. The reduction is:2.2124e-05 after 20 iterations 

Warning: Full linear solver tolerance not achieved. The reduction is:0.0020071 after 20 iterations 

Warning: Full linear solver tolerance not achieved. The reduction is:8.33134e-06 after 20 iterations 

Warning: Full linear solver tolerance not achieved. The reduction is:0.00190713 after 20 iterations 

Warning: Full linear solver tolerance not achieved. The reduction is:1.23557e-05 after 20 iterations 

Warning: Full linear solver tolerance not achieved. The reduction is:0.00154822 after 20 iterations 

Warning: Full linear solver tolerance not achieved. The reduction is:3.76304e-05 after 20 iterations 

Warning: Full linear solver tolerance not achieved. The reduction is:5.70674e-06 after 20 iterations 

Warning: Full linear solver tolerance not achieved. The reduction is:0.00122862 after 20 iterations 

Warning: Full linear solver tolerance not achieved. The reduction is:0.000135266 after 20 iterations 

Warning: Full linear solver tolerance not achieved. The reduction is:0.00138243 after 20 iterations 

Warning: Full linear solver tolerance not achieved. The reduction is:4.83491e-05 after 20 iterations 

Warning: Full linear solver tolerance not achieved. The reduction is:6.65701e-06 after 20 iterations 

Warning: Full linear solver tolerance not achieved. The reduction is:0.00296178 after 20 iterations 

Warning: Full linear solver tolerance not achieved. The reduction is:1.51521e-05 after 20 iterations 

Problem: Solver convergence failure - Numerical problem encountered
Timestep chopped to 0.000069 days


Starting time step 0, stepsize 6.875e-05 days, at day 0.0441667/0.044375, date = 01-Jan-2025
 Newton its= 5, linearizations= 6 (0.1sec), linear its= 61 (0.8sec)

Starting time step 1, stepsize 0.000139583 days, at day 0.0442354/0.044375, date = 01-Jan-2025
 Newton its= 7, linearizations= 8 (0.2sec), linear its=106 (1.3sec)

Report step 213/1000 at day 0.044375/0.208333, date = 01-Jan-2025

Starting time step 0, stepsize 0.000208333 days, at day 0.044375/0.0445833, date = 01-Jan-2025

Warning: Full linear solver tolerance not achieved. The reduction is:5.86264e-06 after 20 iterations 

Warning: Full linear solver tolerance not achieved. The reduction is:0.00123291 after 20 iterations 

Problem: Solver convergence failure - Numerical problem encountered
Timestep chopped to 0.000069 days


Starting time step 0, stepsize 6.875e-05 days, at day 0.044375/0.0445833, date = 01-Jan-2025

Problem: Solver convergence failure - Iteration limit reached
Timestep chopped to 0.000023 days


Starting time step 0, stepsize 2.26875e-05 days, at day 0.044375/0.0445833, date = 01-Jan-2025
 Newton its= 3, linearizations= 4 (0.1sec), linear its= 36 (0.5sec)

Starting time step 1, stepsize 4.5375e-05 days, at day 0.0443977/0.0445833, date = 01-Jan-2025
 Newton its= 3, linearizations= 4 (0.1sec), linear its= 40 (0.6sec)

Starting time step 2, stepsize 0.000140271 days, at day 0.0444431/0.0445833, date = 01-Jan-2025
 Newton its= 6, linearizations= 7 (0.1sec), linear its= 91 (1.2sec)

Report step 214/1000 at day 0.0445833/0.208333, date = 01-Jan-2025

Starting time step 0, stepsize 0.000208333 days, at day 0.0445833/0.0447917, date = 01-Jan-2025

Warning: Full linear solver tolerance not achieved. The reduction is:0.000217939 after 20 iterations 

Warning: Full linear solver tolerance not achieved. The reduction is:5.47973e-06 after 20 iterations 

Warning: Full linear solver tolerance not achieved. The reduction is:0.000955347 after 20 iterations 

Warning: Full linear solver tolerance not achieved. The reduction is:2.50681e-05 after 20 iterations 

Warning: Full linear solver tolerance not achieved. The reduction is:1.31989e-05 after 20 iterations 

Warning: Full linear solver tolerance not achieved. The reduction is:1.21816e-05 after 20 iterations 

Warning: Full linear solver tolerance not achieved. The reduction is:0.00686718 after 20 iterations 

Warning: Full linear solver tolerance not achieved. The reduction is:0.000795867 after 20 iterations 

Warning: Full linear solver tolerance not achieved. The reduction is:0.00054764 after 20 iterations 

Warning: Full linear solver tolerance not achieved. The reduction is:0.00359304 after 20 iterations 

Warning: Full linear solver tolerance not achieved. The reduction is:2.73903e-05 after 20 iterations 

Problem: Solver convergence failure - Numerical problem encountered
Timestep chopped to 0.000069 days


Starting time step 0, stepsize 6.875e-05 days, at day 0.0445833/0.0447917, date = 01-Jan-2025
 Newton its= 4, linearizations= 5 (0.1sec), linear its= 49 (0.8sec)

Starting time step 1, stepsize 0.000139583 days, at day 0.0446521/0.0447917, date = 01-Jan-2025
 Newton its= 7, linearizations= 8 (0.1sec), linear its=104 (1.4sec)

Report step 215/1000 at day 0.0447917/0.208333, date = 01-Jan-2025

Starting time step 0, stepsize 0.000208333 days, at day 0.0447917/0.045, date = 01-Jan-2025

Warning: Full linear solver tolerance not achieved. The reduction is:8.26673e-06 after 20 iterations 

Warning: Full linear solver tolerance not achieved. The reduction is:0.00487629 after 20 iterations 

Warning: Full linear solver tolerance not achieved. The reduction is:0.000109795 after 20 iterations 

Warning: Full linear solver tolerance not achieved. The reduction is:0.00789981 after 20 iterations 

Warning: Full linear solver tolerance not achieved. The reduction is:0.000183478 after 20 iterations 

Warning: Full linear solver tolerance not achieved. The reduction is:8.58618e-05 after 20 iterations 
 Newton its= 8, linearizations= 9 (0.1sec), linear its=156 (2.0sec)

Report step 216/1000 at day 0.045/0.208333, date = 01-Jan-2025

Starting time step 0, stepsize 0.000208333 days, at day 0.045/0.0452083, date = 01-Jan-2025

Warning: Full linear solver tolerance not achieved. The reduction is:8.96512e-06 after 20 iterations 

Warning: Full linear solver tolerance not achieved. The reduction is:0.00790711 after 20 iterations 

Warning: Full linear solver tolerance not achieved. The reduction is:3.46824e-05 after 20 iterations 

Warning: Full linear solver tolerance not achieved. The reduction is:0.00193557 after 20 iterations 

Warning: Full linear solver tolerance not achieved. The reduction is:0.000465573 after 20 iterations 

Warning: Full linear solver tolerance not achieved. The reduction is:0.000719181 after 20 iterations 

Warning: Full linear solver tolerance not achieved. The reduction is:9.22907e-06 after 20 iterations 

Warning: Full linear solver tolerance not achieved. The reduction is:0.000289833 after 20 iterations 
 Newton its= 9, linearizations=10 (0.2sec), linear its=177 (2.2sec)

Report step 217/1000 at day 0.0452083/0.208333, date = 01-Jan-2025

Starting time step 0, stepsize 0.000208333 days, at day 0.0452083/0.0454167, date = 01-Jan-2025

Warning: Full linear solver tolerance not achieved. The reduction is:3.95049e-05 after 20 iterations 

Warning: Full linear solver tolerance not achieved. The reduction is:0.000103508 after 20 iterations 

Warning: Full linear solver tolerance not achieved. The reduction is:0.000927355 after 20 iterations 

Warning: Full linear solver tolerance not achieved. The reduction is:6.70059e-05 after 20 iterations 

Warning: Full linear solver tolerance not achieved. The reduction is:0.000113268 after 20 iterations 

Warning: Full linear solver tolerance not achieved. The reduction is:0.00131252 after 20 iterations 

Warning: Full linear solver tolerance not achieved. The reduction is:0.00156477 after 20 iterations 

Warning: Full linear solver tolerance not achieved. The reduction is:7.26709e-05 after 20 iterations 

Warning: Full linear solver tolerance not achieved. The reduction is:0.000491907 after 20 iterations 

Problem: Solver convergence failure - Numerical problem encountered
Timestep chopped to 0.000069 days


Starting time step 0, stepsize 6.875e-05 days, at day 0.0452083/0.0454167, date = 01-Jan-2025
 Newton its= 3, linearizations= 4 (0.1sec), linear its= 38 (0.5sec)

Starting time step 1, stepsize 0.000139583 days, at day 0.0452771/0.0454167, date = 01-Jan-2025

Warning: Full linear solver tolerance not achieved. The reduction is:5.40222e-05 after 20 iterations 

Warning: Full linear solver tolerance not achieved. The reduction is:0.000256287 after 20 iterations 

Warning: Full linear solver tolerance not achieved. The reduction is:1.16515e-05 after 20 iterations 

Warning: Full linear solver tolerance not achieved. The reduction is:1.15478e-05 after 20 iterations 

Warning: Full linear solver tolerance not achieved. The reduction is:9.29278e-06 after 20 iterations 

Problem: Solver convergence failure - Iteration limit reached
Timestep chopped to 0.000046 days


Starting time step 1, stepsize 4.60625e-05 days, at day 0.0452771/0.0454167, date = 01-Jan-2025
 Newton its= 3, linearizations= 4 (0.1sec), linear its= 43 (0.5sec)

Starting time step 2, stepsize 9.35208e-05 days, at day 0.0453231/0.0454167, date = 01-Jan-2025
 Newton its= 5, linearizations= 6 (0.1sec), linear its= 74 (0.9sec)

Report step 218/1000 at day 0.0454167/0.208333, date = 01-Jan-2025

Starting time step 0, stepsize 0.000208333 days, at day 0.0454167/0.045625, date = 01-Jan-2025

Warning: Full linear solver tolerance not achieved. The reduction is:0.00276341 after 20 iterations 

Warning: Full linear solver tolerance not achieved. The reduction is:0.000480342 after 20 iterations 

Warning: Full linear solver tolerance not achieved. The reduction is:0.000516521 after 20 iterations 

Warning: Full linear solver tolerance not achieved. The reduction is:6.79846e-05 after 20 iterations 

Problem: Solver convergence failure - Numerical problem encountered
Timestep chopped to 0.000069 days


Starting time step 0, stepsize 6.875e-05 days, at day 0.0454167/0.045625, date = 01-Jan-2025
 Newton its= 7, linearizations= 8 (0.2sec), linear its= 97 (1.2sec)

Starting time step 1, stepsize 6.97917e-05 days, at day 0.0454854/0.045625, date = 01-Jan-2025
 Newton its= 4, linearizations= 5 (0.1sec), linear its= 52 (0.7sec)

Starting time step 2, stepsize 6.97917e-05 days, at day 0.0455552/0.045625, date = 01-Jan-2025
 Newton its= 5, linearizations= 6 (0.1sec), linear its= 70 (0.9sec)

Report step 219/1000 at day 0.045625/0.208333, date = 01-Jan-2025

Starting time step 0, stepsize 0.000208333 days, at day 0.045625/0.0458333, date = 01-Jan-2025

Problem: Solver convergence failure - Numerical problem encountered
Timestep chopped to 0.000069 days


Starting time step 0, stepsize 6.875e-05 days, at day 0.045625/0.0458333, date = 01-Jan-2025
 Newton its= 3, linearizations= 4 (0.2sec), linear its= 41 (0.5sec)

Starting time step 1, stepsize 0.000139583 days, at day 0.0456937/0.0458333, date = 01-Jan-2025
 Newton its= 7, linearizations= 8 (0.2sec), linear its=122 (1.6sec)

Report step 220/1000 at day 0.0458333/0.208333, date = 01-Jan-2025

Starting time step 0, stepsize 0.000208333 days, at day 0.0458333/0.0460417, date = 01-Jan-2025

Warning: Full linear solver tolerance not achieved. The reduction is:0.00787465 after 20 iterations 

Warning: Full linear solver tolerance not achieved. The reduction is:0.000436738 after 20 iterations 

Warning: Full linear solver tolerance not achieved. The reduction is:0.000700319 after 20 iterations 

Warning: Full linear solver tolerance not achieved. The reduction is:7.22952e-05 after 20 iterations 

Warning: Full linear solver tolerance not achieved. The reduction is:0.00230751 after 20 iterations 

Warning: Full linear solver tolerance not achieved. The reduction is:0.000341474 after 20 iterations 
 Newton its= 6, linearizations= 7 (0.1sec), linear its=120 (1.5sec)

Report step 221/1000 at day 0.0460417/0.208333, date = 01-Jan-2025

Starting time step 0, stepsize 0.000208333 days, at day 0.0460417/0.04625, date = 01-Jan-2025

Warning: Full linear solver tolerance not achieved. The reduction is:0.00393638 after 20 iterations 

Warning: Full linear solver tolerance not achieved. The reduction is:0.00148619 after 20 iterations 

Warning: Full linear solver tolerance not achieved. The reduction is:0.000178442 after 20 iterations 

Warning: Full linear solver tolerance not achieved. The reduction is:2.04495e-05 after 20 iterations 

Warning: Full linear solver tolerance not achieved. The reduction is:0.00122026 after 20 iterations 

Warning: Full linear solver tolerance not achieved. The reduction is:0.000537657 after 20 iterations 

Warning: Full linear solver tolerance not achieved. The reduction is:0.000242416 after 20 iterations 

Warning: Full linear solver tolerance not achieved. The reduction is:0.000925198 after 20 iterations 

Warning: Full linear solver tolerance not achieved. The reduction is:0.000171956 after 20 iterations 
 Newton its= 9, linearizations=10 (0.2sec), linear its=180 (2.1sec)

Report step 222/1000 at day 0.04625/0.208333, date = 01-Jan-2025

Starting time step 0, stepsize 0.000208333 days, at day 0.04625/0.0464583, date = 01-Jan-2025

Warning: Full linear solver tolerance not achieved. The reduction is:0.0012458 after 20 iterations 

Warning: Full linear solver tolerance not achieved. The reduction is:0.00130179 after 20 iterations 

Warning: Full linear solver tolerance not achieved. The reduction is:0.00154977 after 20 iterations 

Warning: Full linear solver tolerance not achieved. The reduction is:7.31038e-06 after 20 iterations 

Warning: Full linear solver tolerance not achieved. The reduction is:0.000390078 after 20 iterations 

Warning: Full linear solver tolerance not achieved. The reduction is:2.20211e-05 after 20 iterations 

Warning: Full linear solver tolerance not achieved. The reduction is:2.82306e-05 after 20 iterations 
 Newton its= 7, linearizations= 8 (0.2sec), linear its=140 (1.9sec)

Report step 223/1000 at day 0.0464583/0.208333, date = 01-Jan-2025

Starting time step 0, stepsize 0.000208333 days, at day 0.0464583/0.0466667, date = 01-Jan-2025

Warning: Full linear solver tolerance not achieved. The reduction is:0.000143199 after 20 iterations 

Warning: Full linear solver tolerance not achieved. The reduction is:5.26517e-06 after 20 iterations 

Warning: Full linear solver tolerance not achieved. The reduction is:5.78932e-06 after 20 iterations 
 Newton its= 7, linearizations= 8 (0.1sec), linear its=133 (1.7sec)

Report step 224/1000 at day 0.0466667/0.208333, date = 01-Jan-2025

Starting time step 0, stepsize 0.000208333 days, at day 0.0466667/0.046875, date = 01-Jan-2025

Warning: Full linear solver tolerance not achieved. The reduction is:6.36481e-06 after 20 iterations 
 Newton its= 6, linearizations= 7 (0.2sec), linear its= 97 (1.4sec)

Report step 225/1000 at day 0.046875/0.208333, date = 01-Jan-2025

Starting time step 0, stepsize 0.000208333 days, at day 0.046875/0.0470833, date = 01-Jan-2025

Problem: Solver convergence failure - Iteration limit reached
Timestep chopped to 0.000069 days


Starting time step 0, stepsize 6.875e-05 days, at day 0.046875/0.0470833, date = 01-Jan-2025
 Newton its= 3, linearizations= 4 (0.1sec), linear its= 37 (0.6sec)

Starting time step 1, stepsize 0.000139583 days, at day 0.0469437/0.0470833, date = 01-Jan-2025
 Newton its= 4, linearizations= 5 (0.1sec), linear its= 47 (0.6sec)

Report step 226/1000 at day 0.0470833/0.208333, date = 01-Jan-2025

Starting time step 0, stepsize 0.000208333 days, at day 0.0470833/0.0472917, date = 01-Jan-2025
 Newton its= 2, linearizations= 3 (0.1sec), linear its= 27 (0.4sec)

Report step 227/1000 at day 0.0472917/0.208333, date = 01-Jan-2025

Starting time step 0, stepsize 0.000208333 days, at day 0.0472917/0.0475, date = 01-Jan-2025
 Newton its= 3, linearizations= 4 (0.1sec), linear its= 40 (0.6sec)

Report step 228/1000 at day 0.0475/0.208333, date = 01-Jan-2025

Starting time step 0, stepsize 0.000208333 days, at day 0.0475/0.0477083, date = 01-Jan-2025
 Newton its= 2, linearizations= 3 (0.1sec), linear its= 29 (0.4sec)

Report step 229/1000 at day 0.0477083/0.208333, date = 01-Jan-2025

Starting time step 0, stepsize 0.000208333 days, at day 0.0477083/0.0479167, date = 01-Jan-2025
 Newton its= 2, linearizations= 3 (0.1sec), linear its= 31 (0.5sec)

Report step 230/1000 at day 0.0479167/0.208333, date = 01-Jan-2025

Starting time step 0, stepsize 0.000208333 days, at day 0.0479167/0.048125, date = 01-Jan-2025
 Newton its= 2, linearizations= 3 (0.1sec), linear its= 29 (0.4sec)

Report step 231/1000 at day 0.048125/0.208333, date = 01-Jan-2025

Starting time step 0, stepsize 0.000208333 days, at day 0.048125/0.0483333, date = 01-Jan-2025
 Newton its= 4, linearizations= 5 (0.1sec), linear its= 52 (0.8sec)

Report step 232/1000 at day 0.0483333/0.208333, date = 01-Jan-2025

Starting time step 0, stepsize 0.000208333 days, at day 0.0483333/0.0485417, date = 01-Jan-2025
 Newton its= 4, linearizations= 5 (0.1sec), linear its= 53 (0.8sec)

Report step 233/1000 at day 0.0485417/0.208333, date = 01-Jan-2025

Starting time step 0, stepsize 0.000208333 days, at day 0.0485417/0.04875, date = 01-Jan-2025
 Newton its= 2, linearizations= 3 (0.1sec), linear its= 30 (0.5sec)

Report step 234/1000 at day 0.04875/0.208333, date = 01-Jan-2025

Starting time step 0, stepsize 0.000208333 days, at day 0.04875/0.0489583, date = 01-Jan-2025
 Newton its= 6, linearizations= 7 (0.2sec), linear its= 83 (1.4sec)

Report step 235/1000 at day 0.0489583/0.208333, date = 01-Jan-2025

Starting time step 0, stepsize 0.000208333 days, at day 0.0489583/0.0491667, date = 01-Jan-2025
 Newton its= 4, linearizations= 5 (0.1sec), linear its= 55 (0.9sec)

Report step 236/1000 at day 0.0491667/0.208333, date = 01-Jan-2025

Starting time step 0, stepsize 0.000208333 days, at day 0.0491667/0.049375, date = 01-Jan-2025
 Newton its= 6, linearizations= 7 (0.2sec), linear its= 79 (1.3sec)

Report step 237/1000 at day 0.049375/0.208333, date = 01-Jan-2025

Starting time step 0, stepsize 0.000208333 days, at day 0.049375/0.0495833, date = 01-Jan-2025
 Newton its= 5, linearizations= 6 (0.1sec), linear its= 65 (0.9sec)

Report step 238/1000 at day 0.0495833/0.208333, date = 01-Jan-2025

Starting time step 0, stepsize 0.000208333 days, at day 0.0495833/0.0497917, date = 01-Jan-2025
 Newton its= 6, linearizations= 7 (0.1sec), linear its= 70 (1.0sec)

Report step 239/1000 at day 0.0497917/0.208333, date = 01-Jan-2025

Starting time step 0, stepsize 0.000208333 days, at day 0.0497917/0.05, date = 01-Jan-2025
 Newton its= 4, linearizations= 5 (0.1sec), linear its= 45 (0.6sec)

Report step 240/1000 at day 0.05/0.208333, date = 01-Jan-2025

Starting time step 0, stepsize 0.000208333 days, at day 0.05/0.0502083, date = 01-Jan-2025
 Newton its= 2, linearizations= 3 (0.1sec), linear its= 25 (0.4sec)

Report step 241/1000 at day 0.0502083/0.208333, date = 01-Jan-2025

Starting time step 0, stepsize 0.000208333 days, at day 0.0502083/0.0504167, date = 01-Jan-2025
 Newton its= 2, linearizations= 3 (0.1sec), linear its= 27 (0.4sec)

Report step 242/1000 at day 0.0504167/0.208333, date = 01-Jan-2025

Starting time step 0, stepsize 0.000208333 days, at day 0.0504167/0.050625, date = 01-Jan-2025
 Newton its= 2, linearizations= 3 (0.1sec), linear its= 27 (0.5sec)

Report step 243/1000 at day 0.050625/0.208333, date = 01-Jan-2025

Starting time step 0, stepsize 0.000208333 days, at day 0.050625/0.0508333, date = 01-Jan-2025
 Newton its= 2, linearizations= 3 (0.1sec), linear its= 28 (0.5sec)

Report step 244/1000 at day 0.0508333/0.208333, date = 01-Jan-2025

Starting time step 0, stepsize 0.000208333 days, at day 0.0508333/0.0510417, date = 01-Jan-2025
 Newton its= 2, linearizations= 3 (0.1sec), linear its= 28 (0.4sec)

Report step 245/1000 at day 0.0510417/0.208333, date = 01-Jan-2025

Starting time step 0, stepsize 0.000208333 days, at day 0.0510417/0.05125, date = 01-Jan-2025
 Newton its= 2, linearizations= 3 (0.1sec), linear its= 31 (0.6sec)

Report step 246/1000 at day 0.05125/0.208333, date = 01-Jan-2025

Starting time step 0, stepsize 0.000208333 days, at day 0.05125/0.0514583, date = 01-Jan-2025
 Newton its= 2, linearizations= 3 (0.1sec), linear its= 30 (0.5sec)

Report step 247/1000 at day 0.0514583/0.208333, date = 01-Jan-2025

Starting time step 0, stepsize 0.000208333 days, at day 0.0514583/0.0516667, date = 01-Jan-2025
 Newton its= 2, linearizations= 3 (0.3sec), linear its= 29 (0.6sec)

Report step 248/1000 at day 0.0516667/0.208333, date = 01-Jan-2025

Starting time step 0, stepsize 0.000208333 days, at day 0.0516667/0.051875, date = 01-Jan-2025
 Newton its= 2, linearizations= 3 (0.2sec), linear its= 28 (0.7sec)

Report step 249/1000 at day 0.051875/0.208333, date = 01-Jan-2025

Starting time step 0, stepsize 0.000208333 days, at day 0.051875/0.0520833, date = 01-Jan-2025
 Newton its= 2, linearizations= 3 (0.1sec), linear its= 28 (0.6sec)

Report step 250/1000 at day 0.0520833/0.208333, date = 01-Jan-2025

Starting time step 0, stepsize 0.000208333 days, at day 0.0520833/0.0522917, date = 01-Jan-2025
 Newton its= 2, linearizations= 3 (0.1sec), linear its= 28 (0.6sec)

Report step 251/1000 at day 0.0522917/0.208333, date = 01-Jan-2025

Starting time step 0, stepsize 0.000208333 days, at day 0.0522917/0.0525, date = 01-Jan-2025
 Newton its= 2, linearizations= 3 (0.1sec), linear its= 29 (0.6sec)

Report step 252/1000 at day 0.0525/0.208333, date = 01-Jan-2025

Starting time step 0, stepsize 0.000208333 days, at day 0.0525/0.0527083, date = 01-Jan-2025
 Newton its= 1, linearizations= 2 (0.1sec), linear its= 15 (0.3sec)

Report step 253/1000 at day 0.0527083/0.208333, date = 01-Jan-2025

Starting time step 0, stepsize 0.000208333 days, at day 0.0527083/0.0529167, date = 01-Jan-2025
 Newton its= 3, linearizations= 4 (0.1sec), linear its= 44 (0.8sec)

Report step 254/1000 at day 0.0529167/0.208333, date = 01-Jan-2025

Starting time step 0, stepsize 0.000208333 days, at day 0.0529167/0.053125, date = 01-Jan-2025
 Newton its= 1, linearizations= 2 (0.1sec), linear its= 15 (0.2sec)

Report step 255/1000 at day 0.053125/0.208333, date = 01-Jan-2025

Starting time step 0, stepsize 0.000208333 days, at day 0.053125/0.0533333, date = 01-Jan-2025
 Newton its= 1, linearizations= 2 (0.0sec), linear its= 15 (0.2sec)

Report step 256/1000 at day 0.0533333/0.208333, date = 01-Jan-2025

Starting time step 0, stepsize 0.000208333 days, at day 0.0533333/0.0535417, date = 01-Jan-2025
 Newton its= 1, linearizations= 2 (0.1sec), linear its= 16 (0.2sec)

Report step 257/1000 at day 0.0535417/0.208333, date = 01-Jan-2025

Starting time step 0, stepsize 0.000208333 days, at day 0.0535417/0.05375, date = 01-Jan-2025
 Newton its= 1, linearizations= 2 (0.0sec), linear its= 17 (0.2sec)

Report step 258/1000 at day 0.05375/0.208333, date = 01-Jan-2025

Starting time step 0, stepsize 0.000208333 days, at day 0.05375/0.0539583, date = 01-Jan-2025
 Newton its= 1, linearizations= 2 (0.0sec), linear its= 16 (0.2sec)

Report step 259/1000 at day 0.0539583/0.208333, date = 01-Jan-2025

Starting time step 0, stepsize 0.000208333 days, at day 0.0539583/0.0541667, date = 01-Jan-2025
 Newton its= 2, linearizations= 3 (0.1sec), linear its= 30 (0.4sec)

Report step 260/1000 at day 0.0541667/0.208333, date = 01-Jan-2025

Starting time step 0, stepsize 0.000208333 days, at day 0.0541667/0.054375, date = 01-Jan-2025
 Newton its= 1, linearizations= 2 (0.0sec), linear its= 13 (0.2sec)

Report step 261/1000 at day 0.054375/0.208333, date = 01-Jan-2025

Starting time step 0, stepsize 0.000208333 days, at day 0.054375/0.0545833, date = 01-Jan-2025
 Newton its= 2, linearizations= 3 (0.1sec), linear its= 23 (0.3sec)

Report step 262/1000 at day 0.0545833/0.208333, date = 01-Jan-2025

Starting time step 0, stepsize 0.000208333 days, at day 0.0545833/0.0547917, date = 01-Jan-2025
 Newton its= 1, linearizations= 2 (0.0sec), linear its= 13 (0.2sec)

Report step 263/1000 at day 0.0547917/0.208333, date = 01-Jan-2025

Starting time step 0, stepsize 0.000208333 days, at day 0.0547917/0.055, date = 01-Jan-2025
 Newton its= 2, linearizations= 3 (0.1sec), linear its= 23 (0.3sec)

Report step 264/1000 at day 0.055/0.208333, date = 01-Jan-2025

Starting time step 0, stepsize 0.000208333 days, at day 0.055/0.0552083, date = 01-Jan-2025
 Newton its= 2, linearizations= 3 (0.0sec), linear its= 25 (0.3sec)

Report step 265/1000 at day 0.0552083/0.208333, date = 01-Jan-2025

Starting time step 0, stepsize 0.000208333 days, at day 0.0552083/0.0554167, date = 01-Jan-2025
 Newton its= 2, linearizations= 3 (0.1sec), linear its= 22 (0.4sec)

Report step 266/1000 at day 0.0554167/0.208333, date = 01-Jan-2025

Starting time step 0, stepsize 0.000208333 days, at day 0.0554167/0.055625, date = 01-Jan-2025
 Newton its= 3, linearizations= 4 (0.1sec), linear its= 39 (0.5sec)

Report step 267/1000 at day 0.055625/0.208333, date = 01-Jan-2025

Starting time step 0, stepsize 0.000208333 days, at day 0.055625/0.0558333, date = 01-Jan-2025

Warning: Full linear solver tolerance not achieved. The reduction is:3.94605e-05 after 20 iterations 

Warning: Full linear solver tolerance not achieved. The reduction is:0.00142786 after 20 iterations 

Warning: Full linear solver tolerance not achieved. The reduction is:0.000558258 after 20 iterations 

Warning: Full linear solver tolerance not achieved. The reduction is:9.21419e-06 after 20 iterations 
 Newton its=17, linearizations=18 (0.4sec), linear its=270 (3.6sec)

Report step 268/1000 at day 0.0558333/0.208333, date = 01-Jan-2025

Starting time step 0, stepsize 0.000208333 days, at day 0.0558333/0.0560417, date = 01-Jan-2025

Warning: Full linear solver tolerance not achieved. The reduction is:2.63521e-05 after 20 iterations 

Warning: Full linear solver tolerance not achieved. The reduction is:0.000121813 after 20 iterations 
 Newton its= 8, linearizations= 9 (0.2sec), linear its=120 (1.6sec)

Report step 269/1000 at day 0.0560417/0.208333, date = 01-Jan-2025

Starting time step 0, stepsize 0.000208333 days, at day 0.0560417/0.05625, date = 01-Jan-2025

Warning: Full linear solver tolerance not achieved. The reduction is:0.000468152 after 20 iterations 

Warning: Full linear solver tolerance not achieved. The reduction is:3.51248e-05 after 20 iterations 

Warning: Full linear solver tolerance not achieved. The reduction is:1.42688e-05 after 20 iterations 
 Newton its= 9, linearizations=10 (0.2sec), linear its=159 (2.2sec)

Report step 270/1000 at day 0.05625/0.208333, date = 01-Jan-2025

Starting time step 0, stepsize 0.000208333 days, at day 0.05625/0.0564583, date = 01-Jan-2025

Problem: Solver convergence failure - Numerical problem encountered
Timestep chopped to 0.000069 days


Starting time step 0, stepsize 6.875e-05 days, at day 0.05625/0.0564583, date = 01-Jan-2025
 Newton its= 8, linearizations= 9 (0.2sec), linear its=100 (1.3sec)

Starting time step 1, stepsize 6.875e-05 days, at day 0.0563187/0.0564583, date = 01-Jan-2025
 Newton its= 4, linearizations= 5 (0.1sec), linear its= 50 (0.7sec)

Starting time step 2, stepsize 7.08333e-05 days, at day 0.0563875/0.0564583, date = 01-Jan-2025
 Newton its= 5, linearizations= 6 (0.1sec), linear its= 62 (0.9sec)

Report step 271/1000 at day 0.0564583/0.208333, date = 01-Jan-2025

Starting time step 0, stepsize 0.000208333 days, at day 0.0564583/0.0566667, date = 01-Jan-2025

Warning: Full linear solver tolerance not achieved. The reduction is:5.36078e-05 after 20 iterations 

Warning: Full linear solver tolerance not achieved. The reduction is:0.000390966 after 20 iterations 

Warning: Full linear solver tolerance not achieved. The reduction is:0.00339726 after 20 iterations 

Warning: Full linear solver tolerance not achieved. The reduction is:8.92778e-05 after 20 iterations 

Warning: Full linear solver tolerance not achieved. The reduction is:2.90454e-05 after 20 iterations 

Warning: Full linear solver tolerance not achieved. The reduction is:0.000130166 after 20 iterations 

Warning: Full linear solver tolerance not achieved. The reduction is:4.34563e-05 after 20 iterations 

Warning: Full linear solver tolerance not achieved. The reduction is:2.27065e-05 after 20 iterations 
 Newton its= 8, linearizations= 9 (0.2sec), linear its=160 (2.0sec)

Report step 272/1000 at day 0.0566667/0.208333, date = 01-Jan-2025

Starting time step 0, stepsize 0.000208333 days, at day 0.0566667/0.056875, date = 01-Jan-2025

Warning: Full linear solver tolerance not achieved. The reduction is:6.02969e-06 after 20 iterations 

Warning: Full linear solver tolerance not achieved. The reduction is:0.00193255 after 20 iterations 

Problem: Solver convergence failure - Numerical problem encountered
Timestep chopped to 0.000069 days


Starting time step 0, stepsize 6.875e-05 days, at day 0.0566667/0.056875, date = 01-Jan-2025
 Newton its= 5, linearizations= 6 (0.1sec), linear its= 64 (0.8sec)

Starting time step 1, stepsize 0.000139583 days, at day 0.0567354/0.056875, date = 01-Jan-2025
 Newton its= 7, linearizations= 8 (0.2sec), linear its=119 (1.6sec)

Report step 273/1000 at day 0.056875/0.208333, date = 01-Jan-2025

Starting time step 0, stepsize 0.000208333 days, at day 0.056875/0.0570833, date = 01-Jan-2025

Warning: Full linear solver tolerance not achieved. The reduction is:0.00139387 after 20 iterations 

Warning: Full linear solver tolerance not achieved. The reduction is:1.7857e-05 after 20 iterations 

Warning: Full linear solver tolerance not achieved. The reduction is:0.00237776 after 20 iterations 

Warning: Full linear solver tolerance not achieved. The reduction is:0.000125202 after 20 iterations 

Warning: Full linear solver tolerance not achieved. The reduction is:0.00118556 after 20 iterations 

Warning: Full linear solver tolerance not achieved. The reduction is:0.000222681 after 20 iterations 

Warning: Full linear solver tolerance not achieved. The reduction is:1.24183e-05 after 20 iterations 

Warning: Full linear solver tolerance not achieved. The reduction is:1.02333e-05 after 20 iterations 
 Newton its= 8, linearizations= 9 (0.2sec), linear its=160 (2.3sec)

Report step 274/1000 at day 0.0570833/0.208333, date = 01-Jan-2025

Starting time step 0, stepsize 0.000208333 days, at day 0.0570833/0.0572917, date = 01-Jan-2025

Warning: Full linear solver tolerance not achieved. The reduction is:0.000166308 after 20 iterations 

Warning: Full linear solver tolerance not achieved. The reduction is:1.71827e-05 after 20 iterations 

Warning: Full linear solver tolerance not achieved. The reduction is:0.00124421 after 20 iterations 

Warning: Full linear solver tolerance not achieved. The reduction is:0.000662522 after 20 iterations 

Warning: Full linear solver tolerance not achieved. The reduction is:0.00323399 after 20 iterations 

Warning: Full linear solver tolerance not achieved. The reduction is:0.00185445 after 20 iterations 
 Newton its= 6, linearizations= 7 (0.2sec), linear its=120 (1.7sec)

Report step 275/1000 at day 0.0572917/0.208333, date = 01-Jan-2025

Starting time step 0, stepsize 0.000208333 days, at day 0.0572917/0.0575, date = 01-Jan-2025

Warning: Full linear solver tolerance not achieved. The reduction is:0.00793411 after 20 iterations 

Warning: Full linear solver tolerance not achieved. The reduction is:0.00328854 after 20 iterations 

Warning: Full linear solver tolerance not achieved. The reduction is:0.000474545 after 20 iterations 

Warning: Full linear solver tolerance not achieved. The reduction is:9.70809e-05 after 20 iterations 

Warning: Full linear solver tolerance not achieved. The reduction is:0.00347415 after 20 iterations 

Warning: Full linear solver tolerance not achieved. The reduction is:0.000289962 after 20 iterations 
 Newton its= 7, linearizations= 8 (0.2sec), linear its=138 (1.7sec)

Report step 276/1000 at day 0.0575/0.208333, date = 01-Jan-2025

Starting time step 0, stepsize 0.000208333 days, at day 0.0575/0.0577083, date = 01-Jan-2025

Warning: Full linear solver tolerance not achieved. The reduction is:0.00107668 after 20 iterations 

Warning: Full linear solver tolerance not achieved. The reduction is:0.00303098 after 20 iterations 

Warning: Full linear solver tolerance not achieved. The reduction is:0.00306802 after 20 iterations 

Warning: Full linear solver tolerance not achieved. The reduction is:0.0085796 after 20 iterations 

Problem: Solver convergence failure - Numerical problem encountered
Timestep chopped to 0.000069 days


Starting time step 0, stepsize 6.875e-05 days, at day 0.0575/0.0577083, date = 01-Jan-2025
 Newton its= 3, linearizations= 4 (0.1sec), linear its= 40 (0.5sec)

Starting time step 1, stepsize 0.000139583 days, at day 0.0575687/0.0577083, date = 01-Jan-2025

Warning: Full linear solver tolerance not achieved. The reduction is:1.68179e-05 after 20 iterations 
 Newton its= 7, linearizations= 8 (0.1sec), linear its=125 (1.7sec)

Report step 277/1000 at day 0.0577083/0.208333, date = 01-Jan-2025

Starting time step 0, stepsize 0.000208333 days, at day 0.0577083/0.0579167, date = 01-Jan-2025

Warning: Full linear solver tolerance not achieved. The reduction is:0.00833058 after 20 iterations 

Warning: Full linear solver tolerance not achieved. The reduction is:0.00576632 after 20 iterations 

Warning: Full linear solver tolerance not achieved. The reduction is:0.00395425 after 20 iterations 

Problem: Solver convergence failure - Numerical problem encountered
Timestep chopped to 0.000069 days


Starting time step 0, stepsize 6.875e-05 days, at day 0.0577083/0.0579167, date = 01-Jan-2025
 Newton its= 3, linearizations= 4 (0.1sec), linear its= 41 (0.6sec)

Starting time step 1, stepsize 0.000139583 days, at day 0.0577771/0.0579167, date = 01-Jan-2025

Warning: Full linear solver tolerance not achieved. The reduction is:2.45355e-05 after 20 iterations 

Warning: Full linear solver tolerance not achieved. The reduction is:6.95124e-06 after 20 iterations 

Warning: Full linear solver tolerance not achieved. The reduction is:1.07114e-05 after 20 iterations 

Warning: Full linear solver tolerance not achieved. The reduction is:7.77542e-06 after 20 iterations 
 Newton its= 9, linearizations=10 (0.2sec), linear its=162 (2.0sec)

Report step 278/1000 at day 0.0579167/0.208333, date = 01-Jan-2025

Starting time step 0, stepsize 0.000208333 days, at day 0.0579167/0.058125, date = 01-Jan-2025

Warning: Full linear solver tolerance not achieved. The reduction is:0.00945714 after 20 iterations 

Problem: Solver convergence failure - Numerical problem encountered
Timestep chopped to 0.000069 days


Starting time step 0, stepsize 6.875e-05 days, at day 0.0579167/0.058125, date = 01-Jan-2025
 Newton its= 4, linearizations= 5 (0.1sec), linear its= 54 (0.7sec)

Starting time step 1, stepsize 0.000139583 days, at day 0.0579854/0.058125, date = 01-Jan-2025

Warning: Full linear solver tolerance not achieved. The reduction is:2.4426e-05 after 20 iterations 
 Newton its= 5, linearizations= 6 (0.2sec), linear its= 90 (1.5sec)

Report step 279/1000 at day 0.058125/0.208333, date = 01-Jan-2025

Starting time step 0, stepsize 0.000208333 days, at day 0.058125/0.0583333, date = 01-Jan-2025

Warning: Full linear solver tolerance not achieved. The reduction is:0.00180385 after 20 iterations 

Warning: Full linear solver tolerance not achieved. The reduction is:0.0011493 after 20 iterations 

Warning: Full linear solver tolerance not achieved. The reduction is:0.000237853 after 20 iterations 

Warning: Full linear solver tolerance not achieved. The reduction is:2.6467e-05 after 20 iterations 

Warning: Full linear solver tolerance not achieved. The reduction is:0.000178947 after 20 iterations 

Warning: Full linear solver tolerance not achieved. The reduction is:0.00413097 after 20 iterations 

Warning: Full linear solver tolerance not achieved. The reduction is:4.45375e-05 after 20 iterations 

Warning: Full linear solver tolerance not achieved. The reduction is:0.00108913 after 20 iterations 

Warning: Full linear solver tolerance not achieved. The reduction is:6.16937e-05 after 20 iterations 
 Newton its= 9, linearizations=10 (0.4sec), linear its=180 (2.7sec)

Report step 280/1000 at day 0.0583333/0.208333, date = 01-Jan-2025

Starting time step 0, stepsize 0.000208333 days, at day 0.0583333/0.0585417, date = 01-Jan-2025

Warning: Full linear solver tolerance not achieved. The reduction is:0.000105355 after 20 iterations 

Warning: Full linear solver tolerance not achieved. The reduction is:3.08565e-05 after 20 iterations 

Warning: Full linear solver tolerance not achieved. The reduction is:0.000386783 after 20 iterations 

Warning: Full linear solver tolerance not achieved. The reduction is:3.66857e-05 after 20 iterations 

Warning: Full linear solver tolerance not achieved. The reduction is:9.34742e-06 after 20 iterations 
 Newton its= 7, linearizations= 8 (0.2sec), linear its=138 (2.0sec)

Report step 281/1000 at day 0.0585417/0.208333, date = 01-Jan-2025

Starting time step 0, stepsize 0.000208333 days, at day 0.0585417/0.05875, date = 01-Jan-2025

Warning: Full linear solver tolerance not achieved. The reduction is:1.6545e-05 after 20 iterations 

Warning: Full linear solver tolerance not achieved. The reduction is:5.45659e-06 after 20 iterations 

Warning: Full linear solver tolerance not achieved. The reduction is:1.20919e-05 after 20 iterations 
 Newton its= 7, linearizations= 8 (0.2sec), linear its=125 (1.9sec)

Report step 282/1000 at day 0.05875/0.208333, date = 01-Jan-2025

Starting time step 0, stepsize 0.000208333 days, at day 0.05875/0.0589583, date = 01-Jan-2025

Warning: Full linear solver tolerance not achieved. The reduction is:2.01254e-05 after 20 iterations 

Warning: Full linear solver tolerance not achieved. The reduction is:3.06756e-05 after 20 iterations 

Problem: Solver convergence failure - Iteration limit reached
Timestep chopped to 0.000069 days


Starting time step 0, stepsize 6.875e-05 days, at day 0.05875/0.0589583, date = 01-Jan-2025
 Newton its= 4, linearizations= 5 (0.1sec), linear its= 50 (0.7sec)

Starting time step 1, stepsize 0.000139583 days, at day 0.0588187/0.0589583, date = 01-Jan-2025
 Newton its= 5, linearizations= 6 (0.2sec), linear its= 66 (1.1sec)

Report step 283/1000 at day 0.0589583/0.208333, date = 01-Jan-2025

Starting time step 0, stepsize 0.000208333 days, at day 0.0589583/0.0591667, date = 01-Jan-2025
 Newton its= 5, linearizations= 6 (0.1sec), linear its= 69 (0.9sec)

Report step 284/1000 at day 0.0591667/0.208333, date = 01-Jan-2025

Starting time step 0, stepsize 0.000208333 days, at day 0.0591667/0.059375, date = 01-Jan-2025
 Newton its= 2, linearizations= 3 (0.1sec), linear its= 28 (0.4sec)

Report step 285/1000 at day 0.059375/0.208333, date = 01-Jan-2025

Starting time step 0, stepsize 0.000208333 days, at day 0.059375/0.0595833, date = 01-Jan-2025
 Newton its= 2, linearizations= 3 (0.1sec), linear its= 29 (0.4sec)

Report step 286/1000 at day 0.0595833/0.208333, date = 01-Jan-2025

Starting time step 0, stepsize 0.000208333 days, at day 0.0595833/0.0597917, date = 01-Jan-2025
 Newton its= 2, linearizations= 3 (0.1sec), linear its= 29 (0.4sec)

Report step 287/1000 at day 0.0597917/0.208333, date = 01-Jan-2025

Starting time step 0, stepsize 0.000208333 days, at day 0.0597917/0.06, date = 01-Jan-2025
 Newton its= 2, linearizations= 3 (0.1sec), linear its= 28 (0.4sec)

Report step 288/1000 at day 0.06/0.208333, date = 01-Jan-2025

Starting time step 0, stepsize 0.000208333 days, at day 0.06/0.0602083, date = 01-Jan-2025
 Newton its= 2, linearizations= 3 (0.1sec), linear its= 27 (0.4sec)

Report step 289/1000 at day 0.0602083/0.208333, date = 01-Jan-2025

Starting time step 0, stepsize 0.000208333 days, at day 0.0602083/0.0604167, date = 01-Jan-2025
 Newton its= 2, linearizations= 3 (0.1sec), linear its= 27 (0.4sec)

Report step 290/1000 at day 0.0604167/0.208333, date = 01-Jan-2025

Starting time step 0, stepsize 0.000208333 days, at day 0.0604167/0.060625, date = 01-Jan-2025
 Newton its= 5, linearizations= 6 (0.1sec), linear its= 70 (0.9sec)

Report step 291/1000 at day 0.060625/0.208333, date = 01-Jan-2025

Starting time step 0, stepsize 0.000208333 days, at day 0.060625/0.0608333, date = 01-Jan-2025
 Newton its= 4, linearizations= 5 (0.1sec), linear its= 57 (0.8sec)

Report step 292/1000 at day 0.0608333/0.208333, date = 01-Jan-2025

Starting time step 0, stepsize 0.000208333 days, at day 0.0608333/0.0610417, date = 01-Jan-2025
 Newton its= 2, linearizations= 3 (0.1sec), linear its= 27 (0.4sec)

Report step 293/1000 at day 0.0610417/0.208333, date = 01-Jan-2025

Starting time step 0, stepsize 0.000208333 days, at day 0.0610417/0.06125, date = 01-Jan-2025
 Newton its= 6, linearizations= 7 (0.1sec), linear its= 82 (1.0sec)

Report step 294/1000 at day 0.06125/0.208333, date = 01-Jan-2025

Starting time step 0, stepsize 0.000208333 days, at day 0.06125/0.0614583, date = 01-Jan-2025
 Newton its= 4, linearizations= 5 (0.1sec), linear its= 54 (0.8sec)

Report step 295/1000 at day 0.0614583/0.208333, date = 01-Jan-2025

Starting time step 0, stepsize 0.000208333 days, at day 0.0614583/0.0616667, date = 01-Jan-2025
 Newton its= 5, linearizations= 6 (0.2sec), linear its= 63 (0.9sec)

Report step 296/1000 at day 0.0616667/0.208333, date = 01-Jan-2025

Starting time step 0, stepsize 0.000208333 days, at day 0.0616667/0.061875, date = 01-Jan-2025
 Newton its= 4, linearizations= 5 (0.1sec), linear its= 38 (0.6sec)

Report step 297/1000 at day 0.061875/0.208333, date = 01-Jan-2025

Starting time step 0, stepsize 0.000208333 days, at day 0.061875/0.0620833, date = 01-Jan-2025
 Newton its= 2, linearizations= 3 (0.1sec), linear its= 26 (0.4sec)

Report step 298/1000 at day 0.0620833/0.208333, date = 01-Jan-2025

Starting time step 0, stepsize 0.000208333 days, at day 0.0620833/0.0622917, date = 01-Jan-2025
 Newton its= 2, linearizations= 3 (0.0sec), linear its= 28 (0.5sec)

Report step 299/1000 at day 0.0622917/0.208333, date = 01-Jan-2025

Starting time step 0, stepsize 0.000208333 days, at day 0.0622917/0.0625, date = 01-Jan-2025
 Newton its= 2, linearizations= 3 (0.1sec), linear its= 25 (0.4sec)

Report step 300/1000 at day 0.0625/0.208333, date = 01-Jan-2025

Starting time step 0, stepsize 0.000208333 days, at day 0.0625/0.0627083, date = 01-Jan-2025
 Newton its= 2, linearizations= 3 (0.0sec), linear its= 27 (0.4sec)

Report step 301/1000 at day 0.0627083/0.208333, date = 01-Jan-2025

Starting time step 0, stepsize 0.000208333 days, at day 0.0627083/0.0629167, date = 01-Jan-2025
 Newton its= 2, linearizations= 3 (0.1sec), linear its= 26 (0.5sec)

Report step 302/1000 at day 0.0629167/0.208333, date = 01-Jan-2025

Starting time step 0, stepsize 0.000208333 days, at day 0.0629167/0.063125, date = 01-Jan-2025
 Newton its= 2, linearizations= 3 (0.1sec), linear its= 27 (0.4sec)

Report step 303/1000 at day 0.063125/0.208333, date = 01-Jan-2025

Starting time step 0, stepsize 0.000208333 days, at day 0.063125/0.0633333, date = 01-Jan-2025
 Newton its= 2, linearizations= 3 (0.1sec), linear its= 23 (0.3sec)

Report step 304/1000 at day 0.0633333/0.208333, date = 01-Jan-2025

Starting time step 0, stepsize 0.000208333 days, at day 0.0633333/0.0635417, date = 01-Jan-2025
 Newton its= 2, linearizations= 3 (0.1sec), linear its= 24 (0.3sec)

Report step 305/1000 at day 0.0635417/0.208333, date = 01-Jan-2025

Starting time step 0, stepsize 0.000208333 days, at day 0.0635417/0.06375, date = 01-Jan-2025
 Newton its= 2, linearizations= 3 (0.1sec), linear its= 23 (0.4sec)

Report step 306/1000 at day 0.06375/0.208333, date = 01-Jan-2025

Starting time step 0, stepsize 0.000208333 days, at day 0.06375/0.0639583, date = 01-Jan-2025
 Newton its= 2, linearizations= 3 (0.1sec), linear its= 26 (0.4sec)

Report step 307/1000 at day 0.0639583/0.208333, date = 01-Jan-2025

Starting time step 0, stepsize 0.000208333 days, at day 0.0639583/0.0641667, date = 01-Jan-2025
 Newton its= 2, linearizations= 3 (0.1sec), linear its= 25 (0.4sec)

Report step 308/1000 at day 0.0641667/0.208333, date = 01-Jan-2025

Starting time step 0, stepsize 0.000208333 days, at day 0.0641667/0.064375, date = 01-Jan-2025
 Newton its= 2, linearizations= 3 (0.1sec), linear its= 23 (0.3sec)

Report step 309/1000 at day 0.064375/0.208333, date = 01-Jan-2025

Starting time step 0, stepsize 0.000208333 days, at day 0.064375/0.0645833, date = 01-Jan-2025
 Newton its= 2, linearizations= 3 (0.1sec), linear its= 25 (0.4sec)

Report step 310/1000 at day 0.0645833/0.208333, date = 01-Jan-2025

Starting time step 0, stepsize 0.000208333 days, at day 0.0645833/0.0647917, date = 01-Jan-2025
 Newton its= 2, linearizations= 3 (0.1sec), linear its= 24 (0.3sec)

Report step 311/1000 at day 0.0647917/0.208333, date = 01-Jan-2025

Starting time step 0, stepsize 0.000208333 days, at day 0.0647917/0.065, date = 01-Jan-2025
 Newton its= 2, linearizations= 3 (0.1sec), linear its= 24 (0.3sec)

Report step 312/1000 at day 0.065/0.208333, date = 01-Jan-2025

Starting time step 0, stepsize 0.000208333 days, at day 0.065/0.0652083, date = 01-Jan-2025
 Newton its= 2, linearizations= 3 (0.1sec), linear its= 23 (0.3sec)

Report step 313/1000 at day 0.0652083/0.208333, date = 01-Jan-2025

Starting time step 0, stepsize 0.000208333 days, at day 0.0652083/0.0654167, date = 01-Jan-2025
 Newton its= 1, linearizations= 2 (0.0sec), linear its= 13 (0.2sec)

Report step 314/1000 at day 0.0654167/0.208333, date = 01-Jan-2025

Starting time step 0, stepsize 0.000208333 days, at day 0.0654167/0.065625, date = 01-Jan-2025
 Newton its= 1, linearizations= 2 (0.0sec), linear its= 13 (0.2sec)

Report step 315/1000 at day 0.065625/0.208333, date = 01-Jan-2025

Starting time step 0, stepsize 0.000208333 days, at day 0.065625/0.0658333, date = 01-Jan-2025
 Newton its= 1, linearizations= 2 (0.0sec), linear its= 13 (0.2sec)

Report step 316/1000 at day 0.0658333/0.208333, date = 01-Jan-2025

Starting time step 0, stepsize 0.000208333 days, at day 0.0658333/0.0660417, date = 01-Jan-2025
 Newton its= 1, linearizations= 2 (0.1sec), linear its= 12 (0.2sec)

Report step 317/1000 at day 0.0660417/0.208333, date = 01-Jan-2025

Starting time step 0, stepsize 0.000208333 days, at day 0.0660417/0.06625, date = 01-Jan-2025
 Newton its= 1, linearizations= 2 (0.0sec), linear its= 12 (0.2sec)

Report step 318/1000 at day 0.06625/0.208333, date = 01-Jan-2025

Starting time step 0, stepsize 0.000208333 days, at day 0.06625/0.0664583, date = 01-Jan-2025
 Newton its= 1, linearizations= 2 (0.0sec), linear its= 11 (0.1sec)

Report step 319/1000 at day 0.0664583/0.208333, date = 01-Jan-2025

Starting time step 0, stepsize 0.000208333 days, at day 0.0664583/0.0666667, date = 01-Jan-2025
 Newton its= 1, linearizations= 2 (0.1sec), linear its= 12 (0.1sec)

Report step 320/1000 at day 0.0666667/0.208333, date = 01-Jan-2025

Starting time step 0, stepsize 0.000208333 days, at day 0.0666667/0.066875, date = 01-Jan-2025
 Newton its= 1, linearizations= 2 (0.0sec), linear its= 12 (0.2sec)

Report step 321/1000 at day 0.066875/0.208333, date = 01-Jan-2025

Starting time step 0, stepsize 0.000208333 days, at day 0.066875/0.0670833, date = 01-Jan-2025
 Newton its= 1, linearizations= 2 (0.0sec), linear its= 11 (0.2sec)

Report step 322/1000 at day 0.0670833/0.208333, date = 01-Jan-2025

Starting time step 0, stepsize 0.000208333 days, at day 0.0670833/0.0672917, date = 01-Jan-2025
 Newton its= 1, linearizations= 2 (0.1sec), linear its= 11 (0.2sec)

Report step 323/1000 at day 0.0672917/0.208333, date = 01-Jan-2025

Starting time step 0, stepsize 0.000208333 days, at day 0.0672917/0.0675, date = 01-Jan-2025
 Newton its= 2, linearizations= 3 (0.1sec), linear its= 21 (0.4sec)

Report step 324/1000 at day 0.0675/0.208333, date = 01-Jan-2025

Starting time step 0, stepsize 0.000208333 days, at day 0.0675/0.0677083, date = 01-Jan-2025
 Newton its= 1, linearizations= 2 (0.1sec), linear its= 13 (0.3sec)

Report step 325/1000 at day 0.0677083/0.208333, date = 01-Jan-2025

Starting time step 0, stepsize 0.000208333 days, at day 0.0677083/0.0679167, date = 01-Jan-2025
 Newton its= 2, linearizations= 3 (0.1sec), linear its= 21 (0.3sec)

Report step 326/1000 at day 0.0679167/0.208333, date = 01-Jan-2025

Starting time step 0, stepsize 0.000208333 days, at day 0.0679167/0.068125, date = 01-Jan-2025
 Newton its= 2, linearizations= 3 (0.1sec), linear its= 21 (0.4sec)

Report step 327/1000 at day 0.068125/0.208333, date = 01-Jan-2025

Starting time step 0, stepsize 0.000208333 days, at day 0.068125/0.0683333, date = 01-Jan-2025
 Newton its= 3, linearizations= 4 (0.2sec), linear its= 33 (0.5sec)

Report step 328/1000 at day 0.0683333/0.208333, date = 01-Jan-2025

Starting time step 0, stepsize 0.000208333 days, at day 0.0683333/0.0685417, date = 01-Jan-2025
 Newton its= 3, linearizations= 4 (0.1sec), linear its= 33 (0.5sec)

Report step 329/1000 at day 0.0685417/0.208333, date = 01-Jan-2025

Starting time step 0, stepsize 0.000208333 days, at day 0.0685417/0.06875, date = 01-Jan-2025

Problem: Solver convergence failure - Numerical problem encountered
Timestep chopped to 0.000069 days


Starting time step 0, stepsize 6.875e-05 days, at day 0.0685417/0.06875, date = 01-Jan-2025
 Newton its= 3, linearizations= 4 (0.1sec), linear its= 38 (0.6sec)

Starting time step 1, stepsize 0.000139583 days, at day 0.0686104/0.06875, date = 01-Jan-2025
    Oscillating behavior detected: Relaxation set to 0.900000
 Newton its=12, linearizations=13 (0.3sec), linear its=174 (2.9sec)

Report step 330/1000 at day 0.06875/0.208333, date = 01-Jan-2025

Starting time step 0, stepsize 0.000208333 days, at day 0.06875/0.0689583, date = 01-Jan-2025

Warning: Full linear solver tolerance not achieved. The reduction is:0.00172854 after 20 iterations 

Warning: Full linear solver tolerance not achieved. The reduction is:0.00206261 after 20 iterations 

Problem: Solver convergence failure - Numerical problem encountered
Timestep chopped to 0.000069 days


Starting time step 0, stepsize 6.875e-05 days, at day 0.06875/0.0689583, date = 01-Jan-2025
 Newton its= 5, linearizations= 6 (0.1sec), linear its= 53 (1.0sec)

Starting time step 1, stepsize 0.000139583 days, at day 0.0688187/0.0689583, date = 01-Jan-2025
 Newton its=10, linearizations=11 (0.3sec), linear its=130 (2.2sec)

Report step 331/1000 at day 0.0689583/0.208333, date = 01-Jan-2025

Starting time step 0, stepsize 0.000208333 days, at day 0.0689583/0.0691667, date = 01-Jan-2025

Problem: Solver convergence failure - Numerical problem encountered
Timestep chopped to 0.000069 days


Starting time step 0, stepsize 6.875e-05 days, at day 0.0689583/0.0691667, date = 01-Jan-2025
 Newton its= 7, linearizations= 8 (0.2sec), linear its= 77 (1.0sec)

Starting time step 1, stepsize 6.97917e-05 days, at day 0.0690271/0.0691667, date = 01-Jan-2025
 Newton its= 9, linearizations=10 (0.2sec), linear its=102 (1.4sec)

Starting time step 2, stepsize 3.48958e-05 days, at day 0.0690969/0.0691667, date = 01-Jan-2025
 Newton its= 5, linearizations= 6 (0.1sec), linear its= 59 (0.7sec)

Starting time step 3, stepsize 3.48958e-05 days, at day 0.0691318/0.0691667, date = 01-Jan-2025
 Newton its= 5, linearizations= 6 (0.1sec), linear its= 58 (0.8sec)

Report step 332/1000 at day 0.0691667/0.208333, date = 01-Jan-2025

Starting time step 0, stepsize 0.000208333 days, at day 0.0691667/0.069375, date = 01-Jan-2025

Warning: Full linear solver tolerance not achieved. The reduction is:0.000593297 after 20 iterations 

Problem: Solver convergence failure - Numerical problem encountered
Timestep chopped to 0.000069 days


Starting time step 0, stepsize 6.875e-05 days, at day 0.0691667/0.069375, date = 01-Jan-2025
 Newton its= 5, linearizations= 6 (0.1sec), linear its= 65 (0.9sec)

Starting time step 1, stepsize 0.000139583 days, at day 0.0692354/0.069375, date = 01-Jan-2025
 Newton its= 7, linearizations= 8 (0.4sec), linear its=105 (1.5sec)

Report step 333/1000 at day 0.069375/0.208333, date = 01-Jan-2025

Starting time step 0, stepsize 0.000208333 days, at day 0.069375/0.0695833, date = 01-Jan-2025

Warning: Full linear solver tolerance not achieved. The reduction is:9.47592e-05 after 20 iterations 

Warning: Full linear solver tolerance not achieved. The reduction is:0.00200301 after 20 iterations 

Warning: Full linear solver tolerance not achieved. The reduction is:0.000894139 after 20 iterations 

Warning: Full linear solver tolerance not achieved. The reduction is:0.000284115 after 20 iterations 

Warning: Full linear solver tolerance not achieved. The reduction is:6.70495e-05 after 20 iterations 

Warning: Full linear solver tolerance not achieved. The reduction is:4.42934e-05 after 20 iterations 
 Newton its= 7, linearizations= 8 (0.1sec), linear its=137 (1.6sec)

Report step 334/1000 at day 0.0695833/0.208333, date = 01-Jan-2025

Starting time step 0, stepsize 0.000208333 days, at day 0.0695833/0.0697917, date = 01-Jan-2025

Warning: Full linear solver tolerance not achieved. The reduction is:7.78564e-06 after 20 iterations 

Warning: Full linear solver tolerance not achieved. The reduction is:0.000656493 after 20 iterations 

Warning: Full linear solver tolerance not achieved. The reduction is:0.00015427 after 20 iterations 

Warning: Full linear solver tolerance not achieved. The reduction is:7.94315e-05 after 20 iterations 

Warning: Full linear solver tolerance not achieved. The reduction is:0.000425647 after 20 iterations 

Warning: Full linear solver tolerance not achieved. The reduction is:0.000830351 after 20 iterations 

Warning: Full linear solver tolerance not achieved. The reduction is:0.00217887 after 20 iterations 
 Newton its= 7, linearizations= 8 (0.1sec), linear its=140 (1.6sec)

Report step 335/1000 at day 0.0697917/0.208333, date = 01-Jan-2025

Starting time step 0, stepsize 0.000208333 days, at day 0.0697917/0.07, date = 01-Jan-2025

Warning: Full linear solver tolerance not achieved. The reduction is:0.00494246 after 20 iterations 

Warning: Full linear solver tolerance not achieved. The reduction is:2.08249e-05 after 20 iterations 

Warning: Full linear solver tolerance not achieved. The reduction is:0.00111396 after 20 iterations 

Warning: Full linear solver tolerance not achieved. The reduction is:0.000127882 after 20 iterations 

Warning: Full linear solver tolerance not achieved. The reduction is:0.000142377 after 20 iterations 

Warning: Full linear solver tolerance not achieved. The reduction is:4.34973e-05 after 20 iterations 

Warning: Full linear solver tolerance not achieved. The reduction is:4.71136e-05 after 20 iterations 

Warning: Full linear solver tolerance not achieved. The reduction is:0.00217226 after 20 iterations 
 Newton its= 8, linearizations= 9 (0.2sec), linear its=160 (1.9sec)

Report step 336/1000 at day 0.07/0.208333, date = 01-Jan-2025

Starting time step 0, stepsize 0.000208333 days, at day 0.07/0.0702083, date = 01-Jan-2025

Warning: Full linear solver tolerance not achieved. The reduction is:0.00035013 after 20 iterations 

Problem: Solver convergence failure - Numerical problem encountered
Timestep chopped to 0.000069 days


Starting time step 0, stepsize 6.875e-05 days, at day 0.07/0.0702083, date = 01-Jan-2025
 Newton its= 5, linearizations= 6 (0.1sec), linear its= 65 (0.8sec)

Starting time step 1, stepsize 0.000139583 days, at day 0.0700687/0.0702083, date = 01-Jan-2025

Warning: Full linear solver tolerance not achieved. The reduction is:6.86692e-06 after 20 iterations 
 Newton its= 5, linearizations= 6 (0.1sec), linear its= 82 (1.1sec)

Report step 337/1000 at day 0.0702083/0.208333, date = 01-Jan-2025

Starting time step 0, stepsize 0.000208333 days, at day 0.0702083/0.0704167, date = 01-Jan-2025

Problem: Solver convergence failure - Numerical problem encountered
Timestep chopped to 0.000069 days


Starting time step 0, stepsize 6.875e-05 days, at day 0.0702083/0.0704167, date = 01-Jan-2025

Problem: Solver convergence failure - Iteration limit reached
Timestep chopped to 0.000023 days


Starting time step 0, stepsize 2.26875e-05 days, at day 0.0702083/0.0704167, date = 01-Jan-2025
 Newton its= 2, linearizations= 3 (0.1sec), linear its= 25 (0.3sec)

Starting time step 1, stepsize 4.5375e-05 days, at day 0.070231/0.0704167, date = 01-Jan-2025
 Newton its= 3, linearizations= 4 (0.1sec), linear its= 40 (0.5sec)

Starting time step 2, stepsize 0.000140271 days, at day 0.0702764/0.0704167, date = 01-Jan-2025

Warning: Full linear solver tolerance not achieved. The reduction is:1.57774e-05 after 20 iterations 
 Newton its= 7, linearizations= 8 (0.2sec), linear its=117 (1.6sec)

Report step 338/1000 at day 0.0704167/0.208333, date = 01-Jan-2025

Starting time step 0, stepsize 0.000208333 days, at day 0.0704167/0.070625, date = 01-Jan-2025

Warning: Full linear solver tolerance not achieved. The reduction is:0.00405248 after 20 iterations 

Warning: Full linear solver tolerance not achieved. The reduction is:0.00270408 after 20 iterations 

Warning: Full linear solver tolerance not achieved. The reduction is:0.000282054 after 20 iterations 

Warning: Full linear solver tolerance not achieved. The reduction is:9.95427e-05 after 20 iterations 

Problem: Solver convergence failure - Numerical problem encountered
Timestep chopped to 0.000069 days


Starting time step 0, stepsize 6.875e-05 days, at day 0.0704167/0.070625, date = 01-Jan-2025
 Newton its= 5, linearizations= 6 (0.1sec), linear its= 68 (0.9sec)

Starting time step 1, stepsize 0.000139583 days, at day 0.0704854/0.070625, date = 01-Jan-2025

Warning: Full linear solver tolerance not achieved. The reduction is:5.26231e-06 after 20 iterations 
 Newton its= 7, linearizations= 8 (0.1sec), linear its=123 (1.5sec)

Report step 339/1000 at day 0.070625/0.208333, date = 01-Jan-2025

Starting time step 0, stepsize 0.000208333 days, at day 0.070625/0.0708333, date = 01-Jan-2025

Problem: Solver convergence failure - Numerical problem encountered
Timestep chopped to 0.000069 days


Starting time step 0, stepsize 6.875e-05 days, at day 0.070625/0.0708333, date = 01-Jan-2025
 Newton its= 3, linearizations= 4 (0.1sec), linear its= 43 (0.6sec)

Starting time step 1, stepsize 0.000139583 days, at day 0.0706937/0.0708333, date = 01-Jan-2025
 Newton its= 9, linearizations=10 (0.2sec), linear its=152 (2.1sec)

Report step 340/1000 at day 0.0708333/0.208333, date = 01-Jan-2025

Starting time step 0, stepsize 0.000208333 days, at day 0.0708333/0.0710417, date = 01-Jan-2025

Warning: Full linear solver tolerance not achieved. The reduction is:0.00540721 after 20 iterations 

Warning: Full linear solver tolerance not achieved. The reduction is:0.00204173 after 20 iterations 

Warning: Full linear solver tolerance not achieved. The reduction is:0.00167633 after 20 iterations 

Warning: Full linear solver tolerance not achieved. The reduction is:0.000235363 after 20 iterations 

Warning: Full linear solver tolerance not achieved. The reduction is:0.00163769 after 20 iterations 

Warning: Full linear solver tolerance not achieved. The reduction is:0.00234084 after 20 iterations 

Warning: Full linear solver tolerance not achieved. The reduction is:0.000498761 after 20 iterations 
 Newton its= 7, linearizations= 8 (0.2sec), linear its=140 (1.7sec)

Report step 341/1000 at day 0.0710417/0.208333, date = 01-Jan-2025

Starting time step 0, stepsize 0.000208333 days, at day 0.0710417/0.07125, date = 01-Jan-2025

Warning: Full linear solver tolerance not achieved. The reduction is:0.00860801 after 20 iterations 

Warning: Full linear solver tolerance not achieved. The reduction is:0.00120652 after 20 iterations 

Warning: Full linear solver tolerance not achieved. The reduction is:0.00294316 after 20 iterations 

Warning: Full linear solver tolerance not achieved. The reduction is:0.0014524 after 20 iterations 

Warning: Full linear solver tolerance not achieved. The reduction is:0.000486072 after 20 iterations 

Warning: Full linear solver tolerance not achieved. The reduction is:0.000130387 after 20 iterations 

Warning: Full linear solver tolerance not achieved. The reduction is:0.000629698 after 20 iterations 
 Newton its= 7, linearizations= 8 (0.1sec), linear its=140 (1.7sec)

Report step 342/1000 at day 0.07125/0.208333, date = 01-Jan-2025

Starting time step 0, stepsize 0.000208333 days, at day 0.07125/0.0714583, date = 01-Jan-2025

Warning: Full linear solver tolerance not achieved. The reduction is:0.00153516 after 20 iterations 

Warning: Full linear solver tolerance not achieved. The reduction is:5.42651e-05 after 20 iterations 

Warning: Full linear solver tolerance not achieved. The reduction is:0.000200717 after 20 iterations 

Warning: Full linear solver tolerance not achieved. The reduction is:5.15816e-06 after 20 iterations 

Warning: Full linear solver tolerance not achieved. The reduction is:3.47529e-05 after 20 iterations 

Warning: Full linear solver tolerance not achieved. The reduction is:2.06912e-05 after 20 iterations 

Warning: Full linear solver tolerance not achieved. The reduction is:3.7033e-05 after 20 iterations 

Warning: Full linear solver tolerance not achieved. The reduction is:0.000127463 after 20 iterations 

Warning: Full linear solver tolerance not achieved. The reduction is:2.7723e-05 after 20 iterations 
 Newton its= 9, linearizations=10 (0.2sec), linear its=180 (2.3sec)

Report step 343/1000 at day 0.0714583/0.208333, date = 01-Jan-2025

Starting time step 0, stepsize 0.000208333 days, at day 0.0714583/0.0716667, date = 01-Jan-2025

Warning: Full linear solver tolerance not achieved. The reduction is:3.87298e-05 after 20 iterations 
 Newton its= 5, linearizations= 6 (0.1sec), linear its= 81 (1.0sec)

Report step 344/1000 at day 0.0716667/0.208333, date = 01-Jan-2025

Starting time step 0, stepsize 0.000208333 days, at day 0.0716667/0.071875, date = 01-Jan-2025
 Newton its=10, linearizations=11 (0.2sec), linear its=127 (1.6sec)

Report step 345/1000 at day 0.071875/0.208333, date = 01-Jan-2025

Starting time step 0, stepsize 0.000208333 days, at day 0.071875/0.0720833, date = 01-Jan-2025
 Newton its= 3, linearizations= 4 (0.1sec), linear its= 42 (0.5sec)

Report step 346/1000 at day 0.0720833/0.208333, date = 01-Jan-2025

Starting time step 0, stepsize 0.000208333 days, at day 0.0720833/0.0722917, date = 01-Jan-2025
 Newton its= 2, linearizations= 3 (0.1sec), linear its= 29 (0.4sec)

Report step 347/1000 at day 0.0722917/0.208333, date = 01-Jan-2025

Starting time step 0, stepsize 0.000208333 days, at day 0.0722917/0.0725, date = 01-Jan-2025
 Newton its= 2, linearizations= 3 (0.1sec), linear its= 31 (0.4sec)

Report step 348/1000 at day 0.0725/0.208333, date = 01-Jan-2025

Starting time step 0, stepsize 0.000208333 days, at day 0.0725/0.0727083, date = 01-Jan-2025
 Newton its= 2, linearizations= 3 (0.1sec), linear its= 28 (0.4sec)

Report step 349/1000 at day 0.0727083/0.208333, date = 01-Jan-2025

Starting time step 0, stepsize 0.000208333 days, at day 0.0727083/0.0729167, date = 01-Jan-2025
 Newton its= 4, linearizations= 5 (0.1sec), linear its= 56 (0.8sec)

Report step 350/1000 at day 0.0729167/0.208333, date = 01-Jan-2025

Starting time step 0, stepsize 0.000208333 days, at day 0.0729167/0.073125, date = 01-Jan-2025
 Newton its= 2, linearizations= 3 (0.0sec), linear its= 24 (0.3sec)

Report step 351/1000 at day 0.073125/0.208333, date = 01-Jan-2025

Starting time step 0, stepsize 0.000208333 days, at day 0.073125/0.0733333, date = 01-Jan-2025
 Newton its= 2, linearizations= 3 (0.0sec), linear its= 24 (0.3sec)

Report step 352/1000 at day 0.0733333/0.208333, date = 01-Jan-2025

Starting time step 0, stepsize 0.000208333 days, at day 0.0733333/0.0735417, date = 01-Jan-2025
 Newton its= 5, linearizations= 6 (0.1sec), linear its= 61 (0.7sec)

Report step 353/1000 at day 0.0735417/0.208333, date = 01-Jan-2025

Starting time step 0, stepsize 0.000208333 days, at day 0.0735417/0.07375, date = 01-Jan-2025
 Newton its= 4, linearizations= 5 (0.1sec), linear its= 51 (0.7sec)

Report step 354/1000 at day 0.07375/0.208333, date = 01-Jan-2025

Starting time step 0, stepsize 0.000208333 days, at day 0.07375/0.0739583, date = 01-Jan-2025
 Newton its= 2, linearizations= 3 (0.0sec), linear its= 25 (0.3sec)

Report step 355/1000 at day 0.0739583/0.208333, date = 01-Jan-2025

Starting time step 0, stepsize 0.000208333 days, at day 0.0739583/0.0741667, date = 01-Jan-2025
 Newton its= 4, linearizations= 5 (0.1sec), linear its= 47 (0.6sec)

Report step 356/1000 at day 0.0741667/0.208333, date = 01-Jan-2025

Starting time step 0, stepsize 0.000208333 days, at day 0.0741667/0.074375, date = 01-Jan-2025
 Newton its= 5, linearizations= 6 (0.1sec), linear its= 58 (0.8sec)

Report step 357/1000 at day 0.074375/0.208333, date = 01-Jan-2025

Starting time step 0, stepsize 0.000208333 days, at day 0.074375/0.0745833, date = 01-Jan-2025
 Newton its= 2, linearizations= 3 (0.1sec), linear its= 25 (0.3sec)

Report step 358/1000 at day 0.0745833/0.208333, date = 01-Jan-2025

Starting time step 0, stepsize 0.000208333 days, at day 0.0745833/0.0747917, date = 01-Jan-2025
 Newton its= 7, linearizations= 8 (0.1sec), linear its= 80 (1.1sec)

Report step 359/1000 at day 0.0747917/0.208333, date = 01-Jan-2025

Starting time step 0, stepsize 0.000208333 days, at day 0.0747917/0.075, date = 01-Jan-2025
 Newton its= 3, linearizations= 4 (0.1sec), linear its= 35 (0.5sec)

Report step 360/1000 at day 0.075/0.208333, date = 01-Jan-2025

Starting time step 0, stepsize 0.000208333 days, at day 0.075/0.0752083, date = 01-Jan-2025
 Newton its= 7, linearizations= 8 (0.1sec), linear its= 81 (1.1sec)

Report step 361/1000 at day 0.0752083/0.208333, date = 01-Jan-2025

Starting time step 0, stepsize 0.000208333 days, at day 0.0752083/0.0754167, date = 01-Jan-2025
 Newton its= 3, linearizations= 4 (0.1sec), linear its= 35 (0.4sec)

Report step 362/1000 at day 0.0754167/0.208333, date = 01-Jan-2025

Starting time step 0, stepsize 0.000208333 days, at day 0.0754167/0.075625, date = 01-Jan-2025
 Newton its= 5, linearizations= 6 (0.1sec), linear its= 54 (0.9sec)

Report step 363/1000 at day 0.075625/0.208333, date = 01-Jan-2025

Starting time step 0, stepsize 0.000208333 days, at day 0.075625/0.0758333, date = 01-Jan-2025
 Newton its= 7, linearizations= 8 (0.1sec), linear its= 79 (1.0sec)

Report step 364/1000 at day 0.0758333/0.208333, date = 01-Jan-2025

Starting time step 0, stepsize 0.000208333 days, at day 0.0758333/0.0760417, date = 01-Jan-2025
 Newton its= 4, linearizations= 5 (0.1sec), linear its= 45 (0.6sec)

Report step 365/1000 at day 0.0760417/0.208333, date = 01-Jan-2025

Starting time step 0, stepsize 0.000208333 days, at day 0.0760417/0.07625, date = 01-Jan-2025
 Newton its= 5, linearizations= 6 (0.2sec), linear its= 55 (0.7sec)

Report step 366/1000 at day 0.07625/0.208333, date = 01-Jan-2025

Starting time step 0, stepsize 0.000208333 days, at day 0.07625/0.0764583, date = 01-Jan-2025
 Newton its= 6, linearizations= 7 (0.1sec), linear its= 64 (0.8sec)

Report step 367/1000 at day 0.0764583/0.208333, date = 01-Jan-2025

Starting time step 0, stepsize 0.000208333 days, at day 0.0764583/0.0766667, date = 01-Jan-2025
 Newton its= 4, linearizations= 5 (0.1sec), linear its= 42 (0.5sec)

Report step 368/1000 at day 0.0766667/0.208333, date = 01-Jan-2025

Starting time step 0, stepsize 0.000208333 days, at day 0.0766667/0.076875, date = 01-Jan-2025
 Newton its= 3, linearizations= 4 (0.1sec), linear its= 39 (0.5sec)

Report step 369/1000 at day 0.076875/0.208333, date = 01-Jan-2025

Starting time step 0, stepsize 0.000208333 days, at day 0.076875/0.0770833, date = 01-Jan-2025
 Newton its= 2, linearizations= 3 (0.1sec), linear its= 23 (0.3sec)

Report step 370/1000 at day 0.0770833/0.208333, date = 01-Jan-2025

Starting time step 0, stepsize 0.000208333 days, at day 0.0770833/0.0772917, date = 01-Jan-2025
 Newton its= 2, linearizations= 3 (0.1sec), linear its= 23 (0.3sec)

Report step 371/1000 at day 0.0772917/0.208333, date = 01-Jan-2025

Starting time step 0, stepsize 0.000208333 days, at day 0.0772917/0.0775, date = 01-Jan-2025
 Newton its= 2, linearizations= 3 (0.1sec), linear its= 24 (0.3sec)

Report step 372/1000 at day 0.0775/0.208333, date = 01-Jan-2025

Starting time step 0, stepsize 0.000208333 days, at day 0.0775/0.0777083, date = 01-Jan-2025
 Newton its= 2, linearizations= 3 (0.1sec), linear its= 25 (0.3sec)

Report step 373/1000 at day 0.0777083/0.208333, date = 01-Jan-2025

Starting time step 0, stepsize 0.000208333 days, at day 0.0777083/0.0779167, date = 01-Jan-2025
 Newton its= 2, linearizations= 3 (0.1sec), linear its= 27 (0.3sec)

Report step 374/1000 at day 0.0779167/0.208333, date = 01-Jan-2025

Starting time step 0, stepsize 0.000208333 days, at day 0.0779167/0.078125, date = 01-Jan-2025
 Newton its= 2, linearizations= 3 (0.1sec), linear its= 28 (0.4sec)

Report step 375/1000 at day 0.078125/0.208333, date = 01-Jan-2025

Starting time step 0, stepsize 0.000208333 days, at day 0.078125/0.0783333, date = 01-Jan-2025
 Newton its= 2, linearizations= 3 (0.0sec), linear its= 27 (0.4sec)

Report step 376/1000 at day 0.0783333/0.208333, date = 01-Jan-2025

Starting time step 0, stepsize 0.000208333 days, at day 0.0783333/0.0785417, date = 01-Jan-2025
 Newton its= 2, linearizations= 3 (0.1sec), linear its= 28 (0.3sec)

Report step 377/1000 at day 0.0785417/0.208333, date = 01-Jan-2025

Starting time step 0, stepsize 0.000208333 days, at day 0.0785417/0.07875, date = 01-Jan-2025
 Newton its= 2, linearizations= 3 (0.0sec), linear its= 27 (0.3sec)

Report step 378/1000 at day 0.07875/0.208333, date = 01-Jan-2025

Starting time step 0, stepsize 0.000208333 days, at day 0.07875/0.0789583, date = 01-Jan-2025
 Newton its= 2, linearizations= 3 (0.0sec), linear its= 29 (0.4sec)

Report step 379/1000 at day 0.0789583/0.208333, date = 01-Jan-2025

Starting time step 0, stepsize 0.000208333 days, at day 0.0789583/0.0791667, date = 01-Jan-2025
 Newton its= 2, linearizations= 3 (0.1sec), linear its= 27 (0.4sec)

Report step 380/1000 at day 0.0791667/0.208333, date = 01-Jan-2025

Starting time step 0, stepsize 0.000208333 days, at day 0.0791667/0.079375, date = 01-Jan-2025
 Newton its= 2, linearizations= 3 (0.1sec), linear its= 32 (0.4sec)

Report step 381/1000 at day 0.079375/0.208333, date = 01-Jan-2025

Starting time step 0, stepsize 0.000208333 days, at day 0.079375/0.0795833, date = 01-Jan-2025
 Newton its= 2, linearizations= 3 (0.0sec), linear its= 28 (0.4sec)

Report step 382/1000 at day 0.0795833/0.208333, date = 01-Jan-2025

Starting time step 0, stepsize 0.000208333 days, at day 0.0795833/0.0797917, date = 01-Jan-2025
 Newton its= 2, linearizations= 3 (0.1sec), linear its= 31 (0.4sec)

Report step 383/1000 at day 0.0797917/0.208333, date = 01-Jan-2025

Starting time step 0, stepsize 0.000208333 days, at day 0.0797917/0.08, date = 01-Jan-2025
 Newton its= 2, linearizations= 3 (0.1sec), linear its= 30 (0.4sec)

Report step 384/1000 at day 0.08/0.208333, date = 01-Jan-2025

Starting time step 0, stepsize 0.000208333 days, at day 0.08/0.0802083, date = 01-Jan-2025
 Newton its= 2, linearizations= 3 (0.1sec), linear its= 26 (0.3sec)

Report step 385/1000 at day 0.0802083/0.208333, date = 01-Jan-2025

Starting time step 0, stepsize 0.000208333 days, at day 0.0802083/0.0804167, date = 01-Jan-2025
 Newton its= 1, linearizations= 2 (0.0sec), linear its= 14 (0.2sec)

Report step 386/1000 at day 0.0804167/0.208333, date = 01-Jan-2025

Starting time step 0, stepsize 0.000208333 days, at day 0.0804167/0.080625, date = 01-Jan-2025
 Newton its= 1, linearizations= 2 (0.0sec), linear its= 16 (0.2sec)

Report step 387/1000 at day 0.080625/0.208333, date = 01-Jan-2025

Starting time step 0, stepsize 0.000208333 days, at day 0.080625/0.0808333, date = 01-Jan-2025
 Newton its= 1, linearizations= 2 (0.1sec), linear its= 16 (0.2sec)

Report step 388/1000 at day 0.0808333/0.208333, date = 01-Jan-2025

Starting time step 0, stepsize 0.000208333 days, at day 0.0808333/0.0810417, date = 01-Jan-2025
 Newton its= 1, linearizations= 2 (0.0sec), linear its= 15 (0.2sec)

Report step 389/1000 at day 0.0810417/0.208333, date = 01-Jan-2025

Starting time step 0, stepsize 0.000208333 days, at day 0.0810417/0.08125, date = 01-Jan-2025
 Newton its= 1, linearizations= 2 (0.1sec), linear its= 15 (0.2sec)

Report step 390/1000 at day 0.08125/0.208333, date = 01-Jan-2025

Starting time step 0, stepsize 0.000208333 days, at day 0.08125/0.0814583, date = 01-Jan-2025
 Newton its= 1, linearizations= 2 (0.0sec), linear its= 16 (0.2sec)

Report step 391/1000 at day 0.0814583/0.208333, date = 01-Jan-2025

Starting time step 0, stepsize 0.000208333 days, at day 0.0814583/0.0816667, date = 01-Jan-2025
 Newton its= 1, linearizations= 2 (0.1sec), linear its= 16 (0.2sec)

Report step 392/1000 at day 0.0816667/0.208333, date = 01-Jan-2025

Starting time step 0, stepsize 0.000208333 days, at day 0.0816667/0.081875, date = 01-Jan-2025
 Newton its= 1, linearizations= 2 (0.0sec), linear its= 18 (0.2sec)

Report step 393/1000 at day 0.081875/0.208333, date = 01-Jan-2025

Starting time step 0, stepsize 0.000208333 days, at day 0.081875/0.0820833, date = 01-Jan-2025
 Newton its= 2, linearizations= 3 (0.1sec), linear its= 21 (0.3sec)

Report step 394/1000 at day 0.0820833/0.208333, date = 01-Jan-2025

Starting time step 0, stepsize 0.000208333 days, at day 0.0820833/0.0822917, date = 01-Jan-2025
 Newton its= 1, linearizations= 2 (0.0sec), linear its= 11 (0.1sec)

Report step 395/1000 at day 0.0822917/0.208333, date = 01-Jan-2025

Starting time step 0, stepsize 0.000208333 days, at day 0.0822917/0.0825, date = 01-Jan-2025
 Newton its= 2, linearizations= 3 (0.1sec), linear its= 23 (0.3sec)

Report step 396/1000 at day 0.0825/0.208333, date = 01-Jan-2025

Starting time step 0, stepsize 0.000208333 days, at day 0.0825/0.0827083, date = 01-Jan-2025
 Newton its= 3, linearizations= 4 (0.1sec), linear its= 35 (0.4sec)

Report step 397/1000 at day 0.0827083/0.208333, date = 01-Jan-2025

Starting time step 0, stepsize 0.000208333 days, at day 0.0827083/0.0829167, date = 01-Jan-2025

Problem: Solver convergence failure - Numerical problem encountered
Timestep chopped to 0.000069 days


Starting time step 0, stepsize 6.875e-05 days, at day 0.0827083/0.0829167, date = 01-Jan-2025
 Newton its= 2, linearizations= 3 (0.0sec), linear its= 25 (0.3sec)

Starting time step 1, stepsize 0.000139583 days, at day 0.0827771/0.0829167, date = 01-Jan-2025

Warning: Full linear solver tolerance not achieved. The reduction is:7.69329e-06 after 20 iterations 
 Newton its=13, linearizations=14 (0.2sec), linear its=184 (2.2sec)

Report step 398/1000 at day 0.0829167/0.208333, date = 01-Jan-2025

Starting time step 0, stepsize 0.000208333 days, at day 0.0829167/0.083125, date = 01-Jan-2025

Problem: Solver convergence failure - Numerical problem encountered
Timestep chopped to 0.000069 days


Starting time step 0, stepsize 6.875e-05 days, at day 0.0829167/0.083125, date = 01-Jan-2025
 Newton its=10, linearizations=11 (0.2sec), linear its=118 (1.5sec)

Starting time step 1, stepsize 5.5e-05 days, at day 0.0829854/0.083125, date = 01-Jan-2025
 Newton its= 5, linearizations= 6 (0.1sec), linear its= 58 (0.8sec)

Starting time step 2, stepsize 8.45833e-05 days, at day 0.0830404/0.083125, date = 01-Jan-2025
 Newton its=10, linearizations=11 (0.2sec), linear its=118 (1.5sec)

Report step 399/1000 at day 0.083125/0.208333, date = 01-Jan-2025

Starting time step 0, stepsize 0.000208333 days, at day 0.083125/0.0833333, date = 01-Jan-2025

Problem: Solver convergence failure - Numerical problem encountered
Timestep chopped to 0.000069 days


Starting time step 0, stepsize 6.875e-05 days, at day 0.083125/0.0833333, date = 01-Jan-2025
 Newton its= 7, linearizations= 8 (0.2sec), linear its= 79 (1.0sec)

Starting time step 1, stepsize 6.97917e-05 days, at day 0.0831937/0.0833333, date = 01-Jan-2025
 Newton its= 9, linearizations=10 (0.2sec), linear its=103 (1.3sec)

Starting time step 2, stepsize 3.48958e-05 days, at day 0.0832635/0.0833333, date = 01-Jan-2025
 Newton its= 4, linearizations= 5 (0.1sec), linear its= 44 (0.5sec)

Starting time step 3, stepsize 3.48958e-05 days, at day 0.0832984/0.0833333, date = 01-Jan-2025
 Newton its= 4, linearizations= 5 (0.1sec), linear its= 44 (0.6sec)

Report step 400/1000 at day 0.0833333/0.208333, date = 01-Jan-2025

Starting time step 0, stepsize 0.000208333 days, at day 0.0833333/0.0835417, date = 01-Jan-2025

Warning: Full linear solver tolerance not achieved. The reduction is:0.000167159 after 20 iterations 

Problem: Solver convergence failure - Numerical problem encountered
Timestep chopped to 0.000069 days


Starting time step 0, stepsize 6.875e-05 days, at day 0.0833333/0.0835417, date = 01-Jan-2025
 Newton its= 5, linearizations= 6 (0.1sec), linear its= 62 (0.9sec)

Starting time step 1, stepsize 0.000139583 days, at day 0.0834021/0.0835417, date = 01-Jan-2025
 Newton its= 7, linearizations= 8 (0.2sec), linear its= 98 (1.3sec)

Report step 401/1000 at day 0.0835417/0.208333, date = 01-Jan-2025

Starting time step 0, stepsize 0.000208333 days, at day 0.0835417/0.08375, date = 01-Jan-2025

Warning: Full linear solver tolerance not achieved. The reduction is:0.000142313 after 20 iterations 

Warning: Full linear solver tolerance not achieved. The reduction is:0.000105432 after 20 iterations 

Problem: Solver convergence failure - Numerical problem encountered
Timestep chopped to 0.000069 days


Starting time step 0, stepsize 6.875e-05 days, at day 0.0835417/0.08375, date = 01-Jan-2025
 Newton its= 5, linearizations= 6 (0.1sec), linear its= 62 (0.8sec)

Starting time step 1, stepsize 0.000139583 days, at day 0.0836104/0.08375, date = 01-Jan-2025
 Newton its= 7, linearizations= 8 (0.2sec), linear its=100 (1.3sec)

Report step 402/1000 at day 0.08375/0.208333, date = 01-Jan-2025

Starting time step 0, stepsize 0.000208333 days, at day 0.08375/0.0839583, date = 01-Jan-2025

Warning: Full linear solver tolerance not achieved. The reduction is:0.000589929 after 20 iterations 

Warning: Full linear solver tolerance not achieved. The reduction is:5.76622e-06 after 20 iterations 

Problem: Solver convergence failure - Numerical problem encountered
Timestep chopped to 0.000069 days


Starting time step 0, stepsize 6.875e-05 days, at day 0.08375/0.0839583, date = 01-Jan-2025
 Newton its= 5, linearizations= 6 (0.1sec), linear its= 66 (0.9sec)

Starting time step 1, stepsize 0.000139583 days, at day 0.0838187/0.0839583, date = 01-Jan-2025
 Newton its= 6, linearizations= 7 (0.1sec), linear its= 88 (1.1sec)

Report step 403/1000 at day 0.0839583/0.208333, date = 01-Jan-2025

Starting time step 0, stepsize 0.000208333 days, at day 0.0839583/0.0841667, date = 01-Jan-2025

Warning: Full linear solver tolerance not achieved. The reduction is:0.00102556 after 20 iterations 

Warning: Full linear solver tolerance not achieved. The reduction is:9.6656e-05 after 20 iterations 

Warning: Full linear solver tolerance not achieved. The reduction is:0.00522936 after 20 iterations 

Problem: Solver convergence failure - Numerical problem encountered
Timestep chopped to 0.000069 days


Starting time step 0, stepsize 6.875e-05 days, at day 0.0839583/0.0841667, date = 01-Jan-2025

Problem: Solver convergence failure - Iteration limit reached
Timestep chopped to 0.000023 days


Starting time step 0, stepsize 2.26875e-05 days, at day 0.0839583/0.0841667, date = 01-Jan-2025
 Newton its= 2, linearizations= 3 (0.1sec), linear its= 23 (0.3sec)

Starting time step 1, stepsize 4.5375e-05 days, at day 0.083981/0.0841667, date = 01-Jan-2025
 Newton its= 3, linearizations= 4 (0.1sec), linear its= 37 (0.5sec)

Starting time step 2, stepsize 0.000140271 days, at day 0.0840264/0.0841667, date = 01-Jan-2025
 Newton its= 7, linearizations= 8 (0.2sec), linear its=108 (1.3sec)

Report step 404/1000 at day 0.0841667/0.208333, date = 01-Jan-2025

Starting time step 0, stepsize 0.000208333 days, at day 0.0841667/0.084375, date = 01-Jan-2025

Warning: Full linear solver tolerance not achieved. The reduction is:0.000241867 after 20 iterations 

Problem: Solver convergence failure - Numerical problem encountered
Timestep chopped to 0.000069 days


Starting time step 0, stepsize 6.875e-05 days, at day 0.0841667/0.084375, date = 01-Jan-2025

Problem: Solver convergence failure - Iteration limit reached
Timestep chopped to 0.000023 days


Starting time step 0, stepsize 2.26875e-05 days, at day 0.0841667/0.084375, date = 01-Jan-2025
 Newton its= 2, linearizations= 3 (0.1sec), linear its= 22 (0.2sec)

Starting time step 1, stepsize 4.5375e-05 days, at day 0.0841894/0.084375, date = 01-Jan-2025
 Newton its= 3, linearizations= 4 (0.1sec), linear its= 36 (0.4sec)

Starting time step 2, stepsize 0.000140271 days, at day 0.0842347/0.084375, date = 01-Jan-2025
 Newton its= 6, linearizations= 7 (0.1sec), linear its=102 (1.3sec)

Report step 405/1000 at day 0.084375/0.208333, date = 01-Jan-2025

Starting time step 0, stepsize 0.000208333 days, at day 0.084375/0.0845833, date = 01-Jan-2025

Problem: Solver convergence failure - Numerical problem encountered
Timestep chopped to 0.000069 days


Starting time step 0, stepsize 6.875e-05 days, at day 0.084375/0.0845833, date = 01-Jan-2025

Problem: Solver convergence failure - Iteration limit reached
Timestep chopped to 0.000023 days


Starting time step 0, stepsize 2.26875e-05 days, at day 0.084375/0.0845833, date = 01-Jan-2025
 Newton its= 1, linearizations= 2 (0.0sec), linear its= 13 (0.2sec)

Starting time step 1, stepsize 4.5375e-05 days, at day 0.0843977/0.0845833, date = 01-Jan-2025
 Newton its= 3, linearizations= 4 (0.1sec), linear its= 37 (0.5sec)

Starting time step 2, stepsize 0.000140271 days, at day 0.0844431/0.0845833, date = 01-Jan-2025
 Newton its= 7, linearizations= 8 (0.1sec), linear its=112 (1.4sec)

Report step 406/1000 at day 0.0845833/0.208333, date = 01-Jan-2025

Starting time step 0, stepsize 0.000208333 days, at day 0.0845833/0.0847917, date = 01-Jan-2025

Warning: Full linear solver tolerance not achieved. The reduction is:0.00365805 after 20 iterations 

Warning: Full linear solver tolerance not achieved. The reduction is:0.00478561 after 20 iterations 

Problem: Solver convergence failure - Numerical problem encountered
Timestep chopped to 0.000069 days


Starting time step 0, stepsize 6.875e-05 days, at day 0.0845833/0.0847917, date = 01-Jan-2025
 Newton its= 3, linearizations= 4 (0.1sec), linear its= 41 (0.5sec)

Starting time step 1, stepsize 0.000139583 days, at day 0.0846521/0.0847917, date = 01-Jan-2025

Warning: Full linear solver tolerance not achieved. The reduction is:1.37182e-05 after 20 iterations 
 Newton its= 5, linearizations= 6 (0.1sec), linear its= 94 (1.1sec)

Report step 407/1000 at day 0.0847917/0.208333, date = 01-Jan-2025

Starting time step 0, stepsize 0.000208333 days, at day 0.0847917/0.085, date = 01-Jan-2025

Problem: Solver convergence failure - Numerical problem encountered
Timestep chopped to 0.000069 days


Starting time step 0, stepsize 6.875e-05 days, at day 0.0847917/0.085, date = 01-Jan-2025
 Newton its= 5, linearizations= 6 (0.1sec), linear its= 65 (0.9sec)

Starting time step 1, stepsize 0.000139583 days, at day 0.0848604/0.085, date = 01-Jan-2025

Warning: Full linear solver tolerance not achieved. The reduction is:1.21124e-05 after 20 iterations 
 Newton its= 5, linearizations= 6 (0.1sec), linear its= 90 (1.1sec)

Report step 408/1000 at day 0.085/0.208333, date = 01-Jan-2025

Starting time step 0, stepsize 0.000208333 days, at day 0.085/0.0852083, date = 01-Jan-2025

Warning: Full linear solver tolerance not achieved. The reduction is:0.00627714 after 20 iterations 

Warning: Full linear solver tolerance not achieved. The reduction is:0.00181255 after 20 iterations 

Warning: Full linear solver tolerance not achieved. The reduction is:0.000841167 after 20 iterations 

Warning: Full linear solver tolerance not achieved. The reduction is:0.000992173 after 20 iterations 

Warning: Full linear solver tolerance not achieved. The reduction is:0.00241373 after 20 iterations 

Warning: Full linear solver tolerance not achieved. The reduction is:0.00330285 after 20 iterations 

Warning: Full linear solver tolerance not achieved. The reduction is:0.00185375 after 20 iterations 

Warning: Full linear solver tolerance not achieved. The reduction is:0.00217322 after 20 iterations 

Warning: Full linear solver tolerance not achieved. The reduction is:0.000957649 after 20 iterations 
 Newton its= 9, linearizations=10 (0.2sec), linear its=180 (2.1sec)

Report step 409/1000 at day 0.0852083/0.208333, date = 01-Jan-2025

Starting time step 0, stepsize 0.000208333 days, at day 0.0852083/0.0854167, date = 01-Jan-2025

Warning: Full linear solver tolerance not achieved. The reduction is:0.00368738 after 20 iterations 

Warning: Full linear solver tolerance not achieved. The reduction is:0.000167892 after 20 iterations 

Warning: Full linear solver tolerance not achieved. The reduction is:0.000303191 after 20 iterations 

Warning: Full linear solver tolerance not achieved. The reduction is:5.84215e-05 after 20 iterations 

Warning: Full linear solver tolerance not achieved. The reduction is:0.000538279 after 20 iterations 

Warning: Full linear solver tolerance not achieved. The reduction is:0.00103414 after 20 iterations 

Warning: Full linear solver tolerance not achieved. The reduction is:0.000620792 after 20 iterations 
 Newton its= 7, linearizations= 8 (0.2sec), linear its=140 (1.6sec)

Report step 410/1000 at day 0.0854167/0.208333, date = 01-Jan-2025

Starting time step 0, stepsize 0.000208333 days, at day 0.0854167/0.085625, date = 01-Jan-2025

Warning: Full linear solver tolerance not achieved. The reduction is:0.000659652 after 20 iterations 

Warning: Full linear solver tolerance not achieved. The reduction is:0.00018666 after 20 iterations 

Warning: Full linear solver tolerance not achieved. The reduction is:3.91361e-05 after 20 iterations 

Warning: Full linear solver tolerance not achieved. The reduction is:6.54893e-05 after 20 iterations 

Warning: Full linear solver tolerance not achieved. The reduction is:1.39003e-05 after 20 iterations 

Warning: Full linear solver tolerance not achieved. The reduction is:2.63577e-05 after 20 iterations 

Warning: Full linear solver tolerance not achieved. The reduction is:1.88585e-05 after 20 iterations 

Warning: Full linear solver tolerance not achieved. The reduction is:2.03093e-05 after 20 iterations 
 Newton its= 8, linearizations= 9 (0.2sec), linear its=160 (2.0sec)

Report step 411/1000 at day 0.085625/0.208333, date = 01-Jan-2025

Starting time step 0, stepsize 0.000208333 days, at day 0.085625/0.0858333, date = 01-Jan-2025

Warning: Full linear solver tolerance not achieved. The reduction is:4.29154e-05 after 20 iterations 
    Oscillating behavior detected: Relaxation set to 0.900000
 Newton its=10, linearizations=11 (0.3sec), linear its=148 (1.9sec)

Report step 412/1000 at day 0.0858333/0.208333, date = 01-Jan-2025

Starting time step 0, stepsize 0.000208333 days, at day 0.0858333/0.0860417, date = 01-Jan-2025

Problem: Solver convergence failure - Iteration limit reached
Timestep chopped to 0.000069 days


Starting time step 0, stepsize 6.875e-05 days, at day 0.0858333/0.0860417, date = 01-Jan-2025
 Newton its= 5, linearizations= 6 (0.1sec), linear its= 67 (0.8sec)

Starting time step 1, stepsize 0.000139583 days, at day 0.0859021/0.0860417, date = 01-Jan-2025

Problem: Solver convergence failure - Iteration limit reached
Timestep chopped to 0.000046 days


Starting time step 1, stepsize 4.60625e-05 days, at day 0.0859021/0.0860417, date = 01-Jan-2025
 Newton its= 3, linearizations= 4 (0.1sec), linear its= 39 (0.5sec)

Starting time step 2, stepsize 9.35208e-05 days, at day 0.0859481/0.0860417, date = 01-Jan-2025
 Newton its= 4, linearizations= 5 (0.1sec), linear its= 51 (0.7sec)

Report step 413/1000 at day 0.0860417/0.208333, date = 01-Jan-2025

Starting time step 0, stepsize 0.000208333 days, at day 0.0860417/0.08625, date = 01-Jan-2025
 Newton its= 4, linearizations= 5 (0.1sec), linear its= 57 (0.7sec)

Report step 414/1000 at day 0.08625/0.208333, date = 01-Jan-2025

Starting time step 0, stepsize 0.000208333 days, at day 0.08625/0.0864583, date = 01-Jan-2025
 Newton its=10, linearizations=11 (0.2sec), linear its=132 (1.7sec)

Report step 415/1000 at day 0.0864583/0.208333, date = 01-Jan-2025

Starting time step 0, stepsize 0.000208333 days, at day 0.0864583/0.0866667, date = 01-Jan-2025
 Newton its= 5, linearizations= 6 (0.1sec), linear its= 68 (0.8sec)

Report step 416/1000 at day 0.0866667/0.208333, date = 01-Jan-2025

Starting time step 0, stepsize 0.000208333 days, at day 0.0866667/0.086875, date = 01-Jan-2025
 Newton its= 2, linearizations= 3 (0.1sec), linear its= 29 (0.3sec)

Report step 417/1000 at day 0.086875/0.208333, date = 01-Jan-2025

Starting time step 0, stepsize 0.000208333 days, at day 0.086875/0.0870833, date = 01-Jan-2025
    Oscillating behavior detected: Relaxation set to 0.900000
 Newton its= 3, linearizations= 4 (0.1sec), linear its= 33 (0.4sec)

Report step 418/1000 at day 0.0870833/0.208333, date = 01-Jan-2025

Starting time step 0, stepsize 0.000208333 days, at day 0.0870833/0.0872917, date = 01-Jan-2025
 Newton its= 3, linearizations= 4 (0.1sec), linear its= 32 (0.5sec)

Report step 419/1000 at day 0.0872917/0.208333, date = 01-Jan-2025

Starting time step 0, stepsize 0.000208333 days, at day 0.0872917/0.0875, date = 01-Jan-2025
 Newton its= 3, linearizations= 4 (0.1sec), linear its= 33 (0.4sec)

Report step 420/1000 at day 0.0875/0.208333, date = 01-Jan-2025

Starting time step 0, stepsize 0.000208333 days, at day 0.0875/0.0877083, date = 01-Jan-2025
 Newton its= 3, linearizations= 4 (0.1sec), linear its= 32 (0.4sec)

Report step 421/1000 at day 0.0877083/0.208333, date = 01-Jan-2025

Starting time step 0, stepsize 0.000208333 days, at day 0.0877083/0.0879167, date = 01-Jan-2025
 Newton its= 3, linearizations= 4 (0.2sec), linear its= 34 (0.4sec)

Report step 422/1000 at day 0.0879167/0.208333, date = 01-Jan-2025

Starting time step 0, stepsize 0.000208333 days, at day 0.0879167/0.088125, date = 01-Jan-2025
 Newton its= 3, linearizations= 4 (0.1sec), linear its= 32 (0.4sec)

Report step 423/1000 at day 0.088125/0.208333, date = 01-Jan-2025

Starting time step 0, stepsize 0.000208333 days, at day 0.088125/0.0883333, date = 01-Jan-2025
 Newton its= 6, linearizations= 7 (0.1sec), linear its= 72 (0.9sec)

Report step 424/1000 at day 0.0883333/0.208333, date = 01-Jan-2025

Starting time step 0, stepsize 0.000208333 days, at day 0.0883333/0.0885417, date = 01-Jan-2025
 Newton its= 4, linearizations= 5 (0.1sec), linear its= 53 (0.7sec)

Report step 425/1000 at day 0.0885417/0.208333, date = 01-Jan-2025

Starting time step 0, stepsize 0.000208333 days, at day 0.0885417/0.08875, date = 01-Jan-2025
 Newton its= 2, linearizations= 3 (0.1sec), linear its= 26 (0.3sec)

Report step 426/1000 at day 0.08875/0.208333, date = 01-Jan-2025

Starting time step 0, stepsize 0.000208333 days, at day 0.08875/0.0889583, date = 01-Jan-2025
 Newton its= 4, linearizations= 5 (0.1sec), linear its= 47 (0.6sec)

Report step 427/1000 at day 0.0889583/0.208333, date = 01-Jan-2025

Starting time step 0, stepsize 0.000208333 days, at day 0.0889583/0.0891667, date = 01-Jan-2025
 Newton its= 6, linearizations= 7 (0.1sec), linear its= 69 (0.9sec)

Report step 428/1000 at day 0.0891667/0.208333, date = 01-Jan-2025

Starting time step 0, stepsize 0.000208333 days, at day 0.0891667/0.089375, date = 01-Jan-2025
 Newton its= 3, linearizations= 4 (0.1sec), linear its= 34 (0.6sec)

Report step 429/1000 at day 0.089375/0.208333, date = 01-Jan-2025

Starting time step 0, stepsize 0.000208333 days, at day 0.089375/0.0895833, date = 01-Jan-2025
 Newton its= 6, linearizations= 7 (0.1sec), linear its= 72 (0.9sec)

Report step 430/1000 at day 0.0895833/0.208333, date = 01-Jan-2025

Starting time step 0, stepsize 0.000208333 days, at day 0.0895833/0.0897917, date = 01-Jan-2025
 Newton its= 6, linearizations= 7 (0.1sec), linear its= 70 (0.9sec)

Report step 431/1000 at day 0.0897917/0.208333, date = 01-Jan-2025

Starting time step 0, stepsize 0.000208333 days, at day 0.0897917/0.09, date = 01-Jan-2025
 Newton its= 4, linearizations= 5 (0.1sec), linear its= 45 (0.6sec)

Report step 432/1000 at day 0.09/0.208333, date = 01-Jan-2025

Starting time step 0, stepsize 0.000208333 days, at day 0.09/0.0902083, date = 01-Jan-2025
 Newton its= 6, linearizations= 7 (0.1sec), linear its= 71 (0.9sec)

Report step 433/1000 at day 0.0902083/0.208333, date = 01-Jan-2025

Starting time step 0, stepsize 0.000208333 days, at day 0.0902083/0.0904167, date = 01-Jan-2025
 Newton its= 6, linearizations= 7 (0.2sec), linear its= 67 (0.8sec)

Report step 434/1000 at day 0.0904167/0.208333, date = 01-Jan-2025

Starting time step 0, stepsize 0.000208333 days, at day 0.0904167/0.090625, date = 01-Jan-2025
 Newton its= 5, linearizations= 6 (0.1sec), linear its= 59 (0.8sec)

Report step 435/1000 at day 0.090625/0.208333, date = 01-Jan-2025

Starting time step 0, stepsize 0.000208333 days, at day 0.090625/0.0908333, date = 01-Jan-2025
 Newton its= 7, linearizations= 8 (0.1sec), linear its= 71 (1.0sec)

Report step 436/1000 at day 0.0908333/0.208333, date = 01-Jan-2025

Starting time step 0, stepsize 0.000208333 days, at day 0.0908333/0.0910417, date = 01-Jan-2025
 Newton its= 4, linearizations= 5 (0.1sec), linear its= 43 (0.6sec)

Report step 437/1000 at day 0.0910417/0.208333, date = 01-Jan-2025

Starting time step 0, stepsize 0.000208333 days, at day 0.0910417/0.09125, date = 01-Jan-2025
 Newton its= 2, linearizations= 3 (0.1sec), linear its= 24 (0.3sec)

Report step 438/1000 at day 0.09125/0.208333, date = 01-Jan-2025

Starting time step 0, stepsize 0.000208333 days, at day 0.09125/0.0914583, date = 01-Jan-2025
 Newton its= 2, linearizations= 3 (0.0sec), linear its= 24 (0.3sec)

Report step 439/1000 at day 0.0914583/0.208333, date = 01-Jan-2025

Starting time step 0, stepsize 0.000208333 days, at day 0.0914583/0.0916667, date = 01-Jan-2025
 Newton its= 2, linearizations= 3 (0.1sec), linear its= 25 (0.3sec)

Report step 440/1000 at day 0.0916667/0.208333, date = 01-Jan-2025

Starting time step 0, stepsize 0.000208333 days, at day 0.0916667/0.091875, date = 01-Jan-2025
 Newton its= 2, linearizations= 3 (0.1sec), linear its= 25 (0.4sec)

Report step 441/1000 at day 0.091875/0.208333, date = 01-Jan-2025

Starting time step 0, stepsize 0.000208333 days, at day 0.091875/0.0920833, date = 01-Jan-2025
 Newton its= 2, linearizations= 3 (0.1sec), linear its= 25 (0.3sec)

Report step 442/1000 at day 0.0920833/0.208333, date = 01-Jan-2025

Starting time step 0, stepsize 0.000208333 days, at day 0.0920833/0.0922917, date = 01-Jan-2025
 Newton its= 2, linearizations= 3 (0.1sec), linear its= 24 (0.3sec)

Report step 443/1000 at day 0.0922917/0.208333, date = 01-Jan-2025

Starting time step 0, stepsize 0.000208333 days, at day 0.0922917/0.0925, date = 01-Jan-2025
 Newton its= 2, linearizations= 3 (0.1sec), linear its= 25 (0.3sec)

Report step 444/1000 at day 0.0925/0.208333, date = 01-Jan-2025

Starting time step 0, stepsize 0.000208333 days, at day 0.0925/0.0927083, date = 01-Jan-2025
 Newton its= 2, linearizations= 3 (0.1sec), linear its= 26 (0.4sec)

Report step 445/1000 at day 0.0927083/0.208333, date = 01-Jan-2025

Starting time step 0, stepsize 0.000208333 days, at day 0.0927083/0.0929167, date = 01-Jan-2025
 Newton its= 2, linearizations= 3 (0.0sec), linear its= 27 (0.4sec)

Report step 446/1000 at day 0.0929167/0.208333, date = 01-Jan-2025

Starting time step 0, stepsize 0.000208333 days, at day 0.0929167/0.093125, date = 01-Jan-2025
 Newton its= 2, linearizations= 3 (0.1sec), linear its= 28 (0.4sec)

Report step 447/1000 at day 0.093125/0.208333, date = 01-Jan-2025

Starting time step 0, stepsize 0.000208333 days, at day 0.093125/0.0933333, date = 01-Jan-2025
 Newton its= 2, linearizations= 3 (0.1sec), linear its= 29 (0.3sec)

Report step 448/1000 at day 0.0933333/0.208333, date = 01-Jan-2025

Starting time step 0, stepsize 0.000208333 days, at day 0.0933333/0.0935417, date = 01-Jan-2025
 Newton its= 2, linearizations= 3 (0.0sec), linear its= 28 (0.4sec)

Report step 449/1000 at day 0.0935417/0.208333, date = 01-Jan-2025

Starting time step 0, stepsize 0.000208333 days, at day 0.0935417/0.09375, date = 01-Jan-2025
 Newton its= 2, linearizations= 3 (0.1sec), linear its= 28 (0.4sec)

Report step 450/1000 at day 0.09375/0.208333, date = 01-Jan-2025

Starting time step 0, stepsize 0.000208333 days, at day 0.09375/0.0939583, date = 01-Jan-2025
 Newton its= 2, linearizations= 3 (0.1sec), linear its= 30 (0.4sec)

Report step 451/1000 at day 0.0939583/0.208333, date = 01-Jan-2025

Starting time step 0, stepsize 0.000208333 days, at day 0.0939583/0.0941667, date = 01-Jan-2025
 Newton its= 2, linearizations= 3 (0.0sec), linear its= 29 (0.4sec)

Report step 452/1000 at day 0.0941667/0.208333, date = 01-Jan-2025

Starting time step 0, stepsize 0.000208333 days, at day 0.0941667/0.094375, date = 01-Jan-2025
 Newton its= 2, linearizations= 3 (0.0sec), linear its= 30 (0.4sec)

Report step 453/1000 at day 0.094375/0.208333, date = 01-Jan-2025

Starting time step 0, stepsize 0.000208333 days, at day 0.094375/0.0945833, date = 01-Jan-2025
 Newton its= 2, linearizations= 3 (0.1sec), linear its= 29 (0.4sec)

Report step 454/1000 at day 0.0945833/0.208333, date = 01-Jan-2025

Starting time step 0, stepsize 0.000208333 days, at day 0.0945833/0.0947917, date = 01-Jan-2025
 Newton its= 2, linearizations= 3 (0.1sec), linear its= 28 (0.4sec)

Report step 455/1000 at day 0.0947917/0.208333, date = 01-Jan-2025

Starting time step 0, stepsize 0.000208333 days, at day 0.0947917/0.095, date = 01-Jan-2025
 Newton its= 2, linearizations= 3 (0.1sec), linear its= 27 (0.3sec)

Report step 456/1000 at day 0.095/0.208333, date = 01-Jan-2025

Starting time step 0, stepsize 0.000208333 days, at day 0.095/0.0952083, date = 01-Jan-2025
 Newton its= 2, linearizations= 3 (0.1sec), linear its= 25 (0.4sec)

Report step 457/1000 at day 0.0952083/0.208333, date = 01-Jan-2025

Starting time step 0, stepsize 0.000208333 days, at day 0.0952083/0.0954167, date = 01-Jan-2025
 Newton its= 1, linearizations= 2 (0.0sec), linear its= 13 (0.2sec)

Report step 458/1000 at day 0.0954167/0.208333, date = 01-Jan-2025

Starting time step 0, stepsize 0.000208333 days, at day 0.0954167/0.095625, date = 01-Jan-2025
 Newton its= 3, linearizations= 4 (0.1sec), linear its= 39 (0.5sec)

Report step 459/1000 at day 0.095625/0.208333, date = 01-Jan-2025

Starting time step 0, stepsize 0.000208333 days, at day 0.095625/0.0958333, date = 01-Jan-2025
 Newton its= 1, linearizations= 2 (0.0sec), linear its= 12 (0.2sec)

Report step 460/1000 at day 0.0958333/0.208333, date = 01-Jan-2025

Starting time step 0, stepsize 0.000208333 days, at day 0.0958333/0.0960417, date = 01-Jan-2025
 Newton its= 1, linearizations= 2 (0.0sec), linear its= 12 (0.1sec)

Report step 461/1000 at day 0.0960417/0.208333, date = 01-Jan-2025

Starting time step 0, stepsize 0.000208333 days, at day 0.0960417/0.09625, date = 01-Jan-2025
 Newton its= 1, linearizations= 2 (0.0sec), linear its= 11 (0.1sec)

Report step 462/1000 at day 0.09625/0.208333, date = 01-Jan-2025

Starting time step 0, stepsize 0.000208333 days, at day 0.09625/0.0964583, date = 01-Jan-2025
 Newton its= 1, linearizations= 2 (0.0sec), linear its= 12 (0.2sec)

Report step 463/1000 at day 0.0964583/0.208333, date = 01-Jan-2025

Starting time step 0, stepsize 0.000208333 days, at day 0.0964583/0.0966667, date = 01-Jan-2025
 Newton its= 1, linearizations= 2 (0.0sec), linear its= 12 (0.2sec)

Report step 464/1000 at day 0.0966667/0.208333, date = 01-Jan-2025

Starting time step 0, stepsize 0.000208333 days, at day 0.0966667/0.096875, date = 01-Jan-2025
 Newton its= 1, linearizations= 2 (0.0sec), linear its= 12 (0.1sec)

Report step 465/1000 at day 0.096875/0.208333, date = 01-Jan-2025

Starting time step 0, stepsize 0.000208333 days, at day 0.096875/0.0970833, date = 01-Jan-2025
 Newton its= 1, linearizations= 2 (0.1sec), linear its= 12 (0.1sec)

Report step 466/1000 at day 0.0970833/0.208333, date = 01-Jan-2025

Starting time step 0, stepsize 0.000208333 days, at day 0.0970833/0.0972917, date = 01-Jan-2025
 Newton its= 2, linearizations= 3 (0.1sec), linear its= 21 (0.3sec)

Report step 467/1000 at day 0.0972917/0.208333, date = 01-Jan-2025

Starting time step 0, stepsize 0.000208333 days, at day 0.0972917/0.0975, date = 01-Jan-2025
 Newton its= 2, linearizations= 3 (0.0sec), linear its= 23 (0.3sec)

Report step 468/1000 at day 0.0975/0.208333, date = 01-Jan-2025

Starting time step 0, stepsize 0.000208333 days, at day 0.0975/0.0977083, date = 01-Jan-2025
 Newton its= 3, linearizations= 4 (0.1sec), linear its= 36 (0.5sec)

Report step 469/1000 at day 0.0977083/0.208333, date = 01-Jan-2025

Starting time step 0, stepsize 0.000208333 days, at day 0.0977083/0.0979167, date = 01-Jan-2025

Problem: Solver convergence failure - Numerical problem encountered
Timestep chopped to 0.000069 days


Starting time step 0, stepsize 6.875e-05 days, at day 0.0977083/0.0979167, date = 01-Jan-2025
 Newton its= 2, linearizations= 3 (0.0sec), linear its= 27 (0.3sec)

Starting time step 1, stepsize 0.000139583 days, at day 0.0977771/0.0979167, date = 01-Jan-2025
 Newton its=15, linearizations=16 (0.3sec), linear its=190 (2.4sec)

Report step 470/1000 at day 0.0979167/0.208333, date = 01-Jan-2025

Starting time step 0, stepsize 0.000208333 days, at day 0.0979167/0.098125, date = 01-Jan-2025

Problem: Solver convergence failure - Numerical problem encountered
Timestep chopped to 0.000069 days


Starting time step 0, stepsize 6.875e-05 days, at day 0.0979167/0.098125, date = 01-Jan-2025
 Newton its=10, linearizations=11 (0.2sec), linear its=111 (1.5sec)

Starting time step 1, stepsize 5.5e-05 days, at day 0.0979854/0.098125, date = 01-Jan-2025
 Newton its= 5, linearizations= 6 (0.1sec), linear its= 53 (0.7sec)

Starting time step 2, stepsize 8.45833e-05 days, at day 0.0980404/0.098125, date = 01-Jan-2025
 Newton its= 7, linearizations= 8 (0.2sec), linear its= 78 (1.0sec)

Report step 471/1000 at day 0.098125/0.208333, date = 01-Jan-2025

Starting time step 0, stepsize 0.000208333 days, at day 0.098125/0.0983333, date = 01-Jan-2025

Warning: Full linear solver tolerance not achieved. The reduction is:0.000151542 after 20 iterations 

Warning: Full linear solver tolerance not achieved. The reduction is:6.78094e-06 after 20 iterations 
 Newton its= 8, linearizations= 9 (0.2sec), linear its=113 (1.5sec)

Report step 472/1000 at day 0.0983333/0.208333, date = 01-Jan-2025

Starting time step 0, stepsize 0.000208333 days, at day 0.0983333/0.0985417, date = 01-Jan-2025

Problem: Solver convergence failure - Numerical problem encountered
Timestep chopped to 0.000069 days


Starting time step 0, stepsize 6.875e-05 days, at day 0.0983333/0.0985417, date = 01-Jan-2025
 Newton its= 7, linearizations= 8 (0.1sec), linear its= 82 (1.1sec)

Starting time step 1, stepsize 6.97917e-05 days, at day 0.0984021/0.0985417, date = 01-Jan-2025
 Newton its= 5, linearizations= 6 (0.1sec), linear its= 63 (0.8sec)

Starting time step 2, stepsize 6.97917e-05 days, at day 0.0984719/0.0985417, date = 01-Jan-2025
 Newton its= 5, linearizations= 6 (0.1sec), linear its= 60 (0.8sec)

Report step 473/1000 at day 0.0985417/0.208333, date = 01-Jan-2025

Starting time step 0, stepsize 0.000208333 days, at day 0.0985417/0.09875, date = 01-Jan-2025

Problem: Solver convergence failure - Numerical problem encountered
Timestep chopped to 0.000069 days


Starting time step 0, stepsize 6.875e-05 days, at day 0.0985417/0.09875, date = 01-Jan-2025
 Newton its= 4, linearizations= 5 (0.1sec), linear its= 49 (0.6sec)

Starting time step 1, stepsize 0.000139583 days, at day 0.0986104/0.09875, date = 01-Jan-2025
 Newton its= 7, linearizations= 8 (0.1sec), linear its=105 (1.3sec)

Report step 474/1000 at day 0.09875/0.208333, date = 01-Jan-2025

Starting time step 0, stepsize 0.000208333 days, at day 0.09875/0.0989583, date = 01-Jan-2025

Warning: Full linear solver tolerance not achieved. The reduction is:0.00166054 after 20 iterations 

Warning: Full linear solver tolerance not achieved. The reduction is:0.00263451 after 20 iterations 

Warning: Full linear solver tolerance not achieved. The reduction is:0.00222716 after 20 iterations 

Warning: Full linear solver tolerance not achieved. The reduction is:0.00023321 after 20 iterations 

Warning: Full linear solver tolerance not achieved. The reduction is:0.00103757 after 20 iterations 

Warning: Full linear solver tolerance not achieved. The reduction is:0.000895048 after 20 iterations 

Warning: Full linear solver tolerance not achieved. The reduction is:0.00558577 after 20 iterations 

Warning: Full linear solver tolerance not achieved. The reduction is:0.00137885 after 20 iterations 
 Newton its= 8, linearizations= 9 (0.2sec), linear its=160 (2.0sec)

Report step 475/1000 at day 0.0989583/0.208333, date = 01-Jan-2025

Starting time step 0, stepsize 0.000208333 days, at day 0.0989583/0.0991667, date = 01-Jan-2025

Warning: Full linear solver tolerance not achieved. The reduction is:0.00253285 after 20 iterations 

Warning: Full linear solver tolerance not achieved. The reduction is:0.000154847 after 20 iterations 

Warning: Full linear solver tolerance not achieved. The reduction is:0.000881911 after 20 iterations 

Warning: Full linear solver tolerance not achieved. The reduction is:4.50981e-05 after 20 iterations 

Warning: Full linear solver tolerance not achieved. The reduction is:0.000481689 after 20 iterations 

Warning: Full linear solver tolerance not achieved. The reduction is:0.00033232 after 20 iterations 

Warning: Full linear solver tolerance not achieved. The reduction is:8.2548e-05 after 20 iterations 
 Newton its= 7, linearizations= 8 (0.1sec), linear its=140 (1.7sec)

Report step 476/1000 at day 0.0991667/0.208333, date = 01-Jan-2025

Starting time step 0, stepsize 0.000208333 days, at day 0.0991667/0.099375, date = 01-Jan-2025

Warning: Full linear solver tolerance not achieved. The reduction is:0.000413895 after 20 iterations 

Warning: Full linear solver tolerance not achieved. The reduction is:0.000253059 after 20 iterations 

Problem: Solver convergence failure - Numerical problem encountered
Timestep chopped to 0.000069 days


Starting time step 0, stepsize 6.875e-05 days, at day 0.0991667/0.099375, date = 01-Jan-2025
 Newton its= 5, linearizations= 6 (0.1sec), linear its= 67 (0.8sec)

Starting time step 1, stepsize 0.000139583 days, at day 0.0992354/0.099375, date = 01-Jan-2025

Warning: Full linear solver tolerance not achieved. The reduction is:5.65898e-06 after 20 iterations 
 Newton its= 7, linearizations= 8 (0.1sec), linear its=122 (1.4sec)

Report step 477/1000 at day 0.099375/0.208333, date = 01-Jan-2025

Starting time step 0, stepsize 0.000208333 days, at day 0.099375/0.0995833, date = 01-Jan-2025

Warning: Full linear solver tolerance not achieved. The reduction is:0.0032425 after 20 iterations 

Warning: Full linear solver tolerance not achieved. The reduction is:0.000444968 after 20 iterations 

Problem: Solver convergence failure - Numerical problem encountered
Timestep chopped to 0.000069 days


Starting time step 0, stepsize 6.875e-05 days, at day 0.099375/0.0995833, date = 01-Jan-2025
 Newton its= 4, linearizations= 5 (0.1sec), linear its= 53 (0.7sec)

Starting time step 1, stepsize 0.000139583 days, at day 0.0994438/0.0995833, date = 01-Jan-2025

Warning: Full linear solver tolerance not achieved. The reduction is:8.32807e-06 after 20 iterations 

Warning: Full linear solver tolerance not achieved. The reduction is:3.93922e-05 after 20 iterations 
 Newton its= 5, linearizations= 6 (0.1sec), linear its= 96 (1.1sec)

Report step 478/1000 at day 0.0995833/0.208333, date = 01-Jan-2025

Starting time step 0, stepsize 0.000208333 days, at day 0.0995833/0.0997917, date = 01-Jan-2025

Problem: Solver convergence failure - Numerical problem encountered
Timestep chopped to 0.000069 days


Starting time step 0, stepsize 6.875e-05 days, at day 0.0995833/0.0997917, date = 01-Jan-2025
 Newton its= 8, linearizations= 9 (0.2sec), linear its= 95 (1.3sec)

Starting time step 1, stepsize 6.875e-05 days, at day 0.0996521/0.0997917, date = 01-Jan-2025
 Newton its= 5, linearizations= 6 (0.1sec), linear its= 59 (0.8sec)

Starting time step 2, stepsize 7.08333e-05 days, at day 0.0997208/0.0997917, date = 01-Jan-2025
 Newton its= 4, linearizations= 5 (0.1sec), linear its= 49 (0.6sec)

Report step 479/1000 at day 0.0997917/0.208333, date = 01-Jan-2025

Starting time step 0, stepsize 0.000208333 days, at day 0.0997917/0.1, date = 01-Jan-2025

Problem: Solver convergence failure - Numerical problem encountered
Timestep chopped to 0.000069 days


Starting time step 0, stepsize 6.875e-05 days, at day 0.0997917/0.1, date = 01-Jan-2025
 Newton its= 4, linearizations= 5 (0.1sec), linear its= 51 (0.7sec)

Starting time step 1, stepsize 0.000139583 days, at day 0.0998604/0.1, date = 01-Jan-2025
 Newton its= 5, linearizations= 6 (0.1sec), linear its= 81 (1.0sec)

Report step 480/1000 at day 0.1/0.208333, date = 01-Jan-2025

Starting time step 0, stepsize 0.000208333 days, at day 0.1/0.100208, date = 01-Jan-2025

Warning: Full linear solver tolerance not achieved. The reduction is:0.00643842 after 20 iterations 

Warning: Full linear solver tolerance not achieved. The reduction is:0.000119977 after 20 iterations 

Warning: Full linear solver tolerance not achieved. The reduction is:0.00133272 after 20 iterations 

Warning: Full linear solver tolerance not achieved. The reduction is:5.4536e-05 after 20 iterations 

Warning: Full linear solver tolerance not achieved. The reduction is:0.000432275 after 20 iterations 

Warning: Full linear solver tolerance not achieved. The reduction is:0.000372324 after 20 iterations 

Warning: Full linear solver tolerance not achieved. The reduction is:0.00347776 after 20 iterations 

Warning: Full linear solver tolerance not achieved. The reduction is:0.000549541 after 20 iterations 

Warning: Full linear solver tolerance not achieved. The reduction is:0.000239158 after 20 iterations 
 Newton its= 9, linearizations=10 (0.2sec), linear its=180 (2.2sec)

Report step 481/1000 at day 0.100208/0.208333, date = 01-Jan-2025

Starting time step 0, stepsize 0.000208333 days, at day 0.100208/0.100417, date = 01-Jan-2025

Warning: Full linear solver tolerance not achieved. The reduction is:0.00039749 after 20 iterations 

Warning: Full linear solver tolerance not achieved. The reduction is:0.000389124 after 20 iterations 

Warning: Full linear solver tolerance not achieved. The reduction is:0.000584977 after 20 iterations 

Warning: Full linear solver tolerance not achieved. The reduction is:7.15475e-06 after 20 iterations 

Warning: Full linear solver tolerance not achieved. The reduction is:2.9155e-05 after 20 iterations 

Warning: Full linear solver tolerance not achieved. The reduction is:1.18161e-05 after 20 iterations 

Warning: Full linear solver tolerance not achieved. The reduction is:0.000183992 after 20 iterations 

Warning: Full linear solver tolerance not achieved. The reduction is:7.52697e-06 after 20 iterations 
 Newton its= 8, linearizations= 9 (0.2sec), linear its=160 (1.9sec)

Report step 482/1000 at day 0.100417/0.208333, date = 01-Jan-2025

Starting time step 0, stepsize 0.000208333 days, at day 0.100417/0.100625, date = 01-Jan-2025

Warning: Full linear solver tolerance not achieved. The reduction is:0.000423508 after 20 iterations 

Warning: Full linear solver tolerance not achieved. The reduction is:6.53697e-05 after 20 iterations 

Warning: Full linear solver tolerance not achieved. The reduction is:2.55421e-05 after 20 iterations 
 Newton its= 5, linearizations= 6 (0.1sec), linear its= 95 (1.1sec)

Report step 483/1000 at day 0.100625/0.208333, date = 01-Jan-2025

Starting time step 0, stepsize 0.000208333 days, at day 0.100625/0.100833, date = 01-Jan-2025

Warning: Full linear solver tolerance not achieved. The reduction is:6.88425e-05 after 20 iterations 

Warning: Full linear solver tolerance not achieved. The reduction is:1.09036e-05 after 20 iterations 
 Newton its= 8, linearizations= 9 (0.2sec), linear its=145 (1.8sec)

Report step 484/1000 at day 0.100833/0.208333, date = 01-Jan-2025

Starting time step 0, stepsize 0.000208333 days, at day 0.100833/0.101042, date = 01-Jan-2025

Warning: Full linear solver tolerance not achieved. The reduction is:0.000102503 after 20 iterations 

Warning: Full linear solver tolerance not achieved. The reduction is:1.22456e-05 after 20 iterations 
 Newton its= 9, linearizations=10 (0.2sec), linear its=152 (1.8sec)

Report step 485/1000 at day 0.101042/0.208333, date = 01-Jan-2025

Starting time step 0, stepsize 0.000208333 days, at day 0.101042/0.10125, date = 01-Jan-2025
 Newton its= 6, linearizations= 7 (0.2sec), linear its= 83 (1.1sec)

Report step 486/1000 at day 0.10125/0.208333, date = 01-Jan-2025

Starting time step 0, stepsize 0.000208333 days, at day 0.10125/0.101458, date = 01-Jan-2025
 Newton its= 6, linearizations= 7 (0.2sec), linear its= 81 (1.0sec)

Report step 487/1000 at day 0.101458/0.208333, date = 01-Jan-2025

Starting time step 0, stepsize 0.000208333 days, at day 0.101458/0.101667, date = 01-Jan-2025
 Newton its= 7, linearizations= 8 (0.1sec), linear its= 87 (1.2sec)

Report step 488/1000 at day 0.101667/0.208333, date = 01-Jan-2025

Starting time step 0, stepsize 0.000208333 days, at day 0.101667/0.101875, date = 01-Jan-2025
 Newton its= 5, linearizations= 6 (0.1sec), linear its= 60 (0.8sec)

Report step 489/1000 at day 0.101875/0.208333, date = 01-Jan-2025

Starting time step 0, stepsize 0.000208333 days, at day 0.101875/0.102083, date = 01-Jan-2025
 Newton its= 6, linearizations= 7 (0.1sec), linear its= 68 (1.0sec)

Report step 490/1000 at day 0.102083/0.208333, date = 01-Jan-2025

Starting time step 0, stepsize 0.000208333 days, at day 0.102083/0.102292, date = 01-Jan-2025
 Newton its= 7, linearizations= 8 (0.2sec), linear its= 81 (1.1sec)

Report step 491/1000 at day 0.102292/0.208333, date = 01-Jan-2025

Starting time step 0, stepsize 0.000208333 days, at day 0.102292/0.1025, date = 01-Jan-2025
 Newton its= 8, linearizations= 9 (0.2sec), linear its= 91 (1.1sec)

Report step 492/1000 at day 0.1025/0.208333, date = 01-Jan-2025

Starting time step 0, stepsize 0.000208333 days, at day 0.1025/0.102708, date = 01-Jan-2025
 Newton its= 6, linearizations= 7 (0.2sec), linear its= 58 (0.7sec)

Report step 493/1000 at day 0.102708/0.208333, date = 01-Jan-2025

Starting time step 0, stepsize 0.000208333 days, at day 0.102708/0.102917, date = 01-Jan-2025
 Newton its= 6, linearizations= 7 (0.1sec), linear its= 68 (0.9sec)

Report step 494/1000 at day 0.102917/0.208333, date = 01-Jan-2025

Starting time step 0, stepsize 0.000208333 days, at day 0.102917/0.103125, date = 01-Jan-2025
 Newton its= 6, linearizations= 7 (0.1sec), linear its= 77 (0.9sec)

Report step 495/1000 at day 0.103125/0.208333, date = 01-Jan-2025

Starting time step 0, stepsize 0.000208333 days, at day 0.103125/0.103333, date = 01-Jan-2025
 Newton its= 6, linearizations= 7 (0.1sec), linear its= 64 (0.9sec)

Report step 496/1000 at day 0.103333/0.208333, date = 01-Jan-2025

Starting time step 0, stepsize 0.000208333 days, at day 0.103333/0.103542, date = 01-Jan-2025
 Newton its= 4, linearizations= 5 (0.1sec), linear its= 45 (0.5sec)

Report step 497/1000 at day 0.103542/0.208333, date = 01-Jan-2025

Starting time step 0, stepsize 0.000208333 days, at day 0.103542/0.10375, date = 01-Jan-2025
 Newton its= 2, linearizations= 3 (0.1sec), linear its= 28 (0.3sec)

Report step 498/1000 at day 0.10375/0.208333, date = 01-Jan-2025

Starting time step 0, stepsize 0.000208333 days, at day 0.10375/0.103958, date = 01-Jan-2025
 Newton its= 5, linearizations= 6 (0.1sec), linear its= 69 (0.8sec)

Report step 499/1000 at day 0.103958/0.208333, date = 01-Jan-2025

Starting time step 0, stepsize 0.000208333 days, at day 0.103958/0.104167, date = 01-Jan-2025
 Newton its= 3, linearizations= 4 (0.1sec), linear its= 39 (0.4sec)

Report step 500/1000 at day 0.104167/0.208333, date = 01-Jan-2025

Starting time step 0, stepsize 0.000208333 days, at day 0.104167/0.104375, date = 01-Jan-2025
 Newton its=11, linearizations=12 (0.2sec), linear its=118 (1.5sec)

Report step 501/1000 at day 0.104375/0.208333, date = 01-Jan-2025

Starting time step 0, stepsize 0.000208333 days, at day 0.104375/0.104583, date = 01-Jan-2025
    Oscillating behavior detected: Relaxation set to 0.900000
 Newton its=14, linearizations=15 (0.3sec), linear its=147 (2.0sec)

Report step 502/1000 at day 0.104583/0.208333, date = 01-Jan-2025

Starting time step 0, stepsize 0.000208333 days, at day 0.104583/0.104792, date = 01-Jan-2025
    Oscillating behavior detected: Relaxation set to 0.900000
 Newton its=14, linearizations=15 (0.2sec), linear its=147 (2.1sec)

Report step 503/1000 at day 0.104792/0.208333, date = 01-Jan-2025

Starting time step 0, stepsize 0.000208333 days, at day 0.104792/0.105, date = 01-Jan-2025
    Oscillating behavior detected: Relaxation set to 0.900000
 Newton its=14, linearizations=15 (0.3sec), linear its=143 (1.9sec)

Report step 504/1000 at day 0.105/0.208333, date = 01-Jan-2025

Starting time step 0, stepsize 0.000208333 days, at day 0.105/0.105208, date = 01-Jan-2025
 Newton its=12, linearizations=13 (0.3sec), linear its=127 (1.7sec)

Report step 505/1000 at day 0.105208/0.208333, date = 01-Jan-2025

Starting time step 0, stepsize 0.000208333 days, at day 0.105208/0.105417, date = 01-Jan-2025
 Newton its=10, linearizations=11 (0.2sec), linear its=117 (1.5sec)

Report step 506/1000 at day 0.105417/0.208333, date = 01-Jan-2025

Starting time step 0, stepsize 0.000208333 days, at day 0.105417/0.105625, date = 01-Jan-2025

Problem: Solver convergence failure - Iteration limit reached
Timestep chopped to 0.000069 days


Starting time step 0, stepsize 6.875e-05 days, at day 0.105417/0.105625, date = 01-Jan-2025
 Newton its= 6, linearizations= 7 (0.1sec), linear its= 67 (0.9sec)

Starting time step 1, stepsize 6.97917e-05 days, at day 0.105485/0.105625, date = 01-Jan-2025
 Newton its= 7, linearizations= 8 (0.2sec), linear its= 76 (1.0sec)

Starting time step 2, stepsize 6.97917e-05 days, at day 0.105555/0.105625, date = 01-Jan-2025

Problem: Solver convergence failure - Iteration limit reached
Timestep chopped to 0.000023 days


Starting time step 2, stepsize 2.30312e-05 days, at day 0.105555/0.105625, date = 01-Jan-2025
 Newton its= 3, linearizations= 4 (0.1sec), linear its= 32 (0.5sec)

Starting time step 3, stepsize 4.67604e-05 days, at day 0.105578/0.105625, date = 01-Jan-2025
 Newton its= 8, linearizations= 9 (0.4sec), linear its=102 (2.1sec)

Report step 507/1000 at day 0.105625/0.208333, date = 01-Jan-2025

Starting time step 0, stepsize 0.000208333 days, at day 0.105625/0.105833, date = 01-Jan-2025

Problem: Solver convergence failure - Iteration limit reached
Timestep chopped to 0.000069 days


Starting time step 0, stepsize 6.875e-05 days, at day 0.105625/0.105833, date = 01-Jan-2025
 Newton its= 6, linearizations= 7 (0.2sec), linear its= 65 (0.9sec)

Starting time step 1, stepsize 6.97917e-05 days, at day 0.105694/0.105833, date = 01-Jan-2025
 Newton its= 7, linearizations= 8 (0.2sec), linear its= 76 (1.1sec)

Starting time step 2, stepsize 6.97917e-05 days, at day 0.105764/0.105833, date = 01-Jan-2025
 Newton its= 6, linearizations= 7 (0.1sec), linear its= 63 (0.9sec)

Report step 508/1000 at day 0.105833/0.208333, date = 01-Jan-2025

Starting time step 0, stepsize 0.000208333 days, at day 0.105833/0.106042, date = 01-Jan-2025
 Newton its= 9, linearizations=10 (0.3sec), linear its= 99 (1.6sec)

Report step 509/1000 at day 0.106042/0.208333, date = 01-Jan-2025

Starting time step 0, stepsize 0.000208333 days, at day 0.106042/0.10625, date = 01-Jan-2025

Problem: Solver convergence failure - Iteration limit reached
Timestep chopped to 0.000069 days


Starting time step 0, stepsize 6.875e-05 days, at day 0.106042/0.10625, date = 01-Jan-2025
 Newton its= 6, linearizations= 7 (0.1sec), linear its= 71 (0.9sec)

Starting time step 1, stepsize 6.97917e-05 days, at day 0.10611/0.10625, date = 01-Jan-2025
 Newton its= 2, linearizations= 3 (0.0sec), linear its= 25 (0.3sec)

Starting time step 2, stepsize 6.97917e-05 days, at day 0.10618/0.10625, date = 01-Jan-2025
 Newton its= 6, linearizations= 7 (0.1sec), linear its= 59 (0.9sec)

Report step 510/1000 at day 0.10625/0.208333, date = 01-Jan-2025

Starting time step 0, stepsize 0.000208333 days, at day 0.10625/0.106458, date = 01-Jan-2025
 Newton its=11, linearizations=12 (0.3sec), linear its=127 (2.3sec)

Report step 511/1000 at day 0.106458/0.208333, date = 01-Jan-2025

Starting time step 0, stepsize 0.000208333 days, at day 0.106458/0.106667, date = 01-Jan-2025
 Newton its= 8, linearizations= 9 (0.2sec), linear its= 89 (1.4sec)

Report step 512/1000 at day 0.106667/0.208333, date = 01-Jan-2025

Starting time step 0, stepsize 0.000208333 days, at day 0.106667/0.106875, date = 01-Jan-2025
 Newton its=11, linearizations=12 (0.3sec), linear its=112 (1.6sec)

Report step 513/1000 at day 0.106875/0.208333, date = 01-Jan-2025

Starting time step 0, stepsize 0.000208333 days, at day 0.106875/0.107083, date = 01-Jan-2025
 Newton its= 7, linearizations= 8 (0.1sec), linear its= 69 (1.0sec)

Report step 514/1000 at day 0.107083/0.208333, date = 01-Jan-2025

Starting time step 0, stepsize 0.000208333 days, at day 0.107083/0.107292, date = 01-Jan-2025
 Newton its= 7, linearizations= 8 (0.1sec), linear its= 79 (1.1sec)

Report step 515/1000 at day 0.107292/0.208333, date = 01-Jan-2025

Starting time step 0, stepsize 0.000208333 days, at day 0.107292/0.1075, date = 01-Jan-2025
 Newton its=10, linearizations=11 (0.3sec), linear its=115 (1.8sec)

Report step 516/1000 at day 0.1075/0.208333, date = 01-Jan-2025

Starting time step 0, stepsize 0.000208333 days, at day 0.1075/0.107708, date = 01-Jan-2025
 Newton its= 5, linearizations= 6 (0.1sec), linear its= 57 (0.9sec)

Report step 517/1000 at day 0.107708/0.208333, date = 01-Jan-2025

Starting time step 0, stepsize 0.000208333 days, at day 0.107708/0.107917, date = 01-Jan-2025
 Newton its=11, linearizations=12 (0.3sec), linear its=124 (2.2sec)

Report step 518/1000 at day 0.107917/0.208333, date = 01-Jan-2025

Starting time step 0, stepsize 0.000208333 days, at day 0.107917/0.108125, date = 01-Jan-2025
 Newton its= 5, linearizations= 6 (0.2sec), linear its= 53 (0.8sec)

Report step 519/1000 at day 0.108125/0.208333, date = 01-Jan-2025

Starting time step 0, stepsize 0.000208333 days, at day 0.108125/0.108333, date = 01-Jan-2025
 Newton its= 9, linearizations=10 (0.3sec), linear its=101 (1.7sec)

Report step 520/1000 at day 0.108333/0.208333, date = 01-Jan-2025

Starting time step 0, stepsize 0.000208333 days, at day 0.108333/0.108542, date = 01-Jan-2025
 Newton its=11, linearizations=12 (0.3sec), linear its=114 (1.7sec)

Report step 521/1000 at day 0.108542/0.208333, date = 01-Jan-2025

Starting time step 0, stepsize 0.000208333 days, at day 0.108542/0.10875, date = 01-Jan-2025
 Newton its=11, linearizations=12 (0.4sec), linear its=118 (1.8sec)

Report step 522/1000 at day 0.10875/0.208333, date = 01-Jan-2025

Starting time step 0, stepsize 0.000208333 days, at day 0.10875/0.108958, date = 01-Jan-2025
 Newton its= 8, linearizations= 9 (0.2sec), linear its= 88 (1.5sec)

Report step 523/1000 at day 0.108958/0.208333, date = 01-Jan-2025

Starting time step 0, stepsize 0.000208333 days, at day 0.108958/0.109167, date = 01-Jan-2025
 Newton its=10, linearizations=11 (0.3sec), linear its=108 (2.1sec)

Report step 524/1000 at day 0.109167/0.208333, date = 01-Jan-2025

Starting time step 0, stepsize 0.000208333 days, at day 0.109167/0.109375, date = 01-Jan-2025
 Newton its=10, linearizations=11 (0.4sec), linear its=107 (1.8sec)

Report step 525/1000 at day 0.109375/0.208333, date = 01-Jan-2025

Starting time step 0, stepsize 0.000208333 days, at day 0.109375/0.109583, date = 01-Jan-2025
 Newton its=10, linearizations=11 (0.3sec), linear its=108 (1.6sec)

Report step 526/1000 at day 0.109583/0.208333, date = 01-Jan-2025

Starting time step 0, stepsize 0.000208333 days, at day 0.109583/0.109792, date = 01-Jan-2025
 Newton its=10, linearizations=11 (0.3sec), linear its=113 (1.5sec)

Report step 527/1000 at day 0.109792/0.208333, date = 01-Jan-2025

Starting time step 0, stepsize 0.000208333 days, at day 0.109792/0.11, date = 01-Jan-2025
 Newton its= 9, linearizations=10 (0.3sec), linear its= 98 (1.5sec)

Report step 528/1000 at day 0.11/0.208333, date = 01-Jan-2025

Starting time step 0, stepsize 0.000208333 days, at day 0.11/0.110208, date = 01-Jan-2025
 Newton its=13, linearizations=14 (0.3sec), linear its=129 (2.0sec)

Report step 529/1000 at day 0.110208/0.208333, date = 01-Jan-2025

Starting time step 0, stepsize 0.000208333 days, at day 0.110208/0.110417, date = 01-Jan-2025
 Newton its= 9, linearizations=10 (0.2sec), linear its= 94 (1.3sec)

Report step 530/1000 at day 0.110417/0.208333, date = 01-Jan-2025

Starting time step 0, stepsize 0.000208333 days, at day 0.110417/0.110625, date = 01-Jan-2025
 Newton its=10, linearizations=11 (0.2sec), linear its= 94 (1.3sec)

Report step 531/1000 at day 0.110625/0.208333, date = 01-Jan-2025

Starting time step 0, stepsize 0.000208333 days, at day 0.110625/0.110833, date = 01-Jan-2025

Warning: Full linear solver tolerance not achieved. The reduction is:8.11843e-05 after 20 iterations 

Problem: Solver convergence failure - Numerical problem encountered
Timestep chopped to 0.000069 days


Starting time step 0, stepsize 6.875e-05 days, at day 0.110625/0.110833, date = 01-Jan-2025

Problem: Solver convergence failure - Numerical problem encountered
Timestep chopped to 0.000023 days


Starting time step 0, stepsize 2.26875e-05 days, at day 0.110625/0.110833, date = 01-Jan-2025

Warning: Full linear solver tolerance not achieved. The reduction is:0.000169988 after 20 iterations 

Problem: Solver convergence failure - Numerical problem encountered
Timestep chopped to 0.000007 days


Starting time step 0, stepsize 7.48688e-06 days, at day 0.110625/0.110833, date = 01-Jan-2025

Problem: Solver convergence failure - Numerical problem encountered
Timestep chopped to 0.000002 days


Starting time step 0, stepsize 2.47067e-06 days, at day 0.110625/0.110833, date = 01-Jan-2025
 Newton its= 1, linearizations= 2 (0.1sec), linear its= 11 (0.1sec)

Starting time step 1, stepsize 4.94134e-06 days, at day 0.110627/0.110833, date = 01-Jan-2025
 Newton its= 1, linearizations= 2 (0.0sec), linear its= 11 (0.2sec)

Starting time step 2, stepsize 1.4824e-05 days, at day 0.110632/0.110833, date = 01-Jan-2025
 Newton its= 6, linearizations= 7 (0.2sec), linear its= 69 (1.2sec)

Starting time step 3, stepsize 2.66832e-05 days, at day 0.110647/0.110833, date = 01-Jan-2025
 Newton its= 4, linearizations= 5 (0.1sec), linear its= 39 (0.7sec)

Starting time step 4, stepsize 6.93764e-05 days, at day 0.110674/0.110833, date = 01-Jan-2025
 Newton its= 2, linearizations= 3 (0.1sec), linear its= 24 (0.4sec)

Starting time step 5, stepsize 9.00377e-05 days, at day 0.110743/0.110833, date = 01-Jan-2025
 Newton its= 6, linearizations= 7 (0.3sec), linear its= 66 (1.2sec)

Report step 532/1000 at day 0.110833/0.208333, date = 01-Jan-2025

Starting time step 0, stepsize 0.000208333 days, at day 0.110833/0.111042, date = 01-Jan-2025
 Newton its=12, linearizations=13 (0.3sec), linear its=123 (1.8sec)

Report step 533/1000 at day 0.111042/0.208333, date = 01-Jan-2025

Starting time step 0, stepsize 0.000208333 days, at day 0.111042/0.11125, date = 01-Jan-2025
 Newton its=11, linearizations=12 (0.3sec), linear its=113 (1.8sec)

Report step 534/1000 at day 0.11125/0.208333, date = 01-Jan-2025

Starting time step 0, stepsize 0.000208333 days, at day 0.11125/0.111458, date = 01-Jan-2025
 Newton its=10, linearizations=11 (0.3sec), linear its=100 (1.4sec)

Report step 535/1000 at day 0.111458/0.208333, date = 01-Jan-2025

Starting time step 0, stepsize 0.000208333 days, at day 0.111458/0.111667, date = 01-Jan-2025
 Newton its= 7, linearizations= 8 (0.2sec), linear its= 71 (1.0sec)

Report step 536/1000 at day 0.111667/0.208333, date = 01-Jan-2025

Starting time step 0, stepsize 0.000208333 days, at day 0.111667/0.111875, date = 01-Jan-2025
 Newton its=10, linearizations=11 (0.3sec), linear its=103 (1.5sec)

Report step 537/1000 at day 0.111875/0.208333, date = 01-Jan-2025

Starting time step 0, stepsize 0.000208333 days, at day 0.111875/0.112083, date = 01-Jan-2025

Problem: Solver convergence failure - Iteration limit reached
Timestep chopped to 0.000069 days


Starting time step 0, stepsize 6.875e-05 days, at day 0.111875/0.112083, date = 01-Jan-2025
 Newton its= 5, linearizations= 6 (0.1sec), linear its= 54 (0.8sec)

Starting time step 1, stepsize 0.000139583 days, at day 0.111944/0.112083, date = 01-Jan-2025
 Newton its=17, linearizations=18 (0.5sec), linear its=192 (3.1sec)

Report step 538/1000 at day 0.112083/0.208333, date = 01-Jan-2025

Starting time step 0, stepsize 0.000208333 days, at day 0.112083/0.112292, date = 01-Jan-2025

Warning: Full linear solver tolerance not achieved. The reduction is:1.76763e-05 after 20 iterations 

Warning: Full linear solver tolerance not achieved. The reduction is:0.0085751 after 20 iterations 

Problem: [/Users/macbookn/hackatonwork/opm-simulators/opm/simulators/flow/BlackoilModel.hpp:367] NaN residual found!

Problem: Solver convergence failure - Numerical problem encountered
Timestep chopped to 0.000069 days


Starting time step 0, stepsize 6.875e-05 days, at day 0.112083/0.112292, date = 01-Jan-2025

Problem: Solver convergence failure - Numerical problem encountered
Timestep chopped to 0.000023 days


Starting time step 0, stepsize 2.26875e-05 days, at day 0.112083/0.112292, date = 01-Jan-2025
 Newton its= 4, linearizations= 5 (0.1sec), linear its= 42 (0.8sec)

Starting time step 1, stepsize 4.5375e-05 days, at day 0.112106/0.112292, date = 01-Jan-2025
 Newton its= 3, linearizations= 4 (0.1sec), linear its= 35 (0.7sec)

Starting time step 2, stepsize 0.000140271 days, at day 0.112151/0.112292, date = 01-Jan-2025
 Newton its= 8, linearizations= 9 (0.4sec), linear its= 84 (1.5sec)

Report step 539/1000 at day 0.112292/0.208333, date = 01-Jan-2025

Starting time step 0, stepsize 0.000208333 days, at day 0.112292/0.1125, date = 01-Jan-2025
 Newton its=14, linearizations=15 (0.3sec), linear its=135 (2.3sec)

Report step 540/1000 at day 0.1125/0.208333, date = 01-Jan-2025

Starting time step 0, stepsize 0.000208333 days, at day 0.1125/0.112708, date = 01-Jan-2025

Warning: Full linear solver tolerance not achieved. The reduction is:0.000230398 after 20 iterations 

Warning: Full linear solver tolerance not achieved. The reduction is:1.14915e-05 after 20 iterations 

Warning: Full linear solver tolerance not achieved. The reduction is:0.000834386 after 20 iterations 

Warning: Full linear solver tolerance not achieved. The reduction is:0.0054633 after 20 iterations 

Warning: Full linear solver tolerance not achieved. The reduction is:7.33134e-05 after 20 iterations 

Warning: Full linear solver tolerance not achieved. The reduction is:0.00706555 after 20 iterations 

Problem: Solver convergence failure - Numerical problem encountered
Timestep chopped to 0.000069 days


Starting time step 0, stepsize 6.875e-05 days, at day 0.1125/0.112708, date = 01-Jan-2025

Problem: Solver convergence failure - Numerical problem encountered
Timestep chopped to 0.000023 days


Starting time step 0, stepsize 2.26875e-05 days, at day 0.1125/0.112708, date = 01-Jan-2025
 Newton its= 4, linearizations= 5 (0.1sec), linear its= 48 (0.7sec)

Starting time step 1, stepsize 4.5375e-05 days, at day 0.112523/0.112708, date = 01-Jan-2025
 Newton its= 5, linearizations= 6 (0.1sec), linear its= 40 (0.6sec)

Starting time step 2, stepsize 7.01354e-05 days, at day 0.112568/0.112708, date = 01-Jan-2025
 Newton its= 7, linearizations= 8 (0.2sec), linear its= 80 (1.1sec)

Starting time step 3, stepsize 7.01354e-05 days, at day 0.112638/0.112708, date = 01-Jan-2025
 Newton its= 4, linearizations= 5 (0.1sec), linear its= 43 (0.6sec)

Report step 541/1000 at day 0.112708/0.208333, date = 01-Jan-2025

Starting time step 0, stepsize 0.000208333 days, at day 0.112708/0.112917, date = 01-Jan-2025
 Newton its=13, linearizations=14 (0.3sec), linear its=137 (2.0sec)

Report step 542/1000 at day 0.112917/0.208333, date = 01-Jan-2025

Starting time step 0, stepsize 0.000208333 days, at day 0.112917/0.113125, date = 01-Jan-2025
    Oscillating behavior detected: Relaxation set to 0.900000

Warning: Full linear solver tolerance not achieved. The reduction is:5.40158e-06 after 20 iterations 

Problem: Solver convergence failure - Numerical problem encountered
Timestep chopped to 0.000069 days


Starting time step 0, stepsize 6.875e-05 days, at day 0.112917/0.113125, date = 01-Jan-2025

Warning: Full linear solver tolerance not achieved. The reduction is:0.00220737 after 20 iterations 

Warning: Full linear solver tolerance not achieved. The reduction is:0.00266125 after 20 iterations 

Problem: Solver convergence failure - Numerical problem encountered
Timestep chopped to 0.000023 days


Starting time step 0, stepsize 2.26875e-05 days, at day 0.112917/0.113125, date = 01-Jan-2025

Problem: Solver convergence failure - Numerical problem encountered
Timestep chopped to 0.000007 days


Starting time step 0, stepsize 7.48688e-06 days, at day 0.112917/0.113125, date = 01-Jan-2025
 Newton its= 2, linearizations= 3 (0.1sec), linear its= 25 (0.3sec)

Starting time step 1, stepsize 1.49738e-05 days, at day 0.112924/0.113125, date = 01-Jan-2025
 Newton its= 2, linearizations= 3 (0.1sec), linear its= 24 (0.3sec)

Starting time step 2, stepsize 4.49213e-05 days, at day 0.112939/0.113125, date = 01-Jan-2025
 Newton its= 4, linearizations= 5 (0.1sec), linear its= 34 (0.5sec)

Starting time step 3, stepsize 7.04757e-05 days, at day 0.112984/0.113125, date = 01-Jan-2025
 Newton its= 6, linearizations= 7 (0.1sec), linear its= 61 (0.9sec)

Starting time step 4, stepsize 7.04757e-05 days, at day 0.113055/0.113125, date = 01-Jan-2025
 Newton its= 8, linearizations= 9 (0.2sec), linear its= 85 (1.3sec)

Report step 543/1000 at day 0.113125/0.208333, date = 01-Jan-2025

Starting time step 0, stepsize 0.000208333 days, at day 0.113125/0.113333, date = 01-Jan-2025
    Oscillating behavior detected: Relaxation set to 0.900000

Warning: Full linear solver tolerance not achieved. The reduction is:6.61485e-06 after 20 iterations 

Warning: Full linear solver tolerance not achieved. The reduction is:9.75701e-06 after 20 iterations 

Warning: Full linear solver tolerance not achieved. The reduction is:3.17418e-05 after 20 iterations 

Warning: Full linear solver tolerance not achieved. The reduction is:0.00323194 after 20 iterations 

Warning: Full linear solver tolerance not achieved. The reduction is:0.000928683 after 20 iterations 

Problem: Solver convergence failure - Numerical problem encountered
Timestep chopped to 0.000069 days


Starting time step 0, stepsize 6.875e-05 days, at day 0.113125/0.113333, date = 01-Jan-2025

Warning: Full linear solver tolerance not achieved. The reduction is:0.000629739 after 20 iterations 

Problem: Solver convergence failure - Numerical problem encountered
Timestep chopped to 0.000023 days


Starting time step 0, stepsize 2.26875e-05 days, at day 0.113125/0.113333, date = 01-Jan-2025

Problem: Solver convergence failure - Numerical problem encountered
Timestep chopped to 0.000007 days


Starting time step 0, stepsize 7.48688e-06 days, at day 0.113125/0.113333, date = 01-Jan-2025
 Newton its= 2, linearizations= 3 (0.1sec), linear its= 21 (0.3sec)

Starting time step 1, stepsize 1.49738e-05 days, at day 0.113132/0.113333, date = 01-Jan-2025
 Newton its= 1, linearizations= 2 (0.1sec), linear its= 12 (0.2sec)

Starting time step 2, stepsize 4.49213e-05 days, at day 0.113147/0.113333, date = 01-Jan-2025
 Newton its= 3, linearizations= 4 (0.1sec), linear its= 28 (0.4sec)

Starting time step 3, stepsize 0.000140951 days, at day 0.113192/0.113333, date = 01-Jan-2025
    Oscillating behavior detected: Relaxation set to 0.900000
 Newton its=11, linearizations=12 (0.3sec), linear its=117 (1.7sec)

Report step 544/1000 at day 0.113333/0.208333, date = 01-Jan-2025

Starting time step 0, stepsize 0.000208333 days, at day 0.113333/0.113542, date = 01-Jan-2025

Warning: Full linear solver tolerance not achieved. The reduction is:0.000746617 after 20 iterations 

Problem: Solver convergence failure - Numerical problem encountered
Timestep chopped to 0.000069 days


Starting time step 0, stepsize 6.875e-05 days, at day 0.113333/0.113542, date = 01-Jan-2025

Warning: Full linear solver tolerance not achieved. The reduction is:0.000271964 after 20 iterations 

Warning: Full linear solver tolerance not achieved. The reduction is:0.00585278 after 20 iterations 

Problem: Solver convergence failure - Numerical problem encountered
Timestep chopped to 0.000023 days


Starting time step 0, stepsize 2.26875e-05 days, at day 0.113333/0.113542, date = 01-Jan-2025

Problem: Solver convergence failure - Numerical problem encountered
Timestep chopped to 0.000007 days


Starting time step 0, stepsize 7.48688e-06 days, at day 0.113333/0.113542, date = 01-Jan-2025
 Newton its= 2, linearizations= 3 (0.1sec), linear its= 20 (0.3sec)

Starting time step 1, stepsize 1.49738e-05 days, at day 0.113341/0.113542, date = 01-Jan-2025
 Newton its= 1, linearizations= 2 (0.0sec), linear its= 11 (0.2sec)

Starting time step 2, stepsize 4.49213e-05 days, at day 0.113356/0.113542, date = 01-Jan-2025
 Newton its= 5, linearizations= 6 (0.2sec), linear its= 57 (0.8sec)

Starting time step 3, stepsize 7.04757e-05 days, at day 0.113401/0.113542, date = 01-Jan-2025
 Newton its= 6, linearizations= 7 (0.1sec), linear its= 60 (0.9sec)

Starting time step 4, stepsize 7.04757e-05 days, at day 0.113471/0.113542, date = 01-Jan-2025
 Newton its= 6, linearizations= 7 (0.2sec), linear its= 62 (1.0sec)

Report step 545/1000 at day 0.113542/0.208333, date = 01-Jan-2025

Starting time step 0, stepsize 0.000208333 days, at day 0.113542/0.11375, date = 01-Jan-2025

Problem: Solver convergence failure - Numerical problem encountered
Timestep chopped to 0.000069 days


Starting time step 0, stepsize 6.875e-05 days, at day 0.113542/0.11375, date = 01-Jan-2025
 Newton its=11, linearizations=12 (0.3sec), linear its=112 (1.5sec)

Starting time step 1, stepsize 5e-05 days, at day 0.11361/0.11375, date = 01-Jan-2025
 Newton its= 6, linearizations= 7 (0.1sec), linear its= 60 (0.8sec)

Starting time step 2, stepsize 8.95833e-05 days, at day 0.11366/0.11375, date = 01-Jan-2025
 Newton its=13, linearizations=14 (0.3sec), linear its=178 (2.5sec)

Report step 546/1000 at day 0.11375/0.208333, date = 01-Jan-2025

Starting time step 0, stepsize 0.000208333 days, at day 0.11375/0.113958, date = 01-Jan-2025
 Newton its=10, linearizations=11 (0.2sec), linear its=122 (1.6sec)

Report step 547/1000 at day 0.113958/0.208333, date = 01-Jan-2025

Starting time step 0, stepsize 0.000208333 days, at day 0.113958/0.114167, date = 01-Jan-2025

Warning: Full linear solver tolerance not achieved. The reduction is:7.76805e-05 after 20 iterations 

Problem: Solver convergence failure - Numerical problem encountered
Timestep chopped to 0.000069 days


Starting time step 0, stepsize 6.875e-05 days, at day 0.113958/0.114167, date = 01-Jan-2025
 Newton its= 6, linearizations= 7 (0.2sec), linear its= 68 (0.9sec)

Starting time step 1, stepsize 6.97917e-05 days, at day 0.114027/0.114167, date = 01-Jan-2025
 Newton its= 5, linearizations= 6 (0.1sec), linear its= 55 (0.8sec)

Starting time step 2, stepsize 6.97917e-05 days, at day 0.114097/0.114167, date = 01-Jan-2025
 Newton its= 5, linearizations= 6 (0.1sec), linear its= 59 (0.8sec)

Report step 548/1000 at day 0.114167/0.208333, date = 01-Jan-2025

Starting time step 0, stepsize 0.000208333 days, at day 0.114167/0.114375, date = 01-Jan-2025

Problem: Solver convergence failure - Numerical problem encountered
Timestep chopped to 0.000069 days


Starting time step 0, stepsize 6.875e-05 days, at day 0.114167/0.114375, date = 01-Jan-2025
 Newton its= 7, linearizations= 8 (0.1sec), linear its= 82 (1.1sec)

Starting time step 1, stepsize 6.97917e-05 days, at day 0.114235/0.114375, date = 01-Jan-2025
 Newton its= 7, linearizations= 8 (0.1sec), linear its= 81 (1.0sec)

Starting time step 2, stepsize 6.97917e-05 days, at day 0.114305/0.114375, date = 01-Jan-2025
 Newton its= 5, linearizations= 6 (0.1sec), linear its= 61 (0.8sec)

Report step 549/1000 at day 0.114375/0.208333, date = 01-Jan-2025

Starting time step 0, stepsize 0.000208333 days, at day 0.114375/0.114583, date = 01-Jan-2025

Problem: Solver convergence failure - Numerical problem encountered
Timestep chopped to 0.000069 days


Starting time step 0, stepsize 6.875e-05 days, at day 0.114375/0.114583, date = 01-Jan-2025
 Newton its= 5, linearizations= 6 (0.1sec), linear its= 67 (0.8sec)

Starting time step 1, stepsize 0.000139583 days, at day 0.114444/0.114583, date = 01-Jan-2025

Warning: Full linear solver tolerance not achieved. The reduction is:1.4744e-05 after 20 iterations 

Warning: Full linear solver tolerance not achieved. The reduction is:1.71361e-05 after 20 iterations 

Problem: Solver convergence failure - Numerical problem encountered
Timestep chopped to 0.000046 days


Starting time step 1, stepsize 4.60625e-05 days, at day 0.114444/0.114583, date = 01-Jan-2025
 Newton its= 8, linearizations= 9 (0.2sec), linear its=103 (1.3sec)

Starting time step 2, stepsize 4.60625e-05 days, at day 0.11449/0.114583, date = 01-Jan-2025
 Newton its= 5, linearizations= 6 (0.1sec), linear its= 63 (0.8sec)

Starting time step 3, stepsize 4.74583e-05 days, at day 0.114536/0.114583, date = 01-Jan-2025
 Newton its= 5, linearizations= 6 (0.2sec), linear its= 51 (0.7sec)

Report step 550/1000 at day 0.114583/0.208333, date = 01-Jan-2025

Starting time step 0, stepsize 0.000208333 days, at day 0.114583/0.114792, date = 01-Jan-2025

Warning: Full linear solver tolerance not achieved. The reduction is:0.00278182 after 20 iterations 

Problem: Solver convergence failure - Numerical problem encountered
Timestep chopped to 0.000069 days


Starting time step 0, stepsize 6.875e-05 days, at day 0.114583/0.114792, date = 01-Jan-2025
 Newton its= 5, linearizations= 6 (0.1sec), linear its= 58 (0.9sec)

Starting time step 1, stepsize 0.000139583 days, at day 0.114652/0.114792, date = 01-Jan-2025
 Newton its= 7, linearizations= 8 (0.2sec), linear its=114 (1.5sec)

Report step 551/1000 at day 0.114792/0.208333, date = 01-Jan-2025

Starting time step 0, stepsize 0.000208333 days, at day 0.114792/0.115, date = 01-Jan-2025

Warning: Full linear solver tolerance not achieved. The reduction is:0.00382532 after 20 iterations 

Warning: Full linear solver tolerance not achieved. The reduction is:0.000273524 after 20 iterations 

Warning: Full linear solver tolerance not achieved. The reduction is:0.000534912 after 20 iterations 

Warning: Full linear solver tolerance not achieved. The reduction is:0.000427936 after 20 iterations 

Warning: Full linear solver tolerance not achieved. The reduction is:0.000186411 after 20 iterations 

Warning: Full linear solver tolerance not achieved. The reduction is:0.000440359 after 20 iterations 

Warning: Full linear solver tolerance not achieved. The reduction is:0.000345418 after 20 iterations 

Warning: Full linear solver tolerance not achieved. The reduction is:0.00439895 after 20 iterations 

Warning: Full linear solver tolerance not achieved. The reduction is:0.00122561 after 20 iterations 
 Newton its= 9, linearizations=10 (0.2sec), linear its=180 (2.2sec)

Report step 552/1000 at day 0.115/0.208333, date = 01-Jan-2025

Starting time step 0, stepsize 0.000208333 days, at day 0.115/0.115208, date = 01-Jan-2025

Warning: Full linear solver tolerance not achieved. The reduction is:0.00252742 after 20 iterations 

Warning: Full linear solver tolerance not achieved. The reduction is:0.000409078 after 20 iterations 

Warning: Full linear solver tolerance not achieved. The reduction is:0.00324963 after 20 iterations 

Warning: Full linear solver tolerance not achieved. The reduction is:0.000195421 after 20 iterations 

Warning: Full linear solver tolerance not achieved. The reduction is:0.000100364 after 20 iterations 

Warning: Full linear solver tolerance not achieved. The reduction is:0.000199505 after 20 iterations 

Warning: Full linear solver tolerance not achieved. The reduction is:4.65337e-05 after 20 iterations 

Warning: Full linear solver tolerance not achieved. The reduction is:6.87451e-06 after 20 iterations 

Warning: Full linear solver tolerance not achieved. The reduction is:0.000139102 after 20 iterations 

Warning: Full linear solver tolerance not achieved. The reduction is:0.000285417 after 20 iterations 

Warning: Full linear solver tolerance not achieved. The reduction is:0.000217523 after 20 iterations 
 Newton its=11, linearizations=12 (0.2sec), linear its=220 (2.8sec)

Report step 553/1000 at day 0.115208/0.208333, date = 01-Jan-2025

Starting time step 0, stepsize 0.000208333 days, at day 0.115208/0.115417, date = 01-Jan-2025

Warning: Full linear solver tolerance not achieved. The reduction is:0.00267457 after 20 iterations 

Warning: Full linear solver tolerance not achieved. The reduction is:9.15524e-05 after 20 iterations 

Problem: Solver convergence failure - Numerical problem encountered
Timestep chopped to 0.000069 days


Starting time step 0, stepsize 6.875e-05 days, at day 0.115208/0.115417, date = 01-Jan-2025
 Newton its= 4, linearizations= 5 (0.1sec), linear its= 50 (0.6sec)

Starting time step 1, stepsize 0.000139583 days, at day 0.115277/0.115417, date = 01-Jan-2025
 Newton its= 9, linearizations=10 (0.2sec), linear its=131 (1.7sec)

Report step 554/1000 at day 0.115417/0.208333, date = 01-Jan-2025

Starting time step 0, stepsize 0.000208333 days, at day 0.115417/0.115625, date = 01-Jan-2025

Warning: Full linear solver tolerance not achieved. The reduction is:0.0064995 after 20 iterations 

Warning: Full linear solver tolerance not achieved. The reduction is:0.00017756 after 20 iterations 

Problem: Solver convergence failure - Numerical problem encountered
Timestep chopped to 0.000069 days


Starting time step 0, stepsize 6.875e-05 days, at day 0.115417/0.115625, date = 01-Jan-2025
 Newton its= 4, linearizations= 5 (0.1sec), linear its= 45 (0.6sec)

Starting time step 1, stepsize 0.000139583 days, at day 0.115485/0.115625, date = 01-Jan-2025

Warning: Full linear solver tolerance not achieved. The reduction is:0.000186455 after 20 iterations 

Warning: Full linear solver tolerance not achieved. The reduction is:0.000156947 after 20 iterations 

Warning: Full linear solver tolerance not achieved. The reduction is:3.97227e-05 after 20 iterations 

Warning: Full linear solver tolerance not achieved. The reduction is:5.92378e-05 after 20 iterations 

Warning: Full linear solver tolerance not achieved. The reduction is:4.5084e-05 after 20 iterations 

Warning: Full linear solver tolerance not achieved. The reduction is:5.88498e-05 after 20 iterations 

Warning: Full linear solver tolerance not achieved. The reduction is:5.7753e-05 after 20 iterations 

Problem: Solver convergence failure - Iteration limit reached
Timestep chopped to 0.000046 days


Starting time step 1, stepsize 4.60625e-05 days, at day 0.115485/0.115625, date = 01-Jan-2025
 Newton its= 4, linearizations= 5 (0.1sec), linear its= 42 (0.6sec)

Starting time step 2, stepsize 9.35208e-05 days, at day 0.115531/0.115625, date = 01-Jan-2025

Problem: Solver convergence failure - Iteration limit reached
Timestep chopped to 0.000031 days


Starting time step 2, stepsize 3.08619e-05 days, at day 0.115531/0.115625, date = 01-Jan-2025
 Newton its= 3, linearizations= 4 (0.1sec), linear its= 37 (0.4sec)

Starting time step 3, stepsize 6.2659e-05 days, at day 0.115562/0.115625, date = 01-Jan-2025
 Newton its= 4, linearizations= 5 (0.1sec), linear its= 49 (0.7sec)

Report step 555/1000 at day 0.115625/0.208333, date = 01-Jan-2025

Starting time step 0, stepsize 0.000208333 days, at day 0.115625/0.115833, date = 01-Jan-2025

Warning: Full linear solver tolerance not achieved. The reduction is:0.00282911 after 20 iterations 

Warning: Full linear solver tolerance not achieved. The reduction is:0.00126162 after 20 iterations 

Warning: Full linear solver tolerance not achieved. The reduction is:0.00014913 after 20 iterations 

Warning: Full linear solver tolerance not achieved. The reduction is:0.00243726 after 20 iterations 

Warning: Full linear solver tolerance not achieved. The reduction is:0.000253467 after 20 iterations 

Problem: Solver convergence failure - Numerical problem encountered
Timestep chopped to 0.000069 days


Starting time step 0, stepsize 6.875e-05 days, at day 0.115625/0.115833, date = 01-Jan-2025
 Newton its= 5, linearizations= 6 (0.1sec), linear its= 63 (0.9sec)

Starting time step 1, stepsize 0.000139583 days, at day 0.115694/0.115833, date = 01-Jan-2025

Warning: Full linear solver tolerance not achieved. The reduction is:6.77314e-06 after 20 iterations 

Warning: Full linear solver tolerance not achieved. The reduction is:5.00832e-06 after 20 iterations 

Problem: Solver convergence failure - Iteration limit reached
Timestep chopped to 0.000046 days


Starting time step 1, stepsize 4.60625e-05 days, at day 0.115694/0.115833, date = 01-Jan-2025
 Newton its= 4, linearizations= 5 (0.1sec), linear its= 49 (0.6sec)

Starting time step 2, stepsize 9.35208e-05 days, at day 0.11574/0.115833, date = 01-Jan-2025
 Newton its= 6, linearizations= 7 (0.1sec), linear its= 85 (1.1sec)

Report step 556/1000 at day 0.115833/0.208333, date = 01-Jan-2025

Starting time step 0, stepsize 0.000208333 days, at day 0.115833/0.116042, date = 01-Jan-2025

Warning: Full linear solver tolerance not achieved. The reduction is:0.00277859 after 20 iterations 

Warning: Full linear solver tolerance not achieved. The reduction is:3.78651e-05 after 20 iterations 

Warning: Full linear solver tolerance not achieved. The reduction is:0.00564533 after 20 iterations 

Warning: Full linear solver tolerance not achieved. The reduction is:5.18333e-05 after 20 iterations 

Warning: Full linear solver tolerance not achieved. The reduction is:1.22309e-05 after 20 iterations 

Warning: Full linear solver tolerance not achieved. The reduction is:1.03589e-05 after 20 iterations 

Warning: Full linear solver tolerance not achieved. The reduction is:0.000110445 after 20 iterations 

Warning: Full linear solver tolerance not achieved. The reduction is:0.000209664 after 20 iterations 

Warning: Full linear solver tolerance not achieved. The reduction is:2.30919e-05 after 20 iterations 

Warning: Full linear solver tolerance not achieved. The reduction is:4.05888e-05 after 20 iterations 

Warning: Full linear solver tolerance not achieved. The reduction is:7.00854e-05 after 20 iterations 

Warning: Full linear solver tolerance not achieved. The reduction is:2.16045e-05 after 20 iterations 

Warning: Full linear solver tolerance not achieved. The reduction is:8.37811e-05 after 20 iterations 

Warning: Full linear solver tolerance not achieved. The reduction is:0.00024427 after 20 iterations 

Warning: Full linear solver tolerance not achieved. The reduction is:0.000339289 after 20 iterations 

Warning: Full linear solver tolerance not achieved. The reduction is:8.74448e-06 after 20 iterations 

Warning: Full linear solver tolerance not achieved. The reduction is:5.72496e-06 after 20 iterations 

Warning: Full linear solver tolerance not achieved. The reduction is:3.46717e-05 after 20 iterations 

Warning: Full linear solver tolerance not achieved. The reduction is:8.38905e-05 after 20 iterations 

Warning: Full linear solver tolerance not achieved. The reduction is:0.000174626 after 20 iterations 

Warning: Full linear solver tolerance not achieved. The reduction is:1.05342e-05 after 20 iterations 

Warning: Full linear solver tolerance not achieved. The reduction is:2.96851e-05 after 20 iterations 

Warning: Full linear solver tolerance not achieved. The reduction is:0.00065938 after 20 iterations 

Warning: Full linear solver tolerance not achieved. The reduction is:1.66972e-05 after 20 iterations 

Warning: Full linear solver tolerance not achieved. The reduction is:4.73743e-05 after 20 iterations 

Warning: Full linear solver tolerance not achieved. The reduction is:6.43825e-06 after 20 iterations 

Warning: Full linear solver tolerance not achieved. The reduction is:0.00643741 after 20 iterations 

Warning: Full linear solver tolerance not achieved. The reduction is:0.000472802 after 20 iterations 

Warning: Full linear solver tolerance not achieved. The reduction is:0.00426497 after 20 iterations 

Problem: [/Users/macbookn/hackatonwork/opm-simulators/opm/simulators/flow/BlackoilModel.hpp:367] NaN residual found!

Problem: Solver convergence failure - Numerical problem encountered
Timestep chopped to 0.000069 days


Starting time step 0, stepsize 6.875e-05 days, at day 0.115833/0.116042, date = 01-Jan-2025

Problem: Solver convergence failure - Numerical problem encountered
Timestep chopped to 0.000023 days


Starting time step 0, stepsize 2.26875e-05 days, at day 0.115833/0.116042, date = 01-Jan-2025
 Newton its= 2, linearizations= 3 (0.0sec), linear its= 23 (0.3sec)

Starting time step 1, stepsize 4.5375e-05 days, at day 0.115856/0.116042, date = 01-Jan-2025
 Newton its= 4, linearizations= 5 (0.1sec), linear its= 59 (0.8sec)

Starting time step 2, stepsize 7.01354e-05 days, at day 0.115901/0.116042, date = 01-Jan-2025
 Newton its= 5, linearizations= 6 (0.2sec), linear its= 70 (0.9sec)

Starting time step 3, stepsize 7.01354e-05 days, at day 0.115972/0.116042, date = 01-Jan-2025
 Newton its= 5, linearizations= 6 (0.1sec), linear its= 65 (0.9sec)

Report step 557/1000 at day 0.116042/0.208333, date = 01-Jan-2025

Starting time step 0, stepsize 0.000208333 days, at day 0.116042/0.11625, date = 01-Jan-2025

Warning: Full linear solver tolerance not achieved. The reduction is:0.00106398 after 20 iterations 

Warning: Full linear solver tolerance not achieved. The reduction is:3.95001e-05 after 20 iterations 

Warning: Full linear solver tolerance not achieved. The reduction is:5.03717e-05 after 20 iterations 

Warning: Full linear solver tolerance not achieved. The reduction is:1.59794e-05 after 20 iterations 

Warning: Full linear solver tolerance not achieved. The reduction is:2.76419e-05 after 20 iterations 

Warning: Full linear solver tolerance not achieved. The reduction is:1.07071e-05 after 20 iterations 

Warning: Full linear solver tolerance not achieved. The reduction is:6.99828e-06 after 20 iterations 

Warning: Full linear solver tolerance not achieved. The reduction is:1.95291e-05 after 20 iterations 

Warning: Full linear solver tolerance not achieved. The reduction is:2.35509e-05 after 20 iterations 

Warning: Full linear solver tolerance not achieved. The reduction is:5.20356e-06 after 20 iterations 

Warning: Full linear solver tolerance not achieved. The reduction is:0.00138842 after 20 iterations 

Warning: Full linear solver tolerance not achieved. The reduction is:9.23606e-06 after 20 iterations 
    Oscillating behavior detected: Relaxation set to 0.900000

Warning: Full linear solver tolerance not achieved. The reduction is:3.26447e-05 after 20 iterations 

Warning: Full linear solver tolerance not achieved. The reduction is:1.34003e-05 after 20 iterations 

Warning: Full linear solver tolerance not achieved. The reduction is:6.85417e-05 after 20 iterations 

Warning: Full linear solver tolerance not achieved. The reduction is:0.000562473 after 20 iterations 

Warning: Full linear solver tolerance not achieved. The reduction is:9.11453e-06 after 20 iterations 

Warning: Full linear solver tolerance not achieved. The reduction is:7.74718e-06 after 20 iterations 

Warning: Full linear solver tolerance not achieved. The reduction is:6.04554e-06 after 20 iterations 

Warning: Full linear solver tolerance not achieved. The reduction is:3.14111e-05 after 20 iterations 

Warning: Full linear solver tolerance not achieved. The reduction is:1.84895e-05 after 20 iterations 

Warning: Full linear solver tolerance not achieved. The reduction is:0.00187992 after 20 iterations 

Warning: Full linear solver tolerance not achieved. The reduction is:0.00041045 after 20 iterations 

Warning: Full linear solver tolerance not achieved. The reduction is:2.0032e-05 after 20 iterations 

Warning: Full linear solver tolerance not achieved. The reduction is:0.00879256 after 20 iterations 

Warning: Full linear solver tolerance not achieved. The reduction is:0.000273764 after 20 iterations 

Warning: Full linear solver tolerance not achieved. The reduction is:6.92153e-05 after 20 iterations 

Problem: Solver convergence failure - Numerical problem encountered
Timestep chopped to 0.000069 days


Starting time step 0, stepsize 6.875e-05 days, at day 0.116042/0.11625, date = 01-Jan-2025

Problem: Solver convergence failure - Numerical problem encountered
Timestep chopped to 0.000023 days


Starting time step 0, stepsize 2.26875e-05 days, at day 0.116042/0.11625, date = 01-Jan-2025

Problem: Solver convergence failure - Numerical problem encountered
Timestep chopped to 0.000007 days


Starting time step 0, stepsize 7.48688e-06 days, at day 0.116042/0.11625, date = 01-Jan-2025
 Newton its= 1, linearizations= 2 (0.0sec), linear its= 10 (0.1sec)

Starting time step 1, stepsize 1.49738e-05 days, at day 0.116049/0.11625, date = 01-Jan-2025
 Newton its= 2, linearizations= 3 (0.1sec), linear its= 22 (0.3sec)

Starting time step 2, stepsize 4.49213e-05 days, at day 0.116064/0.11625, date = 01-Jan-2025
 Newton its= 4, linearizations= 5 (0.1sec), linear its= 49 (0.6sec)

Starting time step 3, stepsize 7.04757e-05 days, at day 0.116109/0.11625, date = 01-Jan-2025
 Newton its= 5, linearizations= 6 (0.1sec), linear its= 64 (0.8sec)

Starting time step 4, stepsize 7.04757e-05 days, at day 0.11618/0.11625, date = 01-Jan-2025
 Newton its= 5, linearizations= 6 (0.1sec), linear its= 65 (0.9sec)

Report step 558/1000 at day 0.11625/0.208333, date = 01-Jan-2025

Starting time step 0, stepsize 0.000208333 days, at day 0.11625/0.116458, date = 01-Jan-2025

Warning: Full linear solver tolerance not achieved. The reduction is:0.000379209 after 20 iterations 

Warning: Full linear solver tolerance not achieved. The reduction is:1.1742e-05 after 20 iterations 

Warning: Full linear solver tolerance not achieved. The reduction is:8.5947e-06 after 20 iterations 

Warning: Full linear solver tolerance not achieved. The reduction is:0.000422402 after 20 iterations 

Warning: Full linear solver tolerance not achieved. The reduction is:0.00154612 after 20 iterations 

Problem: Solver convergence failure - Numerical problem encountered
Timestep chopped to 0.000069 days


Starting time step 0, stepsize 6.875e-05 days, at day 0.11625/0.116458, date = 01-Jan-2025
 Newton its=12, linearizations=13 (0.3sec), linear its=126 (1.8sec)

Starting time step 1, stepsize 4.58333e-05 days, at day 0.116319/0.116458, date = 01-Jan-2025
 Newton its= 3, linearizations= 4 (0.1sec), linear its= 36 (0.5sec)

Starting time step 2, stepsize 9.375e-05 days, at day 0.116365/0.116458, date = 01-Jan-2025
 Newton its= 6, linearizations= 7 (0.1sec), linear its= 76 (1.0sec)

Report step 559/1000 at day 0.116458/0.208333, date = 01-Jan-2025

Starting time step 0, stepsize 0.000208333 days, at day 0.116458/0.116667, date = 01-Jan-2025

Warning: Full linear solver tolerance not achieved. The reduction is:5.21881e-05 after 20 iterations 

Warning: Full linear solver tolerance not achieved. The reduction is:5.73107e-06 after 20 iterations 

Warning: Full linear solver tolerance not achieved. The reduction is:8.53208e-06 after 20 iterations 

Warning: Full linear solver tolerance not achieved. The reduction is:6.88642e-05 after 20 iterations 

Warning: Full linear solver tolerance not achieved. The reduction is:2.56221e-05 after 20 iterations 

Warning: Full linear solver tolerance not achieved. The reduction is:2.03293e-05 after 20 iterations 

Problem: Solver convergence failure - Numerical problem encountered
Timestep chopped to 0.000069 days


Starting time step 0, stepsize 6.875e-05 days, at day 0.116458/0.116667, date = 01-Jan-2025

Warning: Full linear solver tolerance not achieved. The reduction is:0.00112695 after 20 iterations 

Problem: Solver convergence failure - Numerical problem encountered
Timestep chopped to 0.000023 days


Starting time step 0, stepsize 2.26875e-05 days, at day 0.116458/0.116667, date = 01-Jan-2025

Problem: Solver convergence failure - Numerical problem encountered
Timestep chopped to 0.000007 days


Starting time step 0, stepsize 7.48688e-06 days, at day 0.116458/0.116667, date = 01-Jan-2025
 Newton its= 1, linearizations= 2 (0.1sec), linear its= 11 (0.2sec)

Starting time step 1, stepsize 1.49738e-05 days, at day 0.116466/0.116667, date = 01-Jan-2025
 Newton its= 3, linearizations= 4 (0.1sec), linear its= 37 (0.7sec)

Starting time step 2, stepsize 4.49213e-05 days, at day 0.116481/0.116667, date = 01-Jan-2025
 Newton its= 4, linearizations= 5 (0.1sec), linear its= 47 (0.7sec)

Starting time step 3, stepsize 7.04757e-05 days, at day 0.116526/0.116667, date = 01-Jan-2025
 Newton its= 4, linearizations= 5 (0.1sec), linear its= 45 (0.7sec)

Starting time step 4, stepsize 7.04757e-05 days, at day 0.116596/0.116667, date = 01-Jan-2025
 Newton its= 4, linearizations= 5 (0.1sec), linear its= 48 (0.6sec)

Report step 560/1000 at day 0.116667/0.208333, date = 01-Jan-2025

Starting time step 0, stepsize 0.000208333 days, at day 0.116667/0.116875, date = 01-Jan-2025

Warning: Full linear solver tolerance not achieved. The reduction is:6.5849e-06 after 20 iterations 

Warning: Full linear solver tolerance not achieved. The reduction is:2.86441e-05 after 20 iterations 

Warning: Full linear solver tolerance not achieved. The reduction is:7.20709e-06 after 20 iterations 

Warning: Full linear solver tolerance not achieved. The reduction is:0.000829937 after 20 iterations 

Problem: Solver convergence failure - Numerical problem encountered
Timestep chopped to 0.000069 days


Starting time step 0, stepsize 6.875e-05 days, at day 0.116667/0.116875, date = 01-Jan-2025

Problem: Solver convergence failure - Numerical problem encountered
Timestep chopped to 0.000023 days


Starting time step 0, stepsize 2.26875e-05 days, at day 0.116667/0.116875, date = 01-Jan-2025

Problem: Solver convergence failure - Numerical problem encountered
Timestep chopped to 0.000007 days


Starting time step 0, stepsize 7.48688e-06 days, at day 0.116667/0.116875, date = 01-Jan-2025

Warning: Full linear solver tolerance not achieved. The reduction is:0.000120617 after 20 iterations 

Warning: Full linear solver tolerance not achieved. The reduction is:0.00724402 after 20 iterations 

Problem: Solver convergence failure - Numerical problem encountered
Timestep chopped to 0.000002 days


Starting time step 0, stepsize 2.47067e-06 days, at day 0.116667/0.116875, date = 01-Jan-2025

Problem: Solver convergence failure - Numerical problem encountered
Timestep chopped to 0.000001 days


Starting time step 0, stepsize 8.15321e-07 days, at day 0.116667/0.116875, date = 01-Jan-2025

Warning: Full linear solver tolerance not achieved. The reduction is:0.000162196 after 20 iterations 

Warning: Full linear solver tolerance not achieved. The reduction is:0.00284655 after 20 iterations 

Problem: Solver convergence failure - Numerical problem encountered
Timestep chopped to 0.000000 days


Starting time step 0, stepsize 2.69056e-07 days, at day 0.116667/0.116875, date = 01-Jan-2025

Problem: Solver convergence failure - Numerical problem encountered
Timestep chopped to 0.000000 days


Starting time step 0, stepsize 8.87884e-08 days, at day 0.116667/0.116875, date = 01-Jan-2025
 Newton its= 5, linearizations= 6 (0.1sec), linear its= 55 (0.8sec)

Starting time step 1, stepsize 1.77577e-07 days, at day 0.116667/0.116875, date = 01-Jan-2025
 Newton its= 1, linearizations= 2 (0.0sec), linear its= 10 (0.2sec)

Starting time step 2, stepsize 5.32731e-07 days, at day 0.116667/0.116875, date = 01-Jan-2025
 Newton its= 1, linearizations= 2 (0.0sec), linear its= 11 (0.1sec)

Starting time step 3, stepsize 1.59819e-06 days, at day 0.116667/0.116875, date = 01-Jan-2025
 Newton its= 1, linearizations= 2 (0.0sec), linear its= 11 (0.2sec)

Starting time step 4, stepsize 4.79457e-06 days, at day 0.116669/0.116875, date = 01-Jan-2025
 Newton its= 1, linearizations= 2 (0.0sec), linear its= 11 (0.1sec)

Starting time step 5, stepsize 1.43837e-05 days, at day 0.116674/0.116875, date = 01-Jan-2025
 Newton its= 3, linearizations= 4 (0.1sec), linear its= 35 (0.5sec)

Starting time step 6, stepsize 4.31512e-05 days, at day 0.116688/0.116875, date = 01-Jan-2025
 Newton its= 5, linearizations= 6 (0.1sec), linear its= 56 (0.7sec)

Starting time step 7, stepsize 9.49326e-05 days, at day 0.116731/0.116875, date = 01-Jan-2025
 Newton its= 5, linearizations= 6 (0.1sec), linear its= 65 (0.8sec)

Starting time step 8, stepsize 4.8674e-05 days, at day 0.116826/0.116875, date = 01-Jan-2025

Problem: Solver convergence failure - Iteration limit reached
Timestep chopped to 0.000016 days


Starting time step 8, stepsize 1.60624e-05 days, at day 0.116826/0.116875, date = 01-Jan-2025
 Newton its= 3, linearizations= 4 (0.1sec), linear its= 37 (0.5sec)

Starting time step 9, stepsize 3.26116e-05 days, at day 0.116842/0.116875, date = 01-Jan-2025
 Newton its= 2, linearizations= 3 (0.1sec), linear its= 25 (0.3sec)

Report step 561/1000 at day 0.116875/0.208333, date = 01-Jan-2025

Starting time step 0, stepsize 0.000208333 days, at day 0.116875/0.117083, date = 01-Jan-2025

Warning: Full linear solver tolerance not achieved. The reduction is:0.000400964 after 20 iterations 

Warning: Full linear solver tolerance not achieved. The reduction is:1.40323e-05 after 20 iterations 

Warning: Full linear solver tolerance not achieved. The reduction is:1.97373e-05 after 20 iterations 

Warning: Full linear solver tolerance not achieved. The reduction is:2.85724e-05 after 20 iterations 
 Newton its= 6, linearizations= 7 (0.2sec), linear its=110 (1.5sec)

Report step 562/1000 at day 0.117083/0.208333, date = 01-Jan-2025

Starting time step 0, stepsize 0.000208333 days, at day 0.117083/0.117292, date = 01-Jan-2025

Warning: Full linear solver tolerance not achieved. The reduction is:1.63107e-05 after 20 iterations 
 Newton its=16, linearizations=17 (0.4sec), linear its=236 (3.1sec)

Report step 563/1000 at day 0.117292/0.208333, date = 01-Jan-2025

Starting time step 0, stepsize 0.000208333 days, at day 0.117292/0.1175, date = 01-Jan-2025

Warning: Full linear solver tolerance not achieved. The reduction is:2.64927e-05 after 20 iterations 

Problem: Solver convergence failure - Iteration limit reached
Timestep chopped to 0.000069 days


Starting time step 0, stepsize 6.875e-05 days, at day 0.117292/0.1175, date = 01-Jan-2025
 Newton its= 3, linearizations= 4 (0.1sec), linear its= 37 (0.6sec)

Starting time step 1, stepsize 0.000139583 days, at day 0.11736/0.1175, date = 01-Jan-2025
 Newton its= 6, linearizations= 7 (0.1sec), linear its= 75 (1.0sec)

Report step 564/1000 at day 0.1175/0.208333, date = 01-Jan-2025

Starting time step 0, stepsize 0.000208333 days, at day 0.1175/0.117708, date = 01-Jan-2025
 Newton its= 9, linearizations=10 (0.2sec), linear its=118 (1.6sec)

Report step 565/1000 at day 0.117708/0.208333, date = 01-Jan-2025

Starting time step 0, stepsize 0.000208333 days, at day 0.117708/0.117917, date = 01-Jan-2025
 Newton its=10, linearizations=11 (0.2sec), linear its=120 (1.7sec)

Report step 566/1000 at day 0.117917/0.208333, date = 01-Jan-2025

Starting time step 0, stepsize 0.000208333 days, at day 0.117917/0.118125, date = 01-Jan-2025
 Newton its= 8, linearizations= 9 (0.2sec), linear its= 97 (1.2sec)

Report step 567/1000 at day 0.118125/0.208333, date = 01-Jan-2025

Starting time step 0, stepsize 0.000208333 days, at day 0.118125/0.118333, date = 01-Jan-2025
 Newton its= 7, linearizations= 8 (0.1sec), linear its= 91 (1.2sec)

Report step 568/1000 at day 0.118333/0.208333, date = 01-Jan-2025

Starting time step 0, stepsize 0.000208333 days, at day 0.118333/0.118542, date = 01-Jan-2025
 Newton its= 7, linearizations= 8 (0.2sec), linear its= 88 (1.1sec)

Report step 569/1000 at day 0.118542/0.208333, date = 01-Jan-2025

Starting time step 0, stepsize 0.000208333 days, at day 0.118542/0.11875, date = 01-Jan-2025

Warning: Full linear solver tolerance not achieved. The reduction is:5.80582e-06 after 20 iterations 

Warning: Full linear solver tolerance not achieved. The reduction is:0.00153694 after 20 iterations 

Warning: Full linear solver tolerance not achieved. The reduction is:0.0047236 after 20 iterations 

Problem: Solver convergence failure - Numerical problem encountered
Timestep chopped to 0.000069 days


Starting time step 0, stepsize 6.875e-05 days, at day 0.118542/0.11875, date = 01-Jan-2025

Problem: Solver convergence failure - Numerical problem encountered
Timestep chopped to 0.000023 days


Starting time step 0, stepsize 2.26875e-05 days, at day 0.118542/0.11875, date = 01-Jan-2025
 Newton its= 1, linearizations= 2 (0.0sec), linear its= 12 (0.2sec)

Starting time step 1, stepsize 4.5375e-05 days, at day 0.118564/0.11875, date = 01-Jan-2025
 Newton its= 4, linearizations= 5 (0.1sec), linear its= 47 (0.6sec)

Starting time step 2, stepsize 7.01354e-05 days, at day 0.11861/0.11875, date = 01-Jan-2025
 Newton its= 9, linearizations=10 (0.2sec), linear its=115 (1.5sec)

Starting time step 3, stepsize 3.50677e-05 days, at day 0.11868/0.11875, date = 01-Jan-2025
 Newton its= 3, linearizations= 4 (0.1sec), linear its= 34 (0.4sec)

Starting time step 4, stepsize 3.50677e-05 days, at day 0.118715/0.11875, date = 01-Jan-2025
 Newton its= 3, linearizations= 4 (0.1sec), linear its= 33 (0.5sec)

Report step 570/1000 at day 0.11875/0.208333, date = 01-Jan-2025

Starting time step 0, stepsize 0.000208333 days, at day 0.11875/0.118958, date = 01-Jan-2025
 Newton its=15, linearizations=16 (0.3sec), linear its=182 (2.5sec)

Report step 571/1000 at day 0.118958/0.208333, date = 01-Jan-2025

Starting time step 0, stepsize 0.000208333 days, at day 0.118958/0.119167, date = 01-Jan-2025
 Newton its= 9, linearizations=10 (0.2sec), linear its=112 (1.4sec)

Report step 572/1000 at day 0.119167/0.208333, date = 01-Jan-2025

Starting time step 0, stepsize 0.000208333 days, at day 0.119167/0.119375, date = 01-Jan-2025
 Newton its= 7, linearizations= 8 (0.2sec), linear its= 92 (1.3sec)

Report step 573/1000 at day 0.119375/0.208333, date = 01-Jan-2025

Starting time step 0, stepsize 0.000208333 days, at day 0.119375/0.119583, date = 01-Jan-2025

Problem: Solver convergence failure - Iteration limit reached
Timestep chopped to 0.000069 days


Starting time step 0, stepsize 6.875e-05 days, at day 0.119375/0.119583, date = 01-Jan-2025
 Newton its= 6, linearizations= 7 (0.1sec), linear its= 69 (0.9sec)

Starting time step 1, stepsize 6.97917e-05 days, at day 0.119444/0.119583, date = 01-Jan-2025
 Newton its= 3, linearizations= 4 (0.1sec), linear its= 40 (0.5sec)

Starting time step 2, stepsize 6.97917e-05 days, at day 0.119514/0.119583, date = 01-Jan-2025
 Newton its= 7, linearizations= 8 (0.2sec), linear its= 80 (1.1sec)

Report step 574/1000 at day 0.119583/0.208333, date = 01-Jan-2025

Starting time step 0, stepsize 0.000208333 days, at day 0.119583/0.119792, date = 01-Jan-2025

Warning: Full linear solver tolerance not achieved. The reduction is:0.000220696 after 20 iterations 

Warning: Full linear solver tolerance not achieved. The reduction is:1.05052e-05 after 20 iterations 

Problem: Solver convergence failure - Numerical problem encountered
Timestep chopped to 0.000069 days


Starting time step 0, stepsize 6.875e-05 days, at day 0.119583/0.119792, date = 01-Jan-2025

Warning: Full linear solver tolerance not achieved. The reduction is:0.00746217 after 20 iterations 

Problem: Solver convergence failure - Numerical problem encountered
Timestep chopped to 0.000023 days


Starting time step 0, stepsize 2.26875e-05 days, at day 0.119583/0.119792, date = 01-Jan-2025

Problem: Solver convergence failure - Numerical problem encountered
Timestep chopped to 0.000007 days


Starting time step 0, stepsize 7.48688e-06 days, at day 0.119583/0.119792, date = 01-Jan-2025
 Newton its= 1, linearizations= 2 (0.1sec), linear its= 12 (0.2sec)

Starting time step 1, stepsize 1.49738e-05 days, at day 0.119591/0.119792, date = 01-Jan-2025
 Newton its= 2, linearizations= 3 (0.1sec), linear its= 20 (0.3sec)

Starting time step 2, stepsize 4.49213e-05 days, at day 0.119606/0.119792, date = 01-Jan-2025
 Newton its= 3, linearizations= 4 (0.1sec), linear its= 33 (0.5sec)

Starting time step 3, stepsize 0.000140951 days, at day 0.119651/0.119792, date = 01-Jan-2025
 Newton its= 7, linearizations= 8 (0.1sec), linear its= 82 (1.2sec)

Report step 575/1000 at day 0.119792/0.208333, date = 01-Jan-2025

Starting time step 0, stepsize 0.000208333 days, at day 0.119792/0.12, date = 01-Jan-2025
 Newton its=11, linearizations=12 (0.2sec), linear its=131 (1.7sec)

Report step 576/1000 at day 0.12/0.208333, date = 01-Jan-2025

Starting time step 0, stepsize 0.000208333 days, at day 0.12/0.120208, date = 01-Jan-2025
 Newton its= 7, linearizations= 8 (0.1sec), linear its= 86 (1.1sec)

Report step 577/1000 at day 0.120208/0.208333, date = 01-Jan-2025

Starting time step 0, stepsize 0.000208333 days, at day 0.120208/0.120417, date = 01-Jan-2025
 Newton its= 6, linearizations= 7 (0.1sec), linear its= 78 (1.0sec)

Report step 578/1000 at day 0.120417/0.208333, date = 01-Jan-2025

Starting time step 0, stepsize 0.000208333 days, at day 0.120417/0.120625, date = 01-Jan-2025
 Newton its=19, linearizations=20 (0.4sec), linear its=215 (2.9sec)

Report step 579/1000 at day 0.120625/0.208333, date = 01-Jan-2025

Starting time step 0, stepsize 0.000208333 days, at day 0.120625/0.120833, date = 01-Jan-2025
    Oscillating behavior detected: Relaxation set to 0.900000
 Newton its=10, linearizations=11 (0.2sec), linear its=126 (1.6sec)

Report step 580/1000 at day 0.120833/0.208333, date = 01-Jan-2025

Starting time step 0, stepsize 0.000208333 days, at day 0.120833/0.121042, date = 01-Jan-2025
 Newton its= 9, linearizations=10 (0.2sec), linear its=110 (1.5sec)

Report step 581/1000 at day 0.121042/0.208333, date = 01-Jan-2025

Starting time step 0, stepsize 0.000208333 days, at day 0.121042/0.12125, date = 01-Jan-2025
 Newton its= 9, linearizations=10 (0.2sec), linear its=104 (1.4sec)

Report step 582/1000 at day 0.12125/0.208333, date = 01-Jan-2025

Starting time step 0, stepsize 0.000208333 days, at day 0.12125/0.121458, date = 01-Jan-2025

Problem: Solver convergence failure - Iteration limit reached
Timestep chopped to 0.000069 days


Starting time step 0, stepsize 6.875e-05 days, at day 0.12125/0.121458, date = 01-Jan-2025
 Newton its= 3, linearizations= 4 (0.1sec), linear its= 32 (0.4sec)

Starting time step 1, stepsize 0.000139583 days, at day 0.121319/0.121458, date = 01-Jan-2025
 Newton its= 6, linearizations= 7 (0.2sec), linear its= 83 (1.1sec)

Report step 583/1000 at day 0.121458/0.208333, date = 01-Jan-2025

Starting time step 0, stepsize 0.000208333 days, at day 0.121458/0.121667, date = 01-Jan-2025
 Newton its= 9, linearizations=10 (0.2sec), linear its=107 (1.3sec)

Report step 584/1000 at day 0.121667/0.208333, date = 01-Jan-2025

Starting time step 0, stepsize 0.000208333 days, at day 0.121667/0.121875, date = 01-Jan-2025
 Newton its=10, linearizations=11 (0.2sec), linear its=125 (1.8sec)

Report step 585/1000 at day 0.121875/0.208333, date = 01-Jan-2025

Starting time step 0, stepsize 0.000208333 days, at day 0.121875/0.122083, date = 01-Jan-2025
 Newton its= 8, linearizations= 9 (0.2sec), linear its= 94 (1.2sec)

Report step 586/1000 at day 0.122083/0.208333, date = 01-Jan-2025

Starting time step 0, stepsize 0.000208333 days, at day 0.122083/0.122292, date = 01-Jan-2025
 Newton its= 8, linearizations= 9 (0.2sec), linear its= 98 (1.2sec)

Report step 587/1000 at day 0.122292/0.208333, date = 01-Jan-2025

Starting time step 0, stepsize 0.000208333 days, at day 0.122292/0.1225, date = 01-Jan-2025
 Newton its= 5, linearizations= 6 (0.1sec), linear its= 63 (0.8sec)

Report step 588/1000 at day 0.1225/0.208333, date = 01-Jan-2025

Starting time step 0, stepsize 0.000208333 days, at day 0.1225/0.122708, date = 01-Jan-2025
 Newton its=10, linearizations=11 (0.3sec), linear its=127 (1.6sec)

Report step 589/1000 at day 0.122708/0.208333, date = 01-Jan-2025

Starting time step 0, stepsize 0.000208333 days, at day 0.122708/0.122917, date = 01-Jan-2025
 Newton its= 8, linearizations= 9 (0.2sec), linear its= 97 (1.3sec)

Report step 590/1000 at day 0.122917/0.208333, date = 01-Jan-2025

Starting time step 0, stepsize 0.000208333 days, at day 0.122917/0.123125, date = 01-Jan-2025
 Newton its= 6, linearizations= 7 (0.2sec), linear its= 74 (1.1sec)

Report step 591/1000 at day 0.123125/0.208333, date = 01-Jan-2025

Starting time step 0, stepsize 0.000208333 days, at day 0.123125/0.123333, date = 01-Jan-2025
    Oscillating behavior detected: Relaxation set to 0.900000
 Newton its= 8, linearizations= 9 (0.2sec), linear its= 97 (1.3sec)

Report step 592/1000 at day 0.123333/0.208333, date = 01-Jan-2025

Starting time step 0, stepsize 0.000208333 days, at day 0.123333/0.123542, date = 01-Jan-2025
 Newton its= 5, linearizations= 6 (0.1sec), linear its= 62 (0.8sec)

Report step 593/1000 at day 0.123542/0.208333, date = 01-Jan-2025

Starting time step 0, stepsize 0.000208333 days, at day 0.123542/0.12375, date = 01-Jan-2025
 Newton its=12, linearizations=13 (0.3sec), linear its=136 (1.9sec)

Report step 594/1000 at day 0.12375/0.208333, date = 01-Jan-2025

Starting time step 0, stepsize 0.000208333 days, at day 0.12375/0.123958, date = 01-Jan-2025
 Newton its= 9, linearizations=10 (0.2sec), linear its= 99 (1.4sec)

Report step 595/1000 at day 0.123958/0.208333, date = 01-Jan-2025

Starting time step 0, stepsize 0.000208333 days, at day 0.123958/0.124167, date = 01-Jan-2025
 Newton its= 8, linearizations= 9 (0.1sec), linear its=101 (1.3sec)

Report step 596/1000 at day 0.124167/0.208333, date = 01-Jan-2025

Starting time step 0, stepsize 0.000208333 days, at day 0.124167/0.124375, date = 01-Jan-2025
 Newton its=10, linearizations=11 (0.2sec), linear its=122 (1.5sec)

Report step 597/1000 at day 0.124375/0.208333, date = 01-Jan-2025

Starting time step 0, stepsize 0.000208333 days, at day 0.124375/0.124583, date = 01-Jan-2025
 Newton its= 9, linearizations=10 (0.2sec), linear its=105 (1.5sec)

Report step 598/1000 at day 0.124583/0.208333, date = 01-Jan-2025

Starting time step 0, stepsize 0.000208333 days, at day 0.124583/0.124792, date = 01-Jan-2025
 Newton its= 8, linearizations= 9 (0.2sec), linear its=104 (1.3sec)

Report step 599/1000 at day 0.124792/0.208333, date = 01-Jan-2025

Starting time step 0, stepsize 0.000208333 days, at day 0.124792/0.125, date = 01-Jan-2025
 Newton its=18, linearizations=19 (0.4sec), linear its=197 (2.8sec)

Report step 600/1000 at day 0.125/0.208333, date = 01-Jan-2025

Starting time step 0, stepsize 0.000208333 days, at day 0.125/0.125208, date = 01-Jan-2025
 Newton its= 8, linearizations= 9 (0.2sec), linear its= 84 (1.1sec)

Report step 601/1000 at day 0.125208/0.208333, date = 01-Jan-2025

Starting time step 0, stepsize 0.000208333 days, at day 0.125208/0.125417, date = 01-Jan-2025
 Newton its=11, linearizations=12 (0.3sec), linear its=130 (1.8sec)

Report step 602/1000 at day 0.125417/0.208333, date = 01-Jan-2025

Starting time step 0, stepsize 0.000208333 days, at day 0.125417/0.125625, date = 01-Jan-2025
 Newton its=11, linearizations=12 (0.2sec), linear its=128 (1.8sec)

Report step 603/1000 at day 0.125625/0.208333, date = 01-Jan-2025

Starting time step 0, stepsize 0.000208333 days, at day 0.125625/0.125833, date = 01-Jan-2025
 Newton its=20, linearizations=21 (0.5sec), linear its=226 (3.1sec)

Report step 604/1000 at day 0.125833/0.208333, date = 01-Jan-2025

Starting time step 0, stepsize 0.000208333 days, at day 0.125833/0.126042, date = 01-Jan-2025
 Newton its=13, linearizations=14 (0.3sec), linear its=161 (2.0sec)

Report step 605/1000 at day 0.126042/0.208333, date = 01-Jan-2025

Starting time step 0, stepsize 0.000208333 days, at day 0.126042/0.12625, date = 01-Jan-2025
 Newton its=13, linearizations=14 (0.3sec), linear its=172 (2.3sec)

Report step 606/1000 at day 0.12625/0.208333, date = 01-Jan-2025

Starting time step 0, stepsize 0.000208333 days, at day 0.12625/0.126458, date = 01-Jan-2025
 Newton its=11, linearizations=12 (0.3sec), linear its=135 (1.8sec)

Report step 607/1000 at day 0.126458/0.208333, date = 01-Jan-2025

Starting time step 0, stepsize 0.000208333 days, at day 0.126458/0.126667, date = 01-Jan-2025

Warning: Full linear solver tolerance not achieved. The reduction is:0.00967874 after 20 iterations 

Warning: Full linear solver tolerance not achieved. The reduction is:0.000728381 after 20 iterations 

Problem: Solver convergence failure - Numerical problem encountered
Timestep chopped to 0.000069 days


Starting time step 0, stepsize 6.875e-05 days, at day 0.126458/0.126667, date = 01-Jan-2025

Problem: Solver convergence failure - Numerical problem encountered
Timestep chopped to 0.000023 days


Starting time step 0, stepsize 2.26875e-05 days, at day 0.126458/0.126667, date = 01-Jan-2025
 Newton its= 2, linearizations= 3 (0.0sec), linear its= 21 (0.3sec)

Starting time step 1, stepsize 4.5375e-05 days, at day 0.126481/0.126667, date = 01-Jan-2025
 Newton its= 9, linearizations=10 (0.2sec), linear its= 98 (1.3sec)

Starting time step 2, stepsize 4.03333e-05 days, at day 0.126526/0.126667, date = 01-Jan-2025
 Newton its= 6, linearizations= 7 (0.1sec), linear its= 55 (0.7sec)

Starting time step 3, stepsize 4.99687e-05 days, at day 0.126567/0.126667, date = 01-Jan-2025
 Newton its= 6, linearizations= 7 (0.1sec), linear its= 76 (1.0sec)

Starting time step 4, stepsize 4.99687e-05 days, at day 0.126617/0.126667, date = 01-Jan-2025
 Newton its= 5, linearizations= 6 (0.1sec), linear its= 54 (0.7sec)

Report step 608/1000 at day 0.126667/0.208333, date = 01-Jan-2025

Starting time step 0, stepsize 0.000208333 days, at day 0.126667/0.126875, date = 01-Jan-2025
 Newton its=10, linearizations=11 (0.2sec), linear its=123 (1.6sec)

Report step 609/1000 at day 0.126875/0.208333, date = 01-Jan-2025

Starting time step 0, stepsize 0.000208333 days, at day 0.126875/0.127083, date = 01-Jan-2025

Warning: Full linear solver tolerance not achieved. The reduction is:1.06632e-05 after 20 iterations 

Warning: Full linear solver tolerance not achieved. The reduction is:7.27707e-06 after 20 iterations 

Warning: Full linear solver tolerance not achieved. The reduction is:0.000354423 after 20 iterations 

Warning: Full linear solver tolerance not achieved. The reduction is:5.70666e-05 after 20 iterations 

Warning: Full linear solver tolerance not achieved. The reduction is:0.000563824 after 20 iterations 

Problem: Solver convergence failure - Numerical problem encountered
Timestep chopped to 0.000069 days


Starting time step 0, stepsize 6.875e-05 days, at day 0.126875/0.127083, date = 01-Jan-2025

Problem: Solver convergence failure - Numerical problem encountered
Timestep chopped to 0.000023 days


Starting time step 0, stepsize 2.26875e-05 days, at day 0.126875/0.127083, date = 01-Jan-2025
 Newton its= 3, linearizations= 4 (0.1sec), linear its= 35 (0.5sec)

Starting time step 1, stepsize 4.5375e-05 days, at day 0.126898/0.127083, date = 01-Jan-2025
 Newton its= 3, linearizations= 4 (0.1sec), linear its= 30 (0.4sec)

Starting time step 2, stepsize 0.000140271 days, at day 0.126943/0.127083, date = 01-Jan-2025

Problem: Solver convergence failure - Numerical problem encountered
Timestep chopped to 0.000046 days


Starting time step 2, stepsize 4.62894e-05 days, at day 0.126943/0.127083, date = 01-Jan-2025

Problem: Solver convergence failure - Numerical problem encountered
Timestep chopped to 0.000015 days


Starting time step 2, stepsize 1.52755e-05 days, at day 0.126943/0.127083, date = 01-Jan-2025

Warning: Full linear solver tolerance not achieved. The reduction is:0.00056102 after 20 iterations 

Problem: Solver convergence failure - Numerical problem encountered
Timestep chopped to 0.000005 days


Starting time step 2, stepsize 5.04091e-06 days, at day 0.126943/0.127083, date = 01-Jan-2025

Problem: Solver convergence failure - Numerical problem encountered
Timestep chopped to 0.000002 days


Starting time step 2, stepsize 1.6635e-06 days, at day 0.126943/0.127083, date = 01-Jan-2025
 Newton its= 1, linearizations= 2 (0.4sec), linear its=  7 (0.1sec)

Starting time step 3, stepsize 3.327e-06 days, at day 0.126945/0.127083, date = 01-Jan-2025
 Newton its= 1, linearizations= 2 (0.1sec), linear its=  7 (0.2sec)

Starting time step 4, stepsize 9.98101e-06 days, at day 0.126948/0.127083, date = 01-Jan-2025
 Newton its= 1, linearizations= 2 (0.1sec), linear its=  8 (0.1sec)

Starting time step 5, stepsize 2.9943e-05 days, at day 0.126958/0.127083, date = 01-Jan-2025
 Newton its= 7, linearizations= 8 (0.2sec), linear its= 69 (1.0sec)

Starting time step 6, stepsize 4.19202e-05 days, at day 0.126988/0.127083, date = 01-Jan-2025
 Newton its= 6, linearizations= 7 (0.1sec), linear its= 60 (0.8sec)

Starting time step 7, stepsize 5.34361e-05 days, at day 0.12703/0.127083, date = 01-Jan-2025
 Newton its= 6, linearizations= 7 (0.1sec), linear its= 64 (0.9sec)

Report step 610/1000 at day 0.127083/0.208333, date = 01-Jan-2025

Starting time step 0, stepsize 0.000208333 days, at day 0.127083/0.127292, date = 01-Jan-2025
 Newton its=11, linearizations=12 (0.3sec), linear its=130 (1.8sec)

Report step 611/1000 at day 0.127292/0.208333, date = 01-Jan-2025

Starting time step 0, stepsize 0.000208333 days, at day 0.127292/0.1275, date = 01-Jan-2025

Problem: Solver convergence failure - Iteration limit reached
Timestep chopped to 0.000069 days


Starting time step 0, stepsize 6.875e-05 days, at day 0.127292/0.1275, date = 01-Jan-2025
 Newton its= 2, linearizations= 3 (0.1sec), linear its= 23 (0.3sec)

Starting time step 1, stepsize 0.000139583 days, at day 0.12736/0.1275, date = 01-Jan-2025
 Newton its=12, linearizations=13 (0.3sec), linear its=131 (1.8sec)

Report step 612/1000 at day 0.1275/0.208333, date = 01-Jan-2025

Starting time step 0, stepsize 0.000208333 days, at day 0.1275/0.127708, date = 01-Jan-2025

Problem: Solver convergence failure - Iteration limit reached
Timestep chopped to 0.000069 days


Starting time step 0, stepsize 6.875e-05 days, at day 0.1275/0.127708, date = 01-Jan-2025
 Newton its= 6, linearizations= 7 (0.1sec), linear its= 62 (0.9sec)

Starting time step 1, stepsize 6.97917e-05 days, at day 0.127569/0.127708, date = 01-Jan-2025
 Newton its= 4, linearizations= 5 (0.2sec), linear its= 47 (0.6sec)

Starting time step 2, stepsize 6.97917e-05 days, at day 0.127639/0.127708, date = 01-Jan-2025
 Newton its= 3, linearizations= 4 (0.1sec), linear its= 35 (0.5sec)

Report step 613/1000 at day 0.127708/0.208333, date = 01-Jan-2025

Starting time step 0, stepsize 0.000208333 days, at day 0.127708/0.127917, date = 01-Jan-2025

Problem: Solver convergence failure - Iteration limit reached
Timestep chopped to 0.000069 days


Starting time step 0, stepsize 6.875e-05 days, at day 0.127708/0.127917, date = 01-Jan-2025

Problem: Solver convergence failure - Iteration limit reached
Timestep chopped to 0.000023 days


Starting time step 0, stepsize 2.26875e-05 days, at day 0.127708/0.127917, date = 01-Jan-2025
 Newton its= 3, linearizations= 4 (0.1sec), linear its= 30 (0.4sec)

Starting time step 1, stepsize 4.5375e-05 days, at day 0.127731/0.127917, date = 01-Jan-2025
 Newton its= 3, linearizations= 4 (0.1sec), linear its= 30 (0.4sec)

Starting time step 2, stepsize 0.000140271 days, at day 0.127776/0.127917, date = 01-Jan-2025

Problem: Solver convergence failure - Iteration limit reached
Timestep chopped to 0.000046 days


Starting time step 2, stepsize 4.62894e-05 days, at day 0.127776/0.127917, date = 01-Jan-2025
 Newton its= 4, linearizations= 5 (0.1sec), linear its= 42 (0.6sec)

Starting time step 3, stepsize 9.39815e-05 days, at day 0.127823/0.127917, date = 01-Jan-2025
 Newton its= 6, linearizations= 7 (0.1sec), linear its= 66 (0.8sec)

Report step 614/1000 at day 0.127917/0.208333, date = 01-Jan-2025

Starting time step 0, stepsize 0.000208333 days, at day 0.127917/0.128125, date = 01-Jan-2025
 Newton its= 8, linearizations= 9 (0.2sec), linear its= 93 (1.2sec)

Report step 615/1000 at day 0.128125/0.208333, date = 01-Jan-2025

Starting time step 0, stepsize 0.000208333 days, at day 0.128125/0.128333, date = 01-Jan-2025
 Newton its= 8, linearizations= 9 (0.2sec), linear its= 95 (1.3sec)

Report step 616/1000 at day 0.128333/0.208333, date = 01-Jan-2025

Starting time step 0, stepsize 0.000208333 days, at day 0.128333/0.128542, date = 01-Jan-2025

Warning: Full linear solver tolerance not achieved. The reduction is:1.34561e-05 after 20 iterations 
 Newton its= 9, linearizations=10 (0.2sec), linear its=128 (1.7sec)

Report step 617/1000 at day 0.128542/0.208333, date = 01-Jan-2025

Starting time step 0, stepsize 0.000208333 days, at day 0.128542/0.12875, date = 01-Jan-2025
 Newton its= 6, linearizations= 7 (0.1sec), linear its= 83 (1.0sec)

Report step 618/1000 at day 0.12875/0.208333, date = 01-Jan-2025

Starting time step 0, stepsize 0.000208333 days, at day 0.12875/0.128958, date = 01-Jan-2025
 Newton its= 9, linearizations=10 (0.2sec), linear its=119 (1.5sec)

Report step 619/1000 at day 0.128958/0.208333, date = 01-Jan-2025

Starting time step 0, stepsize 0.000208333 days, at day 0.128958/0.129167, date = 01-Jan-2025
 Newton its= 8, linearizations= 9 (0.2sec), linear its= 99 (1.4sec)

Report step 620/1000 at day 0.129167/0.208333, date = 01-Jan-2025

Starting time step 0, stepsize 0.000208333 days, at day 0.129167/0.129375, date = 01-Jan-2025
 Newton its= 9, linearizations=10 (0.2sec), linear its=119 (1.7sec)

Report step 621/1000 at day 0.129375/0.208333, date = 01-Jan-2025

Starting time step 0, stepsize 0.000208333 days, at day 0.129375/0.129583, date = 01-Jan-2025
 Newton its= 9, linearizations=10 (0.2sec), linear its=115 (1.6sec)

Report step 622/1000 at day 0.129583/0.208333, date = 01-Jan-2025

Starting time step 0, stepsize 0.000208333 days, at day 0.129583/0.129792, date = 01-Jan-2025
 Newton its=12, linearizations=13 (0.2sec), linear its=148 (2.0sec)

Report step 623/1000 at day 0.129792/0.208333, date = 01-Jan-2025

Starting time step 0, stepsize 0.000208333 days, at day 0.129792/0.13, date = 01-Jan-2025

Problem: Solver convergence failure - Numerical problem encountered
Timestep chopped to 0.000069 days


Starting time step 0, stepsize 6.875e-05 days, at day 0.129792/0.13, date = 01-Jan-2025
    Oscillating behavior detected: Relaxation set to 0.900000
 Newton its= 4, linearizations= 5 (0.1sec), linear its= 45 (0.6sec)

Starting time step 1, stepsize 0.000139583 days, at day 0.12986/0.13, date = 01-Jan-2025

Warning: Full linear solver tolerance not achieved. The reduction is:1.51615e-05 after 20 iterations 
 Newton its=14, linearizations=15 (0.3sec), linear its=200 (2.6sec)

Report step 624/1000 at day 0.13/0.208333, date = 01-Jan-2025

Starting time step 0, stepsize 0.000208333 days, at day 0.13/0.130208, date = 01-Jan-2025

Warning: Full linear solver tolerance not achieved. The reduction is:7.09237e-06 after 20 iterations 
    Oscillating behavior detected: Relaxation set to 0.900000
 Newton its=19, linearizations=20 (0.5sec), linear its=261 (3.6sec)

Report step 625/1000 at day 0.130208/0.208333, date = 01-Jan-2025

Starting time step 0, stepsize 0.000208333 days, at day 0.130208/0.130417, date = 01-Jan-2025

Problem: Solver convergence failure - Numerical problem encountered
Timestep chopped to 0.000069 days


Starting time step 0, stepsize 6.875e-05 days, at day 0.130208/0.130417, date = 01-Jan-2025
 Newton its=11, linearizations=12 (0.3sec), linear its=133 (1.8sec)

Starting time step 1, stepsize 5e-05 days, at day 0.130277/0.130417, date = 01-Jan-2025
 Newton its= 8, linearizations= 9 (0.3sec), linear its= 97 (1.5sec)

Starting time step 2, stepsize 5e-05 days, at day 0.130327/0.130417, date = 01-Jan-2025
 Newton its= 9, linearizations=10 (0.3sec), linear its=110 (1.8sec)

Starting time step 3, stepsize 3.95833e-05 days, at day 0.130377/0.130417, date = 01-Jan-2025
 Newton its= 5, linearizations= 6 (0.1sec), linear its= 60 (0.8sec)

Report step 626/1000 at day 0.130417/0.208333, date = 01-Jan-2025

Starting time step 0, stepsize 0.000208333 days, at day 0.130417/0.130625, date = 01-Jan-2025

Warning: Full linear solver tolerance not achieved. The reduction is:1.83188e-05 after 20 iterations 

Warning: Full linear solver tolerance not achieved. The reduction is:0.00337169 after 20 iterations 

Warning: Full linear solver tolerance not achieved. The reduction is:0.000670279 after 20 iterations 

Problem: Solver convergence failure - Numerical problem encountered
Timestep chopped to 0.000069 days


Starting time step 0, stepsize 6.875e-05 days, at day 0.130417/0.130625, date = 01-Jan-2025
 Newton its= 9, linearizations=10 (0.2sec), linear its=107 (1.6sec)

Starting time step 1, stepsize 6.11111e-05 days, at day 0.130485/0.130625, date = 01-Jan-2025
 Newton its= 8, linearizations= 9 (0.2sec), linear its= 90 (1.2sec)

Starting time step 2, stepsize 3.92361e-05 days, at day 0.130547/0.130625, date = 01-Jan-2025
 Newton its= 3, linearizations= 4 (0.1sec), linear its= 36 (0.4sec)

Starting time step 3, stepsize 3.92361e-05 days, at day 0.130586/0.130625, date = 01-Jan-2025
 Newton its= 8, linearizations= 9 (0.2sec), linear its= 93 (1.4sec)

Report step 627/1000 at day 0.130625/0.208333, date = 01-Jan-2025

Starting time step 0, stepsize 0.000208333 days, at day 0.130625/0.130833, date = 01-Jan-2025

Warning: Full linear solver tolerance not achieved. The reduction is:0.00609063 after 20 iterations 

Warning: Full linear solver tolerance not achieved. The reduction is:0.0028032 after 20 iterations 

Warning: Full linear solver tolerance not achieved. The reduction is:0.00363992 after 20 iterations 

Warning: Full linear solver tolerance not achieved. The reduction is:0.000501669 after 20 iterations 

Warning: Full linear solver tolerance not achieved. The reduction is:0.000189084 after 20 iterations 

Warning: Full linear solver tolerance not achieved. The reduction is:0.00683396 after 20 iterations 

Warning: Full linear solver tolerance not achieved. The reduction is:7.36942e-05 after 20 iterations 

Warning: Full linear solver tolerance not achieved. The reduction is:3.3188e-05 after 20 iterations 
 Newton its= 9, linearizations=10 (0.2sec), linear its=179 (2.3sec)

Report step 628/1000 at day 0.130833/0.208333, date = 01-Jan-2025

Starting time step 0, stepsize 0.000208333 days, at day 0.130833/0.131042, date = 01-Jan-2025

Warning: Full linear solver tolerance not achieved. The reduction is:0.000822274 after 20 iterations 

Warning: Full linear solver tolerance not achieved. The reduction is:0.00017589 after 20 iterations 

Problem: Solver convergence failure - Numerical problem encountered
Timestep chopped to 0.000069 days


Starting time step 0, stepsize 6.875e-05 days, at day 0.130833/0.131042, date = 01-Jan-2025
 Newton its= 6, linearizations= 7 (0.1sec), linear its= 69 (0.9sec)

Starting time step 1, stepsize 6.97917e-05 days, at day 0.130902/0.131042, date = 01-Jan-2025
 Newton its= 8, linearizations= 9 (0.2sec), linear its= 98 (1.2sec)

Starting time step 2, stepsize 6.97917e-05 days, at day 0.130972/0.131042, date = 01-Jan-2025
 Newton its= 9, linearizations=10 (0.2sec), linear its=102 (1.3sec)

Report step 629/1000 at day 0.131042/0.208333, date = 01-Jan-2025

Starting time step 0, stepsize 0.000208333 days, at day 0.131042/0.13125, date = 01-Jan-2025

Problem: Solver convergence failure - Numerical problem encountered
Timestep chopped to 0.000069 days


Starting time step 0, stepsize 6.875e-05 days, at day 0.131042/0.13125, date = 01-Jan-2025
 Newton its= 5, linearizations= 6 (0.1sec), linear its= 58 (0.8sec)

Starting time step 1, stepsize 0.000139583 days, at day 0.13111/0.13125, date = 01-Jan-2025

Warning: Full linear solver tolerance not achieved. The reduction is:2.5785e-05 after 20 iterations 
 Newton its= 9, linearizations=10 (0.2sec), linear its=146 (1.9sec)

Report step 630/1000 at day 0.13125/0.208333, date = 01-Jan-2025

Starting time step 0, stepsize 0.000208333 days, at day 0.13125/0.131458, date = 01-Jan-2025

Warning: Full linear solver tolerance not achieved. The reduction is:0.00760966 after 20 iterations 

Warning: Full linear solver tolerance not achieved. The reduction is:0.00579825 after 20 iterations 

Warning: Full linear solver tolerance not achieved. The reduction is:0.000510992 after 20 iterations 

Warning: Full linear solver tolerance not achieved. The reduction is:0.00208666 after 20 iterations 

Problem: Solver convergence failure - Numerical problem encountered
Timestep chopped to 0.000069 days


Starting time step 0, stepsize 6.875e-05 days, at day 0.13125/0.131458, date = 01-Jan-2025
 Newton its= 4, linearizations= 5 (0.1sec), linear its= 49 (0.7sec)

Starting time step 1, stepsize 0.000139583 days, at day 0.131319/0.131458, date = 01-Jan-2025

Warning: Full linear solver tolerance not achieved. The reduction is:1.89596e-05 after 20 iterations 

Warning: Full linear solver tolerance not achieved. The reduction is:1.65177e-05 after 20 iterations 
 Newton its= 7, linearizations= 8 (0.2sec), linear its=129 (1.5sec)

Report step 631/1000 at day 0.131458/0.208333, date = 01-Jan-2025

Starting time step 0, stepsize 0.000208333 days, at day 0.131458/0.131667, date = 01-Jan-2025

Problem: Solver convergence failure - Numerical problem encountered
Timestep chopped to 0.000069 days


Starting time step 0, stepsize 6.875e-05 days, at day 0.131458/0.131667, date = 01-Jan-2025
 Newton its= 5, linearizations= 6 (0.1sec), linear its= 67 (0.8sec)

Starting time step 1, stepsize 0.000139583 days, at day 0.131527/0.131667, date = 01-Jan-2025
 Newton its= 7, linearizations= 8 (0.2sec), linear its=119 (1.5sec)

Report step 632/1000 at day 0.131667/0.208333, date = 01-Jan-2025

Starting time step 0, stepsize 0.000208333 days, at day 0.131667/0.131875, date = 01-Jan-2025

Warning: Full linear solver tolerance not achieved. The reduction is:0.00479578 after 20 iterations 

Warning: Full linear solver tolerance not achieved. The reduction is:9.21869e-05 after 20 iterations 

Warning: Full linear solver tolerance not achieved. The reduction is:0.00192011 after 20 iterations 

Warning: Full linear solver tolerance not achieved. The reduction is:0.00140865 after 20 iterations 

Warning: Full linear solver tolerance not achieved. The reduction is:0.00180836 after 20 iterations 

Warning: Full linear solver tolerance not achieved. The reduction is:0.000157196 after 20 iterations 

Warning: Full linear solver tolerance not achieved. The reduction is:0.00352794 after 20 iterations 

Warning: Full linear solver tolerance not achieved. The reduction is:0.000267074 after 20 iterations 

Warning: Full linear solver tolerance not achieved. The reduction is:9.11838e-05 after 20 iterations 

Warning: Full linear solver tolerance not achieved. The reduction is:0.00142059 after 20 iterations 

Warning: Full linear solver tolerance not achieved. The reduction is:0.000840917 after 20 iterations 

Warning: Full linear solver tolerance not achieved. The reduction is:0.00118574 after 20 iterations 

Warning: Full linear solver tolerance not achieved. The reduction is:0.00352463 after 20 iterations 

Warning: Full linear solver tolerance not achieved. The reduction is:0.000852369 after 20 iterations 

Problem: Solver convergence failure - Numerical problem encountered
Timestep chopped to 0.000069 days


Starting time step 0, stepsize 6.875e-05 days, at day 0.131667/0.131875, date = 01-Jan-2025
 Newton its= 5, linearizations= 6 (0.2sec), linear its= 62 (0.9sec)

Starting time step 1, stepsize 0.000139583 days, at day 0.131735/0.131875, date = 01-Jan-2025

Warning: Full linear solver tolerance not achieved. The reduction is:2.87603e-05 after 20 iterations 

Warning: Full linear solver tolerance not achieved. The reduction is:6.97085e-06 after 20 iterations 
 Newton its= 7, linearizations= 8 (0.1sec), linear its=122 (1.6sec)

Report step 633/1000 at day 0.131875/0.208333, date = 01-Jan-2025

Starting time step 0, stepsize 0.000208333 days, at day 0.131875/0.132083, date = 01-Jan-2025

Problem: Solver convergence failure - Numerical problem encountered
Timestep chopped to 0.000069 days


Starting time step 0, stepsize 6.875e-05 days, at day 0.131875/0.132083, date = 01-Jan-2025
 Newton its= 5, linearizations= 6 (0.2sec), linear its= 65 (0.9sec)

Starting time step 1, stepsize 0.000139583 days, at day 0.131944/0.132083, date = 01-Jan-2025

Warning: Full linear solver tolerance not achieved. The reduction is:2.97638e-05 after 20 iterations 

Problem: Solver convergence failure - Iteration limit reached
Timestep chopped to 0.000046 days


Starting time step 1, stepsize 4.60625e-05 days, at day 0.131944/0.132083, date = 01-Jan-2025
 Newton its= 4, linearizations= 5 (0.1sec), linear its= 53 (0.7sec)

Starting time step 2, stepsize 9.35208e-05 days, at day 0.13199/0.132083, date = 01-Jan-2025
 Newton its=10, linearizations=11 (0.2sec), linear its=127 (1.7sec)

Report step 634/1000 at day 0.132083/0.208333, date = 01-Jan-2025

Starting time step 0, stepsize 0.000208333 days, at day 0.132083/0.132292, date = 01-Jan-2025

Warning: Full linear solver tolerance not achieved. The reduction is:0.00577923 after 20 iterations 

Warning: Full linear solver tolerance not achieved. The reduction is:0.00694162 after 20 iterations 

Warning: Full linear solver tolerance not achieved. The reduction is:0.000525608 after 20 iterations 

Warning: Full linear solver tolerance not achieved. The reduction is:0.000276425 after 20 iterations 

Warning: Full linear solver tolerance not achieved. The reduction is:0.000517808 after 20 iterations 

Warning: Full linear solver tolerance not achieved. The reduction is:9.63061e-06 after 20 iterations 

Warning: Full linear solver tolerance not achieved. The reduction is:3.40638e-05 after 20 iterations 

Warning: Full linear solver tolerance not achieved. The reduction is:9.76912e-06 after 20 iterations 

Warning: Full linear solver tolerance not achieved. The reduction is:3.78592e-05 after 20 iterations 

Warning: Full linear solver tolerance not achieved. The reduction is:0.000206003 after 20 iterations 

Warning: Full linear solver tolerance not achieved. The reduction is:5.81376e-05 after 20 iterations 

Warning: Full linear solver tolerance not achieved. The reduction is:0.00025137 after 20 iterations 

Warning: Full linear solver tolerance not achieved. The reduction is:1.50347e-05 after 20 iterations 

Warning: Full linear solver tolerance not achieved. The reduction is:0.000169829 after 20 iterations 

Warning: Full linear solver tolerance not achieved. The reduction is:5.45382e-05 after 20 iterations 

Warning: Full linear solver tolerance not achieved. The reduction is:1.55592e-05 after 20 iterations 

Warning: Full linear solver tolerance not achieved. The reduction is:4.03988e-05 after 20 iterations 

Warning: Full linear solver tolerance not achieved. The reduction is:2.44095e-05 after 20 iterations 

Warning: Full linear solver tolerance not achieved. The reduction is:8.68909e-06 after 20 iterations 
    Oscillating behavior detected: Relaxation set to 0.900000

Warning: Full linear solver tolerance not achieved. The reduction is:0.000324518 after 20 iterations 

Warning: Full linear solver tolerance not achieved. The reduction is:0.00164144 after 20 iterations 

Warning: Full linear solver tolerance not achieved. The reduction is:5.18558e-05 after 20 iterations 

Warning: Full linear solver tolerance not achieved. The reduction is:9.29751e-06 after 20 iterations 

Warning: Full linear solver tolerance not achieved. The reduction is:0.000101922 after 20 iterations 

Warning: Full linear solver tolerance not achieved. The reduction is:3.44096e-05 after 20 iterations 

Warning: Full linear solver tolerance not achieved. The reduction is:2.66792e-05 after 20 iterations 

Warning: Full linear solver tolerance not achieved. The reduction is:5.44027e-05 after 20 iterations 

Warning: Full linear solver tolerance not achieved. The reduction is:2.77211e-05 after 20 iterations 

Warning: Full linear solver tolerance not achieved. The reduction is:3.88023e-05 after 20 iterations 

Warning: Full linear solver tolerance not achieved. The reduction is:0.000148122 after 20 iterations 

Warning: Full linear solver tolerance not achieved. The reduction is:5.97908e-06 after 20 iterations 

Warning: Full linear solver tolerance not achieved. The reduction is:0.000152019 after 20 iterations 

Warning: Full linear solver tolerance not achieved. The reduction is:1.21984e-05 after 20 iterations 
    Oscillating behavior detected: Relaxation set to 0.800000

Warning: Full linear solver tolerance not achieved. The reduction is:4.50948e-05 after 20 iterations 

Warning: Full linear solver tolerance not achieved. The reduction is:2.33743e-05 after 20 iterations 

Warning: Full linear solver tolerance not achieved. The reduction is:2.31948e-05 after 20 iterations 

Warning: Full linear solver tolerance not achieved. The reduction is:0.000327222 after 20 iterations 

Warning: Full linear solver tolerance not achieved. The reduction is:0.00197916 after 20 iterations 

Warning: Full linear solver tolerance not achieved. The reduction is:6.18594e-06 after 20 iterations 

Warning: Full linear solver tolerance not achieved. The reduction is:8.00962e-05 after 20 iterations 

Warning: Full linear solver tolerance not achieved. The reduction is:1.06962e-05 after 20 iterations 

Warning: Full linear solver tolerance not achieved. The reduction is:0.000125251 after 20 iterations 

Problem: Solver convergence failure - Numerical problem encountered
Timestep chopped to 0.000069 days


Starting time step 0, stepsize 6.875e-05 days, at day 0.132083/0.132292, date = 01-Jan-2025
 Newton its= 4, linearizations= 5 (0.1sec), linear its= 46 (0.6sec)

Starting time step 1, stepsize 0.000139583 days, at day 0.132152/0.132292, date = 01-Jan-2025

Warning: Full linear solver tolerance not achieved. The reduction is:2.1321e-05 after 20 iterations 
 Newton its= 7, linearizations= 8 (0.1sec), linear its=116 (1.5sec)

Report step 635/1000 at day 0.132292/0.208333, date = 01-Jan-2025

Starting time step 0, stepsize 0.000208333 days, at day 0.132292/0.1325, date = 01-Jan-2025

Warning: Full linear solver tolerance not achieved. The reduction is:0.000891115 after 20 iterations 

Warning: Full linear solver tolerance not achieved. The reduction is:1.66239e-05 after 20 iterations 

Warning: Full linear solver tolerance not achieved. The reduction is:3.05e-05 after 20 iterations 

Warning: Full linear solver tolerance not achieved. The reduction is:7.30388e-06 after 20 iterations 

Warning: Full linear solver tolerance not achieved. The reduction is:6.41306e-05 after 20 iterations 

Warning: Full linear solver tolerance not achieved. The reduction is:1.20277e-05 after 20 iterations 

Warning: Full linear solver tolerance not achieved. The reduction is:5.07318e-06 after 20 iterations 

Warning: Full linear solver tolerance not achieved. The reduction is:0.000140661 after 20 iterations 

Warning: Full linear solver tolerance not achieved. The reduction is:6.74789e-05 after 20 iterations 

Warning: Full linear solver tolerance not achieved. The reduction is:6.45527e-06 after 20 iterations 

Warning: Full linear solver tolerance not achieved. The reduction is:0.000195212 after 20 iterations 

Warning: Full linear solver tolerance not achieved. The reduction is:9.93561e-06 after 20 iterations 

Warning: Full linear solver tolerance not achieved. The reduction is:1.99343e-05 after 20 iterations 

Warning: Full linear solver tolerance not achieved. The reduction is:5.54421e-06 after 20 iterations 

Warning: Full linear solver tolerance not achieved. The reduction is:1.24077e-05 after 20 iterations 

Warning: Full linear solver tolerance not achieved. The reduction is:1.48147e-05 after 20 iterations 

Warning: Full linear solver tolerance not achieved. The reduction is:2.89503e-05 after 20 iterations 

Warning: Full linear solver tolerance not achieved. The reduction is:1.13019e-05 after 20 iterations 

Problem: Solver convergence failure - Iteration limit reached
Timestep chopped to 0.000069 days


Starting time step 0, stepsize 6.875e-05 days, at day 0.132292/0.1325, date = 01-Jan-2025
 Newton its= 4, linearizations= 5 (0.1sec), linear its= 50 (0.6sec)

Starting time step 1, stepsize 0.000139583 days, at day 0.13236/0.1325, date = 01-Jan-2025
 Newton its= 7, linearizations= 8 (0.1sec), linear its=108 (1.5sec)

Report step 636/1000 at day 0.1325/0.208333, date = 01-Jan-2025

Starting time step 0, stepsize 0.000208333 days, at day 0.1325/0.132708, date = 01-Jan-2025

Warning: Full linear solver tolerance not achieved. The reduction is:4.82864e-05 after 20 iterations 

Warning: Full linear solver tolerance not achieved. The reduction is:8.45432e-05 after 20 iterations 

Warning: Full linear solver tolerance not achieved. The reduction is:9.79787e-06 after 20 iterations 

Warning: Full linear solver tolerance not achieved. The reduction is:5.20704e-06 after 20 iterations 

Warning: Full linear solver tolerance not achieved. The reduction is:7.17346e-06 after 20 iterations 

Warning: Full linear solver tolerance not achieved. The reduction is:1.37352e-05 after 20 iterations 
    Oscillating behavior detected: Relaxation set to 0.900000

Warning: Full linear solver tolerance not achieved. The reduction is:3.83339e-05 after 20 iterations 

Warning: Full linear solver tolerance not achieved. The reduction is:6.98596e-05 after 20 iterations 
    Oscillating behavior detected: Relaxation set to 0.800000

Warning: Full linear solver tolerance not achieved. The reduction is:5.11854e-06 after 20 iterations 

Warning: Full linear solver tolerance not achieved. The reduction is:3.88803e-05 after 20 iterations 

Warning: Full linear solver tolerance not achieved. The reduction is:7.15728e-06 after 20 iterations 
 Newton its=29, linearizations=30 (0.6sec), linear its=530 (6.9sec)

Report step 637/1000 at day 0.132708/0.208333, date = 01-Jan-2025

Starting time step 0, stepsize 0.000208333 days, at day 0.132708/0.132917, date = 01-Jan-2025

Warning: Full linear solver tolerance not achieved. The reduction is:1.79939e-05 after 20 iterations 

Warning: Full linear solver tolerance not achieved. The reduction is:6.82065e-06 after 20 iterations 

Warning: Full linear solver tolerance not achieved. The reduction is:6.20167e-06 after 20 iterations 

Warning: Full linear solver tolerance not achieved. The reduction is:8.87003e-06 after 20 iterations 

Warning: Full linear solver tolerance not achieved. The reduction is:5.64886e-06 after 20 iterations 

Warning: Full linear solver tolerance not achieved. The reduction is:7.86822e-05 after 20 iterations 

Warning: Full linear solver tolerance not achieved. The reduction is:5.46871e-06 after 20 iterations 

Warning: Full linear solver tolerance not achieved. The reduction is:0.000300258 after 20 iterations 

Warning: Full linear solver tolerance not achieved. The reduction is:3.18231e-05 after 20 iterations 

Warning: Full linear solver tolerance not achieved. The reduction is:4.20881e-05 after 20 iterations 

Warning: Full linear solver tolerance not achieved. The reduction is:0.000331674 after 20 iterations 

Warning: Full linear solver tolerance not achieved. The reduction is:0.000437106 after 20 iterations 

Warning: Full linear solver tolerance not achieved. The reduction is:6.52048e-05 after 20 iterations 

Warning: Full linear solver tolerance not achieved. The reduction is:5.94908e-06 after 20 iterations 

Warning: Full linear solver tolerance not achieved. The reduction is:0.00029702 after 20 iterations 

Warning: Full linear solver tolerance not achieved. The reduction is:5.39821e-05 after 20 iterations 

Warning: Full linear solver tolerance not achieved. The reduction is:2.64069e-05 after 20 iterations 

Problem: Solver convergence failure - Iteration limit reached
Timestep chopped to 0.000069 days


Starting time step 0, stepsize 6.875e-05 days, at day 0.132708/0.132917, date = 01-Jan-2025
 Newton its= 4, linearizations= 5 (0.1sec), linear its= 47 (0.6sec)

Starting time step 1, stepsize 0.000139583 days, at day 0.132777/0.132917, date = 01-Jan-2025
 Newton its= 5, linearizations= 6 (0.1sec), linear its= 67 (0.8sec)

Report step 638/1000 at day 0.132917/0.208333, date = 01-Jan-2025

Starting time step 0, stepsize 0.000208333 days, at day 0.132917/0.133125, date = 01-Jan-2025

Warning: Full linear solver tolerance not achieved. The reduction is:8.20733e-06 after 20 iterations 

Warning: Full linear solver tolerance not achieved. The reduction is:7.76754e-05 after 20 iterations 

Warning: Full linear solver tolerance not achieved. The reduction is:9.73832e-06 after 20 iterations 

Warning: Full linear solver tolerance not achieved. The reduction is:7.12713e-05 after 20 iterations 

Warning: Full linear solver tolerance not achieved. The reduction is:8.15452e-06 after 20 iterations 

Warning: Full linear solver tolerance not achieved. The reduction is:7.4459e-06 after 20 iterations 

Warning: Full linear solver tolerance not achieved. The reduction is:0.000141951 after 20 iterations 

Warning: Full linear solver tolerance not achieved. The reduction is:1.8403e-05 after 20 iterations 

Warning: Full linear solver tolerance not achieved. The reduction is:1.86004e-05 after 20 iterations 

Warning: Full linear solver tolerance not achieved. The reduction is:0.000757447 after 20 iterations 

Warning: Full linear solver tolerance not achieved. The reduction is:5.48047e-06 after 20 iterations 

Warning: Full linear solver tolerance not achieved. The reduction is:1.50259e-05 after 20 iterations 

Warning: Full linear solver tolerance not achieved. The reduction is:8.0813e-05 after 20 iterations 

Warning: Full linear solver tolerance not achieved. The reduction is:6.76767e-06 after 20 iterations 

Warning: Full linear solver tolerance not achieved. The reduction is:6.60595e-06 after 20 iterations 

Warning: Full linear solver tolerance not achieved. The reduction is:0.000190903 after 20 iterations 

Warning: Full linear solver tolerance not achieved. The reduction is:5.10416e-06 after 20 iterations 

Warning: Full linear solver tolerance not achieved. The reduction is:1.26565e-05 after 20 iterations 

Warning: Full linear solver tolerance not achieved. The reduction is:0.000129612 after 20 iterations 

Warning: Full linear solver tolerance not achieved. The reduction is:6.68182e-06 after 20 iterations 

Warning: Full linear solver tolerance not achieved. The reduction is:2.54168e-05 after 20 iterations 

Warning: Full linear solver tolerance not achieved. The reduction is:0.000100768 after 20 iterations 

Warning: Full linear solver tolerance not achieved. The reduction is:5.54066e-06 after 20 iterations 

Warning: Full linear solver tolerance not achieved. The reduction is:1.93445e-05 after 20 iterations 

Warning: Full linear solver tolerance not achieved. The reduction is:0.000160457 after 20 iterations 

Warning: Full linear solver tolerance not achieved. The reduction is:5.21086e-06 after 20 iterations 

Warning: Full linear solver tolerance not achieved. The reduction is:1.09445e-05 after 20 iterations 

Warning: Full linear solver tolerance not achieved. The reduction is:9.05478e-05 after 20 iterations 

Warning: Full linear solver tolerance not achieved. The reduction is:7.88028e-06 after 20 iterations 

Warning: Full linear solver tolerance not achieved. The reduction is:6.74329e-06 after 20 iterations 

Warning: Full linear solver tolerance not achieved. The reduction is:0.000158981 after 20 iterations 

Warning: Full linear solver tolerance not achieved. The reduction is:7.91956e-06 after 20 iterations 

Warning: Full linear solver tolerance not achieved. The reduction is:1.25055e-05 after 20 iterations 

Warning: Full linear solver tolerance not achieved. The reduction is:6.9599e-05 after 20 iterations 

Warning: Full linear solver tolerance not achieved. The reduction is:1.00737e-05 after 20 iterations 

Problem: Solver convergence failure - Iteration limit reached
Timestep chopped to 0.000069 days


Starting time step 0, stepsize 6.875e-05 days, at day 0.132917/0.133125, date = 01-Jan-2025
 Newton its= 4, linearizations= 5 (0.1sec), linear its= 49 (0.6sec)

Starting time step 1, stepsize 0.000139583 days, at day 0.132985/0.133125, date = 01-Jan-2025
    Oscillating behavior detected: Relaxation set to 0.900000

Problem: Solver convergence failure - Iteration limit reached
Timestep chopped to 0.000046 days


Starting time step 1, stepsize 4.60625e-05 days, at day 0.132985/0.133125, date = 01-Jan-2025
 Newton its= 5, linearizations= 6 (0.1sec), linear its= 49 (0.7sec)

Starting time step 2, stepsize 9.35208e-05 days, at day 0.133031/0.133125, date = 01-Jan-2025
 Newton its= 4, linearizations= 5 (0.1sec), linear its= 51 (0.6sec)

Report step 639/1000 at day 0.133125/0.208333, date = 01-Jan-2025

Starting time step 0, stepsize 0.000208333 days, at day 0.133125/0.133333, date = 01-Jan-2025

Warning: Full linear solver tolerance not achieved. The reduction is:0.00340126 after 20 iterations 

Warning: Full linear solver tolerance not achieved. The reduction is:0.000167645 after 20 iterations 

Warning: Full linear solver tolerance not achieved. The reduction is:0.00211863 after 20 iterations 

Warning: Full linear solver tolerance not achieved. The reduction is:5.45009e-06 after 20 iterations 

Warning: Full linear solver tolerance not achieved. The reduction is:0.000384046 after 20 iterations 

Warning: Full linear solver tolerance not achieved. The reduction is:8.75603e-06 after 20 iterations 

Warning: Full linear solver tolerance not achieved. The reduction is:5.08326e-05 after 20 iterations 

Warning: Full linear solver tolerance not achieved. The reduction is:1.3504e-05 after 20 iterations 

Warning: Full linear solver tolerance not achieved. The reduction is:9.68903e-06 after 20 iterations 

Warning: Full linear solver tolerance not achieved. The reduction is:6.45211e-05 after 20 iterations 

Warning: Full linear solver tolerance not achieved. The reduction is:5.15128e-05 after 20 iterations 

Warning: Full linear solver tolerance not achieved. The reduction is:1.201e-05 after 20 iterations 

Problem: Solver convergence failure - Iteration limit reached
Timestep chopped to 0.000069 days


Starting time step 0, stepsize 6.875e-05 days, at day 0.133125/0.133333, date = 01-Jan-2025
 Newton its= 5, linearizations= 6 (0.1sec), linear its= 60 (0.7sec)

Starting time step 1, stepsize 0.000139583 days, at day 0.133194/0.133333, date = 01-Jan-2025
    Oscillating behavior detected: Relaxation set to 0.900000

Problem: Solver convergence failure - Iteration limit reached
Timestep chopped to 0.000046 days


Starting time step 1, stepsize 4.60625e-05 days, at day 0.133194/0.133333, date = 01-Jan-2025
 Newton its= 5, linearizations= 6 (0.2sec), linear its= 55 (0.9sec)

Starting time step 2, stepsize 9.35208e-05 days, at day 0.13324/0.133333, date = 01-Jan-2025
 Newton its= 5, linearizations= 6 (0.1sec), linear its= 59 (0.9sec)

Report step 640/1000 at day 0.133333/0.208333, date = 01-Jan-2025

Starting time step 0, stepsize 0.000208333 days, at day 0.133333/0.133542, date = 01-Jan-2025

Warning: Full linear solver tolerance not achieved. The reduction is:5.48787e-06 after 20 iterations 

Warning: Full linear solver tolerance not achieved. The reduction is:6.18683e-06 after 20 iterations 

Warning: Full linear solver tolerance not achieved. The reduction is:1.13246e-05 after 20 iterations 
 Newton its=11, linearizations=12 (0.3sec), linear its=193 (2.6sec)

Report step 641/1000 at day 0.133542/0.208333, date = 01-Jan-2025

Starting time step 0, stepsize 0.000208333 days, at day 0.133542/0.13375, date = 01-Jan-2025

Warning: Full linear solver tolerance not achieved. The reduction is:1.3218e-05 after 20 iterations 
 Newton its= 8, linearizations= 9 (0.3sec), linear its=111 (1.8sec)

Report step 642/1000 at day 0.13375/0.208333, date = 01-Jan-2025

Starting time step 0, stepsize 0.000208333 days, at day 0.13375/0.133958, date = 01-Jan-2025
 Newton its= 6, linearizations= 7 (0.2sec), linear its= 89 (1.6sec)

Report step 643/1000 at day 0.133958/0.208333, date = 01-Jan-2025

Starting time step 0, stepsize 0.000208333 days, at day 0.133958/0.134167, date = 01-Jan-2025
 Newton its= 8, linearizations= 9 (0.2sec), linear its=112 (1.8sec)

Report step 644/1000 at day 0.134167/0.208333, date = 01-Jan-2025

Starting time step 0, stepsize 0.000208333 days, at day 0.134167/0.134375, date = 01-Jan-2025
 Newton its= 7, linearizations= 8 (0.2sec), linear its= 94 (1.4sec)

Report step 645/1000 at day 0.134375/0.208333, date = 01-Jan-2025

Starting time step 0, stepsize 0.000208333 days, at day 0.134375/0.134583, date = 01-Jan-2025
 Newton its= 7, linearizations= 8 (0.2sec), linear its= 94 (1.2sec)

Report step 646/1000 at day 0.134583/0.208333, date = 01-Jan-2025

Starting time step 0, stepsize 0.000208333 days, at day 0.134583/0.134792, date = 01-Jan-2025
 Newton its= 9, linearizations=10 (0.2sec), linear its=129 (1.8sec)

Report step 647/1000 at day 0.134792/0.208333, date = 01-Jan-2025

Starting time step 0, stepsize 0.000208333 days, at day 0.134792/0.135, date = 01-Jan-2025
 Newton its= 9, linearizations=10 (0.2sec), linear its=125 (1.9sec)

Report step 648/1000 at day 0.135/0.208333, date = 01-Jan-2025

Starting time step 0, stepsize 0.000208333 days, at day 0.135/0.135208, date = 01-Jan-2025
 Newton its=10, linearizations=11 (0.3sec), linear its=151 (2.0sec)

Report step 649/1000 at day 0.135208/0.208333, date = 01-Jan-2025

Starting time step 0, stepsize 0.000208333 days, at day 0.135208/0.135417, date = 01-Jan-2025
 Newton its=11, linearizations=12 (0.3sec), linear its=151 (2.2sec)

Report step 650/1000 at day 0.135417/0.208333, date = 01-Jan-2025

Starting time step 0, stepsize 0.000208333 days, at day 0.135417/0.135625, date = 01-Jan-2025

Warning: Full linear solver tolerance not achieved. The reduction is:1.62486e-05 after 20 iterations 

Warning: Full linear solver tolerance not achieved. The reduction is:0.000148661 after 20 iterations 

Problem: Solver convergence failure - Numerical problem encountered
Timestep chopped to 0.000069 days


Starting time step 0, stepsize 6.875e-05 days, at day 0.135417/0.135625, date = 01-Jan-2025

Problem: Solver convergence failure - Numerical problem encountered
Timestep chopped to 0.000023 days


Starting time step 0, stepsize 2.26875e-05 days, at day 0.135417/0.135625, date = 01-Jan-2025
 Newton its= 2, linearizations= 3 (0.1sec), linear its= 21 (0.3sec)

Starting time step 1, stepsize 4.5375e-05 days, at day 0.135439/0.135625, date = 01-Jan-2025
 Newton its= 4, linearizations= 5 (0.1sec), linear its= 43 (0.6sec)

Starting time step 2, stepsize 7.01354e-05 days, at day 0.135485/0.135625, date = 01-Jan-2025
 Newton its= 4, linearizations= 5 (0.1sec), linear its= 46 (0.7sec)

Starting time step 3, stepsize 7.01354e-05 days, at day 0.135555/0.135625, date = 01-Jan-2025
 Newton its= 8, linearizations= 9 (0.2sec), linear its= 81 (1.2sec)

Report step 651/1000 at day 0.135625/0.208333, date = 01-Jan-2025

Starting time step 0, stepsize 0.000208333 days, at day 0.135625/0.135833, date = 01-Jan-2025
 Newton its= 8, linearizations= 9 (0.2sec), linear its=115 (1.8sec)

Report step 652/1000 at day 0.135833/0.208333, date = 01-Jan-2025

Starting time step 0, stepsize 0.000208333 days, at day 0.135833/0.136042, date = 01-Jan-2025

Problem: Solver convergence failure - Iteration limit reached
Timestep chopped to 0.000069 days


Starting time step 0, stepsize 6.875e-05 days, at day 0.135833/0.136042, date = 01-Jan-2025
 Newton its= 9, linearizations=10 (0.2sec), linear its=106 (1.5sec)

Starting time step 1, stepsize 6.11111e-05 days, at day 0.135902/0.136042, date = 01-Jan-2025
 Newton its= 3, linearizations= 4 (0.1sec), linear its= 34 (0.5sec)

Starting time step 2, stepsize 7.84722e-05 days, at day 0.135963/0.136042, date = 01-Jan-2025
 Newton its= 9, linearizations=10 (0.2sec), linear its=104 (1.5sec)

Report step 653/1000 at day 0.136042/0.208333, date = 01-Jan-2025

Starting time step 0, stepsize 0.000208333 days, at day 0.136042/0.13625, date = 01-Jan-2025

Warning: Full linear solver tolerance not achieved. The reduction is:0.000711155 after 20 iterations 

Warning: Full linear solver tolerance not achieved. The reduction is:0.000531661 after 20 iterations 

Warning: Full linear solver tolerance not achieved. The reduction is:8.8946e-06 after 20 iterations 

Problem: Solver convergence failure - Numerical problem encountered
Timestep chopped to 0.000069 days


Starting time step 0, stepsize 6.875e-05 days, at day 0.136042/0.13625, date = 01-Jan-2025

Problem: Solver convergence failure - Numerical problem encountered
Timestep chopped to 0.000023 days


Starting time step 0, stepsize 2.26875e-05 days, at day 0.136042/0.13625, date = 01-Jan-2025
 Newton its= 4, linearizations= 5 (0.1sec), linear its= 47 (0.6sec)

Starting time step 1, stepsize 4.5375e-05 days, at day 0.136064/0.13625, date = 01-Jan-2025
 Newton its= 4, linearizations= 5 (0.1sec), linear its= 47 (0.6sec)

Starting time step 2, stepsize 7.01354e-05 days, at day 0.13611/0.13625, date = 01-Jan-2025
 Newton its= 5, linearizations= 6 (0.1sec), linear its= 51 (0.8sec)

Starting time step 3, stepsize 7.01354e-05 days, at day 0.13618/0.13625, date = 01-Jan-2025
 Newton its= 9, linearizations=10 (0.2sec), linear its=109 (1.7sec)

Report step 654/1000 at day 0.13625/0.208333, date = 01-Jan-2025

Starting time step 0, stepsize 0.000208333 days, at day 0.13625/0.136458, date = 01-Jan-2025
 Newton its=12, linearizations=13 (0.3sec), linear its=174 (2.6sec)

Report step 655/1000 at day 0.136458/0.208333, date = 01-Jan-2025

Starting time step 0, stepsize 0.000208333 days, at day 0.136458/0.136667, date = 01-Jan-2025
 Newton its=10, linearizations=11 (0.2sec), linear its=138 (1.8sec)

Report step 656/1000 at day 0.136667/0.208333, date = 01-Jan-2025

Starting time step 0, stepsize 0.000208333 days, at day 0.136667/0.136875, date = 01-Jan-2025
    Oscillating behavior detected: Relaxation set to 0.900000
 Newton its= 8, linearizations= 9 (0.2sec), linear its=124 (1.7sec)

Report step 657/1000 at day 0.136875/0.208333, date = 01-Jan-2025

Starting time step 0, stepsize 0.000208333 days, at day 0.136875/0.137083, date = 01-Jan-2025
 Newton its= 7, linearizations= 8 (0.2sec), linear its=102 (1.5sec)

Report step 658/1000 at day 0.137083/0.208333, date = 01-Jan-2025

Starting time step 0, stepsize 0.000208333 days, at day 0.137083/0.137292, date = 01-Jan-2025
 Newton its=11, linearizations=12 (0.2sec), linear its=151 (2.3sec)

Report step 659/1000 at day 0.137292/0.208333, date = 01-Jan-2025

Starting time step 0, stepsize 0.000208333 days, at day 0.137292/0.1375, date = 01-Jan-2025
 Newton its= 6, linearizations= 7 (0.1sec), linear its= 80 (1.1sec)

Report step 660/1000 at day 0.1375/0.208333, date = 01-Jan-2025

Starting time step 0, stepsize 0.000208333 days, at day 0.1375/0.137708, date = 01-Jan-2025

Warning: Full linear solver tolerance not achieved. The reduction is:9.34462e-06 after 20 iterations 

Warning: Full linear solver tolerance not achieved. The reduction is:0.00234403 after 20 iterations 

Warning: Full linear solver tolerance not achieved. The reduction is:0.000198482 after 20 iterations 

Problem: Solver convergence failure - Numerical problem encountered
Timestep chopped to 0.000069 days


Starting time step 0, stepsize 6.875e-05 days, at day 0.1375/0.137708, date = 01-Jan-2025

Warning: Full linear solver tolerance not achieved. The reduction is:6.58398e-05 after 20 iterations 

Problem: Solver convergence failure - Numerical problem encountered
Timestep chopped to 0.000023 days


Starting time step 0, stepsize 2.26875e-05 days, at day 0.1375/0.137708, date = 01-Jan-2025

Warning: Full linear solver tolerance not achieved. The reduction is:4.99654e-05 after 20 iterations 

Warning: Full linear solver tolerance not achieved. The reduction is:0.000342052 after 20 iterations 

Warning: Full linear solver tolerance not achieved. The reduction is:0.00774534 after 20 iterations 

Problem: Solver convergence failure - Numerical problem encountered
Timestep chopped to 0.000007 days


Starting time step 0, stepsize 7.48688e-06 days, at day 0.1375/0.137708, date = 01-Jan-2025

Problem: Solver convergence failure - Numerical problem encountered
Timestep chopped to 0.000002 days


Starting time step 0, stepsize 2.47067e-06 days, at day 0.1375/0.137708, date = 01-Jan-2025
 Newton its= 1, linearizations= 2 (0.0sec), linear its= 11 (0.1sec)

Starting time step 1, stepsize 4.94134e-06 days, at day 0.137502/0.137708, date = 01-Jan-2025
 Newton its= 1, linearizations= 2 (0.0sec), linear its= 11 (0.2sec)

Starting time step 2, stepsize 1.4824e-05 days, at day 0.137507/0.137708, date = 01-Jan-2025
 Newton its= 4, linearizations= 5 (0.1sec), linear its= 54 (0.7sec)

Starting time step 3, stepsize 3.85424e-05 days, at day 0.137522/0.137708, date = 01-Jan-2025
 Newton its= 6, linearizations= 7 (0.1sec), linear its= 67 (1.0sec)

Starting time step 4, stepsize 6.93764e-05 days, at day 0.137561/0.137708, date = 01-Jan-2025
 Newton its= 4, linearizations= 5 (0.1sec), linear its= 42 (0.6sec)

Starting time step 5, stepsize 7.81785e-05 days, at day 0.13763/0.137708, date = 01-Jan-2025
 Newton its= 4, linearizations= 5 (0.1sec), linear its= 51 (0.7sec)

Report step 661/1000 at day 0.137708/0.208333, date = 01-Jan-2025

Starting time step 0, stepsize 0.000208333 days, at day 0.137708/0.137917, date = 01-Jan-2025

Problem: Solver convergence failure - Iteration limit reached
Timestep chopped to 0.000069 days


Starting time step 0, stepsize 6.875e-05 days, at day 0.137708/0.137917, date = 01-Jan-2025
 Newton its= 5, linearizations= 6 (0.1sec), linear its= 61 (0.8sec)

Starting time step 1, stepsize 0.000139583 days, at day 0.137777/0.137917, date = 01-Jan-2025
 Newton its= 7, linearizations= 8 (0.2sec), linear its= 86 (1.3sec)

Report step 662/1000 at day 0.137917/0.208333, date = 01-Jan-2025

Starting time step 0, stepsize 0.000208333 days, at day 0.137917/0.138125, date = 01-Jan-2025

Problem: Solver convergence failure - Iteration limit reached
Timestep chopped to 0.000069 days


Starting time step 0, stepsize 6.875e-05 days, at day 0.137917/0.138125, date = 01-Jan-2025
 Newton its= 4, linearizations= 5 (0.1sec), linear its= 47 (0.7sec)

Starting time step 1, stepsize 0.000139583 days, at day 0.137985/0.138125, date = 01-Jan-2025
 Newton its= 6, linearizations= 7 (0.1sec), linear its= 77 (1.3sec)

Report step 663/1000 at day 0.138125/0.208333, date = 01-Jan-2025

Starting time step 0, stepsize 0.000208333 days, at day 0.138125/0.138333, date = 01-Jan-2025

Warning: Full linear solver tolerance not achieved. The reduction is:4.90266e-05 after 20 iterations 

Problem: Solver convergence failure - Numerical problem encountered
Timestep chopped to 0.000069 days


Starting time step 0, stepsize 6.875e-05 days, at day 0.138125/0.138333, date = 01-Jan-2025

Problem: Solver convergence failure - Numerical problem encountered
Timestep chopped to 0.000023 days


Starting time step 0, stepsize 2.26875e-05 days, at day 0.138125/0.138333, date = 01-Jan-2025

Warning: Full linear solver tolerance not achieved. The reduction is:1.0632e-05 after 20 iterations 

Problem: Solver convergence failure - Numerical problem encountered
Timestep chopped to 0.000007 days


Starting time step 0, stepsize 7.48688e-06 days, at day 0.138125/0.138333, date = 01-Jan-2025

Problem: Solver convergence failure - Numerical problem encountered
Timestep chopped to 0.000002 days


Starting time step 0, stepsize 2.47067e-06 days, at day 0.138125/0.138333, date = 01-Jan-2025
 Newton its= 1, linearizations= 2 (0.1sec), linear its= 12 (0.1sec)

Starting time step 1, stepsize 4.94134e-06 days, at day 0.138127/0.138333, date = 01-Jan-2025
 Newton its= 1, linearizations= 2 (0.0sec), linear its= 10 (0.1sec)

Starting time step 2, stepsize 1.4824e-05 days, at day 0.138132/0.138333, date = 01-Jan-2025
 Newton its= 1, linearizations= 2 (0.0sec), linear its= 11 (0.1sec)

Starting time step 3, stepsize 4.4472e-05 days, at day 0.138147/0.138333, date = 01-Jan-2025
 Newton its= 4, linearizations= 5 (0.1sec), linear its= 46 (0.6sec)

Starting time step 4, stepsize 7.08126e-05 days, at day 0.138192/0.138333, date = 01-Jan-2025
 Newton its= 5, linearizations= 6 (0.1sec), linear its= 64 (1.0sec)

Starting time step 5, stepsize 7.08126e-05 days, at day 0.138263/0.138333, date = 01-Jan-2025

Problem: Solver convergence failure - Iteration limit reached
Timestep chopped to 0.000023 days


Starting time step 5, stepsize 2.33682e-05 days, at day 0.138263/0.138333, date = 01-Jan-2025
 Newton its= 4, linearizations= 5 (0.1sec), linear its= 43 (0.5sec)

Starting time step 6, stepsize 4.74445e-05 days, at day 0.138286/0.138333, date = 01-Jan-2025
 Newton its= 4, linearizations= 5 (0.1sec), linear its= 43 (0.7sec)

Report step 664/1000 at day 0.138333/0.208333, date = 01-Jan-2025

Starting time step 0, stepsize 0.000208333 days, at day 0.138333/0.138542, date = 01-Jan-2025

Problem: Solver convergence failure - Iteration limit reached
Timestep chopped to 0.000069 days


Starting time step 0, stepsize 6.875e-05 days, at day 0.138333/0.138542, date = 01-Jan-2025
 Newton its= 4, linearizations= 5 (0.1sec), linear its= 49 (0.6sec)

Starting time step 1, stepsize 0.000139583 days, at day 0.138402/0.138542, date = 01-Jan-2025

Problem: Solver convergence failure - Iteration limit reached
Timestep chopped to 0.000046 days


Starting time step 1, stepsize 4.60625e-05 days, at day 0.138402/0.138542, date = 01-Jan-2025
 Newton its= 4, linearizations= 5 (0.1sec), linear its= 43 (0.7sec)

Starting time step 2, stepsize 9.35208e-05 days, at day 0.138448/0.138542, date = 01-Jan-2025
 Newton its= 4, linearizations= 5 (0.1sec), linear its= 46 (0.7sec)

Report step 665/1000 at day 0.138542/0.208333, date = 01-Jan-2025

Starting time step 0, stepsize 0.000208333 days, at day 0.138542/0.13875, date = 01-Jan-2025
    Oscillating behavior detected: Relaxation set to 0.900000
 Newton its=22, linearizations=23 (0.4sec), linear its=284 (4.0sec)

Report step 666/1000 at day 0.13875/0.208333, date = 01-Jan-2025

Starting time step 0, stepsize 0.000208333 days, at day 0.13875/0.138958, date = 01-Jan-2025

Problem: Solver convergence failure - Numerical problem encountered
Timestep chopped to 0.000069 days


Starting time step 0, stepsize 6.875e-05 days, at day 0.13875/0.138958, date = 01-Jan-2025

Warning: Full linear solver tolerance not achieved. The reduction is:0.000293819 after 20 iterations 

Problem: Solver convergence failure - Numerical problem encountered
Timestep chopped to 0.000023 days


Starting time step 0, stepsize 2.26875e-05 days, at day 0.13875/0.138958, date = 01-Jan-2025

Warning: Full linear solver tolerance not achieved. The reduction is:0.00985669 after 20 iterations 

Warning: Full linear solver tolerance not achieved. The reduction is:5.04625e-05 after 20 iterations 

Warning: Full linear solver tolerance not achieved. The reduction is:0.00014793 after 20 iterations 

Problem: Solver convergence failure - Numerical problem encountered
Timestep chopped to 0.000007 days


Starting time step 0, stepsize 7.48688e-06 days, at day 0.13875/0.138958, date = 01-Jan-2025

Problem: Solver convergence failure - Numerical problem encountered
Timestep chopped to 0.000002 days


Starting time step 0, stepsize 2.47067e-06 days, at day 0.13875/0.138958, date = 01-Jan-2025
 Newton its= 1, linearizations= 2 (0.1sec), linear its= 10 (0.2sec)

Starting time step 1, stepsize 4.94134e-06 days, at day 0.138752/0.138958, date = 01-Jan-2025
 Newton its= 1, linearizations= 2 (0.1sec), linear its=  8 (0.2sec)

Starting time step 2, stepsize 1.4824e-05 days, at day 0.138757/0.138958, date = 01-Jan-2025
    Oscillating behavior detected: Relaxation set to 0.900000
 Newton its= 4, linearizations= 5 (0.1sec), linear its= 45 (0.7sec)

Starting time step 3, stepsize 3.85424e-05 days, at day 0.138772/0.138958, date = 01-Jan-2025
 Newton its= 4, linearizations= 5 (0.1sec), linear its= 44 (0.8sec)

Starting time step 4, stepsize 7.37774e-05 days, at day 0.138811/0.138958, date = 01-Jan-2025
 Newton its= 4, linearizations= 5 (0.1sec), linear its= 51 (0.7sec)

Starting time step 5, stepsize 7.37774e-05 days, at day 0.138885/0.138958, date = 01-Jan-2025
 Newton its= 3, linearizations= 4 (0.1sec), linear its= 35 (0.4sec)

Report step 667/1000 at day 0.138958/0.208333, date = 01-Jan-2025

Starting time step 0, stepsize 0.000208333 days, at day 0.138958/0.139167, date = 01-Jan-2025

Problem: Solver convergence failure - Numerical problem encountered
Timestep chopped to 0.000069 days


Starting time step 0, stepsize 6.875e-05 days, at day 0.138958/0.139167, date = 01-Jan-2025

Warning: Full linear solver tolerance not achieved. The reduction is:4.54815e-05 after 20 iterations 

Problem: Solver convergence failure - Numerical problem encountered
Timestep chopped to 0.000023 days


Starting time step 0, stepsize 2.26875e-05 days, at day 0.138958/0.139167, date = 01-Jan-2025

Warning: Full linear solver tolerance not achieved. The reduction is:3.59985e-05 after 20 iterations 

Problem: Solver convergence failure - Numerical problem encountered
Timestep chopped to 0.000007 days


Starting time step 0, stepsize 7.48688e-06 days, at day 0.138958/0.139167, date = 01-Jan-2025

Problem: Solver convergence failure - Numerical problem encountered
Timestep chopped to 0.000002 days


Starting time step 0, stepsize 2.47067e-06 days, at day 0.138958/0.139167, date = 01-Jan-2025
 Newton its= 1, linearizations= 2 (0.0sec), linear its= 11 (0.1sec)

Starting time step 1, stepsize 4.94134e-06 days, at day 0.138961/0.139167, date = 01-Jan-2025
 Newton its= 1, linearizations= 2 (0.1sec), linear its= 11 (0.1sec)

Starting time step 2, stepsize 1.4824e-05 days, at day 0.138966/0.139167, date = 01-Jan-2025
 Newton its= 3, linearizations= 4 (0.1sec), linear its= 26 (0.4sec)

Starting time step 3, stepsize 4.4472e-05 days, at day 0.138981/0.139167, date = 01-Jan-2025
 Newton its= 4, linearizations= 5 (0.2sec), linear its= 47 (0.7sec)

Starting time step 4, stepsize 7.08126e-05 days, at day 0.139025/0.139167, date = 01-Jan-2025
 Newton its= 4, linearizations= 5 (0.1sec), linear its= 52 (0.7sec)

Starting time step 5, stepsize 7.08126e-05 days, at day 0.139096/0.139167, date = 01-Jan-2025

Problem: Solver convergence failure - Iteration limit reached
Timestep chopped to 0.000023 days


Starting time step 5, stepsize 2.33682e-05 days, at day 0.139096/0.139167, date = 01-Jan-2025
 Newton its= 4, linearizations= 5 (0.1sec), linear its= 47 (0.7sec)

Starting time step 6, stepsize 4.74445e-05 days, at day 0.139119/0.139167, date = 01-Jan-2025
 Newton its= 7, linearizations= 8 (0.2sec), linear its= 65 (1.0sec)

Report step 668/1000 at day 0.139167/0.208333, date = 01-Jan-2025

Starting time step 0, stepsize 0.000208333 days, at day 0.139167/0.139375, date = 01-Jan-2025
 Newton its=23, linearizations=24 (0.5sec), linear its=330 (4.8sec)

Report step 669/1000 at day 0.139375/0.208333, date = 01-Jan-2025

Starting time step 0, stepsize 0.000208333 days, at day 0.139375/0.139583, date = 01-Jan-2025

Problem: Solver convergence failure - Iteration limit reached
Timestep chopped to 0.000069 days


Starting time step 0, stepsize 6.875e-05 days, at day 0.139375/0.139583, date = 01-Jan-2025
 Newton its= 5, linearizations= 6 (0.1sec), linear its= 65 (0.8sec)

Starting time step 1, stepsize 0.000139583 days, at day 0.139444/0.139583, date = 01-Jan-2025

Problem: Solver convergence failure - Iteration limit reached
Timestep chopped to 0.000046 days


Starting time step 1, stepsize 4.60625e-05 days, at day 0.139444/0.139583, date = 01-Jan-2025
 Newton its=10, linearizations=11 (0.2sec), linear its= 96 (1.3sec)

Starting time step 2, stepsize 3.685e-05 days, at day 0.13949/0.139583, date = 01-Jan-2025
 Newton its= 6, linearizations= 7 (0.1sec), linear its= 63 (1.0sec)

Starting time step 3, stepsize 5.66708e-05 days, at day 0.139527/0.139583, date = 01-Jan-2025

Problem: Solver convergence failure - Iteration limit reached
Timestep chopped to 0.000019 days


Starting time step 3, stepsize 1.87014e-05 days, at day 0.139527/0.139583, date = 01-Jan-2025
 Newton its= 4, linearizations= 5 (0.1sec), linear its= 49 (0.8sec)

Starting time step 4, stepsize 3.79695e-05 days, at day 0.139545/0.139583, date = 01-Jan-2025
 Newton its= 4, linearizations= 5 (0.1sec), linear its= 44 (0.6sec)

Report step 670/1000 at day 0.139583/0.208333, date = 01-Jan-2025

Starting time step 0, stepsize 0.000208333 days, at day 0.139583/0.139792, date = 01-Jan-2025

Problem: Solver convergence failure - Iteration limit reached
Timestep chopped to 0.000069 days


Starting time step 0, stepsize 6.875e-05 days, at day 0.139583/0.139792, date = 01-Jan-2025
 Newton its= 4, linearizations= 5 (0.1sec), linear its= 52 (0.8sec)

Starting time step 1, stepsize 0.000139583 days, at day 0.139652/0.139792, date = 01-Jan-2025

Problem: Solver convergence failure - Iteration limit reached
Timestep chopped to 0.000046 days


Starting time step 1, stepsize 4.60625e-05 days, at day 0.139652/0.139792, date = 01-Jan-2025
 Newton its= 8, linearizations= 9 (0.2sec), linear its= 84 (1.3sec)

Starting time step 2, stepsize 4.60625e-05 days, at day 0.139698/0.139792, date = 01-Jan-2025
 Newton its= 1, linearizations= 2 (0.0sec), linear its= 12 (0.2sec)

Starting time step 3, stepsize 4.74583e-05 days, at day 0.139744/0.139792, date = 01-Jan-2025
 Newton its= 5, linearizations= 6 (0.1sec), linear its= 56 (0.8sec)

Report step 671/1000 at day 0.139792/0.208333, date = 01-Jan-2025

Starting time step 0, stepsize 0.000208333 days, at day 0.139792/0.14, date = 01-Jan-2025

Warning: Full linear solver tolerance not achieved. The reduction is:1.14454e-05 after 20 iterations 

Problem: Solver convergence failure - Iteration limit reached
Timestep chopped to 0.000069 days


Starting time step 0, stepsize 6.875e-05 days, at day 0.139792/0.14, date = 01-Jan-2025
 Newton its= 5, linearizations= 6 (0.1sec), linear its= 54 (0.8sec)

Starting time step 1, stepsize 0.000139583 days, at day 0.13986/0.14, date = 01-Jan-2025
 Newton its= 6, linearizations= 7 (0.1sec), linear its= 78 (1.1sec)

Report step 672/1000 at day 0.14/0.208333, date = 01-Jan-2025

Starting time step 0, stepsize 0.000208333 days, at day 0.14/0.140208, date = 01-Jan-2025

Warning: Full linear solver tolerance not achieved. The reduction is:2.43632e-05 after 20 iterations 

Warning: Full linear solver tolerance not achieved. The reduction is:2.91655e-05 after 20 iterations 

Warning: Full linear solver tolerance not achieved. The reduction is:8.99014e-06 after 20 iterations 

Warning: Full linear solver tolerance not achieved. The reduction is:8.81289e-06 after 20 iterations 

Warning: Full linear solver tolerance not achieved. The reduction is:8.81265e-06 after 20 iterations 

Problem: Solver convergence failure - Iteration limit reached
Timestep chopped to 0.000069 days


Starting time step 0, stepsize 6.875e-05 days, at day 0.14/0.140208, date = 01-Jan-2025
 Newton its= 4, linearizations= 5 (0.1sec), linear its= 49 (0.7sec)

Starting time step 1, stepsize 0.000139583 days, at day 0.140069/0.140208, date = 01-Jan-2025
 Newton its= 5, linearizations= 6 (0.2sec), linear its= 67 (0.9sec)

Report step 673/1000 at day 0.140208/0.208333, date = 01-Jan-2025

Starting time step 0, stepsize 0.000208333 days, at day 0.140208/0.140417, date = 01-Jan-2025
 Newton its=10, linearizations=11 (0.3sec), linear its=140 (1.9sec)

Report step 674/1000 at day 0.140417/0.208333, date = 01-Jan-2025

Starting time step 0, stepsize 0.000208333 days, at day 0.140417/0.140625, date = 01-Jan-2025

Problem: Solver convergence failure - Iteration limit reached
Timestep chopped to 0.000069 days


Starting time step 0, stepsize 6.875e-05 days, at day 0.140417/0.140625, date = 01-Jan-2025
 Newton its= 7, linearizations= 8 (0.2sec), linear its= 71 (1.2sec)

Starting time step 1, stepsize 6.97917e-05 days, at day 0.140485/0.140625, date = 01-Jan-2025
 Newton its=11, linearizations=12 (0.3sec), linear its=126 (1.9sec)

Starting time step 2, stepsize 3.48958e-05 days, at day 0.140555/0.140625, date = 01-Jan-2025
 Newton its= 5, linearizations= 6 (0.2sec), linear its= 53 (0.9sec)

Starting time step 3, stepsize 3.48958e-05 days, at day 0.14059/0.140625, date = 01-Jan-2025
 Newton its= 2, linearizations= 3 (0.1sec), linear its= 23 (0.4sec)

Report step 675/1000 at day 0.140625/0.208333, date = 01-Jan-2025

Starting time step 0, stepsize 0.000208333 days, at day 0.140625/0.140833, date = 01-Jan-2025

Problem: Solver convergence failure - Iteration limit reached
Timestep chopped to 0.000069 days


Starting time step 0, stepsize 6.875e-05 days, at day 0.140625/0.140833, date = 01-Jan-2025
 Newton its= 1, linearizations= 2 (0.0sec), linear its= 14 (0.2sec)

Starting time step 1, stepsize 0.000139583 days, at day 0.140694/0.140833, date = 01-Jan-2025

Problem: Solver convergence failure - Iteration limit reached
Timestep chopped to 0.000046 days


Starting time step 1, stepsize 4.60625e-05 days, at day 0.140694/0.140833, date = 01-Jan-2025

Problem: Solver convergence failure - Iteration limit reached
Timestep chopped to 0.000015 days


Starting time step 1, stepsize 1.52006e-05 days, at day 0.140694/0.140833, date = 01-Jan-2025
 Newton its= 4, linearizations= 5 (0.1sec), linear its= 40 (0.7sec)

Starting time step 2, stepsize 3.04012e-05 days, at day 0.140709/0.140833, date = 01-Jan-2025
 Newton its= 7, linearizations= 8 (0.1sec), linear its= 80 (1.1sec)

Starting time step 3, stepsize 4.25617e-05 days, at day 0.140739/0.140833, date = 01-Jan-2025
 Newton its= 6, linearizations= 7 (0.2sec), linear its= 64 (1.1sec)

Starting time step 4, stepsize 5.14197e-05 days, at day 0.140782/0.140833, date = 01-Jan-2025
 Newton its= 6, linearizations= 7 (0.3sec), linear its= 58 (1.1sec)

Report step 676/1000 at day 0.140833/0.208333, date = 01-Jan-2025

Starting time step 0, stepsize 0.000208333 days, at day 0.140833/0.141042, date = 01-Jan-2025
 Newton its=10, linearizations=11 (0.4sec), linear its=150 (2.3sec)

Report step 677/1000 at day 0.141042/0.208333, date = 01-Jan-2025

Starting time step 0, stepsize 0.000208333 days, at day 0.141042/0.14125, date = 01-Jan-2025
    Oscillating behavior detected: Relaxation set to 0.900000
    Oscillating behavior detected: Relaxation set to 0.800000
 Newton its=47, linearizations=48 (1.3sec), linear its=599 (9.6sec)

Report step 678/1000 at day 0.14125/0.208333, date = 01-Jan-2025

Starting time step 0, stepsize 0.000208333 days, at day 0.14125/0.141458, date = 01-Jan-2025
 Newton its=20, linearizations=21 (0.5sec), linear its=278 (4.6sec)

Report step 679/1000 at day 0.141458/0.208333, date = 01-Jan-2025

Starting time step 0, stepsize 0.000208333 days, at day 0.141458/0.141667, date = 01-Jan-2025
    Oscillating behavior detected: Relaxation set to 0.900000
 Newton its=35, linearizations=36 (0.8sec), linear its=481 (7.5sec)

Report step 680/1000 at day 0.141667/0.208333, date = 01-Jan-2025

Starting time step 0, stepsize 0.000208333 days, at day 0.141667/0.141875, date = 01-Jan-2025

Warning: Full linear solver tolerance not achieved. The reduction is:8.21116e-06 after 20 iterations 
 Newton its= 8, linearizations= 9 (0.3sec), linear its=116 (1.7sec)

Report step 681/1000 at day 0.141875/0.208333, date = 01-Jan-2025

Starting time step 0, stepsize 0.000208333 days, at day 0.141875/0.142083, date = 01-Jan-2025
 Newton its= 8, linearizations= 9 (0.4sec), linear its=117 (2.0sec)

Report step 682/1000 at day 0.142083/0.208333, date = 01-Jan-2025

Starting time step 0, stepsize 0.000208333 days, at day 0.142083/0.142292, date = 01-Jan-2025
 Newton its= 8, linearizations= 9 (0.2sec), linear its=114 (1.9sec)

Report step 683/1000 at day 0.142292/0.208333, date = 01-Jan-2025

Starting time step 0, stepsize 0.000208333 days, at day 0.142292/0.1425, date = 01-Jan-2025
 Newton its=13, linearizations=14 (0.5sec), linear its=163 (2.8sec)

Report step 684/1000 at day 0.1425/0.208333, date = 01-Jan-2025

Starting time step 0, stepsize 0.000208333 days, at day 0.1425/0.142708, date = 01-Jan-2025
 Newton its= 8, linearizations= 9 (0.2sec), linear its=120 (1.9sec)

Report step 685/1000 at day 0.142708/0.208333, date = 01-Jan-2025

Starting time step 0, stepsize 0.000208333 days, at day 0.142708/0.142917, date = 01-Jan-2025
 Newton its= 7, linearizations= 8 (0.2sec), linear its=104 (1.4sec)

Report step 686/1000 at day 0.142917/0.208333, date = 01-Jan-2025

Starting time step 0, stepsize 0.000208333 days, at day 0.142917/0.143125, date = 01-Jan-2025

Problem: Solver convergence failure - Iteration limit reached
Timestep chopped to 0.000069 days


Starting time step 0, stepsize 6.875e-05 days, at day 0.142917/0.143125, date = 01-Jan-2025
 Newton its= 6, linearizations= 7 (0.2sec), linear its= 69 (1.0sec)

Starting time step 1, stepsize 6.97917e-05 days, at day 0.142985/0.143125, date = 01-Jan-2025
 Newton its= 4, linearizations= 5 (0.2sec), linear its= 48 (0.8sec)

Starting time step 2, stepsize 6.97917e-05 days, at day 0.143055/0.143125, date = 01-Jan-2025

Problem: Solver convergence failure - Iteration limit reached
Timestep chopped to 0.000023 days


Starting time step 2, stepsize 2.30312e-05 days, at day 0.143055/0.143125, date = 01-Jan-2025
 Newton its= 2, linearizations= 3 (0.1sec), linear its= 24 (0.3sec)

Starting time step 3, stepsize 4.67604e-05 days, at day 0.143078/0.143125, date = 01-Jan-2025

Problem: Solver convergence failure - Iteration limit reached
Timestep chopped to 0.000015 days


Starting time step 3, stepsize 1.54309e-05 days, at day 0.143078/0.143125, date = 01-Jan-2025
 Newton its= 1, linearizations= 2 (0.0sec), linear its= 11 (0.2sec)

Starting time step 4, stepsize 3.13295e-05 days, at day 0.143094/0.143125, date = 01-Jan-2025
 Newton its= 6, linearizations= 7 (0.2sec), linear its= 70 (1.2sec)

Report step 687/1000 at day 0.143125/0.208333, date = 01-Jan-2025

Starting time step 0, stepsize 0.000208333 days, at day 0.143125/0.143333, date = 01-Jan-2025
 Newton its= 9, linearizations=10 (0.2sec), linear its=114 (1.6sec)

Report step 688/1000 at day 0.143333/0.208333, date = 01-Jan-2025

Starting time step 0, stepsize 0.000208333 days, at day 0.143333/0.143542, date = 01-Jan-2025
 Newton its= 9, linearizations=10 (0.2sec), linear its=132 (1.9sec)

Report step 689/1000 at day 0.143542/0.208333, date = 01-Jan-2025

Starting time step 0, stepsize 0.000208333 days, at day 0.143542/0.14375, date = 01-Jan-2025
 Newton its= 8, linearizations= 9 (0.2sec), linear its=114 (1.5sec)

Report step 690/1000 at day 0.14375/0.208333, date = 01-Jan-2025

Starting time step 0, stepsize 0.000208333 days, at day 0.14375/0.143958, date = 01-Jan-2025
 Newton its= 9, linearizations=10 (0.3sec), linear its=134 (1.8sec)

Report step 691/1000 at day 0.143958/0.208333, date = 01-Jan-2025

Starting time step 0, stepsize 0.000208333 days, at day 0.143958/0.144167, date = 01-Jan-2025

Warning: Full linear solver tolerance not achieved. The reduction is:0.000203489 after 20 iterations 

Warning: Full linear solver tolerance not achieved. The reduction is:1.09949e-05 after 20 iterations 

Warning: Full linear solver tolerance not achieved. The reduction is:8.16628e-06 after 20 iterations 

Problem: Solver convergence failure - Numerical problem encountered
Timestep chopped to 0.000069 days


Starting time step 0, stepsize 6.875e-05 days, at day 0.143958/0.144167, date = 01-Jan-2025

Warning: Full linear solver tolerance not achieved. The reduction is:0.00124341 after 20 iterations 

Problem: Solver convergence failure - Numerical problem encountered
Timestep chopped to 0.000023 days


Starting time step 0, stepsize 2.26875e-05 days, at day 0.143958/0.144167, date = 01-Jan-2025

Warning: Full linear solver tolerance not achieved. The reduction is:0.00484445 after 20 iterations 

Problem: Solver convergence failure - Numerical problem encountered
Timestep chopped to 0.000007 days


Starting time step 0, stepsize 7.48688e-06 days, at day 0.143958/0.144167, date = 01-Jan-2025

Warning: Full linear solver tolerance not achieved. The reduction is:5.28287e-05 after 20 iterations 

Problem: Solver convergence failure - Numerical problem encountered
Timestep chopped to 0.000002 days


Starting time step 0, stepsize 2.47067e-06 days, at day 0.143958/0.144167, date = 01-Jan-2025

Problem: [/Users/macbookn/hackatonwork/opm-simulators/opm/simulators/flow/BlackoilModel.hpp:367] NaN residual found!

Problem: Solver convergence failure - Numerical problem encountered
Timestep chopped to 0.000001 days


Starting time step 0, stepsize 8.15321e-07 days, at day 0.143958/0.144167, date = 01-Jan-2025

Warning: Full linear solver tolerance not achieved. The reduction is:5.53003e-06 after 20 iterations 

Warning: Full linear solver tolerance not achieved. The reduction is:2.03087e-05 after 20 iterations 

Warning: Full linear solver tolerance not achieved. The reduction is:0.00496215 after 20 iterations 

Warning: Full linear solver tolerance not achieved. The reduction is:8.09073e-05 after 20 iterations 

Warning: Full linear solver tolerance not achieved. The reduction is:8.50689e-05 after 20 iterations 

Problem: [/Users/macbookn/hackatonwork/opm-simulators/opm/simulators/flow/BlackoilModel.hpp:367] NaN residual found!

Problem: Solver convergence failure - Numerical problem encountered
Timestep chopped to 0.000000 days


Starting time step 0, stepsize 2.69056e-07 days, at day 0.143958/0.144167, date = 01-Jan-2025
 Newton its= 6, linearizations= 7 (0.2sec), linear its= 71 (1.1sec)

Starting time step 1, stepsize 4.843e-07 days, at day 0.143959/0.144167, date = 01-Jan-2025
 Newton its= 1, linearizations= 2 (0.0sec), linear its= 11 (0.1sec)

Starting time step 2, stepsize 1.4529e-06 days, at day 0.143959/0.144167, date = 01-Jan-2025
 Newton its= 1, linearizations= 2 (0.1sec), linear its= 11 (0.2sec)

Starting time step 3, stepsize 4.3587e-06 days, at day 0.143961/0.144167, date = 01-Jan-2025
 Newton its= 1, linearizations= 2 (0.0sec), linear its= 12 (0.2sec)

Starting time step 4, stepsize 1.30761e-05 days, at day 0.143965/0.144167, date = 01-Jan-2025
 Newton its= 4, linearizations= 5 (0.1sec), linear its= 42 (0.6sec)

Starting time step 5, stepsize 3.39979e-05 days, at day 0.143978/0.144167, date = 01-Jan-2025
 Newton its= 1, linearizations= 2 (0.0sec), linear its= 12 (0.2sec)

Starting time step 6, stepsize 0.000101994 days, at day 0.144012/0.144167, date = 01-Jan-2025
 Newton its= 2, linearizations= 3 (0.1sec), linear its= 28 (0.5sec)

Starting time step 7, stepsize 5.27007e-05 days, at day 0.144114/0.144167, date = 01-Jan-2025
 Newton its= 2, linearizations= 3 (0.1sec), linear its= 23 (0.3sec)

Report step 692/1000 at day 0.144167/0.208333, date = 01-Jan-2025

Starting time step 0, stepsize 0.000208333 days, at day 0.144167/0.144375, date = 01-Jan-2025
 Newton its= 8, linearizations= 9 (0.2sec), linear its=125 (1.7sec)

Report step 693/1000 at day 0.144375/0.208333, date = 01-Jan-2025

Starting time step 0, stepsize 0.000208333 days, at day 0.144375/0.144583, date = 01-Jan-2025
 Newton its= 8, linearizations= 9 (0.2sec), linear its=128 (1.8sec)

Report step 694/1000 at day 0.144583/0.208333, date = 01-Jan-2025

Starting time step 0, stepsize 0.000208333 days, at day 0.144583/0.144792, date = 01-Jan-2025

Warning: Full linear solver tolerance not achieved. The reduction is:0.00121289 after 20 iterations 

Problem: Solver convergence failure - Numerical problem encountered
Timestep chopped to 0.000069 days


Starting time step 0, stepsize 6.875e-05 days, at day 0.144583/0.144792, date = 01-Jan-2025

Warning: Full linear solver tolerance not achieved. The reduction is:0.00098198 after 20 iterations 

Warning: Full linear solver tolerance not achieved. The reduction is:4.86494e-05 after 20 iterations 

Warning: Full linear solver tolerance not achieved. The reduction is:9.64836e-05 after 20 iterations 

Warning: Full linear solver tolerance not achieved. The reduction is:6.98364e-05 after 20 iterations 

Warning: Full linear solver tolerance not achieved. The reduction is:0.000407974 after 20 iterations 

Warning: Full linear solver tolerance not achieved. The reduction is:0.000184442 after 20 iterations 

Warning: Full linear solver tolerance not achieved. The reduction is:2.57976e-05 after 20 iterations 

Warning: Full linear solver tolerance not achieved. The reduction is:1.62355e-05 after 20 iterations 

Warning: Full linear solver tolerance not achieved. The reduction is:0.00012378 after 20 iterations 

Problem: Solver convergence failure - Numerical problem encountered
Timestep chopped to 0.000023 days


Starting time step 0, stepsize 2.26875e-05 days, at day 0.144583/0.144792, date = 01-Jan-2025

Warning: Full linear solver tolerance not achieved. The reduction is:2.09238e-05 after 20 iterations 

Warning: Full linear solver tolerance not achieved. The reduction is:0.00231268 after 20 iterations 

Problem: [/Users/macbookn/hackatonwork/opm-simulators/opm/simulators/flow/BlackoilModel.hpp:367] NaN residual found!

Problem: Solver convergence failure - Numerical problem encountered
Timestep chopped to 0.000007 days


Starting time step 0, stepsize 7.48688e-06 days, at day 0.144583/0.144792, date = 01-Jan-2025

Problem: Solver convergence failure - Numerical problem encountered
Timestep chopped to 0.000002 days


Starting time step 0, stepsize 2.47067e-06 days, at day 0.144583/0.144792, date = 01-Jan-2025
 Newton its= 1, linearizations= 2 (0.1sec), linear its= 13 (0.2sec)

Starting time step 1, stepsize 4.94134e-06 days, at day 0.144586/0.144792, date = 01-Jan-2025
 Newton its= 1, linearizations= 2 (0.0sec), linear its= 13 (0.2sec)

Starting time step 2, stepsize 1.4824e-05 days, at day 0.144591/0.144792, date = 01-Jan-2025
 Newton its= 1, linearizations= 2 (0.0sec), linear its= 13 (0.2sec)

Starting time step 3, stepsize 4.4472e-05 days, at day 0.144606/0.144792, date = 01-Jan-2025
 Newton its= 3, linearizations= 4 (0.1sec), linear its= 37 (0.5sec)

Starting time step 4, stepsize 7.08126e-05 days, at day 0.14465/0.144792, date = 01-Jan-2025

Warning: Full linear solver tolerance not achieved. The reduction is:4.7916e-05 after 20 iterations 

Problem: Solver convergence failure - Numerical problem encountered
Timestep chopped to 0.000023 days


Starting time step 4, stepsize 2.33682e-05 days, at day 0.14465/0.144792, date = 01-Jan-2025

Problem: Solver convergence failure - Numerical problem encountered
Timestep chopped to 0.000008 days


Starting time step 4, stepsize 7.7115e-06 days, at day 0.14465/0.144792, date = 01-Jan-2025
 Newton its= 1, linearizations= 2 (0.0sec), linear its= 10 (0.2sec)

Starting time step 5, stepsize 1.5423e-05 days, at day 0.144658/0.144792, date = 01-Jan-2025
 Newton its= 8, linearizations= 9 (0.2sec), linear its= 72 (1.1sec)

Starting time step 6, stepsize 1.5423e-05 days, at day 0.144673/0.144792, date = 01-Jan-2025

Warning: Full linear solver tolerance not achieved. The reduction is:7.05959e-06 after 20 iterations 
 Newton its= 1, linearizations= 2 (0.0sec), linear its= 20 (0.3sec)

Starting time step 7, stepsize 4.6269e-05 days, at day 0.144689/0.144792, date = 01-Jan-2025
 Newton its= 2, linearizations= 3 (0.0sec), linear its= 28 (0.5sec)

Starting time step 8, stepsize 5.67988e-05 days, at day 0.144735/0.144792, date = 01-Jan-2025
 Newton its=10, linearizations=11 (0.2sec), linear its=171 (2.4sec)

Report step 695/1000 at day 0.144792/0.208333, date = 01-Jan-2025

Starting time step 0, stepsize 0.000208333 days, at day 0.144792/0.145, date = 01-Jan-2025

Warning: Full linear solver tolerance not achieved. The reduction is:1.15034e-05 after 20 iterations 
 Newton its=11, linearizations=12 (0.3sec), linear its=161 (2.2sec)

Report step 696/1000 at day 0.145/0.208333, date = 01-Jan-2025

Starting time step 0, stepsize 0.000208333 days, at day 0.145/0.145208, date = 01-Jan-2025

Warning: Full linear solver tolerance not achieved. The reduction is:0.000622777 after 20 iterations 

Problem: Solver convergence failure - Numerical problem encountered
Timestep chopped to 0.000069 days


Starting time step 0, stepsize 6.875e-05 days, at day 0.145/0.145208, date = 01-Jan-2025

Warning: Full linear solver tolerance not achieved. The reduction is:0.000455308 after 20 iterations 

Warning: Full linear solver tolerance not achieved. The reduction is:8.9214e-05 after 20 iterations 

Problem: Solver convergence failure - Numerical problem encountered
Timestep chopped to 0.000023 days


Starting time step 0, stepsize 2.26875e-05 days, at day 0.145/0.145208, date = 01-Jan-2025

Problem: Solver convergence failure - Numerical problem encountered
Timestep chopped to 0.000007 days


Starting time step 0, stepsize 7.48688e-06 days, at day 0.145/0.145208, date = 01-Jan-2025
 Newton its= 1, linearizations= 2 (0.0sec), linear its= 10 (0.1sec)

Starting time step 1, stepsize 1.49738e-05 days, at day 0.145007/0.145208, date = 01-Jan-2025
 Newton its= 2, linearizations= 3 (0.1sec), linear its= 20 (0.3sec)

Starting time step 2, stepsize 4.49213e-05 days, at day 0.145022/0.145208, date = 01-Jan-2025

Warning: Full linear solver tolerance not achieved. The reduction is:0.000491804 after 20 iterations 

Problem: [/Users/macbookn/hackatonwork/opm-simulators/opm/simulators/flow/BlackoilModel.hpp:367] NaN residual found!

Problem: Solver convergence failure - Numerical problem encountered
Timestep chopped to 0.000015 days


Starting time step 2, stepsize 1.4824e-05 days, at day 0.145022/0.145208, date = 01-Jan-2025
 Newton its= 9, linearizations=10 (0.2sec), linear its= 85 (1.4sec)

Starting time step 3, stepsize 1.31769e-05 days, at day 0.145037/0.145208, date = 01-Jan-2025
 Newton its= 2, linearizations= 3 (0.1sec), linear its= 17 (0.3sec)

Starting time step 4, stepsize 3.95307e-05 days, at day 0.14505/0.145208, date = 01-Jan-2025

Warning: Full linear solver tolerance not achieved. The reduction is:2.07053e-05 after 20 iterations 

Problem: Solver convergence failure - Numerical problem encountered
Timestep chopped to 0.000013 days


Starting time step 4, stepsize 1.30451e-05 days, at day 0.14505/0.145208, date = 01-Jan-2025

Problem: Solver convergence failure - Numerical problem encountered
Timestep chopped to 0.000004 days


Starting time step 4, stepsize 4.30489e-06 days, at day 0.14505/0.145208, date = 01-Jan-2025

Problem: [/Users/macbookn/hackatonwork/opm-simulators/opm/simulators/flow/BlackoilModel.hpp:367] NaN residual found!

Problem: Solver convergence failure - Numerical problem encountered
Timestep chopped to 0.000001 days


Starting time step 4, stepsize 1.42061e-06 days, at day 0.14505/0.145208, date = 01-Jan-2025

Problem: Solver convergence failure - Numerical problem encountered
Timestep chopped to 0.000000 days


Starting time step 4, stepsize 4.68803e-07 days, at day 0.14505/0.145208, date = 01-Jan-2025
 Newton its= 3, linearizations= 4 (0.1sec), linear its= 39 (0.6sec)

Starting time step 5, stepsize 9.37606e-07 days, at day 0.145051/0.145208, date = 01-Jan-2025

Warning: Full linear solver tolerance not achieved. The reduction is:0.000365936 after 20 iterations 

Problem: Solver convergence failure - Numerical problem encountered
Timestep chopped to 0.000000 days


Starting time step 5, stepsize 3.0941e-07 days, at day 0.145051/0.145208, date = 01-Jan-2025
 Newton its= 4, linearizations= 5 (0.2sec), linear its= 73 (1.0sec)

Starting time step 6, stepsize 6.1882e-07 days, at day 0.145051/0.145208, date = 01-Jan-2025
 Newton its= 2, linearizations= 3 (0.1sec), linear its= 39 (0.5sec)

Starting time step 7, stepsize 1.85646e-06 days, at day 0.145052/0.145208, date = 01-Jan-2025
 Newton its= 5, linearizations= 6 (0.1sec), linear its= 78 (1.1sec)

Starting time step 8, stepsize 4.08421e-06 days, at day 0.145054/0.145208, date = 01-Jan-2025
 Newton its= 1, linearizations= 2 (0.1sec), linear its= 16 (0.2sec)

Starting time step 9, stepsize 1.22526e-05 days, at day 0.145058/0.145208, date = 01-Jan-2025
 Newton its= 1, linearizations= 2 (0.0sec), linear its= 16 (0.3sec)

Starting time step 10, stepsize 3.67579e-05 days, at day 0.14507/0.145208, date = 01-Jan-2025
 Newton its= 5, linearizations= 6 (0.2sec), linear its= 60 (0.9sec)

Starting time step 11, stepsize 5.07618e-05 days, at day 0.145107/0.145208, date = 01-Jan-2025
 Newton its= 6, linearizations= 7 (0.3sec), linear its= 70 (1.1sec)

Starting time step 12, stepsize 5.07618e-05 days, at day 0.145158/0.145208, date = 01-Jan-2025
 Newton its= 9, linearizations=10 (0.4sec), linear its=111 (2.3sec)

Report step 697/1000 at day 0.145208/0.208333, date = 01-Jan-2025

Starting time step 0, stepsize 0.000208333 days, at day 0.145208/0.145417, date = 01-Jan-2025

Problem: Solver convergence failure - Numerical problem encountered
Timestep chopped to 0.000069 days


Starting time step 0, stepsize 6.875e-05 days, at day 0.145208/0.145417, date = 01-Jan-2025

Warning: Full linear solver tolerance not achieved. The reduction is:1.76734e-05 after 20 iterations 

Warning: Full linear solver tolerance not achieved. The reduction is:0.000164098 after 20 iterations 

Warning: Full linear solver tolerance not achieved. The reduction is:0.00271172 after 20 iterations 

Problem: Solver convergence failure - Numerical problem encountered
Timestep chopped to 0.000023 days


Starting time step 0, stepsize 2.26875e-05 days, at day 0.145208/0.145417, date = 01-Jan-2025

Problem: Solver convergence failure - Numerical problem encountered
Timestep chopped to 0.000007 days


Starting time step 0, stepsize 7.48688e-06 days, at day 0.145208/0.145417, date = 01-Jan-2025
 Newton its= 1, linearizations= 2 (0.1sec), linear its= 10 (0.2sec)

Starting time step 1, stepsize 1.49738e-05 days, at day 0.145216/0.145417, date = 01-Jan-2025
 Newton its= 3, linearizations= 4 (0.1sec), linear its= 36 (0.6sec)

Starting time step 2, stepsize 4.49213e-05 days, at day 0.145231/0.145417, date = 01-Jan-2025
 Newton its= 5, linearizations= 6 (0.1sec), linear its= 60 (1.0sec)

Starting time step 3, stepsize 7.04757e-05 days, at day 0.145276/0.145417, date = 01-Jan-2025
 Newton its= 3, linearizations= 4 (0.1sec), linear its= 32 (0.5sec)

Starting time step 4, stepsize 7.04757e-05 days, at day 0.145346/0.145417, date = 01-Jan-2025

Warning: Full linear solver tolerance not achieved. The reduction is:0.002006 after 20 iterations 

Warning: Full linear solver tolerance not achieved. The reduction is:0.000241767 after 20 iterations 

Problem: [/Users/macbookn/hackatonwork/opm-simulators/opm/simulators/flow/BlackoilModel.hpp:367] NaN residual found!

Problem: Solver convergence failure - Numerical problem encountered
Timestep chopped to 0.000023 days


Starting time step 4, stepsize 2.3257e-05 days, at day 0.145346/0.145417, date = 01-Jan-2025

Warning: Full linear solver tolerance not achieved. The reduction is:3.73573e-05 after 20 iterations 

Problem: Solver convergence failure - Numerical problem encountered
Timestep chopped to 0.000008 days


Starting time step 4, stepsize 7.67481e-06 days, at day 0.145346/0.145417, date = 01-Jan-2025

Problem: Solver convergence failure - Numerical problem encountered
Timestep chopped to 0.000003 days


Starting time step 4, stepsize 2.53269e-06 days, at day 0.145346/0.145417, date = 01-Jan-2025
 Newton its= 1, linearizations= 2 (0.1sec), linear its=  8 (0.1sec)

Starting time step 5, stepsize 5.06537e-06 days, at day 0.145349/0.145417, date = 01-Jan-2025
 Newton its= 1, linearizations= 2 (0.0sec), linear its=  8 (0.2sec)

Starting time step 6, stepsize 1.51961e-05 days, at day 0.145354/0.145417, date = 01-Jan-2025
 Newton its= 2, linearizations= 3 (0.1sec), linear its= 15 (0.2sec)

Starting time step 7, stepsize 4.76816e-05 days, at day 0.145369/0.145417, date = 01-Jan-2025

Problem: Solver convergence failure - Numerical problem encountered
Timestep chopped to 0.000016 days


Starting time step 7, stepsize 1.57349e-05 days, at day 0.145369/0.145417, date = 01-Jan-2025

Problem: Solver convergence failure - Numerical problem encountered
Timestep chopped to 0.000005 days


Starting time step 7, stepsize 5.19252e-06 days, at day 0.145369/0.145417, date = 01-Jan-2025

Warning: Full linear solver tolerance not achieved. The reduction is:5.7721e-05 after 20 iterations 

Warning: Full linear solver tolerance not achieved. The reduction is:2.77728e-05 after 20 iterations 

Problem: Solver convergence failure - Numerical problem encountered
Timestep chopped to 0.000002 days


Starting time step 7, stepsize 1.71353e-06 days, at day 0.145369/0.145417, date = 01-Jan-2025

Warning: Full linear solver tolerance not achieved. The reduction is:6.94105e-05 after 20 iterations 

Problem: Solver convergence failure - Numerical problem encountered
Timestep chopped to 0.000001 days


Starting time step 7, stepsize 5.65466e-07 days, at day 0.145369/0.145417, date = 01-Jan-2025

Problem: Solver convergence failure - Numerical problem encountered
Timestep chopped to 0.000000 days


Starting time step 7, stepsize 1.86604e-07 days, at day 0.145369/0.145417, date = 01-Jan-2025

Warning: Full linear solver tolerance not achieved. The reduction is:1.06105e-05 after 20 iterations 

Problem: [/Users/macbookn/hackatonwork/opm-simulators/opm/simulators/flow/BlackoilModel.hpp:367] NaN residual found!

Problem: Solver convergence failure - Numerical problem encountered
Timestep chopped to 0.000000 days


Starting time step 7, stepsize 6.15792e-08 days, at day 0.145369/0.145417, date = 01-Jan-2025
 Newton its= 4, linearizations= 5 (0.1sec), linear its= 48 (0.7sec)

Starting time step 8, stepsize 1.23158e-07 days, at day 0.145369/0.145417, date = 01-Jan-2025
 Newton its= 2, linearizations= 3 (0.1sec), linear its= 28 (0.4sec)

Starting time step 9, stepsize 3.69475e-07 days, at day 0.145369/0.145417, date = 01-Jan-2025
 Newton its= 2, linearizations= 3 (0.1sec), linear its= 29 (0.4sec)

Starting time step 10, stepsize 1.10843e-06 days, at day 0.14537/0.145417, date = 01-Jan-2025
 Newton its= 1, linearizations= 2 (0.1sec), linear its= 13 (0.2sec)

Starting time step 11, stepsize 3.32528e-06 days, at day 0.145371/0.145417, date = 01-Jan-2025
 Newton its= 1, linearizations= 2 (0.0sec), linear its= 11 (0.2sec)

Starting time step 12, stepsize 9.97583e-06 days, at day 0.145374/0.145417, date = 01-Jan-2025
 Newton its= 2, linearizations= 3 (0.1sec), linear its= 18 (0.4sec)

Starting time step 13, stepsize 1.63589e-05 days, at day 0.145384/0.145417, date = 01-Jan-2025
 Newton its= 8, linearizations= 9 (0.2sec), linear its= 78 (1.3sec)

Starting time step 14, stepsize 1.63589e-05 days, at day 0.1454/0.145417, date = 01-Jan-2025
 Newton its= 8, linearizations= 9 (0.2sec), linear its= 75 (1.1sec)

Report step 698/1000 at day 0.145417/0.208333, date = 01-Jan-2025

Starting time step 0, stepsize 0.000208333 days, at day 0.145417/0.145625, date = 01-Jan-2025

Warning: Full linear solver tolerance not achieved. The reduction is:0.000219701 after 20 iterations 

Warning: Full linear solver tolerance not achieved. The reduction is:8.96728e-06 after 20 iterations 

Problem: Solver convergence failure - Numerical problem encountered
Timestep chopped to 0.000069 days


Starting time step 0, stepsize 6.875e-05 days, at day 0.145417/0.145625, date = 01-Jan-2025
 Newton its= 5, linearizations= 6 (0.1sec), linear its= 81 (1.2sec)

Starting time step 1, stepsize 0.000139583 days, at day 0.145485/0.145625, date = 01-Jan-2025
 Newton its= 8, linearizations= 9 (0.2sec), linear its=131 (1.8sec)

Report step 699/1000 at day 0.145625/0.208333, date = 01-Jan-2025

Starting time step 0, stepsize 0.000208333 days, at day 0.145625/0.145833, date = 01-Jan-2025

Warning: Full linear solver tolerance not achieved. The reduction is:7.57854e-06 after 20 iterations 

Warning: Full linear solver tolerance not achieved. The reduction is:3.4157e-05 after 20 iterations 

Warning: Full linear solver tolerance not achieved. The reduction is:3.40262e-05 after 20 iterations 

Problem: Solver convergence failure - Numerical problem encountered
Timestep chopped to 0.000069 days


Starting time step 0, stepsize 6.875e-05 days, at day 0.145625/0.145833, date = 01-Jan-2025

Warning: Full linear solver tolerance not achieved. The reduction is:0.000131649 after 20 iterations 

Problem: Solver convergence failure - Numerical problem encountered
Timestep chopped to 0.000023 days


Starting time step 0, stepsize 2.26875e-05 days, at day 0.145625/0.145833, date = 01-Jan-2025

Warning: Full linear solver tolerance not achieved. The reduction is:0.000103708 after 20 iterations 

Warning: Full linear solver tolerance not achieved. The reduction is:0.000700136 after 20 iterations 

Warning: Full linear solver tolerance not achieved. The reduction is:0.00778641 after 20 iterations 

Problem: Solver convergence failure - Numerical problem encountered
Timestep chopped to 0.000007 days


Starting time step 0, stepsize 7.48688e-06 days, at day 0.145625/0.145833, date = 01-Jan-2025

Warning: Full linear solver tolerance not achieved. The reduction is:0.00218011 after 20 iterations 

Warning: Full linear solver tolerance not achieved. The reduction is:6.97089e-05 after 20 iterations 

Problem: Solver convergence failure - Numerical problem encountered
Timestep chopped to 0.000002 days


Starting time step 0, stepsize 2.47067e-06 days, at day 0.145625/0.145833, date = 01-Jan-2025

Problem: Solver convergence failure - Numerical problem encountered
Timestep chopped to 0.000001 days


Starting time step 0, stepsize 8.15321e-07 days, at day 0.145625/0.145833, date = 01-Jan-2025
 Newton its= 1, linearizations= 2 (0.0sec), linear its=  7 (0.1sec)

Starting time step 1, stepsize 1.63064e-06 days, at day 0.145626/0.145833, date = 01-Jan-2025
 Newton its= 1, linearizations= 2 (0.0sec), linear its= 11 (0.2sec)

Starting time step 2, stepsize 4.89192e-06 days, at day 0.145627/0.145833, date = 01-Jan-2025
 Newton its= 1, linearizations= 2 (0.1sec), linear its= 10 (0.2sec)

Starting time step 3, stepsize 1.46758e-05 days, at day 0.145632/0.145833, date = 01-Jan-2025
 Newton its= 2, linearizations= 3 (0.1sec), linear its= 21 (0.3sec)

Starting time step 4, stepsize 4.40273e-05 days, at day 0.145647/0.145833, date = 01-Jan-2025

Problem: Solver convergence failure - Numerical problem encountered
Timestep chopped to 0.000015 days


Starting time step 4, stepsize 1.4529e-05 days, at day 0.145647/0.145833, date = 01-Jan-2025

Warning: Full linear solver tolerance not achieved. The reduction is:5.5474e-05 after 20 iterations 

Problem: Solver convergence failure - Numerical problem encountered
Timestep chopped to 0.000005 days


Starting time step 4, stepsize 4.79457e-06 days, at day 0.145647/0.145833, date = 01-Jan-2025

Warning: Full linear solver tolerance not achieved. The reduction is:0.00543888 after 20 iterations 

Warning: Full linear solver tolerance not achieved. The reduction is:0.000925077 after 20 iterations 

Problem: Solver convergence failure - Numerical problem encountered
Timestep chopped to 0.000002 days


Starting time step 4, stepsize 1.58221e-06 days, at day 0.145647/0.145833, date = 01-Jan-2025

Problem: [/Users/macbookn/hackatonwork/opm-simulators/opm/simulators/flow/BlackoilModel.hpp:367] NaN residual found!

Problem: Solver convergence failure - Numerical problem encountered
Timestep chopped to 0.000001 days


Starting time step 4, stepsize 5.22129e-07 days, at day 0.145647/0.145833, date = 01-Jan-2025

Warning: Full linear solver tolerance not achieved. The reduction is:6.07187e-05 after 20 iterations 

Problem: Solver convergence failure - Numerical problem encountered
Timestep chopped to 0.000000 days


Starting time step 4, stepsize 1.72303e-07 days, at day 0.145647/0.145833, date = 01-Jan-2025

Warning: Full linear solver tolerance not achieved. The reduction is:1.53198e-05 after 20 iterations 

Problem: [/Users/macbookn/hackatonwork/opm-simulators/opm/simulators/flow/BlackoilModel.hpp:367] NaN residual found!

Problem: Solver convergence failure - Numerical problem encountered
Timestep chopped to 0.000000 days


Starting time step 4, stepsize 5.68599e-08 days, at day 0.145647/0.145833, date = 01-Jan-2025
    Oscillating behavior detected: Relaxation set to 0.900000

Problem: [/Users/macbookn/hackatonwork/opm-simulators/opm/simulators/flow/BlackoilModel.hpp:367] NaN residual found!

Problem: Solver convergence failure - Numerical problem encountered
Timestep chopped to 0.000000 days


Starting time step 4, stepsize 1.87638e-08 days, at day 0.145647/0.145833, date = 01-Jan-2025
 Newton its= 5, linearizations= 6 (0.1sec), linear its= 45 (0.7sec)

Starting time step 5, stepsize 3.75275e-08 days, at day 0.145647/0.145833, date = 01-Jan-2025
 Newton its= 1, linearizations= 2 (0.1sec), linear its=  7 (0.1sec)

Starting time step 6, stepsize 1.12583e-07 days, at day 0.145647/0.145833, date = 01-Jan-2025
 Newton its= 1, linearizations= 2 (0.0sec), linear its=  8 (0.1sec)

Starting time step 7, stepsize 3.37748e-07 days, at day 0.145647/0.145833, date = 01-Jan-2025
 Newton its= 1, linearizations= 2 (0.0sec), linear its=  9 (0.2sec)

Starting time step 8, stepsize 1.01324e-06 days, at day 0.145648/0.145833, date = 01-Jan-2025
 Newton its= 1, linearizations= 2 (0.0sec), linear its=  9 (0.2sec)

Starting time step 9, stepsize 3.03973e-06 days, at day 0.145649/0.145833, date = 01-Jan-2025
 Newton its= 1, linearizations= 2 (0.0sec), linear its=  8 (0.1sec)

Starting time step 10, stepsize 9.11919e-06 days, at day 0.145652/0.145833, date = 01-Jan-2025
 Newton its= 1, linearizations= 2 (0.0sec), linear its= 10 (0.2sec)

Starting time step 11, stepsize 2.73576e-05 days, at day 0.145661/0.145833, date = 01-Jan-2025
 Newton its= 5, linearizations= 6 (0.1sec), linear its= 47 (0.8sec)

Starting time step 12, stepsize 6.01866e-05 days, at day 0.145688/0.145833, date = 01-Jan-2025
 Newton its= 4, linearizations= 5 (0.2sec), linear its= 47 (0.8sec)

Starting time step 13, stepsize 8.50967e-05 days, at day 0.145748/0.145833, date = 01-Jan-2025
 Newton its= 6, linearizations= 7 (0.2sec), linear its= 84 (1.4sec)

Report step 700/1000 at day 0.145833/0.208333, date = 01-Jan-2025

Starting time step 0, stepsize 0.000208333 days, at day 0.145833/0.146042, date = 01-Jan-2025
 Newton its= 9, linearizations=10 (0.2sec), linear its=128 (2.1sec)

Report step 701/1000 at day 0.146042/0.208333, date = 01-Jan-2025

Starting time step 0, stepsize 0.000208333 days, at day 0.146042/0.14625, date = 01-Jan-2025
 Newton its= 8, linearizations= 9 (0.3sec), linear its=111 (1.8sec)

Report step 702/1000 at day 0.14625/0.208333, date = 01-Jan-2025

Starting time step 0, stepsize 0.000208333 days, at day 0.14625/0.146458, date = 01-Jan-2025
 Newton its= 8, linearizations= 9 (0.2sec), linear its=117 (1.7sec)

Report step 703/1000 at day 0.146458/0.208333, date = 01-Jan-2025

Starting time step 0, stepsize 0.000208333 days, at day 0.146458/0.146667, date = 01-Jan-2025

Problem: Solver convergence failure - Iteration limit reached
Timestep chopped to 0.000069 days


Starting time step 0, stepsize 6.875e-05 days, at day 0.146458/0.146667, date = 01-Jan-2025
 Newton its= 6, linearizations= 7 (0.1sec), linear its= 79 (1.3sec)

Starting time step 1, stepsize 6.97917e-05 days, at day 0.146527/0.146667, date = 01-Jan-2025
 Newton its= 2, linearizations= 3 (0.1sec), linear its= 25 (0.4sec)

Starting time step 2, stepsize 6.97917e-05 days, at day 0.146597/0.146667, date = 01-Jan-2025
 Newton its= 5, linearizations= 6 (0.2sec), linear its= 65 (1.1sec)

Report step 704/1000 at day 0.146667/0.208333, date = 01-Jan-2025

Starting time step 0, stepsize 0.000208333 days, at day 0.146667/0.146875, date = 01-Jan-2025
 Newton its=11, linearizations=12 (0.4sec), linear its=153 (3.0sec)

Report step 705/1000 at day 0.146875/0.208333, date = 01-Jan-2025

Starting time step 0, stepsize 0.000208333 days, at day 0.146875/0.147083, date = 01-Jan-2025
 Newton its=12, linearizations=13 (0.5sec), linear its=170 (3.0sec)

Report step 706/1000 at day 0.147083/0.208333, date = 01-Jan-2025

Starting time step 0, stepsize 0.000208333 days, at day 0.147083/0.147292, date = 01-Jan-2025
 Newton its= 7, linearizations= 8 (0.2sec), linear its=101 (2.0sec)

Report step 707/1000 at day 0.147292/0.208333, date = 01-Jan-2025

Starting time step 0, stepsize 0.000208333 days, at day 0.147292/0.1475, date = 01-Jan-2025

Problem: Solver convergence failure - Iteration limit reached
Timestep chopped to 0.000069 days


Starting time step 0, stepsize 6.875e-05 days, at day 0.147292/0.1475, date = 01-Jan-2025

Problem: Solver convergence failure - Iteration limit reached
Timestep chopped to 0.000023 days


Starting time step 0, stepsize 2.26875e-05 days, at day 0.147292/0.1475, date = 01-Jan-2025
 Newton its= 3, linearizations= 4 (0.1sec), linear its= 43 (0.7sec)

Starting time step 1, stepsize 4.5375e-05 days, at day 0.147314/0.1475, date = 01-Jan-2025

Problem: Solver convergence failure - Iteration limit reached
Timestep chopped to 0.000015 days


Starting time step 1, stepsize 1.49738e-05 days, at day 0.147314/0.1475, date = 01-Jan-2025
 Newton its= 1, linearizations= 2 (0.1sec), linear its= 11 (0.2sec)

Starting time step 2, stepsize 2.99475e-05 days, at day 0.147329/0.1475, date = 01-Jan-2025
 Newton its= 8, linearizations= 9 (0.4sec), linear its=103 (2.1sec)

Starting time step 3, stepsize 2.99475e-05 days, at day 0.147359/0.1475, date = 01-Jan-2025
 Newton its= 5, linearizations= 6 (0.3sec), linear its= 69 (1.3sec)

Starting time step 4, stepsize 6.58845e-05 days, at day 0.147389/0.1475, date = 01-Jan-2025
 Newton its= 4, linearizations= 5 (0.3sec), linear its= 56 (1.1sec)

Starting time step 5, stepsize 4.48926e-05 days, at day 0.147455/0.1475, date = 01-Jan-2025
 Newton its= 7, linearizations= 8 (0.4sec), linear its= 96 (1.7sec)

Report step 708/1000 at day 0.1475/0.208333, date = 01-Jan-2025

Starting time step 0, stepsize 0.000208333 days, at day 0.1475/0.147708, date = 01-Jan-2025

Warning: Full linear solver tolerance not achieved. The reduction is:0.00128511 after 20 iterations 

Problem: [/Users/macbookn/hackatonwork/opm-simulators/opm/simulators/flow/BlackoilModel.hpp:367] NaN residual found!

Problem: Solver convergence failure - Numerical problem encountered
Timestep chopped to 0.000069 days


Starting time step 0, stepsize 6.875e-05 days, at day 0.1475/0.147708, date = 01-Jan-2025

Problem: Solver convergence failure - Numerical problem encountered
Timestep chopped to 0.000023 days


Starting time step 0, stepsize 2.26875e-05 days, at day 0.1475/0.147708, date = 01-Jan-2025
 Newton its= 4, linearizations= 5 (0.1sec), linear its= 46 (1.1sec)

Starting time step 1, stepsize 4.5375e-05 days, at day 0.147523/0.147708, date = 01-Jan-2025
 Newton its= 4, linearizations= 5 (0.2sec), linear its= 49 (1.0sec)

Starting time step 2, stepsize 7.01354e-05 days, at day 0.147568/0.147708, date = 01-Jan-2025
 Newton its= 4, linearizations= 5 (0.3sec), linear its= 48 (0.9sec)

Starting time step 3, stepsize 7.01354e-05 days, at day 0.147638/0.147708, date = 01-Jan-2025

Problem: Solver convergence failure - Iteration limit reached
Timestep chopped to 0.000023 days


Starting time step 3, stepsize 2.31447e-05 days, at day 0.147638/0.147708, date = 01-Jan-2025
 Newton its= 4, linearizations= 5 (0.2sec), linear its= 47 (0.8sec)

Starting time step 4, stepsize 4.69907e-05 days, at day 0.147661/0.147708, date = 01-Jan-2025
 Newton its= 5, linearizations= 6 (0.2sec), linear its= 73 (1.2sec)

Report step 709/1000 at day 0.147708/0.208333, date = 01-Jan-2025

Starting time step 0, stepsize 0.000208333 days, at day 0.147708/0.147917, date = 01-Jan-2025
 Newton its= 8, linearizations= 9 (0.3sec), linear its=110 (2.1sec)

Report step 710/1000 at day 0.147917/0.208333, date = 01-Jan-2025

Starting time step 0, stepsize 0.000208333 days, at day 0.147917/0.148125, date = 01-Jan-2025
 Newton its=14, linearizations=15 (0.5sec), linear its=185 (3.6sec)

Report step 711/1000 at day 0.148125/0.208333, date = 01-Jan-2025

Starting time step 0, stepsize 0.000208333 days, at day 0.148125/0.148333, date = 01-Jan-2025

Problem: Solver convergence failure - Numerical problem encountered
Timestep chopped to 0.000069 days


Starting time step 0, stepsize 6.875e-05 days, at day 0.148125/0.148333, date = 01-Jan-2025

Warning: Full linear solver tolerance not achieved. The reduction is:0.00307771 after 20 iterations 

Problem: Solver convergence failure - Numerical problem encountered
Timestep chopped to 0.000023 days


Starting time step 0, stepsize 2.26875e-05 days, at day 0.148125/0.148333, date = 01-Jan-2025

Problem: Solver convergence failure - Numerical problem encountered
Timestep chopped to 0.000007 days


Starting time step 0, stepsize 7.48688e-06 days, at day 0.148125/0.148333, date = 01-Jan-2025
 Newton its= 1, linearizations= 2 (0.1sec), linear its= 12 (0.2sec)

Starting time step 1, stepsize 1.49738e-05 days, at day 0.148132/0.148333, date = 01-Jan-2025
 Newton its= 1, linearizations= 2 (0.1sec), linear its= 13 (0.3sec)

Starting time step 2, stepsize 4.49213e-05 days, at day 0.148147/0.148333, date = 01-Jan-2025

Problem: Solver convergence failure - Iteration limit reached
Timestep chopped to 0.000015 days


Starting time step 2, stepsize 1.4824e-05 days, at day 0.148147/0.148333, date = 01-Jan-2025
 Newton its= 4, linearizations= 5 (0.1sec), linear its= 47 (0.9sec)

Starting time step 3, stepsize 2.9648e-05 days, at day 0.148162/0.148333, date = 01-Jan-2025
 Newton its= 3, linearizations= 4 (0.3sec), linear its= 32 (0.7sec)

Starting time step 4, stepsize 8.89441e-05 days, at day 0.148192/0.148333, date = 01-Jan-2025
 Newton its= 5, linearizations= 6 (0.3sec), linear its= 68 (1.4sec)

Starting time step 5, stepsize 5.24566e-05 days, at day 0.148281/0.148333, date = 01-Jan-2025

Problem: Solver convergence failure - Iteration limit reached
Timestep chopped to 0.000017 days


Starting time step 5, stepsize 1.73107e-05 days, at day 0.148281/0.148333, date = 01-Jan-2025
 Newton its= 4, linearizations= 5 (0.2sec), linear its= 49 (1.0sec)

Starting time step 6, stepsize 3.51459e-05 days, at day 0.148298/0.148333, date = 01-Jan-2025
 Newton its= 4, linearizations= 5 (0.2sec), linear its= 46 (0.9sec)

Report step 712/1000 at day 0.148333/0.208333, date = 01-Jan-2025

Starting time step 0, stepsize 0.000208333 days, at day 0.148333/0.148542, date = 01-Jan-2025

Warning: Full linear solver tolerance not achieved. The reduction is:6.6562e-05 after 20 iterations 
 Newton its=11, linearizations=12 (0.3sec), linear its=156 (2.4sec)

Report step 713/1000 at day 0.148542/0.208333, date = 01-Jan-2025

Starting time step 0, stepsize 0.000208333 days, at day 0.148542/0.14875, date = 01-Jan-2025

Problem: Solver convergence failure - Numerical problem encountered
Timestep chopped to 0.000069 days


Starting time step 0, stepsize 6.875e-05 days, at day 0.148542/0.14875, date = 01-Jan-2025

Problem: Solver convergence failure - Numerical problem encountered
Timestep chopped to 0.000023 days


Starting time step 0, stepsize 2.26875e-05 days, at day 0.148542/0.14875, date = 01-Jan-2025
 Newton its= 2, linearizations= 3 (0.1sec), linear its= 29 (0.5sec)

Starting time step 1, stepsize 4.5375e-05 days, at day 0.148564/0.14875, date = 01-Jan-2025
 Newton its= 4, linearizations= 5 (0.1sec), linear its= 49 (0.9sec)

Starting time step 2, stepsize 7.01354e-05 days, at day 0.14861/0.14875, date = 01-Jan-2025
 Newton its= 5, linearizations= 6 (0.1sec), linear its= 67 (0.8sec)

Starting time step 3, stepsize 7.01354e-05 days, at day 0.14868/0.14875, date = 01-Jan-2025

Problem: Solver convergence failure - Iteration limit reached
Timestep chopped to 0.000023 days


Starting time step 3, stepsize 2.31447e-05 days, at day 0.14868/0.14875, date = 01-Jan-2025
 Newton its= 4, linearizations= 5 (0.1sec), linear its= 43 (0.7sec)

Starting time step 4, stepsize 4.69907e-05 days, at day 0.148703/0.14875, date = 01-Jan-2025
 Newton its= 8, linearizations= 9 (0.4sec), linear its=102 (1.8sec)

Report step 714/1000 at day 0.14875/0.208333, date = 01-Jan-2025

Starting time step 0, stepsize 0.000208333 days, at day 0.14875/0.148958, date = 01-Jan-2025

Warning: Full linear solver tolerance not achieved. The reduction is:8.27289e-06 after 20 iterations 
 Newton its=22, linearizations=23 (0.6sec), linear its=315 (5.0sec)

Report step 715/1000 at day 0.148958/0.208333, date = 01-Jan-2025

Starting time step 0, stepsize 0.000208333 days, at day 0.148958/0.149167, date = 01-Jan-2025

Warning: Full linear solver tolerance not achieved. The reduction is:1.01349e-05 after 20 iterations 

Warning: Full linear solver tolerance not achieved. The reduction is:0.000447473 after 20 iterations 

Warning: Full linear solver tolerance not achieved. The reduction is:1.80445e-05 after 20 iterations 

Warning: Full linear solver tolerance not achieved. The reduction is:6.57822e-06 after 20 iterations 

Warning: Full linear solver tolerance not achieved. The reduction is:2.04604e-05 after 20 iterations 

Warning: Full linear solver tolerance not achieved. The reduction is:1.22468e-05 after 20 iterations 

Warning: Full linear solver tolerance not achieved. The reduction is:5.50844e-06 after 20 iterations 

Warning: Full linear solver tolerance not achieved. The reduction is:5.00725e-05 after 20 iterations 
 Newton its=11, linearizations=12 (0.3sec), linear its=211 (2.9sec)

Report step 716/1000 at day 0.149167/0.208333, date = 01-Jan-2025

Starting time step 0, stepsize 0.000208333 days, at day 0.149167/0.149375, date = 01-Jan-2025

Problem: Solver convergence failure - Iteration limit reached
Timestep chopped to 0.000069 days


Starting time step 0, stepsize 6.875e-05 days, at day 0.149167/0.149375, date = 01-Jan-2025
    Oscillating behavior detected: Relaxation set to 0.900000
 Newton its= 4, linearizations= 5 (0.1sec), linear its= 52 (0.7sec)

Starting time step 1, stepsize 0.000139583 days, at day 0.149235/0.149375, date = 01-Jan-2025

Problem: Solver convergence failure - Iteration limit reached
Timestep chopped to 0.000046 days


Starting time step 1, stepsize 4.60625e-05 days, at day 0.149235/0.149375, date = 01-Jan-2025
 Newton its= 3, linearizations= 4 (0.1sec), linear its= 36 (0.5sec)

Starting time step 2, stepsize 9.35208e-05 days, at day 0.149281/0.149375, date = 01-Jan-2025
 Newton its= 9, linearizations=10 (0.2sec), linear its=117 (1.5sec)

Report step 717/1000 at day 0.149375/0.208333, date = 01-Jan-2025

Starting time step 0, stepsize 0.000208333 days, at day 0.149375/0.149583, date = 01-Jan-2025

Problem: Solver convergence failure - Iteration limit reached
Timestep chopped to 0.000069 days


Starting time step 0, stepsize 6.875e-05 days, at day 0.149375/0.149583, date = 01-Jan-2025

Problem: Solver convergence failure - Iteration limit reached
Timestep chopped to 0.000023 days


Starting time step 0, stepsize 2.26875e-05 days, at day 0.149375/0.149583, date = 01-Jan-2025
 Newton its= 3, linearizations= 4 (0.1sec), linear its= 38 (0.5sec)

Starting time step 1, stepsize 4.5375e-05 days, at day 0.149398/0.149583, date = 01-Jan-2025
 Newton its= 1, linearizations= 2 (0.1sec), linear its= 14 (0.2sec)

Starting time step 2, stepsize 0.000140271 days, at day 0.149443/0.149583, date = 01-Jan-2025

Problem: Solver convergence failure - Iteration limit reached
Timestep chopped to 0.000046 days


Starting time step 2, stepsize 4.62894e-05 days, at day 0.149443/0.149583, date = 01-Jan-2025
 Newton its= 4, linearizations= 5 (0.1sec), linear its= 49 (0.8sec)

Starting time step 3, stepsize 9.39815e-05 days, at day 0.149489/0.149583, date = 01-Jan-2025
 Newton its= 8, linearizations= 9 (0.3sec), linear its= 95 (1.4sec)

Report step 718/1000 at day 0.149583/0.208333, date = 01-Jan-2025

Starting time step 0, stepsize 0.000208333 days, at day 0.149583/0.149792, date = 01-Jan-2025
 Newton its=14, linearizations=15 (0.4sec), linear its=180 (2.6sec)

Report step 719/1000 at day 0.149792/0.208333, date = 01-Jan-2025

Starting time step 0, stepsize 0.000208333 days, at day 0.149792/0.15, date = 01-Jan-2025
 Newton its= 9, linearizations=10 (0.2sec), linear its=139 (1.9sec)

Report step 720/1000 at day 0.15/0.208333, date = 01-Jan-2025

Starting time step 0, stepsize 0.000208333 days, at day 0.15/0.150208, date = 01-Jan-2025

Warning: Full linear solver tolerance not achieved. The reduction is:0.00172393 after 20 iterations 

Warning: Full linear solver tolerance not achieved. The reduction is:1.89729e-05 after 20 iterations 

Warning: Full linear solver tolerance not achieved. The reduction is:1.22028e-05 after 20 iterations 
    Oscillating behavior detected: Relaxation set to 0.900000

Problem: Solver convergence failure - Numerical problem encountered
Timestep chopped to 0.000069 days


Starting time step 0, stepsize 6.875e-05 days, at day 0.15/0.150208, date = 01-Jan-2025

Problem: Solver convergence failure - Numerical problem encountered
Timestep chopped to 0.000023 days


Starting time step 0, stepsize 2.26875e-05 days, at day 0.15/0.150208, date = 01-Jan-2025
 Newton its= 3, linearizations= 4 (0.1sec), linear its= 34 (0.6sec)

Starting time step 1, stepsize 4.5375e-05 days, at day 0.150023/0.150208, date = 01-Jan-2025
 Newton its= 3, linearizations= 4 (0.1sec), linear its= 42 (0.6sec)

Starting time step 2, stepsize 0.000140271 days, at day 0.150068/0.150208, date = 01-Jan-2025
 Newton its= 5, linearizations= 6 (0.1sec), linear its= 72 (1.1sec)

Report step 721/1000 at day 0.150208/0.208333, date = 01-Jan-2025

Starting time step 0, stepsize 0.000208333 days, at day 0.150208/0.150417, date = 01-Jan-2025
 Newton its=11, linearizations=12 (0.3sec), linear its=182 (2.6sec)

Report step 722/1000 at day 0.150417/0.208333, date = 01-Jan-2025

Starting time step 0, stepsize 0.000208333 days, at day 0.150417/0.150625, date = 01-Jan-2025

Warning: Full linear solver tolerance not achieved. The reduction is:0.0030015 after 20 iterations 

Warning: Full linear solver tolerance not achieved. The reduction is:3.58938e-05 after 20 iterations 

Warning: Full linear solver tolerance not achieved. The reduction is:6.31057e-06 after 20 iterations 

Warning: Full linear solver tolerance not achieved. The reduction is:7.27102e-05 after 20 iterations 
 Newton its= 9, linearizations=10 (0.2sec), linear its=171 (2.4sec)

Report step 723/1000 at day 0.150625/0.208333, date = 01-Jan-2025

Starting time step 0, stepsize 0.000208333 days, at day 0.150625/0.150833, date = 01-Jan-2025

Warning: Full linear solver tolerance not achieved. The reduction is:1.79348e-05 after 20 iterations 
 Newton its=13, linearizations=14 (0.3sec), linear its=197 (2.6sec)

Report step 724/1000 at day 0.150833/0.208333, date = 01-Jan-2025

Starting time step 0, stepsize 0.000208333 days, at day 0.150833/0.151042, date = 01-Jan-2025
 Newton its=10, linearizations=11 (0.2sec), linear its=164 (2.1sec)

Report step 725/1000 at day 0.151042/0.208333, date = 01-Jan-2025

Starting time step 0, stepsize 0.000208333 days, at day 0.151042/0.15125, date = 01-Jan-2025

Warning: Full linear solver tolerance not achieved. The reduction is:8.02342e-06 after 20 iterations 
 Newton its= 6, linearizations= 7 (0.1sec), linear its= 90 (1.1sec)

Report step 726/1000 at day 0.15125/0.208333, date = 01-Jan-2025

Starting time step 0, stepsize 0.000208333 days, at day 0.15125/0.151458, date = 01-Jan-2025
 Newton its=10, linearizations=11 (0.2sec), linear its=146 (1.9sec)

Report step 727/1000 at day 0.151458/0.208333, date = 01-Jan-2025

Starting time step 0, stepsize 0.000208333 days, at day 0.151458/0.151667, date = 01-Jan-2025

Warning: Full linear solver tolerance not achieved. The reduction is:1.73187e-05 after 20 iterations 
 Newton its= 8, linearizations= 9 (0.2sec), linear its=127 (1.9sec)

Report step 728/1000 at day 0.151667/0.208333, date = 01-Jan-2025

Starting time step 0, stepsize 0.000208333 days, at day 0.151667/0.151875, date = 01-Jan-2025

Warning: Full linear solver tolerance not achieved. The reduction is:6.23646e-06 after 20 iterations 
 Newton its=10, linearizations=11 (0.2sec), linear its=159 (2.0sec)

Report step 729/1000 at day 0.151875/0.208333, date = 01-Jan-2025

Starting time step 0, stepsize 0.000208333 days, at day 0.151875/0.152083, date = 01-Jan-2025

Warning: Full linear solver tolerance not achieved. The reduction is:1.5679e-05 after 20 iterations 
 Newton its=11, linearizations=12 (0.3sec), linear its=171 (2.4sec)

Report step 730/1000 at day 0.152083/0.208333, date = 01-Jan-2025

Starting time step 0, stepsize 0.000208333 days, at day 0.152083/0.152292, date = 01-Jan-2025
 Newton its=11, linearizations=12 (0.3sec), linear its=176 (2.3sec)

Report step 731/1000 at day 0.152292/0.208333, date = 01-Jan-2025

Starting time step 0, stepsize 0.000208333 days, at day 0.152292/0.1525, date = 01-Jan-2025

Warning: Full linear solver tolerance not achieved. The reduction is:6.3642e-06 after 20 iterations 

Warning: Full linear solver tolerance not achieved. The reduction is:1.99839e-05 after 20 iterations 

Warning: Full linear solver tolerance not achieved. The reduction is:1.08855e-05 after 20 iterations 

Warning: Full linear solver tolerance not achieved. The reduction is:2.33305e-05 after 20 iterations 

Warning: Full linear solver tolerance not achieved. The reduction is:5.08903e-05 after 20 iterations 

Warning: Full linear solver tolerance not achieved. The reduction is:2.30837e-05 after 20 iterations 

Warning: Full linear solver tolerance not achieved. The reduction is:5.04694e-05 after 20 iterations 

Warning: Full linear solver tolerance not achieved. The reduction is:1.20017e-05 after 20 iterations 

Warning: Full linear solver tolerance not achieved. The reduction is:2.3149e-05 after 20 iterations 

Warning: Full linear solver tolerance not achieved. The reduction is:5.0454e-05 after 20 iterations 

Warning: Full linear solver tolerance not achieved. The reduction is:2.30756e-05 after 20 iterations 

Warning: Full linear solver tolerance not achieved. The reduction is:5.04801e-05 after 20 iterations 

Warning: Full linear solver tolerance not achieved. The reduction is:2.31127e-05 after 20 iterations 

Warning: Full linear solver tolerance not achieved. The reduction is:5.0644e-05 after 20 iterations 

Warning: Full linear solver tolerance not achieved. The reduction is:2.30807e-05 after 20 iterations 

Warning: Full linear solver tolerance not achieved. The reduction is:5.0733e-05 after 20 iterations 

Warning: Full linear solver tolerance not achieved. The reduction is:2.30944e-05 after 20 iterations 

Problem: Solver convergence failure - Iteration limit reached
Timestep chopped to 0.000069 days


Starting time step 0, stepsize 6.875e-05 days, at day 0.152292/0.1525, date = 01-Jan-2025

Warning: Full linear solver tolerance not achieved. The reduction is:6.21835e-06 after 20 iterations 
 Newton its= 7, linearizations= 8 (0.2sec), linear its=106 (1.4sec)

Starting time step 1, stepsize 6.97917e-05 days, at day 0.15236/0.1525, date = 01-Jan-2025
 Newton its= 2, linearizations= 3 (0.1sec), linear its= 32 (0.4sec)

Starting time step 2, stepsize 6.97917e-05 days, at day 0.15243/0.1525, date = 01-Jan-2025
 Newton its= 8, linearizations= 9 (0.2sec), linear its=114 (1.5sec)

Report step 732/1000 at day 0.1525/0.208333, date = 01-Jan-2025

Starting time step 0, stepsize 0.000208333 days, at day 0.1525/0.152708, date = 01-Jan-2025
 Newton its= 7, linearizations= 8 (0.2sec), linear its=114 (1.5sec)

Report step 733/1000 at day 0.152708/0.208333, date = 01-Jan-2025

Starting time step 0, stepsize 0.000208333 days, at day 0.152708/0.152917, date = 01-Jan-2025

Warning: Full linear solver tolerance not achieved. The reduction is:7.77401e-06 after 20 iterations 

Warning: Full linear solver tolerance not achieved. The reduction is:0.000134872 after 20 iterations 
 Newton its=10, linearizations=11 (0.3sec), linear its=164 (2.1sec)

Report step 734/1000 at day 0.152917/0.208333, date = 01-Jan-2025

Starting time step 0, stepsize 0.000208333 days, at day 0.152917/0.153125, date = 01-Jan-2025
 Newton its=10, linearizations=11 (0.2sec), linear its=172 (2.3sec)

Report step 735/1000 at day 0.153125/0.208333, date = 01-Jan-2025

Starting time step 0, stepsize 0.000208333 days, at day 0.153125/0.153333, date = 01-Jan-2025

Warning: Full linear solver tolerance not achieved. The reduction is:2.62061e-05 after 20 iterations 
 Newton its=10, linearizations=11 (0.3sec), linear its=157 (2.2sec)

Report step 736/1000 at day 0.153333/0.208333, date = 01-Jan-2025

Starting time step 0, stepsize 0.000208333 days, at day 0.153333/0.153542, date = 01-Jan-2025

Warning: Full linear solver tolerance not achieved. The reduction is:3.16977e-05 after 20 iterations 

Warning: Full linear solver tolerance not achieved. The reduction is:0.000132929 after 20 iterations 

Warning: Full linear solver tolerance not achieved. The reduction is:5.6433e-06 after 20 iterations 
 Newton its= 7, linearizations= 8 (0.1sec), linear its=131 (1.8sec)

Report step 737/1000 at day 0.153542/0.208333, date = 01-Jan-2025

Starting time step 0, stepsize 0.000208333 days, at day 0.153542/0.15375, date = 01-Jan-2025

Warning: Full linear solver tolerance not achieved. The reduction is:1.03209e-05 after 20 iterations 

Warning: Full linear solver tolerance not achieved. The reduction is:5.55018e-06 after 20 iterations 
 Newton its=11, linearizations=12 (0.3sec), linear its=187 (2.7sec)

Report step 738/1000 at day 0.15375/0.208333, date = 01-Jan-2025

Starting time step 0, stepsize 0.000208333 days, at day 0.15375/0.153958, date = 01-Jan-2025

Warning: Full linear solver tolerance not achieved. The reduction is:3.7947e-05 after 20 iterations 

Warning: Full linear solver tolerance not achieved. The reduction is:5.1573e-06 after 20 iterations 

Warning: Full linear solver tolerance not achieved. The reduction is:1.15611e-05 after 20 iterations 
 Newton its=12, linearizations=13 (0.3sec), linear its=194 (2.9sec)

Report step 739/1000 at day 0.153958/0.208333, date = 01-Jan-2025

Starting time step 0, stepsize 0.000208333 days, at day 0.153958/0.154167, date = 01-Jan-2025

Warning: Full linear solver tolerance not achieved. The reduction is:1.09932e-05 after 20 iterations 
 Newton its= 7, linearizations= 8 (0.2sec), linear its=118 (1.7sec)

Report step 740/1000 at day 0.154167/0.208333, date = 01-Jan-2025

Starting time step 0, stepsize 0.000208333 days, at day 0.154167/0.154375, date = 01-Jan-2025

Warning: Full linear solver tolerance not achieved. The reduction is:5.37572e-06 after 20 iterations 
 Newton its= 7, linearizations= 8 (0.2sec), linear its=112 (1.6sec)

Report step 741/1000 at day 0.154375/0.208333, date = 01-Jan-2025

Starting time step 0, stepsize 0.000208333 days, at day 0.154375/0.154583, date = 01-Jan-2025
 Newton its= 7, linearizations= 8 (0.2sec), linear its=114 (1.8sec)

Report step 742/1000 at day 0.154583/0.208333, date = 01-Jan-2025

Starting time step 0, stepsize 0.000208333 days, at day 0.154583/0.154792, date = 01-Jan-2025

Warning: Full linear solver tolerance not achieved. The reduction is:9.72708e-06 after 20 iterations 

Warning: Full linear solver tolerance not achieved. The reduction is:1.27142e-05 after 20 iterations 

Warning: Full linear solver tolerance not achieved. The reduction is:0.000948878 after 20 iterations 
 Newton its=10, linearizations=11 (0.3sec), linear its=174 (2.6sec)

Report step 743/1000 at day 0.154792/0.208333, date = 01-Jan-2025

Starting time step 0, stepsize 0.000208333 days, at day 0.154792/0.155, date = 01-Jan-2025
 Newton its= 7, linearizations= 8 (0.2sec), linear its=114 (1.8sec)

Report step 744/1000 at day 0.155/0.208333, date = 01-Jan-2025

Starting time step 0, stepsize 0.000208333 days, at day 0.155/0.155208, date = 01-Jan-2025

Warning: Full linear solver tolerance not achieved. The reduction is:2.93532e-05 after 20 iterations 

Warning: Full linear solver tolerance not achieved. The reduction is:3.90628e-05 after 20 iterations 

Warning: Full linear solver tolerance not achieved. The reduction is:2.10627e-05 after 20 iterations 

Warning: Full linear solver tolerance not achieved. The reduction is:1.95788e-05 after 20 iterations 

Warning: Full linear solver tolerance not achieved. The reduction is:5.70693e-05 after 20 iterations 

Warning: Full linear solver tolerance not achieved. The reduction is:6.00787e-05 after 20 iterations 

Warning: Full linear solver tolerance not achieved. The reduction is:7.10307e-05 after 20 iterations 
 Newton its=11, linearizations=12 (0.3sec), linear its=204 (3.0sec)

Report step 745/1000 at day 0.155208/0.208333, date = 01-Jan-2025

Starting time step 0, stepsize 0.000208333 days, at day 0.155208/0.155417, date = 01-Jan-2025

Warning: Full linear solver tolerance not achieved. The reduction is:0.000159468 after 20 iterations 

Warning: Full linear solver tolerance not achieved. The reduction is:1.71796e-05 after 20 iterations 
 Newton its= 9, linearizations=10 (0.2sec), linear its=148 (2.3sec)

Report step 746/1000 at day 0.155417/0.208333, date = 01-Jan-2025

Starting time step 0, stepsize 0.000208333 days, at day 0.155417/0.155625, date = 01-Jan-2025
 Newton its= 6, linearizations= 7 (0.1sec), linear its= 94 (1.3sec)

Report step 747/1000 at day 0.155625/0.208333, date = 01-Jan-2025

Starting time step 0, stepsize 0.000208333 days, at day 0.155625/0.155833, date = 01-Jan-2025

Problem: Solver convergence failure - Iteration limit reached
Timestep chopped to 0.000069 days


Starting time step 0, stepsize 6.875e-05 days, at day 0.155625/0.155833, date = 01-Jan-2025
 Newton its= 7, linearizations= 8 (0.2sec), linear its=110 (1.7sec)

Starting time step 1, stepsize 6.97917e-05 days, at day 0.155694/0.155833, date = 01-Jan-2025
 Newton its= 7, linearizations= 8 (0.2sec), linear its=112 (1.5sec)

Starting time step 2, stepsize 6.97917e-05 days, at day 0.155764/0.155833, date = 01-Jan-2025
 Newton its= 5, linearizations= 6 (0.1sec), linear its= 77 (1.1sec)

Report step 748/1000 at day 0.155833/0.208333, date = 01-Jan-2025

Starting time step 0, stepsize 0.000208333 days, at day 0.155833/0.156042, date = 01-Jan-2025

Warning: Full linear solver tolerance not achieved. The reduction is:7.64136e-05 after 20 iterations 

Warning: Full linear solver tolerance not achieved. The reduction is:6.32661e-06 after 20 iterations 

Problem: Solver convergence failure - Iteration limit reached
Timestep chopped to 0.000069 days


Starting time step 0, stepsize 6.875e-05 days, at day 0.155833/0.156042, date = 01-Jan-2025

Problem: Solver convergence failure - Iteration limit reached
Timestep chopped to 0.000023 days


Starting time step 0, stepsize 2.26875e-05 days, at day 0.155833/0.156042, date = 01-Jan-2025
 Newton its= 3, linearizations= 4 (0.1sec), linear its= 43 (0.6sec)

Starting time step 1, stepsize 4.5375e-05 days, at day 0.155856/0.156042, date = 01-Jan-2025
 Newton its= 4, linearizations= 5 (0.1sec), linear its= 61 (0.9sec)

Starting time step 2, stepsize 7.01354e-05 days, at day 0.155901/0.156042, date = 01-Jan-2025

Warning: Full linear solver tolerance not achieved. The reduction is:1.28633e-05 after 20 iterations 
 Newton its= 6, linearizations= 7 (0.2sec), linear its= 98 (1.4sec)

Starting time step 3, stepsize 7.01354e-05 days, at day 0.155972/0.156042, date = 01-Jan-2025

Problem: Solver convergence failure - Iteration limit reached
Timestep chopped to 0.000023 days


Starting time step 3, stepsize 2.31447e-05 days, at day 0.155972/0.156042, date = 01-Jan-2025
 Newton its= 3, linearizations= 4 (0.1sec), linear its= 42 (0.6sec)

Starting time step 4, stepsize 4.69907e-05 days, at day 0.155995/0.156042, date = 01-Jan-2025
 Newton its= 3, linearizations= 4 (0.1sec), linear its= 48 (0.6sec)

Report step 749/1000 at day 0.156042/0.208333, date = 01-Jan-2025

Starting time step 0, stepsize 0.000208333 days, at day 0.156042/0.15625, date = 01-Jan-2025

Problem: Solver convergence failure - Iteration limit reached
Timestep chopped to 0.000069 days


Starting time step 0, stepsize 6.875e-05 days, at day 0.156042/0.15625, date = 01-Jan-2025

Warning: Full linear solver tolerance not achieved. The reduction is:1.09994e-05 after 20 iterations 
 Newton its= 6, linearizations= 7 (0.1sec), linear its= 94 (1.5sec)

Starting time step 1, stepsize 6.97917e-05 days, at day 0.15611/0.15625, date = 01-Jan-2025
 Newton its= 4, linearizations= 5 (0.1sec), linear its= 58 (0.7sec)

Starting time step 2, stepsize 6.97917e-05 days, at day 0.15618/0.15625, date = 01-Jan-2025
 Newton its= 3, linearizations= 4 (0.1sec), linear its= 41 (0.5sec)

Report step 750/1000 at day 0.15625/0.208333, date = 01-Jan-2025

Starting time step 0, stepsize 0.000208333 days, at day 0.15625/0.156458, date = 01-Jan-2025

Warning: Full linear solver tolerance not achieved. The reduction is:2.28218e-05 after 20 iterations 
 Newton its=10, linearizations=11 (0.2sec), linear its=162 (2.2sec)

Report step 751/1000 at day 0.156458/0.208333, date = 01-Jan-2025

Starting time step 0, stepsize 0.000208333 days, at day 0.156458/0.156667, date = 01-Jan-2025

Warning: Full linear solver tolerance not achieved. The reduction is:5.02364e-06 after 20 iterations 

Warning: Full linear solver tolerance not achieved. The reduction is:5.91157e-06 after 20 iterations 

Warning: Full linear solver tolerance not achieved. The reduction is:1.0856e-05 after 20 iterations 

Warning: Full linear solver tolerance not achieved. The reduction is:9.74148e-06 after 20 iterations 
 Newton its=10, linearizations=11 (0.3sec), linear its=173 (2.4sec)

Report step 752/1000 at day 0.156667/0.208333, date = 01-Jan-2025

Starting time step 0, stepsize 0.000208333 days, at day 0.156667/0.156875, date = 01-Jan-2025
 Newton its=10, linearizations=11 (0.3sec), linear its=158 (2.5sec)

Report step 753/1000 at day 0.156875/0.208333, date = 01-Jan-2025

Starting time step 0, stepsize 0.000208333 days, at day 0.156875/0.157083, date = 01-Jan-2025

Warning: Full linear solver tolerance not achieved. The reduction is:6.4273e-06 after 20 iterations 

Warning: Full linear solver tolerance not achieved. The reduction is:1.04716e-05 after 20 iterations 

Warning: Full linear solver tolerance not achieved. The reduction is:8.17761e-06 after 20 iterations 
 Newton its=10, linearizations=11 (0.3sec), linear its=173 (3.0sec)

Report step 754/1000 at day 0.157083/0.208333, date = 01-Jan-2025

Starting time step 0, stepsize 0.000208333 days, at day 0.157083/0.157292, date = 01-Jan-2025

Warning: Full linear solver tolerance not achieved. The reduction is:4.38093e-05 after 20 iterations 
 Newton its=10, linearizations=11 (0.3sec), linear its=172 (2.8sec)

Report step 755/1000 at day 0.157292/0.208333, date = 01-Jan-2025

Starting time step 0, stepsize 0.000208333 days, at day 0.157292/0.1575, date = 01-Jan-2025

Warning: Full linear solver tolerance not achieved. The reduction is:6.97215e-06 after 20 iterations 

Warning: Full linear solver tolerance not achieved. The reduction is:7.65372e-06 after 20 iterations 
 Newton its= 6, linearizations= 7 (0.2sec), linear its=109 (1.7sec)

Report step 756/1000 at day 0.1575/0.208333, date = 01-Jan-2025

Starting time step 0, stepsize 0.000208333 days, at day 0.1575/0.157708, date = 01-Jan-2025

Warning: Full linear solver tolerance not achieved. The reduction is:8.11375e-06 after 20 iterations 

Warning: Full linear solver tolerance not achieved. The reduction is:1.24244e-05 after 20 iterations 

Warning: Full linear solver tolerance not achieved. The reduction is:1.08501e-05 after 20 iterations 

Warning: Full linear solver tolerance not achieved. The reduction is:1.85213e-05 after 20 iterations 
 Newton its=16, linearizations=17 (0.6sec), linear its=266 (5.2sec)

Report step 757/1000 at day 0.157708/0.208333, date = 01-Jan-2025

Starting time step 0, stepsize 0.000208333 days, at day 0.157708/0.157917, date = 01-Jan-2025

Warning: Full linear solver tolerance not achieved. The reduction is:1.36114e-05 after 20 iterations 

Warning: Full linear solver tolerance not achieved. The reduction is:1.40768e-05 after 20 iterations 
 Newton its=10, linearizations=11 (0.4sec), linear its=166 (2.9sec)

Report step 758/1000 at day 0.157917/0.208333, date = 01-Jan-2025

Starting time step 0, stepsize 0.000208333 days, at day 0.157917/0.158125, date = 01-Jan-2025

Warning: Full linear solver tolerance not achieved. The reduction is:6.58547e-06 after 20 iterations 

Warning: Full linear solver tolerance not achieved. The reduction is:5.52521e-06 after 20 iterations 
 Newton its=21, linearizations=22 (0.7sec), linear its=333 (5.5sec)

Report step 759/1000 at day 0.158125/0.208333, date = 01-Jan-2025

Starting time step 0, stepsize 0.000208333 days, at day 0.158125/0.158333, date = 01-Jan-2025

Warning: Full linear solver tolerance not achieved. The reduction is:1.05938e-05 after 20 iterations 

Warning: Full linear solver tolerance not achieved. The reduction is:6.94675e-06 after 20 iterations 
 Newton its=10, linearizations=11 (0.5sec), linear its=166 (3.2sec)

Report step 760/1000 at day 0.158333/0.208333, date = 01-Jan-2025

Starting time step 0, stepsize 0.000208333 days, at day 0.158333/0.158542, date = 01-Jan-2025

Warning: Full linear solver tolerance not achieved. The reduction is:1.00757e-05 after 20 iterations 
 Newton its=11, linearizations=12 (0.6sec), linear its=186 (3.5sec)

Report step 761/1000 at day 0.158542/0.208333, date = 01-Jan-2025

Starting time step 0, stepsize 0.000208333 days, at day 0.158542/0.15875, date = 01-Jan-2025

Warning: Full linear solver tolerance not achieved. The reduction is:6.42786e-06 after 20 iterations 

Warning: Full linear solver tolerance not achieved. The reduction is:0.000124154 after 20 iterations 
 Newton its= 8, linearizations= 9 (0.2sec), linear its=147 (1.8sec)

Report step 762/1000 at day 0.15875/0.208333, date = 01-Jan-2025

Starting time step 0, stepsize 0.000208333 days, at day 0.15875/0.158958, date = 01-Jan-2025

Warning: Full linear solver tolerance not achieved. The reduction is:5.67724e-06 after 20 iterations 

Warning: Full linear solver tolerance not achieved. The reduction is:3.37432e-05 after 20 iterations 

Warning: Full linear solver tolerance not achieved. The reduction is:0.000656152 after 20 iterations 

Problem: Solver convergence failure - Numerical problem encountered
Timestep chopped to 0.000069 days


Starting time step 0, stepsize 6.875e-05 days, at day 0.15875/0.158958, date = 01-Jan-2025

Problem: Solver convergence failure - Numerical problem encountered
Timestep chopped to 0.000023 days


Starting time step 0, stepsize 2.26875e-05 days, at day 0.15875/0.158958, date = 01-Jan-2025
 Newton its= 3, linearizations= 4 (0.1sec), linear its= 47 (0.7sec)

Starting time step 1, stepsize 4.5375e-05 days, at day 0.158773/0.158958, date = 01-Jan-2025
 Newton its= 7, linearizations= 8 (0.2sec), linear its=111 (1.4sec)

Starting time step 2, stepsize 6.3525e-05 days, at day 0.158818/0.158958, date = 01-Jan-2025
 Newton its= 5, linearizations= 6 (0.1sec), linear its= 67 (0.9sec)

Starting time step 3, stepsize 7.67458e-05 days, at day 0.158882/0.158958, date = 01-Jan-2025
 Newton its= 4, linearizations= 5 (0.1sec), linear its= 59 (0.8sec)

Report step 763/1000 at day 0.158958/0.208333, date = 01-Jan-2025

Starting time step 0, stepsize 0.000208333 days, at day 0.158958/0.159167, date = 01-Jan-2025

Warning: Full linear solver tolerance not achieved. The reduction is:7.12889e-06 after 20 iterations 

Warning: Full linear solver tolerance not achieved. The reduction is:2.99604e-05 after 20 iterations 

Warning: Full linear solver tolerance not achieved. The reduction is:3.03673e-05 after 20 iterations 

Warning: Full linear solver tolerance not achieved. The reduction is:0.000621608 after 20 iterations 

Warning: Full linear solver tolerance not achieved. The reduction is:6.39612e-06 after 20 iterations 

Warning: Full linear solver tolerance not achieved. The reduction is:1.63663e-05 after 20 iterations 

Warning: Full linear solver tolerance not achieved. The reduction is:6.51577e-06 after 20 iterations 

Warning: Full linear solver tolerance not achieved. The reduction is:2.27234e-05 after 20 iterations 

Warning: Full linear solver tolerance not achieved. The reduction is:6.34109e-06 after 20 iterations 

Warning: Full linear solver tolerance not achieved. The reduction is:1.57947e-05 after 20 iterations 

Warning: Full linear solver tolerance not achieved. The reduction is:1.10658e-05 after 20 iterations 

Warning: Full linear solver tolerance not achieved. The reduction is:1.65851e-05 after 20 iterations 

Warning: Full linear solver tolerance not achieved. The reduction is:6.53239e-06 after 20 iterations 

Warning: Full linear solver tolerance not achieved. The reduction is:2.27033e-05 after 20 iterations 

Warning: Full linear solver tolerance not achieved. The reduction is:6.34096e-06 after 20 iterations 

Warning: Full linear solver tolerance not achieved. The reduction is:1.57634e-05 after 20 iterations 

Warning: Full linear solver tolerance not achieved. The reduction is:1.10658e-05 after 20 iterations 

Warning: Full linear solver tolerance not achieved. The reduction is:1.65807e-05 after 20 iterations 

Warning: Full linear solver tolerance not achieved. The reduction is:6.33919e-06 after 20 iterations 

Warning: Full linear solver tolerance not achieved. The reduction is:5.29086e-06 after 20 iterations 

Warning: Full linear solver tolerance not achieved. The reduction is:6.17188e-06 after 20 iterations 

Warning: Full linear solver tolerance not achieved. The reduction is:1.41765e-05 after 20 iterations 

Warning: Full linear solver tolerance not achieved. The reduction is:6.37958e-06 after 20 iterations 

Problem: Solver convergence failure - Iteration limit reached
Timestep chopped to 0.000069 days


Starting time step 0, stepsize 6.875e-05 days, at day 0.158958/0.159167, date = 01-Jan-2025
 Newton its= 6, linearizations= 7 (0.2sec), linear its= 88 (1.2sec)

Starting time step 1, stepsize 6.97917e-05 days, at day 0.159027/0.159167, date = 01-Jan-2025
 Newton its= 5, linearizations= 6 (0.1sec), linear its= 80 (1.1sec)

Starting time step 2, stepsize 6.97917e-05 days, at day 0.159097/0.159167, date = 01-Jan-2025

Warning: Full linear solver tolerance not achieved. The reduction is:9.66133e-06 after 20 iterations 
 Newton its= 9, linearizations=10 (0.2sec), linear its=137 (1.9sec)

Report step 764/1000 at day 0.159167/0.208333, date = 01-Jan-2025

Starting time step 0, stepsize 0.000208333 days, at day 0.159167/0.159375, date = 01-Jan-2025

Warning: Full linear solver tolerance not achieved. The reduction is:4.67035e-05 after 20 iterations 

Warning: Full linear solver tolerance not achieved. The reduction is:0.000100841 after 20 iterations 

Warning: Full linear solver tolerance not achieved. The reduction is:7.42849e-05 after 20 iterations 

Warning: Full linear solver tolerance not achieved. The reduction is:0.000178201 after 20 iterations 

Warning: Full linear solver tolerance not achieved. The reduction is:3.26527e-05 after 20 iterations 

Warning: Full linear solver tolerance not achieved. The reduction is:2.83419e-05 after 20 iterations 

Warning: Full linear solver tolerance not achieved. The reduction is:7.39306e-05 after 20 iterations 

Warning: Full linear solver tolerance not achieved. The reduction is:7.42822e-05 after 20 iterations 

Warning: Full linear solver tolerance not achieved. The reduction is:1.68106e-05 after 20 iterations 

Warning: Full linear solver tolerance not achieved. The reduction is:9.39802e-06 after 20 iterations 

Problem: Solver convergence failure - Iteration limit reached
Timestep chopped to 0.000069 days


Starting time step 0, stepsize 6.875e-05 days, at day 0.159167/0.159375, date = 01-Jan-2025

Problem: Solver convergence failure - Iteration limit reached
Timestep chopped to 0.000023 days


Starting time step 0, stepsize 2.26875e-05 days, at day 0.159167/0.159375, date = 01-Jan-2025
 Newton its= 4, linearizations= 5 (0.1sec), linear its= 49 (0.7sec)

Starting time step 1, stepsize 4.5375e-05 days, at day 0.159189/0.159375, date = 01-Jan-2025
 Newton its= 4, linearizations= 5 (0.1sec), linear its= 54 (0.7sec)

Starting time step 2, stepsize 7.01354e-05 days, at day 0.159235/0.159375, date = 01-Jan-2025
 Newton its= 2, linearizations= 3 (0.1sec), linear its= 25 (0.4sec)

Starting time step 3, stepsize 7.01354e-05 days, at day 0.159305/0.159375, date = 01-Jan-2025

Problem: Solver convergence failure - Iteration limit reached
Timestep chopped to 0.000023 days


Starting time step 3, stepsize 2.31447e-05 days, at day 0.159305/0.159375, date = 01-Jan-2025
 Newton its= 4, linearizations= 5 (0.1sec), linear its= 48 (0.6sec)

Starting time step 4, stepsize 4.69907e-05 days, at day 0.159328/0.159375, date = 01-Jan-2025
 Newton its= 2, linearizations= 3 (0.1sec), linear its= 23 (0.3sec)

Report step 765/1000 at day 0.159375/0.208333, date = 01-Jan-2025

Starting time step 0, stepsize 0.000208333 days, at day 0.159375/0.159583, date = 01-Jan-2025

Warning: Full linear solver tolerance not achieved. The reduction is:5.26936e-05 after 20 iterations 
    Oscillating behavior detected: Relaxation set to 0.900000

Warning: Full linear solver tolerance not achieved. The reduction is:6.48478e-06 after 20 iterations 

Problem: Solver convergence failure - Iteration limit reached
Timestep chopped to 0.000069 days


Starting time step 0, stepsize 6.875e-05 days, at day 0.159375/0.159583, date = 01-Jan-2025
 Newton its= 8, linearizations= 9 (0.2sec), linear its=113 (1.6sec)

Starting time step 1, stepsize 6.875e-05 days, at day 0.159444/0.159583, date = 01-Jan-2025
 Newton its= 5, linearizations= 6 (0.2sec), linear its= 66 (1.1sec)

Starting time step 2, stepsize 7.08333e-05 days, at day 0.159513/0.159583, date = 01-Jan-2025
 Newton its= 5, linearizations= 6 (0.1sec), linear its= 74 (1.0sec)

Report step 766/1000 at day 0.159583/0.208333, date = 01-Jan-2025

Starting time step 0, stepsize 0.000208333 days, at day 0.159583/0.159792, date = 01-Jan-2025

Warning: Full linear solver tolerance not achieved. The reduction is:0.000368459 after 20 iterations 
 Newton its= 9, linearizations=10 (0.3sec), linear its=155 (2.2sec)

Report step 767/1000 at day 0.159792/0.208333, date = 01-Jan-2025

Starting time step 0, stepsize 0.000208333 days, at day 0.159792/0.16, date = 01-Jan-2025

Warning: Full linear solver tolerance not achieved. The reduction is:0.000277313 after 20 iterations 

Warning: Full linear solver tolerance not achieved. The reduction is:0.000301393 after 20 iterations 

Warning: Full linear solver tolerance not achieved. The reduction is:1.36014e-05 after 20 iterations 
 Newton its=19, linearizations=20 (0.5sec), linear its=293 (4.3sec)

Report step 768/1000 at day 0.16/0.208333, date = 01-Jan-2025

Starting time step 0, stepsize 0.000208333 days, at day 0.16/0.160208, date = 01-Jan-2025

Warning: Full linear solver tolerance not achieved. The reduction is:5.04449e-05 after 20 iterations 
 Newton its=10, linearizations=11 (0.3sec), linear its=177 (2.5sec)

Report step 769/1000 at day 0.160208/0.208333, date = 01-Jan-2025

Starting time step 0, stepsize 0.000208333 days, at day 0.160208/0.160417, date = 01-Jan-2025

Warning: Full linear solver tolerance not achieved. The reduction is:1.71693e-05 after 20 iterations 

Warning: Full linear solver tolerance not achieved. The reduction is:3.81415e-05 after 20 iterations 
 Newton its=10, linearizations=11 (0.2sec), linear its=172 (2.3sec)

Report step 770/1000 at day 0.160417/0.208333, date = 01-Jan-2025

Starting time step 0, stepsize 0.000208333 days, at day 0.160417/0.160625, date = 01-Jan-2025

Warning: Full linear solver tolerance not achieved. The reduction is:1.99839e-05 after 20 iterations 

Warning: Full linear solver tolerance not achieved. The reduction is:1.12497e-05 after 20 iterations 
 Newton its= 6, linearizations= 7 (0.2sec), linear its=103 (1.5sec)

Report step 771/1000 at day 0.160625/0.208333, date = 01-Jan-2025

Starting time step 0, stepsize 0.000208333 days, at day 0.160625/0.160833, date = 01-Jan-2025

Warning: Full linear solver tolerance not achieved. The reduction is:7.64366e-06 after 20 iterations 
 Newton its= 8, linearizations= 9 (0.2sec), linear its=126 (1.8sec)

Report step 772/1000 at day 0.160833/0.208333, date = 01-Jan-2025

Starting time step 0, stepsize 0.000208333 days, at day 0.160833/0.161042, date = 01-Jan-2025

Warning: Full linear solver tolerance not achieved. The reduction is:7.46426e-06 after 20 iterations 

Warning: Full linear solver tolerance not achieved. The reduction is:1.18055e-05 after 20 iterations 

Warning: Full linear solver tolerance not achieved. The reduction is:1.62743e-05 after 20 iterations 

Warning: Full linear solver tolerance not achieved. The reduction is:8.66627e-06 after 20 iterations 

Warning: Full linear solver tolerance not achieved. The reduction is:0.000156365 after 20 iterations 

Warning: Full linear solver tolerance not achieved. The reduction is:3.47314e-05 after 20 iterations 

Warning: Full linear solver tolerance not achieved. The reduction is:6.46398e-06 after 20 iterations 

Warning: Full linear solver tolerance not achieved. The reduction is:7.75651e-05 after 20 iterations 

Warning: Full linear solver tolerance not achieved. The reduction is:5.6533e-06 after 20 iterations 

Warning: Full linear solver tolerance not achieved. The reduction is:4.39667e-05 after 20 iterations 

Warning: Full linear solver tolerance not achieved. The reduction is:5.22706e-06 after 20 iterations 

Warning: Full linear solver tolerance not achieved. The reduction is:3.58853e-05 after 20 iterations 

Warning: Full linear solver tolerance not achieved. The reduction is:5.28296e-06 after 20 iterations 

Warning: Full linear solver tolerance not achieved. The reduction is:4.19749e-05 after 20 iterations 

Warning: Full linear solver tolerance not achieved. The reduction is:5.30708e-06 after 20 iterations 

Warning: Full linear solver tolerance not achieved. The reduction is:3.35661e-05 after 20 iterations 

Warning: Full linear solver tolerance not achieved. The reduction is:5.30336e-06 after 20 iterations 

Problem: Solver convergence failure - Iteration limit reached
Timestep chopped to 0.000069 days


Starting time step 0, stepsize 6.875e-05 days, at day 0.160833/0.161042, date = 01-Jan-2025
 Newton its= 5, linearizations= 6 (0.2sec), linear its= 73 (1.1sec)

Starting time step 1, stepsize 0.000139583 days, at day 0.160902/0.161042, date = 01-Jan-2025
 Newton its= 7, linearizations= 8 (0.2sec), linear its=105 (1.4sec)

Report step 773/1000 at day 0.161042/0.208333, date = 01-Jan-2025

Starting time step 0, stepsize 0.000208333 days, at day 0.161042/0.16125, date = 01-Jan-2025

Warning: Full linear solver tolerance not achieved. The reduction is:6.37767e-06 after 20 iterations 

Warning: Full linear solver tolerance not achieved. The reduction is:1.2002e-05 after 20 iterations 

Warning: Full linear solver tolerance not achieved. The reduction is:9.36077e-06 after 20 iterations 

Warning: Full linear solver tolerance not achieved. The reduction is:0.00763341 after 20 iterations 

Problem: Solver convergence failure - Numerical problem encountered
Timestep chopped to 0.000069 days


Starting time step 0, stepsize 6.875e-05 days, at day 0.161042/0.16125, date = 01-Jan-2025

Warning: Full linear solver tolerance not achieved. The reduction is:3.9137e-05 after 20 iterations 

Warning: Full linear solver tolerance not achieved. The reduction is:0.002203 after 20 iterations 

Warning: Full linear solver tolerance not achieved. The reduction is:0.00263402 after 20 iterations 

Problem: Solver convergence failure - Numerical problem encountered
Timestep chopped to 0.000023 days


Starting time step 0, stepsize 2.26875e-05 days, at day 0.161042/0.16125, date = 01-Jan-2025

Warning: Full linear solver tolerance not achieved. The reduction is:0.00255031 after 20 iterations 

Problem: Solver convergence failure - Numerical problem encountered
Timestep chopped to 0.000007 days


Starting time step 0, stepsize 7.48688e-06 days, at day 0.161042/0.16125, date = 01-Jan-2025

Problem: Solver convergence failure - Numerical problem encountered
Timestep chopped to 0.000002 days


Starting time step 0, stepsize 2.47067e-06 days, at day 0.161042/0.16125, date = 01-Jan-2025
 Newton its= 1, linearizations= 2 (0.0sec), linear its= 13 (0.2sec)

Starting time step 1, stepsize 4.94134e-06 days, at day 0.161044/0.16125, date = 01-Jan-2025
 Newton its= 1, linearizations= 2 (0.1sec), linear its= 12 (0.2sec)

Starting time step 2, stepsize 1.4824e-05 days, at day 0.161049/0.16125, date = 01-Jan-2025
 Newton its= 1, linearizations= 2 (0.0sec), linear its= 13 (0.3sec)

Starting time step 3, stepsize 4.4472e-05 days, at day 0.161064/0.16125, date = 01-Jan-2025
 Newton its= 1, linearizations= 2 (0.0sec), linear its= 15 (0.2sec)

Starting time step 4, stepsize 7.08126e-05 days, at day 0.161108/0.16125, date = 01-Jan-2025
 Newton its=11, linearizations=12 (0.3sec), linear its=125 (1.9sec)

Starting time step 5, stepsize 3.54063e-05 days, at day 0.161179/0.16125, date = 01-Jan-2025
 Newton its= 2, linearizations= 3 (0.0sec), linear its= 28 (0.4sec)

Starting time step 6, stepsize 3.54063e-05 days, at day 0.161215/0.16125, date = 01-Jan-2025

Warning: Full linear solver tolerance not achieved. The reduction is:6.07497e-06 after 20 iterations 
 Newton its= 1, linearizations= 2 (0.1sec), linear its= 20 (0.3sec)

Report step 774/1000 at day 0.16125/0.208333, date = 01-Jan-2025

Starting time step 0, stepsize 0.000208333 days, at day 0.16125/0.161458, date = 01-Jan-2025

Warning: Full linear solver tolerance not achieved. The reduction is:2.68672e-05 after 20 iterations 

Warning: Full linear solver tolerance not achieved. The reduction is:2.1347e-05 after 20 iterations 

Warning: Full linear solver tolerance not achieved. The reduction is:3.01339e-05 after 20 iterations 

Warning: Full linear solver tolerance not achieved. The reduction is:7.18177e-05 after 20 iterations 

Warning: Full linear solver tolerance not achieved. The reduction is:8.62572e-06 after 20 iterations 

Warning: Full linear solver tolerance not achieved. The reduction is:1.72581e-05 after 20 iterations 

Warning: Full linear solver tolerance not achieved. The reduction is:0.000191359 after 20 iterations 

Warning: Full linear solver tolerance not achieved. The reduction is:6.3922e-06 after 20 iterations 

Warning: Full linear solver tolerance not achieved. The reduction is:2.88173e-05 after 20 iterations 

Warning: Full linear solver tolerance not achieved. The reduction is:8.06385e-05 after 20 iterations 

Warning: Full linear solver tolerance not achieved. The reduction is:2.50489e-05 after 20 iterations 

Warning: Full linear solver tolerance not achieved. The reduction is:0.000622764 after 20 iterations 

Warning: Full linear solver tolerance not achieved. The reduction is:6.86715e-06 after 20 iterations 

Warning: Full linear solver tolerance not achieved. The reduction is:0.00037129 after 20 iterations 

Warning: Full linear solver tolerance not achieved. The reduction is:6.7512e-06 after 20 iterations 

Warning: Full linear solver tolerance not achieved. The reduction is:0.000466542 after 20 iterations 

Warning: Full linear solver tolerance not achieved. The reduction is:1.14692e-05 after 20 iterations 

Warning: Full linear solver tolerance not achieved. The reduction is:0.000240546 after 20 iterations 

Warning: Full linear solver tolerance not achieved. The reduction is:0.00103177 after 20 iterations 

Warning: Full linear solver tolerance not achieved. The reduction is:3.73528e-05 after 20 iterations 

Warning: Full linear solver tolerance not achieved. The reduction is:0.000130235 after 20 iterations 

Warning: Full linear solver tolerance not achieved. The reduction is:1.35977e-05 after 20 iterations 

Warning: Full linear solver tolerance not achieved. The reduction is:0.000586726 after 20 iterations 

Warning: Full linear solver tolerance not achieved. The reduction is:9.15015e-06 after 20 iterations 

Warning: Full linear solver tolerance not achieved. The reduction is:0.000520116 after 20 iterations 

Warning: Full linear solver tolerance not achieved. The reduction is:0.00110477 after 20 iterations 

Warning: Full linear solver tolerance not achieved. The reduction is:0.000100695 after 20 iterations 

Warning: Full linear solver tolerance not achieved. The reduction is:0.000181186 after 20 iterations 

Warning: Full linear solver tolerance not achieved. The reduction is:0.000105885 after 20 iterations 

Warning: Full linear solver tolerance not achieved. The reduction is:1.15827e-05 after 20 iterations 

Warning: Full linear solver tolerance not achieved. The reduction is:5.88778e-05 after 20 iterations 

Warning: Full linear solver tolerance not achieved. The reduction is:1.61329e-05 after 20 iterations 

Warning: Full linear solver tolerance not achieved. The reduction is:6.08348e-06 after 20 iterations 

Problem: Solver convergence failure - Iteration limit reached
Timestep chopped to 0.000069 days


Starting time step 0, stepsize 6.875e-05 days, at day 0.16125/0.161458, date = 01-Jan-2025
 Newton its= 3, linearizations= 4 (0.1sec), linear its= 48 (0.7sec)

Starting time step 1, stepsize 0.000139583 days, at day 0.161319/0.161458, date = 01-Jan-2025

Warning: Full linear solver tolerance not achieved. The reduction is:4.85346e-05 after 20 iterations 

Warning: Full linear solver tolerance not achieved. The reduction is:5.54219e-06 after 20 iterations 
 Newton its= 7, linearizations= 8 (0.2sec), linear its=126 (1.6sec)

Report step 775/1000 at day 0.161458/0.208333, date = 01-Jan-2025

Starting time step 0, stepsize 0.000208333 days, at day 0.161458/0.161667, date = 01-Jan-2025

Warning: Full linear solver tolerance not achieved. The reduction is:1.57473e-05 after 20 iterations 

Warning: Full linear solver tolerance not achieved. The reduction is:2.79987e-05 after 20 iterations 

Warning: Full linear solver tolerance not achieved. The reduction is:1.17006e-05 after 20 iterations 

Warning: Full linear solver tolerance not achieved. The reduction is:2.76124e-05 after 20 iterations 

Warning: Full linear solver tolerance not achieved. The reduction is:7.71293e-05 after 20 iterations 

Warning: Full linear solver tolerance not achieved. The reduction is:3.04468e-05 after 20 iterations 

Warning: Full linear solver tolerance not achieved. The reduction is:7.67358e-06 after 20 iterations 

Warning: Full linear solver tolerance not achieved. The reduction is:2.63944e-05 after 20 iterations 

Warning: Full linear solver tolerance not achieved. The reduction is:1.40548e-05 after 20 iterations 

Warning: Full linear solver tolerance not achieved. The reduction is:4.70884e-05 after 20 iterations 

Warning: Full linear solver tolerance not achieved. The reduction is:1.47841e-05 after 20 iterations 

Warning: Full linear solver tolerance not achieved. The reduction is:2.0839e-05 after 20 iterations 

Warning: Full linear solver tolerance not achieved. The reduction is:2.55538e-05 after 20 iterations 

Warning: Full linear solver tolerance not achieved. The reduction is:1.75526e-05 after 20 iterations 

Warning: Full linear solver tolerance not achieved. The reduction is:3.15582e-05 after 20 iterations 

Problem: Solver convergence failure - Iteration limit reached
Timestep chopped to 0.000069 days


Starting time step 0, stepsize 6.875e-05 days, at day 0.161458/0.161667, date = 01-Jan-2025
 Newton its= 5, linearizations= 6 (0.1sec), linear its= 76 (1.1sec)

Starting time step 1, stepsize 0.000139583 days, at day 0.161527/0.161667, date = 01-Jan-2025
 Newton its= 6, linearizations= 7 (0.2sec), linear its= 95 (1.4sec)

Report step 776/1000 at day 0.161667/0.208333, date = 01-Jan-2025

Starting time step 0, stepsize 0.000208333 days, at day 0.161667/0.161875, date = 01-Jan-2025

Warning: Full linear solver tolerance not achieved. The reduction is:6.07926e-06 after 20 iterations 

Warning: Full linear solver tolerance not achieved. The reduction is:1.02693e-05 after 20 iterations 

Warning: Full linear solver tolerance not achieved. The reduction is:9.09327e-06 after 20 iterations 

Warning: Full linear solver tolerance not achieved. The reduction is:5.53863e-05 after 20 iterations 

Warning: Full linear solver tolerance not achieved. The reduction is:7.00749e-06 after 20 iterations 

Warning: Full linear solver tolerance not achieved. The reduction is:1.10582e-05 after 20 iterations 

Warning: Full linear solver tolerance not achieved. The reduction is:1.72451e-05 after 20 iterations 

Warning: Full linear solver tolerance not achieved. The reduction is:1.39899e-05 after 20 iterations 

Warning: Full linear solver tolerance not achieved. The reduction is:1.25098e-05 after 20 iterations 

Warning: Full linear solver tolerance not achieved. The reduction is:1.41359e-05 after 20 iterations 

Warning: Full linear solver tolerance not achieved. The reduction is:7.30497e-06 after 20 iterations 

Warning: Full linear solver tolerance not achieved. The reduction is:1.29556e-05 after 20 iterations 

Warning: Full linear solver tolerance not achieved. The reduction is:1.89436e-05 after 20 iterations 

Warning: Full linear solver tolerance not achieved. The reduction is:5.64745e-06 after 20 iterations 

Warning: Full linear solver tolerance not achieved. The reduction is:1.21768e-05 after 20 iterations 

Warning: Full linear solver tolerance not achieved. The reduction is:1.36374e-05 after 20 iterations 

Warning: Full linear solver tolerance not achieved. The reduction is:7.11678e-06 after 20 iterations 

Warning: Full linear solver tolerance not achieved. The reduction is:1.29588e-05 after 20 iterations 

Warning: Full linear solver tolerance not achieved. The reduction is:6.31624e-06 after 20 iterations 

Warning: Full linear solver tolerance not achieved. The reduction is:7.53968e-06 after 20 iterations 

Warning: Full linear solver tolerance not achieved. The reduction is:8.84625e-05 after 20 iterations 

Warning: Full linear solver tolerance not achieved. The reduction is:7.12873e-06 after 20 iterations 

Problem: Solver convergence failure - Iteration limit reached
Timestep chopped to 0.000069 days


Starting time step 0, stepsize 6.875e-05 days, at day 0.161667/0.161875, date = 01-Jan-2025
 Newton its= 7, linearizations= 8 (0.2sec), linear its= 99 (1.3sec)

Starting time step 1, stepsize 6.97917e-05 days, at day 0.161735/0.161875, date = 01-Jan-2025
 Newton its= 5, linearizations= 6 (0.1sec), linear its= 67 (0.9sec)

Starting time step 2, stepsize 6.97917e-05 days, at day 0.161805/0.161875, date = 01-Jan-2025
 Newton its= 7, linearizations= 8 (0.2sec), linear its=104 (1.3sec)

Report step 777/1000 at day 0.161875/0.208333, date = 01-Jan-2025

Starting time step 0, stepsize 0.000208333 days, at day 0.161875/0.162083, date = 01-Jan-2025

Warning: Full linear solver tolerance not achieved. The reduction is:1.13486e-05 after 20 iterations 

Warning: Full linear solver tolerance not achieved. The reduction is:7.71036e-06 after 20 iterations 

Warning: Full linear solver tolerance not achieved. The reduction is:0.000131406 after 20 iterations 

Warning: Full linear solver tolerance not achieved. The reduction is:4.48856e-05 after 20 iterations 

Warning: Full linear solver tolerance not achieved. The reduction is:2.53304e-05 after 20 iterations 

Warning: Full linear solver tolerance not achieved. The reduction is:2.4649e-05 after 20 iterations 

Warning: Full linear solver tolerance not achieved. The reduction is:2.74966e-05 after 20 iterations 

Warning: Full linear solver tolerance not achieved. The reduction is:1.0608e-05 after 20 iterations 
    Oscillating behavior detected: Relaxation set to 0.900000

Warning: Full linear solver tolerance not achieved. The reduction is:6.09669e-06 after 20 iterations 

Warning: Full linear solver tolerance not achieved. The reduction is:2.62029e-05 after 20 iterations 

Warning: Full linear solver tolerance not achieved. The reduction is:2.06269e-05 after 20 iterations 

Warning: Full linear solver tolerance not achieved. The reduction is:6.24158e-06 after 20 iterations 

Warning: Full linear solver tolerance not achieved. The reduction is:1.99817e-05 after 20 iterations 

Warning: Full linear solver tolerance not achieved. The reduction is:1.15063e-05 after 20 iterations 

Warning: Full linear solver tolerance not achieved. The reduction is:1.21173e-05 after 20 iterations 
    Oscillating behavior detected: Relaxation set to 0.800000

Warning: Full linear solver tolerance not achieved. The reduction is:9.08884e-06 after 20 iterations 

Problem: Solver convergence failure - Iteration limit reached
Timestep chopped to 0.000069 days


Starting time step 0, stepsize 6.875e-05 days, at day 0.161875/0.162083, date = 01-Jan-2025
 Newton its= 8, linearizations= 9 (0.2sec), linear its=117 (1.5sec)

Starting time step 1, stepsize 6.875e-05 days, at day 0.161944/0.162083, date = 01-Jan-2025
 Newton its= 5, linearizations= 6 (0.1sec), linear its= 75 (0.9sec)

Starting time step 2, stepsize 7.08333e-05 days, at day 0.162013/0.162083, date = 01-Jan-2025
    Oscillating behavior detected: Relaxation set to 0.900000
 Newton its= 9, linearizations=10 (0.2sec), linear its=128 (1.7sec)

Report step 778/1000 at day 0.162083/0.208333, date = 01-Jan-2025

Starting time step 0, stepsize 0.000208333 days, at day 0.162083/0.162292, date = 01-Jan-2025

Warning: Full linear solver tolerance not achieved. The reduction is:5.0767e-06 after 20 iterations 

Warning: Full linear solver tolerance not achieved. The reduction is:6.04976e-06 after 20 iterations 

Warning: Full linear solver tolerance not achieved. The reduction is:2.26363e-05 after 20 iterations 

Warning: Full linear solver tolerance not achieved. The reduction is:1.47751e-05 after 20 iterations 

Warning: Full linear solver tolerance not achieved. The reduction is:1.86415e-05 after 20 iterations 

Warning: Full linear solver tolerance not achieved. The reduction is:3.53084e-05 after 20 iterations 

Warning: Full linear solver tolerance not achieved. The reduction is:1.31704e-05 after 20 iterations 

Problem: Solver convergence failure - Iteration limit reached
Timestep chopped to 0.000069 days


Starting time step 0, stepsize 6.875e-05 days, at day 0.162083/0.162292, date = 01-Jan-2025
 Newton its= 3, linearizations= 4 (0.1sec), linear its= 45 (0.6sec)

Starting time step 1, stepsize 0.000139583 days, at day 0.162152/0.162292, date = 01-Jan-2025
 Newton its= 8, linearizations= 9 (0.2sec), linear its=122 (1.6sec)

Report step 779/1000 at day 0.162292/0.208333, date = 01-Jan-2025

Starting time step 0, stepsize 0.000208333 days, at day 0.162292/0.1625, date = 01-Jan-2025

Warning: Full linear solver tolerance not achieved. The reduction is:7.61537e-06 after 20 iterations 

Warning: Full linear solver tolerance not achieved. The reduction is:0.000143592 after 20 iterations 

Warning: Full linear solver tolerance not achieved. The reduction is:5.43647e-06 after 20 iterations 

Warning: Full linear solver tolerance not achieved. The reduction is:1.71203e-05 after 20 iterations 

Warning: Full linear solver tolerance not achieved. The reduction is:1.79671e-05 after 20 iterations 

Problem: Solver convergence failure - Numerical problem encountered
Timestep chopped to 0.000069 days


Starting time step 0, stepsize 6.875e-05 days, at day 0.162292/0.1625, date = 01-Jan-2025

Warning: Full linear solver tolerance not achieved. The reduction is:0.00482647 after 20 iterations 

Problem: Solver convergence failure - Numerical problem encountered
Timestep chopped to 0.000023 days


Starting time step 0, stepsize 2.26875e-05 days, at day 0.162292/0.1625, date = 01-Jan-2025

Warning: Full linear solver tolerance not achieved. The reduction is:0.000412185 after 20 iterations 

Problem: Solver convergence failure - Numerical problem encountered
Timestep chopped to 0.000007 days


Starting time step 0, stepsize 7.48688e-06 days, at day 0.162292/0.1625, date = 01-Jan-2025

Problem: Solver convergence failure - Numerical problem encountered
Timestep chopped to 0.000002 days


Starting time step 0, stepsize 2.47067e-06 days, at day 0.162292/0.1625, date = 01-Jan-2025
 Newton its= 1, linearizations= 2 (0.0sec), linear its= 11 (0.1sec)

Starting time step 1, stepsize 4.94134e-06 days, at day 0.162294/0.1625, date = 01-Jan-2025
 Newton its= 1, linearizations= 2 (0.0sec), linear its= 12 (0.2sec)

Starting time step 2, stepsize 1.4824e-05 days, at day 0.162299/0.1625, date = 01-Jan-2025
 Newton its= 1, linearizations= 2 (0.0sec), linear its= 15 (0.2sec)

Starting time step 3, stepsize 4.4472e-05 days, at day 0.162314/0.1625, date = 01-Jan-2025
 Newton its= 5, linearizations= 6 (0.1sec), linear its= 67 (0.9sec)

Starting time step 4, stepsize 7.08126e-05 days, at day 0.162358/0.1625, date = 01-Jan-2025
 Newton its= 5, linearizations= 6 (0.1sec), linear its= 72 (1.1sec)

Starting time step 5, stepsize 7.08126e-05 days, at day 0.162429/0.1625, date = 01-Jan-2025
 Newton its= 5, linearizations= 6 (0.1sec), linear its= 75 (0.9sec)

Report step 780/1000 at day 0.1625/0.208333, date = 01-Jan-2025

Starting time step 0, stepsize 0.000208333 days, at day 0.1625/0.162708, date = 01-Jan-2025

Warning: Full linear solver tolerance not achieved. The reduction is:1.90687e-05 after 20 iterations 

Warning: Full linear solver tolerance not achieved. The reduction is:5.66212e-05 after 20 iterations 

Problem: Solver convergence failure - Numerical problem encountered
Timestep chopped to 0.000069 days


Starting time step 0, stepsize 6.875e-05 days, at day 0.1625/0.162708, date = 01-Jan-2025

Warning: Full linear solver tolerance not achieved. The reduction is:2.51037e-05 after 20 iterations 

Problem: Solver convergence failure - Numerical problem encountered
Timestep chopped to 0.000023 days


Starting time step 0, stepsize 2.26875e-05 days, at day 0.1625/0.162708, date = 01-Jan-2025

Problem: Solver convergence failure - Numerical problem encountered
Timestep chopped to 0.000007 days


Starting time step 0, stepsize 7.48688e-06 days, at day 0.1625/0.162708, date = 01-Jan-2025
 Newton its= 1, linearizations= 2 (0.0sec), linear its= 12 (0.2sec)

Starting time step 1, stepsize 1.49738e-05 days, at day 0.162507/0.162708, date = 01-Jan-2025
 Newton its= 1, linearizations= 2 (0.0sec), linear its= 13 (0.2sec)

Starting time step 2, stepsize 4.49213e-05 days, at day 0.162522/0.162708, date = 01-Jan-2025
 Newton its= 5, linearizations= 6 (0.1sec), linear its= 64 (0.9sec)

Starting time step 3, stepsize 7.04757e-05 days, at day 0.162567/0.162708, date = 01-Jan-2025
 Newton its= 5, linearizations= 6 (0.1sec), linear its= 68 (1.0sec)

Starting time step 4, stepsize 7.04757e-05 days, at day 0.162638/0.162708, date = 01-Jan-2025
 Newton its= 8, linearizations= 9 (0.2sec), linear its=109 (1.5sec)

Report step 781/1000 at day 0.162708/0.208333, date = 01-Jan-2025

Starting time step 0, stepsize 0.000208333 days, at day 0.162708/0.162917, date = 01-Jan-2025

Warning: Full linear solver tolerance not achieved. The reduction is:5.05239e-05 after 20 iterations 

Warning: Full linear solver tolerance not achieved. The reduction is:9.431e-05 after 20 iterations 

Warning: Full linear solver tolerance not achieved. The reduction is:0.000653387 after 20 iterations 

Warning: Full linear solver tolerance not achieved. The reduction is:7.08019e-06 after 20 iterations 
 Newton its=11, linearizations=12 (0.3sec), linear its=197 (2.7sec)

Report step 782/1000 at day 0.162917/0.208333, date = 01-Jan-2025

Starting time step 0, stepsize 0.000208333 days, at day 0.162917/0.163125, date = 01-Jan-2025

Warning: Full linear solver tolerance not achieved. The reduction is:5.94178e-05 after 20 iterations 

Warning: Full linear solver tolerance not achieved. The reduction is:2.01642e-05 after 20 iterations 

Warning: Full linear solver tolerance not achieved. The reduction is:3.40594e-05 after 20 iterations 

Warning: Full linear solver tolerance not achieved. The reduction is:5.58831e-06 after 20 iterations 
 Newton its=10, linearizations=11 (0.3sec), linear its=179 (2.3sec)

Report step 783/1000 at day 0.163125/0.208333, date = 01-Jan-2025

Starting time step 0, stepsize 0.000208333 days, at day 0.163125/0.163333, date = 01-Jan-2025

Warning: Full linear solver tolerance not achieved. The reduction is:1.95815e-05 after 20 iterations 

Warning: Full linear solver tolerance not achieved. The reduction is:1.06808e-05 after 20 iterations 
 Newton its=10, linearizations=11 (0.2sec), linear its=181 (2.3sec)

Report step 784/1000 at day 0.163333/0.208333, date = 01-Jan-2025

Starting time step 0, stepsize 0.000208333 days, at day 0.163333/0.163542, date = 01-Jan-2025

Warning: Full linear solver tolerance not achieved. The reduction is:0.000103479 after 20 iterations 

Warning: Full linear solver tolerance not achieved. The reduction is:8.45109e-06 after 20 iterations 
 Newton its= 9, linearizations=10 (0.2sec), linear its=167 (2.3sec)

Report step 785/1000 at day 0.163542/0.208333, date = 01-Jan-2025

Starting time step 0, stepsize 0.000208333 days, at day 0.163542/0.16375, date = 01-Jan-2025

Warning: Full linear solver tolerance not achieved. The reduction is:4.98471e-05 after 20 iterations 
 Newton its= 9, linearizations=10 (0.2sec), linear its=156 (2.3sec)

Report step 786/1000 at day 0.16375/0.208333, date = 01-Jan-2025

Starting time step 0, stepsize 0.000208333 days, at day 0.16375/0.163958, date = 01-Jan-2025

Warning: Full linear solver tolerance not achieved. The reduction is:2.32363e-05 after 20 iterations 

Warning: Full linear solver tolerance not achieved. The reduction is:1.37122e-05 after 20 iterations 

Warning: Full linear solver tolerance not achieved. The reduction is:2.08272e-05 after 20 iterations 
 Newton its=10, linearizations=11 (0.2sec), linear its=184 (2.7sec)

Report step 787/1000 at day 0.163958/0.208333, date = 01-Jan-2025

Starting time step 0, stepsize 0.000208333 days, at day 0.163958/0.164167, date = 01-Jan-2025

Warning: Full linear solver tolerance not achieved. The reduction is:2.98183e-05 after 20 iterations 

Warning: Full linear solver tolerance not achieved. The reduction is:1.78589e-05 after 20 iterations 
 Newton its= 7, linearizations= 8 (0.1sec), linear its=127 (1.6sec)

Report step 788/1000 at day 0.164167/0.208333, date = 01-Jan-2025

Starting time step 0, stepsize 0.000208333 days, at day 0.164167/0.164375, date = 01-Jan-2025

Warning: Full linear solver tolerance not achieved. The reduction is:3.84054e-05 after 20 iterations 

Warning: Full linear solver tolerance not achieved. The reduction is:5.83409e-06 after 20 iterations 
 Newton its= 9, linearizations=10 (0.2sec), linear its=158 (2.1sec)

Report step 789/1000 at day 0.164375/0.208333, date = 01-Jan-2025

Starting time step 0, stepsize 0.000208333 days, at day 0.164375/0.164583, date = 01-Jan-2025

Warning: Full linear solver tolerance not achieved. The reduction is:1.11389e-05 after 20 iterations 

Warning: Full linear solver tolerance not achieved. The reduction is:0.000103173 after 20 iterations 

Warning: Full linear solver tolerance not achieved. The reduction is:5.21835e-06 after 20 iterations 

Warning: Full linear solver tolerance not achieved. The reduction is:5.5026e-06 after 20 iterations 
 Newton its=10, linearizations=11 (0.2sec), linear its=190 (2.3sec)

Report step 790/1000 at day 0.164583/0.208333, date = 01-Jan-2025

Starting time step 0, stepsize 0.000208333 days, at day 0.164583/0.164792, date = 01-Jan-2025

Warning: Full linear solver tolerance not achieved. The reduction is:7.79405e-05 after 20 iterations 
 Newton its=10, linearizations=11 (0.2sec), linear its=168 (2.2sec)

Report step 791/1000 at day 0.164792/0.208333, date = 01-Jan-2025

Starting time step 0, stepsize 0.000208333 days, at day 0.164792/0.165, date = 01-Jan-2025

Warning: Full linear solver tolerance not achieved. The reduction is:2.68147e-05 after 20 iterations 

Warning: Full linear solver tolerance not achieved. The reduction is:9.11074e-05 after 20 iterations 

Warning: Full linear solver tolerance not achieved. The reduction is:6.85278e-06 after 20 iterations 
 Newton its=10, linearizations=11 (0.3sec), linear its=178 (2.5sec)

Report step 792/1000 at day 0.165/0.208333, date = 01-Jan-2025

Starting time step 0, stepsize 0.000208333 days, at day 0.165/0.165208, date = 01-Jan-2025

Warning: Full linear solver tolerance not achieved. The reduction is:2.89257e-05 after 20 iterations 

Warning: Full linear solver tolerance not achieved. The reduction is:9.89196e-06 after 20 iterations 

Warning: Full linear solver tolerance not achieved. The reduction is:1.29839e-05 after 20 iterations 

Warning: Full linear solver tolerance not achieved. The reduction is:1.58621e-05 after 20 iterations 

Warning: Full linear solver tolerance not achieved. The reduction is:1.25475e-05 after 20 iterations 

Warning: Full linear solver tolerance not achieved. The reduction is:3.01103e-05 after 20 iterations 

Warning: Full linear solver tolerance not achieved. The reduction is:0.000891705 after 20 iterations 

Warning: Full linear solver tolerance not achieved. The reduction is:9.49045e-06 after 20 iterations 

Warning: Full linear solver tolerance not achieved. The reduction is:2.58771e-05 after 20 iterations 

Warning: Full linear solver tolerance not achieved. The reduction is:1.09161e-05 after 20 iterations 

Warning: Full linear solver tolerance not achieved. The reduction is:2.31222e-05 after 20 iterations 

Warning: Full linear solver tolerance not achieved. The reduction is:1.08413e-05 after 20 iterations 

Warning: Full linear solver tolerance not achieved. The reduction is:6.54001e-06 after 20 iterations 

Warning: Full linear solver tolerance not achieved. The reduction is:9.97445e-06 after 20 iterations 

Warning: Full linear solver tolerance not achieved. The reduction is:3.66073e-05 after 20 iterations 

Warning: Full linear solver tolerance not achieved. The reduction is:0.00155147 after 20 iterations 

Warning: Full linear solver tolerance not achieved. The reduction is:1.59962e-05 after 20 iterations 

Warning: Full linear solver tolerance not achieved. The reduction is:1.42667e-05 after 20 iterations 

Warning: Full linear solver tolerance not achieved. The reduction is:7.78967e-06 after 20 iterations 

Problem: Solver convergence failure - Iteration limit reached
Timestep chopped to 0.000069 days


Starting time step 0, stepsize 6.875e-05 days, at day 0.165/0.165208, date = 01-Jan-2025
 Newton its= 4, linearizations= 5 (0.1sec), linear its= 53 (0.7sec)

Starting time step 1, stepsize 0.000139583 days, at day 0.165069/0.165208, date = 01-Jan-2025

Warning: Full linear solver tolerance not achieved. The reduction is:1.32409e-05 after 20 iterations 

Warning: Full linear solver tolerance not achieved. The reduction is:4.05075e-05 after 20 iterations 

Warning: Full linear solver tolerance not achieved. The reduction is:8.30087e-06 after 20 iterations 

Warning: Full linear solver tolerance not achieved. The reduction is:6.42225e-06 after 20 iterations 

Warning: Full linear solver tolerance not achieved. The reduction is:9.23501e-06 after 20 iterations 

Warning: Full linear solver tolerance not achieved. The reduction is:7.47558e-06 after 20 iterations 

Warning: Full linear solver tolerance not achieved. The reduction is:6.3963e-06 after 20 iterations 

Problem: Solver convergence failure - Iteration limit reached
Timestep chopped to 0.000046 days


Starting time step 1, stepsize 4.60625e-05 days, at day 0.165069/0.165208, date = 01-Jan-2025
 Newton its= 3, linearizations= 4 (0.1sec), linear its= 45 (0.6sec)

Starting time step 2, stepsize 9.35208e-05 days, at day 0.165115/0.165208, date = 01-Jan-2025

Warning: Full linear solver tolerance not achieved. The reduction is:1.55576e-05 after 20 iterations 

Problem: Solver convergence failure - Iteration limit reached
Timestep chopped to 0.000031 days


Starting time step 2, stepsize 3.08619e-05 days, at day 0.165115/0.165208, date = 01-Jan-2025
 Newton its= 2, linearizations= 3 (0.0sec), linear its= 32 (0.5sec)

Starting time step 3, stepsize 6.2659e-05 days, at day 0.165146/0.165208, date = 01-Jan-2025
 Newton its= 4, linearizations= 5 (0.1sec), linear its= 66 (0.9sec)

Report step 793/1000 at day 0.165208/0.208333, date = 01-Jan-2025

Starting time step 0, stepsize 0.000208333 days, at day 0.165208/0.165417, date = 01-Jan-2025

Warning: Full linear solver tolerance not achieved. The reduction is:0.000154884 after 20 iterations 

Warning: Full linear solver tolerance not achieved. The reduction is:3.58886e-05 after 20 iterations 

Warning: Full linear solver tolerance not achieved. The reduction is:3.4428e-05 after 20 iterations 

Warning: Full linear solver tolerance not achieved. The reduction is:8.62695e-05 after 20 iterations 

Warning: Full linear solver tolerance not achieved. The reduction is:8.07905e-05 after 20 iterations 

Warning: Full linear solver tolerance not achieved. The reduction is:1.13378e-05 after 20 iterations 
 Newton its= 9, linearizations=10 (0.2sec), linear its=172 (2.2sec)

Report step 794/1000 at day 0.165417/0.208333, date = 01-Jan-2025

Starting time step 0, stepsize 0.000208333 days, at day 0.165417/0.165625, date = 01-Jan-2025

Warning: Full linear solver tolerance not achieved. The reduction is:0.00191142 after 20 iterations 

Warning: Full linear solver tolerance not achieved. The reduction is:0.00351187 after 20 iterations 
 Newton its=11, linearizations=12 (0.2sec), linear its=173 (2.3sec)

Report step 795/1000 at day 0.165625/0.208333, date = 01-Jan-2025

Starting time step 0, stepsize 0.000208333 days, at day 0.165625/0.165833, date = 01-Jan-2025

Warning: Full linear solver tolerance not achieved. The reduction is:5.42117e-06 after 20 iterations 

Warning: Full linear solver tolerance not achieved. The reduction is:1.5502e-05 after 20 iterations 
 Newton its=43, linearizations=44 (0.9sec), linear its=614 (8.5sec)

Report step 796/1000 at day 0.165833/0.208333, date = 01-Jan-2025

Starting time step 0, stepsize 0.000208333 days, at day 0.165833/0.166042, date = 01-Jan-2025

Problem: Solver convergence failure - Iteration limit reached
Timestep chopped to 0.000069 days


Starting time step 0, stepsize 6.875e-05 days, at day 0.165833/0.166042, date = 01-Jan-2025

Problem: Solver convergence failure - Iteration limit reached
Timestep chopped to 0.000023 days


Starting time step 0, stepsize 2.26875e-05 days, at day 0.165833/0.166042, date = 01-Jan-2025
 Newton its= 4, linearizations= 5 (0.1sec), linear its= 48 (0.7sec)

Starting time step 1, stepsize 4.5375e-05 days, at day 0.165856/0.166042, date = 01-Jan-2025
 Newton its= 3, linearizations= 4 (0.1sec), linear its= 41 (0.5sec)

Starting time step 2, stepsize 0.000140271 days, at day 0.165901/0.166042, date = 01-Jan-2025
 Newton its= 8, linearizations= 9 (0.2sec), linear its=120 (1.7sec)

Report step 797/1000 at day 0.166042/0.208333, date = 01-Jan-2025

Starting time step 0, stepsize 0.000208333 days, at day 0.166042/0.16625, date = 01-Jan-2025

Warning: Full linear solver tolerance not achieved. The reduction is:1.74174e-05 after 20 iterations 

Warning: Full linear solver tolerance not achieved. The reduction is:1.05045e-05 after 20 iterations 

Warning: Full linear solver tolerance not achieved. The reduction is:5.41496e-06 after 20 iterations 

Warning: Full linear solver tolerance not achieved. The reduction is:1.32793e-05 after 20 iterations 

Problem: Solver convergence failure - Iteration limit reached
Timestep chopped to 0.000069 days


Starting time step 0, stepsize 6.875e-05 days, at day 0.166042/0.16625, date = 01-Jan-2025
 Newton its= 4, linearizations= 5 (0.1sec), linear its= 60 (0.7sec)

Starting time step 1, stepsize 0.000139583 days, at day 0.16611/0.16625, date = 01-Jan-2025
 Newton its= 8, linearizations= 9 (0.2sec), linear its=110 (1.4sec)

Report step 798/1000 at day 0.16625/0.208333, date = 01-Jan-2025

Starting time step 0, stepsize 0.000208333 days, at day 0.16625/0.166458, date = 01-Jan-2025

Warning: Full linear solver tolerance not achieved. The reduction is:6.44856e-06 after 20 iterations 

Warning: Full linear solver tolerance not achieved. The reduction is:4.87395e-05 after 20 iterations 

Warning: Full linear solver tolerance not achieved. The reduction is:3.95007e-05 after 20 iterations 

Warning: Full linear solver tolerance not achieved. The reduction is:6.03594e-06 after 20 iterations 

Warning: Full linear solver tolerance not achieved. The reduction is:1.47913e-05 after 20 iterations 

Warning: Full linear solver tolerance not achieved. The reduction is:7.81799e-06 after 20 iterations 

Problem: Solver convergence failure - Iteration limit reached
Timestep chopped to 0.000069 days


Starting time step 0, stepsize 6.875e-05 days, at day 0.16625/0.166458, date = 01-Jan-2025
 Newton its= 4, linearizations= 5 (0.1sec), linear its= 59 (0.7sec)

Starting time step 1, stepsize 0.000139583 days, at day 0.166319/0.166458, date = 01-Jan-2025

Warning: Full linear solver tolerance not achieved. The reduction is:1.34988e-05 after 20 iterations 

Warning: Full linear solver tolerance not achieved. The reduction is:7.34577e-06 after 20 iterations 
 Newton its= 9, linearizations=10 (0.2sec), linear its=152 (1.9sec)

Report step 799/1000 at day 0.166458/0.208333, date = 01-Jan-2025

Starting time step 0, stepsize 0.000208333 days, at day 0.166458/0.166667, date = 01-Jan-2025

Warning: Full linear solver tolerance not achieved. The reduction is:1.01485e-05 after 20 iterations 

Warning: Full linear solver tolerance not achieved. The reduction is:9.21026e-06 after 20 iterations 
 Newton its=10, linearizations=11 (0.2sec), linear its=158 (2.1sec)

Report step 800/1000 at day 0.166667/0.208333, date = 01-Jan-2025

Starting time step 0, stepsize 0.000208333 days, at day 0.166667/0.166875, date = 01-Jan-2025
 Newton its=10, linearizations=11 (0.2sec), linear its=170 (2.1sec)

Report step 801/1000 at day 0.166875/0.208333, date = 01-Jan-2025

Starting time step 0, stepsize 0.000208333 days, at day 0.166875/0.167083, date = 01-Jan-2025

Warning: Full linear solver tolerance not achieved. The reduction is:1.43887e-05 after 20 iterations 
 Newton its= 6, linearizations= 7 (0.1sec), linear its= 98 (1.2sec)

Report step 802/1000 at day 0.167083/0.208333, date = 01-Jan-2025

Starting time step 0, stepsize 0.000208333 days, at day 0.167083/0.167292, date = 01-Jan-2025
 Newton its=10, linearizations=11 (0.2sec), linear its=162 (2.0sec)

Report step 803/1000 at day 0.167292/0.208333, date = 01-Jan-2025

Starting time step 0, stepsize 0.000208333 days, at day 0.167292/0.1675, date = 01-Jan-2025

Warning: Full linear solver tolerance not achieved. The reduction is:2.69487e-05 after 20 iterations 

Problem: Solver convergence failure - Iteration limit reached
Timestep chopped to 0.000069 days


Starting time step 0, stepsize 6.875e-05 days, at day 0.167292/0.1675, date = 01-Jan-2025
 Newton its= 4, linearizations= 5 (0.1sec), linear its= 61 (0.7sec)

Starting time step 1, stepsize 0.000139583 days, at day 0.16736/0.1675, date = 01-Jan-2025

Warning: Full linear solver tolerance not achieved. The reduction is:9.67668e-06 after 20 iterations 
 Newton its= 6, linearizations= 7 (0.1sec), linear its= 99 (1.3sec)

Report step 804/1000 at day 0.1675/0.208333, date = 01-Jan-2025

Starting time step 0, stepsize 0.000208333 days, at day 0.1675/0.167708, date = 01-Jan-2025

Warning: Full linear solver tolerance not achieved. The reduction is:6.21438e-06 after 20 iterations 
 Newton its=11, linearizations=12 (0.2sec), linear its=181 (2.2sec)

Report step 805/1000 at day 0.167708/0.208333, date = 01-Jan-2025

Starting time step 0, stepsize 0.000208333 days, at day 0.167708/0.167917, date = 01-Jan-2025

Warning: Full linear solver tolerance not achieved. The reduction is:0.000272303 after 20 iterations 

Warning: Full linear solver tolerance not achieved. The reduction is:0.00217939 after 20 iterations 

Warning: Full linear solver tolerance not achieved. The reduction is:5.59306e-05 after 20 iterations 

Warning: Full linear solver tolerance not achieved. The reduction is:8.91925e-06 after 20 iterations 

Warning: Full linear solver tolerance not achieved. The reduction is:0.00216241 after 20 iterations 

Problem: Solver convergence failure - Numerical problem encountered
Timestep chopped to 0.000069 days


Starting time step 0, stepsize 6.875e-05 days, at day 0.167708/0.167917, date = 01-Jan-2025

Warning: Full linear solver tolerance not achieved. The reduction is:2.1587e-05 after 20 iterations 

Problem: Solver convergence failure - Numerical problem encountered
Timestep chopped to 0.000023 days


Starting time step 0, stepsize 2.26875e-05 days, at day 0.167708/0.167917, date = 01-Jan-2025

Warning: Full linear solver tolerance not achieved. The reduction is:0.00788216 after 20 iterations 

Warning: Full linear solver tolerance not achieved. The reduction is:0.00323936 after 20 iterations 

Problem: [/Users/macbookn/hackatonwork/opm-simulators/opm/simulators/flow/BlackoilModel.hpp:367] NaN residual found!

Problem: Solver convergence failure - Numerical problem encountered
Timestep chopped to 0.000007 days


Starting time step 0, stepsize 7.48688e-06 days, at day 0.167708/0.167917, date = 01-Jan-2025

Problem: Solver convergence failure - Numerical problem encountered
Timestep chopped to 0.000002 days


Starting time step 0, stepsize 2.47067e-06 days, at day 0.167708/0.167917, date = 01-Jan-2025
 Newton its= 1, linearizations= 2 (0.0sec), linear its= 14 (0.1sec)

Starting time step 1, stepsize 4.94134e-06 days, at day 0.167711/0.167917, date = 01-Jan-2025
 Newton its= 1, linearizations= 2 (0.1sec), linear its= 13 (0.2sec)

Starting time step 2, stepsize 1.4824e-05 days, at day 0.167716/0.167917, date = 01-Jan-2025
 Newton its= 2, linearizations= 3 (0.1sec), linear its= 31 (0.4sec)

Starting time step 3, stepsize 4.4472e-05 days, at day 0.167731/0.167917, date = 01-Jan-2025

Warning: Full linear solver tolerance not achieved. The reduction is:4.40475e-05 after 20 iterations 

Warning: Full linear solver tolerance not achieved. The reduction is:2.05886e-05 after 20 iterations 
 Newton its= 4, linearizations= 5 (0.1sec), linear its= 67 (0.8sec)

Starting time step 4, stepsize 7.08126e-05 days, at day 0.167775/0.167917, date = 01-Jan-2025

Warning: Full linear solver tolerance not achieved. The reduction is:2.26138e-05 after 20 iterations 
 Newton its= 4, linearizations= 5 (0.1sec), linear its= 70 (0.8sec)

Starting time step 5, stepsize 7.08126e-05 days, at day 0.167846/0.167917, date = 01-Jan-2025

Warning: Full linear solver tolerance not achieved. The reduction is:1.80913e-05 after 20 iterations 
 Newton its= 4, linearizations= 5 (0.1sec), linear its= 66 (0.8sec)

Report step 806/1000 at day 0.167917/0.208333, date = 01-Jan-2025

Starting time step 0, stepsize 0.000208333 days, at day 0.167917/0.168125, date = 01-Jan-2025

Warning: Full linear solver tolerance not achieved. The reduction is:0.00102618 after 20 iterations 

Warning: Full linear solver tolerance not achieved. The reduction is:2.18442e-05 after 20 iterations 

Warning: Full linear solver tolerance not achieved. The reduction is:2.01771e-05 after 20 iterations 

Warning: Full linear solver tolerance not achieved. The reduction is:4.50963e-05 after 20 iterations 

Warning: Full linear solver tolerance not achieved. The reduction is:9.10198e-06 after 20 iterations 

Warning: Full linear solver tolerance not achieved. The reduction is:9.53169e-05 after 20 iterations 

Warning: Full linear solver tolerance not achieved. The reduction is:3.36769e-05 after 20 iterations 

Warning: Full linear solver tolerance not achieved. The reduction is:1.71906e-05 after 20 iterations 
 Newton its=10, linearizations=11 (0.2sec), linear its=195 (2.4sec)

Report step 807/1000 at day 0.168125/0.208333, date = 01-Jan-2025

Starting time step 0, stepsize 0.000208333 days, at day 0.168125/0.168333, date = 01-Jan-2025

Warning: Full linear solver tolerance not achieved. The reduction is:4.3501e-05 after 20 iterations 

Warning: Full linear solver tolerance not achieved. The reduction is:5.36786e-05 after 20 iterations 

Warning: Full linear solver tolerance not achieved. The reduction is:8.31592e-05 after 20 iterations 

Warning: Full linear solver tolerance not achieved. The reduction is:0.000382558 after 20 iterations 

Warning: Full linear solver tolerance not achieved. The reduction is:1.17887e-05 after 20 iterations 
 Newton its= 9, linearizations=10 (0.2sec), linear its=172 (2.1sec)

Report step 808/1000 at day 0.168333/0.208333, date = 01-Jan-2025

Starting time step 0, stepsize 0.000208333 days, at day 0.168333/0.168542, date = 01-Jan-2025

Warning: Full linear solver tolerance not achieved. The reduction is:5.01819e-05 after 20 iterations 

Warning: Full linear solver tolerance not achieved. The reduction is:2.75195e-05 after 20 iterations 

Warning: Full linear solver tolerance not achieved. The reduction is:5.93936e-06 after 20 iterations 

Warning: Full linear solver tolerance not achieved. The reduction is:0.000109773 after 20 iterations 
 Newton its=11, linearizations=12 (0.2sec), linear its=200 (2.7sec)

Report step 809/1000 at day 0.168542/0.208333, date = 01-Jan-2025

Starting time step 0, stepsize 0.000208333 days, at day 0.168542/0.16875, date = 01-Jan-2025

Warning: Full linear solver tolerance not achieved. The reduction is:5.13942e-05 after 20 iterations 
 Newton its= 9, linearizations=10 (0.2sec), linear its=151 (2.1sec)

Report step 810/1000 at day 0.16875/0.208333, date = 01-Jan-2025

Starting time step 0, stepsize 0.000208333 days, at day 0.16875/0.168958, date = 01-Jan-2025

Warning: Full linear solver tolerance not achieved. The reduction is:7.98654e-06 after 20 iterations 

Warning: Full linear solver tolerance not achieved. The reduction is:3.00224e-05 after 20 iterations 

Warning: Full linear solver tolerance not achieved. The reduction is:8.66908e-06 after 20 iterations 

Warning: Full linear solver tolerance not achieved. The reduction is:2.00541e-05 after 20 iterations 
 Newton its=17, linearizations=18 (0.3sec), linear its=281 (3.3sec)

Report step 811/1000 at day 0.168958/0.208333, date = 01-Jan-2025

Starting time step 0, stepsize 0.000208333 days, at day 0.168958/0.169167, date = 01-Jan-2025

Warning: Full linear solver tolerance not achieved. The reduction is:0.000309602 after 20 iterations 

Warning: Full linear solver tolerance not achieved. The reduction is:1.17291e-05 after 20 iterations 

Warning: Full linear solver tolerance not achieved. The reduction is:1.03234e-05 after 20 iterations 
 Newton its=10, linearizations=11 (0.2sec), linear its=163 (2.0sec)

Report step 812/1000 at day 0.169167/0.208333, date = 01-Jan-2025

Starting time step 0, stepsize 0.000208333 days, at day 0.169167/0.169375, date = 01-Jan-2025

Warning: Full linear solver tolerance not achieved. The reduction is:1.43489e-05 after 20 iterations 

Warning: Full linear solver tolerance not achieved. The reduction is:9.89757e-06 after 20 iterations 

Warning: Full linear solver tolerance not achieved. The reduction is:6.02249e-06 after 20 iterations 

Warning: Full linear solver tolerance not achieved. The reduction is:1.62927e-05 after 20 iterations 

Problem: Solver convergence failure - Iteration limit reached
Timestep chopped to 0.000069 days


Starting time step 0, stepsize 6.875e-05 days, at day 0.169167/0.169375, date = 01-Jan-2025

Warning: Full linear solver tolerance not achieved. The reduction is:7.76219e-06 after 20 iterations 

Problem: Solver convergence failure - Iteration limit reached
Timestep chopped to 0.000023 days


Starting time step 0, stepsize 2.26875e-05 days, at day 0.169167/0.169375, date = 01-Jan-2025
 Newton its= 3, linearizations= 4 (0.1sec), linear its= 44 (0.5sec)

Starting time step 1, stepsize 4.5375e-05 days, at day 0.169189/0.169375, date = 01-Jan-2025
 Newton its= 4, linearizations= 5 (0.1sec), linear its= 62 (0.8sec)

Starting time step 2, stepsize 7.01354e-05 days, at day 0.169235/0.169375, date = 01-Jan-2025
 Newton its= 5, linearizations= 6 (0.1sec), linear its= 75 (0.9sec)

Starting time step 3, stepsize 7.01354e-05 days, at day 0.169305/0.169375, date = 01-Jan-2025
 Newton its= 8, linearizations= 9 (0.2sec), linear its=125 (1.6sec)

Report step 813/1000 at day 0.169375/0.208333, date = 01-Jan-2025

Starting time step 0, stepsize 0.000208333 days, at day 0.169375/0.169583, date = 01-Jan-2025

Warning: Full linear solver tolerance not achieved. The reduction is:0.000214582 after 20 iterations 

Warning: Full linear solver tolerance not achieved. The reduction is:1.11353e-05 after 20 iterations 

Warning: Full linear solver tolerance not achieved. The reduction is:1.94787e-05 after 20 iterations 

Warning: Full linear solver tolerance not achieved. The reduction is:8.27501e-06 after 20 iterations 

Warning: Full linear solver tolerance not achieved. The reduction is:1.23638e-05 after 20 iterations 

Warning: Full linear solver tolerance not achieved. The reduction is:7.93087e-06 after 20 iterations 

Warning: Full linear solver tolerance not achieved. The reduction is:1.17173e-05 after 20 iterations 

Warning: Full linear solver tolerance not achieved. The reduction is:1.68415e-05 after 20 iterations 

Warning: Full linear solver tolerance not achieved. The reduction is:7.53748e-06 after 20 iterations 

Warning: Full linear solver tolerance not achieved. The reduction is:2.50112e-05 after 20 iterations 

Warning: Full linear solver tolerance not achieved. The reduction is:5.41269e-06 after 20 iterations 

Warning: Full linear solver tolerance not achieved. The reduction is:7.97825e-06 after 20 iterations 

Warning: Full linear solver tolerance not achieved. The reduction is:0.00106231 after 20 iterations 

Warning: Full linear solver tolerance not achieved. The reduction is:1.75398e-05 after 20 iterations 

Warning: Full linear solver tolerance not achieved. The reduction is:6.16611e-06 after 20 iterations 

Warning: Full linear solver tolerance not achieved. The reduction is:3.1729e-05 after 20 iterations 

Warning: Full linear solver tolerance not achieved. The reduction is:6.24033e-06 after 20 iterations 

Warning: Full linear solver tolerance not achieved. The reduction is:9.49543e-05 after 20 iterations 

Problem: Solver convergence failure - Iteration limit reached
Timestep chopped to 0.000069 days


Starting time step 0, stepsize 6.875e-05 days, at day 0.169375/0.169583, date = 01-Jan-2025
 Newton its= 4, linearizations= 5 (0.1sec), linear its= 59 (0.7sec)

Starting time step 1, stepsize 0.000139583 days, at day 0.169444/0.169583, date = 01-Jan-2025

Warning: Full linear solver tolerance not achieved. The reduction is:1.96889e-05 after 20 iterations 

Warning: Full linear solver tolerance not achieved. The reduction is:5.45711e-06 after 20 iterations 

Problem: Solver convergence failure - Iteration limit reached
Timestep chopped to 0.000046 days


Starting time step 1, stepsize 4.60625e-05 days, at day 0.169444/0.169583, date = 01-Jan-2025
 Newton its= 4, linearizations= 5 (0.1sec), linear its= 56 (0.7sec)

Starting time step 2, stepsize 9.35208e-05 days, at day 0.16949/0.169583, date = 01-Jan-2025

Warning: Full linear solver tolerance not achieved. The reduction is:1.54708e-05 after 20 iterations 

Warning: Full linear solver tolerance not achieved. The reduction is:7.78355e-06 after 20 iterations 
    Oscillating behavior detected: Relaxation set to 0.900000

Warning: Full linear solver tolerance not achieved. The reduction is:6.94029e-06 after 20 iterations 

Warning: Full linear solver tolerance not achieved. The reduction is:9.74079e-06 after 20 iterations 
    Oscillating behavior detected: Relaxation set to 0.800000
    Oscillating behavior detected: Relaxation set to 0.700000
 Newton its=28, linearizations=29 (0.6sec), linear its=489 (6.0sec)

Report step 814/1000 at day 0.169583/0.208333, date = 01-Jan-2025

Starting time step 0, stepsize 0.000208333 days, at day 0.169583/0.169792, date = 01-Jan-2025

Warning: Full linear solver tolerance not achieved. The reduction is:1.25739e-05 after 20 iterations 

Warning: Full linear solver tolerance not achieved. The reduction is:9.61703e-06 after 20 iterations 

Warning: Full linear solver tolerance not achieved. The reduction is:7.94782e-06 after 20 iterations 

Warning: Full linear solver tolerance not achieved. The reduction is:2.09698e-05 after 20 iterations 

Warning: Full linear solver tolerance not achieved. The reduction is:1.45223e-05 after 20 iterations 

Warning: Full linear solver tolerance not achieved. The reduction is:2.76313e-05 after 20 iterations 

Warning: Full linear solver tolerance not achieved. The reduction is:7.01238e-06 after 20 iterations 

Warning: Full linear solver tolerance not achieved. The reduction is:1.00685e-05 after 20 iterations 

Warning: Full linear solver tolerance not achieved. The reduction is:6.39057e-05 after 20 iterations 

Warning: Full linear solver tolerance not achieved. The reduction is:1.11496e-05 after 20 iterations 

Warning: Full linear solver tolerance not achieved. The reduction is:5.76836e-05 after 20 iterations 

Warning: Full linear solver tolerance not achieved. The reduction is:1.11584e-05 after 20 iterations 

Warning: Full linear solver tolerance not achieved. The reduction is:6.22593e-05 after 20 iterations 

Warning: Full linear solver tolerance not achieved. The reduction is:1.08264e-05 after 20 iterations 

Warning: Full linear solver tolerance not achieved. The reduction is:4.46155e-05 after 20 iterations 

Warning: Full linear solver tolerance not achieved. The reduction is:0.000118849 after 20 iterations 

Warning: Full linear solver tolerance not achieved. The reduction is:0.000100915 after 20 iterations 

Problem: Solver convergence failure - Iteration limit reached
Timestep chopped to 0.000069 days


Starting time step 0, stepsize 6.875e-05 days, at day 0.169583/0.169792, date = 01-Jan-2025

Problem: Solver convergence failure - Iteration limit reached
Timestep chopped to 0.000023 days


Starting time step 0, stepsize 2.26875e-05 days, at day 0.169583/0.169792, date = 01-Jan-2025
 Newton its= 4, linearizations= 5 (0.1sec), linear its= 48 (0.6sec)

Starting time step 1, stepsize 4.5375e-05 days, at day 0.169606/0.169792, date = 01-Jan-2025
 Newton its= 3, linearizations= 4 (0.1sec), linear its= 42 (0.5sec)

Starting time step 2, stepsize 0.000140271 days, at day 0.169651/0.169792, date = 01-Jan-2025

Warning: Full linear solver tolerance not achieved. The reduction is:4.44497e-05 after 20 iterations 

Warning: Full linear solver tolerance not achieved. The reduction is:0.000324842 after 20 iterations 

Warning: Full linear solver tolerance not achieved. The reduction is:0.000660311 after 20 iterations 

Warning: Full linear solver tolerance not achieved. The reduction is:8.75176e-05 after 20 iterations 

Warning: Full linear solver tolerance not achieved. The reduction is:0.000286614 after 20 iterations 

Warning: Full linear solver tolerance not achieved. The reduction is:0.000166235 after 20 iterations 

Warning: Full linear solver tolerance not achieved. The reduction is:7.88241e-05 after 20 iterations 

Warning: Full linear solver tolerance not achieved. The reduction is:0.000200849 after 20 iterations 

Warning: Full linear solver tolerance not achieved. The reduction is:9.98276e-05 after 20 iterations 

Warning: Full linear solver tolerance not achieved. The reduction is:5.519e-05 after 20 iterations 

Warning: Full linear solver tolerance not achieved. The reduction is:1.10691e-05 after 20 iterations 

Warning: Full linear solver tolerance not achieved. The reduction is:9.06174e-06 after 20 iterations 

Warning: Full linear solver tolerance not achieved. The reduction is:8.07829e-05 after 20 iterations 

Warning: Full linear solver tolerance not achieved. The reduction is:3.02523e-05 after 20 iterations 

Warning: Full linear solver tolerance not achieved. The reduction is:9.35746e-06 after 20 iterations 

Warning: Full linear solver tolerance not achieved. The reduction is:7.43264e-05 after 20 iterations 

Warning: Full linear solver tolerance not achieved. The reduction is:0.000148659 after 20 iterations 

Warning: Full linear solver tolerance not achieved. The reduction is:7.98473e-06 after 20 iterations 

Warning: Full linear solver tolerance not achieved. The reduction is:6.80844e-05 after 20 iterations 

Warning: Full linear solver tolerance not achieved. The reduction is:1.02293e-05 after 20 iterations 

Warning: Full linear solver tolerance not achieved. The reduction is:8.85518e-06 after 20 iterations 

Warning: Full linear solver tolerance not achieved. The reduction is:7.64108e-05 after 20 iterations 

Warning: Full linear solver tolerance not achieved. The reduction is:4.18054e-05 after 20 iterations 

Warning: Full linear solver tolerance not achieved. The reduction is:1.01724e-05 after 20 iterations 

Problem: Solver convergence failure - Iteration limit reached
Timestep chopped to 0.000046 days


Starting time step 2, stepsize 4.62894e-05 days, at day 0.169651/0.169792, date = 01-Jan-2025
 Newton its= 1, linearizations= 2 (0.0sec), linear its= 16 (0.2sec)

Starting time step 3, stepsize 9.39815e-05 days, at day 0.169698/0.169792, date = 01-Jan-2025

Warning: Full linear solver tolerance not achieved. The reduction is:9.13205e-06 after 20 iterations 
    Oscillating behavior detected: Relaxation set to 0.900000

Warning: Full linear solver tolerance not achieved. The reduction is:0.000416722 after 20 iterations 

Warning: Full linear solver tolerance not achieved. The reduction is:9.79068e-06 after 20 iterations 

Problem: Solver convergence failure - Iteration limit reached
Timestep chopped to 0.000031 days


Starting time step 3, stepsize 3.10139e-05 days, at day 0.169698/0.169792, date = 01-Jan-2025
 Newton its= 4, linearizations= 5 (0.1sec), linear its= 57 (0.7sec)

Starting time step 4, stepsize 6.29676e-05 days, at day 0.169729/0.169792, date = 01-Jan-2025
 Newton its= 4, linearizations= 5 (0.1sec), linear its= 58 (0.7sec)

Report step 815/1000 at day 0.169792/0.208333, date = 01-Jan-2025

Starting time step 0, stepsize 0.000208333 days, at day 0.169792/0.17, date = 01-Jan-2025

Warning: Full linear solver tolerance not achieved. The reduction is:9.01104e-05 after 20 iterations 

Warning: Full linear solver tolerance not achieved. The reduction is:6.33277e-06 after 20 iterations 

Warning: Full linear solver tolerance not achieved. The reduction is:4.46641e-05 after 20 iterations 

Warning: Full linear solver tolerance not achieved. The reduction is:5.31915e-06 after 20 iterations 

Warning: Full linear solver tolerance not achieved. The reduction is:1.71023e-05 after 20 iterations 

Warning: Full linear solver tolerance not achieved. The reduction is:5.19993e-06 after 20 iterations 

Warning: Full linear solver tolerance not achieved. The reduction is:2.71463e-05 after 20 iterations 

Warning: Full linear solver tolerance not achieved. The reduction is:5.08407e-06 after 20 iterations 

Warning: Full linear solver tolerance not achieved. The reduction is:2.75626e-05 after 20 iterations 

Warning: Full linear solver tolerance not achieved. The reduction is:5.08376e-06 after 20 iterations 

Warning: Full linear solver tolerance not achieved. The reduction is:2.75725e-05 after 20 iterations 

Warning: Full linear solver tolerance not achieved. The reduction is:5.08404e-06 after 20 iterations 

Warning: Full linear solver tolerance not achieved. The reduction is:3.93917e-05 after 20 iterations 

Warning: Full linear solver tolerance not achieved. The reduction is:3.80136e-05 after 20 iterations 

Warning: Full linear solver tolerance not achieved. The reduction is:3.80252e-05 after 20 iterations 

Warning: Full linear solver tolerance not achieved. The reduction is:3.80245e-05 after 20 iterations 

Warning: Full linear solver tolerance not achieved. The reduction is:3.80228e-05 after 20 iterations 

Warning: Full linear solver tolerance not achieved. The reduction is:3.80214e-05 after 20 iterations 

Problem: Solver convergence failure - Iteration limit reached
Timestep chopped to 0.000069 days


Starting time step 0, stepsize 6.875e-05 days, at day 0.169792/0.17, date = 01-Jan-2025
 Newton its= 8, linearizations= 9 (0.1sec), linear its=114 (1.3sec)

Starting time step 1, stepsize 6.875e-05 days, at day 0.16986/0.17, date = 01-Jan-2025

Warning: Full linear solver tolerance not achieved. The reduction is:3.76604e-05 after 20 iterations 

Problem: Solver convergence failure - Iteration limit reached
Timestep chopped to 0.000023 days


Starting time step 1, stepsize 2.26875e-05 days, at day 0.16986/0.17, date = 01-Jan-2025
 Newton its= 4, linearizations= 5 (0.1sec), linear its= 48 (0.6sec)

Starting time step 2, stepsize 4.5375e-05 days, at day 0.169883/0.17, date = 01-Jan-2025
 Newton its= 2, linearizations= 3 (0.1sec), linear its= 31 (0.3sec)

Starting time step 3, stepsize 7.15208e-05 days, at day 0.169928/0.17, date = 01-Jan-2025
 Newton its= 5, linearizations= 6 (0.1sec), linear its= 78 (0.9sec)

Report step 816/1000 at day 0.17/0.208333, date = 01-Jan-2025

Starting time step 0, stepsize 0.000208333 days, at day 0.17/0.170208, date = 01-Jan-2025

Warning: Full linear solver tolerance not achieved. The reduction is:8.42659e-06 after 20 iterations 

Warning: Full linear solver tolerance not achieved. The reduction is:1.16945e-05 after 20 iterations 

Warning: Full linear solver tolerance not achieved. The reduction is:2.84798e-05 after 20 iterations 

Warning: Full linear solver tolerance not achieved. The reduction is:0.000729361 after 20 iterations 

Warning: Full linear solver tolerance not achieved. The reduction is:1.06879e-05 after 20 iterations 

Problem: Solver convergence failure - Numerical problem encountered
Timestep chopped to 0.000069 days


Starting time step 0, stepsize 6.875e-05 days, at day 0.17/0.170208, date = 01-Jan-2025

Problem: Solver convergence failure - Numerical problem encountered
Timestep chopped to 0.000023 days


Starting time step 0, stepsize 2.26875e-05 days, at day 0.17/0.170208, date = 01-Jan-2025
 Newton its= 1, linearizations= 2 (0.0sec), linear its= 13 (0.1sec)

Starting time step 1, stepsize 4.5375e-05 days, at day 0.170023/0.170208, date = 01-Jan-2025
 Newton its= 5, linearizations= 6 (0.1sec), linear its= 70 (0.8sec)

Starting time step 2, stepsize 7.01354e-05 days, at day 0.170068/0.170208, date = 01-Jan-2025
 Newton its=10, linearizations=11 (0.2sec), linear its=133 (1.5sec)

Starting time step 3, stepsize 3.50677e-05 days, at day 0.170138/0.170208, date = 01-Jan-2025
 Newton its= 5, linearizations= 6 (0.1sec), linear its= 62 (0.8sec)

Starting time step 4, stepsize 3.50677e-05 days, at day 0.170173/0.170208, date = 01-Jan-2025
 Newton its= 3, linearizations= 4 (0.1sec), linear its= 40 (0.5sec)

Report step 817/1000 at day 0.170208/0.208333, date = 01-Jan-2025

Starting time step 0, stepsize 0.000208333 days, at day 0.170208/0.170417, date = 01-Jan-2025

Warning: Full linear solver tolerance not achieved. The reduction is:0.00154476 after 20 iterations 

Warning: Full linear solver tolerance not achieved. The reduction is:2.81491e-05 after 20 iterations 

Warning: Full linear solver tolerance not achieved. The reduction is:5.79489e-05 after 20 iterations 

Warning: Full linear solver tolerance not achieved. The reduction is:2.97294e-05 after 20 iterations 

Warning: Full linear solver tolerance not achieved. The reduction is:1.11229e-05 after 20 iterations 
 Newton its= 7, linearizations= 8 (0.1sec), linear its=136 (1.5sec)

Report step 818/1000 at day 0.170417/0.208333, date = 01-Jan-2025

Starting time step 0, stepsize 0.000208333 days, at day 0.170417/0.170625, date = 01-Jan-2025

Warning: Full linear solver tolerance not achieved. The reduction is:0.000176877 after 20 iterations 

Warning: Full linear solver tolerance not achieved. The reduction is:9.1303e-05 after 20 iterations 

Warning: Full linear solver tolerance not achieved. The reduction is:9.47046e-06 after 20 iterations 

Warning: Full linear solver tolerance not achieved. The reduction is:8.02938e-06 after 20 iterations 

Warning: Full linear solver tolerance not achieved. The reduction is:1.90096e-05 after 20 iterations 

Warning: Full linear solver tolerance not achieved. The reduction is:0.000231324 after 20 iterations 

Warning: Full linear solver tolerance not achieved. The reduction is:4.03429e-05 after 20 iterations 

Problem: Solver convergence failure - Numerical problem encountered
Timestep chopped to 0.000069 days


Starting time step 0, stepsize 6.875e-05 days, at day 0.170417/0.170625, date = 01-Jan-2025
 Newton its= 4, linearizations= 5 (0.1sec), linear its= 58 (0.7sec)

Starting time step 1, stepsize 0.000139583 days, at day 0.170485/0.170625, date = 01-Jan-2025

Warning: Full linear solver tolerance not achieved. The reduction is:9.76503e-06 after 20 iterations 

Warning: Full linear solver tolerance not achieved. The reduction is:7.41393e-06 after 20 iterations 

Warning: Full linear solver tolerance not achieved. The reduction is:1.25902e-05 after 20 iterations 

Warning: Full linear solver tolerance not achieved. The reduction is:5.31966e-06 after 20 iterations 

Warning: Full linear solver tolerance not achieved. The reduction is:1.26794e-05 after 20 iterations 

Warning: Full linear solver tolerance not achieved. The reduction is:5.30791e-06 after 20 iterations 

Warning: Full linear solver tolerance not achieved. The reduction is:1.26787e-05 after 20 iterations 

Warning: Full linear solver tolerance not achieved. The reduction is:5.30896e-06 after 20 iterations 

Warning: Full linear solver tolerance not achieved. The reduction is:1.26773e-05 after 20 iterations 

Warning: Full linear solver tolerance not achieved. The reduction is:5.31088e-06 after 20 iterations 

Warning: Full linear solver tolerance not achieved. The reduction is:2.08123e-05 after 20 iterations 

Warning: Full linear solver tolerance not achieved. The reduction is:9.41606e-06 after 20 iterations 

Warning: Full linear solver tolerance not achieved. The reduction is:2.02158e-05 after 20 iterations 

Warning: Full linear solver tolerance not achieved. The reduction is:9.23066e-06 after 20 iterations 

Warning: Full linear solver tolerance not achieved. The reduction is:3.13442e-05 after 20 iterations 

Warning: Full linear solver tolerance not achieved. The reduction is:9.61982e-06 after 20 iterations 

Warning: Full linear solver tolerance not achieved. The reduction is:2.02055e-05 after 20 iterations 

Warning: Full linear solver tolerance not achieved. The reduction is:9.50842e-06 after 20 iterations 

Warning: Full linear solver tolerance not achieved. The reduction is:3.13064e-05 after 20 iterations 

Problem: Solver convergence failure - Iteration limit reached
Timestep chopped to 0.000046 days


Starting time step 1, stepsize 4.60625e-05 days, at day 0.170485/0.170625, date = 01-Jan-2025
 Newton its= 5, linearizations= 6 (0.1sec), linear its= 68 (0.8sec)

Starting time step 2, stepsize 9.35208e-05 days, at day 0.170531/0.170625, date = 01-Jan-2025
 Newton its= 4, linearizations= 5 (0.1sec), linear its= 59 (1.0sec)

Report step 819/1000 at day 0.170625/0.208333, date = 01-Jan-2025

Starting time step 0, stepsize 0.000208333 days, at day 0.170625/0.170833, date = 01-Jan-2025

Warning: Full linear solver tolerance not achieved. The reduction is:0.000142223 after 20 iterations 

Warning: Full linear solver tolerance not achieved. The reduction is:1.73732e-05 after 20 iterations 

Warning: Full linear solver tolerance not achieved. The reduction is:1.76461e-05 after 20 iterations 

Warning: Full linear solver tolerance not achieved. The reduction is:3.60835e-05 after 20 iterations 

Warning: Full linear solver tolerance not achieved. The reduction is:9.68554e-06 after 20 iterations 

Warning: Full linear solver tolerance not achieved. The reduction is:1.03399e-05 after 20 iterations 

Warning: Full linear solver tolerance not achieved. The reduction is:5.3239e-06 after 20 iterations 

Warning: Full linear solver tolerance not achieved. The reduction is:1.31845e-05 after 20 iterations 

Warning: Full linear solver tolerance not achieved. The reduction is:0.000115484 after 20 iterations 

Warning: Full linear solver tolerance not achieved. The reduction is:6.80378e-06 after 20 iterations 

Problem: Solver convergence failure - Iteration limit reached
Timestep chopped to 0.000069 days


Starting time step 0, stepsize 6.875e-05 days, at day 0.170625/0.170833, date = 01-Jan-2025
 Newton its= 4, linearizations= 5 (0.1sec), linear its= 55 (0.6sec)

Starting time step 1, stepsize 0.000139583 days, at day 0.170694/0.170833, date = 01-Jan-2025

Warning: Full linear solver tolerance not achieved. The reduction is:7.06944e-06 after 20 iterations 
 Newton its= 5, linearizations= 6 (0.1sec), linear its= 84 (1.0sec)

Report step 820/1000 at day 0.170833/0.208333, date = 01-Jan-2025

Starting time step 0, stepsize 0.000208333 days, at day 0.170833/0.171042, date = 01-Jan-2025

Warning: Full linear solver tolerance not achieved. The reduction is:6.94675e-05 after 20 iterations 

Warning: Full linear solver tolerance not achieved. The reduction is:0.000198214 after 20 iterations 
 Newton its=12, linearizations=13 (0.2sec), linear its=173 (2.0sec)

Report step 821/1000 at day 0.171042/0.208333, date = 01-Jan-2025

Starting time step 0, stepsize 0.000208333 days, at day 0.171042/0.17125, date = 01-Jan-2025

Warning: Full linear solver tolerance not achieved. The reduction is:7.01909e-05 after 20 iterations 

Warning: Full linear solver tolerance not achieved. The reduction is:7.88658e-06 after 20 iterations 

Warning: Full linear solver tolerance not achieved. The reduction is:5.18437e-06 after 20 iterations 

Warning: Full linear solver tolerance not achieved. The reduction is:5.77938e-06 after 20 iterations 

Warning: Full linear solver tolerance not achieved. The reduction is:1.69404e-05 after 20 iterations 

Warning: Full linear solver tolerance not achieved. The reduction is:8.69972e-06 after 20 iterations 

Warning: Full linear solver tolerance not achieved. The reduction is:1.46991e-05 after 20 iterations 

Warning: Full linear solver tolerance not achieved. The reduction is:8.64539e-06 after 20 iterations 

Warning: Full linear solver tolerance not achieved. The reduction is:7.12184e-06 after 20 iterations 

Warning: Full linear solver tolerance not achieved. The reduction is:6.64887e-05 after 20 iterations 

Warning: Full linear solver tolerance not achieved. The reduction is:8.85503e-06 after 20 iterations 

Warning: Full linear solver tolerance not achieved. The reduction is:5.82535e-05 after 20 iterations 

Warning: Full linear solver tolerance not achieved. The reduction is:8.86198e-06 after 20 iterations 

Warning: Full linear solver tolerance not achieved. The reduction is:5.92078e-05 after 20 iterations 

Warning: Full linear solver tolerance not achieved. The reduction is:8.86136e-06 after 20 iterations 

Warning: Full linear solver tolerance not achieved. The reduction is:7.71675e-05 after 20 iterations 

Warning: Full linear solver tolerance not achieved. The reduction is:8.84614e-06 after 20 iterations 

Warning: Full linear solver tolerance not achieved. The reduction is:7.79167e-05 after 20 iterations 

Warning: Full linear solver tolerance not achieved. The reduction is:8.84545e-06 after 20 iterations 

Warning: Full linear solver tolerance not achieved. The reduction is:9.38074e-05 after 20 iterations 

Problem: Solver convergence failure - Iteration limit reached
Timestep chopped to 0.000069 days


Starting time step 0, stepsize 6.875e-05 days, at day 0.171042/0.17125, date = 01-Jan-2025
 Newton its= 3, linearizations= 4 (0.1sec), linear its= 48 (0.5sec)

Starting time step 1, stepsize 0.000139583 days, at day 0.17111/0.17125, date = 01-Jan-2025

Warning: Full linear solver tolerance not achieved. The reduction is:1.18508e-05 after 20 iterations 
 Newton its= 3, linearizations= 4 (0.1sec), linear its= 54 (0.6sec)

Report step 822/1000 at day 0.17125/0.208333, date = 01-Jan-2025

Starting time step 0, stepsize 0.000208333 days, at day 0.17125/0.171458, date = 01-Jan-2025

Warning: Full linear solver tolerance not achieved. The reduction is:2.27238e-05 after 20 iterations 

Warning: Full linear solver tolerance not achieved. The reduction is:7.82695e-06 after 20 iterations 
 Newton its= 6, linearizations= 7 (0.1sec), linear its=110 (1.2sec)

Report step 823/1000 at day 0.171458/0.208333, date = 01-Jan-2025

Starting time step 0, stepsize 0.000208333 days, at day 0.171458/0.171667, date = 01-Jan-2025

Warning: Full linear solver tolerance not achieved. The reduction is:6.23629e-05 after 20 iterations 

Warning: Full linear solver tolerance not achieved. The reduction is:6.05215e-06 after 20 iterations 

Warning: Full linear solver tolerance not achieved. The reduction is:5.94088e-06 after 20 iterations 

Warning: Full linear solver tolerance not achieved. The reduction is:1.22317e-05 after 20 iterations 

Warning: Full linear solver tolerance not achieved. The reduction is:3.27524e-05 after 20 iterations 

Warning: Full linear solver tolerance not achieved. The reduction is:6.64339e-06 after 20 iterations 
 Newton its= 9, linearizations=10 (0.2sec), linear its=169 (1.9sec)

Report step 824/1000 at day 0.171667/0.208333, date = 01-Jan-2025

Starting time step 0, stepsize 0.000208333 days, at day 0.171667/0.171875, date = 01-Jan-2025

Warning: Full linear solver tolerance not achieved. The reduction is:3.77519e-05 after 20 iterations 
 Newton its= 7, linearizations= 8 (0.1sec), linear its=123 (1.4sec)

Report step 825/1000 at day 0.171875/0.208333, date = 01-Jan-2025

Starting time step 0, stepsize 0.000208333 days, at day 0.171875/0.172083, date = 01-Jan-2025

Warning: Full linear solver tolerance not achieved. The reduction is:1.00944e-05 after 20 iterations 
 Newton its= 6, linearizations= 7 (0.1sec), linear its= 91 (1.1sec)

Report step 826/1000 at day 0.172083/0.208333, date = 01-Jan-2025

Starting time step 0, stepsize 0.000208333 days, at day 0.172083/0.172292, date = 01-Jan-2025

Warning: Full linear solver tolerance not achieved. The reduction is:9.64465e-05 after 20 iterations 

Warning: Full linear solver tolerance not achieved. The reduction is:6.89423e-06 after 20 iterations 

Warning: Full linear solver tolerance not achieved. The reduction is:1.51464e-05 after 20 iterations 
 Newton its= 8, linearizations= 9 (0.2sec), linear its=129 (1.5sec)

Report step 827/1000 at day 0.172292/0.208333, date = 01-Jan-2025

Starting time step 0, stepsize 0.000208333 days, at day 0.172292/0.1725, date = 01-Jan-2025

Warning: Full linear solver tolerance not achieved. The reduction is:9.41442e-06 after 20 iterations 

Warning: Full linear solver tolerance not achieved. The reduction is:1.59992e-05 after 20 iterations 

Warning: Full linear solver tolerance not achieved. The reduction is:1.27396e-05 after 20 iterations 
    Oscillating behavior detected: Relaxation set to 0.900000

Warning: Full linear solver tolerance not achieved. The reduction is:1.44411e-05 after 20 iterations 
 Newton its=13, linearizations=14 (0.2sec), linear its=232 (2.6sec)

Report step 828/1000 at day 0.1725/0.208333, date = 01-Jan-2025

Starting time step 0, stepsize 0.000208333 days, at day 0.1725/0.172708, date = 01-Jan-2025

Warning: Full linear solver tolerance not achieved. The reduction is:7.42529e-05 after 20 iterations 

Warning: Full linear solver tolerance not achieved. The reduction is:1.77039e-05 after 20 iterations 
 Newton its= 6, linearizations= 7 (0.1sec), linear its=109 (1.2sec)

Report step 829/1000 at day 0.172708/0.208333, date = 01-Jan-2025

Starting time step 0, stepsize 0.000208333 days, at day 0.172708/0.172917, date = 01-Jan-2025

Warning: Full linear solver tolerance not achieved. The reduction is:4.01713e-05 after 20 iterations 

Warning: Full linear solver tolerance not achieved. The reduction is:2.15538e-05 after 20 iterations 
 Newton its= 9, linearizations=10 (0.2sec), linear its=154 (1.7sec)

Report step 830/1000 at day 0.172917/0.208333, date = 01-Jan-2025

Starting time step 0, stepsize 0.000208333 days, at day 0.172917/0.173125, date = 01-Jan-2025

Warning: Full linear solver tolerance not achieved. The reduction is:3.87632e-05 after 20 iterations 

Warning: Full linear solver tolerance not achieved. The reduction is:3.83505e-05 after 20 iterations 

Warning: Full linear solver tolerance not achieved. The reduction is:9.29e-06 after 20 iterations 
 Newton its= 6, linearizations= 7 (0.1sec), linear its=108 (1.2sec)

Report step 831/1000 at day 0.173125/0.208333, date = 01-Jan-2025

Starting time step 0, stepsize 0.000208333 days, at day 0.173125/0.173333, date = 01-Jan-2025

Warning: Full linear solver tolerance not achieved. The reduction is:7.39929e-05 after 20 iterations 
 Newton its= 9, linearizations=10 (0.2sec), linear its=156 (1.8sec)

Report step 832/1000 at day 0.173333/0.208333, date = 01-Jan-2025

Starting time step 0, stepsize 0.000208333 days, at day 0.173333/0.173542, date = 01-Jan-2025

Warning: Full linear solver tolerance not achieved. The reduction is:1.8696e-05 after 20 iterations 

Warning: Full linear solver tolerance not achieved. The reduction is:1.07178e-05 after 20 iterations 

Warning: Full linear solver tolerance not achieved. The reduction is:1.28566e-05 after 20 iterations 

Warning: Full linear solver tolerance not achieved. The reduction is:1.58156e-05 after 20 iterations 

Warning: Full linear solver tolerance not achieved. The reduction is:1.45357e-05 after 20 iterations 

Warning: Full linear solver tolerance not achieved. The reduction is:1.41219e-05 after 20 iterations 

Warning: Full linear solver tolerance not achieved. The reduction is:1.77189e-05 after 20 iterations 

Warning: Full linear solver tolerance not achieved. The reduction is:1.64893e-05 after 20 iterations 

Warning: Full linear solver tolerance not achieved. The reduction is:1.25372e-05 after 20 iterations 

Warning: Full linear solver tolerance not achieved. The reduction is:1.00799e-05 after 20 iterations 

Warning: Full linear solver tolerance not achieved. The reduction is:2.24709e-05 after 20 iterations 

Warning: Full linear solver tolerance not achieved. The reduction is:0.000308379 after 20 iterations 

Warning: Full linear solver tolerance not achieved. The reduction is:1.95206e-05 after 20 iterations 

Warning: Full linear solver tolerance not achieved. The reduction is:2.27766e-05 after 20 iterations 

Warning: Full linear solver tolerance not achieved. The reduction is:0.000297923 after 20 iterations 

Warning: Full linear solver tolerance not achieved. The reduction is:1.58195e-05 after 20 iterations 

Warning: Full linear solver tolerance not achieved. The reduction is:2.29575e-05 after 20 iterations 

Warning: Full linear solver tolerance not achieved. The reduction is:0.000294567 after 20 iterations 

Warning: Full linear solver tolerance not achieved. The reduction is:1.33494e-05 after 20 iterations 

Problem: Solver convergence failure - Iteration limit reached
Timestep chopped to 0.000069 days


Starting time step 0, stepsize 6.875e-05 days, at day 0.173333/0.173542, date = 01-Jan-2025
 Newton its= 5, linearizations= 6 (0.1sec), linear its= 76 (0.9sec)

Starting time step 1, stepsize 0.000139583 days, at day 0.173402/0.173542, date = 01-Jan-2025

Warning: Full linear solver tolerance not achieved. The reduction is:1.30651e-05 after 20 iterations 

Warning: Full linear solver tolerance not achieved. The reduction is:2.43165e-05 after 20 iterations 

Problem: Solver convergence failure - Iteration limit reached
Timestep chopped to 0.000046 days


Starting time step 1, stepsize 4.60625e-05 days, at day 0.173402/0.173542, date = 01-Jan-2025
 Newton its= 3, linearizations= 4 (0.1sec), linear its= 39 (0.4sec)

Starting time step 2, stepsize 9.35208e-05 days, at day 0.173448/0.173542, date = 01-Jan-2025
 Newton its= 6, linearizations= 7 (0.1sec), linear its= 94 (1.1sec)

Report step 833/1000 at day 0.173542/0.208333, date = 01-Jan-2025

Starting time step 0, stepsize 0.000208333 days, at day 0.173542/0.17375, date = 01-Jan-2025

Warning: Full linear solver tolerance not achieved. The reduction is:1.14924e-05 after 20 iterations 

Warning: Full linear solver tolerance not achieved. The reduction is:6.01241e-06 after 20 iterations 
 Newton its=11, linearizations=12 (0.2sec), linear its=188 (2.1sec)

Report step 834/1000 at day 0.17375/0.208333, date = 01-Jan-2025

Starting time step 0, stepsize 0.000208333 days, at day 0.17375/0.173958, date = 01-Jan-2025

Warning: Full linear solver tolerance not achieved. The reduction is:1.00522e-05 after 20 iterations 

Warning: Full linear solver tolerance not achieved. The reduction is:5.57984e-06 after 20 iterations 

Warning: Full linear solver tolerance not achieved. The reduction is:4.54667e-05 after 20 iterations 
 Newton its= 6, linearizations= 7 (0.1sec), linear its=108 (1.2sec)

Report step 835/1000 at day 0.173958/0.208333, date = 01-Jan-2025

Starting time step 0, stepsize 0.000208333 days, at day 0.173958/0.174167, date = 01-Jan-2025

Warning: Full linear solver tolerance not achieved. The reduction is:6.19908e-05 after 20 iterations 
 Newton its=10, linearizations=11 (0.2sec), linear its=167 (1.9sec)

Report step 836/1000 at day 0.174167/0.208333, date = 01-Jan-2025

Starting time step 0, stepsize 0.000208333 days, at day 0.174167/0.174375, date = 01-Jan-2025

Warning: Full linear solver tolerance not achieved. The reduction is:6.52129e-06 after 20 iterations 

Problem: Solver convergence failure - Iteration limit reached
Timestep chopped to 0.000069 days


Starting time step 0, stepsize 6.875e-05 days, at day 0.174167/0.174375, date = 01-Jan-2025
 Newton its= 6, linearizations= 7 (0.1sec), linear its= 86 (1.0sec)

Starting time step 1, stepsize 6.97917e-05 days, at day 0.174235/0.174375, date = 01-Jan-2025
 Newton its= 4, linearizations= 5 (0.1sec), linear its= 62 (0.7sec)

Starting time step 2, stepsize 6.97917e-05 days, at day 0.174305/0.174375, date = 01-Jan-2025
 Newton its= 5, linearizations= 6 (0.1sec), linear its= 73 (0.8sec)

Report step 837/1000 at day 0.174375/0.208333, date = 01-Jan-2025

Starting time step 0, stepsize 0.000208333 days, at day 0.174375/0.174583, date = 01-Jan-2025

Warning: Full linear solver tolerance not achieved. The reduction is:7.0272e-06 after 20 iterations 

Warning: Full linear solver tolerance not achieved. The reduction is:7.50241e-06 after 20 iterations 

Warning: Full linear solver tolerance not achieved. The reduction is:6.18594e-06 after 20 iterations 

Warning: Full linear solver tolerance not achieved. The reduction is:6.20302e-06 after 20 iterations 

Warning: Full linear solver tolerance not achieved. The reduction is:1.04907e-05 after 20 iterations 

Warning: Full linear solver tolerance not achieved. The reduction is:9.63405e-06 after 20 iterations 

Warning: Full linear solver tolerance not achieved. The reduction is:1.24706e-05 after 20 iterations 

Warning: Full linear solver tolerance not achieved. The reduction is:5.32081e-06 after 20 iterations 

Warning: Full linear solver tolerance not achieved. The reduction is:1.07542e-05 after 20 iterations 

Warning: Full linear solver tolerance not achieved. The reduction is:1.95506e-05 after 20 iterations 

Warning: Full linear solver tolerance not achieved. The reduction is:1.14212e-05 after 20 iterations 

Warning: Full linear solver tolerance not achieved. The reduction is:5.26886e-06 after 20 iterations 

Warning: Full linear solver tolerance not achieved. The reduction is:1.07311e-05 after 20 iterations 

Warning: Full linear solver tolerance not achieved. The reduction is:1.09067e-05 after 20 iterations 

Warning: Full linear solver tolerance not achieved. The reduction is:1.37477e-05 after 20 iterations 

Warning: Full linear solver tolerance not achieved. The reduction is:1.07574e-05 after 20 iterations 

Warning: Full linear solver tolerance not achieved. The reduction is:6.83281e-06 after 20 iterations 

Warning: Full linear solver tolerance not achieved. The reduction is:6.86531e-06 after 20 iterations 

Warning: Full linear solver tolerance not achieved. The reduction is:8.2678e-06 after 20 iterations 

Warning: Full linear solver tolerance not achieved. The reduction is:6.76774e-06 after 20 iterations 

Warning: Full linear solver tolerance not achieved. The reduction is:6.85726e-06 after 20 iterations 

Warning: Full linear solver tolerance not achieved. The reduction is:8.26833e-06 after 20 iterations 

Warning: Full linear solver tolerance not achieved. The reduction is:6.77296e-06 after 20 iterations 

Warning: Full linear solver tolerance not achieved. The reduction is:6.86088e-06 after 20 iterations 

Warning: Full linear solver tolerance not achieved. The reduction is:8.26804e-06 after 20 iterations 

Warning: Full linear solver tolerance not achieved. The reduction is:6.7655e-06 after 20 iterations 

Problem: Solver convergence failure - Iteration limit reached
Timestep chopped to 0.000069 days


Starting time step 0, stepsize 6.875e-05 days, at day 0.174375/0.174583, date = 01-Jan-2025
 Newton its= 7, linearizations= 8 (0.1sec), linear its=102 (1.2sec)

Starting time step 1, stepsize 6.97917e-05 days, at day 0.174444/0.174583, date = 01-Jan-2025
 Newton its= 5, linearizations= 6 (0.1sec), linear its= 68 (0.8sec)

Starting time step 2, stepsize 6.97917e-05 days, at day 0.174514/0.174583, date = 01-Jan-2025
 Newton its= 4, linearizations= 5 (0.1sec), linear its= 60 (0.7sec)

Report step 838/1000 at day 0.174583/0.208333, date = 01-Jan-2025

Starting time step 0, stepsize 0.000208333 days, at day 0.174583/0.174792, date = 01-Jan-2025

Warning: Full linear solver tolerance not achieved. The reduction is:0.000246871 after 20 iterations 

Warning: Full linear solver tolerance not achieved. The reduction is:8.48026e-06 after 20 iterations 

Warning: Full linear solver tolerance not achieved. The reduction is:9.69823e-06 after 20 iterations 

Warning: Full linear solver tolerance not achieved. The reduction is:8.03693e-06 after 20 iterations 

Warning: Full linear solver tolerance not achieved. The reduction is:6.35281e-06 after 20 iterations 

Warning: Full linear solver tolerance not achieved. The reduction is:9.3734e-06 after 20 iterations 

Warning: Full linear solver tolerance not achieved. The reduction is:6.38751e-05 after 20 iterations 

Warning: Full linear solver tolerance not achieved. The reduction is:6.94562e-06 after 20 iterations 

Warning: Full linear solver tolerance not achieved. The reduction is:5.33924e-06 after 20 iterations 

Warning: Full linear solver tolerance not achieved. The reduction is:2.09545e-05 after 20 iterations 

Warning: Full linear solver tolerance not achieved. The reduction is:5.11644e-06 after 20 iterations 

Warning: Full linear solver tolerance not achieved. The reduction is:8.35635e-06 after 20 iterations 

Warning: Full linear solver tolerance not achieved. The reduction is:1.69049e-05 after 20 iterations 

Problem: Solver convergence failure - Iteration limit reached
Timestep chopped to 0.000069 days


Starting time step 0, stepsize 6.875e-05 days, at day 0.174583/0.174792, date = 01-Jan-2025
    Oscillating behavior detected: Relaxation set to 0.900000
 Newton its= 5, linearizations= 6 (0.1sec), linear its= 76 (0.9sec)

Starting time step 1, stepsize 0.000139583 days, at day 0.174652/0.174792, date = 01-Jan-2025

Warning: Full linear solver tolerance not achieved. The reduction is:2.17042e-05 after 20 iterations 
 Newton its= 7, linearizations= 8 (0.1sec), linear its=119 (1.3sec)

Report step 839/1000 at day 0.174792/0.208333, date = 01-Jan-2025

Starting time step 0, stepsize 0.000208333 days, at day 0.174792/0.175, date = 01-Jan-2025

Warning: Full linear solver tolerance not achieved. The reduction is:9.943e-06 after 20 iterations 

Warning: Full linear solver tolerance not achieved. The reduction is:8.97881e-05 after 20 iterations 

Warning: Full linear solver tolerance not achieved. The reduction is:1.10493e-05 after 20 iterations 

Warning: Full linear solver tolerance not achieved. The reduction is:6.22999e-06 after 20 iterations 

Warning: Full linear solver tolerance not achieved. The reduction is:2.12965e-05 after 20 iterations 

Warning: Full linear solver tolerance not achieved. The reduction is:1.01447e-05 after 20 iterations 

Warning: Full linear solver tolerance not achieved. The reduction is:6.79684e-06 after 20 iterations 

Warning: Full linear solver tolerance not achieved. The reduction is:5.44262e-06 after 20 iterations 

Warning: Full linear solver tolerance not achieved. The reduction is:6.05658e-06 after 20 iterations 

Warning: Full linear solver tolerance not achieved. The reduction is:1.31597e-05 after 20 iterations 

Warning: Full linear solver tolerance not achieved. The reduction is:1.16319e-05 after 20 iterations 

Warning: Full linear solver tolerance not achieved. The reduction is:3.44129e-05 after 20 iterations 

Warning: Full linear solver tolerance not achieved. The reduction is:7.93822e-05 after 20 iterations 

Warning: Full linear solver tolerance not achieved. The reduction is:6.49904e-06 after 20 iterations 

Warning: Full linear solver tolerance not achieved. The reduction is:7.20904e-06 after 20 iterations 

Warning: Full linear solver tolerance not achieved. The reduction is:2.63772e-05 after 20 iterations 

Warning: Full linear solver tolerance not achieved. The reduction is:1.15606e-05 after 20 iterations 

Warning: Full linear solver tolerance not achieved. The reduction is:1.09477e-05 after 20 iterations 

Warning: Full linear solver tolerance not achieved. The reduction is:7.89017e-06 after 20 iterations 

Problem: Solver convergence failure - Iteration limit reached
Timestep chopped to 0.000069 days


Starting time step 0, stepsize 6.875e-05 days, at day 0.174792/0.175, date = 01-Jan-2025
 Newton its= 6, linearizations= 7 (0.1sec), linear its= 99 (1.2sec)

Starting time step 1, stepsize 6.97917e-05 days, at day 0.17486/0.175, date = 01-Jan-2025
 Newton its= 5, linearizations= 6 (0.1sec), linear its= 66 (0.7sec)

Starting time step 2, stepsize 6.97917e-05 days, at day 0.17493/0.175, date = 01-Jan-2025
 Newton its= 7, linearizations= 8 (0.1sec), linear its=102 (1.2sec)

Report step 840/1000 at day 0.175/0.208333, date = 01-Jan-2025

Starting time step 0, stepsize 0.000208333 days, at day 0.175/0.175208, date = 01-Jan-2025

Warning: Full linear solver tolerance not achieved. The reduction is:2.79183e-05 after 20 iterations 

Warning: Full linear solver tolerance not achieved. The reduction is:1.95803e-05 after 20 iterations 

Warning: Full linear solver tolerance not achieved. The reduction is:7.28758e-06 after 20 iterations 

Warning: Full linear solver tolerance not achieved. The reduction is:9.50647e-06 after 20 iterations 

Warning: Full linear solver tolerance not achieved. The reduction is:6.63379e-06 after 20 iterations 

Warning: Full linear solver tolerance not achieved. The reduction is:2.20481e-05 after 20 iterations 

Warning: Full linear solver tolerance not achieved. The reduction is:8.42047e-06 after 20 iterations 

Warning: Full linear solver tolerance not achieved. The reduction is:6.97605e-06 after 20 iterations 

Warning: Full linear solver tolerance not achieved. The reduction is:2.22596e-05 after 20 iterations 

Warning: Full linear solver tolerance not achieved. The reduction is:8.38998e-06 after 20 iterations 

Warning: Full linear solver tolerance not achieved. The reduction is:6.82323e-06 after 20 iterations 

Warning: Full linear solver tolerance not achieved. The reduction is:2.28987e-05 after 20 iterations 

Warning: Full linear solver tolerance not achieved. The reduction is:6.08757e-06 after 20 iterations 

Warning: Full linear solver tolerance not achieved. The reduction is:1.2116e-05 after 20 iterations 

Warning: Full linear solver tolerance not achieved. The reduction is:0.000131988 after 20 iterations 

Warning: Full linear solver tolerance not achieved. The reduction is:2.23938e-05 after 20 iterations 

Problem: Solver convergence failure - Iteration limit reached
Timestep chopped to 0.000069 days


Starting time step 0, stepsize 6.875e-05 days, at day 0.175/0.175208, date = 01-Jan-2025
 Newton its= 4, linearizations= 5 (0.1sec), linear its= 53 (0.7sec)

Starting time step 1, stepsize 0.000139583 days, at day 0.175069/0.175208, date = 01-Jan-2025

Warning: Full linear solver tolerance not achieved. The reduction is:1.41709e-05 after 20 iterations 

Warning: Full linear solver tolerance not achieved. The reduction is:1.42715e-05 after 20 iterations 

Warning: Full linear solver tolerance not achieved. The reduction is:5.22349e-05 after 20 iterations 

Warning: Full linear solver tolerance not achieved. The reduction is:7.0609e-06 after 20 iterations 

Warning: Full linear solver tolerance not achieved. The reduction is:1.20931e-05 after 20 iterations 

Warning: Full linear solver tolerance not achieved. The reduction is:7.64264e-06 after 20 iterations 

Warning: Full linear solver tolerance not achieved. The reduction is:5.61911e-05 after 20 iterations 

Warning: Full linear solver tolerance not achieved. The reduction is:5.60855e-05 after 20 iterations 

Warning: Full linear solver tolerance not achieved. The reduction is:0.000130549 after 20 iterations 

Warning: Full linear solver tolerance not achieved. The reduction is:6.13279e-05 after 20 iterations 

Warning: Full linear solver tolerance not achieved. The reduction is:3.33017e-05 after 20 iterations 

Warning: Full linear solver tolerance not achieved. The reduction is:1.69086e-05 after 20 iterations 

Warning: Full linear solver tolerance not achieved. The reduction is:5.09224e-05 after 20 iterations 

Warning: Full linear solver tolerance not achieved. The reduction is:0.000130904 after 20 iterations 

Warning: Full linear solver tolerance not achieved. The reduction is:6.44302e-05 after 20 iterations 

Warning: Full linear solver tolerance not achieved. The reduction is:3.31266e-05 after 20 iterations 

Warning: Full linear solver tolerance not achieved. The reduction is:2.01904e-05 after 20 iterations 

Warning: Full linear solver tolerance not achieved. The reduction is:5.9371e-06 after 20 iterations 

Warning: Full linear solver tolerance not achieved. The reduction is:3.58548e-05 after 20 iterations 

Warning: Full linear solver tolerance not achieved. The reduction is:7.13599e-06 after 20 iterations 

Warning: Full linear solver tolerance not achieved. The reduction is:1.26647e-05 after 20 iterations 

Problem: Solver convergence failure - Iteration limit reached
Timestep chopped to 0.000046 days


Starting time step 1, stepsize 4.60625e-05 days, at day 0.175069/0.175208, date = 01-Jan-2025
 Newton its= 5, linearizations= 6 (0.1sec), linear its= 70 (0.8sec)

Starting time step 2, stepsize 9.35208e-05 days, at day 0.175115/0.175208, date = 01-Jan-2025

Warning: Full linear solver tolerance not achieved. The reduction is:3.24628e-05 after 20 iterations 
    Oscillating behavior detected: Relaxation set to 0.900000
    Oscillating behavior detected: Relaxation set to 0.800000

Warning: Full linear solver tolerance not achieved. The reduction is:0.000816088 after 20 iterations 
 Newton its=11, linearizations=12 (0.2sec), linear its=191 (2.1sec)

Report step 841/1000 at day 0.175208/0.208333, date = 01-Jan-2025

Starting time step 0, stepsize 0.000208333 days, at day 0.175208/0.175417, date = 01-Jan-2025
 Newton its=10, linearizations=11 (0.2sec), linear its=167 (2.0sec)

Report step 842/1000 at day 0.175417/0.208333, date = 01-Jan-2025

Starting time step 0, stepsize 0.000208333 days, at day 0.175417/0.175625, date = 01-Jan-2025

Warning: Full linear solver tolerance not achieved. The reduction is:1.38106e-05 after 20 iterations 
 Newton its= 9, linearizations=10 (0.2sec), linear its=162 (1.8sec)

Report step 843/1000 at day 0.175625/0.208333, date = 01-Jan-2025

Starting time step 0, stepsize 0.000208333 days, at day 0.175625/0.175833, date = 01-Jan-2025

Warning: Full linear solver tolerance not achieved. The reduction is:6.76444e-06 after 20 iterations 

Warning: Full linear solver tolerance not achieved. The reduction is:3.32e-05 after 20 iterations 
 Newton its=10, linearizations=11 (0.2sec), linear its=167 (1.8sec)

Report step 844/1000 at day 0.175833/0.208333, date = 01-Jan-2025

Starting time step 0, stepsize 0.000208333 days, at day 0.175833/0.176042, date = 01-Jan-2025

Warning: Full linear solver tolerance not achieved. The reduction is:1.84474e-05 after 20 iterations 

Warning: Full linear solver tolerance not achieved. The reduction is:1.62093e-05 after 20 iterations 

Warning: Full linear solver tolerance not achieved. The reduction is:7.23182e-06 after 20 iterations 

Warning: Full linear solver tolerance not achieved. The reduction is:1.97724e-05 after 20 iterations 
 Newton its= 8, linearizations= 9 (0.2sec), linear its=142 (1.6sec)

Report step 845/1000 at day 0.176042/0.208333, date = 01-Jan-2025

Starting time step 0, stepsize 0.000208333 days, at day 0.176042/0.17625, date = 01-Jan-2025

Warning: Full linear solver tolerance not achieved. The reduction is:1.19528e-05 after 20 iterations 

Warning: Full linear solver tolerance not achieved. The reduction is:9.47516e-06 after 20 iterations 

Warning: Full linear solver tolerance not achieved. The reduction is:3.01057e-05 after 20 iterations 

Warning: Full linear solver tolerance not achieved. The reduction is:9.35409e-06 after 20 iterations 

Warning: Full linear solver tolerance not achieved. The reduction is:2.59824e-05 after 20 iterations 

Warning: Full linear solver tolerance not achieved. The reduction is:9.32333e-06 after 20 iterations 
    Oscillating behavior detected: Relaxation set to 0.900000

Warning: Full linear solver tolerance not achieved. The reduction is:1.9766e-05 after 20 iterations 
    Oscillating behavior detected: Relaxation set to 0.800000
 Newton its=14, linearizations=15 (0.3sec), linear its=260 (3.0sec)

Report step 846/1000 at day 0.17625/0.208333, date = 01-Jan-2025

Starting time step 0, stepsize 0.000208333 days, at day 0.17625/0.176458, date = 01-Jan-2025

Warning: Full linear solver tolerance not achieved. The reduction is:1.45791e-05 after 20 iterations 

Warning: Full linear solver tolerance not achieved. The reduction is:5.54333e-05 after 20 iterations 

Warning: Full linear solver tolerance not achieved. The reduction is:1.16258e-05 after 20 iterations 
 Newton its=11, linearizations=12 (0.2sec), linear its=192 (2.2sec)

Report step 847/1000 at day 0.176458/0.208333, date = 01-Jan-2025

Starting time step 0, stepsize 0.000208333 days, at day 0.176458/0.176667, date = 01-Jan-2025

Warning: Full linear solver tolerance not achieved. The reduction is:0.000440154 after 20 iterations 

Warning: Full linear solver tolerance not achieved. The reduction is:5.32175e-06 after 20 iterations 

Warning: Full linear solver tolerance not achieved. The reduction is:5.04679e-06 after 20 iterations 

Warning: Full linear solver tolerance not achieved. The reduction is:1.94615e-05 after 20 iterations 

Warning: Full linear solver tolerance not achieved. The reduction is:8.35298e-06 after 20 iterations 

Warning: Full linear solver tolerance not achieved. The reduction is:1.36467e-05 after 20 iterations 

Warning: Full linear solver tolerance not achieved. The reduction is:1.09133e-05 after 20 iterations 

Warning: Full linear solver tolerance not achieved. The reduction is:2.9142e-05 after 20 iterations 

Warning: Full linear solver tolerance not achieved. The reduction is:1.09228e-05 after 20 iterations 

Warning: Full linear solver tolerance not achieved. The reduction is:0.000123981 after 20 iterations 

Warning: Full linear solver tolerance not achieved. The reduction is:1.09566e-05 after 20 iterations 

Warning: Full linear solver tolerance not achieved. The reduction is:4.92914e-05 after 20 iterations 

Warning: Full linear solver tolerance not achieved. The reduction is:1.09262e-05 after 20 iterations 

Warning: Full linear solver tolerance not achieved. The reduction is:8.42285e-05 after 20 iterations 

Warning: Full linear solver tolerance not achieved. The reduction is:1.09374e-05 after 20 iterations 

Warning: Full linear solver tolerance not achieved. The reduction is:2.73061e-05 after 20 iterations 

Warning: Full linear solver tolerance not achieved. The reduction is:1.09207e-05 after 20 iterations 

Warning: Full linear solver tolerance not achieved. The reduction is:0.000134641 after 20 iterations 

Warning: Full linear solver tolerance not achieved. The reduction is:1.09549e-05 after 20 iterations 

Problem: Solver convergence failure - Numerical problem encountered
Timestep chopped to 0.000069 days


Starting time step 0, stepsize 6.875e-05 days, at day 0.176458/0.176667, date = 01-Jan-2025
 Newton its= 8, linearizations= 9 (0.2sec), linear its=114 (1.2sec)

Starting time step 1, stepsize 6.875e-05 days, at day 0.176527/0.176667, date = 01-Jan-2025
 Newton its= 5, linearizations= 6 (0.1sec), linear its= 73 (0.8sec)

Starting time step 2, stepsize 7.08333e-05 days, at day 0.176596/0.176667, date = 01-Jan-2025
 Newton its= 8, linearizations= 9 (0.2sec), linear its=120 (1.2sec)

Report step 848/1000 at day 0.176667/0.208333, date = 01-Jan-2025

Starting time step 0, stepsize 0.000208333 days, at day 0.176667/0.176875, date = 01-Jan-2025

Warning: Full linear solver tolerance not achieved. The reduction is:4.53276e-05 after 20 iterations 
 Newton its= 8, linearizations= 9 (0.1sec), linear its=140 (1.4sec)

Report step 849/1000 at day 0.176875/0.208333, date = 01-Jan-2025

Starting time step 0, stepsize 0.000208333 days, at day 0.176875/0.177083, date = 01-Jan-2025

Warning: Full linear solver tolerance not achieved. The reduction is:1.30381e-05 after 20 iterations 

Warning: Full linear solver tolerance not achieved. The reduction is:6.66657e-05 after 20 iterations 
 Newton its= 8, linearizations= 9 (0.1sec), linear its=141 (1.5sec)

Report step 850/1000 at day 0.177083/0.208333, date = 01-Jan-2025

Starting time step 0, stepsize 0.000208333 days, at day 0.177083/0.177292, date = 01-Jan-2025

Warning: Full linear solver tolerance not achieved. The reduction is:1.43725e-05 after 20 iterations 

Warning: Full linear solver tolerance not achieved. The reduction is:0.000210486 after 20 iterations 

Warning: Full linear solver tolerance not achieved. The reduction is:0.000265458 after 20 iterations 

Warning: Full linear solver tolerance not achieved. The reduction is:8.10096e-06 after 20 iterations 
 Newton its=11, linearizations=12 (0.2sec), linear its=195 (2.1sec)

Report step 851/1000 at day 0.177292/0.208333, date = 01-Jan-2025

Starting time step 0, stepsize 0.000208333 days, at day 0.177292/0.1775, date = 01-Jan-2025

Warning: Full linear solver tolerance not achieved. The reduction is:4.83021e-05 after 20 iterations 

Warning: Full linear solver tolerance not achieved. The reduction is:2.95133e-05 after 20 iterations 

Warning: Full linear solver tolerance not achieved. The reduction is:9.95357e-06 after 20 iterations 

Warning: Full linear solver tolerance not achieved. The reduction is:3.79247e-05 after 20 iterations 

Warning: Full linear solver tolerance not achieved. The reduction is:3.73462e-05 after 20 iterations 

Warning: Full linear solver tolerance not achieved. The reduction is:0.000733486 after 20 iterations 

Warning: Full linear solver tolerance not achieved. The reduction is:0.000198448 after 20 iterations 

Warning: Full linear solver tolerance not achieved. The reduction is:0.000194138 after 20 iterations 

Warning: Full linear solver tolerance not achieved. The reduction is:0.000191489 after 20 iterations 

Warning: Full linear solver tolerance not achieved. The reduction is:0.000200627 after 20 iterations 

Warning: Full linear solver tolerance not achieved. The reduction is:0.000233049 after 20 iterations 

Warning: Full linear solver tolerance not achieved. The reduction is:0.000237899 after 20 iterations 

Warning: Full linear solver tolerance not achieved. The reduction is:0.000206819 after 20 iterations 

Warning: Full linear solver tolerance not achieved. The reduction is:0.000208598 after 20 iterations 

Warning: Full linear solver tolerance not achieved. The reduction is:0.000155679 after 20 iterations 

Warning: Full linear solver tolerance not achieved. The reduction is:0.000193791 after 20 iterations 

Problem: Solver convergence failure - Iteration limit reached
Timestep chopped to 0.000069 days


Starting time step 0, stepsize 6.875e-05 days, at day 0.177292/0.1775, date = 01-Jan-2025
 Newton its= 6, linearizations= 7 (0.1sec), linear its= 86 (0.9sec)

Starting time step 1, stepsize 6.97917e-05 days, at day 0.17736/0.1775, date = 01-Jan-2025
 Newton its= 9, linearizations=10 (0.2sec), linear its=127 (1.4sec)

Starting time step 2, stepsize 3.48958e-05 days, at day 0.17743/0.1775, date = 01-Jan-2025
 Newton its= 5, linearizations= 6 (0.1sec), linear its= 76 (0.9sec)

Starting time step 3, stepsize 3.48958e-05 days, at day 0.177465/0.1775, date = 01-Jan-2025
 Newton its= 2, linearizations= 3 (0.0sec), linear its= 28 (0.3sec)

Report step 852/1000 at day 0.1775/0.208333, date = 01-Jan-2025

Starting time step 0, stepsize 0.000208333 days, at day 0.1775/0.177708, date = 01-Jan-2025

Warning: Full linear solver tolerance not achieved. The reduction is:4.54593e-05 after 20 iterations 

Warning: Full linear solver tolerance not achieved. The reduction is:1.16474e-05 after 20 iterations 

Warning: Full linear solver tolerance not achieved. The reduction is:5.26722e-06 after 20 iterations 
 Newton its= 9, linearizations=10 (0.2sec), linear its=163 (1.6sec)

Report step 853/1000 at day 0.177708/0.208333, date = 01-Jan-2025

Starting time step 0, stepsize 0.000208333 days, at day 0.177708/0.177917, date = 01-Jan-2025

Warning: Full linear solver tolerance not achieved. The reduction is:1.73764e-05 after 20 iterations 

Warning: Full linear solver tolerance not achieved. The reduction is:9.61961e-06 after 20 iterations 

Warning: Full linear solver tolerance not achieved. The reduction is:1.9106e-05 after 20 iterations 

Warning: Full linear solver tolerance not achieved. The reduction is:2.2305e-05 after 20 iterations 

Warning: Full linear solver tolerance not achieved. The reduction is:1.67229e-05 after 20 iterations 

Warning: Full linear solver tolerance not achieved. The reduction is:8.65251e-06 after 20 iterations 

Warning: Full linear solver tolerance not achieved. The reduction is:9.12147e-06 after 20 iterations 

Warning: Full linear solver tolerance not achieved. The reduction is:6.68032e-06 after 20 iterations 

Warning: Full linear solver tolerance not achieved. The reduction is:2.70774e-05 after 20 iterations 

Warning: Full linear solver tolerance not achieved. The reduction is:1.7559e-05 after 20 iterations 

Warning: Full linear solver tolerance not achieved. The reduction is:1.33499e-05 after 20 iterations 

Warning: Full linear solver tolerance not achieved. The reduction is:8.87146e-06 after 20 iterations 

Warning: Full linear solver tolerance not achieved. The reduction is:1.05888e-05 after 20 iterations 

Warning: Full linear solver tolerance not achieved. The reduction is:3.52369e-05 after 20 iterations 

Warning: Full linear solver tolerance not achieved. The reduction is:6.21824e-06 after 20 iterations 

Warning: Full linear solver tolerance not achieved. The reduction is:2.87569e-05 after 20 iterations 

Warning: Full linear solver tolerance not achieved. The reduction is:5.97493e-05 after 20 iterations 

Warning: Full linear solver tolerance not achieved. The reduction is:8.15859e-06 after 20 iterations 

Warning: Full linear solver tolerance not achieved. The reduction is:1.06568e-05 after 20 iterations 

Warning: Full linear solver tolerance not achieved. The reduction is:3.52364e-05 after 20 iterations 

Warning: Full linear solver tolerance not achieved. The reduction is:6.21783e-06 after 20 iterations 

Warning: Full linear solver tolerance not achieved. The reduction is:2.88354e-05 after 20 iterations 

Warning: Full linear solver tolerance not achieved. The reduction is:5.97482e-05 after 20 iterations 

Warning: Full linear solver tolerance not achieved. The reduction is:8.1576e-06 after 20 iterations 

Warning: Full linear solver tolerance not achieved. The reduction is:1.06571e-05 after 20 iterations 

Problem: Solver convergence failure - Iteration limit reached
Timestep chopped to 0.000069 days


Starting time step 0, stepsize 6.875e-05 days, at day 0.177708/0.177917, date = 01-Jan-2025
 Newton its= 3, linearizations= 4 (0.1sec), linear its= 42 (0.5sec)

Starting time step 1, stepsize 0.000139583 days, at day 0.177777/0.177917, date = 01-Jan-2025

Warning: Full linear solver tolerance not achieved. The reduction is:1.44336e-05 after 20 iterations 

Warning: Full linear solver tolerance not achieved. The reduction is:1.12954e-05 after 20 iterations 

Problem: Solver convergence failure - Iteration limit reached
Timestep chopped to 0.000046 days


Starting time step 1, stepsize 4.60625e-05 days, at day 0.177777/0.177917, date = 01-Jan-2025
 Newton its= 1, linearizations= 2 (0.0sec), linear its= 14 (0.2sec)

Starting time step 2, stepsize 9.35208e-05 days, at day 0.177823/0.177917, date = 01-Jan-2025
 Newton its= 7, linearizations= 8 (0.1sec), linear its=101 (1.1sec)

Report step 854/1000 at day 0.177917/0.208333, date = 01-Jan-2025

Starting time step 0, stepsize 0.000208333 days, at day 0.177917/0.178125, date = 01-Jan-2025

Warning: Full linear solver tolerance not achieved. The reduction is:9.13221e-06 after 20 iterations 
 Newton its= 9, linearizations=10 (0.2sec), linear its=150 (1.6sec)

Report step 855/1000 at day 0.178125/0.208333, date = 01-Jan-2025

Starting time step 0, stepsize 0.000208333 days, at day 0.178125/0.178333, date = 01-Jan-2025

Warning: Full linear solver tolerance not achieved. The reduction is:5.17241e-06 after 20 iterations 
 Newton its= 9, linearizations=10 (0.2sec), linear its=147 (1.5sec)

Report step 856/1000 at day 0.178333/0.208333, date = 01-Jan-2025

Starting time step 0, stepsize 0.000208333 days, at day 0.178333/0.178542, date = 01-Jan-2025

Warning: Full linear solver tolerance not achieved. The reduction is:5.42838e-05 after 20 iterations 
 Newton its= 9, linearizations=10 (0.2sec), linear its=156 (1.7sec)

Report step 857/1000 at day 0.178542/0.208333, date = 01-Jan-2025

Starting time step 0, stepsize 0.000208333 days, at day 0.178542/0.17875, date = 01-Jan-2025

Warning: Full linear solver tolerance not achieved. The reduction is:6.33846e-06 after 20 iterations 

Warning: Full linear solver tolerance not achieved. The reduction is:1.33672e-05 after 20 iterations 

Warning: Full linear solver tolerance not achieved. The reduction is:5.71591e-06 after 20 iterations 

Warning: Full linear solver tolerance not achieved. The reduction is:2.27718e-05 after 20 iterations 

Warning: Full linear solver tolerance not achieved. The reduction is:5.54102e-06 after 20 iterations 

Warning: Full linear solver tolerance not achieved. The reduction is:2.27324e-05 after 20 iterations 

Warning: Full linear solver tolerance not achieved. The reduction is:5.54179e-06 after 20 iterations 

Warning: Full linear solver tolerance not achieved. The reduction is:2.27215e-05 after 20 iterations 

Warning: Full linear solver tolerance not achieved. The reduction is:5.54184e-06 after 20 iterations 

Warning: Full linear solver tolerance not achieved. The reduction is:2.2721e-05 after 20 iterations 

Warning: Full linear solver tolerance not achieved. The reduction is:5.54183e-06 after 20 iterations 

Warning: Full linear solver tolerance not achieved. The reduction is:2.27203e-05 after 20 iterations 

Warning: Full linear solver tolerance not achieved. The reduction is:5.54184e-06 after 20 iterations 

Warning: Full linear solver tolerance not achieved. The reduction is:2.27217e-05 after 20 iterations 

Warning: Full linear solver tolerance not achieved. The reduction is:5.54188e-06 after 20 iterations 

Warning: Full linear solver tolerance not achieved. The reduction is:2.27184e-05 after 20 iterations 

Warning: Full linear solver tolerance not achieved. The reduction is:5.54184e-06 after 20 iterations 

Warning: Full linear solver tolerance not achieved. The reduction is:2.27192e-05 after 20 iterations 

Warning: Full linear solver tolerance not achieved. The reduction is:5.54185e-06 after 20 iterations 

Warning: Full linear solver tolerance not achieved. The reduction is:2.63659e-05 after 20 iterations 

Warning: Full linear solver tolerance not achieved. The reduction is:7.24302e-06 after 20 iterations 

Warning: Full linear solver tolerance not achieved. The reduction is:2.63668e-05 after 20 iterations 

Warning: Full linear solver tolerance not achieved. The reduction is:7.2433e-06 after 20 iterations 

Warning: Full linear solver tolerance not achieved. The reduction is:2.63654e-05 after 20 iterations 

Warning: Full linear solver tolerance not achieved. The reduction is:7.24361e-06 after 20 iterations 

Warning: Full linear solver tolerance not achieved. The reduction is:2.63658e-05 after 20 iterations 

Warning: Full linear solver tolerance not achieved. The reduction is:7.24351e-06 after 20 iterations 

Warning: Full linear solver tolerance not achieved. The reduction is:2.63645e-05 after 20 iterations 

Warning: Full linear solver tolerance not achieved. The reduction is:7.24368e-06 after 20 iterations 

Problem: Solver convergence failure - Iteration limit reached
Timestep chopped to 0.000069 days


Starting time step 0, stepsize 6.875e-05 days, at day 0.178542/0.17875, date = 01-Jan-2025
 Newton its= 6, linearizations= 7 (0.1sec), linear its= 89 (1.0sec)

Starting time step 1, stepsize 6.97917e-05 days, at day 0.17861/0.17875, date = 01-Jan-2025
 Newton its= 6, linearizations= 7 (0.1sec), linear its= 89 (1.0sec)

Starting time step 2, stepsize 6.97917e-05 days, at day 0.17868/0.17875, date = 01-Jan-2025
 Newton its= 4, linearizations= 5 (0.1sec), linear its= 62 (0.7sec)

Report step 858/1000 at day 0.17875/0.208333, date = 01-Jan-2025

Starting time step 0, stepsize 0.000208333 days, at day 0.17875/0.178958, date = 01-Jan-2025

Warning: Full linear solver tolerance not achieved. The reduction is:2.88748e-05 after 20 iterations 

Warning: Full linear solver tolerance not achieved. The reduction is:3.37829e-05 after 20 iterations 

Warning: Full linear solver tolerance not achieved. The reduction is:1.66196e-05 after 20 iterations 

Warning: Full linear solver tolerance not achieved. The reduction is:8.13767e-06 after 20 iterations 

Warning: Full linear solver tolerance not achieved. The reduction is:1.8917e-05 after 20 iterations 

Warning: Full linear solver tolerance not achieved. The reduction is:1.03274e-05 after 20 iterations 

Warning: Full linear solver tolerance not achieved. The reduction is:5.06009e-05 after 20 iterations 

Warning: Full linear solver tolerance not achieved. The reduction is:6.07965e-05 after 20 iterations 
    Oscillating behavior detected: Relaxation set to 0.900000

Warning: Full linear solver tolerance not achieved. The reduction is:6.04384e-05 after 20 iterations 

Warning: Full linear solver tolerance not achieved. The reduction is:5.26391e-06 after 20 iterations 

Warning: Full linear solver tolerance not achieved. The reduction is:0.000125474 after 20 iterations 

Warning: Full linear solver tolerance not achieved. The reduction is:5.77456e-06 after 20 iterations 
    Oscillating behavior detected: Relaxation set to 0.800000

Warning: Full linear solver tolerance not achieved. The reduction is:3.66231e-05 after 20 iterations 

Warning: Full linear solver tolerance not achieved. The reduction is:1.02696e-05 after 20 iterations 
    Oscillating behavior detected: Relaxation set to 0.700000

Warning: Full linear solver tolerance not achieved. The reduction is:6.1682e-06 after 20 iterations 

Warning: Full linear solver tolerance not achieved. The reduction is:1.98962e-05 after 20 iterations 
    Oscillating behavior detected: Relaxation set to 0.600000

Warning: Full linear solver tolerance not achieved. The reduction is:9.0172e-06 after 20 iterations 
 Newton its=30, linearizations=31 (0.5sec), linear its=564 (5.9sec)

Report step 859/1000 at day 0.178958/0.208333, date = 01-Jan-2025

Starting time step 0, stepsize 0.000208333 days, at day 0.178958/0.179167, date = 01-Jan-2025

Warning: Full linear solver tolerance not achieved. The reduction is:8.18176e-06 after 20 iterations 

Warning: Full linear solver tolerance not achieved. The reduction is:0.000258746 after 20 iterations 

Warning: Full linear solver tolerance not achieved. The reduction is:1.95862e-05 after 20 iterations 

Warning: Full linear solver tolerance not achieved. The reduction is:2.03499e-05 after 20 iterations 

Warning: Full linear solver tolerance not achieved. The reduction is:2.0299e-05 after 20 iterations 

Warning: Full linear solver tolerance not achieved. The reduction is:2.03168e-05 after 20 iterations 

Warning: Full linear solver tolerance not achieved. The reduction is:2.03206e-05 after 20 iterations 

Warning: Full linear solver tolerance not achieved. The reduction is:2.13156e-05 after 20 iterations 

Warning: Full linear solver tolerance not achieved. The reduction is:2.12081e-05 after 20 iterations 

Warning: Full linear solver tolerance not achieved. The reduction is:2.12089e-05 after 20 iterations 

Warning: Full linear solver tolerance not achieved. The reduction is:2.12101e-05 after 20 iterations 

Warning: Full linear solver tolerance not achieved. The reduction is:2.121e-05 after 20 iterations 

Warning: Full linear solver tolerance not achieved. The reduction is:2.12088e-05 after 20 iterations 

Warning: Full linear solver tolerance not achieved. The reduction is:2.12106e-05 after 20 iterations 

Warning: Full linear solver tolerance not achieved. The reduction is:2.12119e-05 after 20 iterations 

Problem: Solver convergence failure - Iteration limit reached
Timestep chopped to 0.000069 days


Starting time step 0, stepsize 6.875e-05 days, at day 0.178958/0.179167, date = 01-Jan-2025
 Newton its= 8, linearizations= 9 (0.1sec), linear its=113 (1.2sec)

Starting time step 1, stepsize 6.875e-05 days, at day 0.179027/0.179167, date = 01-Jan-2025
 Newton its= 9, linearizations=10 (0.2sec), linear its=127 (1.4sec)

Starting time step 2, stepsize 3.54167e-05 days, at day 0.179096/0.179167, date = 01-Jan-2025
 Newton its= 2, linearizations= 3 (0.1sec), linear its= 31 (0.3sec)

Starting time step 3, stepsize 3.54167e-05 days, at day 0.179131/0.179167, date = 01-Jan-2025
 Newton its= 1, linearizations= 2 (0.0sec), linear its= 14 (0.1sec)

Report step 860/1000 at day 0.179167/0.208333, date = 01-Jan-2025

Starting time step 0, stepsize 0.000208333 days, at day 0.179167/0.179375, date = 01-Jan-2025

Warning: Full linear solver tolerance not achieved. The reduction is:2.72537e-05 after 20 iterations 

Problem: Solver convergence failure - Iteration limit reached
Timestep chopped to 0.000069 days


Starting time step 0, stepsize 6.875e-05 days, at day 0.179167/0.179375, date = 01-Jan-2025
 Newton its= 9, linearizations=10 (0.2sec), linear its=130 (1.4sec)

Starting time step 1, stepsize 6.11111e-05 days, at day 0.179235/0.179375, date = 01-Jan-2025
 Newton its= 8, linearizations= 9 (0.1sec), linear its=113 (1.2sec)

Starting time step 2, stepsize 3.92361e-05 days, at day 0.179297/0.179375, date = 01-Jan-2025
 Newton its= 4, linearizations= 5 (0.1sec), linear its= 53 (0.6sec)

Starting time step 3, stepsize 3.92361e-05 days, at day 0.179336/0.179375, date = 01-Jan-2025
 Newton its= 1, linearizations= 2 (0.0sec), linear its= 15 (0.1sec)

Report step 861/1000 at day 0.179375/0.208333, date = 01-Jan-2025

Starting time step 0, stepsize 0.000208333 days, at day 0.179375/0.179583, date = 01-Jan-2025

Warning: Full linear solver tolerance not achieved. The reduction is:0.000269344 after 20 iterations 

Warning: Full linear solver tolerance not achieved. The reduction is:5.46822e-05 after 20 iterations 

Warning: Full linear solver tolerance not achieved. The reduction is:1.78897e-05 after 20 iterations 

Warning: Full linear solver tolerance not achieved. The reduction is:1.76539e-05 after 20 iterations 

Warning: Full linear solver tolerance not achieved. The reduction is:5.95976e-06 after 20 iterations 

Warning: Full linear solver tolerance not achieved. The reduction is:6.86838e-06 after 20 iterations 

Warning: Full linear solver tolerance not achieved. The reduction is:7.10095e-06 after 20 iterations 

Warning: Full linear solver tolerance not achieved. The reduction is:1.76695e-05 after 20 iterations 

Warning: Full linear solver tolerance not achieved. The reduction is:6.77011e-06 after 20 iterations 

Warning: Full linear solver tolerance not achieved. The reduction is:1.31422e-05 after 20 iterations 

Warning: Full linear solver tolerance not achieved. The reduction is:5.61889e-06 after 20 iterations 

Warning: Full linear solver tolerance not achieved. The reduction is:1.62255e-05 after 20 iterations 

Problem: Solver convergence failure - Iteration limit reached
Timestep chopped to 0.000069 days


Starting time step 0, stepsize 6.875e-05 days, at day 0.179375/0.179583, date = 01-Jan-2025
 Newton its= 6, linearizations= 7 (0.1sec), linear its= 92 (1.0sec)

Starting time step 1, stepsize 6.97917e-05 days, at day 0.179444/0.179583, date = 01-Jan-2025
 Newton its= 8, linearizations= 9 (0.1sec), linear its=107 (1.2sec)

Starting time step 2, stepsize 6.97917e-05 days, at day 0.179514/0.179583, date = 01-Jan-2025
 Newton its= 5, linearizations= 6 (0.1sec), linear its= 66 (0.7sec)

Report step 862/1000 at day 0.179583/0.208333, date = 01-Jan-2025

Starting time step 0, stepsize 0.000208333 days, at day 0.179583/0.179792, date = 01-Jan-2025

Warning: Full linear solver tolerance not achieved. The reduction is:2.14308e-05 after 20 iterations 

Warning: Full linear solver tolerance not achieved. The reduction is:1.11347e-05 after 20 iterations 

Warning: Full linear solver tolerance not achieved. The reduction is:5.03809e-06 after 20 iterations 

Warning: Full linear solver tolerance not achieved. The reduction is:1.80174e-05 after 20 iterations 

Warning: Full linear solver tolerance not achieved. The reduction is:6.4159e-06 after 20 iterations 

Warning: Full linear solver tolerance not achieved. The reduction is:5.05287e-06 after 20 iterations 

Warning: Full linear solver tolerance not achieved. The reduction is:2.80058e-05 after 20 iterations 

Warning: Full linear solver tolerance not achieved. The reduction is:1.09108e-05 after 20 iterations 

Warning: Full linear solver tolerance not achieved. The reduction is:7.79614e-06 after 20 iterations 

Warning: Full linear solver tolerance not achieved. The reduction is:5.76913e-06 after 20 iterations 

Warning: Full linear solver tolerance not achieved. The reduction is:8.02614e-06 after 20 iterations 

Warning: Full linear solver tolerance not achieved. The reduction is:1.16908e-05 after 20 iterations 

Warning: Full linear solver tolerance not achieved. The reduction is:1.10007e-05 after 20 iterations 

Warning: Full linear solver tolerance not achieved. The reduction is:6.81524e-06 after 20 iterations 

Warning: Full linear solver tolerance not achieved. The reduction is:7.82393e-06 after 20 iterations 

Problem: Solver convergence failure - Iteration limit reached
Timestep chopped to 0.000069 days


Starting time step 0, stepsize 6.875e-05 days, at day 0.179583/0.179792, date = 01-Jan-2025
 Newton its= 3, linearizations= 4 (0.1sec), linear its= 45 (0.5sec)

Starting time step 1, stepsize 0.000139583 days, at day 0.179652/0.179792, date = 01-Jan-2025

Problem: Solver convergence failure - Iteration limit reached
Timestep chopped to 0.000046 days


Starting time step 1, stepsize 4.60625e-05 days, at day 0.179652/0.179792, date = 01-Jan-2025
 Newton its= 7, linearizations= 8 (0.1sec), linear its= 96 (1.1sec)

Starting time step 2, stepsize 4.67604e-05 days, at day 0.179698/0.179792, date = 01-Jan-2025
 Newton its= 5, linearizations= 6 (0.1sec), linear its= 63 (0.7sec)

Starting time step 3, stepsize 4.67604e-05 days, at day 0.179745/0.179792, date = 01-Jan-2025
 Newton its= 6, linearizations= 7 (0.1sec), linear its= 85 (0.9sec)

Report step 863/1000 at day 0.179792/0.208333, date = 01-Jan-2025

Starting time step 0, stepsize 0.000208333 days, at day 0.179792/0.18, date = 01-Jan-2025

Warning: Full linear solver tolerance not achieved. The reduction is:9.03092e-06 after 20 iterations 
 Newton its=17, linearizations=18 (0.3sec), linear its=280 (2.9sec)

Report step 864/1000 at day 0.18/0.208333, date = 01-Jan-2025

Starting time step 0, stepsize 0.000208333 days, at day 0.18/0.180208, date = 01-Jan-2025

Warning: Full linear solver tolerance not achieved. The reduction is:1.35912e-05 after 20 iterations 

Warning: Full linear solver tolerance not achieved. The reduction is:1.66501e-05 after 20 iterations 

Warning: Full linear solver tolerance not achieved. The reduction is:4.33513e-05 after 20 iterations 

Warning: Full linear solver tolerance not achieved. The reduction is:2.17302e-05 after 20 iterations 

Warning: Full linear solver tolerance not achieved. The reduction is:7.44442e-05 after 20 iterations 

Warning: Full linear solver tolerance not achieved. The reduction is:2.11866e-05 after 20 iterations 

Warning: Full linear solver tolerance not achieved. The reduction is:7.49888e-05 after 20 iterations 

Warning: Full linear solver tolerance not achieved. The reduction is:2.11492e-05 after 20 iterations 

Warning: Full linear solver tolerance not achieved. The reduction is:7.50225e-05 after 20 iterations 

Warning: Full linear solver tolerance not achieved. The reduction is:2.11392e-05 after 20 iterations 

Warning: Full linear solver tolerance not achieved. The reduction is:7.49786e-05 after 20 iterations 

Warning: Full linear solver tolerance not achieved. The reduction is:2.11508e-05 after 20 iterations 

Warning: Full linear solver tolerance not achieved. The reduction is:7.50146e-05 after 20 iterations 

Warning: Full linear solver tolerance not achieved. The reduction is:2.11427e-05 after 20 iterations 

Warning: Full linear solver tolerance not achieved. The reduction is:7.50147e-05 after 20 iterations 

Warning: Full linear solver tolerance not achieved. The reduction is:2.13242e-05 after 20 iterations 

Warning: Full linear solver tolerance not achieved. The reduction is:7.05817e-05 after 20 iterations 

Warning: Full linear solver tolerance not achieved. The reduction is:2.18358e-05 after 20 iterations 

Warning: Full linear solver tolerance not achieved. The reduction is:6.94234e-05 after 20 iterations 

Warning: Full linear solver tolerance not achieved. The reduction is:2.14712e-05 after 20 iterations 

Warning: Full linear solver tolerance not achieved. The reduction is:6.95168e-05 after 20 iterations 

Warning: Full linear solver tolerance not achieved. The reduction is:2.14727e-05 after 20 iterations 

Warning: Full linear solver tolerance not achieved. The reduction is:6.93581e-05 after 20 iterations 

Warning: Full linear solver tolerance not achieved. The reduction is:2.15013e-05 after 20 iterations 

Warning: Full linear solver tolerance not achieved. The reduction is:6.95468e-05 after 20 iterations 

Warning: Full linear solver tolerance not achieved. The reduction is:2.14998e-05 after 20 iterations 

Problem: Solver convergence failure - Iteration limit reached
Timestep chopped to 0.000069 days


Starting time step 0, stepsize 6.875e-05 days, at day 0.18/0.180208, date = 01-Jan-2025

Problem: Solver convergence failure - Iteration limit reached
Timestep chopped to 0.000023 days


Starting time step 0, stepsize 2.26875e-05 days, at day 0.18/0.180208, date = 01-Jan-2025
 Newton its= 3, linearizations= 4 (0.1sec), linear its= 41 (0.5sec)

Starting time step 1, stepsize 4.5375e-05 days, at day 0.180023/0.180208, date = 01-Jan-2025
    Oscillating behavior detected: Relaxation set to 0.900000
 Newton its= 5, linearizations= 6 (0.1sec), linear its= 74 (0.8sec)

Starting time step 2, stepsize 7.01354e-05 days, at day 0.180068/0.180208, date = 01-Jan-2025
 Newton its= 9, linearizations=10 (0.2sec), linear its=128 (1.3sec)

Starting time step 3, stepsize 3.50677e-05 days, at day 0.180138/0.180208, date = 01-Jan-2025
 Newton its= 4, linearizations= 5 (0.1sec), linear its= 57 (0.6sec)

Starting time step 4, stepsize 3.50677e-05 days, at day 0.180173/0.180208, date = 01-Jan-2025
 Newton its= 3, linearizations= 4 (0.1sec), linear its= 39 (0.5sec)

Report step 865/1000 at day 0.180208/0.208333, date = 01-Jan-2025

Starting time step 0, stepsize 0.000208333 days, at day 0.180208/0.180417, date = 01-Jan-2025

Warning: Full linear solver tolerance not achieved. The reduction is:6.24493e-06 after 20 iterations 

Warning: Full linear solver tolerance not achieved. The reduction is:1.90037e-05 after 20 iterations 
    Oscillating behavior detected: Relaxation set to 0.900000

Warning: Full linear solver tolerance not achieved. The reduction is:9.13407e-06 after 20 iterations 
    Oscillating behavior detected: Relaxation set to 0.800000
    Oscillating behavior detected: Relaxation set to 0.700000

Warning: Full linear solver tolerance not achieved. The reduction is:6.51138e-06 after 20 iterations 

Warning: Full linear solver tolerance not achieved. The reduction is:3.73929e-05 after 20 iterations 

Warning: Full linear solver tolerance not achieved. The reduction is:8.22088e-06 after 20 iterations 

Problem: Solver convergence failure - Iteration limit reached
Timestep chopped to 0.000069 days


Starting time step 0, stepsize 6.875e-05 days, at day 0.180208/0.180417, date = 01-Jan-2025
 Newton its= 8, linearizations= 9 (0.1sec), linear its=109 (1.1sec)

Starting time step 1, stepsize 6.875e-05 days, at day 0.180277/0.180417, date = 01-Jan-2025
 Newton its= 9, linearizations=10 (0.2sec), linear its=125 (1.3sec)

Starting time step 2, stepsize 3.54167e-05 days, at day 0.180346/0.180417, date = 01-Jan-2025
 Newton its= 4, linearizations= 5 (0.1sec), linear its= 52 (0.6sec)

Starting time step 3, stepsize 3.54167e-05 days, at day 0.180381/0.180417, date = 01-Jan-2025
 Newton its= 3, linearizations= 4 (0.1sec), linear its= 40 (0.4sec)

Report step 866/1000 at day 0.180417/0.208333, date = 01-Jan-2025

Starting time step 0, stepsize 0.000208333 days, at day 0.180417/0.180625, date = 01-Jan-2025

Warning: Full linear solver tolerance not achieved. The reduction is:5.32208e-06 after 20 iterations 

Warning: Full linear solver tolerance not achieved. The reduction is:5.58813e-06 after 20 iterations 

Warning: Full linear solver tolerance not achieved. The reduction is:5.10114e-06 after 20 iterations 

Warning: Full linear solver tolerance not achieved. The reduction is:5.01282e-06 after 20 iterations 

Warning: Full linear solver tolerance not achieved. The reduction is:5.02633e-06 after 20 iterations 

Warning: Full linear solver tolerance not achieved. The reduction is:5.73483e-06 after 20 iterations 

Warning: Full linear solver tolerance not achieved. The reduction is:5.1081e-06 after 20 iterations 

Problem: Solver convergence failure - Iteration limit reached
Timestep chopped to 0.000069 days


Starting time step 0, stepsize 6.875e-05 days, at day 0.180417/0.180625, date = 01-Jan-2025

Warning: Full linear solver tolerance not achieved. The reduction is:0.000923514 after 20 iterations 
 Newton its= 5, linearizations= 6 (0.1sec), linear its= 77 (0.8sec)

Starting time step 1, stepsize 0.000139583 days, at day 0.180485/0.180625, date = 01-Jan-2025

Warning: Full linear solver tolerance not achieved. The reduction is:1.0732e-05 after 20 iterations 

Warning: Full linear solver tolerance not achieved. The reduction is:1.01923e-05 after 20 iterations 

Warning: Full linear solver tolerance not achieved. The reduction is:8.76912e-06 after 20 iterations 

Warning: Full linear solver tolerance not achieved. The reduction is:5.10854e-06 after 20 iterations 

Problem: Solver convergence failure - Iteration limit reached
Timestep chopped to 0.000046 days


Starting time step 1, stepsize 4.60625e-05 days, at day 0.180485/0.180625, date = 01-Jan-2025
    Oscillating behavior detected: Relaxation set to 0.900000
 Newton its= 9, linearizations=10 (0.2sec), linear its=127 (1.4sec)

Starting time step 2, stepsize 4.09444e-05 days, at day 0.180531/0.180625, date = 01-Jan-2025
 Newton its= 5, linearizations= 6 (0.1sec), linear its= 69 (0.8sec)

Starting time step 3, stepsize 5.25764e-05 days, at day 0.180572/0.180625, date = 01-Jan-2025
 Newton its= 5, linearizations= 6 (0.1sec), linear its= 69 (0.7sec)

Report step 867/1000 at day 0.180625/0.208333, date = 01-Jan-2025

Starting time step 0, stepsize 0.000208333 days, at day 0.180625/0.180833, date = 01-Jan-2025

Warning: Full linear solver tolerance not achieved. The reduction is:6.5479e-06 after 20 iterations 

Warning: Full linear solver tolerance not achieved. The reduction is:6.56353e-06 after 20 iterations 

Warning: Full linear solver tolerance not achieved. The reduction is:6.56324e-06 after 20 iterations 

Warning: Full linear solver tolerance not achieved. The reduction is:6.56074e-06 after 20 iterations 

Warning: Full linear solver tolerance not achieved. The reduction is:6.56361e-06 after 20 iterations 

Warning: Full linear solver tolerance not achieved. The reduction is:6.55955e-06 after 20 iterations 

Warning: Full linear solver tolerance not achieved. The reduction is:6.56337e-06 after 20 iterations 

Warning: Full linear solver tolerance not achieved. The reduction is:5.16685e-06 after 20 iterations 

Warning: Full linear solver tolerance not achieved. The reduction is:5.17172e-06 after 20 iterations 

Warning: Full linear solver tolerance not achieved. The reduction is:5.17182e-06 after 20 iterations 

Warning: Full linear solver tolerance not achieved. The reduction is:5.17178e-06 after 20 iterations 

Warning: Full linear solver tolerance not achieved. The reduction is:5.17175e-06 after 20 iterations 

Problem: Solver convergence failure - Iteration limit reached
Timestep chopped to 0.000069 days


Starting time step 0, stepsize 6.875e-05 days, at day 0.180625/0.180833, date = 01-Jan-2025
 Newton its= 5, linearizations= 6 (0.1sec), linear its= 67 (0.7sec)

Starting time step 1, stepsize 0.000139583 days, at day 0.180694/0.180833, date = 01-Jan-2025
 Newton its=12, linearizations=13 (0.2sec), linear its=186 (2.0sec)

Report step 868/1000 at day 0.180833/0.208333, date = 01-Jan-2025

Starting time step 0, stepsize 0.000208333 days, at day 0.180833/0.181042, date = 01-Jan-2025

Warning: Full linear solver tolerance not achieved. The reduction is:5.75875e-06 after 20 iterations 

Warning: Full linear solver tolerance not achieved. The reduction is:1.42913e-05 after 20 iterations 

Warning: Full linear solver tolerance not achieved. The reduction is:6.6223e-06 after 20 iterations 

Warning: Full linear solver tolerance not achieved. The reduction is:2.09168e-05 after 20 iterations 
 Newton its=10, linearizations=11 (0.2sec), linear its=183 (1.9sec)

Report step 869/1000 at day 0.181042/0.208333, date = 01-Jan-2025

Starting time step 0, stepsize 0.000208333 days, at day 0.181042/0.18125, date = 01-Jan-2025

Warning: Full linear solver tolerance not achieved. The reduction is:9.2082e-05 after 20 iterations 

Warning: Full linear solver tolerance not achieved. The reduction is:6.48672e-06 after 20 iterations 

Warning: Full linear solver tolerance not achieved. The reduction is:4.58421e-05 after 20 iterations 

Warning: Full linear solver tolerance not achieved. The reduction is:6.45414e-06 after 20 iterations 

Problem: Solver convergence failure - Iteration limit reached
Timestep chopped to 0.000069 days


Starting time step 0, stepsize 6.875e-05 days, at day 0.181042/0.18125, date = 01-Jan-2025
 Newton its= 7, linearizations= 8 (0.1sec), linear its=114 (1.2sec)

Starting time step 1, stepsize 6.97917e-05 days, at day 0.18111/0.18125, date = 01-Jan-2025
    Oscillating behavior detected: Relaxation set to 0.900000
 Newton its= 7, linearizations= 8 (0.1sec), linear its=111 (1.2sec)

Starting time step 2, stepsize 6.97917e-05 days, at day 0.18118/0.18125, date = 01-Jan-2025

Warning: Full linear solver tolerance not achieved. The reduction is:6.90777e-05 after 20 iterations 
 Newton its= 5, linearizations= 6 (0.1sec), linear its= 80 (0.8sec)

Report step 870/1000 at day 0.18125/0.208333, date = 01-Jan-2025

Starting time step 0, stepsize 0.000208333 days, at day 0.18125/0.181458, date = 01-Jan-2025

Warning: Full linear solver tolerance not achieved. The reduction is:3.77405e-05 after 20 iterations 

Warning: Full linear solver tolerance not achieved. The reduction is:3.10369e-05 after 20 iterations 

Warning: Full linear solver tolerance not achieved. The reduction is:0.000277224 after 20 iterations 

Warning: Full linear solver tolerance not achieved. The reduction is:2.93527e-05 after 20 iterations 

Warning: Full linear solver tolerance not achieved. The reduction is:1.79759e-05 after 20 iterations 

Warning: Full linear solver tolerance not achieved. The reduction is:4.81372e-05 after 20 iterations 

Warning: Full linear solver tolerance not achieved. The reduction is:3.76578e-05 after 20 iterations 

Warning: Full linear solver tolerance not achieved. The reduction is:4.51421e-05 after 20 iterations 

Warning: Full linear solver tolerance not achieved. The reduction is:7.60856e-06 after 20 iterations 

Warning: Full linear solver tolerance not achieved. The reduction is:8.00172e-05 after 20 iterations 

Warning: Full linear solver tolerance not achieved. The reduction is:1.36684e-05 after 20 iterations 

Warning: Full linear solver tolerance not achieved. The reduction is:6.49076e-05 after 20 iterations 

Warning: Full linear solver tolerance not achieved. The reduction is:0.000144187 after 20 iterations 

Warning: Full linear solver tolerance not achieved. The reduction is:5.97161e-05 after 20 iterations 

Warning: Full linear solver tolerance not achieved. The reduction is:2.87173e-05 after 20 iterations 

Warning: Full linear solver tolerance not achieved. The reduction is:1.46825e-05 after 20 iterations 

Warning: Full linear solver tolerance not achieved. The reduction is:3.3784e-05 after 20 iterations 

Warning: Full linear solver tolerance not achieved. The reduction is:2.53309e-05 after 20 iterations 

Warning: Full linear solver tolerance not achieved. The reduction is:0.000161892 after 20 iterations 

Warning: Full linear solver tolerance not achieved. The reduction is:0.00243737 after 20 iterations 

Warning: Full linear solver tolerance not achieved. The reduction is:6.04461e-06 after 20 iterations 

Warning: Full linear solver tolerance not achieved. The reduction is:0.000299278 after 20 iterations 

Warning: Full linear solver tolerance not achieved. The reduction is:0.000125597 after 20 iterations 

Warning: Full linear solver tolerance not achieved. The reduction is:9.98015e-06 after 20 iterations 

Warning: Full linear solver tolerance not achieved. The reduction is:1.94983e-05 after 20 iterations 

Warning: Full linear solver tolerance not achieved. The reduction is:2.19921e-05 after 20 iterations 

Warning: Full linear solver tolerance not achieved. The reduction is:2.82433e-05 after 20 iterations 

Warning: Full linear solver tolerance not achieved. The reduction is:2.11976e-05 after 20 iterations 

Warning: Full linear solver tolerance not achieved. The reduction is:2.96037e-05 after 20 iterations 

Warning: Full linear solver tolerance not achieved. The reduction is:0.000234181 after 20 iterations 

Warning: Full linear solver tolerance not achieved. The reduction is:1.40666e-05 after 20 iterations 

Warning: Full linear solver tolerance not achieved. The reduction is:0.000161502 after 20 iterations 

Warning: Full linear solver tolerance not achieved. The reduction is:0.000131301 after 20 iterations 

Warning: Full linear solver tolerance not achieved. The reduction is:6.09541e-05 after 20 iterations 

Warning: Full linear solver tolerance not achieved. The reduction is:0.000223353 after 20 iterations 

Warning: Full linear solver tolerance not achieved. The reduction is:0.00025613 after 20 iterations 

Problem: Solver convergence failure - Iteration limit reached
Timestep chopped to 0.000069 days


Starting time step 0, stepsize 6.875e-05 days, at day 0.18125/0.181458, date = 01-Jan-2025
 Newton its= 4, linearizations= 5 (0.1sec), linear its= 62 (0.6sec)

Starting time step 1, stepsize 0.000139583 days, at day 0.181319/0.181458, date = 01-Jan-2025

Warning: Full linear solver tolerance not achieved. The reduction is:0.000277049 after 20 iterations 

Warning: Full linear solver tolerance not achieved. The reduction is:0.000105499 after 20 iterations 

Warning: Full linear solver tolerance not achieved. The reduction is:1.58983e-05 after 20 iterations 

Warning: Full linear solver tolerance not achieved. The reduction is:2.34961e-05 after 20 iterations 

Warning: Full linear solver tolerance not achieved. The reduction is:9.04922e-06 after 20 iterations 

Warning: Full linear solver tolerance not achieved. The reduction is:2.95358e-05 after 20 iterations 

Warning: Full linear solver tolerance not achieved. The reduction is:2.42329e-05 after 20 iterations 

Warning: Full linear solver tolerance not achieved. The reduction is:1.29471e-05 after 20 iterations 

Warning: Full linear solver tolerance not achieved. The reduction is:0.00025033 after 20 iterations 

Warning: Full linear solver tolerance not achieved. The reduction is:2.56914e-05 after 20 iterations 

Warning: Full linear solver tolerance not achieved. The reduction is:1.01609e-05 after 20 iterations 

Warning: Full linear solver tolerance not achieved. The reduction is:2.63956e-05 after 20 iterations 

Warning: Full linear solver tolerance not achieved. The reduction is:2.07614e-05 after 20 iterations 

Warning: Full linear solver tolerance not achieved. The reduction is:3.16236e-05 after 20 iterations 

Warning: Full linear solver tolerance not achieved. The reduction is:1.50863e-05 after 20 iterations 

Warning: Full linear solver tolerance not achieved. The reduction is:3.73527e-05 after 20 iterations 

Warning: Full linear solver tolerance not achieved. The reduction is:7.79389e-06 after 20 iterations 

Warning: Full linear solver tolerance not achieved. The reduction is:8.21211e-05 after 20 iterations 

Warning: Full linear solver tolerance not achieved. The reduction is:4.03024e-05 after 20 iterations 

Warning: Full linear solver tolerance not achieved. The reduction is:5.2216e-06 after 20 iterations 

Warning: Full linear solver tolerance not achieved. The reduction is:4.21254e-05 after 20 iterations 

Warning: Full linear solver tolerance not achieved. The reduction is:2.15795e-05 after 20 iterations 

Warning: Full linear solver tolerance not achieved. The reduction is:0.000225839 after 20 iterations 

Warning: Full linear solver tolerance not achieved. The reduction is:1.89288e-05 after 20 iterations 

Warning: Full linear solver tolerance not achieved. The reduction is:4.41024e-05 after 20 iterations 

Warning: Full linear solver tolerance not achieved. The reduction is:2.49715e-05 after 20 iterations 

Warning: Full linear solver tolerance not achieved. The reduction is:4.81503e-05 after 20 iterations 

Warning: Full linear solver tolerance not achieved. The reduction is:1.44054e-05 after 20 iterations 

Warning: Full linear solver tolerance not achieved. The reduction is:7.40608e-06 after 20 iterations 

Warning: Full linear solver tolerance not achieved. The reduction is:9.24397e-06 after 20 iterations 

Warning: Full linear solver tolerance not achieved. The reduction is:0.000118482 after 20 iterations 

Warning: Full linear solver tolerance not achieved. The reduction is:0.000115904 after 20 iterations 

Warning: Full linear solver tolerance not achieved. The reduction is:1.75648e-05 after 20 iterations 

Warning: Full linear solver tolerance not achieved. The reduction is:2.85228e-05 after 20 iterations 

Warning: Full linear solver tolerance not achieved. The reduction is:1.15821e-05 after 20 iterations 

Warning: Full linear solver tolerance not achieved. The reduction is:2.76434e-05 after 20 iterations 

Warning: Full linear solver tolerance not achieved. The reduction is:3.50607e-05 after 20 iterations 

Warning: Full linear solver tolerance not achieved. The reduction is:5.44235e-06 after 20 iterations 

Warning: Full linear solver tolerance not achieved. The reduction is:1.09097e-05 after 20 iterations 

Warning: Full linear solver tolerance not achieved. The reduction is:2.27326e-05 after 20 iterations 

Problem: Solver convergence failure - Iteration limit reached
Timestep chopped to 0.000046 days


Starting time step 1, stepsize 4.60625e-05 days, at day 0.181319/0.181458, date = 01-Jan-2025
 Newton its= 4, linearizations= 5 (0.1sec), linear its= 54 (0.6sec)

Starting time step 2, stepsize 9.35208e-05 days, at day 0.181365/0.181458, date = 01-Jan-2025

Warning: Full linear solver tolerance not achieved. The reduction is:2.94785e-05 after 20 iterations 
 Newton its= 7, linearizations= 8 (0.1sec), linear its=118 (1.2sec)

Report step 871/1000 at day 0.181458/0.208333, date = 01-Jan-2025

Starting time step 0, stepsize 0.000208333 days, at day 0.181458/0.181667, date = 01-Jan-2025

Warning: Full linear solver tolerance not achieved. The reduction is:0.000768365 after 20 iterations 

Warning: Full linear solver tolerance not achieved. The reduction is:5.85405e-05 after 20 iterations 

Warning: Full linear solver tolerance not achieved. The reduction is:5.38741e-06 after 20 iterations 

Warning: Full linear solver tolerance not achieved. The reduction is:1.31001e-05 after 20 iterations 

Warning: Full linear solver tolerance not achieved. The reduction is:1.22248e-05 after 20 iterations 

Warning: Full linear solver tolerance not achieved. The reduction is:3.95616e-05 after 20 iterations 

Warning: Full linear solver tolerance not achieved. The reduction is:0.000121488 after 20 iterations 

Warning: Full linear solver tolerance not achieved. The reduction is:7.01549e-06 after 20 iterations 

Warning: Full linear solver tolerance not achieved. The reduction is:1.05581e-05 after 20 iterations 

Warning: Full linear solver tolerance not achieved. The reduction is:1.87854e-05 after 20 iterations 

Warning: Full linear solver tolerance not achieved. The reduction is:1.15904e-05 after 20 iterations 

Warning: Full linear solver tolerance not achieved. The reduction is:5.50388e-05 after 20 iterations 

Warning: Full linear solver tolerance not achieved. The reduction is:6.05833e-06 after 20 iterations 

Warning: Full linear solver tolerance not achieved. The reduction is:9.93748e-06 after 20 iterations 

Warning: Full linear solver tolerance not achieved. The reduction is:8.25612e-06 after 20 iterations 

Warning: Full linear solver tolerance not achieved. The reduction is:9.91024e-05 after 20 iterations 

Warning: Full linear solver tolerance not achieved. The reduction is:7.24555e-05 after 20 iterations 

Warning: Full linear solver tolerance not achieved. The reduction is:0.000261392 after 20 iterations 

Warning: Full linear solver tolerance not achieved. The reduction is:5.34974e-05 after 20 iterations 

Warning: Full linear solver tolerance not achieved. The reduction is:4.38492e-05 after 20 iterations 

Warning: Full linear solver tolerance not achieved. The reduction is:1.18514e-05 after 20 iterations 

Warning: Full linear solver tolerance not achieved. The reduction is:1.29739e-05 after 20 iterations 

Warning: Full linear solver tolerance not achieved. The reduction is:7.17016e-06 after 20 iterations 

Warning: Full linear solver tolerance not achieved. The reduction is:0.000215335 after 20 iterations 

Warning: Full linear solver tolerance not achieved. The reduction is:7.96881e-06 after 20 iterations 

Warning: Full linear solver tolerance not achieved. The reduction is:8.53866e-05 after 20 iterations 

Warning: Full linear solver tolerance not achieved. The reduction is:3.13499e-05 after 20 iterations 

Warning: Full linear solver tolerance not achieved. The reduction is:0.000792011 after 20 iterations 

Warning: Full linear solver tolerance not achieved. The reduction is:0.00015744 after 20 iterations 

Warning: Full linear solver tolerance not achieved. The reduction is:5.5635e-05 after 20 iterations 

Warning: Full linear solver tolerance not achieved. The reduction is:3.3015e-05 after 20 iterations 

Warning: Full linear solver tolerance not achieved. The reduction is:0.000435019 after 20 iterations 

Warning: Full linear solver tolerance not achieved. The reduction is:8.17541e-06 after 20 iterations 

Warning: Full linear solver tolerance not achieved. The reduction is:2.30065e-05 after 20 iterations 

Warning: Full linear solver tolerance not achieved. The reduction is:8.24041e-06 after 20 iterations 

Warning: Full linear solver tolerance not achieved. The reduction is:9.64465e-06 after 20 iterations 

Warning: Full linear solver tolerance not achieved. The reduction is:0.000707556 after 20 iterations 

Problem: Solver convergence failure - Iteration limit reached
Timestep chopped to 0.000069 days


Starting time step 0, stepsize 6.875e-05 days, at day 0.181458/0.181667, date = 01-Jan-2025
 Newton its= 4, linearizations= 5 (0.1sec), linear its= 65 (0.7sec)

Starting time step 1, stepsize 0.000139583 days, at day 0.181527/0.181667, date = 01-Jan-2025

Warning: Full linear solver tolerance not achieved. The reduction is:9.58958e-06 after 20 iterations 

Warning: Full linear solver tolerance not achieved. The reduction is:0.0001071 after 20 iterations 

Warning: Full linear solver tolerance not achieved. The reduction is:3.31044e-05 after 20 iterations 

Warning: Full linear solver tolerance not achieved. The reduction is:4.87036e-05 after 20 iterations 

Warning: Full linear solver tolerance not achieved. The reduction is:2.91236e-05 after 20 iterations 

Warning: Full linear solver tolerance not achieved. The reduction is:1.11066e-05 after 20 iterations 

Warning: Full linear solver tolerance not achieved. The reduction is:1.51872e-05 after 20 iterations 

Warning: Full linear solver tolerance not achieved. The reduction is:1.35845e-05 after 20 iterations 

Warning: Full linear solver tolerance not achieved. The reduction is:6.86315e-06 after 20 iterations 
 Newton its=10, linearizations=11 (0.2sec), linear its=199 (2.1sec)

Report step 872/1000 at day 0.181667/0.208333, date = 01-Jan-2025

Starting time step 0, stepsize 0.000208333 days, at day 0.181667/0.181875, date = 01-Jan-2025

Warning: Full linear solver tolerance not achieved. The reduction is:0.000316762 after 20 iterations 

Warning: Full linear solver tolerance not achieved. The reduction is:5.83664e-06 after 20 iterations 

Problem: Solver convergence failure - Iteration limit reached
Timestep chopped to 0.000069 days


Starting time step 0, stepsize 6.875e-05 days, at day 0.181667/0.181875, date = 01-Jan-2025
 Newton its= 5, linearizations= 6 (0.1sec), linear its= 73 (0.8sec)

Starting time step 1, stepsize 0.000139583 days, at day 0.181735/0.181875, date = 01-Jan-2025

Warning: Full linear solver tolerance not achieved. The reduction is:1.15534e-05 after 20 iterations 
 Newton its= 5, linearizations= 6 (0.1sec), linear its= 83 (0.9sec)

Report step 873/1000 at day 0.181875/0.208333, date = 01-Jan-2025

Starting time step 0, stepsize 0.000208333 days, at day 0.181875/0.182083, date = 01-Jan-2025

Warning: Full linear solver tolerance not achieved. The reduction is:5.74925e-06 after 20 iterations 

Warning: Full linear solver tolerance not achieved. The reduction is:4.86364e-05 after 20 iterations 

Warning: Full linear solver tolerance not achieved. The reduction is:6.64753e-06 after 20 iterations 

Warning: Full linear solver tolerance not achieved. The reduction is:6.72633e-06 after 20 iterations 

Warning: Full linear solver tolerance not achieved. The reduction is:6.36538e-06 after 20 iterations 

Warning: Full linear solver tolerance not achieved. The reduction is:7.11568e-06 after 20 iterations 

Warning: Full linear solver tolerance not achieved. The reduction is:6.94259e-06 after 20 iterations 

Warning: Full linear solver tolerance not achieved. The reduction is:6.86756e-06 after 20 iterations 

Warning: Full linear solver tolerance not achieved. The reduction is:8.61004e-06 after 20 iterations 

Warning: Full linear solver tolerance not achieved. The reduction is:7.27978e-06 after 20 iterations 

Problem: Solver convergence failure - Iteration limit reached
Timestep chopped to 0.000069 days


Starting time step 0, stepsize 6.875e-05 days, at day 0.181875/0.182083, date = 01-Jan-2025

Warning: Full linear solver tolerance not achieved. The reduction is:8.76915e-06 after 20 iterations 
 Newton its= 9, linearizations=10 (0.5sec), linear its=135 (2.0sec)

Starting time step 1, stepsize 6.11111e-05 days, at day 0.181944/0.182083, date = 01-Jan-2025
 Newton its= 4, linearizations= 5 (0.1sec), linear its= 56 (0.6sec)

Starting time step 2, stepsize 7.84722e-05 days, at day 0.182005/0.182083, date = 01-Jan-2025
 Newton its= 9, linearizations=10 (0.2sec), linear its=119 (1.3sec)

Report step 874/1000 at day 0.182083/0.208333, date = 01-Jan-2025

Starting time step 0, stepsize 0.000208333 days, at day 0.182083/0.182292, date = 01-Jan-2025

Warning: Full linear solver tolerance not achieved. The reduction is:1.33005e-05 after 20 iterations 

Warning: Full linear solver tolerance not achieved. The reduction is:3.29712e-05 after 20 iterations 

Problem: Solver convergence failure - Iteration limit reached
Timestep chopped to 0.000069 days


Starting time step 0, stepsize 6.875e-05 days, at day 0.182083/0.182292, date = 01-Jan-2025
 Newton its= 7, linearizations= 8 (0.2sec), linear its=112 (1.3sec)

Starting time step 1, stepsize 6.97917e-05 days, at day 0.182152/0.182292, date = 01-Jan-2025
 Newton its= 6, linearizations= 7 (0.1sec), linear its= 89 (1.0sec)

Starting time step 2, stepsize 6.97917e-05 days, at day 0.182222/0.182292, date = 01-Jan-2025
 Newton its= 3, linearizations= 4 (0.1sec), linear its= 48 (0.6sec)

Report step 875/1000 at day 0.182292/0.208333, date = 01-Jan-2025

Starting time step 0, stepsize 0.000208333 days, at day 0.182292/0.1825, date = 01-Jan-2025

Warning: Full linear solver tolerance not achieved. The reduction is:3.59016e-05 after 20 iterations 

Warning: Full linear solver tolerance not achieved. The reduction is:6.77983e-05 after 20 iterations 

Warning: Full linear solver tolerance not achieved. The reduction is:0.000141977 after 20 iterations 

Warning: Full linear solver tolerance not achieved. The reduction is:6.51227e-06 after 20 iterations 

Warning: Full linear solver tolerance not achieved. The reduction is:1.07172e-05 after 20 iterations 

Warning: Full linear solver tolerance not achieved. The reduction is:9.47376e-06 after 20 iterations 

Warning: Full linear solver tolerance not achieved. The reduction is:1.01714e-05 after 20 iterations 

Warning: Full linear solver tolerance not achieved. The reduction is:2.90403e-05 after 20 iterations 

Warning: Full linear solver tolerance not achieved. The reduction is:5.51457e-06 after 20 iterations 

Warning: Full linear solver tolerance not achieved. The reduction is:3.90421e-05 after 20 iterations 

Warning: Full linear solver tolerance not achieved. The reduction is:1.46652e-05 after 20 iterations 

Warning: Full linear solver tolerance not achieved. The reduction is:1.10825e-05 after 20 iterations 

Problem: Solver convergence failure - Iteration limit reached
Timestep chopped to 0.000069 days


Starting time step 0, stepsize 6.875e-05 days, at day 0.182292/0.1825, date = 01-Jan-2025
 Newton its= 4, linearizations= 5 (0.1sec), linear its= 61 (0.8sec)

Starting time step 1, stepsize 0.000139583 days, at day 0.18236/0.1825, date = 01-Jan-2025

Warning: Full linear solver tolerance not achieved. The reduction is:1.63992e-05 after 20 iterations 
 Newton its=11, linearizations=12 (0.3sec), linear its=171 (2.7sec)

Report step 876/1000 at day 0.1825/0.208333, date = 01-Jan-2025

Starting time step 0, stepsize 0.000208333 days, at day 0.1825/0.182708, date = 01-Jan-2025

Warning: Full linear solver tolerance not achieved. The reduction is:3.41742e-05 after 20 iterations 

Problem: Solver convergence failure - Numerical problem encountered
Timestep chopped to 0.000069 days


Starting time step 0, stepsize 6.875e-05 days, at day 0.1825/0.182708, date = 01-Jan-2025
 Newton its= 3, linearizations= 4 (0.1sec), linear its= 46 (0.6sec)

Starting time step 1, stepsize 0.000139583 days, at day 0.182569/0.182708, date = 01-Jan-2025

Warning: Full linear solver tolerance not achieved. The reduction is:3.3481e-05 after 20 iterations 
 Newton its=10, linearizations=11 (0.2sec), linear its=164 (2.0sec)

Report step 877/1000 at day 0.182708/0.208333, date = 01-Jan-2025

Starting time step 0, stepsize 0.000208333 days, at day 0.182708/0.182917, date = 01-Jan-2025

Warning: Full linear solver tolerance not achieved. The reduction is:5.82105e-06 after 20 iterations 

Warning: Full linear solver tolerance not achieved. The reduction is:5.47814e-06 after 20 iterations 

Warning: Full linear solver tolerance not achieved. The reduction is:1.68042e-05 after 20 iterations 

Problem: Solver convergence failure - Numerical problem encountered
Timestep chopped to 0.000069 days


Starting time step 0, stepsize 6.875e-05 days, at day 0.182708/0.182917, date = 01-Jan-2025
 Newton its= 6, linearizations= 7 (0.1sec), linear its= 90 (1.0sec)

Starting time step 1, stepsize 6.97917e-05 days, at day 0.182777/0.182917, date = 01-Jan-2025

Warning: Full linear solver tolerance not achieved. The reduction is:1.68373e-05 after 20 iterations 

Warning: Full linear solver tolerance not achieved. The reduction is:9.63659e-05 after 20 iterations 

Warning: Full linear solver tolerance not achieved. The reduction is:0.00014607 after 20 iterations 

Warning: Full linear solver tolerance not achieved. The reduction is:0.000119883 after 20 iterations 

Warning: Full linear solver tolerance not achieved. The reduction is:0.000113147 after 20 iterations 

Warning: Full linear solver tolerance not achieved. The reduction is:0.000122563 after 20 iterations 

Warning: Full linear solver tolerance not achieved. The reduction is:0.000112779 after 20 iterations 

Warning: Full linear solver tolerance not achieved. The reduction is:0.00012317 after 20 iterations 

Warning: Full linear solver tolerance not achieved. The reduction is:0.000112684 after 20 iterations 

Warning: Full linear solver tolerance not achieved. The reduction is:0.000123319 after 20 iterations 

Warning: Full linear solver tolerance not achieved. The reduction is:0.000112597 after 20 iterations 

Warning: Full linear solver tolerance not achieved. The reduction is:0.000123538 after 20 iterations 

Warning: Full linear solver tolerance not achieved. The reduction is:0.000112622 after 20 iterations 

Warning: Full linear solver tolerance not achieved. The reduction is:0.000123472 after 20 iterations 

Warning: Full linear solver tolerance not achieved. The reduction is:0.000112641 after 20 iterations 

Warning: Full linear solver tolerance not achieved. The reduction is:0.000123422 after 20 iterations 

Warning: Full linear solver tolerance not achieved. The reduction is:0.000112646 after 20 iterations 

Warning: Full linear solver tolerance not achieved. The reduction is:0.000123394 after 20 iterations 

Warning: Full linear solver tolerance not achieved. The reduction is:0.000112612 after 20 iterations 

Warning: Full linear solver tolerance not achieved. The reduction is:0.000123559 after 20 iterations 

Warning: Full linear solver tolerance not achieved. The reduction is:0.000112657 after 20 iterations 

Warning: Full linear solver tolerance not achieved. The reduction is:0.000123387 after 20 iterations 

Warning: Full linear solver tolerance not achieved. The reduction is:0.000112625 after 20 iterations 

Problem: Solver convergence failure - Iteration limit reached
Timestep chopped to 0.000023 days


Starting time step 1, stepsize 2.30312e-05 days, at day 0.182777/0.182917, date = 01-Jan-2025
 Newton its= 3, linearizations= 4 (0.1sec), linear its= 39 (0.6sec)

Starting time step 2, stepsize 4.60625e-05 days, at day 0.1828/0.182917, date = 01-Jan-2025

Warning: Full linear solver tolerance not achieved. The reduction is:4.48365e-05 after 20 iterations 
 Newton its= 7, linearizations= 8 (0.2sec), linear its= 98 (1.2sec)

Starting time step 3, stepsize 3.52448e-05 days, at day 0.182846/0.182917, date = 01-Jan-2025
 Newton its= 4, linearizations= 5 (0.1sec), linear its= 58 (957.1sec)

Starting time step 4, stepsize 3.52448e-05 days, at day 0.182881/0.182917, date = 01-Jan-2025
 Newton its= 3, linearizations= 4 (0.1sec), linear its= 49 (0.6sec)

Report step 878/1000 at day 0.182917/0.208333, date = 01-Jan-2025

Starting time step 0, stepsize 0.000208333 days, at day 0.182917/0.183125, date = 01-Jan-2025

Warning: Full linear solver tolerance not achieved. The reduction is:1.26599e-05 after 20 iterations 

Warning: Full linear solver tolerance not achieved. The reduction is:5.04322e-06 after 20 iterations 

Warning: Full linear solver tolerance not achieved. The reduction is:0.000113103 after 20 iterations 

Warning: Full linear solver tolerance not achieved. The reduction is:1.40929e-05 after 20 iterations 

Problem: Solver convergence failure - Numerical problem encountered
Timestep chopped to 0.000069 days


Starting time step 0, stepsize 6.875e-05 days, at day 0.182917/0.183125, date = 01-Jan-2025

Warning: Full linear solver tolerance not achieved. The reduction is:1.41465e-05 after 20 iterations 

Warning: Full linear solver tolerance not achieved. The reduction is:0.000328011 after 20 iterations 

Problem: Solver convergence failure - Numerical problem encountered
Timestep chopped to 0.000023 days


Starting time step 0, stepsize 2.26875e-05 days, at day 0.182917/0.183125, date = 01-Jan-2025

Warning: Full linear solver tolerance not achieved. The reduction is:0.00331538 after 20 iterations 

Problem: Solver convergence failure - Numerical problem encountered
Timestep chopped to 0.000007 days


Starting time step 0, stepsize 7.48688e-06 days, at day 0.182917/0.183125, date = 01-Jan-2025

Warning: Full linear solver tolerance not achieved. The reduction is:6.8594e-06 after 20 iterations 

Problem: Solver convergence failure - Numerical problem encountered
Timestep chopped to 0.000002 days


Starting time step 0, stepsize 2.47067e-06 days, at day 0.182917/0.183125, date = 01-Jan-2025

Problem: Solver convergence failure - Numerical problem encountered
Timestep chopped to 0.000001 days


Starting time step 0, stepsize 8.15321e-07 days, at day 0.182917/0.183125, date = 01-Jan-2025

Warning: Full linear solver tolerance not achieved. The reduction is:0.00526196 after 20 iterations 

Warning: Full linear solver tolerance not achieved. The reduction is:0.00419898 after 20 iterations 

Problem: [/Users/macbookn/hackatonwork/opm-simulators/opm/simulators/flow/BlackoilModel.hpp:367] NaN residual found!

Problem: Solver convergence failure - Numerical problem encountered
Timestep chopped to 0.000000 days


Starting time step 0, stepsize 2.69056e-07 days, at day 0.182917/0.183125, date = 01-Jan-2025

Warning: Full linear solver tolerance not achieved. The reduction is:3.05057e-05 after 20 iterations 

Problem: Solver convergence failure - Numerical problem encountered
Timestep chopped to 0.000000 days


Starting time step 0, stepsize 8.87884e-08 days, at day 0.182917/0.183125, date = 01-Jan-2025

Warning: Full linear solver tolerance not achieved. The reduction is:1.21931e-05 after 20 iterations 

Problem: [/Users/macbookn/hackatonwork/opm-simulators/opm/simulators/flow/BlackoilModel.hpp:367] NaN residual found!

Problem: Solver convergence failure - Numerical problem encountered
Timestep chopped to 0.000000 days


Starting time step 0, stepsize 2.93002e-08 days, at day 0.182917/0.183125, date = 01-Jan-2025
 Newton its= 3, linearizations= 4 (0.1sec), linear its= 27 (0.3sec)

Starting time step 1, stepsize 5.86004e-08 days, at day 0.182917/0.183125, date = 01-Jan-2025
 Newton its= 1, linearizations= 2 (0.0sec), linear its=  9 (0.1sec)

Starting time step 2, stepsize 1.75801e-07 days, at day 0.182917/0.183125, date = 01-Jan-2025
 Newton its= 1, linearizations= 2 (0.0sec), linear its= 11 (0.1sec)

Starting time step 3, stepsize 5.27403e-07 days, at day 0.182917/0.183125, date = 01-Jan-2025
 Newton its= 1, linearizations= 2 (0.0sec), linear its= 13 (0.1sec)

Starting time step 4, stepsize 1.58221e-06 days, at day 0.182917/0.183125, date = 01-Jan-2025
 Newton its= 1, linearizations= 2 (0.0sec), linear its= 13 (0.2sec)

Starting time step 5, stepsize 4.74663e-06 days, at day 0.182919/0.183125, date = 01-Jan-2025
 Newton its= 1, linearizations= 2 (0.0sec), linear its= 11 (0.1sec)

Starting time step 6, stepsize 1.42399e-05 days, at day 0.182924/0.183125, date = 01-Jan-2025
 Newton its= 2, linearizations= 3 (0.1sec), linear its= 27 (0.3sec)

Starting time step 7, stepsize 4.27197e-05 days, at day 0.182938/0.183125, date = 01-Jan-2025
 Newton its= 2, linearizations= 3 (0.0sec), linear its= 28 (0.3sec)

Starting time step 8, stepsize 7.21269e-05 days, at day 0.182981/0.183125, date = 01-Jan-2025
 Newton its= 5, linearizations= 6 (0.1sec), linear its= 63 (0.7sec)

Starting time step 9, stepsize 7.21269e-05 days, at day 0.183053/0.183125, date = 01-Jan-2025
 Newton its= 6, linearizations= 7 (0.1sec), linear its= 94 (1.1sec)

Report step 879/1000 at day 0.183125/0.208333, date = 01-Jan-2025

Starting time step 0, stepsize 0.000208333 days, at day 0.183125/0.183333, date = 01-Jan-2025

Warning: Full linear solver tolerance not achieved. The reduction is:3.20191e-05 after 20 iterations 

Warning: Full linear solver tolerance not achieved. The reduction is:6.77549e-06 after 20 iterations 
 Newton its=11, linearizations=12 (0.2sec), linear its=180 (2.0sec)

Report step 880/1000 at day 0.183333/0.208333, date = 01-Jan-2025

Starting time step 0, stepsize 0.000208333 days, at day 0.183333/0.183542, date = 01-Jan-2025

Warning: Full linear solver tolerance not achieved. The reduction is:1.1479e-05 after 20 iterations 

Warning: Full linear solver tolerance not achieved. The reduction is:6.8113e-06 after 20 iterations 

Warning: Full linear solver tolerance not achieved. The reduction is:6.74257e-06 after 20 iterations 

Warning: Full linear solver tolerance not achieved. The reduction is:5.26648e-06 after 20 iterations 

Warning: Full linear solver tolerance not achieved. The reduction is:5.03971e-06 after 20 iterations 

Warning: Full linear solver tolerance not achieved. The reduction is:6.18241e-06 after 20 iterations 

Warning: Full linear solver tolerance not achieved. The reduction is:5.62989e-06 after 20 iterations 

Warning: Full linear solver tolerance not achieved. The reduction is:5.33978e-06 after 20 iterations 

Problem: Solver convergence failure - Iteration limit reached
Timestep chopped to 0.000069 days


Starting time step 0, stepsize 6.875e-05 days, at day 0.183333/0.183542, date = 01-Jan-2025
 Newton its= 9, linearizations=10 (0.2sec), linear its=133 (1.6sec)

Starting time step 1, stepsize 6.11111e-05 days, at day 0.183402/0.183542, date = 01-Jan-2025
 Newton its= 4, linearizations= 5 (0.1sec), linear its= 61 (0.8sec)

Starting time step 2, stepsize 7.84722e-05 days, at day 0.183463/0.183542, date = 01-Jan-2025
 Newton its= 9, linearizations=10 (0.2sec), linear its=143 (1.8sec)

Report step 881/1000 at day 0.183542/0.208333, date = 01-Jan-2025

Starting time step 0, stepsize 0.000208333 days, at day 0.183542/0.18375, date = 01-Jan-2025
 Newton its=10, linearizations=11 (0.2sec), linear its=159 (2.0sec)

Report step 882/1000 at day 0.18375/0.208333, date = 01-Jan-2025

Starting time step 0, stepsize 0.000208333 days, at day 0.18375/0.183958, date = 01-Jan-2025

Warning: Full linear solver tolerance not achieved. The reduction is:3.08972e-05 after 20 iterations 
 Newton its=12, linearizations=13 (0.3sec), linear its=191 (2.4sec)

Report step 883/1000 at day 0.183958/0.208333, date = 01-Jan-2025

Starting time step 0, stepsize 0.000208333 days, at day 0.183958/0.184167, date = 01-Jan-2025

Warning: Full linear solver tolerance not achieved. The reduction is:5.33851e-06 after 20 iterations 

Warning: Full linear solver tolerance not achieved. The reduction is:5.58719e-06 after 20 iterations 
 Newton its=17, linearizations=18 (0.4sec), linear its=288 (3.8sec)

Report step 884/1000 at day 0.184167/0.208333, date = 01-Jan-2025

Starting time step 0, stepsize 0.000208333 days, at day 0.184167/0.184375, date = 01-Jan-2025

Warning: Full linear solver tolerance not achieved. The reduction is:1.89083e-05 after 20 iterations 

Warning: Full linear solver tolerance not achieved. The reduction is:0.00066201 after 20 iterations 

Problem: Solver convergence failure - Numerical problem encountered
Timestep chopped to 0.000069 days


Starting time step 0, stepsize 6.875e-05 days, at day 0.184167/0.184375, date = 01-Jan-2025

Warning: Full linear solver tolerance not achieved. The reduction is:7.47517e-06 after 20 iterations 

Warning: Full linear solver tolerance not achieved. The reduction is:1.40483e-05 after 20 iterations 

Warning: Full linear solver tolerance not achieved. The reduction is:0.000317056 after 20 iterations 
 Newton its= 9, linearizations=10 (0.2sec), linear its=152 (2.0sec)

Starting time step 1, stepsize 6.11111e-05 days, at day 0.184235/0.184375, date = 01-Jan-2025
 Newton its= 3, linearizations= 4 (0.1sec), linear its= 47 (0.7sec)

Starting time step 2, stepsize 7.84722e-05 days, at day 0.184297/0.184375, date = 01-Jan-2025
 Newton its= 4, linearizations= 5 (0.1sec), linear its= 64 (0.8sec)

Report step 885/1000 at day 0.184375/0.208333, date = 01-Jan-2025

Starting time step 0, stepsize 0.000208333 days, at day 0.184375/0.184583, date = 01-Jan-2025

Warning: Full linear solver tolerance not achieved. The reduction is:9.94667e-06 after 20 iterations 

Problem: Solver convergence failure - Iteration limit reached
Timestep chopped to 0.000069 days


Starting time step 0, stepsize 6.875e-05 days, at day 0.184375/0.184583, date = 01-Jan-2025
 Newton its= 9, linearizations=10 (0.2sec), linear its=134 (1.5sec)

Starting time step 1, stepsize 6.11111e-05 days, at day 0.184444/0.184583, date = 01-Jan-2025
 Newton its= 4, linearizations= 5 (0.1sec), linear its= 67 (0.7sec)

Starting time step 2, stepsize 7.84722e-05 days, at day 0.184505/0.184583, date = 01-Jan-2025

Warning: Full linear solver tolerance not achieved. The reduction is:1.94981e-05 after 20 iterations 
 Newton its= 4, linearizations= 5 (0.1sec), linear its= 74 (0.8sec)

Report step 886/1000 at day 0.184583/0.208333, date = 01-Jan-2025

Starting time step 0, stepsize 0.000208333 days, at day 0.184583/0.184792, date = 01-Jan-2025

Warning: Full linear solver tolerance not achieved. The reduction is:7.48818e-06 after 20 iterations 
 Newton its=10, linearizations=11 (0.2sec), linear its=173 (1.9sec)

Report step 887/1000 at day 0.184792/0.208333, date = 01-Jan-2025

Starting time step 0, stepsize 0.000208333 days, at day 0.184792/0.185, date = 01-Jan-2025

Warning: Full linear solver tolerance not achieved. The reduction is:1.14219e-05 after 20 iterations 

Warning: Full linear solver tolerance not achieved. The reduction is:1.5555e-05 after 20 iterations 

Warning: Full linear solver tolerance not achieved. The reduction is:8.60278e-05 after 20 iterations 

Warning: Full linear solver tolerance not achieved. The reduction is:3.06307e-05 after 20 iterations 
 Newton its=11, linearizations=12 (0.2sec), linear its=170 (1.8sec)

Report step 888/1000 at day 0.185/0.208333, date = 01-Jan-2025

Starting time step 0, stepsize 0.000208333 days, at day 0.185/0.185208, date = 01-Jan-2025

Warning: Full linear solver tolerance not achieved. The reduction is:0.000279254 after 20 iterations 

Warning: Full linear solver tolerance not achieved. The reduction is:1.29892e-05 after 20 iterations 

Warning: Full linear solver tolerance not achieved. The reduction is:5.57664e-05 after 20 iterations 
 Newton its=10, linearizations=11 (0.2sec), linear its=172 (1.9sec)

Report step 889/1000 at day 0.185208/0.208333, date = 01-Jan-2025

Starting time step 0, stepsize 0.000208333 days, at day 0.185208/0.185417, date = 01-Jan-2025

Warning: Full linear solver tolerance not achieved. The reduction is:0.000325421 after 20 iterations 

Problem: Solver convergence failure - Iteration limit reached
Timestep chopped to 0.000069 days


Starting time step 0, stepsize 6.875e-05 days, at day 0.185208/0.185417, date = 01-Jan-2025
 Newton its= 7, linearizations= 8 (0.2sec), linear its=110 (1.2sec)

Starting time step 1, stepsize 6.97917e-05 days, at day 0.185277/0.185417, date = 01-Jan-2025
 Newton its= 6, linearizations= 7 (0.2sec), linear its= 84 (1.0sec)

Starting time step 2, stepsize 6.97917e-05 days, at day 0.185347/0.185417, date = 01-Jan-2025
 Newton its= 3, linearizations= 4 (0.1sec), linear its= 43 (0.5sec)

Report step 890/1000 at day 0.185417/0.208333, date = 01-Jan-2025

Starting time step 0, stepsize 0.000208333 days, at day 0.185417/0.185625, date = 01-Jan-2025

Warning: Full linear solver tolerance not achieved. The reduction is:9.25017e-05 after 20 iterations 

Warning: Full linear solver tolerance not achieved. The reduction is:0.000173329 after 20 iterations 
 Newton its=16, linearizations=17 (0.3sec), linear its=249 (2.7sec)

Report step 891/1000 at day 0.185625/0.208333, date = 01-Jan-2025

Starting time step 0, stepsize 0.000208333 days, at day 0.185625/0.185833, date = 01-Jan-2025

Warning: Full linear solver tolerance not achieved. The reduction is:1.6577e-05 after 20 iterations 

Warning: Full linear solver tolerance not achieved. The reduction is:3.04403e-05 after 20 iterations 
 Newton its=11, linearizations=12 (0.2sec), linear its=191 (2.0sec)

Report step 892/1000 at day 0.185833/0.208333, date = 01-Jan-2025

Starting time step 0, stepsize 0.000208333 days, at day 0.185833/0.186042, date = 01-Jan-2025

Warning: Full linear solver tolerance not achieved. The reduction is:0.000674484 after 20 iterations 

Warning: Full linear solver tolerance not achieved. The reduction is:5.87899e-06 after 20 iterations 
 Newton its=10, linearizations=11 (0.2sec), linear its=164 (1.8sec)

Report step 893/1000 at day 0.186042/0.208333, date = 01-Jan-2025

Starting time step 0, stepsize 0.000208333 days, at day 0.186042/0.18625, date = 01-Jan-2025

Warning: Full linear solver tolerance not achieved. The reduction is:8.9632e-06 after 20 iterations 
 Newton its= 6, linearizations= 7 (0.1sec), linear its=108 (1.2sec)

Report step 894/1000 at day 0.18625/0.208333, date = 01-Jan-2025

Starting time step 0, stepsize 0.000208333 days, at day 0.18625/0.186458, date = 01-Jan-2025

Warning: Full linear solver tolerance not achieved. The reduction is:2.26407e-05 after 20 iterations 

Warning: Full linear solver tolerance not achieved. The reduction is:7.76702e-06 after 20 iterations 

Warning: Full linear solver tolerance not achieved. The reduction is:1.38925e-05 after 20 iterations 

Warning: Full linear solver tolerance not achieved. The reduction is:4.41971e-05 after 20 iterations 

Warning: Full linear solver tolerance not achieved. The reduction is:1.96941e-05 after 20 iterations 

Warning: Full linear solver tolerance not achieved. The reduction is:6.64789e-05 after 20 iterations 

Warning: Full linear solver tolerance not achieved. The reduction is:4.02798e-05 after 20 iterations 

Warning: Full linear solver tolerance not achieved. The reduction is:4.04549e-05 after 20 iterations 

Warning: Full linear solver tolerance not achieved. The reduction is:0.000103959 after 20 iterations 

Warning: Full linear solver tolerance not achieved. The reduction is:4.0126e-05 after 20 iterations 

Warning: Full linear solver tolerance not achieved. The reduction is:4.03162e-05 after 20 iterations 

Warning: Full linear solver tolerance not achieved. The reduction is:0.000117062 after 20 iterations 

Problem: Solver convergence failure - Iteration limit reached
Timestep chopped to 0.000069 days


Starting time step 0, stepsize 6.875e-05 days, at day 0.18625/0.186458, date = 01-Jan-2025
 Newton its= 9, linearizations=10 (0.2sec), linear its=121 (1.4sec)

Starting time step 1, stepsize 6.11111e-05 days, at day 0.186319/0.186458, date = 01-Jan-2025
 Newton its= 3, linearizations= 4 (0.1sec), linear its= 40 (0.5sec)

Starting time step 2, stepsize 7.84722e-05 days, at day 0.18638/0.186458, date = 01-Jan-2025
 Newton its= 3, linearizations= 4 (0.1sec), linear its= 42 (0.5sec)

Report step 895/1000 at day 0.186458/0.208333, date = 01-Jan-2025

Starting time step 0, stepsize 0.000208333 days, at day 0.186458/0.186667, date = 01-Jan-2025

Warning: Full linear solver tolerance not achieved. The reduction is:7.82402e-06 after 20 iterations 
 Newton its=11, linearizations=12 (0.2sec), linear its=184 (2.1sec)

Report step 896/1000 at day 0.186667/0.208333, date = 01-Jan-2025

Starting time step 0, stepsize 0.000208333 days, at day 0.186667/0.186875, date = 01-Jan-2025

Warning: Full linear solver tolerance not achieved. The reduction is:9.89447e-06 after 20 iterations 

Warning: Full linear solver tolerance not achieved. The reduction is:7.89414e-06 after 20 iterations 

Warning: Full linear solver tolerance not achieved. The reduction is:6.8223e-06 after 20 iterations 

Warning: Full linear solver tolerance not achieved. The reduction is:5.56182e-06 after 20 iterations 

Warning: Full linear solver tolerance not achieved. The reduction is:8.71254e-06 after 20 iterations 

Warning: Full linear solver tolerance not achieved. The reduction is:6.11142e-06 after 20 iterations 

Warning: Full linear solver tolerance not achieved. The reduction is:0.00011221 after 20 iterations 

Warning: Full linear solver tolerance not achieved. The reduction is:7.29584e-06 after 20 iterations 

Warning: Full linear solver tolerance not achieved. The reduction is:5.61822e-06 after 20 iterations 

Warning: Full linear solver tolerance not achieved. The reduction is:1.05841e-05 after 20 iterations 

Warning: Full linear solver tolerance not achieved. The reduction is:7.21483e-06 after 20 iterations 

Warning: Full linear solver tolerance not achieved. The reduction is:5.61827e-06 after 20 iterations 

Warning: Full linear solver tolerance not achieved. The reduction is:1.06464e-05 after 20 iterations 

Problem: Solver convergence failure - Iteration limit reached
Timestep chopped to 0.000069 days


Starting time step 0, stepsize 6.875e-05 days, at day 0.186667/0.186875, date = 01-Jan-2025
 Newton its= 5, linearizations= 6 (0.1sec), linear its= 66 (0.7sec)

Starting time step 1, stepsize 0.000139583 days, at day 0.186735/0.186875, date = 01-Jan-2025

Warning: Full linear solver tolerance not achieved. The reduction is:5.76363e-06 after 20 iterations 
 Newton its= 8, linearizations= 9 (0.2sec), linear its=128 (1.3sec)

Report step 897/1000 at day 0.186875/0.208333, date = 01-Jan-2025

Starting time step 0, stepsize 0.000208333 days, at day 0.186875/0.187083, date = 01-Jan-2025

Warning: Full linear solver tolerance not achieved. The reduction is:1.31977e-05 after 20 iterations 
 Newton its=10, linearizations=11 (0.2sec), linear its=166 (1.7sec)

Report step 898/1000 at day 0.187083/0.208333, date = 01-Jan-2025

Starting time step 0, stepsize 0.000208333 days, at day 0.187083/0.187292, date = 01-Jan-2025

Warning: Full linear solver tolerance not achieved. The reduction is:9.19807e-06 after 20 iterations 
 Newton its=27, linearizations=28 (0.5sec), linear its=395 (4.3sec)

Report step 899/1000 at day 0.187292/0.208333, date = 01-Jan-2025

Starting time step 0, stepsize 0.000208333 days, at day 0.187292/0.1875, date = 01-Jan-2025

Warning: Full linear solver tolerance not achieved. The reduction is:1.55494e-05 after 20 iterations 

Warning: Full linear solver tolerance not achieved. The reduction is:1.61009e-05 after 20 iterations 

Warning: Full linear solver tolerance not achieved. The reduction is:2.03835e-05 after 20 iterations 

Problem: Solver convergence failure - Iteration limit reached
Timestep chopped to 0.000069 days


Starting time step 0, stepsize 6.875e-05 days, at day 0.187292/0.1875, date = 01-Jan-2025
 Newton its= 8, linearizations= 9 (0.1sec), linear its=117 (1.2sec)

Starting time step 1, stepsize 6.875e-05 days, at day 0.18736/0.1875, date = 01-Jan-2025
 Newton its= 4, linearizations= 5 (0.1sec), linear its= 57 (0.6sec)

Starting time step 2, stepsize 7.08333e-05 days, at day 0.187429/0.1875, date = 01-Jan-2025

Problem: Solver convergence failure - Iteration limit reached
Timestep chopped to 0.000023 days


Starting time step 2, stepsize 2.3375e-05 days, at day 0.187429/0.1875, date = 01-Jan-2025
 Newton its= 3, linearizations= 4 (0.1sec), linear its= 44 (0.5sec)

Starting time step 3, stepsize 4.74583e-05 days, at day 0.187453/0.1875, date = 01-Jan-2025
 Newton its= 3, linearizations= 4 (0.1sec), linear its= 43 (0.5sec)

Report step 900/1000 at day 0.1875/0.208333, date = 01-Jan-2025

Starting time step 0, stepsize 0.000208333 days, at day 0.1875/0.187708, date = 01-Jan-2025

Warning: Full linear solver tolerance not achieved. The reduction is:1.95309e-05 after 20 iterations 

Warning: Full linear solver tolerance not achieved. The reduction is:9.24288e-05 after 20 iterations 

Warning: Full linear solver tolerance not achieved. The reduction is:1.83617e-05 after 20 iterations 

Warning: Full linear solver tolerance not achieved. The reduction is:5.46793e-05 after 20 iterations 

Warning: Full linear solver tolerance not achieved. The reduction is:5.12825e-06 after 20 iterations 

Warning: Full linear solver tolerance not achieved. The reduction is:5.11916e-06 after 20 iterations 

Problem: Solver convergence failure - Iteration limit reached
Timestep chopped to 0.000069 days


Starting time step 0, stepsize 6.875e-05 days, at day 0.1875/0.187708, date = 01-Jan-2025

Problem: Solver convergence failure - Iteration limit reached
Timestep chopped to 0.000023 days


Starting time step 0, stepsize 2.26875e-05 days, at day 0.1875/0.187708, date = 01-Jan-2025
 Newton its= 3, linearizations= 4 (0.1sec), linear its= 38 (0.4sec)

Starting time step 1, stepsize 4.5375e-05 days, at day 0.187523/0.187708, date = 01-Jan-2025

Problem: Solver convergence failure - Iteration limit reached
Timestep chopped to 0.000015 days


Starting time step 1, stepsize 1.49738e-05 days, at day 0.187523/0.187708, date = 01-Jan-2025
 Newton its= 6, linearizations= 7 (0.1sec), linear its= 74 (0.8sec)

Starting time step 2, stepsize 2.69528e-05 days, at day 0.187538/0.187708, date = 01-Jan-2025

Problem: Solver convergence failure - Iteration limit reached
Timestep chopped to 0.000009 days


Starting time step 2, stepsize 8.89441e-06 days, at day 0.187538/0.187708, date = 01-Jan-2025

Problem: Solver convergence failure - Iteration limit reached
Timestep chopped to 0.000003 days


Starting time step 2, stepsize 2.93515e-06 days, at day 0.187538/0.187708, date = 01-Jan-2025
 Newton its= 2, linearizations= 3 (0.1sec), linear its= 15 (0.2sec)

Starting time step 3, stepsize 5.87031e-06 days, at day 0.187541/0.187708, date = 01-Jan-2025
 Newton its= 3, linearizations= 4 (0.1sec), linear its= 39 (0.4sec)

Starting time step 4, stepsize 1.76109e-05 days, at day 0.187546/0.187708, date = 01-Jan-2025
 Newton its= 2, linearizations= 3 (0.0sec), linear its= 26 (0.3sec)

Starting time step 5, stepsize 5.28328e-05 days, at day 0.187564/0.187708, date = 01-Jan-2025
 Newton its= 4, linearizations= 5 (0.1sec), linear its= 59 (0.6sec)

Starting time step 6, stepsize 9.14229e-05 days, at day 0.187617/0.187708, date = 01-Jan-2025

Problem: Solver convergence failure - Iteration limit reached
Timestep chopped to 0.000030 days


Starting time step 6, stepsize 3.01696e-05 days, at day 0.187617/0.187708, date = 01-Jan-2025
 Newton its= 3, linearizations= 4 (0.1sec), linear its= 41 (0.5sec)

Starting time step 7, stepsize 6.12534e-05 days, at day 0.187647/0.187708, date = 01-Jan-2025
 Newton its= 4, linearizations= 5 (0.1sec), linear its= 60 (0.6sec)

Report step 901/1000 at day 0.187708/0.208333, date = 01-Jan-2025

Starting time step 0, stepsize 0.000208333 days, at day 0.187708/0.187917, date = 01-Jan-2025

Warning: Full linear solver tolerance not achieved. The reduction is:0.000139541 after 20 iterations 

Warning: Full linear solver tolerance not achieved. The reduction is:1.50162e-05 after 20 iterations 

Warning: Full linear solver tolerance not achieved. The reduction is:9.49168e-06 after 20 iterations 

Warning: Full linear solver tolerance not achieved. The reduction is:6.38858e-06 after 20 iterations 

Warning: Full linear solver tolerance not achieved. The reduction is:5.0032e-06 after 20 iterations 
    Oscillating behavior detected: Relaxation set to 0.900000
 Newton its=38, linearizations=39 (0.6sec), linear its=637 (6.3sec)

Report step 902/1000 at day 0.187917/0.208333, date = 01-Jan-2025

Starting time step 0, stepsize 0.000208333 days, at day 0.187917/0.188125, date = 01-Jan-2025

Warning: Full linear solver tolerance not achieved. The reduction is:4.55257e-05 after 20 iterations 

Warning: Full linear solver tolerance not achieved. The reduction is:7.24319e-05 after 20 iterations 

Warning: Full linear solver tolerance not achieved. The reduction is:2.43708e-05 after 20 iterations 

Warning: Full linear solver tolerance not achieved. The reduction is:5.19674e-05 after 20 iterations 

Warning: Full linear solver tolerance not achieved. The reduction is:8.05328e-06 after 20 iterations 

Warning: Full linear solver tolerance not achieved. The reduction is:1.02561e-05 after 20 iterations 

Warning: Full linear solver tolerance not achieved. The reduction is:0.000184732 after 20 iterations 

Warning: Full linear solver tolerance not achieved. The reduction is:5.86076e-06 after 20 iterations 

Warning: Full linear solver tolerance not achieved. The reduction is:1.48491e-05 after 20 iterations 

Warning: Full linear solver tolerance not achieved. The reduction is:7.47554e-05 after 20 iterations 

Warning: Full linear solver tolerance not achieved. The reduction is:6.44208e-06 after 20 iterations 

Warning: Full linear solver tolerance not achieved. The reduction is:1.80979e-05 after 20 iterations 

Warning: Full linear solver tolerance not achieved. The reduction is:4.70249e-05 after 20 iterations 

Warning: Full linear solver tolerance not achieved. The reduction is:5.29358e-06 after 20 iterations 

Warning: Full linear solver tolerance not achieved. The reduction is:6.63136e-06 after 20 iterations 

Warning: Full linear solver tolerance not achieved. The reduction is:4.71052e-05 after 20 iterations 

Warning: Full linear solver tolerance not achieved. The reduction is:5.29332e-06 after 20 iterations 

Warning: Full linear solver tolerance not achieved. The reduction is:6.68718e-06 after 20 iterations 

Warning: Full linear solver tolerance not achieved. The reduction is:4.71048e-05 after 20 iterations 

Warning: Full linear solver tolerance not achieved. The reduction is:5.29332e-06 after 20 iterations 

Warning: Full linear solver tolerance not achieved. The reduction is:6.61904e-06 after 20 iterations 

Warning: Full linear solver tolerance not achieved. The reduction is:4.7105e-05 after 20 iterations 

Warning: Full linear solver tolerance not achieved. The reduction is:5.29332e-06 after 20 iterations 

Warning: Full linear solver tolerance not achieved. The reduction is:6.59023e-06 after 20 iterations 

Warning: Full linear solver tolerance not achieved. The reduction is:4.71053e-05 after 20 iterations 

Warning: Full linear solver tolerance not achieved. The reduction is:5.29332e-06 after 20 iterations 

Warning: Full linear solver tolerance not achieved. The reduction is:6.66759e-06 after 20 iterations 

Warning: Full linear solver tolerance not achieved. The reduction is:4.7105e-05 after 20 iterations 

Warning: Full linear solver tolerance not achieved. The reduction is:5.29332e-06 after 20 iterations 

Warning: Full linear solver tolerance not achieved. The reduction is:6.57685e-06 after 20 iterations 

Warning: Full linear solver tolerance not achieved. The reduction is:4.71054e-05 after 20 iterations 

Warning: Full linear solver tolerance not achieved. The reduction is:5.29332e-06 after 20 iterations 

Warning: Full linear solver tolerance not achieved. The reduction is:6.58389e-06 after 20 iterations 

Warning: Full linear solver tolerance not achieved. The reduction is:7.24724e-05 after 20 iterations 

Warning: Full linear solver tolerance not achieved. The reduction is:1.05882e-05 after 20 iterations 

Warning: Full linear solver tolerance not achieved. The reduction is:1.11373e-05 after 20 iterations 

Warning: Full linear solver tolerance not achieved. The reduction is:4.87065e-05 after 20 iterations 

Warning: Full linear solver tolerance not achieved. The reduction is:1.06364e-05 after 20 iterations 

Problem: Solver convergence failure - Iteration limit reached
Timestep chopped to 0.000069 days


Starting time step 0, stepsize 6.875e-05 days, at day 0.187917/0.188125, date = 01-Jan-2025
 Newton its= 3, linearizations= 4 (0.1sec), linear its= 48 (0.5sec)

Starting time step 1, stepsize 0.000139583 days, at day 0.187985/0.188125, date = 01-Jan-2025

Warning: Full linear solver tolerance not achieved. The reduction is:4.74079e-05 after 20 iterations 

Warning: Full linear solver tolerance not achieved. The reduction is:2.61946e-05 after 20 iterations 
    Oscillating behavior detected: Relaxation set to 0.900000
    Oscillating behavior detected: Relaxation set to 0.800000

Warning: Full linear solver tolerance not achieved. The reduction is:1.87322e-05 after 20 iterations 

Warning: Full linear solver tolerance not achieved. The reduction is:1.83563e-05 after 20 iterations 

Warning: Full linear solver tolerance not achieved. The reduction is:7.55225e-06 after 20 iterations 

Warning: Full linear solver tolerance not achieved. The reduction is:1.90305e-05 after 20 iterations 

Warning: Full linear solver tolerance not achieved. The reduction is:1.40821e-05 after 20 iterations 

Warning: Full linear solver tolerance not achieved. The reduction is:1.88974e-05 after 20 iterations 

Warning: Full linear solver tolerance not achieved. The reduction is:1.60789e-05 after 20 iterations 

Problem: Solver convergence failure - Iteration limit reached
Timestep chopped to 0.000046 days


Starting time step 1, stepsize 4.60625e-05 days, at day 0.187985/0.188125, date = 01-Jan-2025
 Newton its= 8, linearizations= 9 (0.2sec), linear its=111 (1.2sec)

Starting time step 2, stepsize 4.60625e-05 days, at day 0.188031/0.188125, date = 01-Jan-2025
 Newton its= 5, linearizations= 6 (0.1sec), linear its= 78 (0.8sec)

Starting time step 3, stepsize 4.74583e-05 days, at day 0.188078/0.188125, date = 01-Jan-2025
 Newton its= 2, linearizations= 3 (0.0sec), linear its= 33 (0.3sec)

Report step 903/1000 at day 0.188125/0.208333, date = 01-Jan-2025

Starting time step 0, stepsize 0.000208333 days, at day 0.188125/0.188333, date = 01-Jan-2025

Warning: Full linear solver tolerance not achieved. The reduction is:6.57022e-05 after 20 iterations 

Warning: Full linear solver tolerance not achieved. The reduction is:0.00010471 after 20 iterations 

Warning: Full linear solver tolerance not achieved. The reduction is:0.000211325 after 20 iterations 

Warning: Full linear solver tolerance not achieved. The reduction is:0.000164329 after 20 iterations 

Warning: Full linear solver tolerance not achieved. The reduction is:6.13026e-06 after 20 iterations 

Warning: Full linear solver tolerance not achieved. The reduction is:9.08388e-05 after 20 iterations 

Warning: Full linear solver tolerance not achieved. The reduction is:1.06843e-05 after 20 iterations 

Warning: Full linear solver tolerance not achieved. The reduction is:0.000105352 after 20 iterations 

Warning: Full linear solver tolerance not achieved. The reduction is:8.93321e-06 after 20 iterations 

Warning: Full linear solver tolerance not achieved. The reduction is:3.86862e-05 after 20 iterations 

Warning: Full linear solver tolerance not achieved. The reduction is:5.80716e-05 after 20 iterations 

Warning: Full linear solver tolerance not achieved. The reduction is:0.000115718 after 20 iterations 

Warning: Full linear solver tolerance not achieved. The reduction is:0.000136951 after 20 iterations 

Warning: Full linear solver tolerance not achieved. The reduction is:0.000134191 after 20 iterations 

Warning: Full linear solver tolerance not achieved. The reduction is:5.92403e-05 after 20 iterations 

Warning: Full linear solver tolerance not achieved. The reduction is:5.0596e-05 after 20 iterations 

Warning: Full linear solver tolerance not achieved. The reduction is:0.000137512 after 20 iterations 

Warning: Full linear solver tolerance not achieved. The reduction is:0.000118583 after 20 iterations 

Warning: Full linear solver tolerance not achieved. The reduction is:0.000176769 after 20 iterations 

Warning: Full linear solver tolerance not achieved. The reduction is:0.000148308 after 20 iterations 

Warning: Full linear solver tolerance not achieved. The reduction is:5.65451e-05 after 20 iterations 

Warning: Full linear solver tolerance not achieved. The reduction is:0.000107488 after 20 iterations 

Warning: Full linear solver tolerance not achieved. The reduction is:0.000134692 after 20 iterations 

Warning: Full linear solver tolerance not achieved. The reduction is:0.000114553 after 20 iterations 

Warning: Full linear solver tolerance not achieved. The reduction is:0.000179672 after 20 iterations 

Warning: Full linear solver tolerance not achieved. The reduction is:7.49399e-06 after 20 iterations 

Warning: Full linear solver tolerance not achieved. The reduction is:0.000146162 after 20 iterations 

Warning: Full linear solver tolerance not achieved. The reduction is:0.000183898 after 20 iterations 

Warning: Full linear solver tolerance not achieved. The reduction is:8.12233e-06 after 20 iterations 

Problem: Solver convergence failure - Iteration limit reached
Timestep chopped to 0.000069 days


Starting time step 0, stepsize 6.875e-05 days, at day 0.188125/0.188333, date = 01-Jan-2025
 Newton its= 4, linearizations= 5 (0.1sec), linear its= 66 (0.7sec)

Starting time step 1, stepsize 0.000139583 days, at day 0.188194/0.188333, date = 01-Jan-2025

Warning: Full linear solver tolerance not achieved. The reduction is:2.51481e-05 after 20 iterations 

Warning: Full linear solver tolerance not achieved. The reduction is:9.9432e-05 after 20 iterations 

Warning: Full linear solver tolerance not achieved. The reduction is:5.74179e-06 after 20 iterations 

Warning: Full linear solver tolerance not achieved. The reduction is:7.4983e-06 after 20 iterations 

Warning: Full linear solver tolerance not achieved. The reduction is:1.3364e-05 after 20 iterations 

Problem: Solver convergence failure - Iteration limit reached
Timestep chopped to 0.000046 days


Starting time step 1, stepsize 4.60625e-05 days, at day 0.188194/0.188333, date = 01-Jan-2025
 Newton its= 5, linearizations= 6 (0.1sec), linear its= 70 (0.7sec)

Starting time step 2, stepsize 9.35208e-05 days, at day 0.18824/0.188333, date = 01-Jan-2025

Warning: Full linear solver tolerance not achieved. The reduction is:1.29557e-05 after 20 iterations 

Warning: Full linear solver tolerance not achieved. The reduction is:1.02926e-05 after 20 iterations 
 Newton its=10, linearizations=11 (0.2sec), linear its=174 (1.8sec)

Report step 904/1000 at day 0.188333/0.208333, date = 01-Jan-2025

Starting time step 0, stepsize 0.000208333 days, at day 0.188333/0.188542, date = 01-Jan-2025

Warning: Full linear solver tolerance not achieved. The reduction is:0.000157788 after 20 iterations 

Warning: Full linear solver tolerance not achieved. The reduction is:8.20819e-06 after 20 iterations 

Warning: Full linear solver tolerance not achieved. The reduction is:5.21461e-06 after 20 iterations 

Warning: Full linear solver tolerance not achieved. The reduction is:7.31454e-06 after 20 iterations 

Warning: Full linear solver tolerance not achieved. The reduction is:5.3606e-05 after 20 iterations 

Warning: Full linear solver tolerance not achieved. The reduction is:1.15985e-05 after 20 iterations 

Warning: Full linear solver tolerance not achieved. The reduction is:3.20787e-05 after 20 iterations 

Warning: Full linear solver tolerance not achieved. The reduction is:1.0896e-05 after 20 iterations 

Warning: Full linear solver tolerance not achieved. The reduction is:2.92293e-05 after 20 iterations 

Warning: Full linear solver tolerance not achieved. The reduction is:1.59344e-05 after 20 iterations 

Warning: Full linear solver tolerance not achieved. The reduction is:3.65731e-05 after 20 iterations 

Warning: Full linear solver tolerance not achieved. The reduction is:1.14983e-05 after 20 iterations 

Warning: Full linear solver tolerance not achieved. The reduction is:0.000213285 after 20 iterations 

Problem: Solver convergence failure - Iteration limit reached
Timestep chopped to 0.000069 days


Starting time step 0, stepsize 6.875e-05 days, at day 0.188333/0.188542, date = 01-Jan-2025

Warning: Full linear solver tolerance not achieved. The reduction is:6.66324e-06 after 20 iterations 
 Newton its= 3, linearizations= 4 (0.1sec), linear its= 53 (0.5sec)

Starting time step 1, stepsize 0.000139583 days, at day 0.188402/0.188542, date = 01-Jan-2025

Warning: Full linear solver tolerance not achieved. The reduction is:1.18056e-05 after 20 iterations 

Warning: Full linear solver tolerance not achieved. The reduction is:2.23401e-05 after 20 iterations 

Warning: Full linear solver tolerance not achieved. The reduction is:5.36359e-06 after 20 iterations 

Warning: Full linear solver tolerance not achieved. The reduction is:1.57551e-05 after 20 iterations 

Warning: Full linear solver tolerance not achieved. The reduction is:5.59333e-06 after 20 iterations 
 Newton its=12, linearizations=13 (0.2sec), linear its=213 (2.1sec)

Report step 905/1000 at day 0.188542/0.208333, date = 01-Jan-2025

Starting time step 0, stepsize 0.000208333 days, at day 0.188542/0.18875, date = 01-Jan-2025

Warning: Full linear solver tolerance not achieved. The reduction is:0.000551844 after 20 iterations 

Warning: Full linear solver tolerance not achieved. The reduction is:5.75824e-05 after 20 iterations 

Warning: Full linear solver tolerance not achieved. The reduction is:3.54279e-05 after 20 iterations 

Warning: Full linear solver tolerance not achieved. The reduction is:6.67925e-06 after 20 iterations 

Warning: Full linear solver tolerance not achieved. The reduction is:1.79551e-05 after 20 iterations 

Warning: Full linear solver tolerance not achieved. The reduction is:6.16909e-05 after 20 iterations 

Warning: Full linear solver tolerance not achieved. The reduction is:8.29315e-06 after 20 iterations 

Warning: Full linear solver tolerance not achieved. The reduction is:7.3591e-06 after 20 iterations 

Warning: Full linear solver tolerance not achieved. The reduction is:1.10752e-05 after 20 iterations 

Warning: Full linear solver tolerance not achieved. The reduction is:5.98272e-05 after 20 iterations 

Warning: Full linear solver tolerance not achieved. The reduction is:5.75699e-05 after 20 iterations 

Warning: Full linear solver tolerance not achieved. The reduction is:5.14005e-06 after 20 iterations 

Problem: Solver convergence failure - Iteration limit reached
Timestep chopped to 0.000069 days


Starting time step 0, stepsize 6.875e-05 days, at day 0.188542/0.18875, date = 01-Jan-2025
 Newton its= 9, linearizations=10 (0.1sec), linear its=145 (1.3sec)

Starting time step 1, stepsize 6.11111e-05 days, at day 0.18861/0.18875, date = 01-Jan-2025
 Newton its= 5, linearizations= 6 (0.1sec), linear its= 82 (0.7sec)

Starting time step 2, stepsize 7.84722e-05 days, at day 0.188672/0.18875, date = 01-Jan-2025

Warning: Full linear solver tolerance not achieved. The reduction is:5.89372e-06 after 20 iterations 

Warning: Full linear solver tolerance not achieved. The reduction is:2.54293e-05 after 20 iterations 

Warning: Full linear solver tolerance not achieved. The reduction is:5.24015e-05 after 20 iterations 

Warning: Full linear solver tolerance not achieved. The reduction is:2.79243e-05 after 20 iterations 

Warning: Full linear solver tolerance not achieved. The reduction is:3.04328e-05 after 20 iterations 

Warning: Full linear solver tolerance not achieved. The reduction is:3.15036e-05 after 20 iterations 

Warning: Full linear solver tolerance not achieved. The reduction is:1.29307e-05 after 20 iterations 

Warning: Full linear solver tolerance not achieved. The reduction is:2.5454e-05 after 20 iterations 

Warning: Full linear solver tolerance not achieved. The reduction is:3.24063e-05 after 20 iterations 

Warning: Full linear solver tolerance not achieved. The reduction is:2.74904e-05 after 20 iterations 

Warning: Full linear solver tolerance not achieved. The reduction is:1.30317e-05 after 20 iterations 

Warning: Full linear solver tolerance not achieved. The reduction is:4.60943e-05 after 20 iterations 

Warning: Full linear solver tolerance not achieved. The reduction is:1.51538e-05 after 20 iterations 

Warning: Full linear solver tolerance not achieved. The reduction is:3.43714e-05 after 20 iterations 

Warning: Full linear solver tolerance not achieved. The reduction is:3.15103e-05 after 20 iterations 

Warning: Full linear solver tolerance not achieved. The reduction is:0.000182465 after 20 iterations 

Warning: Full linear solver tolerance not achieved. The reduction is:1.32129e-05 after 20 iterations 

Warning: Full linear solver tolerance not achieved. The reduction is:4.44674e-05 after 20 iterations 

Warning: Full linear solver tolerance not achieved. The reduction is:1.04424e-05 after 20 iterations 

Warning: Full linear solver tolerance not achieved. The reduction is:5.64953e-05 after 20 iterations 

Warning: Full linear solver tolerance not achieved. The reduction is:8.27229e-05 after 20 iterations 

Warning: Full linear solver tolerance not achieved. The reduction is:8.72573e-06 after 20 iterations 

Warning: Full linear solver tolerance not achieved. The reduction is:0.00220356 after 20 iterations 

Problem: Solver convergence failure - Iteration limit reached
Timestep chopped to 0.000026 days


Starting time step 2, stepsize 2.58958e-05 days, at day 0.188672/0.18875, date = 01-Jan-2025
 Newton its= 4, linearizations= 5 (0.1sec), linear its= 61 (0.6sec)

Starting time step 3, stepsize 5.25764e-05 days, at day 0.188697/0.18875, date = 01-Jan-2025

Warning: Full linear solver tolerance not achieved. The reduction is:9.03308e-06 after 20 iterations 
 Newton its= 4, linearizations= 5 (0.1sec), linear its= 66 (0.7sec)

Report step 906/1000 at day 0.18875/0.208333, date = 01-Jan-2025

Starting time step 0, stepsize 0.000208333 days, at day 0.18875/0.188958, date = 01-Jan-2025

Warning: Full linear solver tolerance not achieved. The reduction is:4.95467e-05 after 20 iterations 

Warning: Full linear solver tolerance not achieved. The reduction is:0.000163487 after 20 iterations 

Problem: Solver convergence failure - Numerical problem encountered
Timestep chopped to 0.000069 days


Starting time step 0, stepsize 6.875e-05 days, at day 0.18875/0.188958, date = 01-Jan-2025

Problem: Solver convergence failure - Numerical problem encountered
Timestep chopped to 0.000023 days


Starting time step 0, stepsize 2.26875e-05 days, at day 0.18875/0.188958, date = 01-Jan-2025
 Newton its= 4, linearizations= 5 (0.1sec), linear its= 53 (0.5sec)

Starting time step 1, stepsize 4.5375e-05 days, at day 0.188773/0.188958, date = 01-Jan-2025
 Newton its= 5, linearizations= 6 (0.1sec), linear its= 65 (0.6sec)

Starting time step 2, stepsize 7.01354e-05 days, at day 0.188818/0.188958, date = 01-Jan-2025
 Newton its= 6, linearizations= 7 (0.1sec), linear its= 89 (0.8sec)

Starting time step 3, stepsize 7.01354e-05 days, at day 0.188888/0.188958, date = 01-Jan-2025

Problem: Solver convergence failure - Iteration limit reached
Timestep chopped to 0.000023 days


Starting time step 3, stepsize 2.31447e-05 days, at day 0.188888/0.188958, date = 01-Jan-2025
 Newton its= 3, linearizations= 4 (0.1sec), linear its= 45 (0.4sec)

Starting time step 4, stepsize 4.69907e-05 days, at day 0.188911/0.188958, date = 01-Jan-2025
 Newton its= 4, linearizations= 5 (0.1sec), linear its= 61 (0.6sec)

Report step 907/1000 at day 0.188958/0.208333, date = 01-Jan-2025

Starting time step 0, stepsize 0.000208333 days, at day 0.188958/0.189167, date = 01-Jan-2025
    Oscillating behavior detected: Relaxation set to 0.900000

Problem: Solver convergence failure - Iteration limit reached
Timestep chopped to 0.000069 days


Starting time step 0, stepsize 6.875e-05 days, at day 0.188958/0.189167, date = 01-Jan-2025

Problem: Solver convergence failure - Iteration limit reached
Timestep chopped to 0.000023 days


Starting time step 0, stepsize 2.26875e-05 days, at day 0.188958/0.189167, date = 01-Jan-2025
 Newton its= 3, linearizations= 4 (0.1sec), linear its= 41 (0.4sec)

Starting time step 1, stepsize 4.5375e-05 days, at day 0.188981/0.189167, date = 01-Jan-2025
 Newton its= 4, linearizations= 5 (0.1sec), linear its= 60 (0.6sec)

Starting time step 2, stepsize 7.01354e-05 days, at day 0.189026/0.189167, date = 01-Jan-2025
 Newton its= 9, linearizations=10 (0.1sec), linear its=135 (1.3sec)

Starting time step 3, stepsize 3.50677e-05 days, at day 0.189097/0.189167, date = 01-Jan-2025
 Newton its= 4, linearizations= 5 (0.1sec), linear its= 52 (0.5sec)

Starting time step 4, stepsize 3.50677e-05 days, at day 0.189132/0.189167, date = 01-Jan-2025
 Newton its= 2, linearizations= 3 (0.1sec), linear its= 30 (0.3sec)

Report step 908/1000 at day 0.189167/0.208333, date = 01-Jan-2025

Starting time step 0, stepsize 0.000208333 days, at day 0.189167/0.189375, date = 01-Jan-2025

Warning: Full linear solver tolerance not achieved. The reduction is:7.85182e-06 after 20 iterations 

Warning: Full linear solver tolerance not achieved. The reduction is:5.75955e-06 after 20 iterations 

Warning: Full linear solver tolerance not achieved. The reduction is:7.33334e-06 after 20 iterations 

Warning: Full linear solver tolerance not achieved. The reduction is:1.25196e-05 after 20 iterations 

Warning: Full linear solver tolerance not achieved. The reduction is:1.27955e-05 after 20 iterations 

Warning: Full linear solver tolerance not achieved. The reduction is:1.281e-05 after 20 iterations 

Problem: Solver convergence failure - Iteration limit reached
Timestep chopped to 0.000069 days


Starting time step 0, stepsize 6.875e-05 days, at day 0.189167/0.189375, date = 01-Jan-2025

Warning: Full linear solver tolerance not achieved. The reduction is:1.54279e-05 after 20 iterations 

Warning: Full linear solver tolerance not achieved. The reduction is:2.09491e-05 after 20 iterations 

Problem: Solver convergence failure - Iteration limit reached
Timestep chopped to 0.000023 days


Starting time step 0, stepsize 2.26875e-05 days, at day 0.189167/0.189375, date = 01-Jan-2025
 Newton its= 4, linearizations= 5 (0.1sec), linear its= 52 (0.5sec)

Starting time step 1, stepsize 4.5375e-05 days, at day 0.189189/0.189375, date = 01-Jan-2025
 Newton its= 4, linearizations= 5 (0.1sec), linear its= 55 (0.5sec)

Starting time step 2, stepsize 7.01354e-05 days, at day 0.189235/0.189375, date = 01-Jan-2025

Problem: Solver convergence failure - Iteration limit reached
Timestep chopped to 0.000023 days


Starting time step 2, stepsize 2.31447e-05 days, at day 0.189235/0.189375, date = 01-Jan-2025
 Newton its= 4, linearizations= 5 (0.1sec), linear its= 51 (0.5sec)

Starting time step 3, stepsize 4.62894e-05 days, at day 0.189258/0.189375, date = 01-Jan-2025
 Newton its= 4, linearizations= 5 (0.1sec), linear its= 56 (0.5sec)

Starting time step 4, stepsize 7.08368e-05 days, at day 0.189304/0.189375, date = 01-Jan-2025
 Newton its= 8, linearizations= 9 (0.1sec), linear its=113 (1.1sec)

Report step 909/1000 at day 0.189375/0.208333, date = 01-Jan-2025

Starting time step 0, stepsize 0.000208333 days, at day 0.189375/0.189583, date = 01-Jan-2025

Warning: Full linear solver tolerance not achieved. The reduction is:1.95228e-05 after 20 iterations 

Warning: Full linear solver tolerance not achieved. The reduction is:5.91465e-05 after 20 iterations 

Warning: Full linear solver tolerance not achieved. The reduction is:1.55133e-05 after 20 iterations 

Warning: Full linear solver tolerance not achieved. The reduction is:6.33901e-06 after 20 iterations 
    Oscillating behavior detected: Relaxation set to 0.900000
    Oscillating behavior detected: Relaxation set to 0.800000

Warning: Full linear solver tolerance not achieved. The reduction is:5.52911e-06 after 20 iterations 
 Newton its=37, linearizations=38 (0.6sec), linear its=622 (5.8sec)

Report step 910/1000 at day 0.189583/0.208333, date = 01-Jan-2025

Starting time step 0, stepsize 0.000208333 days, at day 0.189583/0.189792, date = 01-Jan-2025

Warning: Full linear solver tolerance not achieved. The reduction is:1.04009e-05 after 20 iterations 

Warning: Full linear solver tolerance not achieved. The reduction is:8.67167e-05 after 20 iterations 

Warning: Full linear solver tolerance not achieved. The reduction is:9.83255e-06 after 20 iterations 

Warning: Full linear solver tolerance not achieved. The reduction is:4.62467e-05 after 20 iterations 
    Oscillating behavior detected: Relaxation set to 0.900000

Warning: Full linear solver tolerance not achieved. The reduction is:5.6959e-05 after 20 iterations 

Warning: Full linear solver tolerance not achieved. The reduction is:2.42326e-05 after 20 iterations 
 Newton its=18, linearizations=19 (0.3sec), linear its=321 (3.0sec)

Report step 911/1000 at day 0.189792/0.208333, date = 01-Jan-2025

Starting time step 0, stepsize 0.000208333 days, at day 0.189792/0.19, date = 01-Jan-2025

Warning: Full linear solver tolerance not achieved. The reduction is:6.66563e-05 after 20 iterations 

Warning: Full linear solver tolerance not achieved. The reduction is:6.63307e-05 after 20 iterations 

Warning: Full linear solver tolerance not achieved. The reduction is:1.43376e-05 after 20 iterations 

Warning: Full linear solver tolerance not achieved. The reduction is:1.07409e-05 after 20 iterations 

Warning: Full linear solver tolerance not achieved. The reduction is:8.52657e-06 after 20 iterations 

Warning: Full linear solver tolerance not achieved. The reduction is:7.94649e-05 after 20 iterations 

Warning: Full linear solver tolerance not achieved. The reduction is:6.57466e-06 after 20 iterations 

Warning: Full linear solver tolerance not achieved. The reduction is:2.00858e-05 after 20 iterations 

Warning: Full linear solver tolerance not achieved. The reduction is:4.47081e-05 after 20 iterations 

Warning: Full linear solver tolerance not achieved. The reduction is:5.77372e-06 after 20 iterations 

Warning: Full linear solver tolerance not achieved. The reduction is:1.50352e-05 after 20 iterations 

Warning: Full linear solver tolerance not achieved. The reduction is:6.49272e-05 after 20 iterations 

Warning: Full linear solver tolerance not achieved. The reduction is:7.30679e-06 after 20 iterations 

Warning: Full linear solver tolerance not achieved. The reduction is:6.12919e-05 after 20 iterations 

Warning: Full linear solver tolerance not achieved. The reduction is:8.05392e-06 after 20 iterations 

Warning: Full linear solver tolerance not achieved. The reduction is:5.67702e-05 after 20 iterations 

Warning: Full linear solver tolerance not achieved. The reduction is:8.03483e-06 after 20 iterations 

Warning: Full linear solver tolerance not achieved. The reduction is:8.25149e-05 after 20 iterations 

Warning: Full linear solver tolerance not achieved. The reduction is:6.1541e-06 after 20 iterations 

Warning: Full linear solver tolerance not achieved. The reduction is:5.86115e-05 after 20 iterations 

Warning: Full linear solver tolerance not achieved. The reduction is:8.16494e-06 after 20 iterations 

Warning: Full linear solver tolerance not achieved. The reduction is:5.677e-05 after 20 iterations 

Warning: Full linear solver tolerance not achieved. The reduction is:7.98169e-06 after 20 iterations 

Warning: Full linear solver tolerance not achieved. The reduction is:4.18649e-05 after 20 iterations 

Warning: Full linear solver tolerance not achieved. The reduction is:6.48165e-06 after 20 iterations 

Warning: Full linear solver tolerance not achieved. The reduction is:5.71025e-05 after 20 iterations 

Warning: Full linear solver tolerance not achieved. The reduction is:9.45885e-05 after 20 iterations 

Warning: Full linear solver tolerance not achieved. The reduction is:4.3018e-05 after 20 iterations 

Problem: Solver convergence failure - Iteration limit reached
Timestep chopped to 0.000069 days


Starting time step 0, stepsize 6.875e-05 days, at day 0.189792/0.19, date = 01-Jan-2025
 Newton its= 8, linearizations= 9 (0.1sec), linear its=114 (1.1sec)

Starting time step 1, stepsize 6.875e-05 days, at day 0.18986/0.19, date = 01-Jan-2025
 Newton its= 3, linearizations= 4 (0.1sec), linear its= 45 (0.4sec)

Starting time step 2, stepsize 7.08333e-05 days, at day 0.189929/0.19, date = 01-Jan-2025
 Newton its= 4, linearizations= 5 (0.1sec), linear its= 66 (0.6sec)

Report step 912/1000 at day 0.19/0.208333, date = 01-Jan-2025

Starting time step 0, stepsize 0.000208333 days, at day 0.19/0.190208, date = 01-Jan-2025

Warning: Full linear solver tolerance not achieved. The reduction is:3.91471e-05 after 20 iterations 

Warning: Full linear solver tolerance not achieved. The reduction is:1.3849e-05 after 20 iterations 

Warning: Full linear solver tolerance not achieved. The reduction is:2.2204e-05 after 20 iterations 

Warning: Full linear solver tolerance not achieved. The reduction is:3.95976e-05 after 20 iterations 

Warning: Full linear solver tolerance not achieved. The reduction is:3.25493e-05 after 20 iterations 

Warning: Full linear solver tolerance not achieved. The reduction is:3.23994e-05 after 20 iterations 

Warning: Full linear solver tolerance not achieved. The reduction is:3.21588e-05 after 20 iterations 

Warning: Full linear solver tolerance not achieved. The reduction is:3.25616e-05 after 20 iterations 

Warning: Full linear solver tolerance not achieved. The reduction is:3.26679e-05 after 20 iterations 

Warning: Full linear solver tolerance not achieved. The reduction is:3.25389e-05 after 20 iterations 

Warning: Full linear solver tolerance not achieved. The reduction is:3.25204e-05 after 20 iterations 

Warning: Full linear solver tolerance not achieved. The reduction is:3.3566e-05 after 20 iterations 

Warning: Full linear solver tolerance not achieved. The reduction is:2.28388e-05 after 20 iterations 

Warning: Full linear solver tolerance not achieved. The reduction is:2.69583e-05 after 20 iterations 

Problem: Solver convergence failure - Iteration limit reached
Timestep chopped to 0.000069 days


Starting time step 0, stepsize 6.875e-05 days, at day 0.19/0.190208, date = 01-Jan-2025
 Newton its= 6, linearizations= 7 (0.1sec), linear its= 82 (0.7sec)

Starting time step 1, stepsize 6.97917e-05 days, at day 0.190069/0.190208, date = 01-Jan-2025
 Newton its= 5, linearizations= 6 (0.1sec), linear its= 78 (0.8sec)

Starting time step 2, stepsize 6.97917e-05 days, at day 0.190139/0.190208, date = 01-Jan-2025
 Newton its= 4, linearizations= 5 (0.1sec), linear its= 59 (0.5sec)

Report step 913/1000 at day 0.190208/0.208333, date = 01-Jan-2025

Starting time step 0, stepsize 0.000208333 days, at day 0.190208/0.190417, date = 01-Jan-2025

Warning: Full linear solver tolerance not achieved. The reduction is:0.00022118 after 20 iterations 

Warning: Full linear solver tolerance not achieved. The reduction is:0.000932106 after 20 iterations 

Warning: Full linear solver tolerance not achieved. The reduction is:1.19303e-05 after 20 iterations 

Warning: Full linear solver tolerance not achieved. The reduction is:2.0722e-05 after 20 iterations 

Warning: Full linear solver tolerance not achieved. The reduction is:1.70317e-05 after 20 iterations 

Warning: Full linear solver tolerance not achieved. The reduction is:1.10916e-05 after 20 iterations 

Warning: Full linear solver tolerance not achieved. The reduction is:1.22651e-05 after 20 iterations 

Warning: Full linear solver tolerance not achieved. The reduction is:1.22634e-05 after 20 iterations 

Warning: Full linear solver tolerance not achieved. The reduction is:1.22633e-05 after 20 iterations 

Warning: Full linear solver tolerance not achieved. The reduction is:1.22633e-05 after 20 iterations 

Warning: Full linear solver tolerance not achieved. The reduction is:1.22634e-05 after 20 iterations 

Warning: Full linear solver tolerance not achieved. The reduction is:1.22645e-05 after 20 iterations 

Warning: Full linear solver tolerance not achieved. The reduction is:3.42004e-05 after 20 iterations 

Warning: Full linear solver tolerance not achieved. The reduction is:2.19747e-05 after 20 iterations 

Warning: Full linear solver tolerance not achieved. The reduction is:3.23491e-05 after 20 iterations 

Warning: Full linear solver tolerance not achieved. The reduction is:1.3807e-05 after 20 iterations 

Warning: Full linear solver tolerance not achieved. The reduction is:3.30994e-05 after 20 iterations 

Warning: Full linear solver tolerance not achieved. The reduction is:1.3398e-05 after 20 iterations 

Warning: Full linear solver tolerance not achieved. The reduction is:3.31643e-05 after 20 iterations 

Warning: Full linear solver tolerance not achieved. The reduction is:1.34553e-05 after 20 iterations 

Problem: Solver convergence failure - Iteration limit reached
Timestep chopped to 0.000069 days


Starting time step 0, stepsize 6.875e-05 days, at day 0.190208/0.190417, date = 01-Jan-2025
 Newton its= 4, linearizations= 5 (0.1sec), linear its= 60 (0.5sec)

Starting time step 1, stepsize 0.000139583 days, at day 0.190277/0.190417, date = 01-Jan-2025

Warning: Full linear solver tolerance not achieved. The reduction is:6.88834e-06 after 20 iterations 

Warning: Full linear solver tolerance not achieved. The reduction is:5.20969e-06 after 20 iterations 

Warning: Full linear solver tolerance not achieved. The reduction is:1.09759e-05 after 20 iterations 

Warning: Full linear solver tolerance not achieved. The reduction is:1.09819e-05 after 20 iterations 

Warning: Full linear solver tolerance not achieved. The reduction is:1.09824e-05 after 20 iterations 

Warning: Full linear solver tolerance not achieved. The reduction is:1.09835e-05 after 20 iterations 

Warning: Full linear solver tolerance not achieved. The reduction is:1.09854e-05 after 20 iterations 

Warning: Full linear solver tolerance not achieved. The reduction is:1.09841e-05 after 20 iterations 

Warning: Full linear solver tolerance not achieved. The reduction is:1.14743e-05 after 20 iterations 

Warning: Full linear solver tolerance not achieved. The reduction is:1.14816e-05 after 20 iterations 

Problem: Solver convergence failure - Iteration limit reached
Timestep chopped to 0.000046 days


Starting time step 1, stepsize 4.60625e-05 days, at day 0.190277/0.190417, date = 01-Jan-2025

Warning: Full linear solver tolerance not achieved. The reduction is:1.35558e-05 after 20 iterations 

Problem: Solver convergence failure - Iteration limit reached
Timestep chopped to 0.000015 days


Starting time step 1, stepsize 1.52006e-05 days, at day 0.190277/0.190417, date = 01-Jan-2025
 Newton its= 4, linearizations= 5 (0.1sec), linear its= 54 (0.5sec)

Starting time step 2, stepsize 3.04013e-05 days, at day 0.190292/0.190417, date = 01-Jan-2025
 Newton its= 1, linearizations= 2 (0.0sec), linear its= 15 (0.2sec)

Starting time step 3, stepsize 9.39815e-05 days, at day 0.190323/0.190417, date = 01-Jan-2025
 Newton its= 9, linearizations=10 (0.1sec), linear its=141 (1.3sec)

Report step 914/1000 at day 0.190417/0.208333, date = 01-Jan-2025

Starting time step 0, stepsize 0.000208333 days, at day 0.190417/0.190625, date = 01-Jan-2025

Warning: Full linear solver tolerance not achieved. The reduction is:0.000580377 after 20 iterations 

Warning: Full linear solver tolerance not achieved. The reduction is:3.10126e-05 after 20 iterations 

Warning: Full linear solver tolerance not achieved. The reduction is:2.67857e-05 after 20 iterations 

Warning: Full linear solver tolerance not achieved. The reduction is:5.07588e-06 after 20 iterations 

Warning: Full linear solver tolerance not achieved. The reduction is:2.37232e-05 after 20 iterations 
 Newton its= 5, linearizations= 6 (0.1sec), linear its=100 (0.9sec)

Report step 915/1000 at day 0.190625/0.208333, date = 01-Jan-2025

Starting time step 0, stepsize 0.000208333 days, at day 0.190625/0.190833, date = 01-Jan-2025

Warning: Full linear solver tolerance not achieved. The reduction is:1.79291e-05 after 20 iterations 

Warning: Full linear solver tolerance not achieved. The reduction is:6.21364e-05 after 20 iterations 

Warning: Full linear solver tolerance not achieved. The reduction is:5.7103e-06 after 20 iterations 
 Newton its= 6, linearizations= 7 (0.1sec), linear its=109 (1.0sec)

Report step 916/1000 at day 0.190833/0.208333, date = 01-Jan-2025

Starting time step 0, stepsize 0.000208333 days, at day 0.190833/0.191042, date = 01-Jan-2025

Warning: Full linear solver tolerance not achieved. The reduction is:2.74536e-05 after 20 iterations 

Warning: Full linear solver tolerance not achieved. The reduction is:8.37109e-05 after 20 iterations 

Warning: Full linear solver tolerance not achieved. The reduction is:5.79152e-06 after 20 iterations 

Warning: Full linear solver tolerance not achieved. The reduction is:1.92411e-05 after 20 iterations 

Warning: Full linear solver tolerance not achieved. The reduction is:4.46903e-05 after 20 iterations 

Warning: Full linear solver tolerance not achieved. The reduction is:0.000391885 after 20 iterations 

Warning: Full linear solver tolerance not achieved. The reduction is:3.68718e-05 after 20 iterations 

Warning: Full linear solver tolerance not achieved. The reduction is:2.49428e-05 after 20 iterations 

Warning: Full linear solver tolerance not achieved. The reduction is:3.61991e-05 after 20 iterations 

Problem: Solver convergence failure - Iteration limit reached
Timestep chopped to 0.000069 days


Starting time step 0, stepsize 6.875e-05 days, at day 0.190833/0.191042, date = 01-Jan-2025
 Newton its= 5, linearizations= 6 (0.1sec), linear its= 74 (0.7sec)

Starting time step 1, stepsize 0.000139583 days, at day 0.190902/0.191042, date = 01-Jan-2025

Warning: Full linear solver tolerance not achieved. The reduction is:6.87953e-06 after 20 iterations 

Warning: Full linear solver tolerance not achieved. The reduction is:7.61681e-06 after 20 iterations 
 Newton its= 9, linearizations=10 (0.1sec), linear its=148 (1.4sec)

Report step 917/1000 at day 0.191042/0.208333, date = 01-Jan-2025

Starting time step 0, stepsize 0.000208333 days, at day 0.191042/0.19125, date = 01-Jan-2025

Warning: Full linear solver tolerance not achieved. The reduction is:1.00997e-05 after 20 iterations 

Warning: Full linear solver tolerance not achieved. The reduction is:1.51565e-05 after 20 iterations 

Warning: Full linear solver tolerance not achieved. The reduction is:1.93555e-05 after 20 iterations 

Warning: Full linear solver tolerance not achieved. The reduction is:6.17677e-06 after 20 iterations 

Warning: Full linear solver tolerance not achieved. The reduction is:1.89498e-05 after 20 iterations 

Warning: Full linear solver tolerance not achieved. The reduction is:1.82055e-05 after 20 iterations 

Warning: Full linear solver tolerance not achieved. The reduction is:3.6361e-05 after 20 iterations 

Warning: Full linear solver tolerance not achieved. The reduction is:1.34398e-05 after 20 iterations 

Warning: Full linear solver tolerance not achieved. The reduction is:0.00215582 after 20 iterations 

Warning: Full linear solver tolerance not achieved. The reduction is:0.000129739 after 20 iterations 

Warning: Full linear solver tolerance not achieved. The reduction is:1.422e-05 after 20 iterations 
 Newton its=31, linearizations=32 (0.5sec), linear its=556 (5.3sec)

Report step 918/1000 at day 0.19125/0.208333, date = 01-Jan-2025

Starting time step 0, stepsize 0.000208333 days, at day 0.19125/0.191458, date = 01-Jan-2025

Warning: Full linear solver tolerance not achieved. The reduction is:0.000671978 after 20 iterations 

Warning: Full linear solver tolerance not achieved. The reduction is:8.87579e-05 after 20 iterations 

Warning: Full linear solver tolerance not achieved. The reduction is:1.15782e-05 after 20 iterations 

Warning: Full linear solver tolerance not achieved. The reduction is:3.41577e-05 after 20 iterations 

Warning: Full linear solver tolerance not achieved. The reduction is:0.000136167 after 20 iterations 

Problem: Solver convergence failure - Numerical problem encountered
Timestep chopped to 0.000069 days


Starting time step 0, stepsize 6.875e-05 days, at day 0.19125/0.191458, date = 01-Jan-2025

Problem: Solver convergence failure - Numerical problem encountered
Timestep chopped to 0.000023 days


Starting time step 0, stepsize 2.26875e-05 days, at day 0.19125/0.191458, date = 01-Jan-2025
 Newton its= 5, linearizations= 6 (0.1sec), linear its= 72 (0.6sec)

Starting time step 1, stepsize 4.5375e-05 days, at day 0.191273/0.191458, date = 01-Jan-2025
 Newton its= 5, linearizations= 6 (0.1sec), linear its= 68 (0.6sec)

Starting time step 2, stepsize 7.01354e-05 days, at day 0.191318/0.191458, date = 01-Jan-2025
 Newton its= 4, linearizations= 5 (0.1sec), linear its= 59 (0.6sec)

Starting time step 3, stepsize 7.01354e-05 days, at day 0.191388/0.191458, date = 01-Jan-2025
 Newton its= 3, linearizations= 4 (0.1sec), linear its= 50 (0.5sec)

Report step 919/1000 at day 0.191458/0.208333, date = 01-Jan-2025

Starting time step 0, stepsize 0.000208333 days, at day 0.191458/0.191667, date = 01-Jan-2025

Warning: Full linear solver tolerance not achieved. The reduction is:0.00219554 after 20 iterations 

Warning: Full linear solver tolerance not achieved. The reduction is:6.6328e-05 after 20 iterations 

Warning: Full linear solver tolerance not achieved. The reduction is:2.24774e-05 after 20 iterations 

Warning: Full linear solver tolerance not achieved. The reduction is:1.11712e-05 after 20 iterations 

Warning: Full linear solver tolerance not achieved. The reduction is:6.72963e-06 after 20 iterations 

Warning: Full linear solver tolerance not achieved. The reduction is:5.624e-05 after 20 iterations 

Warning: Full linear solver tolerance not achieved. The reduction is:1.68509e-05 after 20 iterations 

Warning: Full linear solver tolerance not achieved. The reduction is:1.99546e-05 after 20 iterations 

Warning: Full linear solver tolerance not achieved. The reduction is:8.33283e-06 after 20 iterations 

Warning: Full linear solver tolerance not achieved. The reduction is:1.95652e-05 after 20 iterations 

Warning: Full linear solver tolerance not achieved. The reduction is:8.33551e-06 after 20 iterations 

Warning: Full linear solver tolerance not achieved. The reduction is:1.95408e-05 after 20 iterations 

Warning: Full linear solver tolerance not achieved. The reduction is:8.33575e-06 after 20 iterations 

Warning: Full linear solver tolerance not achieved. The reduction is:1.95385e-05 after 20 iterations 

Warning: Full linear solver tolerance not achieved. The reduction is:7.17473e-05 after 20 iterations 

Warning: Full linear solver tolerance not achieved. The reduction is:4.37396e-05 after 20 iterations 

Warning: Full linear solver tolerance not achieved. The reduction is:1.20821e-05 after 20 iterations 

Warning: Full linear solver tolerance not achieved. The reduction is:3.6906e-05 after 20 iterations 

Warning: Full linear solver tolerance not achieved. The reduction is:1.20244e-05 after 20 iterations 

Warning: Full linear solver tolerance not achieved. The reduction is:3.69141e-05 after 20 iterations 

Warning: Full linear solver tolerance not achieved. The reduction is:1.20255e-05 after 20 iterations 

Problem: Solver convergence failure - Iteration limit reached
Timestep chopped to 0.000069 days


Starting time step 0, stepsize 6.875e-05 days, at day 0.191458/0.191667, date = 01-Jan-2025
 Newton its= 5, linearizations= 6 (0.1sec), linear its= 83 (0.8sec)

Starting time step 1, stepsize 0.000139583 days, at day 0.191527/0.191667, date = 01-Jan-2025

Warning: Full linear solver tolerance not achieved. The reduction is:8.47138e-05 after 20 iterations 
 Newton its= 5, linearizations= 6 (0.1sec), linear its= 89 (0.8sec)

Report step 920/1000 at day 0.191667/0.208333, date = 01-Jan-2025

Starting time step 0, stepsize 0.000208333 days, at day 0.191667/0.191875, date = 01-Jan-2025

Warning: Full linear solver tolerance not achieved. The reduction is:5.59476e-05 after 20 iterations 

Warning: Full linear solver tolerance not achieved. The reduction is:1.53533e-05 after 20 iterations 

Warning: Full linear solver tolerance not achieved. The reduction is:5.50201e-06 after 20 iterations 

Warning: Full linear solver tolerance not achieved. The reduction is:2.50379e-05 after 20 iterations 

Warning: Full linear solver tolerance not achieved. The reduction is:1.49479e-05 after 20 iterations 

Warning: Full linear solver tolerance not achieved. The reduction is:9.91813e-06 after 20 iterations 

Warning: Full linear solver tolerance not achieved. The reduction is:2.39947e-05 after 20 iterations 

Warning: Full linear solver tolerance not achieved. The reduction is:1.85997e-05 after 20 iterations 

Warning: Full linear solver tolerance not achieved. The reduction is:1.3561e-05 after 20 iterations 

Warning: Full linear solver tolerance not achieved. The reduction is:6.23777e-05 after 20 iterations 

Warning: Full linear solver tolerance not achieved. The reduction is:8.55383e-06 after 20 iterations 

Warning: Full linear solver tolerance not achieved. The reduction is:2.26641e-05 after 20 iterations 

Warning: Full linear solver tolerance not achieved. The reduction is:0.000477014 after 20 iterations 

Warning: Full linear solver tolerance not achieved. The reduction is:3.84401e-05 after 20 iterations 

Warning: Full linear solver tolerance not achieved. The reduction is:8.61937e-06 after 20 iterations 

Warning: Full linear solver tolerance not achieved. The reduction is:1.09181e-05 after 20 iterations 

Warning: Full linear solver tolerance not achieved. The reduction is:7.43845e-05 after 20 iterations 

Warning: Full linear solver tolerance not achieved. The reduction is:9.34625e-06 after 20 iterations 

Warning: Full linear solver tolerance not achieved. The reduction is:1.57665e-05 after 20 iterations 

Warning: Full linear solver tolerance not achieved. The reduction is:0.000949516 after 20 iterations 

Warning: Full linear solver tolerance not achieved. The reduction is:7.45688e-06 after 20 iterations 

Warning: Full linear solver tolerance not achieved. The reduction is:7.95978e-06 after 20 iterations 

Warning: Full linear solver tolerance not achieved. The reduction is:5.27058e-05 after 20 iterations 

Warning: Full linear solver tolerance not achieved. The reduction is:3.16382e-05 after 20 iterations 

Warning: Full linear solver tolerance not achieved. The reduction is:0.000194872 after 20 iterations 

Warning: Full linear solver tolerance not achieved. The reduction is:9.84286e-06 after 20 iterations 

Warning: Full linear solver tolerance not achieved. The reduction is:5.91305e-05 after 20 iterations 

Warning: Full linear solver tolerance not achieved. The reduction is:3.30851e-05 after 20 iterations 

Warning: Full linear solver tolerance not achieved. The reduction is:0.000202753 after 20 iterations 

Warning: Full linear solver tolerance not achieved. The reduction is:1.14079e-05 after 20 iterations 

Warning: Full linear solver tolerance not achieved. The reduction is:5.8214e-05 after 20 iterations 

Warning: Full linear solver tolerance not achieved. The reduction is:3.41011e-05 after 20 iterations 

Warning: Full linear solver tolerance not achieved. The reduction is:0.000202796 after 20 iterations 

Problem: Solver convergence failure - Iteration limit reached
Timestep chopped to 0.000069 days


Starting time step 0, stepsize 6.875e-05 days, at day 0.191667/0.191875, date = 01-Jan-2025
 Newton its= 5, linearizations= 6 (0.1sec), linear its= 76 (0.7sec)

Starting time step 1, stepsize 0.000139583 days, at day 0.191735/0.191875, date = 01-Jan-2025

Warning: Full linear solver tolerance not achieved. The reduction is:2.03145e-05 after 20 iterations 
 Newton its= 4, linearizations= 5 (0.1sec), linear its= 75 (0.7sec)

Report step 921/1000 at day 0.191875/0.208333, date = 01-Jan-2025

Starting time step 0, stepsize 0.000208333 days, at day 0.191875/0.192083, date = 01-Jan-2025

Warning: Full linear solver tolerance not achieved. The reduction is:4.88463e-05 after 20 iterations 

Warning: Full linear solver tolerance not achieved. The reduction is:3.02e-05 after 20 iterations 

Warning: Full linear solver tolerance not achieved. The reduction is:1.13644e-05 after 20 iterations 

Warning: Full linear solver tolerance not achieved. The reduction is:1.44837e-05 after 20 iterations 

Warning: Full linear solver tolerance not achieved. The reduction is:6.70051e-06 after 20 iterations 

Warning: Full linear solver tolerance not achieved. The reduction is:1.47731e-05 after 20 iterations 

Warning: Full linear solver tolerance not achieved. The reduction is:2.10913e-05 after 20 iterations 

Warning: Full linear solver tolerance not achieved. The reduction is:2.1111e-05 after 20 iterations 

Warning: Full linear solver tolerance not achieved. The reduction is:2.11092e-05 after 20 iterations 

Warning: Full linear solver tolerance not achieved. The reduction is:2.11089e-05 after 20 iterations 

Warning: Full linear solver tolerance not achieved. The reduction is:2.11094e-05 after 20 iterations 

Warning: Full linear solver tolerance not achieved. The reduction is:5.99041e-05 after 20 iterations 

Warning: Full linear solver tolerance not achieved. The reduction is:3.08037e-05 after 20 iterations 

Warning: Full linear solver tolerance not achieved. The reduction is:9.40539e-05 after 20 iterations 

Warning: Full linear solver tolerance not achieved. The reduction is:1.80475e-05 after 20 iterations 

Warning: Full linear solver tolerance not achieved. The reduction is:5.24365e-05 after 20 iterations 

Warning: Full linear solver tolerance not achieved. The reduction is:1.88033e-05 after 20 iterations 

Warning: Full linear solver tolerance not achieved. The reduction is:5.2522e-05 after 20 iterations 

Warning: Full linear solver tolerance not achieved. The reduction is:1.88064e-05 after 20 iterations 

Warning: Full linear solver tolerance not achieved. The reduction is:5.234e-05 after 20 iterations 

Problem: Solver convergence failure - Iteration limit reached
Timestep chopped to 0.000069 days


Starting time step 0, stepsize 6.875e-05 days, at day 0.191875/0.192083, date = 01-Jan-2025
 Newton its= 5, linearizations= 6 (0.1sec), linear its= 76 (0.7sec)

Starting time step 1, stepsize 0.000139583 days, at day 0.191944/0.192083, date = 01-Jan-2025

Warning: Full linear solver tolerance not achieved. The reduction is:1.48587e-05 after 20 iterations 

Warning: Full linear solver tolerance not achieved. The reduction is:5.38607e-06 after 20 iterations 

Warning: Full linear solver tolerance not achieved. The reduction is:3.3243e-05 after 20 iterations 

Warning: Full linear solver tolerance not achieved. The reduction is:0.000195747 after 20 iterations 

Warning: Full linear solver tolerance not achieved. The reduction is:0.000213035 after 20 iterations 

Warning: Full linear solver tolerance not achieved. The reduction is:0.000198073 after 20 iterations 

Warning: Full linear solver tolerance not achieved. The reduction is:0.000198793 after 20 iterations 

Warning: Full linear solver tolerance not achieved. The reduction is:0.000205612 after 20 iterations 

Warning: Full linear solver tolerance not achieved. The reduction is:0.000194063 after 20 iterations 

Warning: Full linear solver tolerance not achieved. The reduction is:0.000196613 after 20 iterations 

Warning: Full linear solver tolerance not achieved. The reduction is:1.13239e-05 after 20 iterations 

Warning: Full linear solver tolerance not achieved. The reduction is:1.65479e-05 after 20 iterations 

Warning: Full linear solver tolerance not achieved. The reduction is:1.59675e-05 after 20 iterations 

Warning: Full linear solver tolerance not achieved. The reduction is:1.58308e-05 after 20 iterations 

Problem: Solver convergence failure - Iteration limit reached
Timestep chopped to 0.000046 days


Starting time step 1, stepsize 4.60625e-05 days, at day 0.191944/0.192083, date = 01-Jan-2025
 Newton its= 4, linearizations= 5 (0.1sec), linear its= 59 (0.5sec)

Starting time step 2, stepsize 9.35208e-05 days, at day 0.19199/0.192083, date = 01-Jan-2025

Warning: Full linear solver tolerance not achieved. The reduction is:5.53189e-06 after 20 iterations 
 Newton its= 4, linearizations= 5 (0.1sec), linear its= 71 (0.7sec)

Report step 922/1000 at day 0.192083/0.208333, date = 01-Jan-2025

Starting time step 0, stepsize 0.000208333 days, at day 0.192083/0.192292, date = 01-Jan-2025

Warning: Full linear solver tolerance not achieved. The reduction is:2.75294e-05 after 20 iterations 

Warning: Full linear solver tolerance not achieved. The reduction is:3.09128e-05 after 20 iterations 

Warning: Full linear solver tolerance not achieved. The reduction is:1.67543e-05 after 20 iterations 

Warning: Full linear solver tolerance not achieved. The reduction is:6.53198e-06 after 20 iterations 

Warning: Full linear solver tolerance not achieved. The reduction is:3.69327e-05 after 20 iterations 

Warning: Full linear solver tolerance not achieved. The reduction is:1.96449e-05 after 20 iterations 

Warning: Full linear solver tolerance not achieved. The reduction is:2.65596e-05 after 20 iterations 

Warning: Full linear solver tolerance not achieved. The reduction is:3.16636e-05 after 20 iterations 

Warning: Full linear solver tolerance not achieved. The reduction is:1.98086e-05 after 20 iterations 

Warning: Full linear solver tolerance not achieved. The reduction is:5.88905e-05 after 20 iterations 

Warning: Full linear solver tolerance not achieved. The reduction is:0.00168257 after 20 iterations 

Warning: Full linear solver tolerance not achieved. The reduction is:0.000215214 after 20 iterations 

Problem: Solver convergence failure - Iteration limit reached
Timestep chopped to 0.000069 days


Starting time step 0, stepsize 6.875e-05 days, at day 0.192083/0.192292, date = 01-Jan-2025
 Newton its= 4, linearizations= 5 (0.1sec), linear its= 63 (0.6sec)

Starting time step 1, stepsize 0.000139583 days, at day 0.192152/0.192292, date = 01-Jan-2025

Warning: Full linear solver tolerance not achieved. The reduction is:1.96266e-05 after 20 iterations 

Warning: Full linear solver tolerance not achieved. The reduction is:1.05345e-05 after 20 iterations 

Warning: Full linear solver tolerance not achieved. The reduction is:4.73854e-05 after 20 iterations 

Warning: Full linear solver tolerance not achieved. The reduction is:5.80814e-05 after 20 iterations 

Warning: Full linear solver tolerance not achieved. The reduction is:0.000426666 after 20 iterations 

Warning: Full linear solver tolerance not achieved. The reduction is:5.50447e-06 after 20 iterations 

Warning: Full linear solver tolerance not achieved. The reduction is:0.000124864 after 20 iterations 

Warning: Full linear solver tolerance not achieved. The reduction is:7.81896e-06 after 20 iterations 

Warning: Full linear solver tolerance not achieved. The reduction is:0.000115323 after 20 iterations 

Warning: Full linear solver tolerance not achieved. The reduction is:5.86089e-06 after 20 iterations 

Warning: Full linear solver tolerance not achieved. The reduction is:5.38117e-06 after 20 iterations 

Warning: Full linear solver tolerance not achieved. The reduction is:0.000134838 after 20 iterations 

Warning: Full linear solver tolerance not achieved. The reduction is:0.000455503 after 20 iterations 

Warning: Full linear solver tolerance not achieved. The reduction is:5.70901e-06 after 20 iterations 

Warning: Full linear solver tolerance not achieved. The reduction is:6.29314e-05 after 20 iterations 

Warning: Full linear solver tolerance not achieved. The reduction is:7.87761e-06 after 20 iterations 

Warning: Full linear solver tolerance not achieved. The reduction is:0.000116487 after 20 iterations 

Warning: Full linear solver tolerance not achieved. The reduction is:5.90636e-06 after 20 iterations 

Warning: Full linear solver tolerance not achieved. The reduction is:5.36139e-06 after 20 iterations 

Warning: Full linear solver tolerance not achieved. The reduction is:0.000133543 after 20 iterations 

Problem: Solver convergence failure - Iteration limit reached
Timestep chopped to 0.000046 days


Starting time step 1, stepsize 4.60625e-05 days, at day 0.192152/0.192292, date = 01-Jan-2025
 Newton its= 1, linearizations= 2 (0.0sec), linear its= 17 (0.2sec)

Starting time step 2, stepsize 9.35208e-05 days, at day 0.192198/0.192292, date = 01-Jan-2025

Warning: Full linear solver tolerance not achieved. The reduction is:5.03448e-06 after 20 iterations 

Warning: Full linear solver tolerance not achieved. The reduction is:1.13147e-05 after 20 iterations 

Warning: Full linear solver tolerance not achieved. The reduction is:8.6458e-06 after 20 iterations 

Warning: Full linear solver tolerance not achieved. The reduction is:1.37629e-05 after 20 iterations 

Warning: Full linear solver tolerance not achieved. The reduction is:1.09541e-05 after 20 iterations 

Warning: Full linear solver tolerance not achieved. The reduction is:3.25837e-05 after 20 iterations 

Warning: Full linear solver tolerance not achieved. The reduction is:1.09426e-05 after 20 iterations 

Warning: Full linear solver tolerance not achieved. The reduction is:3.25869e-05 after 20 iterations 

Warning: Full linear solver tolerance not achieved. The reduction is:1.0934e-05 after 20 iterations 

Warning: Full linear solver tolerance not achieved. The reduction is:1.40953e-05 after 20 iterations 

Warning: Full linear solver tolerance not achieved. The reduction is:1.40807e-05 after 20 iterations 

Warning: Full linear solver tolerance not achieved. The reduction is:1.40808e-05 after 20 iterations 

Warning: Full linear solver tolerance not achieved. The reduction is:1.40808e-05 after 20 iterations 

Warning: Full linear solver tolerance not achieved. The reduction is:1.40807e-05 after 20 iterations 

Warning: Full linear solver tolerance not achieved. The reduction is:1.40808e-05 after 20 iterations 

Warning: Full linear solver tolerance not achieved. The reduction is:1.40807e-05 after 20 iterations 

Warning: Full linear solver tolerance not achieved. The reduction is:1.40808e-05 after 20 iterations 

Problem: Solver convergence failure - Iteration limit reached
Timestep chopped to 0.000031 days


Starting time step 2, stepsize 3.08619e-05 days, at day 0.192198/0.192292, date = 01-Jan-2025
 Newton its= 5, linearizations= 6 (0.1sec), linear its= 68 (0.7sec)

Starting time step 3, stepsize 6.2659e-05 days, at day 0.192229/0.192292, date = 01-Jan-2025
 Newton its= 5, linearizations= 6 (0.1sec), linear its= 78 (0.7sec)

Report step 923/1000 at day 0.192292/0.208333, date = 01-Jan-2025

Starting time step 0, stepsize 0.000208333 days, at day 0.192292/0.1925, date = 01-Jan-2025

Warning: Full linear solver tolerance not achieved. The reduction is:1.66893e-05 after 20 iterations 

Warning: Full linear solver tolerance not achieved. The reduction is:1.01283e-05 after 20 iterations 

Warning: Full linear solver tolerance not achieved. The reduction is:7.1153e-06 after 20 iterations 
 Newton its= 5, linearizations= 6 (0.1sec), linear its=100 (0.8sec)

Report step 924/1000 at day 0.1925/0.208333, date = 01-Jan-2025

Starting time step 0, stepsize 0.000208333 days, at day 0.1925/0.192708, date = 01-Jan-2025

Warning: Full linear solver tolerance not achieved. The reduction is:9.60584e-05 after 20 iterations 

Warning: Full linear solver tolerance not achieved. The reduction is:3.08568e-05 after 20 iterations 

Warning: Full linear solver tolerance not achieved. The reduction is:6.25059e-06 after 20 iterations 

Warning: Full linear solver tolerance not achieved. The reduction is:2.87653e-05 after 20 iterations 

Warning: Full linear solver tolerance not achieved. The reduction is:4.14069e-05 after 20 iterations 

Warning: Full linear solver tolerance not achieved. The reduction is:7.75897e-05 after 20 iterations 

Warning: Full linear solver tolerance not achieved. The reduction is:5.12014e-05 after 20 iterations 

Warning: Full linear solver tolerance not achieved. The reduction is:5.31262e-05 after 20 iterations 

Warning: Full linear solver tolerance not achieved. The reduction is:5.30787e-05 after 20 iterations 

Warning: Full linear solver tolerance not achieved. The reduction is:5.30813e-05 after 20 iterations 

Warning: Full linear solver tolerance not achieved. The reduction is:5.30816e-05 after 20 iterations 

Warning: Full linear solver tolerance not achieved. The reduction is:5.30829e-05 after 20 iterations 

Warning: Full linear solver tolerance not achieved. The reduction is:5.30828e-05 after 20 iterations 

Warning: Full linear solver tolerance not achieved. The reduction is:6.23505e-06 after 20 iterations 

Warning: Full linear solver tolerance not achieved. The reduction is:0.000101323 after 20 iterations 

Warning: Full linear solver tolerance not achieved. The reduction is:6.15892e-06 after 20 iterations 

Problem: Solver convergence failure - Iteration limit reached
Timestep chopped to 0.000069 days


Starting time step 0, stepsize 6.875e-05 days, at day 0.1925/0.192708, date = 01-Jan-2025
 Newton its= 5, linearizations= 6 (0.1sec), linear its= 71 (0.7sec)

Starting time step 1, stepsize 0.000139583 days, at day 0.192569/0.192708, date = 01-Jan-2025

Warning: Full linear solver tolerance not achieved. The reduction is:2.08605e-05 after 20 iterations 

Warning: Full linear solver tolerance not achieved. The reduction is:5.94264e-05 after 20 iterations 

Warning: Full linear solver tolerance not achieved. The reduction is:6.95046e-06 after 20 iterations 

Warning: Full linear solver tolerance not achieved. The reduction is:1.73054e-05 after 20 iterations 

Warning: Full linear solver tolerance not achieved. The reduction is:9.56053e-06 after 20 iterations 

Warning: Full linear solver tolerance not achieved. The reduction is:1.53637e-05 after 20 iterations 

Warning: Full linear solver tolerance not achieved. The reduction is:8.55968e-06 after 20 iterations 

Warning: Full linear solver tolerance not achieved. The reduction is:2.754e-05 after 20 iterations 

Warning: Full linear solver tolerance not achieved. The reduction is:2.22367e-05 after 20 iterations 

Warning: Full linear solver tolerance not achieved. The reduction is:6.9479e-06 after 20 iterations 

Warning: Full linear solver tolerance not achieved. The reduction is:2.44388e-05 after 20 iterations 

Warning: Full linear solver tolerance not achieved. The reduction is:4.74055e-05 after 20 iterations 

Warning: Full linear solver tolerance not achieved. The reduction is:6.95467e-06 after 20 iterations 

Warning: Full linear solver tolerance not achieved. The reduction is:2.43856e-05 after 20 iterations 

Warning: Full linear solver tolerance not achieved. The reduction is:4.74016e-05 after 20 iterations 

Warning: Full linear solver tolerance not achieved. The reduction is:6.95447e-06 after 20 iterations 

Warning: Full linear solver tolerance not achieved. The reduction is:2.43848e-05 after 20 iterations 

Warning: Full linear solver tolerance not achieved. The reduction is:4.73999e-05 after 20 iterations 

Warning: Full linear solver tolerance not achieved. The reduction is:6.95506e-06 after 20 iterations 

Warning: Full linear solver tolerance not achieved. The reduction is:2.43852e-05 after 20 iterations 

Warning: Full linear solver tolerance not achieved. The reduction is:1.18418e-05 after 20 iterations 

Problem: Solver convergence failure - Iteration limit reached
Timestep chopped to 0.000046 days


Starting time step 1, stepsize 4.60625e-05 days, at day 0.192569/0.192708, date = 01-Jan-2025
 Newton its= 3, linearizations= 4 (0.1sec), linear its= 43 (0.4sec)

Starting time step 2, stepsize 9.35208e-05 days, at day 0.192615/0.192708, date = 01-Jan-2025
 Newton its= 3, linearizations= 4 (0.1sec), linear its= 53 (0.5sec)

Report step 925/1000 at day 0.192708/0.208333, date = 01-Jan-2025

Starting time step 0, stepsize 0.000208333 days, at day 0.192708/0.192917, date = 01-Jan-2025

Warning: Full linear solver tolerance not achieved. The reduction is:0.000118535 after 20 iterations 

Warning: Full linear solver tolerance not achieved. The reduction is:4.85541e-05 after 20 iterations 

Warning: Full linear solver tolerance not achieved. The reduction is:5.99932e-06 after 20 iterations 
 Newton its=10, linearizations=11 (0.2sec), linear its=173 (1.6sec)

Report step 926/1000 at day 0.192917/0.208333, date = 01-Jan-2025

Starting time step 0, stepsize 0.000208333 days, at day 0.192917/0.193125, date = 01-Jan-2025

Warning: Full linear solver tolerance not achieved. The reduction is:4.37757e-05 after 20 iterations 

Warning: Full linear solver tolerance not achieved. The reduction is:1.02165e-05 after 20 iterations 

Warning: Full linear solver tolerance not achieved. The reduction is:0.000320292 after 20 iterations 

Warning: Full linear solver tolerance not achieved. The reduction is:6.01959e-05 after 20 iterations 

Warning: Full linear solver tolerance not achieved. The reduction is:4.19635e-05 after 20 iterations 

Warning: Full linear solver tolerance not achieved. The reduction is:4.15162e-05 after 20 iterations 

Warning: Full linear solver tolerance not achieved. The reduction is:4.14768e-05 after 20 iterations 

Warning: Full linear solver tolerance not achieved. The reduction is:4.14655e-05 after 20 iterations 

Warning: Full linear solver tolerance not achieved. The reduction is:4.1476e-05 after 20 iterations 

Warning: Full linear solver tolerance not achieved. The reduction is:4.1472e-05 after 20 iterations 

Warning: Full linear solver tolerance not achieved. The reduction is:4.14623e-05 after 20 iterations 

Warning: Full linear solver tolerance not achieved. The reduction is:0.000109108 after 20 iterations 

Warning: Full linear solver tolerance not achieved. The reduction is:6.11581e-06 after 20 iterations 

Warning: Full linear solver tolerance not achieved. The reduction is:0.000136157 after 20 iterations 

Warning: Full linear solver tolerance not achieved. The reduction is:6.1162e-06 after 20 iterations 

Warning: Full linear solver tolerance not achieved. The reduction is:0.000136143 after 20 iterations 

Problem: Solver convergence failure - Iteration limit reached
Timestep chopped to 0.000069 days


Starting time step 0, stepsize 6.875e-05 days, at day 0.192917/0.193125, date = 01-Jan-2025
 Newton its= 4, linearizations= 5 (0.1sec), linear its= 58 (0.6sec)

Starting time step 1, stepsize 0.000139583 days, at day 0.192985/0.193125, date = 01-Jan-2025

Warning: Full linear solver tolerance not achieved. The reduction is:3.40364e-05 after 20 iterations 

Warning: Full linear solver tolerance not achieved. The reduction is:6.72027e-06 after 20 iterations 

Warning: Full linear solver tolerance not achieved. The reduction is:1.38257e-05 after 20 iterations 

Warning: Full linear solver tolerance not achieved. The reduction is:6.70096e-06 after 20 iterations 

Warning: Full linear solver tolerance not achieved. The reduction is:7.62348e-06 after 20 iterations 

Warning: Full linear solver tolerance not achieved. The reduction is:1.41019e-05 after 20 iterations 

Warning: Full linear solver tolerance not achieved. The reduction is:6.98341e-06 after 20 iterations 

Warning: Full linear solver tolerance not achieved. The reduction is:7.24987e-06 after 20 iterations 

Warning: Full linear solver tolerance not achieved. The reduction is:6.926e-06 after 20 iterations 

Warning: Full linear solver tolerance not achieved. The reduction is:7.24853e-06 after 20 iterations 

Warning: Full linear solver tolerance not achieved. The reduction is:6.92047e-06 after 20 iterations 

Warning: Full linear solver tolerance not achieved. The reduction is:7.24667e-06 after 20 iterations 

Warning: Full linear solver tolerance not achieved. The reduction is:6.92423e-06 after 20 iterations 

Warning: Full linear solver tolerance not achieved. The reduction is:7.25138e-06 after 20 iterations 

Warning: Full linear solver tolerance not achieved. The reduction is:6.93077e-06 after 20 iterations 

Warning: Full linear solver tolerance not achieved. The reduction is:7.24782e-06 after 20 iterations 

Warning: Full linear solver tolerance not achieved. The reduction is:6.93124e-06 after 20 iterations 

Warning: Full linear solver tolerance not achieved. The reduction is:7.2492e-06 after 20 iterations 

Warning: Full linear solver tolerance not achieved. The reduction is:6.93083e-06 after 20 iterations 

Warning: Full linear solver tolerance not achieved. The reduction is:7.25132e-06 after 20 iterations 

Problem: Solver convergence failure - Iteration limit reached
Timestep chopped to 0.000046 days


Starting time step 1, stepsize 4.60625e-05 days, at day 0.192985/0.193125, date = 01-Jan-2025
 Newton its= 2, linearizations= 3 (0.0sec), linear its= 30 (0.3sec)

Starting time step 2, stepsize 9.35208e-05 days, at day 0.193031/0.193125, date = 01-Jan-2025
 Newton its= 9, linearizations=10 (0.1sec), linear its=132 (1.2sec)

Report step 927/1000 at day 0.193125/0.208333, date = 01-Jan-2025

Starting time step 0, stepsize 0.000208333 days, at day 0.193125/0.193333, date = 01-Jan-2025

Warning: Full linear solver tolerance not achieved. The reduction is:1.7336e-05 after 20 iterations 

Warning: Full linear solver tolerance not achieved. The reduction is:0.000735067 after 20 iterations 

Warning: Full linear solver tolerance not achieved. The reduction is:5.06485e-05 after 20 iterations 

Warning: Full linear solver tolerance not achieved. The reduction is:8.18786e-05 after 20 iterations 

Warning: Full linear solver tolerance not achieved. The reduction is:9.00119e-05 after 20 iterations 

Warning: Full linear solver tolerance not achieved. The reduction is:9.25417e-05 after 20 iterations 

Warning: Full linear solver tolerance not achieved. The reduction is:0.000117773 after 20 iterations 

Warning: Full linear solver tolerance not achieved. The reduction is:0.000118 after 20 iterations 

Warning: Full linear solver tolerance not achieved. The reduction is:9.35547e-05 after 20 iterations 

Warning: Full linear solver tolerance not achieved. The reduction is:0.000116798 after 20 iterations 

Warning: Full linear solver tolerance not achieved. The reduction is:0.000119671 after 20 iterations 

Warning: Full linear solver tolerance not achieved. The reduction is:9.30997e-05 after 20 iterations 

Warning: Full linear solver tolerance not achieved. The reduction is:0.00297475 after 20 iterations 

Warning: Full linear solver tolerance not achieved. The reduction is:8.13683e-05 after 20 iterations 

Problem: Solver convergence failure - Iteration limit reached
Timestep chopped to 0.000069 days


Starting time step 0, stepsize 6.875e-05 days, at day 0.193125/0.193333, date = 01-Jan-2025
 Newton its= 4, linearizations= 5 (0.1sec), linear its= 65 (0.6sec)

Starting time step 1, stepsize 0.000139583 days, at day 0.193194/0.193333, date = 01-Jan-2025

Warning: Full linear solver tolerance not achieved. The reduction is:5.67148e-06 after 20 iterations 

Warning: Full linear solver tolerance not achieved. The reduction is:2.84892e-05 after 20 iterations 

Warning: Full linear solver tolerance not achieved. The reduction is:7.46613e-06 after 20 iterations 
 Newton its= 8, linearizations= 9 (0.1sec), linear its=148 (1.3sec)

Report step 928/1000 at day 0.193333/0.208333, date = 01-Jan-2025

Starting time step 0, stepsize 0.000208333 days, at day 0.193333/0.193542, date = 01-Jan-2025

Warning: Full linear solver tolerance not achieved. The reduction is:0.000149806 after 20 iterations 

Warning: Full linear solver tolerance not achieved. The reduction is:9.61981e-06 after 20 iterations 

Warning: Full linear solver tolerance not achieved. The reduction is:0.00328644 after 20 iterations 

Warning: Full linear solver tolerance not achieved. The reduction is:2.42041e-05 after 20 iterations 

Warning: Full linear solver tolerance not achieved. The reduction is:3.72613e-05 after 20 iterations 

Warning: Full linear solver tolerance not achieved. The reduction is:5.18997e-05 after 20 iterations 

Warning: Full linear solver tolerance not achieved. The reduction is:0.000442463 after 20 iterations 
 Newton its=19, linearizations=20 (0.3sec), linear its=351 (3.3sec)

Report step 929/1000 at day 0.193542/0.208333, date = 01-Jan-2025

Starting time step 0, stepsize 0.000208333 days, at day 0.193542/0.19375, date = 01-Jan-2025

Warning: Full linear solver tolerance not achieved. The reduction is:0.00348788 after 20 iterations 

Warning: Full linear solver tolerance not achieved. The reduction is:8.69276e-06 after 20 iterations 

Warning: Full linear solver tolerance not achieved. The reduction is:1.06817e-05 after 20 iterations 

Warning: Full linear solver tolerance not achieved. The reduction is:2.62878e-05 after 20 iterations 

Warning: Full linear solver tolerance not achieved. The reduction is:2.25692e-05 after 20 iterations 

Warning: Full linear solver tolerance not achieved. The reduction is:2.29597e-05 after 20 iterations 

Warning: Full linear solver tolerance not achieved. The reduction is:9.82532e-06 after 20 iterations 

Warning: Full linear solver tolerance not achieved. The reduction is:6.50027e-06 after 20 iterations 

Warning: Full linear solver tolerance not achieved. The reduction is:0.000109629 after 20 iterations 

Warning: Full linear solver tolerance not achieved. The reduction is:2.56797e-05 after 20 iterations 

Warning: Full linear solver tolerance not achieved. The reduction is:4.17082e-05 after 20 iterations 

Warning: Full linear solver tolerance not achieved. The reduction is:0.000176751 after 20 iterations 

Warning: Full linear solver tolerance not achieved. The reduction is:2.02412e-05 after 20 iterations 

Warning: Full linear solver tolerance not achieved. The reduction is:0.000240985 after 20 iterations 

Warning: Full linear solver tolerance not achieved. The reduction is:7.01872e-06 after 20 iterations 

Warning: Full linear solver tolerance not achieved. The reduction is:0.000166201 after 20 iterations 

Warning: Full linear solver tolerance not achieved. The reduction is:2.09361e-05 after 20 iterations 

Warning: Full linear solver tolerance not achieved. The reduction is:0.000240987 after 20 iterations 

Warning: Full linear solver tolerance not achieved. The reduction is:7.02492e-06 after 20 iterations 

Warning: Full linear solver tolerance not achieved. The reduction is:0.000166181 after 20 iterations 

Warning: Full linear solver tolerance not achieved. The reduction is:2.09355e-05 after 20 iterations 

Warning: Full linear solver tolerance not achieved. The reduction is:0.000240968 after 20 iterations 

Warning: Full linear solver tolerance not achieved. The reduction is:7.02303e-06 after 20 iterations 

Problem: Solver convergence failure - Iteration limit reached
Timestep chopped to 0.000069 days


Starting time step 0, stepsize 6.875e-05 days, at day 0.193542/0.19375, date = 01-Jan-2025

Warning: Full linear solver tolerance not achieved. The reduction is:6.38026e-06 after 20 iterations 

Warning: Full linear solver tolerance not achieved. The reduction is:6.22611e-06 after 20 iterations 
 Newton its= 5, linearizations= 6 (0.1sec), linear its= 78 (0.8sec)

Starting time step 1, stepsize 0.000139583 days, at day 0.19361/0.19375, date = 01-Jan-2025

Warning: Full linear solver tolerance not achieved. The reduction is:6.53105e-06 after 20 iterations 
 Newton its= 8, linearizations= 9 (0.1sec), linear its=145 (1.3sec)

Report step 930/1000 at day 0.19375/0.208333, date = 01-Jan-2025

Starting time step 0, stepsize 0.000208333 days, at day 0.19375/0.193958, date = 01-Jan-2025

Warning: Full linear solver tolerance not achieved. The reduction is:2.5246e-05 after 20 iterations 

Warning: Full linear solver tolerance not achieved. The reduction is:2.79437e-05 after 20 iterations 

Warning: Full linear solver tolerance not achieved. The reduction is:8.27788e-06 after 20 iterations 

Warning: Full linear solver tolerance not achieved. The reduction is:1.22719e-05 after 20 iterations 

Warning: Full linear solver tolerance not achieved. The reduction is:7.26327e-05 after 20 iterations 

Warning: Full linear solver tolerance not achieved. The reduction is:6.85318e-05 after 20 iterations 

Warning: Full linear solver tolerance not achieved. The reduction is:7.26458e-05 after 20 iterations 

Warning: Full linear solver tolerance not achieved. The reduction is:6.8456e-05 after 20 iterations 

Warning: Full linear solver tolerance not achieved. The reduction is:7.2618e-05 after 20 iterations 

Warning: Full linear solver tolerance not achieved. The reduction is:6.83827e-05 after 20 iterations 

Problem: Solver convergence failure - Iteration limit reached
Timestep chopped to 0.000069 days


Starting time step 0, stepsize 6.875e-05 days, at day 0.19375/0.193958, date = 01-Jan-2025

Problem: Solver convergence failure - Iteration limit reached
Timestep chopped to 0.000023 days


Starting time step 0, stepsize 2.26875e-05 days, at day 0.19375/0.193958, date = 01-Jan-2025
 Newton its= 5, linearizations= 6 (0.1sec), linear its= 62 (0.6sec)

Starting time step 1, stepsize 4.5375e-05 days, at day 0.193773/0.193958, date = 01-Jan-2025
 Newton its= 3, linearizations= 4 (0.1sec), linear its= 40 (0.4sec)

Starting time step 2, stepsize 0.000140271 days, at day 0.193818/0.193958, date = 01-Jan-2025

Warning: Full linear solver tolerance not achieved. The reduction is:1.0186e-05 after 20 iterations 
 Newton its= 3, linearizations= 4 (0.1sec), linear its= 51 (0.5sec)

Report step 931/1000 at day 0.193958/0.208333, date = 01-Jan-2025

Starting time step 0, stepsize 0.000208333 days, at day 0.193958/0.194167, date = 01-Jan-2025

Warning: Full linear solver tolerance not achieved. The reduction is:6.6571e-05 after 20 iterations 

Warning: Full linear solver tolerance not achieved. The reduction is:1.09422e-05 after 20 iterations 
    Oscillating behavior detected: Relaxation set to 0.900000

Warning: Full linear solver tolerance not achieved. The reduction is:2.91557e-05 after 20 iterations 
    Oscillating behavior detected: Relaxation set to 0.800000
    Oscillating behavior detected: Relaxation set to 0.700000

Warning: Full linear solver tolerance not achieved. The reduction is:7.71378e-06 after 20 iterations 

Warning: Full linear solver tolerance not achieved. The reduction is:2.28119e-05 after 20 iterations 
 Newton its=23, linearizations=24 (0.3sec), linear its=402 (3.7sec)

Report step 932/1000 at day 0.194167/0.208333, date = 01-Jan-2025

Starting time step 0, stepsize 0.000208333 days, at day 0.194167/0.194375, date = 01-Jan-2025

Warning: Full linear solver tolerance not achieved. The reduction is:0.000135547 after 20 iterations 

Warning: Full linear solver tolerance not achieved. The reduction is:1.3632e-05 after 20 iterations 

Warning: Full linear solver tolerance not achieved. The reduction is:5.10971e-06 after 20 iterations 

Warning: Full linear solver tolerance not achieved. The reduction is:2.74558e-05 after 20 iterations 

Warning: Full linear solver tolerance not achieved. The reduction is:9.17234e-06 after 20 iterations 

Warning: Full linear solver tolerance not achieved. The reduction is:4.28698e-05 after 20 iterations 

Warning: Full linear solver tolerance not achieved. The reduction is:4.27613e-05 after 20 iterations 

Warning: Full linear solver tolerance not achieved. The reduction is:4.27636e-05 after 20 iterations 

Warning: Full linear solver tolerance not achieved. The reduction is:4.27626e-05 after 20 iterations 

Warning: Full linear solver tolerance not achieved. The reduction is:2.69068e-05 after 20 iterations 

Warning: Full linear solver tolerance not achieved. The reduction is:1.1754e-05 after 20 iterations 

Warning: Full linear solver tolerance not achieved. The reduction is:2.65925e-05 after 20 iterations 

Warning: Full linear solver tolerance not achieved. The reduction is:1.17446e-05 after 20 iterations 

Warning: Full linear solver tolerance not achieved. The reduction is:2.77994e-05 after 20 iterations 

Warning: Full linear solver tolerance not achieved. The reduction is:1.17417e-05 after 20 iterations 

Warning: Full linear solver tolerance not achieved. The reduction is:2.61289e-05 after 20 iterations 

Problem: Solver convergence failure - Iteration limit reached
Timestep chopped to 0.000069 days


Starting time step 0, stepsize 6.875e-05 days, at day 0.194167/0.194375, date = 01-Jan-2025

Problem: Solver convergence failure - Iteration limit reached
Timestep chopped to 0.000023 days


Starting time step 0, stepsize 2.26875e-05 days, at day 0.194167/0.194375, date = 01-Jan-2025
    Oscillating behavior detected: Relaxation set to 0.900000
 Newton its= 4, linearizations= 5 (0.1sec), linear its= 51 (0.5sec)

Starting time step 1, stepsize 4.5375e-05 days, at day 0.194189/0.194375, date = 01-Jan-2025
 Newton its= 2, linearizations= 3 (0.0sec), linear its= 29 (0.3sec)

Starting time step 2, stepsize 0.000140271 days, at day 0.194235/0.194375, date = 01-Jan-2025

Warning: Full linear solver tolerance not achieved. The reduction is:1.02445e-05 after 20 iterations 
 Newton its= 5, linearizations= 6 (0.1sec), linear its= 80 (0.8sec)

Report step 933/1000 at day 0.194375/0.208333, date = 01-Jan-2025

Starting time step 0, stepsize 0.000208333 days, at day 0.194375/0.194583, date = 01-Jan-2025

Warning: Full linear solver tolerance not achieved. The reduction is:0.000602212 after 20 iterations 

Warning: Full linear solver tolerance not achieved. The reduction is:1.48325e-05 after 20 iterations 

Warning: Full linear solver tolerance not achieved. The reduction is:8.65269e-06 after 20 iterations 

Warning: Full linear solver tolerance not achieved. The reduction is:9.55897e-06 after 20 iterations 

Warning: Full linear solver tolerance not achieved. The reduction is:7.84927e-06 after 20 iterations 

Warning: Full linear solver tolerance not achieved. The reduction is:6.76366e-06 after 20 iterations 

Warning: Full linear solver tolerance not achieved. The reduction is:3.38814e-05 after 20 iterations 
 Newton its= 9, linearizations=10 (0.1sec), linear its=172 (1.6sec)

Report step 934/1000 at day 0.194583/0.208333, date = 01-Jan-2025

Starting time step 0, stepsize 0.000208333 days, at day 0.194583/0.194792, date = 01-Jan-2025

Warning: Full linear solver tolerance not achieved. The reduction is:0.000141395 after 20 iterations 

Warning: Full linear solver tolerance not achieved. The reduction is:1.29614e-05 after 20 iterations 
 Newton its= 6, linearizations= 7 (0.1sec), linear its=101 (1.0sec)

Report step 935/1000 at day 0.194792/0.208333, date = 01-Jan-2025

Starting time step 0, stepsize 0.000208333 days, at day 0.194792/0.195, date = 01-Jan-2025

Warning: Full linear solver tolerance not achieved. The reduction is:0.00021709 after 20 iterations 

Warning: Full linear solver tolerance not achieved. The reduction is:3.05398e-05 after 20 iterations 

Warning: Full linear solver tolerance not achieved. The reduction is:8.6069e-05 after 20 iterations 

Warning: Full linear solver tolerance not achieved. The reduction is:1.51215e-05 after 20 iterations 

Warning: Full linear solver tolerance not achieved. The reduction is:1.70699e-05 after 20 iterations 

Warning: Full linear solver tolerance not achieved. The reduction is:2.08535e-05 after 20 iterations 

Warning: Full linear solver tolerance not achieved. The reduction is:1.66145e-05 after 20 iterations 

Warning: Full linear solver tolerance not achieved. The reduction is:1.69224e-05 after 20 iterations 

Warning: Full linear solver tolerance not achieved. The reduction is:1.07403e-05 after 20 iterations 

Warning: Full linear solver tolerance not achieved. The reduction is:8.94483e-06 after 20 iterations 

Warning: Full linear solver tolerance not achieved. The reduction is:9.17379e-06 after 20 iterations 

Problem: Solver convergence failure - Iteration limit reached
Timestep chopped to 0.000069 days


Starting time step 0, stepsize 6.875e-05 days, at day 0.194792/0.195, date = 01-Jan-2025
 Newton its= 9, linearizations=10 (0.1sec), linear its=127 (1.2sec)

Starting time step 1, stepsize 6.11111e-05 days, at day 0.19486/0.195, date = 01-Jan-2025
 Newton its= 4, linearizations= 5 (0.1sec), linear its= 59 (0.5sec)

Starting time step 2, stepsize 7.84722e-05 days, at day 0.194922/0.195, date = 01-Jan-2025
 Newton its= 5, linearizations= 6 (0.1sec), linear its= 81 (0.7sec)

Report step 936/1000 at day 0.195/0.208333, date = 01-Jan-2025

Starting time step 0, stepsize 0.000208333 days, at day 0.195/0.195208, date = 01-Jan-2025

Warning: Full linear solver tolerance not achieved. The reduction is:4.09693e-05 after 20 iterations 

Warning: Full linear solver tolerance not achieved. The reduction is:2.79193e-05 after 20 iterations 

Warning: Full linear solver tolerance not achieved. The reduction is:0.000272439 after 20 iterations 

Warning: Full linear solver tolerance not achieved. The reduction is:0.000423804 after 20 iterations 

Warning: Full linear solver tolerance not achieved. The reduction is:5.65244e-05 after 20 iterations 

Warning: Full linear solver tolerance not achieved. The reduction is:7.56073e-05 after 20 iterations 

Warning: Full linear solver tolerance not achieved. The reduction is:5.57862e-05 after 20 iterations 

Warning: Full linear solver tolerance not achieved. The reduction is:6.76252e-05 after 20 iterations 

Warning: Full linear solver tolerance not achieved. The reduction is:5.5795e-05 after 20 iterations 

Warning: Full linear solver tolerance not achieved. The reduction is:6.75711e-05 after 20 iterations 

Warning: Full linear solver tolerance not achieved. The reduction is:5.57834e-05 after 20 iterations 

Problem: Solver convergence failure - Iteration limit reached
Timestep chopped to 0.000069 days


Starting time step 0, stepsize 6.875e-05 days, at day 0.195/0.195208, date = 01-Jan-2025
 Newton its= 6, linearizations= 7 (0.1sec), linear its= 78 (0.7sec)

Starting time step 1, stepsize 6.97917e-05 days, at day 0.195069/0.195208, date = 01-Jan-2025
 Newton its= 3, linearizations= 4 (0.1sec), linear its= 44 (0.4sec)

Starting time step 2, stepsize 6.97917e-05 days, at day 0.195139/0.195208, date = 01-Jan-2025

Problem: Solver convergence failure - Iteration limit reached
Timestep chopped to 0.000023 days


Starting time step 2, stepsize 2.30312e-05 days, at day 0.195139/0.195208, date = 01-Jan-2025
 Newton its= 5, linearizations= 6 (0.1sec), linear its= 66 (0.6sec)

Starting time step 3, stepsize 4.67604e-05 days, at day 0.195162/0.195208, date = 01-Jan-2025
 Newton its= 5, linearizations= 6 (0.1sec), linear its= 66 (0.6sec)

Report step 937/1000 at day 0.195208/0.208333, date = 01-Jan-2025

Starting time step 0, stepsize 0.000208333 days, at day 0.195208/0.195417, date = 01-Jan-2025

Warning: Full linear solver tolerance not achieved. The reduction is:7.14462e-05 after 20 iterations 
 Newton its= 6, linearizations= 7 (0.1sec), linear its=104 (1.0sec)

Report step 938/1000 at day 0.195417/0.208333, date = 01-Jan-2025

Starting time step 0, stepsize 0.000208333 days, at day 0.195417/0.195625, date = 01-Jan-2025

Warning: Full linear solver tolerance not achieved. The reduction is:3.27804e-05 after 20 iterations 

Warning: Full linear solver tolerance not achieved. The reduction is:6.21307e-06 after 20 iterations 

Warning: Full linear solver tolerance not achieved. The reduction is:9.9603e-06 after 20 iterations 

Warning: Full linear solver tolerance not achieved. The reduction is:7.10913e-06 after 20 iterations 
 Newton its= 9, linearizations=10 (0.1sec), linear its=168 (1.6sec)

Report step 939/1000 at day 0.195625/0.208333, date = 01-Jan-2025

Starting time step 0, stepsize 0.000208333 days, at day 0.195625/0.195833, date = 01-Jan-2025

Warning: Full linear solver tolerance not achieved. The reduction is:2.06295e-05 after 20 iterations 

Warning: Full linear solver tolerance not achieved. The reduction is:1.17969e-05 after 20 iterations 

Warning: Full linear solver tolerance not achieved. The reduction is:6.14292e-05 after 20 iterations 

Warning: Full linear solver tolerance not achieved. The reduction is:1.86142e-05 after 20 iterations 

Warning: Full linear solver tolerance not achieved. The reduction is:1.74689e-05 after 20 iterations 

Warning: Full linear solver tolerance not achieved. The reduction is:0.000272628 after 20 iterations 

Warning: Full linear solver tolerance not achieved. The reduction is:7.87261e-06 after 20 iterations 
 Newton its=24, linearizations=25 (0.4sec), linear its=412 (3.8sec)

Report step 940/1000 at day 0.195833/0.208333, date = 01-Jan-2025

Starting time step 0, stepsize 0.000208333 days, at day 0.195833/0.196042, date = 01-Jan-2025

Warning: Full linear solver tolerance not achieved. The reduction is:8.27911e-05 after 20 iterations 

Warning: Full linear solver tolerance not achieved. The reduction is:7.66309e-06 after 20 iterations 

Warning: Full linear solver tolerance not achieved. The reduction is:5.47862e-06 after 20 iterations 

Warning: Full linear solver tolerance not achieved. The reduction is:7.54654e-06 after 20 iterations 
 Newton its=10, linearizations=11 (0.2sec), linear its=177 (1.7sec)

Report step 941/1000 at day 0.196042/0.208333, date = 01-Jan-2025

Starting time step 0, stepsize 0.000208333 days, at day 0.196042/0.19625, date = 01-Jan-2025

Warning: Full linear solver tolerance not achieved. The reduction is:4.68468e-05 after 20 iterations 

Warning: Full linear solver tolerance not achieved. The reduction is:8.42532e-06 after 20 iterations 

Warning: Full linear solver tolerance not achieved. The reduction is:1.91757e-05 after 20 iterations 

Warning: Full linear solver tolerance not achieved. The reduction is:1.01454e-05 after 20 iterations 

Warning: Full linear solver tolerance not achieved. The reduction is:2.84296e-05 after 20 iterations 

Warning: Full linear solver tolerance not achieved. The reduction is:2.29729e-05 after 20 iterations 

Warning: Full linear solver tolerance not achieved. The reduction is:1.66119e-05 after 20 iterations 

Warning: Full linear solver tolerance not achieved. The reduction is:7.97365e-06 after 20 iterations 

Warning: Full linear solver tolerance not achieved. The reduction is:2.90057e-05 after 20 iterations 

Warning: Full linear solver tolerance not achieved. The reduction is:5.83095e-06 after 20 iterations 

Warning: Full linear solver tolerance not achieved. The reduction is:2.55193e-05 after 20 iterations 

Warning: Full linear solver tolerance not achieved. The reduction is:2.51226e-05 after 20 iterations 

Problem: Solver convergence failure - Iteration limit reached
Timestep chopped to 0.000069 days


Starting time step 0, stepsize 6.875e-05 days, at day 0.196042/0.19625, date = 01-Jan-2025
 Newton its= 4, linearizations= 5 (0.1sec), linear its= 61 (0.6sec)

Starting time step 1, stepsize 0.000139583 days, at day 0.19611/0.19625, date = 01-Jan-2025

Problem: Solver convergence failure - Iteration limit reached
Timestep chopped to 0.000046 days


Starting time step 1, stepsize 4.60625e-05 days, at day 0.19611/0.19625, date = 01-Jan-2025
 Newton its= 4, linearizations= 5 (0.1sec), linear its= 58 (0.6sec)

Starting time step 2, stepsize 9.35208e-05 days, at day 0.196156/0.19625, date = 01-Jan-2025
 Newton its= 3, linearizations= 4 (0.1sec), linear its= 48 (0.4sec)

Report step 942/1000 at day 0.19625/0.208333, date = 01-Jan-2025

Starting time step 0, stepsize 0.000208333 days, at day 0.19625/0.196458, date = 01-Jan-2025

Warning: Full linear solver tolerance not achieved. The reduction is:0.000595624 after 20 iterations 

Warning: Full linear solver tolerance not achieved. The reduction is:5.74911e-06 after 20 iterations 

Warning: Full linear solver tolerance not achieved. The reduction is:6.22276e-06 after 20 iterations 

Warning: Full linear solver tolerance not achieved. The reduction is:8.44099e-06 after 20 iterations 

Warning: Full linear solver tolerance not achieved. The reduction is:6.50362e-06 after 20 iterations 

Warning: Full linear solver tolerance not achieved. The reduction is:6.29128e-06 after 20 iterations 

Warning: Full linear solver tolerance not achieved. The reduction is:5.92172e-06 after 20 iterations 

Warning: Full linear solver tolerance not achieved. The reduction is:6.12815e-06 after 20 iterations 

Warning: Full linear solver tolerance not achieved. The reduction is:6.52829e-06 after 20 iterations 

Problem: Solver convergence failure - Iteration limit reached
Timestep chopped to 0.000069 days


Starting time step 0, stepsize 6.875e-05 days, at day 0.19625/0.196458, date = 01-Jan-2025
 Newton its= 5, linearizations= 6 (0.1sec), linear its= 70 (0.7sec)

Starting time step 1, stepsize 0.000139583 days, at day 0.196319/0.196458, date = 01-Jan-2025

Warning: Full linear solver tolerance not achieved. The reduction is:1.68271e-05 after 20 iterations 
 Newton its= 5, linearizations= 6 (0.1sec), linear its= 95 (0.9sec)

Report step 943/1000 at day 0.196458/0.208333, date = 01-Jan-2025

Starting time step 0, stepsize 0.000208333 days, at day 0.196458/0.196667, date = 01-Jan-2025

Warning: Full linear solver tolerance not achieved. The reduction is:0.000263647 after 20 iterations 

Warning: Full linear solver tolerance not achieved. The reduction is:1.00182e-05 after 20 iterations 

Warning: Full linear solver tolerance not achieved. The reduction is:6.86468e-06 after 20 iterations 
 Newton its= 6, linearizations= 7 (0.1sec), linear its=115 (1.1sec)

Report step 944/1000 at day 0.196667/0.208333, date = 01-Jan-2025

Starting time step 0, stepsize 0.000208333 days, at day 0.196667/0.196875, date = 01-Jan-2025

Warning: Full linear solver tolerance not achieved. The reduction is:7.76711e-05 after 20 iterations 

Warning: Full linear solver tolerance not achieved. The reduction is:5.07646e-06 after 20 iterations 

Warning: Full linear solver tolerance not achieved. The reduction is:9.8e-06 after 20 iterations 
 Newton its= 6, linearizations= 7 (0.1sec), linear its=115 (1.0sec)

Report step 945/1000 at day 0.196875/0.208333, date = 01-Jan-2025

Starting time step 0, stepsize 0.000208333 days, at day 0.196875/0.197083, date = 01-Jan-2025

Warning: Full linear solver tolerance not achieved. The reduction is:0.000239704 after 20 iterations 

Warning: Full linear solver tolerance not achieved. The reduction is:1.03785e-05 after 20 iterations 

Warning: Full linear solver tolerance not achieved. The reduction is:5.49976e-06 after 20 iterations 
 Newton its= 6, linearizations= 7 (0.1sec), linear its=108 (1.0sec)

Report step 946/1000 at day 0.197083/0.208333, date = 01-Jan-2025

Starting time step 0, stepsize 0.000208333 days, at day 0.197083/0.197292, date = 01-Jan-2025

Warning: Full linear solver tolerance not achieved. The reduction is:8.83113e-05 after 20 iterations 

Warning: Full linear solver tolerance not achieved. The reduction is:5.73453e-06 after 20 iterations 

Warning: Full linear solver tolerance not achieved. The reduction is:1.9374e-05 after 20 iterations 

Warning: Full linear solver tolerance not achieved. The reduction is:7.25218e-06 after 20 iterations 

Warning: Full linear solver tolerance not achieved. The reduction is:1.52145e-05 after 20 iterations 

Warning: Full linear solver tolerance not achieved. The reduction is:7.15188e-06 after 20 iterations 

Warning: Full linear solver tolerance not achieved. The reduction is:2.49802e-05 after 20 iterations 

Warning: Full linear solver tolerance not achieved. The reduction is:8.52949e-06 after 20 iterations 

Warning: Full linear solver tolerance not achieved. The reduction is:2.40871e-05 after 20 iterations 

Warning: Full linear solver tolerance not achieved. The reduction is:8.1336e-06 after 20 iterations 

Warning: Full linear solver tolerance not achieved. The reduction is:2.40888e-05 after 20 iterations 

Warning: Full linear solver tolerance not achieved. The reduction is:8.14369e-06 after 20 iterations 

Warning: Full linear solver tolerance not achieved. The reduction is:2.40889e-05 after 20 iterations 

Warning: Full linear solver tolerance not achieved. The reduction is:8.18517e-06 after 20 iterations 

Warning: Full linear solver tolerance not achieved. The reduction is:2.40895e-05 after 20 iterations 

Warning: Full linear solver tolerance not achieved. The reduction is:8.20684e-06 after 20 iterations 

Warning: Full linear solver tolerance not achieved. The reduction is:2.40894e-05 after 20 iterations 

Warning: Full linear solver tolerance not achieved. The reduction is:8.11329e-06 after 20 iterations 

Warning: Full linear solver tolerance not achieved. The reduction is:2.40886e-05 after 20 iterations 

Warning: Full linear solver tolerance not achieved. The reduction is:8.19101e-06 after 20 iterations 

Warning: Full linear solver tolerance not achieved. The reduction is:2.40879e-05 after 20 iterations 

Warning: Full linear solver tolerance not achieved. The reduction is:1.28032e-05 after 20 iterations 

Warning: Full linear solver tolerance not achieved. The reduction is:1.27958e-05 after 20 iterations 

Problem: Solver convergence failure - Iteration limit reached
Timestep chopped to 0.000069 days


Starting time step 0, stepsize 6.875e-05 days, at day 0.197083/0.197292, date = 01-Jan-2025

Warning: Full linear solver tolerance not achieved. The reduction is:1.51065e-05 after 20 iterations 
 Newton its= 4, linearizations= 5 (0.1sec), linear its= 62 (0.5sec)

Starting time step 1, stepsize 0.000139583 days, at day 0.197152/0.197292, date = 01-Jan-2025

Warning: Full linear solver tolerance not achieved. The reduction is:0.000712344 after 20 iterations 

Warning: Full linear solver tolerance not achieved. The reduction is:1.02921e-05 after 20 iterations 

Warning: Full linear solver tolerance not achieved. The reduction is:5.10793e-06 after 20 iterations 

Warning: Full linear solver tolerance not achieved. The reduction is:6.00742e-06 after 20 iterations 

Warning: Full linear solver tolerance not achieved. The reduction is:5.47919e-06 after 20 iterations 

Warning: Full linear solver tolerance not achieved. The reduction is:5.48121e-06 after 20 iterations 

Problem: Solver convergence failure - Iteration limit reached
Timestep chopped to 0.000046 days


Starting time step 1, stepsize 4.60625e-05 days, at day 0.197152/0.197292, date = 01-Jan-2025
 Newton its= 4, linearizations= 5 (0.1sec), linear its= 54 (0.5sec)

Starting time step 2, stepsize 9.35208e-05 days, at day 0.197198/0.197292, date = 01-Jan-2025
 Newton its= 2, linearizations= 3 (0.0sec), linear its= 32 (0.3sec)

Report step 947/1000 at day 0.197292/0.208333, date = 01-Jan-2025

Starting time step 0, stepsize 0.000208333 days, at day 0.197292/0.1975, date = 01-Jan-2025

Warning: Full linear solver tolerance not achieved. The reduction is:0.000155075 after 20 iterations 

Warning: Full linear solver tolerance not achieved. The reduction is:0.000242476 after 20 iterations 

Warning: Full linear solver tolerance not achieved. The reduction is:9.50561e-06 after 20 iterations 

Warning: Full linear solver tolerance not achieved. The reduction is:2.45207e-05 after 20 iterations 

Warning: Full linear solver tolerance not achieved. The reduction is:6.36087e-06 after 20 iterations 

Warning: Full linear solver tolerance not achieved. The reduction is:2.69178e-05 after 20 iterations 

Warning: Full linear solver tolerance not achieved. The reduction is:8.86246e-06 after 20 iterations 

Warning: Full linear solver tolerance not achieved. The reduction is:7.56277e-06 after 20 iterations 

Warning: Full linear solver tolerance not achieved. The reduction is:8.24266e-06 after 20 iterations 

Warning: Full linear solver tolerance not achieved. The reduction is:2.7639e-05 after 20 iterations 

Warning: Full linear solver tolerance not achieved. The reduction is:9.37736e-06 after 20 iterations 

Warning: Full linear solver tolerance not achieved. The reduction is:9.30485e-06 after 20 iterations 

Warning: Full linear solver tolerance not achieved. The reduction is:0.000476706 after 20 iterations 

Problem: Solver convergence failure - Iteration limit reached
Timestep chopped to 0.000069 days


Starting time step 0, stepsize 6.875e-05 days, at day 0.197292/0.1975, date = 01-Jan-2025
 Newton its= 5, linearizations= 6 (0.1sec), linear its= 72 (0.7sec)

Starting time step 1, stepsize 0.000139583 days, at day 0.19736/0.1975, date = 01-Jan-2025

Warning: Full linear solver tolerance not achieved. The reduction is:1.61089e-05 after 20 iterations 
 Newton its= 5, linearizations= 6 (0.1sec), linear its= 91 (0.8sec)

Report step 948/1000 at day 0.1975/0.208333, date = 01-Jan-2025

Starting time step 0, stepsize 0.000208333 days, at day 0.1975/0.197708, date = 01-Jan-2025

Warning: Full linear solver tolerance not achieved. The reduction is:0.000968004 after 20 iterations 

Warning: Full linear solver tolerance not achieved. The reduction is:1.83246e-05 after 20 iterations 

Warning: Full linear solver tolerance not achieved. The reduction is:1.30652e-05 after 20 iterations 

Warning: Full linear solver tolerance not achieved. The reduction is:6.33178e-05 after 20 iterations 

Warning: Full linear solver tolerance not achieved. The reduction is:2.71434e-05 after 20 iterations 

Warning: Full linear solver tolerance not achieved. The reduction is:5.50611e-05 after 20 iterations 

Warning: Full linear solver tolerance not achieved. The reduction is:2.71841e-05 after 20 iterations 

Warning: Full linear solver tolerance not achieved. The reduction is:7.18689e-05 after 20 iterations 

Warning: Full linear solver tolerance not achieved. The reduction is:2.71838e-05 after 20 iterations 

Warning: Full linear solver tolerance not achieved. The reduction is:3.62187e-05 after 20 iterations 

Warning: Full linear solver tolerance not achieved. The reduction is:2.69707e-05 after 20 iterations 

Warning: Full linear solver tolerance not achieved. The reduction is:5.89052e-05 after 20 iterations 

Warning: Full linear solver tolerance not achieved. The reduction is:2.7233e-05 after 20 iterations 

Warning: Full linear solver tolerance not achieved. The reduction is:7.26216e-05 after 20 iterations 

Warning: Full linear solver tolerance not achieved. The reduction is:2.19633e-05 after 20 iterations 

Warning: Full linear solver tolerance not achieved. The reduction is:6.44423e-05 after 20 iterations 

Warning: Full linear solver tolerance not achieved. The reduction is:2.13498e-05 after 20 iterations 

Warning: Full linear solver tolerance not achieved. The reduction is:6.42054e-05 after 20 iterations 

Warning: Full linear solver tolerance not achieved. The reduction is:2.12634e-05 after 20 iterations 

Warning: Full linear solver tolerance not achieved. The reduction is:6.52664e-05 after 20 iterations 

Warning: Full linear solver tolerance not achieved. The reduction is:2.15355e-05 after 20 iterations 

Warning: Full linear solver tolerance not achieved. The reduction is:6.32544e-05 after 20 iterations 

Warning: Full linear solver tolerance not achieved. The reduction is:2.1083e-05 after 20 iterations 

Warning: Full linear solver tolerance not achieved. The reduction is:6.41607e-05 after 20 iterations 

Warning: Full linear solver tolerance not achieved. The reduction is:2.12603e-05 after 20 iterations 

Warning: Full linear solver tolerance not achieved. The reduction is:6.63264e-05 after 20 iterations 

Warning: Full linear solver tolerance not achieved. The reduction is:2.18567e-05 after 20 iterations 

Warning: Full linear solver tolerance not achieved. The reduction is:6.43477e-05 after 20 iterations 

Warning: Full linear solver tolerance not achieved. The reduction is:2.12642e-05 after 20 iterations 

Warning: Full linear solver tolerance not achieved. The reduction is:6.65016e-05 after 20 iterations 

Warning: Full linear solver tolerance not achieved. The reduction is:2.18347e-05 after 20 iterations 

Warning: Full linear solver tolerance not achieved. The reduction is:6.43388e-05 after 20 iterations 

Warning: Full linear solver tolerance not achieved. The reduction is:2.13576e-05 after 20 iterations 

Problem: Solver convergence failure - Iteration limit reached
Timestep chopped to 0.000069 days


Starting time step 0, stepsize 6.875e-05 days, at day 0.1975/0.197708, date = 01-Jan-2025
 Newton its= 3, linearizations= 4 (0.1sec), linear its= 43 (0.4sec)

Starting time step 1, stepsize 0.000139583 days, at day 0.197569/0.197708, date = 01-Jan-2025

Warning: Full linear solver tolerance not achieved. The reduction is:1.31412e-05 after 20 iterations 

Warning: Full linear solver tolerance not achieved. The reduction is:5.37283e-06 after 20 iterations 

Warning: Full linear solver tolerance not achieved. The reduction is:5.25797e-06 after 20 iterations 

Warning: Full linear solver tolerance not achieved. The reduction is:5.69828e-06 after 20 iterations 

Warning: Full linear solver tolerance not achieved. The reduction is:5.89478e-06 after 20 iterations 

Warning: Full linear solver tolerance not achieved. The reduction is:7.68771e-06 after 20 iterations 

Warning: Full linear solver tolerance not achieved. The reduction is:7.67372e-06 after 20 iterations 

Warning: Full linear solver tolerance not achieved. The reduction is:7.67848e-06 after 20 iterations 

Warning: Full linear solver tolerance not achieved. The reduction is:7.66779e-06 after 20 iterations 

Warning: Full linear solver tolerance not achieved. The reduction is:7.67013e-06 after 20 iterations 

Warning: Full linear solver tolerance not achieved. The reduction is:7.66671e-06 after 20 iterations 

Problem: Solver convergence failure - Iteration limit reached
Timestep chopped to 0.000046 days


Starting time step 1, stepsize 4.60625e-05 days, at day 0.197569/0.197708, date = 01-Jan-2025
 Newton its= 3, linearizations= 4 (0.1sec), linear its= 43 (0.4sec)

Starting time step 2, stepsize 9.35208e-05 days, at day 0.197615/0.197708, date = 01-Jan-2025

Warning: Full linear solver tolerance not achieved. The reduction is:6.78039e-06 after 20 iterations 
 Newton its= 5, linearizations= 6 (0.1sec), linear its= 83 (0.7sec)

Report step 949/1000 at day 0.197708/0.208333, date = 01-Jan-2025

Starting time step 0, stepsize 0.000208333 days, at day 0.197708/0.197917, date = 01-Jan-2025

Warning: Full linear solver tolerance not achieved. The reduction is:0.00012422 after 20 iterations 

Warning: Full linear solver tolerance not achieved. The reduction is:2.27577e-05 after 20 iterations 

Warning: Full linear solver tolerance not achieved. The reduction is:1.64591e-05 after 20 iterations 

Warning: Full linear solver tolerance not achieved. The reduction is:2.97498e-05 after 20 iterations 

Warning: Full linear solver tolerance not achieved. The reduction is:1.12688e-05 after 20 iterations 

Warning: Full linear solver tolerance not achieved. The reduction is:2.57099e-05 after 20 iterations 

Warning: Full linear solver tolerance not achieved. The reduction is:1.53944e-05 after 20 iterations 

Warning: Full linear solver tolerance not achieved. The reduction is:3.06636e-05 after 20 iterations 

Warning: Full linear solver tolerance not achieved. The reduction is:1.1284e-05 after 20 iterations 

Warning: Full linear solver tolerance not achieved. The reduction is:1.126e-05 after 20 iterations 

Warning: Full linear solver tolerance not achieved. The reduction is:1.12573e-05 after 20 iterations 

Warning: Full linear solver tolerance not achieved. The reduction is:1.12608e-05 after 20 iterations 

Warning: Full linear solver tolerance not achieved. The reduction is:1.12581e-05 after 20 iterations 

Warning: Full linear solver tolerance not achieved. The reduction is:1.12444e-05 after 20 iterations 

Problem: Solver convergence failure - Iteration limit reached
Timestep chopped to 0.000069 days


Starting time step 0, stepsize 6.875e-05 days, at day 0.197708/0.197917, date = 01-Jan-2025
 Newton its= 4, linearizations= 5 (0.1sec), linear its= 60 (0.5sec)

Starting time step 1, stepsize 0.000139583 days, at day 0.197777/0.197917, date = 01-Jan-2025

Warning: Full linear solver tolerance not achieved. The reduction is:0.000418338 after 20 iterations 
 Newton its= 5, linearizations= 6 (0.1sec), linear its= 78 (0.7sec)

Report step 950/1000 at day 0.197917/0.208333, date = 01-Jan-2025

Starting time step 0, stepsize 0.000208333 days, at day 0.197917/0.198125, date = 01-Jan-2025

Warning: Full linear solver tolerance not achieved. The reduction is:0.000141793 after 20 iterations 

Warning: Full linear solver tolerance not achieved. The reduction is:7.10049e-06 after 20 iterations 

Warning: Full linear solver tolerance not achieved. The reduction is:1.64075e-05 after 20 iterations 
 Newton its=11, linearizations=12 (0.2sec), linear its=201 (1.8sec)

Report step 951/1000 at day 0.198125/0.208333, date = 01-Jan-2025

Starting time step 0, stepsize 0.000208333 days, at day 0.198125/0.198333, date = 01-Jan-2025

Warning: Full linear solver tolerance not achieved. The reduction is:0.00428688 after 20 iterations 

Warning: Full linear solver tolerance not achieved. The reduction is:6.37478e-06 after 20 iterations 

Warning: Full linear solver tolerance not achieved. The reduction is:2.4913e-05 after 20 iterations 

Warning: Full linear solver tolerance not achieved. The reduction is:9.52679e-06 after 20 iterations 

Warning: Full linear solver tolerance not achieved. The reduction is:5.80405e-06 after 20 iterations 
 Newton its=10, linearizations=11 (0.2sec), linear its=180 (1.6sec)

Report step 952/1000 at day 0.198333/0.208333, date = 01-Jan-2025

Starting time step 0, stepsize 0.000208333 days, at day 0.198333/0.198542, date = 01-Jan-2025

Warning: Full linear solver tolerance not achieved. The reduction is:8.01003e-05 after 20 iterations 

Warning: Full linear solver tolerance not achieved. The reduction is:7.06967e-05 after 20 iterations 

Warning: Full linear solver tolerance not achieved. The reduction is:0.000101943 after 20 iterations 

Warning: Full linear solver tolerance not achieved. The reduction is:0.000103111 after 20 iterations 

Warning: Full linear solver tolerance not achieved. The reduction is:8.2726e-06 after 20 iterations 

Warning: Full linear solver tolerance not achieved. The reduction is:1.09135e-05 after 20 iterations 

Warning: Full linear solver tolerance not achieved. The reduction is:6.97685e-06 after 20 iterations 

Warning: Full linear solver tolerance not achieved. The reduction is:2.54827e-05 after 20 iterations 

Warning: Full linear solver tolerance not achieved. The reduction is:6.93749e-06 after 20 iterations 

Warning: Full linear solver tolerance not achieved. The reduction is:3.5961e-05 after 20 iterations 

Warning: Full linear solver tolerance not achieved. The reduction is:7.11761e-06 after 20 iterations 

Warning: Full linear solver tolerance not achieved. The reduction is:1.93727e-05 after 20 iterations 

Warning: Full linear solver tolerance not achieved. The reduction is:7.20087e-06 after 20 iterations 

Warning: Full linear solver tolerance not achieved. The reduction is:1.99681e-05 after 20 iterations 

Warning: Full linear solver tolerance not achieved. The reduction is:7.12039e-06 after 20 iterations 

Warning: Full linear solver tolerance not achieved. The reduction is:3.60023e-05 after 20 iterations 

Warning: Full linear solver tolerance not achieved. The reduction is:7.11442e-06 after 20 iterations 

Warning: Full linear solver tolerance not achieved. The reduction is:1.93707e-05 after 20 iterations 

Warning: Full linear solver tolerance not achieved. The reduction is:7.20103e-06 after 20 iterations 

Warning: Full linear solver tolerance not achieved. The reduction is:2.96961e-05 after 20 iterations 

Warning: Full linear solver tolerance not achieved. The reduction is:5.43482e-06 after 20 iterations 

Warning: Full linear solver tolerance not achieved. The reduction is:2.48805e-05 after 20 iterations 

Warning: Full linear solver tolerance not achieved. The reduction is:5.04582e-06 after 20 iterations 

Warning: Full linear solver tolerance not achieved. The reduction is:3.01948e-05 after 20 iterations 

Warning: Full linear solver tolerance not achieved. The reduction is:5.27974e-06 after 20 iterations 

Warning: Full linear solver tolerance not achieved. The reduction is:3.2523e-05 after 20 iterations 

Problem: Solver convergence failure - Iteration limit reached
Timestep chopped to 0.000069 days


Starting time step 0, stepsize 6.875e-05 days, at day 0.198333/0.198542, date = 01-Jan-2025
 Newton its= 3, linearizations= 4 (0.1sec), linear its= 47 (0.4sec)

Starting time step 1, stepsize 0.000139583 days, at day 0.198402/0.198542, date = 01-Jan-2025

Warning: Full linear solver tolerance not achieved. The reduction is:6.84885e-05 after 20 iterations 

Warning: Full linear solver tolerance not achieved. The reduction is:6.67767e-05 after 20 iterations 
 Newton its= 6, linearizations= 7 (0.1sec), linear its=115 (1.0sec)

Report step 953/1000 at day 0.198542/0.208333, date = 01-Jan-2025

Starting time step 0, stepsize 0.000208333 days, at day 0.198542/0.19875, date = 01-Jan-2025

Warning: Full linear solver tolerance not achieved. The reduction is:7.73358e-05 after 20 iterations 

Warning: Full linear solver tolerance not achieved. The reduction is:3.49948e-05 after 20 iterations 

Warning: Full linear solver tolerance not achieved. The reduction is:7.94557e-06 after 20 iterations 

Warning: Full linear solver tolerance not achieved. The reduction is:1.82505e-05 after 20 iterations 

Warning: Full linear solver tolerance not achieved. The reduction is:5.42093e-06 after 20 iterations 

Warning: Full linear solver tolerance not achieved. The reduction is:1.62314e-05 after 20 iterations 

Warning: Full linear solver tolerance not achieved. The reduction is:1.46043e-05 after 20 iterations 

Warning: Full linear solver tolerance not achieved. The reduction is:3.4968e-05 after 20 iterations 

Warning: Full linear solver tolerance not achieved. The reduction is:2.63755e-05 after 20 iterations 

Warning: Full linear solver tolerance not achieved. The reduction is:0.000103947 after 20 iterations 

Warning: Full linear solver tolerance not achieved. The reduction is:0.000311986 after 20 iterations 
    Oscillating behavior detected: Relaxation set to 0.900000

Warning: Full linear solver tolerance not achieved. The reduction is:1.30737e-05 after 20 iterations 
    Oscillating behavior detected: Relaxation set to 0.800000

Warning: Full linear solver tolerance not achieved. The reduction is:5.93209e-06 after 20 iterations 

Warning: Full linear solver tolerance not achieved. The reduction is:1.30275e-05 after 20 iterations 

Warning: Full linear solver tolerance not achieved. The reduction is:2.02949e-05 after 20 iterations 

Warning: Full linear solver tolerance not achieved. The reduction is:1.82348e-05 after 20 iterations 

Warning: Full linear solver tolerance not achieved. The reduction is:9.24252e-06 after 20 iterations 

Warning: Full linear solver tolerance not achieved. The reduction is:9.64279e-06 after 20 iterations 

Warning: Full linear solver tolerance not achieved. The reduction is:6.39601e-05 after 20 iterations 

Problem: Solver convergence failure - Iteration limit reached
Timestep chopped to 0.000069 days


Starting time step 0, stepsize 6.875e-05 days, at day 0.198542/0.19875, date = 01-Jan-2025
 Newton its= 5, linearizations= 6 (0.1sec), linear its= 73 (0.7sec)

Starting time step 1, stepsize 0.000139583 days, at day 0.19861/0.19875, date = 01-Jan-2025

Warning: Full linear solver tolerance not achieved. The reduction is:1.55689e-05 after 20 iterations 

Warning: Full linear solver tolerance not achieved. The reduction is:1.21378e-05 after 20 iterations 
 Newton its= 6, linearizations= 7 (0.1sec), linear its=107 (0.9sec)

Report step 954/1000 at day 0.19875/0.208333, date = 01-Jan-2025

Starting time step 0, stepsize 0.000208333 days, at day 0.19875/0.198958, date = 01-Jan-2025

Warning: Full linear solver tolerance not achieved. The reduction is:0.000493903 after 20 iterations 

Warning: Full linear solver tolerance not achieved. The reduction is:1.17739e-05 after 20 iterations 
 Newton its= 6, linearizations= 7 (0.1sec), linear its= 98 (0.9sec)

Report step 955/1000 at day 0.198958/0.208333, date = 01-Jan-2025

Starting time step 0, stepsize 0.000208333 days, at day 0.198958/0.199167, date = 01-Jan-2025

Warning: Full linear solver tolerance not achieved. The reduction is:9.15812e-05 after 20 iterations 

Warning: Full linear solver tolerance not achieved. The reduction is:1.10848e-05 after 20 iterations 

Warning: Full linear solver tolerance not achieved. The reduction is:2.00429e-05 after 20 iterations 

Warning: Full linear solver tolerance not achieved. The reduction is:1.3448e-05 after 20 iterations 

Warning: Full linear solver tolerance not achieved. The reduction is:6.13495e-06 after 20 iterations 
 Newton its= 6, linearizations= 7 (0.1sec), linear its=120 (1.1sec)

Report step 956/1000 at day 0.199167/0.208333, date = 01-Jan-2025

Starting time step 0, stepsize 0.000208333 days, at day 0.199167/0.199375, date = 01-Jan-2025

Warning: Full linear solver tolerance not achieved. The reduction is:0.000502882 after 20 iterations 

Warning: Full linear solver tolerance not achieved. The reduction is:1.59866e-05 after 20 iterations 

Warning: Full linear solver tolerance not achieved. The reduction is:7.31007e-06 after 20 iterations 
 Newton its= 4, linearizations= 5 (0.1sec), linear its= 80 (0.7sec)

Report step 957/1000 at day 0.199375/0.208333, date = 01-Jan-2025

Starting time step 0, stepsize 0.000208333 days, at day 0.199375/0.199583, date = 01-Jan-2025

Warning: Full linear solver tolerance not achieved. The reduction is:0.000163597 after 20 iterations 

Warning: Full linear solver tolerance not achieved. The reduction is:4.37706e-05 after 20 iterations 

Warning: Full linear solver tolerance not achieved. The reduction is:0.0001258 after 20 iterations 

Warning: Full linear solver tolerance not achieved. The reduction is:2.09621e-05 after 20 iterations 
 Newton its= 6, linearizations= 7 (0.1sec), linear its=117 (1.0sec)

Report step 958/1000 at day 0.199583/0.208333, date = 01-Jan-2025

Starting time step 0, stepsize 0.000208333 days, at day 0.199583/0.199792, date = 01-Jan-2025

Warning: Full linear solver tolerance not achieved. The reduction is:0.000151473 after 20 iterations 

Warning: Full linear solver tolerance not achieved. The reduction is:1.16934e-05 after 20 iterations 

Warning: Full linear solver tolerance not achieved. The reduction is:1.22182e-05 after 20 iterations 

Warning: Full linear solver tolerance not achieved. The reduction is:2.38748e-05 after 20 iterations 

Warning: Full linear solver tolerance not achieved. The reduction is:1.00445e-05 after 20 iterations 
 Newton its= 9, linearizations=10 (0.1sec), linear its=174 (1.5sec)

Report step 959/1000 at day 0.199792/0.208333, date = 01-Jan-2025

Starting time step 0, stepsize 0.000208333 days, at day 0.199792/0.2, date = 01-Jan-2025

Warning: Full linear solver tolerance not achieved. The reduction is:0.000235761 after 20 iterations 

Warning: Full linear solver tolerance not achieved. The reduction is:6.6927e-06 after 20 iterations 

Warning: Full linear solver tolerance not achieved. The reduction is:7.18001e-06 after 20 iterations 

Warning: Full linear solver tolerance not achieved. The reduction is:1.24805e-05 after 20 iterations 
 Newton its= 7, linearizations= 8 (0.1sec), linear its=137 (1.3sec)

Report step 960/1000 at day 0.2/0.208333, date = 01-Jan-2025

Starting time step 0, stepsize 0.000208333 days, at day 0.2/0.200208, date = 01-Jan-2025

Warning: Full linear solver tolerance not achieved. The reduction is:0.000116669 after 20 iterations 

Warning: Full linear solver tolerance not achieved. The reduction is:9.46426e-05 after 20 iterations 

Warning: Full linear solver tolerance not achieved. The reduction is:8.19937e-05 after 20 iterations 

Warning: Full linear solver tolerance not achieved. The reduction is:3.94777e-05 after 20 iterations 
 Newton its= 6, linearizations= 7 (0.1sec), linear its=112 (1.0sec)

Report step 961/1000 at day 0.200208/0.208333, date = 01-Jan-2025

Starting time step 0, stepsize 0.000208333 days, at day 0.200208/0.200417, date = 01-Jan-2025

Warning: Full linear solver tolerance not achieved. The reduction is:0.00506999 after 20 iterations 

Warning: Full linear solver tolerance not achieved. The reduction is:2.20142e-05 after 20 iterations 
 Newton its= 5, linearizations= 6 (0.1sec), linear its= 80 (0.7sec)

Report step 962/1000 at day 0.200417/0.208333, date = 01-Jan-2025

Starting time step 0, stepsize 0.000208333 days, at day 0.200417/0.200625, date = 01-Jan-2025

Warning: Full linear solver tolerance not achieved. The reduction is:9.33692e-05 after 20 iterations 

Warning: Full linear solver tolerance not achieved. The reduction is:1.07406e-05 after 20 iterations 

Warning: Full linear solver tolerance not achieved. The reduction is:7.86755e-06 after 20 iterations 
 Newton its= 8, linearizations= 9 (0.1sec), linear its=155 (1.4sec)

Report step 963/1000 at day 0.200625/0.208333, date = 01-Jan-2025

Starting time step 0, stepsize 0.000208333 days, at day 0.200625/0.200833, date = 01-Jan-2025

Warning: Full linear solver tolerance not achieved. The reduction is:8.78742e-05 after 20 iterations 

Warning: Full linear solver tolerance not achieved. The reduction is:5.75434e-05 after 20 iterations 
 Newton its= 4, linearizations= 5 (0.1sec), linear its= 71 (0.7sec)

Report step 964/1000 at day 0.200833/0.208333, date = 01-Jan-2025

Starting time step 0, stepsize 0.000208333 days, at day 0.200833/0.201042, date = 01-Jan-2025

Warning: Full linear solver tolerance not achieved. The reduction is:5.20897e-05 after 20 iterations 

Warning: Full linear solver tolerance not achieved. The reduction is:0.000316203 after 20 iterations 

Warning: Full linear solver tolerance not achieved. The reduction is:4.04921e-05 after 20 iterations 

Warning: Full linear solver tolerance not achieved. The reduction is:0.000844619 after 20 iterations 
 Newton its= 8, linearizations= 9 (0.1sec), linear its=148 (1.3sec)

Report step 965/1000 at day 0.201042/0.208333, date = 01-Jan-2025

Starting time step 0, stepsize 0.000208333 days, at day 0.201042/0.20125, date = 01-Jan-2025

Warning: Full linear solver tolerance not achieved. The reduction is:0.000993048 after 20 iterations 

Warning: Full linear solver tolerance not achieved. The reduction is:7.88194e-06 after 20 iterations 

Warning: Full linear solver tolerance not achieved. The reduction is:6.73305e-06 after 20 iterations 
 Newton its= 7, linearizations= 8 (0.1sec), linear its=137 (1.2sec)

Report step 966/1000 at day 0.20125/0.208333, date = 01-Jan-2025

Starting time step 0, stepsize 0.000208333 days, at day 0.20125/0.201458, date = 01-Jan-2025

Warning: Full linear solver tolerance not achieved. The reduction is:0.000125266 after 20 iterations 

Warning: Full linear solver tolerance not achieved. The reduction is:8.73967e-06 after 20 iterations 

Warning: Full linear solver tolerance not achieved. The reduction is:5.44212e-06 after 20 iterations 

Warning: Full linear solver tolerance not achieved. The reduction is:1.48994e-05 after 20 iterations 

Warning: Full linear solver tolerance not achieved. The reduction is:1.39905e-05 after 20 iterations 

Warning: Full linear solver tolerance not achieved. The reduction is:1.28176e-05 after 20 iterations 
 Newton its= 7, linearizations= 8 (0.1sec), linear its=140 (1.3sec)

Report step 967/1000 at day 0.201458/0.208333, date = 01-Jan-2025

Starting time step 0, stepsize 0.000208333 days, at day 0.201458/0.201667, date = 01-Jan-2025

Warning: Full linear solver tolerance not achieved. The reduction is:0.000220205 after 20 iterations 

Warning: Full linear solver tolerance not achieved. The reduction is:0.00124484 after 20 iterations 

Warning: Full linear solver tolerance not achieved. The reduction is:3.18103e-05 after 20 iterations 

Warning: Full linear solver tolerance not achieved. The reduction is:1.53701e-05 after 20 iterations 
 Newton its= 9, linearizations=10 (0.1sec), linear its=173 (1.6sec)

Report step 968/1000 at day 0.201667/0.208333, date = 01-Jan-2025

Starting time step 0, stepsize 0.000208333 days, at day 0.201667/0.201875, date = 01-Jan-2025

Warning: Full linear solver tolerance not achieved. The reduction is:0.00010526 after 20 iterations 

Warning: Full linear solver tolerance not achieved. The reduction is:3.76607e-05 after 20 iterations 
 Newton its= 5, linearizations= 6 (0.1sec), linear its= 97 (0.9sec)

Report step 969/1000 at day 0.201875/0.208333, date = 01-Jan-2025

Starting time step 0, stepsize 0.000208333 days, at day 0.201875/0.202083, date = 01-Jan-2025

Warning: Full linear solver tolerance not achieved. The reduction is:5.75722e-05 after 20 iterations 

Warning: Full linear solver tolerance not achieved. The reduction is:7.18269e-06 after 20 iterations 

Warning: Full linear solver tolerance not achieved. The reduction is:1.01655e-05 after 20 iterations 
 Newton its= 6, linearizations= 7 (0.1sec), linear its=116 (1.0sec)

Report step 970/1000 at day 0.202083/0.208333, date = 01-Jan-2025

Starting time step 0, stepsize 0.000208333 days, at day 0.202083/0.202292, date = 01-Jan-2025

Warning: Full linear solver tolerance not achieved. The reduction is:0.000386291 after 20 iterations 

Warning: Full linear solver tolerance not achieved. The reduction is:5.5469e-06 after 20 iterations 

Warning: Full linear solver tolerance not achieved. The reduction is:7.71648e-06 after 20 iterations 

Warning: Full linear solver tolerance not achieved. The reduction is:7.65771e-06 after 20 iterations 
 Newton its= 6, linearizations= 7 (0.1sec), linear its=115 (1.0sec)

Report step 971/1000 at day 0.202292/0.208333, date = 01-Jan-2025

Starting time step 0, stepsize 0.000208333 days, at day 0.202292/0.2025, date = 01-Jan-2025

Warning: Full linear solver tolerance not achieved. The reduction is:0.000473551 after 20 iterations 

Warning: Full linear solver tolerance not achieved. The reduction is:5.61281e-05 after 20 iterations 

Warning: Full linear solver tolerance not achieved. The reduction is:0.000148829 after 20 iterations 
 Newton its= 4, linearizations= 5 (0.1sec), linear its= 78 (0.7sec)

Report step 972/1000 at day 0.2025/0.208333, date = 01-Jan-2025

Starting time step 0, stepsize 0.000208333 days, at day 0.2025/0.202708, date = 01-Jan-2025

Warning: Full linear solver tolerance not achieved. The reduction is:0.000884153 after 20 iterations 

Warning: Full linear solver tolerance not achieved. The reduction is:7.99627e-06 after 20 iterations 

Warning: Full linear solver tolerance not achieved. The reduction is:8.08275e-06 after 20 iterations 

Warning: Full linear solver tolerance not achieved. The reduction is:8.93561e-06 after 20 iterations 
 Newton its= 5, linearizations= 6 (0.1sec), linear its= 99 (0.9sec)

Report step 973/1000 at day 0.202708/0.208333, date = 01-Jan-2025

Starting time step 0, stepsize 0.000208333 days, at day 0.202708/0.202917, date = 01-Jan-2025

Warning: Full linear solver tolerance not achieved. The reduction is:0.000627513 after 20 iterations 

Warning: Full linear solver tolerance not achieved. The reduction is:1.38512e-05 after 20 iterations 

Warning: Full linear solver tolerance not achieved. The reduction is:2.27672e-05 after 20 iterations 

Warning: Full linear solver tolerance not achieved. The reduction is:1.4045e-05 after 20 iterations 

Warning: Full linear solver tolerance not achieved. The reduction is:2.75054e-05 after 20 iterations 

Warning: Full linear solver tolerance not achieved. The reduction is:0.000101811 after 20 iterations 
 Newton its= 7, linearizations= 8 (0.1sec), linear its=137 (1.2sec)

Report step 974/1000 at day 0.202917/0.208333, date = 01-Jan-2025

Starting time step 0, stepsize 0.000208333 days, at day 0.202917/0.203125, date = 01-Jan-2025

Warning: Full linear solver tolerance not achieved. The reduction is:0.000168278 after 20 iterations 

Warning: Full linear solver tolerance not achieved. The reduction is:3.31998e-05 after 20 iterations 

Warning: Full linear solver tolerance not achieved. The reduction is:1.35525e-05 after 20 iterations 

Warning: Full linear solver tolerance not achieved. The reduction is:6.01344e-05 after 20 iterations 

Warning: Full linear solver tolerance not achieved. The reduction is:2.30318e-05 after 20 iterations 

Warning: Full linear solver tolerance not achieved. The reduction is:0.00012216 after 20 iterations 
 Newton its= 6, linearizations= 7 (0.1sec), linear its=120 (1.0sec)

Report step 975/1000 at day 0.203125/0.208333, date = 01-Jan-2025

Starting time step 0, stepsize 0.000208333 days, at day 0.203125/0.203333, date = 01-Jan-2025

Warning: Full linear solver tolerance not achieved. The reduction is:0.00134622 after 20 iterations 

Warning: Full linear solver tolerance not achieved. The reduction is:5.09366e-06 after 20 iterations 

Warning: Full linear solver tolerance not achieved. The reduction is:1.57681e-05 after 20 iterations 

Warning: Full linear solver tolerance not achieved. The reduction is:1.41549e-05 after 20 iterations 

Warning: Full linear solver tolerance not achieved. The reduction is:2.67387e-05 after 20 iterations 
 Newton its=17, linearizations=18 (0.3sec), linear its=301 (2.8sec)

Report step 976/1000 at day 0.203333/0.208333, date = 01-Jan-2025

Starting time step 0, stepsize 0.000208333 days, at day 0.203333/0.203542, date = 01-Jan-2025

Warning: Full linear solver tolerance not achieved. The reduction is:0.000110822 after 20 iterations 

Warning: Full linear solver tolerance not achieved. The reduction is:3.38007e-05 after 20 iterations 

Warning: Full linear solver tolerance not achieved. The reduction is:1.06742e-05 after 20 iterations 

Warning: Full linear solver tolerance not achieved. The reduction is:2.59889e-05 after 20 iterations 
 Newton its= 5, linearizations= 6 (0.1sec), linear its= 99 (0.9sec)

Report step 977/1000 at day 0.203542/0.208333, date = 01-Jan-2025

Starting time step 0, stepsize 0.000208333 days, at day 0.203542/0.20375, date = 01-Jan-2025

Warning: Full linear solver tolerance not achieved. The reduction is:5.79173e-05 after 20 iterations 

Warning: Full linear solver tolerance not achieved. The reduction is:1.71559e-05 after 20 iterations 

Warning: Full linear solver tolerance not achieved. The reduction is:3.8998e-05 after 20 iterations 

Warning: Full linear solver tolerance not achieved. The reduction is:9.64041e-05 after 20 iterations 

Warning: Full linear solver tolerance not achieved. The reduction is:7.15689e-06 after 20 iterations 
 Newton its=11, linearizations=12 (0.2sec), linear its=204 (1.8sec)

Report step 978/1000 at day 0.20375/0.208333, date = 01-Jan-2025

Starting time step 0, stepsize 0.000208333 days, at day 0.20375/0.203958, date = 01-Jan-2025

Warning: Full linear solver tolerance not achieved. The reduction is:0.000212288 after 20 iterations 

Warning: Full linear solver tolerance not achieved. The reduction is:1.41286e-05 after 20 iterations 

Warning: Full linear solver tolerance not achieved. The reduction is:1.04446e-05 after 20 iterations 

Warning: Full linear solver tolerance not achieved. The reduction is:3.39942e-05 after 20 iterations 

Warning: Full linear solver tolerance not achieved. The reduction is:1.54701e-05 after 20 iterations 
 Newton its= 6, linearizations= 7 (0.1sec), linear its=119 (1.0sec)

Report step 979/1000 at day 0.203958/0.208333, date = 01-Jan-2025

Starting time step 0, stepsize 0.000208333 days, at day 0.203958/0.204167, date = 01-Jan-2025

Warning: Full linear solver tolerance not achieved. The reduction is:0.000540632 after 20 iterations 

Warning: Full linear solver tolerance not achieved. The reduction is:5.18884e-05 after 20 iterations 
 Newton its= 5, linearizations= 6 (0.1sec), linear its= 94 (0.8sec)

Report step 980/1000 at day 0.204167/0.208333, date = 01-Jan-2025

Starting time step 0, stepsize 0.000208333 days, at day 0.204167/0.204375, date = 01-Jan-2025

Warning: Full linear solver tolerance not achieved. The reduction is:0.000429265 after 20 iterations 

Warning: Full linear solver tolerance not achieved. The reduction is:0.000107475 after 20 iterations 
 Newton its= 5, linearizations= 6 (0.1sec), linear its= 93 (0.8sec)

Report step 981/1000 at day 0.204375/0.208333, date = 01-Jan-2025

Starting time step 0, stepsize 0.000208333 days, at day 0.204375/0.204583, date = 01-Jan-2025

Warning: Full linear solver tolerance not achieved. The reduction is:0.000256608 after 20 iterations 

Warning: Full linear solver tolerance not achieved. The reduction is:1.62143e-05 after 20 iterations 

Warning: Full linear solver tolerance not achieved. The reduction is:8.03331e-06 after 20 iterations 
 Newton its= 7, linearizations= 8 (0.1sec), linear its=136 (1.2sec)

Report step 982/1000 at day 0.204583/0.208333, date = 01-Jan-2025

Starting time step 0, stepsize 0.000208333 days, at day 0.204583/0.204792, date = 01-Jan-2025

Warning: Full linear solver tolerance not achieved. The reduction is:0.000511875 after 20 iterations 

Warning: Full linear solver tolerance not achieved. The reduction is:1.07359e-05 after 20 iterations 

Warning: Full linear solver tolerance not achieved. The reduction is:7.54113e-06 after 20 iterations 

Warning: Full linear solver tolerance not achieved. The reduction is:3.4752e-05 after 20 iterations 
 Newton its= 6, linearizations= 7 (0.1sec), linear its=119 (1.0sec)

Report step 983/1000 at day 0.204792/0.208333, date = 01-Jan-2025

Starting time step 0, stepsize 0.000208333 days, at day 0.204792/0.205, date = 01-Jan-2025

Warning: Full linear solver tolerance not achieved. The reduction is:0.000236906 after 20 iterations 

Warning: Full linear solver tolerance not achieved. The reduction is:1.20206e-05 after 20 iterations 

Warning: Full linear solver tolerance not achieved. The reduction is:2.07527e-05 after 20 iterations 
 Newton its= 3, linearizations= 4 (0.1sec), linear its= 60 (0.5sec)

Report step 984/1000 at day 0.205/0.208333, date = 01-Jan-2025

Starting time step 0, stepsize 0.000208333 days, at day 0.205/0.205208, date = 01-Jan-2025

Warning: Full linear solver tolerance not achieved. The reduction is:0.000230543 after 20 iterations 

Warning: Full linear solver tolerance not achieved. The reduction is:3.26166e-05 after 20 iterations 

Warning: Full linear solver tolerance not achieved. The reduction is:3.35316e-05 after 20 iterations 

Warning: Full linear solver tolerance not achieved. The reduction is:1.73857e-05 after 20 iterations 

Warning: Full linear solver tolerance not achieved. The reduction is:7.08544e-05 after 20 iterations 

Warning: Full linear solver tolerance not achieved. The reduction is:2.30601e-05 after 20 iterations 

Warning: Full linear solver tolerance not achieved. The reduction is:3.38795e-05 after 20 iterations 

Warning: Full linear solver tolerance not achieved. The reduction is:2.36593e-05 after 20 iterations 

Warning: Full linear solver tolerance not achieved. The reduction is:3.74329e-05 after 20 iterations 

Warning: Full linear solver tolerance not achieved. The reduction is:2.20086e-05 after 20 iterations 

Warning: Full linear solver tolerance not achieved. The reduction is:7.79588e-05 after 20 iterations 

Warning: Full linear solver tolerance not achieved. The reduction is:2.31403e-05 after 20 iterations 

Warning: Full linear solver tolerance not achieved. The reduction is:7.94226e-05 after 20 iterations 

Warning: Full linear solver tolerance not achieved. The reduction is:2.19931e-05 after 20 iterations 

Warning: Full linear solver tolerance not achieved. The reduction is:7.79336e-05 after 20 iterations 

Warning: Full linear solver tolerance not achieved. The reduction is:2.31404e-05 after 20 iterations 

Warning: Full linear solver tolerance not achieved. The reduction is:7.91083e-05 after 20 iterations 

Warning: Full linear solver tolerance not achieved. The reduction is:2.19927e-05 after 20 iterations 

Warning: Full linear solver tolerance not achieved. The reduction is:7.8016e-05 after 20 iterations 

Warning: Full linear solver tolerance not achieved. The reduction is:2.31403e-05 after 20 iterations 

Warning: Full linear solver tolerance not achieved. The reduction is:7.94355e-05 after 20 iterations 

Problem: Solver convergence failure - Iteration limit reached
Timestep chopped to 0.000069 days


Starting time step 0, stepsize 6.875e-05 days, at day 0.205/0.205208, date = 01-Jan-2025
 Newton its= 4, linearizations= 5 (0.1sec), linear its= 64 (0.6sec)

Starting time step 1, stepsize 0.000139583 days, at day 0.205069/0.205208, date = 01-Jan-2025

Warning: Full linear solver tolerance not achieved. The reduction is:3.57e-05 after 20 iterations 
 Newton its= 3, linearizations= 4 (0.1sec), linear its= 55 (0.5sec)

Report step 985/1000 at day 0.205208/0.208333, date = 01-Jan-2025

Starting time step 0, stepsize 0.000208333 days, at day 0.205208/0.205417, date = 01-Jan-2025

Warning: Full linear solver tolerance not achieved. The reduction is:0.000185975 after 20 iterations 

Warning: Full linear solver tolerance not achieved. The reduction is:1.4908e-05 after 20 iterations 

Warning: Full linear solver tolerance not achieved. The reduction is:1.37765e-05 after 20 iterations 

Warning: Full linear solver tolerance not achieved. The reduction is:0.000123748 after 20 iterations 

Warning: Full linear solver tolerance not achieved. The reduction is:6.28031e-06 after 20 iterations 
 Newton its= 6, linearizations= 7 (0.1sec), linear its=118 (1.0sec)

Report step 986/1000 at day 0.205417/0.208333, date = 01-Jan-2025

Starting time step 0, stepsize 0.000208333 days, at day 0.205417/0.205625, date = 01-Jan-2025

Warning: Full linear solver tolerance not achieved. The reduction is:0.000243862 after 20 iterations 

Warning: Full linear solver tolerance not achieved. The reduction is:5.7074e-06 after 20 iterations 

Warning: Full linear solver tolerance not achieved. The reduction is:1.94765e-05 after 20 iterations 

Warning: Full linear solver tolerance not achieved. The reduction is:3.25154e-05 after 20 iterations 

Warning: Full linear solver tolerance not achieved. The reduction is:1.11694e-05 after 20 iterations 

Warning: Full linear solver tolerance not achieved. The reduction is:0.000208334 after 20 iterations 

Warning: Full linear solver tolerance not achieved. The reduction is:3.80772e-05 after 20 iterations 

Warning: Full linear solver tolerance not achieved. The reduction is:6.12007e-05 after 20 iterations 

Warning: Full linear solver tolerance not achieved. The reduction is:1.84683e-05 after 20 iterations 

Warning: Full linear solver tolerance not achieved. The reduction is:1.12863e-05 after 20 iterations 

Warning: Full linear solver tolerance not achieved. The reduction is:7.83032e-05 after 20 iterations 

Warning: Full linear solver tolerance not achieved. The reduction is:1.68516e-05 after 20 iterations 

Warning: Full linear solver tolerance not achieved. The reduction is:2.93544e-05 after 20 iterations 

Warning: Full linear solver tolerance not achieved. The reduction is:5.76962e-05 after 20 iterations 

Warning: Full linear solver tolerance not achieved. The reduction is:1.91313e-05 after 20 iterations 

Warning: Full linear solver tolerance not achieved. The reduction is:1.10446e-05 after 20 iterations 

Warning: Full linear solver tolerance not achieved. The reduction is:7.47938e-05 after 20 iterations 

Warning: Full linear solver tolerance not achieved. The reduction is:1.60332e-05 after 20 iterations 

Warning: Full linear solver tolerance not achieved. The reduction is:2.80483e-05 after 20 iterations 

Warning: Full linear solver tolerance not achieved. The reduction is:5.8784e-05 after 20 iterations 

Warning: Full linear solver tolerance not achieved. The reduction is:1.93487e-05 after 20 iterations 

Warning: Full linear solver tolerance not achieved. The reduction is:1.11936e-05 after 20 iterations 

Warning: Full linear solver tolerance not achieved. The reduction is:7.83407e-05 after 20 iterations 

Warning: Full linear solver tolerance not achieved. The reduction is:1.60809e-05 after 20 iterations 

Warning: Full linear solver tolerance not achieved. The reduction is:2.81101e-05 after 20 iterations 

Warning: Full linear solver tolerance not achieved. The reduction is:5.87858e-05 after 20 iterations 

Warning: Full linear solver tolerance not achieved. The reduction is:1.93487e-05 after 20 iterations 

Warning: Full linear solver tolerance not achieved. The reduction is:1.11936e-05 after 20 iterations 

Problem: Solver convergence failure - Iteration limit reached
Timestep chopped to 0.000069 days


Starting time step 0, stepsize 6.875e-05 days, at day 0.205417/0.205625, date = 01-Jan-2025
 Newton its= 5, linearizations= 6 (0.1sec), linear its= 80 (0.7sec)

Starting time step 1, stepsize 0.000139583 days, at day 0.205485/0.205625, date = 01-Jan-2025

Warning: Full linear solver tolerance not achieved. The reduction is:0.000115415 after 20 iterations 

Warning: Full linear solver tolerance not achieved. The reduction is:2.16187e-05 after 20 iterations 

Warning: Full linear solver tolerance not achieved. The reduction is:1.01179e-05 after 20 iterations 

Warning: Full linear solver tolerance not achieved. The reduction is:8.21652e-06 after 20 iterations 

Warning: Full linear solver tolerance not achieved. The reduction is:8.33657e-06 after 20 iterations 

Warning: Full linear solver tolerance not achieved. The reduction is:8.3512e-06 after 20 iterations 

Warning: Full linear solver tolerance not achieved. The reduction is:3.47283e-05 after 20 iterations 

Warning: Full linear solver tolerance not achieved. The reduction is:3.34585e-05 after 20 iterations 

Warning: Full linear solver tolerance not achieved. The reduction is:3.23817e-05 after 20 iterations 

Warning: Full linear solver tolerance not achieved. The reduction is:3.22496e-05 after 20 iterations 

Warning: Full linear solver tolerance not achieved. The reduction is:3.4718e-05 after 20 iterations 

Warning: Full linear solver tolerance not achieved. The reduction is:3.3458e-05 after 20 iterations 

Warning: Full linear solver tolerance not achieved. The reduction is:3.23837e-05 after 20 iterations 

Warning: Full linear solver tolerance not achieved. The reduction is:2.99591e-05 after 20 iterations 

Problem: Solver convergence failure - Iteration limit reached
Timestep chopped to 0.000046 days


Starting time step 1, stepsize 4.60625e-05 days, at day 0.205485/0.205625, date = 01-Jan-2025
 Newton its= 4, linearizations= 5 (0.1sec), linear its= 62 (0.6sec)

Starting time step 2, stepsize 9.35208e-05 days, at day 0.205531/0.205625, date = 01-Jan-2025

Warning: Full linear solver tolerance not achieved. The reduction is:8.12756e-05 after 20 iterations 

Warning: Full linear solver tolerance not achieved. The reduction is:7.14373e-06 after 20 iterations 
 Newton its= 3, linearizations= 4 (0.1sec), linear its= 57 (0.5sec)

Report step 987/1000 at day 0.205625/0.208333, date = 01-Jan-2025

Starting time step 0, stepsize 0.000208333 days, at day 0.205625/0.205833, date = 01-Jan-2025

Warning: Full linear solver tolerance not achieved. The reduction is:0.0005897 after 20 iterations 
 Newton its= 3, linearizations= 4 (0.1sec), linear its= 53 (0.5sec)

Report step 988/1000 at day 0.205833/0.208333, date = 01-Jan-2025

Starting time step 0, stepsize 0.000208333 days, at day 0.205833/0.206042, date = 01-Jan-2025

Warning: Full linear solver tolerance not achieved. The reduction is:0.000589171 after 20 iterations 

Warning: Full linear solver tolerance not achieved. The reduction is:1.54434e-05 after 20 iterations 

Warning: Full linear solver tolerance not achieved. The reduction is:0.000832881 after 20 iterations 

Warning: Full linear solver tolerance not achieved. The reduction is:7.67352e-06 after 20 iterations 

Warning: Full linear solver tolerance not achieved. The reduction is:0.000540744 after 20 iterations 

Warning: Full linear solver tolerance not achieved. The reduction is:0.0014123 after 20 iterations 
 Newton its= 8, linearizations= 9 (0.1sec), linear its=159 (1.4sec)

Report step 989/1000 at day 0.206042/0.208333, date = 01-Jan-2025

Starting time step 0, stepsize 0.000208333 days, at day 0.206042/0.20625, date = 01-Jan-2025

Warning: Full linear solver tolerance not achieved. The reduction is:0.00320889 after 20 iterations 

Warning: Full linear solver tolerance not achieved. The reduction is:9.36764e-06 after 20 iterations 

Warning: Full linear solver tolerance not achieved. The reduction is:3.0368e-05 after 20 iterations 

Warning: Full linear solver tolerance not achieved. The reduction is:4.67102e-05 after 20 iterations 

Warning: Full linear solver tolerance not achieved. The reduction is:5.51432e-05 after 20 iterations 

Problem: Solver convergence failure - Numerical problem encountered
Timestep chopped to 0.000069 days


Starting time step 0, stepsize 6.875e-05 days, at day 0.206042/0.20625, date = 01-Jan-2025

Warning: Full linear solver tolerance not achieved. The reduction is:8.24985e-05 after 20 iterations 

Problem: Solver convergence failure - Numerical problem encountered
Timestep chopped to 0.000023 days


Starting time step 0, stepsize 2.26875e-05 days, at day 0.206042/0.20625, date = 01-Jan-2025

Warning: Full linear solver tolerance not achieved. The reduction is:0.000911524 after 20 iterations 

Problem: Solver convergence failure - Numerical problem encountered
Timestep chopped to 0.000007 days


Starting time step 0, stepsize 7.48688e-06 days, at day 0.206042/0.20625, date = 01-Jan-2025

Problem: Solver convergence failure - Numerical problem encountered
Timestep chopped to 0.000002 days


Starting time step 0, stepsize 2.47067e-06 days, at day 0.206042/0.20625, date = 01-Jan-2025
 Newton its= 1, linearizations= 2 (0.0sec), linear its= 13 (0.1sec)

Starting time step 1, stepsize 4.94134e-06 days, at day 0.206044/0.20625, date = 01-Jan-2025
 Newton its= 1, linearizations= 2 (0.0sec), linear its= 14 (0.1sec)

Starting time step 2, stepsize 1.4824e-05 days, at day 0.206049/0.20625, date = 01-Jan-2025
 Newton its= 3, linearizations= 4 (0.1sec), linear its= 44 (0.4sec)

Starting time step 3, stepsize 4.4472e-05 days, at day 0.206064/0.20625, date = 01-Jan-2025

Warning: Full linear solver tolerance not achieved. The reduction is:1.43364e-05 after 20 iterations 
 Newton its= 4, linearizations= 5 (0.1sec), linear its= 65 (0.6sec)

Starting time step 4, stepsize 7.08126e-05 days, at day 0.206108/0.20625, date = 01-Jan-2025

Warning: Full linear solver tolerance not achieved. The reduction is:1.74417e-05 after 20 iterations 
 Newton its= 5, linearizations= 6 (0.1sec), linear its= 91 (0.8sec)

Starting time step 5, stepsize 7.08126e-05 days, at day 0.206179/0.20625, date = 01-Jan-2025

Warning: Full linear solver tolerance not achieved. The reduction is:1.7626e-05 after 20 iterations 

Warning: Full linear solver tolerance not achieved. The reduction is:1.29054e-05 after 20 iterations 
 Newton its= 4, linearizations= 5 (0.1sec), linear its= 72 (0.6sec)

Report step 990/1000 at day 0.20625/0.208333, date = 01-Jan-2025

Starting time step 0, stepsize 0.000208333 days, at day 0.20625/0.206458, date = 01-Jan-2025

Warning: Full linear solver tolerance not achieved. The reduction is:0.0017139 after 20 iterations 

Warning: Full linear solver tolerance not achieved. The reduction is:6.52049e-05 after 20 iterations 

Warning: Full linear solver tolerance not achieved. The reduction is:9.53435e-05 after 20 iterations 

Warning: Full linear solver tolerance not achieved. The reduction is:3.97491e-05 after 20 iterations 

Problem: Solver convergence failure - Numerical problem encountered
Timestep chopped to 0.000069 days


Starting time step 0, stepsize 6.875e-05 days, at day 0.20625/0.206458, date = 01-Jan-2025
 Newton its= 9, linearizations=10 (0.2sec), linear its=137 (1.3sec)

Starting time step 1, stepsize 6.11111e-05 days, at day 0.206319/0.206458, date = 01-Jan-2025
 Newton its= 5, linearizations= 6 (0.1sec), linear its= 72 (0.6sec)

Starting time step 2, stepsize 7.84722e-05 days, at day 0.20638/0.206458, date = 01-Jan-2025

Warning: Full linear solver tolerance not achieved. The reduction is:1.57548e-05 after 20 iterations 
 Newton its= 7, linearizations= 8 (0.1sec), linear its=108 (1.0sec)

Report step 991/1000 at day 0.206458/0.208333, date = 01-Jan-2025

Starting time step 0, stepsize 0.000208333 days, at day 0.206458/0.206667, date = 01-Jan-2025

Warning: Full linear solver tolerance not achieved. The reduction is:0.000202414 after 20 iterations 

Warning: Full linear solver tolerance not achieved. The reduction is:1.04771e-05 after 20 iterations 

Warning: Full linear solver tolerance not achieved. The reduction is:1.60896e-05 after 20 iterations 

Warning: Full linear solver tolerance not achieved. The reduction is:1.23659e-05 after 20 iterations 

Warning: Full linear solver tolerance not achieved. The reduction is:2.0814e-05 after 20 iterations 

Warning: Full linear solver tolerance not achieved. The reduction is:2.4488e-05 after 20 iterations 
 Newton its=12, linearizations=13 (0.2sec), linear its=223 (2.0sec)

Report step 992/1000 at day 0.206667/0.208333, date = 01-Jan-2025

Starting time step 0, stepsize 0.000208333 days, at day 0.206667/0.206875, date = 01-Jan-2025

Warning: Full linear solver tolerance not achieved. The reduction is:3.89171e-05 after 20 iterations 

Warning: Full linear solver tolerance not achieved. The reduction is:9.98574e-06 after 20 iterations 

Warning: Full linear solver tolerance not achieved. The reduction is:5.10614e-06 after 20 iterations 

Warning: Full linear solver tolerance not achieved. The reduction is:3.46777e-05 after 20 iterations 

Warning: Full linear solver tolerance not achieved. The reduction is:1.6624e-05 after 20 iterations 

Warning: Full linear solver tolerance not achieved. The reduction is:1.99796e-05 after 20 iterations 

Warning: Full linear solver tolerance not achieved. The reduction is:1.99692e-05 after 20 iterations 

Warning: Full linear solver tolerance not achieved. The reduction is:7.54995e-05 after 20 iterations 

Warning: Full linear solver tolerance not achieved. The reduction is:7.38127e-05 after 20 iterations 

Warning: Full linear solver tolerance not achieved. The reduction is:7.38099e-05 after 20 iterations 

Warning: Full linear solver tolerance not achieved. The reduction is:7.40175e-05 after 20 iterations 

Warning: Full linear solver tolerance not achieved. The reduction is:7.38881e-05 after 20 iterations 

Problem: Solver convergence failure - Iteration limit reached
Timestep chopped to 0.000069 days


Starting time step 0, stepsize 6.875e-05 days, at day 0.206667/0.206875, date = 01-Jan-2025

Problem: Solver convergence failure - Iteration limit reached
Timestep chopped to 0.000023 days


Starting time step 0, stepsize 2.26875e-05 days, at day 0.206667/0.206875, date = 01-Jan-2025
 Newton its= 4, linearizations= 5 (0.1sec), linear its= 56 (0.5sec)

Starting time step 1, stepsize 4.5375e-05 days, at day 0.206689/0.206875, date = 01-Jan-2025
 Newton its= 5, linearizations= 6 (0.1sec), linear its= 74 (0.7sec)

Starting time step 2, stepsize 7.01354e-05 days, at day 0.206735/0.206875, date = 01-Jan-2025
 Newton its= 5, linearizations= 6 (0.1sec), linear its= 79 (0.7sec)

Starting time step 3, stepsize 7.01354e-05 days, at day 0.206805/0.206875, date = 01-Jan-2025

Warning: Full linear solver tolerance not achieved. The reduction is:5.22206e-06 after 20 iterations 
 Newton its= 5, linearizations= 6 (0.1sec), linear its= 79 (0.7sec)

Report step 993/1000 at day 0.206875/0.208333, date = 01-Jan-2025

Starting time step 0, stepsize 0.000208333 days, at day 0.206875/0.207083, date = 01-Jan-2025

Warning: Full linear solver tolerance not achieved. The reduction is:0.00013905 after 20 iterations 

Warning: Full linear solver tolerance not achieved. The reduction is:4.30206e-05 after 20 iterations 

Warning: Full linear solver tolerance not achieved. The reduction is:7.65334e-06 after 20 iterations 

Warning: Full linear solver tolerance not achieved. The reduction is:7.64427e-06 after 20 iterations 

Warning: Full linear solver tolerance not achieved. The reduction is:1.41621e-05 after 20 iterations 

Warning: Full linear solver tolerance not achieved. The reduction is:8.23785e-06 after 20 iterations 

Warning: Full linear solver tolerance not achieved. The reduction is:1.97232e-05 after 20 iterations 
 Newton its= 8, linearizations= 9 (0.1sec), linear its=156 (1.3sec)

Report step 994/1000 at day 0.207083/0.208333, date = 01-Jan-2025

Starting time step 0, stepsize 0.000208333 days, at day 0.207083/0.207292, date = 01-Jan-2025

Warning: Full linear solver tolerance not achieved. The reduction is:0.000442487 after 20 iterations 

Warning: Full linear solver tolerance not achieved. The reduction is:2.88107e-05 after 20 iterations 

Warning: Full linear solver tolerance not achieved. The reduction is:5.66796e-06 after 20 iterations 

Warning: Full linear solver tolerance not achieved. The reduction is:7.28391e-06 after 20 iterations 

Warning: Full linear solver tolerance not achieved. The reduction is:6.8937e-05 after 20 iterations 

Warning: Full linear solver tolerance not achieved. The reduction is:8.40696e-06 after 20 iterations 

Warning: Full linear solver tolerance not achieved. The reduction is:0.000122236 after 20 iterations 

Warning: Full linear solver tolerance not achieved. The reduction is:1.09726e-05 after 20 iterations 

Warning: Full linear solver tolerance not achieved. The reduction is:0.000110607 after 20 iterations 

Warning: Full linear solver tolerance not achieved. The reduction is:8.91105e-06 after 20 iterations 

Warning: Full linear solver tolerance not achieved. The reduction is:5.60203e-05 after 20 iterations 

Warning: Full linear solver tolerance not achieved. The reduction is:3.7426e-05 after 20 iterations 

Warning: Full linear solver tolerance not achieved. The reduction is:1.07323e-05 after 20 iterations 

Warning: Full linear solver tolerance not achieved. The reduction is:1.28488e-05 after 20 iterations 

Warning: Full linear solver tolerance not achieved. The reduction is:5.28744e-05 after 20 iterations 

Warning: Full linear solver tolerance not achieved. The reduction is:0.000618221 after 20 iterations 

Problem: Solver convergence failure - Iteration limit reached
Timestep chopped to 0.000069 days


Starting time step 0, stepsize 6.875e-05 days, at day 0.207083/0.207292, date = 01-Jan-2025

Problem: Solver convergence failure - Iteration limit reached
Timestep chopped to 0.000023 days


Starting time step 0, stepsize 2.26875e-05 days, at day 0.207083/0.207292, date = 01-Jan-2025
 Newton its= 4, linearizations= 5 (0.1sec), linear its= 58 (0.5sec)

Starting time step 1, stepsize 4.5375e-05 days, at day 0.207106/0.207292, date = 01-Jan-2025
 Newton its= 3, linearizations= 4 (0.1sec), linear its= 46 (0.4sec)

Starting time step 2, stepsize 0.000140271 days, at day 0.207151/0.207292, date = 01-Jan-2025

Warning: Full linear solver tolerance not achieved. The reduction is:2.67534e-05 after 20 iterations 
    Oscillating behavior detected: Relaxation set to 0.900000
 Newton its=10, linearizations=11 (0.2sec), linear its=163 (1.4sec)

Report step 995/1000 at day 0.207292/0.208333, date = 01-Jan-2025

Starting time step 0, stepsize 0.000208333 days, at day 0.207292/0.2075, date = 01-Jan-2025

Warning: Full linear solver tolerance not achieved. The reduction is:0.00043261 after 20 iterations 
 Newton its= 6, linearizations= 7 (0.1sec), linear its=113 (1.0sec)

Report step 996/1000 at day 0.2075/0.208333, date = 01-Jan-2025

Starting time step 0, stepsize 0.000208333 days, at day 0.2075/0.207708, date = 01-Jan-2025

Warning: Full linear solver tolerance not achieved. The reduction is:8.22009e-05 after 20 iterations 

Warning: Full linear solver tolerance not achieved. The reduction is:0.000151052 after 20 iterations 
 Newton its= 9, linearizations=10 (0.1sec), linear its=156 (1.3sec)

Report step 997/1000 at day 0.207708/0.208333, date = 01-Jan-2025

Starting time step 0, stepsize 0.000208333 days, at day 0.207708/0.207917, date = 01-Jan-2025

Warning: Full linear solver tolerance not achieved. The reduction is:0.000175705 after 20 iterations 

Warning: Full linear solver tolerance not achieved. The reduction is:1.60115e-05 after 20 iterations 

Warning: Full linear solver tolerance not achieved. The reduction is:1.0606e-05 after 20 iterations 

Warning: Full linear solver tolerance not achieved. The reduction is:2.96191e-05 after 20 iterations 

Warning: Full linear solver tolerance not achieved. The reduction is:2.44567e-05 after 20 iterations 

Warning: Full linear solver tolerance not achieved. The reduction is:8.8229e-06 after 20 iterations 

Warning: Full linear solver tolerance not achieved. The reduction is:7.59724e-06 after 20 iterations 

Warning: Full linear solver tolerance not achieved. The reduction is:2.48763e-05 after 20 iterations 

Warning: Full linear solver tolerance not achieved. The reduction is:5.8797e-06 after 20 iterations 

Warning: Full linear solver tolerance not achieved. The reduction is:1.52001e-05 after 20 iterations 

Warning: Full linear solver tolerance not achieved. The reduction is:8.07981e-06 after 20 iterations 

Warning: Full linear solver tolerance not achieved. The reduction is:2.07744e-05 after 20 iterations 

Warning: Full linear solver tolerance not achieved. The reduction is:5.90966e-05 after 20 iterations 

Warning: Full linear solver tolerance not achieved. The reduction is:9.21985e-06 after 20 iterations 

Warning: Full linear solver tolerance not achieved. The reduction is:1.5179e-05 after 20 iterations 

Warning: Full linear solver tolerance not achieved. The reduction is:5.93522e-05 after 20 iterations 

Warning: Full linear solver tolerance not achieved. The reduction is:9.28622e-06 after 20 iterations 

Warning: Full linear solver tolerance not achieved. The reduction is:1.73728e-05 after 20 iterations 

Warning: Full linear solver tolerance not achieved. The reduction is:5.91634e-05 after 20 iterations 

Warning: Full linear solver tolerance not achieved. The reduction is:9.30467e-06 after 20 iterations 

Warning: Full linear solver tolerance not achieved. The reduction is:2.07821e-05 after 20 iterations 

Warning: Full linear solver tolerance not achieved. The reduction is:5.94869e-05 after 20 iterations 

Warning: Full linear solver tolerance not achieved. The reduction is:9.20847e-06 after 20 iterations 

Warning: Full linear solver tolerance not achieved. The reduction is:6.86612e-06 after 20 iterations 

Warning: Full linear solver tolerance not achieved. The reduction is:3.46154e-05 after 20 iterations 

Warning: Full linear solver tolerance not achieved. The reduction is:2.53083e-05 after 20 iterations 

Warning: Full linear solver tolerance not achieved. The reduction is:7.76663e-06 after 20 iterations 

Warning: Full linear solver tolerance not achieved. The reduction is:3.46154e-05 after 20 iterations 

Warning: Full linear solver tolerance not achieved. The reduction is:2.53083e-05 after 20 iterations 

Warning: Full linear solver tolerance not achieved. The reduction is:7.81077e-06 after 20 iterations 

Warning: Full linear solver tolerance not achieved. The reduction is:3.46154e-05 after 20 iterations 

Warning: Full linear solver tolerance not achieved. The reduction is:2.53084e-05 after 20 iterations 

Warning: Full linear solver tolerance not achieved. The reduction is:7.48169e-06 after 20 iterations 

Warning: Full linear solver tolerance not achieved. The reduction is:3.46154e-05 after 20 iterations 

Problem: Solver convergence failure - Iteration limit reached
Timestep chopped to 0.000069 days


Starting time step 0, stepsize 6.875e-05 days, at day 0.207708/0.207917, date = 01-Jan-2025

Warning: Full linear solver tolerance not achieved. The reduction is:7.31772e-05 after 20 iterations 

Warning: Full linear solver tolerance not achieved. The reduction is:2.04101e-05 after 20 iterations 
 Newton its= 5, linearizations= 6 (0.1sec), linear its= 88 (0.8sec)

Starting time step 1, stepsize 0.000139583 days, at day 0.207777/0.207917, date = 01-Jan-2025

Warning: Full linear solver tolerance not achieved. The reduction is:0.000356302 after 20 iterations 

Warning: Full linear solver tolerance not achieved. The reduction is:1.55236e-05 after 20 iterations 

Warning: Full linear solver tolerance not achieved. The reduction is:3.25757e-05 after 20 iterations 
 Newton its= 5, linearizations= 6 (0.1sec), linear its= 94 (0.8sec)

Report step 998/1000 at day 0.207917/0.208333, date = 01-Jan-2025

Starting time step 0, stepsize 0.000208333 days, at day 0.207917/0.208125, date = 01-Jan-2025

Warning: Full linear solver tolerance not achieved. The reduction is:0.000254615 after 20 iterations 

Warning: Full linear solver tolerance not achieved. The reduction is:1.28651e-05 after 20 iterations 

Warning: Full linear solver tolerance not achieved. The reduction is:1.25327e-05 after 20 iterations 

Warning: Full linear solver tolerance not achieved. The reduction is:0.000131955 after 20 iterations 
 Newton its= 7, linearizations= 8 (0.1sec), linear its=130 (1.1sec)

Report step 999/1000 at day 0.208125/0.208333, date = 01-Jan-2025

Starting time step 0, stepsize 0.000208333 days, at day 0.208125/0.208333, date = 01-Jan-2025

Warning: Full linear solver tolerance not achieved. The reduction is:0.000737995 after 20 iterations 

Warning: Full linear solver tolerance not achieved. The reduction is:6.39306e-06 after 20 iterations 

Warning: Full linear solver tolerance not achieved. The reduction is:0.000222465 after 20 iterations 

Warning: Full linear solver tolerance not achieved. The reduction is:5.03088e-05 after 20 iterations 

Warning: Full linear solver tolerance not achieved. The reduction is:5.43905e-06 after 20 iterations 

Warning: Full linear solver tolerance not achieved. The reduction is:9.86318e-05 after 20 iterations 

Problem: [/Users/macbookn/hackatonwork/opm-simulators/opm/simulators/flow/BlackoilModel.hpp:367] NaN residual found!

Problem: Solver convergence failure - Numerical problem encountered
Timestep chopped to 0.000069 days


Starting time step 0, stepsize 6.875e-05 days, at day 0.208125/0.208333, date = 01-Jan-2025

Problem: Solver convergence failure - Numerical problem encountered
Timestep chopped to 0.000023 days


Starting time step 0, stepsize 2.26875e-05 days, at day 0.208125/0.208333, date = 01-Jan-2025
 Newton its= 3, linearizations= 4 (0.1sec), linear its= 44 (0.4sec)

Starting time step 1, stepsize 4.5375e-05 days, at day 0.208148/0.208333, date = 01-Jan-2025

Warning: Full linear solver tolerance not achieved. The reduction is:3.94617e-05 after 20 iterations 
 Newton its= 4, linearizations= 5 (0.1sec), linear its= 67 (0.6sec)

Starting time step 2, stepsize 7.01354e-05 days, at day 0.208193/0.208333, date = 01-Jan-2025

Warning: Full linear solver tolerance not achieved. The reduction is:5.49975e-06 after 20 iterations 
 Newton its= 5, linearizations= 6 (0.1sec), linear its= 83 (0.7sec)

Starting time step 3, stepsize 7.01354e-05 days, at day 0.208263/0.208333, date = 01-Jan-2025

Warning: Full linear solver tolerance not achieved. The reduction is:0.000165273 after 20 iterations 
 Newton its= 4, linearizations= 5 (0.1sec), linear its= 69 (0.6sec)


================    End of simulation     ===============

Number of MPI processes:         1
Threads per MPI process:         1
Setup time:                      1.37 s
  Deck input:                    0.40 s
Number of timesteps:          2096
Simulation time:              8158.97 s
  Assembly time:               483.60 s (Wasted: 251.2 s; 51.9%)
    Well assembly:               0.00 s (Wasted: 0.0 s; 0.0%)
  Linear solve time:          6287.75 s (Wasted: 3599.3 s; 57.2%)
    Linear setup:              326.37 s (Wasted: 183.3 s; 56.2%)
  Props/update time:          1280.04 s (Wasted: 825.4 s; 64.5%)
  Pre/post step:               100.09 s (Wasted: 14.7 s; 14.7%)
  Output write time:             0.04 s
Overall Linearizations:      23938      (Wasted: 12849; 53.7%)
Overall Newton Iterations:   22293      (Wasted: 12823; 57.5%)
Overall Linear Iterations:  332872      (Wasted: 198776; 59.7%)



Error summary:
Warnings          3314
Info              4880
Errors            0
Bugs              0
Debug             0
Problems          497

